,Unnamed: 0,index,player,matchNum,positions,shots,shotsOnTarget,goals,passCompletion,keyPasses,assists,successfulDribbles,tackles,interceptions,penaltiesWon,ownGoal,foulCommitted,penaltyConceded,poorShots,dispossessed,dispossessedOwnHalf,miscontrol,miscontrolOwnHalf,errors,yellowCard,redCard,blocks,clearances,headedClearance,recoveries,dribbledPast,match_id,match_date,home_team,away_team,competition_stage,fotmobRating,is_attacker,is_midfielder,is_defender
0,0,1092,Abdullah Ibrahim Otayf,7525,['Center Defensive Midfield'],0,0,0,87.0,0,0,0,0,0,0,0,1,0,0,1,1,2,1,0,0,0,2,0,0,5,2,7525,2018-06-14,Russia,Saudi Arabia,Group Stage,5.8,0,1,0
1,1,1091,Mohammad Ibrahim Al Sahlawi,7525,"['Center Forward', 'Right Center Forward']",1,0,0,70.0,0,0,0,0,0,0,0,2,0,0,0,0,2,0,0,0,0,0,0,0,3,0,7525,2018-06-14,Russia,Saudi Arabia,Group Stage,5.7,1,0,0
2,2,1094,Salman Mohammed Al Faraj,7525,['Left Center Midfield'],0,0,0,89.0,1,0,1,1,0,0,0,1,0,0,0,0,1,1,0,0,0,1,5,0,6,0,7525,2018-06-14,Russia,Saudi Arabia,Group Stage,7.5,0,1,0
3,3,1095,Salem Mohammed Al Dawsari,7525,['Left Midfield'],2,0,0,93.0,1,0,0,3,0,0,0,0,0,2,6,1,4,1,0,0,0,3,0,0,4,0,7525,2018-06-14,Russia,Saudi Arabia,Group Stage,6.7,0,1,0
4,4,1096,Yasir Gharsan Al Shahrani,7525,['Left Back'],2,0,0,71.0,1,0,2,2,0,0,0,1,0,1,0,0,1,0,0,0,0,3,3,0,3,1,7525,2018-06-14,Russia,Saudi Arabia,Group Stage,5.2,0,0,1
5,5,1097,Yehya Sulaiman Ali Al-Shehri,7525,['Right Midfield'],0,0,0,87.0,0,0,0,0,0,0,0,0,0,0,2,1,2,1,0,0,0,3,0,0,4,1,7525,2018-06-14,Russia,Saudi Arabia,Group Stage,5.5,0,1,0
6,6,1098,Aleksandr Samedov,7525,['Right Midfield'],2,0,0,84.0,1,0,1,1,0,0,0,2,0,1,1,0,1,0,0,0,0,1,1,0,6,1,7525,2018-06-14,Russia,Saudi Arabia,Group Stage,7.0,0,1,0
7,7,1099,Fyodor Smolov,7525,['Center Forward'],0,0,0,65.0,2,0,1,0,0,0,0,2,0,0,6,1,4,0,0,0,0,0,0,0,4,0,7525,2018-06-14,Russia,Saudi Arabia,Group Stage,5.8,1,0,0
8,8,1100,Taisir Jabir Al Jassim,7525,['Right Center Midfield'],0,0,0,86.0,1,0,0,1,0,0,0,4,0,0,3,1,2,1,0,1,0,2,1,0,2,0,7525,2018-06-14,Russia,Saudi Arabia,Group Stage,5.8,0,1,0
9,9,1101,Sergei Ignashevich,7525,['Left Center Back'],0,0,0,67.0,0,0,0,1,0,0,0,0,0,0,0,0,0,0,0,0,0,1,1,0,1,0,7525,2018-06-14,Russia,Saudi Arabia,Group Stage,7.8,0,0,1
10,10,1102,Omar Ibrahim Omar Othman Hawsawi,7525,['Left Center Back'],0,0,0,76.0,0,0,1,2,0,0,0,1,0,0,0,0,0,0,0,0,0,0,3,0,3,0,7525,2018-06-14,Russia,Saudi Arabia,Group Stage,6.1,0,0,1
11,11,1103,Mário Figueira Fernandes,7525,['Right Back'],0,0,0,81.0,1,0,0,3,0,0,0,0,0,0,0,0,1,0,0,0,0,1,0,0,6,0,7525,2018-06-14,Russia,Saudi Arabia,Group Stage,7.5,0,0,1
12,12,1104,Roman Zobnin,7525,"['Right Center Midfield', 'Left Center Midfield']",2,1,0,54.0,1,1,0,3,0,0,0,1,0,1,2,0,1,1,0,0,0,3,0,0,5,1,7525,2018-06-14,Russia,Saudi Arabia,Group Stage,8.5,0,1,0
13,13,1105,Yuri Zhirkov,7525,['Left Back'],1,0,0,61.0,0,0,1,2,0,0,0,2,0,0,1,1,1,0,0,0,0,1,1,0,3,1,7525,2018-06-14,Russia,Saudi Arabia,Group Stage,7.3,0,0,1
14,14,1106,Osama Abdulrezag Hawsawi,7525,['Right Center Back'],0,0,0,82.0,0,0,0,2,0,0,0,0,0,0,0,0,0,0,0,0,0,6,2,0,2,3,7525,2018-06-14,Russia,Saudi Arabia,Group Stage,5.2,0,0,1
15,15,1107,Mohammed Al Burayk,7525,['Right Back'],0,0,0,81.0,0,0,0,1,0,0,0,0,0,0,1,0,1,1,0,0,0,2,1,0,3,1,7525,2018-06-14,Russia,Saudi Arabia,Group Stage,4.8,0,0,1
16,16,1108,Yury Gazinskiy,7525,"['Left Center Midfield', 'Right Center Midfield']",1,1,1,81.0,0,0,0,1,0,0,0,3,0,0,0,0,1,0,0,0,0,0,1,0,5,0,7525,2018-06-14,Russia,Saudi Arabia,Group Stage,8.3,0,1,0
17,17,1109,Aleksandr Golovin,7525,"['Left Midfield', 'Center Attacking Midfield']",1,1,1,67.0,2,2,1,0,0,0,0,6,0,0,5,0,0,0,0,1,0,5,0,0,9,1,7525,2018-06-14,Russia,Saudi Arabia,Group Stage,9.3,0,1,0
18,18,1110,Denis Cheryshev,7525,['Left Midfield'],4,3,2,67.0,0,0,3,2,0,0,0,4,0,0,1,0,0,0,0,0,0,2,0,0,5,0,7525,2018-06-14,Russia,Saudi Arabia,Group Stage,9.0,0,1,0
19,19,1093,Ilya Kutepov,7525,['Right Center Back'],0,0,0,74.0,0,0,0,0,0,0,0,1,0,0,0,0,1,1,0,0,0,2,5,0,1,0,7525,2018-06-14,Russia,Saudi Arabia,Group Stage,7.1,0,0,1
20,20,1087,Ramin Rezaeian,7577,['Right Back'],0,0,0,56.99999999999999,0,0,0,1,0,0,0,2,0,0,0,0,0,0,0,0,0,1,1,0,6,2,7577,2018-06-15,Morocco,Iran,Group Stage,7.1,0,0,1
21,21,1089,Vahid Amiri,7577,['Left Center Midfield'],0,0,0,62.0,1,0,1,1,0,0,0,3,0,0,0,0,2,0,0,0,0,1,0,0,5,2,7577,2018-06-15,Morocco,Iran,Group Stage,6.4,0,1,0
22,22,1075,Amine Harit,7577,['Left Wing'],3,1,0,73.0,2,0,8,0,0,0,0,1,0,2,3,0,0,0,0,0,0,1,0,0,2,1,7577,2018-06-15,Morocco,Iran,Group Stage,6.7,1,0,0
23,23,1076,Achraf Hakimi Mouh,7577,"['Left Back', 'Left Wing Back']",1,0,0,89.0,2,0,1,1,0,0,0,1,0,0,2,0,2,0,0,0,0,1,1,0,3,2,7577,2018-06-15,Morocco,Iran,Group Stage,6.7,0,0,1
24,24,1077,Mbark Boussoufa,7577,['Left Center Midfield'],0,0,0,78.0,1,0,0,2,0,0,0,0,0,0,0,0,0,0,0,0,0,2,0,0,2,1,7577,2018-06-15,Morocco,Iran,Group Stage,7.1,0,1,0
25,25,1078,Alireza Jahanbakhsh,7577,['Right Midfield'],2,1,0,45.0,0,0,3,3,0,0,0,2,0,1,1,1,0,0,0,1,0,1,0,0,7,0,7577,2018-06-15,Morocco,Iran,Group Stage,7.6,0,1,0
26,26,1079,Morteza Pouraliganji,7577,['Right Center Back'],0,0,0,56.00000000000001,0,0,0,0,0,0,0,0,0,0,0,0,0,0,0,0,0,1,2,0,1,0,7577,2018-06-15,Morocco,Iran,Group Stage,6.8,0,0,1
27,27,1080,Sardar Azmoun,7577,['Center Forward'],2,1,0,48.0,0,0,0,0,0,0,0,0,0,1,1,0,2,1,1,0,0,1,1,0,2,0,7577,2018-06-15,Morocco,Iran,Group Stage,7.0,1,0,0
28,28,1090,Omid Ebrahimi,7577,['Center Defensive Midfield'],1,0,0,72.0,0,0,0,3,0,0,0,0,0,0,0,0,0,0,0,0,0,0,2,0,5,3,7577,2018-06-15,Morocco,Iran,Group Stage,7.2,0,1,0
29,29,1081,Karim El Ahmadi Al Aroos,7577,['Right Center Midfield'],0,0,0,81.0,0,0,0,1,0,0,0,2,0,0,0,0,1,1,0,1,0,1,0,0,3,1,7577,2018-06-15,Morocco,Iran,Group Stage,6.6,0,1,0
30,30,1083,Hakim Ziyech,7577,['Right Wing'],3,1,0,78.0,1,0,1,1,0,0,0,5,0,0,0,0,1,1,0,0,0,3,0,0,2,1,7577,2018-06-15,Morocco,Iran,Group Stage,6.9,1,0,0
31,31,1084,Ehsan Hajsafi,7577,['Left Back'],2,0,0,38.0,0,0,0,0,0,0,0,0,0,1,0,0,1,1,0,0,0,1,1,0,4,2,7577,2018-06-15,Morocco,Iran,Group Stage,7.1,0,0,1
32,32,1085,Karim Ansarifard,7577,['Left Midfield'],0,0,0,50.0,1,0,0,1,0,0,0,2,0,0,1,1,1,0,0,1,0,0,0,0,1,3,7577,2018-06-15,Morocco,Iran,Group Stage,6.5,0,1,0
33,33,1086,Masoud Shojaei Soleimani,7577,['Right Center Midfield'],0,0,0,53.0,0,0,2,2,0,0,0,4,0,0,2,0,1,0,0,1,0,0,0,0,8,4,7577,2018-06-15,Morocco,Iran,Group Stage,6.6,0,1,0
34,34,565,Diego da Silva Costa,7576,['Center Forward'],3,2,2,100.0,1,0,2,0,0,0,0,0,0,1,0,0,4,0,0,0,0,1,2,0,1,3,7576,2018-06-15,Portugal,Spain,Group Stage,8.7,1,0,0
35,35,1088,Roozbeh Cheshmi,7577,['Left Center Back'],1,0,0,73.0,0,0,0,0,0,0,0,0,0,1,1,0,0,0,1,0,0,2,3,0,4,1,7577,2018-06-15,Morocco,Iran,Group Stage,6.7,0,0,1
36,36,1082,Nordin Amrabat,7577,['Right Back'],0,0,0,74.0,2,0,4,0,0,0,0,4,0,0,1,0,1,0,0,0,0,2,0,0,3,0,7577,2018-06-15,Morocco,Iran,Group Stage,7.0,0,0,1
37,37,475,Edinson Roberto Cavani Gómez,7578,['Left Center Forward'],5,2,0,93.0,1,0,1,0,0,0,0,0,0,0,2,0,2,1,0,0,0,0,0,0,3,0,7578,2018-06-15,Egypt,Uruguay,Group Stage,7.5,1,0,0
38,38,476,José María Giménez de Vargas,7578,['Right Center Back'],3,1,1,80.0,0,0,0,3,0,0,0,1,0,1,0,0,0,0,0,0,0,1,5,0,3,1,7578,2018-06-15,Egypt,Uruguay,Group Stage,8.9,0,0,1
39,39,477,Mohamed Abdul Shafy Sayed Abouezeid,7578,['Left Back'],0,0,0,75.0,0,0,1,1,0,0,0,1,0,0,0,0,0,0,0,0,0,0,2,0,3,0,7578,2018-06-15,Egypt,Uruguay,Group Stage,7.1,0,0,1
40,40,573,Jordi Alba Ramos,7576,['Left Back'],0,0,0,86.0,1,0,0,1,0,0,0,1,0,0,0,0,2,0,0,0,0,2,0,0,2,1,7576,2018-06-15,Portugal,Spain,Group Stage,6.9,0,0,1
41,41,572,Cédric Ricardo Alves Soares,7576,['Right Back'],0,0,0,68.0,1,0,0,1,0,0,0,1,0,0,0,0,1,1,0,0,0,3,0,0,1,1,7576,2018-06-15,Portugal,Spain,Group Stage,5.9,0,0,1
42,42,571,Kléper Laveran Lima Ferreira,7576,['Right Center Back'],1,0,0,86.0,0,0,0,0,0,0,0,2,0,1,0,0,0,0,0,0,0,0,4,0,2,1,7576,2018-06-15,Portugal,Spain,Group Stage,5.9,0,0,1
43,43,570,Raphaël Adelino José Guerreiro,7576,['Left Back'],0,0,0,77.0,0,0,1,0,0,0,0,0,0,0,0,0,1,1,0,0,0,0,1,0,0,0,7576,2018-06-15,Portugal,Spain,Group Stage,6.1,0,0,1
44,44,569,William Silva de Carvalho,7576,['Left Center Midfield'],0,0,0,90.0,0,0,1,0,0,0,0,1,0,0,0,0,0,0,0,0,0,0,0,0,3,0,7576,2018-06-15,Portugal,Spain,Group Stage,7.1,0,1,0
45,45,568,Cristiano Ronaldo dos Santos Aveiro,7576,['Left Center Forward'],5,3,3,94.0,1,0,0,0,0,1,0,0,0,1,1,0,2,0,0,0,0,1,1,0,3,0,7576,2018-06-15,Portugal,Spain,Group Stage,9.7,1,0,0
46,46,567,Bruno Miguel Borges Fernandes,7576,['Left Midfield'],1,0,0,79.0,0,0,0,1,0,0,0,1,0,1,2,1,1,0,0,1,0,2,0,0,4,2,7576,2018-06-15,Portugal,Spain,Group Stage,6.3,0,1,0
47,47,574,José Miguel da Rocha Fonte,7576,['Left Center Back'],0,0,0,82.0,0,0,0,0,0,0,0,0,0,0,0,0,1,0,0,0,0,0,1,0,5,2,7576,2018-06-15,Portugal,Spain,Group Stage,5.9,0,0,1
48,48,556,Gonçalo Manuel Ganchinho Guedes,7576,['Right Center Forward'],1,0,0,83.0,0,0,0,0,0,0,0,1,0,0,2,0,1,0,0,0,0,0,0,0,1,3,7576,2018-06-15,Portugal,Spain,Group Stage,7.2,1,0,0
49,49,558,João Filipe Iria Santos Moutinho,7576,['Right Center Midfield'],0,0,0,97.0,2,0,1,2,0,0,0,3,0,0,0,0,0,0,0,0,0,0,1,0,1,4,7576,2018-06-15,Portugal,Spain,Group Stage,7.0,0,1,0
50,50,559,José Ignacio Fernández Iglesias,7576,['Right Back'],1,1,1,93.0,0,0,4,0,0,0,0,4,1,0,0,0,0,0,0,0,0,1,0,0,1,1,7576,2018-06-15,Portugal,Spain,Group Stage,7.7,0,0,1
51,51,560,David Josué Jiménez Silva,7576,['Right Wing'],3,0,0,89.0,3,0,3,1,0,0,0,2,0,1,0,0,0,0,0,0,0,1,2,0,0,0,7576,2018-06-15,Portugal,Spain,Group Stage,7.6,1,0,0
52,52,561,Jorge Resurrección Merodio,7576,['Right Center Midfield'],0,0,0,89.0,0,0,1,1,0,0,0,0,0,0,1,0,1,0,0,0,0,3,0,0,0,1,7576,2018-06-15,Portugal,Spain,Group Stage,7.1,0,1,0
53,53,562,Sergio Busquets i Burgos,7576,['Center Defensive Midfield'],1,0,0,94.0,0,1,0,1,0,0,0,2,0,1,1,1,1,1,0,1,0,1,0,0,3,0,7576,2018-06-15,Portugal,Spain,Group Stage,7.5,0,1,0
54,54,563,Francisco Román Alarcón Suárez,7576,['Left Wing'],2,1,0,89.0,0,0,3,0,0,0,0,0,0,0,3,0,1,1,0,0,0,1,0,0,5,0,7576,2018-06-15,Portugal,Spain,Group Stage,7.2,1,0,0
55,55,564,Andrés Iniesta Luján,7576,['Left Center Midfield'],1,0,0,91.0,1,0,2,0,0,0,0,0,0,1,0,0,1,0,0,0,0,0,0,0,1,1,7576,2018-06-15,Portugal,Spain,Group Stage,6.7,0,1,0
56,56,557,Bernardo Mota Veiga de Carvalho e Silva,7576,['Right Wing'],0,0,0,84.0,0,0,1,0,0,0,0,2,0,0,1,0,4,0,0,0,0,1,0,0,4,3,7576,2018-06-15,Portugal,Spain,Group Stage,7.1,1,0,0
57,57,1074,Younès Belhanda,7577,"['Center Attacking Midfield', 'Left Wing']",3,0,0,88.0,1,0,1,0,0,0,0,1,0,1,2,0,2,0,0,0,0,3,3,0,4,0,7577,2018-06-15,Morocco,Iran,Group Stage,6.8,1,0,0
58,58,575,Gerard Piqué Bernabéu,7576,['Right Center Back'],0,0,0,94.0,0,0,0,0,0,0,0,2,0,0,0,0,0,0,0,0,0,0,3,0,2,1,7576,2018-06-15,Portugal,Spain,Group Stage,6.2,0,0,1
59,59,494,Ahmed Fathy Abdel Meneim Ibrahim,7578,['Right Back'],1,1,0,78.0,1,0,0,5,0,0,0,1,0,0,0,0,0,0,0,0,0,2,1,0,4,2,7578,2018-06-15,Egypt,Uruguay,Group Stage,7.0,0,0,1
60,60,478,Matías Vecino Falero,7578,['Right Center Midfield'],1,0,0,84.0,0,0,1,0,0,0,0,0,0,1,1,0,0,0,0,0,0,2,1,0,9,0,7578,2018-06-15,Egypt,Uruguay,Group Stage,7.7,0,1,0
61,61,479,Diego Roberto Godín Leal,7578,['Left Center Back'],0,0,0,80.0,0,0,0,2,0,0,0,0,0,0,0,0,1,1,0,0,0,5,1,0,3,0,7578,2018-06-15,Egypt,Uruguay,Group Stage,8.2,0,0,1
62,62,480,Rodrigo Bentancur Colmán,7578,['Left Center Midfield'],0,0,0,90.0,1,0,0,1,0,0,0,1,0,0,1,0,0,0,0,0,0,2,1,0,9,0,7578,2018-06-15,Egypt,Uruguay,Group Stage,8.1,0,1,0
63,63,481,Giorgian Daniel De Arrascaeta Benedetti,7578,['Left Wing'],0,0,0,84.0,0,0,0,1,0,0,0,1,0,0,2,0,3,1,0,0,0,2,0,0,4,0,7578,2018-06-15,Egypt,Uruguay,Group Stage,6.5,1,0,0
64,64,482,José Martín Cáceres Silva,7578,['Left Back'],2,0,0,78.0,0,0,0,0,0,0,0,3,0,1,1,1,1,0,0,0,0,2,1,0,6,1,7578,2018-06-15,Egypt,Uruguay,Group Stage,7.2,0,0,1
65,65,483,Guillermo Varela Olivera,7578,['Right Back'],0,0,0,89.0,2,0,1,2,0,0,0,1,0,0,1,1,1,1,0,0,0,2,0,0,7,2,7578,2018-06-15,Egypt,Uruguay,Group Stage,7.6,0,0,1
66,66,484,Ahmed Elsayed Ali Elsayed Hegazy,7578,['Left Center Back'],0,0,0,67.0,0,0,0,0,0,0,0,1,0,0,1,0,0,0,0,1,0,3,5,0,4,0,7578,2018-06-15,Egypt,Uruguay,Group Stage,6.8,0,0,1
67,67,495,Sam Morsy,7578,['Left Center Midfield'],0,0,0,100.0,0,0,0,1,0,0,0,2,0,0,1,1,0,0,0,0,0,1,0,0,4,0,7578,2018-06-15,Egypt,Uruguay,Group Stage,6.6,0,1,0
68,68,485,Nahitan Michel Nández Acosta,7578,['Right Wing'],0,0,0,74.0,1,0,0,1,0,0,0,0,0,0,1,1,0,0,0,0,0,0,0,0,0,1,7578,2018-06-15,Egypt,Uruguay,Group Stage,6.8,1,0,0
69,69,487,Ali Gabr,7578,['Right Center Back'],0,0,0,61.0,0,0,0,0,0,0,0,0,0,0,0,0,0,0,0,0,0,1,3,0,1,0,7578,2018-06-15,Egypt,Uruguay,Group Stage,6.6,0,0,1
70,70,488,Mohamed Naser Elsayed Elneny,7578,['Right Center Midfield'],2,0,0,85.0,0,0,0,1,0,0,0,3,0,0,1,1,0,0,0,0,0,1,1,0,6,0,7578,2018-06-15,Egypt,Uruguay,Group Stage,6.5,0,1,0
71,71,489,Abdalla Mahmoud El Said Bekhit,7578,['Center Attacking Midfield'],1,0,0,72.0,0,0,0,2,0,0,0,1,0,1,1,1,2,1,0,0,0,1,0,0,1,1,7578,2018-06-15,Egypt,Uruguay,Group Stage,6.6,0,0,0
72,72,490,Amr Medhat Warda,7578,['Right Midfield'],0,0,0,52.0,1,0,2,0,0,0,0,1,0,0,1,0,1,0,0,0,0,1,1,0,4,0,7578,2018-06-15,Egypt,Uruguay,Group Stage,7.2,0,1,0
73,73,491,Mahmoud Ibrahim Hassan,7578,['Left Midfield'],2,1,0,85.0,0,0,1,3,0,0,0,3,0,1,2,0,3,0,0,0,0,5,0,0,5,2,7578,2018-06-15,Egypt,Uruguay,Group Stage,7.2,0,1,0
74,74,492,Tarek Hamed,7578,['Left Center Midfield'],1,0,0,82.0,0,0,0,5,0,0,0,1,0,0,0,0,0,0,0,0,0,0,0,0,2,0,7578,2018-06-15,Egypt,Uruguay,Group Stage,6.9,0,1,0
75,75,493,Marwan Mohsen,7578,['Center Forward'],1,1,0,62.0,0,0,0,0,0,0,0,1,0,0,1,0,2,2,0,0,0,2,0,0,0,0,7578,2018-06-15,Egypt,Uruguay,Group Stage,5.1,1,0,0
76,76,486,Luis Alberto Suárez Díaz,7578,['Right Center Forward'],4,1,0,72.0,2,0,1,0,0,0,0,0,0,2,7,0,3,0,0,0,0,2,0,0,7,0,7578,2018-06-15,Egypt,Uruguay,Group Stage,6.9,1,0,0
77,77,1073,Medhi Amine El Mouttaqi Benatia,7577,['Right Center Back'],1,1,0,84.0,0,0,0,0,0,0,0,1,0,0,0,0,2,0,0,0,0,1,2,0,5,0,7577,2018-06-15,Morocco,Iran,Group Stage,7.3,0,0,1
78,78,566,Sergio Ramos García,7576,['Left Center Back'],0,0,0,97.0,0,0,0,2,0,0,0,0,0,0,0,0,0,0,0,0,0,1,1,0,4,0,7576,2018-06-15,Portugal,Spain,Group Stage,7.1,0,0,1
79,79,1072,Romain Saïss,7577,['Left Center Back'],1,0,0,85.0,0,0,0,0,0,0,0,2,0,1,0,0,0,0,0,0,0,4,6,0,7,0,7577,2018-06-15,Morocco,Iran,Group Stage,6.5,0,0,1
80,80,1071,Ayoub El Kaabi,7577,['Center Forward'],1,0,0,50.0,0,0,0,0,0,0,0,2,0,1,0,0,1,0,0,0,0,0,1,0,1,0,7577,2018-06-15,Morocco,Iran,Group Stage,5.8,1,0,0
81,81,718,Leon Aderemi Balogun,7529,['Left Center Back'],1,1,0,77.0,0,0,0,1,0,0,0,1,0,0,1,0,0,0,0,0,0,3,4,0,2,1,7529,2018-06-16,Croatia,Nigeria,Group Stage,6.9,0,0,1
82,82,720,Ivan Perišić,7529,"['Right Wing', 'Left Wing']",1,0,0,78.0,1,0,2,2,0,0,0,0,0,1,1,0,1,1,0,0,0,0,2,0,1,1,7529,2018-06-16,Croatia,Nigeria,Group Stage,7.6,1,0,0
83,83,719,Oghenekaro Etebo,7529,['Left Center Midfield'],2,0,0,91.0,2,0,4,1,0,0,1,1,0,2,2,1,0,0,0,0,0,1,0,0,13,1,7529,2018-06-16,Croatia,Nigeria,Group Stage,6.8,0,1,0
84,84,702,John Michael Nchekwube Obinna,7529,['Center Attacking Midfield'],0,0,0,76.0,2,0,2,2,0,0,0,1,0,0,4,2,2,1,0,0,0,0,0,0,3,0,7529,2018-06-16,Croatia,Nigeria,Group Stage,6.1,0,0,0
85,85,703,William Troost-Ekong,7529,['Right Center Back'],0,0,0,75.0,0,0,2,0,0,0,0,2,1,0,0,0,0,0,0,1,0,1,1,0,1,0,7529,2018-06-16,Croatia,Nigeria,Group Stage,6.4,0,0,1
86,86,704,Victor Moses,7529,['Right Wing'],3,0,0,45.0,1,0,3,0,0,0,0,2,0,2,2,0,3,1,0,0,0,2,2,0,5,0,7529,2018-06-16,Croatia,Nigeria,Group Stage,7.3,1,0,0
87,87,705,Luka Modrić,7529,"['Right Center Midfield', 'Center Attacking Midfield']",1,1,1,80.0,0,0,0,1,0,0,0,4,0,0,2,1,2,0,0,0,0,1,0,0,7,2,7529,2018-06-16,Croatia,Nigeria,Group Stage,8.0,0,1,0
88,88,706,Ivan Strinić,7529,['Left Back'],0,0,0,72.0,0,0,0,1,0,0,0,1,0,0,0,0,0,0,0,0,0,2,3,0,5,3,7529,2018-06-16,Croatia,Nigeria,Group Stage,7.6,0,0,1
89,89,707,Brian Oladapo Idowu,7529,['Left Back'],0,0,0,66.0,1,0,0,0,0,0,0,0,0,0,0,0,0,0,0,0,0,4,0,0,0,1,7529,2018-06-16,Croatia,Nigeria,Group Stage,6.8,0,0,1
90,90,790,Mile Jedinak,7530,['Right Center Midfield'],1,1,1,79.0,0,0,0,2,0,0,0,1,0,0,2,2,1,1,0,0,0,1,1,0,1,0,7530,2018-06-16,France,Australia,Group Stage,7.1,0,1,0
91,91,792,Paul Pogba,7530,['Left Center Midfield'],1,1,0,83.0,1,0,0,0,0,0,0,1,0,0,4,2,0,0,0,0,0,1,1,0,4,1,7530,2018-06-16,France,Australia,Group Stage,7.0,0,1,0
92,92,793,Antoine Griezmann,7530,['Center Forward'],5,2,1,48.0,0,0,0,0,0,1,0,1,0,1,2,0,1,0,0,0,0,0,0,0,1,0,7530,2018-06-16,France,Australia,Group Stage,8.0,1,0,0
93,93,794,N'Golo Kanté,7530,['Center Defensive Midfield'],0,0,0,90.0,0,0,3,4,0,0,0,2,0,0,0,0,0,0,0,0,0,2,1,0,7,0,7530,2018-06-16,France,Australia,Group Stage,8.2,0,1,0
94,94,795,Lucas Hernández Pi,7530,['Left Back'],2,0,0,75.0,0,0,2,0,0,0,0,2,0,1,2,0,0,0,0,0,0,4,0,0,4,0,7530,2018-06-16,France,Australia,Group Stage,7.8,0,0,1
95,95,796,Ousmane Dembélé,7530,['Left Wing'],0,0,0,59.0,1,0,1,2,0,0,0,1,0,0,1,0,2,0,0,0,0,1,0,0,0,1,7530,2018-06-16,France,Australia,Group Stage,7.2,1,0,0
96,96,797,Kylian Mbappé Lottin,7530,['Right Wing'],1,1,0,90.0,2,0,4,1,0,0,0,1,0,0,6,0,0,0,0,0,0,0,0,0,3,0,7530,2018-06-16,France,Australia,Group Stage,7.0,1,0,0
97,97,798,Josh Risdon,7530,['Right Back'],1,0,0,56.99999999999999,0,0,1,3,0,0,0,3,1,0,1,0,2,2,0,1,0,2,2,0,1,3,7530,2018-06-16,France,Australia,Group Stage,6.3,0,0,1
98,98,799,Mark Milligan,7530,['Left Center Back'],0,0,0,88.0,0,0,0,2,0,0,0,1,0,0,0,0,0,0,0,0,0,1,2,0,2,0,7530,2018-06-16,France,Australia,Group Stage,6.9,0,0,1
99,99,791,Samuel Yves Umtiti,7530,['Left Center Back'],1,0,0,96.0,0,0,0,0,0,0,0,2,0,0,0,0,0,0,0,0,0,1,2,0,2,1,7530,2018-06-16,France,Australia,Group Stage,6.6,0,0,1
100,100,721,Odion Jude Ighalo,7529,['Center Forward'],3,1,0,83.0,0,0,0,0,0,0,0,3,0,0,0,0,3,0,0,0,0,0,2,0,0,0,7529,2018-06-16,Croatia,Nigeria,Group Stage,5.8,1,0,0
101,101,783,Andrew Nabbout,7530,['Center Forward'],0,0,0,60.0,0,0,0,0,0,0,0,1,0,0,0,0,1,0,0,0,0,0,0,0,0,0,7530,2018-06-16,France,Australia,Group Stage,6.2,1,0,0
102,102,784,Trent Sainsbury,7530,['Right Center Back'],0,0,0,79.0,0,0,0,2,0,0,0,0,0,0,1,1,0,0,0,0,0,2,5,0,2,1,7530,2018-06-16,France,Australia,Group Stage,6.7,0,0,1
103,103,350,Alfreð Finnbogason,7531,['Center Forward'],3,1,1,77.0,0,0,1,0,0,0,0,3,0,2,1,0,2,2,0,0,0,1,1,0,4,2,7531,2018-06-16,Argentina,Iceland,Group Stage,7.8,1,0,0
104,104,351,Birkir Már Sævarsson,7531,['Right Back'],0,0,0,83.0,0,0,0,0,0,0,0,0,0,0,0,0,0,0,0,0,0,4,2,0,0,1,7531,2018-06-16,Argentina,Iceland,Group Stage,7.2,0,0,1
105,105,975,Jefferson Agustín Farfán Guadalupe,7532,['Center Forward'],3,1,0,83.0,0,0,0,0,0,0,0,3,0,0,1,0,2,0,0,0,0,0,1,0,1,1,7532,2018-06-16,Peru,Denmark,Group Stage,6.4,1,0,0
106,106,974,Édison Michael Flores Peralta,7532,['Left Wing'],3,1,0,72.0,1,0,1,0,0,0,0,0,0,2,1,1,2,1,0,0,0,0,0,0,2,2,7532,2018-06-16,Peru,Denmark,Group Stage,6.9,1,0,0
107,107,973,Víctor Yoshimar Yotún Flores,7532,['Left Center Midfield'],1,1,0,84.0,1,0,0,0,0,0,0,3,0,0,0,0,0,0,0,0,0,0,0,0,7,2,7532,2018-06-16,Peru,Denmark,Group Stage,6.4,0,1,0
108,108,972,Miguel Ángel Trauco Saavedra,7532,['Left Back'],0,0,0,84.0,2,0,1,1,0,0,0,1,0,0,2,1,0,0,0,0,0,4,1,0,6,0,7532,2018-06-16,Peru,Denmark,Group Stage,6.6,0,0,1
109,109,971,Andreas Christensen,7532,['Left Center Back'],0,0,0,94.0,0,0,0,2,0,0,0,2,0,0,0,0,0,0,0,0,0,2,3,0,2,1,7532,2018-06-16,Peru,Denmark,Group Stage,7.0,0,0,1
110,110,970,Christian Dannemann Eriksen,7532,['Center Attacking Midfield'],3,1,0,67.0,2,1,0,0,0,0,0,0,0,1,3,0,2,0,0,0,0,2,0,0,4,1,7532,2018-06-16,Peru,Denmark,Group Stage,7.9,0,0,0
111,111,789,Aaron Mooy,7530,['Left Center Midfield'],0,0,0,75.0,2,0,1,2,0,0,0,1,0,0,0,0,0,0,0,0,0,3,3,0,10,4,7530,2018-06-16,France,Australia,Group Stage,7.4,0,1,0
112,112,788,Raphaël Varane,7530,['Right Center Back'],0,0,0,86.0,0,0,0,0,0,0,0,0,0,0,0,0,0,0,0,0,0,1,1,0,11,0,7530,2018-06-16,France,Australia,Group Stage,7.5,0,0,1
113,113,787,Aziz Eraltay Behich,7530,['Left Back'],1,0,0,75.0,0,0,0,1,0,0,1,3,0,1,2,1,0,0,0,1,0,2,2,0,6,1,7530,2018-06-16,France,Australia,Group Stage,5.2,0,0,1
114,114,786,Corentin Tolisso,7530,['Right Center Midfield'],0,0,0,84.0,0,0,0,0,0,0,0,2,0,0,0,0,0,0,0,1,0,2,0,0,5,0,7530,2018-06-16,France,Australia,Group Stage,7.5,0,1,0
115,115,347,Sergio Leonel Agüero del Castillo,7531,"['Center Forward', 'Left Center Forward']",3,1,1,80.0,1,0,0,3,0,0,0,0,0,0,5,1,1,0,0,0,0,0,0,0,3,0,7531,2018-06-16,Argentina,Iceland,Group Stage,7.9,1,0,0
116,116,346,Aron Einar Gunnarsson,7531,['Right Defensive Midfield'],0,0,0,55.00000000000001,1,0,0,3,0,0,0,2,0,0,1,1,0,0,0,0,0,1,4,0,0,1,7531,2018-06-16,Argentina,Iceland,Group Stage,6.7,0,1,0
117,117,345,Emil Hallfreðsson,7531,['Left Defensive Midfield'],0,0,0,88.0,0,0,1,5,0,0,0,2,0,0,1,0,1,1,0,0,0,2,0,0,6,2,7531,2018-06-16,Argentina,Iceland,Group Stage,6.9,0,1,0
118,118,717,Alex Iwobi,7529,['Left Defensive Midfield'],3,0,0,70.0,1,0,0,0,0,0,0,1,0,0,0,0,1,0,0,0,0,1,1,0,5,0,7529,2018-06-16,Croatia,Nigeria,Group Stage,6.2,0,1,0
119,119,785,Benjamin Pavard,7530,['Right Back'],1,0,0,74.0,1,0,0,1,0,0,0,4,0,1,1,0,0,0,0,0,0,1,2,0,3,0,7530,2018-06-16,France,Australia,Group Stage,7.3,0,0,1
120,120,800,Tom Rogić,7530,['Center Attacking Midfield'],0,0,0,93.0,0,0,1,0,0,0,0,2,0,0,3,1,0,0,0,0,0,1,1,0,2,0,7530,2018-06-16,France,Australia,Group Stage,6.0,0,0,0
121,121,348,Kári Árnason,7531,['Right Center Back'],0,0,0,59.0,1,0,0,2,0,0,0,2,0,0,0,0,0,0,0,0,0,3,6,0,1,0,7531,2018-06-16,Argentina,Iceland,Group Stage,6.7,0,0,1
122,122,801,Mathew Leckie,7530,['Right Midfield'],2,1,0,55.00000000000001,0,0,0,0,0,0,0,6,0,1,2,0,1,0,0,1,0,2,2,0,3,3,7530,2018-06-16,France,Australia,Group Stage,5.9,0,1,0
123,123,344,Ragnar Sigurðsson,7531,['Left Center Back'],0,0,0,71.0,1,0,0,0,0,0,0,0,0,0,0,0,0,0,0,0,0,5,2,0,1,1,7531,2018-06-16,Argentina,Iceland,Group Stage,6.5,0,0,1
124,124,976,Henrik Dalsgaard,7532,['Right Back'],0,0,0,72.0,0,0,0,1,0,0,0,2,0,0,0,0,1,1,0,0,0,0,2,0,2,0,7532,2018-06-16,Peru,Denmark,Group Stage,7.5,0,0,1
125,125,977,Simon Thorup Kjær,7532,['Right Center Back'],0,0,0,89.0,0,0,0,0,0,0,0,2,0,0,0,0,0,0,0,0,0,4,4,0,0,1,7532,2018-06-16,Peru,Denmark,Group Stage,6.7,0,0,1
126,126,978,Thomas Delaney,7532,['Left Center Midfield'],2,0,0,72.0,0,0,0,0,0,0,0,5,0,2,0,0,0,0,0,1,0,1,0,0,1,0,7532,2018-06-16,Peru,Denmark,Group Stage,7.1,0,1,0
127,127,979,Christian Alberto Cueva Bravo,7532,['Center Attacking Midfield'],1,0,0,77.0,4,0,1,0,0,1,0,0,0,1,1,0,5,1,0,0,0,0,1,0,5,1,7532,2018-06-16,Peru,Denmark,Group Stage,6.7,0,0,0
128,128,980,Luis Jan Piers Advíncula Castrillón,7532,['Right Back'],2,1,0,95.0,0,0,3,1,0,0,0,0,0,1,1,1,0,0,0,0,0,2,4,0,3,0,7532,2018-06-16,Peru,Denmark,Group Stage,7.2,0,0,1
129,129,981,Renato Fabrizio Tapia Cortijo,7532,['Right Center Midfield'],1,0,0,74.0,2,0,0,1,0,0,0,3,0,0,1,1,0,0,0,1,0,4,1,0,1,1,7532,2018-06-16,Peru,Denmark,Group Stage,6.3,0,1,0
130,130,982,Christian Guillermo Martín Ramos Garagay,7532,['Right Center Back'],0,0,0,81.0,0,0,0,0,0,0,0,0,0,0,1,0,0,0,0,0,0,2,7,0,2,0,7532,2018-06-16,Peru,Denmark,Group Stage,7.3,0,0,1
131,131,983,Alberto Junior Rodríguez Valdelomar,7532,['Left Center Back'],2,0,0,83.0,0,0,0,0,0,0,0,0,0,2,0,0,1,1,0,0,0,3,4,0,2,0,7532,2018-06-16,Peru,Denmark,Group Stage,6.8,0,0,1
132,132,712,Šime Vrsaljko,7529,['Right Back'],1,0,0,80.0,0,0,0,0,0,0,0,1,0,1,1,0,2,0,1,0,0,1,3,0,1,0,7529,2018-06-16,Croatia,Nigeria,Group Stage,6.9,0,0,1
133,133,984,André Martín Carrillo Díaz,7532,['Right Wing'],1,1,0,72.0,4,0,5,0,0,0,0,1,0,0,1,0,3,0,0,0,0,3,0,0,7,1,7532,2018-06-16,Peru,Denmark,Group Stage,7.3,1,0,0
134,134,986,Jens Stryger Larsen,7532,['Left Back'],1,0,0,79.0,2,0,1,1,0,0,0,0,0,1,0,0,1,0,0,0,0,1,0,0,2,3,7532,2018-06-16,Peru,Denmark,Group Stage,7.1,0,0,1
135,135,987,Nicolai Jørgensen,7532,['Center Forward'],1,0,0,40.0,1,0,0,1,0,0,0,3,0,0,3,0,1,0,0,0,0,4,1,0,2,0,7532,2018-06-16,Peru,Denmark,Group Stage,6.8,1,0,0
136,136,988,Yussuf Yurary Poulsen,7532,['Right Wing'],2,1,1,70.0,0,0,3,2,0,0,0,4,1,1,2,1,2,1,0,1,0,3,2,0,5,2,7532,2018-06-16,Peru,Denmark,Group Stage,8.2,1,0,0
137,137,989,Lasse Schöne,7532,['Right Center Midfield'],1,1,0,67.0,0,0,0,1,0,0,0,2,0,0,1,1,0,0,0,0,0,0,2,0,5,1,7532,2018-06-16,Peru,Denmark,Group Stage,6.7,0,1,0
138,138,713,Andrej Kramarić,7529,['Center Attacking Midfield'],2,0,0,56.00000000000001,0,0,3,0,0,0,0,0,0,2,1,0,1,0,0,0,0,0,0,0,1,1,7529,2018-06-16,Croatia,Nigeria,Group Stage,7.0,0,0,0
139,139,714,Mario Mandžukić,7529,['Center Forward'],2,0,0,64.0,3,0,0,0,0,1,0,4,0,1,0,0,1,0,0,0,0,1,3,0,1,0,7529,2018-06-16,Croatia,Nigeria,Group Stage,7.3,1,0,0
140,140,715,Onyinye Wilfred Ndidi,7529,['Right Center Midfield'],0,0,0,81.0,1,0,0,0,0,0,0,1,0,0,0,0,0,0,0,0,0,0,2,0,4,3,7529,2018-06-16,Croatia,Nigeria,Group Stage,7.2,0,1,0
141,141,716,Abdullahi Shehu,7529,['Right Back'],0,0,0,97.0,0,0,0,0,0,0,0,0,0,0,0,0,0,0,0,0,0,3,4,0,5,1,7529,2018-06-16,Croatia,Nigeria,Group Stage,6.8,0,0,1
142,142,985,Pione Sisto Ifolo Emirmija,7532,['Left Wing'],1,0,0,83.0,0,0,3,0,0,0,0,0,0,0,0,0,1,0,0,0,0,1,0,0,2,5,7532,2018-06-16,Peru,Denmark,Group Stage,6.9,1,0,0
143,143,711,Domagoj Vida,7529,"['Left Center Back', 'Right Center Back']",0,0,0,87.0,0,0,0,0,0,0,0,0,0,0,0,0,0,0,0,0,0,1,5,0,1,1,7529,2018-06-16,Croatia,Nigeria,Group Stage,7.4,0,0,1
144,144,710,Dejan Lovren,7529,"['Right Center Back', 'Left Center Back']",1,0,0,84.0,0,0,0,0,0,0,0,1,0,0,0,0,0,0,0,0,0,5,3,0,2,1,7529,2018-06-16,Croatia,Nigeria,Group Stage,7.3,0,0,1
145,145,709,Ivan Rakitić,7529,"['Left Center Midfield', 'Right Center Midfield', 'Right Defensive Midfield']",1,0,0,80.0,3,0,1,2,0,0,0,3,0,1,0,0,1,0,0,1,0,1,1,0,3,1,7529,2018-06-16,Croatia,Nigeria,Group Stage,7.9,0,1,0
146,146,343,Lionel Andrés Messi Cuccittini,7531,"['Center Attacking Midfield', 'Right Attacking Midfield']",11,3,0,84.0,3,0,4,1,0,0,0,1,0,3,9,0,3,1,0,0,0,1,0,0,5,0,7531,2018-06-16,Argentina,Iceland,Group Stage,7.6,0,0,0
147,147,342,Ángel Fabián Di María Hernández,7531,"['Left Midfield', 'Left Attacking Midfield']",0,0,0,80.0,3,0,0,0,0,0,0,0,0,0,1,1,0,0,0,0,0,0,0,0,3,0,7531,2018-06-16,Argentina,Iceland,Group Stage,6.6,0,1,0
148,148,341,Maximiliano Eduardo Meza,7531,"['Right Midfield', 'Right Center Midfield']",0,0,0,84.0,5,0,0,0,0,1,0,3,0,0,1,0,2,0,0,0,0,2,1,0,4,1,7531,2018-06-16,Argentina,Iceland,Group Stage,8.0,0,1,0
149,149,340,Lucas Rodrigo Biglia,7531,['Right Center Midfield'],2,0,0,90.0,0,0,0,1,0,0,0,0,0,2,1,0,1,0,0,0,0,0,0,0,2,0,7531,2018-06-16,Argentina,Iceland,Group Stage,6.7,0,1,0
150,150,339,Javier Alejandro Mascherano,7531,"['Left Center Midfield', 'Center Defensive Midfield', 'Left Defensive Midfield']",1,1,0,93.0,2,0,0,1,0,0,0,6,0,0,0,0,0,0,0,0,0,1,2,0,7,2,7531,2018-06-16,Argentina,Iceland,Group Stage,7.5,0,1,0
151,151,338,Eduardo Antonio Salvio,7531,['Right Back'],1,0,0,81.0,3,0,2,0,0,0,0,0,0,0,0,0,0,0,0,0,0,4,2,0,5,2,7531,2018-06-16,Argentina,Iceland,Group Stage,7.9,0,0,1
152,152,337,Nicolás Hernán Otamendi,7531,['Right Center Back'],4,1,0,84.0,0,0,1,1,0,0,0,0,0,3,1,0,0,0,0,0,0,2,3,0,8,0,7531,2018-06-16,Argentina,Iceland,Group Stage,7.9,0,0,1
153,153,336,Nicolás Alejandro Tagliafico,7531,['Left Back'],2,0,0,94.0,3,0,0,0,0,0,0,1,0,1,0,0,0,0,0,0,0,1,0,0,5,1,7531,2018-06-16,Argentina,Iceland,Group Stage,7.2,0,0,1
154,154,335,Gylfi Þór Sigurðsson,7531,['Secondary Striker'],4,1,0,65.0,1,0,3,3,0,0,0,3,0,2,3,2,3,1,0,0,0,3,0,0,4,1,7531,2018-06-16,Argentina,Iceland,Group Stage,7.6,0,0,0
155,155,334,Faustino Marcos Alberto Rojo,7531,['Left Center Back'],1,0,0,93.0,0,0,0,0,0,0,0,0,0,0,0,0,0,0,0,0,0,1,2,0,2,0,7531,2018-06-16,Argentina,Iceland,Group Stage,7.0,0,0,1
156,156,333,Birkir Bjarnason,7531,"['Left Midfield', 'Right Defensive Midfield']",1,0,0,53.0,0,0,0,2,0,0,0,3,0,1,0,0,2,1,0,0,0,2,0,0,3,1,7531,2018-06-16,Argentina,Iceland,Group Stage,6.1,0,1,0
157,157,332,Johann Berg Guðmunds­son,7531,['Right Midfield'],1,0,0,71.0,0,0,0,0,0,0,0,0,0,0,0,0,1,0,0,0,0,0,1,0,1,0,7531,2018-06-16,Argentina,Iceland,Group Stage,6.8,0,1,0
158,158,708,Ante Rebić,7529,"['Left Wing', 'Right Wing']",1,0,0,68.0,1,0,1,1,0,0,0,5,0,0,0,0,3,1,0,0,0,1,1,0,0,1,7529,2018-06-16,Croatia,Nigeria,Group Stage,7.1,1,0,0
159,159,802,Robbie Kruse,7530,['Left Midfield'],0,0,0,85.0,0,0,0,3,0,0,0,2,0,0,1,1,1,0,0,0,0,0,0,0,1,2,7530,2018-06-16,France,Australia,Group Stage,6.6,0,1,0
160,160,349,Hörður Björgvin Magnússon,7531,['Left Back'],0,0,0,34.0,0,0,0,2,0,0,0,1,1,0,0,0,1,1,0,0,0,5,3,0,1,0,7531,2018-06-16,Argentina,Iceland,Group Stage,6.1,0,0,1
161,161,1019,Fabian Lukas Schär,7533,['Right Center Back'],0,0,0,79.0,0,0,0,2,0,0,0,1,0,0,0,0,0,0,1,1,0,3,7,0,4,1,7533,2018-06-17,Brazil,Switzerland,Group Stage,7.3,0,0,1
162,162,1020,Steven Zuber,7533,['Left Wing'],2,1,1,70.0,1,0,3,1,0,0,0,1,0,0,0,0,0,0,0,0,0,0,1,0,4,1,7533,2018-06-17,Brazil,Switzerland,Group Stage,7.9,1,0,0
163,163,1021,Granit Xhaka,7533,['Left Center Midfield'],0,0,0,85.0,0,0,0,1,0,0,0,3,0,0,1,0,0,0,0,0,0,2,1,0,1,5,7533,2018-06-17,Brazil,Switzerland,Group Stage,6.4,0,1,0
164,164,1018,Haris Seferović,7533,['Center Forward'],0,0,0,45.0,0,0,1,0,0,0,0,2,0,0,0,0,2,0,0,0,0,0,2,0,1,3,7533,2018-06-17,Brazil,Switzerland,Group Stage,6.3,1,0,0
165,165,1017,Xherdan Shaqiri,7533,['Right Wing'],1,0,0,74.0,2,1,2,3,0,0,0,0,0,1,0,0,1,0,0,0,0,1,0,0,5,1,7533,2018-06-17,Brazil,Switzerland,Group Stage,8.0,1,0,0
166,166,1016,Manuel Obafemi Akanji,7533,['Left Center Back'],0,0,0,87.0,0,0,1,2,0,0,0,0,0,0,0,0,0,0,0,0,0,3,1,0,4,1,7533,2018-06-17,Brazil,Switzerland,Group Stage,7.4,0,0,1
167,167,1015,Stephan Lichtsteiner,7533,['Right Back'],1,0,0,72.0,0,0,0,0,0,0,0,1,0,1,0,0,1,0,0,0,0,4,1,0,5,3,7533,2018-06-17,Brazil,Switzerland,Group Stage,6.7,0,0,1
168,168,882,Marcos Danilo Ureña Porras,7535,['Center Forward'],2,1,0,86.0,0,0,1,0,0,0,0,3,0,1,2,0,0,0,0,0,0,0,0,0,1,0,7535,2018-06-17,Costa Rica,Serbia,Group Stage,6.0,1,0,0
169,169,131,Hirving Rodrigo Lozano Bahena,7534,['Left Wing'],2,1,1,91.0,3,0,1,1,0,0,0,2,0,0,0,0,1,0,0,0,0,0,0,0,1,0,7534,2018-06-17,Germany,Mexico,Group Stage,8.3,1,0,0
170,170,130,Sami Khedira,7534,['Right Center Midfield'],1,0,0,78.0,1,0,2,0,0,0,0,0,0,0,2,0,0,0,0,0,0,0,0,0,3,2,7534,2018-06-17,Germany,Mexico,Group Stage,6.2,0,1,0
171,171,129,Mesut Özil,7534,"['Center Attacking Midfield', 'Right Center Midfield', 'Left Center Midfield']",1,0,0,90.0,4,0,2,0,0,0,0,0,0,0,3,0,2,0,0,0,0,0,0,0,5,2,7534,2018-06-17,Germany,Mexico,Group Stage,6.8,0,1,0
172,172,128,Thomas Müller,7534,"['Right Wing', 'Right Center Forward']",0,0,0,65.0,3,0,0,1,0,0,0,1,0,0,0,0,1,0,0,1,0,7,0,0,0,5,7534,2018-06-17,Germany,Mexico,Group Stage,6.7,1,0,0
173,173,127,Hugo Ayala Castro,7534,"['Right Center Back', 'Left Center Back']",0,0,0,78.0,0,0,0,0,0,0,0,0,0,0,0,0,0,0,0,0,0,0,5,0,2,1,7534,2018-06-17,Germany,Mexico,Group Stage,7.1,0,0,1
174,174,126,Héctor Alfredo Moreno Herrera,7534,"['Left Center Back', 'Center Back']",1,1,0,75.0,0,0,0,1,0,0,0,1,0,0,0,0,0,0,0,0,0,0,2,0,2,0,7534,2018-06-17,Germany,Mexico,Group Stage,7.3,0,0,1
175,175,125,Jesús Daniel Gallardo Vasconcelos,7534,['Left Back'],0,0,0,76.0,1,0,5,1,0,0,0,2,0,0,1,0,0,0,1,0,0,12,6,0,4,1,7534,2018-06-17,Germany,Mexico,Group Stage,8.2,0,0,1
176,176,124,Héctor Miguel Herrera López,7534,"['Right Center Midfield', 'Center Attacking Midfield', 'Left Defensive Midfield']",1,1,0,84.0,0,0,5,4,0,0,0,4,0,0,1,1,1,1,0,1,0,4,0,0,4,4,7534,2018-06-17,Germany,Mexico,Group Stage,7.4,0,1,0
177,177,123,Carlos Alberto Vela Garrido,7534,['Center Attacking Midfield'],1,0,0,79.0,3,0,1,0,0,0,0,1,0,1,0,0,2,0,0,0,0,1,0,0,6,0,7534,2018-06-17,Germany,Mexico,Group Stage,7.0,0,0,0
178,178,865,Nikola Milenković,7535,['Right Center Back'],0,0,0,87.0,0,0,0,2,0,0,0,1,0,0,0,0,0,0,0,0,0,1,11,0,1,1,7535,2018-06-17,Costa Rica,Serbia,Group Stage,7.5,0,0,1
179,179,864,Aleksandar Mitrović,7535,['Center Forward'],5,1,0,57.99999999999999,1,0,0,2,0,0,0,1,0,2,3,0,3,0,0,0,0,0,2,0,0,0,7535,2018-06-17,Costa Rica,Serbia,Group Stage,7.4,1,0,0
180,180,1022,Ricardo Iván Rodríguez Araya,7533,['Left Back'],0,0,0,82.0,1,0,2,0,0,0,0,0,0,0,0,0,0,0,0,0,0,3,3,0,2,1,7533,2018-06-17,Brazil,Switzerland,Group Stage,7.2,0,0,1
181,181,1023,Blerim Džemaili,7533,['Center Attacking Midfield'],3,1,0,87.0,1,0,0,0,0,0,0,5,0,2,1,0,2,2,0,0,0,2,1,0,3,5,7533,2018-06-17,Brazil,Switzerland,Group Stage,6.7,0,0,0
182,182,1024,João Miranda de Souza Filho,7533,['Left Center Back'],1,0,0,91.0,0,0,1,3,0,0,0,1,0,1,0,0,1,1,0,0,0,1,3,0,3,0,7533,2018-06-17,Brazil,Switzerland,Group Stage,7.2,0,0,1
183,183,1025,Thiago Emiliano da Silva,7533,['Right Center Back'],2,0,0,89.0,0,0,0,0,0,0,0,1,0,2,0,0,0,0,0,0,0,1,3,0,4,0,7533,2018-06-17,Brazil,Switzerland,Group Stage,7.0,0,0,1
184,184,1026,Willian Borges da Silva,7533,['Right Wing'],2,0,0,71.0,1,0,2,0,0,0,0,2,0,1,1,0,0,0,0,0,0,2,0,0,3,3,7533,2018-06-17,Brazil,Switzerland,Group Stage,6.8,1,0,0
185,185,1027,Neymar da Silva Santos Junior,7533,['Left Wing'],4,2,0,80.0,4,0,10,1,0,0,0,0,0,0,6,3,3,1,0,0,0,0,0,0,3,0,7533,2018-06-17,Brazil,Switzerland,Group Stage,7.6,1,0,0
186,186,1028,Danilo Luiz da Silva,7533,['Right Back'],0,0,0,93.0,0,0,1,1,0,0,0,0,0,0,0,0,0,0,0,0,0,0,1,0,5,3,7533,2018-06-17,Brazil,Switzerland,Group Stage,7.4,0,0,1
187,187,1029,José Paulo Bezzera Maciel Júnior,7533,['Right Center Midfield'],1,0,0,89.0,0,0,0,0,0,0,0,0,0,1,1,1,3,1,0,0,0,0,0,0,3,0,7533,2018-06-17,Brazil,Switzerland,Group Stage,5.9,0,1,0
188,188,1010,Gabriel Fernando de Jesus,7533,['Center Forward'],1,0,0,55.00000000000001,1,0,3,1,0,0,0,2,0,1,1,0,3,0,0,0,0,1,0,0,5,1,7533,2018-06-17,Brazil,Switzerland,Group Stage,7.0,1,0,0
189,189,1011,Carlos Henrique Casimiro,7533,['Center Defensive Midfield'],1,0,0,92.0,1,0,3,0,0,0,0,1,0,1,0,0,0,0,0,1,0,2,3,0,6,1,7533,2018-06-17,Brazil,Switzerland,Group Stage,7.4,0,1,0
190,190,1012,Philippe Coutinho Correia,7533,['Left Center Midfield'],4,1,1,88.0,1,0,1,0,0,0,0,2,0,1,1,1,2,0,0,0,0,2,0,0,5,1,7533,2018-06-17,Brazil,Switzerland,Group Stage,7.7,0,1,0
191,191,1013,Marcelo Vieira da Silva Júnior,7533,['Left Back'],0,0,0,77.0,3,0,1,2,0,0,0,0,0,0,1,1,1,1,0,0,0,7,1,0,6,1,7533,2018-06-17,Brazil,Switzerland,Group Stage,8.1,0,0,1
192,192,132,José Andrés Guardado Hernández,7534,['Left Center Midfield'],1,0,0,85.0,1,0,1,1,0,0,0,0,0,1,0,0,0,0,0,0,0,2,1,0,0,0,7534,2018-06-17,Germany,Mexico,Group Stage,7.6,0,1,0
193,193,883,Luka Milivojević,7535,['Right Center Midfield'],0,0,0,86.0,0,0,0,2,0,0,0,0,0,0,0,0,1,1,0,0,0,4,0,0,5,4,7535,2018-06-17,Costa Rica,Serbia,Group Stage,7.8,0,1,0
194,194,133,Javier Hernández Balcázar,7534,['Center Forward'],1,0,0,77.0,0,1,1,0,0,0,0,1,0,0,1,0,1,0,0,0,0,0,2,0,0,0,7534,2018-06-17,Germany,Mexico,Group Stage,7.0,1,0,0
195,195,135,Miguel Arturo Layún Prado,7534,"['Right Wing', 'Right Midfield']",5,1,0,70.0,1,0,1,2,0,0,0,1,0,4,0,0,1,0,0,0,0,0,1,0,1,1,7534,2018-06-17,Germany,Mexico,Group Stage,7.2,1,1,0
196,196,881,Johnny Acosta Zamora,7535,['Right Center Back'],0,0,0,87.0,0,0,0,1,0,0,0,1,0,0,0,0,0,0,0,0,0,0,1,0,1,3,7535,2018-06-17,Costa Rica,Serbia,Group Stage,6.3,0,0,1
197,197,880,Dušan Tadić,7535,['Right Midfield'],0,0,0,65.0,2,0,0,3,0,0,0,2,0,0,3,0,6,0,0,0,0,4,0,0,5,2,7535,2018-06-17,Costa Rica,Serbia,Group Stage,7.0,0,1,0
198,198,879,Duško Tošić,7535,['Left Center Back'],0,0,0,83.0,0,0,0,2,0,0,0,0,0,0,0,0,0,0,0,0,0,1,2,0,2,0,7535,2018-06-17,Costa Rica,Serbia,Group Stage,7.5,0,0,1
199,199,878,Celso Borges Mora,7535,['Right Center Midfield'],1,0,0,78.0,1,0,2,0,0,0,0,2,0,0,1,0,0,0,0,0,0,2,1,0,7,2,7535,2018-06-17,Costa Rica,Serbia,Group Stage,7.3,0,1,0
200,200,1014,Valon Behrami,7533,['Right Center Midfield'],0,0,0,93.0,0,0,0,3,0,0,0,4,0,0,0,0,1,0,0,1,0,3,2,0,2,4,7533,2018-06-17,Brazil,Switzerland,Group Stage,7.2,0,1,0
201,201,877,Cristian Gamboa Luna,7535,['Right Wing Back'],1,1,0,74.0,1,0,0,0,0,0,0,1,0,0,0,0,1,0,0,0,0,1,2,0,7,0,7535,2018-06-17,Costa Rica,Serbia,Group Stage,7.1,0,0,0
202,202,876,Bryan Ruiz González,7535,"['Right Wing', 'Left Center Midfield']",1,0,0,84.0,1,0,3,0,0,0,0,0,0,0,4,1,3,1,0,0,0,4,0,0,0,2,7535,2018-06-17,Costa Rica,Serbia,Group Stage,6.3,1,1,0
203,203,875,Giancarlo González Castro,7535,['Center Back'],2,1,0,85.0,0,0,0,0,0,0,0,1,0,1,0,0,0,0,0,0,0,4,2,0,5,0,7535,2018-06-17,Costa Rica,Serbia,Group Stage,7.1,0,0,0
204,204,874,David Alberto Guzmán Pérez,7535,['Left Center Midfield'],0,0,0,83.0,1,0,0,2,0,0,0,3,0,0,3,3,0,0,0,1,0,1,1,0,3,2,7535,2018-06-17,Costa Rica,Serbia,Group Stage,6.3,0,1,0
205,205,873,Óscar Esau Duarte Gaitán,7535,['Left Center Back'],1,0,0,76.0,2,0,1,0,0,0,0,1,0,0,0,0,0,0,0,0,0,0,3,0,1,0,7535,2018-06-17,Costa Rica,Serbia,Group Stage,7.3,0,0,1
206,206,871,Johan Alberto Venegas Ulloa,7535,['Left Wing'],0,0,0,54.0,1,0,0,0,0,0,0,4,0,0,0,0,4,1,0,0,0,1,0,0,4,0,7535,2018-06-17,Costa Rica,Serbia,Group Stage,6.2,1,0,0
207,207,870,Branislav Ivanović,7535,['Right Back'],0,0,0,72.0,1,0,1,0,0,0,0,1,0,0,0,0,0,0,0,1,0,4,2,0,1,1,7535,2018-06-17,Costa Rica,Serbia,Group Stage,8.0,0,0,1
208,208,869,Nemanja Matić,7535,['Left Center Midfield'],1,0,0,87.0,0,0,2,0,0,0,0,2,0,0,1,0,1,1,0,0,0,2,0,0,9,0,7535,2018-06-17,Costa Rica,Serbia,Group Stage,7.3,0,1,0
209,209,868,Aleksandar Kolarov,7535,['Left Back'],2,1,1,78.0,1,0,0,0,0,0,0,1,0,1,1,0,0,0,0,0,0,0,1,0,2,1,7535,2018-06-17,Costa Rica,Serbia,Group Stage,8.2,0,0,1
210,210,867,Adem Ljajić,7535,['Left Midfield'],0,0,0,67.0,2,0,2,1,0,0,0,0,0,0,0,0,1,1,0,0,0,0,0,0,3,1,7535,2018-06-17,Costa Rica,Serbia,Group Stage,7.1,0,1,0
211,211,866,Sergej Milinković-Savić,7535,['Center Attacking Midfield'],2,0,0,68.0,3,0,4,0,0,0,0,4,0,2,2,1,3,0,0,0,0,2,4,0,4,1,7535,2018-06-17,Costa Rica,Serbia,Group Stage,7.3,0,0,0
212,212,142,Mats Hummels,7534,['Left Center Back'],1,1,0,97.0,0,0,0,1,0,0,0,3,0,0,1,0,0,0,0,1,0,3,2,0,3,0,7534,2018-06-17,Germany,Mexico,Group Stage,7.0,0,0,1
213,213,141,Joshua Kimmich,7534,"['Right Back', 'Right Center Back']",2,0,0,80.0,5,0,0,1,0,0,0,1,0,2,0,0,0,0,0,0,0,2,0,0,6,1,7534,2018-06-17,Germany,Mexico,Group Stage,7.7,0,0,1
214,214,140,Julian Draxler,7534,"['Left Wing', 'Left Center Midfield']",5,1,0,91.0,3,0,5,1,0,0,0,1,0,1,2,0,0,0,0,0,0,0,0,0,3,1,7534,2018-06-17,Germany,Mexico,Group Stage,7.3,1,1,0
215,215,139,Timo Werner,7534,"['Center Forward', 'Left Center Forward']",3,1,0,82.0,0,0,0,0,0,0,0,0,0,2,2,0,1,0,0,0,0,1,0,0,4,1,7534,2018-06-17,Germany,Mexico,Group Stage,5.9,1,0,0
216,216,138,Jérôme Boateng,7534,"['Right Center Back', 'Center Back']",1,1,0,85.0,1,0,0,4,0,0,0,4,0,0,1,0,0,0,0,0,0,2,2,0,3,1,7534,2018-06-17,Germany,Mexico,Group Stage,7.7,0,0,1
217,217,137,Toni Kroos,7534,"['Left Center Midfield', 'Center Defensive Midfield', 'Right Center Midfield']",6,3,0,92.0,1,0,0,1,0,0,0,2,0,1,0,0,0,0,0,0,0,0,0,0,8,3,7534,2018-06-17,Germany,Mexico,Group Stage,7.7,0,1,0
218,218,136,Marvin Plattenhardt,7534,['Left Back'],1,1,0,83.0,0,0,0,0,0,0,0,0,0,0,0,0,0,0,0,0,0,1,0,0,1,1,7534,2018-06-17,Germany,Mexico,Group Stage,6.7,0,0,1
219,219,134,Carlos Joel Salcedo Hernández,7534,"['Right Back', 'Right Center Back']",0,0,0,76.0,0,0,0,0,0,0,0,2,0,0,0,0,0,0,0,0,0,5,4,0,1,3,7534,2018-06-17,Germany,Mexico,Group Stage,6.9,0,0,1
220,220,872,Francisco Javier Calvo Quesada,7535,['Left Wing Back'],1,0,0,82.0,0,0,2,1,0,0,0,1,0,1,0,0,2,0,0,1,0,2,2,0,3,1,7535,2018-06-17,Costa Rica,Serbia,Group Stage,7.2,0,0,0
221,221,631,Harry Kane,7537,['Left Center Forward'],3,2,2,56.99999999999999,0,0,0,0,0,0,0,1,0,0,3,0,1,0,0,0,0,0,0,0,3,2,7537,2018-06-18,Tunisia,England,Group Stage,8.8,1,0,0
222,222,634,Anice Badri,7537,"['Left Center Midfield', 'Left Midfield']",0,0,0,94.0,0,0,2,2,0,0,0,1,0,0,2,2,1,0,0,0,0,6,1,0,2,2,7537,2018-06-18,Tunisia,England,Group Stage,6.1,0,1,0
223,223,529,Gabriel Enrique Gómez Girón,7536,['Center Defensive Midfield'],0,0,0,98.0,0,0,0,1,0,0,0,0,0,0,0,0,0,0,0,0,0,2,1,0,5,2,7536,2018-06-18,Belgium,Panama,Group Stage,6.2,0,1,0
224,224,530,Toby Alderweireld,7536,['Right Center Back'],0,0,0,89.0,0,0,0,2,0,0,0,0,0,0,0,0,0,0,0,0,0,1,1,0,4,0,7536,2018-06-18,Belgium,Panama,Group Stage,7.7,0,0,1
225,225,122,Min-Woo Kim,7538,['Left Back'],1,0,0,57.99999999999999,1,0,0,0,0,0,0,4,1,0,0,0,4,1,0,0,0,0,1,0,1,0,7538,2018-06-18,Sweden,South Korea,Group Stage,5.9,0,0,1
226,226,121,Emil Peter Forsberg,7538,['Left Midfield'],4,0,0,96.0,0,0,1,1,0,0,0,1,0,1,4,2,5,1,0,0,0,2,1,0,3,1,7538,2018-06-18,Sweden,South Korea,Group Stage,7.0,0,1,0
227,227,120,Marcus Berg,7538,['Right Center Forward'],3,1,0,64.0,0,0,0,2,0,0,0,5,0,1,1,1,0,0,0,0,0,0,1,0,1,0,7538,2018-06-18,Sweden,South Korea,Group Stage,6.5,1,0,0
228,228,119,Viktor Claesson,7538,['Right Midfield'],2,0,0,73.0,2,0,1,3,0,1,0,3,0,1,1,0,4,1,0,1,0,3,1,0,8,4,7538,2018-06-18,Sweden,South Korea,Group Stage,8.0,0,1,0
229,229,118,Ola Toivonen,7538,['Left Center Forward'],1,1,0,56.00000000000001,2,0,1,0,0,0,0,0,0,0,0,0,0,0,0,0,0,1,0,0,1,0,7538,2018-06-18,Sweden,South Korea,Group Stage,7.1,1,0,0
230,230,117,Mikael Lustig,7538,['Right Back'],1,0,0,64.0,1,0,1,2,0,0,0,0,0,0,0,0,0,0,0,0,0,2,4,0,2,1,7538,2018-06-18,Sweden,South Korea,Group Stage,7.6,0,0,1
231,231,116,Pontus Jansson,7538,['Right Center Back'],1,0,0,91.0,1,0,0,0,0,0,0,1,0,1,0,0,0,0,0,0,0,0,2,0,3,0,7538,2018-06-18,Sweden,South Korea,Group Stage,7.5,0,0,1
232,232,115,Ja-Cheol Koo,7538,"['Left Center Midfield', 'Center Attacking Midfield']",1,0,0,88.0,0,0,0,1,0,0,0,0,0,1,2,1,0,0,0,0,0,2,1,0,1,0,7538,2018-06-18,Sweden,South Korea,Group Stage,6.3,0,1,0
233,233,114,Heung-Min Son,7538,"['Left Wing', 'Right Wing', 'Left Center Forward']",0,0,0,68.0,3,0,4,0,0,0,0,0,0,0,1,0,2,0,0,0,0,2,2,0,1,1,7538,2018-06-18,Sweden,South Korea,Group Stage,6.8,1,0,0
234,234,113,Sebastian Larsson,7538,['Right Center Midfield'],1,0,0,74.0,2,0,0,0,0,0,0,4,0,0,0,0,1,1,0,0,0,1,0,0,4,2,7538,2018-06-18,Sweden,South Korea,Group Stage,7.1,0,1,0
235,235,112,Hee-Chan Hwang,7538,"['Right Wing', 'Left Wing', 'Right Center Forward', 'Center Forward']",1,0,0,50.0,0,0,3,2,0,0,0,3,0,1,2,1,2,0,0,1,0,1,1,0,5,1,7538,2018-06-18,Sweden,South Korea,Group Stage,6.5,1,0,0
236,236,111,Albin Ekdal,7538,['Left Center Midfield'],0,0,0,89.0,0,0,2,0,0,0,0,1,0,0,1,0,0,0,0,0,0,0,0,0,5,0,7538,2018-06-18,Sweden,South Korea,Group Stage,7.2,0,1,0
237,237,110,Ludwig Augustinsson,7538,['Left Back'],0,0,0,62.0,1,0,0,0,0,0,0,1,0,0,2,0,0,0,0,0,0,1,1,0,2,2,7538,2018-06-18,Sweden,South Korea,Group Stage,7.2,0,0,1
238,238,109,Hyun-Soo Jang,7538,['Right Center Back'],0,0,0,84.0,0,0,0,0,0,0,0,5,0,0,0,0,0,0,0,0,0,3,7,0,5,0,7538,2018-06-18,Sweden,South Korea,Group Stage,6.5,0,0,1
239,239,108,Yong Lee,7538,['Right Back'],0,0,0,70.0,0,0,0,0,0,0,0,2,0,0,1,1,0,0,0,0,0,0,3,0,4,0,7538,2018-06-18,Sweden,South Korea,Group Stage,7.2,0,0,1
240,240,107,Sung-Yeung Ki,7538,"['Center Defensive Midfield', 'Right Center Midfield']",0,0,0,90.0,1,0,1,0,0,0,0,2,0,0,0,0,0,0,0,0,0,2,3,0,7,2,7538,2018-06-18,Sweden,South Korea,Group Stage,7.9,0,1,0
241,241,106,Andreas Granqvist,7538,['Left Center Back'],3,2,1,87.0,2,0,0,0,0,0,0,2,0,0,0,0,1,0,0,0,0,2,3,0,2,0,7538,2018-06-18,Sweden,South Korea,Group Stage,8.6,0,0,1
242,242,105,Shin-Wook Kim,7538,['Center Forward'],0,0,0,46.0,0,0,0,0,0,0,0,4,0,0,0,0,0,0,0,1,0,0,0,0,2,0,7538,2018-06-18,Sweden,South Korea,Group Stage,5.7,1,0,0
243,243,104,Young-Gwon Kim,7538,['Left Center Back'],0,0,0,76.0,0,0,0,1,0,0,0,1,0,0,0,0,0,0,0,0,0,1,4,0,1,0,7538,2018-06-18,Sweden,South Korea,Group Stage,6.6,0,0,1
244,244,103,Jae-Sung Lee,7538,"['Right Center Midfield', 'Right Wing']",1,0,0,88.0,0,0,1,0,0,0,0,0,0,0,1,1,2,0,0,0,0,5,0,0,3,3,7538,2018-06-18,Sweden,South Korea,Group Stage,6.5,1,1,0
245,245,531,Erick Javier Davis Grajales,7536,['Left Back'],0,0,0,75.0,0,0,0,1,0,0,0,4,0,0,0,0,0,0,0,1,0,1,1,0,2,2,7536,2018-06-18,Belgium,Panama,Group Stage,6.2,0,0,1
246,246,532,Eden Hazard,7536,"['Left Attacking Midfield', 'Left Wing']",4,1,0,78.0,3,1,1,1,0,0,0,1,0,2,4,1,2,0,0,0,0,1,0,0,3,0,7536,2018-06-18,Belgium,Panama,Group Stage,8.2,1,0,0
247,247,533,Romelu Lukaku Menama,7536,['Center Forward'],3,2,2,72.0,0,0,2,0,0,0,0,2,0,1,0,0,1,0,0,0,0,0,0,0,1,0,7536,2018-06-18,Belgium,Panama,Group Stage,8.9,1,0,0
248,248,534,José Luis Rodríguez Francis,7536,['Left Wing'],0,0,0,70.0,0,0,0,0,0,0,0,0,0,0,0,0,3,1,0,0,0,0,0,0,1,0,7536,2018-06-18,Belgium,Panama,Group Stage,6.0,1,0,0
249,249,535,Román Aureliano Torres Morcillo,7536,['Right Center Back'],2,0,0,71.0,0,0,0,0,0,0,0,1,0,2,0,0,0,0,0,0,0,1,8,0,2,1,7536,2018-06-18,Belgium,Panama,Group Stage,5.9,0,0,1
250,250,528,Edgar Yoel Bárcenas Herrera,7536,['Right Wing'],2,0,0,76.0,2,0,0,1,0,0,0,3,0,2,0,0,5,2,0,1,0,0,1,0,7,1,7536,2018-06-18,Belgium,Panama,Group Stage,6.3,1,0,0
251,251,635,Wahbi Khazri,7537,['Center Forward'],1,0,0,67.0,1,0,0,0,0,0,0,2,0,0,1,0,2,1,0,0,0,1,0,0,2,0,7537,2018-06-18,Tunisia,England,Group Stage,6.0,1,0,0
252,252,527,Michael Amir Murillo Bermudez,7536,['Right Back'],1,1,0,77.0,0,0,0,2,0,0,0,4,0,0,1,1,0,0,0,1,0,0,1,0,5,0,7536,2018-06-18,Belgium,Panama,Group Stage,5.9,0,0,1
253,253,525,Axel Witsel,7536,['Left Center Midfield'],0,0,0,96.0,0,0,1,2,0,0,0,3,0,0,0,0,1,1,0,0,0,1,1,0,4,1,7536,2018-06-18,Belgium,Panama,Group Stage,7.3,0,1,0
254,254,633,Naïm Sliti,7537,['Left Midfield'],2,0,0,72.0,0,0,3,1,0,0,0,0,0,2,0,0,1,0,0,0,0,1,0,0,1,0,7537,2018-06-18,Tunisia,England,Group Stage,6.1,0,1,0
255,255,632,Raheem Sterling,7537,['Right Center Forward'],1,0,0,75.0,1,0,6,0,0,0,0,1,0,1,2,0,3,0,0,0,0,0,0,0,4,0,7537,2018-06-18,Tunisia,England,Group Stage,6.7,1,0,0
256,256,630,Fakhreddine Ben Youssef,7537,"['Right Midfield', 'Right Wing Back']",1,0,0,73.0,0,0,0,2,0,1,0,1,0,1,1,0,1,0,0,0,0,1,4,0,4,0,7537,2018-06-18,Tunisia,England,Group Stage,7.3,0,1,0
257,257,629,Ferjani Sassi,7537,"['Right Center Midfield', 'Right Defensive Midfield']",2,1,1,79.0,1,0,0,0,0,0,0,3,0,0,0,0,0,0,0,0,0,3,0,0,5,3,7537,2018-06-18,Tunisia,England,Group Stage,7.2,0,1,0
258,258,628,Jesse Lingard,7537,['Right Center Midfield'],4,1,0,96.0,0,0,2,0,0,0,0,0,0,1,1,0,2,0,0,0,0,1,0,0,2,0,7537,2018-06-18,Tunisia,England,Group Stage,7.4,0,1,0
259,259,627,Ellyes Joris Skhiri,7537,"['Center Defensive Midfield', 'Left Defensive Midfield']",0,0,0,88.0,0,0,1,4,0,0,0,2,0,0,0,0,1,1,0,0,0,1,0,0,1,2,7537,2018-06-18,Tunisia,England,Group Stage,6.1,0,1,0
260,260,626,Dylan Daniel Mahmoud Bronn,7537,"['Right Back', 'Right Center Back']",0,0,0,80.0,1,0,0,1,0,0,0,1,0,0,0,0,1,1,0,0,0,3,1,0,6,1,7537,2018-06-18,Tunisia,England,Group Stage,6.5,0,0,1
261,261,625,Syam Ben Youssef,7537,"['Right Center Back', 'Center Back']",0,0,0,87.0,0,0,2,4,0,0,0,2,0,0,0,0,0,0,0,0,0,2,5,0,0,4,7537,2018-06-18,Tunisia,England,Group Stage,7.1,0,0,1
262,262,624,Ali Maâloul,7537,"['Left Back', 'Left Wing Back']",0,0,0,86.0,1,0,1,0,0,0,0,1,0,0,0,0,1,1,1,0,0,3,0,0,2,3,7537,2018-06-18,Tunisia,England,Group Stage,5.7,0,0,1
263,263,623,Yassine Meriah,7537,['Left Center Back'],0,0,0,80.0,0,0,0,1,0,0,0,2,0,0,1,1,0,0,0,0,0,2,1,0,3,1,7537,2018-06-18,Tunisia,England,Group Stage,6.1,0,0,1
264,264,622,Kieran Trippier,7537,['Right Midfield'],1,0,0,81.0,5,0,4,0,0,0,0,0,0,1,0,0,0,0,0,0,0,1,1,0,3,3,7537,2018-06-18,Tunisia,England,Group Stage,8.1,0,1,0
265,265,621,Ashley Young,7537,['Left Midfield'],1,0,0,86.0,2,0,0,1,0,0,0,2,0,1,1,0,0,0,0,0,0,2,0,0,1,0,7537,2018-06-18,Tunisia,England,Group Stage,7.1,0,1,0
266,266,526,Dries Mertens,7536,"['Right Attacking Midfield', 'Right Wing']",4,2,1,59.0,0,0,0,1,0,0,0,0,0,2,1,1,1,0,0,0,0,1,0,0,6,0,7536,2018-06-18,Belgium,Panama,Group Stage,8.6,1,0,0
267,267,620,Harry Maguire,7537,['Left Center Back'],2,1,0,88.0,2,1,1,0,0,0,0,2,0,1,0,0,0,0,0,0,0,1,1,0,7,0,7537,2018-06-18,Tunisia,England,Group Stage,8.5,0,0,1
268,268,618,Kyle Walker,7537,['Right Center Back'],0,0,0,93.0,0,0,1,0,0,0,0,1,1,0,0,0,0,0,0,1,0,0,0,0,5,0,7537,2018-06-18,Tunisia,England,Group Stage,7.1,0,0,1
269,269,617,John Stones,7537,['Center Back'],3,1,0,97.0,0,0,0,2,0,0,0,1,0,2,0,0,0,0,0,0,0,2,1,0,3,2,7537,2018-06-18,Tunisia,England,Group Stage,7.5,0,0,0
270,270,616,Bamidele Alli,7537,['Left Center Midfield'],2,1,0,77.0,1,0,0,1,0,0,0,0,0,0,1,0,3,1,0,0,0,3,0,0,4,2,7537,2018-06-18,Tunisia,England,Group Stage,7.5,0,1,0
271,271,516,Armando Enrique Cooper Whitaker,7536,['Right Center Midfield'],1,0,0,82.0,1,0,4,1,0,0,0,2,0,1,2,1,1,1,0,1,0,4,0,0,4,0,7536,2018-06-18,Belgium,Panama,Group Stage,6.8,0,1,0
272,272,517,Fidel Escobar Mendieta,7536,['Left Center Back'],1,1,0,79.0,0,0,0,2,0,0,0,3,0,0,1,1,0,0,1,0,0,1,4,0,4,0,7536,2018-06-18,Belgium,Panama,Group Stage,5.8,0,0,1
273,273,518,Blas Antonio Miguel Pérez Ortega,7536,['Center Forward'],0,0,0,53.0,2,0,1,0,0,0,0,1,0,0,0,0,0,0,0,0,0,1,2,0,3,0,7536,2018-06-18,Belgium,Panama,Group Stage,6.2,1,0,0
274,274,519,Yannick Ferreira Carrasco,7536,['Left Wing Back'],1,1,0,96.0,1,0,2,2,0,0,0,1,0,0,0,0,1,0,0,0,0,3,1,0,0,0,7536,2018-06-18,Belgium,Panama,Group Stage,7.6,0,0,0
275,275,520,Jan Vertonghen,7536,"['Left Center Back', 'Left Back']",0,0,0,89.0,0,0,0,2,0,0,0,2,0,0,0,0,0,0,0,0,0,0,0,0,2,1,7536,2018-06-18,Belgium,Panama,Group Stage,7.2,0,0,1
276,276,521,Anga Dedryck Boyata,7536,"['Center Back', 'Left Center Back']",0,0,0,92.0,0,0,0,0,0,0,0,1,0,0,0,0,0,0,0,0,0,1,2,0,3,1,7536,2018-06-18,Belgium,Panama,Group Stage,7.6,0,0,1
277,277,522,Kevin De Bruyne,7536,['Right Center Midfield'],3,0,0,74.0,3,1,0,1,0,0,0,2,0,2,2,2,1,1,0,1,0,0,2,0,3,4,7536,2018-06-18,Belgium,Panama,Group Stage,8.2,0,1,0
278,278,523,Thomas Meunier,7536,"['Right Wing Back', 'Right Back']",0,0,0,82.0,1,0,0,1,0,0,0,3,0,0,1,0,1,0,0,1,0,1,0,0,2,0,7536,2018-06-18,Belgium,Panama,Group Stage,7.3,0,0,1
279,279,524,Aníbal Cesis Godoy,7536,['Left Center Midfield'],0,0,0,93.0,0,0,1,0,0,0,0,2,0,0,0,0,0,0,0,0,0,3,1,0,2,0,7536,2018-06-18,Belgium,Panama,Group Stage,6.8,0,1,0
280,280,619,Jordan Brian Henderson,7537,"['Center Defensive Midfield', 'Left Center Midfield']",1,1,0,83.0,0,0,0,2,0,0,0,1,0,0,0,0,0,0,0,0,0,1,1,0,3,0,7537,2018-06-18,Tunisia,England,Group Stage,7.5,0,1,0
281,281,317,Ali Gabr,7540,['Right Center Back'],1,0,0,79.0,0,0,0,1,0,0,0,2,0,1,0,0,1,1,0,0,0,1,7,0,3,1,7540,2018-06-19,Russia,Egypt,Group Stage,5.9,0,0,1
282,282,318,Mohamed Abdul Shafy Sayed Abouezeid,7540,['Left Back'],0,0,0,72.0,0,0,2,1,0,0,0,1,0,0,0,0,1,0,0,0,0,0,1,0,5,0,7540,2018-06-19,Russia,Egypt,Group Stage,6.5,0,0,1
283,283,1173,Maya Yoshida,7541,['Right Center Back'],1,0,0,88.0,0,0,0,0,0,0,0,3,0,1,1,0,0,0,0,0,0,1,6,0,3,0,7541,2018-06-19,Colombia,Japan,Group Stage,7.5,0,0,1
284,284,320,Denis Cheryshev,7540,['Left Wing'],4,1,1,66.0,0,0,1,0,0,0,0,0,0,2,1,0,3,1,0,0,0,2,0,0,1,1,7540,2018-06-19,Russia,Egypt,Group Stage,7.8,1,0,0
285,285,1171,Shinji Kagawa,7541,['Center Attacking Midfield'],2,1,1,84.0,2,0,1,0,0,0,0,1,0,0,0,0,2,0,0,0,0,0,0,0,1,1,7541,2018-06-19,Colombia,Japan,Group Stage,8.1,0,0,0
286,286,1172,Makoto Hasebe,7541,['Left Center Midfield'],0,0,0,91.0,1,0,0,2,0,0,0,2,0,0,2,1,0,0,0,0,0,3,1,0,3,2,7541,2018-06-19,Colombia,Japan,Group Stage,6.9,0,1,0
287,287,316,Mohamed Salah,7540,"['Right Wing', 'Right Center Forward']",4,1,1,76.0,2,0,0,0,0,1,0,0,0,1,1,0,3,0,0,0,0,2,0,0,3,0,7540,2018-06-19,Russia,Egypt,Group Stage,7.6,1,0,0
288,288,1174,Oscar Fabián Murillo Murillo,7541,['Left Center Back'],2,0,0,73.0,0,0,0,0,0,0,0,0,0,2,0,0,0,0,0,0,0,1,4,0,0,0,7541,2018-06-19,Colombia,Japan,Group Stage,6.9,0,0,1
289,289,1175,Johan Andrés Mojica Palacio,7541,['Left Back'],0,0,0,77.0,1,0,5,2,0,0,0,1,0,0,0,0,1,1,0,0,0,2,0,0,6,1,7541,2018-06-19,Colombia,Japan,Group Stage,7.1,0,0,1
290,290,1176,José Heriberto Izquierdo Mena,7541,"['Left Wing', 'Left Midfield']",0,0,0,76.0,0,0,2,1,0,0,0,1,0,0,0,0,3,2,0,0,0,0,0,0,4,2,7541,2018-06-19,Colombia,Japan,Group Stage,5.9,1,1,0
291,291,1177,Radamel Falcao García Zárate,7541,['Center Forward'],2,2,0,81.0,0,0,0,2,0,0,0,1,0,0,3,0,6,2,0,0,0,0,1,0,2,0,7541,2018-06-19,Colombia,Japan,Group Stage,5.8,1,0,0
292,292,1178,Jefferson Andrés Lerma Solís,7541,"['Right Center Midfield', 'Left Center Midfield']",1,0,0,87.0,2,0,0,1,0,0,0,2,0,1,0,0,0,0,0,0,0,1,2,0,3,1,7541,2018-06-19,Colombia,Japan,Group Stage,6.9,0,1,0
293,293,1179,Santiago Arias Naranjo,7541,['Right Back'],0,0,0,66.0,0,0,1,1,0,0,0,4,0,0,0,0,1,0,0,0,0,2,0,0,3,1,7541,2018-06-19,Colombia,Japan,Group Stage,6.4,0,0,1
294,294,1180,Juan Fernando Quintero Paniagua,7541,"['Center Attacking Midfield', 'Left Center Midfield', 'Right Midfield']",2,1,1,76.0,3,0,1,1,0,0,0,0,0,0,0,0,2,2,0,0,0,0,0,0,3,1,7541,2018-06-19,Colombia,Japan,Group Stage,7.4,0,1,0
295,295,1181,Davinson Sánchez Mina,7541,['Right Center Back'],0,0,0,68.0,0,0,0,2,0,0,0,0,0,0,0,0,0,0,1,0,0,1,0,0,6,1,7541,2018-06-19,Colombia,Japan,Group Stage,6.4,0,0,1
296,296,1182,Yūya Ōsako,7541,['Center Forward'],5,3,1,68.0,2,0,1,1,0,0,0,1,0,2,1,0,0,0,0,0,0,2,0,0,1,0,7541,2018-06-19,Colombia,Japan,Group Stage,8.2,1,0,0
297,297,1183,Hiroki Sakai,7541,['Right Back'],2,0,0,77.0,2,0,1,0,0,0,0,0,0,1,0,0,0,0,0,0,0,0,1,0,1,1,7541,2018-06-19,Colombia,Japan,Group Stage,7.4,0,0,1
298,298,1184,Gen Shōji,7541,['Left Center Back'],0,0,0,92.0,0,0,0,0,0,0,0,0,0,0,0,0,0,0,0,0,0,1,4,0,4,0,7541,2018-06-19,Colombia,Japan,Group Stage,7.7,0,0,1
299,299,1185,Gaku Shibasaki,7541,['Right Center Midfield'],0,0,0,79.0,2,0,1,3,0,0,0,0,0,0,0,0,1,0,0,0,0,1,1,0,2,0,7541,2018-06-19,Colombia,Japan,Group Stage,7.9,0,1,0
300,300,1186,Yuto Nagatomo,7541,['Left Back'],0,0,0,80.0,0,0,1,0,0,0,0,1,0,0,0,0,0,0,0,0,0,0,3,0,2,1,7541,2018-06-19,Colombia,Japan,Group Stage,7.5,0,0,1
301,301,331,Aleksandr Golovin,7540,['Center Attacking Midfield'],1,0,0,64.0,0,0,1,0,0,0,0,0,0,1,3,0,2,1,0,0,0,1,0,0,5,2,7540,2018-06-19,Russia,Egypt,Group Stage,6.9,0,0,0
302,302,330,Yury Gazinskiy,7540,['Right Defensive Midfield'],1,0,0,77.0,1,0,0,0,0,0,0,0,0,1,0,0,0,0,0,0,0,3,2,0,4,1,7540,2018-06-19,Russia,Egypt,Group Stage,7.7,0,1,0
303,303,329,Sergei Ignashevich,7540,['Left Center Back'],2,2,0,53.0,0,0,0,1,0,0,0,0,0,0,0,0,0,0,0,0,0,0,7,0,2,2,7540,2018-06-19,Russia,Egypt,Group Stage,7.7,0,0,1
304,304,328,Tarek Hamed,7540,"['Left Defensive Midfield', 'Right Center Midfield']",1,0,0,81.0,0,0,0,1,0,0,0,1,0,0,0,0,0,0,0,0,0,2,1,0,5,1,7540,2018-06-19,Russia,Egypt,Group Stage,6.8,0,1,0
305,305,327,Ilya Kutepov,7540,['Right Center Back'],0,0,0,50.0,0,1,0,0,0,0,0,1,0,0,1,0,0,0,0,0,0,1,7,0,1,0,7540,2018-06-19,Russia,Egypt,Group Stage,8.1,0,0,1
306,306,326,Aleksandr Samedov,7540,['Right Wing'],0,0,0,71.0,4,0,2,1,0,0,0,2,0,0,2,0,0,0,0,0,0,2,0,0,4,0,7540,2018-06-19,Russia,Egypt,Group Stage,8.1,1,0,0
307,307,325,Artem Dzyuba,7540,['Center Forward'],2,1,1,76.0,0,0,3,0,0,0,0,3,0,1,0,0,6,1,0,0,0,1,1,0,1,0,7540,2018-06-19,Russia,Egypt,Group Stage,8.1,1,0,0
308,308,324,Mário Figueira Fernandes,7540,['Right Back'],0,0,0,72.0,0,1,0,2,0,0,0,0,0,0,0,0,1,1,0,0,0,3,3,0,5,1,7540,2018-06-19,Russia,Egypt,Group Stage,8.2,0,0,1
309,309,323,Roman Zobnin,7540,['Left Defensive Midfield'],2,0,0,80.0,0,0,2,3,0,0,0,2,1,0,0,0,0,0,0,0,0,3,1,0,14,1,7540,2018-06-19,Russia,Egypt,Group Stage,8.1,0,1,0
310,310,78,Robert Lewandowski,7539,['Center Forward'],2,1,0,88.0,1,0,1,1,0,0,0,1,0,1,1,0,5,1,0,0,0,0,0,0,2,3,7539,2018-06-19,Poland,Senegal,Group Stage,5.8,1,0,0
311,311,321,Marwan Mohsen,7540,"['Center Forward', 'Left Center Forward']",4,1,0,56.99999999999999,2,0,0,1,0,0,0,1,0,2,1,0,4,0,0,0,0,1,3,0,4,0,7540,2018-06-19,Russia,Egypt,Group Stage,6.5,1,0,0
312,312,319,Mahmoud Ibrahim Hassan,7540,"['Left Wing', 'Left Midfield']",3,0,0,68.0,0,0,3,1,0,0,0,3,0,2,2,1,1,0,0,1,0,4,1,0,4,1,7540,2018-06-19,Russia,Egypt,Group Stage,6.3,1,1,0
313,313,315,Mohamed Naser Elsayed Elneny,7540,['Right Defensive Midfield'],0,0,0,78.0,2,0,0,0,0,0,0,0,0,0,0,0,0,0,0,0,0,2,1,0,2,0,7540,2018-06-19,Russia,Egypt,Group Stage,5.8,0,1,0
314,314,79,Kamil Grosicki,7539,"['Left Wing', 'Secondary Striker']",3,0,0,67.0,0,1,2,0,0,0,0,1,0,2,1,0,0,0,0,0,0,1,0,0,2,0,7539,2018-06-19,Poland,Senegal,Group Stage,7.0,1,0,0
315,315,313,Ahmed Elsayed Ali Elsayed Hegazy,7540,['Left Center Back'],0,0,0,76.0,0,0,0,1,0,0,0,1,0,0,0,0,0,0,0,0,0,0,7,0,2,0,7540,2018-06-19,Russia,Egypt,Group Stage,6.6,0,0,1
316,316,80,Mame Biram Diouf,7539,['Right Center Forward'],1,0,0,75.0,0,0,0,2,0,0,0,3,0,1,0,0,3,1,0,0,0,1,0,0,1,0,7539,2018-06-19,Poland,Senegal,Group Stage,6.1,1,0,0
317,317,81,Jan Bednarek,7539,['Center Back'],0,0,0,95.0,0,0,0,0,0,0,0,0,0,0,0,0,0,0,0,0,0,0,1,0,2,0,7539,2018-06-19,Poland,Senegal,Group Stage,5.8,0,0,0
318,318,314,Ahmed Fathy Abdel Meneim Ibrahim,7540,['Right Back'],0,0,0,78.0,1,0,0,1,0,0,1,2,0,0,0,0,1,0,0,0,0,6,0,0,3,4,7540,2018-06-19,Russia,Egypt,Group Stage,4.9,0,0,1
319,319,77,Arkadiusz Milik,7539,"['Center Attacking Midfield', 'Center Midfield']",1,0,0,65.0,0,0,0,0,0,0,0,0,0,1,0,0,0,0,0,0,0,0,0,0,2,1,7539,2018-06-19,Poland,Senegal,Group Stage,6.1,0,0,0
320,320,76,Sadio Mané,7539,['Left Wing'],1,0,0,84.0,2,0,2,0,0,0,0,2,0,0,1,0,2,1,0,0,0,3,0,0,2,0,7539,2018-06-19,Poland,Senegal,Group Stage,6.7,1,0,0
321,321,75,Alfred John Momar N'Diaye,7539,['Left Center Midfield'],0,0,0,75.0,0,0,1,1,0,0,0,0,0,0,1,0,0,0,0,0,0,0,1,0,2,2,7539,2018-06-19,Poland,Senegal,Group Stage,7.6,0,1,0
322,322,74,Ismaïla Sarr,7539,['Right Wing'],0,0,0,75.0,0,0,1,1,0,0,0,2,0,0,1,0,2,0,0,0,0,0,3,0,5,0,7539,2018-06-19,Poland,Senegal,Group Stage,6.9,1,0,0
323,323,73,Moussa Wagué,7539,['Right Back'],0,0,0,72.0,0,0,2,0,0,0,0,1,0,0,0,0,0,0,0,0,0,0,3,0,3,1,7539,2018-06-19,Poland,Senegal,Group Stage,6.7,0,0,1
324,324,72,Salif Sané,7539,['Right Center Back'],2,0,0,78.0,0,0,0,0,0,0,0,1,0,2,0,0,0,0,0,1,0,2,3,0,1,0,7539,2018-06-19,Poland,Senegal,Group Stage,7.0,0,0,1
325,325,71,Idrissa Gana Gueye,7539,['Right Center Midfield'],2,0,0,88.0,0,0,0,0,0,0,0,2,0,0,1,0,2,2,0,0,0,4,2,0,4,0,7539,2018-06-19,Poland,Senegal,Group Stage,7.1,0,1,0
326,326,70,Youssouf Sabaly,7539,['Left Back'],0,0,0,80.0,1,0,4,0,0,0,0,1,0,0,0,0,0,0,0,0,0,2,1,0,6,0,7539,2018-06-19,Poland,Senegal,Group Stage,7.7,0,0,1
327,327,69,Łukasz Piszczek,7539,"['Right Back', 'Right Wing Back']",1,0,0,67.0,1,0,0,0,0,0,0,0,0,1,0,0,3,0,0,0,0,2,2,0,2,2,7539,2018-06-19,Poland,Senegal,Group Stage,6.5,0,0,1
328,328,1189,Wílmar Enrique Barrios Terán,7541,"['Left Center Midfield', 'Right Center Midfield']",0,0,0,81.0,0,0,0,5,0,0,0,2,0,0,3,2,0,0,0,1,0,2,0,0,3,1,7541,2018-06-19,Colombia,Japan,Group Stage,6.4,0,1,0
329,329,1188,Genki Haraguchi,7541,['Right Wing'],0,0,0,87.0,0,0,1,3,0,0,0,1,0,0,3,2,1,0,0,0,0,3,0,0,0,4,7541,2018-06-19,Colombia,Japan,Group Stage,7.9,1,0,0
330,330,1187,Takashi Inui,7541,['Left Wing'],3,1,0,82.0,0,0,2,0,0,0,0,2,0,1,6,0,1,0,0,0,0,3,0,0,3,1,7541,2018-06-19,Colombia,Japan,Group Stage,6.7,1,0,0
331,331,322,Yuri Zhirkov,7540,['Left Back'],0,0,0,62.0,0,0,0,0,0,0,0,0,0,0,0,0,0,0,0,0,0,3,5,0,2,0,7540,2018-06-19,Russia,Egypt,Group Stage,7.3,0,0,1
332,332,68,Jakub Błaszczykowski,7539,['Right Wing'],0,0,0,60.0,0,0,1,0,0,0,0,0,0,0,0,0,1,0,0,0,0,1,0,0,0,1,7539,2018-06-19,Poland,Senegal,Group Stage,6.3,1,0,0
333,333,312,Abdalla Mahmoud El Said Bekhit,7540,"['Center Attacking Midfield', 'Left Center Midfield']",1,0,0,87.0,4,0,0,0,0,0,0,0,0,1,0,0,1,0,0,0,0,2,1,0,6,2,7540,2018-06-19,Russia,Egypt,Group Stage,7.3,0,1,0
334,334,61,M'Baye Babacar Niang,7539,['Left Center Forward'],1,1,1,67.0,1,0,1,0,0,0,0,2,0,0,0,0,2,1,0,0,0,1,0,0,5,1,7539,2018-06-19,Poland,Senegal,Group Stage,7.8,1,0,0
335,335,66,Maciej Rybus,7539,"['Left Back', 'Left Wing Back']",0,0,0,92.0,2,0,0,1,0,0,0,1,0,0,2,1,1,0,0,0,0,1,4,0,2,2,7539,2018-06-19,Poland,Senegal,Group Stage,6.6,0,0,1
336,336,65,Grzegorz Krychowiak,7539,"['Right Center Midfield', 'Right Defensive Midfield']",1,1,1,84.0,1,0,0,1,0,0,0,2,0,0,2,0,2,1,1,1,0,1,1,0,5,1,7539,2018-06-19,Poland,Senegal,Group Stage,7.1,0,1,0
337,337,64,Michał Pazdan,7539,['Left Center Back'],0,0,0,86.0,0,0,0,2,0,0,0,0,0,0,0,0,1,0,0,0,0,1,2,0,1,0,7539,2018-06-19,Poland,Senegal,Group Stage,6.8,0,0,1
338,338,63,Thiago Rangel Cionek,7539,['Right Center Back'],0,0,0,89.0,0,0,0,0,0,0,1,1,0,0,0,0,1,1,0,0,0,1,1,0,5,0,7539,2018-06-19,Poland,Senegal,Group Stage,5.9,0,0,1
339,339,67,Piotr Zieliński,7539,"['Left Center Midfield', 'Left Defensive Midfield']",1,0,0,79.0,0,0,2,1,0,0,0,1,0,1,0,0,2,0,0,0,0,0,1,0,4,0,7539,2018-06-19,Poland,Senegal,Group Stage,6.5,0,1,0
340,340,62,Kalidou Koulibaly,7539,['Left Center Back'],0,0,0,76.0,0,0,0,0,0,0,0,1,0,0,0,0,0,0,0,0,0,2,3,0,6,1,7539,2018-06-19,Poland,Senegal,Group Stage,7.5,0,0,1
341,341,431,Kléper Laveran Lima Ferreira,7542,['Right Center Back'],0,0,0,68.0,0,0,1,1,0,0,0,0,0,0,0,0,0,0,0,0,0,5,3,0,1,2,7542,2018-06-20,Portugal,Morocco,Group Stage,7.2,0,0,1
342,342,432,José Miguel da Rocha Fonte,7542,['Left Center Back'],1,0,0,67.0,0,0,0,0,0,0,0,1,0,1,0,0,0,0,0,0,0,2,9,0,0,2,7542,2018-06-20,Portugal,Morocco,Group Stage,7.7,0,0,1
343,343,179,Ali Albulayhi,7544,['Left Center Back'],0,0,0,86.0,0,0,0,1,0,0,0,0,0,0,0,0,0,0,0,0,0,3,2,0,3,1,7544,2018-06-20,Uruguay,Saudi Arabia,Group Stage,6.4,0,0,1
344,344,181,Carlos Andrés Sánchez Arcosa,7544,['Right Wing'],1,0,0,59.0,2,1,0,0,0,0,0,2,0,1,2,0,1,0,0,0,0,3,2,0,6,2,7544,2018-06-20,Uruguay,Saudi Arabia,Group Stage,7.9,1,0,0
345,345,180,Hattan Babhir,7544,['Right Wing'],2,1,0,87.0,0,0,2,0,0,0,0,0,0,1,0,0,0,0,0,0,0,0,0,0,2,0,7544,2018-06-20,Uruguay,Saudi Arabia,Group Stage,6.2,1,0,0
346,346,178,Salem Mohammed Al Dawsari,7544,['Left Wing'],1,0,0,88.0,2,0,7,1,0,0,0,4,0,1,2,1,2,0,0,0,0,1,0,0,9,0,7544,2018-06-20,Uruguay,Saudi Arabia,Group Stage,7.3,1,0,0
347,347,177,Osama Abdulrezag Hawsawi,7544,['Right Center Back'],0,0,0,86.0,0,0,0,0,0,0,0,1,0,0,0,0,0,0,0,0,0,1,3,0,2,0,7544,2018-06-20,Uruguay,Saudi Arabia,Group Stage,6.5,0,0,1
348,348,176,Mohammed Al Burayk,7544,['Right Back'],1,0,0,81.0,0,0,1,2,0,0,0,0,0,0,0,0,3,1,0,0,0,4,0,0,1,2,7544,2018-06-20,Uruguay,Saudi Arabia,Group Stage,7.1,0,0,1
349,349,175,Taisir Jabir Al Jassim,7544,['Right Center Midfield'],0,0,0,85.0,0,0,0,1,0,0,0,0,0,0,0,0,0,0,0,0,0,0,0,0,0,0,7544,2018-06-20,Uruguay,Saudi Arabia,Group Stage,5.8,0,1,0
350,350,183,Hussain Al Mogahwi,7544,['Right Center Midfield'],0,0,0,91.0,0,0,0,2,0,0,0,1,0,0,0,0,0,0,0,0,0,1,0,0,6,1,7544,2018-06-20,Uruguay,Saudi Arabia,Group Stage,6.6,0,1,0
351,351,182,Edinson Roberto Cavani Gómez,7544,"['Right Center Forward', 'Secondary Striker']",4,1,0,73.0,1,0,4,0,0,0,0,1,0,2,1,1,5,2,0,0,0,1,1,0,3,2,7544,2018-06-20,Uruguay,Saudi Arabia,Group Stage,7.5,1,0,0
352,352,430,Khalid Boutaïb,7542,['Center Forward'],2,0,0,73.0,1,0,2,0,0,0,0,2,0,2,2,0,1,0,0,0,0,1,1,0,3,0,7542,2018-06-20,Portugal,Morocco,Group Stage,6.3,1,0,0
353,353,429,Younès Belhanda,7542,['Center Attacking Midfield'],3,2,0,67.0,0,0,4,1,0,0,0,2,0,1,0,0,1,1,0,0,0,1,0,0,2,2,7542,2018-06-20,Portugal,Morocco,Group Stage,7.1,0,0,0
354,354,415,Medhi Amine El Mouttaqi Benatia,7542,['Right Center Back'],4,1,0,75.0,0,0,1,0,0,0,0,4,0,3,0,0,0,0,0,1,0,3,2,0,7,0,7542,2018-06-20,Portugal,Morocco,Group Stage,7.0,0,0,1
355,355,416,William Silva de Carvalho,7542,['Left Center Midfield'],0,0,0,79.0,0,0,0,0,0,0,0,2,0,0,1,1,0,0,0,0,0,1,2,0,6,2,7542,2018-06-20,Portugal,Morocco,Group Stage,6.9,0,1,0
356,356,417,Cédric Ricardo Alves Soares,7542,['Right Back'],0,0,0,69.0,0,0,0,1,0,0,0,3,0,0,1,1,0,0,0,0,0,4,5,0,9,2,7542,2018-06-20,Portugal,Morocco,Group Stage,7.6,0,0,1
357,357,418,Bernardo Mota Veiga de Carvalho e Silva,7542,['Right Midfield'],0,0,0,56.00000000000001,0,0,0,2,0,0,0,0,0,0,4,1,0,0,0,0,0,0,0,0,3,0,7542,2018-06-20,Portugal,Morocco,Group Stage,6.2,0,1,0
358,358,419,Karim El Ahmadi Al Aroos,7542,['Right Defensive Midfield'],1,0,0,79.0,0,0,0,2,0,0,0,3,0,1,0,0,0,0,0,0,0,1,2,0,7,1,7542,2018-06-20,Portugal,Morocco,Group Stage,6.9,0,1,0
359,359,420,Mbark Boussoufa,7542,"['Left Defensive Midfield', 'Left Center Midfield']",1,0,0,78.0,2,0,0,5,0,0,0,3,0,1,1,1,1,0,0,0,0,2,0,0,5,0,7542,2018-06-20,Portugal,Morocco,Group Stage,7.1,0,1,0
360,360,174,Salman Mohammed Al Faraj,7544,['Center Attacking Midfield'],0,0,0,86.0,3,0,2,1,0,0,0,1,0,0,1,0,2,2,0,0,0,4,0,0,4,2,7544,2018-06-20,Uruguay,Saudi Arabia,Group Stage,6.7,0,0,0
361,361,421,Cristiano Ronaldo dos Santos Aveiro,7542,['Left Center Forward'],6,1,1,73.0,1,0,0,0,0,0,0,0,0,2,2,0,6,0,0,0,0,1,3,0,3,1,7542,2018-06-20,Portugal,Morocco,Group Stage,7.8,1,0,0
362,362,423,Manuel Marouan da Costa Trinidade,7542,['Left Center Back'],1,0,0,67.0,0,0,0,0,0,0,0,0,0,1,0,0,0,0,0,0,0,1,3,0,4,1,7542,2018-06-20,Portugal,Morocco,Group Stage,7.1,0,0,1
363,363,424,Achraf Hakimi Mouh,7542,['Left Back'],0,0,0,76.0,2,0,1,2,0,0,0,1,0,0,1,0,1,0,0,0,0,0,1,0,4,0,7542,2018-06-20,Portugal,Morocco,Group Stage,7.6,0,0,1
364,364,425,Hakim Ziyech,7542,"['Left Wing', 'Right Wing']",4,1,0,66.0,4,0,3,0,0,0,0,2,0,1,2,2,1,0,0,0,0,3,0,0,5,0,7542,2018-06-20,Portugal,Morocco,Group Stage,6.5,1,0,0
365,365,426,Raphaël Adelino José Guerreiro,7542,['Left Back'],1,0,0,72.0,2,0,2,3,0,0,0,3,0,0,0,0,0,0,0,0,0,6,2,0,4,2,7542,2018-06-20,Portugal,Morocco,Group Stage,7.9,0,0,1
366,366,427,Nordin Amrabat,7542,"['Right Wing', 'Left Wing']",0,0,0,75.0,1,0,3,0,0,0,0,1,0,0,6,0,3,0,0,0,0,3,2,0,5,2,7542,2018-06-20,Portugal,Morocco,Group Stage,6.3,1,0,0
367,367,428,Nabil Dirar,7542,['Right Back'],1,0,0,86.0,1,0,1,3,0,0,0,3,0,1,0,0,0,0,0,0,0,2,2,0,8,0,7542,2018-06-20,Portugal,Morocco,Group Stage,7.2,0,0,1
368,368,422,João Mário Naval da Costa Eduardo,7542,['Left Midfield'],0,0,0,74.0,1,0,0,0,0,0,0,3,0,0,3,2,1,1,0,0,0,3,0,0,0,0,7542,2018-06-20,Portugal,Morocco,Group Stage,6.4,0,1,0
369,369,173,Luis Alberto Suárez Díaz,7544,"['Left Center Forward', 'Right Wing']",6,2,1,77.0,2,0,1,0,0,0,0,3,0,2,0,0,3,0,0,0,0,1,1,0,3,1,7544,2018-06-20,Uruguay,Saudi Arabia,Group Stage,8.1,1,0,0
370,370,171,Guillermo Varela Olivera,7544,['Right Back'],0,0,0,91.0,2,0,0,1,0,0,0,1,0,0,1,0,2,1,0,0,0,2,2,0,0,1,7544,2018-06-20,Uruguay,Saudi Arabia,Group Stage,7.2,0,0,1
371,371,414,Gonçalo Manuel Ganchinho Guedes,7542,['Right Center Forward'],2,1,0,72.0,1,0,0,1,0,0,0,0,0,1,2,0,2,1,0,0,0,2,1,0,5,2,7542,2018-06-20,Portugal,Morocco,Group Stage,7.1,1,0,0
372,372,156,Ramin Rezaeian,7543,['Right Back'],0,0,0,56.00000000000001,1,0,1,1,0,0,0,0,0,0,0,0,0,0,0,0,0,2,1,0,7,2,7543,2018-06-20,Iran,Spain,Group Stage,8.0,0,0,1
373,373,155,Morteza Pouraliganji,7543,['Right Center Back'],0,0,0,82.0,0,0,0,0,0,0,0,0,0,0,0,0,1,0,0,0,0,3,3,0,3,1,7543,2018-06-20,Iran,Spain,Group Stage,6.3,0,0,1
374,374,154,Omid Ebrahimi,7543,['Right Center Midfield'],0,0,0,79.0,1,0,1,0,0,0,0,4,0,0,0,0,1,1,1,1,0,3,3,0,9,1,7543,2018-06-20,Iran,Spain,Group Stage,6.7,0,1,0
375,375,153,Vahid Amiri,7543,['Left Center Midfield'],1,0,0,69.0,1,0,4,1,0,0,0,1,0,1,0,0,1,0,0,1,0,3,0,0,6,2,7543,2018-06-20,Iran,Spain,Group Stage,6.9,0,1,0
376,376,152,Lucas Vázquez Iglesias,7543,['Right Midfield'],0,0,0,63.0,0,0,2,1,0,0,0,3,0,0,0,0,3,0,0,0,0,0,0,0,1,2,7543,2018-06-20,Iran,Spain,Group Stage,6.6,0,1,0
377,377,151,Francisco Román Alarcón Suárez,7543,['Left Midfield'],4,0,0,88.0,2,0,6,1,0,0,0,0,0,2,0,0,4,1,0,0,0,0,0,0,1,1,7543,2018-06-20,Iran,Spain,Group Stage,7.7,0,1,0
378,378,157,Seyed Majid Hosseini,7543,['Left Center Back'],0,0,0,61.0,0,0,0,0,0,0,0,1,0,0,0,0,0,0,0,0,0,2,3,0,1,0,7543,2018-06-20,Iran,Spain,Group Stage,6.3,0,0,1
379,379,150,Daniel Carvajal Ramos,7543,['Right Back'],1,0,0,93.0,3,0,1,0,0,0,0,2,0,1,1,0,0,0,0,0,0,1,2,0,5,2,7543,2018-06-20,Iran,Spain,Group Stage,7.8,0,0,1
380,380,148,Jordi Alba Ramos,7543,['Left Back'],0,0,0,87.0,0,0,0,0,0,0,0,1,0,0,0,0,0,0,0,0,0,1,1,0,7,0,7543,2018-06-20,Iran,Spain,Group Stage,7.2,0,0,1
381,381,147,Sergio Ramos García,7543,['Left Center Back'],2,0,0,94.0,2,0,0,1,0,0,0,1,0,0,0,0,0,0,0,0,0,0,1,0,3,0,7543,2018-06-20,Iran,Spain,Group Stage,8.0,0,0,1
382,382,146,David Josué Jiménez Silva,7543,['Right Center Midfield'],5,1,0,88.0,2,0,1,0,0,0,0,1,0,1,0,0,2,1,0,0,0,0,0,0,4,1,7543,2018-06-20,Iran,Spain,Group Stage,7.1,0,1,0
383,383,145,Sergio Busquets i Burgos,7543,['Center Defensive Midfield'],1,1,0,94.0,2,0,3,1,0,0,0,2,0,0,0,0,1,1,0,0,0,1,0,0,5,0,7543,2018-06-20,Iran,Spain,Group Stage,8.4,0,1,0
384,384,144,Andrés Iniesta Luján,7543,['Left Center Midfield'],0,0,0,84.0,0,0,2,0,0,0,0,3,0,0,1,1,1,1,0,0,0,0,0,0,2,2,7543,2018-06-20,Iran,Spain,Group Stage,7.0,0,1,0
385,385,143,Diego da Silva Costa,7543,['Center Forward'],3,1,1,79.0,0,0,0,0,0,0,0,2,0,2,1,0,1,0,0,0,0,0,1,0,1,0,7543,2018-06-20,Iran,Spain,Group Stage,7.3,1,0,0
386,386,149,Gerard Piqué Bernabéu,7543,['Right Center Back'],2,0,0,88.0,0,0,0,0,0,0,0,0,0,0,0,0,1,0,0,0,0,1,5,0,8,1,7543,2018-06-20,Iran,Spain,Group Stage,8.2,0,0,1
387,387,158,Saeid Ezatolahi Afagh,7543,['Center Defensive Midfield'],0,0,0,74.0,0,0,0,1,0,0,0,1,0,0,0,0,0,0,0,0,0,4,4,0,4,5,7543,2018-06-20,Iran,Spain,Group Stage,7.2,0,1,0
388,388,159,Sardar Azmoun,7543,['Center Forward'],1,0,0,43.0,0,0,0,0,0,0,0,4,0,1,2,0,4,3,0,0,0,1,2,0,0,1,7543,2018-06-20,Iran,Spain,Group Stage,5.6,1,0,0
389,389,160,Mehdi Taremi,7543,['Right Wing'],2,0,0,45.0,0,0,2,2,0,0,0,1,0,2,0,0,1,0,0,0,0,4,2,0,3,2,7543,2018-06-20,Iran,Spain,Group Stage,7.6,1,0,0
390,390,170,Diego Roberto Godín Leal,7544,['Left Center Back'],0,0,0,91.0,0,0,0,2,0,0,0,1,0,0,1,1,0,0,0,0,0,2,2,0,4,1,7544,2018-06-20,Uruguay,Saudi Arabia,Group Stage,7.1,0,0,1
391,391,169,José Martín Cáceres Silva,7544,['Left Back'],2,0,0,83.0,1,0,0,1,0,0,0,0,0,1,0,0,1,0,0,0,0,1,1,0,4,0,7544,2018-06-20,Uruguay,Saudi Arabia,Group Stage,7.9,0,0,1
392,392,168,Matías Vecino Falero,7544,['Right Center Midfield'],0,0,0,84.0,0,0,1,1,0,0,0,2,0,0,1,0,1,0,0,0,0,2,0,0,3,2,7544,2018-06-20,Uruguay,Saudi Arabia,Group Stage,6.7,0,1,0
393,393,167,Rodrigo Bentancur Colmán,7544,['Left Center Midfield'],0,0,0,87.0,0,0,0,4,0,0,0,1,0,0,2,0,0,0,0,0,0,1,1,0,3,5,7544,2018-06-20,Uruguay,Saudi Arabia,Group Stage,7.4,0,1,0
394,394,166,José María Giménez de Vargas,7544,['Right Center Back'],0,0,0,97.0,0,0,0,1,0,0,0,1,0,0,0,0,0,0,0,0,0,0,2,0,2,1,7544,2018-06-20,Uruguay,Saudi Arabia,Group Stage,7.3,0,0,1
395,395,165,Yasir Gharsan Al Shahrani,7544,['Left Back'],2,0,0,88.0,1,0,0,0,0,0,0,2,0,0,1,1,2,1,0,0,0,1,2,0,2,0,7544,2018-06-20,Uruguay,Saudi Arabia,Group Stage,6.4,0,0,1
396,396,172,Cristian Gabriel Rodríguez Barrotti,7544,['Left Wing'],0,0,0,52.0,1,0,0,0,0,0,0,1,0,0,1,0,1,0,0,0,0,2,0,0,2,1,7544,2018-06-20,Uruguay,Saudi Arabia,Group Stage,6.4,1,0,0
397,397,164,Abdullah Ibrahim Otayf,7544,['Left Center Midfield'],0,0,0,90.0,0,0,1,2,0,0,0,1,0,0,1,0,1,0,0,0,0,0,1,0,5,1,7544,2018-06-20,Uruguay,Saudi Arabia,Group Stage,7.9,0,1,0
398,398,162,Ehsan Hajsafi,7543,['Left Back'],0,0,0,59.0,0,0,1,0,0,0,0,0,0,0,0,0,0,0,0,0,0,2,1,0,4,0,7543,2018-06-20,Iran,Spain,Group Stage,7.1,0,0,1
399,399,161,Karim Ansarifard,7543,['Left Wing'],2,0,0,56.00000000000001,0,0,0,2,0,0,0,1,0,2,0,0,1,0,0,0,0,2,1,0,3,2,7543,2018-06-20,Iran,Spain,Group Stage,6.0,1,0,0
400,400,163,Fahad Mosaed Al Muwallad Al Harbi,7544,['Center Forward'],1,0,0,83.0,0,0,1,0,0,0,0,1,0,1,2,0,2,0,0,0,0,0,0,0,2,0,7544,2018-06-20,Uruguay,Saudi Arabia,Group Stage,5.4,1,0,0
401,401,413,João Filipe Iria Santos Moutinho,7542,['Right Center Midfield'],0,0,0,82.0,1,1,0,4,0,0,0,5,0,0,0,0,0,0,0,0,0,7,2,0,1,2,7542,2018-06-20,Portugal,Morocco,Group Stage,8.2,0,1,0
402,402,850,Simon Thorup Kjær,7547,['Right Center Back'],0,0,0,87.0,1,0,0,3,0,0,0,0,0,0,0,0,0,0,0,0,0,1,4,0,2,0,7547,2018-06-21,Denmark,Australia,Group Stage,7.5,0,0,1
403,403,184,Antoine Griezmann,7546,['Center Attacking Midfield'],2,1,0,69.0,1,0,1,1,0,0,0,0,0,1,0,0,1,0,0,0,0,0,0,0,4,1,7546,2018-06-21,France,Peru,Group Stage,7.1,0,0,0
404,404,185,Raphaël Varane,7546,['Right Center Back'],1,0,0,79.0,0,0,0,1,0,0,0,0,0,1,1,1,0,0,0,0,0,1,2,0,3,0,7546,2018-06-21,France,Peru,Group Stage,7.0,0,0,1
405,405,186,Olivier Giroud,7546,['Center Forward'],2,0,0,56.00000000000001,2,0,2,1,0,0,0,1,0,0,3,0,1,0,0,0,0,1,1,0,0,2,7546,2018-06-21,France,Peru,Group Stage,7.4,1,0,0
406,406,187,Víctor Yoshimar Yotún Flores,7546,['Left Defensive Midfield'],1,0,0,80.0,0,0,0,0,0,0,0,1,0,1,1,1,1,1,0,0,0,0,0,0,2,2,7546,2018-06-21,France,Peru,Group Stage,6.0,0,1,0
407,407,851,Lasse Schöne,7547,['Right Defensive Midfield'],0,0,0,93.0,0,0,0,2,0,0,0,0,0,0,2,0,2,0,0,0,0,2,1,0,4,3,7547,2018-06-21,Denmark,Australia,Group Stage,6.9,0,1,0
408,408,225,Luka Modrić,7545,['Right Center Midfield'],2,1,1,80.0,2,0,2,0,0,0,0,3,0,1,2,0,1,0,0,0,0,1,0,0,8,0,7545,2018-06-21,Argentina,Croatia,Group Stage,8.6,0,1,0
409,409,199,Christian Guillermo Martín Ramos Garagay,7546,['Right Center Back'],0,0,0,85.0,0,0,2,0,0,0,0,0,0,0,0,0,0,0,0,0,0,0,2,0,5,2,7546,2018-06-21,France,Peru,Group Stage,6.8,0,0,1
410,410,853,Aaron Mooy,7547,['Right Center Midfield'],2,0,0,84.0,3,0,0,1,0,0,0,2,0,1,0,0,1,1,0,0,0,1,3,0,5,1,7547,2018-06-21,Denmark,Australia,Group Stage,7.3,0,1,0
411,411,844,Christian Dannemann Eriksen,7547,['Center Attacking Midfield'],2,1,1,80.0,2,0,0,0,0,0,0,0,0,1,2,0,0,0,0,0,0,2,1,0,4,1,7547,2018-06-21,Denmark,Australia,Group Stage,8.0,0,0,0
412,412,200,André Martín Carrillo Díaz,7546,"['Right Midfield', 'Right Wing']",1,0,0,73.0,2,0,7,0,0,0,0,2,0,1,5,0,2,0,0,0,0,0,0,0,6,2,7546,2018-06-21,France,Peru,Group Stage,6.5,1,1,0
413,413,201,Édison Michael Flores Peralta,7546,"['Left Midfield', 'Left Defensive Midfield']",2,0,0,79.0,2,0,0,1,0,0,0,2,0,1,0,0,1,0,0,0,0,2,0,0,5,1,7546,2018-06-21,France,Peru,Group Stage,6.3,0,1,0
414,414,202,Lucas Hernández Pi,7546,['Left Back'],2,1,0,82.0,0,0,3,1,0,0,0,0,0,1,1,0,0,0,0,0,0,2,2,0,2,4,7546,2018-06-21,France,Peru,Group Stage,7.4,0,0,1
415,415,203,Blaise Matuidi,7546,['Left Wing'],1,0,0,67.0,1,0,0,2,0,0,0,4,0,1,2,2,2,1,0,1,0,2,0,0,6,5,7546,2018-06-21,France,Peru,Group Stage,6.7,1,0,0
416,416,204,Jefferson Agustín Farfán Guadalupe,7546,['Center Attacking Midfield'],1,0,0,87.0,2,0,2,1,0,0,0,3,0,1,1,1,0,0,0,0,0,0,2,0,1,0,7546,2018-06-21,France,Peru,Group Stage,6.4,0,0,0
417,417,205,Anderson Santamaría Bardales,7546,['Left Center Back'],0,0,0,94.0,0,0,1,1,0,0,0,0,0,0,0,0,0,0,0,0,0,1,1,0,3,2,7546,2018-06-21,France,Peru,Group Stage,6.5,0,0,1
418,418,206,Mario Mandžukić,7545,['Center Forward'],3,0,0,68.0,0,0,3,2,0,0,0,4,0,2,3,0,1,0,0,1,0,2,2,0,1,0,7545,2018-06-21,Argentina,Croatia,Group Stage,6.5,1,0,0
419,419,207,Marcelo Brozović,7545,"['Center Defensive Midfield', 'Left Defensive Midfield']",1,0,0,81.0,0,1,0,1,0,0,0,2,0,0,0,0,0,0,0,1,0,0,0,0,3,3,7545,2018-06-21,Argentina,Croatia,Group Stage,8.2,0,1,0
420,420,208,Ivan Strinić,7545,['Left Back'],0,0,0,64.0,0,0,0,0,0,0,0,3,0,0,0,0,0,0,0,0,0,0,4,0,1,1,7545,2018-06-21,Argentina,Croatia,Group Stage,6.8,0,0,1
421,421,209,Domagoj Vida,7545,['Left Center Back'],0,0,0,64.0,0,0,0,1,0,0,0,0,0,0,0,0,0,0,0,0,0,2,1,0,3,1,7545,2018-06-21,Argentina,Croatia,Group Stage,7.0,0,0,1
422,422,224,Ivan Perišić,7545,['Left Midfield'],1,1,0,27.0,0,0,0,0,0,0,0,1,0,0,0,0,1,0,0,0,0,2,0,0,0,3,7545,2018-06-21,Argentina,Croatia,Group Stage,6.8,0,1,0
423,423,223,Enzo Nicolás Pérez,7545,"['Right Center Midfield', 'Center Midfield', 'Right Defensive Midfield']",1,0,0,88.0,0,0,0,1,0,0,0,1,0,1,1,0,1,0,0,0,0,1,0,0,2,1,7545,2018-06-21,Argentina,Croatia,Group Stage,6.3,0,1,0
424,424,222,Marcos Javier Acuña,7545,"['Left Midfield', 'Left Back']",1,0,0,61.0,1,0,2,2,0,0,0,1,0,0,2,1,1,0,0,1,0,2,0,0,6,2,7545,2018-06-21,Argentina,Croatia,Group Stage,6.6,0,1,1
425,425,221,Gabriel Iván Mercado,7545,"['Right Center Back', 'Right Back']",0,0,0,78.0,0,0,0,2,0,0,0,3,0,0,0,0,1,1,0,1,0,4,1,0,1,1,7545,2018-06-21,Argentina,Croatia,Group Stage,5.8,0,0,1
426,426,220,Eduardo Antonio Salvio,7545,['Right Midfield'],0,0,0,79.0,1,0,1,0,0,0,0,0,0,0,0,0,1,0,0,0,0,5,2,0,3,1,7545,2018-06-21,Argentina,Croatia,Group Stage,6.5,0,1,0
427,427,219,Nicolás Hernán Otamendi,7545,"['Center Back', 'Right Center Back']",1,0,0,83.0,0,0,0,1,0,0,0,2,0,1,0,0,0,0,0,0,0,0,1,0,3,1,7545,2018-06-21,Argentina,Croatia,Group Stage,6.3,0,0,1
428,428,218,Javier Alejandro Mascherano,7545,"['Left Center Midfield', 'Center Defensive Midfield', 'Left Defensive Midfield', 'Right Defensive Midfield']",0,0,0,89.0,0,0,0,0,0,0,0,5,0,0,0,0,0,0,0,0,0,1,0,0,5,4,7545,2018-06-21,Argentina,Croatia,Group Stage,6.6,0,1,0
429,429,217,Maximiliano Eduardo Meza,7545,"['Left Attacking Midfield', 'Left Midfield', 'Left Defensive Midfield']",3,1,0,72.0,1,0,3,1,0,0,0,2,0,0,0,0,1,0,0,0,0,1,0,0,4,3,7545,2018-06-21,Argentina,Croatia,Group Stage,6.7,0,1,0
430,430,216,Lionel Andrés Messi Cuccittini,7545,"['Right Attacking Midfield', 'Center Attacking Midfield']",1,0,0,79.0,2,0,4,1,0,0,0,2,0,0,2,0,1,0,0,0,0,1,0,0,4,0,7545,2018-06-21,Argentina,Croatia,Group Stage,7.1,0,0,0
431,431,215,Sergio Leonel Agüero del Castillo,7545,['Center Forward'],1,1,0,80.0,0,0,0,0,0,0,0,0,0,0,1,0,1,0,0,0,0,2,0,0,2,1,7545,2018-06-21,Argentina,Croatia,Group Stage,6.2,1,0,0
432,432,214,Nicolás Alejandro Tagliafico,7545,['Left Center Back'],0,0,0,82.0,1,0,1,1,0,0,0,4,0,0,1,0,0,0,0,1,0,2,3,0,3,1,7545,2018-06-21,Argentina,Croatia,Group Stage,7.2,0,0,1
433,433,213,Ivan Rakitić,7545,"['Left Center Midfield', 'Center Attacking Midfield']",4,2,1,68.0,1,0,2,0,0,0,0,1,0,0,1,0,1,0,0,0,0,4,0,0,3,2,7545,2018-06-21,Argentina,Croatia,Group Stage,8.7,0,1,0
434,434,212,Ante Rebić,7545,['Right Midfield'],2,1,1,33.0,0,0,3,0,0,0,0,5,0,1,4,1,1,0,0,1,0,0,0,0,1,1,7545,2018-06-21,Argentina,Croatia,Group Stage,7.0,0,1,0
435,435,211,Šime Vrsaljko,7545,['Right Back'],0,0,0,77.0,2,0,0,2,0,0,0,2,0,0,1,0,1,0,0,1,0,2,0,0,2,1,7545,2018-06-21,Argentina,Croatia,Group Stage,7.8,0,0,1
436,436,852,Tom Rogić,7547,['Secondary Striker'],3,1,0,70.0,0,0,2,0,0,0,0,0,0,1,3,2,3,0,0,0,0,0,0,0,6,0,7547,2018-06-21,Denmark,Australia,Group Stage,6.9,0,0,0
437,437,210,Dejan Lovren,7545,['Right Center Back'],0,0,0,90.0,0,0,0,0,0,0,0,0,0,0,1,1,0,0,0,0,0,3,7,0,1,1,7545,2018-06-21,Argentina,Croatia,Group Stage,7.0,0,0,1
438,438,198,Paul Pogba,7546,['Left Center Midfield'],1,0,0,75.0,2,0,2,2,0,0,0,2,0,1,1,1,2,1,0,1,0,0,0,0,8,2,7546,2018-06-21,France,Peru,Group Stage,8.0,0,1,0
439,439,196,Kylian Mbappé Lottin,7546,['Right Wing'],2,2,1,68.0,1,0,4,0,0,0,0,0,0,0,1,0,2,2,0,0,0,1,0,0,4,0,7546,2018-06-21,France,Peru,Group Stage,8.2,1,0,0
440,440,854,Trent Sainsbury,7547,['Right Center Back'],0,0,0,93.0,0,0,0,0,0,0,0,0,0,0,0,0,0,0,1,0,0,2,3,0,3,1,7547,2018-06-21,Denmark,Australia,Group Stage,6.8,0,0,1
441,441,855,Josh Risdon,7547,['Right Back'],0,0,0,77.0,0,0,2,3,0,0,0,0,0,0,0,0,0,0,0,0,0,2,2,0,3,6,7547,2018-06-21,Denmark,Australia,Group Stage,7.3,0,0,1
442,442,856,Aziz Eraltay Behich,7547,['Left Back'],0,0,0,81.0,1,0,2,0,0,0,0,0,0,0,0,0,0,0,0,0,0,1,1,0,5,0,7547,2018-06-21,Denmark,Australia,Group Stage,7.3,0,0,1
443,443,857,Mile Jedinak,7547,['Left Center Midfield'],1,1,1,88.0,0,0,1,1,0,0,0,2,0,0,0,0,0,0,0,0,0,2,0,0,2,1,7547,2018-06-21,Denmark,Australia,Group Stage,8.0,0,1,0
444,444,858,Thomas Delaney,7547,['Left Defensive Midfield'],1,0,0,77.0,1,0,1,2,0,0,0,2,0,1,0,0,1,0,0,0,0,2,1,0,2,1,7547,2018-06-21,Denmark,Australia,Group Stage,6.8,0,1,0
445,445,859,Nicolai Jørgensen,7547,['Center Forward'],1,0,0,87.0,1,1,0,0,0,0,0,0,0,1,0,0,2,0,0,0,0,0,1,0,1,0,7547,2018-06-21,Denmark,Australia,Group Stage,7.6,1,0,0
446,446,860,Jens Stryger Larsen,7547,['Left Back'],1,1,0,76.0,0,0,1,2,0,0,0,1,0,0,0,0,1,0,0,0,0,1,2,0,2,0,7547,2018-06-21,Denmark,Australia,Group Stage,7.3,0,0,1
447,447,861,Mathew Leckie,7547,['Right Wing'],5,2,0,77.0,1,0,2,0,0,0,0,0,0,2,4,0,2,1,0,0,0,2,2,0,2,2,7547,2018-06-21,Denmark,Australia,Group Stage,7.0,1,0,0
448,448,862,Andrew Nabbout,7547,['Center Forward'],0,0,0,73.0,1,0,1,0,0,0,0,0,0,0,3,0,3,0,0,0,0,0,0,0,0,2,7547,2018-06-21,Denmark,Australia,Group Stage,6.6,1,0,0
449,449,197,Miguel Ángel Trauco Saavedra,7546,['Left Back'],0,0,0,68.0,0,0,0,3,0,0,0,1,0,0,2,1,1,0,0,0,0,3,1,0,6,2,7546,2018-06-21,France,Peru,Group Stage,7.0,0,0,1
450,450,849,Mark Milligan,7547,['Left Center Back'],0,0,0,92.0,0,0,0,1,0,0,0,1,0,0,0,0,0,0,0,0,0,0,4,0,1,0,7547,2018-06-21,Denmark,Australia,Group Stage,7.4,0,0,1
451,451,848,Pione Sisto Ifolo Emirmija,7547,['Left Wing'],3,1,0,90.0,1,0,6,0,0,0,0,0,0,1,1,1,3,0,0,0,0,2,0,0,5,5,7547,2018-06-21,Denmark,Australia,Group Stage,6.9,1,0,0
452,452,863,Robbie Kruse,7547,['Left Wing'],1,0,0,69.0,0,0,0,1,0,0,0,1,0,0,1,0,0,0,0,0,0,5,0,0,1,1,7547,2018-06-21,Denmark,Australia,Group Stage,6.1,1,0,0
453,453,189,Samuel Yves Umtiti,7546,['Left Center Back'],0,0,0,86.0,0,0,0,2,0,0,0,1,0,0,0,0,0,0,0,0,0,1,3,0,3,0,7546,2018-06-21,France,Peru,Group Stage,7.6,0,0,1
454,454,845,Andreas Christensen,7547,['Left Center Back'],0,0,0,97.0,0,0,0,0,0,0,0,0,0,0,0,0,0,0,0,0,0,1,5,0,4,1,7547,2018-06-21,Denmark,Australia,Group Stage,7.0,0,0,1
455,455,846,Yussuf Yurary Poulsen,7547,['Right Wing'],0,0,0,85.0,0,0,1,1,0,0,0,1,1,0,2,0,1,1,0,1,0,5,0,0,1,1,7547,2018-06-21,Denmark,Australia,Group Stage,5.7,1,0,0
456,456,188,Benjamin Pavard,7546,['Right Back'],0,0,0,86.0,0,0,0,1,0,0,0,2,0,0,0,0,1,0,0,0,0,1,2,0,1,0,7546,2018-06-21,France,Peru,Group Stage,7.5,0,0,1
457,457,195,Christian Alberto Cueva Bravo,7546,"['Center Attacking Midfield', 'Left Wing']",1,0,0,84.0,1,0,0,0,0,0,0,0,0,0,1,0,2,0,0,0,0,0,2,0,5,0,7546,2018-06-21,France,Peru,Group Stage,6.3,1,0,0
458,458,847,Henrik Dalsgaard,7547,['Right Back'],0,0,0,67.0,1,0,0,3,0,0,0,2,0,0,0,0,0,0,0,0,0,2,3,0,3,0,7547,2018-06-21,Denmark,Australia,Group Stage,8.0,0,0,1
459,459,193,Luis Jan Piers Advíncula Castrillón,7546,['Right Back'],1,0,0,85.0,2,0,4,3,0,0,0,0,0,1,1,0,1,1,0,0,0,2,2,0,2,0,7546,2018-06-21,France,Peru,Group Stage,7.8,0,0,1
460,460,192,Pedro Jesús Aquino Sánchez,7546,['Right Defensive Midfield'],1,0,0,84.0,1,0,0,2,0,0,0,3,0,0,0,0,1,1,0,1,0,1,2,0,10,3,7546,2018-06-21,France,Peru,Group Stage,7.8,0,1,0
461,461,191,Alberto Junior Rodríguez Valdelomar,7546,['Left Center Back'],0,0,0,92.0,0,0,0,0,0,0,0,1,0,0,0,0,0,0,0,0,0,1,0,0,3,0,7546,2018-06-21,France,Peru,Group Stage,6.2,0,0,1
462,462,190,N'Golo Kanté,7546,['Right Center Midfield'],0,0,0,90.0,1,0,1,3,0,0,0,1,0,0,2,0,0,0,0,0,0,6,2,0,7,1,7546,2018-06-21,France,Peru,Group Stage,7.9,0,1,0
463,463,194,José Paolo Guerrero Gonzáles,7546,['Center Forward'],4,2,0,62.0,1,0,0,0,0,0,0,1,0,2,4,2,2,0,0,0,0,0,0,0,0,1,7546,2018-06-21,France,Peru,Group Stage,6.1,1,0,0
464,464,95,Valon Behrami,7550,['Right Center Midfield'],0,0,0,97.0,0,0,1,4,0,0,0,2,0,0,1,1,0,0,0,0,0,1,0,0,4,1,7550,2018-06-22,Serbia,Switzerland,Group Stage,7.2,0,1,0
465,465,94,Ricardo Iván Rodríguez Araya,7550,['Left Back'],2,0,0,79.0,3,0,1,1,0,0,0,2,0,1,0,0,1,1,0,0,0,1,0,0,2,1,7550,2018-06-22,Serbia,Switzerland,Group Stage,7.8,0,0,1
466,466,93,Blerim Džemaili,7550,['Center Attacking Midfield'],2,1,0,80.0,1,0,0,2,0,0,0,2,0,1,2,0,5,1,0,0,0,1,0,0,1,0,7550,2018-06-22,Serbia,Switzerland,Group Stage,6.8,0,0,0
467,467,92,Steven Zuber,7550,['Left Wing'],0,0,0,78.0,4,0,1,1,0,0,0,0,0,0,0,0,2,0,0,0,0,0,1,0,2,1,7550,2018-06-22,Serbia,Switzerland,Group Stage,6.6,1,0,0
468,468,91,Dušan Tadić,7550,['Right Wing'],2,1,0,57.99999999999999,2,1,2,0,0,0,0,0,0,1,0,0,1,0,0,0,0,0,1,0,3,0,7550,2018-06-22,Serbia,Switzerland,Group Stage,8.0,1,0,0
469,469,689,Kelechi Promise Iheanacho,7549,['Left Center Forward'],2,0,0,65.0,2,0,2,0,0,0,0,0,0,1,3,0,2,0,0,0,0,1,0,0,1,1,7549,2018-06-22,Nigeria,Iceland,Group Stage,7.0,1,0,0
470,470,688,Brian Oladapo Idowu,7549,['Left Midfield'],0,0,0,82.0,0,0,0,0,0,0,0,2,0,0,0,0,0,0,0,1,0,0,0,0,2,0,7549,2018-06-22,Nigeria,Iceland,Group Stage,6.3,0,1,0
471,471,97,Stephan Lichtsteiner,7550,['Right Back'],1,0,0,82.0,0,0,1,1,0,0,0,0,0,0,2,0,3,1,0,0,0,3,0,0,4,0,7550,2018-06-22,Serbia,Switzerland,Group Stage,6.8,0,0,1
472,472,90,Nemanja Matić,7550,"['Left Center Midfield', 'Right Center Midfield']",1,0,0,77.0,1,0,0,2,0,0,0,4,0,1,1,0,2,1,0,1,0,2,1,0,7,3,7550,2018-06-22,Serbia,Switzerland,Group Stage,6.5,0,1,0
473,473,102,Mario Gavranović,7550,['Secondary Striker'],1,1,0,100.0,1,1,0,0,0,0,0,0,0,0,0,0,0,0,0,0,0,0,0,0,0,0,7550,2018-06-22,Serbia,Switzerland,Group Stage,7.5,0,0,0
474,474,101,Nikola Milenković,7550,['Right Center Back'],0,0,0,93.0,0,0,0,0,0,0,0,0,0,0,0,0,0,0,0,0,0,0,2,0,4,1,7550,2018-06-22,Serbia,Switzerland,Group Stage,6.1,0,0,1
475,475,100,Luka Milivojević,7550,['Right Center Midfield'],0,0,0,83.0,1,0,0,0,0,0,0,2,0,0,0,0,1,0,0,1,0,1,0,0,3,1,7550,2018-06-22,Serbia,Switzerland,Group Stage,6.6,0,1,0
476,476,99,Sergej Milinković-Savić,7550,"['Center Attacking Midfield', 'Left Center Midfield']",1,0,0,78.0,1,0,1,0,0,0,0,4,0,1,4,0,5,0,0,1,0,1,0,0,4,3,7550,2018-06-22,Serbia,Switzerland,Group Stage,5.4,0,1,0
477,477,96,Granit Xhaka,7550,['Left Center Midfield'],2,1,1,87.0,0,0,0,1,0,0,0,1,0,1,0,0,1,1,0,0,0,1,1,0,11,2,7550,2018-06-22,Serbia,Switzerland,Group Stage,8.1,0,1,0
478,478,89,Filip Kostić,7550,['Left Wing'],1,0,0,53.0,0,0,1,1,0,0,0,0,0,1,2,0,1,0,0,0,0,0,0,0,2,0,7550,2018-06-22,Serbia,Switzerland,Group Stage,6.0,1,0,0
479,479,472,Celso Borges Mora,7548,['Right Center Midfield'],1,0,0,80.0,1,0,1,0,0,0,0,0,0,1,1,0,0,0,0,0,0,0,5,0,1,0,7548,2018-06-22,Brazil,Costa Rica,Group Stage,6.6,0,1,0
480,480,87,Aleksandar Kolarov,7550,['Left Back'],0,0,0,73.0,1,0,0,0,0,0,0,2,0,0,0,0,2,1,0,0,0,3,1,0,5,2,7550,2018-06-22,Serbia,Switzerland,Group Stage,6.5,0,0,1
481,481,83,Fabian Lukas Schär,7550,['Right Center Back'],1,0,0,83.0,0,0,0,2,0,0,0,1,0,1,0,0,0,0,0,0,0,1,2,0,6,0,7550,2018-06-22,Serbia,Switzerland,Group Stage,7.0,0,0,1
482,482,687,Ragnar Sigurðsson,7549,['Left Center Back'],0,0,0,43.0,0,0,0,1,0,0,0,1,0,0,0,0,0,0,0,0,0,1,6,0,2,0,7549,2018-06-22,Nigeria,Iceland,Group Stage,6.4,0,0,1
483,483,82,Xherdan Shaqiri,7550,['Right Wing'],7,1,1,86.0,0,0,4,0,0,0,0,2,0,2,3,0,3,1,0,0,0,0,0,0,7,0,7550,2018-06-22,Serbia,Switzerland,Group Stage,8.5,1,0,0
484,484,88,Aleksandar Mitrović,7550,['Center Forward'],6,2,1,74.0,1,0,1,1,0,0,0,4,0,4,2,1,3,0,0,0,0,1,0,0,1,0,7550,2018-06-22,Serbia,Switzerland,Group Stage,7.8,1,0,0
485,485,686,Kári Árnason,7549,['Right Center Back'],0,0,0,55.00000000000001,0,0,0,1,0,0,0,1,0,0,0,0,1,0,0,0,0,1,2,0,4,2,7549,2018-06-22,Nigeria,Iceland,Group Stage,5.7,0,0,1
486,486,685,Hörður Björgvin Magnússon,7549,['Left Back'],0,0,0,47.0,0,0,2,0,0,0,0,2,0,0,2,1,0,0,0,0,0,2,6,0,4,2,7549,2018-06-22,Nigeria,Iceland,Group Stage,6.5,0,0,1
487,487,684,Gylfi Þór Sigurðsson,7549,['Left Defensive Midfield'],3,2,0,69.0,2,0,4,1,0,0,0,2,0,1,5,0,0,0,0,0,0,1,0,0,7,4,7549,2018-06-22,Nigeria,Iceland,Group Stage,6.1,0,1,0
488,488,690,Rúrik Gíslason,7549,['Right Midfield'],1,0,0,70.0,1,0,0,0,0,0,0,2,0,1,1,1,2,0,0,0,0,1,0,0,2,0,7549,2018-06-22,Nigeria,Iceland,Group Stage,6.6,0,1,0
489,489,691,Kenneth Josiah Omeruo,7549,"['Left Center Back', 'Left Back']",1,0,0,63.0,0,1,0,0,0,0,0,1,0,1,0,0,0,0,0,0,0,0,5,0,6,0,7549,2018-06-22,Nigeria,Iceland,Group Stage,8.7,0,0,1
490,490,454,Marcos Danilo Ureña Porras,7548,['Center Forward'],0,0,0,62.0,0,0,0,2,0,0,0,1,0,0,2,1,0,0,0,0,0,0,1,0,3,0,7548,2018-06-22,Brazil,Costa Rica,Group Stage,6.0,1,0,0
491,491,692,Aron Einar Gunnarsson,7549,['Right Defensive Midfield'],0,0,0,64.0,0,0,2,1,0,0,0,0,0,0,0,0,0,0,0,0,0,0,0,0,4,1,7549,2018-06-22,Nigeria,Iceland,Group Stage,6.3,0,1,0
492,492,681,John Michael Nchekwube Obinna,7549,"['Center Midfield', 'Center Defensive Midfield']",0,0,0,83.0,1,0,2,4,0,0,0,2,0,0,1,1,0,0,0,0,0,0,1,0,6,2,7549,2018-06-22,Nigeria,Iceland,Group Stage,7.9,0,1,0
493,493,682,William Troost-Ekong,7549,['Center Back'],2,0,0,80.0,0,0,0,0,0,0,0,0,0,1,0,0,0,0,0,0,0,1,8,0,1,0,7549,2018-06-22,Nigeria,Iceland,Group Stage,6.9,0,0,0
494,494,683,Birkir Bjarnason,7549,"['Left Midfield', 'Right Defensive Midfield']",2,0,0,89.0,1,0,1,2,0,0,0,2,0,1,0,0,4,1,0,0,0,0,1,0,5,1,7549,2018-06-22,Nigeria,Iceland,Group Stage,6.2,0,1,0
495,495,701,Tyronne Ebuehi,7549,['Left Midfield'],0,0,0,92.0,2,0,0,3,0,0,0,1,1,0,1,0,1,1,0,0,0,0,0,0,1,0,7549,2018-06-22,Nigeria,Iceland,Group Stage,6.5,0,1,0
496,496,700,Birkir Már Sævarsson,7549,['Right Back'],0,0,0,70.0,0,0,1,0,0,0,0,0,0,0,1,0,0,0,0,0,0,0,2,0,2,0,7549,2018-06-22,Nigeria,Iceland,Group Stage,5.8,0,0,1
497,497,699,Jón Daði Böðvarsson,7549,['Left Center Forward'],1,0,0,78.0,1,0,0,0,0,0,0,0,0,1,1,0,2,0,0,0,0,2,1,0,2,0,7549,2018-06-22,Nigeria,Iceland,Group Stage,6.6,1,0,0
498,498,698,Alfreð Finnbogason,7549,"['Right Center Forward', 'Center Forward']",2,1,0,80.0,1,0,0,0,0,0,0,1,0,1,2,1,1,0,0,0,0,0,0,0,2,0,7549,2018-06-22,Nigeria,Iceland,Group Stage,6.2,1,0,0
499,499,697,Victor Moses,7549,['Right Midfield'],3,0,0,87.0,1,1,1,1,0,0,0,0,0,2,3,0,1,1,0,0,0,2,5,0,6,0,7549,2018-06-22,Nigeria,Iceland,Group Stage,8.0,0,1,0
500,500,696,Ahmed Musa,7549,"['Right Center Forward', 'Left Center Forward']",3,2,2,83.0,2,0,3,1,0,0,0,2,0,0,0,0,2,2,0,0,0,0,0,0,0,1,7549,2018-06-22,Nigeria,Iceland,Group Stage,9.1,1,0,0
501,501,693,Onyinye Wilfred Ndidi,7549,"['Right Center Midfield', 'Center Midfield']",2,1,0,79.0,1,0,0,2,0,0,0,1,0,0,0,0,3,0,0,0,0,4,1,0,10,3,7549,2018-06-22,Nigeria,Iceland,Group Stage,8.1,0,1,0
502,502,695,Leon Aderemi Balogun,7549,['Right Center Back'],1,0,0,80.0,0,0,0,1,0,0,0,0,0,1,0,0,0,0,0,0,0,0,1,0,4,2,7549,2018-06-22,Nigeria,Iceland,Group Stage,7.2,0,0,1
503,503,455,Carlos Henrique Casimiro,7548,"['Center Defensive Midfield', 'Right Defensive Midfield']",2,2,0,84.0,0,0,1,1,0,0,0,0,0,0,1,0,0,0,0,0,0,2,1,0,7,4,7548,2018-06-22,Brazil,Costa Rica,Group Stage,8.0,0,1,0
504,504,457,Willian Borges da Silva,7548,['Right Wing'],1,0,0,77.0,0,0,2,0,0,0,0,1,0,1,0,0,1,0,0,0,0,0,0,0,2,1,7548,2018-06-22,Brazil,Costa Rica,Group Stage,6.9,1,0,0
505,505,86,Haris Seferović,7550,['Secondary Striker'],0,0,0,25.0,0,0,0,0,0,0,0,1,0,0,0,0,0,0,0,0,0,0,1,0,0,0,7550,2018-06-22,Serbia,Switzerland,Group Stage,6.0,0,0,0
506,506,85,Manuel Obafemi Akanji,7550,['Left Center Back'],2,0,0,91.0,0,0,1,0,0,0,0,2,0,1,0,0,0,0,0,0,0,2,4,0,4,3,7550,2018-06-22,Serbia,Switzerland,Group Stage,8.2,0,0,1
507,507,84,Branislav Ivanović,7550,['Right Back'],0,0,0,78.0,3,0,1,1,0,0,0,1,0,0,0,0,0,0,0,0,0,0,3,0,2,1,7550,2018-06-22,Serbia,Switzerland,Group Stage,7.4,0,0,1
508,508,474,Douglas Costa de Souza,7548,['Right Wing'],0,0,0,82.0,2,1,4,1,0,0,0,0,0,0,3,1,1,0,0,0,0,0,0,0,3,0,7548,2018-06-22,Brazil,Costa Rica,Group Stage,7.8,1,0,0
509,509,473,Gabriel Fernando de Jesus,7548,['Center Forward'],2,0,0,72.0,0,0,1,1,0,0,0,2,0,0,2,0,3,1,0,0,0,4,1,0,1,0,7548,2018-06-22,Brazil,Costa Rica,Group Stage,7.7,1,0,0
510,510,98,Duško Tošić,7550,['Left Center Back'],0,0,0,78.0,0,0,0,4,0,0,0,3,0,0,0,0,1,1,1,0,0,1,4,0,2,1,7550,2018-06-22,Serbia,Switzerland,Group Stage,6.5,0,0,1
511,511,471,Johan Alberto Venegas Ulloa,7548,"['Right Wing', 'Center Forward']",0,0,0,76.0,0,0,2,0,0,0,0,2,0,0,3,0,3,1,0,0,0,3,0,0,4,1,7548,2018-06-22,Brazil,Costa Rica,Group Stage,6.2,1,0,0
512,512,470,Cristian Gamboa Luna,7548,['Right Wing Back'],1,0,0,69.0,1,0,1,2,0,0,0,1,0,1,0,0,1,1,0,0,0,2,0,0,6,2,7548,2018-06-22,Brazil,Costa Rica,Group Stage,7.9,0,0,0
513,513,469,Philippe Coutinho Correia,7548,"['Left Center Midfield', 'Left Attacking Midfield', 'Center Attacking Midfield']",6,3,1,92.0,6,0,0,0,0,0,0,0,0,2,0,0,1,0,0,0,0,1,0,0,5,2,7548,2018-06-22,Brazil,Costa Rica,Group Stage,8.9,0,1,0
514,514,456,José Paulo Bezzera Maciel Júnior,7548,['Right Center Midfield'],0,0,0,92.0,3,0,1,2,0,0,0,1,0,0,0,0,1,0,0,0,0,1,0,0,4,0,7548,2018-06-22,Brazil,Costa Rica,Group Stage,7.9,0,1,0
515,515,468,Neymar da Silva Santos Junior,7548,['Left Wing'],6,3,1,74.0,3,0,3,1,0,0,0,4,0,1,7,0,6,0,0,0,0,1,0,0,3,0,7548,2018-06-22,Brazil,Costa Rica,Group Stage,8.1,1,0,0
516,516,466,Johnny Acosta Zamora,7548,"['Right Center Back', 'Right Wing Back']",0,0,0,70.0,0,0,0,1,0,0,0,0,0,0,2,1,0,0,0,0,0,4,1,0,2,2,7548,2018-06-22,Brazil,Costa Rica,Group Stage,5.6,0,0,1
517,517,465,Giancarlo González Castro,7548,['Center Back'],0,0,0,75.0,0,0,0,0,0,0,0,0,0,0,0,0,0,0,0,0,0,3,6,0,1,0,7548,2018-06-22,Brazil,Costa Rica,Group Stage,5.9,0,0,0
518,518,464,Fágner Conserva Lemos,7548,['Right Back'],0,0,0,93.0,2,0,0,1,0,0,0,0,0,0,1,0,1,1,0,0,0,2,1,0,7,0,7548,2018-06-22,Brazil,Costa Rica,Group Stage,7.1,0,0,1
519,519,463,Thiago Emiliano da Silva,7548,['Right Center Back'],2,0,0,93.0,0,0,0,1,0,0,0,0,0,2,0,0,0,0,0,0,0,1,1,0,5,0,7548,2018-06-22,Brazil,Costa Rica,Group Stage,7.8,0,0,1
520,520,462,Bryan Ruiz González,7548,['Left Wing'],0,0,0,67.0,0,0,2,1,0,0,0,2,0,0,5,3,2,1,0,0,0,4,1,0,7,1,7548,2018-06-22,Brazil,Costa Rica,Group Stage,6.3,1,0,0
521,521,461,Bryan Oviedo,7548,['Left Wing Back'],1,0,0,85.0,0,0,0,2,0,0,0,4,0,0,1,1,1,1,0,0,0,1,2,0,1,3,7548,2018-06-22,Brazil,Costa Rica,Group Stage,5.8,0,0,0
522,522,460,David Alberto Guzmán Pérez,7548,"['Left Center Midfield', 'Left Midfield']",0,0,0,73.0,0,0,0,0,0,0,0,5,0,0,1,0,2,0,0,0,0,4,3,0,6,4,7548,2018-06-22,Brazil,Costa Rica,Group Stage,6.2,0,1,0
523,523,459,Marcelo Vieira da Silva Júnior,7548,['Left Back'],3,1,0,87.0,2,0,1,0,0,0,0,0,0,1,0,0,0,0,0,0,0,3,1,0,9,0,7548,2018-06-22,Brazil,Costa Rica,Group Stage,8.4,0,0,1
524,524,458,Óscar Esau Duarte Gaitán,7548,"['Left Center Back', 'Right Center Back']",1,0,0,75.0,0,0,1,1,0,0,0,2,0,1,0,0,1,0,0,0,0,1,5,0,1,0,7548,2018-06-22,Brazil,Costa Rica,Group Stage,6.4,0,0,1
525,525,467,João Miranda de Souza Filho,7548,['Left Center Back'],0,0,0,98.0,0,0,0,0,0,0,0,3,0,0,0,0,0,0,0,0,0,2,4,0,2,0,7548,2018-06-22,Brazil,Costa Rica,Group Stage,7.3,0,0,1
526,526,694,Oghenekaro Etebo,7549,['Left Center Midfield'],2,1,0,77.0,2,0,1,1,0,0,0,1,0,0,2,1,3,1,0,0,0,1,1,0,8,1,7549,2018-06-22,Nigeria,Iceland,Group Stage,7.7,0,1,0
527,527,597,Andreas Granqvist,7551,['Left Center Back'],1,1,0,80.0,0,0,0,0,0,0,0,1,0,0,0,0,0,0,0,0,0,2,10,0,0,0,7551,2018-06-23,Germany,Sweden,Group Stage,6.0,0,0,1
528,528,603,Joshua Kimmich,7551,['Right Back'],0,0,0,81.0,2,0,1,1,0,0,0,0,0,0,0,0,0,0,0,0,0,1,0,0,6,1,7551,2018-06-23,Germany,Sweden,Group Stage,7.7,0,0,1
529,529,602,Jérôme Boateng,7551,['Right Center Back'],2,0,0,90.0,0,0,0,1,0,0,0,2,0,1,1,0,0,0,0,1,1,1,2,0,3,1,7551,2018-06-23,Germany,Sweden,Group Stage,5.9,0,0,1
530,530,601,Jonas Hector,7551,['Left Back'],2,1,0,90.0,0,0,0,1,0,0,0,1,0,0,0,0,1,0,0,0,0,0,2,0,4,0,7551,2018-06-23,Germany,Sweden,Group Stage,7.3,0,0,1
531,531,600,Toni Kroos,7551,"['Left Defensive Midfield', 'Right Defensive Midfield']",5,1,1,91.0,2,0,3,3,0,0,0,0,0,1,0,0,1,1,0,0,0,2,0,0,6,1,7551,2018-06-23,Germany,Sweden,Group Stage,9.0,0,1,0
532,532,599,Julian Draxler,7551,['Left Wing'],1,0,0,86.0,1,0,0,0,0,0,0,3,0,0,0,0,1,0,0,0,0,0,0,0,0,0,7551,2018-06-23,Germany,Sweden,Group Stage,6.6,1,0,0
533,533,598,Antonio Rüdiger,7551,['Left Center Back'],0,0,0,93.0,0,0,0,0,0,0,0,2,0,0,1,0,0,0,0,0,0,2,2,0,4,0,7551,2018-06-23,Germany,Sweden,Group Stage,7.3,0,0,1
534,534,596,Emil Peter Forsberg,7551,['Left Midfield'],1,1,0,77.0,0,0,2,0,0,0,0,1,0,0,2,0,2,0,0,0,0,2,2,0,2,2,7551,2018-06-23,Germany,Sweden,Group Stage,6.1,0,1,0
535,535,604,Marco Reus,7551,['Center Attacking Midfield'],2,1,1,81.0,0,1,1,0,0,0,0,1,0,0,0,0,1,0,0,0,0,4,0,0,3,2,7551,2018-06-23,Germany,Sweden,Group Stage,8.5,0,0,0
536,536,605,Thomas Müller,7551,['Right Wing'],1,0,0,74.0,2,0,1,2,0,0,0,1,0,1,0,0,1,0,0,0,0,2,1,0,1,0,7551,2018-06-23,Germany,Sweden,Group Stage,7.8,1,0,0
537,537,967,Saîf-Eddine Khaoui,7552,['Left Center Midfield'],2,0,0,86.0,0,0,1,1,0,0,0,2,0,1,2,1,2,0,0,0,0,1,0,0,5,0,7552,2018-06-23,Belgium,Tunisia,Group Stage,6.3,0,1,0
538,538,607,Timo Werner,7551,"['Center Forward', 'Left Wing']",1,0,0,65.0,3,0,1,0,0,0,0,1,0,1,0,0,2,0,0,0,0,3,1,0,2,0,7551,2018-06-23,Germany,Sweden,Group Stage,7.5,1,0,0
539,539,950,Romelu Lukaku Menama,7552,['Center Forward'],2,2,2,74.0,2,0,0,0,0,0,0,1,0,0,0,0,4,1,0,0,0,0,0,0,0,0,7552,2018-06-23,Belgium,Tunisia,Group Stage,9.0,1,0,0
540,540,952,Kevin De Bruyne,7552,"['Right Center Midfield', 'Left Center Midfield', 'Left Attacking Midfield']",0,0,0,87.0,4,0,0,1,0,0,0,0,0,0,1,1,1,0,0,0,0,0,0,0,2,1,7552,2018-06-23,Belgium,Tunisia,Group Stage,7.2,0,1,0
541,541,953,Anga Dedryck Boyata,7552,['Center Back'],0,0,0,94.0,0,0,0,0,0,0,0,1,0,0,0,0,0,0,0,0,0,1,3,0,1,0,7552,2018-06-23,Belgium,Tunisia,Group Stage,6.7,0,0,0
542,542,954,Toby Alderweireld,7552,"['Right Back', 'Right Center Back']",2,0,0,87.0,0,1,0,1,0,0,0,0,0,2,0,0,0,0,0,0,0,1,2,0,5,1,7552,2018-06-23,Belgium,Tunisia,Group Stage,7.5,0,0,1
543,543,955,Thomas Meunier,7552,['Right Midfield'],2,1,0,76.0,1,1,1,1,0,0,0,3,0,1,1,1,1,1,0,0,0,1,0,0,5,0,7552,2018-06-23,Belgium,Tunisia,Group Stage,8.2,0,1,0
544,544,956,Dries Mertens,7552,"['Right Wing', 'Right Center Forward']",0,0,0,77.0,1,1,0,1,0,0,0,1,0,0,1,0,3,1,0,0,0,0,0,0,3,0,7552,2018-06-23,Belgium,Tunisia,Group Stage,7.8,1,0,0
545,545,957,Yassine Meriah,7552,['Left Center Back'],0,0,0,92.0,0,0,0,0,0,0,0,0,0,0,0,0,1,1,0,0,0,2,3,0,2,0,7552,2018-06-23,Belgium,Tunisia,Group Stage,5.4,0,0,1
546,546,958,Ali Maâloul,7552,['Left Back'],0,0,0,86.0,3,0,0,2,0,0,0,0,0,0,1,1,1,0,0,0,0,2,1,0,1,1,7552,2018-06-23,Belgium,Tunisia,Group Stage,5.6,0,0,1
547,547,959,Ferjani Sassi,7552,['Right Center Midfield'],2,0,0,78.0,1,0,1,0,0,0,0,1,0,2,1,1,0,0,0,1,0,1,0,0,6,0,7552,2018-06-23,Belgium,Tunisia,Group Stage,6.8,0,1,0
548,548,960,Jan Vertonghen,7552,['Left Center Back'],0,0,0,83.0,0,0,0,0,0,0,0,1,0,0,0,0,0,0,0,0,0,1,4,0,6,1,7552,2018-06-23,Belgium,Tunisia,Group Stage,6.9,0,0,1
549,549,961,Eden Hazard,7552,"['Left Wing', 'Left Center Forward']",4,3,2,81.0,3,0,2,0,0,1,0,1,0,1,4,1,0,0,0,0,0,1,0,0,4,0,7552,2018-06-23,Belgium,Tunisia,Group Stage,9.3,1,0,0
550,550,962,Yannick Ferreira Carrasco,7552,['Left Midfield'],4,3,0,72.0,2,0,1,0,0,0,0,2,0,1,2,0,1,0,0,0,0,1,0,0,2,0,7552,2018-06-23,Belgium,Tunisia,Group Stage,7.7,0,1,0
551,551,606,Ludwig Augustinsson,7551,['Left Back'],0,0,0,67.0,1,0,0,1,0,0,0,0,0,0,0,0,0,0,0,0,0,1,3,0,3,0,7551,2018-06-23,Germany,Sweden,Group Stage,6.1,0,0,1
552,552,963,Anice Badri,7552,"['Left Center Forward', 'Right Wing', 'Left Wing']",3,2,0,90.0,1,0,1,0,0,0,0,0,0,1,2,0,2,1,0,0,0,2,0,0,1,0,7552,2018-06-23,Belgium,Tunisia,Group Stage,7.1,1,0,0
553,553,965,Fakhreddine Ben Youssef,7552,"['Right Wing', 'Left Wing']",2,0,0,69.0,2,0,0,0,0,0,0,1,0,2,0,0,1,1,0,0,0,1,1,0,1,0,7552,2018-06-23,Belgium,Tunisia,Group Stage,6.8,1,0,0
554,554,966,Ellyes Joris Skhiri,7552,['Center Defensive Midfield'],0,0,0,90.0,3,0,0,1,0,0,0,4,0,0,1,0,0,0,0,0,0,3,0,0,4,1,7552,2018-06-23,Belgium,Tunisia,Group Stage,5.4,0,1,0
555,555,968,Hamdi Nagguez,7552,['Right Back'],0,0,0,74.0,2,1,0,1,0,0,0,0,0,0,0,0,2,0,0,0,0,1,0,0,2,0,7552,2018-06-23,Belgium,Tunisia,Group Stage,7.4,0,0,1
556,556,969,Yohan Benalouane,7552,['Right Center Back'],0,0,0,56.00000000000001,0,0,0,2,0,0,0,3,0,0,0,0,0,0,0,0,0,1,1,0,2,2,7552,2018-06-23,Belgium,Tunisia,Group Stage,7.1,0,0,1
557,557,615,İlkay Gündoğan,7551,"['Right Defensive Midfield', 'Left Defensive Midfield', 'Right Center Back']",1,1,0,92.0,2,0,0,1,0,0,0,0,0,0,2,0,0,0,0,0,0,0,1,0,0,0,7551,2018-06-23,Germany,Sweden,Group Stage,6.8,0,1,1
558,558,614,Sebastian Larsson,7551,['Right Center Midfield'],0,0,0,84.0,1,0,0,1,0,0,0,2,0,0,1,0,0,0,0,1,0,3,6,0,5,1,7551,2018-06-23,Germany,Sweden,Group Stage,6.7,0,1,0
559,559,613,Ola Toivonen,7551,['Right Center Forward'],1,1,1,56.00000000000001,0,0,0,1,0,0,0,4,0,0,0,0,1,0,0,0,0,1,1,0,2,0,7551,2018-06-23,Germany,Sweden,Group Stage,7.2,1,0,0
560,560,612,Victor Nilsson Lindelöf,7551,['Right Center Back'],0,0,0,79.0,0,0,0,0,0,0,0,1,0,0,0,0,0,0,0,0,0,3,4,0,2,0,7551,2018-06-23,Germany,Sweden,Group Stage,5.9,0,0,1
561,561,611,Marcus Berg,7551,['Left Center Forward'],3,2,0,83.0,0,0,0,2,0,0,0,1,0,0,0,0,2,0,0,0,0,1,0,0,0,0,7551,2018-06-23,Germany,Sweden,Group Stage,6.7,1,0,0
562,562,610,Albin Ekdal,7551,['Left Center Midfield'],0,0,0,56.99999999999999,0,0,2,0,0,0,0,1,0,0,0,0,0,0,0,1,0,2,4,0,1,0,7551,2018-06-23,Germany,Sweden,Group Stage,6.4,0,1,0
563,563,609,Mikael Lustig,7551,['Right Back'],0,0,0,73.0,1,0,0,0,0,0,0,2,0,0,0,0,0,0,1,0,0,7,7,0,1,2,7551,2018-06-23,Germany,Sweden,Group Stage,6.5,0,0,1
564,564,608,Viktor Claesson,7551,['Right Midfield'],0,0,0,68.0,1,1,1,0,0,0,0,1,0,0,0,0,1,0,0,0,0,3,1,0,4,1,7551,2018-06-23,Germany,Sweden,Group Stage,7.1,0,1,0
565,565,964,Wahbi Khazri,7552,['Center Forward'],6,2,1,67.0,0,1,0,1,0,0,0,0,0,3,0,0,2,0,0,0,0,1,0,0,1,0,7552,2018-06-23,Belgium,Tunisia,Group Stage,8.3,1,0,0
566,566,951,Axel Witsel,7552,"['Left Center Midfield', 'Right Center Midfield', 'Left Defensive Midfield']",3,0,0,89.0,0,0,0,2,0,0,0,2,0,1,1,1,0,0,0,0,0,1,0,0,7,0,7552,2018-06-23,Belgium,Tunisia,Group Stage,7.3,0,1,0
567,567,507,José Andrés Guardado Hernández,7553,['Left Defensive Midfield'],2,1,0,79.0,1,0,0,1,0,0,0,0,0,0,0,0,1,0,0,0,0,2,0,0,5,1,7553,2018-06-23,South Korea,Mexico,Group Stage,7.7,0,1,0
568,568,510,Seon-Min Moon,7553,"['Right Wing', 'Right Midfield']",2,0,0,73.0,0,0,0,1,0,0,0,1,0,0,2,0,2,1,0,0,0,0,0,0,3,3,7553,2018-06-23,South Korea,Mexico,Group Stage,6.3,1,1,0
569,569,515,Hee-Chan Hwang,7553,"['Left Wing', 'Right Center Forward', 'Left Center Forward']",1,1,0,33.0,2,0,2,2,0,0,0,2,0,0,0,0,1,0,0,0,0,3,0,0,1,3,7553,2018-06-23,South Korea,Mexico,Group Stage,7.3,1,0,0
570,570,514,Jae-Sung Lee,7553,"['Center Attacking Midfield', 'Left Midfield', 'Right Center Midfield', 'Right Midfield']",3,1,0,80.0,1,1,1,1,0,0,0,1,0,0,3,1,2,0,0,0,0,1,1,0,6,4,7553,2018-06-23,South Korea,Mexico,Group Stage,7.3,0,1,0
571,571,513,Javier Hernández Balcázar,7553,['Center Forward'],3,1,1,84.0,1,0,3,0,0,0,0,0,0,2,0,0,3,0,0,0,0,0,0,0,2,3,7553,2018-06-23,South Korea,Mexico,Group Stage,8.1,1,0,0
572,572,512,Min-Woo Kim,7553,['Left Back'],0,0,0,73.0,2,0,0,0,0,0,0,2,0,0,3,0,0,0,0,0,0,1,1,0,3,0,7553,2018-06-23,South Korea,Mexico,Group Stage,6.6,0,0,1
573,573,511,Hirving Rodrigo Lozano Bahena,7553,['Left Wing'],3,0,0,87.0,0,1,2,1,0,0,0,2,0,2,2,0,2,0,0,0,0,1,0,0,3,2,7553,2018-06-23,South Korea,Mexico,Group Stage,7.4,1,0,0
574,574,509,Héctor Miguel Herrera López,7553,"['Right Defensive Midfield', 'Left Center Midfield', 'Right Center Midfield']",1,0,0,87.0,0,0,0,1,0,0,0,1,0,1,2,0,0,0,0,0,0,4,0,0,4,1,7553,2018-06-23,South Korea,Mexico,Group Stage,6.8,0,1,0
575,575,508,Carlos Joel Salcedo Hernández,7553,['Right Center Back'],1,1,0,88.0,0,0,1,1,0,0,0,1,0,0,0,0,0,0,0,0,0,5,3,0,2,1,7553,2018-06-23,South Korea,Mexico,Group Stage,7.1,0,0,1
576,576,505,Miguel Arturo Layún Prado,7553,"['Right Wing', 'Right Back']",1,1,0,73.0,3,0,2,1,0,0,0,0,0,0,1,0,1,0,0,0,0,1,0,0,0,2,7553,2018-06-23,South Korea,Mexico,Group Stage,7.3,1,0,1
577,577,506,Edson Omar Álvarez Velázquez,7553,"['Right Back', 'Right Wing']",1,0,0,90.0,0,0,1,1,0,0,0,0,0,1,1,1,0,0,0,0,0,4,3,0,3,3,7553,2018-06-23,South Korea,Mexico,Group Stage,7.2,1,0,1
578,578,503,Se-Jong Ju,7553,['Right Defensive Midfield'],0,0,0,73.0,0,0,0,1,0,0,0,2,0,0,0,0,1,1,0,0,0,2,0,0,2,1,7553,2018-06-23,South Korea,Mexico,Group Stage,6.8,0,1,0
579,579,502,Héctor Alfredo Moreno Herrera,7553,['Left Center Back'],0,0,0,89.0,1,0,0,2,0,0,0,1,0,0,0,0,1,0,0,0,0,2,1,0,1,0,7553,2018-06-23,South Korea,Mexico,Group Stage,7.1,0,0,1
580,580,501,Jesús Daniel Gallardo Vasconcelos,7553,['Left Back'],0,0,0,83.0,1,0,0,1,0,0,0,1,0,0,0,0,0,0,0,0,0,0,2,0,6,1,7553,2018-06-23,South Korea,Mexico,Group Stage,7.6,0,0,1
581,581,500,Yong Lee,7553,['Right Back'],0,0,0,67.0,0,0,2,5,0,0,0,4,0,0,1,1,0,0,0,1,0,2,1,0,3,1,7553,2018-06-23,South Korea,Mexico,Group Stage,6.5,0,0,1
582,582,499,Hyun-Soo Jang,7553,['Right Center Back'],0,0,0,85.0,0,0,0,0,0,0,0,1,0,0,0,0,0,0,0,0,0,1,2,0,3,1,7553,2018-06-23,South Korea,Mexico,Group Stage,6.2,0,0,1
583,583,498,Young-Gwon Kim,7553,['Left Center Back'],0,0,0,90.0,0,0,2,0,0,0,0,3,0,0,0,0,1,1,0,1,0,0,3,0,0,0,7553,2018-06-23,South Korea,Mexico,Group Stage,6.2,0,0,1
584,584,497,Sung-Yeung Ki,7553,"['Left Defensive Midfield', 'Left Center Midfield']",3,2,0,89.0,0,0,0,0,0,0,0,3,0,0,1,0,0,0,0,0,0,3,1,0,5,0,7553,2018-06-23,South Korea,Mexico,Group Stage,6.6,0,1,0
585,585,496,Heung-Min Son,7553,"['Center Forward', 'Left Center Forward', 'Right Center Forward']",8,2,1,91.0,4,0,5,0,0,0,0,1,0,2,2,0,3,1,0,0,0,1,1,0,4,0,7553,2018-06-23,South Korea,Mexico,Group Stage,8.0,1,0,0
586,586,504,Carlos Alberto Vela Garrido,7553,"['Center Attacking Midfield', 'Right Center Midfield']",2,1,1,85.0,2,0,4,1,0,0,0,2,0,1,3,1,0,0,0,0,0,0,0,0,5,0,7553,2018-06-23,South Korea,Mexico,Group Stage,8.4,0,1,0
587,587,1290,M'Baye Babacar Niang,7556,['Center Forward'],5,3,0,65.0,1,0,1,0,0,0,0,1,0,2,0,0,8,0,0,0,0,1,0,0,3,0,7556,2018-06-24,Japan,Senegal,Group Stage,8.1,1,0,0
588,588,1288,Alfred John Momar N'Diaye,7556,['Center Defensive Midfield'],1,0,0,89.0,0,0,0,0,0,0,0,1,0,1,0,0,0,0,0,0,0,1,0,0,3,1,7556,2018-06-24,Japan,Senegal,Group Stage,6.2,0,1,0
589,589,1289,Yuto Nagatomo,7556,['Left Back'],0,0,0,78.0,0,1,0,2,0,0,0,0,0,0,0,0,0,0,0,0,0,2,2,0,2,1,7556,2018-06-24,Japan,Senegal,Group Stage,7.4,0,0,1
590,590,1291,Idrissa Gana Gueye,7556,['Left Center Midfield'],0,0,0,84.0,0,0,1,2,0,0,0,2,0,0,0,0,0,0,0,0,0,2,0,0,2,2,7556,2018-06-24,Japan,Senegal,Group Stage,7.3,0,1,0
591,591,554,Santiago Arias Naranjo,7555,['Right Back'],1,0,0,87.0,0,0,0,1,0,0,0,1,0,0,0,0,0,0,0,0,0,1,6,0,6,1,7555,2018-06-24,Poland,Colombia,Group Stage,8.0,0,0,1
592,592,1293,Youssouf Sabaly,7556,['Left Back'],2,1,0,72.0,1,0,1,0,0,0,0,4,0,1,0,0,1,0,0,1,0,1,0,0,7,1,7556,2018-06-24,Japan,Senegal,Group Stage,6.3,0,0,1
593,593,1294,Takashi Inui,7556,['Left Midfield'],2,1,1,88.0,0,1,1,0,0,0,0,1,0,0,1,1,2,0,0,1,0,2,0,0,6,1,7556,2018-06-24,Japan,Senegal,Group Stage,8.7,0,1,0
594,594,1287,Hiroki Sakai,7556,['Right Back'],0,0,0,78.0,0,0,0,1,0,0,0,2,0,0,0,0,1,1,0,0,0,1,4,0,2,1,7556,2018-06-24,Japan,Senegal,Group Stage,7.1,0,0,1
595,595,1292,Genki Haraguchi,7556,['Right Midfield'],1,0,0,78.0,1,0,0,1,0,0,0,2,0,1,0,0,5,0,0,0,0,1,1,0,1,0,7556,2018-06-24,Japan,Senegal,Group Stage,6.5,0,1,0
596,596,1286,Papa Alioune N'Diaye,7556,['Right Center Midfield'],1,0,0,73.0,1,0,1,0,0,0,0,1,0,1,0,0,0,0,0,0,0,0,0,0,4,0,7556,2018-06-24,Japan,Senegal,Group Stage,6.6,0,1,0
597,597,1285,Moussa Wagué,7556,['Right Back'],1,1,1,76.0,5,0,1,0,0,0,0,0,0,0,1,0,0,0,0,0,0,1,0,0,3,0,7556,2018-06-24,Japan,Senegal,Group Stage,7.7,0,0,1
598,598,1284,Ismaïla Sarr,7556,['Right Wing'],1,1,0,61.0,1,0,0,0,0,0,0,1,0,0,1,0,2,0,0,0,0,0,0,0,2,1,7556,2018-06-24,Japan,Senegal,Group Stage,7.2,1,0,0
599,599,60,Harry Kane,7554,['Left Center Forward'],3,3,3,75.0,1,0,0,0,0,0,0,0,0,0,1,0,0,0,0,0,0,1,1,0,1,0,7554,2018-06-24,England,Panama,Group Stage,9.6,1,0,0
600,600,59,Gabriel Enrique Gómez Girón,7554,['Center Defensive Midfield'],0,0,0,100.0,0,0,0,1,0,0,0,1,0,0,0,0,0,0,0,0,0,0,1,0,0,0,7554,2018-06-24,England,Panama,Group Stage,6.3,0,1,0
601,601,58,Román Aureliano Torres Morcillo,7554,['Right Center Back'],1,0,0,88.0,0,0,0,0,0,0,0,0,0,1,0,0,0,0,0,0,0,1,3,0,3,0,7554,2018-06-24,England,Panama,Group Stage,5.2,0,0,1
602,602,57,Michael Amir Murillo Bermudez,7554,['Right Back'],1,1,0,82.0,1,0,3,2,0,0,0,2,1,0,0,0,2,1,0,1,0,0,0,0,0,0,7554,2018-06-24,England,Panama,Group Stage,5.4,0,0,1
603,603,56,Armando Enrique Cooper Whitaker,7554,"['Right Center Midfield', 'Left Center Midfield']",0,0,0,90.0,1,0,0,0,0,0,0,2,0,0,3,1,4,0,0,1,0,1,0,0,4,0,7554,2018-06-24,England,Panama,Group Stage,5.8,0,1,0
604,604,55,Fidel Escobar Mendieta,7554,"['Left Center Back', 'Center Defensive Midfield']",0,0,0,92.0,0,0,0,0,0,0,0,2,1,0,0,0,0,0,0,0,0,3,0,0,1,0,7554,2018-06-24,England,Panama,Group Stage,4.7,0,1,1
605,605,54,José Luis Rodríguez Francis,7554,['Left Wing'],1,0,0,89.0,0,0,0,0,0,0,0,1,0,1,2,0,2,0,0,0,0,0,0,0,4,1,7554,2018-06-24,England,Panama,Group Stage,6.3,1,0,0
606,606,53,Edgar Yoel Bárcenas Herrera,7554,['Right Wing'],2,0,0,82.0,2,0,0,1,0,0,0,0,0,2,0,0,0,0,0,0,0,0,0,0,3,0,7554,2018-06-24,England,Panama,Group Stage,6.9,1,0,0
607,607,52,Erick Javier Davis Grajales,7554,['Left Back'],0,0,0,82.0,1,0,0,0,0,0,0,1,0,0,0,0,1,1,0,0,0,0,1,0,3,1,7554,2018-06-24,England,Panama,Group Stage,5.0,0,0,1
608,608,51,Blas Antonio Miguel Pérez Ortega,7554,['Center Forward'],1,0,0,69.0,0,0,0,0,0,0,0,0,0,0,1,0,3,0,0,0,0,0,0,0,1,1,7554,2018-06-24,England,Panama,Group Stage,5.9,1,0,0
609,609,50,Aníbal Cesis Godoy,7554,['Left Center Midfield'],1,0,0,89.0,0,0,0,1,0,0,0,2,0,1,0,0,0,0,0,0,0,0,0,0,1,0,7554,2018-06-24,England,Panama,Group Stage,6.0,0,1,0
610,610,49,Kieran Trippier,7554,['Right Midfield'],0,0,0,86.0,0,1,0,0,0,0,0,1,0,0,0,0,1,0,0,0,0,2,2,0,0,0,7554,2018-06-24,England,Panama,Group Stage,7.8,0,1,0
611,611,48,Jordan Brian Henderson,7554,['Center Defensive Midfield'],1,0,0,84.0,0,0,0,2,0,0,0,0,0,1,0,0,0,0,0,0,0,1,0,0,4,2,7554,2018-06-24,England,Panama,Group Stage,7.4,0,1,0
612,612,47,Ruben Loftus-Cheek,7554,"['Left Center Midfield', 'Right Center Midfield']",1,0,0,91.0,0,0,3,1,0,0,0,2,0,0,1,0,3,1,0,1,0,0,0,0,1,0,7554,2018-06-24,England,Panama,Group Stage,8.1,0,1,0
613,613,46,Raheem Sterling,7554,['Right Center Forward'],2,1,0,91.0,1,1,0,0,0,0,0,6,0,1,1,0,2,1,0,0,0,0,0,0,1,1,7554,2018-06-24,England,Panama,Group Stage,7.6,1,0,0
614,614,45,Kyle Walker,7554,['Right Center Back'],0,0,0,95.0,1,0,1,0,0,0,0,0,0,0,0,0,1,1,0,0,0,1,4,0,3,0,7554,2018-06-24,England,Panama,Group Stage,7.8,0,0,1
615,615,44,Ashley Young,7554,"['Left Midfield', 'Right Midfield']",0,0,0,91.0,0,0,0,0,0,0,0,1,0,0,0,0,1,0,0,0,0,2,0,0,3,1,7554,2018-06-24,England,Panama,Group Stage,6.4,0,1,0
616,616,43,Harry Maguire,7554,['Left Center Back'],0,0,0,93.0,0,0,0,0,0,0,0,1,0,0,1,0,0,0,0,0,0,3,0,0,2,0,7554,2018-06-24,England,Panama,Group Stage,7.1,0,0,1
617,617,42,John Stones,7554,['Center Back'],2,2,2,96.0,0,0,0,1,0,1,0,0,0,0,0,0,0,0,0,0,0,0,4,0,2,0,7554,2018-06-24,England,Panama,Group Stage,9.2,0,0,0
618,618,41,Jesse Lingard,7554,['Right Center Midfield'],2,1,1,94.0,0,0,0,1,0,1,0,3,0,0,1,0,3,1,0,0,0,1,0,0,1,0,7554,2018-06-24,England,Panama,Group Stage,8.1,0,1,0
619,619,1277,Shinji Kagawa,7556,['Center Attacking Midfield'],0,0,0,80.0,1,0,2,0,0,0,0,0,0,0,1,0,2,1,0,0,0,0,0,0,5,1,7556,2018-06-24,Japan,Senegal,Group Stage,7.0,0,0,0
620,620,1278,Makoto Hasebe,7556,['Right Defensive Midfield'],1,0,0,81.0,0,0,0,0,0,0,0,1,0,0,0,0,0,0,0,1,0,1,0,0,5,1,7556,2018-06-24,Japan,Senegal,Group Stage,6.7,0,1,0
621,621,1279,Maya Yoshida,7556,['Right Center Back'],0,0,0,75.0,0,0,0,0,0,0,0,1,0,0,0,0,0,0,0,0,0,2,7,0,3,0,7556,2018-06-24,Japan,Senegal,Group Stage,6.8,0,0,1
622,622,1280,Gen Shōji,7556,['Left Center Back'],0,0,0,87.0,0,0,0,2,0,0,0,0,0,0,1,0,0,0,0,0,0,0,4,0,2,0,7556,2018-06-24,Japan,Senegal,Group Stage,6.7,0,0,1
623,623,1281,Salif Sané,7556,['Right Center Back'],1,0,0,70.0,0,0,0,0,0,0,0,0,0,0,0,0,0,0,0,0,0,2,5,0,7,1,7556,2018-06-24,Japan,Senegal,Group Stage,7.3,0,0,1
624,624,1282,Gaku Shibasaki,7556,['Left Defensive Midfield'],0,0,0,70.0,0,0,1,0,0,0,0,1,0,0,0,0,0,0,0,0,0,0,1,0,6,0,7556,2018-06-24,Japan,Senegal,Group Stage,6.4,0,1,0
625,625,1283,Kalidou Koulibaly,7556,['Left Center Back'],0,0,0,85.0,0,0,0,1,0,0,0,1,0,0,0,0,0,0,0,0,0,1,2,0,2,2,7556,2018-06-24,Japan,Senegal,Group Stage,6.6,0,0,1
626,626,1295,Yūya Ōsako,7556,"['Center Forward', 'Right Center Forward']",2,1,0,68.0,2,0,2,1,0,0,0,0,0,0,4,0,3,0,0,0,0,0,0,0,1,0,7556,2018-06-24,Japan,Senegal,Group Stage,6.5,1,0,0
627,627,1296,Sadio Mané,7556,['Left Wing'],1,1,1,69.0,1,0,1,1,0,0,0,2,0,0,3,1,4,2,0,0,0,1,0,0,6,0,7556,2018-06-24,Japan,Senegal,Group Stage,7.6,1,0,0
628,628,555,Andrés Mateus Uribe Villa,7555,['Right Defensive Midfield'],1,0,0,86.0,0,0,1,0,0,0,0,1,0,0,2,0,1,1,0,0,0,4,1,0,4,1,7555,2018-06-24,Poland,Colombia,Group Stage,7.2,0,1,0
629,629,539,Łukasz Piszczek,7555,['Right Center Back'],0,0,0,71.0,2,0,0,0,0,0,0,0,0,0,1,0,3,1,0,0,0,0,5,0,4,5,7555,2018-06-24,Poland,Colombia,Group Stage,5.5,0,0,1
630,630,538,Johan Andrés Mojica Palacio,7555,['Left Back'],0,0,0,55.00000000000001,0,0,3,1,0,0,0,0,0,0,1,1,1,1,0,0,0,2,2,0,8,2,7555,2018-06-24,Poland,Colombia,Group Stage,7.0,0,0,1
631,631,537,Jan Bednarek,7555,['Center Back'],0,0,0,81.0,0,0,0,0,0,0,0,2,0,0,0,0,0,0,0,1,0,4,6,0,5,0,7555,2018-06-24,Poland,Colombia,Group Stage,6.5,0,0,0
632,632,536,Robert Lewandowski,7555,['Center Forward'],5,2,0,71.0,1,0,3,1,0,0,0,3,0,2,3,0,3,0,0,0,0,1,1,0,3,2,7555,2018-06-24,Poland,Colombia,Group Stage,6.6,1,0,0
633,633,542,Juan Fernando Quintero Paniagua,7555,['Center Attacking Midfield'],2,0,0,75.0,0,1,0,0,0,0,0,2,0,1,0,0,4,2,0,0,0,1,0,0,5,1,7555,2018-06-24,Poland,Colombia,Group Stage,7.6,0,0,0
634,634,543,Jacek Góralski,7555,['Left Center Midfield'],0,0,0,79.0,0,0,1,4,0,0,0,4,0,0,0,0,0,0,0,1,0,4,1,0,3,2,7555,2018-06-24,Poland,Colombia,Group Stage,7.2,0,1,0
635,635,544,Grzegorz Krychowiak,7555,['Right Center Midfield'],1,0,0,78.0,1,0,0,2,0,0,0,2,0,0,0,0,0,0,0,0,0,2,1,0,5,1,7555,2018-06-24,Poland,Colombia,Group Stage,7.6,0,1,0
636,636,545,Maciej Rybus,7555,['Left Midfield'],0,0,0,74.0,1,0,1,1,0,0,0,1,0,0,1,1,3,1,0,0,0,2,5,0,4,1,7555,2018-06-24,Poland,Colombia,Group Stage,7.4,0,1,0
637,637,546,Piotr Zieliński,7555,['Right Wing'],2,0,0,77.0,0,0,3,2,0,0,0,1,0,1,0,0,1,0,0,0,0,0,0,0,4,3,7555,2018-06-24,Poland,Colombia,Group Stage,7.0,1,0,0
638,638,541,James David Rodríguez Rubio,7555,['Left Wing'],2,0,0,85.0,1,2,7,1,0,0,0,1,0,1,0,0,2,0,0,0,0,1,0,0,11,1,7555,2018-06-24,Poland,Colombia,Group Stage,9.1,1,0,0
639,639,540,Wílmar Enrique Barrios Terán,7555,['Left Defensive Midfield'],0,0,0,80.0,0,0,1,1,0,0,0,1,0,0,1,1,1,1,0,0,0,1,2,0,9,1,7555,2018-06-24,Poland,Colombia,Group Stage,7.0,0,1,0
640,640,552,Radamel Falcao García Zárate,7555,['Center Forward'],2,1,1,71.0,0,0,2,1,0,0,0,1,0,1,4,1,4,0,0,0,0,0,3,0,4,0,7555,2018-06-24,Poland,Colombia,Group Stage,7.4,1,0,0
641,641,551,Yerry Fernando Mina González,7555,['Right Center Back'],1,1,1,81.0,0,0,0,4,0,0,0,2,0,0,0,0,0,0,0,0,0,1,3,0,2,1,7555,2018-06-24,Poland,Colombia,Group Stage,8.3,0,0,1
642,642,550,Bartosz Bereszyński,7555,['Right Midfield'],1,0,0,76.0,1,0,1,0,0,0,0,0,0,1,2,0,0,0,0,0,0,3,2,0,3,1,7555,2018-06-24,Poland,Colombia,Group Stage,6.3,0,1,0
643,643,549,Dawid Kownacki,7555,['Left Wing'],1,0,0,74.0,1,0,0,0,0,0,0,2,0,0,1,0,3,1,0,0,0,0,1,0,4,1,7555,2018-06-24,Poland,Colombia,Group Stage,5.9,1,0,0
644,644,548,Juan Guillermo Cuadrado Bello,7555,['Right Wing'],3,1,1,83.0,3,0,5,1,0,0,0,0,0,2,3,1,1,0,0,0,0,1,3,0,12,0,7555,2018-06-24,Poland,Colombia,Group Stage,8.6,1,0,0
645,645,547,Michał Pazdan,7555,['Left Center Back'],0,0,0,80.0,0,0,0,0,0,0,0,1,0,0,0,0,0,0,0,0,0,2,3,0,1,1,7555,2018-06-24,Poland,Colombia,Group Stage,5.8,0,0,1
646,646,553,Davinson Sánchez Mina,7555,['Left Center Back'],0,0,0,74.0,1,0,0,0,0,0,0,1,0,0,0,0,0,0,0,0,0,2,2,0,5,1,7555,2018-06-24,Poland,Colombia,Group Stage,7.0,0,0,1
647,647,821,Mário Figueira Fernandes,7558,['Right Back'],0,0,0,73.0,1,0,0,0,0,0,0,0,0,0,0,0,0,0,0,0,0,2,1,0,3,0,7558,2018-06-25,Uruguay,Russia,Group Stage,6.8,0,0,1
648,648,1315,Motaz Ali Hassan Hawsawi,7559,['Left Center Back'],0,0,0,87.0,0,0,0,2,0,0,0,0,0,0,0,0,1,0,0,0,0,1,0,0,3,1,7559,2018-06-25,Saudi Arabia,Egypt,Group Stage,7.2,0,0,1
649,649,1314,Tarek Hamed,7559,['Left Center Midfield'],0,0,0,87.0,0,0,0,0,0,0,0,4,0,0,0,0,1,1,0,0,0,1,0,0,8,4,7559,2018-06-25,Saudi Arabia,Egypt,Group Stage,6.4,0,1,0
650,650,1313,Mahmoud Ibrahim Hassan,7559,"['Left Wing', 'Right Wing']",3,0,0,71.0,2,0,1,0,0,0,0,0,0,3,0,0,2,0,0,0,0,1,0,0,2,0,7559,2018-06-25,Saudi Arabia,Egypt,Group Stage,7.0,1,0,0
651,651,822,Daler Kuzyaev,7558,['Right Defensive Midfield'],0,0,0,87.0,0,0,1,0,0,0,0,2,0,0,0,0,2,1,0,0,0,1,1,0,1,1,7558,2018-06-25,Uruguay,Russia,Group Stage,6.1,0,1,0
652,652,990,Diego da Silva Costa,7560,['Center Forward'],2,0,0,89.0,2,0,1,0,0,0,0,0,0,2,4,0,3,0,0,0,0,0,0,0,3,0,7560,2018-06-25,Spain,Morocco,Group Stage,5.8,1,0,0
653,653,820,Rodrigo Bentancur Colmán,7558,['Center Attacking Midfield'],2,1,0,79.0,0,0,1,2,0,0,0,6,0,0,2,0,2,0,0,1,0,1,0,0,2,2,7558,2018-06-25,Uruguay,Russia,Group Stage,6.4,0,0,0
654,654,804,Sergei Ignashevich,7558,['Left Center Back'],0,0,0,79.0,0,0,0,0,0,0,0,1,0,0,0,0,0,0,0,0,0,3,10,0,0,0,7558,2018-06-25,Uruguay,Russia,Group Stage,5.9,0,0,1
655,655,805,Artem Dzyuba,7558,['Center Forward'],1,0,0,62.0,1,0,1,0,0,0,0,7,0,1,4,1,1,0,0,0,0,2,2,0,3,0,7558,2018-06-25,Uruguay,Russia,Group Stage,6.2,1,0,0
656,656,806,Sebastián Coates Nión,7558,['Right Center Back'],0,0,0,94.0,0,0,0,0,0,0,0,3,0,0,0,0,0,0,0,0,0,2,1,0,1,1,7558,2018-06-25,Uruguay,Russia,Group Stage,7.0,0,0,1
657,657,807,José Martín Cáceres Silva,7558,['Right Back'],1,0,0,83.0,1,0,0,0,0,0,0,0,0,1,0,0,2,0,0,0,0,1,0,0,1,0,7558,2018-06-25,Uruguay,Russia,Group Stage,6.8,0,0,1
658,658,808,Diego Roberto Godín Leal,7558,['Left Center Back'],2,1,0,90.0,0,0,0,0,0,0,0,1,0,1,0,0,0,0,0,0,0,0,5,0,5,0,7558,2018-06-25,Uruguay,Russia,Group Stage,7.5,0,0,1
659,659,809,Diego Sebastián Laxalt Suárez,7558,['Left Back'],1,0,0,76.0,2,0,1,0,0,0,0,2,0,0,0,0,0,0,0,0,0,0,0,0,4,2,7558,2018-06-25,Uruguay,Russia,Group Stage,7.7,0,0,1
660,660,810,Matías Vecino Falero,7558,"['Left Midfield', 'Right Center Midfield']",1,0,0,88.0,1,0,0,1,0,0,0,3,0,1,0,0,1,0,0,0,0,0,0,0,5,0,7558,2018-06-25,Uruguay,Russia,Group Stage,7.1,0,1,0
661,661,1312,Mohamed Salah,7559,"['Center Attacking Midfield', 'Right Center Forward', 'Center Forward']",2,1,1,75.0,3,0,6,0,0,0,0,1,0,1,5,0,1,1,0,0,0,0,0,0,5,2,7559,2018-06-25,Saudi Arabia,Egypt,Group Stage,7.9,1,0,0
662,662,811,Nahitan Michel Nández Acosta,7558,['Right Midfield'],0,0,0,83.0,0,0,1,2,0,0,0,2,0,0,1,1,3,0,0,0,0,3,0,0,2,1,7558,2018-06-25,Uruguay,Russia,Group Stage,7.1,0,1,0
663,663,813,Edinson Roberto Cavani Gómez,7558,"['Right Center Forward', 'Left Center Forward']",4,1,1,81.0,0,0,2,2,0,0,0,2,0,1,0,0,3,0,0,0,0,2,0,0,3,0,7558,2018-06-25,Uruguay,Russia,Group Stage,7.7,1,0,0
664,664,814,Yury Gazinskiy,7558,"['Left Defensive Midfield', 'Right Defensive Midfield']",0,0,0,77.0,0,0,0,1,0,0,0,1,0,0,1,1,0,0,0,0,0,0,0,0,2,0,7558,2018-06-25,Uruguay,Russia,Group Stage,5.8,0,1,0
665,665,815,Aleksandr Samedov,7558,['Right Wing'],0,0,0,82.0,0,0,0,1,0,0,0,0,0,0,0,0,1,0,0,0,0,1,0,0,0,0,7558,2018-06-25,Uruguay,Russia,Group Stage,6.4,1,0,0
666,666,816,Lucas Torreira Di Pascua,7558,['Center Defensive Midfield'],1,0,0,88.0,1,0,0,0,0,0,0,0,0,0,0,0,1,0,0,0,0,2,3,0,3,2,7558,2018-06-25,Uruguay,Russia,Group Stage,7.1,0,1,0
667,667,817,Luis Alberto Suárez Díaz,7558,"['Left Center Forward', 'Right Center Forward']",1,1,1,68.0,1,0,0,0,0,0,0,0,0,0,0,0,4,0,0,0,0,0,0,0,2,0,7558,2018-06-25,Uruguay,Russia,Group Stage,8.1,1,0,0
668,668,818,Roman Zobnin,7558,"['Right Defensive Midfield', 'Left Defensive Midfield']",1,0,0,82.0,1,0,2,1,0,0,0,1,0,0,1,0,0,0,0,0,0,3,1,0,4,2,7558,2018-06-25,Uruguay,Russia,Group Stage,7.3,0,1,0
669,669,819,Ilya Kutepov,7558,['Right Center Back'],0,0,0,82.0,0,0,0,0,0,0,0,1,0,0,0,0,1,1,0,0,0,1,5,0,3,0,7558,2018-06-25,Uruguay,Russia,Group Stage,5.8,0,0,1
670,670,812,Fedor Kudryashov,7558,['Left Back'],0,0,0,84.0,0,0,0,0,0,0,0,2,0,0,0,0,0,0,0,0,0,3,0,0,3,2,7558,2018-06-25,Uruguay,Russia,Group Stage,5.7,0,0,1
671,671,1009,Romain Saïss,7560,['Left Center Back'],0,0,0,76.0,0,0,0,1,0,0,0,0,0,0,0,0,0,0,0,0,0,3,4,0,1,0,7560,2018-06-25,Spain,Morocco,Group Stage,7.3,0,0,1
672,672,1003,Younès Belhanda,7560,['Left Center Midfield'],0,0,0,94.0,1,0,0,0,0,0,0,1,0,0,1,1,1,0,0,0,0,1,0,0,1,4,7560,2018-06-25,Spain,Morocco,Group Stage,6.4,0,1,0
673,673,1007,Nabil Dirar,7560,['Right Back'],1,0,0,79.0,1,0,3,0,0,0,0,2,0,1,0,0,1,1,0,0,0,5,2,0,3,2,7560,2018-06-25,Spain,Morocco,Group Stage,6.4,0,0,1
674,674,1311,Osama Abdulrezag Hawsawi,7559,['Right Center Back'],0,0,0,86.0,0,0,0,1,0,0,0,2,0,0,0,0,0,0,0,0,0,0,1,0,3,1,7559,2018-06-25,Saudi Arabia,Egypt,Group Stage,6.8,0,0,1
675,675,1310,Mohammed Al Burayk,7559,['Right Back'],2,0,0,91.0,0,0,0,0,0,0,0,0,0,1,0,0,2,1,0,0,0,1,1,0,2,1,7559,2018-06-25,Saudi Arabia,Egypt,Group Stage,7.5,0,0,1
676,676,1309,Salman Mohammed Al Faraj,7559,"['Left Center Midfield', 'Left Wing']",3,1,1,82.0,5,0,3,1,0,0,0,1,0,1,1,1,4,1,0,0,0,1,0,0,4,1,7559,2018-06-25,Saudi Arabia,Egypt,Group Stage,8.8,1,1,0
677,677,1308,Salem Mohammed Al Dawsari,7559,"['Left Midfield', 'Left Wing', 'Center Attacking Midfield']",4,2,1,94.0,2,0,6,1,0,0,0,0,0,2,1,0,1,0,0,0,0,1,0,0,5,1,7559,2018-06-25,Saudi Arabia,Egypt,Group Stage,8.3,1,1,0
678,678,1307,Hussain Al Mogahwi,7559,"['Right Center Midfield', 'Left Center Midfield']",4,1,0,94.0,2,0,1,1,0,0,0,1,0,2,0,0,1,0,0,0,0,1,1,0,5,0,7559,2018-06-25,Saudi Arabia,Egypt,Group Stage,7.7,0,1,0
679,679,1306,Hattan Babhir,7559,['Right Midfield'],3,1,0,76.0,0,0,0,0,0,0,0,1,0,2,0,0,2,1,0,0,0,0,0,0,4,1,7559,2018-06-25,Saudi Arabia,Egypt,Group Stage,6.5,0,1,0
680,680,803,Aleksey Miranchuk,7558,"['Center Attacking Midfield', 'Left Wing']",0,0,0,75.0,0,0,1,2,0,0,0,1,0,0,1,0,1,0,0,0,0,0,0,0,4,0,7558,2018-06-25,Uruguay,Russia,Group Stage,6.5,1,0,0
681,681,1304,Abdalla Mahmoud El Said Bekhit,7559,['Right Wing'],0,0,0,56.99999999999999,0,1,0,1,0,0,0,0,0,0,0,0,2,0,0,0,0,0,0,0,1,2,7559,2018-06-25,Saudi Arabia,Egypt,Group Stage,7.1,1,0,0
682,682,1303,Abdullah Ibrahim Otayf,7559,['Center Defensive Midfield'],2,0,0,93.0,1,1,2,0,0,0,0,1,0,0,0,0,1,1,0,0,0,0,0,0,4,3,7559,2018-06-25,Saudi Arabia,Egypt,Group Stage,8.5,0,1,0
683,683,1302,Mohamed Abdul Shafy Sayed Abouezeid,7559,['Left Back'],0,0,0,84.0,0,0,1,0,0,0,0,0,0,0,0,0,0,0,0,0,0,1,1,0,4,0,7559,2018-06-25,Saudi Arabia,Egypt,Group Stage,6.9,0,0,1
684,684,1301,Ahmed Elsayed Ali Elsayed Hegazy,7559,['Left Center Back'],0,0,0,83.0,0,0,0,1,0,0,0,0,0,0,1,1,0,0,0,0,0,4,8,0,2,0,7559,2018-06-25,Saudi Arabia,Egypt,Group Stage,7.0,0,0,1
685,685,1300,Ali Gabr,7559,['Right Center Back'],0,0,0,84.0,0,0,0,1,0,0,0,1,1,0,0,0,0,0,0,1,0,0,5,0,1,0,7559,2018-06-25,Saudi Arabia,Egypt,Group Stage,6.4,0,0,1
686,686,1299,Ahmed Fathy Abdel Meneim Ibrahim,7559,['Right Back'],0,0,0,70.0,1,0,0,4,0,0,0,6,1,0,0,0,1,1,0,1,0,4,3,0,1,5,7559,2018-06-25,Saudi Arabia,Egypt,Group Stage,6.2,0,0,1
687,687,1298,Mohamed Naser Elsayed Elneny,7559,['Right Center Midfield'],1,0,0,95.0,0,0,0,0,0,0,0,1,0,1,2,1,0,0,0,0,0,1,1,0,1,0,7559,2018-06-25,Saudi Arabia,Egypt,Group Stage,6.1,0,1,0
688,688,1008,Mbark Boussoufa,7560,"['Right Center Midfield', 'Right Midfield']",1,0,0,84.0,0,0,0,1,0,0,0,2,0,1,1,1,1,1,0,0,0,0,2,0,2,3,7560,2018-06-25,Spain,Morocco,Group Stage,6.2,0,1,0
689,689,1297,Marwan Mohsen,7559,"['Center Forward', 'Left Center Forward']",1,0,0,39.0,0,0,1,0,0,0,0,2,0,1,1,1,0,0,0,0,0,0,2,0,1,1,7559,2018-06-25,Saudi Arabia,Egypt,Group Stage,6.4,1,0,0
690,690,993,David Josué Jiménez Silva,7560,['Right Wing'],1,0,0,80.0,2,0,0,1,0,0,0,0,0,1,0,0,0,0,0,0,0,0,0,0,0,1,7560,2018-06-25,Spain,Morocco,Group Stage,7.0,1,0,0
691,691,994,Sergio Ramos García,7560,['Left Center Back'],1,0,0,95.0,0,0,0,2,0,0,0,1,0,1,0,0,1,0,0,0,0,0,1,0,4,1,7560,2018-06-25,Spain,Morocco,Group Stage,6.8,0,0,1
692,692,995,Jordi Alba Ramos,7560,['Left Back'],0,0,0,92.0,1,0,1,0,0,0,0,0,0,0,1,0,1,0,0,0,0,3,0,0,4,1,7560,2018-06-25,Spain,Morocco,Group Stage,6.7,0,0,1
693,693,996,Francisco Román Alarcón Suárez,7560,"['Left Wing', 'Center Attacking Midfield']",3,1,1,87.0,6,0,6,1,0,0,0,1,0,1,1,0,1,0,0,0,0,0,0,0,2,2,7560,2018-06-25,Spain,Morocco,Group Stage,9.2,1,0,0
694,694,997,Andrés Iniesta Luján,7560,['Left Midfield'],2,0,0,89.0,2,1,2,0,0,0,0,0,0,1,1,1,1,0,0,0,0,0,1,0,1,1,7560,2018-06-25,Spain,Morocco,Group Stage,7.8,0,1,0
695,695,998,Gerard Piqué Bernabéu,7560,['Right Center Back'],3,1,0,91.0,1,0,0,1,0,0,0,1,0,2,0,0,0,0,0,0,0,2,0,0,4,0,7560,2018-06-25,Spain,Morocco,Group Stage,7.0,0,0,1
696,696,999,Karim El Ahmadi Al Aroos,7560,['Center Defensive Midfield'],0,0,0,100.0,1,0,0,1,0,0,0,1,0,0,0,0,0,0,0,1,0,0,1,0,7,0,7560,2018-06-25,Spain,Morocco,Group Stage,6.5,0,1,0
697,697,1000,Nordin Amrabat,7560,"['Right Midfield', 'Right Center Midfield']",1,0,0,75.0,1,0,1,2,0,0,0,6,0,0,3,1,2,0,0,1,0,2,0,0,6,1,7560,2018-06-25,Spain,Morocco,Group Stage,6.6,0,1,0
698,698,1001,Hakim Ziyech,7560,['Left Midfield'],2,0,0,74.0,1,0,1,1,0,0,0,1,0,1,2,2,2,1,0,0,0,2,0,0,4,2,7560,2018-06-25,Spain,Morocco,Group Stage,6.8,0,1,0
699,699,1002,Achraf Hakimi Mouh,7560,['Left Back'],0,0,0,75.0,1,0,3,1,0,0,0,0,0,0,1,1,0,0,0,0,0,0,5,0,5,1,7560,2018-06-25,Spain,Morocco,Group Stage,6.9,0,0,1
700,700,991,Sergio Busquets i Burgos,7560,"['Center Midfield', 'Center Defensive Midfield']",1,0,0,89.0,0,0,0,0,0,0,0,1,0,1,0,0,0,0,0,0,0,2,0,0,3,0,7560,2018-06-25,Spain,Morocco,Group Stage,6.7,0,1,0
701,701,1004,Daniel Carvajal Ramos,7560,['Right Back'],0,0,0,82.0,1,1,0,2,0,0,0,0,0,0,2,1,1,1,0,0,0,1,0,0,4,3,7560,2018-06-25,Spain,Morocco,Group Stage,7.0,0,0,1
702,702,1005,Khalid Boutaïb,7560,['Center Forward'],2,2,1,73.0,0,0,1,0,0,0,0,1,0,0,0,0,3,1,0,0,0,0,0,0,2,1,7560,2018-06-25,Spain,Morocco,Group Stage,7.7,1,0,0
703,703,1006,Manuel Marouan da Costa Trinidade,7560,['Right Center Back'],0,0,0,63.0,0,0,0,1,0,0,0,2,0,0,0,0,0,0,0,1,0,4,4,0,2,1,7560,2018-06-25,Spain,Morocco,Group Stage,6.2,0,0,1
704,704,992,Thiago Alcântara do Nascimento,7560,['Right Midfield'],2,0,0,99.0,0,0,3,0,0,0,0,1,0,2,0,0,0,0,0,0,0,0,0,0,4,1,7560,2018-06-25,Spain,Morocco,Group Stage,7.6,0,1,0
705,705,1305,Yasir Gharsan Al Shahrani,7559,['Left Back'],1,0,0,81.0,0,0,0,1,0,0,0,0,0,1,0,0,1,0,0,0,0,1,3,0,5,0,7559,2018-06-25,Saudi Arabia,Egypt,Group Stage,7.6,0,0,1
706,706,1317,Amr Medhat Warda,7559,"['Right Wing', 'Center Attacking Midfield']",1,0,0,69.0,0,0,0,0,0,0,0,0,0,0,0,0,0,0,0,0,0,2,0,0,4,1,7559,2018-06-25,Saudi Arabia,Egypt,Group Stage,6.3,1,0,0
707,707,412,Ehsan Hajsafi,7557,['Left Back'],0,0,0,83.0,0,0,1,2,0,0,0,0,0,0,0,0,0,0,0,0,0,1,0,0,1,0,7557,2018-06-25,Iran,Portugal,Group Stage,7.0,0,0,1
708,708,395,Cédric Ricardo Alves Soares,7557,['Right Back'],0,0,0,75.0,1,0,2,1,0,0,0,2,1,0,1,0,0,0,0,0,0,2,1,0,4,0,7557,2018-06-25,Iran,Portugal,Group Stage,6.9,0,0,1
709,709,394,William Silva de Carvalho,7557,['Left Defensive Midfield'],0,0,0,88.0,1,0,0,0,0,0,0,1,0,0,1,1,0,0,0,0,0,1,1,0,7,0,7557,2018-06-25,Iran,Portugal,Group Stage,7.2,0,1,0
710,710,393,André Miguel Valente Silva,7557,['Right Center Forward'],2,0,0,80.0,0,0,2,0,0,0,0,0,0,2,1,0,2,1,0,0,0,0,1,0,1,0,7557,2018-06-25,Iran,Portugal,Group Stage,6.8,1,0,0
711,711,398,Ramin Rezaeian,7557,['Right Back'],1,0,0,53.0,1,0,0,0,0,0,0,2,0,1,0,0,1,0,0,0,0,0,3,0,7,0,7557,2018-06-25,Iran,Portugal,Group Stage,6.7,0,0,1
712,712,399,Raphaël Adelino José Guerreiro,7557,['Left Back'],1,0,0,87.0,0,0,3,0,0,0,0,2,0,0,0,0,2,0,0,0,0,3,1,0,3,1,7557,2018-06-25,Iran,Portugal,Group Stage,7.3,0,0,1
713,713,400,João Mário Naval da Costa Eduardo,7557,['Left Midfield'],1,0,0,92.0,3,0,0,0,0,0,0,0,0,1,0,0,0,0,0,0,0,1,0,0,4,1,7557,2018-06-25,Iran,Portugal,Group Stage,7.2,0,1,0
714,714,1316,Fahad Mosaed Al Muwallad Al Harbi,7559,"['Center Forward', 'Right Wing']",1,1,0,73.0,1,0,1,0,0,1,0,3,0,0,1,0,7,2,0,0,0,1,0,0,2,1,7559,2018-06-25,Saudi Arabia,Egypt,Group Stage,6.6,1,0,0
715,715,401,Adrien Sebastian Perruchet Silva,7557,['Right Defensive Midfield'],1,0,0,95.0,2,1,0,3,0,0,0,1,0,1,2,1,0,0,0,0,0,2,0,0,8,3,7557,2018-06-25,Iran,Portugal,Group Stage,7.8,0,1,0
716,716,397,José Miguel da Rocha Fonte,7557,['Left Center Back'],2,0,0,88.0,1,0,0,0,0,0,0,0,0,1,0,0,0,0,0,0,0,3,2,0,5,0,7557,2018-06-25,Iran,Portugal,Group Stage,7.5,0,0,1
717,717,402,Alireza Jahanbakhsh,7557,['Right Midfield'],0,0,0,60.0,3,0,2,0,0,0,0,3,0,0,0,0,2,0,0,0,0,1,0,0,3,4,7557,2018-06-25,Iran,Portugal,Group Stage,6.9,0,1,0
718,718,404,Ricardo Andrade Quaresma Bernardo,7557,['Right Midfield'],2,1,1,64.0,1,0,2,1,0,0,0,2,0,1,3,1,3,0,0,1,0,0,0,0,5,1,7557,2018-06-25,Iran,Portugal,Group Stage,7.3,0,1,0
719,719,405,Cristiano Ronaldo dos Santos Aveiro,7557,['Left Center Forward'],5,3,0,76.0,1,0,4,0,0,1,0,1,0,1,0,0,2,0,0,1,0,1,0,0,1,0,7557,2018-06-25,Iran,Portugal,Group Stage,7.4,1,0,0
720,720,406,Morteza Pouraliganji,7557,['Right Center Back'],0,0,0,75.0,0,0,0,0,0,0,0,0,0,0,0,0,0,0,0,0,0,2,3,0,2,3,7557,2018-06-25,Iran,Portugal,Group Stage,6.7,0,0,1
721,721,407,Omid Ebrahimi,7557,['Right Center Midfield'],0,0,0,83.0,0,0,0,1,0,0,0,1,0,0,0,0,1,1,0,0,0,1,0,0,1,2,7557,2018-06-25,Iran,Portugal,Group Stage,6.4,0,1,0
722,722,408,Seyed Majid Hosseini,7557,['Left Center Back'],0,0,0,75.0,0,0,0,0,0,0,0,0,0,0,0,0,0,0,0,0,0,2,0,0,3,0,7557,2018-06-25,Iran,Portugal,Group Stage,6.5,0,0,1
723,723,409,Mehdi Taremi,7557,['Left Midfield'],1,0,0,50.0,0,0,0,1,0,0,0,2,0,1,1,1,1,0,0,0,0,4,0,0,4,2,7557,2018-06-25,Iran,Portugal,Group Stage,6.4,0,1,0
724,724,410,Vahid Amiri,7557,['Left Center Midfield'],1,0,0,67.0,0,0,0,0,0,0,0,2,0,1,0,0,2,1,0,0,0,2,0,0,2,1,7557,2018-06-25,Iran,Portugal,Group Stage,6.6,0,1,0
725,725,411,Sardar Azmoun,7557,['Center Forward'],2,0,0,63.0,2,0,0,0,0,0,0,1,0,1,0,0,4,0,0,0,0,2,2,0,3,0,7557,2018-06-25,Iran,Portugal,Group Stage,7.0,1,0,0
726,726,403,Saeid Ezatolahi Afagh,7557,['Center Defensive Midfield'],1,1,0,62.0,0,0,1,0,0,0,0,3,1,0,0,0,1,0,0,0,0,2,3,0,3,3,7557,2018-06-25,Iran,Portugal,Group Stage,6.1,0,1,0
727,727,396,Kléper Laveran Lima Ferreira,7557,['Right Center Back'],1,0,0,84.0,0,0,0,2,0,0,0,0,0,1,0,0,0,0,0,0,0,1,4,0,2,1,7557,2018-06-25,Iran,Portugal,Group Stage,7.8,0,0,1
728,728,310,Alfreð Finnbogason,7561,"['Center Forward', 'Right Center Forward']",1,0,0,61.0,1,0,0,1,0,0,0,3,0,1,2,0,2,0,0,1,0,1,0,0,4,2,7561,2018-06-26,Iceland,Croatia,Group Stage,6.5,1,0,0
729,729,1035,Gonzalo Gerardo Higuaín,7564,"['Left Center Forward', 'Left Wing']",2,1,0,78.0,0,0,0,0,0,0,0,2,0,1,1,0,5,1,0,0,0,2,1,0,4,2,7564,2018-06-26,Nigeria,Argentina,Group Stage,6.6,1,0,0
730,730,1033,Nicolás Hernán Otamendi,7564,['Right Center Back'],0,0,0,86.0,0,0,0,2,0,0,0,0,0,0,0,0,0,0,0,0,0,2,5,0,3,3,7564,2018-06-26,Nigeria,Argentina,Group Stage,7.9,0,0,1
731,731,311,Birkir Bjarnason,7561,['Left Wing'],4,1,0,61.0,1,0,0,1,0,0,0,0,0,1,2,0,1,0,0,0,0,1,1,0,3,0,7561,2018-06-26,Iceland,Croatia,Group Stage,6.7,1,0,0
732,732,1034,Faustino Marcos Alberto Rojo,7564,"['Left Center Back', 'Left Back']",1,1,1,76.0,1,0,1,0,0,0,0,2,0,0,0,0,0,0,0,0,0,0,4,0,4,0,7564,2018-06-26,Nigeria,Argentina,Group Stage,8.8,0,0,1
733,733,309,Gylfi Þór Sigurðsson,7561,"['Center Attacking Midfield', 'Right Center Midfield']",3,2,1,68.0,4,0,2,0,0,0,0,1,0,1,2,2,1,0,0,0,0,1,0,0,5,2,7561,2018-06-26,Iceland,Croatia,Group Stage,7.6,0,1,0
734,734,308,Emil Hallfreðsson,7561,"['Right Defensive Midfield', 'Left Center Midfield']",1,0,0,83.0,1,0,3,3,0,0,0,4,0,1,0,0,0,0,0,1,0,0,0,0,11,3,7561,2018-06-26,Iceland,Croatia,Group Stage,6.3,0,1,0
735,735,307,Vedran Ćorluka,7561,['Right Center Back'],0,0,0,90.0,0,0,2,1,0,0,0,2,0,0,0,0,0,0,0,0,0,2,8,0,4,0,7561,2018-06-26,Iceland,Croatia,Group Stage,7.9,0,0,1
736,736,298,Birkir Már Sævarsson,7561,"['Right Back', 'Right Center Back']",0,0,0,69.0,0,0,0,0,0,0,0,1,0,0,1,1,0,0,0,1,0,3,4,0,2,1,7561,2018-06-26,Iceland,Croatia,Group Stage,6.0,0,0,1
737,737,306,Ivan Perišić,7561,"['Left Wing', 'Center Attacking Midfield']",3,1,1,68.0,1,0,0,0,0,0,0,0,0,2,0,0,1,0,0,0,0,3,1,0,2,2,7561,2018-06-26,Iceland,Croatia,Group Stage,7.8,1,0,0
738,738,304,Mateo Kovačić,7561,['Left Center Midfield'],1,0,0,98.0,2,0,1,2,0,0,0,2,0,0,1,0,0,0,0,0,0,2,1,0,3,2,7561,2018-06-26,Iceland,Croatia,Group Stage,7.5,0,1,0
739,739,303,Andrej Kramarić,7561,['Center Forward'],2,0,0,87.0,1,0,0,0,0,0,0,1,0,1,2,0,0,0,0,0,0,0,1,0,3,0,7561,2018-06-26,Iceland,Croatia,Group Stage,6.6,1,0,0
740,740,302,Hörður Björgvin Magnússon,7561,"['Left Back', 'Left Center Back']",2,0,0,45.0,0,0,0,2,0,0,0,1,0,2,1,0,0,0,0,0,0,1,0,0,2,1,7561,2018-06-26,Iceland,Croatia,Group Stage,6.4,0,0,1
741,741,301,Marko Pjaca,7561,['Right Wing'],1,0,0,75.0,0,0,1,0,0,0,0,1,0,0,4,1,5,1,0,1,0,0,0,0,4,1,7561,2018-06-26,Iceland,Croatia,Group Stage,6.2,1,0,0
742,742,300,Luka Modrić,7561,['Right Center Midfield'],1,0,0,88.0,3,0,2,0,0,0,0,0,0,1,0,0,0,0,0,0,0,1,0,0,5,0,7561,2018-06-26,Iceland,Croatia,Group Stage,7.6,0,1,0
743,743,299,Tin Jedvaj,7561,"['Right Back', 'Right Wing Back']",0,0,0,73.0,0,0,0,1,0,0,0,1,0,0,0,0,2,0,0,0,0,2,4,0,0,0,7561,2018-06-26,Iceland,Croatia,Group Stage,6.7,0,0,1
744,744,305,Josip Pivarić,7561,"['Left Back', 'Left Wing Back']",1,0,0,83.0,0,0,1,2,0,0,0,1,0,1,1,0,0,0,0,0,0,1,1,0,3,1,7561,2018-06-26,Iceland,Croatia,Group Stage,7.3,0,0,1
745,745,297,Duje Ćaleta-Car,7561,"['Left Center Back', 'Center Back']",0,0,0,91.0,0,0,1,0,0,0,0,1,0,0,0,0,0,0,0,0,0,2,7,0,1,0,7561,2018-06-26,Iceland,Croatia,Group Stage,7.2,0,0,1
746,746,296,Aron Einar Gunnarsson,7561,"['Left Defensive Midfield', 'Center Defensive Midfield']",2,1,0,81.0,3,0,0,2,0,0,0,0,0,0,0,0,0,0,0,0,0,0,1,0,4,2,7561,2018-06-26,Iceland,Croatia,Group Stage,6.8,0,1,0
747,747,295,Sverrir Ingi Ingason,7561,"['Right Center Back', 'Center Back']",2,1,0,71.0,0,0,0,2,0,0,0,2,0,0,0,0,0,0,0,0,0,3,3,0,4,0,7561,2018-06-26,Iceland,Croatia,Group Stage,6.8,0,0,1
748,748,1273,Pione Sisto Ifolo Emirmija,7563,['Left Midfield'],0,0,0,54.0,0,0,2,1,0,0,0,0,0,0,2,2,2,0,0,0,0,3,0,0,4,1,7563,2018-06-26,Denmark,France,Group Stage,6.4,0,1,0
749,749,1272,Mathias Jørgensen Jatta,7563,['Left Center Back'],0,0,0,87.0,0,0,0,2,0,0,0,1,0,0,0,0,0,0,0,1,0,5,3,0,1,2,7563,2018-06-26,Denmark,France,Group Stage,7.2,0,0,1
750,750,1271,Olivier Giroud,7563,['Center Forward'],3,1,0,80.0,0,0,0,0,0,0,0,2,0,2,1,0,3,0,0,0,0,0,0,0,0,0,7563,2018-06-26,Denmark,France,Group Stage,5.9,1,0,0
751,751,1270,Jens Stryger Larsen,7563,['Left Back'],0,0,0,70.0,1,0,0,1,0,0,0,0,0,0,0,0,1,0,0,0,0,2,0,0,7,2,7563,2018-06-26,Denmark,France,Group Stage,7.2,0,0,1
752,752,1269,Thomas Delaney,7563,['Left Center Midfield'],0,0,0,85.0,1,0,1,1,0,0,0,2,0,0,0,0,0,0,0,0,0,3,1,0,5,2,7563,2018-06-26,Denmark,France,Group Stage,7.1,0,1,0
753,753,1268,Christian Dannemann Eriksen,7563,['Right Center Midfield'],3,1,0,60.0,0,0,1,0,0,0,0,1,0,1,2,0,5,1,0,0,0,0,0,0,9,2,7563,2018-06-26,Denmark,France,Group Stage,6.9,0,1,0
754,754,1267,Henrik Dalsgaard,7563,['Right Back'],1,0,0,63.0,0,0,0,3,0,0,0,2,0,0,0,0,0,0,0,0,0,1,2,0,4,1,7563,2018-06-26,Denmark,France,Group Stage,7.3,0,0,1
755,755,1274,Simon Thorup Kjær,7563,['Right Center Back'],0,0,0,77.0,0,0,0,0,0,0,0,0,0,0,0,0,0,0,0,0,0,0,7,0,1,0,7563,2018-06-26,Denmark,France,Group Stage,7.4,0,0,1
756,756,1266,Martin Braithwaite Christensen,7563,['Right Midfield'],0,0,0,75.0,0,0,2,1,0,0,0,2,0,0,1,0,3,0,0,0,0,1,0,0,3,0,7563,2018-06-26,Denmark,France,Group Stage,6.5,0,1,0
757,757,1264,Ousmane Dembélé,7563,['Right Wing'],2,0,0,84.0,1,0,4,0,0,0,0,0,0,2,4,0,4,1,0,0,0,2,0,0,4,1,7563,2018-06-26,Denmark,France,Group Stage,6.7,1,0,0
758,758,1263,N'Golo Kanté,7563,['Right Defensive Midfield'],0,0,0,89.0,0,0,0,2,0,0,0,1,0,0,1,1,0,0,0,0,0,1,0,0,6,0,7563,2018-06-26,Denmark,France,Group Stage,7.2,0,1,0
759,759,1262,Thomas Lemar,7563,['Left Wing'],1,0,0,91.0,2,0,3,0,0,0,0,1,0,0,1,0,1,0,0,0,0,2,0,0,2,2,7563,2018-06-26,Denmark,France,Group Stage,6.9,1,0,0
760,760,1261,Lucas Hernández Pi,7563,['Left Back'],0,0,0,88.0,1,0,0,1,0,0,0,1,0,0,2,0,2,0,0,0,0,0,0,0,1,1,7563,2018-06-26,Denmark,France,Group Stage,6.9,0,0,1
761,761,1260,Presnel Kimpembe,7563,['Left Center Back'],0,0,0,89.0,0,0,0,0,0,0,0,1,0,0,0,0,0,0,0,0,0,1,4,0,6,0,7563,2018-06-26,Denmark,France,Group Stage,7.5,0,0,1
762,762,1259,Djibril Sidibé,7563,['Right Back'],0,0,0,84.0,3,0,0,0,0,0,0,1,0,0,1,0,1,0,0,0,0,1,0,0,5,2,7563,2018-06-26,Denmark,France,Group Stage,7.4,0,0,1
763,763,1258,Raphaël Varane,7563,['Right Center Back'],1,0,0,89.0,0,0,1,0,0,0,0,1,0,1,0,0,0,0,0,0,0,1,2,0,8,0,7563,2018-06-26,Denmark,France,Group Stage,7.9,0,0,1
764,764,1265,Andreas Evald Cornelius,7563,['Center Forward'],0,0,0,42.0,0,0,2,0,0,0,0,2,0,0,0,0,1,0,0,0,0,0,0,0,1,1,7563,2018-06-26,Denmark,France,Group Stage,6.9,1,0,0
765,765,1032,Gabriel Iván Mercado,7564,['Right Back'],0,0,0,81.0,0,1,0,0,0,0,0,1,0,0,0,0,1,1,0,0,0,1,1,0,3,3,7564,2018-06-26,Nigeria,Argentina,Group Stage,7.6,0,0,1
766,766,1275,Andreas Christensen,7563,['Center Defensive Midfield'],0,0,0,88.0,0,0,0,0,0,0,0,0,0,0,0,0,0,0,0,0,0,1,6,0,3,0,7563,2018-06-26,Denmark,France,Group Stage,7.0,0,1,0
767,767,1049,Ahmed Musa,7564,['Left Center Forward'],1,0,0,56.00000000000001,1,0,3,0,0,0,0,2,0,1,2,0,5,2,0,0,0,0,0,0,3,0,7564,2018-06-26,Nigeria,Argentina,Group Stage,6.4,1,0,0
768,768,294,Milan Badelj,7561,['Center Defensive Midfield'],2,1,1,90.0,1,1,2,2,0,0,0,3,0,0,2,2,1,0,0,0,0,5,1,0,5,2,7561,2018-06-26,Iceland,Croatia,Group Stage,8.7,0,1,0
769,769,293,Ragnar Sigurðsson,7561,['Left Center Back'],0,0,0,72.0,0,0,0,0,0,0,0,1,0,0,0,0,0,0,0,0,0,2,1,0,1,0,7561,2018-06-26,Iceland,Croatia,Group Stage,6.4,0,0,1
770,770,292,Johann Berg Guðmunds­son,7561,['Right Wing'],2,1,0,73.0,2,0,2,0,0,0,0,0,0,0,2,0,1,0,0,0,0,1,0,0,8,0,7561,2018-06-26,Iceland,Croatia,Group Stage,7.1,1,0,0
771,771,1036,Enzo Nicolás Pérez,7564,['Right Wing'],0,0,0,94.0,0,0,0,1,0,0,0,2,0,0,0,0,2,0,0,0,0,1,0,0,1,1,7564,2018-06-26,Nigeria,Argentina,Group Stage,6.6,1,0,0
772,772,1037,Lionel Andrés Messi Cuccittini,7564,"['Right Center Forward', 'Right Attacking Midfield']",2,1,1,78.0,2,0,10,0,0,0,0,2,0,0,1,0,0,0,0,0,0,2,0,0,4,1,7564,2018-06-26,Nigeria,Argentina,Group Stage,8.4,1,0,0
773,773,1038,Javier Alejandro Mascherano,7564,"['Right Center Midfield', 'Center Defensive Midfield']",0,0,0,87.0,0,0,1,3,0,0,0,2,1,0,0,0,1,1,0,1,0,0,1,0,2,4,7564,2018-06-26,Nigeria,Argentina,Group Stage,7.5,0,1,0
774,774,1039,Éver Maximiliano David Banega,7564,"['Left Center Midfield', 'Left Center Back']",0,0,0,86.0,2,1,1,3,0,0,0,4,0,0,1,0,1,0,0,1,0,0,1,0,6,1,7564,2018-06-26,Nigeria,Argentina,Group Stage,8.5,0,1,1
775,775,1050,Odion Jude Ighalo,7564,['Right Center Forward'],2,1,0,83.0,1,0,2,0,0,0,0,2,0,1,0,0,4,1,0,0,0,0,2,0,1,1,7564,2018-06-26,Nigeria,Argentina,Group Stage,6.2,1,0,0
776,776,1040,Nicolás Alejandro Tagliafico,7564,['Left Back'],2,0,0,79.0,0,0,0,0,0,0,0,1,0,2,0,0,1,0,0,0,0,1,0,0,5,1,7564,2018-06-26,Nigeria,Argentina,Group Stage,7.1,0,0,1
777,777,1042,Onyinye Wilfred Ndidi,7564,['Right Center Midfield'],1,0,0,71.0,0,0,2,1,0,0,0,3,0,1,0,0,1,1,0,0,0,3,0,0,6,2,7564,2018-06-26,Nigeria,Argentina,Group Stage,7.1,0,1,0
778,778,1043,Oghenekaro Etebo,7564,"['Left Center Midfield', 'Left Midfield']",3,0,0,68.0,1,0,6,2,0,0,0,2,0,2,1,1,2,1,0,0,0,5,1,0,9,2,7564,2018-06-26,Nigeria,Argentina,Group Stage,7.5,0,1,0
779,779,1044,Brian Oladapo Idowu,7564,"['Left Wing Back', 'Left Back']",0,0,0,77.0,1,0,0,2,0,0,0,1,0,0,1,1,2,1,0,0,0,1,1,0,3,3,7564,2018-06-26,Nigeria,Argentina,Group Stage,7.6,0,0,1
780,780,1045,Kenneth Josiah Omeruo,7564,['Left Center Back'],0,0,0,78.0,0,0,1,0,0,0,0,1,0,0,0,0,2,2,0,0,0,0,4,0,5,2,7564,2018-06-26,Nigeria,Argentina,Group Stage,6.4,0,0,1
781,781,1046,Kelechi Promise Iheanacho,7564,['Right Center Forward'],0,0,0,60.0,1,0,0,0,0,0,0,0,0,0,2,0,1,0,0,0,0,1,0,0,1,1,7564,2018-06-26,Nigeria,Argentina,Group Stage,5.8,1,0,0
782,782,1047,Ángel Fabián Di María Hernández,7564,['Left Wing'],1,0,0,62.0,0,0,1,0,0,0,0,0,0,0,0,0,4,0,0,0,0,1,0,0,2,1,7564,2018-06-26,Nigeria,Argentina,Group Stage,6.6,1,0,0
783,783,1048,Leon Aderemi Balogun,7564,['Right Center Back'],1,1,0,41.0,0,0,1,0,0,1,0,2,0,0,0,0,2,1,0,1,0,0,0,0,2,3,7564,2018-06-26,Nigeria,Argentina,Group Stage,6.9,0,0,1
784,784,1041,Victor Moses,7564,"['Right Wing Back', 'Right Back']",1,1,1,54.0,0,0,0,2,0,0,0,2,0,0,3,1,1,0,0,0,0,3,0,0,5,0,7564,2018-06-26,Nigeria,Argentina,Group Stage,7.8,0,0,1
785,785,1031,William Troost-Ekong,7564,"['Center Back', 'Left Center Back']",0,0,0,61.0,0,0,1,0,0,0,0,0,0,0,0,0,0,0,0,0,0,2,1,0,0,1,7564,2018-06-26,Nigeria,Argentina,Group Stage,6.2,0,0,1
786,786,1030,John Michael Nchekwube Obinna,7564,"['Center Defensive Midfield', 'Left Center Midfield']",0,0,0,76.0,0,0,1,0,0,0,0,5,0,0,0,0,1,1,0,1,0,2,0,0,3,2,7564,2018-06-26,Nigeria,Argentina,Group Stage,6.6,0,1,0
787,787,1256,Antoine Griezmann,7563,['Center Attacking Midfield'],2,2,0,69.0,0,0,2,0,0,0,0,2,0,0,0,0,3,0,0,0,0,0,0,0,3,2,7563,2018-06-26,Denmark,France,Group Stage,7.0,0,0,0
788,788,728,Christian Guillermo Martín Ramos Garagay,7562,['Right Center Back'],0,0,0,82.0,1,0,0,0,0,0,0,0,0,0,0,0,0,0,0,0,0,3,4,0,1,1,7562,2018-06-26,Australia,Peru,Group Stage,7.1,0,0,1
789,789,729,André Martín Carrillo Díaz,7562,['Right Midfield'],1,1,1,76.0,0,0,2,2,0,0,0,0,0,0,0,0,3,0,0,0,0,1,0,0,2,1,7562,2018-06-26,Australia,Peru,Group Stage,8.1,0,1,0
790,790,730,Josh Risdon,7562,['Right Back'],0,0,0,80.0,0,0,2,3,0,0,0,1,0,0,1,0,1,1,0,0,0,2,1,0,2,3,7562,2018-06-26,Australia,Peru,Group Stage,6.3,0,0,1
791,791,731,Tom Rogić,7562,['Center Attacking Midfield'],2,1,0,91.0,0,0,5,0,0,0,0,1,0,0,4,0,1,0,0,0,0,0,0,0,4,0,7562,2018-06-26,Australia,Peru,Group Stage,6.2,0,0,0
792,792,732,Aaron Mooy,7562,['Left Center Midfield'],1,0,0,85.0,6,0,0,0,0,0,0,1,0,0,2,0,0,0,0,0,0,2,1,0,2,0,7562,2018-06-26,Australia,Peru,Group Stage,6.7,0,1,0
793,793,733,Aziz Eraltay Behich,7562,['Left Back'],1,0,0,85.0,1,0,0,0,0,0,0,1,0,1,1,1,3,0,0,0,0,3,0,0,6,1,7562,2018-06-26,Australia,Peru,Group Stage,5.7,0,0,1
794,794,734,Robbie Kruse,7562,['Left Midfield'],0,0,0,64.0,0,0,0,0,0,0,0,0,0,0,1,0,2,1,0,0,0,2,0,0,1,0,7562,2018-06-26,Australia,Peru,Group Stage,5.7,0,1,0
795,795,735,Mark Milligan,7562,['Left Center Back'],0,0,0,94.0,1,0,0,0,0,0,0,1,0,0,0,0,0,0,0,1,0,1,2,0,4,0,7562,2018-06-26,Australia,Peru,Group Stage,6.4,0,0,1
796,796,736,Trent Sainsbury,7562,['Right Center Back'],3,0,0,92.0,2,0,1,0,0,0,0,0,0,3,1,1,0,0,1,0,0,3,5,0,2,1,7562,2018-06-26,Australia,Peru,Group Stage,7.1,0,0,1
797,797,737,Tomi Jurić,7562,['Center Forward'],0,0,0,45.0,0,0,0,0,0,0,0,0,0,0,0,0,3,0,0,0,0,0,0,0,1,0,7562,2018-06-26,Australia,Peru,Group Stage,6.1,1,0,0
798,798,738,Mile Jedinak,7562,['Right Center Midfield'],4,1,0,91.0,0,0,0,2,0,0,0,3,0,3,0,0,0,0,0,1,0,4,0,0,5,1,7562,2018-06-26,Australia,Peru,Group Stage,7.0,0,1,0
799,799,739,Édison Michael Flores Peralta,7562,"['Left Midfield', 'Center Attacking Midfield']",0,0,0,65.0,0,0,0,1,0,0,0,1,0,0,3,2,4,1,0,0,0,3,1,0,3,0,7562,2018-06-26,Australia,Peru,Group Stage,6.8,0,1,0
800,800,740,Mathew Leckie,7562,['Right Midfield'],2,0,0,67.0,1,0,3,0,0,0,0,2,0,1,8,0,0,0,0,0,0,8,2,0,2,0,7562,2018-06-26,Australia,Peru,Group Stage,6.2,0,1,0
801,801,741,Christian Alberto Cueva Bravo,7562,"['Center Attacking Midfield', 'Left Midfield']",0,0,0,88.0,0,0,2,2,0,0,0,0,0,0,2,0,4,2,0,0,0,2,0,0,7,0,7562,2018-06-26,Australia,Peru,Group Stage,7.5,0,1,0
802,802,742,Pedro Jesús Aquino Sánchez,7562,['Left Defensive Midfield'],0,0,0,85.0,0,0,0,3,0,0,0,2,0,0,1,1,0,0,0,0,0,3,2,0,2,2,7562,2018-06-26,Australia,Peru,Group Stage,7.3,0,1,0
803,803,727,Miguel Ángel Trauco Saavedra,7562,['Left Back'],0,0,0,81.0,0,0,1,1,0,0,0,0,0,0,0,0,1,0,0,0,0,2,4,0,5,1,7562,2018-06-26,Australia,Peru,Group Stage,7.4,0,0,1
804,804,726,Anderson Santamaría Bardales,7562,['Left Center Back'],0,0,0,93.0,0,0,0,2,0,0,0,0,0,0,0,0,0,0,0,0,0,1,4,0,5,4,7562,2018-06-26,Australia,Peru,Group Stage,7.5,0,0,1
805,805,725,Luis Jan Piers Advíncula Castrillón,7562,['Right Back'],0,0,0,80.0,0,0,0,5,0,0,0,2,0,0,0,0,2,0,0,0,0,0,1,0,7,0,7562,2018-06-26,Australia,Peru,Group Stage,8.1,0,0,1
806,806,1257,Steven N'Kemboanza Mike Christopher Nzonzi,7563,['Left Defensive Midfield'],0,0,0,84.0,1,0,0,1,0,0,0,0,0,0,0,0,0,0,0,0,0,1,2,0,1,0,7563,2018-06-26,Denmark,France,Group Stage,7.5,0,1,0
807,807,724,Víctor Yoshimar Yotún Flores,7562,['Left Defensive Midfield'],1,0,0,79.0,1,0,0,1,0,0,0,1,0,1,0,0,0,0,0,1,0,0,0,0,2,0,7562,2018-06-26,Australia,Peru,Group Stage,6.9,0,1,0
808,808,723,Renato Fabrizio Tapia Cortijo,7562,['Right Defensive Midfield'],0,0,0,85.0,0,0,0,0,0,0,0,1,0,0,0,0,0,0,0,0,0,1,3,0,0,2,7562,2018-06-26,Australia,Peru,Group Stage,6.7,0,1,0
809,809,722,José Paolo Guerrero Gonzáles,7562,['Center Forward'],2,2,1,59.0,0,1,0,0,0,0,0,2,0,0,0,0,3,1,0,0,0,2,2,0,3,0,7562,2018-06-26,Australia,Peru,Group Stage,8.3,1,0,0
810,810,1276,Benjamin Mendy,7563,['Left Back'],0,0,0,74.0,1,0,0,0,0,0,0,0,0,0,0,0,1,0,0,0,0,2,0,0,2,1,7563,2018-06-26,Denmark,France,Group Stage,6.9,0,0,1
811,811,576,Gabriel Fernando de Jesus,7565,['Center Forward'],2,1,0,85.0,1,0,2,2,0,0,0,1,0,0,0,0,3,2,0,0,0,3,1,0,2,0,7565,2018-06-27,Serbia,Brazil,Group Stage,7.8,1,0,0
812,812,577,Carlos Henrique Casimiro,7565,['Center Defensive Midfield'],1,0,0,79.0,0,0,0,5,0,0,0,1,0,1,1,1,0,0,0,0,0,4,4,0,6,3,7565,2018-06-27,Serbia,Brazil,Group Stage,7.9,0,1,0
813,813,578,José Paulo Bezzera Maciel Júnior,7565,['Right Center Midfield'],1,1,1,85.0,0,0,0,0,0,0,0,0,0,0,0,0,1,1,0,0,0,3,0,0,1,0,7565,2018-06-27,Serbia,Brazil,Group Stage,7.6,0,1,0
814,814,579,João Miranda de Souza Filho,7565,['Left Center Back'],0,0,0,90.0,0,0,0,0,0,0,0,1,0,0,0,0,0,0,0,0,0,1,7,0,4,1,7565,2018-06-27,Serbia,Brazil,Group Stage,7.4,0,0,1
815,815,580,Philippe Coutinho Correia,7565,['Left Center Midfield'],2,0,0,88.0,2,1,1,1,0,0,0,0,0,0,3,0,1,0,0,0,0,2,0,0,5,0,7565,2018-06-27,Serbia,Brazil,Group Stage,8.0,0,1,0
816,816,581,Nikola Milenković,7565,['Right Center Back'],0,0,0,91.0,0,0,0,1,0,0,0,0,0,0,0,0,0,0,0,0,0,3,5,0,3,0,7565,2018-06-27,Serbia,Brazil,Group Stage,6.4,0,0,1
817,817,582,Aleksandar Mitrović,7565,['Center Forward'],5,1,0,40.0,0,0,0,0,0,0,0,1,0,2,2,1,2,0,0,0,0,0,2,0,1,0,7565,2018-06-27,Serbia,Brazil,Group Stage,6.5,1,0,0
818,818,590,Milos Veljkovic,7565,['Left Center Back'],0,0,0,93.0,0,0,0,0,0,0,0,0,0,0,0,0,0,0,0,0,0,1,3,0,0,1,7565,2018-06-27,Serbia,Brazil,Group Stage,5.9,0,0,1
819,819,585,Nemanja Matić,7565,['Left Defensive Midfield'],1,0,0,78.0,0,0,1,3,0,0,0,1,0,1,2,1,0,0,0,1,0,3,3,0,12,0,7565,2018-06-27,Serbia,Brazil,Group Stage,6.9,0,1,0
820,820,586,Aleksandar Kolarov,7565,['Left Back'],0,0,0,73.0,1,0,0,1,0,0,0,3,0,0,2,0,2,0,0,0,0,2,2,0,3,0,7565,2018-06-27,Serbia,Brazil,Group Stage,6.3,0,0,1
821,821,587,Willian Borges da Silva,7565,['Right Wing'],0,0,0,83.0,0,0,1,0,0,0,0,1,0,0,2,1,1,1,0,0,0,4,1,0,6,1,7565,2018-06-27,Serbia,Brazil,Group Stage,7.0,1,0,0
822,822,588,Thiago Emiliano da Silva,7565,['Right Center Back'],1,1,1,90.0,0,0,0,0,0,0,0,1,0,0,0,0,0,0,0,0,0,2,5,0,5,1,7565,2018-06-27,Serbia,Brazil,Group Stage,8.6,0,0,1
823,823,589,Adem Ljajić,7565,['Center Attacking Midfield'],0,0,0,78.0,1,0,3,1,0,0,0,2,0,0,1,1,0,0,0,1,0,3,0,0,7,1,7565,2018-06-27,Serbia,Brazil,Group Stage,6.3,0,0,0
824,824,1166,Ja-Cheol Koo,7567,['Left Center Forward'],0,0,0,86.0,0,0,0,1,0,0,0,0,0,0,2,0,1,0,0,0,0,1,0,0,3,1,7567,2018-06-27,South Korea,Germany,Group Stage,5.9,1,0,0
825,825,583,Neymar da Silva Santos Junior,7565,['Left Wing'],7,3,0,82.0,4,1,7,0,0,0,0,0,0,2,2,0,4,0,0,0,0,0,0,0,7,1,7565,2018-06-27,Serbia,Brazil,Group Stage,8.5,1,0,0
826,826,584,Sergej Milinković-Savić,7565,['Right Defensive Midfield'],2,0,0,78.0,0,0,0,2,0,0,0,1,0,1,1,0,3,1,0,0,0,3,2,0,8,6,7565,2018-06-27,Serbia,Brazil,Group Stage,6.8,0,1,0
827,827,1165,Hyun-Soo Jang,7567,"['Right Center Midfield', 'Center Midfield']",0,0,0,78.0,0,0,1,0,0,0,0,0,0,0,0,0,0,0,0,0,0,5,3,0,4,3,7567,2018-06-27,South Korea,Germany,Group Stage,6.8,0,1,0
828,828,593,Filip Kostić,7565,['Left Wing'],1,0,0,67.0,0,0,2,1,0,0,0,2,0,0,1,0,0,0,0,0,0,1,0,0,3,3,7565,2018-06-27,Serbia,Brazil,Group Stage,6.2,1,0,0
829,829,1117,Ludwig Augustinsson,7566,['Left Back'],2,1,1,56.00000000000001,1,0,1,0,0,0,0,1,0,1,0,0,0,0,0,0,0,1,2,0,1,1,7566,2018-06-27,Mexico,Sweden,Group Stage,8.1,0,0,1
830,830,1116,Jesús Daniel Gallardo Vasconcelos,7566,['Left Back'],0,0,0,68.0,0,0,0,0,0,0,0,1,0,0,0,0,0,0,0,1,0,1,1,0,4,0,7566,2018-06-27,Mexico,Sweden,Group Stage,6.5,0,0,1
831,831,1115,Marcus Berg,7566,['Right Center Forward'],4,2,0,78.0,1,0,0,1,0,1,0,1,0,2,0,0,1,0,0,0,0,1,0,0,0,2,7566,2018-06-27,Mexico,Sweden,Group Stage,7.8,1,0,0
832,832,1114,Sebastian Larsson,7566,['Right Center Midfield'],0,0,0,60.0,0,0,0,1,0,0,0,1,0,0,0,0,0,0,0,1,0,1,0,0,3,2,7566,2018-06-27,Mexico,Sweden,Group Stage,6.9,0,1,0
833,833,1113,Ola Toivonen,7566,['Left Center Forward'],0,0,0,59.0,1,0,0,1,0,0,0,2,0,0,0,0,1,0,0,0,0,1,1,0,1,1,7566,2018-06-27,Mexico,Sweden,Group Stage,7.2,1,0,0
834,834,1112,Andreas Granqvist,7566,['Left Center Back'],2,1,1,72.0,0,0,1,1,0,0,0,4,0,1,0,0,0,0,0,0,0,3,2,0,4,0,7566,2018-06-27,Mexico,Sweden,Group Stage,8.3,0,0,1
835,835,1111,Emil Peter Forsberg,7566,['Left Midfield'],6,1,0,82.0,1,0,0,0,0,0,0,0,0,4,0,0,1,1,0,0,0,1,2,0,7,4,7566,2018-06-27,Mexico,Sweden,Group Stage,7.4,0,1,0
836,836,1118,Mikael Lustig,7566,['Right Back'],0,0,0,59.0,3,0,0,0,0,0,0,3,0,0,0,0,0,0,0,1,0,4,6,0,0,2,7566,2018-06-27,Mexico,Sweden,Group Stage,7.6,0,0,1
837,837,1156,Young-Gwon Kim,7567,['Left Center Back'],1,1,1,74.0,0,0,0,1,0,0,0,0,0,0,1,1,0,0,0,0,0,6,4,0,3,0,7567,2018-06-27,South Korea,Germany,Group Stage,7.9,0,0,1
838,838,1158,Woo-Young Jung,7567,['Left Center Midfield'],3,3,0,76.0,0,0,1,1,0,0,0,1,0,0,0,0,0,0,1,1,0,4,5,0,4,1,7567,2018-06-27,South Korea,Germany,Group Stage,7.7,0,1,0
839,839,1159,Young-Sun Yun,7567,['Right Center Back'],0,0,0,100.0,0,0,0,1,0,0,0,1,0,0,0,0,0,0,0,0,0,4,5,0,0,1,7567,2018-06-27,South Korea,Germany,Group Stage,6.6,0,0,1
840,840,1160,Chul Hong,7567,['Left Back'],0,0,0,56.99999999999999,1,0,1,1,0,0,0,0,0,0,0,0,1,1,0,0,0,3,3,0,7,1,7567,2018-06-27,South Korea,Germany,Group Stage,7.8,0,0,1
841,841,1161,Joshua Kimmich,7567,['Right Back'],1,0,0,86.0,5,0,0,2,0,0,0,0,0,0,0,0,1,0,0,0,0,0,0,0,6,1,7567,2018-06-27,South Korea,Germany,Group Stage,6.9,0,0,1
842,842,1162,Marco Reus,7567,['Left Wing'],3,0,0,86.0,1,0,0,1,0,0,0,2,0,2,0,0,1,0,0,0,0,0,0,0,3,0,7567,2018-06-27,South Korea,Germany,Group Stage,6.6,1,0,0
843,843,1163,Mats Hummels,7567,['Left Center Back'],5,1,0,88.0,0,0,2,4,0,0,0,0,0,3,0,0,0,0,0,0,0,1,2,0,6,0,7567,2018-06-27,South Korea,Germany,Group Stage,8.1,0,0,1
844,844,1164,Timo Werner,7567,"['Center Forward', 'Right Wing']",3,0,0,62.0,2,0,2,0,0,0,0,1,0,2,1,0,2,0,0,0,0,4,0,0,7,2,7567,2018-06-27,South Korea,Germany,Group Stage,6.5,1,0,0
845,845,1157,Yong Lee,7567,['Right Back'],1,0,0,64.0,0,0,0,1,0,0,0,0,0,1,0,0,0,0,1,0,0,7,7,0,6,1,7567,2018-06-27,South Korea,Germany,Group Stage,8.1,0,0,1
846,846,591,Dušan Tadić,7565,"['Right Wing', 'Center Attacking Midfield']",1,0,0,75.0,3,0,1,2,0,0,0,1,0,1,0,0,1,0,0,0,0,3,0,0,2,3,7565,2018-06-27,Serbia,Brazil,Group Stage,7.2,1,0,0
847,847,1119,Javier Hernández Balcázar,7566,"['Center Forward', 'Left Center Forward']",2,0,0,62.0,3,0,1,0,0,0,0,0,0,1,1,1,0,0,0,0,0,1,0,0,2,0,7566,2018-06-27,Mexico,Sweden,Group Stage,6.3,1,0,0
848,848,1121,Viktor Claesson,7566,['Right Midfield'],1,0,0,61.0,1,0,0,1,0,0,0,3,0,1,2,1,1,0,0,0,0,2,1,0,1,3,7566,2018-06-27,Mexico,Sweden,Group Stage,7.9,0,1,0
849,849,594,Fágner Conserva Lemos,7565,['Right Back'],0,0,0,84.0,0,0,2,1,0,0,0,2,0,0,0,0,0,0,0,0,0,3,2,0,2,0,7565,2018-06-27,Serbia,Brazil,Group Stage,7.6,0,0,1
850,850,595,Filipe Luís Kasmirski,7565,['Left Back'],1,1,0,89.0,1,0,1,1,0,0,0,0,0,0,0,0,0,0,0,0,0,4,2,0,2,1,7565,2018-06-27,Serbia,Brazil,Group Stage,7.1,0,0,1
851,851,1126,Héctor Alfredo Moreno Herrera,7566,['Left Center Back'],1,0,0,88.0,1,0,0,0,0,0,0,2,1,0,0,0,0,0,0,1,0,1,0,0,2,0,7566,2018-06-27,Mexico,Sweden,Group Stage,5.9,0,0,1
852,852,1127,Héctor Miguel Herrera López,7566,"['Right Defensive Midfield', 'Center Defensive Midfield', 'Left Center Midfield']",2,1,0,86.0,2,0,2,1,0,0,0,3,0,0,1,0,2,1,0,0,0,1,0,0,7,0,7566,2018-06-27,Mexico,Sweden,Group Stage,6.3,0,1,0
853,853,1128,Hirving Rodrigo Lozano Bahena,7566,['Left Wing'],3,1,0,78.0,1,0,5,0,0,0,0,1,0,1,0,0,3,1,0,0,0,1,0,0,3,1,7566,2018-06-27,Mexico,Sweden,Group Stage,7.1,1,0,0
854,854,1129,Albin Ekdal,7566,['Left Center Midfield'],0,0,0,74.0,0,0,1,3,0,0,0,2,0,0,0,0,3,3,0,0,0,3,1,0,4,5,7566,2018-06-27,Mexico,Sweden,Group Stage,7.3,0,1,0
855,855,1130,Carlos Alberto Vela Garrido,7566,"['Center Attacking Midfield', 'Right Wing', 'Right Center Midfield']",5,0,0,79.0,3,0,1,0,0,0,0,0,0,3,0,0,1,0,0,0,0,0,0,0,3,1,7566,2018-06-27,Mexico,Sweden,Group Stage,6.4,1,1,0
856,856,1120,Victor Nilsson Lindelöf,7566,['Right Center Back'],0,0,0,50.0,0,0,1,1,0,0,0,0,0,0,0,0,0,0,0,0,0,0,7,0,2,0,7566,2018-06-27,Mexico,Sweden,Group Stage,7.4,0,0,1
857,857,1151,Mesut Özil,7567,"['Center Attacking Midfield', 'Right Center Midfield']",1,0,0,85.0,6,0,5,0,0,0,0,0,0,0,1,1,0,0,0,0,0,0,0,0,2,0,7567,2018-06-27,South Korea,Germany,Group Stage,7.5,0,1,0
858,858,1153,Niklas Süle,7567,['Right Center Back'],0,0,0,91.0,1,0,0,2,0,0,0,0,0,0,1,0,0,0,0,0,0,1,2,0,3,2,7567,2018-06-27,South Korea,Germany,Group Stage,6.6,0,0,1
859,859,1154,Sami Khedira,7567,['Right Center Midfield'],2,1,0,88.0,0,0,0,3,0,0,0,2,0,0,2,0,0,0,0,0,0,1,0,0,2,0,7567,2018-06-27,South Korea,Germany,Group Stage,6.8,0,1,0
860,860,1155,Jonas Hector,7567,['Left Back'],0,0,0,81.0,1,0,1,1,0,0,0,1,0,0,0,0,0,0,0,0,0,5,1,0,2,0,7567,2018-06-27,South Korea,Germany,Group Stage,7.2,0,0,1
861,861,1125,Carlos Joel Salcedo Hernández,7566,"['Right Center Back', 'Center Back']",3,0,0,78.0,0,0,1,0,0,0,0,1,0,1,0,0,0,0,0,0,0,1,3,0,7,0,7566,2018-06-27,Mexico,Sweden,Group Stage,6.1,0,0,1
862,862,1124,Edson Omar Álvarez Velázquez,7566,"['Right Back', 'Right Center Back']",0,0,0,78.0,1,0,4,1,0,0,1,3,0,0,0,0,0,0,0,0,0,2,0,0,2,0,7566,2018-06-27,Mexico,Sweden,Group Stage,6.8,0,0,1
863,863,1123,Miguel Arturo Layún Prado,7566,"['Right Wing', 'Left Back']",2,1,0,76.0,1,0,2,0,0,0,0,1,0,1,0,0,2,1,0,1,0,0,0,0,4,2,7566,2018-06-27,Mexico,Sweden,Group Stage,7.0,1,0,1
864,864,1122,José Andrés Guardado Hernández,7566,"['Left Defensive Midfield', 'Right Center Midfield']",3,0,0,97.0,1,0,0,0,0,0,0,2,0,3,1,1,2,1,0,0,0,0,1,0,6,0,7566,2018-06-27,Mexico,Sweden,Group Stage,6.1,0,1,0
865,865,1152,Toni Kroos,7567,['Left Center Midfield'],5,1,0,89.0,4,0,2,1,0,0,0,0,0,3,0,0,0,0,1,0,0,2,1,0,8,2,7567,2018-06-27,South Korea,Germany,Group Stage,7.2,0,1,0
866,866,592,Antonio Rukavina,7565,['Right Back'],0,0,0,80.0,1,0,0,2,0,0,0,3,0,0,0,0,0,0,0,0,0,3,3,0,7,0,7565,2018-06-27,Serbia,Brazil,Group Stage,7.1,0,0,1
867,867,1170,Seon-Min Moon,7567,['Left Midfield'],0,0,0,82.0,1,0,1,1,0,0,0,6,0,0,2,0,0,0,0,1,0,1,0,0,0,1,7567,2018-06-27,South Korea,Germany,Group Stage,6.7,0,1,0
868,868,780,Johnny Acosta Zamora,7568,['Right Center Back'],0,0,0,85.0,0,0,1,0,0,0,0,0,0,0,0,0,0,0,0,0,0,1,3,0,3,3,7568,2018-06-27,Switzerland,Costa Rica,Group Stage,6.4,0,0,1
869,869,764,Granit Xhaka,7568,"['Left Defensive Midfield', 'Left Center Midfield']",0,0,0,97.0,2,0,2,1,0,0,0,0,0,0,0,0,1,0,0,0,0,1,2,0,1,2,7568,2018-06-27,Switzerland,Costa Rica,Group Stage,7.2,0,1,0
870,870,765,Xherdan Shaqiri,7568,['Right Wing'],0,0,0,70.0,3,0,2,0,0,0,0,1,0,0,0,0,2,1,0,0,0,3,0,0,2,0,7568,2018-06-27,Switzerland,Costa Rica,Group Stage,7.3,1,0,0
871,871,766,Stephan Lichtsteiner,7568,"['Right Back', 'Right Midfield']",1,0,0,76.0,0,0,0,0,0,0,0,1,0,0,0,0,0,0,0,0,0,4,1,0,2,1,7568,2018-06-27,Switzerland,Costa Rica,Group Stage,6.9,0,1,1
872,872,767,Fabian Lukas Schär,7568,"['Right Center Back', 'Center Back']",0,0,0,86.0,0,0,0,0,0,0,0,2,0,0,0,0,0,0,0,1,0,0,4,0,2,0,7568,2018-06-27,Switzerland,Costa Rica,Group Stage,6.0,0,0,1
873,873,768,Manuel Obafemi Akanji,7568,['Left Center Back'],0,0,0,94.0,0,0,0,3,0,0,0,0,0,0,0,0,0,0,0,0,0,2,0,0,2,1,7568,2018-06-27,Switzerland,Costa Rica,Group Stage,6.7,0,0,1
874,874,769,Kendall Jamaal Waston Manley,7568,['Left Center Back'],1,1,1,90.0,0,0,0,0,0,0,0,0,0,0,0,0,0,0,0,0,0,3,4,0,1,1,7568,2018-06-27,Switzerland,Costa Rica,Group Stage,7.7,0,0,1
875,875,770,Valon Behrami,7568,['Right Defensive Midfield'],1,0,0,90.0,0,0,0,0,0,0,0,1,0,1,0,0,0,0,0,0,0,2,0,0,5,2,7568,2018-06-27,Switzerland,Costa Rica,Group Stage,6.0,0,1,0
876,876,771,Celso Borges Mora,7568,['Right Center Midfield'],3,2,0,78.0,1,0,0,1,0,0,0,1,0,1,0,0,0,0,0,0,0,1,0,0,1,1,7568,2018-06-27,Switzerland,Costa Rica,Group Stage,7.4,0,1,0
877,877,763,Mario Gavranović,7568,['Center Forward'],2,0,0,64.0,0,0,0,0,0,0,0,1,0,1,1,1,2,0,0,0,0,1,0,0,3,0,7568,2018-06-27,Switzerland,Costa Rica,Group Stage,6.4,1,0,0
878,878,772,Cristian Gamboa Luna,7568,['Right Wing Back'],1,1,0,72.0,0,0,0,1,0,0,0,2,0,0,1,0,0,0,0,0,0,2,1,0,4,0,7568,2018-06-27,Switzerland,Costa Rica,Group Stage,7.1,0,0,0
879,879,774,Joel Nathaniel Campbell Samuels,7568,['Center Forward'],2,1,0,78.0,3,1,7,0,0,1,0,2,0,1,3,0,6,1,0,1,0,0,0,0,5,0,7568,2018-06-27,Switzerland,Costa Rica,Group Stage,8.4,1,0,0
880,880,775,David Alberto Guzmán Pérez,7568,['Left Center Midfield'],1,0,0,67.0,1,0,1,0,0,0,0,2,0,0,1,1,1,0,0,0,0,1,2,0,3,1,7568,2018-06-27,Switzerland,Costa Rica,Group Stage,6.9,0,1,0
881,881,776,Bryan Oviedo,7568,['Left Wing Back'],2,1,0,76.0,1,0,0,1,0,0,0,3,0,1,1,0,0,0,0,0,0,4,1,0,5,1,7568,2018-06-27,Switzerland,Costa Rica,Group Stage,7.4,0,0,0
882,882,777,Ricardo Iván Rodríguez Araya,7568,"['Left Back', 'Left Midfield']",1,0,0,79.0,1,0,0,1,0,0,0,2,0,1,1,1,1,0,0,0,0,0,3,0,2,1,7568,2018-06-27,Switzerland,Costa Rica,Group Stage,6.6,0,1,1
883,883,778,Giancarlo González Castro,7568,['Center Back'],0,0,0,91.0,0,0,1,0,0,0,0,0,0,0,0,0,0,0,0,0,0,5,6,0,2,0,7568,2018-06-27,Switzerland,Costa Rica,Group Stage,6.5,0,0,0
884,884,779,Daniel Colindres Solera,7568,['Left Wing'],3,0,0,48.0,1,0,0,0,0,0,0,3,0,1,1,1,2,0,0,0,0,0,0,0,4,0,7568,2018-06-27,Switzerland,Costa Rica,Group Stage,6.4,1,0,0
885,885,781,Blerim Džemaili,7568,"['Center Attacking Midfield', 'Right Wing']",3,1,1,61.0,0,0,3,2,0,0,0,0,0,1,1,0,3,0,0,0,0,0,0,0,3,2,7568,2018-06-27,Switzerland,Costa Rica,Group Stage,8.2,1,0,0
886,886,782,Breel-Donald Embolo,7568,['Left Wing'],2,1,0,81.0,1,1,2,1,0,0,0,0,0,1,2,0,2,0,0,0,0,1,0,0,0,2,7568,2018-06-27,Switzerland,Costa Rica,Group Stage,7.6,1,0,0
887,887,773,Bryan Ruiz González,7568,['Right Wing'],1,0,0,84.0,1,0,3,1,0,0,0,1,0,0,3,0,0,0,0,0,0,1,0,0,6,3,7568,2018-06-27,Switzerland,Costa Rica,Group Stage,7.0,1,0,0
888,888,1167,Leon Goretzka,7567,"['Right Wing', 'Center Attacking Midfield']",2,1,0,91.0,1,0,1,1,0,0,0,1,0,1,0,0,2,1,0,0,0,1,0,0,1,1,7567,2018-06-27,South Korea,Germany,Group Stage,6.7,1,0,0
889,889,1168,Jae-Sung Lee,7567,"['Right Midfield', 'Right Center Midfield']",1,0,0,83.0,2,0,1,1,0,0,0,4,0,0,2,1,3,0,0,1,0,1,1,0,4,3,7567,2018-06-27,South Korea,Germany,Group Stage,7.2,0,1,0
890,890,1169,Heung-Min Son,7567,"['Right Center Forward', 'Center Forward']",6,1,1,79.0,0,0,3,0,0,0,0,2,0,5,4,0,2,0,0,1,0,0,1,0,1,2,7567,2018-06-27,South Korea,Germany,Group Stage,8.0,1,0,0
891,891,749,Lamine Gassama,7571,['Right Back'],0,0,0,88.0,0,0,2,2,0,0,0,1,0,0,2,1,0,0,0,0,0,2,1,0,6,0,7571,2018-06-28,Senegal,Colombia,Group Stage,7.6,0,0,1
892,892,364,Adnan Januzaj,7570,"['Left Wing', 'Right Wing']",3,1,1,68.0,1,0,2,0,0,0,0,1,0,0,1,1,2,1,0,0,0,0,0,0,3,1,7570,2018-06-28,England,Belgium,Group Stage,7.6,1,0,0
893,893,365,Leander Dendoncker,7570,['Right Center Back'],0,0,0,91.0,0,0,0,0,0,0,0,3,0,0,1,1,0,0,0,1,0,1,1,0,2,4,7570,2018-06-28,England,Belgium,Group Stage,6.7,0,0,1
894,894,366,Nacer Chadli,7570,['Right Midfield'],0,0,0,84.0,2,0,0,0,0,0,0,0,0,0,0,0,0,0,0,0,0,2,3,0,6,2,7570,2018-06-28,England,Belgium,Group Stage,7.4,0,1,0
895,895,367,Danny Rose,7570,['Left Midfield'],0,0,0,78.0,1,0,2,4,0,0,0,2,0,0,1,0,2,1,0,0,0,0,1,0,4,3,7570,2018-06-28,England,Belgium,Group Stage,7.0,0,1,0
896,896,368,Anga Dedryck Boyata,7570,"['Center Back', 'Left Center Back']",1,0,0,97.0,0,0,0,1,0,0,0,3,0,1,0,0,0,0,0,0,0,2,8,0,3,1,7570,2018-06-28,England,Belgium,Group Stage,7.1,0,0,1
897,897,369,Youri Tielemans,7570,['Left Center Midfield'],2,1,0,84.0,1,1,1,2,0,0,0,2,0,0,2,0,0,0,0,1,0,0,0,0,4,4,7570,2018-06-28,England,Belgium,Group Stage,8.0,0,1,0
898,898,370,Michy Batshuayi Tunga,7570,['Center Forward'],2,0,0,76.0,1,0,2,0,0,0,0,0,0,0,0,0,1,0,0,0,0,1,0,0,3,0,7570,2018-06-28,England,Belgium,Group Stage,7.0,1,0,0
899,899,254,Gabriel Enrique Gómez Girón,7569,"['Center Defensive Midfield', 'Right Center Midfield']",0,0,0,79.0,1,0,1,3,0,0,0,3,0,0,0,0,0,0,0,0,0,2,1,0,4,1,7569,2018-06-28,Panama,Tunisia,Group Stage,6.8,0,1,0
900,900,371,Ruben Loftus-Cheek,7570,['Right Attacking Midfield'],1,0,0,78.0,1,0,4,0,0,0,0,0,0,1,3,0,0,0,0,0,0,0,0,0,2,0,7570,2018-06-28,England,Belgium,Group Stage,6.4,0,0,0
901,901,372,Harry Maguire,7570,['Left Center Back'],0,0,0,88.0,0,0,1,0,0,0,0,0,0,0,0,0,0,0,0,0,0,2,0,0,4,0,7570,2018-06-28,England,Belgium,Group Stage,6.4,0,0,1
902,902,358,Eric Dier,7570,['Center Defensive Midfield'],0,0,0,89.0,0,0,0,0,0,0,0,4,0,0,1,1,0,0,0,0,0,0,1,0,3,1,7570,2018-06-28,England,Belgium,Group Stage,5.9,0,1,0
903,903,357,Thomas Vermaelen,7570,['Left Center Back'],0,0,0,86.0,0,0,0,0,0,0,0,1,0,0,0,0,0,0,0,0,0,0,2,0,1,0,7570,2018-06-28,England,Belgium,Group Stage,7.0,0,0,1
904,904,356,Gary Cahill,7570,"['Left Center Back', 'Center Back']",0,0,0,93.0,0,0,0,0,0,0,0,1,0,0,0,0,0,0,0,0,0,4,0,0,2,1,7570,2018-06-28,England,Belgium,Group Stage,6.9,0,0,1
905,905,355,Trent Alexander-Arnold,7570,['Right Midfield'],1,0,0,79.0,2,0,1,0,0,0,0,0,0,0,1,1,2,1,0,0,0,1,0,0,5,1,7570,2018-06-28,England,Belgium,Group Stage,7.1,0,1,0
906,906,354,Phil Jones,7570,['Right Center Back'],0,0,0,93.0,0,0,0,1,0,0,0,2,0,0,0,0,1,1,0,0,0,1,1,0,0,0,7570,2018-06-28,England,Belgium,Group Stage,6.7,0,0,1
907,907,353,John Stones,7570,['Center Back'],0,0,0,96.0,0,0,0,0,0,0,0,0,0,0,0,0,0,0,0,0,0,2,0,0,1,1,7570,2018-06-28,England,Belgium,Group Stage,6.3,0,0,0
908,908,363,Mousa Sidi Yaya Dembélé,7570,['Right Center Midfield'],0,0,0,98.0,0,0,1,4,0,0,0,1,0,0,1,1,0,0,0,0,0,2,1,0,7,2,7570,2018-06-28,England,Belgium,Group Stage,7.2,0,1,0
909,909,362,Thorgan Hazard,7570,['Left Midfield'],3,0,0,81.0,4,0,2,2,0,0,0,0,0,2,0,0,0,0,0,0,0,2,2,0,1,1,7570,2018-06-28,England,Belgium,Group Stage,8.0,0,1,0
910,910,361,Jamie Vardy,7570,['Right Center Forward'],2,0,0,57.99999999999999,1,0,0,1,0,0,0,1,0,2,1,1,1,0,0,0,0,3,0,0,2,0,7570,2018-06-28,England,Belgium,Group Stage,6.3,1,0,0
911,911,360,Fabian Delph,7570,['Left Attacking Midfield'],2,0,0,83.0,1,0,1,0,0,0,0,1,0,1,0,0,0,0,0,0,0,1,0,0,9,3,7570,2018-06-28,England,Belgium,Group Stage,6.6,0,0,0
912,912,750,Youssouf Sabaly,7571,['Left Back'],0,0,0,66.0,0,0,1,0,0,0,0,3,0,0,0,0,0,0,0,0,0,2,1,0,2,0,7571,2018-06-28,Senegal,Colombia,Group Stage,6.4,0,0,1
913,913,751,Salif Sané,7571,['Right Center Back'],1,0,0,76.0,0,0,0,2,0,0,0,0,0,1,0,0,1,0,1,0,0,0,7,0,4,0,7571,2018-06-28,Senegal,Colombia,Group Stage,7.3,0,0,1
914,914,752,Radamel Falcao García Zárate,7571,['Center Forward'],1,0,0,68.0,0,0,0,0,0,0,0,2,0,1,0,0,5,0,0,0,0,1,0,0,0,0,7571,2018-06-28,Senegal,Colombia,Group Stage,6.3,1,0,0
915,915,753,Idrissa Gana Gueye,7571,['Left Center Midfield'],0,0,0,86.0,0,0,0,5,0,0,0,1,0,0,0,0,0,0,0,0,0,3,1,0,3,1,7571,2018-06-28,Senegal,Colombia,Group Stage,7.6,0,1,0
916,916,754,Keita Baldé Diao,7571,['Left Wing'],1,1,0,64.0,0,0,0,0,0,0,0,2,0,0,0,0,3,1,0,0,0,1,1,0,3,0,7571,2018-06-28,Senegal,Colombia,Group Stage,7.0,1,0,0
917,917,755,Yerry Fernando Mina González,7571,['Right Center Back'],1,1,1,90.0,0,0,1,0,0,0,0,2,0,0,0,0,0,0,1,0,0,1,5,0,2,0,7571,2018-06-28,Senegal,Colombia,Group Stage,8.3,0,0,1
918,918,756,Davinson Sánchez Mina,7571,['Left Center Back'],0,0,0,83.0,0,0,0,1,0,0,0,0,0,0,0,0,0,0,0,0,0,2,4,0,3,0,7571,2018-06-28,Senegal,Colombia,Group Stage,7.4,0,0,1
919,919,757,Johan Andrés Mojica Palacio,7571,['Left Back'],0,0,0,63.0,0,0,0,1,0,0,0,2,0,0,0,0,4,3,0,1,0,1,1,0,4,4,7571,2018-06-28,Senegal,Colombia,Group Stage,6.7,0,0,1
920,920,748,Cheikhou Kouyaté,7571,['Right Center Midfield'],0,0,0,78.0,0,0,2,0,0,0,0,0,0,0,0,0,0,0,0,0,0,1,0,0,4,1,7571,2018-06-28,Senegal,Colombia,Group Stage,6.4,0,1,0
921,921,747,Carlos Alberto Sánchez Moreno,7571,['Right Center Midfield'],0,0,0,86.0,0,0,0,2,0,0,0,3,0,0,0,0,0,0,0,0,0,0,0,0,2,0,7571,2018-06-28,Senegal,Colombia,Group Stage,7.0,0,1,0
922,922,760,Juan Fernando Quintero Paniagua,7571,['Right Wing'],1,1,0,73.0,1,1,1,0,0,0,0,0,0,0,0,0,0,0,0,0,0,0,1,0,4,3,7571,2018-06-28,Senegal,Colombia,Group Stage,8.3,1,0,0
923,923,761,Ismaïla Sarr,7571,['Right Wing'],2,1,0,81.0,0,0,2,0,0,0,0,1,0,1,2,0,1,0,0,0,0,0,1,0,1,0,7571,2018-06-28,Senegal,Colombia,Group Stage,7.0,1,0,0
924,924,762,Luis Fernando Muriel Fruto,7571,['Center Attacking Midfield'],1,0,0,67.0,0,0,0,1,0,0,0,2,0,0,1,0,1,1,0,0,0,2,0,0,3,1,7571,2018-06-28,Senegal,Colombia,Group Stage,6.3,0,0,0
925,925,746,Santiago Arias Naranjo,7571,['Right Back'],0,0,0,75.0,0,0,0,1,0,0,0,3,0,0,0,0,0,0,0,0,0,1,2,0,2,1,7571,2018-06-28,Senegal,Colombia,Group Stage,7.2,0,0,1
926,926,745,M'Baye Babacar Niang,7571,['Left Center Forward'],2,1,0,50.0,2,0,1,1,0,0,0,1,0,1,0,0,3,1,0,1,0,0,1,0,3,1,7571,2018-06-28,Senegal,Colombia,Group Stage,7.0,1,0,0
927,927,744,Kalidou Koulibaly,7571,['Left Center Back'],0,0,0,72.0,0,0,0,0,0,0,0,3,0,0,0,0,0,0,0,0,0,2,3,0,2,0,7571,2018-06-28,Senegal,Colombia,Group Stage,6.6,0,0,1
928,928,743,Sadio Mané,7571,"['Right Center Forward', 'Left Wing']",1,0,0,65.0,2,0,2,0,0,0,0,3,0,1,6,0,6,1,0,0,0,3,0,0,4,0,7571,2018-06-28,Senegal,Colombia,Group Stage,5.6,1,0,0
929,929,359,Marouane Fellaini-Bakkioui,7570,"['Right Wing', 'Left Wing']",2,0,0,74.0,1,0,3,2,0,0,0,3,0,1,0,0,1,0,0,0,0,4,0,0,3,0,7570,2018-06-28,England,Belgium,Group Stage,8.4,1,0,0
930,930,759,Juan Guillermo Cuadrado Bello,7571,['Left Wing'],0,0,0,71.0,0,0,0,0,0,0,0,1,0,0,3,1,5,1,0,0,0,3,1,0,4,2,7571,2018-06-28,Senegal,Colombia,Group Stage,6.3,1,0,0
931,931,758,Andrés Mateus Uribe Villa,7571,['Left Center Midfield'],0,0,0,94.0,0,0,0,3,0,0,0,1,0,0,2,2,2,0,0,0,0,1,1,0,2,1,7571,2018-06-28,Senegal,Colombia,Group Stage,6.8,0,1,0
932,932,253,Ghilane Chalali,7569,['Right Center Midfield'],1,0,0,81.0,1,0,0,2,0,0,0,4,0,1,1,0,2,2,0,1,0,2,0,0,2,3,7569,2018-06-28,Panama,Tunisia,Group Stage,7.8,0,1,0
933,933,291,Yūya Ōsako,7572,"['Left Center Forward', 'Center Forward']",0,0,0,54.0,2,0,0,0,0,0,0,1,0,0,2,1,1,0,0,0,0,1,0,0,1,1,7572,2018-06-28,Japan,Poland,Group Stage,6.2,1,0,0
934,934,275,Kamil Glik,7572,['Right Center Back'],1,0,0,86.0,0,0,0,1,0,0,0,3,0,1,0,0,0,0,0,0,0,3,3,0,2,1,7572,2018-06-28,Japan,Poland,Group Stage,6.9,0,0,1
935,935,274,Bartosz Bereszyński,7572,['Right Back'],0,0,0,86.0,1,0,2,0,0,0,0,4,0,0,1,1,1,0,0,0,0,3,1,0,5,1,7572,2018-06-28,Japan,Poland,Group Stage,7.1,0,0,1
936,936,273,Takashi Usami,7572,['Left Midfield'],3,1,0,56.99999999999999,2,0,3,0,0,0,0,1,0,0,1,0,1,0,0,0,0,1,1,0,2,2,7572,2018-06-28,Japan,Poland,Group Stage,7.3,0,1,0
937,937,272,Grzegorz Krychowiak,7572,['Right Defensive Midfield'],0,0,0,88.0,0,0,1,0,0,0,0,0,0,0,1,1,1,0,1,0,0,0,1,0,5,1,7572,2018-06-28,Japan,Poland,Group Stage,7.3,0,1,0
938,938,271,Piotr Zieliński,7572,['Center Attacking Midfield'],1,0,0,73.0,1,0,2,0,0,0,0,0,0,0,0,0,1,1,0,0,0,0,0,0,3,0,7572,2018-06-28,Japan,Poland,Group Stage,7.0,0,0,0
939,939,270,Harold Oshkaly Cummings Segura,7569,"['Left Center Back', 'Right Center Back']",0,0,0,62.0,0,0,0,0,0,0,0,0,0,0,0,0,0,0,0,0,0,1,1,0,1,2,7569,2018-06-28,Panama,Tunisia,Group Stage,6.4,0,0,1
940,940,269,Anice Badri,7569,"['Left Center Midfield', 'Left Midfield']",0,0,0,100.0,0,0,2,1,0,0,0,4,0,0,0,0,1,0,0,1,0,0,0,0,0,0,7569,2018-06-28,Panama,Tunisia,Group Stage,6.0,0,1,0
941,941,268,Gabriel Arturo Torres Tejada,7569,['Center Forward'],1,0,0,83.0,1,0,0,1,0,0,0,1,0,1,1,0,1,0,0,0,0,0,0,0,1,0,7569,2018-06-28,Panama,Tunisia,Group Stage,5.7,1,0,0
942,942,267,Wahbi Khazri,7569,['Center Forward'],5,3,1,85.0,3,1,0,1,0,0,0,0,0,1,0,0,5,0,0,0,0,0,0,0,3,1,7569,2018-06-28,Panama,Tunisia,Group Stage,9.0,1,0,0
943,943,266,Ellyes Joris Skhiri,7569,['Center Defensive Midfield'],0,0,0,90.0,0,0,1,1,0,0,0,1,0,0,2,1,0,0,0,0,0,1,0,0,3,2,7569,2018-06-28,Panama,Tunisia,Group Stage,6.9,0,1,0
944,944,265,José Luis Rodríguez Francis,7569,['Right Wing'],2,1,0,67.0,0,0,0,0,0,0,0,2,0,0,3,0,1,0,0,0,0,2,0,0,4,1,7569,2018-06-28,Panama,Tunisia,Group Stage,6.6,1,0,0
945,945,276,Jan Bednarek,7572,['Left Center Back'],1,1,1,87.0,0,0,1,0,0,0,0,0,0,0,0,0,0,0,0,0,0,0,5,0,3,0,7572,2018-06-28,Japan,Poland,Group Stage,8.3,0,0,1
946,946,264,Fakhreddine Ben Youssef,7569,['Right Midfield'],4,2,1,75.0,1,0,0,0,0,0,0,1,0,1,0,0,3,0,0,0,0,0,1,0,3,0,7569,2018-06-28,Panama,Tunisia,Group Stage,8.0,0,1,0
947,947,262,Luis Carlos Ovalle Victoria,7569,['Left Back'],1,1,0,56.00000000000001,0,0,0,0,0,0,0,0,0,0,1,1,0,0,0,0,0,1,4,0,3,1,7569,2018-06-28,Panama,Tunisia,Group Stage,6.5,0,0,1
948,948,261,Rami Bedoui,7569,['Right Center Back'],0,0,0,87.0,0,0,0,1,0,0,0,0,0,0,1,1,0,0,0,0,0,0,0,0,2,0,7569,2018-06-28,Panama,Tunisia,Group Stage,7.1,0,0,1
949,949,259,Yassine Meriah,7569,['Left Center Back'],0,0,0,90.0,0,0,0,0,0,0,1,2,0,0,0,0,1,1,0,0,0,2,0,0,4,0,7569,2018-06-28,Panama,Tunisia,Group Stage,6.4,0,0,1
950,950,258,Hamdi Nagguez,7569,['Right Back'],1,0,0,80.0,0,0,3,1,0,0,0,3,0,1,0,0,0,0,0,0,0,0,0,0,0,1,7569,2018-06-28,Panama,Tunisia,Group Stage,7.0,0,0,1
951,951,257,Aníbal Cesis Godoy,7569,"['Right Center Midfield', 'Left Center Forward', 'Center Attacking Midfield']",1,0,0,85.0,0,0,1,1,0,0,0,3,0,1,1,1,4,2,1,0,0,0,1,0,4,2,7569,2018-06-28,Panama,Tunisia,Group Stage,5.9,1,1,0
952,952,256,Edgar Yoel Bárcenas Herrera,7569,"['Left Wing', 'Right Center Forward']",2,2,0,88.0,1,0,3,0,0,0,0,2,0,0,2,0,0,0,0,0,0,1,0,0,5,2,7569,2018-06-28,Panama,Tunisia,Group Stage,6.6,1,0,0
953,953,255,Román Aureliano Torres Morcillo,7569,['Right Center Back'],1,0,0,82.0,1,0,1,0,0,0,0,1,0,0,1,1,0,0,0,0,0,1,9,0,0,0,7569,2018-06-28,Panama,Tunisia,Group Stage,6.4,0,0,1
954,954,249,Ricardo Guardia Avila,7569,"['Left Center Midfield', 'Left Wing']",1,0,0,75.0,0,0,1,1,0,0,0,4,0,1,3,2,0,0,0,1,0,0,0,0,5,2,7569,2018-06-28,Panama,Tunisia,Group Stage,5.6,1,1,0
955,955,250,Fidel Escobar Mendieta,7569,"['Left Center Back', 'Left Center Midfield']",0,0,0,75.0,0,0,0,2,0,0,0,0,0,0,0,0,1,0,0,0,0,5,4,0,0,0,7569,2018-06-28,Panama,Tunisia,Group Stage,6.1,0,1,1
956,956,251,Oussama Haddadi,7569,['Left Back'],0,0,0,83.0,2,1,0,1,0,0,0,2,0,0,0,0,0,0,0,0,0,2,0,0,3,0,7569,2018-06-28,Panama,Tunisia,Group Stage,8.1,0,0,1
957,957,252,Adolfo Abdiel Machado,7569,['Right Back'],0,0,0,53.0,0,0,0,1,0,0,0,0,0,0,0,0,0,0,0,0,0,0,4,0,2,1,7569,2018-06-28,Panama,Tunisia,Group Stage,6.7,0,0,1
958,958,263,Naïm Sliti,7569,['Left Midfield'],3,1,0,71.0,1,0,5,0,0,0,0,0,0,2,4,2,2,0,0,0,0,1,0,0,3,1,7569,2018-06-28,Panama,Tunisia,Group Stage,7.0,0,1,0
959,959,352,Marcus Rashford,7570,"['Left Center Forward', 'Right Midfield']",4,1,0,72.0,1,0,5,0,0,0,0,3,0,2,1,0,1,1,0,0,0,1,0,0,4,3,7570,2018-06-28,England,Belgium,Group Stage,6.3,1,1,0
960,960,260,Ferjani Sassi,7569,['Left Center Midfield'],1,0,0,87.0,1,0,0,1,0,0,0,1,0,0,1,0,1,0,0,1,0,0,1,0,3,1,7569,2018-06-28,Panama,Tunisia,Group Stage,6.9,0,1,0
961,961,278,Kamil Grosicki,7572,['Right Wing'],2,1,0,50.0,3,0,0,0,0,0,0,0,0,1,3,2,2,1,0,0,0,2,0,0,1,0,7572,2018-06-28,Japan,Poland,Group Stage,6.8,1,0,0
962,962,277,Yuto Nagatomo,7572,['Left Back'],0,0,0,82.0,1,0,1,1,0,0,0,0,0,0,0,0,1,0,0,0,0,3,0,0,5,0,7572,2018-06-28,Japan,Poland,Group Stage,7.1,0,0,1
963,963,279,Robert Lewandowski,7572,['Center Forward'],2,0,0,95.0,1,0,1,0,0,0,0,0,0,1,0,0,6,1,0,0,0,0,1,0,2,0,7572,2018-06-28,Japan,Poland,Group Stage,6.9,1,0,0
964,964,280,Artur Jędrzejczyk,7572,['Left Back'],1,0,0,77.0,1,0,1,1,0,0,0,2,0,0,1,1,0,0,0,0,0,1,2,0,1,1,7572,2018-06-28,Japan,Poland,Group Stage,7.4,0,0,1
965,965,281,Rafał Kurzawa,7572,['Left Wing'],2,0,0,62.0,1,1,1,1,0,0,0,0,0,1,0,0,1,0,0,0,0,3,0,0,4,0,7572,2018-06-28,Japan,Poland,Group Stage,7.9,1,0,0
966,966,283,Shinji Okazaki,7572,['Left Center Forward'],1,0,0,69.0,0,0,1,0,0,0,0,1,0,1,3,2,2,1,0,0,0,1,0,0,2,0,7572,2018-06-28,Japan,Poland,Group Stage,5.9,1,0,0
967,967,284,Gaku Shibasaki,7572,['Right Center Midfield'],0,0,0,83.0,4,0,0,0,0,0,0,4,0,0,0,0,1,1,0,0,0,2,2,0,1,1,7572,2018-06-28,Japan,Poland,Group Stage,7.1,0,1,0
968,968,282,Jacek Góralski,7572,['Left Defensive Midfield'],1,0,0,90.0,0,0,0,3,0,0,0,0,0,1,0,0,0,0,0,0,0,1,0,0,2,3,7572,2018-06-28,Japan,Poland,Group Stage,7.1,0,1,0
969,969,286,Tomoaki Makino,7572,['Left Center Back'],2,0,0,89.0,0,0,0,0,0,0,0,1,0,2,0,0,0,0,1,1,0,2,2,0,4,1,7572,2018-06-28,Japan,Poland,Group Stage,7.1,0,0,1
970,970,287,Hotaru Yamaguchi,7572,['Left Center Midfield'],0,0,0,95.0,0,0,0,2,0,0,0,2,0,0,0,0,1,1,0,0,0,1,0,0,2,1,7572,2018-06-28,Japan,Poland,Group Stage,6.2,0,1,0
971,971,288,Maya Yoshida,7572,['Right Center Back'],1,0,0,97.0,0,0,0,0,0,0,0,0,0,1,0,0,0,0,0,0,0,3,7,0,1,0,7572,2018-06-28,Japan,Poland,Group Stage,6.8,0,0,1
972,972,289,Yoshinori Muto,7572,['Right Center Forward'],2,1,0,88.0,0,0,0,0,0,0,0,1,0,1,0,0,1,0,0,0,0,1,0,0,1,1,7572,2018-06-28,Japan,Poland,Group Stage,6.3,1,0,0
973,973,290,Gotoku Sakai,7572,['Right Midfield'],1,1,0,82.0,1,0,0,0,0,0,0,0,0,0,5,1,2,0,0,0,0,1,1,0,1,3,7572,2018-06-28,Japan,Poland,Group Stage,5.3,0,1,0
974,974,285,Hiroki Sakai,7572,['Right Back'],0,0,0,68.0,0,0,0,0,0,0,0,0,0,0,0,0,1,0,0,0,0,0,4,0,5,0,7572,2018-06-28,Japan,Poland,Group Stage,7.5,0,0,1
975,975,1057,Rodrigo Bentancur Colmán,7579,['Center Attacking Midfield'],0,0,0,69.0,0,1,1,0,0,0,0,1,0,0,0,0,1,0,0,0,0,1,0,0,5,1,7579,2018-06-30,Uruguay,Portugal,Round of 16,7.7,0,0,0
976,976,1060,Luis Alberto Suárez Díaz,7579,['Left Center Forward'],3,1,0,56.00000000000001,0,1,3,0,0,0,0,1,0,1,3,1,2,0,0,0,0,2,1,0,5,1,7579,2018-06-30,Uruguay,Portugal,Round of 16,6.9,1,0,0
977,977,1059,Nahitan Michel Nández Acosta,7579,['Right Midfield'],0,0,0,74.0,1,0,0,1,0,0,0,2,0,0,0,0,2,0,0,0,0,2,2,0,5,3,7579,2018-06-30,Uruguay,Portugal,Round of 16,6.6,0,1,0
978,978,1058,Edinson Roberto Cavani Gómez,7579,['Right Center Forward'],3,2,2,77.0,1,0,0,2,0,0,0,2,0,1,2,0,1,1,0,0,0,1,1,0,2,2,7579,2018-06-30,Uruguay,Portugal,Round of 16,9.0,1,0,0
979,979,1056,José Martín Cáceres Silva,7579,['Right Back'],0,0,0,41.0,0,0,2,1,0,0,0,1,0,0,0,0,0,0,0,0,0,1,1,0,2,2,7579,2018-06-30,Uruguay,Portugal,Round of 16,7.1,0,0,1
980,980,1064,Diego Sebastián Laxalt Suárez,7579,['Left Back'],0,0,0,55.00000000000001,0,0,1,4,0,0,0,0,0,0,0,0,1,0,0,0,0,6,3,0,2,4,7579,2018-06-30,Uruguay,Portugal,Round of 16,7.9,0,0,1
981,981,1054,João Mário Naval da Costa Eduardo,7579,"['Left Midfield', 'Right Midfield', 'Right Center Midfield']",0,0,0,84.0,2,0,2,1,0,0,0,1,0,0,2,1,2,1,0,0,0,0,0,0,8,1,7579,2018-06-30,Uruguay,Portugal,Round of 16,7.3,0,1,0
982,982,1053,Raphaël Adelino José Guerreiro,7579,['Left Back'],2,0,0,76.0,3,1,2,1,0,0,0,1,0,2,0,0,1,0,0,0,0,3,1,0,5,1,7579,2018-06-30,Uruguay,Portugal,Round of 16,8.4,0,0,1
983,983,1052,Adrien Sebastian Perruchet Silva,7579,['Right Center Midfield'],1,0,0,88.0,0,0,0,1,0,0,0,1,0,0,1,0,0,0,0,0,0,2,0,0,4,2,7579,2018-06-30,Uruguay,Portugal,Round of 16,6.5,0,1,0
984,984,1051,Gonçalo Manuel Ganchinho Guedes,7579,"['Right Center Forward', 'Left Midfield']",3,0,0,88.0,0,0,0,0,0,0,0,2,0,1,2,1,2,1,0,0,0,1,0,0,0,0,7579,2018-06-30,Uruguay,Portugal,Round of 16,6.3,1,1,0
985,985,1061,Diego Roberto Godín Leal,7579,['Right Center Back'],0,0,0,83.0,1,0,1,3,0,0,0,2,0,0,0,0,0,0,0,0,0,1,5,0,2,1,7579,2018-06-30,Uruguay,Portugal,Round of 16,7.2,0,0,1
986,986,1055,José Miguel da Rocha Fonte,7579,['Left Center Back'],1,0,0,81.0,0,0,0,0,0,0,0,2,0,1,0,0,0,0,0,0,0,4,5,0,8,0,7579,2018-06-30,Uruguay,Portugal,Round of 16,7.4,0,0,1
987,987,1063,Lucas Torreira Di Pascua,7579,"['Center Defensive Midfield', 'Right Defensive Midfield']",0,0,0,79.0,0,0,0,1,0,0,0,1,0,0,0,0,0,0,0,0,0,7,4,0,2,2,7579,2018-06-30,Uruguay,Portugal,Round of 16,6.9,0,1,0
988,988,1070,Bernardo Mota Veiga de Carvalho e Silva,7579,"['Right Midfield', 'Right Center Forward', 'Center Attacking Midfield']",2,0,0,85.0,4,0,7,1,0,0,0,1,0,2,1,0,2,0,0,0,0,1,1,0,5,1,7579,2018-06-30,Uruguay,Portugal,Round of 16,7.8,1,1,0
989,989,1068,Matías Vecino Falero,7579,"['Left Midfield', 'Left Defensive Midfield']",1,0,0,67.0,0,0,0,1,0,0,0,1,0,1,0,0,1,0,0,0,0,2,0,0,7,4,7579,2018-06-30,Uruguay,Portugal,Round of 16,6.7,0,1,0
990,990,1065,Kléper Laveran Lima Ferreira,7579,['Right Center Back'],1,1,1,76.0,0,0,0,2,0,0,0,0,0,0,0,0,0,0,0,0,0,1,3,0,7,0,7579,2018-06-30,Uruguay,Portugal,Round of 16,8.0,0,0,1
991,991,656,Federico Julián Fazio,7580,"['Left Center Back', 'Right Center Back']",0,0,0,78.0,1,0,0,0,0,0,0,0,0,0,0,0,0,0,1,0,0,0,1,0,2,0,7580,2018-06-30,France,Argentina,Round of 16,6.6,0,0,1
992,992,655,Lucas Hernández Pi,7580,['Left Back'],0,0,0,78.0,1,1,0,0,0,0,0,1,0,0,1,0,0,0,0,0,0,1,0,0,2,2,7580,2018-06-30,France,Argentina,Round of 16,7.1,0,0,1
993,993,654,Lionel Andrés Messi Cuccittini,7580,"['Center Forward', 'Secondary Striker']",4,1,0,79.0,1,1,3,0,0,0,0,0,0,0,4,0,3,1,0,0,0,3,0,0,7,0,7580,2018-06-30,France,Argentina,Round of 16,8.7,1,0,0
994,994,653,Ángel Fabián Di María Hernández,7580,"['Right Wing', 'Left Wing']",3,1,1,54.0,0,0,3,1,0,0,0,1,0,1,3,0,1,0,0,0,0,0,0,0,3,2,7580,2018-06-30,France,Argentina,Round of 16,7.1,1,0,0
995,995,652,Olivier Giroud,7580,['Center Forward'],1,0,0,64.0,0,1,0,1,0,0,0,4,0,1,1,0,4,2,0,0,0,0,2,0,0,1,7580,2018-06-30,France,Argentina,Round of 16,7.0,1,0,0
996,996,651,Blaise Matuidi,7580,['Left Wing'],1,0,0,86.0,0,0,0,1,0,0,0,5,0,0,1,0,0,0,0,0,0,1,1,0,3,0,7580,2018-06-30,France,Argentina,Round of 16,6.5,1,0,0
997,997,650,Éver Maximiliano David Banega,7580,['Left Center Midfield'],1,0,0,86.0,1,1,1,2,0,0,0,0,0,0,4,1,0,0,0,0,0,0,0,0,5,2,7580,2018-06-30,France,Argentina,Round of 16,7.3,0,1,0
998,998,649,Enzo Nicolás Pérez,7580,['Right Center Midfield'],0,0,0,95.0,0,0,1,0,0,0,0,2,0,0,1,1,0,0,0,0,0,0,0,0,4,1,7580,2018-06-30,France,Argentina,Round of 16,6.3,0,1,0
999,999,648,Javier Alejandro Mascherano,7580,"['Center Defensive Midfield', 'Right Center Midfield']",0,0,0,85.0,1,0,1,3,0,0,0,4,0,0,0,0,1,0,0,1,0,2,1,0,2,0,7580,2018-06-30,France,Argentina,Round of 16,6.9,0,1,0
1000,1000,647,N'Golo Kanté,7580,['Left Defensive Midfield'],0,0,0,91.0,0,0,0,3,0,0,0,2,0,0,0,0,1,0,0,0,0,3,0,0,4,3,7580,2018-06-30,France,Argentina,Round of 16,7.4,0,1,0
1001,1001,1069,Ricardo Domingos Barbosa Pereira,7579,['Right Back'],0,0,0,84.0,1,0,1,0,0,0,0,3,0,0,1,0,0,0,0,0,0,1,0,0,1,0,7579,2018-06-30,Uruguay,Portugal,Round of 16,6.2,0,0,1
1002,1002,646,Cristian David Pavón,7580,"['Left Wing', 'Right Wing']",0,0,0,66.0,0,0,0,1,0,0,0,0,0,0,2,1,2,0,0,0,0,2,0,0,1,0,7580,2018-06-30,France,Argentina,Round of 16,6.2,1,0,0
1003,1003,644,Nicolás Hernán Otamendi,7580,"['Right Center Back', 'Left Center Back']",1,0,0,89.0,0,0,0,2,0,0,0,1,0,1,0,0,0,0,0,0,0,2,2,0,3,2,7580,2018-06-30,France,Argentina,Round of 16,6.2,0,0,1
1004,1004,643,Nicolás Alejandro Tagliafico,7580,['Left Back'],0,0,0,83.0,0,0,0,2,0,0,0,1,0,0,0,0,0,0,0,1,0,1,0,0,2,2,7580,2018-06-30,France,Argentina,Round of 16,6.0,0,0,1
1005,1005,642,Faustino Marcos Alberto Rojo,7580,['Left Center Back'],0,0,0,100.0,0,0,0,0,0,0,0,1,1,0,0,0,0,0,0,0,0,1,1,0,3,2,7580,2018-06-30,France,Argentina,Round of 16,6.1,0,0,1
1006,1006,641,Samuel Yves Umtiti,7580,['Left Center Back'],0,0,0,89.0,0,0,1,0,0,0,0,1,0,0,0,0,0,0,0,0,0,2,1,0,5,1,7580,2018-06-30,France,Argentina,Round of 16,6.3,0,0,1
1007,1007,640,Benjamin Pavard,7580,['Right Back'],1,1,1,93.0,0,0,0,1,0,0,0,2,0,0,1,1,0,0,0,0,0,4,4,0,2,1,7580,2018-06-30,France,Argentina,Round of 16,7.4,0,0,1
1008,1008,639,Kylian Mbappé Lottin,7580,['Right Wing'],2,2,2,62.0,0,0,5,1,0,1,0,0,0,0,1,0,3,2,0,0,0,0,0,0,5,0,7580,2018-06-30,France,Argentina,Round of 16,9.2,1,0,0
1009,1009,638,Paul Pogba,7580,['Right Defensive Midfield'],1,0,0,77.0,1,0,3,1,0,0,0,4,0,1,6,3,1,0,0,0,0,1,2,0,8,1,7580,2018-06-30,France,Argentina,Round of 16,7.2,0,1,0
1010,1010,637,Raphaël Varane,7580,['Right Center Back'],0,0,0,94.0,0,0,0,0,0,0,0,0,0,0,0,0,0,0,0,0,0,2,5,0,1,2,7580,2018-06-30,France,Argentina,Round of 16,6.2,0,0,1
1011,1011,636,Antoine Griezmann,7580,['Right Wing Back'],3,1,1,68.0,0,0,1,1,0,0,0,2,0,1,2,1,2,1,0,0,0,2,1,0,3,0,7580,2018-06-30,France,Argentina,Round of 16,8.1,0,0,0
1012,1012,1066,Cristiano Ronaldo dos Santos Aveiro,7579,"['Left Center Forward', 'Left Wing']",6,1,0,75.0,1,0,4,0,0,0,0,0,0,1,5,1,0,0,0,0,0,0,0,0,1,0,7579,2018-06-30,Uruguay,Portugal,Round of 16,6.7,1,0,0
1013,1013,1067,William Silva de Carvalho,7579,['Left Center Midfield'],1,0,0,91.0,2,0,1,0,0,0,0,2,0,0,2,0,0,0,0,0,0,1,0,0,6,3,7579,2018-06-30,Uruguay,Portugal,Round of 16,7.0,0,1,0
1014,1014,1062,José María Giménez de Vargas,7579,['Left Center Back'],0,0,0,93.0,0,0,0,2,0,0,0,0,0,0,0,0,0,0,0,0,0,4,7,0,0,0,7579,2018-06-30,Uruguay,Portugal,Round of 16,6.8,0,0,1
1015,1015,645,Gabriel Iván Mercado,7580,['Right Back'],1,1,1,93.0,0,0,0,0,0,0,0,4,0,0,1,0,0,0,0,0,0,1,0,0,3,0,7580,2018-06-30,France,Argentina,Round of 16,6.9,0,0,1
1016,1016,658,Mathias Jørgensen Jatta,7581,['Left Center Back'],1,1,1,85.0,0,0,0,0,0,0,0,3,1,0,0,0,0,0,0,1,0,0,4,0,6,0,7581,2018-07-01,Croatia,Denmark,Round of 16,7.3,0,0,1
1017,1017,948,Denis Cheryshev,7582,"['Left Center Midfield', 'Left Midfield']",2,1,1,60.0,0,0,0,1,0,0,0,1,0,1,0,0,0,0,0,0,0,2,0,0,0,2,7582,2018-07-01,Spain,Russia,Round of 16,6.3,0,1,0
1018,1018,678,Nicolai Jørgensen,7581,['Center Forward'],3,2,0,69.0,2,0,0,0,0,0,0,1,0,1,0,0,3,1,0,0,0,2,0,0,1,2,7581,2018-07-01,Croatia,Denmark,Round of 16,6.6,1,0,0
1019,1019,677,Lasse Schöne,7581,['Right Center Midfield'],4,1,0,84.0,0,0,1,0,0,0,0,1,0,2,0,0,0,0,1,0,0,2,0,0,8,1,7581,2018-07-01,Croatia,Denmark,Round of 16,7.0,0,1,0
1020,1020,676,Mario Mandžukić,7581,['Center Forward'],1,1,1,70.0,0,0,0,2,0,0,0,2,0,0,2,0,2,0,0,0,0,0,4,0,3,0,7581,2018-07-01,Croatia,Denmark,Round of 16,7.9,1,0,0
1021,1021,675,Yussuf Yurary Poulsen,7581,['Right Wing'],0,0,0,67.0,1,0,6,0,0,0,0,4,0,0,2,0,7,1,0,0,0,3,1,0,7,3,7581,2018-07-01,Croatia,Denmark,Round of 16,7.0,1,0,0
1022,1022,674,Luka Modrić,7581,"['Right Center Midfield', 'Left Defensive Midfield']",4,3,1,76.0,5,0,5,0,0,0,0,1,0,1,0,0,2,2,0,0,0,1,0,0,5,1,7581,2018-07-01,Croatia,Denmark,Round of 16,7.6,0,1,0
1023,1023,673,Andreas Evald Cornelius,7581,['Center Forward'],0,0,0,64.0,1,0,0,0,0,0,0,1,0,0,0,0,3,0,0,0,0,1,0,0,1,1,7581,2018-07-01,Croatia,Denmark,Round of 16,6.2,1,0,0
1024,1024,672,Ante Rebić,7581,"['Right Midfield', 'Right Center Forward']",3,1,0,56.00000000000001,0,0,6,2,0,1,0,1,0,0,1,0,1,0,0,0,0,4,2,0,8,2,7581,2018-07-01,Croatia,Denmark,Round of 16,7.8,1,1,0
1025,1025,671,Dejan Lovren,7581,['Right Center Back'],1,0,0,86.0,0,0,0,0,0,0,0,0,0,1,0,0,0,0,0,0,0,1,6,0,1,0,7581,2018-07-01,Croatia,Denmark,Round of 16,7.0,0,0,1
1026,1026,670,Šime Vrsaljko,7581,['Right Back'],0,0,0,74.0,1,0,0,0,0,0,0,0,0,0,0,0,0,0,0,0,0,0,2,0,5,2,7581,2018-07-01,Croatia,Denmark,Round of 16,6.6,0,0,1
1027,1027,669,Ivan Perišić,7581,['Left Midfield'],7,0,0,71.0,0,0,0,0,0,0,0,0,0,4,1,1,0,0,0,0,0,0,1,0,2,0,7581,2018-07-01,Croatia,Denmark,Round of 16,6.0,0,1,0
1028,1028,668,Ivan Rakitić,7581,"['Left Center Midfield', 'Right Defensive Midfield']",4,3,1,85.0,2,0,1,0,0,0,0,2,0,1,1,0,2,0,0,0,0,4,1,0,5,2,7581,2018-07-01,Croatia,Denmark,Round of 16,7.3,0,1,0
1029,1029,667,Ivan Strinić,7581,['Left Back'],0,0,0,69.0,1,0,3,0,0,0,0,1,0,0,0,0,2,1,0,0,0,3,1,0,6,4,7581,2018-07-01,Croatia,Denmark,Round of 16,7.5,0,0,1
1030,1030,666,Simon Thorup Kjær,7581,['Right Center Back'],1,1,1,90.0,1,0,0,0,0,0,0,1,0,0,0,0,0,0,0,0,0,1,7,0,1,2,7581,2018-07-01,Croatia,Denmark,Round of 16,6.8,0,0,1
1031,1031,665,Jonas Knudsen,7581,['Left Back'],0,0,0,57.99999999999999,0,0,1,1,0,0,0,0,0,0,1,0,1,0,0,0,0,5,0,0,4,2,7581,2018-07-01,Croatia,Denmark,Round of 16,6.6,0,0,1
1032,1032,664,Martin Braithwaite Christensen,7581,['Left Wing'],3,1,0,70.0,0,0,0,0,0,0,0,2,0,2,0,0,2,0,0,0,0,3,1,0,3,0,7581,2018-07-01,Croatia,Denmark,Round of 16,6.4,1,0,0
1033,1033,663,Henrik Dalsgaard,7581,['Right Back'],0,0,0,70.0,1,0,1,0,0,0,0,2,0,0,0,0,0,0,0,0,0,4,4,0,2,2,7581,2018-07-01,Croatia,Denmark,Round of 16,7.4,0,0,1
1034,1034,662,Marcelo Brozović,7581,['Center Defensive Midfield'],0,0,0,84.0,0,0,0,2,0,0,0,0,0,0,0,0,0,0,0,0,0,0,2,0,1,1,7581,2018-07-01,Croatia,Denmark,Round of 16,6.4,0,1,0
1035,1035,661,Andreas Christensen,7581,['Right Center Midfield'],0,0,0,83.0,0,0,0,0,0,0,0,0,0,0,2,2,1,1,0,0,0,1,0,0,3,0,7581,2018-07-01,Croatia,Denmark,Round of 16,6.2,0,1,0
1036,1036,660,Thomas Delaney,7581,['Left Center Midfield'],1,0,0,86.0,0,1,1,3,0,0,0,4,0,0,0,0,0,0,0,0,0,3,1,0,3,1,7581,2018-07-01,Croatia,Denmark,Round of 16,7.9,0,1,0
1037,1037,659,Domagoj Vida,7581,['Left Center Back'],0,0,0,83.0,0,0,0,0,0,0,0,0,0,0,0,0,2,2,0,0,0,2,9,0,7,1,7581,2018-07-01,Croatia,Denmark,Round of 16,7.0,0,0,1
1038,1038,657,Christian Dannemann Eriksen,7581,['Secondary Striker'],4,1,0,72.0,1,0,4,0,0,0,0,0,0,2,0,0,2,0,0,0,0,3,0,0,2,2,7581,2018-07-01,Croatia,Denmark,Round of 16,7.0,0,0,0
1039,1039,679,Mateo Kovačić,7581,"['Center Defensive Midfield', 'Right Midfield']",1,0,0,88.0,0,0,2,1,0,0,0,0,0,0,1,1,0,0,0,0,0,2,1,0,2,3,7581,2018-07-01,Croatia,Denmark,Round of 16,7.1,0,1,0
1040,1040,680,Josip Pivarić,7581,['Left Back'],2,1,0,79.0,1,0,1,0,0,0,0,0,0,0,0,0,0,0,0,0,0,0,1,0,5,1,7581,2018-07-01,Croatia,Denmark,Round of 16,6.6,0,0,1
1041,1041,949,Iago Aspas Juncal,7582,['Center Forward'],3,2,0,65.0,3,0,0,0,0,0,0,0,0,0,2,0,0,0,0,0,0,1,0,0,4,0,7582,2018-07-01,Spain,Russia,Round of 16,6.7,1,0,0
1042,1042,928,Mário Figueira Fernandes,7582,"['Right Midfield', 'Right Back']",0,0,0,70.0,0,0,0,1,0,0,0,1,0,0,0,0,1,0,0,0,0,2,4,0,4,0,7582,2018-07-01,Spain,Russia,Round of 16,7.8,0,1,1
1043,1043,925,Sergio Ramos García,7582,['Left Center Back'],2,1,1,93.0,1,0,0,1,0,0,0,3,0,1,0,0,0,0,0,0,0,1,2,0,6,2,7582,2018-07-01,Spain,Russia,Round of 16,8.4,0,0,1
1044,1044,926,Ilya Kutepov,7582,['Right Center Back'],0,0,0,76.0,0,0,0,1,0,0,0,1,0,0,0,0,0,0,0,1,0,3,7,0,2,0,7582,2018-07-01,Spain,Russia,Round of 16,7.8,0,0,1
1045,1045,927,Aleksandr Samedov,7582,"['Right Center Forward', 'Left Center Midfield']",0,0,0,68.0,1,0,0,1,0,0,0,2,0,0,1,0,2,1,0,0,0,0,0,0,5,0,7582,2018-07-01,Spain,Russia,Round of 16,6.7,1,1,0
1046,1046,929,Gerard Piqué Bernabéu,7582,['Right Center Back'],4,2,1,92.0,1,0,0,1,0,0,0,1,1,1,0,0,1,1,0,1,0,2,0,0,6,0,7582,2018-07-01,Spain,Russia,Round of 16,8.0,0,0,1
1047,1047,930,Jordi Alba Ramos,7582,['Left Back'],2,1,0,93.0,1,0,2,0,0,0,0,0,0,0,0,0,1,0,0,0,0,2,1,0,4,3,7582,2018-07-01,Spain,Russia,Round of 16,8.0,0,0,1
1048,1048,931,Sergio Busquets i Burgos,7582,['Left Defensive Midfield'],2,0,0,90.0,0,0,0,2,0,0,0,0,0,1,2,2,0,0,0,0,0,2,0,0,9,2,7582,2018-07-01,Spain,Russia,Round of 16,7.4,0,1,0
1049,1049,932,Francisco Román Alarcón Suárez,7582,['Left Midfield'],1,0,0,85.0,2,0,15,0,0,0,0,0,0,0,3,2,3,0,0,0,0,4,0,0,5,0,7582,2018-07-01,Spain,Russia,Round of 16,8.7,0,1,0
1050,1050,934,Marco Asensio Willemsen,7582,['Right Midfield'],2,1,0,86.0,2,0,1,0,0,0,0,0,0,1,0,0,3,0,0,0,0,1,0,0,2,0,7582,2018-07-01,Spain,Russia,Round of 16,7.1,0,1,0
1051,1051,935,Artem Dzyuba,7582,"['Center Forward', 'Secondary Striker']",2,1,1,45.0,0,0,0,0,0,0,0,1,0,0,1,1,2,0,0,0,0,3,1,0,1,2,7582,2018-07-01,Spain,Russia,Round of 16,7.8,1,0,0
1052,1052,936,David Josué Jiménez Silva,7582,['Center Attacking Midfield'],1,0,0,81.0,0,0,1,0,0,0,0,0,0,1,1,1,1,0,0,0,0,4,0,0,2,1,7582,2018-07-01,Spain,Russia,Round of 16,6.3,0,0,0
1053,1053,933,José Ignacio Fernández Iglesias,7582,['Right Back'],0,0,0,94.0,3,0,1,1,0,0,0,0,0,0,0,0,0,0,0,0,0,0,1,0,1,0,7582,2018-07-01,Spain,Russia,Round of 16,7.3,0,0,1
1054,1054,938,Aleksandr Golovin,7582,"['Left Center Forward', 'Right Center Midfield']",2,1,1,79.0,0,0,3,1,0,0,0,5,0,1,2,1,2,0,0,0,0,2,0,0,2,2,7582,2018-07-01,Spain,Russia,Round of 16,7.1,1,1,0
1055,1055,947,Daniel Carvajal Ramos,7582,['Right Back'],1,0,0,84.0,0,0,1,0,0,0,0,0,0,0,0,0,0,0,0,0,0,1,0,0,2,0,7582,2018-07-01,Spain,Russia,Round of 16,6.5,0,0,1
1056,1056,946,Andrés Iniesta Luján,7582,['Center Attacking Midfield'],3,2,1,84.0,3,0,0,0,0,0,0,0,0,0,0,0,1,0,0,0,0,0,0,0,1,0,7582,2018-07-01,Spain,Russia,Round of 16,7.0,0,0,0
1057,1057,937,Daler Kuzyaev,7582,"['Right Center Midfield', 'Center Defensive Midfield']",0,0,0,86.0,1,0,1,2,0,0,0,0,0,0,0,0,0,0,0,0,0,5,0,0,1,5,7582,2018-07-01,Spain,Russia,Round of 16,6.7,0,1,0
1058,1058,944,Vladimir Granat,7582,['Left Back'],0,0,0,17.0,0,0,0,1,0,0,0,0,0,0,0,0,0,0,0,0,0,0,2,0,1,2,7582,2018-07-01,Spain,Russia,Round of 16,7.0,0,0,1
1059,1059,943,Roman Zobnin,7582,"['Left Center Midfield', 'Right Midfield', 'Center Defensive Midfield']",1,0,0,65.0,2,0,3,0,0,0,0,5,0,1,2,1,3,2,0,1,0,6,2,0,5,7,7582,2018-07-01,Spain,Russia,Round of 16,6.3,0,1,0
1060,1060,945,Fyodor Smolov,7582,['Secondary Striker'],2,1,1,69.0,0,0,1,0,0,0,0,1,0,0,2,1,6,2,0,0,0,2,0,0,1,0,7582,2018-07-01,Spain,Russia,Round of 16,5.7,0,0,0
1061,1061,941,Sergei Ignashevich,7582,"['Center Back', 'Left Center Back']",1,1,1,67.0,0,0,0,1,0,0,1,1,0,0,0,0,0,0,1,0,0,2,11,0,1,0,7582,2018-07-01,Spain,Russia,Round of 16,6.4,0,0,1
1062,1062,940,Fedor Kudryashov,7582,"['Left Center Back', 'Left Midfield', 'Left Center Midfield']",0,0,0,78.0,1,0,0,0,0,0,0,1,0,0,0,0,0,0,0,0,0,2,1,0,0,0,7582,2018-07-01,Spain,Russia,Round of 16,6.5,0,1,1
1063,1063,939,Yuri Zhirkov,7582,['Left Midfield'],1,0,0,75.0,0,0,0,1,0,0,0,1,0,0,0,0,0,0,0,0,0,1,0,0,1,1,7582,2018-07-01,Spain,Russia,Round of 16,6.3,0,1,0
1064,1064,942,Diego da Silva Costa,7582,['Center Forward'],3,2,0,56.99999999999999,1,0,0,2,0,0,0,1,0,1,3,1,3,0,0,0,0,2,1,0,2,0,7582,2018-07-01,Spain,Russia,Round of 16,6.5,1,0,0
1065,1065,924,Jorge Resurrección Merodio,7582,['Right Defensive Midfield'],2,1,0,94.0,3,0,0,2,0,0,0,0,0,1,0,0,0,0,0,0,0,1,3,0,2,1,7582,2018-07-01,Spain,Russia,Round of 16,8.1,0,1,0
1066,1066,838,José Andrés Guardado Hernández,7583,"['Left Midfield', 'Right Center Midfield']",2,0,0,82.0,0,0,2,1,0,0,0,2,0,0,3,1,2,1,0,1,0,0,0,0,11,3,7583,2018-07-02,Brazil,Mexico,Round of 16,6.9,0,1,0
1067,1067,831,Carlos Henrique Casimiro,7583,['Right Center Midfield'],0,0,0,88.0,2,0,0,5,0,0,0,1,0,0,0,0,0,0,0,1,0,1,3,0,5,2,7583,2018-07-02,Brazil,Mexico,Round of 16,8.0,0,1,0
1068,1068,837,Carlos Alberto Vela Garrido,7583,"['Left Wing', 'Right Wing']",2,1,0,84.0,4,0,5,4,0,0,0,0,0,1,5,0,0,0,0,0,0,0,0,0,5,0,7583,2018-07-02,Brazil,Mexico,Round of 16,7.2,1,0,0
1069,1069,836,Héctor Miguel Herrera López,7583,"['Right Midfield', 'Left Center Midfield']",1,0,0,82.0,0,0,4,1,0,0,0,6,0,0,3,0,1,0,0,1,0,2,0,0,7,3,7583,2018-07-02,Brazil,Mexico,Round of 16,6.2,0,1,0
1070,1070,835,Thiago Emiliano da Silva,7583,['Right Center Back'],0,0,0,88.0,0,0,0,0,0,0,0,0,0,0,0,0,0,0,1,0,0,3,8,0,4,0,7583,2018-07-02,Brazil,Mexico,Round of 16,7.4,0,0,1
1071,1071,834,Fágner Conserva Lemos,7583,"['Right Back', 'Right Wing']",0,0,0,81.0,1,0,0,4,0,0,0,2,0,0,1,1,1,0,0,0,0,4,1,0,0,5,7583,2018-07-02,Brazil,Mexico,Round of 16,7.0,1,0,1
1072,1072,833,Willian Borges da Silva,7583,['Right Wing'],2,2,0,70.0,2,1,7,2,0,0,0,0,0,0,3,1,1,0,0,0,0,2,0,0,2,0,7583,2018-07-02,Brazil,Mexico,Round of 16,8.4,1,0,0
1073,1073,832,Neymar da Silva Santos Junior,7583,"['Right Center Forward', 'Center Forward']",7,4,1,68.0,4,0,4,1,0,0,0,0,0,3,3,2,5,1,0,0,0,1,0,0,5,0,7583,2018-07-02,Brazil,Mexico,Round of 16,8.9,1,0,0
1074,1074,21,Romelu Lukaku Menama,7584,['Center Forward'],7,1,0,79.0,1,0,2,0,0,0,0,2,0,3,0,0,2,0,0,0,0,0,1,0,0,1,7584,2018-07-02,Belgium,Japan,Round of 16,6.7,1,0,0
1075,1075,828,João Miranda de Souza Filho,7583,['Left Center Back'],0,0,0,89.0,0,0,1,1,0,0,0,0,0,0,0,0,0,0,0,0,0,3,2,0,1,2,7583,2018-07-02,Brazil,Mexico,Round of 16,7.3,0,0,1
1076,1076,827,Jesús Daniel Gallardo Vasconcelos,7583,['Left Back'],1,0,0,94.0,0,0,0,2,0,0,0,1,0,1,0,0,1,0,0,0,0,4,1,0,4,2,7583,2018-07-02,Brazil,Mexico,Round of 16,6.2,0,0,1
1077,1077,826,Hugo Ayala Castro,7583,['Right Center Back'],1,0,0,80.0,0,0,0,2,0,0,0,0,0,1,0,0,0,0,0,0,0,4,3,0,2,3,7583,2018-07-02,Brazil,Mexico,Round of 16,6.3,0,0,1
1078,1078,825,Carlos Joel Salcedo Hernández,7583,['Left Center Back'],1,0,0,91.0,1,0,0,0,0,0,0,2,0,1,1,1,1,1,0,0,0,3,3,0,4,1,7583,2018-07-02,Brazil,Mexico,Round of 16,6.3,0,0,1
1079,1079,824,Rafael Márquez Álvarez,7583,['Center Midfield'],0,0,0,75.0,0,0,0,1,0,0,0,2,0,0,0,0,0,0,0,0,0,2,1,0,1,0,7583,2018-07-02,Brazil,Mexico,Round of 16,6.3,0,0,0
1080,1080,823,Javier Hernández Balcázar,7583,['Center Forward'],0,0,0,75.0,1,0,0,0,0,0,0,1,0,0,0,0,0,0,0,0,0,1,1,0,2,1,7583,2018-07-02,Brazil,Mexico,Round of 16,6.1,1,0,0
1081,1081,839,José Paulo Bezzera Maciel Júnior,7583,['Left Center Midfield'],1,1,0,81.0,0,0,1,2,0,0,0,0,0,0,0,0,0,0,0,0,0,1,0,0,3,3,7583,2018-07-02,Brazil,Mexico,Round of 16,7.4,0,1,0
1082,1082,829,Filipe Luís Kasmirski,7583,['Left Back'],0,0,0,85.0,2,0,0,5,0,0,0,1,0,0,0,0,0,0,0,1,0,3,0,0,3,4,7583,2018-07-02,Brazil,Mexico,Round of 16,7.1,0,0,1
1083,1083,840,Edson Omar Álvarez Velázquez,7583,"['Right Back', 'Center Defensive Midfield']",0,0,0,84.0,0,0,1,1,0,0,0,2,0,0,3,0,0,0,0,1,0,1,2,0,2,1,7583,2018-07-02,Brazil,Mexico,Round of 16,6.2,0,1,1
1084,1084,830,Philippe Coutinho Correia,7583,"['Left Wing', 'Center Attacking Midfield']",5,1,0,87.0,1,0,3,0,0,0,0,2,0,2,3,1,2,0,0,0,0,0,0,0,3,6,7583,2018-07-02,Brazil,Mexico,Round of 16,7.4,1,0,0
1085,1085,842,Gabriel Fernando de Jesus,7583,"['Left Center Forward', 'Left Wing']",3,1,0,71.0,0,0,4,2,0,0,0,2,0,0,1,0,1,0,0,0,0,1,2,0,2,2,7583,2018-07-02,Brazil,Mexico,Round of 16,7.6,1,0,0
1086,1086,38,Genki Haraguchi,7584,['Right Wing'],2,1,1,88.0,1,0,1,0,0,0,0,1,0,1,1,1,0,0,0,0,0,2,2,0,5,3,7584,2018-07-02,Belgium,Japan,Round of 16,7.9,1,0,0
1087,1087,37,Eden Hazard,7584,['Left Attacking Midfield'],4,1,0,79.0,4,1,3,1,0,0,0,0,0,1,0,0,1,0,0,0,0,3,0,0,3,1,7584,2018-07-02,Belgium,Japan,Round of 16,8.8,0,0,0
1088,1088,36,Thomas Meunier,7584,['Right Wing Back'],2,0,0,85.0,4,1,2,0,0,0,0,2,0,2,0,0,0,0,0,0,0,0,0,0,5,2,7584,2018-07-02,Belgium,Japan,Round of 16,8.3,0,0,0
1089,1089,35,Shinji Kagawa,7584,['Center Attacking Midfield'],1,0,0,88.0,2,1,3,0,0,0,0,1,0,1,0,0,1,0,0,0,0,1,0,0,7,1,7584,2018-07-02,Belgium,Japan,Round of 16,7.9,0,0,0
1090,1090,34,Kevin De Bruyne,7584,['Right Center Midfield'],2,0,0,83.0,5,0,3,2,0,0,0,2,0,0,2,1,1,1,0,0,0,4,1,0,3,1,7584,2018-07-02,Belgium,Japan,Round of 16,7.5,0,1,0
1091,1091,33,Maya Yoshida,7584,['Right Center Back'],0,0,0,78.0,0,0,0,0,0,0,0,1,0,0,0,0,0,0,0,0,0,5,10,0,3,0,7584,2018-07-02,Belgium,Japan,Round of 16,6.5,0,0,1
1092,1092,32,Yannick Ferreira Carrasco,7584,['Left Wing Back'],1,0,0,74.0,0,0,4,0,0,0,0,2,0,1,1,0,1,0,0,0,0,1,0,0,3,1,7584,2018-07-02,Belgium,Japan,Round of 16,6.4,0,0,0
1093,1093,841,Hirving Rodrigo Lozano Bahena,7583,"['Right Wing', 'Left Wing']",4,0,0,67.0,1,0,6,1,0,0,0,2,0,1,4,1,1,1,0,0,0,6,0,0,4,0,7583,2018-07-02,Brazil,Mexico,Round of 16,6.6,1,0,0
1094,1094,30,Yuto Nagatomo,7584,['Left Back'],2,0,0,84.0,1,0,0,0,0,0,0,1,0,1,0,0,0,0,0,0,0,1,3,0,3,0,7584,2018-07-02,Belgium,Japan,Round of 16,5.6,0,0,1
1095,1095,29,Makoto Hasebe,7584,['Right Defensive Midfield'],0,0,0,88.0,0,0,1,1,0,0,0,2,0,0,1,0,1,1,0,0,0,3,3,0,2,4,7584,2018-07-02,Belgium,Japan,Round of 16,5.5,0,1,0
1096,1096,28,Yūya Ōsako,7584,['Center Forward'],0,0,0,71.0,0,0,1,1,0,0,0,2,0,0,2,0,2,1,0,0,0,1,0,0,3,1,7584,2018-07-02,Belgium,Japan,Round of 16,6.3,1,0,0
1097,1097,27,Gaku Shibasaki,7584,['Left Defensive Midfield'],1,0,0,80.0,0,1,0,0,0,0,0,2,0,0,1,0,1,0,0,1,0,1,2,0,3,3,7584,2018-07-02,Belgium,Japan,Round of 16,7.0,0,1,0
1098,1098,26,Hiroki Sakai,7584,['Right Back'],0,0,0,72.0,0,0,1,1,0,0,0,0,0,0,0,0,2,0,0,0,0,1,3,0,0,1,7584,2018-07-02,Belgium,Japan,Round of 16,6.2,0,0,1
1099,1099,25,Toby Alderweireld,7584,['Right Center Back'],0,0,0,89.0,0,0,0,0,0,0,0,0,0,0,0,0,0,0,0,0,0,1,2,0,1,0,7584,2018-07-02,Belgium,Japan,Round of 16,6.0,0,0,1
1100,1100,24,Vincent Kompany,7584,['Center Back'],5,0,0,92.0,0,0,0,1,0,0,0,4,0,5,0,0,0,0,0,0,0,1,5,0,3,1,7584,2018-07-02,Belgium,Japan,Round of 16,6.3,0,0,0
1101,1101,23,Jan Vertonghen,7584,['Left Center Back'],2,2,1,79.0,0,0,0,1,0,0,0,0,0,0,1,1,0,0,0,0,0,1,0,0,3,0,7584,2018-07-02,Belgium,Japan,Round of 16,8.0,0,0,1
1102,1102,22,Axel Witsel,7584,['Left Center Midfield'],2,0,0,94.0,0,0,0,0,0,0,0,0,0,1,0,0,0,0,1,0,0,4,0,0,3,2,7584,2018-07-02,Belgium,Japan,Round of 16,7.4,0,1,0
1103,1103,39,Dries Mertens,7584,['Right Attacking Midfield'],0,0,0,77.0,5,0,0,0,0,0,0,0,0,0,0,0,2,0,0,0,0,0,0,0,1,0,7584,2018-07-02,Belgium,Japan,Round of 16,7.4,0,0,0
1104,1104,40,Takashi Inui,7584,['Left Wing'],3,2,1,73.0,1,0,1,0,0,0,0,1,0,0,0,0,3,0,0,0,0,3,1,0,2,2,7584,2018-07-02,Belgium,Japan,Round of 16,7.7,1,0,0
1105,1105,31,Gen Shōji,7584,['Left Center Back'],1,0,0,85.0,0,0,1,0,0,0,0,0,0,1,0,0,0,0,0,0,0,1,7,0,6,2,7584,2018-07-02,Belgium,Japan,Round of 16,5.7,0,0,1
1106,1106,843,Miguel Arturo Layún Prado,7583,['Right Back'],1,0,0,70.0,0,0,1,0,0,0,0,0,0,0,2,1,1,0,0,0,0,1,0,0,6,4,7583,2018-07-02,Brazil,Mexico,Round of 16,6.1,0,0,1
1107,1107,373,Emil Peter Forsberg,7586,['Left Midfield'],3,1,1,79.0,0,0,1,1,0,0,0,1,0,0,0,0,0,0,0,0,0,2,0,0,1,0,7586,2018-07-03,Sweden,Switzerland,Round of 16,8.1,0,1,0
1108,1108,374,Andreas Granqvist,7586,['Left Center Back'],0,0,0,80.0,0,0,0,0,0,0,0,0,0,0,0,0,1,0,0,0,0,1,7,0,1,0,7586,2018-07-03,Sweden,Switzerland,Round of 16,7.2,0,0,1
1109,1109,375,Blerim Džemaili,7586,['Center Attacking Midfield'],1,0,0,94.0,1,0,0,0,0,0,0,2,0,1,2,0,0,0,0,0,0,2,0,0,1,1,7586,2018-07-03,Sweden,Switzerland,Round of 16,5.8,0,0,0
1110,1110,376,Josip Drmic,7586,"['Center Forward', 'Right Center Forward']",1,0,0,73.0,1,0,0,0,0,0,0,1,0,0,0,0,2,1,0,0,0,0,0,0,2,0,7586,2018-07-03,Sweden,Switzerland,Round of 16,6.0,1,0,0
1111,1111,377,Granit Xhaka,7586,['Left Center Midfield'],2,0,0,87.0,1,0,0,0,0,0,0,3,0,1,1,1,2,1,0,1,0,1,1,0,12,2,7586,2018-07-03,Sweden,Switzerland,Round of 16,7.0,0,1,0
1112,1112,378,Manuel Obafemi Akanji,7586,['Left Center Back'],0,0,0,87.0,0,0,0,0,0,0,0,1,0,0,0,0,0,0,0,0,0,2,3,0,3,0,7586,2018-07-03,Sweden,Switzerland,Round of 16,6.9,0,0,1
1113,1113,379,Ola Toivonen,7586,['Left Center Forward'],2,1,0,62.0,1,1,0,0,0,0,0,0,0,1,2,1,1,0,0,0,0,3,2,0,2,0,7586,2018-07-03,Sweden,Switzerland,Round of 16,7.5,1,0,0
1114,1114,380,Marcus Berg,7586,['Right Center Forward'],3,1,0,64.0,0,0,0,1,0,0,0,8,0,1,0,0,4,1,0,0,0,3,0,0,2,1,7586,2018-07-03,Sweden,Switzerland,Round of 16,6.2,1,0,0
1115,1115,248,Andrés Mateus Uribe Villa,7585,['Left Center Midfield'],2,1,0,76.0,0,0,2,0,0,0,0,0,0,0,0,0,1,1,0,0,0,2,0,0,5,0,7585,2018-07-03,Colombia,England,Round of 16,6.5,0,1,0
1116,1116,381,Mikael Lustig,7586,['Right Back'],1,0,0,51.0,1,0,0,1,0,0,0,1,0,1,0,0,1,1,0,1,0,3,7,0,5,1,7586,2018-07-03,Sweden,Switzerland,Round of 16,7.0,0,0,1
1117,1117,383,Ludwig Augustinsson,7586,['Left Back'],0,0,0,43.0,0,0,0,1,0,0,0,1,0,0,0,0,0,0,0,0,0,2,2,0,6,0,7586,2018-07-03,Sweden,Switzerland,Round of 16,7.1,0,0,1
1118,1118,384,Viktor Claesson,7586,['Right Wing'],0,0,0,62.0,2,0,1,0,0,0,0,0,0,0,0,0,2,0,0,0,0,9,3,0,12,1,7586,2018-07-03,Sweden,Switzerland,Round of 16,8.0,1,0,0
1119,1119,385,Gustav Svensson,7586,['Right Center Midfield'],0,0,0,75.0,2,0,0,2,0,0,0,1,0,0,0,0,0,0,0,0,0,2,2,0,4,1,7586,2018-07-03,Sweden,Switzerland,Round of 16,7.1,0,1,0
1120,1120,386,Victor Nilsson Lindelöf,7586,['Right Center Back'],0,0,0,79.0,0,0,0,0,0,0,0,0,0,0,0,0,1,1,0,0,0,1,4,0,2,0,7586,2018-07-03,Sweden,Switzerland,Round of 16,7.0,0,0,1
1121,1121,387,Valon Behrami,7586,['Right Center Midfield'],0,0,0,93.0,0,0,0,0,0,0,0,3,0,0,0,0,0,0,0,1,0,2,0,0,4,1,7586,2018-07-03,Sweden,Switzerland,Round of 16,6.9,0,1,0
1122,1122,388,Johan Danon Djourou-Gbadjere,7586,['Right Center Back'],0,0,0,92.0,0,0,0,0,0,0,0,1,0,0,0,0,0,0,0,0,0,0,3,0,3,0,7586,2018-07-03,Sweden,Switzerland,Round of 16,7.8,0,0,1
1123,1123,389,Xherdan Shaqiri,7586,['Right Wing'],4,0,0,71.0,4,0,0,1,0,0,0,1,0,1,1,0,1,0,0,0,0,1,0,0,6,0,7586,2018-07-03,Sweden,Switzerland,Round of 16,6.7,1,0,0
1124,1124,390,Michael Lang,7586,['Right Back'],1,0,0,82.0,0,0,0,1,0,0,0,1,0,0,0,0,0,0,0,0,1,3,2,0,2,0,7586,2018-07-03,Sweden,Switzerland,Round of 16,5.3,0,0,1
1125,1125,382,Ricardo Iván Rodríguez Araya,7586,['Left Back'],3,1,0,67.0,2,0,3,0,0,0,0,1,0,0,0,0,0,0,0,0,0,1,2,0,6,0,7586,2018-07-03,Sweden,Switzerland,Round of 16,7.5,0,0,1
1126,1126,227,Juan Fernando Quintero Paniagua,7585,"['Center Attacking Midfield', 'Right Center Midfield']",3,1,0,66.0,1,0,0,0,0,0,0,0,0,1,1,0,1,0,0,0,0,0,0,0,3,0,7585,2018-07-03,Colombia,England,Round of 16,6.8,0,1,0
1127,1127,226,Radamel Falcao García Zárate,7585,"['Left Center Forward', 'Right Center Forward']",4,2,1,79.0,1,0,1,0,0,0,0,3,0,2,4,0,5,0,0,0,0,1,0,0,2,1,7585,2018-07-03,Colombia,England,Round of 16,5.7,1,0,0
1128,1128,391,Steven Zuber,7586,['Left Wing'],2,1,0,76.0,1,0,0,1,0,0,0,1,0,1,0,0,2,0,0,0,0,1,1,0,2,1,7586,2018-07-03,Sweden,Switzerland,Round of 16,6.5,1,0,0
1129,1129,228,Carlos Alberto Sánchez Moreno,7585,"['Right Center Midfield', 'Left Center Midfield']",0,0,0,86.0,0,0,0,0,0,0,0,3,1,0,1,1,0,0,0,1,0,0,1,0,4,0,7585,2018-07-03,Colombia,England,Round of 16,6.2,0,1,0
1130,1130,229,Santiago Arias Naranjo,7585,['Right Back'],0,0,0,79.0,1,0,0,1,0,0,0,1,0,0,0,0,1,0,0,1,0,3,0,0,10,1,7585,2018-07-03,Colombia,England,Round of 16,7.2,0,0,1
1131,1131,230,Harry Maguire,7585,['Left Center Back'],3,0,0,84.0,1,0,0,0,0,0,0,0,0,3,0,0,1,0,0,0,0,2,4,0,3,0,7585,2018-07-03,Colombia,England,Round of 16,7.6,0,0,1
1132,1132,231,Bamidele Alli,7585,['Left Attacking Midfield'],1,0,0,81.0,0,0,0,0,0,0,0,1,0,1,0,0,0,0,0,0,0,4,1,0,3,0,7585,2018-07-03,Colombia,England,Round of 16,6.7,0,0,0
1133,1133,232,Juan Guillermo Cuadrado Bello,7585,"['Right Center Forward', 'Right Wing']",3,1,1,83.0,3,1,6,0,0,0,0,2,0,1,0,0,1,0,0,1,0,0,1,0,5,0,7585,2018-07-03,Colombia,England,Round of 16,8.1,1,0,0
1134,1134,233,Jesse Lingard,7585,['Right Attacking Midfield'],2,0,0,91.0,2,0,1,1,0,0,0,3,0,1,0,0,5,0,0,1,0,2,1,0,7,1,7585,2018-07-03,Colombia,England,Round of 16,6.9,0,0,0
1135,1135,234,Yerry Fernando Mina González,7585,['Right Center Back'],1,1,1,92.0,0,0,0,1,0,0,0,3,0,0,0,0,0,0,0,0,0,5,9,0,7,0,7585,2018-07-03,Colombia,England,Round of 16,8.3,0,0,1
1136,1136,235,Davinson Sánchez Mina,7585,['Left Center Back'],2,0,0,81.0,0,0,0,0,0,0,0,1,0,2,0,0,0,0,0,0,0,2,9,0,7,0,7585,2018-07-03,Colombia,England,Round of 16,7.4,0,0,1
1137,1137,246,Carlos Arturo Bacca Ahumada,7585,['Left Center Forward'],2,1,0,54.0,2,0,1,2,0,0,0,2,0,0,0,0,2,0,0,1,0,1,0,0,0,0,7585,2018-07-03,Colombia,England,Round of 16,6.5,1,0,0
1138,1138,236,Jefferson Andrés Lerma Solís,7585,['Left Center Midfield'],0,0,0,82.0,0,0,0,0,0,0,0,2,0,0,0,0,1,0,0,0,0,1,1,0,0,0,7585,2018-07-03,Colombia,England,Round of 16,6.2,0,1,0
1139,1139,238,Jordan Brian Henderson,7585,['Center Defensive Midfield'],1,1,0,70.0,1,0,0,0,0,0,0,1,0,0,0,0,0,0,0,0,0,1,2,0,2,6,7585,2018-07-03,Colombia,England,Round of 16,6.8,0,1,0
1140,1140,239,Kyle Walker,7585,['Right Center Back'],0,0,0,97.0,0,0,1,0,0,0,0,0,0,0,2,0,1,0,0,0,0,1,5,0,6,0,7585,2018-07-03,Colombia,England,Round of 16,6.6,0,0,1
1141,1141,240,Ashley Young,7585,['Left Midfield'],1,1,0,64.0,2,0,1,2,0,0,0,0,0,0,2,0,0,0,0,0,0,0,0,0,1,0,7585,2018-07-03,Colombia,England,Round of 16,6.6,0,1,0
1142,1142,241,Kieran Trippier,7585,['Right Midfield'],2,1,1,61.0,6,0,1,2,0,0,0,2,0,1,1,0,1,0,0,0,0,6,1,0,2,2,7585,2018-07-03,Colombia,England,Round of 16,8.3,0,1,0
1143,1143,242,Wílmar Enrique Barrios Terán,7585,"['Center Defensive Midfield', 'Left Wing']",0,0,0,84.0,1,0,0,1,0,0,0,5,0,0,0,0,1,1,0,0,0,3,5,0,0,0,7585,2018-07-03,Colombia,England,Round of 16,7.0,1,1,0
1144,1144,243,Harry Kane,7585,['Left Center Forward'],4,2,2,61.0,0,0,0,1,0,1,0,1,0,2,0,0,5,2,0,0,0,2,0,0,5,0,7585,2018-07-03,Colombia,England,Round of 16,8.9,1,0,0
1145,1145,244,Johan Andrés Mojica Palacio,7585,['Left Back'],1,0,0,70.0,2,0,1,1,0,0,0,0,0,1,2,1,2,0,0,0,0,3,1,0,10,1,7585,2018-07-03,Colombia,England,Round of 16,7.3,0,0,1
1146,1146,245,Raheem Sterling,7585,['Right Center Forward'],3,0,0,86.0,0,0,0,0,0,0,0,2,0,0,0,0,5,0,0,0,0,2,0,0,0,0,7585,2018-07-03,Colombia,England,Round of 16,6.3,1,0,0
1147,1147,237,John Stones,7585,['Center Back'],0,0,0,87.0,0,0,0,1,0,0,0,2,0,0,0,0,0,0,0,0,0,1,8,0,3,2,7585,2018-07-03,Colombia,England,Round of 16,7.9,0,0,0
1148,1148,247,Eric Dier,7585,['Left Attacking Midfield'],2,1,1,75.0,0,0,0,1,0,0,0,1,0,1,0,0,0,0,0,0,0,0,0,0,3,1,7585,2018-07-03,Colombia,England,Round of 16,6.3,0,0,0
1149,1149,392,Albin Ekdal,7586,['Left Center Midfield'],3,0,0,86.0,0,0,3,1,0,0,0,0,0,3,1,0,0,0,0,0,0,4,0,0,4,0,7586,2018-07-03,Sweden,Switzerland,Round of 16,7.4,0,1,0
1150,1150,0,Neymar da Silva Santos Junior,8650,['Left Wing'],3,1,0,85.0,8,0,5,0,0,0,0,0,0,0,5,0,7,0,0,0,0,0,0,0,6,0,8650,2018-07-06,Brazil,Belgium,Quarter-finals,7.2,1,0,0
1151,1151,901,Cristhian Ricardo Stuani Curbelo,8649,['Left Center Forward'],1,0,0,23.0,0,0,0,1,0,0,0,4,0,1,1,1,4,0,0,0,0,0,0,0,0,2,8649,2018-07-06,Uruguay,France,Quarter-finals,6.1,1,0,0
1152,1152,900,Rodrigo Bentancur Colmán,8649,['Center Attacking Midfield'],1,0,0,83.0,0,0,3,0,0,0,0,2,0,1,2,1,2,1,0,1,0,3,0,0,5,0,8649,2018-07-06,Uruguay,France,Quarter-finals,6.2,0,0,0
1153,1153,899,José Martín Cáceres Silva,8649,['Right Back'],2,1,0,56.00000000000001,1,0,1,1,0,0,0,1,0,1,1,0,1,1,0,0,0,2,2,0,9,0,8649,2018-07-06,Uruguay,France,Quarter-finals,6.2,0,0,1
1154,1154,898,José María Giménez de Vargas,8649,['Right Center Back'],1,1,0,61.0,0,0,0,2,0,0,0,1,0,0,0,0,1,0,0,0,0,0,3,0,1,0,8649,2018-07-06,Uruguay,France,Quarter-finals,6.1,0,0,1
1155,1155,897,Nahitan Michel Nández Acosta,8649,"['Right Center Midfield', 'Right Wing']",1,1,0,64.0,0,0,0,0,0,0,0,3,0,0,0,0,2,1,0,0,0,1,0,0,6,1,8649,2018-07-06,Uruguay,France,Quarter-finals,6.7,1,1,0
1156,1156,896,Paul Pogba,8649,['Left Center Midfield'],1,0,0,77.0,1,0,1,1,0,0,0,4,0,1,3,1,2,0,0,0,0,3,4,0,3,0,8649,2018-07-06,Uruguay,France,Quarter-finals,7.8,0,1,0
1157,1157,895,Corentin Tolisso,8649,['Left Wing'],1,0,0,84.0,1,1,1,0,0,0,0,0,0,1,0,0,0,0,0,0,0,3,2,0,6,1,8649,2018-07-06,Uruguay,France,Quarter-finals,8.0,1,0,0
1158,1158,894,Lucas Hernández Pi,8649,['Left Back'],1,0,0,83.0,0,0,0,0,0,0,0,3,0,1,2,1,2,0,0,1,0,2,5,0,5,1,8649,2018-07-06,Uruguay,France,Quarter-finals,7.4,0,0,1
1159,1159,893,Samuel Yves Umtiti,8649,['Left Center Back'],0,0,0,73.0,0,0,1,0,0,0,0,2,0,0,1,1,0,0,0,0,0,1,6,0,1,0,8649,2018-07-06,Uruguay,France,Quarter-finals,7.2,0,0,1
1160,1160,891,N'Golo Kanté,8649,['Right Center Midfield'],1,0,0,87.0,0,0,1,1,0,0,0,2,0,0,2,1,1,1,0,0,0,2,2,0,4,1,8649,2018-07-06,Uruguay,France,Quarter-finals,7.1,0,1,0
1161,1161,890,Antoine Griezmann,8649,"['Center Attacking Midfield', 'Left Wing']",2,1,1,73.0,1,1,3,2,0,0,0,0,0,1,0,0,2,2,0,0,0,0,1,0,4,2,8649,2018-07-06,Uruguay,France,Quarter-finals,9.1,1,0,0
1162,1162,889,Kylian Mbappé Lottin,8649,['Right Wing'],1,0,0,81.0,0,0,9,0,0,0,0,0,0,1,2,0,3,1,0,0,0,0,0,0,2,0,8649,2018-07-06,Uruguay,France,Quarter-finals,7.7,1,0,0
1163,1163,888,Raphaël Varane,8649,['Right Center Back'],2,1,1,77.0,0,0,0,0,0,0,0,1,0,1,0,0,0,0,0,0,0,0,4,0,3,0,8649,2018-07-06,Uruguay,France,Quarter-finals,8.4,0,0,1
1164,1164,887,Benjamin Pavard,8649,['Right Back'],1,0,0,86.0,0,0,0,1,0,0,0,0,0,1,0,0,2,1,0,0,0,1,4,0,3,1,8649,2018-07-06,Uruguay,France,Quarter-finals,7.8,0,0,1
1165,1165,886,Diego Roberto Godín Leal,8649,['Left Center Back'],1,0,0,71.0,0,0,1,0,0,0,0,0,0,1,0,0,0,0,0,0,0,0,3,0,4,3,8649,2018-07-06,Uruguay,France,Quarter-finals,6.6,0,0,1
1166,1166,885,Lucas Torreira Di Pascua,8649,"['Center Defensive Midfield', 'Left Center Midfield']",0,0,0,64.0,2,0,0,4,0,0,0,3,0,0,3,0,0,0,0,0,0,1,0,0,8,2,8649,2018-07-06,Uruguay,France,Quarter-finals,6.9,0,1,0
1167,1167,884,Luis Alberto Suárez Díaz,8649,"['Right Center Forward', 'Left Center Forward']",0,0,0,56.00000000000001,1,0,1,0,0,0,0,0,0,0,1,0,2,0,0,0,0,1,3,0,4,0,8649,2018-07-06,Uruguay,France,Quarter-finals,6.5,1,0,0
1168,1168,902,Diego Sebastián Laxalt Suárez,8649,['Left Back'],0,0,0,62.0,0,0,0,0,0,0,0,3,0,0,1,0,0,0,0,0,0,1,2,0,0,6,8649,2018-07-06,Uruguay,France,Quarter-finals,5.8,0,0,1
1169,1169,903,Matías Vecino Falero,8649,"['Left Center Midfield', 'Right Center Midfield']",1,1,0,74.0,0,0,0,0,0,0,0,4,0,0,1,0,0,0,0,0,0,2,0,0,5,3,8649,2018-07-06,Uruguay,France,Quarter-finals,5.9,0,1,0
1170,1170,892,Olivier Giroud,8649,['Center Forward'],1,0,0,69.0,1,0,1,1,0,0,0,3,0,1,0,0,1,0,0,0,0,1,2,0,2,2,8649,2018-07-06,Uruguay,France,Quarter-finals,7.1,1,0,0
1171,1171,19,Willian Borges da Silva,8650,['Right Wing'],0,0,0,75.0,1,0,0,1,0,0,0,1,0,0,1,0,2,1,0,0,0,1,0,0,0,0,8650,2018-07-06,Brazil,Belgium,Quarter-finals,5.8,1,0,0
1172,1172,20,Roberto Firmino Barbosa de Oliveira,8650,['Center Forward'],2,0,0,72.0,1,0,1,0,0,0,0,1,0,2,1,0,1,0,0,0,0,1,0,0,1,0,8650,2018-07-06,Brazil,Belgium,Quarter-finals,6.6,1,0,0
1173,1173,1,Fernando Luiz Roza,8650,['Center Midfield'],1,0,0,86.0,2,0,0,0,0,0,1,2,0,0,0,0,0,0,1,1,0,1,1,0,5,4,8650,2018-07-06,Brazil,Belgium,Quarter-finals,5.9,0,0,0
1174,1174,2,Philippe Coutinho Correia,8650,['Left Midfield'],6,2,0,88.0,1,1,0,2,0,0,0,1,0,1,3,0,3,2,0,0,0,1,0,0,2,1,8650,2018-07-06,Brazil,Belgium,Quarter-finals,7.8,0,1,0
1175,1175,3,Marcelo Vieira da Silva Júnior,8650,['Left Back'],1,1,0,82.0,3,0,0,1,0,0,0,2,0,0,1,1,1,0,0,0,0,6,1,0,5,1,8650,2018-07-06,Brazil,Belgium,Quarter-finals,7.7,0,0,1
1176,1176,4,João Miranda de Souza Filho,8650,['Left Center Back'],0,0,0,93.0,1,0,0,3,0,0,0,4,0,0,0,0,0,0,0,0,0,3,2,0,1,3,8650,2018-07-06,Brazil,Belgium,Quarter-finals,6.7,0,0,1
1177,1177,6,Fágner Conserva Lemos,8650,['Right Back'],0,0,0,90.0,1,0,0,0,0,0,0,4,0,0,0,0,0,0,0,1,0,2,0,0,1,1,8650,2018-07-06,Brazil,Belgium,Quarter-finals,5.9,0,0,1
1178,1178,7,Jan Vertonghen,8650,['Left Back'],0,0,0,85.0,0,0,1,0,0,0,0,1,0,0,1,1,0,0,0,0,0,2,3,0,2,2,8650,2018-07-06,Brazil,Belgium,Quarter-finals,6.8,0,0,1
1179,1179,8,Vincent Kompany,8650,"['Left Center Back', 'Center Back']",1,1,0,93.0,0,0,0,1,0,0,0,0,0,0,0,0,0,0,0,0,0,4,10,0,1,2,8650,2018-07-06,Brazil,Belgium,Quarter-finals,7.3,0,0,1
1180,1180,9,Toby Alderweireld,8650,['Right Center Back'],0,0,0,86.0,0,0,0,1,0,0,0,2,0,0,0,0,0,0,0,1,0,5,9,0,2,0,8650,2018-07-06,Brazil,Belgium,Quarter-finals,7.6,0,0,1
1181,1181,5,Thiago Emiliano da Silva,8650,['Right Center Back'],1,0,0,98.0,1,0,0,0,0,0,0,0,0,0,1,1,0,0,0,0,0,0,3,0,6,0,8650,2018-07-06,Brazil,Belgium,Quarter-finals,6.6,0,0,1
1182,1182,11,Romelu Lukaku Menama,8650,"['Right Wing', 'Right Center Forward']",0,0,0,69.0,0,0,1,0,0,0,0,3,0,0,1,0,4,0,0,0,0,0,0,0,1,0,8650,2018-07-06,Brazil,Belgium,Quarter-finals,7.3,1,0,0
1183,1183,12,Thomas Meunier,8650,['Right Back'],0,0,0,76.0,0,0,0,2,0,0,0,2,0,0,0,0,1,1,0,1,0,2,4,0,3,2,8650,2018-07-06,Brazil,Belgium,Quarter-finals,7.0,0,0,1
1184,1184,13,Marouane Fellaini-Bakkioui,8650,['Right Center Midfield'],1,0,0,80.0,0,0,0,4,0,0,0,6,0,0,0,0,1,0,0,0,0,3,4,0,2,1,8650,2018-07-06,Brazil,Belgium,Quarter-finals,7.4,0,1,0
1185,1185,14,Axel Witsel,8650,"['Center Midfield', 'Center Defensive Midfield']",0,0,0,89.0,0,0,0,1,0,0,0,0,0,0,2,2,0,0,0,0,0,6,2,0,5,2,8650,2018-07-06,Brazil,Belgium,Quarter-finals,7.5,0,1,0
1186,1186,15,Gabriel Fernando de Jesus,8650,"['Center Forward', 'Right Wing']",2,0,0,70.0,1,0,1,1,0,0,0,1,0,1,0,0,2,0,0,0,0,0,0,0,1,2,8650,2018-07-06,Brazil,Belgium,Quarter-finals,6.2,1,0,0
1187,1187,16,Eden Hazard,8650,"['Left Wing', 'Left Center Forward']",2,0,0,74.0,0,0,9,0,0,0,0,4,0,1,3,0,3,2,0,0,0,1,0,0,6,0,8650,2018-07-06,Brazil,Belgium,Quarter-finals,8.0,1,0,0
1188,1188,17,Kevin De Bruyne,8650,"['Secondary Striker', 'Right Center Forward', 'Left Center Midfield']",3,2,1,79.0,3,0,2,1,0,0,0,0,0,1,2,1,0,0,0,0,0,0,1,0,10,0,8650,2018-07-06,Brazil,Belgium,Quarter-finals,8.6,1,1,0
1189,1189,10,José Paulo Bezzera Maciel Júnior,8650,['Right Midfield'],3,1,0,88.0,0,0,0,0,0,0,0,3,0,1,0,0,0,0,0,0,0,1,0,0,3,1,8650,2018-07-06,Brazil,Belgium,Quarter-finals,6.6,0,1,0
1190,1190,18,Nacer Chadli,8650,['Left Center Midfield'],1,0,0,79.0,1,0,0,1,0,0,0,0,0,1,2,1,2,2,0,0,0,0,3,0,4,0,8650,2018-07-06,Brazil,Belgium,Quarter-finals,6.7,0,1,0
1191,1191,1234,Luka Modrić,8652,"['Right Defensive Midfield', 'Right Midfield']",4,1,1,82.0,2,1,5,2,0,0,0,1,0,2,1,1,2,1,0,0,0,1,0,0,8,1,8652,2018-07-07,Russia,Croatia,Quarter-finals,8.3,0,1,0
1192,1192,1242,Dejan Lovren,8652,['Right Center Back'],1,1,0,84.0,1,0,0,0,0,0,0,2,0,0,0,0,0,0,0,1,0,2,10,0,6,0,8652,2018-07-07,Russia,Croatia,Quarter-finals,7.3,0,0,1
1193,1193,1241,Artem Dzyuba,8652,['Center Forward'],2,1,0,71.0,2,1,0,0,0,0,0,3,0,0,0,0,5,0,0,0,0,0,2,0,3,2,8652,2018-07-07,Russia,Croatia,Quarter-finals,7.5,1,0,0
1194,1194,1240,Mário Figueira Fernandes,8652,['Right Back'],2,1,1,69.0,2,0,1,1,0,0,0,2,0,1,0,0,5,1,0,0,0,5,5,0,6,0,8652,2018-07-07,Russia,Croatia,Quarter-finals,8.2,0,0,1
1195,1195,1239,Aleksandr Samedov,8652,['Right Wing'],0,0,0,45.0,0,0,1,0,0,0,0,3,0,0,0,0,2,0,0,0,0,0,0,0,1,4,8652,2018-07-07,Russia,Croatia,Quarter-finals,6.3,1,0,0
1196,1196,1235,Domagoj Vida,8652,"['Left Center Back', 'Right Back']",2,2,2,83.0,0,0,0,0,0,0,0,1,0,0,0,0,0,0,0,0,0,0,4,0,0,1,8652,2018-07-07,Russia,Croatia,Quarter-finals,7.6,0,0,1
1197,1197,1237,Daler Kuzyaev,8652,['Right Center Midfield'],2,2,1,76.0,0,0,1,1,0,0,0,2,0,0,1,0,3,1,0,0,0,1,3,0,6,4,8652,2018-07-07,Russia,Croatia,Quarter-finals,7.0,0,1,0
1198,1198,1236,Ivan Strinić,8652,['Left Back'],0,0,0,86.0,1,0,2,0,0,0,0,3,0,0,0,0,1,0,0,1,0,0,2,0,2,2,8652,2018-07-07,Russia,Croatia,Quarter-finals,7.3,0,0,1
1199,1199,1243,Šime Vrsaljko,8652,['Right Back'],1,0,0,76.0,2,0,0,1,0,0,0,1,0,0,0,0,1,0,0,0,0,2,4,0,4,0,8652,2018-07-07,Russia,Croatia,Quarter-finals,7.6,0,0,1
1200,1200,1238,Aleksandr Golovin,8652,['Center Attacking Midfield'],0,0,0,56.99999999999999,0,0,0,0,0,0,0,3,0,0,1,0,3,2,0,0,0,2,1,0,4,0,8652,2018-07-07,Russia,Croatia,Quarter-finals,6.7,0,0,0
1201,1201,1244,Roman Zobnin,8652,['Left Center Midfield'],1,1,0,63.0,0,0,0,2,0,0,0,3,0,0,0,0,4,3,0,0,0,2,0,0,7,3,8652,2018-07-07,Russia,Croatia,Quarter-finals,7.5,0,1,0
1202,1202,1254,Fyodor Smolov,8652,['Left Wing'],2,2,0,71.0,0,0,2,1,0,0,0,0,0,0,1,0,0,0,0,0,0,4,0,0,1,0,8652,2018-07-07,Russia,Croatia,Quarter-finals,6.2,1,0,0
1203,1203,1246,Sergei Ignashevich,8652,['Left Center Back'],2,1,1,77.0,0,0,0,1,0,0,0,0,0,1,0,0,0,0,0,0,0,1,16,0,2,0,8652,2018-07-07,Russia,Croatia,Quarter-finals,6.8,0,0,1
1204,1204,1247,Ilya Kutepov,8652,['Right Center Back'],1,0,0,70.0,0,0,0,0,0,0,0,1,0,1,0,0,0,0,0,0,0,5,7,0,2,0,8652,2018-07-07,Russia,Croatia,Quarter-finals,6.1,0,0,1
1205,1205,1248,Ivan Perišić,8652,['Left Wing'],3,0,0,75.0,0,0,0,0,0,0,0,1,0,2,0,0,1,1,0,0,0,0,0,0,1,0,8652,2018-07-07,Russia,Croatia,Quarter-finals,6.5,1,0,0
1206,1206,1249,Andrej Kramarić,8652,['Center Attacking Midfield'],3,2,1,76.0,1,0,1,0,0,0,0,1,0,0,2,0,3,1,0,0,0,0,1,0,6,0,8652,2018-07-07,Russia,Croatia,Quarter-finals,7.7,0,0,0
1207,1207,1250,Ante Rebić,8652,"['Right Wing', 'Center Forward']",3,0,0,38.0,0,0,4,0,0,0,0,2,0,2,0,0,3,1,0,0,0,3,0,0,1,0,8652,2018-07-07,Russia,Croatia,Quarter-finals,6.1,1,0,0
1208,1208,1251,Denis Cheryshev,8652,['Left Wing'],3,1,1,42.0,1,0,1,2,0,0,0,1,0,1,1,0,0,0,0,0,0,3,1,0,1,1,8652,2018-07-07,Russia,Croatia,Quarter-finals,7.2,1,0,0
1209,1209,1252,Aleksandr Erokhin,8652,['Right Wing'],2,0,0,40.0,1,0,0,0,0,0,0,1,0,2,0,0,1,0,0,0,0,3,2,0,1,1,8652,2018-07-07,Russia,Croatia,Quarter-finals,6.1,1,0,0
1210,1210,1253,Marcelo Brozović,8652,"['Left Wing', 'Left Midfield']",1,1,1,85.0,0,0,0,1,0,0,0,0,0,0,0,0,0,0,0,0,0,3,3,0,3,0,8652,2018-07-07,Russia,Croatia,Quarter-finals,7.3,1,1,0
1211,1211,1255,Josip Pivarić,8652,['Left Back'],0,0,0,76.0,0,0,2,0,0,0,0,4,0,0,0,0,0,0,0,1,0,2,1,0,1,1,8652,2018-07-07,Russia,Croatia,Quarter-finals,6.7,0,0,1
1212,1212,1149,Victor Nilsson Lindelöf,8651,['Right Center Back'],0,0,0,85.0,0,0,0,0,0,0,0,1,0,0,0,0,0,0,0,0,0,0,5,0,3,1,8651,2018-07-07,Sweden,England,Quarter-finals,6.5,0,0,1
1213,1213,1245,Fedor Kudryashov,8652,['Left Back'],0,0,0,69.0,0,0,0,0,0,0,0,3,0,0,0,0,0,0,0,0,0,1,5,0,4,1,8652,2018-07-07,Russia,Croatia,Quarter-finals,6.4,0,0,1
1214,1214,1232,Mario Mandžukić,8652,"['Center Forward', 'Left Wing']",2,0,0,63.0,1,1,0,0,0,0,0,0,0,2,2,1,3,2,0,0,0,0,1,0,4,1,8652,2018-07-07,Russia,Croatia,Quarter-finals,8.0,1,0,0
1215,1215,1150,Emil Peter Forsberg,8651,['Left Wing'],1,0,0,76.0,0,0,2,0,0,0,0,0,0,1,1,0,1,1,0,0,0,1,0,0,2,1,8651,2018-07-07,Sweden,England,Quarter-finals,6.2,1,0,0
1216,1216,1135,Kieran Trippier,8651,"['Right Midfield', 'Right Back']",0,0,0,64.0,1,0,0,2,0,0,0,0,0,0,0,0,0,0,0,0,0,2,0,0,4,2,8651,2018-07-07,Sweden,England,Quarter-finals,7.8,0,1,1
1217,1217,1133,Kyle Walker,8651,['Right Center Back'],0,0,0,77.0,0,0,3,0,0,0,0,0,0,0,0,0,0,0,0,0,0,1,3,0,7,0,8651,2018-07-07,Sweden,England,Quarter-finals,7.5,0,0,1
1218,1218,1134,Andreas Granqvist,8651,['Left Center Back'],0,0,0,83.0,0,0,1,0,0,0,0,3,0,0,0,0,0,0,0,0,0,5,14,0,3,1,8651,2018-07-07,Sweden,England,Quarter-finals,6.9,0,0,1
1219,1219,1136,Harry Maguire,8651,['Left Center Back'],2,1,1,77.0,1,0,0,1,0,0,0,3,0,1,0,0,0,0,0,0,0,0,2,0,3,1,8651,2018-07-07,Sweden,England,Quarter-finals,8.4,0,0,1
1220,1220,1137,John Stones,8651,['Center Back'],0,0,0,86.0,0,0,0,1,0,0,0,0,0,0,0,0,0,0,0,0,0,1,1,0,0,0,8651,2018-07-07,Sweden,England,Quarter-finals,7.4,0,0,0
1221,1221,1138,Harry Kane,8651,['Left Center Forward'],1,0,0,76.0,0,0,2,0,0,0,0,1,0,1,3,0,1,1,0,0,0,1,0,0,3,0,8651,2018-07-07,Sweden,England,Quarter-finals,6.5,1,0,0
1222,1222,1139,Ludwig Augustinsson,8651,['Left Back'],1,0,0,69.0,2,0,0,0,0,0,0,1,0,1,0,0,0,0,0,0,0,3,5,0,2,0,8651,2018-07-07,Sweden,England,Quarter-finals,6.1,0,0,1
1223,1223,1140,Jesse Lingard,8651,['Right Attacking Midfield'],3,0,0,92.0,1,1,4,1,0,0,0,0,0,0,0,0,2,1,0,0,0,0,0,0,6,1,8651,2018-07-07,Sweden,England,Quarter-finals,8.3,0,0,0
1224,1224,1141,Ashley Young,8651,"['Left Midfield', 'Left Back']",0,0,0,84.0,0,1,1,0,0,0,0,1,0,0,0,0,1,0,0,0,0,1,1,0,2,0,8651,2018-07-07,Sweden,England,Quarter-finals,7.8,0,1,1
1225,1225,1142,Bamidele Alli,8651,['Left Attacking Midfield'],3,1,1,67.0,1,0,0,2,0,0,0,2,0,0,1,0,2,1,0,0,0,3,0,0,6,3,8651,2018-07-07,Sweden,England,Quarter-finals,7.8,0,0,0
1226,1226,1143,Albin Ekdal,8651,['Left Center Midfield'],0,0,0,69.0,0,0,1,1,0,0,0,1,0,0,1,1,3,2,0,0,0,2,6,0,6,4,8651,2018-07-07,Sweden,England,Quarter-finals,7.0,0,1,0
1227,1227,1144,Jordan Brian Henderson,8651,['Center Defensive Midfield'],1,0,0,75.0,0,0,0,1,0,0,0,0,0,1,2,0,1,0,0,0,0,3,0,0,6,2,8651,2018-07-07,Sweden,England,Quarter-finals,7.3,0,1,0
1228,1228,1145,Sebastian Larsson,8651,['Right Center Midfield'],0,0,0,79.0,1,0,0,2,0,0,0,4,0,0,0,0,0,0,0,1,0,1,1,0,1,3,8651,2018-07-07,Sweden,England,Quarter-finals,6.6,0,1,0
1229,1229,1146,Marcus Berg,8651,['Right Center Forward'],2,2,0,61.0,1,0,0,1,0,0,0,1,0,0,1,0,1,0,0,0,0,2,1,0,1,0,8651,2018-07-07,Sweden,England,Quarter-finals,6.1,1,0,0
1230,1230,1147,Ola Toivonen,8651,['Left Center Forward'],1,0,0,61.0,0,0,0,0,0,0,0,1,0,1,0,0,2,0,0,0,0,1,0,0,0,1,8651,2018-07-07,Sweden,England,Quarter-finals,5.8,1,0,0
1231,1231,1148,Raheem Sterling,8651,['Right Center Forward'],2,0,0,74.0,0,0,2,0,0,0,0,1,0,0,0,0,1,0,0,0,0,3,0,0,1,0,8651,2018-07-07,Sweden,England,Quarter-finals,6.1,1,0,0
1232,1232,1132,Emil Krafth,8651,['Right Back'],0,0,0,63.0,0,0,2,0,0,0,0,0,0,0,0,0,1,1,0,0,0,4,2,0,1,0,8651,2018-07-07,Sweden,England,Quarter-finals,6.2,0,0,1
1233,1233,1131,Viktor Claesson,8651,['Right Wing'],3,1,0,77.0,0,0,2,2,0,0,0,0,0,1,2,0,1,0,0,0,0,1,0,0,6,1,8651,2018-07-07,Sweden,England,Quarter-finals,6.7,1,0,0
1234,1234,1233,Ivan Rakitić,8652,"['Left Defensive Midfield', 'Center Midfield']",2,1,1,86.0,1,0,2,0,0,0,0,1,0,1,2,1,2,0,0,0,0,2,0,0,7,0,8652,2018-07-07,Russia,Croatia,Quarter-finals,6.9,0,1,0
1235,1235,1191,Raphaël Varane,8655,['Right Center Back'],0,0,0,90.0,0,0,0,0,0,0,0,0,0,0,0,0,0,0,0,0,0,2,6,0,1,0,8655,2018-07-10,France,Belgium,Semi-finals,7.3,0,0,1
1236,1236,1190,Antoine Griezmann,8655,"['Center Attacking Midfield', 'Left Center Forward']",5,1,0,87.0,3,1,0,1,0,0,0,1,0,2,0,0,0,0,0,0,0,0,0,0,3,1,8655,2018-07-10,France,Belgium,Semi-finals,8.3,1,0,0
1237,1237,1192,Benjamin Pavard,8655,['Right Back'],1,1,0,87.0,1,0,0,0,0,0,0,0,0,0,1,0,1,0,0,0,0,1,1,0,3,1,8655,2018-07-10,France,Belgium,Semi-finals,7.2,0,0,1
1238,1238,1193,Kylian Mbappé Lottin,8655,"['Right Wing', 'Right Center Forward']",0,0,0,70.0,5,0,4,1,0,0,0,0,0,0,2,0,1,0,0,0,0,0,0,0,2,0,8655,2018-07-10,France,Belgium,Semi-finals,8.0,1,0,0
1239,1239,1194,Kevin De Bruyne,8655,"['Right Wing', 'Center Attacking Midfield']",2,0,0,68.0,1,0,1,1,0,0,0,1,0,2,2,0,3,1,0,0,0,1,1,0,8,1,8655,2018-07-10,France,Belgium,Semi-finals,6.2,1,0,0
1240,1240,1195,Blaise Matuidi,8655,"['Left Wing', 'Left Center Midfield']",3,1,0,91.0,2,0,0,3,0,0,0,0,0,1,0,0,3,1,0,0,0,0,0,0,4,2,8655,2018-07-10,France,Belgium,Semi-finals,8.4,1,1,0
1241,1241,1196,Paul Pogba,8655,"['Left Defensive Midfield', 'Center Attacking Midfield']",1,0,0,91.0,3,0,1,1,0,0,0,2,0,1,1,0,1,0,0,0,0,0,2,0,1,2,8655,2018-07-10,France,Belgium,Semi-finals,7.5,0,1,0
1242,1242,1198,Jan Vertonghen,8655,['Left Back'],0,0,0,89.0,0,0,0,1,0,0,0,2,0,0,0,0,0,0,0,1,0,1,4,0,3,2,8655,2018-07-10,France,Belgium,Semi-finals,6.8,0,0,1
1243,1243,1199,Samuel Yves Umtiti,8655,['Left Center Back'],1,1,1,80.0,1,0,0,0,0,0,0,0,0,0,0,0,0,0,0,0,0,1,7,0,2,0,8655,2018-07-10,France,Belgium,Semi-finals,8.3,0,0,1
1244,1244,1200,Lucas Hernández Pi,8655,['Left Back'],0,0,0,74.0,0,0,0,0,0,0,0,1,0,0,1,0,0,0,0,0,0,3,2,0,4,1,8655,2018-07-10,France,Belgium,Semi-finals,7.1,0,0,1
1245,1245,1197,Axel Witsel,8655,['Right Center Midfield'],1,1,0,98.0,1,0,0,0,0,0,0,2,0,0,1,0,0,0,0,0,0,0,0,0,5,0,8655,2018-07-10,France,Belgium,Semi-finals,6.6,0,1,0
1246,1246,1202,Olivier Giroud,8655,['Center Forward'],7,0,0,65.0,0,0,0,0,0,0,0,1,0,5,0,0,6,1,0,0,0,2,1,0,4,2,8655,2018-07-10,France,Belgium,Semi-finals,7.3,1,0,0
1247,1247,1203,Eden Hazard,8655,['Left Wing'],2,0,0,94.0,1,0,7,1,0,0,0,1,0,1,2,0,3,1,0,1,0,0,1,0,1,1,8655,2018-07-10,France,Belgium,Semi-finals,7.4,1,0,0
1248,1248,1204,Nacer Chadli,8655,['Right Back'],0,0,0,81.0,1,0,2,1,0,0,0,1,0,0,1,0,4,1,0,0,0,4,1,0,2,0,8655,2018-07-10,France,Belgium,Semi-finals,6.6,0,0,1
1249,1249,1205,Toby Alderweireld,8655,['Right Center Back'],2,1,0,92.0,0,0,0,1,0,0,0,1,0,1,0,0,0,0,0,1,0,2,0,0,2,0,8655,2018-07-10,France,Belgium,Semi-finals,7.0,0,0,1
1250,1250,1206,Mousa Sidi Yaya Dembélé,8655,['Left Center Midfield'],0,0,0,89.0,0,0,0,0,0,0,0,4,0,0,1,1,2,0,0,0,0,3,1,0,0,2,8655,2018-07-10,France,Belgium,Semi-finals,6.0,0,1,0
1251,1251,1207,Marouane Fellaini-Bakkioui,8655,"['Center Attacking Midfield', 'Left Center Midfield']",1,0,0,93.0,1,0,0,2,0,0,0,2,0,1,1,0,2,0,0,0,0,1,1,0,2,1,8655,2018-07-10,France,Belgium,Semi-finals,6.0,0,1,0
1252,1252,1208,Vincent Kompany,8655,['Left Center Back'],0,0,0,96.0,1,0,0,1,0,0,0,1,0,0,0,0,0,0,0,0,0,1,2,0,2,1,8655,2018-07-10,France,Belgium,Semi-finals,7.2,0,0,1
1253,1253,1209,Romelu Lukaku Menama,8655,['Center Forward'],1,0,0,89.0,0,0,0,0,0,0,0,1,0,1,0,0,2,1,0,0,0,0,0,0,0,0,8655,2018-07-10,France,Belgium,Semi-finals,5.9,1,0,0
1254,1254,1201,N'Golo Kanté,8655,"['Right Defensive Midfield', 'Center Midfield']",0,0,0,91.0,0,0,0,0,0,0,0,1,0,0,0,0,0,0,0,1,0,1,0,0,3,3,8655,2018-07-10,France,Belgium,Semi-finals,7.2,0,1,0
1255,1255,442,Mario Mandžukić,8656,['Center Forward'],3,3,1,57.99999999999999,1,0,0,1,0,0,0,2,0,0,0,0,2,1,0,0,0,0,1,0,1,0,8656,2018-07-11,Croatia,England,Semi-finals,7.9,1,0,0
1256,1256,441,Ivan Strinić,8656,['Left Back'],0,0,0,68.0,0,0,0,0,0,0,0,2,0,0,2,1,0,0,0,0,0,0,4,0,6,1,8656,2018-07-11,Croatia,England,Semi-finals,6.9,0,0,1
1257,1257,440,Domagoj Vida,8656,['Left Center Back'],0,0,0,83.0,0,0,0,0,0,0,0,1,0,0,0,0,0,0,0,0,0,2,3,0,1,0,8656,2018-07-11,Croatia,England,Semi-finals,7.3,0,0,1
1258,1258,439,Dejan Lovren,8656,['Right Center Back'],1,0,0,87.0,0,0,0,0,0,0,0,3,0,1,0,0,1,0,0,0,0,2,6,0,2,2,8656,2018-07-11,Croatia,England,Semi-finals,7.7,0,0,1
1259,1259,436,Harry Kane,8656,['Right Center Forward'],2,0,0,52.0,1,0,0,0,0,0,0,1,0,2,0,0,0,0,0,0,0,1,1,0,4,0,8656,2018-07-11,Croatia,England,Semi-finals,6.7,1,0,0
1260,1260,437,Ivan Rakitić,8656,['Left Attacking Midfield'],1,0,0,79.0,1,0,0,1,0,0,0,3,0,1,0,0,1,0,0,0,0,1,1,0,8,1,8656,2018-07-11,Croatia,England,Semi-finals,7.7,0,0,0
1261,1261,435,Kyle Walker,8656,['Right Center Back'],0,0,0,87.0,0,0,0,1,0,0,0,2,0,0,0,0,0,0,0,0,0,4,15,0,8,0,8656,2018-07-11,Croatia,England,Semi-finals,7.2,0,0,1
1262,1262,443,Ivan Perišić,8656,['Left Wing'],7,1,1,59.0,2,1,1,1,0,0,0,2,0,3,1,0,1,1,0,0,0,4,1,0,5,1,8656,2018-07-11,Croatia,England,Semi-finals,8.8,1,0,0
1263,1263,438,Marcelo Brozović,8656,['Center Midfield'],3,1,0,86.0,4,0,0,2,0,0,0,1,0,2,0,0,1,1,0,0,0,2,1,0,2,3,8656,2018-07-11,Croatia,England,Semi-finals,7.8,0,0,0
1264,1264,444,Kieran Trippier,8656,"['Right Wing Back', 'Right Back']",1,1,1,66.0,4,0,2,1,0,0,0,1,0,0,1,1,1,0,0,0,0,5,4,0,4,1,8656,2018-07-11,Croatia,England,Semi-finals,8.2,0,0,1
1265,1265,453,Marcus Rashford,8656,"['Left Center Forward', 'Secondary Striker']",0,0,0,56.00000000000001,0,0,3,0,0,0,0,2,0,0,1,1,5,0,0,0,0,3,0,0,3,1,8656,2018-07-11,Croatia,England,Semi-finals,6.3,1,0,0
1266,1266,446,Šime Vrsaljko,8656,['Right Back'],1,0,0,71.0,0,1,1,0,0,0,0,3,0,1,1,0,1,0,0,0,0,2,3,0,3,2,8656,2018-07-11,Croatia,England,Semi-finals,7.9,0,0,1
1267,1267,447,Jesse Lingard,8656,['Right Center Midfield'],3,0,0,89.0,2,0,0,0,0,0,0,1,0,2,3,1,7,0,0,0,0,3,1,0,3,1,8656,2018-07-11,Croatia,England,Semi-finals,6.1,0,1,0
1268,1268,449,Ashley Young,8656,['Left Wing Back'],0,0,0,68.0,0,0,0,1,0,0,0,0,0,0,2,0,0,0,0,0,0,2,1,0,4,3,8656,2018-07-11,Croatia,England,Semi-finals,6.1,0,0,0
1269,1269,450,Ante Rebić,8656,['Right Wing'],3,2,0,38.0,0,0,2,1,0,0,0,6,0,0,1,0,2,0,0,1,0,1,0,0,4,0,8656,2018-07-11,Croatia,England,Semi-finals,6.9,1,0,0
1270,1270,451,Raheem Sterling,8656,['Left Center Forward'],1,0,0,73.0,1,0,1,0,0,0,0,2,0,0,2,0,2,0,0,0,0,1,0,0,2,0,8656,2018-07-11,Croatia,England,Semi-finals,6.6,1,0,0
1271,1271,452,Jordan Brian Henderson,8656,['Center Defensive Midfield'],1,0,0,73.0,0,0,0,1,0,0,0,2,0,1,1,0,0,0,0,0,0,2,1,0,5,0,8656,2018-07-11,Croatia,England,Semi-finals,6.7,0,1,0
1272,1272,434,John Stones,8656,"['Center Back', 'Right Center Back']",1,0,0,92.0,0,0,0,0,0,0,0,0,0,0,0,0,2,0,0,0,0,2,9,0,4,0,8656,2018-07-11,Croatia,England,Semi-finals,6.9,0,0,1
1273,1273,448,Luka Modrić,8656,['Right Attacking Midfield'],0,0,0,82.0,2,0,0,0,0,0,0,2,0,0,0,0,2,1,0,0,0,0,0,0,7,2,8656,2018-07-11,Croatia,England,Semi-finals,7.4,0,0,0
1274,1274,445,Harry Maguire,8656,['Left Center Back'],1,0,0,87.0,0,0,1,0,0,0,0,0,0,1,1,0,1,0,0,0,0,0,6,0,4,0,8656,2018-07-11,Croatia,England,Semi-finals,6.2,0,0,1
1275,1275,433,Bamidele Alli,8656,['Left Center Midfield'],0,0,0,76.0,1,0,1,0,0,0,0,1,0,0,1,0,2,1,0,0,0,6,3,0,6,1,8656,2018-07-11,Croatia,England,Semi-finals,6.9,0,1,0
1276,1276,1218,Danny Rose,8657,['Left Wing Back'],0,0,0,92.0,1,0,1,1,0,0,0,0,0,0,1,0,0,0,0,0,0,1,0,0,4,1,8657,2018-07-14,Belgium,England,3rd Place Final,6.4,0,0,0
1277,1277,1211,Axel Witsel,8657,['Left Defensive Midfield'],0,0,0,98.0,0,0,2,0,0,0,0,2,0,0,0,0,0,0,0,0,0,1,0,0,4,1,8657,2018-07-14,Belgium,England,3rd Place Final,7.4,0,1,0
1278,1278,1219,Fabian Delph,8657,"['Left Center Midfield', 'Left Wing Back']",1,1,0,94.0,2,0,1,2,0,0,0,0,0,0,1,0,0,0,0,0,0,0,1,0,4,2,8657,2018-07-14,Belgium,England,3rd Place Final,7.7,0,1,0
1279,1279,1217,Ruben Loftus-Cheek,8657,['Right Center Midfield'],1,1,0,86.0,1,0,3,0,0,0,0,0,0,0,2,1,2,0,0,0,0,3,0,0,2,2,8657,2018-07-14,Belgium,England,3rd Place Final,6.7,0,1,0
1280,1280,1220,Eric Dier,8657,['Center Defensive Midfield'],3,1,0,96.0,0,0,1,2,0,0,0,1,0,1,0,0,0,0,0,0,0,1,1,0,1,3,8657,2018-07-14,Belgium,England,3rd Place Final,7.4,0,1,0
1281,1281,1216,Youri Tielemans,8657,['Right Defensive Midfield'],2,0,0,89.0,1,0,1,4,0,0,0,3,0,1,0,0,0,0,0,0,0,0,1,0,3,4,8657,2018-07-14,Belgium,England,3rd Place Final,7.9,0,1,0
1282,1282,1228,Harry Kane,8657,['Right Center Forward'],2,0,0,100.0,0,0,0,0,0,0,0,0,0,2,1,0,0,0,0,0,0,0,0,0,1,1,8657,2018-07-14,Belgium,England,3rd Place Final,6.3,1,0,0
1283,1283,1222,John Stones,8657,['Center Back'],0,0,0,94.0,0,0,0,1,0,0,0,1,0,0,0,0,0,0,0,1,0,5,2,0,6,3,8657,2018-07-14,Belgium,England,3rd Place Final,6.3,0,0,0
1284,1284,1223,Harry Maguire,8657,['Left Center Back'],3,1,0,97.0,0,0,0,0,0,0,0,1,0,2,0,0,1,0,0,0,0,3,1,0,1,1,8657,2018-07-14,Belgium,England,3rd Place Final,6.6,0,0,1
1285,1285,1224,Raheem Sterling,8657,['Left Center Forward'],2,0,0,92.0,1,0,4,0,0,0,0,0,0,1,1,0,3,1,0,0,0,0,0,0,0,0,8657,2018-07-14,Belgium,England,3rd Place Final,6.2,1,0,0
1286,1286,1225,Kieran Trippier,8657,['Right Wing Back'],0,0,0,81.0,8,0,0,0,0,0,0,1,0,0,1,0,0,0,0,0,0,3,1,0,2,0,8657,2018-07-14,Belgium,England,3rd Place Final,7.9,0,0,0
1287,1287,1226,Eden Hazard,8657,['Left Wing'],2,1,1,74.0,2,0,6,0,0,0,0,0,0,0,0,0,1,0,0,0,0,1,0,0,5,1,8657,2018-07-14,Belgium,England,3rd Place Final,8.6,1,0,0
1288,1288,1227,Kevin De Bruyne,8657,['Right Wing'],2,1,0,84.0,3,1,2,1,0,0,0,0,0,0,3,0,2,0,0,0,0,1,0,0,5,1,8657,2018-07-14,Belgium,England,3rd Place Final,7.9,1,0,0
1289,1289,1221,Phil Jones,8657,['Right Center Back'],0,0,0,90.0,0,0,0,0,0,0,0,0,0,0,0,0,0,0,0,0,0,1,2,0,3,1,8657,2018-07-14,Belgium,England,3rd Place Final,6.3,0,0,1
1290,1290,1212,Jan Vertonghen,8657,"['Left Center Back', 'Left Wing Back']",0,0,0,86.0,0,0,1,0,0,0,0,0,0,0,0,0,0,0,0,0,0,3,6,0,3,1,8657,2018-07-14,Belgium,England,3rd Place Final,7.6,0,0,1
1291,1291,1215,Thomas Meunier,8657,['Right Wing Back'],2,2,1,76.0,0,0,1,0,0,0,0,0,0,0,0,0,0,0,0,0,0,0,1,0,2,1,8657,2018-07-14,Belgium,England,3rd Place Final,8.2,0,0,0
1292,1292,1230,Jesse Lingard,8657,['Left Center Midfield'],2,0,0,87.0,1,0,0,1,0,0,0,0,0,1,0,0,0,0,0,0,0,0,0,0,1,1,8657,2018-07-14,Belgium,England,3rd Place Final,7.0,0,1,0
1293,1293,1231,Marcus Rashford,8657,['Left Center Forward'],1,1,0,88.0,1,0,1,0,0,0,0,0,0,0,0,0,2,0,0,0,0,0,0,0,2,0,8657,2018-07-14,Belgium,England,3rd Place Final,6.6,1,0,0
1294,1294,1214,Toby Alderweireld,8657,['Right Center Back'],1,0,0,89.0,0,0,0,0,0,0,0,0,0,1,0,0,0,0,0,0,0,1,4,0,3,0,8657,2018-07-14,Belgium,England,3rd Place Final,7.7,0,0,1
1295,1295,1213,Vincent Kompany,8657,['Center Back'],0,0,0,87.0,0,0,0,1,0,0,0,2,0,0,0,0,0,0,0,0,0,0,6,0,2,1,8657,2018-07-14,Belgium,England,3rd Place Final,7.2,0,0,0
1296,1296,1210,Romelu Lukaku Menama,8657,['Center Forward'],1,0,0,73.0,0,0,0,0,0,0,0,1,0,0,2,1,3,1,0,0,0,0,0,0,1,0,8657,2018-07-14,Belgium,England,3rd Place Final,5.8,1,0,0
1297,1297,1229,Thomas Vermaelen,8657,"['Left Center Back', 'Left Wing Back']",0,0,0,83.0,0,0,0,0,0,0,0,2,0,0,0,0,1,1,0,0,0,1,1,0,2,1,8657,2018-07-14,Belgium,England,3rd Place Final,6.3,0,0,1
1298,1298,910,Ivan Rakitić,8658,['Left Center Midfield'],3,0,0,82.0,2,0,0,2,0,0,0,1,0,2,2,0,2,0,0,0,0,2,0,0,3,1,8658,2018-07-15,France,Croatia,Final,6.4,0,1,0
1299,1299,905,Marcelo Brozović,8658,['Center Defensive Midfield'],0,0,0,88.0,1,0,0,2,0,0,0,2,0,0,0,0,0,0,0,0,0,2,3,0,5,2,8658,2018-07-15,France,Croatia,Final,7.0,0,1,0
1300,1300,906,Luka Modrić,8658,['Right Center Midfield'],0,0,0,86.0,3,0,2,0,0,0,0,2,0,0,1,0,0,0,0,0,0,0,0,0,4,0,8658,2018-07-15,France,Croatia,Final,7.2,0,1,0
1301,1301,911,Ivan Strinić,8658,['Left Back'],0,0,0,71.0,1,0,0,1,0,0,0,1,0,0,0,0,2,1,0,0,0,2,2,0,2,2,8658,2018-07-15,France,Croatia,Final,5.7,0,0,1
1302,1302,912,Domagoj Vida,8658,['Left Center Back'],2,0,0,88.0,0,1,0,1,0,0,0,0,0,2,0,0,0,0,0,0,0,1,4,0,3,1,8658,2018-07-15,France,Croatia,Final,7.1,0,0,1
1303,1303,913,Dejan Lovren,8658,['Right Center Back'],2,0,0,86.0,0,0,0,1,0,0,0,0,0,1,0,0,1,0,0,0,0,1,3,0,5,1,8658,2018-07-15,France,Croatia,Final,6.4,0,0,1
1304,1304,914,Benjamin Pavard,8658,['Right Back'],0,0,0,61.0,0,0,0,1,0,0,0,1,0,0,0,0,0,0,0,0,0,2,6,0,3,1,8658,2018-07-15,France,Croatia,Final,7.1,0,0,1
1305,1305,915,N''Golo Kanté,8658,['Left Defensive Midfield'],0,0,0,64.0,0,0,0,1,0,0,0,3,0,0,2,2,1,1,0,1,0,1,0,0,3,2,8658,2018-07-15,France,Croatia,Final,6.3,0,1,0
1306,1306,916,Antoine Griezmann,8658,"['Right Center Forward', 'Left Center Forward']",2,2,1,67.0,1,0,2,2,0,0,0,0,0,0,3,1,4,2,0,0,0,4,1,0,6,2,8658,2018-07-15,France,Croatia,Final,8.1,1,0,0
1307,1307,917,Samuel Yves Umtiti,8658,['Left Center Back'],0,0,0,77.0,0,0,0,0,0,0,0,1,0,0,0,0,0,0,0,0,0,1,6,0,3,0,8658,2018-07-15,France,Croatia,Final,6.8,0,0,1
1308,1308,918,Blaise Matuidi,8658,['Left Midfield'],0,0,0,75.0,0,0,0,2,0,0,0,1,0,0,1,1,0,0,0,0,0,0,0,0,4,1,8658,2018-07-15,France,Croatia,Final,6.6,0,1,0
1309,1309,919,Olivier Giroud,8658,['Left Center Forward'],1,0,0,61.0,1,0,0,1,0,0,0,3,0,1,2,1,6,1,0,0,0,0,2,0,2,0,8658,2018-07-15,France,Croatia,Final,6.5,1,0,0
1310,1310,920,Paul Pogba,8658,['Right Defensive Midfield'],2,1,1,85.0,1,0,1,3,0,0,0,2,0,0,3,0,1,1,0,0,0,2,1,0,5,0,8658,2018-07-15,France,Croatia,Final,8.4,0,1,0
1311,1311,921,Kylian Mbappé Lottin,8658,"['Right Midfield', 'Right Center Forward']",2,2,1,50.0,0,0,3,1,0,0,0,0,0,0,3,0,4,2,0,0,0,3,0,0,5,0,8658,2018-07-15,France,Croatia,Final,7.5,1,1,0
1312,1312,922,Ante Rebić,8658,['Right Wing'],3,1,0,56.99999999999999,0,0,3,0,0,0,0,2,0,1,2,0,4,2,0,0,0,1,1,0,5,1,8658,2018-07-15,France,Croatia,Final,6.4,1,0,0
1313,1313,923,Lucas Hernández Pi,8658,['Left Back'],0,0,0,69.0,0,1,1,1,0,0,0,1,0,0,1,1,0,0,0,0,0,1,3,0,2,0,8658,2018-07-15,France,Croatia,Final,7.4,0,0,1
1314,1314,908,Raphaël Varane,8658,['Right Center Back'],0,0,0,75.0,0,0,0,0,0,0,0,1,0,0,1,1,0,0,0,0,0,2,5,0,4,0,8658,2018-07-15,France,Croatia,Final,6.8,0,0,1
1315,1315,907,Šime Vrsaljko,8658,['Right Back'],2,0,0,78.0,0,0,0,0,0,0,0,2,0,2,1,0,1,0,0,1,0,0,0,0,8,1,8658,2018-07-15,France,Croatia,Final,6.0,0,0,1
1316,1316,909,Ivan Perišić,8658,['Left Wing'],2,1,1,53.0,1,0,1,4,0,0,0,2,1,0,4,1,4,0,0,0,0,1,0,0,0,1,8658,2018-07-15,France,Croatia,Final,7.3,1,0,0
1317,1317,904,Mario Mandžukić,8658,['Center Forward'],1,1,1,75.0,1,0,0,5,0,0,1,2,0,0,0,0,2,0,0,0,0,5,0,0,1,1,8658,2018-07-15,France,Croatia,Final,6.9,1,0,0
