"season","game_date","home_team","attendance"
2022,"2022-02-27","Atlanta United FC",67523
2022,"2022-03-13","Atlanta United FC",43055
2022,"2022-03-19","Atlanta United FC",42578
2022,"2022-04-16","Atlanta United FC",42948
2022,"2022-05-07","Atlanta United FC",42547
2022,"2022-05-15","Atlanta United FC",42516
2022,"2022-05-28","Atlanta United FC",42504
2022,"2022-06-19","Atlanta United FC",42539
2022,"2022-07-09","Atlanta United FC",67516
2022,"2022-07-13","Atlanta United FC",42509
2022,"2022-07-17","Atlanta United FC",42526
2022,"2022-08-06","Atlanta United FC",68586
2022,"2022-08-17","Atlanta United FC",42555
2022,"2022-08-28","Atlanta United FC",42561
2022,"2022-09-10","Atlanta United FC",42670
2022,"2022-09-17","Atlanta United FC",42521
2022,"2022-10-09","Atlanta United FC",43312
2023,"2023-02-25","Atlanta United FC",67538
2023,"2023-03-04","Atlanta United FC",42817
2023,"2023-03-18","Atlanta United FC",42648
2023,"2023-04-01","Atlanta United FC",43511
2023,"2023-04-23","Atlanta United FC",43335
2023,"2023-05-13","Atlanta United FC",43427
2023,"2023-05-17","Atlanta United FC",42587
2023,"2023-05-31","Atlanta United FC",42915
2023,"2023-06-10","Atlanta United FC",42539
2023,"2023-06-21","Atlanta United FC",42557
2023,"2023-07-02","Atlanta United FC",43527
2023,"2023-07-15","Atlanta United FC",43576
2023,"2023-08-26","Atlanta United FC",67514
2023,"2023-08-30","Atlanta United FC",42568
2023,"2023-09-16","Atlanta United FC",71635
2023,"2023-09-23","Atlanta United FC",42569
2023,"2023-10-07","Atlanta United FC",42684
2023,"2023-11-07","Atlanta United FC",41850
2024,"2024-03-09","Atlanta United FC",67727
2024,"2024-03-17","Atlanta United FC",42631
2024,"2024-03-31","Atlanta United FC",42525
2024,"2024-04-14","Atlanta United FC",42763
2024,"2024-04-20","Atlanta United FC",42600
2024,"2024-05-04","Atlanta United FC",43338
2024,"2024-05-11","Atlanta United FC",42822
2024,"2024-05-25","Atlanta United FC",43128
2024,"2024-06-02","Atlanta United FC",61209
2024,"2024-06-15","Atlanta United FC",42630
2024,"2024-06-29","Atlanta United FC",42568
2024,"2024-07-17","Atlanta United FC",42524
2024,"2024-07-20","Atlanta United FC",42601
2024,"2024-09-14","Atlanta United FC",43330
2024,"2024-09-18","Atlanta United FC",67795
2024,"2024-10-02","Atlanta United FC",42501
2024,"2024-10-05","Atlanta United FC",43428
2024,"2024-11-02","Atlanta United FC",68455
2025,"2025-02-22","Atlanta United FC",65520
2025,"2025-03-08","Atlanta United FC",42562
2025,"2025-03-16","Atlanta United FC",42843
2025,"2025-03-29","Atlanta United FC",42518
2025,"2025-04-05","Atlanta United FC",41984
2025,"2025-04-12","Atlanta United FC",41879
2025,"2025-05-03","Atlanta United FC",41893
2025,"2025-05-17","Atlanta United FC",40974
2025,"2025-05-25","Atlanta United FC",40919
2025,"2025-05-28","Atlanta United FC",39275
2025,"2025-07-16","Atlanta United FC",38882
2025,"2025-07-19","Atlanta United FC",60005
2025,"2025-07-26","Atlanta United FC",40409
2025,"2025-08-24","Atlanta United FC",39509
2025,"2025-09-13","Atlanta United FC",41089
2025,"2025-09-20","Atlanta United FC",43499
2025,"2025-10-18","Atlanta United FC",44098
2026,"2026-03-07","Atlanta United FC",53862
2026,"2026-03-14","Atlanta United FC",35308
2026,"2026-03-21","Atlanta United FC",35418
2026,"2026-04-04","Atlanta United FC",34130
2026,"2026-04-18","Atlanta United FC",36895
2026,"2026-04-22","Atlanta United FC",30306
2026,"2026-05-02","Atlanta United FC",34703
2026,"2026-05-09","Atlanta United FC",40392
2022,"2022-02-26","Austin FC",20738
2022,"2022-03-06","Austin FC",20738
2022,"2022-03-20","Austin FC",20738
2022,"2022-04-10","Austin FC",20738
2022,"2022-04-23","Austin FC",20738
2022,"2022-05-08","Austin FC",20738
2022,"2022-05-22","Austin FC",20738
2022,"2022-06-25","Austin FC",20738
2022,"2022-07-12","Austin FC",20738
2022,"2022-07-24","Austin FC",20738
2022,"2022-08-06","Austin FC",20738
2022,"2022-08-13","Austin FC",20738
2022,"2022-08-26","Austin FC",20738
2022,"2022-08-31","Austin FC",20738
2022,"2022-09-14","Austin FC",20738
2022,"2022-09-17","Austin FC",20738
2022,"2022-10-09","Austin FC",20738
2022,"2022-10-16","Austin FC",20738
2022,"2022-10-23","Austin FC",20738
2023,"2023-02-25","Austin FC",20738
2023,"2023-03-04","Austin FC",20738
2023,"2023-03-25","Austin FC",20738
2023,"2023-04-15","Austin FC",20738
2023,"2023-04-29","Austin FC",20738
2023,"2023-05-13","Austin FC",20738
2023,"2023-05-20","Austin FC",20738
2023,"2023-05-31","Austin FC",20738
2023,"2023-06-03","Austin FC",20738
2023,"2023-06-21","Austin FC",20738
2023,"2023-06-24","Austin FC",20738
2023,"2023-07-15","Austin FC",20738
2023,"2023-08-30","Austin FC",20738
2023,"2023-09-17","Austin FC",20738
2023,"2023-09-24","Austin FC",20738
2023,"2023-10-04","Austin FC",20738
2023,"2023-10-07","Austin FC",20738
2024,"2024-02-24","Austin FC",20738
2024,"2024-03-09","Austin FC",20738
2024,"2024-03-16","Austin FC",20738
2024,"2024-03-30","Austin FC",20738
2024,"2024-04-06","Austin FC",20738
2024,"2024-04-27","Austin FC",20738
2024,"2024-05-15","Austin FC",20738
2024,"2024-05-18","Austin FC",20738
2024,"2024-05-29","Austin FC",20738
2024,"2024-06-19","Austin FC",20738
2024,"2024-07-06","Austin FC",20738
2024,"2024-07-13","Austin FC",20738
2024,"2024-07-20","Austin FC",20738
2024,"2024-08-31","Austin FC",20738
2024,"2024-09-21","Austin FC",20738
2024,"2024-09-28","Austin FC",20738
2024,"2024-10-19","Austin FC",20738
2025,"2025-02-22","Austin FC",20738
2025,"2025-03-08","Austin FC",20738
2025,"2025-03-23","Austin FC",20738
2025,"2025-04-05","Austin FC",20738
2025,"2025-04-19","Austin FC",20738
2025,"2025-05-03","Austin FC",20738
2025,"2025-05-14","Austin FC",20738
2025,"2025-05-17","Austin FC",20738
2025,"2025-05-28","Austin FC",20738
2025,"2025-06-14","Austin FC",20737
2025,"2025-07-12","Austin FC",20738
2025,"2025-08-09","Austin FC",20738
2025,"2025-08-16","Austin FC",20738
2025,"2025-08-30","Austin FC",20738
2025,"2025-09-21","Austin FC",20738
2025,"2025-10-04","Austin FC",20738
2025,"2025-10-12","Austin FC",20738
2025,"2025-11-02","Austin FC",20738
2026,"2026-02-21","Austin FC",20738
2026,"2026-03-01","Austin FC",20738
2026,"2026-03-21","Austin FC",20738
2026,"2026-04-11","Austin FC",20738
2026,"2026-04-25","Austin FC",20738
2026,"2026-05-03","Austin FC",20738
2026,"2026-05-16","Austin FC",20738
2026,"2026-07-22","Austin FC",20738
2022,"2022-03-05","CF Montréal",13067
2022,"2022-04-16","CF Montréal",12042
2022,"2022-04-30","CF Montréal",15060
2022,"2022-05-07","CF Montréal",14068
2022,"2022-05-22","CF Montréal",14205
2022,"2022-05-28","CF Montréal",14225
2022,"2022-06-18","CF Montréal",15045
2022,"2022-06-25","CF Montréal",13520
2022,"2022-07-09","CF Montréal",14127
2022,"2022-07-16","CF Montréal",19619
2022,"2022-07-30","CF Montréal",19619
2022,"2022-08-06","CF Montréal",18007
2022,"2022-08-20","CF Montréal",19619
2022,"2022-08-31","CF Montréal",15075
2022,"2022-09-09","CF Montréal",19619
2022,"2022-09-13","CF Montréal",11535
2022,"2022-10-01","CF Montréal",19619
2022,"2022-10-16","CF Montréal",19619
2022,"2022-10-23","CF Montréal",19619
2023,"2023-03-18","CF Montréal",23352
2023,"2023-04-15","CF Montréal",16039
2023,"2023-04-22","CF Montréal",14021
2023,"2023-05-06","CF Montréal",16112
2023,"2023-05-13","CF Montréal",19619
2023,"2023-05-27","CF Montréal",19619
2023,"2023-06-10","CF Montréal",17030
2023,"2023-06-21","CF Montréal",16247
2023,"2023-07-01","CF Montréal",16038
2023,"2023-07-08","CF Montréal",19619
2023,"2023-07-15","CF Montréal",18413
2023,"2023-08-26","CF Montréal",19619
2023,"2023-09-02","CF Montréal",18358
2023,"2023-09-16","CF Montréal",19619
2023,"2023-09-20","CF Montréal",13603
2023,"2023-10-04","CF Montréal",13509
2023,"2023-10-07","CF Montréal",17559
2024,"2024-04-13","CF Montréal",19619
2024,"2024-04-20","CF Montréal",19619
2024,"2024-05-11","CF Montréal",19619
2024,"2024-05-15","CF Montréal",19619
2024,"2024-05-25","CF Montréal",19619
2024,"2024-05-29","CF Montréal",19619
2024,"2024-06-15","CF Montréal",19619
2024,"2024-06-19","CF Montréal",19619
2024,"2024-06-29","CF Montréal",19619
2024,"2024-07-06","CF Montréal",19619
2024,"2024-07-13","CF Montréal",19619
2024,"2024-07-20","CF Montréal",19619
2024,"2024-08-24","CF Montréal",19619
2024,"2024-09-14","CF Montréal",19619
2024,"2024-09-21","CF Montréal",19619
2024,"2024-09-28","CF Montréal",19619
2024,"2024-10-19","CF Montréal",19619
2024,"2024-10-22","CF Montréal",16566
2025,"2025-04-12","CF Montréal",16038
2025,"2025-04-19","CF Montréal",16102
2025,"2025-05-03","CF Montréal",17011
2025,"2025-05-14","CF Montréal",16041
2025,"2025-05-17","CF Montréal",16008
2025,"2025-05-24","CF Montréal",15133
2025,"2025-05-31","CF Montréal",15978
2025,"2025-06-25","CF Montréal",15012
2025,"2025-06-28","CF Montréal",17070
2025,"2025-07-05","CF Montréal",19619
2025,"2025-07-19","CF Montréal",16218
2025,"2025-08-09","CF Montréal",16029
2025,"2025-08-16","CF Montréal",15606
2025,"2025-08-23","CF Montréal",15251
2025,"2025-09-13","CF Montréal",15316
2025,"2025-09-20","CF Montréal",16076
2025,"2025-10-04","CF Montréal",16244
2026,"2026-04-11","CF Montréal",14028
2026,"2026-04-18","CF Montréal",12568
2026,"2026-04-25","CF Montréal",14015
2026,"2026-05-09","CF Montréal",14044
2026,"2026-05-13","CF Montréal",12251
2026,"2026-05-16","CF Montréal",16018
2026,"2026-07-16","CF Montréal",17707
2026,"2026-07-25","CF Montréal",19619
2026,"2026-08-01","CF Montréal",15082
2022,"2022-03-05","Charlotte FC",74479
2022,"2022-03-19","Charlotte FC",29318
2022,"2022-03-26","Charlotte FC",30242
2022,"2022-04-10","Charlotte FC",32496
2022,"2022-05-07","Charlotte FC",32018
2022,"2022-05-14","Charlotte FC",33323
2022,"2022-05-22","Charlotte FC",32034
2022,"2022-06-11","Charlotte FC",32064
2022,"2022-06-30","Charlotte FC",31661
2022,"2022-07-09","Charlotte FC",36244
2022,"2022-08-03","Charlotte FC",31520
2022,"2022-08-06","Charlotte FC",32538
2022,"2022-08-21","Charlotte FC",30855
2022,"2022-08-27","Charlotte FC",32495
2022,"2022-09-10","Charlotte FC",30159
2022,"2022-10-01","Charlotte FC",43860
2022,"2022-10-05","Charlotte FC",34122
2023,"2023-02-25","Charlotte FC",69345
2023,"2023-03-11","Charlotte FC",31538
2023,"2023-03-25","Charlotte FC",32540
2023,"2023-04-15","Charlotte FC",31240
2023,"2023-04-22","Charlotte FC",30468
2023,"2023-05-06","Charlotte FC",30454
2023,"2023-05-17","Charlotte FC",29016
2023,"2023-05-20","Charlotte FC",30526
2023,"2023-06-10","Charlotte FC",31563
2023,"2023-06-24","Charlotte FC",35515
2023,"2023-07-08","Charlotte FC",43613
2023,"2023-08-26","Charlotte FC",37809
2023,"2023-08-30","Charlotte FC",27236
2023,"2023-09-16","Charlotte FC",36101
2023,"2023-09-20","Charlotte FC",28584
2023,"2023-10-04","Charlotte FC",30080
2023,"2023-10-21","Charlotte FC",66101
2024,"2024-02-24","Charlotte FC",62291
2024,"2024-03-23","Charlotte FC",30104
2024,"2024-03-30","Charlotte FC",30043
2024,"2024-04-13","Charlotte FC",31414
2024,"2024-04-21","Charlotte FC",27021
2024,"2024-05-04","Charlotte FC",27495
2024,"2024-05-11","Charlotte FC",36319
2024,"2024-05-18","Charlotte FC",29099
2024,"2024-05-25","Charlotte FC",32232
2024,"2024-06-15","Charlotte FC",30468
2024,"2024-06-19","Charlotte FC",28301
2024,"2024-07-03","Charlotte FC",47218
2024,"2024-08-24","Charlotte FC",31320
2024,"2024-08-31","Charlotte FC",59900
2024,"2024-09-21","Charlotte FC",29022
2024,"2024-10-02","Charlotte FC",26899
2024,"2024-10-05","Charlotte FC",38259
2024,"2024-11-01","Charlotte FC",40238
2025,"2025-03-01","Charlotte FC",51002
2025,"2025-03-15","Charlotte FC",27807
2025,"2025-03-22","Charlotte FC",27463
2025,"2025-04-05","Charlotte FC",29591
2025,"2025-04-19","Charlotte FC",29663
2025,"2025-04-26","Charlotte FC",29233
2025,"2025-05-17","Charlotte FC",29755
2025,"2025-05-24","Charlotte FC",29296
2025,"2025-07-05","Charlotte FC",28734
2025,"2025-07-12","Charlotte FC",28164
2025,"2025-07-16","Charlotte FC",32293
2025,"2025-07-26","Charlotte FC",27835
2025,"2025-08-16","Charlotte FC",28201
2025,"2025-08-24","Charlotte FC",26606
2025,"2025-09-13","Charlotte FC",35607
2025,"2025-09-27","Charlotte FC",28841
2025,"2025-10-18","Charlotte FC",31191
2025,"2025-10-28","Charlotte FC",33709
2025,"2025-11-07","Charlotte FC",34473
2026,"2026-03-07","Charlotte FC",35611
2026,"2026-03-14","Charlotte FC",34780
2026,"2026-03-21","Charlotte FC",27166
2026,"2026-04-04","Charlotte FC",25865
2026,"2026-04-11","Charlotte FC",26012
2026,"2026-05-09","Charlotte FC",26252
2026,"2026-05-13","Charlotte FC",23903
2026,"2026-05-16","Charlotte FC",28158
2026,"2026-05-23","Charlotte FC",24640
2026,"2026-07-22","Charlotte FC",28077
2022,"2022-03-05","Chicago Fire FC",25477
2022,"2022-03-19","Chicago Fire FC",9352
2022,"2022-04-02","Chicago Fire FC",11411
2022,"2022-04-16","Chicago Fire FC",30282
2022,"2022-04-30","Chicago Fire FC",11108
2022,"2022-05-14","Chicago Fire FC",14049
2022,"2022-06-18","Chicago Fire FC",17650
2022,"2022-06-29","Chicago Fire FC",10384
2022,"2022-07-09","Chicago Fire FC",15157
2022,"2022-07-13","Chicago Fire FC",10450
2022,"2022-07-16","Chicago Fire FC",13601
2022,"2022-07-30","Chicago Fire FC",23951
2022,"2022-08-21","Chicago Fire FC",11720
2022,"2022-08-27","Chicago Fire FC",13907
2022,"2022-09-10","Chicago Fire FC",15104
2022,"2022-09-17","Chicago Fire FC",21450
2022,"2022-10-09","Chicago Fire FC",14357
2023,"2023-03-04","Chicago Fire FC",19671
2023,"2023-03-18","Chicago Fire FC",7815
2023,"2023-04-01","Chicago Fire FC",8621
2023,"2023-04-08","Chicago Fire FC",12128
2023,"2023-04-15","Chicago Fire FC",12811
2023,"2023-04-29","Chicago Fire FC",11432
2023,"2023-05-13","Chicago Fire FC",18231
2023,"2023-05-20","Chicago Fire FC",18343
2023,"2023-06-10","Chicago Fire FC",18892
2023,"2023-07-08","Chicago Fire FC",22348
2023,"2023-07-12","Chicago Fire FC",12496
2023,"2023-07-15","Chicago Fire FC",18246
2023,"2023-08-20","Chicago Fire FC",18103
2023,"2023-08-30","Chicago Fire FC",9187
2023,"2023-09-23","Chicago Fire FC",20129
2023,"2023-10-04","Chicago Fire FC",62124
2023,"2023-10-07","Chicago Fire FC",18308
2024,"2024-03-02","Chicago Fire FC",26592
2024,"2024-03-16","Chicago Fire FC",14874
2024,"2024-04-06","Chicago Fire FC",18844
2024,"2024-04-20","Chicago Fire FC",14247
2024,"2024-04-27","Chicago Fire FC",18236
2024,"2024-05-04","Chicago Fire FC",18379
2024,"2024-05-15","Chicago Fire FC",12806
2024,"2024-05-18","Chicago Fire FC",23319
2024,"2024-05-29","Chicago Fire FC",11372
2024,"2024-06-01","Chicago Fire FC",25237
2024,"2024-07-03","Chicago Fire FC",19453
2024,"2024-07-13","Chicago Fire FC",25179
2024,"2024-08-31","Chicago Fire FC",55385
2024,"2024-09-07","Chicago Fire FC",16426
2024,"2024-09-14","Chicago Fire FC",22188
2024,"2024-09-28","Chicago Fire FC",16097
2024,"2024-10-19","Chicago Fire FC",23942
2025,"2025-03-01","Chicago Fire FC",20372
2025,"2025-03-29","Chicago Fire FC",16278
2025,"2025-04-13","Chicago Fire FC",62358
2025,"2025-04-19","Chicago Fire FC",17732
2025,"2025-05-03","Chicago Fire FC",17876
2025,"2025-05-10","Chicago Fire FC",22741
2025,"2025-06-14","Chicago Fire FC",26942
2025,"2025-06-25","Chicago Fire FC",17231
2025,"2025-06-28","Chicago Fire FC",17837
2025,"2025-07-12","Chicago Fire FC",27631
2025,"2025-07-26","Chicago Fire FC",29273
2025,"2025-08-09","Chicago Fire FC",19831
2025,"2025-08-16","Chicago Fire FC",17485
2025,"2025-09-06","Chicago Fire FC",16947
2025,"2025-09-13","Chicago Fire FC",20636
2025,"2025-09-27","Chicago Fire FC",22821
2025,"2025-10-04","Chicago Fire FC",24653
2025,"2025-10-22","Chicago Fire FC",13783
2025,"2025-11-01","Chicago Fire FC",17431
2026,"2026-02-28","Chicago Fire FC",20872
2026,"2026-03-14","Chicago Fire FC",15845
2026,"2026-04-04","Chicago Fire FC",15932
2026,"2026-04-11","Chicago Fire FC",17764
2026,"2026-04-25","Chicago Fire FC",17892
2026,"2026-05-02","Chicago Fire FC",18639
2026,"2026-05-09","Chicago Fire FC",23647
2026,"2026-05-23","Chicago Fire FC",26752
2026,"2026-08-01","Chicago Fire FC",32183
2022,"2022-03-05","Colorado Rapids",12538
2022,"2022-03-12","Colorado Rapids",12387
2022,"2022-04-02","Colorado Rapids",13380
2022,"2022-04-23","Colorado Rapids",13160
2022,"2022-04-30","Colorado Rapids",14038
2022,"2022-05-14","Colorado Rapids",15022
2022,"2022-05-22","Colorado Rapids",14923
2022,"2022-05-28","Colorado Rapids",15465
2022,"2022-07-04","Colorado Rapids",18084
2022,"2022-07-13","Colorado Rapids",12538
2022,"2022-07-16","Colorado Rapids",17975
2022,"2022-08-06","Colorado Rapids",14738
2022,"2022-08-13","Colorado Rapids",13254
2022,"2022-08-20","Colorado Rapids",15380
2022,"2022-09-10","Colorado Rapids",14036
2022,"2022-09-14","Colorado Rapids",11938
2022,"2022-10-01","Colorado Rapids",17193
2023,"2023-03-04","Colorado Rapids",14954
2023,"2023-03-18","Colorado Rapids",12538
2023,"2023-04-01","Colorado Rapids",16298
2023,"2023-04-22","Colorado Rapids",15045
2023,"2023-05-13","Colorado Rapids",15006
2023,"2023-05-20","Colorado Rapids",15327
2023,"2023-05-27","Colorado Rapids",15438
2023,"2023-06-03","Colorado Rapids",15038
2023,"2023-06-24","Colorado Rapids",16082
2023,"2023-07-08","Colorado Rapids",18171
2023,"2023-07-12","Colorado Rapids",17426
2023,"2023-07-15","Colorado Rapids",16138
2023,"2023-09-16","Colorado Rapids",16411
2023,"2023-09-20","Colorado Rapids",12548
2023,"2023-09-27","Colorado Rapids",12064
2023,"2023-09-30","Colorado Rapids",15931
2023,"2023-10-21","Colorado Rapids",17538
2024,"2024-03-02","Colorado Rapids",16223
2024,"2024-03-23","Colorado Rapids",13432
2024,"2024-03-30","Colorado Rapids",14386
2024,"2024-04-20","Colorado Rapids",7492
2024,"2024-05-11","Colorado Rapids",15557
2024,"2024-05-15","Colorado Rapids",11190
2024,"2024-05-25","Colorado Rapids",16201
2024,"2024-06-15","Colorado Rapids",17433
2024,"2024-06-22","Colorado Rapids",15583
2024,"2024-07-04","Colorado Rapids",18183
2024,"2024-07-07","Colorado Rapids",16331
2024,"2024-07-13","Colorado Rapids",15387
2024,"2024-07-20","Colorado Rapids",18096
2024,"2024-09-14","Colorado Rapids",16038
2024,"2024-09-21","Colorado Rapids",15896
2024,"2024-10-02","Colorado Rapids",15196
2024,"2024-10-05","Colorado Rapids",18096
2024,"2024-11-01","Colorado Rapids",16010
2025,"2025-03-01","Colorado Rapids",15410
2025,"2025-03-22","Colorado Rapids",15131
2025,"2025-03-29","Colorado Rapids",15211
2025,"2025-04-12","Colorado Rapids",15694
2025,"2025-04-26","Colorado Rapids",16312
2025,"2025-05-10","Colorado Rapids",15003
2025,"2025-05-17","Colorado Rapids",15896
2025,"2025-05-24","Colorado Rapids",15109
2025,"2025-06-07","Colorado Rapids",15701
2025,"2025-06-14","Colorado Rapids",16473
2025,"2025-06-25","Colorado Rapids",14497
2025,"2025-07-04","Colorado Rapids",17576
2025,"2025-07-12","Colorado Rapids",16110
2025,"2025-08-16","Colorado Rapids",16117
2025,"2025-09-13","Colorado Rapids",15128
2025,"2025-09-27","Colorado Rapids",16503
2025,"2025-10-18","Colorado Rapids",18258
2026,"2026-02-28","Colorado Rapids",16113
2026,"2026-03-07","Colorado Rapids",14568
2026,"2026-04-11","Colorado Rapids",15102
2026,"2026-04-18","Colorado Rapids",75824
2026,"2026-05-09","Colorado Rapids",16028
2026,"2026-05-23","Colorado Rapids",17142
2026,"2026-07-22","Colorado Rapids",15109
2026,"2026-08-01","Colorado Rapids",NULL
2022,"2022-02-26","Columbus Crew",18939
2022,"2022-03-12","Columbus Crew",16116
2022,"2022-04-02","Columbus Crew",20371
2022,"2022-04-16","Columbus Crew",18030
2022,"2022-04-30","Columbus Crew",19402
2022,"2022-05-21","Columbus Crew",19649
2022,"2022-06-18","Columbus Crew",20446
2022,"2022-07-03","Columbus Crew",20469
2022,"2022-07-17","Columbus Crew",20741
2022,"2022-07-23","Columbus Crew",20383
2022,"2022-08-03","Columbus Crew",19010
2022,"2022-08-06","Columbus Crew",18609
2022,"2022-08-21","Columbus Crew",17461
2022,"2022-08-31","Columbus Crew",18034
2022,"2022-09-03","Columbus Crew",18189
2022,"2022-09-18","Columbus Crew",20421
2022,"2022-10-01","Columbus Crew",20757
2023,"2023-03-04","Columbus Crew",20391
2023,"2023-03-25","Columbus Crew",19249
2023,"2023-04-01","Columbus Crew",19624
2023,"2023-04-15","Columbus Crew",20562
2023,"2023-04-29","Columbus Crew",20410
2023,"2023-05-13","Columbus Crew",20488
2023,"2023-05-17","Columbus Crew",20192
2023,"2023-05-31","Columbus Crew",20223
2023,"2023-06-03","Columbus Crew",20199
2023,"2023-06-24","Columbus Crew",20443
2023,"2023-07-01","Columbus Crew",20415
2023,"2023-07-08","Columbus Crew",20533
2023,"2023-08-20","Columbus Crew",20730
2023,"2023-08-26","Columbus Crew",20548
2023,"2023-09-20","Columbus Crew",20349
2023,"2023-09-30","Columbus Crew",20456
2023,"2023-10-21","Columbus Crew",20526
2023,"2023-11-01","Columbus Crew",20176
2023,"2023-11-12","Columbus Crew",20182
2023,"2023-12-09","Columbus Crew",20802
2024,"2024-02-24","Columbus Crew",20406
2024,"2024-03-09","Columbus Crew",20327
2024,"2024-03-16","Columbus Crew",20314
2024,"2024-04-06","Columbus Crew",20740
2024,"2024-04-20","Columbus Crew",20740
2024,"2024-04-27","Columbus Crew",20927
2024,"2024-05-11","Columbus Crew",20900
2024,"2024-06-22","Columbus Crew",20818
2024,"2024-07-03","Columbus Crew",20411
2024,"2024-07-06","Columbus Crew",20547
2024,"2024-07-17","Columbus Crew",20793
2024,"2024-08-31","Columbus Crew",20618
2024,"2024-09-07","Columbus Crew",20523
2024,"2024-09-21","Columbus Crew",20868
2024,"2024-10-02","Columbus Crew",20815
2024,"2024-10-05","Columbus Crew",20788
2024,"2024-10-12","Columbus Crew",20439
2024,"2024-10-29","Columbus Crew",19050
2025,"2025-02-22","Columbus Crew",20210
2025,"2025-03-08","Columbus Crew",20231
2025,"2025-03-22","Columbus Crew",20235
2025,"2025-04-05","Columbus Crew",19671
2025,"2025-04-19","Columbus Crew",60614
2025,"2025-04-26","Columbus Crew",20737
2025,"2025-05-03","Columbus Crew",20167
2025,"2025-05-17","Columbus Crew",20363
2025,"2025-05-28","Columbus Crew",20022
2025,"2025-06-14","Columbus Crew",20721
2025,"2025-06-25","Columbus Crew",20420
2025,"2025-06-29","Columbus Crew",20559
2025,"2025-07-19","Columbus Crew",20668
2025,"2025-07-25","Columbus Crew",20641
2025,"2025-08-23","Columbus Crew",20777
2025,"2025-09-20","Columbus Crew",20739
2025,"2025-10-18","Columbus Crew",20736
2025,"2025-11-02","Columbus Crew",19506
2026,"2026-03-07","Columbus Crew",20121
2026,"2026-03-14","Columbus Crew",19960
2026,"2026-04-12","Columbus Crew",19834
2026,"2026-04-22","Columbus Crew",19049
2026,"2026-04-25","Columbus Crew",19903
2026,"2026-05-02","Columbus Crew",18904
2026,"2026-05-24","Columbus Crew",19782
2026,"2026-07-22","Columbus Crew",20036
2026,"2026-07-25","Columbus Crew",20307
2022,"2022-02-26","D.C. United",16412
2022,"2022-03-12","D.C. United",13795
2022,"2022-04-02","D.C. United",17289
2022,"2022-04-16","D.C. United",16840
2022,"2022-04-23","D.C. United",17131
2022,"2022-05-07","D.C. United",15194
2022,"2022-05-18","D.C. United",16072
2022,"2022-05-21","D.C. United",18320
2022,"2022-06-25","D.C. United",19325
2022,"2022-07-13","D.C. United",10128
2022,"2022-07-23","D.C. United",15734
2022,"2022-07-31","D.C. United",15805
2022,"2022-08-06","D.C. United",16258
2022,"2022-08-20","D.C. United",17941
2022,"2022-09-04","D.C. United",16502
2022,"2022-09-18","D.C. United",14284
2022,"2022-10-09","D.C. United",19325
2023,"2023-02-25","D.C. United",17397
2023,"2023-03-11","D.C. United",15994
2023,"2023-03-25","D.C. United",16509
2023,"2023-04-08","D.C. United",16891
2023,"2023-04-29","D.C. United",19215
2023,"2023-05-13","D.C. United",19215
2023,"2023-05-20","D.C. United",19215
2023,"2023-05-31","D.C. United",16342
2023,"2023-06-17","D.C. United",19215
2023,"2023-06-24","D.C. United",18864
2023,"2023-07-08","D.C. United",19215
2023,"2023-08-26","D.C. United",19215
2023,"2023-09-02","D.C. United",16075
2023,"2023-09-09","D.C. United",17255
2023,"2023-09-20","D.C. United",15762
2023,"2023-09-23","D.C. United",12591
2023,"2023-10-07","D.C. United",19215
2024,"2024-02-24","D.C. United",19215
2024,"2024-03-16","D.C. United",19365
2024,"2024-03-30","D.C. United",18402
2024,"2024-04-13","D.C. United",18615
2024,"2024-04-27","D.C. United",18223
2024,"2024-05-04","D.C. United",17237
2024,"2024-05-15","D.C. United",17417
2024,"2024-05-25","D.C. United",19081
2024,"2024-06-01","D.C. United",19215
2024,"2024-06-19","D.C. United",15899
2024,"2024-06-22","D.C. United",17993
2024,"2024-07-03","D.C. United",16716
2024,"2024-07-13","D.C. United",16803
2024,"2024-08-24","D.C. United",17766
2024,"2024-09-14","D.C. United",19215
2024,"2024-09-28","D.C. United",17806
2024,"2024-10-19","D.C. United",19365
2025,"2025-02-22","D.C. United",16655
2025,"2025-03-08","D.C. United",15183
2025,"2025-03-15","D.C. United",16133
2025,"2025-03-29","D.C. United",17048
2025,"2025-04-12","D.C. United",16152
2025,"2025-05-03","D.C. United",17661
2025,"2025-05-14","D.C. United",14283
2025,"2025-05-24","D.C. United",19290
2025,"2025-05-28","D.C. United",10645
2025,"2025-06-07","D.C. United",16715
2025,"2025-06-28","D.C. United",16085
2025,"2025-07-05","D.C. United",16003
2025,"2025-07-26","D.C. United",17474
2025,"2025-08-23","D.C. United",19365
2025,"2025-09-13","D.C. United",16195
2025,"2025-09-27","D.C. United",16727
2025,"2025-10-04","D.C. United",17003
2026,"2026-02-21","D.C. United",18003
2026,"2026-03-07","D.C. United",72026
2026,"2026-04-04","D.C. United",19215
2026,"2026-04-25","D.C. United",14040
2026,"2026-05-13","D.C. United",11243
2026,"2026-05-16","D.C. United",16888
2026,"2026-05-23","D.C. United",19215
2026,"2026-07-25","D.C. United",19250
2026,"2026-08-01","D.C. United",19215
2022,"2022-03-05","FC Cincinnati",22183
2022,"2022-03-19","FC Cincinnati",19365
2022,"2022-04-02","FC Cincinnati",20386
2022,"2022-04-24","FC Cincinnati",20883
2022,"2022-05-04","FC Cincinnati",19563
2022,"2022-05-21","FC Cincinnati",22844
2022,"2022-06-24","FC Cincinnati",24263
2022,"2022-06-29","FC Cincinnati",21258
2022,"2022-07-09","FC Cincinnati",24476
2022,"2022-07-13","FC Cincinnati",21078
2022,"2022-07-23","FC Cincinnati",23420
2022,"2022-08-06","FC Cincinnati",23443
2022,"2022-08-13","FC Cincinnati",25037
2022,"2022-08-27","FC Cincinnati",25037
2022,"2022-09-03","FC Cincinnati",21165
2022,"2022-09-10","FC Cincinnati",22557
2022,"2022-10-01","FC Cincinnati",25316
2023,"2023-02-25","FC Cincinnati",25513
2023,"2023-03-11","FC Cincinnati",25513
2023,"2023-04-01","FC Cincinnati",25082
2023,"2023-04-08","FC Cincinnati",25513
2023,"2023-04-22","FC Cincinnati",25513
2023,"2023-05-06","FC Cincinnati",25513
2023,"2023-05-17","FC Cincinnati",23461
2023,"2023-05-20","FC Cincinnati",25513
2023,"2023-06-03","FC Cincinnati",25513
2023,"2023-06-21","FC Cincinnati",25513
2023,"2023-07-01","FC Cincinnati",25513
2023,"2023-07-15","FC Cincinnati",25513
2023,"2023-08-26","FC Cincinnati",25513
2023,"2023-09-02","FC Cincinnati",25513
2023,"2023-09-23","FC Cincinnati",25513
2023,"2023-10-04","FC Cincinnati",25513
2023,"2023-10-21","FC Cincinnati",25513
2023,"2023-10-29","FC Cincinnati",24022
2023,"2023-11-25","FC Cincinnati",25513
2023,"2023-12-02","FC Cincinnati",25513
2024,"2024-02-25","FC Cincinnati",25513
2024,"2024-03-10","FC Cincinnati",25513
2024,"2024-03-23","FC Cincinnati",24282
2024,"2024-04-06","FC Cincinnati",25513
2024,"2024-04-27","FC Cincinnati",25513
2024,"2024-05-15","FC Cincinnati",24593
2024,"2024-05-18","FC Cincinnati",25512
2024,"2024-05-29","FC Cincinnati",25513
2024,"2024-06-19","FC Cincinnati",24795
2024,"2024-06-22","FC Cincinnati",25513
2024,"2024-07-06","FC Cincinnati",25513
2024,"2024-07-13","FC Cincinnati",25513
2024,"2024-07-17","FC Cincinnati",25513
2024,"2024-08-31","FC Cincinnati",25513
2024,"2024-09-14","FC Cincinnati",25513
2024,"2024-09-28","FC Cincinnati",24728
2024,"2024-10-05","FC Cincinnati",24468
2024,"2024-10-28","FC Cincinnati",21413
2024,"2024-11-09","FC Cincinnati",22487
2025,"2025-02-22","FC Cincinnati",22747
2025,"2025-03-08","FC Cincinnati",23088
2025,"2025-03-22","FC Cincinnati",23120
2025,"2025-04-05","FC Cincinnati",22912
2025,"2025-04-26","FC Cincinnati",25513
2025,"2025-05-10","FC Cincinnati",25513
2025,"2025-05-28","FC Cincinnati",24524
2025,"2025-05-31","FC Cincinnati",25513
2025,"2025-07-05","FC Cincinnati",25513
2025,"2025-07-12","FC Cincinnati",25513
2025,"2025-07-16","FC Cincinnati",25513
2025,"2025-08-10","FC Cincinnati",25513
2025,"2025-08-23","FC Cincinnati",25513
2025,"2025-08-30","FC Cincinnati",24462
2025,"2025-09-13","FC Cincinnati",24749
2025,"2025-09-28","FC Cincinnati",24135
2025,"2025-10-18","FC Cincinnati",25513
2025,"2025-10-27","FC Cincinnati",23371
2025,"2025-11-08","FC Cincinnati",25513
2025,"2025-11-23","FC Cincinnati",25513
2026,"2026-02-21","FC Cincinnati",25513
2026,"2026-03-08","FC Cincinnati",25513
2026,"2026-03-22","FC Cincinnati",25513
2026,"2026-04-18","FC Cincinnati",25513
2026,"2026-04-25","FC Cincinnati",25513
2026,"2026-05-13","FC Cincinnati",25513
2026,"2026-05-23","FC Cincinnati",25513
2026,"2026-07-22","FC Cincinnati",25513
2026,"2026-08-01","FC Cincinnati",25513
2022,"2022-02-26","FC Dallas",12233
2022,"2022-03-12","FC Dallas",13448
2022,"2022-03-19","FC Dallas",19096
2022,"2022-04-09","FC Dallas",15893
2022,"2022-04-23","FC Dallas",15792
2022,"2022-05-07","FC Dallas",19096
2022,"2022-05-22","FC Dallas",15280
2022,"2022-06-18","FC Dallas",19096
2022,"2022-07-04","FC Dallas",19096
2022,"2022-07-13","FC Dallas",13656
2022,"2022-07-16","FC Dallas",16833
2022,"2022-07-30","FC Dallas",19096
2022,"2022-08-13","FC Dallas",15106
2022,"2022-08-17","FC Dallas",12479
2022,"2022-08-27","FC Dallas",15573
2022,"2022-09-10","FC Dallas",19096
2022,"2022-10-09","FC Dallas",19096
2022,"2022-10-17","FC Dallas",19096
2023,"2023-02-25","FC Dallas",19096
2023,"2023-03-04","FC Dallas",19906
2023,"2023-03-18","FC Dallas",17467
2023,"2023-04-01","FC Dallas",19096
2023,"2023-04-15","FC Dallas",19096
2023,"2023-05-17","FC Dallas",15890
2023,"2023-05-20","FC Dallas",19096
2023,"2023-06-03","FC Dallas",16890
2023,"2023-06-07","FC Dallas",19096
2023,"2023-07-01","FC Dallas",19096
2023,"2023-07-04","FC Dallas",19096
2023,"2023-08-26","FC Dallas",18267
2023,"2023-09-02","FC Dallas",17441
2023,"2023-09-16","FC Dallas",19096
2023,"2023-09-23","FC Dallas",17948
2023,"2023-10-07","FC Dallas",17474
2023,"2023-10-14","FC Dallas",16014
2023,"2023-11-04","FC Dallas",19096
2024,"2024-02-24","FC Dallas",19096
2024,"2024-03-02","FC Dallas",19096
2024,"2024-03-16","FC Dallas",19096
2024,"2024-04-13","FC Dallas",19096
2024,"2024-04-27","FC Dallas",19096
2024,"2024-05-11","FC Dallas",19069
2024,"2024-05-25","FC Dallas",19096
2024,"2024-06-15","FC Dallas",19096
2024,"2024-06-19","FC Dallas",19096
2024,"2024-06-29","FC Dallas",19096
2024,"2024-07-04","FC Dallas",19096
2024,"2024-07-13","FC Dallas",19096
2024,"2024-07-17","FC Dallas",20500
2024,"2024-08-31","FC Dallas",19096
2024,"2024-09-21","FC Dallas",19096
2024,"2024-09-28","FC Dallas",19096
2024,"2024-10-19","FC Dallas",19096
2025,"2025-03-08","FC Dallas",11004
2025,"2025-03-15","FC Dallas",11004
2025,"2025-03-29","FC Dallas",11004
2025,"2025-04-12","FC Dallas",11004
2025,"2025-05-10","FC Dallas",11004
2025,"2025-05-17","FC Dallas",11004
2025,"2025-05-31","FC Dallas",11004
2025,"2025-06-25","FC Dallas",11004
2025,"2025-06-28","FC Dallas",11004
2025,"2025-07-04","FC Dallas",11004
2025,"2025-07-19","FC Dallas",11006
2025,"2025-07-25","FC Dallas",11004
2025,"2025-08-09","FC Dallas",11004
2025,"2025-08-23","FC Dallas",11151
2025,"2025-09-13","FC Dallas",11004
2025,"2025-09-20","FC Dallas",11004
2025,"2025-10-04","FC Dallas",11004
2025,"2025-11-01","FC Dallas",11004
2026,"2026-02-21","FC Dallas",11004
2026,"2026-02-28","FC Dallas",11004
2026,"2026-03-14","FC Dallas",11004
2026,"2026-03-21","FC Dallas",11004
2026,"2026-04-11","FC Dallas",11004
2026,"2026-04-18","FC Dallas",11004
2026,"2026-04-22","FC Dallas",11004
2026,"2026-05-09","FC Dallas",11004
2026,"2026-05-13","FC Dallas",11004
2022,"2022-02-27","Houston Dynamo FC",18561
2022,"2022-03-12","Houston Dynamo FC",13028
2022,"2022-03-19","Houston Dynamo FC",17007
2022,"2022-04-09","Houston Dynamo FC",15414
2022,"2022-04-16","Houston Dynamo FC",13650
2022,"2022-04-30","Houston Dynamo FC",16296
2022,"2022-05-14","Houston Dynamo FC",16035
2022,"2022-05-18","Houston Dynamo FC",11093
2022,"2022-06-25","Houston Dynamo FC",13081
2022,"2022-07-03","Houston Dynamo FC",19242
2022,"2022-07-09","Houston Dynamo FC",21284
2022,"2022-07-23","Houston Dynamo FC",15223
2022,"2022-08-13","Houston Dynamo FC",21284
2022,"2022-08-31","Houston Dynamo FC",21284
2022,"2022-09-10","Houston Dynamo FC",15169
2022,"2022-09-13","Houston Dynamo FC",10305
2022,"2022-10-09","Houston Dynamo FC",21284
2023,"2023-03-18","Houston Dynamo FC",19047
2023,"2023-03-25","Houston Dynamo FC",13024
2023,"2023-04-08","Houston Dynamo FC",19128
2023,"2023-04-22","Houston Dynamo FC",16045
2023,"2023-05-06","Houston Dynamo FC",13793
2023,"2023-05-13","Houston Dynamo FC",14061
2023,"2023-05-27","Houston Dynamo FC",16055
2023,"2023-06-10","Houston Dynamo FC",15366
2023,"2023-06-21","Houston Dynamo FC",14249
2023,"2023-07-08","Houston Dynamo FC",16489
2023,"2023-07-12","Houston Dynamo FC",11855
2023,"2023-08-20","Houston Dynamo FC",12670
2023,"2023-08-30","Houston Dynamo FC",10873
2023,"2023-09-16","Houston Dynamo FC",14369
2023,"2023-09-20","Houston Dynamo FC",13866
2023,"2023-09-30","Houston Dynamo FC",18175
2023,"2023-10-07","Houston Dynamo FC",16430
2023,"2023-10-29","Houston Dynamo FC",17508
2023,"2023-11-11","Houston Dynamo FC",16374
2023,"2023-11-26","Houston Dynamo FC",20319
2024,"2024-02-24","Houston Dynamo FC",18818
2024,"2024-03-02","Houston Dynamo FC",16516
2024,"2024-03-16","Houston Dynamo FC",16003
2024,"2024-03-30","Houston Dynamo FC",16184
2024,"2024-04-20","Houston Dynamo FC",20115
2024,"2024-05-04","Houston Dynamo FC",22039
2024,"2024-05-18","Houston Dynamo FC",19284
2024,"2024-05-29","Houston Dynamo FC",15237
2024,"2024-06-19","Houston Dynamo FC",15096
2024,"2024-06-29","Houston Dynamo FC",15321
2024,"2024-07-13","Houston Dynamo FC",17142
2024,"2024-08-24","Houston Dynamo FC",16640
2024,"2024-09-07","Houston Dynamo FC",19776
2024,"2024-09-14","Houston Dynamo FC",15862
2024,"2024-09-18","Houston Dynamo FC",14282
2024,"2024-10-02","Houston Dynamo FC",15356
2024,"2024-10-19","Houston Dynamo FC",20800
2024,"2024-11-03","Houston Dynamo FC",18859
2025,"2025-02-22","Houston Dynamo FC",18623
2025,"2025-03-02","Houston Dynamo FC",20810
2025,"2025-03-15","Houston Dynamo FC",15263
2025,"2025-04-05","Houston Dynamo FC",16415
2025,"2025-04-19","Houston Dynamo FC",17636
2025,"2025-04-26","Houston Dynamo FC",17808
2025,"2025-05-10","Houston Dynamo FC",19802
2025,"2025-05-14","Houston Dynamo FC",14266
2025,"2025-05-31","Houston Dynamo FC",17852
2025,"2025-06-14","Houston Dynamo FC",17854
2025,"2025-06-28","Houston Dynamo FC",16886
2025,"2025-07-16","Houston Dynamo FC",15266
2025,"2025-07-19","Houston Dynamo FC",17390
2025,"2025-08-23","Houston Dynamo FC",17359
2025,"2025-09-06","Houston Dynamo FC",18471
2025,"2025-09-20","Houston Dynamo FC",18357
2025,"2025-10-04","Houston Dynamo FC",20732
2026,"2026-02-21","Houston Dynamo FC",20254
2026,"2026-02-28","Houston Dynamo FC",20853
2026,"2026-03-14","Houston Dynamo FC",18026
2026,"2026-04-04","Houston Dynamo FC",17253
2026,"2026-04-22","Houston Dynamo FC",15838
2026,"2026-05-02","Houston Dynamo FC",18889
2026,"2026-05-16","Houston Dynamo FC",20114
2026,"2026-07-22","Houston Dynamo FC",17137
2026,"2026-07-25","Houston Dynamo FC",19869
2022,"2022-02-26","Inter Miami CF",15973
2022,"2022-03-12","Inter Miami CF",11465
2022,"2022-04-02","Inter Miami CF",13083
2022,"2022-04-09","Inter Miami CF",11472
2022,"2022-04-24","Inter Miami CF",13433
2022,"2022-05-14","Inter Miami CF",13317
2022,"2022-05-22","Inter Miami CF",11007
2022,"2022-05-28","Inter Miami CF",11161
2022,"2022-06-25","Inter Miami CF",12147
2022,"2022-07-13","Inter Miami CF",10027
2022,"2022-07-16","Inter Miami CF",12274
2022,"2022-07-30","Inter Miami CF",NULL
2022,"2022-08-13","Inter Miami CF",11419
2022,"2022-08-20","Inter Miami CF",14388
2022,"2022-09-13","Inter Miami CF",9778
2022,"2022-10-05","Inter Miami CF",15228
2022,"2022-10-09","Inter Miami CF",15635
2023,"2023-02-25","Inter Miami CF",17655
2023,"2023-03-04","Inter Miami CF",15628
2023,"2023-03-25","Inter Miami CF",17699
2023,"2023-04-08","Inter Miami CF",17287
2023,"2023-05-06","Inter Miami CF",16750
2023,"2023-05-13","Inter Miami CF",17349
2023,"2023-05-20","Inter Miami CF",17643
2023,"2023-05-31","Inter Miami CF",15136
2023,"2023-06-03","Inter Miami CF",15040
2023,"2023-07-01","Inter Miami CF",17053
2023,"2023-07-04","Inter Miami CF",14072
2023,"2023-08-30","Inter Miami CF",20452
2023,"2023-09-09","Inter Miami CF",19355
2023,"2023-09-20","Inter Miami CF",19659
2023,"2023-09-30","Inter Miami CF",20135
2023,"2023-10-07","Inter Miami CF",20344
2023,"2023-10-18","Inter Miami CF",19615
2024,"2024-02-21","Inter Miami CF",21137
2024,"2024-03-02","Inter Miami CF",21352
2024,"2024-03-10","Inter Miami CF",21212
2024,"2024-03-30","Inter Miami CF",21550
2024,"2024-04-06","Inter Miami CF",20868
2024,"2024-04-20","Inter Miami CF",21398
2024,"2024-05-04","Inter Miami CF",21488
2024,"2024-05-18","Inter Miami CF",21318
2024,"2024-05-29","Inter Miami CF",21326
2024,"2024-06-01","Inter Miami CF",20793
2024,"2024-06-19","Inter Miami CF",19939
2024,"2024-07-17","Inter Miami CF",20120
2024,"2024-07-20","Inter Miami CF",20318
2024,"2024-08-24","Inter Miami CF",20106
2024,"2024-09-14","Inter Miami CF",20915
2024,"2024-09-28","Inter Miami CF",21374
2024,"2024-10-19","Inter Miami CF",21429
2024,"2024-10-25","Inter Miami CF",20673
2024,"2024-11-09","Inter Miami CF",20813
2025,"2025-02-22","Inter Miami CF",20868
2025,"2025-03-09","Inter Miami CF",20436
2025,"2025-03-29","Inter Miami CF",20617
2025,"2025-04-06","Inter Miami CF",20220
2025,"2025-04-27","Inter Miami CF",20727
2025,"2025-05-03","Inter Miami CF",20598
2025,"2025-05-18","Inter Miami CF",20859
2025,"2025-05-28","Inter Miami CF",20005
2025,"2025-05-31","Inter Miami CF",20861
2025,"2025-07-12","Inter Miami CF",21108
2025,"2025-07-26","Inter Miami CF",21044
2025,"2025-08-16","Inter Miami CF",20846
2025,"2025-09-16","Inter Miami CF",19876
2025,"2025-09-20","Inter Miami CF",20319
2025,"2025-09-30","Inter Miami CF",19766
2025,"2025-10-04","Inter Miami CF",21550
2025,"2025-10-11","Inter Miami CF",16888
2025,"2025-10-24","Inter Miami CF",21398
2025,"2025-11-08","Inter Miami CF",19049
2025,"2025-11-29","Inter Miami CF",19136
2025,"2025-12-06","Inter Miami CF",21556
2026,"2026-04-04","Inter Miami CF",26412
2026,"2026-04-11","Inter Miami CF",26277
2026,"2026-04-25","Inter Miami CF",26609
2026,"2026-05-02","Inter Miami CF",26684
2026,"2026-05-17","Inter Miami CF",26715
2026,"2026-05-24","Inter Miami CF",26649
2026,"2026-07-22","Inter Miami CF",25123
2026,"2026-08-01","Inter Miami CF",22193
2022,"2022-02-27","LA Galaxy",25174
2022,"2022-03-19","LA Galaxy",25174
2022,"2022-04-09","LA Galaxy",25174
2022,"2022-04-23","LA Galaxy",26674
2022,"2022-05-14","LA Galaxy",25174
2022,"2022-05-22","LA Galaxy",22471
2022,"2022-05-29","LA Galaxy",20433
2022,"2022-06-18","LA Galaxy",21414
2022,"2022-06-29","LA Galaxy",18337
2022,"2022-07-04","LA Galaxy",23855
2022,"2022-07-13","LA Galaxy",18453
2022,"2022-07-24","LA Galaxy",24122
2022,"2022-08-13","LA Galaxy",21465
2022,"2022-08-19","LA Galaxy",23278
2022,"2022-09-04","LA Galaxy",20104
2022,"2022-09-17","LA Galaxy",20325
2022,"2022-10-01","LA Galaxy",26674
2022,"2022-10-15","LA Galaxy",22280
2023,"2023-03-18","LA Galaxy",23112
2023,"2023-04-01","LA Galaxy",22008
2023,"2023-04-16","LA Galaxy",27154
2023,"2023-04-22","LA Galaxy",18875
2023,"2023-05-06","LA Galaxy",19101
2023,"2023-05-14","LA Galaxy",16035
2023,"2023-05-27","LA Galaxy",17434
2023,"2023-06-21","LA Galaxy",20960
2023,"2023-07-04","LA Galaxy",82110
2023,"2023-07-08","LA Galaxy",21269
2023,"2023-08-26","LA Galaxy",19762
2023,"2023-09-02","LA Galaxy",20035
2023,"2023-09-10","LA Galaxy",19554
2023,"2023-09-20","LA Galaxy",16120
2023,"2023-09-30","LA Galaxy",23101
2023,"2023-10-14","LA Galaxy",20673
2023,"2023-10-21","LA Galaxy",22491
2024,"2024-02-25","LA Galaxy",27642
2024,"2024-03-16","LA Galaxy",25174
2024,"2024-03-30","LA Galaxy",22736
2024,"2024-04-21","LA Galaxy",25335
2024,"2024-05-11","LA Galaxy",25220
2024,"2024-05-25","LA Galaxy",21707
2024,"2024-05-29","LA Galaxy",19505
2024,"2024-06-15","LA Galaxy",19096
2024,"2024-06-19","LA Galaxy",20043
2024,"2024-07-04","LA Galaxy",70076
2024,"2024-07-07","LA Galaxy",20043
2024,"2024-07-17","LA Galaxy",19488
2024,"2024-07-20","LA Galaxy",23568
2024,"2024-08-24","LA Galaxy",25174
2024,"2024-09-14","LA Galaxy",25174
2024,"2024-09-21","LA Galaxy",25387
2024,"2024-10-05","LA Galaxy",26574
2024,"2024-10-26","LA Galaxy",24537
2024,"2024-11-24","LA Galaxy",26192
2024,"2024-11-30","LA Galaxy",26327
2024,"2024-12-07","LA Galaxy",26812
2025,"2025-02-23","LA Galaxy",25224
2025,"2025-03-09","LA Galaxy",19271
2025,"2025-03-29","LA Galaxy",21722
2025,"2025-04-12","LA Galaxy",23685
2025,"2025-04-27","LA Galaxy",21215
2025,"2025-05-18","LA Galaxy",23083
2025,"2025-05-28","LA Galaxy",15345
2025,"2025-05-31","LA Galaxy",23210
2025,"2025-07-04","LA Galaxy",19557
2025,"2025-07-12","LA Galaxy",21113
2025,"2025-07-16","LA Galaxy",16272
2025,"2025-08-10","LA Galaxy",18748
2025,"2025-08-23","LA Galaxy",20203
2025,"2025-09-20","LA Galaxy",18518
2025,"2025-09-27","LA Galaxy",17903
2025,"2025-10-11","LA Galaxy",18312
2025,"2025-10-18","LA Galaxy",17765
2026,"2026-02-22","LA Galaxy",25025
2026,"2026-02-28","LA Galaxy",20205
2026,"2026-03-14","LA Galaxy",18232
2026,"2026-04-04","LA Galaxy",22447
2026,"2026-04-26","LA Galaxy",19773
2026,"2026-05-02","LA Galaxy",19429
2026,"2026-05-23","LA Galaxy",23638
2026,"2026-07-17","LA Galaxy",24325
2026,"2026-07-22","LA Galaxy",17322
2026,"2026-08-01","LA Galaxy",18122
2022,"2022-02-26","Los Angeles FC",22010
2022,"2022-03-06","Los Angeles FC",22102
2022,"2022-03-20","Los Angeles FC",22065
2022,"2022-04-17","Los Angeles FC",22097
2022,"2022-05-01","Los Angeles FC",22010
2022,"2022-05-07","Los Angeles FC",22022
2022,"2022-05-18","Los Angeles FC",22034
2022,"2022-05-28","Los Angeles FC",22007
2022,"2022-06-26","Los Angeles FC",NULL
2022,"2022-06-29","Los Angeles FC",22014
2022,"2022-07-08","Los Angeles FC",22231
2022,"2022-07-29","Los Angeles FC",22111
2022,"2022-08-13","Los Angeles FC",22140
2022,"2022-08-16","Los Angeles FC",22063
2022,"2022-09-04","Los Angeles FC",22199
2022,"2022-09-18","Los Angeles FC",22131
2022,"2022-10-09","Los Angeles FC",22205
2022,"2022-10-20","Los Angeles FC",22305
2022,"2022-10-30","Los Angeles FC",22175
2022,"2022-11-05","Los Angeles FC",22384
2023,"2023-03-04","Los Angeles FC",22202
2023,"2023-03-12","Los Angeles FC",22007
2023,"2023-03-25","Los Angeles FC",22163
2023,"2023-04-08","Los Angeles FC",22199
2023,"2023-05-17","Los Angeles FC",22222
2023,"2023-05-20","Los Angeles FC",22030
2023,"2023-06-07","Los Angeles FC",22010
2023,"2023-06-14","Los Angeles FC",22177
2023,"2023-06-21","Los Angeles FC",22125
2023,"2023-06-24","Los Angeles FC",22133
2023,"2023-07-08","Los Angeles FC",22033
2023,"2023-07-12","Los Angeles FC",22010
2023,"2023-08-23","Los Angeles FC",22017
2023,"2023-09-03","Los Angeles FC",22921
2023,"2023-09-16","Los Angeles FC",22132
2023,"2023-10-01","Los Angeles FC",22221
2023,"2023-10-04","Los Angeles FC",22041
2023,"2023-10-28","Los Angeles FC",22002
2023,"2023-12-02","Los Angeles FC",22221
2024,"2024-02-24","Los Angeles FC",22214
2024,"2024-03-09","Los Angeles FC",22175
2024,"2024-03-23","Los Angeles FC",22000
2024,"2024-04-06","Los Angeles FC",22321
2024,"2024-04-20","Los Angeles FC",22122
2024,"2024-04-27","Los Angeles FC",22032
2024,"2024-05-11","Los Angeles FC",22099
2024,"2024-05-29","Los Angeles FC",22010
2024,"2024-06-01","Los Angeles FC",22105
2024,"2024-06-22","Los Angeles FC",22146
2024,"2024-06-29","Los Angeles FC",22019
2024,"2024-07-13","Los Angeles FC",22127
2024,"2024-07-17","Los Angeles FC",19488
2024,"2024-08-31","Los Angeles FC",22176
2024,"2024-09-18","Los Angeles FC",22153
2024,"2024-10-02","Los Angeles FC",22064
2024,"2024-10-19","Los Angeles FC",22137
2024,"2024-10-27","Los Angeles FC",22298
2024,"2024-11-08","Los Angeles FC",22220
2024,"2024-11-23","Los Angeles FC",22301
2025,"2025-02-22","Los Angeles FC",22310
2025,"2025-03-01","Los Angeles FC",22021
2025,"2025-03-15","Los Angeles FC",22111
2025,"2025-04-12","Los Angeles FC",22110
2025,"2025-04-27","Los Angeles FC",22212
2025,"2025-05-03","Los Angeles FC",22127
2025,"2025-05-14","Los Angeles FC",22120
2025,"2025-06-08","Los Angeles FC",17031
2025,"2025-06-29","Los Angeles FC",22116
2025,"2025-07-09","Los Angeles FC",22230
2025,"2025-07-12","Los Angeles FC",22117
2025,"2025-07-19","Los Angeles FC",22301
2025,"2025-07-25","Los Angeles FC",22103
2025,"2025-08-31","Los Angeles FC",22937
2025,"2025-09-21","Los Angeles FC",22901
2025,"2025-10-05","Los Angeles FC",22067
2025,"2025-10-08","Los Angeles FC",22020
2025,"2025-10-29","Los Angeles FC",22142
2026,"2026-02-21","Los Angeles FC",75673
2026,"2026-03-07","Los Angeles FC",22130
2026,"2026-03-14","Los Angeles FC",22266
2026,"2026-04-04","Los Angeles FC",22185
2026,"2026-04-19","Los Angeles FC",22114
2026,"2026-04-22","Los Angeles FC",22132
2026,"2026-05-10","Los Angeles FC",21531
2026,"2026-05-24","Los Angeles FC",22146
2026,"2026-07-22","Los Angeles FC",22097
2026,"2026-07-25","Los Angeles FC",22030
2022,"2022-03-05","Minnesota United FC",18107
2022,"2022-03-19","Minnesota United FC",18685
2022,"2022-04-02","Minnesota United FC",19615
2022,"2022-04-16","Minnesota United FC",19629
2022,"2022-04-23","Minnesota United FC",19658
2022,"2022-05-07","Minnesota United FC",19662
2022,"2022-05-18","Minnesota United FC",19645
2022,"2022-05-28","Minnesota United FC",19695
2022,"2022-07-03","Minnesota United FC",NULL
2022,"2022-07-13","Minnesota United FC",19657
2022,"2022-07-16","Minnesota United FC",19718
2022,"2022-07-30","Minnesota United FC",19792
2022,"2022-08-20","Minnesota United FC",19829
2022,"2022-08-27","Minnesota United FC",19624
2022,"2022-09-03","Minnesota United FC",19761
2022,"2022-09-13","Minnesota United FC",19861
2022,"2022-10-09","Minnesota United FC",19941
2023,"2023-03-11","Minnesota United FC",19614
2023,"2023-03-25","Minnesota United FC",19609
2023,"2023-04-15","Minnesota United FC",19685
2023,"2023-04-30","Minnesota United FC",18410
2023,"2023-05-17","Minnesota United FC",18897
2023,"2023-05-27","Minnesota United FC",19912
2023,"2023-06-03","Minnesota United FC",19743
2023,"2023-07-01","Minnesota United FC",19844
2023,"2023-07-08","Minnesota United FC",19913
2023,"2023-07-15","Minnesota United FC",19954
2023,"2023-08-27","Minnesota United FC",19812
2023,"2023-08-30","Minnesota United FC",19634
2023,"2023-09-09","Minnesota United FC",19412
2023,"2023-09-16","Minnesota United FC",19685
2023,"2023-09-23","Minnesota United FC",19197
2023,"2023-09-30","Minnesota United FC",19645
2023,"2023-10-07","Minnesota United FC",19693
2024,"2024-03-02","Minnesota United FC",19906
2024,"2024-03-16","Minnesota United FC",19315
2024,"2024-04-06","Minnesota United FC",18652
2024,"2024-04-13","Minnesota United FC",19658
2024,"2024-04-27","Minnesota United FC",19712
2024,"2024-05-15","Minnesota United FC",18722
2024,"2024-05-18","Minnesota United FC",19735
2024,"2024-06-01","Minnesota United FC",19738
2024,"2024-06-08","Minnesota United FC",19759
2024,"2024-06-22","Minnesota United FC",19746
2024,"2024-07-03","Minnesota United FC",19684
2024,"2024-07-17","Minnesota United FC",19742
2024,"2024-07-20","Minnesota United FC",19679
2024,"2024-08-24","Minnesota United FC",19751
2024,"2024-09-18","Minnesota United FC",19649
2024,"2024-09-28","Minnesota United FC",19814
2024,"2024-10-19","Minnesota United FC",19881
2024,"2024-11-02","Minnesota United FC",19912
2025,"2025-03-01","Minnesota United FC",17745
2025,"2025-03-22","Minnesota United FC",19607
2025,"2025-03-29","Minnesota United FC",17124
2025,"2025-04-19","Minnesota United FC",19607
2025,"2025-04-27","Minnesota United FC",18851
2025,"2025-05-10","Minnesota United FC",19710
2025,"2025-05-17","Minnesota United FC",19643
2025,"2025-05-24","Minnesota United FC",19240
2025,"2025-06-14","Minnesota United FC",19661
2025,"2025-06-25","Minnesota United FC",18214
2025,"2025-07-12","Minnesota United FC",19743
2025,"2025-07-16","Minnesota United FC",19774
2025,"2025-08-10","Minnesota United FC",19756
2025,"2025-08-16","Minnesota United FC",19432
2025,"2025-08-30","Minnesota United FC",19619
2025,"2025-09-20","Minnesota United FC",19693
2025,"2025-10-04","Minnesota United FC",19784
2025,"2025-10-27","Minnesota United FC",16945
2025,"2025-11-08","Minnesota United FC",18645
2026,"2026-02-28","Minnesota United FC",19609
2026,"2026-03-22","Minnesota United FC",19637
2026,"2026-04-18","Minnesota United FC",19617
2026,"2026-04-25","Minnesota United FC",19710
2026,"2026-05-10","Minnesota United FC",18749
2026,"2026-05-13","Minnesota United FC",18458
2026,"2026-05-23","Minnesota United FC",19838
2026,"2026-07-25","Minnesota United FC",18845
2026,"2026-08-01","Minnesota United FC",NULL
2022,"2022-05-01","Nashville SC",30109
2022,"2022-05-08","Nashville SC",28226
2022,"2022-05-18","Nashville SC",26003
2022,"2022-05-21","Nashville SC",30109
2022,"2022-06-11","Nashville SC",28672
2022,"2022-06-19","Nashville SC",29269
2022,"2022-07-03","Nashville SC",28387
2022,"2022-07-13","Nashville SC",26927
2022,"2022-07-17","Nashville SC",30109
2022,"2022-07-30","Nashville SC",26578
2022,"2022-08-06","Nashville SC",26326
2022,"2022-08-14","Nashville SC",25240
2022,"2022-08-21","Nashville SC",25571
2022,"2022-08-31","Nashville SC",24127
2022,"2022-09-03","Nashville SC",25293
2022,"2022-09-10","Nashville SC",28753
2022,"2022-10-02","Nashville SC",28720
2023,"2023-02-25","Nashville SC",28051
2023,"2023-03-11","Nashville SC",25958
2023,"2023-03-25","Nashville SC",28453
2023,"2023-04-08","Nashville SC",26999
2023,"2023-04-22","Nashville SC",30109
2023,"2023-04-29","Nashville SC",28793
2023,"2023-05-06","Nashville SC",28611
2023,"2023-05-17","Nashville SC",25839
2023,"2023-05-28","Nashville SC",30109
2023,"2023-06-17","Nashville SC",30109
2023,"2023-07-01","Nashville SC",30109
2023,"2023-07-12","Nashville SC",30109
2023,"2023-09-02","Nashville SC",27902
2023,"2023-09-30","Nashville SC",28291
2023,"2023-10-04","Nashville SC",25273
2023,"2023-10-14","Nashville SC",27780
2023,"2023-10-21","Nashville SC",27875
2023,"2023-11-07","Nashville SC",25315
2024,"2024-02-25","Nashville SC",30109
2024,"2024-03-10","Nashville SC",28316
2024,"2024-03-16","Nashville SC",28008
2024,"2024-03-30","Nashville SC",28613
2024,"2024-04-06","Nashville SC",27739
2024,"2024-04-27","Nashville SC",28984
2024,"2024-05-04","Nashville SC",28600
2024,"2024-05-15","Nashville SC",27868
2024,"2024-05-18","Nashville SC",28377
2024,"2024-06-01","Nashville SC",26842
2024,"2024-06-22","Nashville SC",29663
2024,"2024-06-29","Nashville SC",30109
2024,"2024-07-17","Nashville SC",29070
2024,"2024-08-24","Nashville SC",28876
2024,"2024-09-18","Nashville SC",27967
2024,"2024-09-21","Nashville SC",27976
2024,"2024-10-02","Nashville SC",28863
2025,"2025-02-22","Nashville SC",23494
2025,"2025-03-08","Nashville SC",24432
2025,"2025-03-22","Nashville SC",25301
2025,"2025-03-29","Nashville SC",25640
2025,"2025-04-12","Nashville SC",25625
2025,"2025-04-26","Nashville SC",24771
2025,"2025-05-10","Nashville SC",25002
2025,"2025-05-14","Nashville SC",22549
2025,"2025-05-17","Nashville SC",25110
2025,"2025-05-31","Nashville SC",28351
2025,"2025-07-05","Nashville SC",28896
2025,"2025-07-16","Nashville SC",28254
2025,"2025-07-19","Nashville SC",28786
2025,"2025-08-23","Nashville SC",28014
2025,"2025-08-30","Nashville SC",27270
2025,"2025-09-27","Nashville SC",27763
2025,"2025-10-18","Nashville SC",30109
2025,"2025-11-01","Nashville SC",30109
2026,"2026-02-21","Nashville SC",25044
2026,"2026-03-07","Nashville SC",24387
2026,"2026-03-21","Nashville SC",27167
2026,"2026-04-25","Nashville SC",30109
2026,"2026-05-09","Nashville SC",28384
2026,"2026-05-17","Nashville SC",27948
2026,"2026-05-23","Nashville SC",25835
2026,"2026-07-17","Nashville SC",11500
2026,"2026-07-22","Nashville SC",25490
2022,"2022-03-05","New England Revolution",14554
2022,"2022-03-12","New England Revolution",10633
2022,"2022-04-02","New England Revolution",16265
2022,"2022-04-16","New England Revolution",15344
2022,"2022-04-30","New England Revolution",25509
2022,"2022-05-07","New England Revolution",26421
2022,"2022-05-28","New England Revolution",20398
2022,"2022-06-15","New England Revolution",15308
2022,"2022-06-19","New England Revolution",21289
2022,"2022-07-03","New England Revolution",20193
2022,"2022-07-30","New England Revolution",29097
2022,"2022-08-13","New England Revolution",24240
2022,"2022-08-28","New England Revolution",21517
2022,"2022-08-31","New England Revolution",13325
2022,"2022-09-04","New England Revolution",17793
2022,"2022-09-17","New England Revolution",35455
2022,"2022-10-01","New England Revolution",33421
2023,"2023-03-04","New England Revolution",13176
2023,"2023-03-18","New England Revolution",14930
2023,"2023-04-01","New England Revolution",18521
2023,"2023-04-08","New England Revolution",18021
2023,"2023-04-22","New England Revolution",19281
2023,"2023-04-29","New England Revolution",30080
2023,"2023-05-27","New England Revolution",27293
2023,"2023-06-10","New England Revolution",36235
2023,"2023-06-17","New England Revolution",21492
2023,"2023-06-24","New England Revolution",24596
2023,"2023-07-12","New England Revolution",17615
2023,"2023-07-15","New England Revolution",29884
2023,"2023-08-30","New England Revolution",16444
2023,"2023-09-02","New England Revolution",26213
2023,"2023-09-30","New England Revolution",37701
2023,"2023-10-04","New England Revolution",14144
2023,"2023-10-21","New England Revolution",41355
2023,"2023-11-08","New England Revolution",15214
2024,"2024-03-03","New England Revolution",29293
2024,"2024-03-17","New England Revolution",14557
2024,"2024-03-23","New England Revolution",15269
2024,"2024-04-06","New England Revolution",22196
2024,"2024-04-27","New England Revolution",65612
2024,"2024-05-18","New England Revolution",34947
2024,"2024-05-25","New England Revolution",26625
2024,"2024-06-08","New England Revolution",29288
2024,"2024-06-15","New England Revolution",27078
2024,"2024-06-29","New England Revolution",25004
2024,"2024-07-03","New England Revolution",20171
2024,"2024-07-13","New England Revolution",24193
2024,"2024-07-20","New England Revolution",28260
2024,"2024-09-07","New England Revolution",30512
2024,"2024-09-18","New England Revolution",18019
2024,"2024-09-28","New England Revolution",42312
2024,"2024-10-05","New England Revolution",44110
2025,"2025-03-01","New England Revolution",22274
2025,"2025-03-08","New England Revolution",15596
2025,"2025-03-29","New England Revolution",20439
2025,"2025-04-19","New England Revolution",21081
2025,"2025-05-17","New England Revolution",31078
2025,"2025-06-14","New England Revolution",27184
2025,"2025-06-25","New England Revolution",16354
2025,"2025-06-28","New England Revolution",22886
2025,"2025-07-09","New England Revolution",43293
2025,"2025-07-19","New England Revolution",24954
2025,"2025-07-25","New England Revolution",17992
2025,"2025-08-09","New England Revolution",21538
2025,"2025-08-16","New England Revolution",27043
2025,"2025-08-30","New England Revolution",19782
2025,"2025-09-13","New England Revolution",22391
2025,"2025-09-27","New England Revolution",25790
2025,"2025-10-18","New England Revolution",36432
2026,"2026-03-15","New England Revolution",15627
2026,"2026-04-04","New England Revolution",19461
2026,"2026-04-11","New England Revolution",15454
2026,"2026-04-18","New England Revolution",16257
2026,"2026-05-02","New England Revolution",22851
2026,"2026-05-09","New England Revolution",18561
2026,"2026-05-13","New England Revolution",14287
2026,"2026-05-16","New England Revolution",26385
2026,"2026-07-22","New England Revolution",17249
2026,"2026-07-25","New England Revolution",34428
2022,"2022-03-12","New York City FC",21113
2022,"2022-03-19","New York City FC",15968
2022,"2022-04-17","New York City FC",14513
2022,"2022-04-24","New York City FC",17626
2022,"2022-05-01","New York City FC",17174
2022,"2022-05-07","New York City FC",15031
2022,"2022-05-14","New York City FC",18813
2022,"2022-05-22","New York City FC",18823
2022,"2022-06-19","New York City FC",19812
2022,"2022-07-03","New York City FC",17704
2022,"2022-07-09","New York City FC",17991
2022,"2022-07-23","New York City FC",23277
2022,"2022-08-17","New York City FC",8531
2022,"2022-08-31","New York City FC",8113
2022,"2022-09-07","New York City FC",14248
2022,"2022-09-17","New York City FC",30151
2022,"2022-10-02","New York City FC",13169
2022,"2022-10-17","New York City FC",18066
2023,"2023-03-11","New York City FC",24489
2023,"2023-03-18","New York City FC",17281
2023,"2023-04-08","New York City FC",20095
2023,"2023-04-15","New York City FC",18687
2023,"2023-04-22","New York City FC",20922
2023,"2023-05-27","New York City FC",22830
2023,"2023-05-31","New York City FC",14806
2023,"2023-06-03","New York City FC",22203
2023,"2023-06-17","New York City FC",30615
2023,"2023-07-05","New York City FC",15122
2023,"2023-08-20","New York City FC",18606
2023,"2023-08-30","New York City FC",15273
2023,"2023-09-02","New York City FC",17942
2023,"2023-09-16","New York City FC",29657
2023,"2023-09-20","New York City FC",15238
2023,"2023-09-24","New York City FC",7417
2023,"2023-10-21","New York City FC",23260
2024,"2024-03-09","New York City FC",24774
2024,"2024-03-16","New York City FC",18623
2024,"2024-04-06","New York City FC",21497
2024,"2024-04-13","New York City FC",20744
2024,"2024-04-20","New York City FC",21073
2024,"2024-04-27","New York City FC",20119
2024,"2024-05-05","New York City FC",19456
2024,"2024-05-18","New York City FC",30731
2024,"2024-05-31","New York City FC",20188
2024,"2024-06-14","New York City FC",20622
2024,"2024-06-28","New York City FC",21447
2024,"2024-07-03","New York City FC",18209
2024,"2024-08-24","New York City FC",24428
2024,"2024-09-18","New York City FC",19153
2024,"2024-09-21","New York City FC",44738
2024,"2024-10-02","New York City FC",10785
2024,"2024-10-06","New York City FC",13409
2024,"2024-11-02","New York City FC",19585
2024,"2024-11-23","New York City FC",24891
2025,"2025-03-08","New York City FC",25846
2025,"2025-03-15","New York City FC",18892
2025,"2025-04-06","New York City FC",18279
2025,"2025-04-12","New York City FC",19897
2025,"2025-05-04","New York City FC",21611
2025,"2025-05-10","New York City FC",19679
2025,"2025-05-17","New York City FC",30804
2025,"2025-05-25","New York City FC",18524
2025,"2025-05-28","New York City FC",17070
2025,"2025-06-12","New York City FC",18062
2025,"2025-07-03","New York City FC",19395
2025,"2025-08-17","New York City FC",20077
2025,"2025-08-30","New York City FC",20192
2025,"2025-09-17","New York City FC",17413
2025,"2025-09-20","New York City FC",20084
2025,"2025-09-24","New York City FC",40845
2025,"2025-10-18","New York City FC",24832
2025,"2025-11-01","New York City FC",19051
2026,"2026-03-07","New York City FC",25055
2026,"2026-03-14","New York City FC",18079
2026,"2026-03-22","New York City FC",45845
2026,"2026-04-04","New York City FC",20867
2026,"2026-04-18","New York City FC",20997
2026,"2026-04-22","New York City FC",7099
2026,"2026-05-03","New York City FC",23931
2026,"2026-05-10","New York City FC",17770
2026,"2026-07-25","New York City FC",27419
2026,"2026-07-31","New York City FC",21085
2022,"2022-03-13","New York Red Bulls",14848
2022,"2022-03-20","New York Red Bulls",15323
2022,"2022-04-09","New York Red Bulls",15734
2022,"2022-04-16","New York Red Bulls",14456
2022,"2022-05-07","New York Red Bulls",17107
2022,"2022-05-18","New York Red Bulls",13257
2022,"2022-05-28","New York Red Bulls",13678
2022,"2022-06-18","New York Red Bulls",19142
2022,"2022-06-30","New York Red Bulls",14122
2022,"2022-07-17","New York Red Bulls",25219
2022,"2022-08-02","New York Red Bulls",13812
2022,"2022-08-13","New York Red Bulls",18218
2022,"2022-08-20","New York Red Bulls",16525
2022,"2022-08-27","New York Red Bulls",21374
2022,"2022-09-03","New York Red Bulls",16247
2022,"2022-09-10","New York Red Bulls",16301
2022,"2022-10-09","New York Red Bulls",23672
2022,"2022-10-15","New York Red Bulls",17113
2023,"2023-03-04","New York Red Bulls",18474
2023,"2023-03-18","New York Red Bulls",15412
2023,"2023-04-08","New York Red Bulls",15939
2023,"2023-04-15","New York Red Bulls",12932
2023,"2023-05-06","New York Red Bulls",18712
2023,"2023-05-13","New York Red Bulls",23121
2023,"2023-05-20","New York Red Bulls",13436
2023,"2023-06-03","New York Red Bulls",19871
2023,"2023-06-21","New York Red Bulls",20000
2023,"2023-06-24","New York Red Bulls",16277
2023,"2023-07-08","New York Red Bulls",20014
2023,"2023-07-12","New York Red Bulls",13439
2023,"2023-08-20","New York Red Bulls",17872
2023,"2023-08-26","New York Red Bulls",26276
2023,"2023-09-20","New York Red Bulls",13562
2023,"2023-09-30","New York Red Bulls",20347
2023,"2023-10-07","New York Red Bulls",24506
2023,"2023-10-25","New York Red Bulls",16074
2023,"2023-11-04","New York Red Bulls",20044
2024,"2024-03-09","New York Red Bulls",19284
2024,"2024-03-23","New York Red Bulls",25219
2024,"2024-04-13","New York Red Bulls",17501
2024,"2024-04-27","New York Red Bulls",17525
2024,"2024-05-11","New York Red Bulls",17525
2024,"2024-05-29","New York Red Bulls",16516
2024,"2024-06-01","New York Red Bulls",18039
2024,"2024-06-15","New York Red Bulls",18039
2024,"2024-06-22","New York Red Bulls",25189
2024,"2024-06-29","New York Red Bulls",18315
2024,"2024-07-17","New York Red Bulls",15128
2024,"2024-07-20","New York Red Bulls",19828
2024,"2024-08-31","New York Red Bulls",19951
2024,"2024-09-07","New York Red Bulls",17708
2024,"2024-09-21","New York Red Bulls",19751
2024,"2024-09-28","New York Red Bulls",25291
2024,"2024-10-19","New York Red Bulls",24515
2024,"2024-11-03","New York Red Bulls",20936
2025,"2025-03-01","New York Red Bulls",18843
2025,"2025-03-15","New York Red Bulls",16713
2025,"2025-03-22","New York Red Bulls",18185
2025,"2025-04-05","New York Red Bulls",17238
2025,"2025-04-19","New York Red Bulls",18407
2025,"2025-04-26","New York Red Bulls",20108
2025,"2025-05-10","New York Red Bulls",23225
2025,"2025-05-28","New York Red Bulls",11135
2025,"2025-05-31","New York Red Bulls",20187
2025,"2025-06-28","New York Red Bulls",21293
2025,"2025-07-16","New York Red Bulls",15863
2025,"2025-07-19","New York Red Bulls",25219
2025,"2025-08-10","New York Red Bulls",18087
2025,"2025-08-16","New York Red Bulls",21425
2025,"2025-08-30","New York Red Bulls",18913
2025,"2025-09-27","New York Red Bulls",25219
2025,"2025-10-04","New York Red Bulls",25017
2026,"2026-02-28","New York Red Bulls",15087
2026,"2026-03-08","New York Red Bulls",16847
2026,"2026-04-04","New York Red Bulls",20867
2026,"2026-04-22","New York Red Bulls",13309
2026,"2026-05-02","New York Red Bulls",20414
2026,"2026-05-13","New York Red Bulls",14116
2026,"2026-05-16","New York Red Bulls",25219
2026,"2026-07-25","New York Red Bulls",22087
2026,"2026-08-01","New York Red Bulls",22104
2022,"2022-02-27","Orlando City SC",21283
2022,"2022-03-12","Orlando City SC",16512
2022,"2022-04-02","Orlando City SC",16753
2022,"2022-04-09","Orlando City SC",16051
2022,"2022-04-24","Orlando City SC",17503
2022,"2022-04-30","Orlando City SC",17012
2022,"2022-05-28","Orlando City SC",17380
2022,"2022-06-18","Orlando City SC",16333
2022,"2022-07-04","Orlando City SC",16631
2022,"2022-07-09","Orlando City SC",20052
2022,"2022-07-23","Orlando City SC",16031
2022,"2022-08-06","Orlando City SC",NULL
2022,"2022-08-28","Orlando City SC",NULL
2022,"2022-08-31","Orlando City SC",14483
2022,"2022-09-14","Orlando City SC",15340
2022,"2022-09-17","Orlando City SC",17189
2022,"2022-10-09","Orlando City SC",21693
2023,"2023-02-25","Orlando City SC",24088
2023,"2023-03-04","Orlando City SC",18062
2023,"2023-03-18","Orlando City SC",18123
2023,"2023-04-01","Orlando City SC",20115
2023,"2023-04-22","Orlando City SC",19514
2023,"2023-04-29","Orlando City SC",22519
2023,"2023-05-17","Orlando City SC",17012
2023,"2023-05-27","Orlando City SC",20127
2023,"2023-06-10","Orlando City SC",18711
2023,"2023-06-21","Orlando City SC",17516
2023,"2023-07-01","Orlando City SC",22070
2023,"2023-07-04","Orlando City SC",17604
2023,"2023-08-26","Orlando City SC",22156
2023,"2023-09-16","Orlando City SC",22802
2023,"2023-09-24","Orlando City SC",25527
2023,"2023-09-30","Orlando City SC",19637
2023,"2023-10-07","Orlando City SC",24440
2023,"2023-10-30","Orlando City SC",19744
2023,"2023-11-25","Orlando City SC",25527
2024,"2024-02-24","Orlando City SC",24249
2024,"2024-03-09","Orlando City SC",23025
2024,"2024-03-23","Orlando City SC",20985
2024,"2024-03-30","Orlando City SC",23859
2024,"2024-04-27","Orlando City SC",21689
2024,"2024-05-04","Orlando City SC",21218
2024,"2024-05-15","Orlando City SC",25046
2024,"2024-05-25","Orlando City SC",21726
2024,"2024-06-15","Orlando City SC",22563
2024,"2024-06-22","Orlando City SC",22038
2024,"2024-07-06","Orlando City SC",22561
2024,"2024-07-20","Orlando City SC",22827
2024,"2024-08-31","Orlando City SC",22853
2024,"2024-09-14","Orlando City SC",22062
2024,"2024-09-18","Orlando City SC",22902
2024,"2024-10-02","Orlando City SC",23027
2024,"2024-10-19","Orlando City SC",25046
2024,"2024-10-27","Orlando City SC",17787
2024,"2024-11-09","Orlando City SC",20021
2024,"2024-11-24","Orlando City SC",25046
2024,"2024-11-30","Orlando City SC",25046
2025,"2025-02-22","Orlando City SC",22689
2025,"2025-03-01","Orlando City SC",18582
2025,"2025-03-22","Orlando City SC",19817
2025,"2025-04-12","Orlando City SC",21418
2025,"2025-04-26","Orlando City SC",20184
2025,"2025-05-10","Orlando City SC",18805
2025,"2025-05-14","Orlando City SC",17007
2025,"2025-05-24","Orlando City SC",21256
2025,"2025-05-31","Orlando City SC",21024
2025,"2025-06-28","Orlando City SC",20061
2025,"2025-07-12","Orlando City SC",20323
2025,"2025-07-16","Orlando City SC",18521
2025,"2025-08-10","Orlando City SC",25046
2025,"2025-08-16","Orlando City SC",20026
2025,"2025-09-20","Orlando City SC",20516
2025,"2025-10-04","Orlando City SC",21006
2025,"2025-10-11","Orlando City SC",23465
2026,"2026-02-21","Orlando City SC",24453
2026,"2026-03-01","Orlando City SC",24453
2026,"2026-03-14","Orlando City SC",18035
2026,"2026-04-18","Orlando City SC",19243
2026,"2026-04-22","Orlando City SC",16089
2026,"2026-05-13","Orlando City SC",15656
2026,"2026-05-16","Orlando City SC",20074
2026,"2026-07-25","Orlando City SC",24453
2022,"2022-02-26","Philadelphia Union",17487
2022,"2022-03-12","Philadelphia Union",14533
2022,"2022-04-02","Philadelphia Union",18136
2022,"2022-04-09","Philadelphia Union",18321
2022,"2022-04-23","Philadelphia Union",18476
2022,"2022-05-14","Philadelphia Union",18579
2022,"2022-05-18","Philadelphia Union",15747
2022,"2022-06-18","Philadelphia Union",18717
2022,"2022-06-26","Philadelphia Union",18589
2022,"2022-07-08","Philadelphia Union",19007
2022,"2022-07-16","Philadelphia Union",18257
2022,"2022-07-30","Philadelphia Union",19089
2022,"2022-08-13","Philadelphia Union",18682
2022,"2022-08-27","Philadelphia Union",18005
2022,"2022-08-31","Philadelphia Union",18214
2022,"2022-09-10","Philadelphia Union",19079
2022,"2022-10-09","Philadelphia Union",19228
2022,"2022-10-20","Philadelphia Union",19289
2022,"2022-10-30","Philadelphia Union",19770
2023,"2023-02-25","Philadelphia Union",18510
2023,"2023-03-11","Philadelphia Union",18520
2023,"2023-03-25","Philadelphia Union",18725
2023,"2023-04-01","Philadelphia Union",18550
2023,"2023-04-22","Philadelphia Union",18533
2023,"2023-05-17","Philadelphia Union",18689
2023,"2023-05-20","Philadelphia Union",19079
2023,"2023-05-31","Philadelphia Union",18705
2023,"2023-06-03","Philadelphia Union",19245
2023,"2023-06-24","Philadelphia Union",19535
2023,"2023-07-15","Philadelphia Union",19363
2023,"2023-09-03","Philadelphia Union",19361
2023,"2023-09-16","Philadelphia Union",19365
2023,"2023-09-23","Philadelphia Union",18738
2023,"2023-09-27","Philadelphia Union",18515
2023,"2023-10-04","Philadelphia Union",18605
2023,"2023-10-07","Philadelphia Union",19387
2023,"2023-10-28","Philadelphia Union",19778
2024,"2024-02-24","Philadelphia Union",18734
2024,"2024-03-30","Philadelphia Union",19047
2024,"2024-04-27","Philadelphia Union",19048
2024,"2024-04-30","Philadelphia Union",18525
2024,"2024-05-11","Philadelphia Union",19028
2024,"2024-05-15","Philadelphia Union",18531
2024,"2024-05-29","Philadelphia Union",18535
2024,"2024-06-01","Philadelphia Union",19026
2024,"2024-06-15","Philadelphia Union",19513
2024,"2024-06-22","Philadelphia Union",18762
2024,"2024-07-06","Philadelphia Union",18915
2024,"2024-07-17","Philadelphia Union",18554
2024,"2024-07-20","Philadelphia Union",18962
2024,"2024-08-28","Philadelphia Union",18513
2024,"2024-09-22","Philadelphia Union",18823
2024,"2024-09-28","Philadelphia Union",18837
2024,"2024-10-19","Philadelphia Union",19016
2025,"2025-03-01","Philadelphia Union",18737
2025,"2025-03-16","Philadelphia Union",18535
2025,"2025-03-22","Philadelphia Union",18639
2025,"2025-04-05","Philadelphia Union",18127
2025,"2025-04-19","Philadelphia Union",18327
2025,"2025-04-26","Philadelphia Union",18626
2025,"2025-05-10","Philadelphia Union",18667
2025,"2025-05-14","Philadelphia Union",15539
2025,"2025-05-24","Philadelphia Union",19357
2025,"2025-06-14","Philadelphia Union",18839
2025,"2025-07-12","Philadelphia Union",18745
2025,"2025-07-16","Philadelphia Union",16001
2025,"2025-07-26","Philadelphia Union",18057
2025,"2025-08-09","Philadelphia Union",18619
2025,"2025-08-23","Philadelphia Union",18712
2025,"2025-09-20","Philadelphia Union",18920
2025,"2025-10-04","Philadelphia Union",19176
2025,"2025-10-26","Philadelphia Union",19019
2025,"2025-11-23","Philadelphia Union",19210
2026,"2026-03-01","Philadelphia Union",18513
2026,"2026-03-07","Philadelphia Union",17410
2026,"2026-03-21","Philadelphia Union",18753
2026,"2026-04-18","Philadelphia Union",18529
2026,"2026-05-02","Philadelphia Union",17430
2026,"2026-05-16","Philadelphia Union",17505
2026,"2026-07-22","Philadelphia Union",18533
2026,"2026-07-25","Philadelphia Union",18520
2026,"2026-08-01","Philadelphia Union",NULL
2022,"2022-02-26","Portland Timbers",23411
2022,"2022-03-12","Portland Timbers",22795
2022,"2022-03-27","Portland Timbers",22948
2022,"2022-04-03","Portland Timbers",24534
2022,"2022-04-23","Portland Timbers",24206
2022,"2022-05-14","Portland Timbers",23503
2022,"2022-05-22","Portland Timbers",22288
2022,"2022-06-25","Portland Timbers",23448
2022,"2022-06-29","Portland Timbers",22932
2022,"2022-07-17","Portland Timbers",24337
2022,"2022-07-23","Portland Timbers",23795
2022,"2022-08-03","Portland Timbers",23101
2022,"2022-08-06","Portland Timbers",24114
2022,"2022-08-26","Portland Timbers",25218
2022,"2022-09-04","Portland Timbers",24438
2022,"2022-09-10","Portland Timbers",25019
2022,"2022-10-02","Portland Timbers",25218
2023,"2023-02-27","Portland Timbers",22925
2023,"2023-03-11","Portland Timbers",23386
2023,"2023-03-25","Portland Timbers",24077
2023,"2023-04-15","Portland Timbers",25218
2023,"2023-05-06","Portland Timbers",23318
2023,"2023-05-13","Portland Timbers",23154
2023,"2023-05-20","Portland Timbers",22137
2023,"2023-06-11","Portland Timbers",22907
2023,"2023-06-21","Portland Timbers",22548
2023,"2023-06-24","Portland Timbers",22676
2023,"2023-07-15","Portland Timbers",24181
2023,"2023-08-26","Portland Timbers",22674
2023,"2023-08-30","Portland Timbers",21320
2023,"2023-09-09","Portland Timbers",23239
2023,"2023-09-20","Portland Timbers",21518
2023,"2023-09-23","Portland Timbers",22248
2023,"2023-10-21","Portland Timbers",25218
2024,"2024-02-24","Portland Timbers",21411
2024,"2024-03-02","Portland Timbers",20221
2024,"2024-03-23","Portland Timbers",23046
2024,"2024-04-13","Portland Timbers",23245
2024,"2024-05-12","Portland Timbers",25218
2024,"2024-05-15","Portland Timbers",19113
2024,"2024-05-25","Portland Timbers",22848
2024,"2024-06-01","Portland Timbers",21214
2024,"2024-06-22","Portland Timbers",22471
2024,"2024-06-29","Portland Timbers",22227
2024,"2024-07-07","Portland Timbers",20616
2024,"2024-07-13","Portland Timbers",23014
2024,"2024-08-24","Portland Timbers",22583
2024,"2024-08-31","Portland Timbers",25218
2024,"2024-09-18","Portland Timbers",23165
2024,"2024-10-02","Portland Timbers",22461
2024,"2024-10-06","Portland Timbers",24169
2025,"2025-02-23","Portland Timbers",20079
2025,"2025-03-01","Portland Timbers",20032
2025,"2025-03-16","Portland Timbers",20153
2025,"2025-03-30","Portland Timbers",20206
2025,"2025-04-19","Portland Timbers",24538
2025,"2025-05-10","Portland Timbers",21287
2025,"2025-05-17","Portland Timbers",25218
2025,"2025-05-28","Portland Timbers",20012
2025,"2025-06-08","Portland Timbers",21695
2025,"2025-06-13","Portland Timbers",22157
2025,"2025-07-05","Portland Timbers",22776
2025,"2025-07-16","Portland Timbers",21772
2025,"2025-07-19","Portland Timbers",23507
2025,"2025-08-16","Portland Timbers",25218
2025,"2025-09-13","Portland Timbers",22710
2025,"2025-09-27","Portland Timbers",24611
2025,"2025-10-18","Portland Timbers",24920
2025,"2025-10-22","Portland Timbers",16243
2025,"2025-11-01","Portland Timbers",19260
2026,"2026-02-21","Portland Timbers",22210
2026,"2026-03-07","Portland Timbers",22473
2026,"2026-03-22","Portland Timbers",23075
2026,"2026-04-11","Portland Timbers",24686
2026,"2026-05-09","Portland Timbers",22384
2026,"2026-05-23","Portland Timbers",24686
2026,"2026-07-22","Portland Timbers",20184
2026,"2026-07-25","Portland Timbers",22893
2026,"2026-08-01","Portland Timbers",24686
2022,"2022-03-05","Real Salt Lake",20017
2022,"2022-03-19","Real Salt Lake",20036
2022,"2022-04-09","Real Salt Lake",20136
2022,"2022-04-30","Real Salt Lake",20775
2022,"2022-05-14","Real Salt Lake",20122
2022,"2022-05-28","Real Salt Lake",20489
2022,"2022-06-18","Real Salt Lake",20517
2022,"2022-06-25","Real Salt Lake",20311
2022,"2022-07-09","Real Salt Lake",20242
2022,"2022-07-17","Real Salt Lake",20132
2022,"2022-07-23","Real Salt Lake",20437
2022,"2022-08-06","Real Salt Lake",21810
2022,"2022-08-20","Real Salt Lake",20567
2022,"2022-08-31","Real Salt Lake",20358
2022,"2022-09-10","Real Salt Lake",20487
2022,"2022-09-17","Real Salt Lake",20222
2022,"2022-10-09","Real Salt Lake",21333
2023,"2023-03-11","Real Salt Lake",20052
2023,"2023-03-25","Real Salt Lake",19508
2023,"2023-04-08","Real Salt Lake",17506
2023,"2023-04-22","Real Salt Lake",16666
2023,"2023-04-29","Real Salt Lake",20714
2023,"2023-05-13","Real Salt Lake",19407
2023,"2023-05-17","Real Salt Lake",18020
2023,"2023-05-31","Real Salt Lake",17762
2023,"2023-06-10","Real Salt Lake",20301
2023,"2023-06-24","Real Salt Lake",19439
2023,"2023-07-08","Real Salt Lake",20800
2023,"2023-07-15","Real Salt Lake",20556
2023,"2023-08-26","Real Salt Lake",21471
2023,"2023-09-02","Real Salt Lake",19798
2023,"2023-09-20","Real Salt Lake",17842
2023,"2023-09-23","Real Salt Lake",19243
2023,"2023-10-07","Real Salt Lake",21205
2023,"2023-11-06","Real Salt Lake",20251
2024,"2024-03-02","Real Salt Lake",19509
2024,"2024-03-09","Real Salt Lake",20147
2024,"2024-03-30","Real Salt Lake",19357
2024,"2024-04-13","Real Salt Lake",20033
2024,"2024-05-04","Real Salt Lake",20001
2024,"2024-05-15","Real Salt Lake",19268
2024,"2024-05-18","Real Salt Lake",20213
2024,"2024-06-01","Real Salt Lake",21078
2024,"2024-06-22","Real Salt Lake",21570
2024,"2024-07-03","Real Salt Lake",21522
2024,"2024-07-06","Real Salt Lake",20396
2024,"2024-08-24","Real Salt Lake",21015
2024,"2024-08-31","Real Salt Lake",20475
2024,"2024-09-18","Real Salt Lake",19436
2024,"2024-09-21","Real Salt Lake",20778
2024,"2024-10-02","Real Salt Lake",19346
2024,"2024-10-19","Real Salt Lake",20359
2024,"2024-10-29","Real Salt Lake",19195
2025,"2025-03-01","Real Salt Lake",18853
2025,"2025-03-08","Real Salt Lake",19337
2025,"2025-03-22","Real Salt Lake",19650
2025,"2025-04-05","Real Salt Lake",19304
2025,"2025-04-19","Real Salt Lake",19802
2025,"2025-05-14","Real Salt Lake",19616
2025,"2025-05-24","Real Salt Lake",20084
2025,"2025-06-14","Real Salt Lake",20002
2025,"2025-07-05","Real Salt Lake",20036
2025,"2025-07-12","Real Salt Lake",19678
2025,"2025-07-19","Real Salt Lake",19836
2025,"2025-07-26","Real Salt Lake",19238
2025,"2025-08-23","Real Salt Lake",20137
2025,"2025-09-13","Real Salt Lake",20172
2025,"2025-09-17","Real Salt Lake",19778
2025,"2025-09-27","Real Salt Lake",20322
2025,"2025-10-04","Real Salt Lake",20338
2026,"2026-02-28","Real Salt Lake",20660
2026,"2026-03-14","Real Salt Lake",20751
2026,"2026-04-04","Real Salt Lake",20290
2026,"2026-04-18","Real Salt Lake",20852
2026,"2026-04-22","Real Salt Lake",21512
2026,"2026-05-02","Real Salt Lake",20614
2026,"2026-05-13","Real Salt Lake",20429
2026,"2026-05-16","Real Salt Lake",21424
2025,"2025-03-01","San Diego FC",34506
2025,"2025-03-15","San Diego FC",30018
2025,"2025-03-29","San Diego FC",32502
2025,"2025-04-05","San Diego FC",28228
2025,"2025-04-26","San Diego FC",28116
2025,"2025-05-03","San Diego FC",27108
2025,"2025-05-14","San Diego FC",22361
2025,"2025-05-17","San Diego FC",25233
2025,"2025-05-24","San Diego FC",30114
2025,"2025-05-31","San Diego FC",27133
2025,"2025-07-05","San Diego FC",28321
2025,"2025-07-16","San Diego FC",23514
2025,"2025-07-19","San Diego FC",27418
2025,"2025-07-25","San Diego FC",28114
2025,"2025-08-23","San Diego FC",27810
2025,"2025-09-13","San Diego FC",27158
2025,"2025-09-27","San Diego FC",29437
2025,"2025-10-26","San Diego FC",32500
2025,"2025-11-09","San Diego FC",32500
2025,"2025-11-24","San Diego FC",32502
2025,"2025-11-29","San Diego FC",32502
2026,"2026-02-21","San Diego FC",25412
2026,"2026-03-01","San Diego FC",21969
2026,"2026-03-22","San Diego FC",24141
2026,"2026-04-11","San Diego FC",23394
2026,"2026-04-25","San Diego FC",22369
2026,"2026-05-02","San Diego FC",28459
2026,"2026-05-13","San Diego FC",19194
2026,"2026-05-16","San Diego FC",24984
2026,"2026-05-23","San Diego FC",23906
2026,"2026-07-25","San Diego FC",24489
2022,"2022-02-26","San Jose Earthquakes",16146
2022,"2022-03-05","San Jose Earthquakes",12888
2022,"2022-04-02","San Jose Earthquakes",13062
2022,"2022-04-16","San Jose Earthquakes",10394
2022,"2022-04-23","San Jose Earthquakes",12467
2022,"2022-05-07","San Jose Earthquakes",14077
2022,"2022-05-18","San Jose Earthquakes",11788
2022,"2022-05-22","San Jose Earthquakes",14233
2022,"2022-07-03","San Jose Earthquakes",13224
2022,"2022-07-17","San Jose Earthquakes",13445
2022,"2022-07-30","San Jose Earthquakes",12411
2022,"2022-08-03","San Jose Earthquakes",11806
2022,"2022-08-20","San Jose Earthquakes",18000
2022,"2022-09-04","San Jose Earthquakes",13211
2022,"2022-09-17","San Jose Earthquakes",12355
2022,"2022-09-24","San Jose Earthquakes",44200
2022,"2022-10-01","San Jose Earthquakes",15709
2023,"2023-03-04","San Jose Earthquakes",18000
2023,"2023-03-11","San Jose Earthquakes",13383
2023,"2023-03-25","San Jose Earthquakes",12434
2023,"2023-04-01","San Jose Earthquakes",12786
2023,"2023-04-15","San Jose Earthquakes",14212
2023,"2023-05-06","San Jose Earthquakes",45112
2023,"2023-05-27","San Jose Earthquakes",13409
2023,"2023-06-10","San Jose Earthquakes",15512
2023,"2023-06-17","San Jose Earthquakes",14188
2023,"2023-06-24","San Jose Earthquakes",15074
2023,"2023-07-01","San Jose Earthquakes",42823
2023,"2023-07-12","San Jose Earthquakes",13577
2023,"2023-08-30","San Jose Earthquakes",16224
2023,"2023-09-02","San Jose Earthquakes",16151
2023,"2023-09-16","San Jose Earthquakes",15390
2023,"2023-09-23","San Jose Earthquakes",16728
2023,"2023-10-21","San Jose Earthquakes",18000
2024,"2024-03-02","San Jose Earthquakes",18000
2024,"2024-03-09","San Jose Earthquakes",16045
2024,"2024-03-23","San Jose Earthquakes",16109
2024,"2024-04-13","San Jose Earthquakes",14232
2024,"2024-05-04","San Jose Earthquakes",43774
2024,"2024-05-18","San Jose Earthquakes",14172
2024,"2024-05-25","San Jose Earthquakes",13744
2024,"2024-06-15","San Jose Earthquakes",14182
2024,"2024-06-19","San Jose Earthquakes",12122
2024,"2024-06-29","San Jose Earthquakes",40844
2024,"2024-07-07","San Jose Earthquakes",10104
2024,"2024-07-13","San Jose Earthquakes",12034
2024,"2024-07-17","San Jose Earthquakes",12177
2024,"2024-08-31","San Jose Earthquakes",15122
2024,"2024-09-21","San Jose Earthquakes",15112
2024,"2024-10-02","San Jose Earthquakes",13414
2024,"2024-10-05","San Jose Earthquakes",16322
2025,"2025-02-22","San Jose Earthquakes",17432
2025,"2025-03-08","San Jose Earthquakes",16102
2025,"2025-03-15","San Jose Earthquakes",15302
2025,"2025-03-29","San Jose Earthquakes",15228
2025,"2025-04-06","San Jose Earthquakes",14196
2025,"2025-04-19","San Jose Earthquakes",14147
2025,"2025-05-03","San Jose Earthquakes",14553
2025,"2025-05-14","San Jose Earthquakes",18000
2025,"2025-05-24","San Jose Earthquakes",15457
2025,"2025-06-28","San Jose Earthquakes",42881
2025,"2025-07-05","San Jose Earthquakes",17580
2025,"2025-07-16","San Jose Earthquakes",15304
2025,"2025-08-09","San Jose Earthquakes",16356
2025,"2025-08-17","San Jose Earthquakes",17546
2025,"2025-09-13","San Jose Earthquakes",50978
2025,"2025-09-20","San Jose Earthquakes",15337
2025,"2025-10-18","San Jose Earthquakes",17033
2026,"2026-02-21","San Jose Earthquakes",16367
2026,"2026-02-28","San Jose Earthquakes",16159
2026,"2026-03-15","San Jose Earthquakes",18251
2026,"2026-04-04","San Jose Earthquakes",18251
2026,"2026-04-22","San Jose Earthquakes",12276
2026,"2026-05-09","San Jose Earthquakes",18000
2026,"2026-05-16","San Jose Earthquakes",18000
2026,"2026-07-22","San Jose Earthquakes",16211
2026,"2026-07-25","San Jose Earthquakes",43026
2022,"2022-02-27","Seattle Sounders FC",30013
2022,"2022-03-12","Seattle Sounders FC",33200
2022,"2022-04-16","Seattle Sounders FC",32126
2022,"2022-05-15","Seattle Sounders FC",32613
2022,"2022-05-29","Seattle Sounders FC",32763
2022,"2022-06-14","Seattle Sounders FC",31165
2022,"2022-06-18","Seattle Sounders FC",34642
2022,"2022-06-25","Seattle Sounders FC",33380
2022,"2022-06-29","Seattle Sounders FC",32375
2022,"2022-07-09","Seattle Sounders FC",47722
2022,"2022-07-23","Seattle Sounders FC",32476
2022,"2022-08-02","Seattle Sounders FC",32207
2022,"2022-08-14","Seattle Sounders FC",33093
2022,"2022-09-04","Seattle Sounders FC",33621
2022,"2022-09-10","Seattle Sounders FC",34721
2022,"2022-09-27","Seattle Sounders FC",31291
2022,"2022-10-09","Seattle Sounders FC",33910
2023,"2023-02-26","Seattle Sounders FC",30032
2023,"2023-03-04","Seattle Sounders FC",30011
2023,"2023-03-18","Seattle Sounders FC",32515
2023,"2023-04-08","Seattle Sounders FC",31789
2023,"2023-04-22","Seattle Sounders FC",30025
2023,"2023-05-07","Seattle Sounders FC",31620
2023,"2023-05-17","Seattle Sounders FC",30026
2023,"2023-05-27","Seattle Sounders FC",31032
2023,"2023-05-31","Seattle Sounders FC",30013
2023,"2023-06-03","Seattle Sounders FC",42054
2023,"2023-06-24","Seattle Sounders FC",30693
2023,"2023-07-01","Seattle Sounders FC",31840
2023,"2023-07-15","Seattle Sounders FC",32753
2023,"2023-08-20","Seattle Sounders FC",31149
2023,"2023-09-02","Seattle Sounders FC",37031
2023,"2023-10-04","Seattle Sounders FC",30495
2023,"2023-10-07","Seattle Sounders FC",33666
2023,"2023-10-30","Seattle Sounders FC",30741
2023,"2023-11-10","Seattle Sounders FC",33048
2023,"2023-11-26","Seattle Sounders FC",33649
2024,"2024-03-02","Seattle Sounders FC",30067
2024,"2024-03-16","Seattle Sounders FC",30036
2024,"2024-04-06","Seattle Sounders FC",30013
2024,"2024-04-20","Seattle Sounders FC",30550
2024,"2024-05-05","Seattle Sounders FC",31102
2024,"2024-05-18","Seattle Sounders FC",30102
2024,"2024-05-29","Seattle Sounders FC",29244
2024,"2024-06-15","Seattle Sounders FC",31026
2024,"2024-06-22","Seattle Sounders FC",30093
2024,"2024-06-29","Seattle Sounders FC",30045
2024,"2024-07-06","Seattle Sounders FC",30017
2024,"2024-07-17","Seattle Sounders FC",30032
2024,"2024-07-20","Seattle Sounders FC",32905
2024,"2024-09-15","Seattle Sounders FC",31898
2024,"2024-09-18","Seattle Sounders FC",29326
2024,"2024-09-28","Seattle Sounders FC",30015
2024,"2024-10-19","Seattle Sounders FC",36341
2024,"2024-10-28","Seattle Sounders FC",30026
2025,"2025-02-22","Seattle Sounders FC",30055
2025,"2025-03-08","Seattle Sounders FC",30107
2025,"2025-03-22","Seattle Sounders FC",31293
2025,"2025-04-19","Seattle Sounders FC",31867
2025,"2025-05-03","Seattle Sounders FC",31236
2025,"2025-05-24","Seattle Sounders FC",30575
2025,"2025-05-28","Seattle Sounders FC",30041
2025,"2025-06-01","Seattle Sounders FC",31491
2025,"2025-06-28","Seattle Sounders FC",30101
2025,"2025-07-06","Seattle Sounders FC",30552
2025,"2025-07-16","Seattle Sounders FC",30049
2025,"2025-07-19","Seattle Sounders FC",30129
2025,"2025-08-24","Seattle Sounders FC",30184
2025,"2025-09-13","Seattle Sounders FC",31952
2025,"2025-09-27","Seattle Sounders FC",32750
2025,"2025-10-04","Seattle Sounders FC",32913
2025,"2025-10-11","Seattle Sounders FC",31587
2025,"2025-11-03","Seattle Sounders FC",30085
2026,"2026-02-22","Seattle Sounders FC",31606
2026,"2026-04-18","Seattle Sounders FC",30596
2026,"2026-04-25","Seattle Sounders FC",31785
2026,"2026-05-09","Seattle Sounders FC",31528
2026,"2026-05-13","Seattle Sounders FC",28726
2026,"2026-05-16","Seattle Sounders FC",32659
2026,"2026-07-16","Seattle Sounders FC",35383
2022,"2022-03-05","Sporting Kansas City",18872
2022,"2022-03-26","Sporting Kansas City",19107
2022,"2022-04-09","Sporting Kansas City",18852
2022,"2022-04-23","Sporting Kansas City",18483
2022,"2022-04-30","Sporting Kansas City",17334
2022,"2022-05-18","Sporting Kansas City",17233
2022,"2022-05-28","Sporting Kansas City",19206
2022,"2022-06-12","Sporting Kansas City",18703
2022,"2022-07-03","Sporting Kansas City",19065
2022,"2022-07-23","Sporting Kansas City",20142
2022,"2022-07-30","Sporting Kansas City",17287
2022,"2022-08-06","Sporting Kansas City",18101
2022,"2022-08-21","Sporting Kansas City",17348
2022,"2022-08-27","Sporting Kansas City",18241
2022,"2022-09-13","Sporting Kansas City",15106
2022,"2022-09-17","Sporting Kansas City",19680
2022,"2022-10-02","Sporting Kansas City",19439
2023,"2023-03-11","Sporting Kansas City",18612
2023,"2023-03-25","Sporting Kansas City",18629
2023,"2023-04-08","Sporting Kansas City",18467
2023,"2023-04-29","Sporting Kansas City",18226
2023,"2023-05-13","Sporting Kansas City",17851
2023,"2023-05-28","Sporting Kansas City",18514
2023,"2023-05-31","Sporting Kansas City",17178
2023,"2023-06-10","Sporting Kansas City",18885
2023,"2023-06-17","Sporting Kansas City",19410
2023,"2023-06-24","Sporting Kansas City",18032
2023,"2023-07-01","Sporting Kansas City",18867
2023,"2023-07-12","Sporting Kansas City",17924
2023,"2023-08-26","Sporting Kansas City",18892
2023,"2023-09-02","Sporting Kansas City",21650
2023,"2023-09-20","Sporting Kansas City",16825
2023,"2023-09-23","Sporting Kansas City",18033
2023,"2023-10-21","Sporting Kansas City",20479
2023,"2023-10-25","Sporting Kansas City",17437
2023,"2023-11-05","Sporting Kansas City",21650
2024,"2024-03-02","Sporting Kansas City",19942
2024,"2024-03-16","Sporting Kansas City",18219
2024,"2024-03-23","Sporting Kansas City",18102
2024,"2024-04-07","Sporting Kansas City",17424
2024,"2024-04-13","Sporting Kansas City",72610
2024,"2024-04-20","Sporting Kansas City",19637
2024,"2024-05-11","Sporting Kansas City",18562
2024,"2024-05-29","Sporting Kansas City",17046
2024,"2024-06-08","Sporting Kansas City",18177
2024,"2024-06-19","Sporting Kansas City",16414
2024,"2024-06-29","Sporting Kansas City",18722
2024,"2024-07-07","Sporting Kansas City",17457
2024,"2024-07-20","Sporting Kansas City",19876
2024,"2024-08-24","Sporting Kansas City",17383
2024,"2024-09-18","Sporting Kansas City",14826
2024,"2024-09-21","Sporting Kansas City",17328
2024,"2024-10-05","Sporting Kansas City",18554
2025,"2025-03-01","Sporting Kansas City",16277
2025,"2025-03-15","Sporting Kansas City",14867
2025,"2025-03-22","Sporting Kansas City",15263
2025,"2025-04-05","Sporting Kansas City",18116
2025,"2025-04-13","Sporting Kansas City",17898
2025,"2025-05-04","Sporting Kansas City",17902
2025,"2025-05-24","Sporting Kansas City",17180
2025,"2025-06-14","Sporting Kansas City",17144
2025,"2025-06-25","Sporting Kansas City",16223
2025,"2025-06-28","Sporting Kansas City",17050
2025,"2025-07-12","Sporting Kansas City",16717
2025,"2025-07-19","Sporting Kansas City",16987
2025,"2025-08-09","Sporting Kansas City",16579
2025,"2025-08-30","Sporting Kansas City",16262
2025,"2025-09-07","Sporting Kansas City",15787
2025,"2025-09-20","Sporting Kansas City",15026
2025,"2025-10-18","Sporting Kansas City",16983
2026,"2026-02-28","Sporting Kansas City",18522
2026,"2026-03-07","Sporting Kansas City",14294
2026,"2026-03-21","Sporting Kansas City",17037
2026,"2026-04-11","Sporting Kansas City",16921
2026,"2026-05-02","Sporting Kansas City",16378
2026,"2026-05-13","Sporting Kansas City",14188
2026,"2026-05-23","Sporting Kansas City",17575
2026,"2026-07-22","Sporting Kansas City",15378
2026,"2026-08-01","Sporting Kansas City",17268
2023,"2023-03-04","St. Louis City SC",22423
2023,"2023-03-18","St. Louis City SC",22423
2023,"2023-04-01","St. Louis City SC",22423
2023,"2023-04-15","St. Louis City SC",22423
2023,"2023-04-29","St. Louis City SC",22423
2023,"2023-05-20","St. Louis City SC",22423
2023,"2023-05-27","St. Louis City SC",22423
2023,"2023-06-03","St. Louis City SC",22423
2023,"2023-06-11","St. Louis City SC",22423
2023,"2023-06-21","St. Louis City SC",22423
2023,"2023-07-01","St. Louis City SC",22423
2023,"2023-07-15","St. Louis City SC",22423
2023,"2023-08-20","St. Louis City SC",22423
2023,"2023-08-30","St. Louis City SC",22423
2023,"2023-09-20","St. Louis City SC",22423
2023,"2023-09-30","St. Louis City SC",22423
2023,"2023-10-21","St. Louis City SC",22423
2023,"2023-10-29","St. Louis City SC",22423
2024,"2024-02-24","St. Louis City SC",22423
2024,"2024-03-02","St. Louis City SC",22423
2024,"2024-03-23","St. Louis City SC",22423
2024,"2024-04-06","St. Louis City SC",22423
2024,"2024-04-14","St. Louis City SC",22423
2024,"2024-05-11","St. Louis City SC",22500
2024,"2024-05-15","St. Louis City SC",22423
2024,"2024-05-25","St. Louis City SC",22500
2024,"2024-06-08","St. Louis City SC",22500
2024,"2024-06-19","St. Louis City SC",22500
2024,"2024-06-22","St. Louis City SC",22500
2024,"2024-07-03","St. Louis City SC",22500
2024,"2024-07-13","St. Louis City SC",22500
2024,"2024-09-01","St. Louis City SC",22423
2024,"2024-09-14","St. Louis City SC",22423
2024,"2024-09-28","St. Louis City SC",22423
2024,"2024-10-05","St. Louis City SC",22423
2025,"2025-02-22","St. Louis City SC",22423
2025,"2025-03-15","St. Louis City SC",22422
2025,"2025-03-30","St. Louis City SC",22423
2025,"2025-04-13","St. Louis City SC",22423
2025,"2025-04-19","St. Louis City SC",17097
2025,"2025-05-10","St. Louis City SC",22423
2025,"2025-05-14","St. Louis City SC",22423
2025,"2025-05-31","St. Louis City SC",22423
2025,"2025-06-14","St. Louis City SC",22423
2025,"2025-06-25","St. Louis City SC",22422
2025,"2025-07-13","St. Louis City SC",22423
2025,"2025-07-26","St. Louis City SC",22423
2025,"2025-08-09","St. Louis City SC",22423
2025,"2025-08-30","St. Louis City SC",22423
2025,"2025-09-06","St. Louis City SC",22423
2025,"2025-09-27","St. Louis City SC",22423
2025,"2025-10-18","St. Louis City SC",22423
2026,"2026-02-21","St. Louis City SC",22423
2026,"2026-03-07","St. Louis City SC",22423
2026,"2026-03-21","St. Louis City SC",22423
2026,"2026-04-25","St. Louis City SC",22423
2026,"2026-05-13","St. Louis City SC",22423
2026,"2026-05-23","St. Louis City SC",22423
2026,"2026-07-16","St. Louis City SC",22423
2026,"2026-07-25","St. Louis City SC",22423
2026,"2026-08-01","St. Louis City SC",22423
2022,"2022-03-05","Toronto FC",23121
2022,"2022-03-19","Toronto FC",21501
2022,"2022-04-02","Toronto FC",21802
2022,"2022-04-16","Toronto FC",20809
2022,"2022-04-30","Toronto FC",23591
2022,"2022-05-14","Toronto FC",26146
2022,"2022-05-28","Toronto FC",25906
2022,"2022-06-25","Toronto FC",25527
2022,"2022-06-29","Toronto FC",21289
2022,"2022-07-02","Toronto FC",23594
2022,"2022-07-09","Toronto FC",27149
2022,"2022-07-23","Toronto FC",29067
2022,"2022-08-13","Toronto FC",28598
2022,"2022-08-17","Toronto FC",28464
2022,"2022-08-31","Toronto FC",29130
2022,"2022-09-04","Toronto FC",28793
2022,"2022-09-30","Toronto FC",27703
2023,"2023-03-11","Toronto FC",25796
2023,"2023-03-18","Toronto FC",20701
2023,"2023-04-01","Toronto FC",22801
2023,"2023-04-15","Toronto FC",27892
2023,"2023-04-29","Toronto FC",21847
2023,"2023-05-06","Toronto FC",27438
2023,"2023-05-17","Toronto FC",22560
2023,"2023-05-27","Toronto FC",27065
2023,"2023-05-31","Toronto FC",22778
2023,"2023-06-10","Toronto FC",27228
2023,"2023-07-01","Toronto FC",26694
2023,"2023-07-08","Toronto FC",26156
2023,"2023-08-20","Toronto FC",27518
2023,"2023-08-30","Toronto FC",25410
2023,"2023-09-16","Toronto FC",26165
2023,"2023-09-30","Toronto FC",24658
2023,"2023-10-21","Toronto FC",27556
2024,"2024-03-09","Toronto FC",26345
2024,"2024-03-23","Toronto FC",25768
2024,"2024-03-30","Toronto FC",24382
2024,"2024-04-20","Toronto FC",24108
2024,"2024-05-04","Toronto FC",24257
2024,"2024-05-11","Toronto FC",26925
2024,"2024-05-18","Toronto FC",28261
2024,"2024-05-25","Toronto FC",27941
2024,"2024-06-15","Toronto FC",28303
2024,"2024-06-19","Toronto FC",23361
2024,"2024-07-03","Toronto FC",23877
2024,"2024-07-13","Toronto FC",25880
2024,"2024-08-31","Toronto FC",28489
2024,"2024-09-14","Toronto FC",25538
2024,"2024-09-18","Toronto FC",21355
2024,"2024-10-02","Toronto FC",21575
2024,"2024-10-05","Toronto FC",30217
2025,"2025-03-15","Toronto FC",22738
2025,"2025-03-29","Toronto FC",22301
2025,"2025-04-12","Toronto FC",22149
2025,"2025-04-26","Toronto FC",22699
2025,"2025-05-03","Toronto FC",19690
2025,"2025-05-10","Toronto FC",20236
2025,"2025-05-14","Toronto FC",14018
2025,"2025-05-24","Toronto FC",19504
2025,"2025-05-28","Toronto FC",14490
2025,"2025-05-31","Toronto FC",19406
2025,"2025-06-25","Toronto FC",19826
2025,"2025-06-28","Toronto FC",22445
2025,"2025-07-12","Toronto FC",23100
2025,"2025-08-16","Toronto FC",23452
2025,"2025-08-30","Toronto FC",27076
2025,"2025-09-27","Toronto FC",28855
2025,"2025-10-18","Toronto FC",21013
2026,"2026-03-14","Toronto FC",18767
2026,"2026-03-21","Toronto FC",15384
2026,"2026-04-04","Toronto FC",14442
2026,"2026-04-11","Toronto FC",15770
2026,"2026-04-18","Toronto FC",16550
2026,"2026-04-22","Toronto FC",15461
2026,"2026-04-25","Toronto FC",13754
2026,"2026-05-02","Toronto FC",19021
2026,"2026-05-09","Toronto FC",44828
2022,"2022-03-05","Vancouver Whitecaps FC",18643
2022,"2022-04-02","Vancouver Whitecaps FC",16772
2022,"2022-04-09","Vancouver Whitecaps FC",16772
2022,"2022-05-08","Vancouver Whitecaps FC",17709
2022,"2022-05-14","Vancouver Whitecaps FC",15087
2022,"2022-05-18","Vancouver Whitecaps FC",12716
2022,"2022-06-04","Vancouver Whitecaps FC",17134
2022,"2022-06-26","Vancouver Whitecaps FC",15084
2022,"2022-07-02","Vancouver Whitecaps FC",18292
2022,"2022-07-08","Vancouver Whitecaps FC",14201
2022,"2022-07-23","Vancouver Whitecaps FC",14984
2022,"2022-08-05","Vancouver Whitecaps FC",14668
2022,"2022-08-17","Vancouver Whitecaps FC",14682
2022,"2022-08-27","Vancouver Whitecaps FC",16351
2022,"2022-09-14","Vancouver Whitecaps FC",16681
2022,"2022-09-17","Vancouver Whitecaps FC",19722
2022,"2022-10-01","Vancouver Whitecaps FC",19292
2023,"2023-02-25","Vancouver Whitecaps FC",19614
2023,"2023-03-11","Vancouver Whitecaps FC",16780
2023,"2023-04-01","Vancouver Whitecaps FC",16046
2023,"2023-04-08","Vancouver Whitecaps FC",17029
2023,"2023-04-29","Vancouver Whitecaps FC",14103
2023,"2023-05-06","Vancouver Whitecaps FC",14047
2023,"2023-05-20","Vancouver Whitecaps FC",19108
2023,"2023-05-31","Vancouver Whitecaps FC",13232
2023,"2023-06-03","Vancouver Whitecaps FC",13739
2023,"2023-06-10","Vancouver Whitecaps FC",16086
2023,"2023-07-08","Vancouver Whitecaps FC",16399
2023,"2023-07-12","Vancouver Whitecaps FC",14995
2023,"2023-07-15","Vancouver Whitecaps FC",18354
2023,"2023-08-20","Vancouver Whitecaps FC",16765
2023,"2023-09-30","Vancouver Whitecaps FC",19442
2023,"2023-10-04","Vancouver Whitecaps FC",13776
2023,"2023-10-21","Vancouver Whitecaps FC",25146
2023,"2023-11-05","Vancouver Whitecaps FC",30204
2024,"2024-03-02","Vancouver Whitecaps FC",29624
2024,"2024-03-23","Vancouver Whitecaps FC",22178
2024,"2024-03-30","Vancouver Whitecaps FC",24693
2024,"2024-04-06","Vancouver Whitecaps FC",24678
2024,"2024-04-13","Vancouver Whitecaps FC",25026
2024,"2024-05-04","Vancouver Whitecaps FC",32465
2024,"2024-05-25","Vancouver Whitecaps FC",51035
2024,"2024-06-01","Vancouver Whitecaps FC",22979
2024,"2024-06-29","Vancouver Whitecaps FC",24662
2024,"2024-07-17","Vancouver Whitecaps FC",23198
2024,"2024-07-20","Vancouver Whitecaps FC",24114
2024,"2024-09-07","Vancouver Whitecaps FC",23188
2024,"2024-09-14","Vancouver Whitecaps FC",21309
2024,"2024-09-28","Vancouver Whitecaps FC",25902
2024,"2024-10-02","Vancouver Whitecaps FC",17361
2024,"2024-10-05","Vancouver Whitecaps FC",21349
2024,"2024-10-13","Vancouver Whitecaps FC",30303
2024,"2024-10-23","Vancouver Whitecaps FC",19143
2024,"2024-11-03","Vancouver Whitecaps FC",20695
2025,"2025-03-02","Vancouver Whitecaps FC",21124
2025,"2025-03-08","Vancouver Whitecaps FC",19531
2025,"2025-03-22","Vancouver Whitecaps FC",18717
2025,"2025-04-05","Vancouver Whitecaps FC",17993
2025,"2025-04-12","Vancouver Whitecaps FC",17931
2025,"2025-05-03","Vancouver Whitecaps FC",19762
2025,"2025-05-11","Vancouver Whitecaps FC",22437
2025,"2025-05-28","Vancouver Whitecaps FC",17012
2025,"2025-06-08","Vancouver Whitecaps FC",24276
2025,"2025-06-25","Vancouver Whitecaps FC",20867
2025,"2025-07-26","Vancouver Whitecaps FC",20719
2025,"2025-08-17","Vancouver Whitecaps FC",26031
2025,"2025-08-23","Vancouver Whitecaps FC",26031
2025,"2025-09-13","Vancouver Whitecaps FC",26031
2025,"2025-09-24","Vancouver Whitecaps FC",20212
2025,"2025-10-05","Vancouver Whitecaps FC",25292
2025,"2025-10-18","Vancouver Whitecaps FC",26741
2025,"2025-10-26","Vancouver Whitecaps FC",32066
2025,"2025-11-22","Vancouver Whitecaps FC",53957
2026,"2026-02-21","Vancouver Whitecaps FC",23546
2026,"2026-02-28","Vancouver Whitecaps FC",24533
2026,"2026-03-15","Vancouver Whitecaps FC",23885
2026,"2026-03-21","Vancouver Whitecaps FC",21261
2026,"2026-04-04","Vancouver Whitecaps FC",25465
2026,"2026-04-11","Vancouver Whitecaps FC",25460
2026,"2026-04-17","Vancouver Whitecaps FC",21777
2026,"2026-04-25","Vancouver Whitecaps FC",27588
2026,"2026-08-01","Vancouver Whitecaps FC",40086
