"pitch_type","game_date","release_speed","release_pos_x","release_pos_z","player_name","batter","pitcher","events","description","spin_dir","spin_rate_deprecated","break_angle_deprecated","break_length_deprecated","zone","des","game_type","stand","p_throws","home_team","away_team","type","hit_location","bb_type","balls","strikes","game_year","pfx_x","pfx_z","plate_x","plate_z","on_3b","on_2b","on_1b","outs_when_up","inning","inning_topbot","hc_x","hc_y","tfs_deprecated","tfs_zulu_deprecated","umpire","sv_id","vx0","vy0","vz0","ax","ay","az","sz_top","sz_bot","hit_distance_sc","launch_speed","launch_angle","effective_speed","release_spin_rate","release_extension","game_pk","fielder_2","fielder_3","fielder_4","fielder_5","fielder_6","fielder_7","fielder_8","fielder_9","release_pos_y","estimated_ba_using_speedangle","estimated_woba_using_speedangle","woba_value","woba_denom","babip_value","iso_value","launch_speed_angle","at_bat_number","pitch_number","pitch_name","home_score","away_score","bat_score","fld_score","post_away_score","post_home_score","post_bat_score","post_fld_score","if_fielding_alignment","of_fielding_alignment","spin_axis","delta_home_win_exp","delta_run_exp","bat_speed","swing_length","miss_distance","estimated_slg_using_speedangle","delta_pitcher_run_exp","hyper_speed","home_score_diff","bat_score_diff","home_win_exp","bat_win_exp","age_pit_legacy","age_bat_legacy","age_pit","age_bat","n_thruorder_pitcher","n_priorpa_thisgame_player_at_bat","pitcher_days_since_prev_game","batter_days_since_prev_game","pitcher_days_until_next_game","batter_days_until_next_game","api_break_z_with_gravity","api_break_x_arm","api_break_x_batter_in","arm_angle","attack_angle","attack_direction","swing_path_tilt","intercept_ball_minus_batter_pos_x_inches","intercept_ball_minus_batter_pos_y_inches"
"FF","2023-09-28","100.4","0.59","5.99","Chapman, Aroldis",664034,547973,"walk","ball",,,,,13,"Ty France walks.","R","R","L","SEA","TEX","B",,,3,0,2023,"0.6","1.58",-1.030666860723144,0.7010224072108682,663728,664238,,0,9,"Bot",,,,,,,-5.993309339751408,-145.64122815139845,-13.230692131396907,9.937660047800469,32.33317813575771,-6.753439198026706,3.22471624231626,1.46770795631048,,,,"102",2385,"7.2",716397,641680,663993,543760,673962,608369,694497,665750,666969,"53.29",,0.695903,"0.7",1,0,0,,65,4,"4-Seam Fastball",1,2,1,2,2,1,1,2,"Strategic","Standard",154,"0.005","0.066",,,,,"-0.066",,-1,-1,0.725,0.725,35,28,35,29,1,3,1,1,5,1,"0.68","0.6","-0.6","48.9",,,,,
"FF","2023-09-28","98.2","0.52","6.09","Chapman, Aroldis",664034,547973,,"ball",,,,,12,,"R","R","L","SEA","TEX","B",,,2,0,2023,"0.68","1.54",1.2256693955691453,3.9180362492817062,663728,664238,,0,9,"Bot",,,,,,,0.343980400452794,-143.0515854624298,-4.059672551484531,9.270663614319162,32.08140698581227,-10.277872401510606,3.16100486290994,1.48899102038433,,,,"99.8",2308,"7.1",716397,641680,663993,543760,673962,608369,694497,665750,666969,"53.44",,,,,,,,65,3,"4-Seam Fastball",1,2,1,2,2,1,1,2,"Strategic","Standard",156,"0.003","0.028",,,,,"-0.028",,-1,-1,0.722,0.722,35,28,35,29,1,3,1,1,5,1,"0.81","0.68","-0.68","46.4",,,,,
"FF","2023-09-28","98.4","0.51","6.03","Chapman, Aroldis",664034,547973,,"ball",,,,,13,,"R","R","L","SEA","TEX","B",,,1,0,2023,"0.29","1.59",-1.6452498903556196,1.3409556215888776,663728,664238,,0,9,"Bot",,,,,,,-6.621896999715943,-142.80610542801747,-11.105355890332765,5.378427923620068,30.515955985570393,-8.128433563565299,3.16100486290994,1.48899102038433,,,,"100.2",2286,"7.2",716397,641680,663993,543760,673962,608369,694497,665750,666969,"53.26",,,,,,,,65,2,"4-Seam Fastball",1,2,1,2,2,1,1,2,"Strategic","Standard",156,"0.003","0.06",,,,,"-0.06",,-1,-1,0.719,0.719,35,28,35,29,1,3,1,1,5,1,"0.77","0.29","-0.29","48.5",,,,,
"FF","2023-09-28","99.6","0.3","6.09","Chapman, Aroldis",664034,547973,,"ball",,,,,13,,"R","R","L","SEA","TEX","B",,,0,0,2023,"0.06","1.48",-1.967356966646213,0.7905051401011107,,663728,664238,0,9,"Bot",,,,,,,-6.44798982093684,-144.41369358906698,-12.822729820399626,2.2174518624410955,31.94603823597527,-8.614190297866203,3.18224290795036,1.53155551701897,,,,"101.2",2327,"7.2",716397,641680,663993,543760,673962,608369,694497,665750,666969,"53.28",,,,,,,,65,1,"4-Seam Fastball",1,2,1,2,2,1,1,2,"Standard","Standard",162,"0.204","0.042",,,,,"-0.042",,-1,-1,0.515,0.515,35,28,35,29,1,3,1,1,5,1,"0.82","0.06","-0.06","51.3",,,,,
"FS","2023-09-28","91.1","0.38","6.06","Chapman, Aroldis",664238,547973,"single","hit_into_play",,,,,8,"Dylan Moore singles on a ground ball to left fielder Evan Carter. Cal Raleigh to 2nd.","R","R","L","SEA","TEX","X",7,"ground_ball",0,1,2023,"0.37","0.25",-0.2758475357417262,2.1093249295938135,,,663728,0,9,"Bot",99.32,152.25,,,,,-2.500172423442446,-132.8194555334726,-4.756036167698855,4.8832026258275105,24.34473990668892,-28.469985043437063,3.42,1.58,23,"87.8",-4,"93.8",1176,"7.4",716397,641680,663993,543760,673962,608369,694497,665750,666969,"53.07",0.221,0.199,"0.9",1,1,0,2,64,2,"Split-Finger",1,2,1,2,2,1,1,2,"Standard","Standard",153,"0.195","0.489","72.6","7.1",,0.243,"-0.489","88.0",-1,-1,0.32,0.32,35,30,35,31,1,3,1,1,5,2,"2.45","0.37","-0.37","51.8",3.8804447405426847,-5.548525798664595,40.2029745762154,34.12615670068232,28.861624082435263
"SL","2023-09-28","84.3","0.17","6.31","Chapman, Aroldis",664238,547973,,"called_strike",,,,,5,,"R","R","L","SEA","TEX","S",,,0,0,2023,"-1.19","0.44",-0.01745528268111496,2.7703151677840703,,,663728,0,9,"Bot",,,,,,,1.9877332208626028,-122.87777266977788,-2.789703597066743,-12.481301755473478,23.626510017449494,-27.420643417631215,3.40076581870986,1.61667781521513,,,,"86.1",2254,"7.3",716397,641680,663993,543760,673962,608369,694497,665750,666969,"53.21",,,,,,,,64,1,"Slider",1,2,1,2,2,1,1,2,"Standard","Standard",277,"-0.019","-0.036",,,,,"0.036",,-1,-1,0.339,0.339,35,30,35,31,1,3,1,1,5,2,"2.75","-1.19","1.19","57.7",,,,,
"SL","2023-09-23","87.9","0.34","6.09","Chapman, Aroldis",620443,547973,"field_out","hit_into_play",,,,,5,"Luis Torrens grounds out sharply, shortstop Corey Seager to first baseman Nathaniel Lowe.","R","R","L","TEX","SEA","X",6,"ground_ball",1,1,2023,"-0.68","0.8",0.23017064209693083,2.499836018260118,,664034,672284,2,9,"Top",110.47,144.34,,,,,1.168012174796701,-128.0759733562275,-4.395475926070501,-7.7711372818632745,24.812715979752245,-22.65046205693423,3.38,1.56,147,"104",8,"90.2",2306,"7.5",716461,641680,663993,543760,673962,608369,694497,665750,666969,"53.01",0.737,0.707,"0",1,0,0,4,70,3,"Slider",2,0,0,2,0,2,0,2,"Standard","Standard",271,"0.074","-0.281","71.0","7.6",,0.869,"0.281","104.0",2,-2,0.926,0.07399999999999995,35,27,35,27,1,0,1,5,4,6,"2.13","-0.68","0.68","53.4",8.437173353474336,-4.633648296641927,28.387216150780024,40.147923218646,27.748873561654435
"FF","2023-09-23","97.5","0.26","6.05","Chapman, Aroldis",620443,547973,,"called_strike",,,,,7,,"R","R","L","TEX","SEA","S",,,1,0,2023,"0.49","1.44",-0.39717358763720245,1.4183838946907872,,664034,672284,2,9,"Top",,,,,,,-2.9345257552222277,-141.64883414258432,-10.377048433782537,7.231940927290559,31.614111393271166,-10.60913377654724,3.48531484975896,1.51655351926514,,,,"98.9",2333,"7.1",716461,641680,663993,543760,673962,608369,694497,665750,666969,"53.41",,,,,,,,70,2,"4-Seam Fastball",2,0,0,2,0,2,0,2,"Standard","Standard",155,"0.011","-0.045",,,,,"0.045",,2,-2,0.915,0.08499999999999996,35,27,35,27,1,0,1,5,4,6,"0.96","0.49","-0.49","48.0",,,,,
"FS","2023-09-23","92.6","0.5","5.95","Chapman, Aroldis",620443,547973,,"blocked_ball",,,,,14,,"R","R","L","TEX","SEA","B",,,0,0,2023,"0.49","0.15",0.5348810299689573,0.20233442715172423,,664034,672284,2,9,"Top",,,,,,,-1.0135082750960966,-134.6861152123531,-9.462923964945032,6.187853332781051,25.790896457181162,-28.756690695841222,3.53144450809413,1.71169245658706,,,,"95.3",903,"7.6",716461,641680,663993,543760,673962,608369,694497,665750,666969,"52.87",,,,,,,,70,1,"Split-Finger",2,0,0,2,0,2,0,2,"Standard","Standard",135,"-0.007","0.03",,,,,"-0.03",,2,-2,0.922,0.07799999999999996,35,27,35,27,1,0,1,5,4,6,"2.49","0.49","-0.49","49.8",,,,,
"SL","2023-09-23","84.5","0.2","6.16","Chapman, Aroldis",664059,547973,"field_out","hit_into_play",,,,,5,"Sam Haggerty flies out to center fielder Leody Taveras.","R","R","L","TEX","SEA","X",8,"fly_ball",1,1,2023,"-1.28","0",-0.02401127316330287,2.6209288204110046,,664034,672284,1,9,"Top",128.63,96.6,,,,,2.083841308098367,-123.00125658564502,-1.8706624405840153,-13.409336371774181,25.52200182697462,-32.014629355301174,3.2,1.49,257,"72.5",30,"85.7",2149,"7.1",716461,641680,663993,543760,673962,608369,694497,665750,666969,"53.38",0.558,0.505,"0",1,0,0,4,69,3,"Slider",2,0,0,2,0,2,0,2,"Standard","Standard",293,"0.091","-0.229","71.4","7.0",,0.595,"0.229","88.0",2,-2,0.831,0.16900000000000004,35,29,35,29,1,3,1,1,4,1,"3.2","-1.28","1.28","54.0",4.389700179974359,2.8324549928671385,21.248785117736233,39.53377571931905,28.83225671029768
"SI","2023-09-23","96.7","0.41","6.01","Chapman, Aroldis",664059,547973,,"ball",,,,,14,,"R","R","L","TEX","SEA","B",,,0,1,2023,"0.86","1.51",0.34031995144204213,0.8119283928388518,,664034,672284,1,9,"Top",,,,,,,-2.1791848692760447,-140.40421053239362,-11.989236082038454,11.842864036954168,29.51754726629735,-9.7841991239413,3.23543102929299,1.52641321976563,,,,"98.9",2350,"7.5",716461,641680,663993,543760,673962,608369,694497,665750,666969,"53.04",,,,,,,,69,2,"Sinker",2,0,0,2,0,2,0,2,"Standard","Standard",163,"-0.009","0.031",,,,,"-0.031",,2,-2,0.84,0.16000000000000003,35,29,35,29,1,3,1,1,4,1,"0.93","0.86","-0.86","54.7",,,,,
"FF","2023-09-23","95.2","0.53","6.11","Chapman, Aroldis",664059,547973,,"called_strike",,,,,12,,"R","R","L","TEX","SEA","S",,,0,0,2023,"0.37","1.5",1.037315525395024,2.87312603042406,,664034,672284,1,9,"Top",,,,,,,0.5157717441479608,-138.6387499703583,-6.349114854579773,4.636878535129084,29.706567909270362,-11.647145004346653,3.24807821198978,1.47582854651558,,,,"97",2270,"7.2",716461,641680,663993,543760,673962,608369,694497,665750,666969,"53.35",,,,,,,,69,1,"4-Seam Fastball",2,0,0,2,0,2,0,2,"Standard","Standard",162,"0.014","-0.04",,,,,"0.04",,2,-2,0.826,0.17400000000000004,35,29,35,29,1,3,1,1,4,1,"1.01","0.37","-0.37","49.9",,,,,
"SL","2023-09-23","82.1","0.31","6.2","Chapman, Aroldis",672284,547973,"walk","ball",,,,,12,"Jarred Kelenic walks. Ty France to 2nd.","R","L","L","TEX","SEA","B",,,3,1,2023,"-1.49","0.13",0.7387089473883623,4.267355494706126,,,664034,1,9,"Top",,,,,,,3.9360613879725173,-119.5325600995128,1.9878453990049676,-15.020558154576296,24.031981504946838,-31.575547205214846,3.56000321807196,1.72682366074513,,,,"83.3",2110,"7.2",716461,641680,663993,543760,673962,608369,694497,665750,666969,"53.33",,0.695903,"0.7",1,0,0,,68,5,"Slider",2,0,0,2,0,2,0,2,"Infield shade","Standard",266,"-0.05","0.197",,,,,"-0.197",,2,-2,0.876,0.124,35,23,35,24,1,0,1,1,4,1,"3.26","-1.49","-1.49","56.0",,,,,
"SL","2023-09-23","84.3","0.3","6.16","Chapman, Aroldis",672284,547973,,"called_strike",,,,,8,,"R","L","L","TEX","SEA","S",,,3,0,2023,"-0.65","0.49",-0.21234859578234216,2.3024767227373495,,,664034,1,9,"Top",,,,,,,0.10539724705807854,-122.89623016000644,-3.6989629657121905,-6.594451024045885,22.66515075088084,-26.687755829577476,3.63690808048588,1.81455055917326,,,,"86.2",2114,"7.2",716461,641680,663993,543760,673962,608369,694497,665750,666969,"53.27",,,,,,,,68,4,"Slider",2,0,0,2,0,2,0,2,"Infield shade","Standard",270,"0.016","-0.072",,,,,"0.072",,2,-2,0.86,0.14,35,23,35,24,1,0,1,1,4,1,"2.69","-0.65","-0.65","55.7",,,,,
"SL","2023-09-23","84.1","0.58","6.18","Chapman, Aroldis",672284,547973,,"ball",,,,,12,,"R","L","L","TEX","SEA","B",,,2,0,2023,"-1.32","0.44",1.325522451761011,6.06427710520293,,,664034,1,9,"Top",,,,,,,4.408621511422185,-122.3201334228376,5.338375904846992,-14.142791033776852,24.540584035685498,-29.09445435851534,3.50838166760886,1.69999953181942,,,,"85",2082,"6.9",716461,641680,663993,543760,673962,608369,694497,665750,666969,"53.58",,,,,,,,68,3,"Slider",2,0,0,2,0,2,0,2,"Infield shade","Standard",260,"-0.025","0.11",,,,,"-0.11",,2,-2,0.885,0.11499999999999999,35,23,35,24,1,0,1,1,4,1,"2.79","-1.32","-1.32","51.2",,,,,
"FF","2023-09-23","93.8","0.47","6.05","Chapman, Aroldis",672284,547973,,"ball",,,,,12,,"R","L","L","TEX","SEA","B",,,1,0,2023,"0.4","1.46",1.32736990224893,5.093200583226256,,,664034,1,9,"Top",,,,,,,1.336846201486527,-136.6354979003392,-0.002600055996972772,4.795853698469305,29.18518828167396,-14.013909899306705,3.47302007014545,1.69999824836906,,,,"95.1",2188,"6.9",716461,641680,663993,543760,673962,608369,694497,665750,666969,"53.56",,,,,,,,68,2,"4-Seam Fastball",2,0,0,2,0,2,0,2,"Infield shade","Standard",153,"-0.017","0.054",,,,,"-0.054",,2,-2,0.902,0.09799999999999998,35,23,35,24,1,0,1,1,4,1,"1.12","0.4","0.4","47.2",,,,,
,"2023-09-23","79.2","0.34","6.3","Chapman, Aroldis",672284,547973,,"automatic_ball",,,,,,,"R","L","L","TEX","SEA","B",,,0,0,2023,"-1.01","1.09",,,,,664034,1,9,"Top",,,,,,,-5.084617149706068,-114.97365603723209,-9.721140991859961,-7.930557300097985,22.075173364708565,-20.870722247786258,,,,,,"80.3",1854,"7.3",716461,641680,663993,543760,673962,608369,694497,665750,666969,"53.24",,,,,,,,68,1,,2,0,0,2,0,2,0,2,,,225,"-0.008",,,,,,,,2,-2,0.91,0.08999999999999997,35,23,35,24,1,0,1,1,4,1,"2.57","-1.01","-1.01",,,,,,
"FF","2023-09-22","98.3","0.5","5.99","Chapman, Aroldis",664034,547973,"field_out","hit_into_play",,,,,7,"Ty France grounds out, third baseman Josh Jung to first baseman Nathaniel Lowe.","R","R","L","TEX","SEA","X",5,"ground_ball",0,0,2023,"0.25","1.54",-0.8171905425023096,1.9547500390747832,663728,553993,672284,2,9,"Top",110.64,177.37,,,,,-4.231389151758678,-142.7941219856773,-9.171281959978854,4.389603337121127,33.8201657800201,-9.220162037988695,3.25,1.48,102,"70.8",8,"99.9",2322,"7.4",716477,641680,663993,543760,673962,608369,694497,665750,666969,"53.15",0.219,0.2,"0",1,0,0,2,78,1,"4-Seam Fastball",8,5,5,8,5,8,5,8,"Standard","Strategic",158,"0.08","-0.267","74.9","7.8",,0.271,"0.267","88.0",3,-3,0.92,0.07999999999999996,35,28,35,29,1,4,3,2,1,1,"0.84","0.25","-0.25","47.2",8.20654619262182,-1.2246770234858204,41.97252765453709,24.995395107762914,25.813946913798006
"FF","2023-09-22","99.1","0.57","5.96","Chapman, Aroldis",672284,547973,"walk","ball",,,,,13,"Jarred Kelenic walks. Eugenio Suarez to 2nd.","R","L","L","TEX","SEA","B",,,3,1,2023,"0.24","1.47",-0.5083345494816018,1.2346762457421183,663728,,553993,2,9,"Top",,,,,,,-3.583367880492114,-143.9177469561884,-11.0884559439613,4.211793693727873,33.4478415045698,-9.313799157640188,3.56879396050597,1.75217808596062,,,,"100.7",2254,"7.3",716477,641680,663993,543760,673962,608369,694497,665750,666969,"53.25",,0.695903,"0.7",1,0,0,,77,5,"4-Seam Fastball",8,5,5,8,5,8,5,8,"Infield shade","Standard",156,"-0.026","0.09",,,,,"-0.09",,3,-3,0.946,0.05400000000000005,35,23,35,24,1,4,3,2,1,1,"0.86","0.24","0.24","48.2",,,,,
"SL","2023-09-22","87.5","0.44","6.12","Chapman, Aroldis",672284,547973,,"ball",,,,,13,,"R","L","L","TEX","SEA","B",,,2,1,2023,"-0.7","0.52",-0.18525320522977362,1.0615687949999482,663728,,553993,2,9,"Top",,,,,,,-0.051613194803243195,-127.28739641291023,-7.253768877110497,-7.641209350943102,26.36597310731884,-25.211489748004322,3.56879396050597,1.64555278694156,,,,"89",2313,"7.3",716477,641680,663993,543760,673962,608369,694497,665750,666969,"53.24",,,,,,,,77,4,"Slider",8,5,5,8,5,8,5,8,"Infield shade","Standard",280,"-0.013","0.062",,,,,"-0.062",,3,-3,0.959,0.041000000000000036,35,23,35,24,1,4,3,2,1,1,"2.46","-0.7","-0.7","51.7",,,,,
"SL","2023-09-22","87.3","0.4","6.15","Chapman, Aroldis",672284,547973,,"swinging_strike",,,,,13,,"R","L","L","TEX","SEA","S",,,2,0,2023,"-0.78","0.49",-0.5511689545228865,1.2647193456991328,663728,,553993,2,9,"Top",,,,,,,-0.7050568544753615,-126.9837848268128,-6.722800762459548,-8.225384937159125,26.714646080704366,-25.64263908647476,3.57,1.7,,,,"88.9",2314,"7.4",716477,641680,663993,543760,673962,608369,694497,665750,666969,"53.14",,,,,,,,77,3,"Slider",8,5,5,8,5,8,5,8,"Infield shade","Standard",282,"0.009","-0.066","74.6","8.6","9.856331532",,"0.066",,3,-3,0.95,0.050000000000000044,35,23,35,24,1,4,3,2,1,1,"2.51","-0.78","-0.78","53.1",28.923757348484617,-34.27871498624943,34.691428997351885,43.77770404037734,53.35113918276113
"FF","2023-09-22","96.9","0.46","6.05","Chapman, Aroldis",672284,547973,,"ball",,,,,11,,"R","L","L","TEX","SEA","B",,,1,0,2023,"0.2","1.43",-0.29612364023187443,4.574490213477867,663728,,553993,2,9,"Top",,,,,,,-2.537035813940679,-141.13714433571778,-1.6915338608383423,3.3089321202846795,32.09446029069907,-12.935337514420254,3.59553585514314,1.6988631490278,,,,"98.4",2327,"7.1",716477,641680,663993,543760,673962,608369,694497,665750,666969,"53.41",,,,,,,,77,2,"4-Seam Fastball",8,5,5,8,5,8,5,8,"Infield shade","Standard",156,"-0.009","0.042",,,,,"-0.042",,3,-3,0.959,0.041000000000000036,35,23,35,24,1,4,3,2,1,1,"1","0.2","0.2","47.3",,,,,
"SL","2023-09-22","88","0.4","6.17","Chapman, Aroldis",672284,547973,,"ball",,,,,13,,"R","L","L","TEX","SEA","B",,,0,0,2023,"-0.79","0.43",-0.3509758083038075,1.5469760663929675,663728,,553993,2,9,"Top",,,,,,,-0.16489215050892397,-128.16474381842536,-6.117296351177239,-8.718248758159362,26.470955060789034,-26.387376256821014,3.62227969058263,1.72552003981408,,,,"89.7",2277,"7.3",716477,641680,663993,543760,673962,608369,694497,665750,666969,"53.22",,,,,,,,77,1,"Slider",8,5,5,8,5,8,5,8,"Infield shade","Standard",290,"-0.004","0.042",,,,,"-0.042",,3,-3,0.963,0.03700000000000003,35,23,35,24,1,4,3,2,1,1,"2.51","-0.79","-0.79","50.0",,,,,
"SI","2023-09-22","100.4","0.44","6.08","Chapman, Aroldis",553993,547973,"single","hit_into_play",,,,,12,"Eugenio Suarez singles on a ground ball to right fielder Adolis Garcia. J.P. Crawford scores. Cal Raleigh to 3rd.","R","R","L","TEX","SEA","X",9,"ground_ball",0,0,2023,"1.02","1.29",1.1749092233796163,2.577665773481146,641487,663728,,2,9,"Top",153.46,135.62,,,,,-0.3976921034952521,-146.0495383724014,-7.47217730717847,14.746141842362928,35.04916011157232,-12.16974643266054,3.44,1.58,105,"70.9",11,"101.7",2264,"7.1",716477,641680,663993,543760,673962,608369,694497,665750,666969,"53.42",0.279,0.251,"0.9",1,1,0,2,76,1,"Sinker",8,4,4,8,5,8,5,8,"Standard","Standard",162,"-0.023","0.733","69.7","7.7",,0.295,"-0.733","88.0",4,-4,0.986,0.014000000000000012,35,31,35,32,1,4,3,2,1,1,"0.98","1.02","-1.02","47.2",16.73613770753917,11.416337971490057,34.0349619447461,49.70274835803394,25.184091889959568
"SL","2023-09-22","88","0.31","6.27","Chapman, Aroldis",606192,547973,"strikeout","swinging_strike",,,,,9,"Teoscar Hernandez strikes out swinging.","R","R","L","TEX","SEA","S",2,,1,2,2023,"-1.08","0.02",0.2987972689271975,1.7257493331200582,641487,663728,,1,9,"Top",,,,,,,2.2616258776970364,-128.16511094999473,-5.058452621403642,-12.316412437120782,26.667440709671695,-31.132847329894357,3.46,1.62,,,,"89.9",2310,"7.4",716477,641680,663993,543760,673962,608369,694497,665750,666969,"53.08",,0,"0",1,0,0,,75,5,"Slider",8,4,4,8,4,8,4,8,"Standard","Standard",302,"0.025","-0.331","66.9","8.3","0.476304816",,"0.331",,4,-4,0.961,0.039000000000000035,35,30,35,31,1,4,3,2,1,1,"2.92","-1.08","1.08","55.4",18.184947052611264,-7.238398160982746,27.795310409961054,41.856437619083394,35.03199516539243
"SI","2023-09-22","100.1","0.49","6.09","Chapman, Aroldis",606192,547973,,"foul",,,,,7,,"R","R","L","TEX","SEA","S",,,1,2,2023,"0.98","1.24",-0.2992378582948617,1.8356208884336185,641487,663728,,1,9,"Top",,,,,,,-4.5659708999401545,-145.46790243656764,-9.437607164554294,14.96195328026953,35.42725327488969,-12.562148205392992,3.46,1.62,241,"95",16,"101.7",2394,"7.3",716477,641680,663993,543760,673962,608369,694497,665750,666969,"53.17",,,,,,,,75,4,"Sinker",8,4,4,8,4,8,4,8,"Standard","Standard",163,"0","0","63.6","6.8",,,"0","95.0",4,-4,0.961,0.039000000000000035,35,30,35,31,1,4,3,2,1,1,"1.05","0.98","-0.98","48.6",-7.268322986970808,21.679130241462225,39.30213270512383,33.61405159143274,18.369114999984195
"SL","2023-09-22","88.9","0.37","6.18","Chapman, Aroldis",606192,547973,,"swinging_strike",,,,,14,,"R","R","L","TEX","SEA","S",,,1,1,2023,"-0.71","0.83",0.23638351888377274,1.1338378218296439,641487,663728,,1,9,"Top",,,,,,,1.1885507987951345,-129.23689924460595,-8.19563766914724,-8.210138181822064,26.754963587300075,-21.432884768956843,3.46,1.62,,,,"90.6",2382,"7.3",716477,641680,663993,543760,673962,608369,694497,665750,666969,"53.16",,,,,,,,75,3,"Slider",8,4,4,8,4,8,4,8,"Standard","Standard",288,"0.009","-0.08","49.3","7.4","0.840716904",,"0.08",,4,-4,0.952,0.04800000000000004,35,30,35,31,1,4,3,2,1,1,"2.06","-0.71","0.71","53.0",0.45749939525779054,22.425184501417252,36.0073886896085,39.595841461556844,17.31350375370228
"SI","2023-09-22","98.7","0.4","6.07","Chapman, Aroldis",606192,547973,,"called_strike",,,,,9,,"R","R","L","TEX","SEA","S",,,1,0,2023,"0.84","1.54",0.47416179597092284,1.6405226331961598,641487,663728,,1,9,"Top",,,,,,,-1.7968367412605972,-143.4414934929321,-10.382674285875956,11.957499751514966,33.46744705011945,-8.680568190494974,3.51226754296844,1.61886838397317,,,,"100.6",2335,"7.4",716477,641680,663993,543760,673962,608369,694497,665750,666969,"53.09",,,,,,,,75,2,"Sinker",8,4,4,8,4,8,4,8,"Standard","Standard",163,"0.006","-0.036",,,,,"0.036",,4,-4,0.946,0.05400000000000005,35,30,35,31,1,4,3,2,1,1,"0.81","0.84","-0.84","49.5",,,,,
"SL","2023-09-22","87.7","0.42","6.26","Chapman, Aroldis",606192,547973,,"ball",,,,,12,,"R","R","L","TEX","SEA","B",,,0,0,2023,"-0.46","0.62",0.8959738164558761,2.885500959647927,641487,663728,,1,9,"Top",,,,,,,2.127170311000115,-127.66942966461313,-3.345605753439056,-5.422518204430952,26.87255774416428,-24.89901370752841,3.29843143552845,1.37903550478665,,,,"89.1",2182,"7.2",716477,641680,663993,543760,673962,608369,694497,665750,666969,"53.3",,,,,,,,75,1,"Slider",8,4,4,8,4,8,4,8,"Standard","Standard",278,"-0.004","0.017",,,,,"-0.017",,4,-4,0.95,0.050000000000000044,35,30,35,31,1,4,3,2,1,1,"2.34","-0.46","0.46","52.2",,,,,
"FF","2023-09-22","98.4","0.43","6.18","Chapman, Aroldis",663728,547973,"double","hit_into_play",,,,,7,"Cal Raleigh doubles (23) on a line drive to center fielder Leody Taveras. J.P. Crawford to 3rd.","R","R","L","TEX","SEA","X",8,"line_drive",0,0,2023,"0.18","1.51",-0.5443388030231973,1.9599793139144377,,,641487,1,9,"Top",111.85,58.05,,,,,-3.0871025893499664,-143.06583723659108,-9.617249835000099,3.1325206884378405,32.771536563713035,-9.44764490742754,3.5,1.68,326,"105.4",16,"99.8",2261,"7.1",716477,641680,663993,543760,673962,608369,694497,665750,666969,"53.43",0.6,0.694,"1.25",1,1,1,5,74,1,"4-Seam Fastball",8,4,4,8,4,8,4,8,"Standard","Standard",159,"-0.035","0.801","76.5","7.6",,1.05,"-0.801","105.4",4,-4,0.985,0.015000000000000013,35,26,35,27,1,4,3,2,1,1,"0.85","0.18","-0.18","50.1",7.837045136185761,-1.295063565554069,36.836736784427366,33.08896374275933,28.093386739689077
"SI","2023-09-22","101.7","0.57","6.09","Chapman, Aroldis",677594,547973,"strikeout","swinging_strike",,,,,3,"Julio Rodriguez strikes out swinging.","R","R","L","TEX","SEA","S",2,,1,2,2023,"1.02","1.32",0.3157213552486402,2.9570081645060746,,,641487,0,9,"Top",,,,,,,-3.221385864451312,-147.9536919702136,-6.769914234622293,15.787614265102405,35.48809806093409,-11.38155899331663,3.27,1.5,,,,"103.5",2481,"7.3",716477,641680,663993,543760,673962,608369,694497,665750,666969,"53.23",,0,"0",1,0,0,,73,4,"Sinker",8,4,4,8,4,8,4,8,"Standard","Standard",159,"0.013","-0.165","73.0","6.8","0.983920968",,"0.165",,4,-4,0.972,0.028000000000000025,35,22,35,23,1,4,3,2,1,1,"0.89","1.02","-1.02","49.9",-9.09850691901806,32.94450628140196,28.337957075392794,43.55844541757036,11.558054170441409
"SI","2023-09-22","97.7","0.36","6.15","Chapman, Aroldis",677594,547973,,"swinging_strike",,,,,2,,"R","R","L","TEX","SEA","S",,,1,1,2023,"1.05","1.27",-0.07665378360286101,3.1216477765309745,,,641487,0,9,"Top",,,,,,,-3.6475827937189194,-142.2327807193623,-5.652501488462725,15.103127584981694,33.10097753320014,-13.844835989746066,3.27,1.5,,,,"99.1",2302,"7.1",716477,641680,663993,543760,673962,608369,694497,665750,666969,"53.44",,,,,,,,73,3,"Sinker",8,4,4,8,4,8,4,8,"Standard","Standard",161,"0.005","-0.059","79.4","7.0","1.236363252",,"0.059",,4,-4,0.967,0.03300000000000003,35,22,35,23,1,4,3,2,1,1,"1.12","1.05","-1.05","48.5",5.418527929824131,8.562007709576402,26.739507697642498,38.13463222058131,28.31539370256268
"FF","2023-09-22","97","0.46","6.12","Chapman, Aroldis",677594,547973,,"swinging_strike",,,,,4,,"R","R","L","TEX","SEA","S",,,1,0,2023,"0.36","1.52",-0.40086141853009555,2.406200922826282,,,641487,0,9,"Top",,,,,,,-3.1685650229888545,-141.05318131408072,-7.983058085098412,5.510347293680554,31.735571075207933,-10.251419459293103,3.27,1.5,,,,"98.6",2275,"7.2",716477,641680,663993,543760,673962,608369,694497,665750,666969,"53.31",,,,,,,,73,2,"4-Seam Fastball",8,4,4,8,4,8,4,8,"Standard","Standard",156,"0.005","-0.042","83.3","7.8","1.62035328",,"0.042",,4,-4,0.962,0.038000000000000034,35,22,35,23,1,4,3,2,1,1,"0.9","0.36","-0.36","50.7",5.327047624901096,2.298178277597904,38.572778014763045,35.117468374274026,27.498922516300397
"SI","2023-09-22","98.2","0.38","6.1","Chapman, Aroldis",677594,547973,,"ball",,,,,14,,"R","R","L","TEX","SEA","B",,,0,0,2023,"1.04","1.39",0.12018649574650486,1.2242717378159373,,,641487,0,9,"Top",,,,,,,-3.162625252612951,-142.6729081120034,-11.10127209126809,14.870677336397904,32.51502309371993,-10.838782420949421,3.21536653724175,1.49887616780404,,,,"99.8",2357,"7.3",716477,641680,663993,543760,673962,608369,694497,665750,666969,"53.24",,,,,,,,73,1,"Sinker",8,4,4,8,4,8,4,8,"Standard","Standard",160,"-0.004","0.03",,,,,"-0.03",,4,-4,0.966,0.03400000000000003,35,22,35,23,1,4,3,2,1,1,"0.98","1.04","-1.04","46.9",,,,,
"SL","2023-09-19","89","0.4","6.18","Chapman, Aroldis",457759,547973,"field_out","hit_into_play",,,,,14,"Justin Turner grounds out, third baseman Josh Jung to first baseman Nathaniel Lowe.","R","R","L","TEX","BOS","X",5,"ground_ball",3,2,2023,"-0.89","0.16",0.08278972477802615,1.1900085823638547,649966,657077,,2,7,"Top",114.28,170.1,,,,,1.1167862580606718,-129.48943938182737,-6.6449337369547505,-10.280057294329973,27.142231049935095,-29.203005649947354,3.34,1.49,4,"95.1",-17,"90.7",2366,"7.3",716519,641680,663993,543760,673962,608369,694497,665750,666969,"53.17",0.124,0.112,"0",1,0,0,2,57,6,"Slider",4,4,4,4,4,4,4,4,"Standard","Standard",289,"0.104","-0.261","65.8","6.8",,0.124,"0.261","95.1",0,0,0.484,0.516,35,38,35,39,1,3,7,2,3,1,"2.72","-0.89","0.89","53.8",-10.689207696014632,-10.880088329424972,49.20169421950376,30.964259198902262,36.45331113767256
"SI","2023-09-19","101.6","0.46","6.1","Chapman, Aroldis",457759,547973,,"ball",,,,,14,,"R","R","L","TEX","BOS","B",,,2,2,2023,"1.14","1.4",1.0447905267325375,1.9608760174206077,649966,657077,,2,7,"Top",,,,,,,-1.1147089288008176,-147.7318340637345,-9.76739669033686,16.88372348468191,36.019705725253175,-9.51398412607793,3.40557732911981,1.71698380407122,,,,"102.8",2604,"7",716519,641680,663993,543760,673962,608369,694497,665750,666969,"53.48",,,,,,,,57,5,"Sinker",4,4,4,4,4,4,4,4,"Standard","Standard",157,"-0.019","0.055",,,,,"-0.055",,0,0,0.503,0.497,35,38,35,39,1,3,7,2,3,1,"0.81","1.14","-1.14","49.0",,,,,
"SI","2023-09-19","102.6","0.55","6.03","Chapman, Aroldis",457759,547973,,"ball",,,,,13,,"R","R","L","TEX","BOS","B",,,1,2,2023,"1.05","1.33",-0.19126630507999542,1.233020988301867,649966,657077,,2,7,"Top",,,,,,,-4.710731982971654,-149.00197954363793,-11.727180117795251,16.78238717151128,35.5291436903194,-9.716700009897776,3.43250955035032,1.78733174273452,,,,"104.2",2516,"7.2",716519,641680,663993,543760,673962,608369,694497,665750,666969,"53.26",,,,,,,,57,4,"Sinker",4,4,4,4,4,4,4,4,"Standard","Standard",153,"-0.015","0.018",,,,,"-0.018",,0,0,0.518,0.482,35,38,35,39,1,3,7,2,3,1,"0.84","1.05","-1.05","47.1",,,,,
"SI","2023-09-19","99.4","0.5","6.21","Chapman, Aroldis",457759,547973,,"swinging_strike",,,,,3,,"R","R","L","TEX","BOS","S",,,1,1,2023,"1.14","1.21",0.44049378379422266,3.031040841763437,649966,657077,,2,7,"Top",,,,,,,-2.8869610773879386,-144.69359106619297,-6.24239642018072,16.737804955463748,34.03057727689922,-13.875536661917655,3.34,1.49,,,,"100.8",2477,"7",716519,641680,663993,543760,673962,608369,694497,665750,666969,"53.45",,,,,,,,57,3,"Sinker",4,4,4,4,4,4,4,4,"Standard","Standard",160,"0.025","-0.066","65.5","5.6","1.084988004",,"0.066",,0,0,0.493,0.507,35,38,35,39,1,3,7,2,3,1,"1.09","1.14","-1.14","50.0",-2.0220336296594175,17.41894151644239,32.42837617863366,36.471295286985296,22.434770657360325
"SL","2023-09-19","89.5","0.17","6.31","Chapman, Aroldis",457759,547973,,"called_strike",,,,,5,,"R","R","L","TEX","BOS","S",,,1,0,2023,"-0.84","0.41",-0.047702379404024775,2.4722910712375463,649966,657077,,2,7,"Top",,,,,,,1.2690314908673674,-130.26038458616418,-4.378809262740369,-9.877899714762233,27.94555171750475,-26.77769557001889,3.33999711827915,1.68885365612874,,,,"90.8",2377,"7.1",716519,641680,663993,543760,673962,608369,694497,665750,666969,"53.38",,,,,,,,57,2,"Slider",4,4,4,4,4,4,4,4,"Standard","Standard",269,"0.007","-0.053",,,,,"0.053",,0,0,0.486,0.514,35,38,35,39,1,3,7,2,3,1,"2.44","-0.84","0.84","54.7",,,,,
"SI","2023-09-19","100.8","0.57","6.19","Chapman, Aroldis",457759,547973,,"ball",,,,,12,,"R","R","L","TEX","BOS","B",,,0,0,2023,"1.11","1.33",0.9976336299922584,2.9938566060555134,649966,657077,,2,7,"Top",,,,,,,-1.4864078755438057,-146.6294907027174,-6.7850436206337505,16.399425938659398,35.402903923115,-11.597464234737664,3.56574600485924,1.74526405599944,,,,"101.9",2587,"6.9",716519,641680,663993,543760,673962,608369,694497,665750,666969,"53.55",,,,,,,,57,1,"Sinker",4,4,4,4,4,4,4,4,"Standard","Standard",164,"-0.002","0.018",,,,,"-0.018",,0,0,0.488,0.512,35,38,35,39,1,3,7,2,3,1,"0.92","1.11","-1.11","47.4",,,,,
"SI","2023-09-19","102.7","0.57","6.15","Chapman, Aroldis",646240,547973,"strikeout","called_strike",,,,,4,"Rafael Devers called out on strikes.","R","L","L","TEX","BOS","S",2,,0,2,2023,"1.09","1.28",-0.6580310427470346,2.694478311374173,649966,657077,,1,7,"Top",,,,,,,-6.206570418838308,-149.33970756418003,-7.739501370350778,17.83392476465625,36.650176468873326,-11.305586189712496,3.38284429685931,1.53905905289396,,,,"104",2579,"7.1",716519,641680,663993,543760,673962,608369,694497,665750,666969,"53.44",,0,"0",1,0,0,,56,3,"Sinker",4,4,4,4,4,4,4,4,"Strategic","Standard",157,"0.082","-0.318",,,,,"0.318",,0,0,0.406,0.594,35,26,35,27,1,3,7,1,3,1,"0.89","1.09","1.09","43.7",,,,,
"SI","2023-09-19","100.7","0.42","6.13","Chapman, Aroldis",646240,547973,,"called_strike",,,,,7,,"R","L","L","TEX","BOS","S",,,0,1,2023,"1.05","1.14",-0.41221915373636697,1.6703303220706522,649966,657077,,1,7,"Top",,,,,,,-4.872444953656405,-146.3322467123657,-9.837802580848196,16.277527298972007,33.57369888654802,-13.71143957635591,3.46965423242723,1.66899197632375,,,,"101.8",2507,"6.9",716519,641680,663993,543760,673962,608369,694497,665750,666969,"53.6",,,,,,,,56,2,"Sinker",4,4,4,4,4,4,4,4,"Strategic","Standard",155,"0.034","-0.072",,,,,"0.072",,0,0,0.372,0.628,35,26,35,27,1,3,7,1,3,1,"1.11","1.05","1.05","48.4",,,,,
"FF","2023-09-19","98.3","0.46","6.15","Chapman, Aroldis",646240,547973,,"swinging_strike",,,,,12,,"R","L","L","TEX","BOS","S",,,0,0,2023,"0.53","1.22",0.8898281240586225,3.8092041225194344,649966,657077,,1,7,"Top",,,,,,,-0.05355019694549201,-143.23372773794213,-3.760982479300066,7.277920734524162,33.39700651853229,-14.718564428095961,3.43,1.57,,,,"99.4",2401,"6.8",716519,641680,663993,543760,673962,608369,694497,665750,666969,"53.66",,,,,,,,56,1,"4-Seam Fastball",4,4,4,4,4,4,4,4,"Strategic","Standard",155,"0.02","-0.038","63.9","6.0","3.110001384",,"0.038",,0,0,0.352,0.648,35,26,35,27,1,3,7,1,3,1,"1.13","0.53","0.53","49.0",6.584429545261341,25.650577258549788,14.370152889070294,27.092926947178636,19.590316942871272
"FF","2023-09-09","97.3","0.41","6.02","Chapman, Aroldis",672478,547973,"field_out","hit_into_play",,,,,4,"Jordan Diaz grounds out, shortstop Corey Seager to first baseman Nathaniel Lowe.","R","R","L","TEX","ATH","X",6,"ground_ball",1,1,2023,"0.29","1.5",-0.6584093175448653,2.135394361716828,,669397,680869,2,9,"Top",111.25,165.86,,,,,-3.5983987517192007,-141.50593235350107,-8.493235367483189,4.687840064938724,31.971592073061284,-10.2351504073235,3.27,1.56,14,"64.6",-7,"99",2241,"7.2",716657,595978,663993,543760,680716,608369,669701,665750,694497,"53.26",0.05,0.051,"0",1,0,0,2,75,3,"4-Seam Fastball",3,2,2,3,2,3,2,3,"Standard","Standard",156,"0.139","-0.281","68.8","7.2",,0.05,"0.281","88.0",1,-1,0.861,0.139,35,22,35,23,1,0,3,1,3,1,"0.9","0.29","-0.29","51.4",-5.219401541902897,3.6085125870157153,38.365552028460144,26.403804608671685,24.693194574985974
"FF","2023-09-09","96.6","0.46","6.02","Chapman, Aroldis",672478,547973,,"called_strike",,,,,4,,"R","R","L","TEX","ATH","S",,,1,0,2023,"0.27","1.39",-0.7998761641981349,2.524536331597137,,669397,680869,2,9,"Top",,,,,,,-4.042647103078371,-140.58358674933527,-7.0504978728947245,4.511409564229212,31.402082194571175,-12.29872662471318,3.33280595125061,1.60819693951231,,,,"98.4",2130,"7.3",716657,595978,663993,543760,680716,608369,669701,665750,694497,"53.24",,,,,,,,75,2,"4-Seam Fastball",3,2,2,3,2,3,2,3,"Standard","Standard",151,"0.016","-0.045",,,,,"0.045",,1,-1,0.845,0.15500000000000003,35,22,35,23,1,0,3,1,3,1,"1.05","0.27","-0.27","49.2",,,,,
"FF","2023-09-09","97.3","0.44","5.95","Chapman, Aroldis",672478,547973,,"ball",,,,,13,,"R","R","L","TEX","ATH","B",,,0,0,2023,"0.28","1.43",-0.0426362671045219,1.0994128176063458,,669397,680869,2,9,"Top",,,,,,,-1.9871965724904648,-141.44367857054482,-10.970850916158005,4.217946590608171,30.966188898718688,-10.758640894193324,3.26999914145686,1.60729560539755,,,,"99.3",2156,"7.4",716657,595978,663993,543760,680716,608369,669701,665750,694497,"53.14",,,,,,,,75,1,"4-Seam Fastball",3,2,2,3,2,3,2,3,"Standard","Standard",155,"-0.009","0.03",,,,,"-0.03",,1,-1,0.854,0.14600000000000002,35,22,35,23,1,0,3,1,3,1,"0.98","0.28","-0.28","49.2",,,,,
"FF","2023-09-09","100.9","0.5","5.96","Chapman, Aroldis",680869,547973,"walk","blocked_ball",,,,,13,"Zack Gelof walks. Nick Allen to 2nd.","R","R","L","TEX","ATH","B",,,3,2,2023,"0.12","1.38",-1.3922452505576384,-0.08515364546431026,,,669397,2,9,"Top",,,,,,,-5.645217899954396,-146.24582192802774,-14.967308592859961,3.0686277160584736,33.870558815239455,-9.042841605815978,3.29076689437495,1.54000050378476,,,,"102.4",2425,"7.3",716657,595978,663993,543760,680716,608369,669701,665750,694497,"53.22",,0.695903,"0.7",1,0,0,,74,6,"4-Seam Fastball",3,2,2,3,2,3,2,3,"Standard","Strategic",157,"-0.057","0.258",,,,,"-0.258",,1,-1,0.911,0.08899999999999997,35,23,35,24,1,4,3,1,3,1,"0.87","0.12","-0.12","50.4",,,,,
"FF","2023-09-09","98.2","0.59","6.01","Chapman, Aroldis",680869,547973,,"called_strike",,,,,9,,"R","R","L","TEX","ATH","S",,,3,1,2023,"0.21","1.32",0.46817597316329335,1.745802475460817,,,669397,2,9,"Top",,,,,,,-0.839781575643522,-142.874752393617,-9.294461354847694,3.0576830409917313,32.47957818356633,-12.122685389409254,3.29281593823688,1.58141602481435,,,,"100",2319,"7.3",716657,595978,663993,543760,680716,608369,669701,665750,694497,"53.24",,,,,,,,74,5,"4-Seam Fastball",3,2,2,3,2,3,2,3,"Standard","Strategic",159,"0.017","-0.094",,,,,"0.094",,1,-1,0.894,0.10599999999999998,35,23,35,24,1,4,3,1,3,1,"1.04","0.21","-0.21","53.6",,,,,
"SL","2023-09-09","87.2","0.34","6.16","Chapman, Aroldis",680869,547973,,"blocked_ball",,,,,13,,"R","R","L","TEX","ATH","B",,,2,1,2023,"-0.54","0.36",-0.24693971422994676,0.5951733071103331,,,669397,2,9,"Top",,,,,,,-0.29260163377377457,-126.88426842838402,-8.078349763920464,-5.8061287406573365,26.020841393143396,-26.852706040282733,3.33665616973096,1.54000139221463,,,,"88.6",2278,"7.2",716657,595978,663993,543760,680716,608369,669701,665750,694497,"53.34",,,,,,,,74,4,"Slider",3,2,2,3,2,3,2,3,"Infield shade","Strategic",293,"-0.02","0.097",,,,,"-0.097",,1,-1,0.914,0.08599999999999997,35,23,35,24,1,4,3,1,3,1,"2.64","-0.54","0.54","54.1",,,,,
"SL","2023-09-09","86.7","0.28","6.22","Chapman, Aroldis",680869,547973,,"ball",,,,,13,,"R","R","L","TEX","ATH","B",,,1,1,2023,"-1.09","0.28",-0.796358637749173,1.201241666264404,,,669397,2,9,"Top",,,,,,,-0.3538918008333111,-126.1291403332815,-6.434912274999774,-11.536335297549748,26.468249190343446,-28.09971401079333,3.27267987856759,1.53999689148128,,,,"88.1",2322,"7.3",716657,595978,663993,543760,680716,608369,669701,665750,694497,"53.25",,,,,,,,74,3,"Slider",3,2,2,3,2,3,2,3,"Standard","Strategic",296,"-0.011","0.036",,,,,"-0.036",,1,-1,0.925,0.07499999999999996,35,23,35,24,1,4,3,1,3,1,"2.77","-1.09","1.09","58.8",,,,,
"FF","2023-09-09","98.1","0.42","6.18","Chapman, Aroldis",680869,547973,,"called_strike",,,,,6,,"R","R","L","TEX","ATH","S",,,1,0,2023,"0.61","1.27",0.7200286056245638,2.404257073432744,,,669397,2,9,"Top",,,,,,,-0.6233406093863958,-142.78621096516102,-7.76876484345312,8.469200980582217,33.16960843491596,-13.265520578288108,3.28220142824028,1.5399993630528,,,,"99.6",2290,"7.1",716657,595978,663993,543760,680716,608369,669701,665750,694497,"53.37",,,,,,,,74,2,"4-Seam Fastball",3,2,2,3,2,3,2,3,"Infield shade","Strategic",157,"0.011","-0.05",,,,,"0.05",,1,-1,0.914,0.08599999999999997,35,23,35,24,1,4,3,1,3,1,"1.1","0.61","-0.61","52.7",,,,,
"FS","2023-09-09","89.9","0.58","6.02","Chapman, Aroldis",680869,547973,,"ball",,,,,14,,"R","R","L","TEX","ATH","B",,,0,0,2023,"-0.09","0.23",0.0028648439369234197,1.398830844477608,,,669397,2,9,"Top",,,,,,,-1.2610749662174983,-130.96719808443842,-6.109793462460684,-0.8397913284563112,26.41607059457021,-28.509920489162337,3.2676614674963,1.53876696599197,,,,"91.9",1126,"7.3",716657,595978,663993,543760,680716,608369,669701,665750,694497,"53.16",,,,,,,,74,1,"Split-Finger",3,2,2,3,2,3,2,3,"Standard","Standard",135,"-0.007","0.03",,,,,"-0.03",,1,-1,0.921,0.07899999999999996,35,23,35,24,1,4,3,1,3,1,"2.58","-0.09","0.09","50.6",,,,,
"SL","2023-09-09","90.4","0.26","6.09","Chapman, Aroldis",542208,547973,"strikeout","swinging_strike_blocked",,,,,13,"Carlos Perez strikes out swinging.","R","R","L","TEX","ATH","S",2,,2,2,2023,"-0.4","0.59",-0.7544764146065657,0.29657577228030085,,,669397,1,9,"Top",,,,,,,-1.709457586572438,-131.35782774586795,-9.936308611646089,-4.326050476840207,27.550684448134028,-23.43067972103961,3.33,1.59,,,,"92.2",2340,"7.4",716657,595978,663993,543760,680716,608369,669701,665750,694497,"53.07",,0,"0",1,0,0,,73,5,"Slider",3,2,2,3,2,3,2,3,"Standard","Standard",259,"0.082","-0.23","65.5","9.6","9.518948064",,"0.23",,1,-1,0.839,0.16100000000000003,35,32,35,33,1,0,3,3,3,1,"2.2","-0.4","0.4","57.8",28.400973291332733,-53.55506664248384,36.61184245425417,25.760635773126197,57.359708367632635
"SI","2023-09-09","100.5","0.36","6.07","Chapman, Aroldis",542208,547973,,"ball",,,,,14,,"R","R","L","TEX","ATH","B",,,1,2,2023,"1.16","1.26",0.8409015154745428,1.0801129589032186,,,669397,1,9,"Top",,,,,,,-1.4630513904857274,-145.98824279984697,-11.59067393027034,16.95822558033363,35.52068023553863,-11.659675712099022,3.25834668498455,1.62152434966868,,,,"102",2448,"7.3",716657,595978,663993,543760,680716,608369,669701,665750,694497,"53.25",,,,,,,,73,4,"Sinker",3,2,2,3,2,3,2,3,"Infield shade","Standard",164,"-0.015","0.047",,,,,"-0.047",,1,-1,0.854,0.14600000000000002,35,32,35,33,1,0,3,3,3,1,"1.02","1.16","-1.16","51.1",,,,,
"SI","2023-09-09","102.4","0.46","6.09","Chapman, Aroldis",542208,547973,,"ball",,,,,13,,"R","R","L","TEX","ATH","B",,,0,2,2023,"1.04","1.39",-0.8322036838161728,2.051698057523596,,,669397,1,9,"Top",,,,,,,-6.245609621921655,-148.71815541102418,-9.573502659130735,16.968054699044195,37.611521942922955,-9.456258760438534,3.30107290085321,1.62072046852983,,,,"103.5",2510,"7.1",716657,595978,663993,543760,680716,608369,669701,665750,694497,"53.39",,,,,,,,73,3,"Sinker",3,2,2,3,2,3,2,3,"Standard","Standard",165,"-0.009","0.023",,,,,"-0.023",,1,-1,0.863,0.137,35,32,35,33,1,0,3,3,3,1,"0.81","1.04","-1.04","50.6",,,,,
"FF","2023-09-09","97.8","0.37","6.09","Chapman, Aroldis",542208,547973,,"swinging_strike",,,,,12,,"R","R","L","TEX","ATH","S",,,0,1,2023,"0.4","1.39",0.3607114640731005,3.9034460257771793,,,669397,1,9,"Top",,,,,,,-0.9671404886670819,-142.37011904384022,-3.6401556028797457,5.633496517070647,33.06517058549327,-12.677149887148834,3.33,1.59,,,,"99.2",2381,"7.1",716657,595978,663993,543760,680716,608369,669701,665750,694497,"53.41",,,,,,,,73,2,"4-Seam Fastball",3,2,2,3,2,3,2,3,"Infield shade","Standard",161,"0.024","-0.053","54.9","5.7","2.2689135",,"0.053",,1,-1,0.839,0.16100000000000003,35,32,35,33,1,0,3,3,3,1,"0.99","0.4","-0.4","49.9",-8.753867530003442,37.6303953542668,20.801099062193877,38.995670536788786,4.074485826387164
"FF","2023-09-09","96.8","0.34","6.11","Chapman, Aroldis",542208,547973,,"called_strike",,,,,14,,"R","R","L","TEX","ATH","S",,,0,0,2023,"0.35","1.47",0.9334724956563393,2.217159215167657,,,669397,1,9,"Top",,,,,,,0.7886787138569944,-140.73865321106496,-8.321639485567845,4.48472152421246,32.950455116825324,-10.998798413533263,3.23089543272303,1.59408706358953,,,,"98.7",2341,"7.4",716657,595978,663993,543760,680716,608369,669701,665750,694497,"53.05",,,,,,,,73,1,"4-Seam Fastball",3,2,2,3,2,3,2,3,"Infield shade","Standard",160,"0.014","-0.042",,,,,"0.042",,1,-1,0.825,0.17500000000000004,35,32,35,33,1,0,3,3,3,1,"0.98","0.35","-0.35","52.6",,,,,
"SL","2023-09-02","87.8","0.49","6.12","Chapman, Aroldis",596146,547973,"single","hit_into_play",,,,,7,"Max Kepler singles on a line drive to right fielder Adolis Garcia. Royce Lewis scores. Carlos Correa to 3rd.","R","L","L","TEX","MIN","X",9,"line_drive",1,1,2023,"-0.64","-0.01",-0.38923961691519576,2.06837063803365,,668904,621043,0,10,"Top",194.69,120.02,,,,,-0.8124783245239193,-127.90928869055548,-3.7394160960067424,-6.848368781745844,26.055388627789267,-31.78577356555213,3.58,1.72,214,"74",21,"89.7",2294,"7.4",716752,641680,663993,543760,677649,608369,543257,665750,666969,"53.15",0.984,0.904,"0.9",1,1,0,4,79,3,"Slider",6,7,7,6,8,6,8,6,"Standard","Strategic",284,"-0.157","0.474","68.2","8.2",,1.049,"-0.474","88.0",-1,1,0.241,0.759,35,30,35,30,1,2,3,1,4,1,"2.96","-0.64","-0.64","49.2",12.786480853066653,-22.352763343161275,27.41684947649306,44.629141813095096,44.16281222896126
"SL","2023-09-02","86.8","0.46","6.1","Chapman, Aroldis",596146,547973,,"ball",,,,,14,,"R","L","L","TEX","MIN","B",,,0,1,2023,"-0.68","0.61",0.2238624740281424,1.3182345545108156,,668904,621043,0,10,"Top",,,,,,,0.8374537985773682,-126.42449242321436,-6.702522816506839,-7.476307587315976,22.269870492294444,-24.565288004757306,3.57999810028102,1.77404698582693,,,,"89",2306,"7.3",716752,641680,663993,543760,677649,608369,543257,665750,666969,"53.21",,,,,,,,79,2,"Slider",6,7,7,6,7,6,7,6,"Standard","Standard",282,"-0.007","0.034",,,,,"-0.034",,-1,1,0.248,0.752,35,30,35,30,1,2,3,1,4,1,"2.38","-0.68","-0.68","50.8",,,,,
"FF","2023-09-02","97.2","0.46","6.03","Chapman, Aroldis",596146,547973,,"foul",,,,,2,,"R","L","L","TEX","MIN","S",,,0,0,2023,"0.45","1.42",0.24052620943096026,3.27097623629553,,668904,621043,0,10,"Top",,,,,,,-1.6540287352157192,-141.57353800913592,-5.251176991857258,6.4799275563020995,30.738915290957195,-12.063863717982256,3.58,1.72,93,"80.5",18,"99.3",2290,"7.3",716752,641680,663993,543760,677649,608369,543257,665750,666969,"53.21",,,,,,,,79,1,"4-Seam Fastball",6,7,7,6,7,6,7,6,"Standard","Standard",150,"0.011","-0.048","71.0","6.6",,,"0.048","88.0",-1,1,0.237,0.763,35,30,35,30,1,2,3,1,4,1,"0.98","0.45","0.45","47.9",-0.6285965146939364,5.264638591591572,27.950016508274786,37.40179281142845,22.38015676317479
"SI","2023-09-02","99.1","0.45","6.11","Chapman, Aroldis",621043,547973,"single","hit_into_play",,,,,5,"Carlos Correa singles on a sharp line drive to center fielder Leody Taveras. Jorge Polanco scores. Royce Lewis to 2nd.","R","R","L","TEX","MIN","X",8,"line_drive",0,1,2023,"1.07","1.16",0.2325092351268363,2.7656842482568753,593871,,668904,0,10,"Top",141.14,68.43,,,,,-3.1776677645127656,-144.3066576302092,-6.5939699343088085,15.771540503255743,32.02579568986204,-14.616629751184021,3.63,1.72,257,"107.1",10,"101.4",2289,"7.4",716752,641680,663993,543760,677649,608369,543257,665750,666969,"53.1",0.853,0.85,"0.9",1,1,0,4,78,2,"Sinker",6,6,6,6,7,6,7,6,"Strategic","Standard",162,"-0.139","0.438","77.1","6.8",,1.112,"-0.438","107.1",0,0,0.376,0.624,35,28,35,29,1,4,3,1,4,1,"1.15","1.07","-1.07","50.6",-1.7519113398640442,1.1772503903846605,33.928313689850334,41.89932919307962,23.06965686785546
"SL","2023-09-02","87","0.23","6.2","Chapman, Aroldis",621043,547973,,"called_strike",,,,,11,,"R","R","L","TEX","MIN","S",,,0,0,2023,"-0.94","0.65",-1.0063791900956232,2.7145608844076268,593871,,668904,0,10,"Top",,,,,,,-1.0678682892427547,-126.74266247458847,-3.632454029310723,-10.002337355035586,23.311309016666378,-24.683419650836967,3.45024228466126,1.59783043699451,,,,"89.3",2313,"7.4",716752,641680,663993,543760,677649,608369,543257,665750,666969,"53.1",,,,,,,,78,1,"Slider",6,6,6,6,6,6,6,6,"Strategic","Standard",278,"0.019","-0.02",,,,,"0.02",,0,0,0.357,0.643,35,28,35,29,1,4,3,1,4,1,"2.33","-0.94","0.94","56.0",,,,,
"SL","2023-09-02","86.3","0.33","6.12","Chapman, Aroldis",668904,547973,"walk","ball",,,,,13,"Royce Lewis walks.","R","R","L","TEX","MIN","B",,,3,2,2023,"-0.79","0.34",-0.2668014909343585,0.98299636266802,593871,,,0,10,"Top",,,,,,,0.19928058407152766,-125.76259025187687,-6.903452025474165,-8.477011821157205,22.001901855839336,-27.52593971542589,3.50868681342816,1.66255631219382,,,,"88.6",2275,"7.3",716752,641680,663993,543760,677649,608369,543257,665750,666969,"53.15",,0.695903,"0.7",1,0,0,,77,6,"Slider",6,6,6,6,6,6,6,6,"Strategic","Standard",290,"-0.053","0.263",,,,,"-0.263",,0,0,0.41,0.5900000000000001,35,24,35,24,1,4,3,1,4,1,"2.68","-0.79","0.79","52.1",,,,,
"SL","2023-09-02","85","0.18","6.09","Chapman, Aroldis",668904,547973,,"called_strike",,,,,4,,"R","R","L","TEX","MIN","S",,,3,1,2023,"-0.92","0.59",-0.6283439596709971,2.3167284457457105,593871,,,0,10,"Top",,,,,,,-0.04636842145878506,-123.95972148293673,-3.89200337661118,-9.556180096350284,21.91704849778245,-25.514657070903436,3.44000071121797,1.55576784545016,,,,"88.1",2224,"7.8",716752,641680,663993,543760,677649,608369,543257,665750,666969,"52.67",,,,,,,,77,5,"Slider",6,6,6,6,6,6,6,6,"Strategic","Standard",275,"0.016","-0.029",,,,,"0.029",,0,0,0.394,0.606,35,24,35,24,1,4,3,1,4,1,"2.52","-0.92","0.92","55.6",,,,,
"FF","2023-09-02","97.7","0.37","6.09","Chapman, Aroldis",668904,547973,,"called_strike",,,,,4,,"R","R","L","TEX","MIN","S",,,3,0,2023,"0.56","1.19",-0.3331500006440701,2.674606296985771,593871,,,0,10,"Top",,,,,,,-3.229585470979472,-142.28604755822596,-6.574200691224263,8.299837441441557,30.344977280882457,-14.729385700052418,3.43853917789882,1.70000750872704,,,,"99.2",2290,"6.9",716752,641680,663993,543760,677649,608369,543257,665750,666969,"53.56",,,,,,,,77,4,"4-Seam Fastball",6,6,6,6,6,6,6,6,"Strategic","Standard",151,"0.012","-0.135",,,,,"0.135",,0,0,0.382,0.618,35,24,35,24,1,4,3,1,4,1,"1.18","0.56","-0.56","48.3",,,,,
"FF","2023-09-02","95.5","0.32","6.13","Chapman, Aroldis",668904,547973,,"ball",,,,,12,,"R","R","L","TEX","MIN","B",,,2,0,2023,"0.66","1.22",2.4000689163414135,3.6976906231557414,593871,,,0,10,"Top",,,,,,,4.0340722927002455,-139.0619563335302,-3.5730166988656844,7.693158430524602,29.82410680806551,-15.732433859149442,3.51305333587653,1.66689758487179,,,,"96.6",2185,"6.8",716752,641680,663993,543760,677649,608369,543257,665750,666969,"53.72",,,,,,,,77,3,"4-Seam Fastball",6,6,6,6,6,6,6,6,"Strategic","Standard",147,"-0.018","0.171",,,,,"-0.171",,0,0,0.4,0.6,35,24,35,24,1,4,3,1,4,1,"1.27","0.66","-0.66","51.5",,,,,
"SL","2023-09-02","85.9","0.19","6.16","Chapman, Aroldis",668904,547973,,"ball",,,,,13,,"R","R","L","TEX","MIN","B",,,1,0,2023,"-0.78","0.32",-0.13330650912128716,0.737175168732644,,593871,,0,10,"Top",,,,,,,0.8354843450152589,-124.91788378573114,-7.322366765565289,-8.351068945828045,26.674476848856074,-27.53877550625403,3.50815924765297,1.71403018181886,,,,"87.4",2185,"7.4",716752,641680,663993,543760,677649,608369,543257,665750,666969,"53.1",,,,,,,,77,2,"Slider",6,6,6,6,6,6,6,6,"Standard","Standard",280,"-0.095","0.052",,,,,"-0.052",,0,0,0.495,0.505,35,24,35,24,1,4,3,1,4,1,"2.79","-0.78","0.78","60.9",,,,,
"FF","2023-09-02","96.6","0.56","6.2","Chapman, Aroldis",668904,547973,,"ball",,,,,12,,"R","R","L","TEX","MIN","B",,,0,0,2023,"0.39","1.52",1.1628248025181038,4.274273494522753,,593871,,0,10,"Top",,,,,,,0.7189693225805103,-140.69997051586012,-3.0246288642447445,5.0303084177877615,34.314042955245576,-11.64231459694401,3.5792440896994,1.8206202339201,,,,"97.1",2166,"6.7",716752,641680,663993,543760,677649,608369,543257,665750,666969,"53.83",,,,,,,,77,1,"4-Seam Fastball",6,6,6,6,6,6,6,6,"Standard","Standard",154,"-0.005","0.036",,,,,"-0.036",,0,0,0.5,0.5,35,24,35,24,1,4,3,1,4,1,"0.94","0.39","-0.39","51.4",,,,,
"FF","2023-08-30","96.4","0.51","5.99","Chapman, Aroldis",621466,547973,"hit_by_pitch","hit_by_pitch",,,,,12,"DJ Stewart hit by pitch. Jeff McNeil scores. Pete Alonso to 3rd. Francisco Alvarez to 2nd.","R","L","L","NYM","TEX","B",,,0,0,2023,"0.34","1.77",1.7500851804490631,3.2733612568246224,643446,624413,682626,0,10,"Bot",,,,,,,2.5645391890685003,-140.2168864903734,-5.6726911914146525,3.719483504596227,37.27883666936581,-7.851660698348517,3.11,1.43,,,,"97.5",2209,"7.3",716783,641680,663993,543760,677649,608369,608671,665750,666969,"53.16",,0.726005,"0.7",1,0,0,,86,1,"4-Seam Fastball",5,5,5,5,5,6,6,5,"Strategic","Strategic",155,"0.072","0.389",,,,,"-0.389",,0,0,0.928,0.928,35,29,35,30,1,4,1,2,3,2,"0.72","0.34","0.34","48.9",,,,,
"SL","2023-08-30","85.3","0.51","6.19","Chapman, Aroldis",682626,547973,"walk","ball",,,,,14,"Francisco Alvarez walks. Jeff McNeil to 3rd. Pete Alonso to 2nd.","R","R","L","NYM","TEX","B",,,3,2,2023,"-1.18","0.09",0.8029836039351514,0.959251179757648,,643446,624413,0,10,"Bot",,,,,,,3.1364285227038153,-123.85753628297486,-6.101841044636956,-12.674931948240962,31.11910070291102,-29.968587691150304,3.1555987473637,1.46208201613945,,,,"86",2347,"7.4",716783,641680,663993,543760,677649,608369,608671,665750,666969,"53.07",,0.695903,"0.7",1,0,0,,85,6,"Slider",5,5,5,5,5,5,5,5,"Standard","Strategic",307,"0.099","0.328",,,,,"-0.328",,0,0,0.829,0.829,35,21,35,22,1,2,1,1,3,2,"3.12","-1.18","1.18","59.9",,,,,
"SI","2023-08-30","100.6","0.35","6.09","Chapman, Aroldis",682626,547973,,"ball",,,,,14,,"R","R","L","NYM","TEX","B",,,2,2,2023,"0.87","1.5",1.242142847721003,1.517908772486705,,643446,624413,0,10,"Bot",,,,,,,0.4056591392820804,-146.02933139279952,-10.956577981208842,12.24769909023369,40.16363293841464,-8.194518673136256,3.38510517149584,1.49073350223188,,,,"101.3",2343,"7.2",716783,641680,663993,543760,677649,608369,608671,665750,666969,"53.33",,,,,,,,85,5,"Sinker",5,5,5,5,5,5,5,5,"Standard","Strategic",161,"0.033","0.113",,,,,"-0.113",,0,0,0.796,0.796,35,21,35,22,1,2,1,1,3,2,"0.79","0.87","-0.87","53.1",,,,,
"SL","2023-08-30","87.5","0.2","6.27","Chapman, Aroldis",682626,547973,,"blocked_ball",,,,,13,,"R","R","L","NYM","TEX","B",,,1,2,2023,"-1.04","0.47",-0.6744115972953493,0.25093659999523776,,643446,624413,0,10,"Bot",,,,,,,0.05150652712336057,-127.06886844016591,-9.325073998625586,-11.076131028398855,32.00378559523405,-25.085351428427547,3.35641207122028,1.54803723750335,,,,"88.1",2333,"7.3",716783,641680,663993,543760,677649,608369,608671,665750,666969,"53.18",,,,,,,,85,4,"Slider",5,5,5,5,5,5,5,5,"Standard","Strategic",306,"0.015","0.034",,,,,"-0.034",,0,0,0.781,0.781,35,21,35,22,1,2,1,1,3,2,"2.58","-1.04","1.04","60.4",,,,,
"SL","2023-08-30","85.2","0.14","6.26","Chapman, Aroldis",682626,547973,,"foul",,,,,4,,"R","R","L","NYM","TEX","S",,,1,1,2023,"-0.96","0.44",-0.5212787798193301,2.527026061679699,,643446,624413,0,10,"Bot",,,,,,,0.3997490630460554,-124.07346237388931,-3.3304453290379366,-9.921798994641492,27.773196428648244,-27.18545996426747,3.25,1.53,4,"74.6",-33,"86.5",2362,"7.3",716783,641680,663993,543760,677649,608369,608671,665750,666969,"53.16",,,,,,,,85,3,"Slider",5,5,5,5,5,5,5,5,"Standard","Strategic",292,"-0.025","-0.076",,,,,"0.076","88.0",0,0,0.806,0.806,35,21,35,22,1,2,1,1,3,2,"2.73","-0.96","0.96","59.0",,,,,
"FF","2023-08-30","99.8","0.5","6.09","Chapman, Aroldis",682626,547973,,"ball",,,,,14,,"R","R","L","NYM","TEX","B",,,0,1,2023,"0.41","1.63",0.23940914038636657,1.0074116922290726,,643446,624413,0,10,"Bot",,,,,,,-1.6900253561654701,-144.65875696970446,-12.44148674978952,6.0859673347420795,39.58963695365085,-6.432184941185719,3.38510517149584,1.6053421030736,,,,"100",2421,"7",716783,641680,663993,543760,677649,608369,608671,665750,666969,"53.47",,,,,,,,85,2,"4-Seam Fastball",5,5,5,5,5,5,5,5,"Standard","Strategic",158,"0.01","0.034",,,,,"-0.034",,0,0,0.796,0.796,35,21,35,22,1,2,1,1,3,2,"0.71","0.41","-0.41","52.8",,,,,
"FF","2023-08-30","97.1","0.42","6.1","Chapman, Aroldis",682626,547973,,"swinging_strike",,,,,3,,"R","R","L","NYM","TEX","S",,,0,0,2023,"0.6","1.72",0.4406187010320166,3.1851760891889307,,643446,624413,0,10,"Bot",,,,,,,-1.335029751301647,-141.07923842822106,-6.175104242931309,8.209089213518027,40.38921895591456,-8.08626992086062,3.25,1.53,,,,"97.7",2387,"7.3",716783,641680,663993,543760,677649,608369,608671,665750,666969,"53.17",,,,,,,,85,1,"4-Seam Fastball",5,5,5,5,5,5,5,5,"Strategic","Strategic",159,"-0.015","-0.048","65.9","5.9","3.546597972",,"0.048",,0,0,0.811,0.811,35,21,35,22,1,2,1,1,3,2,"0.75","0.6","-0.6","52.1",-7.116500814364921,40.45032424789079,26.104803901988483,40.09804424775508,-3.21213045889292
,"2023-08-30",,,,"Chapman, Aroldis",624413,547973,"intent_walk","automatic_ball",,,,,,"Aroldis Chapman intentionally walks Pete Alonso.","R","R","L","NYM","TEX","B",,,3,0,2023,,,,,,643446,,0,10,"Bot",,,,,,,,,,,,,,,,,,,,,716783,641680,663993,543760,677649,608369,608671,665750,666969,,,,"0.4",0,0,0,,84,4,,5,5,5,5,5,5,5,5,,,,"0.002",,,,,,,,0,0,0.809,0.809,35,28,35,29,1,4,1,1,3,2,,,,,,,,,
,"2023-08-30",,,,"Chapman, Aroldis",624413,547973,,"automatic_ball",,,,,,,"R","R","L","NYM","TEX","B",,,2,0,2023,,,,,,643446,,0,10,"Bot",,,,,,,,,,,,,,,,,,,,,716783,641680,663993,543760,677649,608369,608671,665750,666969,,,,,,,,,84,3,,5,5,5,5,5,5,5,5,,,,"0.002",,,,,,,,0,0,0.807,0.807,35,28,35,29,1,4,1,1,3,2,,,,,,,,,
,"2023-08-30",,,,"Chapman, Aroldis",624413,547973,,"automatic_ball",,,,,,,"R","R","L","NYM","TEX","B",,,1,0,2023,,,,,,643446,,0,10,"Bot",,,,,,,,,,,,,,,,,,,,,716783,641680,663993,543760,677649,608369,608671,665750,666969,,,,,,,,,84,2,,5,5,5,5,5,5,5,5,,,,"0.001",,,,,,,,0,0,0.806,0.806,35,28,35,29,1,4,1,1,3,2,,,,,,,,,
,"2023-08-30",,,,"Chapman, Aroldis",624413,547973,,"automatic_ball",,,,,,,"R","R","L","NYM","TEX","B",,,0,0,2023,,,,,,643446,,0,10,"Bot",,,,,,,,,,,,,,,,,,,,,716783,641680,663993,543760,677649,608369,608671,665750,666969,,,,,,,,,84,1,,5,5,5,5,5,5,5,5,,,,"0.001",,,,,,,,0,0,0.805,0.805,35,28,35,29,1,4,1,1,3,2,,,,,,,,,
"SL","2023-08-27","88.4","0.26","6.05","Chapman, Aroldis",621043,547973,"strikeout","swinging_strike_blocked",,,,,13,"Carlos Correa strikes out swinging.","R","R","L","MIN","TEX","S",2,,3,2,2023,"-0.83","0.51",-1.4842471334075558,0.8149528383601463,,456781,596146,2,9,"Bot",,,,,,,-2.589450875862978,-128.60709550500297,-7.895459250873097,-8.609072021200454,27.245660541248323,-25.0104796887385,3.61,1.69,,,,"90.3",2437,"7.5",716824,641680,663993,543760,677649,608369,608671,665750,666969,"52.98",,0,"0",1,0,0,,79,9,"Slider",5,5,5,5,5,5,5,5,"Standard","Standard",281,"-0.122","-0.311",,,,,"0.311",,0,0,0.622,0.622,35,28,35,29,1,4,1,1,2,1,"2.41","-0.83","0.83","51.4",,,,,
"SI","2023-08-27","101.2","0.48","6.04","Chapman, Aroldis",621043,547973,,"ball",,,,,14,,"R","R","L","MIN","TEX","B",,,2,2,2023,"0.89","1.3",0.4486796088383326,1.2662144696729443,,456781,596146,2,9,"Bot",,,,,,,-2.257178110448411,-146.96828936526717,-11.236826412981342,13.422670816659924,35.44772360301886,-10.881229606408924,3.61069440591844,1.66624394167037,,,,"102.6",2426,"7.2",716824,641680,663993,543760,677649,608369,608671,665750,666969,"53.28",,,,,,,,79,8,"Sinker",5,5,5,5,5,5,5,5,"Standard","Strategic",158,"0.025","0.064",,,,,"-0.064",,0,0,0.597,0.597,35,28,35,29,1,4,1,1,2,1,"0.94","0.89","-0.89","46.8",,,,,
"SI","2023-08-27","101.6","0.65","6.01","Chapman, Aroldis",621043,547973,,"foul",,,,,6,,"R","R","L","MIN","TEX","S",,,2,2,2023,"1.16","1.27",0.7942719112935545,2.9701882421035304,,456781,596146,2,9,"Bot",,,,,,,-2.413042745090958,-147.95807123766363,-6.403229183414416,17.623678033642502,34.0602770929464,-12.128971836688814,3.61,1.69,270,"86.9",49,"103.4",2485,"7.1",716824,641680,663993,543760,677649,608369,608671,665750,666969,"53.36",,,,,,,,79,7,"Sinker",5,5,5,5,5,5,5,5,"Standard","Strategic",158,"0","0",,,,,"0","88.0",0,0,0.597,0.597,35,28,35,29,1,4,1,1,2,1,"0.92","1.16","-1.16","46.0",,,,,
"SL","2023-08-27","88.3","0.2","6.26","Chapman, Aroldis",621043,547973,,"foul",,,,,13,,"R","R","L","MIN","TEX","S",,,2,2,2023,"-1.08","0.15",-0.8034391445354779,1.6087925603252144,,456781,596146,2,9,"Bot",,,,,,,-0.20923583929709175,-128.64440819565056,-5.717722246588453,-12.014397533255348,23.999394499801216,-29.643273896593474,3.61,1.69,25,"94.7",-2,"90.6",2544,"7.4",716824,641680,663993,543760,677649,608369,608671,665750,666969,"53.07",,,,,,,,79,6,"Slider",5,5,5,5,5,5,5,5,"Standard","Strategic",293,"0","0",,,,,"0","94.7",0,0,0.597,0.597,35,28,35,29,1,4,1,1,2,1,"2.74","-1.08","1.08","54.3",,,,,
"SI","2023-08-27","100.4","0.37","6.08","Chapman, Aroldis",621043,547973,,"foul",,,,,8,,"R","R","L","MIN","TEX","S",,,2,2,2023,"0.95","1.27",0.19162241723451934,2.0643185580012133,,456781,596146,2,9,"Bot",,,,,,,-2.7712857814236926,-145.99965801030936,-8.906492044141883,14.18047875514265,34.15508311923107,-12.090205481809658,3.61,1.69,247,"86.8",22,"102",2449,"7.2",716824,641680,663993,543760,677649,608369,608671,665750,666969,"53.3",,,,,,,,79,5,"Sinker",5,5,5,5,5,5,5,5,"Standard","Strategic",168,"0","0",,,,,"0","88.0",0,0,0.597,0.597,35,28,35,29,1,4,1,1,2,1,"0.99","0.95","-0.95","49.4",,,,,
"SI","2023-08-27","101.4","0.18","6.2","Chapman, Aroldis",621043,547973,,"ball",,,,,13,,"R","R","L","MIN","TEX","B",,,1,2,2023,"0.99","1.29",-1.4144592782162424,1.463168082353967,,456781,596146,2,9,"Bot",,,,,,,-6.899880952574614,-147.15919320354882,-11.121559244063453,15.968210145902495,34.5495743080769,-10.961431524354387,3.61069440591844,1.75339387844618,,,,"102.6",2484,"7",716824,641680,663993,543760,677649,608369,608671,665750,666969,"53.46",,,,,,,,79,4,"Sinker",5,5,5,5,5,5,5,5,"Standard","Strategic",166,"0.017","0.033",,,,,"-0.033",,0,0,0.58,0.58,35,28,35,29,1,4,1,1,2,1,"0.94","0.99","-0.99","52.9",,,,,
"SL","2023-08-27","88.2","0.27","6.24","Chapman, Aroldis",621043,547973,,"called_strike",,,,,9,,"R","R","L","MIN","TEX","S",,,1,1,2023,"-0.8","-0.05",0.35319932459848324,1.9713334248863776,,456781,596146,2,9,"Bot",,,,,,,1.9238178606914627,-128.5001988978865,-4.3325893107042255,-9.332929062722261,24.05489253706685,-32.08152319927989,3.61069440591844,1.66624394167037,,,,"90.3",2285,"7.3",716824,641680,663993,543760,677649,608369,608671,665750,666969,"53.18",,,,,,,,79,3,"Slider",5,5,5,5,5,5,5,5,"Standard","Strategic",277,"-0.028","-0.069",,,,,"0.069",,0,0,0.608,0.608,35,28,35,29,1,4,1,1,2,1,"2.95","-0.8","0.8","55.8",,,,,
"SI","2023-08-27","100.2","0.21","6.26","Chapman, Aroldis",621043,547973,,"ball",,,,,12,,"R","R","L","MIN","TEX","B",,,0,1,2023,"0.84","1.28",0.7165422311653203,3.987789531783874,,456781,596146,2,9,"Bot",,,,,,,-0.5952185591160388,-145.97057310537366,-4.001925705611155,12.120126034349392,34.318575405383186,-13.144282942358956,3.61069440591844,1.81150141748603,,,,"101.4",2397,"6.9",716824,641680,663993,543760,677649,608369,608671,665750,666969,"53.62",,,,,,,,79,2,"Sinker",5,5,5,5,5,5,5,5,"Standard","Strategic",165,"0.011","0.025",,,,,"-0.025",,0,0,0.597,0.597,35,28,35,29,1,4,1,1,2,1,"0.99","0.84","-0.84","51.3",,,,,
"SL","2023-08-27","89.2","0.16","6.29","Chapman, Aroldis",621043,547973,,"swinging_strike_blocked",,,,,13,,"R","R","L","MIN","TEX","S",,,0,0,2023,"-1.03","0.25",-1.2240077951865806,0.14836855849216768,,456781,596146,2,9,"Bot",,,,,,,-1.2582249778776373,-129.73770490644256,-9.812183983006229,-11.501894634015454,24.796106421201937,-27.700558192905962,3.61,1.69,,,,"91.3",2567,"7.4",716824,641680,663993,543760,677649,608369,608671,665750,666969,"53.13",,,,,,,,79,1,"Slider",5,5,5,5,5,5,5,5,"Standard","Strategic",273,"-0.017","-0.04",,,,,"0.04",,0,0,0.614,0.614,35,28,35,29,1,4,1,1,2,1,"2.6","-1.03","1.03","57.6",,,,,
"FF","2023-08-27","99.4","0.19","6.09","Chapman, Aroldis",596146,547973,"walk","ball",,,,,13,"Max Kepler walks.","R","L","L","MIN","TEX","B",,,3,1,2023,"0.47","1.57",-0.3940826389557599,0.9967649006086401,,456781,,2,9,"Bot",,,,,,,-2.7470241579093373,-144.40305109677533,-12.451797628191185,7.226253859629014,30.117909958050113,-7.6360894753440425,3.52069348446393,1.66624394167037,,,,"101.3",2424,"7.2",716824,641680,663993,543760,677649,608369,608671,665750,666969,"53.3",,0.695903,"0.7",1,0,0,,78,5,"4-Seam Fastball",5,5,5,5,5,5,5,5,"Standard","Standard",156,"0.002","0.075",,,,,"-0.075",,0,0,0.612,0.612,35,30,35,30,1,1,1,1,2,1,"0.73","0.47","0.47","50.5",,,,,
"FF","2023-08-27","100.8","0.28","6.2","Chapman, Aroldis",596146,547973,,"called_strike",,,,,13,,"R","L","L","MIN","TEX","S",,,3,0,2023,"0.56","1.52",-0.9398394678508106,2.4282614510365788,,456781,,2,9,"Bot",,,,,,,-4.806673103881794,-146.6685223996742,-8.968918814128726,9.104802854797077,30.939936725471696,-8.277870099501884,3.64122022290682,1.81140937518079,,,,"103",2459,"7.2",716824,641680,663993,543760,677649,608369,608671,665750,666969,"53.27",,,,,,,,78,4,"4-Seam Fastball",5,5,5,5,5,5,5,5,"Standard","Standard",157,"0","-0.023",,,,,"0.023",,0,0,0.612,0.612,35,30,35,30,1,1,1,1,2,1,"0.7","0.56","0.56","48.5",,,,,
"FF","2023-08-27","100.9","0.28","6.13","Chapman, Aroldis",596146,547973,,"ball",,,,,13,,"R","L","L","MIN","TEX","B",,,2,0,2023,"0.35","1.62",-1.3563205411785177,1.1986708051291928,,456781,,2,9,"Bot",,,,,,,-5.469108570451707,-146.4934755928963,-12.438362518298726,6.288530500017388,31.736333093480155,-6.16829247781885,3.52138701465184,1.78244688312591,,,,"102.7",2514,"7.2",716824,641680,663993,543760,677649,608369,608671,665750,666969,"53.28",,,,,,,,78,3,"4-Seam Fastball",5,5,5,5,5,5,5,5,"Standard","Standard",155,"0.001","0.037",,,,,"-0.037",,0,0,0.611,0.611,35,30,35,30,1,1,1,1,2,1,"0.61","0.35","0.35","54.1",,,,,
"FF","2023-08-27","98.3","0.28","6.27","Chapman, Aroldis",596146,547973,,"ball",,,,,12,,"R","L","L","MIN","TEX","B",,,1,0,2023,"0.57","1.46",0.9839165402604226,5.16138332468943,,,456781,2,9,"Bot",,,,,,,0.584700932977075,-143.30278501305028,-0.9939952245502814,7.759483136642662,31.604970218524734,-11.92962012447099,3.52069348446393,1.69851999556051,,,,"100",2406,"7",716824,641680,663993,543760,677649,608369,608671,665750,666969,"53.48",,,,,,,,78,2,"4-Seam Fastball",5,5,5,5,5,5,5,5,"Standard","Strategic",158,"0.043","0.037",,,,,"-0.037",,0,0,0.568,0.568,35,30,35,30,1,1,1,1,2,1,"0.88","0.57","0.57","51.6",,,,,
"FF","2023-08-27","101.6","0.37","6.24","Chapman, Aroldis",596146,547973,,"ball",,,,,11,,"R","L","L","MIN","TEX","B",,,0,0,2023,"0.51","1.55",-0.9450250244717667,2.914039384422577,,,456781,2,9,"Bot",,,,,,,-4.977608460920921,-147.7761698610543,-7.912109821951555,8.654649022080088,31.56680869231012,-7.717194743973833,3.52069348446393,1.69851999556051,,,,"103.6",2510,"7.1",716824,641680,663993,543760,677649,608369,608671,665750,666969,"53.37",,,,,,,,78,1,"4-Seam Fastball",5,5,5,5,5,5,5,5,"Standard","Strategic",158,"0.005","0.03",,,,,"-0.03",,0,0,0.563,0.563,35,30,35,30,1,1,1,1,2,1,"0.64","0.51","0.51","51.0",,,,,
"SI","2023-08-27","101","0.13","6.21","Chapman, Aroldis",593871,547973,"strikeout","foul_tip",,,,,5,"Jorge Polanco strikes out on a foul tip.","R","R","L","MIN","TEX","S",2,,2,2,2023,"0.99","1.4",-0.22974640556109438,2.5979073312739507,,,456781,1,9,"Bot",,,,,,,-3.4269335618906256,-146.959596337666,-8.237604070484569,15.140747464491088,32.930333111458744,-10.197798293147965,3.39,1.65,,,,"103.2",2490,"7.3",716824,641680,663993,543760,677649,608369,608671,665750,666969,"53.16",,0,"0",1,0,0,,77,5,"Sinker",5,5,5,5,5,5,5,5,"Standard","Strategic",166,"-0.061","-0.23",,,,,"0.23",,0,0,0.624,0.624,35,29,35,30,1,4,1,1,2,1,"0.83","0.99","-0.99","53.3",,,,,
"SI","2023-08-27","100.7","0.24","6.29","Chapman, Aroldis",593871,547973,,"ball",,,,,12,,"R","R","L","MIN","TEX","B",,,1,2,2023,"0.83","1.31",1.3536187818268608,2.6427696509385155,,,456781,1,9,"Bot",,,,,,,1.1319153035305993,-146.65686396750914,-8.095356142956657,11.861425803450851,31.01842106469985,-11.665374716997968,3.23679824780155,1.5242502895303,,,,"102.9",2530,"7.2",716824,641680,663993,543760,677649,608369,608671,665750,666969,"53.3",,,,,,,,77,4,"Sinker",5,5,5,5,5,5,5,5,"Standard","Strategic",165,"0.011","0.047",,,,,"-0.047",,0,0,0.613,0.613,35,29,35,30,1,4,1,1,2,1,"0.92","0.83","-0.83","52.6",,,,,
"SI","2023-08-27","99.4","0.17","6.23","Chapman, Aroldis",593871,547973,,"called_strike",,,,,11,,"R","R","L","MIN","TEX","S",,,1,1,2023,"0.98","1.22",-0.5540983727017473,3.415068631732075,,,456781,1,9,"Bot",,,,,,,-4.3641030339186555,-144.81052691808108,-5.31826593624948,14.809464521286946,30.050725170983462,-13.906982300564572,3.26492160454385,1.49435303240883,,,,"101.5",2415,"7.1",716824,641680,663993,543760,677649,608369,608671,665750,666969,"53.36",,,,,,,,77,3,"Sinker",5,5,5,5,5,5,5,5,"Standard","Strategic",170,"-0.018","-0.055",,,,,"0.055",,0,0,0.631,0.631,35,29,35,30,1,4,1,1,2,1,"1.06","0.98","-0.98","52.4",,,,,
"FF","2023-08-27","99.5","0.07","6.16","Chapman, Aroldis",593871,547973,,"called_strike",,,,,4,,"R","R","L","MIN","TEX","S",,,1,0,2023,"0.47","1.5",-0.2838699169384293,2.694576168437262,,,456781,1,9,"Bot",,,,,,,-2.113320771733659,-144.86822044766816,-7.77713901840649,7.06634541918876,31.716466661491655,-9.477196407757521,3.20768226948184,1.55329158379796,,,,"101.4",2462,"7.2",716824,641680,663993,543760,677649,608369,608671,665750,666969,"53.34",,,,,,,,77,2,"4-Seam Fastball",5,5,5,5,5,5,5,5,"Standard","Strategic",158,"-0.011","-0.053",,,,,"0.053",,0,0,0.642,0.642,35,29,35,30,1,4,1,1,2,1,"0.79","0.47","-0.47","50.5",,,,,
"FF","2023-08-27","100","0.38","6.23","Chapman, Aroldis",593871,547973,,"ball",,,,,12,,"R","R","L","MIN","TEX","B",,,0,0,2023,"0.44","1.49",0.1175653399259971,3.763352007670741,,,456781,1,9,"Bot",,,,,,,-1.803011051677471,-145.62556690471666,-5.057287613437597,6.702964508435367,32.25776448610053,-9.945344122263997,3.23679824780155,1.5242502895303,,,,"101.7",2512,"7",716824,641680,663993,543760,677649,608369,608671,665750,666969,"53.46",,,,,,,,77,1,"4-Seam Fastball",5,5,5,5,5,5,5,5,"Standard","Strategic",163,"0.007","0.036",,,,,"-0.036",,0,0,0.635,0.635,35,29,35,30,1,4,1,1,2,1,"0.77","0.44","-0.44","52.3",,,,,
"SI","2023-08-27","100.1","0.22","6.13","Chapman, Aroldis",456781,547973,"single","hit_into_play",,,,,8,"Donovan Solano singles on a line drive to center fielder Leody Taveras. Michael A. Taylor scores.","R","R","L","MIN","TEX","X",8,"line_drive",2,2,2023,"0.87","1.27",-0.024869444511196326,1.4098107981483783,,572191,,1,9,"Bot",139.49,95.33,,,,,-2.7844136801500032,-145.48388997900494,-10.863326516130268,13.032408738087979,31.874266518422793,-11.817790149331683,3.2,1.46,207,"78.1",16,"102.1",2435,"7.3",716824,641680,663993,543760,677649,608369,608671,665750,666969,"53.24",0.866,0.804,"0.9",1,1,0,4,76,5,"Sinker",4,5,4,5,5,5,5,5,"Standard","Standard",163,"0.366","0.596",,,,0.962,"-0.596","88.0",-1,-1,0.269,0.269,35,35,35,36,1,4,1,1,2,1,"1","0.87","-0.87","49.4",,,,,
"FF","2023-08-27","99.1","0.18","6.25","Chapman, Aroldis",456781,547973,,"foul",,,,,3,,"R","R","L","MIN","TEX","S",,,2,1,2023,"0.21","1.51",0.5150285520087643,2.7064761799865593,,572191,,1,9,"Bot",,,,,,,0.45000587920279006,-144.29313302643376,-7.975950676587556,2.785728004037757,30.87119367639597,-9.449694642308453,3.2,1.46,282,"83.8",35,"101.2",2419,"7.2",716824,641680,663993,543760,677649,608369,608671,665750,666969,"53.25",,,,,,,,76,4,"4-Seam Fastball",4,5,4,5,5,4,4,5,"Infield shade","Standard",163,"-0.026","-0.09",,,,,"0.09","88.0",-1,-1,0.295,0.295,35,35,35,36,1,4,1,1,2,1,"0.79","0.21","-0.21","54.7",,,,,
"FF","2023-08-27","99.2","0.5","6.19","Chapman, Aroldis",456781,547973,,"called_strike",,,,,3,,"R","R","L","MIN","TEX","S",,,2,0,2023,"0.13","1.5",0.46679353146578967,2.6725123398863397,,572191,,1,9,"Bot",,,,,,,-0.40111161428719977,-144.31660810621446,-7.855568461897613,1.9647723670923947,31.930046203358426,-9.581928487247815,3.09123677933883,1.40809938997868,,,,"100.9",2422,"7.1",716824,641680,663993,543760,677649,608369,608671,665750,666969,"53.38",,,,,,,,76,3,"4-Seam Fastball",4,5,4,5,5,4,4,5,"Infield shade","Standard",162,"-0.011","-0.032",,,,,"0.032",,-1,-1,0.306,0.306,35,35,35,36,1,4,1,1,2,1,"0.81","0.13","-0.13","52.3",,,,,
"SL","2023-08-27","87.1","0.19","6.27","Chapman, Aroldis",456781,547973,,"ball",,,,,11,,"R","R","L","MIN","TEX","B",,,1,0,2023,"-1.08","0.49",-1.1510981551146822,2.725896099421147,,,572191,1,9,"Bot",,,,,,,-1.0210395345287282,-126.85397972103095,-3.447367243499861,-11.475835731495845,24.948369792087966,-26.363825031263346,3.06212997377499,1.43713499444704,,,,"89",2448,"7.4",716824,641680,663993,543760,677649,608369,608671,665750,666969,"53.14",,,,,,,,76,2,"Slider",4,5,4,5,5,4,4,5,"Standard","Strategic",273,"0.026","0.054",,,,,"-0.054",,-1,-1,0.227,0.227,35,35,35,36,1,4,1,1,2,1,"2.5","-1.08","1.08","57.5",,,,,
"SL","2023-08-27","90.8","0.28","6.26","Chapman, Aroldis",456781,547973,,"blocked_ball",,,,,13,,"R","R","L","MIN","TEX","B",,,0,0,2023,"-0.81","0.53",-1.292853404039921,0.6894151690656061,,,572191,1,9,"Bot",,,,,,,-2.2424225495035817,-131.9993122244565,-9.325648831211353,-9.005114802273937,27.744183782556018,-24.1866106598873,3.03302497921712,1.43713499444704,,,,"92.5",2484,"7.3",716824,641680,663993,543760,677649,608369,608671,665750,666969,"53.19",,,,,,,,76,1,"Slider",4,5,4,5,5,4,4,5,"Standard","Strategic",267,"0.013","0.036",,,,,"-0.036",,-1,-1,0.214,0.214,35,35,35,36,1,4,1,1,2,1,"2.23","-0.81","0.81","54.9",,,,,
"FF","2023-08-26","101","0.28","6.28","Chapman, Aroldis",456781,547973,"field_out","hit_into_play",,,,,2,"Donovan Solano flies out to right fielder Adolis Garcia.","R","R","L","MIN","TEX","X",9,"fly_ball",0,1,2023,"0.38","1.54",-0.06243559884319427,3.156020390548292,,656669,,2,9,"Bot",200.25,92.56,,,,,-1.8833783871889909,-147.03106563792957,-7.1388757030440395,5.963130883210782,35.347736422137174,-8.395002362326814,3.2,1.46,321,"93.3",28,"102.3",2485,"7",716839,641680,663993,543760,677649,608369,608671,665750,666969,"53.51",0.118,0.183,"0",1,0,0,3,74,2,"4-Seam Fastball",2,6,2,6,6,2,2,6,"Standard","Standard",159,"-0.005","-0.249","63.6","6.1",,0.32,"0.249","93.3",-4,-4,0.005,0.005,35,35,35,36,1,3,5,1,1,1,"0.7","0.38","-0.38","50.1",0.7469853413864996,12.92283344491371,25.651339914336877,36.07145511045684,19.135618918405363
"FF","2023-08-26","100.9","0.26","6.22","Chapman, Aroldis",456781,547973,,"called_strike",,,,,5,,"R","R","L","MIN","TEX","S",,,0,0,2023,"0.28","1.65",-0.2395813373577066,2.1901119513356737,,,656669,2,9,"Bot",,,,,,,-2.076186612733801,-146.5888893070542,-9.93560996014925,4.502364067131133,35.466546594111165,-6.161319279650047,3.14751425972038,1.46546946874755,,,,"102.2",2456,"7.1",716839,641680,663993,543760,677649,608369,608671,665750,666969,"53.38",,,,,,,,74,1,"4-Seam Fastball",2,6,2,6,6,2,2,6,"Standard","Standard",154,"0","-0.045",,,,,"0.045",,-4,-4,0.005,0.005,35,35,35,36,1,3,5,1,1,1,"0.6","0.28","-0.28","49.4",,,,,
"SI","2023-08-26","101.3","0.25","6.1","Chapman, Aroldis",668904,547973,"strikeout","swinging_strike",,,,,5,"Royce Lewis strikes out swinging.","R","R","L","MIN","TEX","S",2,,1,2,2023,"1.11","1.45",0.06110732161041088,2.746815569548816,,,656669,1,9,"Bot",,,,,,,-3.234603704967778,-147.26068517947328,-7.599453600528215,16.927468373353673,37.03554903742715,-9.418111356881914,3.4,1.59,,,,"102.5",2461,"7.1",716839,641680,663993,543760,677649,608369,608671,665750,666969,"53.4",,0,"0",1,0,0,,73,4,"Sinker",2,6,2,6,6,2,2,6,"Strategic","Standard",163,"-0.009","-0.183","75.8","7.1","0.1",,"0.183",,-4,-4,0.014,0.014,35,24,35,24,1,3,5,1,1,1,"0.78","1.11","-1.11","47.6",3.7437576264678554,12.521522904374752,27.05786979305223,40.6799960672508,17.828313941521177
"SI","2023-08-26","102.1","0.16","6.06","Chapman, Aroldis",668904,547973,,"ball",,,,,13,,"R","R","L","MIN","TEX","B",,,0,2,2023,"0.94","1.35",-0.5010942056239672,1.196358124057473,,,656669,1,9,"Bot",,,,,,,-4.233689240788441,-148.27320627486628,-11.923961617887315,14.890501274063586,35.10584310371123,-9.561143513779646,3.28927702014575,1.56644434767982,,,,"104.2",2037,"7.5",716839,641680,663993,543760,677649,608369,608671,665750,666969,"53",,,,,,,,73,3,"Sinker",2,6,2,6,6,2,2,6,"Strategic","Standard",133,"0.001","0.023",,,,,"-0.023",,-4,-4,0.013,0.013,35,24,35,24,1,3,5,1,1,1,"0.84","0.94","-0.94","49.8",,,,,
"SL","2023-08-26","88.1","0.13","6.25","Chapman, Aroldis",668904,547973,,"swinging_strike",,,,,13,,"R","R","L","MIN","TEX","S",,,0,1,2023,"-1.05","0.09",-1.1135140569518454,0.9394063751415827,,,656669,1,9,"Bot",,,,,,,-0.837477784178042,-128.1871704822568,-7.103745596921569,-11.45165588446005,25.236169001191364,-29.984202285421954,3.4,1.59,,,,"89.6",2337,"7.1",716839,641680,663993,543760,677649,608369,608671,665750,666969,"53.39",,,,,,,,73,2,"Slider",2,6,2,6,6,2,2,6,"Infield shade","Standard",284,"-0.003","-0.053","74.0","8.4","3.385812564",,"0.053",,-4,-4,0.016,0.016,35,24,35,24,1,3,5,1,1,1,"2.84","-1.05","1.05","56.9",13.389975347354634,-20.689864487036928,34.801477683762506,26.767116493137006,35.18360142061955
"FF","2023-08-26","97.6","0.2","6.05","Chapman, Aroldis",668904,547973,,"called_strike",,,,,7,,"R","R","L","MIN","TEX","S",,,0,0,2023,"0.37","1.5",-0.4581878122720474,2.015628640943696,,,656669,1,9,"Bot",,,,,,,-2.64700760676164,-141.98824947263097,-8.951998539553971,5.561972278995982,32.338068913292,-9.992719859501635,3.52234742308482,1.62454622237163,,,,"99.2",2416,"7.2",716839,641680,663993,543760,677649,608369,608671,665750,666969,"53.34",,,,,,,,73,1,"4-Seam Fastball",2,6,2,6,6,2,2,6,"Standard","Standard",157,"-0.002","-0.042",,,,,"0.042",,-4,-4,0.018,0.018,35,24,35,24,1,3,5,1,1,1,"0.89","0.37","-0.37","49.6",,,,,
"SI","2023-08-21","102.3","0.27","6.24","Chapman, Aroldis",672515,547973,"strikeout","swinging_strike",,,,,2,"Gabriel Moreno strikes out swinging.","R","R","L","AZ","TEX","S",2,,0,2,2023,"1.16","1.26",-0.11192156926500507,3.2962728048782903,,502054,666971,2,10,"Bot",,,,,,,-3.9562836938442834,-148.82182904580824,-6.197317793793532,18.25726384039456,36.187929608353585,-12.105695274552533,3.3,1.51,,,,"104",2374,"7.2",716906,641680,663993,543760,677649,608369,608671,665750,666969,"53.26",,0,"0",1,0,0,,69,5,"Sinker",1,1,1,1,1,1,1,1,"Standard","Strategic",154,"-0.068","-0.195",,,,,"0.195",,0,0,0.568,0.568,35,23,35,23,1,3,5,2,5,1,"0.92","1.16","-1.16","52.0",,,,,
"SI","2023-08-21","102.4","0.34","6.22","Chapman, Aroldis",672515,547973,,"foul",,,,,5,,"R","R","L","AZ","TEX","S",,,0,2,2023,"1.08","1.46",0.25717455811809176,2.2291459684142203,,502054,666971,2,10,"Bot",,,,,,,-2.8792022732123486,-148.84982273940616,-9.65377383074449,16.73718498971012,36.18187466826527,-8.336408468867234,3.3,1.51,238,"79.7",27,"103.7",2349,"7.1",716906,641680,663993,543760,677649,608369,608671,665750,666969,"53.43",,,,,,,,69,4,"Sinker",1,1,1,1,1,1,1,1,"Standard","Standard",160,"0","0","72.0","6.9",,,"0","88.0",0,0,0.568,0.568,35,23,35,23,1,3,5,2,5,1,"0.72","1.08","-1.08","52.8",-4.27176518194298,16.3926660493946,36.68669996397512,38.60164138128692,18.31143570332411
"SI","2023-08-21","101.4","0.33","6.27","Chapman, Aroldis",672515,547973,,"foul",,,,,3,,"R","R","L","AZ","TEX","S",,,0,2,2023,"0.79","1.45",0.36820491884978995,2.7478556700313366,,502054,666971,2,10,"Bot",,,,,,,-1.8093849922168503,-147.61031742333776,-8.150272259123287,12.031414504324848,33.722513983984605,-9.184738161188513,3.3,1.51,245,"84.1",23,"103",2423,"7",716906,641680,663993,543760,677649,608369,608671,665750,666969,"53.47",,,,,,,,69,3,"Sinker",1,1,1,1,1,1,1,1,"Standard","Standard",164,"0","0","61.6","6.0",,,"0","88.0",0,0,0.568,0.568,35,23,35,23,1,3,5,2,5,1,"0.75","0.79","-0.79","50.6",-16.912182483124994,35.90074380095773,34.71582983962276,40.30752560334031,2.8511413096115072
"FF","2023-08-21","101","0.32","6.22","Chapman, Aroldis",672515,547973,,"foul",,,,,11,,"R","R","L","AZ","TEX","S",,,0,1,2023,"0.39","1.51",-0.9220255334424463,2.849280869908824,,502054,666971,2,10,"Bot",,,,,,,-4.489177997451324,-146.9436033077636,-7.7970404477919235,6.777145507225479,35.2560085775234,-8.682473266168017,3.3,1.51,172,"80.2",14,"102.7",2351,"7.3",716906,641680,663993,543760,677649,608369,608671,665750,666969,"53.23",,,,,,,,69,2,"4-Seam Fastball",1,1,1,1,1,1,1,1,"Standard","Standard",159,"-0.029","-0.061","63.7","5.6",,,"0.061","88.0",0,0,0.597,0.597,35,23,35,23,1,3,5,2,5,1,"0.73","0.39","-0.39","59.4",-11.60886411665449,25.09043972584268,43.122740301524914,24.866011827082996,17.283814287353582
"FF","2023-08-21","99.9","0.55","6.21","Chapman, Aroldis",672515,547973,,"called_strike",,,,,6,,"R","R","L","AZ","TEX","S",,,0,0,2023,"0.21","1.44",0.7791696565426787,2.785718793725796,,502054,666971,2,10,"Bot",,,,,,,0.161018132944231,-145.29483089389925,-7.51653909872621,2.8540523990933115,36.53953976869475,-10.210031217649322,3.38721043902512,1.50746965346413,,,,"101.2",2324,"7.2",716906,641680,663993,543760,677649,608369,608671,665750,666969,"53.28",,,,,,,,69,1,"4-Seam Fastball",1,1,1,1,1,1,1,1,"Standard","Standard",152,"-0.017","-0.04",,,,,"0.04",,0,0,0.614,0.614,35,23,35,23,1,3,5,2,5,1,"0.86","0.21","-0.21","53.3",,,,,
"FF","2023-08-21","98.6","0.63","5.99","Chapman, Aroldis",607054,547973,"field_out","hit_into_play",,,,,8,"Jace Peterson flies out to left fielder Travis Jankowski.","R","L","L","AZ","TEX","X",7,"fly_ball",1,0,2023,"0.46","1.18",0.19345134481283194,1.9584854986993117,,502054,666971,1,10,"Bot",59.55,104.24,,,,,-2.3021029936577735,-143.44121061210612,-8.414676623866812,6.916352785595455,32.139046670061546,-14.11141878699805,3.24,1.5,286,"87.2",44,"100.4",2257,"7.2",716906,641680,663993,543760,677649,608369,608671,665750,666969,"53.26",0.008,0.009,"0",1,0,0,3,68,2,"4-Seam Fastball",1,1,1,1,1,1,1,1,"Standard","Standard",155,"-0.109","-0.281","71.7","6.9",,0.013,"0.281","88.0",0,0,0.723,0.723,35,33,35,33,1,0,5,2,5,1,"1.16","0.46","0.46","45.7",5.487009572779296,1.7717346234265217,39.404731406698104,34.25225910699872,32.646008657201975
"FF","2023-08-21","97.7","0.39","6.19","Chapman, Aroldis",607054,547973,,"ball",,,,,12,,"R","L","L","AZ","TEX","B",,,0,0,2023,"0.55","1.2",0.03912229519708743,3.7615794112254486,,502054,666971,1,10,"Bot",,,,,,,-2.268882935647567,-142.27482199901982,-3.8763593836266206,8.026172456198903,33.03796039523015,-15.166258665337033,3.25431980686266,1.58933256095697,,,,"99.3",2310,"7.1",716906,641680,663993,543760,677649,608369,608671,665750,666969,"53.36",,,,,,,,68,1,"4-Seam Fastball",1,1,1,1,1,1,1,1,"Standard","Standard",152,"0.013","0.042",,,,,"-0.042",,0,0,0.71,0.71,35,33,35,33,1,0,5,2,5,1,"1.18","0.55","0.55","49.1",,,,,
"SI","2023-08-21","100.9","0.38","6.23","Chapman, Aroldis",572233,547973,"field_out","hit_into_play",,,,,8,"Christian Walker grounds out, shortstop Corey Seager to first baseman Nathaniel Lowe.","R","R","L","AZ","TEX","X",6,"ground_ball",2,2,2023,"1.04","1.4",-0.005207540087004081,1.6187745856870617,,502054,,0,10,"Bot",105.17,149.66,,,,,-3.629784660358993,-146.53404248167152,-11.008192984547204,15.844879877011733,34.49172780823293,-9.635547893585333,3.47,1.61,3,"74.4",-29,"102.8",2500,"7.4",716906,641680,663993,543760,677649,608369,608671,665750,666969,"53.11",0.038,0.047,"0",1,0,0,2,66,5,"Sinker",1,1,1,1,1,1,1,1,"Standard","Standard",163,"-0.087","-0.158","78.0","7.2",,0.038,"0.158","88.0",0,0,0.79,0.79,35,32,35,32,1,3,5,2,5,1,"0.85","1.04","-1.04","51.5",-6.359790551694432,4.062051855104185,38.336533672305656,34.79843151594817,22.08113052140767
"FF","2023-08-21","96.3","0.35","6.22","Chapman, Aroldis",572233,547973,,"swinging_strike",,,,,3,,"R","R","L","AZ","TEX","S",,,2,1,2023,"0.28","1.45",0.36774545252967955,3.5291840752122807,,502054,,0,10,"Bot",,,,,,,-0.6024888754277582,-140.1505821985257,-4.933981524092302,3.860151568556712,32.07778018872856,-12.186229472667554,3.47,1.61,,,,"98",2324,"7.2",716906,641680,663993,543760,677649,608369,608671,665750,666969,"53.26",,,,,,,,66,4,"4-Seam Fastball",1,1,1,1,1,1,1,1,"Infield shade","Standard",156,"-0.016","-0.082","74.3","6.1","1.862722152",,"0.082",,0,0,0.806,0.806,35,32,35,32,1,3,5,2,5,1,"1.01","0.28","-0.28","54.0",-3.9437663997143573,28.083673211202196,17.176862988380453,40.191955522920374,15.956824298091458
"FF","2023-08-21","97.6","0.44","6.23","Chapman, Aroldis",572233,547973,,"foul",,,,,5,,"R","R","L","AZ","TEX","S",,,2,0,2023,"0.11","1.57",-0.06888392188951871,2.869808772426364,,502054,,0,10,"Bot",,,,,,,-1.6462274327271529,-141.94292170906695,-7.2450465400474915,1.8390031548175951,33.09102614065106,-9.444728460530007,3.47,1.61,234,"77.6",33,"99",2487,"7.2",716906,641680,663993,543760,677649,608369,608671,665750,666969,"53.35",,,,,,,,66,3,"4-Seam Fastball",1,1,1,1,1,1,1,1,"Infield shade","Standard",158,"-0.001","-0.063","68.1","6.0",,,"0.063","88.0",0,0,0.807,0.807,35,32,35,32,1,3,5,2,5,1,"0.82","0.11","-0.11","54.2",-11.394550251349232,24.144968462050667,33.79097970839266,35.679840900224775,13.650372589125585
"FF","2023-08-21","96.5","0.6","6.25","Chapman, Aroldis",572233,547973,,"ball",,,,,12,,"R","R","L","AZ","TEX","B",,,1,0,2023,"0.29","1.52",1.2427691559569027,4.453299413106415,,502054,,0,10,"Bot",,,,,,,1.0735758192741922,-140.5321776591119,-2.6815246537793365,3.582970937933205,32.9292786019522,-11.699171355045781,3.55349491643387,1.65525747886385,,,,"97.7",2382,"7",716906,641680,663993,543760,677649,608369,608671,665750,666969,"53.51",,,,,,,,66,2,"4-Seam Fastball",1,1,1,1,1,1,1,1,"Infield shade","Standard",160,"0.001","0.052",,,,,"-0.052",,0,0,0.806,0.806,35,32,35,32,1,3,5,2,5,1,"0.93","0.29","-0.29","52.6",,,,,
"FF","2023-08-21","95.8","0.61","6.31","Chapman, Aroldis",572233,547973,,"ball",,,,,12,,"R","R","L","AZ","TEX","B",,,0,0,2023,"0.21","1.63",0.9434072717888711,4.853736376394255,,502054,,0,10,"Bot",,,,,,,0.4125253703130891,-139.5936529155097,-1.9386617258095036,2.6591618411714886,32.834705439076636,-10.711049647987629,3.48695790435081,1.58933256095697,,,,"97.3",2311,"7.2",716906,641680,663993,543760,677649,608369,608671,665750,666969,"53.31",,,,,,,,66,1,"4-Seam Fastball",1,1,1,1,1,1,1,1,"Infield shade","Standard",159,"0.001","0.036",,,,,"-0.036",,0,0,0.805,0.805,35,32,35,32,1,3,5,2,5,1,"0.86","0.21","-0.21","52.7",,,,,
,"2023-08-21",,,,"Chapman, Aroldis",666971,547973,,"automatic_ball",,,,,,,"R","R","L","AZ","TEX","B",,,0,0,2023,,,,,,502054,,1,10,"Bot",,,,,,,,,,,,,,,,,,,,,716906,641680,663993,543760,677649,608369,608671,665750,666969,,,,,,,,,67,1,,1,1,1,1,1,1,1,1,,,,"0.001",,,,,,,,0,0,0.703,0.703,35,29,35,30,1,3,5,2,5,1,,,,,,,,,
,"2023-08-21",,,,"Chapman, Aroldis",666971,547973,,"automatic_ball",,,,,,,"R","R","L","AZ","TEX","B",,,2,0,2023,,,,,,502054,,1,10,"Bot",,,,,,,,,,,,,,,,,,,,,716906,641680,663993,543760,677649,608369,608671,665750,666969,,,,,,,,,67,3,,1,1,1,1,1,1,1,1,,,,"0.002",,,,,,,,0,0,0.705,0.705,35,29,35,30,1,3,5,2,5,1,,,,,,,,,
,"2023-08-21",,,,"Chapman, Aroldis",666971,547973,"intent_walk","automatic_ball",,,,,,"Aroldis Chapman intentionally walks Lourdes Gurriel Jr.","R","R","L","AZ","TEX","B",,,3,0,2023,,,,,,502054,,1,10,"Bot",,,,,,,,,,,,,,,,,,,,,716906,641680,663993,543760,677649,608369,608671,665750,666969,,,,"0.4",0,0,0,,67,4,,1,1,1,1,1,1,1,1,,,,"0.003",,,,,,,,0,0,0.707,0.707,35,29,35,30,1,3,5,2,5,1,,,,,,,,,
,"2023-08-21",,,,"Chapman, Aroldis",666971,547973,,"automatic_ball",,,,,,,"R","R","L","AZ","TEX","B",,,1,0,2023,,,,,,502054,,1,10,"Bot",,,,,,,,,,,,,,,,,,,,,716906,641680,663993,543760,677649,608369,608671,665750,666969,,,,,,,,,67,2,,1,1,1,1,1,1,1,1,,,,"0.001",,,,,,,,0,0,0.704,0.704,35,29,35,30,1,3,5,2,5,1,,,,,,,,,
"SL","2023-08-16","90.1","0.54","6.27","Chapman, Aroldis",519058,547973,"field_out","hit_into_play",,,,,9,"Mike Moustakas grounds out, pitcher Aroldis Chapman to shortstop Corey Seager to first baseman Nathaniel Lowe.","R","L","L","TEX","LAA","X",1,"ground_ball",0,1,2023,"-0.69","0.85",0.380748418135598,1.9813441713120579,,,660271,2,8,"Top",118.9,147.87,,,,,1.0853941532360973,-131.1738908051976,-6.67855929360477,-8.172540115332545,25.526626554154493,-21.15974940822058,3.44,1.64,9,"68.8",-12,"92.2",2304,"7.4",716971,641598,663993,543760,677649,608369,608671,665750,666969,"53.14",0.05,0.045,"0",1,0,0,2,57,2,"Slider",0,1,1,0,1,0,1,0,"Strategic","Standard",281,"0.021","-0.241","46.7","6.1",,0.086,"0.241","88.0",-1,1,0.287,0.7130000000000001,35,34,35,35,1,3,1,2,5,2,"1.93","-0.69","-0.69","53.4",-7.925857480108299,13.38744158518897,32.960680646071616,31.141790880852987,27.105475581927355
"FF","2023-08-16","101.1","0.48","6.24","Chapman, Aroldis",519058,547973,,"swinging_strike",,,,,5,,"R","L","L","TEX","LAA","S",,,0,0,2023,"0.06","1.45",-0.20953841280048452,2.7369924429825128,,,660271,2,8,"Top",,,,,,,-2.0794314409778436,-147.02710720552605,-7.992438888614797,1.3120863856398934,34.78906871064626,-9.462263264101471,3.44,1.64,,,,"102.1",2421,"6.9",716971,641598,663993,543760,677649,608369,608671,665750,666969,"53.62",,,,,,,,57,1,"4-Seam Fastball",0,1,1,0,1,0,1,0,"Strategic","Standard",162,"0.004","-0.045","76.0","7.1","0.616690464",,"0.045",,-1,1,0.283,0.7170000000000001,35,34,35,35,1,3,1,2,5,2,"0.78","0.06","0.06","48.8",7.831284584774515,2.7845768881104718,26.978491214979456,39.072399592923645,26.648771601290665
"SI","2023-08-16","102.3","0.37","6.25","Chapman, Aroldis",592273,547973,"strikeout","swinging_strike",,,,,14,"Brandon Drury strikes out swinging.","R","R","L","TEX","LAA","S",2,,1,2,2023,"1.07","1.3",1.0052712986710817,2.1467127092811014,,,660271,1,8,"Top",,,,,,,-0.8246886791591884,-148.80240887001403,-9.575105723513797,16.18434949081656,35.17093474778813,-10.82853325472155,3.6,1.76,,,,"103.6",2376,"7",716971,641598,663993,543760,677649,608369,608671,665750,666969,"53.53",,0,"0",1,0,0,,56,4,"Sinker",0,1,1,0,1,0,1,0,"Standard","Standard",164,"0.02","-0.183","72.5","7.0","0.449371848",,"0.183",,-1,1,0.263,0.737,35,30,35,31,1,3,1,1,5,2,"0.88","1.07","-1.07","50.1",-6.767864349378091,28.164262122126363,31.95454138518811,49.81294727894468,9.100628105893833
"SL","2023-08-16","90.2","0.4","6.11","Chapman, Aroldis",592273,547973,,"foul",,,,,3,,"R","R","L","TEX","LAA","S",,,1,1,2023,"-0.08","1.23",0.5686770906937462,3.2748985544082077,,,660271,1,8,"Top",,,,,,,0.6043721706139606,-131.39004900482666,-3.7437190816016086,-1.0939268236161925,29.72940215379428,-17.39734022696797,3.6,1.76,132,"77.1",11,"91.4",,"7.1",716971,641598,663993,543760,677649,608369,608671,665750,666969,"53.38",,,,,,,,56,3,"Slider",0,1,1,0,1,0,1,0,"Standard","Strategic",,"0.008","-0.055","71.0","7.3",,,"0.055","88.0",-1,1,0.255,0.745,35,30,35,31,1,3,1,1,5,2,"1.58","-0.08","0.08","56.5",11.512210803289857,10.866290253588044,26.67858381031087,43.97176880055227,23.867312393274098
"SL","2023-08-16","88.9","0.38","6.25","Chapman, Aroldis",592273,547973,,"swinging_strike",,,,,13,,"R","R","L","TEX","LAA","S",,,1,0,2023,"-0.42","0.71",-0.28364566793043167,1.4893551325849255,,,660271,1,8,"Top",,,,,,,-0.7423825397081949,-129.34521446209592,-7.2157977395354385,-4.578136839546842,26.957652989378822,-22.915747839408425,3.6,1.76,,,,"90.5",2276,"7.3",716971,641598,663993,543760,677649,608369,608671,665750,666969,"53.24",,,,,,,,56,2,"Slider",0,1,1,0,1,0,1,0,"Standard","Strategic",271,"0.004","-0.053","76.7","9.1","6.19098228",,"0.053",,-1,1,0.251,0.749,35,30,35,31,1,3,1,1,5,2,"2.17","-0.42","0.42","58.3",25.858299333947187,-40.423749049655136,34.4526069271018,34.00511526418995,54.67765746105011
"FF","2023-08-16","98.9","0.67","6.2","Chapman, Aroldis",592273,547973,,"ball",,,,,12,,"R","R","L","TEX","LAA","B",,,0,0,2023,"0.34","1.53",0.536916866444384,4.046500408702723,,,660271,1,8,"Top",,,,,,,-1.1623878529796345,-144.07705473426955,-4.052226791821764,4.966172221174357,33.936522416798255,-10.148026402093901,3.6931457891836,1.76000089157557,,,,"99.9",2324,"6.8",716971,641598,663993,543760,677649,608369,608671,665750,666969,"53.71",,,,,,,,56,1,"4-Seam Fastball",0,1,1,0,1,0,1,0,"Standard","Strategic",156,"-0.003","0.036",,,,,"-0.036",,-1,1,0.254,0.746,35,30,35,31,1,3,1,1,5,2,"0.8","0.34","-0.34","49.3",,,,,
"SI","2023-08-13","102.1","0.39","6.29","Chapman, Aroldis",527038,547973,"strikeout","swinging_strike",,,,,3,"Wilmer Flores strikes out swinging.","R","R","L","SF","TEX","S",2,,0,2,2023,"0.92","1.25",0.6441834648127248,3.1575427884587475,,671218,,2,9,"Bot",,,,,,,-1.5347727707887242,-148.7312707868388,-6.70419437133993,14.06591825588463,33.880756217545205,-12.270871940108796,3.14,1.57,,,,"103.9",2238,"7.1",717008,641680,663993,543760,669701,608369,677649,665750,679881,"53.42",,0,"0",1,0,0,,72,4,"Sinker",1,1,1,1,1,1,1,1,"Standard","Strategic",149,"-0.066","-0.185","66.1","6.3","0.715037784",,"0.185",,0,0,0.566,0.566,35,31,35,32,1,0,2,1,2,2,"0.93","0.92","-0.92","51.1",3.4676165643516255,13.398691293370996,24.813756136018302,41.30229660686808,17.637349034135717
"SI","2023-08-13","102.8","0.37","6.21","Chapman, Aroldis",527038,547973,,"foul",,,,,13,,"R","R","L","SF","TEX","S",,,0,2,2023,"1","1.34",-1.0526662559260784,1.212100393361483,,671218,,2,9,"Bot",,,,,,,-6.5594156431473225,-149.22998811945723,-12.375314338251929,16.493966590285464,34.63597517381177,-9.369774366941718,3.14,1.57,76,"37.4",32,"104.6",2490,"7.3",717008,641680,663993,543760,669701,608369,677649,665750,679881,"53.23",,,,,,,,72,3,"Sinker",1,1,1,1,1,1,1,1,"Standard","Strategic",161,"0","0","65.5","6.9",,,"0","88.0",0,0,0.566,0.566,35,31,35,32,1,0,2,1,2,2,"0.82","1","-1","49.3",1.7787155752581392,-3.692143734604322,43.54699531563073,20.35152988283538,23.626018707881027
"FF","2023-08-13","99.8","0.43","6.29","Chapman, Aroldis",527038,547973,,"called_strike",,,,,3,,"R","R","L","SF","TEX","S",,,0,1,2023,"0.29","1.56",0.6645572736177474,3.0893743554130135,,671218,,2,9,"Bot",,,,,,,-0.030024884093989984,-145.31459432276745,-7.1973954180677,4.083500958711517,34.032888970606635,-8.64739403031806,3.17302916208019,1.56335629081942,,,,"101.5",2478,"7.2",717008,641680,663993,543760,669701,608369,677649,665750,679881,"53.32",,,,,,,,72,2,"4-Seam Fastball",1,1,1,1,1,1,1,1,"Standard","Strategic",157,"-0.027","-0.061",,,,,"0.061",,0,0,0.593,0.593,35,31,35,32,1,0,2,1,2,2,"0.73","0.29","-0.29","51.2",,,,,
"FF","2023-08-13","100.4","0.5","6.25","Chapman, Aroldis",527038,547973,,"called_strike",,,,,6,,"R","R","L","SF","TEX","S",,,0,0,2023,"0.25","1.5",0.4613345592940173,2.436000835716137,,671218,,2,9,"Bot",,,,,,,-0.7222975371814669,-146.16759698675173,-8.991772669944577,3.7586727692688084,30.75218226716964,-8.76208470580865,3.2034978486831,1.56335629081942,,,,"103",2474,"7.4",717008,641680,663993,543760,669701,608369,677649,665750,679881,"53.08",,,,,,,,72,1,"4-Seam Fastball",1,1,1,1,1,1,1,1,"Standard","Strategic",158,"-0.017","-0.046",,,,,"0.046",,0,0,0.61,0.61,35,31,35,32,1,0,2,1,2,2,"0.74","0.25","-0.25","50.8",,,,,
"SI","2023-08-13","101.6","0.48","6.26","Chapman, Aroldis",596103,547973,"strikeout","called_strike",,,,,8,"Austin Slater called out on strikes.","R","R","L","SF","TEX","S",2,,1,2,2023,"1","1.28",-0.06028680567018663,2.0719096476392957,,671218,,1,9,"Bot",,,,,,,-3.948056170549835,-147.79376088073968,-9.703285426000235,15.567506328516242,30.173611028053823,-11.412775503505438,3.63129874386828,1.72318011753959,,,,"103.6",2438,"7",717008,641680,663993,543760,669701,608369,677649,665750,679881,"53.46",,0,"0",1,0,0,,71,5,"Sinker",1,1,1,1,1,1,1,1,"Standard","Strategic",150,"-0.065","-0.205",,,,,"0.205",,0,0,0.675,0.675,35,30,35,31,1,0,2,1,2,1,"0.91","1","-1","49.9",,,,,
"SI","2023-08-13","99.3","0.47","6.32","Chapman, Aroldis",596103,547973,,"foul",,,,,5,,"R","R","L","SF","TEX","S",,,1,2,2023,"0.88","1.16",0.16439181306004536,2.899506506501392,,671218,,1,9,"Bot",,,,,,,-2.943617473728371,-144.6066714688549,-6.837524828403128,13.02155841416501,29.860570020443028,-14.527125132153213,3.5,1.73,270,"87.6",39,"101.5",2313,"7.2",717008,641680,663993,543760,669701,608369,677649,665750,679881,"53.29",,,,,,,,71,4,"Sinker",1,1,1,1,1,1,1,1,"Standard","Strategic",162,"0","0","67.2","6.0",,,"0","88.0",0,0,0.675,0.675,35,30,35,31,1,0,2,1,2,1,"1.13","0.88","-0.88","52.4",2.62536616827545,28.89336220395543,35.75336392197786,35.26410016721188,16.896243649367015
"SL","2023-08-13","85.4","0.35","6.33","Chapman, Aroldis",596103,547973,,"foul",,,,,4,,"R","R","L","SF","TEX","S",,,1,1,2023,"-1.4","0.06",-0.5725410160147997,2.67868187388011,,671218,,1,9,"Bot",,,,,,,0.665928058994534,-124.57955338824436,-2.5482520362058643,-14.875919588472042,21.993130865516612,-31.331750568963415,3.5,1.73,139,"54.7",51,"87.6",2331,"7.3",717008,641680,663993,543760,669701,608369,677649,665750,679881,"53.22",,,,,,,,71,3,"Slider",1,1,1,1,1,1,1,1,"Standard","Strategic",289,"-0.023","-0.078","68.8","6.6",,,"0.078","88.0",0,0,0.698,0.698,35,30,35,31,1,0,2,1,2,1,"3.02","-1.4","1.4","55.3",4.235512248964785,12.481069034388199,37.2691423538206,26.05851723090646,23.967519520847798
"SL","2023-08-13","88.2","0.37","6.37","Chapman, Aroldis",596103,547973,,"ball",,,,,13,,"R","R","L","SF","TEX","B",,,0,1,2023,"-0.75","0.33",-0.4702469086166142,1.439456572580915,,671218,,1,9,"Bot",,,,,,,-0.4735862568064662,-128.39805862206074,-6.707958724591252,-8.255157635475587,25.961294255688607,-27.342764903809844,3.53942710241085,1.72318011753959,,,,"89.9",2192,"7.3",717008,641680,663993,543760,669701,608369,677649,665750,679881,"53.24",,,,,,,,71,2,"Slider",1,1,1,1,1,1,1,1,"Standard","Strategic",268,"0.009","0.024",,,,,"-0.024",,0,0,0.689,0.689,35,30,35,31,1,0,2,1,2,1,"2.59","-0.75","0.75","56.7",,,,,
"FF","2023-08-13","97.7","0.5","6.27","Chapman, Aroldis",596103,547973,,"foul",,,,,2,,"R","R","L","SF","TEX","S",,,0,0,2023,"0.27","1.46",0.0793633159547309,3.2802919715047048,,671218,,1,9,"Bot",,,,,,,-1.7997784175800902,-142.35230828707688,-6.075620492637727,4.10362385435593,30.28848883757592,-11.087807653302953,3.5,1.73,199,"82.8",21,"100",2260,"7.3",717008,641680,663993,543760,669701,608369,677649,665750,679881,"53.17",,,,,,,,71,1,"4-Seam Fastball",1,1,1,1,1,1,1,1,"Standard","Standard",162,"-0.014","-0.038","63.7","5.7",,,"0.038","88.0",0,0,0.703,0.703,35,30,35,31,1,0,2,1,2,1,"0.91","0.27","-0.27","55.7",-3.1536314358646242,34.90633957620572,37.128892065429305,32.983850443757945,13.364351821567233
"SI","2023-08-11","100.6","0.58","6.18","Chapman, Aroldis",682641,547973,"strikeout","swinging_strike",,,,,6,"Luis Matos strikes out swinging.","R","R","L","SF","TEX","S",2,,0,2,2023,"1.12","1.13",0.6329225043524203,2.7820929081633383,672275,,,2,8,"Bot",,,,,,,-2.5518933813898252,-146.47152782957934,-6.900931842671732,16.703906250662154,33.83366728996,-14.46357176791146,3.46,1.7,,,,"102.4",2514,"7.2",717031,641598,663993,543760,669701,608369,679881,665750,666969,"53.3",,0,"0",1,0,0,,59,3,"Sinker",0,2,0,2,2,0,0,2,"Standard","Standard",290,"-0.035","-0.19","72.4","6.5","0.706251576",,"0.19",,-2,-2,0.111,0.111,35,21,35,21,1,2,4,2,2,1,"1.11","1.12","-1.12","49.1",-8.725744935949853,25.772505426861297,23.823362333034947,43.77362907607929,14.079706762568499
"FF","2023-08-11","99.1","0.48","6.23","Chapman, Aroldis",682641,547973,,"foul",,,,,4,,"R","R","L","SF","TEX","S",,,0,1,2023,"0.25","1.49",-0.4596456046652422,2.617393526187643,672275,,,2,8,"Bot",,,,,,,-3.2136539302689457,-144.1109661775221,-8.045697079962492,4.27217603897919,33.62817395258195,-9.761241140633556,3.46,1.7,208,"70.6",31,"100.8",2520,"7.3",717031,641598,663993,543760,669701,608369,679881,665750,666969,"53.22",,,,,,,,59,2,"4-Seam Fastball",0,2,0,2,2,0,0,2,"Standard","Standard",152,"-0.014","-0.051","67.4","5.7",,,"0.051","88.0",-2,-2,0.125,0.125,35,21,35,21,1,2,4,2,2,1,"0.84","0.25","-0.25","50.6",-20.103322721910384,31.188986885605487,28.715769238418044,28.943063295982967,15.559131367670194
"FF","2023-08-11","97.9","0.38","6.21","Chapman, Aroldis",682641,547973,,"called_strike",,,,,13,,"R","R","L","SF","TEX","S",,,0,0,2023,"0.41","1.5",-0.8351013159592916,2.185909072197586,672275,,,2,8,"Bot",,,,,,,-4.326712488458228,-142.34302033164818,-9.060662205871873,6.540298694313484,30.017915022695302,-9.904430622342883,3.57064923323715,1.69048696792785,,,,"100.2",2423,"7.4",717031,641598,663993,543760,669701,608369,679881,665750,666969,"53.06",,,,,,,,59,1,"4-Seam Fastball",0,2,0,2,2,0,0,2,"Standard","Standard",160,"-0.009","-0.036",,,,,"0.036",,-2,-2,0.134,0.134,35,21,35,21,1,2,4,2,2,1,"0.87","0.41","-0.41","50.6",,,,,
"SL","2023-08-11","88.6","0.5","6.27","Chapman, Aroldis",664029,547973,"strikeout","swinging_strike",,,,,5,"Mark Mathias strikes out swinging.","R","R","L","SF","TEX","S",2,,3,2,2023,"-0.74","0.64",0.04199816068545714,2.7596580077573387,672275,,,1,8,"Bot",,,,,,,0.44674961539831876,-129.0979738738373,-3.908570176533345,-8.387853177077508,27.256240551269645,-24.45022864571257,3.31,1.58,,,,"90.4",2218,"7.3",717031,641598,663993,543760,669701,608369,679881,665750,666969,"53.15",,0,"0",1,0,0,,58,6,"Slider",0,2,0,2,2,0,0,2,"Standard","Standard",240,"-0.102","-0.404","66.7","7.5","0.874914864",,"0.404",,-2,-2,0.236,0.236,35,28,35,29,1,0,4,3,2,1,"2.26","-0.74","0.74","54.6",8.211138670925502,11.151286258181075,28.433355179128025,37.68656859689922,22.20156376517363
"SL","2023-08-11","89.6","0.44","6.31","Chapman, Aroldis",664029,547973,,"swinging_strike",,,,,13,,"R","R","L","SF","TEX","S",,,3,1,2023,"-0.97","0.69",-1.464278122445583,2.319659365703802,672275,,,1,8,"Bot",,,,,,,-2.689587857182874,-130.4463210110026,-5.39760463084209,-10.473176297129806,28.991342120103567,-23.327695473371893,3.31,1.58,,,,"91.3",2447,"7.4",717031,641598,663993,543760,669701,608369,679881,665750,666969,"53.11",,,,,,,,58,5,"Slider",0,2,0,2,2,0,0,2,"Infield shade","Standard",258,"-0.016","-0.105","65.7","7.6","0.900932412",,"0.105",,-2,-2,0.252,0.252,35,28,35,29,1,0,4,3,2,1,"2.16","-0.97","0.97","56.1",17.949904837668573,-25.815302405442495,33.31765420320924,21.285367989568208,38.14800533072727
"FF","2023-08-11","96.5","0.44","6.14","Chapman, Aroldis",664029,547973,,"ball",,,,,13,,"R","R","L","SF","TEX","B",,,2,1,2023,"0.25","1.52",-2.246989594544769,1.4871068897846937,,672275,,1,8,"Bot",,,,,,,-7.844366360647699,-140.05078845189576,-10.452569778207089,4.9318871792479415,29.548932405511625,-9.927797931912204,3.36532573241628,1.69571921916479,,,,"98.3",2409,"7.3",717031,641598,663993,543760,669701,608369,679881,665750,666969,"53.2",,,,,,,,58,4,"4-Seam Fastball",0,2,0,2,2,0,0,2,"Standard","Standard",155,"0.047","0.062",,,,,"-0.062",,-2,-2,0.205,0.205,35,28,35,29,1,0,4,3,2,1,"0.92","0.25","-0.25","55.3",,,,,
"SL","2023-08-11","87.5","0.6","6.35","Chapman, Aroldis",664029,547973,,"ball",,,,,12,,"R","R","L","SF","TEX","B",,,1,1,2023,"-0.47","0.76",0.5242346703289487,5.284854083139974,,,672275,1,8,"Bot",,,,,,,0.8064641662290845,-127.55078017749172,1.9256030993819566,-5.334422403071167,22.275761099514884,-24.252479442168507,3.30426060293347,1.63552415948051,,,,"89.6",2369,"7.2",717031,641598,663993,543760,669701,608369,679881,665750,666969,"53.32",,,,,,,,58,3,"Slider",0,2,0,2,2,0,0,2,"Standard","Standard",232,"0.03","0.046",,,,,"-0.046",,-2,-2,0.175,0.175,35,28,35,29,1,0,4,3,2,1,"2.17","-0.47","0.47","53.9",,,,,
"FF","2023-08-11","97.5","0.65","6.19","Chapman, Aroldis",664029,547973,,"called_strike",,,,,5,,"R","R","L","SF","TEX","S",,,1,0,2023,"0.35","1.59",0.18184571540068872,2.8054534717525415,,,672275,1,8,"Bot",,,,,,,-2.1035658955195404,-141.89136970606145,-7.3670713077411385,5.175056108622208,31.278180358778673,-9.252482879488337,3.36532573241628,1.63552415948051,,,,"99.3",2360,"7.2",717031,641598,663993,543760,669701,608369,679881,665750,666969,"53.3",,,,,,,,58,2,"4-Seam Fastball",0,2,0,2,2,0,0,2,"Standard","Standard",156,"-0.011","-0.053",,,,,"0.053",,-2,-2,0.186,0.186,35,28,35,29,1,0,4,3,2,1,"0.8","0.35","-0.35","48.5",,,,,
"FF","2023-08-11","97.7","0.38","6.25","Chapman, Aroldis",664029,547973,,"blocked_ball",,,,,13,,"R","R","L","SF","TEX","B",,,0,0,2023,"0.2","1.46",-1.6698336748143567,0.8763037170155583,,,672275,1,8,"Bot",,,,,,,-6.086233072101919,-141.76140258152253,-12.565889815693257,3.952404172505045,28.224216393257624,-9.941028660236283,3.36532573241628,1.57536333943543,,,,"99.6",2334,"7.2",717031,641598,663993,543760,669701,608369,679881,665750,666969,"53.26",,,,,,,,58,1,"4-Seam Fastball",0,2,0,2,2,0,0,2,"Standard","Standard",165,"0.008","0.036",,,,,"-0.036",,-2,-2,0.178,0.178,35,28,35,29,1,0,4,3,2,1,"0.92","0.2","-0.2","53.0",,,,,
"SI","2023-08-07","101","0.46","6.15","Chapman, Aroldis",672478,547973,"strikeout","called_strike",,,,,6,"Jordan Diaz called out on strikes.","R","R","L","ATH","TEX","S",2,,1,2,2023,"0.95","1.28",0.2802926919928991,2.231484598470871,,,649557,2,8,"Bot",,,,,,,-2.831887884281073,-146.79306758629914,-8.72467341860634,14.453211260428317,36.11083190211622,-11.82518067516338,3.38400232713523,1.68212940261457,,,,"102.3",2310,"7.1",717081,595978,663993,543760,677649,608369,543257,665750,666969,"53.37",,0,"0",1,0,0,,70,4,"Sinker",3,5,3,5,5,3,3,5,"Standard","Strategic",162,"-0.03","-0.206",,,,,"0.206",,-2,-2,0.106,0.106,35,22,35,23,1,3,2,1,4,1,"0.97","0.95","-0.95","46.4",,,,,
"SL","2023-08-07","87.4","0.46","6.28","Chapman, Aroldis",672478,547973,,"foul",,,,,2,,"R","R","L","ATH","TEX","S",,,1,1,2023,"-1.25","0.27",-0.09041163150250164,2.724819864029648,,,649557,2,8,"Bot",,,,,,,1.284778050464769,-127.26041046311093,-3.001512069847573,-13.792550851285867,27.11907129247688,-28.86904413222203,3.21,1.56,170,"65.5",37,"89",2141,"7.3",717081,595978,663993,543760,677649,608369,543257,665750,666969,"53.16",,,,,,,,70,3,"Slider",3,5,3,5,5,3,3,5,"Standard","Strategic",282,"-0.011","-0.06","68.1","7.3",,,"0.06","88.0",-2,-2,0.117,0.117,35,22,35,23,1,3,2,1,4,1,"2.72","-1.25","1.25","55.3",5.3720220955583775,4.586191952147293,26.385569783217882,33.764550002219366,33.508121445696936
"FF","2023-08-07","99.5","0.48","6.16","Chapman, Aroldis",672478,547973,,"blocked_ball",,,,,13,,"R","R","L","ATH","TEX","B",,,0,1,2023,"0.15","1.41",-0.7266821327164863,0.7075854319201756,,,649557,2,8,"Bot",,,,,,,-3.7182214871719044,-144.45416941451634,-13.055290273182411,2.8664948508468244,31.57352162666416,-9.643047352690381,3.352138195198,1.58695977100095,,,,"101.2",2370,"7.2",717081,595978,663993,543760,677649,608369,543257,665750,666969,"53.29",,,,,,,,70,2,"4-Seam Fastball",3,5,3,5,5,3,3,5,"Standard","Strategic",156,"0.004","0.025",,,,,"-0.025",,-2,-2,0.113,0.113,35,22,35,23,1,3,2,1,4,1,"0.89","0.15","-0.15","50.5",,,,,
"FS","2023-08-07","88","0.47","6.15","Chapman, Aroldis",672478,547973,,"swinging_strike",,,,,8,,"R","R","L","ATH","TEX","S",,,0,0,2023,"-0.26","0.22",0.12747755178501743,1.4463257753035026,,,649557,2,8,"Bot",,,,,,,-0.2928267478899676,-128.16506489677633,-5.8740689891334625,-2.7697304219376133,26.867010330443765,-28.695631136268588,3.21,1.56,,,,"89.8",1119,"7.4",717081,595978,663993,543760,677649,608369,543257,665750,666969,"53.13",,,,,,,,70,1,"Split-Finger",3,5,3,5,5,3,3,5,"Standard","Strategic",165,"-0.006","-0.045","76.9","8.3","1.235123724",,"0.045",,-2,-2,0.119,0.119,35,22,35,23,1,3,2,1,4,1,"2.72","-0.26","0.26","51.1",14.002155516651072,-9.945788606196915,25.503099844470754,37.90017465603488,36.47562503859493
"SI","2023-08-07","99.4","0.39","6.22","Chapman, Aroldis",667670,547973,"strikeout","called_strike",,,,,6,"Brent Rooker called out on strikes.","R","R","L","ATH","TEX","S",2,,1,2,2023,"0.84","1.25",0.5590949416400983,2.4015094638507506,,,649557,1,8,"Bot",,,,,,,-1.5420769238817582,-144.69853459434944,-8.15353497366823,12.210435311293548,31.08593829615976,-13.007954132180794,3.57526128432444,1.67360951925734,,,,"101.3",2290,"7.1",717081,595978,663993,543760,677649,608369,543257,665750,666969,"53.38",,0,"0",1,0,0,,69,4,"Sinker",3,5,3,5,5,3,3,5,"Infield shade","Standard",159,"-0.041","-0.183",,,,,"0.183",,-2,-2,0.16,0.16,35,28,35,29,1,0,2,1,4,1,"1.04","0.84","-0.84","49.7",,,,,
"SL","2023-08-07","86.4","0.5","6.31","Chapman, Aroldis",667670,547973,,"called_strike",,,,,5,,"R","R","L","ATH","TEX","S",,,1,1,2023,"-1.16","0.54",0.0120093874146745,2.8159942860212803,,,649557,1,8,"Bot",,,,,,,1.219729318207675,-125.90338525400597,-3.306258460195565,-12.602316185916884,24.0533845327313,-25.945050792119318,3.57526128432444,1.64188241871755,,,,"88.4",2203,"7.3",717081,595978,663993,543760,677649,608369,543257,665750,666969,"53.16",,,,,,,,69,3,"Slider",3,5,3,5,5,3,3,5,"Infield shade","Standard",269,"-0.015","-0.055",,,,,"0.055",,-2,-2,0.175,0.175,35,28,35,29,1,0,2,1,4,1,"2.49","-1.16","1.16","54.4",,,,,
"FF","2023-08-07","96.5","0.37","6.1","Chapman, Aroldis",667670,547973,,"called_strike",,,,,9,,"R","R","L","ATH","TEX","S",,,1,0,2023,"0.42","1.52",0.30381141536471384,1.797981151963934,,,649557,1,8,"Bot",,,,,,,-1.1389949484352409,-140.3483757863728,-9.499327418724219,5.797391435149927,29.64132761460034,-10.124091566280626,3.51149417154289,1.70766929257111,,,,"98.2",2305,"7.1",717081,595978,663993,543760,677649,608369,543257,665750,666969,"53.37",,,,,,,,69,2,"4-Seam Fastball",3,5,3,5,5,3,3,5,"Infield shade","Standard",148,"-0.011","-0.053",,,,,"0.053",,-2,-2,0.186,0.186,35,28,35,29,1,0,2,1,4,1,"0.91","0.42","-0.42","46.2",,,,,
"FF","2023-08-07","97.4","0.45","6.08","Chapman, Aroldis",667670,547973,,"ball",,,,,13,,"R","R","L","ATH","TEX","B",,,0,0,2023,"0.42","1.37",-0.6739832592109403,0.7578403677627081,,,649557,1,8,"Bot",,,,,,,-4.0388819118599155,-141.38994322402903,-12.116048527067532,6.4457040209341105,29.371843830644707,-11.341806426042773,3.54337596198188,1.70766929257111,,,,"99.2",2194,"7.2",717081,595978,663993,543760,677649,608369,543257,665750,666969,"53.3",,,,,,,,69,1,"4-Seam Fastball",3,5,3,5,5,3,3,5,"Standard","Standard",150,"0.008","0.036",,,,,"-0.036",,-2,-2,0.178,0.178,35,28,35,29,1,0,2,1,4,1,"1.03","0.42","-0.42","46.3",,,,,
"FS","2023-08-05","94.5","0.65","6.06","Chapman, Aroldis",650333,547973,"field_out","hit_into_play",,,,,7,"Luis Arraez grounds out softly to first baseman Nathaniel Lowe.","R","L","L","TEX","MIA","X",3,"ground_ball",0,0,2023,"0.87","0.71",-0.5512522251609459,1.6199220513019996,,542932,660821,2,8,"Top",150.83,168.93,,,,,-5.165989055886013,-137.26937779822634,-7.550006413276237,12.140399341862045,32.77503936817842,-21.64563960662533,3.14,1.48,2,"57.8",-41,"96",1600,"7.4",717124,595978,663993,543760,673962,608369,608671,665750,666969,"53.05",0.114,0.117,"0",1,0,0,1,72,1,"Split-Finger",8,6,6,8,6,8,6,8,"Standard","Standard",150,"0.073","-0.296","61.4","7.0",,0.114,"0.296","88.0",2,-2,0.865,0.135,35,26,35,26,1,4,2,1,2,1,"1.87","0.87","0.87","47.0",14.867752214919644,-9.64994356354211,36.54230782679056,41.85723815265045,41.536474612629334
"SL","2023-08-05","87.3","0.43","6.27","Chapman, Aroldis",541645,547973,"strikeout","called_strike",,,,,9,"Avisail Garcia called out on strikes.","R","R","L","TEX","MIA","S",2,,3,2,2023,"-0.88","0.6",0.6483349937059747,1.8944537741004446,,542932,660821,1,8,"Top",,,,,,,2.3969147352989184,-127.07599640270203,-5.723534104673326,-9.993360368903167,26.170834612454396,-24.707326984691058,3.37000232482405,1.72999898583252,,,,"89.1",2382,"7.4",717124,595978,663993,543760,673962,608369,608671,665750,666969,"53.11",,0,"0",1,0,0,,71,6,"Slider",8,6,6,8,6,8,6,8,"Standard","Standard",288,"0.101","-0.264",,,,,"0.264",,2,-2,0.764,0.236,35,32,35,32,1,0,2,1,2,1,"2.39","-0.88","0.88","56.1",,,,,
"SL","2023-08-05","87.9","0.5","6.32","Chapman, Aroldis",541645,547973,,"called_strike",,,,,6,,"R","R","L","TEX","MIA","S",,,3,1,2023,"-0.79","0.24",0.817676740776866,2.5562890890384184,,542932,660821,1,8,"Top",,,,,,,2.453907685872861,-127.93354399685792,-3.5218473504020325,-9.21351312671489,27.84751674427747,-29.021126556118304,3.39159447257288,1.73000086251797,,,,"89",2265,"7.1",717124,595978,663993,543760,673962,608369,608671,665750,666969,"53.4",,,,,,,,71,5,"Slider",8,6,6,8,6,8,6,8,"Standard","Standard",287,"0.026","-0.111",,,,,"0.111",,2,-2,0.738,0.262,35,32,35,32,1,0,2,1,2,1,"2.72","-0.79","0.79","54.8",,,,,
"SL","2023-08-05","88","0.21","6.21","Chapman, Aroldis",541645,547973,,"blocked_ball",,,,,13,,"R","R","L","TEX","MIA","B",,,2,1,2023,"-0.31","0.59",-0.24726727477162536,0.4383174631396778,,542932,660821,1,8,"Top",,,,,,,-0.47108788977162924,-127.89064845525164,-9.239110835003174,-3.3312244584497455,26.92592707175318,-24.01140931312903,3.35920121598816,1.73000116518895,,,,"89.6",2315,"7.4",717124,595978,663993,543760,673962,608369,608671,665750,666969,"53.14",,,,,,,,71,4,"Slider",8,6,6,8,6,8,6,8,"Standard","Standard",272,"-0.031","0.104",,,,,"-0.104",,2,-2,0.769,0.23099999999999998,35,32,35,32,1,0,2,1,2,1,"2.37","-0.31","0.31","56.2",,,,,
"FS","2023-08-05","90.9","0.52","6.19","Chapman, Aroldis",541645,547973,,"ball",,,,,12,,"R","R","L","TEX","MIA","B",,,1,1,2023,"0.05","0.51",0.8317685354576726,3.079299841581494,,542932,660821,1,8,"Top",,,,,,,0.6887945586468573,-132.39414389220912,-2.985584890936466,0.4325573753201536,31.05233070182398,-25.699274861896992,3.36999868718885,1.73000117252683,,,,"91.9",883,"7.1",717124,595978,663993,543760,673962,608369,608671,665750,666969,"53.41",,,,,,,,71,3,"Split-Finger",8,6,6,8,6,8,6,8,"Standard","Standard",147,"-0.015","0.039",,,,,"-0.039",,2,-2,0.784,0.21599999999999997,35,32,35,32,1,0,2,1,2,1,"2.26","0.05","-0.05","50.6",,,,,
"FF","2023-08-05","98.8","0.49","6.16","Chapman, Aroldis",541645,547973,,"swinging_strike",,,,,3,,"R","R","L","TEX","MIA","S",,,1,0,2023,"0.46","1.38",0.6330760251937649,3.3550233943198053,,542932,660821,1,8,"Top",,,,,,,-0.6945959027675404,-143.81770763571427,-5.447247407103094,6.4834434814375514,36.02477607133857,-12.02862151891861,3.37,1.73,,,,"100.1",2328,"7.1",717124,595978,663993,543760,673962,608369,608671,665750,666969,"53.35",,,,,,,,71,2,"4-Seam Fastball",8,6,6,8,6,8,6,8,"Standard","Standard",154,"0.015","-0.051","74.3","7.5","1.56061134",,"0.051",,2,-2,0.769,0.23099999999999998,35,32,35,32,1,0,2,1,2,1,"0.97","0.46","-0.46","46.8",6.484140523418322,18.324212168846152,24.01918873035811,47.571756982029214,14.490854410980388
"FF","2023-08-05","100.8","0.49","6.09","Chapman, Aroldis",541645,547973,,"ball",,,,,13,,"R","R","L","TEX","MIA","B",,,0,0,2023,"0.34","1.45",-0.9549458116926431,1.433162256499997,,542932,660821,1,8,"Top",,,,,,,-4.935529208684049,-146.31586599694654,-11.235760306035365,6.0963019373428535,34.87583139125439,-8.828174389950341,3.30460421630293,1.72999959656901,,,,"102.6",2428,"7.4",717124,595978,663993,543760,673962,608369,608671,665750,666969,"53.09",,,,,,,,71,1,"4-Seam Fastball",8,6,6,8,6,8,6,8,"Standard","Standard",152,"-0.011","0.042",,,,,"-0.042",,2,-2,0.78,0.21999999999999997,35,32,35,32,1,0,2,1,2,1,"0.8","0.34","-0.34","52.4",,,,,
"SL","2023-08-05","88.5","0.33","6.32","Chapman, Aroldis",663743,547973,"strikeout","called_strike",,,,,8,"Nick Fortes called out on strikes.","R","R","L","TEX","MIA","S",2,,2,2,2023,"-0.2","0.83",0.21262355357483206,1.9775382875451464,,542932,660821,0,8,"Top",,,,,,,0.15006047546512724,-128.76077239777902,-6.319080217155731,-2.2896717130243167,27.923941942239725,-21.844755447024884,3.15713954964699,1.52000197262348,,,,"89.8",2268,"7.2",717124,595978,663993,543760,673962,608369,608671,665750,666969,"53.31",,0,"0",1,0,0,,70,5,"Slider",8,6,6,8,6,8,6,8,"Standard","Standard",275,"0.08","-0.202",,,,,"0.202",,2,-2,0.7,0.30000000000000004,35,26,35,27,1,3,2,1,2,2,"2.09","-0.2","0.2","53.3",,,,,
"SI","2023-08-05","100.8","0.38","6.15","Chapman, Aroldis",663743,547973,,"blocked_ball",,,,,13,,"R","R","L","TEX","MIA","B",,,1,2,2023,"1.03","1.46",-0.38386327620843763,0.4226506961564852,,542932,660821,0,8,"Top",,,,,,,-4.652204736142339,-146.12364291101537,-14.18910145559614,15.902844619582957,33.64727423738056,-8.1564936572778,3.14642341927792,1.51999900440922,,,,"102.1",2509,"7.1",717124,595978,663993,543760,673962,608369,608671,665750,666969,"53.38",,,,,,,,70,4,"Sinker",8,6,6,8,6,8,6,8,"Standard","Standard",160,"-0.014","0.034",,,,,"-0.034",,2,-2,0.714,0.28600000000000003,35,26,35,27,1,3,2,1,2,2,"0.8","1.03","-1.03","49.6",,,,,
"SI","2023-08-05","101.9","0.43","6.24","Chapman, Aroldis",663743,547973,,"ball",,,,,14,,"R","R","L","TEX","MIA","B",,,0,2,2023,"1.11","1.4",0.9166595583709667,1.1740189485056847,,542932,660821,0,8,"Top",,,,,,,-1.3115904865492234,-147.90088944252437,-12.450531465508682,16.53064504482319,35.63359810734251,-8.778599072981237,3.15713465601294,1.52000235679441,,,,"103.2",2524,"7.1",717124,595978,663993,543760,673962,608369,608671,665750,666969,"53.37",,,,,,,,70,3,"Sinker",8,6,6,8,6,8,6,8,"Standard","Standard",164,"-0.01","0.025",,,,,"-0.025",,2,-2,0.724,0.276,35,26,35,27,1,3,2,1,2,2,"0.8","1.11","-1.11","48.5",,,,,
"FF","2023-08-05","100","0.6","6.08","Chapman, Aroldis",663743,547973,,"called_strike",,,,,7,,"R","R","L","TEX","MIA","S",,,0,1,2023,"0.36","1.67",-0.6314025614634564,1.705900720760431,,542932,660821,0,8,"Top",,,,,,,-4.3047312021894815,-145.19441935191526,-10.795000445880078,6.038048362507496,33.32924382215611,-6.182985232938681,3.22143042371574,1.51999869468152,,,,"101.6",2522,"7.2",717124,595978,663993,543760,673962,608369,608671,665750,666969,"53.26",,,,,,,,70,2,"4-Seam Fastball",8,6,6,8,6,8,6,8,"Standard","Standard",155,"0.024","-0.066",,,,,"0.066",,2,-2,0.7,0.30000000000000004,35,26,35,27,1,3,2,1,2,2,"0.61","0.36","-0.36","46.8",,,,,
"FF","2023-08-05","99","0.49","6.21","Chapman, Aroldis",663743,547973,,"foul",,,,,12,,"R","R","L","TEX","MIA","S",,,0,0,2023,"0.42","1.45",0.0769440413906139,3.937517922318549,,542932,660821,0,8,"Top",,,,,,,-2.133373542463055,-144.2033353520002,-4.241734082578432,6.307064387759469,33.7951484936249,-11.115560820054766,3.2,1.52,233,"78.8",51,"100.4",2426,"7",717124,595978,663993,543760,673962,608369,608671,665750,666969,"53.5",,,,,,,,70,1,"4-Seam Fastball",8,6,6,8,6,8,6,8,"Standard","Standard",156,"0.014","-0.048","55.6","5.6",,,"0.048","88.0",2,-2,0.686,0.31399999999999995,35,26,35,27,1,3,2,1,2,2,"0.87","0.42","-0.42","49.9",0.6658380232149901,37.07566127314294,7.911791722118486,40.749775353127745,11.13915720522313
"SL","2023-08-05","86.5","0.57","6.17","Chapman, Aroldis",660821,547973,"single","hit_into_play",,,,,5,"Jesus Sanchez singles on a sharp line drive to right fielder Adolis Garcia. Jon Berti to 2nd.","R","L","L","TEX","MIA","X",9,"line_drive",0,0,2023,"-0.76","0.11",0.13288634816499556,2.5435748435834085,,,542932,0,8,"Top",183.75,120.38,,,,,0.5156773034232731,-125.9835173062222,-2.7156777063817197,-8.183636236221375,25.302488850909178,-30.652173000184735,3.49,1.67,169,"110.1",7,"87.7",2356,"7",717124,595978,663993,543760,673962,608369,608671,665750,666969,"53.54",0.705,0.656,"0.9",1,1,0,4,69,1,"Slider",8,6,6,8,6,8,6,8,"Standard","Standard",279,"-0.107","0.452","76.2","7.0",,0.829,"-0.452","110.1",2,-2,0.793,0.20699999999999996,35,25,35,26,1,3,2,2,2,2,"2.93","-0.76","-0.76","52.1",9.147400546592214,-1.385926833836032,28.53739153010039,37.524253973372524,37.724090615501524
"FF","2023-08-03","99","0.55","5.98","Chapman, Aroldis",650391,547973,"field_out","hit_into_play",,,,,7,"Eloy Jimenez grounds out, third baseman Josh Jung to first baseman Nathaniel Lowe.","R","R","L","TEX","CWS","X",5,"ground_ball",1,1,2023,"0.41","1.21",-0.6657754103805049,1.7993520836186065,660162,,572204,2,8,"Top",101.89,165.15,,,,,-4.340613072667088,-143.97702512921694,-8.959383694758973,6.674741737333291,31.775080107674096,-13.462023209827251,3.45,1.64,2,"92.1",-43,"100.7",2380,"7.1",717149,641598,663993,543760,673962,677649,608671,665750,666969,"53.37",0.068,0.061,"0",1,0,0,2,64,3,"4-Seam Fastball",4,3,3,4,3,4,3,4,"Standard","Standard",158,"0.116","-0.301","77.1","6.9",,0.068,"0.301","92.1",1,-1,0.751,0.249,35,26,35,27,1,0,2,1,2,1,"1.11","0.41","-0.41","47.4",-10.884775477815031,10.420784448437898,30.991530125203006,31.738867407252847,18.56046249831511
"SL","2023-08-03","89.2","0.41","6.2","Chapman, Aroldis",650391,547973,,"blocked_ball",,,,,13,,"R","R","L","TEX","CWS","B",,,0,1,2023,"-0.91","0.17",-1.3333923956865443,0.22215409120883578,660162,,572204,2,8,"Top",,,,,,,-2.401732223058303,-129.71161352589476,-9.126935963804492,-9.760898514235405,28.453572705783564,-28.49777633662408,3.38174576799576,1.63999759613772,,,,"90.4",2430,"7.2",717149,641598,663993,543760,673962,677649,608671,665750,666969,"53.33",,,,,,,,64,2,"Slider",4,3,3,4,3,4,3,4,"Standard","Standard",300,"-0.012","0.039",,,,,"-0.039",,1,-1,0.763,0.237,35,26,35,27,1,0,2,1,2,1,"2.71","-0.91","0.91","53.5",,,,,
"SL","2023-08-03","87","0.54","6.1","Chapman, Aroldis",650391,547973,,"swinging_strike",,,,,5,,"R","R","L","TEX","CWS","S",,,0,0,2023,"-0.9","0.52",-0.21033731188508076,2.7609261390727027,660162,,572204,2,8,"Top",,,,,,,0.04853654240988037,-126.6344545617595,-2.9360490115653377,-9.683577402028549,26.938581782561748,-26.17844911641059,3.45,1.64,,,,"88.6",2350,"7.3",717149,641598,663993,543760,673962,677649,608671,665750,666969,"53.16",,,,,,,,64,1,"Slider",4,3,3,4,3,4,3,4,"Standard","Standard",276,"0.018","-0.052","72.7","7.4","0.505344888",,"0.052",,1,-1,0.745,0.255,35,26,35,27,1,0,2,1,2,1,"2.5","-0.9","0.9","55.3",9.901479584701752,-1.9092502798944104,21.733710878059394,38.52910194785771,29.232184473818464
"SL","2023-08-03","90.1","0.29","6.13","Chapman, Aroldis",572204,547973,"strikeout","swinging_strike",,,,,13,"Trayce Thompson strikes out swinging. Yoan Moncada to 3rd. Trayce Thompson to 1st. Wild pitch by pitcher Aroldis Chapman.","R","R","L","TEX","CWS","S",,,3,2,2023,"-1.11","0.33",-0.6628901058562007,0.7515430749089198,,660162,,2,8,"Top",,,,,,,0.006585236215704837,-131.054838285038,-8.186114745155452,-12.779037828292676,29.530781412003176,-26.819056018818586,3.36,1.65,,,,"91.5",2316,"7.3",717149,641598,663993,543760,673962,677649,608671,665750,666969,"53.2",,0,"0.7",1,0,0,,63,6,"Slider",4,3,3,4,3,4,3,4,"Standard","Strategic",269,"-0.034","0.486","60.6","9.3","16.753089396",,"-0.486",,1,-1,0.779,0.22099999999999997,35,32,35,32,1,3,2,61,2,1,"2.5","-1.11","1.11","51.7",35.767871649410544,-51.88818747510808,40.890848953193114,33.95062624153503,68.18756746332585
"SI","2023-08-03","101.9","0.54","6.04","Chapman, Aroldis",572204,547973,,"ball",,,,,14,,"R","R","L","TEX","CWS","B",,,2,2,2023,"1.25","1.33",0.22908605566067286,0.5371965893159772,,,660162,2,8,"Top",,,,,,,-3.9277197324756803,-147.79423980337387,-13.540077304225527,19.191008967051186,35.25609128968982,-9.594781151491265,3.30424218895234,1.64999958698497,,,,"103.3",2419,"7.2",717149,641598,663993,543760,673962,677649,608671,665750,666969,"53.26",,,,,,,,63,5,"Sinker",4,3,3,4,3,4,3,4,"Infield shade","Strategic",156,"-0.039","0.065",,,,,"-0.065",,1,-1,0.818,0.18200000000000005,35,32,35,32,1,3,2,61,2,1,"0.88","1.25","-1.25","44.0",,,,,
"FS","2023-08-03","89.8","0.55","5.96","Chapman, Aroldis",572204,547973,,"called_strike",,,,,5,,"R","R","L","TEX","CWS","S",,,2,1,2023,"-0.15","0.69",0.02729026020372262,2.2543039595894703,,,660162,2,8,"Top",,,,,,,-1.0187466331887691,-130.77696693269112,-4.735533681058293,-1.4527757732693438,27.943441827693366,-23.483034529551087,3.28193618670041,1.64999723743628,,,,"91.8",1607,"7.5",717149,641598,663993,543760,673962,677649,608671,665750,666969,"53.04",,,,,,,,63,4,"Split-Finger",4,3,3,4,3,4,3,4,"Standard","Strategic",156,"0.014","-0.063",,,,,"0.063",,1,-1,0.804,0.19599999999999995,35,32,35,32,1,3,2,61,2,1,"2.14","-0.15","0.15","49.0",,,,,
"FF","2023-08-03","98.7","0.29","6.07","Chapman, Aroldis",572204,547973,,"foul",,,,,4,,"R","R","L","TEX","CWS","S",,,2,0,2023,"0.46","1.62",-0.4965996383034398,2.5126233518381067,,,660162,2,8,"Top",,,,,,,-3.257161777646635,-143.51660900124665,-8.099566031299846,7.144588571059724,34.7855345962492,-8.101290506432251,3.36,1.65,188,"74.4",58,"99.9",2346,"7.1",717149,641598,663993,543760,673962,677649,608671,665750,666969,"53.4",,,,,,,,63,3,"4-Seam Fastball",4,3,3,4,3,4,3,4,"Infield shade","Strategic",156,"0.01","-0.051","73.6","7.5",,,"0.051","88.0",1,-1,0.794,0.20599999999999996,35,32,35,32,1,3,2,61,2,1,"0.73","0.46","-0.46","46.9",11.816860835166164,0.8497401826535792,39.14305966213589,34.87703008391509,35.073374229683296
"FF","2023-08-03","98.6","0.65","5.95","Chapman, Aroldis",572204,547973,,"ball",,,,,12,,"R","R","L","TEX","CWS","B",,,1,0,2023,"0.74","1.29",1.130492622798966,2.6998385906260984,,,660162,2,8,"Top",,,,,,,-0.4416264833162314,-143.4485079358528,-6.485113069991066,10.359236464351953,33.44299076575479,-13.051845786009439,3.33769633074234,1.64999978037663,,,,"100.4",2418,"7.3",717149,641598,663993,543760,673962,677649,608671,665750,666969,"53.2",,,,,,,,63,2,"4-Seam Fastball",4,3,3,4,3,4,3,4,"Infield shade","Strategic",156,"-0.01","0.037",,,,,"-0.037",,1,-1,0.804,0.19599999999999995,35,32,35,32,1,3,2,61,2,1,"1.06","0.74","-0.74","43.9",,,,,
"FF","2023-08-03","100.1","0.58","6.03","Chapman, Aroldis",572204,547973,,"ball",,,,,13,,"R","R","L","TEX","CWS","B",,,0,0,2023,"0.6","1.39",-0.9677198461110286,1.0436604961676998,,,660162,2,8,"Top",,,,,,,-5.772467902841398,-145.24523313180953,-11.83327487200292,9.876550973793936,33.0414078941246,-9.9073601067669,3.32654331626313,1.64999925790762,,,,"101.7",2430,"7.2",717149,641598,663993,543760,673962,677649,608671,665750,666969,"53.27",,,,,,,,63,1,"4-Seam Fastball",4,3,3,4,3,4,3,4,"Infield shade","Strategic",155,"-0.005","0.03",,,,,"-0.03",,1,-1,0.809,0.19099999999999995,35,32,35,32,1,3,2,61,2,1,"0.89","0.6","-0.6","49.0",,,,,
"FF","2023-08-03","98.5","0.52","6.13","Chapman, Aroldis",518735,547973,"field_out","hit_into_play",,,,,7,"Yasmani Grandal pops out to second baseman Marcus Semien.","R","R","L","TEX","CWS","X",4,"popup",0,0,2023,"0.22","1.47",-0.6381944633569012,1.9248760737276056,,,660162,1,8,"Top",172.58,157,,,,,-3.7312302734177365,-143.12836883094977,-9.505684569216523,3.9133951391086677,33.3796046078374,-10.0076449849682,3.16,1.47,145,"69.7",63,"100.1",2358,"7.3",717149,641598,663993,543760,673962,677649,608671,665750,666969,"53.2",0.003,0.002,"0",1,0,0,3,62,1,"4-Seam Fastball",4,3,3,4,3,4,3,4,"Standard","Standard",163,"0.072","-0.257","80.2","7.7",,0.003,"0.257","88.0",1,-1,0.737,0.263,35,34,35,35,1,3,2,2,2,1,"0.89","0.22","-0.22","48.1",6.1723892310760755,-3.1234109035352065,33.06503139645208,32.75910549957037,32.03873639031851
"FS","2023-08-01","92.7","0.64","6.22","Chapman, Aroldis",518735,547973,"strikeout","swinging_strike",,,,,9,"Yasmani Grandal strikes out swinging.","R","R","L","TEX","CWS","S",2,,1,2,2023,"-0.11","0.53",0.610333062367886,1.4330117602826513,,,683734,2,8,"Top",,,,,,,0.15899203812256568,-134.9173987274968,-7.744324269055625,-1.3925346057633878,27.376480847860943,-24.321625611539513,3.15,1.47,,,,"94.6",1398,"7.2",717168,641598,663993,543760,673962,677649,608671,665750,666969,"53.26",,0,"0",1,0,0,,51,4,"Split-Finger",2,0,0,2,0,2,0,2,"Standard","Standard",146,"0.025","-0.206","73.6","7.9","2.974322316",,"0.206",,2,-2,0.913,0.08699999999999997,35,34,35,35,1,0,8,3,2,2,"2.11","-0.11","0.11","51.5",14.646460853800324,-5.941538379178686,30.3273089409262,45.611821533856414,37.21192661196842
"SL","2023-08-01","87.5","0.56","6.21","Chapman, Aroldis",518735,547973,,"swinging_strike",,,,,6,,"R","R","L","TEX","CWS","S",,,1,1,2023,"-0.67","0.89",0.725077526135911,2.171686647341709,,,683734,2,8,"Top",,,,,,,1.8243970438385815,-127.35543747456099,-5.565743387197934,-7.647310168851972,25.419554306632133,-21.50976480643832,3.15,1.47,,,,"89.5",2283,"7.4",717168,641598,663993,543760,673962,677649,608671,665750,666969,"53.07",,,,,,,,51,3,"Slider",2,0,0,2,0,2,0,2,"Standard","Standard",292,"0.008","-0.06","68.6","7.8","2.0656671",,"0.06",,2,-2,0.905,0.09499999999999997,35,34,35,35,1,0,8,3,2,2,"2.07","-0.67","0.67","54.0",5.489735166564149,2.012144734049861,31.52120291534081,48.80081423416988,22.06606029676855
"FF","2023-08-01","96.5","0.56","6.13","Chapman, Aroldis",518735,547973,,"called_strike",,,,,3,,"R","R","L","TEX","CWS","S",,,1,0,2023,"-0.04","1.6",0.44707877220084147,3.014160740796542,,,683734,2,8,"Top",,,,,,,-0.22244149417950676,-140.43395594308942,-6.4564987521997725,-0.43940757285519555,32.384804280242534,-9.772294040806504,3.14880868989549,1.45999656249183,,,,"98.2",2289,"7.3",717168,641598,663993,543760,673962,677649,608671,665750,666969,"53.22",,,,,,,,51,2,"4-Seam Fastball",2,0,0,2,0,2,0,2,"Standard","Standard",165,"0.006","-0.05",,,,,"0.05",,2,-2,0.899,0.10099999999999998,35,34,35,35,1,0,8,3,2,2,"0.85","-0.04","0.04","49.1",,,,,
"SL","2023-08-01","87.2","0.53","6.2","Chapman, Aroldis",518735,547973,,"ball",,,,,14,,"R","R","L","TEX","CWS","B",,,0,0,2023,"-0.49","0.45",1.1235536634624819,0.8856021525525328,,,683734,2,8,"Top",,,,,,,2.493914168258632,-126.78152685422297,-7.685230722600782,-5.777726475699008,25.51344624220789,-25.951391661133833,3.14880868989549,1.48664361060325,,,,"88.9",2318,"7.4",717168,641598,663993,543760,673962,677649,608671,665750,666969,"53.13",,,,,,,,51,1,"Slider",2,0,0,2,0,2,0,2,"Standard","Standard",279,"-0.004","0.03",,,,,"-0.03",,2,-2,0.903,0.09699999999999998,35,34,35,35,1,0,8,3,2,2,"2.55","-0.49","0.49","55.1",,,,,
"SL","2023-08-01","88","0.34","6.19","Chapman, Aroldis",462101,547973,"strikeout","foul_tip",,,,,13,"Elvis Andrus strikes out on a foul tip.","R","R","L","TEX","CWS","S",2,,2,2,2023,"-0.72","0.4",-0.9445483531396065,1.1678699747391525,,,683734,1,8,"Top",,,,,,,-1.6559749969516886,-128.0376768311941,-7.013879636538641,-7.553450569086135,26.20316746022206,-26.590154839935543,3.12,1.42,,,,"89.6",2310,"7.3",717168,641598,663993,543760,673962,677649,608671,665750,666969,"53.22",,0,"0",1,0,0,,50,6,"Slider",2,0,0,2,0,2,0,2,"Standard","Standard",290,"0.043","-0.23","67.8","8.7",,,"0.23",,2,-2,0.86,0.14,35,34,35,35,1,2,8,2,2,1,"2.55","-0.72","0.72","56.0",17.92450247198148,-27.554282373117058,36.304382279137236,30.390206585721458,42.239879733977396
"SI","2023-08-01","100.7","0.44","6.17","Chapman, Aroldis",462101,547973,,"foul",,,,,3,,"R","R","L","TEX","CWS","S",,,2,2,2023,"1.01","1.38",0.5521039261214042,2.830500174570832,,,683734,1,8,"Top",,,,,,,-2.1097582031775337,-146.55517896924428,-7.3073989156422225,14.990555662066303,36.15910418736076,-10.748346440103049,3.12,1.42,289,"94.4",23,"101.9",2430,"7",717168,641598,663993,543760,673962,677649,608671,665750,666969,"53.46",,,,,,,,50,5,"Sinker",2,0,0,2,0,2,0,2,"Standard","Standard",160,"0","0","66.5","6.8",,,"0","94.4",2,-2,0.86,0.14,35,34,35,35,1,2,8,2,2,1,"0.87","1.01","-1.01","50.4",-1.6326967973732454,31.373358772703565,27.20989278364675,46.923248638931284,10.707637047293613
"SL","2023-08-01","85","0.25","6.19","Chapman, Aroldis",462101,547973,,"foul",,,,,3,,"R","R","L","TEX","CWS","S",,,2,1,2023,"-0.98","0.51",0.3185706664438429,2.7038105011285523,,,683734,1,8,"Top",,,,,,,2.1622177890697003,-123.84760008774757,-2.9190637750717117,-10.46137636092086,25.387970464073533,-26.53470890807301,3.12,1.42,89,"72.4",84,"86.5",2171,"7.2",717168,641598,663993,543760,673962,677649,608671,665750,666969,"53.26",,,,,,,,50,4,"Slider",2,0,0,2,0,2,0,2,"Standard","Standard",263,"0.014","-0.054","62.4","8.1",,,"0.054","88.0",2,-2,0.846,0.15400000000000003,35,34,35,35,1,2,8,2,2,1,"2.64","-0.98","0.98","57.7",10.145225764935372,-10.26226621950343,23.02485608907241,44.823943784694706,36.30753934440051
"FS","2023-08-01","88.5","0.43","6.04","Chapman, Aroldis",462101,547973,,"ball",,,,,14,,"R","R","L","TEX","CWS","B",,,1,1,2023,"0.13","0.21",1.0130780129673813,1.6666087548767554,,,683734,1,8,"Top",,,,,,,1.1702431708048215,-128.91880765504496,-5.14359612770441,1.209322360266549,26.236706083099563,-28.9900861256593,3.24902329758313,1.45999656249183,,,,"90.3",910,"7.3",717168,641598,663993,543760,673962,677649,608671,665750,666969,"53.24",,,,,,,,50,3,"Split-Finger",2,0,0,2,0,2,0,2,"Standard","Standard",151,"-0.009","0.046",,,,,"-0.046",,2,-2,0.855,0.14500000000000002,35,34,35,35,1,2,8,2,2,1,"2.69","0.13","-0.13","49.4",,,,,
"FS","2023-08-01","91","0.37","6","Chapman, Aroldis",462101,547973,,"blocked_ball",,,,,13,,"R","R","L","TEX","CWS","B",,,0,1,2023,"0.14","0.42",-1.633063369762668,-0.3889161874040592,,,683734,1,8,"Top",,,,,,,-5.43303648628508,-132.168013615023,-11.31021326128996,2.6347066308806686,25.20250476217795,-25.200605832895324,3.19558861121054,1.38006162802402,,,,"93.4",1368,"7.6",717168,641598,663993,543760,673962,677649,608671,665750,666969,"52.93",,,,,,,,50,2,"Split-Finger",2,0,0,2,0,2,0,2,"Standard","Standard",143,"-0.005","0.025",,,,,"-0.025",,2,-2,0.86,0.14,35,34,35,35,1,2,8,2,2,1,"2.32","0.14","-0.14","49.3",,,,,
"SL","2023-08-01","87","0.44","6.2","Chapman, Aroldis",462101,547973,,"called_strike",,,,,3,,"R","R","L","TEX","CWS","S",,,0,0,2023,"-0.89","0.76",0.5555344149619306,2.825060879590706,,,683734,1,8,"Top",,,,,,,2.1555944047823408,-126.68464789066377,-3.557794852516584,-10.040876023069858,25.78673077288532,-23.431337425437974,3.24902329758313,1.40670558214329,,,,"88.8",2300,"7.3",717168,641598,663993,543760,673962,677649,608671,665750,666969,"53.17",,,,,,,,50,1,"Slider",2,0,0,2,0,2,0,2,"Standard","Standard",247,"0.007","-0.042",,,,,"0.042",,2,-2,0.853,0.14700000000000002,35,34,35,35,1,2,8,2,2,1,"2.24","-0.89","0.89","56.0",,,,,
"SI","2023-08-01","98.8","0.56","6.12","Chapman, Aroldis",621545,547973,"strikeout","swinging_strike",,,,,12,"Zach Remillard strikes out swinging.","R","R","L","TEX","CWS","S",2,,1,2,2023,"1.14","1.4",1.1212789709123312,3.1350789907600003,,,683734,0,8,"Top",,,,,,,-1.1439135454593536,-143.85797003311146,-6.051990390442006,16.054520497783113,33.942788864438754,-11.58908541706233,3.48,1.57,,,,"100.5",2382,"7.2",717168,641598,663993,543760,673962,677649,608671,665750,666969,"53.28",,0,"0",1,0,0,,49,4,"Sinker",2,0,0,2,0,2,0,2,"Standard","Standard",157,"0.042","-0.165","64.4","5.9","1.863635424",,"0.165",,2,-2,0.811,0.18899999999999995,35,29,35,29,1,0,8,3,2,1,"0.94","1.14","-1.14","50.9",0.34843192987319843,40.284328003972725,26.049388143546643,44.39475025091746,7.6977701090350745
"SL","2023-08-01","86.6","0.27","6.19","Chapman, Aroldis",621545,547973,,"swinging_strike",,,,,9,,"R","R","L","TEX","CWS","S",,,1,1,2023,"-0.85","0.65",0.45855708514405813,1.6561021927084338,,,683734,0,8,"Top",,,,,,,2.2292639442824975,-126.08364746329913,-6.100905186941497,-9.499312539503721,24.77751452120589,-24.192743018831486,3.48,1.57,,,,"88.7",2298,"7.5",717168,641598,663993,543760,673962,677649,608671,665750,666969,"53.04",,,,,,,,49,3,"Slider",2,0,0,2,0,2,0,2,"Standard","Standard",242,"0.015","-0.059","80.8","8.1","2.399781336",,"0.059",,2,-2,0.796,0.20399999999999996,35,29,35,29,1,0,8,3,2,1,"2.37","-0.85","0.85","57.3",14.451475780493743,-17.526129834326614,27.759085005222182,36.381052129483706,42.1287924882712
"SI","2023-08-01","96.2","0.31","6.14","Chapman, Aroldis",621545,547973,,"ball",,,,,12,,"R","R","L","TEX","CWS","B",,,0,1,2023,"1.01","1.37",1.2114282403847363,3.3785611893683596,,,683734,0,8,"Top",,,,,,,0.1175601557546962,-140.1405166802936,-4.9274157434210775,13.229200765436985,31.664540199383076,-13.21587549078657,3.54304136338637,1.56659111939086,,,,"97.9",2444,"7.2",717168,641598,663993,543760,673962,677649,608671,665750,666969,"53.32",,,,,,,,49,2,"Sinker",2,0,0,2,0,2,0,2,"Standard","Standard",162,"-0.006","0.024",,,,,"-0.024",,2,-2,0.802,0.19799999999999995,35,29,35,29,1,0,8,3,2,1,"1.09","1.01","-1.01","51.8",,,,,
"FF","2023-08-01","95.6","0.65","6.04","Chapman, Aroldis",621545,547973,,"called_strike",,,,,8,,"R","R","L","TEX","CWS","S",,,0,0,2023,"0.57","1.58",-0.06472179670255429,1.5971995440794298,,,683734,0,8,"Top",,,,,,,-3.2335754022582224,-138.93320109634234,-9.83095767551165,8.152616058677559,30.44151166410312,-9.724610973501429,3.62326727803129,1.59324244772843,,,,"97.5",2332,"7.4",717168,641598,663993,543760,673962,677649,608671,665750,666969,"53.12",,,,,,,,49,1,"4-Seam Fastball",2,0,0,2,0,2,0,2,"Standard","Standard",157,"0.009","-0.036",,,,,"0.036",,2,-2,0.793,0.20699999999999996,35,29,35,29,1,0,8,3,2,1,"0.92","0.57","-0.57","52.8",,,,,
"SI","2023-07-24","103","0.57","6.24","Chapman, Aroldis",667452,547973,"strikeout","swinging_strike",,,,,6,"Corey Julks strikes out swinging.","R","R","L","HOU","TEX","S",2,,0,2,2023,"1.11","1.46",0.45486662116414767,2.171062446966984,,,673237,2,7,"Bot",,,,,,,-3.0646132421158327,-149.58745768526083,-9.894859679344115,17.321925253670106,40.319153648100446,-8.015183889081237,3.38,1.62,,,,"103.6",2558,"7",717274,641680,663993,543760,673962,677649,669701,665750,608671,"53.54",,0,"0",1,0,0,,71,3,"Sinker",9,9,9,9,9,9,9,9,"Standard","Standard",157,"-0.025","-0.186","72.3","6.3","1.009565244",,"0.186",,0,0,0.525,0.525,35,27,35,27,1,0,1,1,8,1,"0.72","1.11","-1.11","48.9",-8.898184662532026,20.987105351017924,43.880887605896284,43.30426728673193,18.097853621325267
"FF","2023-07-24","99.2","0.51","6.25","Chapman, Aroldis",667452,547973,,"called_strike",,,,,6,,"R","R","L","HOU","TEX","S",,,0,1,2023,"0.6","1.51",0.6018211791071985,2.127514718213545,,,673237,2,7,"Bot",,,,,,,-1.1666919095302533,-144.12787960998372,-9.487154623152616,8.550832784113442,35.957828412864245,-9.16181867397374,3.21148781960077,1.5049632523239,,,,"100.5",2394,"7.2",717274,641680,663993,543760,673962,677649,669701,665750,608671,"53.27",,,,,,,,71,2,"4-Seam Fastball",9,9,9,9,9,9,9,9,"Standard","Standard",153,"-0.01","-0.055",,,,,"0.055",,0,0,0.535,0.535,35,27,35,27,1,0,1,1,8,1,"0.83","0.6","-0.6","53.2",,,,,
"FF","2023-07-24","99.5","0.53","6.17","Chapman, Aroldis",667452,547973,,"called_strike",,,,,6,,"R","R","L","HOU","TEX","S",,,0,0,2023,"0.57","1.48",0.5515821822445214,2.146934020086059,,,673237,2,7,"Bot",,,,,,,-1.3023379699078323,-144.650030781104,-9.178670384025278,8.251170949630833,36.97190277736346,-9.46755162777496,3.15510617428431,1.5049632523239,,,,"100.6",2360,"7.2",717274,641680,663993,543760,673962,677649,669701,665750,608671,"53.34",,,,,,,,71,1,"4-Seam Fastball",9,9,9,9,9,9,9,9,"Standard","Standard",152,"-0.006","-0.045",,,,,"0.045",,0,0,0.541,0.541,35,27,35,27,1,0,1,1,8,1,"0.85","0.57","-0.57","46.7",,,,,
"SL","2023-07-24","87.6","0.53","6.4","Chapman, Aroldis",665161,547973,"field_out","hit_into_play",,,,,5,"Jeremy Pena flies out to center fielder Leody Taveras.","R","R","L","HOU","TEX","X",8,"fly_ball",1,1,2023,"-1.06","0.35",-0.06006449626910204,2.620059683017823,,,673237,1,7,"Bot",111.28,58.46,,,,,0.7961384658915436,-127.50740246014183,-3.700066574213236,-11.627752612107177,29.3238299729893,-27.763223595816957,3.64,1.75,350,"91.3",32,"88.8",2389,"7.3",717274,641680,663993,543760,673962,677649,669701,665750,608671,"53.21",0.061,0.081,"0",1,0,0,3,70,3,"Slider",9,9,9,9,9,9,9,9,"Standard","Standard",278,"-0.047","-0.24","73.9","8.0",,0.151,"0.24","91.3",0,0,0.588,0.588,35,25,35,26,1,3,1,1,8,1,"2.65","-1.06","1.06","53.2",13.475542426595617,-0.607619470612585,33.10509852966871,34.41074134637929,23.73835868915839
"SL","2023-07-24","88.2","0.55","6.32","Chapman, Aroldis",665161,547973,,"swinging_strike",,,,,13,,"R","R","L","HOU","TEX","S",,,1,0,2023,"-0.68","0.51",-0.3844743534324969,1.3354659393560937,,,673237,1,7,"Bot",,,,,,,-0.8596974392486678,-128.2138818422164,-7.151201513713509,-7.263743120338575,29.314010656187097,-25.198944079528673,3.64,1.75,,,,"89.6",2399,"7.5",717274,641680,663993,543760,673962,677649,669701,665750,608671,"53.04",,,,,,,,70,2,"Slider",9,9,9,9,9,9,9,9,"Standard","Standard",270,"-0.008","-0.053","76.2","9.3","0.551924592",,"0.053",,0,0,0.596,0.596,35,25,35,26,1,3,1,1,8,1,"2.45","-0.68","0.68","54.2",24.116707738619812,-27.3115799982481,39.13320603859072,32.3353276442889,45.65404040547195
"FF","2023-07-24","98.4","0.58","6.29","Chapman, Aroldis",665161,547973,,"ball",,,,,12,,"R","R","L","HOU","TEX","B",,,0,0,2023,"0.51","1.44",0.8958103484585938,3.675433831661616,,,673237,1,7,"Bot",,,,,,,-0.32848720114292496,-143.15501287441637,-4.99864589183257,7.059640337697011,35.49481732132137,-11.443732424619567,3.2753904050682,1.49244383641305,,,,"99.5",2376,"7.1",717274,641680,663993,543760,673962,677649,669701,665750,608671,"53.42",,,,,,,,70,1,"4-Seam Fastball",9,9,9,9,9,9,9,9,"Standard","Standard",154,"0.006","0.036",,,,,"-0.036",,0,0,0.59,0.59,35,25,35,26,1,3,1,1,8,1,"0.93","0.51","-0.51","49.2",,,,,
"FF","2023-07-24","97.4","0.52","6.19","Chapman, Aroldis",676801,547973,"home_run","hit_into_play",,,,,2,"Umpire reviewed (home run), call on the field was upheld: Chas McCormick homers (13) on a fly ball to left center field. Kyle Tucker scores. Jose Abreu scores.","R","R","L","HOU","TEX","X",,"fly_ball",0,0,2023,"0.47","1.42",0.17565577666523635,2.9279838685772592,,663656,547989,1,7,"Bot",79.44,103.37,,,,,-2.032050101673268,-141.6262978376981,-6.518583987483362,6.787502198571829,36.43341166922178,-11.854763682001645,3.35,1.62,388,"103.8",29,"98.1",2352,"7",717274,641680,663993,543760,673962,677649,669701,665750,608671,"53.46",0.805,1.600727272727273,"2",1,0,3,6,68,1,"4-Seam Fastball",6,9,6,9,9,9,9,9,"Infield shade","Standard",156,"0.36","1.201","76.1","7.6",,3.179,"-1.201","103.8",-3,-3,0.19,0.19,35,28,35,28,1,3,1,1,8,1,"1.02","0.47","-0.47","49.6",27.12686223494335,-1.565810532850203,34.75128721603236,43.09424595654126,28.828792746040826
"FF","2023-07-24","97.5","0.63","6.36","Chapman, Aroldis",547989,547973,"walk","ball",,,,,12,"Jose Abreu walks. Kyle Tucker to 2nd.","R","R","L","HOU","TEX","B",,,3,1,2023,"0.22","1.56",0.27540546993913095,4.709916814880817,,,663656,1,7,"Bot",,,,,,,-1.471680241576646,-141.89872304078636,-2.443322983459901,3.3374278166818057,38.03017350149565,-10.977826423414712,3.17093108375229,1.48790826211047,,,,"98.2",2362,"7.1",717274,641680,663993,543760,673962,677649,669701,665750,608671,"53.45",,0.695903,"0.7",1,0,0,,67,5,"4-Seam Fastball",6,9,6,9,9,6,6,9,"Standard","Standard",161,"0.035","0.197",,,,,"-0.197",,-3,-3,0.155,0.155,35,36,35,36,1,3,1,1,8,1,"0.87","0.22","-0.22","48.5",,,,,
"SL","2023-07-24","91","0.56","6.34","Chapman, Aroldis",547989,547973,,"blocked_ball",,,,,13,,"R","R","L","HOU","TEX","B",,,2,1,2023,"-1.11","0.55",-1.258093970924754,0.3351458920153163,,,663656,1,7,"Bot",,,,,,,-2.2086801531861115,-132.13707601087233,-10.422607512285541,-12.275897578322013,32.25705370411614,-23.54083069839391,3.19912134939849,1.48790826211047,,,,"92.3",2487,"7.5",717274,641680,663993,543760,673962,677649,669701,665750,608671,"53.01",,,,,,,,67,4,"Slider",6,9,6,9,9,6,6,9,"Standard","Standard",239,"0.017","0.1",,,,,"-0.1",,-3,-3,0.138,0.138,35,36,35,36,1,3,1,1,8,1,"2.25","-1.11","1.11","54.8",,,,,
"SL","2023-07-24","89.4","0.66","6.34","Chapman, Aroldis",547989,547973,,"swinging_strike",,,,,13,,"R","R","L","HOU","TEX","S",,,2,0,2023,"-0.5","0.6",-0.050641707910241474,1.354490931194506,,,663656,1,7,"Bot",,,,,,,-0.7119019568385385,-129.955665191278,-7.649535934780362,-5.490324087312848,29.281534262633837,-23.911964591784145,3.48,1.66,,,,"91",2374,"7.5",717274,641680,663993,543760,673962,677649,669701,665750,608671,"52.99",,,,,,,,67,3,"Slider",6,9,6,9,9,6,6,9,"Standard","Standard",241,"-0.011","-0.061","79.9","9.0","2.21978544",,"0.061",,-3,-3,0.149,0.149,35,36,35,36,1,3,1,1,8,1,"2.27","-0.5","0.5","59.1",24.370626870165488,-28.796538792303412,33.10275348119218,41.55003602180165,45.63679843852886
"FF","2023-07-24","98.4","0.53","6.36","Chapman, Aroldis",547989,547973,,"ball",,,,,11,,"R","R","L","HOU","TEX","B",,,1,0,2023,"0.48","1.44",-0.041808071425823934,3.9805137539051647,,,663656,1,7,"Bot",,,,,,,-2.7183796248862238,-143.24467841134089,-4.360117980222566,7.237261427137638,35.947812937103606,-11.549847422561738,3.11452310089238,1.459334043674,,,,"99.5",2310,"7.1",717274,641680,663993,543760,673962,677649,669701,665750,608671,"53.4",,,,,,,,67,2,"4-Seam Fastball",6,9,6,9,9,6,6,9,"Standard","Standard",156,"0.011","0.054",,,,,"-0.054",,-3,-3,0.138,0.138,35,36,35,36,1,3,1,1,8,1,"0.92","0.48","-0.48","51.3",,,,,
"FF","2023-07-24","99.4","0.59","6.26","Chapman, Aroldis",547989,547973,,"ball",,,,,11,,"R","R","L","HOU","TEX","B",,,0,0,2023,"0.2","1.44",-0.35406438435352766,3.570647520609279,,,663656,1,7,"Bot",,,,,,,-3.1355517832340074,-144.56646549382376,-5.377763441743661,3.639287080753091,36.923477108077414,-10.97998707612964,3.22730240872622,1.43075276366214,,,,"100.8",2379,"7.3",717274,641680,663993,543760,673962,677649,669701,665750,608671,"53.21",,,,,,,,67,1,"4-Seam Fastball",6,9,6,9,9,6,6,9,"Standard","Standard",161,"0.006","0.036",,,,,"-0.036",,-3,-3,0.132,0.132,35,36,35,36,1,3,1,1,8,1,"0.89","0.2","-0.2","50.4",,,,,
"SI","2023-07-23","103.4","0.64","6.14","Chapman, Aroldis",660634,547973,"strikeout","swinging_strike",,,,,12,"Yonny Hernandez strikes out swinging.","R","R","L","TEX","LAD","S",2,,0,2,2023,"0.99","1.36",1.440542848747031,2.547107194580718,,621035,,2,8,"Top",,,,,,,-0.12218491399187537,-150.37924538702373,-8.45042598741961,14.960235749138956,37.24488994961525,-9.640061411277314,3.03,1.46,,,,"104.7",2553,"7",717284,641680,663993,543760,673962,677649,669701,665750,608671,"53.45",,0,"0",1,0,0,,68,3,"Sinker",8,4,4,8,4,8,4,8,"Standard","Strategic",160,"0.007","-0.185","65.3","7.1","2.483890152",,"0.185",,4,-4,0.981,0.019000000000000017,35,25,35,25,1,0,6,1,1,1,"0.77","0.99","-0.99","48.4",-7.168628440419007,17.582038177805895,30.797289104020205,51.674990369883886,18.193904253315846
"FS","2023-07-23","92.4","0.56","6.19","Chapman, Aroldis",660634,547973,,"swinging_strike",,,,,3,,"R","R","L","TEX","LAD","S",,,0,1,2023,"-0.45","1.35",0.5610012441281828,2.80202137250125,,621035,,2,8,"Top",,,,,,,1.007416724416477,-134.45554191806062,-5.846228434955893,-5.648716356185207,30.69297669437955,-14.722755309560648,3.03,1.46,,,,"93.9",1028,"7.3",717284,641680,663993,543760,673962,677649,669701,665750,608671,"53.2",,,,,,,,68,2,"Split-Finger",8,4,4,8,4,8,4,8,"Standard","Standard",144,"0.002","-0.061","69.5","7.6","2.500148148",,"0.061",,4,-4,0.979,0.02100000000000002,35,25,35,25,1,0,6,1,1,1,"1.33","-0.45","0.45","51.4",9.757195876361514,-6.3853242827286945,28.29673166459684,40.29079641139209,34.25071950769993
"SL","2023-07-23","90","0.52","6.23","Chapman, Aroldis",660634,547973,,"called_strike",,,,,6,,"R","R","L","TEX","LAD","S",,,0,0,2023,"-0.68","0.53",0.6685983689859367,1.9098544197061722,,621035,,2,8,"Top",,,,,,,1.8307120343079006,-131.0989044205513,-5.985904772959623,-8.200706710802471,26.626012287054515,-25.03670451822863,2.92828901690001,1.29993784526003,,,,"91.6",2327,"7.1",717284,641680,663993,543760,673962,677649,669701,665750,608671,"53.37",,,,,,,,68,1,"Slider",8,4,4,8,4,8,4,8,"Standard","Standard",271,"0.002","-0.046",,,,,"0.046",,4,-4,0.977,0.02300000000000002,35,25,35,25,1,0,6,1,1,1,"2.27","-0.68","0.68","51.7",,,,,
"FF","2023-07-23","100.8","0.58","6.05","Chapman, Aroldis",571970,547973,"strikeout","swinging_strike",,,,,12,"Max Muncy strikes out swinging.","R","L","L","TEX","LAD","S",2,,1,2,2023,"0.32","1.53",0.0975044643243857,3.326737295785235,,621035,,1,8,"Top",,,,,,,-2.1281921956399463,-146.71693666605302,-5.942843923316397,5.186671612190404,34.592232136344286,-8.915525635235692,3.06,1.56,,,,"102.1",2401,"7",717284,641680,663993,543760,673962,677649,669701,665750,608671,"53.52",,0,"0",1,0,0,,67,4,"4-Seam Fastball",8,4,4,8,4,8,4,8,"Standard","Standard",150,"0.013","-0.205","68.0","5.9","0.565609284",,"0.205",,4,-4,0.964,0.03600000000000003,35,32,35,33,1,3,6,1,1,1,"0.71","0.32","0.32","44.9",6.09128217214524,17.735173945344535,24.562748319251163,39.759990323286516,23.24102247060686
"SL","2023-07-23","89.8","0.39","6.26","Chapman, Aroldis",571970,547973,,"swinging_strike",,,,,13,,"R","L","L","TEX","LAD","S",,,1,1,2023,"-0.63","0.68",-0.5881825081977836,1.095705757517918,,621035,,1,8,"Top",,,,,,,-1.10709717022077,-130.56342342003967,-8.341228552310618,-6.987914973681837,26.96054909813122,-22.842076777435945,3.06,1.56,,,,"91",2377,"7",717284,641680,663993,543760,673962,677649,669701,665750,608671,"53.45",,,,,,,,67,3,"Slider",8,4,4,8,4,8,4,8,"Standard","Standard",269,"0.005","-0.078","62.0","8.6","11.091969588",,"0.078",,4,-4,0.959,0.041000000000000036,35,32,35,33,1,3,6,1,1,1,"2.14","-0.63","-0.63","53.1",33.839147950409,-38.91827442914945,37.017489937253174,48.04029992898742,56.19087745184849
"SL","2023-07-23","88.5","0.63","6.15","Chapman, Aroldis",571970,547973,,"blocked_ball",,,,,13,,"R","L","L","TEX","LAD","B",,,0,1,2023,"-1","0.06",-0.35879757577350924,0.4467547427301195,,621035,,1,8,"Top",,,,,,,-0.3237890225318229,-128.76878301156376,-8.03662679330012,-10.969777159524373,28.003876112902446,-29.983046052427273,3.05858311454258,1.5397376412003,,,,"89.5",2268,"7",717284,641680,663993,543760,673962,677649,669701,665750,608671,"53.46",,,,,,,,67,2,"Slider",8,4,4,8,4,8,4,8,"Standard","Standard",290,"-0.002","0.024",,,,,"-0.024",,4,-4,0.961,0.039000000000000035,35,32,35,33,1,3,6,1,1,1,"2.86","-1","-1","50.0",,,,,
"SL","2023-07-23","89.5","0.55","6.19","Chapman, Aroldis",571970,547973,,"called_strike",,,,,8,,"R","L","L","TEX","LAD","S",,,0,0,2023,"-0.28","0.73",-0.10064280257970407,1.9293972481642725,,621035,,1,8,"Top",,,,,,,-1.0401127049533943,-130.24812173204,-6.101514487897232,-2.9506887685173018,28.757970225871713,-22.74865071787816,3.00839229268861,1.51308906574948,,,,"90.7",2263,"7.1",717284,641680,663993,543760,673962,677649,669701,665750,608671,"53.38",,,,,,,,67,1,"Slider",8,4,4,8,4,8,4,8,"Standard","Standard",260,"0.003","-0.038",,,,,"0.038",,4,-4,0.958,0.04200000000000004,35,32,35,33,1,3,6,1,1,1,"2.12","-0.28","-0.28","56.3",,,,,
"SI","2023-07-15","102.5","0.74","6.11","Chapman, Aroldis",664702,547973,"strikeout","swinging_strike",,,,,5,"Myles Straw strikes out swinging.","R","R","L","TEX","CLE","S",2,,0,2,2023,"0.96","1.06",0.14331670304016542,2.7903335946013854,,,686823,2,9,"Top",,,,,,,-4.063288050316816,-149.15723241159282,-6.797740206528437,15.348311653683039,34.54495549047297,-14.900781769664404,3.37,1.56,,,,"104",2437,"7",717402,641680,663993,543760,673962,608369,608671,665750,666969,"53.47",,0,"0",1,0,0,,67,3,"Sinker",2,0,0,2,0,2,0,2,"Strategic","Standard",163,"0.022","-0.186","68.9","6.0","0.1",,"0.186",,2,-2,0.978,0.02200000000000002,35,28,35,29,1,3,1,1,2,1,"1.1","0.96","-0.96","48.2",-4.211860120454819,15.880699989291655,32.31240856447773,38.341889748702776,13.969700867165539
"FF","2023-07-15","100.6","0.69","6.1","Chapman, Aroldis",664702,547973,,"foul",,,,,5,,"R","R","L","TEX","CLE","S",,,0,1,2023,"0.01","1.52",-0.16886874217087344,2.2861060382942826,,,686823,2,9,"Top",,,,,,,-2.441770116891266,-146.1910447052483,-8.925335430485198,0.8310000000555369,37.6992545746407,-8.402519832478367,3.37,1.56,187,"80.5",16,"101.6",2415,"7.1",717402,641680,663993,543760,673962,608369,608671,665750,666969,"53.37",,,,,,,,67,2,"4-Seam Fastball",2,0,0,2,0,2,0,2,"Strategic","Standard",154,"0.009","-0.055","64.3","5.8",,,"0.055","88.0",2,-2,0.969,0.031000000000000028,35,28,35,29,1,3,1,1,2,1,"0.75","0.01","-0.01","48.9",-16.289793786332297,29.160311402142696,38.02828305871825,33.675638499682975,8.07105277887675
"FF","2023-07-15","98.9","0.39","6.13","Chapman, Aroldis",664702,547973,,"called_strike",,,,,8,,"R","R","L","TEX","CLE","S",,,0,0,2023,"0.44","1.65",0.26826190631398666,1.8631417047374415,,,686823,2,9,"Top",,,,,,,-1.3738499373242228,-143.69956453260104,-10.171420618645962,6.338817296464888,35.538636566736976,-7.0769775070179435,3.36999991477129,1.61760766824582,,,,"100.1",2377,"7.2",717402,641680,663993,543760,673962,608369,608671,665750,666969,"53.33",,,,,,,,67,1,"4-Seam Fastball",2,0,0,2,0,2,0,2,"Strategic","Standard",157,"0.005","-0.045",,,,,"0.045",,2,-2,0.964,0.03600000000000003,35,28,35,29,1,3,1,1,2,1,"0.7","0.44","-0.44","49.9",,,,,
"SI","2023-07-02","99","0.46","6.08","Chapman, Aroldis",608324,547973,"field_out","hit_into_play",,,,,12,"Alex Bregman grounds out, second baseman Marcus Semien to first baseman Nathaniel Lowe.","R","R","L","TEX","HOU","X",4,"ground_ball",3,2,2023,"1.22","1.25",1.0496021939479359,3.010146934503524,,,514888,2,7,"Top",143.11,154.96,,,,,-1.2824133030957845,-143.98814280665752,-5.905013556875769,17.250338559154063,36.363567814687975,-13.636498972205969,3.31,1.58,98,"68",10,"100.3",2345,"7.2",717520,641680,663993,543760,673962,608369,677649,665750,666969,"53.27",0.249,0.224,"0",1,0,0,2,53,6,"Sinker",1,1,1,1,1,1,1,1,"Standard","Standard",165,"0.046","-0.305",,,,0.268,"0.305","88.0",0,0,0.542,0.45799999999999996,35,29,35,29,1,3,3,1,1,1,"1.09","1.22","-1.22","57.3",,,,,
"SI","2023-07-02","99.2","0.43","6.18","Chapman, Aroldis",608324,547973,,"ball",,,,,12,,"R","R","L","TEX","HOU","B",,,2,2,2023,"1.05","1.26",1.456677174821092,3.026706847481987,,,514888,2,7,"Top",,,,,,,0.34459199739209145,-144.33832262613757,-6.1921510529870085,14.516690434653418,34.607543323707716,-13.386938293987535,3.28559724725673,1.64652110776805,,,,"100.2",2230,"6.9",717520,641680,663993,543760,673962,608369,677649,665750,666969,"53.57",,,,,,,,53,5,"Sinker",1,1,1,1,1,1,1,1,"Standard","Standard",161,"-0.011","0.065",,,,,"-0.065",,0,0,0.553,0.44699999999999995,35,29,35,29,1,3,3,1,1,1,"1.07","1.05","-1.05","50.2",,,,,
"SL","2023-07-02","88.2","0.46","6.11","Chapman, Aroldis",608324,547973,,"foul",,,,,8,,"R","R","L","TEX","HOU","S",,,2,1,2023,"-0.4","0.77",0.1500308861820056,1.6873859875484225,,,514888,2,7,"Top",,,,,,,0.07209404635275773,-128.36701076468196,-6.379335723373335,-4.400377556487946,25.671196932672938,-22.53467080177414,3.31,1.58,,,,"89.6",2272,"7.1",717520,641680,663993,543760,673962,608369,677649,665750,666969,"53.41",,,,,,,,53,4,"Slider",1,1,1,1,1,1,1,1,"Infield shade","Standard",254,"0.01","-0.063",,,,,"0.063",,0,0,0.543,0.45699999999999996,35,29,35,29,1,3,3,1,1,1,"2.15","-0.4","0.4","54.4",,,,,
"FF","2023-07-02","99.3","0.51","6.12","Chapman, Aroldis",608324,547973,,"foul",,,,,3,,"R","R","L","TEX","HOU","S",,,2,0,2023,"0.15","1.71",0.27816780625388093,3.0609730862430053,,,514888,2,7,"Top",,,,,,,-0.9919053212606875,-144.51492284604424,-7.037132011655253,2.308743580757917,35.72454746964081,-6.791690600818062,3.31,1.58,245,"74.7",48,"100.6",2359,"7.1",717520,641680,663993,543760,673962,608369,677649,665750,666969,"53.38",,,,,,,,53,3,"4-Seam Fastball",1,1,1,1,1,1,1,1,"Infield shade","Standard",159,"0.007","-0.051",,,,,"0.051","88.0",0,0,0.536,0.46399999999999997,35,29,35,29,1,3,3,1,1,1,"0.61","0.15","-0.15","48.5",,,,,
"FF","2023-07-02","97.5","0.22","6.1","Chapman, Aroldis",608324,547973,,"ball",,,,,12,,"R","R","L","TEX","HOU","B",,,1,0,2023,"0.23","1.64",0.0675263761281591,3.815413943713215,,,514888,2,7,"Top",,,,,,,-0.9474346568680534,-141.97376766625658,-4.455116687934109,3.3321337563965514,33.96054662223136,-9.186726019618803,3.2444304969077,1.5180138853086,,,,"99",2364,"7.2",717520,641680,663993,543760,673962,608369,677649,665750,666969,"53.3",,,,,,,,53,2,"4-Seam Fastball",1,1,1,1,1,1,1,1,"Infield shade","Standard",162,"-0.007","0.037",,,,,"-0.037",,0,0,0.543,0.45699999999999996,35,29,35,29,1,3,3,1,1,1,"0.76","0.23","-0.23","49.3",,,,,
"FF","2023-07-02","98.7","0.36","6.19","Chapman, Aroldis",608324,547973,,"ball",,,,,12,,"R","R","L","TEX","HOU","B",,,0,0,2023,"0.22","1.73",0.9013300408042799,4.050148551926718,,,514888,2,7,"Top",,,,,,,0.981611520576373,-143.6567644712784,-4.417936729159491,2.7830588889217807,35.3785698166428,-7.518619282059446,3.31000290843655,1.60781273024013,,,,"99.4",2329,"6.8",717520,641680,663993,543760,673962,608369,677649,665750,666969,"53.71",,,,,,,,53,1,"4-Seam Fastball",1,1,1,1,1,1,1,1,"Infield shade","Standard",162,"-0.004","0.03",,,,,"-0.03",,0,0,0.547,0.45299999999999996,35,29,35,29,1,3,3,1,1,1,"0.62","0.22","-0.22","48.5",,,,,
"FF","2023-06-29","97.5","0.82","5.95","Chapman, Aroldis",665926,547973,,"ball",,,,,12,,"R","L","L","KC","CLE","B",,,0,2,2023,"0.7","1.33",0.5344648756644823,4.987350057528509,608070,,,2,10,"Top",,,,,,,-2.400537526943489,-142.07031944669782,-0.17865063794588099,9.995383484565512,29.878165085378594,-14.232628212713593,3.10782472608069,1.48619020243041,,,,"99.2",2235,"7",717573,521692,668472,670032,672580,677951,669004,664728,671221,"53.51",,,,,,,,75,3,"4-Seam Fastball",2,2,2,2,3,2,3,2,"Standard","Standard",142,"-0.309","0.018",,,,,"-0.018",,0,0,0.67,0.32999999999999996,35,24,35,25,1,4,2,1,3,1,"1.05","0.7","0.7","44.1",,,,,
"FF","2023-06-29","99.2","0.5","5.99","Chapman, Aroldis",665926,547973,,"foul",,,,,12,,"R","L","L","KC","CLE","S",,,0,1,2023,"0.66","1.16",0.21863063983668163,3.279766074182495,608070,,,2,10,"Top",,,,,,,-2.3357670740738072,-144.56449063229263,-4.814473060981716,9.818080571017619,30.95882651057216,-14.967518562271385,3.13,1.48,219,"74.5",43,"100.7",2182,"6.8",717573,521692,668472,670032,672580,677951,669004,664728,671221,"53.67",,,,,,,,75,2,"4-Seam Fastball",2,2,2,2,2,2,2,2,"Standard","Standard",109,"-0.012","-0.051",,,,,"0.051","88.0",0,0,0.682,0.31799999999999995,35,24,35,25,1,4,2,1,3,1,"1.13","0.66","0.66","45.0",,,,,
"FF","2023-06-29","101","0.64","5.97","Chapman, Aroldis",665926,547973,,"called_strike",,,,,4,,"R","L","L","KC","CLE","S",,,0,0,2023,"0.67","1.34",-0.6093463085575138,2.210648295708496,608070,,,2,10,"Top",,,,,,,-5.1508478848142225,-146.92375377247473,-8.514548467525492,10.831597587808572,31.54610061013222,-10.937575813442908,3.13686941869472,1.51518767075792,,,,"102.8",2414,"7.1",717573,521692,668472,670032,672580,677951,669004,664728,671221,"53.43",,,,,,,,75,1,"4-Seam Fastball",2,2,2,2,2,2,2,2,"Standard","Standard",147,"-0.008","-0.036",,,,,"0.036",,0,0,0.69,0.31000000000000005,35,24,35,25,1,4,2,1,3,1,"0.88","0.67","0.67","45.7",,,,,
"SI","2023-06-29","101.7","0.63","5.96","Chapman, Aroldis",605137,547973,"strikeout","swinging_strike",,,,,8,"Josh Bell strikes out swinging.","R","R","L","KC","CLE","S",2,,0,2,2023,"1.03","1.13",0.23713436998582604,2.3585331804369156,608070,,,1,10,"Top",,,,,,,-3.615040153563847,-148.09112424671673,-7.674237813767531,16.025015456810177,32.07664436730689,-13.991709857995156,3.75,1.81,,,,"103.7",2374,"7.1",717573,521692,668472,670032,672580,677951,669004,664728,671221,"53.38",,0,"0",1,0,0,,74,4,"Sinker",2,2,2,2,2,2,2,2,"Infield shade","Standard",151,"0.106","-0.305",,,,,"0.305",,0,0,0.584,0.41600000000000004,35,30,35,31,1,4,2,1,3,1,"1.06","1.03","-1.03","45.2",,,,,
"SI","2023-06-29","100","0.55","6.13","Chapman, Aroldis",605137,547973,,"foul",,,,,12,,"R","R","L","KC","CLE","S",,,0,2,2023,"1.04","0.96",0.09683991070664633,3.9966932392815853,608070,,,1,10,"Top",,,,,,,-3.770149796104735,-145.73954861335994,-2.8791603576241855,15.785921214159607,29.531410919396013,-18.01266974324959,3.75,1.81,,,,"102",2371,"7",717573,521692,668472,670032,672580,677951,669004,664728,671221,"53.54",,,,,,,,74,3,"Sinker",2,2,2,2,2,2,2,2,"Infield shade","Standard",158,"0","0",,,,,"0",,0,0,0.584,0.41600000000000004,35,30,35,31,1,4,2,1,3,1,"1.29","1.04","-1.04","48.5",,,,,
"FF","2023-06-29","98.2","0.35","6.18","Chapman, Aroldis",605137,547973,,"foul",,,,,6,,"R","R","L","KC","CLE","S",,,0,1,2023,"0.53","1.53",0.3109082485853755,3.0959085258714256,608070,,,1,10,"Top",,,,,,,-1.349765547201481,-143.04382648890677,-6.555862399279951,7.568075797438204,30.898160914920325,-9.780952724773176,3.75,1.81,180,"80.3",69,"99.6",2334,"6.9",717573,521692,668472,670032,672580,677951,669004,664728,671221,"53.63",,,,,,,,74,2,"4-Seam Fastball",2,2,2,2,2,2,2,2,"Strategic","Standard",158,"0.044","-0.085",,,,,"0.085","88.0",0,0,0.54,0.45999999999999996,35,30,35,31,1,4,2,1,3,1,"0.81","0.53","-0.53","50.6",,,,,
"FF","2023-06-29","99.2","0.69","6.12","Chapman, Aroldis",605137,547973,,"called_strike",,,,,9,,"R","R","L","KC","CLE","S",,,0,0,2023,"0.39","1.52",0.4667628623355353,2.241158243072813,608070,,,1,10,"Top",,,,,,,-1.5583239890974976,-144.30747887628985,-8.870477971324213,5.884576743542453,31.66399556500921,-9.140043183583055,3.75721981175679,1.75834286289368,,,,"100.7",2396,"7",717573,521692,668472,670032,672580,677951,669004,664728,671221,"53.52",,,,,,,,74,1,"4-Seam Fastball",2,2,2,2,2,2,2,2,"Strategic","Standard",160,"0.027","-0.055",,,,,"0.055",,0,0,0.513,0.487,35,30,35,31,1,4,2,1,3,1,"0.79","0.39","-0.39","48.7",,,,,
"SL","2023-06-29","88.2","0.5","6.12","Chapman, Aroldis",647304,547973,"field_out","hit_into_play",,,,,8,"Josh Naylor grounds out, second baseman Nicky Lopez to first baseman Nick Pratto. Jose Ramirez to 3rd.","R","L","L","KC","CLE","X",4,"ground_ball",1,1,2023,"-1.02","0.23",-0.20387963347014848,1.8574677384299045,,608070,,0,10,"Top",158.62,141.17,,,,,0.4172428279896764,-128.4679744349925,-4.868483845923581,-11.367457135585914,25.33281029924875,-28.829204391697647,3.08,1.52,130,"68.4",13,"89.9",2269,"7.2",717573,521692,668472,670032,672580,677951,669004,664728,671221,"53.33",0.303,0.272,"0",1,0,0,2,73,3,"Slider",2,2,2,2,2,2,2,2,"Standard","Standard",266,"0.008","-0.189",,,,0.303,"0.189","88.0",0,0,0.505,0.495,35,26,35,26,1,4,2,1,3,2,"2.68","-1.02","-1.02","51.8",,,,,
"SL","2023-06-29","86","0.37","6.07","Chapman, Aroldis",647304,547973,,"called_strike",,,,,5,,"R","L","L","KC","CLE","S",,,1,0,2023,"-0.57","0.3",-0.16925100214078836,2.377834094200655,,608070,,0,10,"Top",,,,,,,-0.12378776572058585,-125.3653816221189,-3.268104365349122,-6.069969457594974,21.74390618391082,-28.56508488214333,2.91259888351183,1.43922053090494,,,,"87.8",2206,"7",717573,521692,668472,670032,672580,677951,669004,664728,671221,"53.51",,,,,,,,73,2,"Slider",2,2,2,2,2,2,2,2,"Standard","Standard",261,"0.01","-0.061",,,,,"0.061",,0,0,0.495,0.505,35,26,35,26,1,4,2,1,3,2,"2.73","-0.57","-0.57","53.7",,,,,
"SL","2023-06-29","86.8","0.62","6.21","Chapman, Aroldis",647304,547973,,"ball",,,,,12,,"R","L","L","KC","CLE","B",,,0,0,2023,"-0.46","0.67",0.10072185634881353,3.6168586156150613,,608070,,0,10,"Top",,,,,,,-0.2879560699701684,-126.50300481350284,-1.4050448086641207,-4.905247219372158,26.162193327242626,-24.892839529877726,2.91259888351183,1.46821605497838,,,,"88.1",2053,"7",717573,521692,668472,670032,672580,677951,669004,664728,671221,"53.46",,,,,,,,73,1,"Slider",2,2,2,2,2,2,2,2,"Standard","Standard",240,"-0.005","0.036",,,,,"-0.036",,0,0,0.5,0.5,35,26,35,26,1,4,2,1,3,2,"2.35","-0.46","-0.46","52.0",,,,,
"SI","2023-06-20","101.2","0.66","5.87","Chapman, Aroldis",679529,547973,"force_out","hit_into_play",,,,,7,"Spencer Torkelson grounds into a force out, shortstop Bobby Witt Jr. to second baseman Nicky Lopez. Zack Short out at 2nd.","R","R","L","DET","KC","X",6,"ground_ball",1,2,2023,"0.83","1.46",-0.4467542788954654,1.680107661611261,665155,663837,670097,2,8,"Bot",110.75,156,,,,,-5.166322612917112,-146.95060118822647,-9.981060522560249,13.3194336719327,36.174609239658075,-8.8482768558646,3.45,1.57,7,"98.9",-13,"102.6",2495,"7.3",717681,521692,668472,670032,672580,677951,680118,671221,669004,"53.24",0.225,0.211,"0",1,0,0,2,62,4,"Sinker",0,1,0,1,1,0,0,1,"Standard","Standard",162,"-0.143","-0.175",,,,0.266,"0.175","98.9",-1,-1,0.308,0.308,35,23,35,24,1,3,3,1,2,1,"0.78","0.83","-0.83","50.5",,,,,
"SL","2023-06-20","87.3","0.57","5.98","Chapman, Aroldis",679529,547973,,"foul_tip",,,,,2,,"R","R","L","DET","KC","S",,,1,1,2023,"-0.68","0.52",-0.08363391980299795,3.089963774882436,665155,663837,670097,2,8,"Bot",,,,,,,-0.17830152831017834,-127.16762057403776,-1.8414620978228897,-7.270619215102175,29.070260716992387,-26.362501725405103,3.45,1.57,,,,"88.4",2268,"7.2",717681,521692,668472,670032,672580,677951,680118,671221,669004,"53.29",,,,,,,,62,3,"Slider",0,1,0,1,1,0,0,1,"Standard","Standard",269,"-0.051","-0.079",,,,,"0.079",,-1,-1,0.359,0.359,35,23,35,24,1,3,3,1,2,1,"2.49","-0.68","0.68","54.0",,,,,
"SL","2023-06-20","86.6","0.57","5.95","Chapman, Aroldis",679529,547973,,"called_strike",,,,,6,,"R","R","L","DET","KC","S",,,1,0,2023,"-0.87","0.65",0.3416446976741646,2.096726768974106,665155,663837,670097,2,8,"Bot",,,,,,,1.2554142688913699,-126.11382377181529,-4.358991121025643,-9.513917101410748,27.840222175840193,-24.568660253176812,3.34169514341258,1.49013393388963,,,,"88.1",2362,"7.4",717681,521692,668472,670032,672580,677951,680118,671221,669004,"53.12",,,,,,,,62,2,"Slider",0,1,0,1,1,0,0,1,"Standard","Standard",263,"-0.037","-0.048",,,,,"0.048",,-1,-1,0.396,0.396,35,23,35,24,1,3,3,1,2,1,"2.41","-0.87","0.87","53.0",,,,,
"FF","2023-06-20","98.8","0.68","5.86","Chapman, Aroldis",679529,547973,,"ball",,,,,14,,"R","R","L","DET","KC","B",,,0,0,2023,"0.31","1.63",0.10861527822112665,1.5145621252608303,665155,663837,670097,2,8,"Bot",,,,,,,-2.2991452863706567,-143.58966426909592,-10.327146020729154,4.76284633750481,33.25140642002373,-7.470149147823329,3.41978646278041,1.64769906614929,,,,"100.3",2343,"7.2",717681,521692,668472,670032,672580,677951,680118,671221,669004,"53.29",,,,,,,,62,1,"4-Seam Fastball",0,1,0,1,1,0,0,1,"Standard","Standard",152,"0.027","0.035",,,,,"-0.035",,-1,-1,0.369,0.369,35,23,35,24,1,3,3,1,2,1,"0.71","0.31","-0.31","48.3",,,,,
"FF","2023-06-20","98.3","0.54","5.88","Chapman, Aroldis",670097,547973,"walk","blocked_ball",,,,,14,"Zack Short walks.","R","R","L","DET","KC","B",,,3,1,2023,"0.44","1.76",0.3489923907171624,-0.09812163043287819,665155,663837,,2,8,"Bot",,,,,,,-1.5769728736125848,-142.41512527895296,-14.978168685109164,6.374539635868587,34.858166508597996,-4.8389583696096246,3.06552281704535,1.39023433322629,,,,"99.5",2452,"7.4",717681,521692,668472,670032,672580,677951,680118,671221,669004,"53.13",,0.695903,"0.7",1,0,0,,61,5,"4-Seam Fastball",0,1,0,1,1,0,0,1,"Standard","Standard",155,"0.02","0.094",,,,,"-0.094",,-1,-1,0.349,0.349,35,28,35,28,1,3,3,1,2,1,"0.63","0.44","-0.44","48.5",,,,,
"SL","2023-06-20","87.8","0.56","6.04","Chapman, Aroldis",670097,547973,,"ball",,,,,12,,"R","R","L","DET","KC","B",,,2,1,2023,"-0.97","0.6",1.1642963883620305,4.145878868392073,665155,663837,,2,8,"Bot",,,,,,,3.5405806758630405,-127.84038130739802,0.3197993814518588,-11.407172838716196,27.040470373785094,-25.947955426719208,3.03896142792989,1.41659207058634,,,,"89",2263,"7.1",717681,521692,668472,670032,672580,677951,680118,671221,669004,"53.43",,,,,,,,61,4,"Slider",0,1,0,1,1,0,0,1,"Standard","Standard",260,"0.011","0.023",,,,,"-0.023",,-1,-1,0.338,0.338,35,28,35,28,1,3,3,1,2,1,"2.36","-0.97","0.97","52.0",,,,,
"SL","2023-06-20","90.5","0.53","5.97","Chapman, Aroldis",670097,547973,,"ball",,,,,13,,"R","R","L","DET","KC","B",,,1,1,2023,"-0.18","0.45",-0.036434117447994574,0.7107027772273107,,665155,663837,2,8,"Bot",,,,,,,-1.0388492714705189,-131.56618720079885,-8.239272971388909,-1.8649293747697893,28.67144318471987,-25.423638905773796,2.98585303471089,1.36388027917232,,,,"91.9",2354,"7.3",717681,521692,668472,670032,672580,677951,680118,671221,669004,"53.24",,,,,,,,61,3,"Slider",0,1,0,1,1,0,0,1,"Standard","Standard",221,"0.054","0.025",,,,,"-0.025",,-1,-1,0.284,0.284,35,28,35,28,1,3,3,1,2,1,"2.35","-0.18","0.18","53.1",,,,,
"FF","2023-06-20","100.7","0.58","5.98","Chapman, Aroldis",670097,547973,,"ball",,,,,13,,"R","R","L","DET","KC","B",,,0,1,2023,"0.47","1.58",-1.98710147569997,1.919908518161002,,665155,663837,2,8,"Bot",,,,,,,-8.360362890638317,-146.1171282287064,-9.753851615077071,8.82477183316144,36.34775520725038,-7.4110714751412345,3.01240484268872,1.44295351156335,,,,"101.8",2655,"7.2",717681,521692,668472,670032,672580,677951,680118,671221,669004,"53.33",,,,,,,,61,2,"4-Seam Fastball",0,1,0,1,1,0,0,1,"Standard","Standard",159,"0.013","0.025",,,,,"-0.025",,-1,-1,0.271,0.271,35,28,35,28,1,3,3,1,2,1,"0.7","0.47","-0.47","52.6",,,,,
"FF","2023-06-20","99.7","0.63","5.97","Chapman, Aroldis",670097,547973,,"called_strike",,,,,3,,"R","R","L","DET","KC","S",,,0,0,2023,"0.48","1.53",0.3833926474076104,3.1303034580617077,,665155,663837,2,8,"Bot",,,,,,,-1.8382660474245447,-144.9771841743284,-6.031344752662204,7.141986576351146,37.6679445507514,-9.381331545784944,3.01087424795993,1.28420876185485,,,,"100.6",2611,"7.1",717681,521692,668472,670032,672580,677951,680118,671221,669004,"53.41",,,,,,,,61,1,"4-Seam Fastball",0,1,0,1,1,0,0,1,"Standard","Standard",155,"-0.019","-0.04",,,,,"0.04",,-1,-1,0.29,0.29,35,28,35,28,1,3,3,1,2,1,"0.78","0.48","-0.48","47.8",,,,,
"FF","2023-06-20","100.2","0.47","5.9","Chapman, Aroldis",663837,547973,"walk","ball",,,,,13,"Matt Vierling walks. Nick Maton to 2nd.","R","R","L","DET","KC","B",,,3,1,2023,"0.45","1.47",-0.16144757755411943,1.5043629493860744,,,665155,2,8,"Bot",,,,,,,-2.873462033101346,-145.57258081526973,-10.404428407035113,7.114825269805272,35.051210881969354,-8.9450747685983,3.41157436522803,1.65280082924311,,,,"101.6",2592,"7.2",717681,521692,668472,670032,672580,677951,680118,671221,669004,"53.29",,0.695903,"0.7",1,0,0,,60,5,"4-Seam Fastball",0,1,0,1,1,0,0,1,"Standard","Standard",158,"0.034","0.164",,,,,"-0.164",,-1,-1,0.256,0.256,35,26,35,27,1,0,3,3,2,1,"0.81","0.45","-0.45","48.6",,,,,
"SL","2023-06-20","92.3","0.45","6.04","Chapman, Aroldis",663837,547973,,"blocked_ball",,,,,13,,"R","R","L","DET","KC","B",,,2,1,2023,"-0.91","0.67",-0.7406019168157729,0.3805035342304286,,,665155,2,8,"Bot",,,,,,,-1.057547974960395,-133.9168719177989,-10.012473157410541,-10.529384765327547,35.14129493035287,-21.915029119358152,3.46484276666708,1.65280082924311,,,,"92.8",2580,"7.2",717681,521692,668472,670032,672580,677951,680118,671221,669004,"53.28",,,,,,,,60,4,"Slider",0,1,0,1,1,0,0,1,"Standard","Standard",244,"0.017","0.097",,,,,"-0.097",,-1,-1,0.239,0.239,35,26,35,27,1,0,3,3,2,1,"2.07","-0.91","0.91","54.1",,,,,
"FF","2023-06-20","100.3","0.73","5.89","Chapman, Aroldis",663837,547973,,"called_strike",,,,,4,,"R","R","L","DET","KC","S",,,2,0,2023,"0.54","1.4",-0.47491891179164336,2.647414022274255,,,665155,2,8,"Bot",,,,,,,-4.686008273565145,-145.86546149381215,-6.985476355664299,8.836126033279767,37.17215531308678,-10.71904901479048,3.35832674063159,1.6264091880842,,,,"101.6",2548,"7.2",717681,521692,668472,670032,672580,677951,680118,671221,669004,"53.29",,,,,,,,60,3,"4-Seam Fastball",0,1,0,1,1,0,0,1,"Standard","Standard",156,"-0.011","-0.051",,,,,"0.051",,-1,-1,0.25,0.25,35,26,35,27,1,0,3,3,2,1,"0.88","0.54","-0.54","45.4",,,,,
"FF","2023-06-20","99.7","0.64","5.83","Chapman, Aroldis",663837,547973,,"ball",,,,,14,,"R","R","L","DET","KC","B",,,1,0,2023,"0.42","1.54",0.04873759765232155,1.457723592912021,,,665155,2,8,"Bot",,,,,,,-2.6338758084134195,-144.77538913399627,-10.34156866509097,6.468054706461528,36.03327263299848,-8.217952125873452,3.43820595428936,1.6264091880842,,,,"100.8",2522,"7.2",717681,521692,668472,670032,672580,677951,680118,671221,669004,"53.34",,,,,,,,60,2,"4-Seam Fastball",0,1,0,1,1,0,0,1,"Standard","Standard",155,"0.011","0.037",,,,,"-0.037",,-1,-1,0.239,0.239,35,26,35,27,1,0,3,3,2,1,"0.77","0.42","-0.42","47.7",,,,,
"FF","2023-06-20","100.2","0.47","5.86","Chapman, Aroldis",663837,547973,,"ball",,,,,13,,"R","R","L","DET","KC","B",,,0,0,2023,"0.16","1.62",-0.05708706603431865,1.2783296075311266,,,665155,2,8,"Bot",,,,,,,-1.8676850995073837,-145.55123932278434,-11.2871014678984,2.731587044372539,34.506041310599464,-6.662338815635896,3.30509966181114,1.57363749222402,,,,"101.8",2437,"7.3",717681,521692,668472,670032,672580,677951,680118,671221,669004,"53.23",,,,,,,,60,1,"4-Seam Fastball",0,1,0,1,1,0,0,1,"Standard","Standard",158,"0.006","0.03",,,,,"-0.03",,-1,-1,0.233,0.233,35,26,35,27,1,0,3,3,2,1,"0.66","0.16","-0.16","48.5",,,,,
"SI","2023-06-20","100.9","0.76","5.99","Chapman, Aroldis",668670,547973,"strikeout","swinging_strike",,,,,8,"Jake Rogers strikes out swinging.","R","R","L","DET","KC","S",2,,1,2,2023,"0.94","1.31",0.1952530798338804,1.797502090669142,,,665155,1,8,"Bot",,,,,,,-3.8771847531974797,-146.69077201458444,-9.58954981846999,14.544567089722657,33.52695435697583,-11.142880979903705,3.39,1.55,,,,"102.4",2488,"7.1",717681,521692,668472,670032,672580,677951,680118,671221,669004,"53.4",,0,"0",1,0,0,,59,4,"Sinker",0,1,0,1,1,0,0,1,"Standard","Standard",161,"-0.058","-0.183",,,,,"0.183",,-1,-1,0.291,0.291,35,28,35,28,1,2,3,1,2,3,"0.92","0.94","-0.94","50.9",,,,,
"SL","2023-06-20","89.2","0.35","6.02","Chapman, Aroldis",668670,547973,,"foul",,,,,1,,"R","R","L","DET","KC","S",,,1,1,2023,"-0.98","0.7",-0.42748542981513804,2.9478824674787187,,,665155,1,8,"Bot",,,,,,,0.1662944183200603,-129.71321565110355,-2.894775054146099,-10.968903931545727,33.36752757954758,-23.938981230217014,3.39,1.55,335,"92.9",34,"89.7",2604,"7.2",717681,521692,668472,670032,672580,677951,680118,671221,669004,"53.32",,,,,,,,59,3,"Slider",0,1,0,1,1,0,0,1,"Standard","Standard",261,"-0.021","-0.055",,,,,"0.055","92.9",-1,-1,0.312,0.312,35,28,35,28,1,2,3,1,2,3,"2.22","-0.98","0.98","54.4",,,,,
"SL","2023-06-20","87","0.29","6.03","Chapman, Aroldis",668670,547973,,"called_strike",,,,,2,,"R","R","L","DET","KC","S",,,1,0,2023,"-0.42","0.55",0.10633632277687227,3.074935117787057,,,665155,1,8,"Bot",,,,,,,0.422462370181866,-126.59422186660078,-1.9956495960863103,-4.536027325443048,28.535803149971848,-26.081821391921842,3.28179161283824,1.41742707153013,,,,"88",2351,"7.2",717681,521692,668472,670032,672580,677951,680118,671221,669004,"53.33",,,,,,,,59,2,"Slider",0,1,0,1,1,0,0,1,"Standard","Standard",229,"-0.014","-0.053",,,,,"0.053",,-1,-1,0.326,0.326,35,28,35,28,1,2,3,1,2,3,"2.49","-0.42","0.42","58.5",,,,,
"FF","2023-06-20","95.5","0.42","6.02","Chapman, Aroldis",668670,547973,,"ball",,,,,12,,"R","R","L","DET","KC","B",,,0,0,2023,"0.58","1.53",0.3072959236748297,5.084522450490137,,,665155,1,8,"Bot",,,,,,,-1.6172247374343751,-138.98166215210765,-0.21211984423080676,7.822247089052988,35.58515430466291,-12.714374827373325,3.33500976427494,1.49652294203159,,,,"96.2",2399,"7",717681,521692,668472,670032,672580,677951,680118,671221,669004,"53.49",,,,,,,,59,1,"4-Seam Fastball",0,1,0,1,1,0,0,1,"Standard","Standard",160,"0.01","0.036",,,,,"-0.036",,-1,-1,0.316,0.316,35,28,35,28,1,2,3,1,2,3,"1","0.58","-0.58","53.4",,,,,
"SI","2023-06-17","103.5","0.45","5.93","Chapman, Aroldis",595453,547973,"strikeout","swinging_strike",,,,,2,"Chad Wallach strikes out swinging.","R","R","L","KC","LAA","S",2,,1,2,2023,"1.04","1.08",-0.18067689792829045,3.6634705970777093,,660271,545361,2,9,"Top",,,,,,,-4.408538457194107,-150.757035579059,-4.01292920523437,16.921114755306565,34.34806453873862,-14.968373204485808,3.75,1.81,,,,"105.7",2427,"7.3",717726,521692,668472,670032,672580,677951,669392,671221,669004,"53.25",,0,"0",1,0,0,,82,5,"Sinker",8,9,9,8,9,8,9,8,"Standard","Standard",155,"0.024","-0.213",,,,,"0.213",,-1,1,0.18,0.8200000000000001,35,31,35,32,1,0,5,2,3,1,"1.04","1.04","-1.04","46.0",,,,,
"SI","2023-06-17","102.6","0.55","6","Chapman, Aroldis",595453,547973,,"foul",,,,,4,,"R","R","L","KC","LAA","S",,,1,2,2023,"1.02","1.08",-0.5592969653705565,2.9955455786016905,,660271,545361,2,9,"Top",,,,,,,-5.705232531541495,-149.34049859547602,-6.0186020944349865,16.657905871524846,32.27062537863603,-14.803593394678941,3.75,1.81,218,"77.6",49,"104.6",2285,"7.1",717726,521692,668472,670032,672580,677951,669392,671221,669004,"53.4",,,,,,,,82,4,"Sinker",8,9,9,8,9,8,9,8,"Standard","Standard",163,"0","0",,,,,"0","88.0",-1,1,0.18,0.8200000000000001,35,31,35,32,1,0,5,2,3,1,"1.07","1.02","-1.02","49.3",,,,,
"FF","2023-06-17","101","0.54","5.92","Chapman, Aroldis",595453,547973,,"swinging_strike",,,,,4,,"R","R","L","KC","LAA","S",,,1,1,2023,"0.27","1.34",-0.5481725859577251,2.9742682280353874,,660271,545361,2,9,"Top",,,,,,,-3.735869502220861,-147.0518893651944,-6.2371092248602045,4.736715800076259,31.352647327613525,-11.442590826202663,3.75,1.81,,,,"103.4",2369,"7.3",717726,521692,668472,670032,672580,677951,669392,671221,669004,"53.21",,,,,,,,82,3,"4-Seam Fastball",8,9,9,8,9,8,9,8,"Standard","Standard",160,"0.008","-0.069",,,,,"0.069",,-1,1,0.172,0.8280000000000001,35,31,35,32,1,0,5,2,3,1,"0.87","0.27","-0.27","49.8",,,,,
"FF","2023-06-17","100.3","0.61","5.95","Chapman, Aroldis",595453,547973,,"foul",,,,,4,,"R","R","L","KC","LAA","S",,,1,0,2023,"0.25","1.41",-0.6970106620026493,2.555621897857126,,660271,545361,2,9,"Top",,,,,,,-4.3175735583450106,-146.01871689517506,-7.544683255402435,4.606041408965004,32.08311282462768,-10.432900299684544,3.75,1.81,180,"64.9",52,"102.7",2526,"7.4",717726,521692,668472,670032,672580,677951,669392,671221,669004,"53.09",,,,,,,,82,2,"4-Seam Fastball",8,9,9,8,9,8,9,8,"Standard","Standard",157,"0.004","-0.045",,,,,"0.045","88.0",-1,1,0.168,0.832,35,31,35,32,1,0,5,2,3,1,"0.84","0.25","-0.25","46.0",,,,,
"FF","2023-06-17","101.7","0.47","5.85","Chapman, Aroldis",595453,547973,,"ball",,,,,13,,"R","R","L","KC","LAA","B",,,0,0,2023,"0.45","1.46",-0.8713409434722836,1.04403986221836,,660271,545361,2,9,"Top",,,,,,,-4.934682777262252,-147.73636895393594,-11.912015450603283,7.756985438867051,33.963679261408956,-8.176921063826436,3.61844979964333,1.70582340700633,,,,"103.8",2446,"7.4",717726,521692,668472,670032,672580,677951,669392,671221,669004,"53.07",,,,,,,,82,1,"4-Seam Fastball",8,9,9,8,9,8,9,8,"Standard","Standard",164,"-0.002","0.03",,,,,"-0.03",,-1,1,0.17,0.83,35,31,35,32,1,0,5,2,3,1,"0.75","0.45","-0.45","46.4",,,,,
"FF","2023-06-17","99.7","0.48","5.82","Chapman, Aroldis",592273,547973,"strikeout","swinging_strike",,,,,4,"Brandon Drury strikes out swinging.","R","R","L","KC","LAA","S",2,,3,2,2023,"0.52","1.45",-0.5161176749691969,2.945810426704678,,660271,545361,1,9,"Top",,,,,,,-4.052077473849979,-145.06524986448525,-6.045832665885496,8.339184058805523,33.26443347641853,-10.422423225717715,3.64,1.78,,,,"101.6",2438,"7.3",717726,521692,668472,670032,672580,677951,669392,671221,669004,"53.22",,0,"0",1,0,0,,81,6,"4-Seam Fastball",8,9,9,8,9,8,9,8,"Standard","Standard",156,"0.037","-0.264",,,,,"0.264",,-1,1,0.133,0.867,35,30,35,31,1,4,5,1,3,1,"0.84","0.52","-0.52","47.8",,,,,
"SL","2023-06-17","86.3","0.39","6.04","Chapman, Aroldis",592273,547973,,"foul",,,,,5,,"R","R","L","KC","LAA","S",,,3,1,2023,"-0.95","0.5",-0.12335654360221948,2.743026051408569,,660271,545361,1,9,"Top",,,,,,,0.7354338680148995,-125.72334320818982,-2.6597402685055123,-10.206911320300303,27.31457546446009,-26.539025935280655,3.64,1.78,221,"87",61,"87.9",2265,"7.4",717726,521692,668472,670032,672580,677951,669392,671221,669004,"53.11",,,,,,,,81,5,"Slider",8,9,9,8,9,8,9,8,"Standard","Standard",279,"0.01","-0.111",,,,,"0.111","88.0",-1,1,0.123,0.877,35,30,35,31,1,4,5,1,3,1,"2.57","-0.95","0.95","51.4",,,,,
"FF","2023-06-17","99.8","0.52","5.91","Chapman, Aroldis",592273,547973,,"called_strike",,,,,13,,"R","R","L","KC","LAA","S",,,3,0,2023,"0.27","1.53",-0.2330224630838808,1.5680093464116456,,660271,545361,1,9,"Top",,,,,,,-2.747826051273635,-144.93520164163664,-10.3107748697996,4.4444299694882075,34.91730202058037,-8.423276870757848,3.63786727723205,1.77430482687323,,,,"101.6",2478,"7.4",717726,521692,668472,670032,672580,677951,669392,671221,669004,"53.06",,,,,,,,81,4,"4-Seam Fastball",8,9,9,8,9,8,9,8,"Standard","Standard",161,"0.007","-0.067",,,,,"0.067",,-1,1,0.116,0.884,35,30,35,31,1,4,5,1,3,1,"0.78","0.27","-0.27","49.2",,,,,
"SL","2023-06-17","87.7","0.62","6.07","Chapman, Aroldis",592273,547973,,"ball",,,,,12,,"R","R","L","KC","LAA","B",,,2,0,2023,"-0.96","0.3",0.6260175581059242,3.686570182236084,,660271,545361,1,9,"Top",,,,,,,2.0448858303261237,-127.7342416790328,-0.20655908288940983,-10.943462690930936,28.15887446119851,-29.09168678177806,3.45017103525565,1.70481630313723,,,,"89.1",2348,"7.3",717726,521692,668472,670032,672580,677951,669392,671221,669004,"53.21",,,,,,,,81,3,"Slider",8,9,9,8,9,8,9,8,"Standard","Standard",271,"-0.011","0.092",,,,,"-0.092",,-1,1,0.127,0.873,35,30,35,31,1,4,5,1,3,1,"2.68","-0.96","0.96","50.9",,,,,
"FF","2023-06-17","99.6","0.54","5.93","Chapman, Aroldis",592273,547973,,"blocked_ball",,,,,13,,"R","R","L","KC","LAA","B",,,1,0,2023,"0.54","1.42",-0.08190754868605188,0.3076631316762084,,660271,545361,1,9,"Top",,,,,,,-3.018939471582832,-144.48330482354447,-13.559209600691347,8.208279376696662,33.927228568733355,-9.367225313401207,3.53740429225218,1.67579249297229,,,,"101.2",2312,"7.3",717726,521692,668472,670032,672580,677951,669392,671221,669004,"53.16",,,,,,,,81,2,"4-Seam Fastball",8,9,9,8,9,8,9,8,"Standard","Standard",157,"-0.008","0.067",,,,,"-0.067",,-1,1,0.135,0.865,35,30,35,31,1,4,5,1,3,1,"0.9","0.54","-0.54","49.0",,,,,
"SL","2023-06-17","88.6","0.41","6.18","Chapman, Aroldis",592273,547973,,"ball",,,,,2,,"R","R","L","KC","LAA","B",,,0,0,2023,"-0.71","1.06",0.1405680493855782,3.644553247191098,,660271,545361,1,9,"Top",,,,,,,0.8504885123086736,-129.11928254894548,-2.4065204976870658,-8.130839688070454,26.135738020676477,-20.037989700037755,3.53740429225218,1.67579249297229,,,,"90.2",2258,"7.1",717726,521692,668472,670032,672580,677951,669392,671221,669004,"53.37",,,,,,,,81,1,"Slider",8,9,9,8,9,8,9,8,"Infield shade","Standard",270,"-0.004","0.042",,,,,"-0.042",,-1,1,0.139,0.861,35,30,35,31,1,4,5,1,3,1,"1.83","-0.71","0.71","53.2",,,,,
"FF","2023-06-17","99.6","0.25","5.96","Chapman, Aroldis",545361,547973,"single","hit_into_play",,,,,4,"Mike Trout singles on a ground ball to left fielder Samad Taylor. Andrew Velazquez scores. Shohei Ohtani to 2nd.","R","R","L","KC","LAA","X",7,"ground_ball",1,1,2023,"0.32","1.46",-0.3204733950304709,2.7307990414782215,623205,,660271,1,9,"Top",90.3,101.82,,,,,-2.352867546956645,-144.8785724250594,-7.069132283806528,4.994507189344471,33.72420570008937,-10.11050616999472,3.52,1.66,89,"97",5,"101.8",2407,"7.5",717726,521692,668472,670032,672580,677951,669392,671221,669004,"53.01",0.579,0.522,"0.9",1,1,0,4,80,3,"4-Seam Fastball",8,8,8,8,9,8,9,8,"Strategic","Standard",159,"-0.185","0.491",,,,0.626,"-0.491","97.0",0,0,0.324,0.6759999999999999,35,31,35,32,1,4,5,1,3,1,"0.83","0.32","-0.32","49.5",,,,,
"FF","2023-06-17","101.3","0.55","5.89","Chapman, Aroldis",545361,547973,,"ball",,,,,13,,"R","R","L","KC","LAA","B",,,0,1,2023,"0.25","1.48",-1.1602200313328794,1.2649512034654462,623205,,660271,1,9,"Top",,,,,,,-5.499192182980432,-147.1435370924799,-11.415470838495741,4.836786422876867,31.862524450357597,-8.236200422556648,3.53357327450065,1.61371085447058,,,,"103.8",2553,"7.5",717726,521692,668472,670032,672580,677951,669392,671221,669004,"53.01",,,,,,,,80,2,"4-Seam Fastball",8,8,8,8,8,8,8,8,"Strategic","Standard",167,"-0.019","0.035",,,,,"-0.035",,0,0,0.343,0.657,35,31,35,32,1,4,5,1,3,1,"0.74","0.25","-0.25","47.4",,,,,
"FF","2023-06-17","100.3","0.54","5.84","Chapman, Aroldis",545361,547973,,"foul_tip",,,,,8,,"R","R","L","KC","LAA","S",,,0,0,2023,"0.39","1.47",-0.15823293883806705,1.9282845820651844,623205,,660271,1,9,"Top",,,,,,,-2.942023859379908,-145.93498770744992,-9.132946432955325,6.318053904766396,32.430699073448714,-9.284168758978504,3.52,1.66,,,,"102.7",2464,"7.5",717726,521692,668472,670032,672580,677951,669392,671221,669004,"53.05",,,,,,,,80,1,"4-Seam Fastball",8,8,8,8,8,8,8,8,"Strategic","Standard",158,"0.028","-0.044",,,,,"0.044",,0,0,0.315,0.685,35,31,35,32,1,4,5,1,3,1,"0.79","0.39","-0.39","45.0",,,,,
"FF","2023-06-17","100.7","0.54","5.87","Chapman, Aroldis",660271,547973,"walk","ball",,,,,13,"Shohei Ohtani walks.","R","L","L","KC","LAA","B",,,3,0,2023,"0.24","1.42",-1.5884266327496541,1.8756208113208401,623205,,,1,9,"Top",,,,,,,-6.617655058417943,-146.38122453035297,-9.383956704092315,4.922924434749073,30.619478561381083,-9.718842533030934,3.55455755790496,1.54464951992741,,,,"103.3",2392,"7.5",717726,521692,668472,670032,672580,677951,669392,671221,669004,"53.04",,0.695903,"0.7",1,0,0,,79,4,"4-Seam Fastball",8,8,8,8,8,8,8,8,"Strategic","Standard",156,"-0.004","0.052",,,,,"-0.052",,0,0,0.319,0.681,35,28,35,29,1,4,5,1,3,1,"0.81","0.24","0.24","46.1",,,,,
"SL","2023-06-17","90.4","0.61","6.08","Chapman, Aroldis",660271,547973,,"ball",,,,,12,,"R","L","L","KC","LAA","B",,,2,0,2023,"-0.67","0.2",1.2346003271789163,3.17745336039137,,623205,,1,9,"Top",,,,,,,3.024228033853293,-131.60951868366874,-1.7231196641251931,-8.423863169201384,28.41210879904591,-29.701476104360683,3.46732254670496,1.57366784610937,,,,"91.8",2304,"7.1",717726,521692,668472,670032,672580,677951,669392,671221,669004,"53.38",,,,,,,,79,3,"Slider",8,8,8,8,8,8,8,8,"Standard","Standard",280,"-0.113","0.072",,,,,"-0.072",,0,0,0.432,0.5680000000000001,35,28,35,29,1,4,5,1,3,1,"2.59","-0.67","-0.67","49.5",,,,,
"FF","2023-06-17","100.7","0.6","5.87","Chapman, Aroldis",660271,547973,,"ball",,,,,13,,"R","L","L","KC","LAA","B",,,1,0,2023,"0.25","1.41",-1.337162536312717,1.56244340887251,,623205,,1,9,"Top",,,,,,,-6.101118542689866,-146.22430346633172,-10.150977742240817,5.0147596070116185,35.47643138827228,-9.70625860779695,3.58363786814702,1.60268739360701,,,,"102.8",2590,"7.6",717726,521692,668472,670032,672580,677951,669392,671221,669004,"52.92",,,,,,,,79,2,"4-Seam Fastball",8,8,8,8,8,8,8,8,"Standard","Standard",159,"-0.004","0.036",,,,,"-0.036",,0,0,0.436,0.5640000000000001,35,28,35,29,1,4,5,1,3,1,"0.85","0.25","0.25","46.4",,,,,
"FF","2023-06-17","101","0.56","5.91","Chapman, Aroldis",660271,547973,,"ball",,,,,7,,"R","L","L","KC","LAA","B",,,0,0,2023,"0","1.39",-0.8035630743342027,1.6388464701677958,,623205,,1,9,"Top",,,,,,,-3.8709513895211605,-146.83005475406995,-10.066987282212413,0.9282425390512414,33.605495712640334,-9.946893857496145,3.68378959342802,1.6425901502796,,,,"103.1",2586,"7.4",717726,521692,668472,670032,672580,677951,669392,671221,669004,"53.09",,,,,,,,79,1,"4-Seam Fastball",8,8,8,8,8,8,8,8,"Standard","Standard",153,"-0.002","0.034",,,,,"-0.034",,0,0,0.438,0.562,35,28,35,29,1,4,5,1,3,1,"0.85","0","0","44.8",,,,,
"SI","2023-06-17","99.9","0.62","5.96","Chapman, Aroldis",592669,547973,"strikeout","swinging_strike",,,,,6,"Hunter Renfroe strikes out swinging. Andrew Velazquez steals (2) 2nd base.","R","R","L","KC","LAA","S",2,,1,2,2023,"1.09","1.22",0.43083362983902285,2.662247625213252,,,623205,0,9,"Top",,,,,,,-3.1616488065251542,-145.40690340635405,-6.728563600509643,16.18915394483369,32.866898951848164,-13.463092234029844,3.5,1.7,,,,"101.9",2431,"7.3",717726,521692,668472,670032,672580,677951,669392,671221,669004,"53.21",,0,"0",1,0,0,,78,5,"Sinker",8,8,8,8,8,8,8,8,"Standard","Standard",154,"-0.005","-0.165",,,,,"0.165",,0,0,0.443,0.5569999999999999,35,31,35,31,1,0,5,1,3,1,"1.05","1.09","-1.09","48.7",,,,,
"SI","2023-06-17","100.8","0.27","6.05","Chapman, Aroldis",592669,547973,,"foul",,,,,1,,"R","R","L","KC","LAA","S",,,1,2,2023,"0.9","1.35",-0.4103063894937292,3.413472217391684,,,623205,0,9,"Top",,,,,,,-4.106415516045572,-146.73252411758594,-5.293396565097967,13.973030091825994,34.47365018153205,-11.67778334081524,3.5,1.7,209,"85.7",16,"102.7",2511,"7.2",717726,521692,668472,670032,672580,677951,669392,671221,669004,"53.25",,,,,,,,78,4,"Sinker",8,8,8,8,8,8,8,8,"Standard","Standard",165,"0","0",,,,,"0","88.0",0,0,0.443,0.5569999999999999,35,31,35,31,1,0,5,1,3,1,"0.89","0.9","-0.9","50.2",,,,,
"SL","2023-06-17","87.9","0.15","6.06","Chapman, Aroldis",592669,547973,,"swinging_strike",,,,,13,,"R","R","L","KC","LAA","S",,,1,1,2023,"-0.79","0.52",-1.0146807879642723,1.2820396228145026,,,623205,0,9,"Top",,,,,,,-1.2104726382375115,-127.85918817359789,-6.649491317413033,-8.345757075664439,27.330392094422102,-25.240379848982823,3.5,1.7,,,,"89.6",2305,"7.4",717726,521692,668472,670032,672580,677951,669392,671221,669004,"53.07",,,,,,,,78,3,"Slider",8,8,8,8,8,8,8,8,"Standard","Standard",278,"0.02","-0.059",,,,,"0.059",,0,0,0.423,0.577,35,31,35,31,1,0,5,1,3,1,"2.44","-0.79","0.79","54.6",,,,,
"FF","2023-06-17","100.3","0.78","5.98","Chapman, Aroldis",592669,547973,,"ball",,,,,9,,"R","R","L","KC","LAA","B",,,0,1,2023,"0.49","1.8",0.765332727937481,2.056930817118101,,,623205,0,9,"Top",,,,,,,-1.2447280885967462,-145.724670267843,-9.890283746783735,7.30317496877063,35.715438981366006,-4.400702775071708,3.67244588806118,1.7526424868532,,,,"102",2471,"7.4",717726,521692,668472,670032,672580,677951,669392,671221,669004,"53.12",,,,,,,,78,2,"4-Seam Fastball",8,8,8,8,8,8,8,8,"Standard","Standard",150,"-0.008","0.024",,,,,"-0.024",,0,0,0.431,0.569,35,31,35,31,1,0,5,1,3,1,"0.48","0.49","-0.49","49.3",,,,,
"FF","2023-06-17","98.7","0.34","6.09","Chapman, Aroldis",592669,547973,,"called_strike",,,,,6,,"R","R","L","KC","LAA","S",,,0,0,2023,"0.55","1.71",0.27742191286008855,2.8379660854371305,,,623205,0,9,"Top",,,,,,,-1.4730844389669726,-143.57970407034713,-7.511132751585285,7.940706056578091,33.252622377501595,-7.00300133756779,3.45539302989076,1.68277730017599,,,,"100.3",2414,"7.2",717726,521692,668472,670032,672580,677951,669392,671221,669004,"53.3",,,,,,,,78,1,"4-Seam Fastball",8,8,8,8,8,8,8,8,"Standard","Standard",162,"0.012","-0.036",,,,,"0.036",,0,0,0.419,0.581,35,31,35,31,1,0,5,1,3,1,"0.63","0.55","-0.55","47.8",,,,,
"SI","2023-06-09","101.6","0.48","6.15","Chapman, Aroldis",543510,547973,"strikeout","called_strike",,,,,8,"James McCann called out on strikes.","R","R","L","BAL","KC","S",2,,1,2,2023,"1.1","1.34",0.126647709621882,2.105322155378839,,543305,,2,8,"Bot",,,,,,,-3.6652093872749703,-147.7119586621498,-9.362283660395523,16.901456754248432,36.081403654633135,-10.491534903830415,3.45033012823908,1.58887905241634,,,,"102.8",2510,"7",717839,521692,668472,670032,672580,677951,681987,671221,669004,"53.48",,0,"0",1,0,0,,65,4,"Sinker",3,2,3,2,2,3,3,2,"Standard","Standard",156,"-0.016","-0.203",,,,,"0.203",,1,1,0.851,0.851,35,33,35,33,1,3,5,1,3,2,"0.88","1.1","-1.1","49.5",,,,,
"SL","2023-06-09","89.3","0.55","6.18","Chapman, Aroldis",543510,547973,,"swinging_strike",,,,,7,,"R","R","L","BAL","KC","S",,,1,1,2023,"-0.97","-0.01",-0.522798896859891,1.643682532640062,,543305,,2,8,"Bot",,,,,,,-0.5933615116853366,-129.9407714891997,-5.172103077589542,-10.836120980835393,29.662373459500994,-31.302501921960477,3.32,1.49,,,,"90.7",2425,"7.3",717839,521692,668472,670032,672580,677951,681987,671221,669004,"53.16",,,,,,,,65,3,"Slider",3,2,3,2,2,3,3,2,"Standard","Standard",300,"-0.006","-0.064",,,,,"0.064",,1,1,0.857,0.857,35,33,35,33,1,3,5,1,3,2,"2.89","-0.97","0.97","50.8",,,,,
"FF","2023-06-09","99.8","0.62","6.05","Chapman, Aroldis",543510,547973,,"called_strike",,,,,7,,"R","R","L","BAL","KC","S",,,1,0,2023,"0.46","1.6",-0.7528266015003372,1.7480356116227027,,,543305,2,8,"Bot",,,,,,,-4.938514493484745,-144.9254304402624,-10.32172677907516,7.672495451561367,37.29204311184094,-7.311480406866387,3.47393816103266,1.58887905241634,,,,"101",2469,"7.3",717839,521692,668472,670032,672580,677951,681987,671221,669004,"53.21",,,,,,,,65,2,"4-Seam Fastball",3,2,3,2,2,3,3,2,"Standard","Strategic",145,"0.006","-0.05",,,,,"0.05",,1,1,0.851,0.851,35,33,35,33,1,3,5,1,3,2,"0.71","0.46","-0.46","48.9",,,,,
"FF","2023-06-09","101.3","0.64","6.15","Chapman, Aroldis",543510,547973,,"ball",,,,,12,,"R","R","L","BAL","KC","B",,,0,0,2023,"0.44","1.86",1.371762346623892,3.7418761844549175,,,543305,2,8,"Bot",,,,,,,1.0086351500991788,-147.30243337421703,-5.895021110185925,6.021394480441711,39.51799749589445,-3.978586284633354,3.47393816103266,1.54169917557839,,,,"102.5",2518,"7.3",717839,521692,668472,670032,672580,677951,681987,671221,669004,"53.24",,,,,,,,65,1,"4-Seam Fastball",3,2,3,2,2,3,3,2,"Standard","Strategic",177,"0.001","0.03",,,,,"-0.03",,1,1,0.85,0.85,35,33,35,33,1,3,5,1,3,2,"0.39","0.44","-0.44","49.0",,,,,
"SI","2023-06-09","101.2","0.51","6.17","Chapman, Aroldis",602104,547973,"strikeout","swinging_strike",,,,,5,"Ramon Urias strikes out swinging.","R","R","L","BAL","KC","S",2,,1,2,2023,"1.06","1.38",-0.00073289861890935,2.2981326118190077,,,543305,1,8,"Bot",,,,,,,-4.011642281729116,-147.04161694139623,-8.899599796074188,16.265741726862693,36.18620805460636,-10.23337188375373,3.13,1.5,,,,"102.6",2414,"7.2",717839,521692,668472,670032,672580,677951,681987,671221,669004,"53.27",,0,"0",1,0,0,,64,4,"Sinker",3,2,3,2,2,3,3,2,"Standard","Strategic",163,"-0.012","-0.183",,,,,"0.183",,1,1,0.862,0.862,35,29,35,29,1,3,5,1,3,2,"0.86","1.06","-1.06","49.4",,,,,
"SL","2023-06-09","86.9","0.47","6.22","Chapman, Aroldis",602104,547973,,"called_strike",,,,,13,,"R","R","L","BAL","KC","S",,,1,1,2023,"-0.46","0.52",-0.8741380540629895,2.3338311002926884,,,543305,1,8,"Bot",,,,,,,-2.326783480343927,-126.47932227940831,-4.241533566051521,-4.402061040852922,26.179359768625005,-25.934022590059833,3.21253698069496,1.58725350487902,,,,"88.1",2378,"7.1",717839,521692,668472,670032,672580,677951,681987,671221,669004,"53.44",,,,,,,,64,3,"Slider",3,2,3,2,2,3,3,2,"Standard","Strategic",266,"-0.004","-0.055",,,,,"0.055",,1,1,0.866,0.866,35,29,35,29,1,3,5,1,3,2,"2.5","-0.46","0.46","61.6",,,,,
"FF","2023-06-09","97.2","0.58","6.21","Chapman, Aroldis",602104,547973,,"ball",,,,,12,,"R","R","L","BAL","KC","B",,,0,1,2023,"0.36","1.53",0.5299531026777851,4.102978699798175,,,543305,1,8,"Bot",,,,,,,-0.9889982732827611,-141.4857245618591,-3.6621606845466044,5.08386583539945,35.22942962106076,-11.025844379654602,3.21428861367876,1.58887905241634,,,,"98.8",2336,"7.4",717839,521692,668472,670032,672580,677951,681987,671221,669004,"53.12",,,,,,,,64,2,"4-Seam Fastball",3,2,3,2,2,3,3,2,"Standard","Strategic",159,"0.002","0.025",,,,,"-0.025",,1,1,0.864,0.864,35,29,35,29,1,3,5,1,3,2,"0.89","0.36","-0.36","49.3",,,,,
"FF","2023-06-09","98.9","0.6","6.15","Chapman, Aroldis",602104,547973,,"swinging_strike",,,,,11,,"R","R","L","BAL","KC","S",,,0,0,2023,"0.25","1.66",-1.212485825216574,2.907843982437401,,,543305,1,8,"Bot",,,,,,,-5.621620694538051,-143.7060948030745,-7.365127162708445,4.876278062571567,34.97304927379746,-7.714271866044529,3.13,1.5,,,,"100.4",2418,"7.3",717839,521692,668472,670032,672580,677951,681987,671221,669004,"53.2",,,,,,,,64,1,"4-Seam Fastball",3,2,3,2,2,3,3,2,"Standard","Strategic",156,"-0.003","-0.042",,,,,"0.042",,1,1,0.867,0.867,35,29,35,29,1,3,5,1,3,2,"0.69","0.25","-0.25","50.4",,,,,
"SL","2023-05-30","86.9","0.8","5.97","Chapman, Aroldis",669357,547973,"sac_fly","hit_into_play",,,,,2,"Nolan Gorman out on a sacrifice fly to right fielder MJ Melendez. Tommy Edman scores. Brendan Donovan to 2nd.","R","L","L","STL","KC","X",9,"fly_ball",1,1,2023,"-1.09","0.12",-0.010673776613326691,2.8865101646261206,669242,,680977,1,8,"Bot",184.42,108.39,,,,,0.28756476004493114,-126.77659968391822,-1.5736524069925628,-11.879207420796442,22.56201887796846,-30.77158635818369,3.38,1.6,267,"96.5",52,"88.3",2305,"6.8",717960,521692,686469,670032,672580,677951,668472,671221,669004,"53.74",,0.002,"0",1,0,0,3,58,3,"Slider",1,0,1,0,0,2,2,0,"Strategic","Standard",286,"0.029","-0.13",,,,,"0.13","96.5",1,1,0.906,0.906,35,23,35,23,1,3,2,1,5,3,"2.85","-1.09","-1.09","50.8",,,,,
"SL","2023-05-30","89","0.81","6.11","Chapman, Aroldis",669357,547973,,"called_strike",,,,,8,,"R","L","L","STL","KC","S",,,1,0,2023,"-0.63","0.54",-0.12843122534342888,1.7955731178991956,669242,,680977,1,8,"Bot",,,,,,,-0.991482250264497,-129.72469884091046,-5.854218594582607,-6.987607674976692,22.551839778757707,-25.139317548830004,3.2797772298997,1.43957624959759,,,,"90.7",2275,"6.9",717960,521692,686469,670032,672580,677951,668472,671221,669004,"53.62",,,,,,,,58,2,"Slider",1,0,1,0,0,1,1,0,"Strategic","Standard",274,"-0.003","-0.05",,,,,"0.05",,1,1,0.909,0.909,35,23,35,23,1,3,2,1,5,3,"2.29","-0.63","-0.63","53.1",,,,,
"SL","2023-05-30","89.2","0.67","6.08","Chapman, Aroldis",669357,547973,,"blocked_ball",,,,,13,,"R","L","L","STL","KC","B",,,0,0,2023,"-0.79","0.5",-1.515320056130013,0.4150677316420148,669242,,680977,1,8,"Bot",,,,,,,-3.7648661741326377,-129.71647127598465,-9.107682777566668,-8.194109793212503,25.524951942709496,-24.849312111334086,3.32852986762694,1.56185135043622,,,,"90.6",2223,"7.1",717960,521692,686469,670032,672580,677951,668472,671221,669004,"53.44",,,,,,,,58,1,"Slider",1,0,1,0,0,1,1,0,"Strategic","Standard",285,"0.001","0.041",,,,,"-0.041",,1,1,0.908,0.908,35,23,35,23,1,3,2,1,5,3,"2.35","-0.79","-0.79","50.2",,,,,
"SL","2023-05-30","89.5","0.6","6.11","Chapman, Aroldis",502671,547973,"strikeout","swinging_strike",,,,,13,"Paul Goldschmidt strikes out swinging.","R","R","L","STL","KC","S",2,,2,2,2023,"-0.45","0.37",-1.069813057339986,1.1304464799113072,669242,,680977,0,8,"Bot",,,,,,,-3.221736196204828,-130.28580292855773,-7.28312336261251,-4.6302458252301415,23.957720683200783,-26.741241380137705,3.36,1.6,,,,"91.7",2276,"7.3",717960,521692,686469,670032,672580,677951,668472,671221,669004,"53.16",,0,"0",1,0,0,,57,7,"Slider",1,0,1,0,0,1,1,0,"Strategic","Standard",294,"-0.024","-0.303",,,,,"0.303",,1,1,0.932,0.932,35,35,35,36,1,3,2,1,5,3,"2.44","-0.45","0.45","54.1",,,,,
"SI","2023-05-30","99.8","0.52","6.07","Chapman, Aroldis",502671,547973,,"foul",,,,,6,,"R","R","L","STL","KC","S",,,2,2,2023,"1.12","1.2",0.7747009763015769,2.685470400820331,669242,,680977,0,8,"Bot",,,,,,,-1.9473421464854885,-145.33446040782172,-6.8701802985030955,16.363921849450627,30.880478609838896,-13.78432025465864,3.36,1.6,234,"79",46,"101.3",2305,"6.8",717960,521692,686469,670032,672580,677951,668472,671221,669004,"53.67",,,,,,,,57,6,"Sinker",1,0,1,0,0,1,1,0,"Strategic","Standard",160,"0","0",,,,,"0","88.0",1,1,0.932,0.932,35,35,35,36,1,3,2,1,5,3,"1.07","1.12","-1.12","47.8",,,,,
"SI","2023-05-30","100.2","0.74","6.05","Chapman, Aroldis",502671,547973,,"foul",,,,,8,,"R","R","L","STL","KC","S",,,2,2,2023,"1.06","1.18",0.18650984033693607,1.884580368706269,669242,,680977,0,8,"Bot",,,,,,,-4.098170588107853,-145.68521725671727,-9.076275581847819,16.13370051840202,32.33180693861472,-13.407738133806262,3.36,1.6,237,"80.1",49,"101.7",2350,"7",717960,521692,686469,670032,672580,677951,668472,671221,669004,"53.45",,,,,,,,57,5,"Sinker",1,0,1,0,0,1,1,0,"Strategic","Standard",165,"0","0",,,,,"0","88.0",1,1,0.932,0.932,35,35,35,36,1,3,2,1,5,3,"1.08","1.06","-1.06","47.1",,,,,
"SL","2023-05-30","88.1","0.47","6.16","Chapman, Aroldis",502671,547973,,"swinging_strike",,,,,4,,"R","R","L","STL","KC","S",,,2,1,2023,"-0.43","0.91",-0.538169917905635,2.5609211898226114,669242,,680977,0,8,"Bot",,,,,,,-1.5757509753547725,-128.3219886878247,-4.615213967084817,-4.400194372066925,25.656483784596947,-21.404883488834955,3.36,1.6,,,,"89.5",2224,"7",717960,521692,686469,670032,672580,677951,668472,671221,669004,"53.5",,,,,,,,57,4,"Slider",1,0,1,0,0,1,1,0,"Strategic","Standard",292,"-0.005","-0.059",,,,,"0.059",,1,1,0.937,0.937,35,35,35,36,1,3,2,1,5,3,"2.02","-0.43","0.43","54.1",,,,,
"FF","2023-05-30","99.5","0.8","5.97","Chapman, Aroldis",502671,547973,,"foul",,,,,7,,"R","R","L","STL","KC","S",,,2,0,2023,"0.42","1.43",-0.7076603469391466,1.9254807964522698,669242,,680977,0,8,"Bot",,,,,,,-5.164052092759654,-144.65221172939357,-9.177179943915462,7.052528272958795,31.437069219342522,-10.114073041683433,3.36,1.6,123,"76.5",17,"100.7",2457,"6.8",717960,521692,686469,670032,672580,677951,668472,671221,669004,"53.66",,,,,,,,57,3,"4-Seam Fastball",1,0,1,0,0,1,1,0,"Strategic","Standard",159,"-0.002","-0.015",,,,,"0.015","88.0",1,1,0.939,0.939,35,35,35,36,1,3,2,1,5,3,"0.86","0.42","-0.42","45.7",,,,,
"FF","2023-05-30","98.7","0.59","5.98","Chapman, Aroldis",502671,547973,,"ball",,,,,13,,"R","R","L","STL","KC","B",,,1,0,2023,"0.11","1.36",-2.1679578775034494,0.7730699627566192,669242,,680977,0,8,"Bot",,,,,,,-7.851231266202388,-143.16671272249258,-12.050840146744218,3.158831787482187,28.758240382449777,-10.904647299829966,3.47475030193813,1.68409778745893,,,,"100.2",2387,"7",717960,521692,686469,670032,672580,677951,668472,671221,669004,"53.48",,,,,,,,57,2,"4-Seam Fastball",1,0,1,0,0,1,1,0,"Strategic","Standard",157,"0.002","0.016",,,,,"-0.016",,1,1,0.937,0.937,35,35,35,36,1,3,2,1,5,3,"0.97","0.11","-0.11","47.9",,,,,
"FF","2023-05-30","100","0.64","6.04","Chapman, Aroldis",502671,547973,,"ball",,,,,14,,"R","R","L","STL","KC","B",,,0,0,2023,"0.38","1.48",0.5840764091162729,1.1450843939093145,669242,,680977,0,8,"Bot",,,,,,,-1.04532930741517,-145.35459119543822,-11.739394246017381,5.581682102489583,29.705160192898145,-8.753912609474094,3.49911484417272,1.70854354807044,,,,"101.1",2372,"6.7",717960,521692,686469,670032,672580,677951,668472,671221,669004,"53.84",,,,,,,,57,1,"4-Seam Fastball",1,0,1,0,0,1,1,0,"Strategic","Standard",152,"0.001","0.009",,,,,"-0.009",,1,1,0.936,0.936,35,35,35,36,1,3,2,1,5,3,"0.78","0.38","-0.38","47.8",,,,,
"SL","2023-05-30","86.7","0.56","6.08","Chapman, Aroldis",680977,547973,"single","hit_into_play",,,,,6,"Brendan Donovan singles on a line drive to center fielder Drew Waters. Tommy Edman to 3rd.","R","L","L","STL","KC","X",8,"line_drive",3,2,2023,"-0.77","0.02",0.4025969560405702,2.462992107813286,,669242,,0,8,"Bot",117.76,89.86,,,,,1.2318675422629914,-126.29824674199831,-2.5797228891103083,-8.557257008932416,23.956169829566086,-31.647391047944442,3.24,1.56,202,"97.2",11,"88.4",2196,"7.1",717960,521692,686469,670032,672580,677951,668472,671221,669004,"53.37",0.874,0.834,"0.9",1,1,0,4,56,6,"Slider",1,0,1,0,0,1,1,0,"Standard","Standard",280,"0.03","0.475",,,,1.044,"-0.475","97.2",1,1,0.906,0.906,35,26,35,26,1,3,2,1,5,3,"2.99","-0.77","-0.77","52.1",,,,,
"SL","2023-05-30","87","0.56","6.02","Chapman, Aroldis",680977,547973,,"ball",,,,,12,,"R","L","L","STL","KC","B",,,2,2,2023,"-0.89","0.48",0.9721542289362057,3.3727736311146375,,669242,,0,8,"Bot",,,,,,,2.8694176263370124,-126.83972553233663,-1.2333499004745203,-10.23621970871124,24.01266826789,-26.937161905035488,3.30415432233307,1.6596508407663,,,,"88.7",2203,"7.1",717960,521692,686469,670032,672580,677951,668472,671221,669004,"53.43",,,,,,,,56,5,"Slider",1,0,1,0,0,1,1,0,"Standard","Standard",283,"0.005","0.085",,,,,"-0.085",,1,1,0.901,0.901,35,26,35,26,1,3,2,1,5,3,"2.5","-0.89","-0.89","51.0",,,,,
"FF","2023-05-30","100.2","0.62","6","Chapman, Aroldis",680977,547973,,"ball",,,,,13,,"R","L","L","STL","KC","B",,,1,2,2023,"0.28","1.5",-0.8957861141805769,1.2651089733505554,,669242,,0,8,"Bot",,,,,,,-4.906322448579383,-145.60764561149895,-11.433728009298633,4.983470648076424,30.690578287536418,-8.447245180746872,3.42601645297832,1.68409778745893,,,,"101.8",2438,"7",717960,521692,686469,670032,672580,677951,668472,671221,669004,"53.52",,,,,,,,56,4,"4-Seam Fastball",1,0,1,0,0,1,1,0,"Standard","Standard",158,"0.004","0.034",,,,,"-0.034",,1,1,0.897,0.897,35,26,35,26,1,3,2,1,5,3,"0.76","0.28","0.28","47.4",,,,,
"SL","2023-05-30","86.9","0.73","6.16","Chapman, Aroldis",680977,547973,,"foul",,,,,5,,"R","L","L","STL","KC","S",,,1,1,2023,"-0.22","1",0.008464900211352044,2.5322585708278504,,669242,,0,8,"Bot",,,,,,,-1.3036782319851277,-126.62945435353252,-4.7081263821287545,-2.1354441118519407,22.783406565567116,-20.631774059527437,3.24,1.56,173,"75.7",60,"88.8",2307,"7.1",717960,521692,686469,670032,672580,677951,668472,671221,669004,"53.4",,,,,,,,56,3,"Slider",1,0,1,0,0,1,1,0,"Strategic","Standard",274,"-0.007","-0.066",,,,,"0.066","88.0",1,1,0.904,0.904,35,26,35,26,1,3,2,1,5,3,"1.98","-0.22","-0.22","52.1",,,,,
"SL","2023-05-30","86.2","0.53","5.99","Chapman, Aroldis",680977,547973,,"called_strike",,,,,5,,"R","L","L","STL","KC","S",,,1,0,2023,"-0.22","0.91",-0.0917268154707202,2.624949964111728,,,669242,0,8,"Bot",,,,,,,-1.040989202300787,-125.61938815246425,-3.7657474533647095,-2.169598703252177,22.213551221624428,-21.918600663904467,3.2066367328583,1.63520271583664,,,,"88.2",2259,"7.2",717960,521692,686469,670032,672580,677951,668472,671221,669004,"53.35",,,,,,,,56,2,"Slider",1,0,1,0,0,1,1,0,"Standard","Standard",256,"-0.004","-0.042",,,,,"0.042",,1,1,0.889,0.889,35,26,35,26,1,3,2,1,5,3,"2.11","-0.22","-0.22","51.4",,,,,
"SL","2023-05-30","86.6","0.52","5.99","Chapman, Aroldis",680977,547973,,"ball",,,,,13,,"R","L","L","STL","KC","B",,,0,0,2023,"-0.8","0.34",-0.8698156843558477,1.7597716121270963,,,669242,0,8,"Bot",,,,,,,-1.714798562650731,-126.16065834964078,-4.705076835118206,-8.224512338606635,23.921846413553556,-27.821047659634548,3.30415432233307,1.68409778745893,,,,"88.3",2137,"7.1",717960,521692,686469,670032,672580,677951,668472,671221,669004,"53.37",,,,,,,,56,1,"Slider",1,0,1,0,0,1,1,0,"Standard","Standard",272,"0.003","0.03",,,,,"-0.03",,1,1,0.886,0.886,35,26,35,26,1,3,2,1,5,3,"2.67","-0.8","-0.8","50.6",,,,,
"SL","2023-05-28","87.6","0.57","5.89","Chapman, Aroldis",669743,547973,"field_out","hit_into_play",,,,,4,"Alex Call pops out to shortstop Bobby Witt Jr.","R","R","L","KC","WSH","X",6,"popup",3,2,2023,"-0.83","0.61",-0.36895625245509944,2.215588760078547,656448,642086,656308,2,8,"Top",116.69,150.13,,,,,-0.5730027021905861,-127.73026692237127,-4.195310346603736,-9.102411494039233,21.30943163785151,-24.9205032306651,3.29,1.65,129,"87.9",64,"90.3",2191,"7.4",717985,521692,668472,686681,672580,677951,658668,598265,669004,"53.07",0.011,0.013,"0",1,0,0,3,61,7,"Slider",1,2,2,1,2,1,2,1,"Standard","Standard",267,"0.089","-0.283",,,,0.02,"0.283","88.0",-1,1,0.219,0.781,35,28,35,29,1,3,5,1,2,1,"2.31","-0.83","0.83","54.3",,,,,
"FF","2023-05-28","99.9","0.58","5.96","Chapman, Aroldis",669743,547973,,"ball",,,,,12,,"R","R","L","KC","WSH","B",,,2,2,2023,"0.31","1.34",0.8044407284107729,3.9435632716708513,656448,642086,656308,2,8,"Top",,,,,,,-0.11749465098831158,-145.63595261792722,-3.471542084682182,4.4907764935614765,30.844301048932,-12.435153325781577,3.35091550085535,1.69927018619888,,,,"102.4",2403,"7.3",717985,521692,668472,686681,672580,677951,658668,598265,669004,"53.17",,,,,,,,61,6,"4-Seam Fastball",1,2,2,1,2,1,2,1,"Standard","Standard",157,"-0.027","0.058",,,,,"-0.058",,-1,1,0.246,0.754,35,28,35,29,1,3,5,1,2,1,"0.92","0.31","-0.31","50.3",,,,,
"FF","2023-05-28","101.1","0.59","5.94","Chapman, Aroldis",669743,547973,,"foul",,,,,8,,"R","R","L","KC","WSH","S",,,2,2,2023,"0.22","1.33",-0.015593096236676068,1.7126782575918982,656448,642086,656308,2,8,"Top",,,,,,,-2.2682779778337343,-147.02434125910972,-9.838889392307465,3.7514966080916383,31.701048432232913,-10.863390171139017,3.29,1.65,203,"71.9",45,"103.2",2427,"7.2",717985,521692,668472,686681,672580,677951,658668,598265,669004,"53.28",,,,,,,,61,5,"4-Seam Fastball",1,2,2,1,2,1,2,1,"Standard","Standard",158,"0","0",,,,,"0","88.0",-1,1,0.246,0.754,35,28,35,29,1,3,5,1,2,1,"0.89","0.22","-0.22","47.4",,,,,
"SL","2023-05-28","88.8","0.75","5.92","Chapman, Aroldis",669743,547973,,"called_strike",,,,,9,,"R","R","L","KC","WSH","S",,,2,1,2023,"-0.37","0.79",0.6440539627352853,1.9644025189161203,656448,642086,656308,2,8,"Top",,,,,,,0.5457186858465737,-129.4345652733613,-5.468219577429097,-4.327901367752218,23.86856238869366,-22.44369636868886,3.32187896447916,1.67027989919779,,,,"91.1",2263,"7.4",717985,521692,668472,686681,672580,677951,658668,598265,669004,"53.15",,,,,,,,61,4,"Slider",1,2,2,1,2,1,2,1,"Standard","Standard",266,"0.022","-0.076",,,,,"0.076",,-1,1,0.224,0.776,35,28,35,29,1,3,5,1,2,1,"2.07","-0.37","0.37","52.3",,,,,
"FF","2023-05-28","98.8","0.67","5.92","Chapman, Aroldis",669743,547973,,"called_strike",,,,,9,,"R","R","L","KC","WSH","S",,,2,0,2023,"0.44","1.37",0.7824829186903469,1.7620039781673114,656448,642086,656308,2,8,"Top",,,,,,,-0.7143120264920355,-143.6855213451821,-9.242325956039307,6.214452886328822,30.91236480701539,-11.335363129109302,3.27988808760853,1.61230279056938,,,,"100.7",2329,"7.2",717985,521692,668472,686681,672580,677951,658668,598265,669004,"53.31",,,,,,,,61,3,"4-Seam Fastball",1,2,2,1,2,1,2,1,"Standard","Standard",155,"0.021","-0.059",,,,,"0.059",,-1,1,0.203,0.7969999999999999,35,28,35,29,1,3,5,1,2,1,"0.96","0.44","-0.44","47.1",,,,,
"FF","2023-05-28","98.1","0.61","5.9","Chapman, Aroldis",669743,547973,,"blocked_ball",,,,,13,,"R","R","L","KC","WSH","B",,,1,0,2023,"0.18","1.35",-1.2124089946692218,-0.5843940170254204,656448,642086,656308,2,8,"Top",,,,,,,-5.444176840028749,-142.21612088682133,-15.465929596079846,3.523365096478453,27.754633285600598,-10.744393084863226,3.27988808760853,1.64129076578129,,,,"100.3",2324,"7.4",717985,521692,668472,686681,672580,677951,658668,598265,669004,"53.13",,,,,,,,61,2,"4-Seam Fastball",1,2,2,1,2,1,2,1,"Standard","Standard",153,"-0.021","0.058",,,,,"-0.058",,-1,1,0.224,0.776,35,28,35,29,1,3,5,1,2,1,"1.01","0.18","-0.18","49.6",,,,,
"FF","2023-05-28","98.1","0.49","6.06","Chapman, Aroldis",669743,547973,,"ball",,,,,12,,"R","R","L","KC","WSH","B",,,0,0,2023,"0.48","1.4",1.0567047581214353,2.7609463868819164,656448,642086,656308,2,8,"Top",,,,,,,0.4418269245954945,-142.75961201954104,-6.814529987492783,6.480304081785702,31.480724330505055,-11.674179233118492,3.27988808760853,1.72826162216906,,,,"99.8",,"7.1",717985,521692,668472,686681,672580,677951,658668,598265,669004,"53.39",,,,,,,,61,1,"4-Seam Fastball",1,2,2,1,2,1,2,1,"Standard","Standard",,"-0.011","0.035",,,,,"-0.035",,-1,1,0.235,0.765,35,28,35,29,1,3,5,1,2,1,"0.96","0.48","-0.48","50.1",,,,,
"SL","2023-05-28","87.7","0.62","5.89","Chapman, Aroldis",656180,547973,"strikeout","swinging_strike",,,,,13,"Riley Adams strikes out swinging.","R","R","L","KC","WSH","S",2,,3,2,2023,"-0.66","0.56",-0.6168489226929935,1.430236868978189,656448,642086,656308,1,8,"Top",,,,,,,-1.6668774424025392,-127.71324740307935,-5.99804747890691,-6.934800164847622,23.647706448087764,-25.10486871164563,3.3,1.62,,,,"90.2",2281,"7.5",717985,521692,668472,686681,672580,677951,658668,598265,669004,"52.95",,0,"0",1,0,0,,60,6,"Slider",1,2,2,1,2,1,2,1,"Standard","Standard",296,"0.083","-0.322",,,,,"0.322",,-1,1,0.152,0.848,35,27,35,27,1,3,5,3,2,7,"2.38","-0.66","0.66","51.4",,,,,
"SL","2023-05-28","86.2","0.55","6.06","Chapman, Aroldis",656180,547973,,"ball",,,,,12,,"R","R","L","KC","WSH","B",,,2,2,2023,"-0.63","0.75",0.682973901452515,4.149482311326107,656448,642086,656308,1,8,"Top",,,,,,,1.6282040016571682,-125.75559948170876,0.05149935472439282,-7.006189302205843,20.801735722203055,-24.25716609899928,3.28988830747236,1.69927018619888,,,,"88.8",2292,"7.4",717985,521692,668472,686681,672580,677951,658668,598265,669004,"53.14",,,,,,,,60,5,"Slider",1,2,2,1,2,1,2,1,"Standard","Standard",289,"-0.023","0.085",,,,,"-0.085",,-1,1,0.175,0.825,35,27,35,27,1,3,5,3,2,7,"2.25","-0.63","0.63","58.8",,,,,
"FF","2023-05-28","100.3","0.86","5.9","Chapman, Aroldis",656180,547973,,"ball",,,,,12,,"R","R","L","KC","WSH","B",,,1,2,2023,"0.39","1.22",1.706165673569225,2.986746753586732,656448,642086,656308,1,8,"Top",,,,,,,1.440223449741215,-146.2074200262851,-5.756771873449313,5.4080445900457335,27.778263071338326,-13.544424136416385,3.28988830747236,1.64129076578129,,,,"102.5",,"7",717985,521692,668472,686681,672580,677951,658668,598265,669004,"53.55",,,,,,,,60,4,"4-Seam Fastball",1,2,2,1,2,1,2,1,"Standard","Standard",,"-0.01","0.038",,,,,"-0.038",,-1,1,0.185,0.815,35,27,35,27,1,3,5,3,2,7,"1.01","0.39","-0.39","47.5",,,,,
"SL","2023-05-28","88.2","0.51","5.97","Chapman, Aroldis",656180,547973,,"called_strike",,,,,6,,"R","R","L","KC","WSH","S",,,1,1,2023,"-0.45","0.21",0.48183062230111945,2.217177766069413,656448,642086,656308,1,8,"Top",,,,,,,0.8756210048941224,-128.68560432177694,-3.65741290097644,-5.2069639985478124,21.758359859817162,-29.35604122027366,3.28988830747236,1.58331597817335,,,,"90.7",2311,"7.3",717985,521692,668472,686681,672580,677951,658668,598265,669004,"53.24",,,,,,,,60,3,"Slider",1,2,2,1,2,1,2,1,"Standard","Standard",280,"0.017","-0.071",,,,,"0.071",,-1,1,0.168,0.832,35,27,35,27,1,3,5,3,2,7,"2.66","-0.45","0.45","51.9",,,,,
"FF","2023-05-28","98.5","0.64","5.9","Chapman, Aroldis",656180,547973,,"ball",,,,,13,,"R","R","L","KC","WSH","B",,,0,1,2023,"0.45","1.28",-0.7369401976940382,1.1856221476112567,656448,642086,656308,1,8,"Top",,,,,,,-4.8478673490455195,-143.21907726003656,-10.55973018066707,7.110196016270378,25.74956032544898,-12.495777973772578,3.28988830747236,1.64129076578129,,,,"100.8",2347,"7.1",717985,521692,668472,686681,672580,677951,658668,598265,669004,"53.37",,,,,,,,60,2,"4-Seam Fastball",1,2,2,1,2,1,2,1,"Standard","Standard",156,"-0.007","0.027",,,,,"-0.027",,-1,1,0.175,0.825,35,27,35,27,1,3,5,3,2,7,"1.03","0.45","-0.45","49.2",,,,,
"FF","2023-05-28","98.5","0.67","5.82","Chapman, Aroldis",656180,547973,,"called_strike",,,,,8,,"R","R","L","KC","WSH","S",,,0,0,2023,"0.43","1.5",0.1128257101151896,2.050028965286545,656448,642086,656308,1,8,"Top",,,,,,,-2.5603400469059236,-143.32650006250353,-8.464881621418106,6.513159549511984,29.06863390200558,-9.730810129058781,3.28988830747236,1.64129076578129,,,,"100.5",2332,"7.1",717985,521692,668472,686681,672580,677951,658668,598265,669004,"53.39",,,,,,,,60,1,"4-Seam Fastball",1,2,2,1,2,1,2,1,"Standard","Standard",165,"0.011","-0.05",,,,,"0.05",,-1,1,0.164,0.836,35,27,35,27,1,3,5,3,2,7,"0.82","0.43","-0.43","46.6",,,,,
"FF","2023-05-28","98.7","0.59","5.88","Chapman, Aroldis",656308,547973,"walk","ball",,,,,13,"Michael Chavis walks.","R","R","L","KC","WSH","B",,,3,2,2023,"0.71","1.39",-0.28609223410188367,1.1894616451806774,656448,642086,,1,8,"Top",,,,,,,-4.1315405346894405,-143.44298952210985,-10.792408309597759,10.783267134102635,28.944134015351597,-10.731427901123675,3.40988913785439,1.58331597817335,,,,"100.9",2322,"7.3",717985,521692,668472,686681,672580,677951,658668,598265,669004,"53.21",,0.695903,"0.7",1,0,0,,59,6,"4-Seam Fastball",1,2,2,1,2,1,2,1,"Strategic","Standard",174,"-0.003","0.155",,,,,"-0.155",,-1,1,0.167,0.833,35,27,35,28,1,3,5,7,2,13,"0.93","0.71","-0.71","49.6",,,,,
"FF","2023-05-28","99.8","0.61","5.94","Chapman, Aroldis",656308,547973,,"ball",,,,,14,,"R","R","L","KC","WSH","B",,,2,2,2023,"0.42","1.29",0.8220848221589814,1.207169128951738,656448,642086,,1,8,"Top",,,,,,,-0.41344440869731613,-145.1957198852487,-10.925276297390214,6.171359398249491,27.758664549992165,-11.828787820405545,3.40988913785439,1.58331597817335,,,,"102.2",2393,"7.2",717985,521692,668472,686681,672580,677951,658668,598265,669004,"53.32",,,,,,,,59,5,"4-Seam Fastball",1,2,2,1,2,1,2,1,"Strategic","Standard",161,"-0.013","0.066",,,,,"-0.066",,-1,1,0.18,0.8200000000000001,35,27,35,28,1,3,5,7,2,13,"0.97","0.42","-0.42","47.7",,,,,
"SL","2023-05-28","87.5","0.46","6.02","Chapman, Aroldis",656308,547973,,"foul",,,,,6,,"R","R","L","KC","WSH","S",,,2,1,2023,"-0.09","0.91",0.5595445971367391,2.253418987351584,656448,642086,,1,8,"Top",,,,,,,0.436347165744307,-127.37661549002027,-4.865488541940088,-1.034646823312044,27.189108504096716,-21.482636410487743,3.42,1.57,5,"39.6",-26,"88.8",2238,"7.2",717985,521692,668472,686681,672580,677951,658668,598265,669004,"53.33",,,,,,,,59,4,"Slider",1,2,2,1,2,1,2,1,"Strategic","Standard",272,"0.012","-0.09",,,,,"0.09","88.0",-1,1,0.168,0.832,35,27,35,28,1,3,5,7,2,13,"2.07","-0.09","0.09","54.3",,,,,
"FF","2023-05-28","99.6","0.6","6.01","Chapman, Aroldis",656308,547973,,"ball",,,,,12,,"R","R","L","KC","WSH","B",,,1,1,2023,"0.65","1.36",1.3524679265296973,2.577069920689301,656448,642086,,1,8,"Top",,,,,,,0.5632325832041842,-145.03988513687142,-7.363296506016654,9.041449407733108,31.186845564299205,-11.472935732624265,3.40988913785439,1.61230279056938,,,,"101.4",2350,"7",717985,521692,668472,686681,672580,677951,658668,598265,669004,"53.47",,,,,,,,59,3,"4-Seam Fastball",1,2,2,1,2,1,2,1,"Strategic","Standard",156,"-0.004","0.018",,,,,"-0.018",,-1,1,0.172,0.8280000000000001,35,27,35,28,1,3,5,7,2,13,"0.92","0.65","-0.65","49.1",,,,,
"SL","2023-05-28","88.3","0.58","6","Chapman, Aroldis",656308,547973,,"foul",,,,,2,,"R","R","L","KC","WSH","S",,,1,0,2023,"-0.87","0.44",0.23931502920155068,3.0857855927934725,656448,642086,,1,8,"Top",,,,,,,0.9826150725476168,-128.71666998636496,-2.0594740656498707,-9.915433538711202,22.59016988057883,-27.088959492292332,3.42,1.57,147,"77.2",72,"90.6",2268,"7.3",717985,521692,668472,686681,672580,677951,658668,598265,669004,"53.23",,,,,,,,59,2,"Slider",1,2,2,1,2,1,2,1,"Strategic","Standard",292,"0.004","-0.036",,,,,"0.036","88.0",-1,1,0.168,0.832,35,27,35,28,1,3,5,7,2,13,"2.44","-0.87","0.87","54.3",,,,,
"FF","2023-05-28","99.7","0.71","6.04","Chapman, Aroldis",656308,547973,,"ball",,,,,14,,"R","R","L","KC","WSH","B",,,0,0,2023,"0.42","1.31",1.1272500608521898,1.987338655380824,656448,642086,,1,8,"Top",,,,,,,0.1625308277755753,-145.23998781246127,-9.080739053360427,5.975411465035053,25.506660142200857,-11.866625230500278,3.43803079361623,1.46738044931723,,,,"102.1",2643,"7",717985,521692,668472,686681,672580,677951,658668,598265,669004,"53.5",,,,,,,,59,1,"4-Seam Fastball",1,2,2,1,2,1,2,1,"Strategic","Standard",207,"0","0.017",,,,,"-0.017",,-1,1,0.168,0.832,35,27,35,28,1,3,5,7,2,13,"0.93","0.42","-0.42","52.5",,,,,
"FF","2023-05-28","99.4","0.62","5.96","Chapman, Aroldis",545121,547973,"field_out","hit_into_play",,,,,2,"Ildemaro Vargas grounds out, shortstop Bobby Witt Jr. to first baseman Nick Pratto.","R","R","L","KC","WSH","X",6,"ground_ball",1,0,2023,"0.29","1.57",0.11247890233862384,2.957802936710587,656448,642086,,0,8,"Top",113.14,155.21,,,,,-2.099283068223562,-144.74917538410776,-6.64571811782635,4.519419501042364,31.44578215008029,-8.797396014532584,3.24,1.49,26,"89.3",-5,"101.4",2463,"7.2",717985,521692,668472,686681,672580,677951,658668,598265,669004,"53.34",0.18,0.168,"0",1,0,0,2,58,2,"4-Seam Fastball",1,2,2,1,2,1,2,1,"Strategic","Standard",168,"0.044","-0.259",,,,0.237,"0.259","89.3",-1,1,0.124,0.876,35,31,35,32,1,3,5,3,2,2,"0.72","0.29","-0.29","47.0",,,,,
"FF","2023-05-28","99.2","0.85","6.04","Chapman, Aroldis",545121,547973,,"ball",,,,,12,,"R","R","L","KC","WSH","B",,,0,0,2023,"0.42","1.31",2.3661697210638177,4.003466748863985,656448,,642086,0,8,"Top",,,,,,,3.2133160199707573,-144.5207867442594,-3.3176393943835376,5.169532099245605,31.25447841999053,-13.136838110558175,3.2638087599974,1.49636256416468,,,,"100.9",2247,"7",717985,521692,668472,686681,672580,677951,658668,598265,669004,"53.51",,,,,,,,58,1,"4-Seam Fastball",1,2,2,1,2,1,2,1,"Strategic","Standard",152,"-0.013","0.009",,,,,"-0.009",,-1,1,0.137,0.863,35,31,35,32,1,3,5,3,2,2,"0.98","0.42","-0.42","46.4",,,,,
"FF","2023-05-28","99.3","0.95","5.96","Chapman, Aroldis",642086,547973,"single","hit_into_play",,,,,3,"Dominic Smith singles on a line drive to center fielder Jackie Bradley Jr. Stone Garrett to 3rd.","R","L","L","KC","WSH","X",8,"line_drive",0,2,2023,"0.36","1.33",0.541655331884229,3.0315081685191068,,656448,,0,8,"Top",108.6,83.83,,,,,-1.9991654125519522,-144.74051481436248,-5.857716783560515,5.547965125383583,29.3152964024257,-12.339603110156586,3.2,1.57,291,"86.2",22,"101.3",2218,"7",717985,521692,668472,686681,672580,677951,658668,598265,669004,"53.53",0.313,0.303,"0.9",1,1,0,3,57,4,"4-Seam Fastball",1,2,2,1,2,1,2,1,"Standard","Standard",153,"-0.071","0.611",,,,0.407,"-0.611","88.0",-1,1,0.208,0.792,35,28,35,28,1,3,5,1,2,1,"0.95","0.36","0.36","46.8",,,,,
"FF","2023-05-28","101.4","0.65","5.9","Chapman, Aroldis",642086,547973,,"foul",,,,,4,,"R","L","L","KC","WSH","S",,,0,2,2023,"0.23","1.44",-0.8220596639722333,2.223824995614364,,656448,,0,8,"Top",,,,,,,-4.723659361110349,-147.58021483601223,-8.575819063448508,4.374958648123162,32.09346494746343,-9.369875611788999,3.2,1.57,148,"82.3",11,"103.1",2539,"7",717985,521692,668472,686681,672580,677951,658668,598265,669004,"53.49",,,,,,,,57,3,"4-Seam Fastball",1,2,2,1,2,1,2,1,"Standard","Standard",160,"0","0",,,,,"0","88.0",-1,1,0.208,0.792,35,28,35,28,1,3,5,1,2,1,"0.77","0.23","0.23","47.1",,,,,
"FF","2023-05-28","98.5","0.61","6.07","Chapman, Aroldis",642086,547973,,"swinging_strike",,,,,11,,"R","L","L","KC","WSH","S",,,0,1,2023,"0.04","1.63",-0.3970424497967955,3.6537647804469504,,656448,,0,8,"Top",,,,,,,-2.863491524582999,-143.4614546729375,-4.964092434197077,1.1611413241864754,32.54999033156444,-8.747567461093896,3.2,1.57,,,,"100",2479,"7",717985,521692,668472,686681,672580,677951,658668,598265,669004,"53.46",,,,,,,,57,2,"4-Seam Fastball",1,2,2,1,2,1,2,1,"Standard","Standard",159,"0.011","-0.062",,,,,"0.062",,-1,1,0.197,0.8029999999999999,35,28,35,28,1,3,5,1,2,1,"0.71","0.04","0.04","47.5",,,,,
"FF","2023-05-28","97.6","0.77","6.01","Chapman, Aroldis",642086,547973,,"called_strike",,,,,6,,"R","L","L","KC","WSH","S",,,0,0,2023,"0.33","1.19",0.5717770387849861,2.3527317038707825,,656448,,0,8,"Top",,,,,,,-1.3208987366544007,-142.08217440510612,-7.173118854193396,4.804662271545285,31.228730399476948,-14.694893496678121,3.23477510074675,1.61230279056938,,,,"99",2440,"7",717985,521692,668472,686681,672580,677951,658668,598265,669004,"53.54",,,,,,,,57,1,"4-Seam Fastball",1,2,2,1,2,1,2,1,"Standard","Standard",199,"0.006","-0.046",,,,,"0.046",,-1,1,0.191,0.8089999999999999,35,28,35,28,1,3,5,1,2,1,"1.2","0.33","0.33","49.4",,,,,
"SI","2023-05-23","102.8","0.56","5.97","Chapman, Aroldis",606992,547973,"strikeout","swinging_strike",,,,,12,"Eric Haase strikes out swinging.","R","R","L","KC","DET","S",2,,0,2,2023,"1.04","1.33",0.4608870799608854,3.3599304362285713,,,570731,2,9,"Top",,,,,,,-2.8624441350708176,-149.64535956785696,-5.478253093205791,16.309886387489865,35.39995428110223,-11.068415382797543,3.21,1.51,,,,"104.5",2435,"7.1",718049,521692,668472,670032,672580,677951,681987,598265,669004,"53.39",,0,"0",1,0,0,,77,3,"Sinker",4,1,1,4,1,4,1,4,"Standard","Standard",164,"0.007","-0.186",,,,,"0.186",,3,-3,0.993,0.007000000000000006,35,30,35,31,1,0,1,1,5,1,"0.82","1.04","-1.04","48.2",,,,,
"FS","2023-05-23","87.7","0.46","5.86","Chapman, Aroldis",606992,547973,,"foul",,,,,4,,"R","R","L","KC","DET","S",,,0,1,2023,"0.32","0.3",-0.44137754634949977,2.318359286627279,,,570731,2,9,"Top",,,,,,,-2.887445091367848,-127.8886521200183,-3.240404443539455,4.008031774776539,20.997218357253228,-28.49124682894996,3.21,1.51,51,"79",86,"90.1",1102,"7.2",718049,521692,668472,670032,672580,677951,681987,598265,669004,"53.3",,,,,,,,77,2,"Split-Finger",4,1,1,4,1,4,1,4,"Standard","Standard",137,"0.003","-0.055",,,,,"0.055","88.0",3,-3,0.99,0.010000000000000009,35,30,35,31,1,0,1,1,5,1,"2.6","0.32","-0.32","49.5",,,,,
"SL","2023-05-23","89.3","0.61","6.04","Chapman, Aroldis",606992,547973,,"foul",,,,,4,,"R","R","L","KC","DET","S",,,0,0,2023,"-0.36","0.8",-0.430261654324884,2.467489785684725,,,570731,2,9,"Top",,,,,,,-1.854290199238925,-130.13693600264847,-4.595225086839376,-3.7077400231214277,24.90513803256624,-22.285446721992418,3.21,1.51,210,"99.7",13,"91.1",2331,"7.1",718049,521692,668472,670032,672580,677951,681987,598265,669004,"53.38",,,,,,,,77,1,"Slider",4,1,1,4,1,4,1,4,"Standard","Standard",255,"0.002","-0.045",,,,,"0.045","99.7",3,-3,0.988,0.01200000000000001,35,30,35,31,1,0,1,1,5,1,"2.03","-0.36","0.36","53.4",,,,,
"SI","2023-05-22","102.6","0.56","6.18","Chapman, Aroldis",679529,547973,"strikeout","swinging_strike",,,,,12,"Spencer Torkelson strikes out swinging.","R","R","L","KC","DET","S",2,,1,2,2023,"1.04","1.33",0.5791543090716293,4.150761627566295,,,682985,2,8,"Top",,,,,,,-2.497679496633547,-149.46418873254478,-3.809254309612344,16.18619341183945,35.5842024968637,-11.456251669915988,3.35,1.56,,,,"104.4",2467,"7.2",718066,521692,686469,672580,670032,677951,668472,598265,669004,"53.33",,0,"0",1,0,0,,68,5,"Sinker",5,5,5,5,5,5,5,5,"Standard","Standard",183,"0.036","-0.206",,,,,"0.206",,0,0,0.572,0.42800000000000005,35,23,35,24,1,4,5,1,1,1,"0.82","1.04","-1.04","51.4",,,,,
"SI","2023-05-22","101.5","0.51","6.06","Chapman, Aroldis",679529,547973,,"foul",,,,,6,,"R","R","L","KC","DET","S",,,1,2,2023,"0.98","1.21",0.6029598252729638,2.733542128610215,,,682985,2,8,"Top",,,,,,,-2.1506075458625333,-147.79037709913618,-7.0780716946845885,14.931975727077258,33.5362383035565,-13.03253626906398,3.35,1.56,259,"78.3",33,"103.7",2295,"7.3",718066,521692,686469,672580,670032,677951,668472,598265,669004,"53.16",,,,,,,,68,4,"Sinker",5,5,5,5,5,5,5,5,"Standard","Standard",157,"0","0",,,,,"0","88.0",0,0,0.572,0.42800000000000005,35,23,35,24,1,4,5,1,1,1,"1","0.98","-0.98","49.3",,,,,
"FS","2023-05-22","89.7","0.61","5.96","Chapman, Aroldis",679529,547973,,"called_strike",,,,,6,,"R","R","L","KC","DET","S",,,1,1,2023,"0.04","0.11",0.2966353562277097,2.6678881233653056,,,682985,2,8,"Top",,,,,,,-0.8819472335732551,-130.73338798546882,-2.4784077269134563,0.682137248319309,26.321438654065243,-30.60453916954858,3.37908982210271,1.61148321895189,,,,"92.1",1079,"7.5",718066,521692,686469,672580,670032,677951,668472,598265,669004,"52.95",,,,,,,,68,3,"Split-Finger",5,5,5,5,5,5,5,5,"Standard","Standard",1,"0.012","-0.06",,,,,"0.06",,0,0,0.56,0.43999999999999995,35,23,35,24,1,4,5,1,1,1,"2.7","0.04","-0.04","49.5",,,,,
"FF","2023-05-22","99.1","0.68","6","Chapman, Aroldis",679529,547973,,"foul",,,,,7,,"R","R","L","KC","DET","S",,,1,0,2023,"0.45","1.42",-0.35830958683560526,1.847810075277777,,,682985,2,8,"Top",,,,,,,-3.987181646774081,-144.09147896322955,-9.476670124942206,7.213798981162817,30.96041216554233,-10.410310700266338,3.35,1.56,320,"105.2",22,"101.5",2433,"7.5",718066,521692,686469,672580,670032,677951,668472,598265,669004,"53.05",,,,,,,,68,2,"4-Seam Fastball",5,5,5,5,5,5,5,5,"Standard","Standard",157,"0.007","-0.05",,,,,"0.05","105.2",0,0,0.553,0.44699999999999995,35,23,35,24,1,4,5,1,1,1,"0.89","0.45","-0.45","46.9",,,,,
"FF","2023-05-22","101.8","0.74","6","Chapman, Aroldis",679529,547973,,"ball",,,,,14,,"R","R","L","KC","DET","B",,,0,0,2023,"0.58","1.47",0.9917402853592397,2.393240663377573,,,682985,2,8,"Top",,,,,,,-0.7005488965558853,-148.15572245655704,-8.541386509405715,8.691179456358599,35.05217741597568,-8.746381561546485,3.40812732827634,1.61148321895189,,,,"103.8",2393,"7.3",718066,521692,686469,672580,670032,677951,668472,598265,669004,"53.19",,,,,,,,68,1,"4-Seam Fastball",5,5,5,5,5,5,5,5,"Standard","Standard",154,"-0.004","0.03",,,,,"-0.03",,0,0,0.557,0.44299999999999995,35,23,35,24,1,4,5,1,1,1,"0.73","0.58","-0.58","47.6",,,,,
"FF","2023-05-22","99.3","0.58","6.09","Chapman, Aroldis",595879,547973,"strikeout","swinging_strike",,,,,2,"Javier Baez strikes out swinging.","R","R","L","KC","DET","S",2,,2,2,2023,"0.25","1.52",0.2247575277904044,3.134013810447158,,,682985,1,8,"Top",,,,,,,-1.5785028518947384,-144.6357826545387,-6.365240864973265,3.8899855832251147,32.41775219654463,-9.60872919723216,3.41,1.62,,,,"101.3",2438,"7.2",718066,521692,686469,672580,670032,677951,668472,598265,669004,"53.26",,0,"0",1,0,0,,67,5,"4-Seam Fastball",5,5,5,5,5,5,5,5,"Standard","Standard",158,"0.05","-0.23",,,,,"0.23",,0,0,0.507,0.493,35,30,35,31,1,4,5,1,1,1,"0.78","0.25","-0.25","49.3",,,,,
"FF","2023-05-22","98.2","0.58","6.01","Chapman, Aroldis",595879,547973,,"swinging_strike",,,,,2,,"R","R","L","KC","DET","S",,,2,1,2023,"0.24","1.48",-0.04771326984900209,3.153070573661976,,,682985,1,8,"Top",,,,,,,-2.300922521985224,-142.9573776666608,-5.840076135462576,3.7927075330690605,31.707773032451755,-10.78108627313921,3.41,1.62,,,,"100.7",2365,"7.6",718066,521692,686469,672580,670032,677951,668472,598265,669004,"52.93",,,,,,,,67,4,"4-Seam Fastball",5,5,5,5,5,5,5,5,"Standard","Standard",162,"0.016","-0.054",,,,,"0.054",,0,0,0.491,0.509,35,30,35,31,1,4,5,1,1,1,"0.88","0.24","-0.24","47.9",,,,,
"FS","2023-05-22","88.6","0.61","5.97","Chapman, Aroldis",595879,547973,,"ball",,,,,13,,"R","R","L","KC","DET","B",,,1,1,2023,"0.16","0.06",-1.3070956250537802,1.6085371636892298,,,682985,1,8,"Top",,,,,,,-5.177829625057686,-129.10676057642993,-4.942466283924766,2.717453120484235,22.50025418361144,-30.848728521798105,3.58237196435211,1.75643016481011,,,,"91.8",1297,"7.7",718066,521692,686469,672580,670032,677951,668472,598265,669004,"52.76",,,,,,,,67,3,"Split-Finger",5,5,5,5,5,5,5,5,"Standard","Standard",155,"-0.01","0.046",,,,,"-0.046",,0,0,0.501,0.499,35,30,35,31,1,4,5,1,1,1,"2.8","0.16","-0.16","48.4",,,,,
"FF","2023-05-22","98.6","0.67","6.03","Chapman, Aroldis",595879,547973,,"swinging_strike",,,,,6,,"R","R","L","KC","DET","S",,,1,0,2023,"0.47","1.4",0.652893970966083,2.8070906027950495,,,682985,1,8,"Top",,,,,,,-1.1576396288801034,-143.52766699119928,-6.732738469588995,6.7576111889291575,30.96861974145951,-11.425682856290909,3.41,1.62,,,,"100.7",2312,"7.3",718066,521692,686469,672580,670032,677951,668472,598265,669004,"53.22",,,,,,,,67,2,"4-Seam Fastball",5,5,5,5,5,5,5,5,"Standard","Standard",154,"0.01","-0.053",,,,,"0.053",,0,0,0.491,0.509,35,30,35,31,1,4,5,1,1,1,"0.93","0.47","-0.47","49.3",,,,,
"SL","2023-05-22","88.4","0.5","6.11","Chapman, Aroldis",595879,547973,,"blocked_ball",,,,,13,,"R","R","L","KC","DET","B",,,0,0,2023,"-0.65","0.55",-1.0704177401463808,0.7285167364032692,,,682985,1,8,"Top",,,,,,,-2.5160181023004116,-128.65929433311376,-8.361777552317022,-6.7444629688591355,25.45401645897165,-24.56606440355838,3.64046087074102,1.72743847901227,,,,"90.3",2349,"7.3",718066,521692,686469,672580,670032,677951,668472,598265,669004,"53.18",,,,,,,,67,1,"Slider",5,5,5,5,5,5,5,5,"Standard","Standard",262,"-0.007","0.036",,,,,"-0.036",,0,0,0.498,0.502,35,30,35,31,1,4,5,1,1,1,"2.35","-0.65","0.65","52.8",,,,,
"FF","2023-05-17","96.1","1.08","5.88","Chapman, Aroldis",664954,547973,"truncated_pa","ball",,,,,12,,"R","L","L","SD","KC","B",2,,1,0,2023,"0.55","1.46",1.6360697837758744,4.327729686332623,665742,673490,596059,2,7,"Bot",,,,,,,0.2185904063634473,-139.94986118883696,-1.8253082971460846,7.198839266004944,33.10355347225275,-12.890256551172437,3.28964686303998,1.54048079417556,,,,"97.2",2393,"7",718140,521692,668472,686681,672580,677951,681987,598265,669004,"53.5",,,"0",0,0,0,,65,2,"4-Seam Fastball",3,4,3,4,4,3,3,4,"Standard","Standard",153,"-0.18","-0.04",,,,,"0.04",,-1,-1,0.435,0.435,35,29,35,29,1,1,1,1,5,4,"1.02","0.55","0.55","46.7",,,,,
"FF","2023-05-17","98.5","0.61","5.86","Chapman, Aroldis",664954,547973,,"ball",,,,,13,,"R","L","L","SD","KC","B",,,0,0,2023,"0.41","1.6",-0.771694522591204,0.9306703688095233,665742,673490,596059,2,7,"Bot",,,,,,,-4.782825112700892,-142.93600441489443,-11.797612066845357,6.8037417914804355,34.26807943584984,-7.63658106977962,3.31378289773895,1.51628836224793,,,,"99.9",2466,"7.3",718140,521692,668472,686681,672580,677951,681987,598265,669004,"53.19",,,,,,,,65,1,"4-Seam Fastball",3,4,3,4,4,3,3,4,"Standard","Standard",156,"0.021","0.035",,,,,"-0.035",,-1,-1,0.414,0.414,35,29,35,29,1,1,1,1,5,4,"0.77","0.41","0.41","49.9",,,,,
"SL","2023-05-17","88","0.69","5.9","Chapman, Aroldis",663757,547973,"strikeout","called_strike",,,,,6,"Trent Grisham called out on strikes.","R","L","L","SD","KC","S",2,,2,2,2023,"-0.8","0.63",0.30754666247999896,2.135390567266362,665742,673490,596059,1,7,"Bot",,,,,,,0.735941853949466,-128.0074296808011,-4.319419377139575,-8.85190402030039,29.41290922206482,-24.53941646500967,3.34864690793114,1.5886923356633,,,,"88.9",2303,"7.1",718140,521692,668472,686681,672580,677951,681987,598265,669004,"53.4",,0,"0",1,0,0,,64,5,"Slider",3,4,3,4,4,3,3,4,"Standard","Standard",288,"-0.13","-0.237",,,,,"0.237",,-1,-1,0.544,0.544,35,26,35,27,1,3,1,1,5,2,"2.34","-0.8","-0.8","47.9",,,,,
"FF","2023-05-17","98.8","0.62","5.87","Chapman, Aroldis",663757,547973,,"ball",,,,,13,,"R","L","L","SD","KC","B",,,1,2,2023,"0.55","1.61",-1.0191099293825414,1.4421445667009696,665742,673490,596059,1,7,"Bot",,,,,,,-5.82453389331434,-143.3162124365425,-10.460142466339304,8.973519167793594,36.69358300857373,-7.610723278483267,3.30037664494651,1.61288197446262,,,,"99.7",2434,"7.2",718140,521692,668472,686681,672580,677951,681987,598265,669004,"53.28",,,,,,,,64,4,"4-Seam Fastball",3,4,3,4,4,3,3,4,"Standard","Standard",163,"0.023","0.038",,,,,"-0.038",,-1,-1,0.521,0.521,35,26,35,27,1,3,1,1,5,2,"0.76","0.55","0.55","46.0",,,,,
"FF","2023-05-17","96.9","0.66","5.86","Chapman, Aroldis",663757,547973,,"swinging_strike",,,,,6,,"R","L","L","SD","KC","S",,,1,1,2023,"0.41","1.71",0.5731538412868391,2.624069359677289,665742,673490,596059,1,7,"Bot",,,,,,,-1.1847625850689198,-140.89363670805466,-7.016948493635288,5.6562421985589575,37.57854556645658,-8.100302934419878,3.47,1.71,,,,"97.6",2442,"7.1",718140,521692,668472,686681,672580,677951,681987,598265,669004,"53.39",,,,,,,,64,3,"4-Seam Fastball",3,4,3,4,4,3,3,4,"Standard","Standard",160,"-0.038","-0.071",,,,,"0.071",,-1,-1,0.559,0.559,35,26,35,27,1,3,1,1,5,2,"0.76","0.41","0.41","47.0",,,,,
"FF","2023-05-17","97.1","0.68","5.9","Chapman, Aroldis",663757,547973,,"swinging_strike",,,,,5,,"R","L","L","SD","KC","S",,,1,0,2023,"0.11","1.54",0.015425509026326112,2.52308223284424,665742,673490,596059,1,7,"Bot",,,,,,,-2.079700948944563,-141.2724295130647,-7.116104954526952,1.9589633539208295,34.19457376298572,-10.17483661050767,3.47,1.71,,,,"98.6",2473,"7.3",718140,521692,668472,686681,672580,677951,681987,598265,669004,"53.24",,,,,,,,64,2,"4-Seam Fastball",3,4,3,4,4,3,3,4,"Standard","Standard",159,"-0.025","-0.056",,,,,"0.056",,-1,-1,0.584,0.584,35,26,35,27,1,3,1,1,5,2,"0.89","0.11","0.11","48.1",,,,,
"SL","2023-05-17","88.9","0.83","5.94","Chapman, Aroldis",663757,547973,,"ball",,,,,13,,"R","L","L","SD","KC","B",,,0,0,2023,"-1.03","0.19",-1.018101837098496,1.6995629775219108,665742,673490,596059,1,7,"Bot",,,,,,,-2.3897685325625697,-129.30073129253591,-4.725048536009697,-10.842392534622428,31.09978973112285,-29.121728198917516,3.25210254933866,1.61288197446262,,,,"89.8",2344,"7.2",718140,521692,668472,686681,672580,677951,681987,598265,669004,"53.29",,,,,,,,64,1,"Slider",3,4,3,4,4,3,3,4,"Standard","Standard",277,"0.017","0.032",,,,,"-0.032",,-1,-1,0.567,0.567,35,26,35,27,1,3,1,1,5,2,"2.73","-1.03","-1.03","49.0",,,,,
"FF","2023-05-17","96.3","0.81","6.04","Chapman, Aroldis",596059,547973,"walk","ball",,,,,12,"Rougned Odor walks. Juan Soto to 3rd. Ha-Seong Kim to 2nd.","R","L","L","SD","KC","B",,,3,0,2023,"0.44","1.57",1.5518121880102136,4.112255104056226,,665742,673490,1,7,"Bot",,,,,,,0.9830725038284767,-140.14874423198074,-3.0412506068373046,5.471825785697365,37.72665543906509,-11.219367685810237,2.82203435624685,1.21452407807958,,,,"96.9",2393,"7",718140,521692,668472,686681,672580,677951,681987,598265,669004,"53.46",,0.695903,"0.7",1,0,0,,63,4,"4-Seam Fastball",3,4,3,4,4,3,3,4,"Standard","Standard",159,"0.048","0.139",,,,,"-0.139",,-1,-1,0.519,0.519,35,29,35,29,1,3,1,1,5,3,"0.93","0.44","0.44","46.3",,,,,
"FF","2023-05-17","96.8","0.58","5.9","Chapman, Aroldis",596059,547973,,"ball",,,,,13,,"R","L","L","SD","KC","B",,,2,0,2023,"0.1","1.53",-1.0020965412853258,1.692479497576517,,665742,673490,1,7,"Bot",,,,,,,-4.5228999661194935,-140.61451043003254,-9.235025649141441,2.4407965911377936,34.41751199962439,-9.931512555444774,2.99109844987563,1.33553370785193,,,,"97.8",2415,"7.1",718140,521692,668472,686681,672580,677951,681987,598265,669004,"53.37",,,,,,,,63,3,"4-Seam Fastball",3,4,3,4,4,3,3,4,"Strategic","Standard",163,"0.036","0.092",,,,,"-0.092",,-1,-1,0.483,0.483,35,29,35,29,1,3,1,1,5,3,"0.93","0.1","0.1","44.9",,,,,
"FF","2023-05-17","97.9","0.93","6.06","Chapman, Aroldis",596059,547973,,"ball",,,,,12,,"R","L","L","SD","KC","B",,,1,0,2023,"0.43","1.47",0.8247027921334764,4.0334975531472494,,665742,673490,1,7,"Bot",,,,,,,-1.2992364595635133,-142.59846872960134,-3.4349310812952183,6.1093541607011534,33.53214965958609,-11.561539228333844,2.96694940023949,1.40812877065899,,,,"99.4",2443,"7.1",718140,521692,668472,686681,672580,677951,681987,598265,669004,"53.39",,,,,,,,63,2,"4-Seam Fastball",3,4,3,4,4,3,3,4,"Standard","Standard",161,"0.024","0.067",,,,,"-0.067",,-1,-1,0.459,0.459,35,29,35,29,1,3,1,1,5,3,"0.91","0.43","0.43","47.5",,,,,
"SL","2023-05-17","86.4","0.6","5.97","Chapman, Aroldis",596059,547973,,"ball",,,,,13,,"R","L","L","SD","KC","B",,,0,0,2023,"-1.01","0.14",-0.23638262273227229,0.7499809785186575,,665742,673490,1,7,"Bot",,,,,,,0.08308583738463154,-125.68332915837306,-6.592169571913793,-10.767754431323588,25.684668335549688,-29.582971967504267,2.91864834106369,1.26293058179196,,,,"88.1",2265,"7.4",718140,521692,668472,686681,672580,677951,681987,598265,669004,"53.1",,,,,,,,63,1,"Slider",3,4,3,4,4,3,3,4,"Standard","Standard",273,"0.012","0.042",,,,,"-0.042",,-1,-1,0.447,0.447,35,29,35,29,1,3,1,1,5,3,"2.92","-1.01","-1.01","47.2",,,,,
"SL","2023-05-17","85.6","0.59","6.1","Chapman, Aroldis",673490,547973,"walk","ball",,,,,12,"Ha-Seong Kim walks. Juan Soto to 2nd.","R","R","L","SD","KC","B",,,3,2,2023,"-0.72","0.58",0.43597843871814457,3.6678000692554193,,,665742,1,7,"Bot",,,,,,,1.1059949483225193,-124.70997208686794,-0.6177280312471372,-7.6770876356833835,26.08011670911342,-26.218471953387294,3.38932116279689,1.5070926619977,,,,"87.3",2164,"7.4",718140,521692,668472,686681,672580,677951,681987,598265,669004,"53.12",,0.695903,"0.7",1,0,0,,62,7,"Slider",3,4,3,4,4,3,3,4,"Standard","Standard",280,"0.065","0.266",,,,,"-0.266",,-1,-1,0.382,0.382,35,27,35,28,1,3,1,1,5,2,"2.53","-0.72","0.72","57.9",,,,,
"FF","2023-05-17","98.2","0.84","5.92","Chapman, Aroldis",673490,547973,,"foul",,,,,3,,"R","R","L","SD","KC","S",,,3,2,2023,"0.3","1.61",0.4785643393029422,2.8632677327078184,,,665742,1,7,"Bot",,,,,,,-1.711185201152878,-142.86357980592797,-6.592824385919383,4.532611525813553,35.68221982263818,-8.801453182475703,3.39,1.58,203,"75.3",43,"99.4",2494,"7.2",718140,521692,668472,686681,672580,677951,681987,598265,669004,"53.35",,,,,,,,62,6,"4-Seam Fastball",3,4,3,4,4,3,3,4,"Standard","Standard",158,"0","0",,,,,"0","88.0",-1,-1,0.382,0.382,35,27,35,28,1,3,1,1,5,2,"0.77","0.3","-0.3","44.4",,,,,
"SL","2023-05-17","86.9","0.46","6.01","Chapman, Aroldis",673490,547973,,"called_strike",,,,,8,,"R","R","L","SD","KC","S",,,3,1,2023,"-0.3","0.64",-0.05391797598776618,1.6027016817073878,,,665742,1,7,"Bot",,,,,,,-0.6269355038906318,-126.50864565980538,-5.800565028110552,-3.073921184221345,26.710671120128865,-24.262862426996595,3.31691915666811,1.5070926619977,,,,"88.8",2204,"7.5",718140,521692,668472,686681,672580,677951,681987,598265,669004,"52.96",,,,,,,,62,5,"Slider",3,4,3,4,4,3,3,4,"Standard","Standard",261,"-0.019","-0.069",,,,,"0.069",,-1,-1,0.401,0.401,35,27,35,28,1,3,1,1,5,2,"2.38","-0.3","0.3","52.1",,,,,
"FF","2023-05-17","99.2","0.52","5.98","Chapman, Aroldis",673490,547973,,"ball",,,,,14,,"R","R","L","SD","KC","B",,,2,1,2023,"0.29","1.68",0.9344204557974175,1.5140831225202427,,,665742,1,7,"Bot",,,,,,,0.4706656740550055,-144.05051555601847,-10.858787978164543,3.8406897130853253,36.07924568384736,-6.425531466159959,3.36518811171612,1.53128544637349,,,,"100.6",2422,"7.3",718140,521692,668472,686681,672580,677951,681987,598265,669004,"53.16",,,,,,,,62,4,"4-Seam Fastball",3,4,3,4,4,3,3,4,"Standard","Standard",162,"0.023","0.1",,,,,"-0.1",,-1,-1,0.378,0.378,35,27,35,28,1,3,1,1,5,2,"0.66","0.29","-0.29","50.1",,,,,
"FS","2023-05-17","88.7","0.59","5.85","Chapman, Aroldis",673490,547973,,"ball",,,,,12,,"R","R","L","SD","KC","B",,,1,1,2023,"0.54","-0.19",1.0726932215522864,2.5230276297471868,,,665742,1,7,"Bot",,,,,,,0.05149416638229287,-129.1904948087837,-1.7342395240445225,6.00663663385443,26.11832588468463,-34.13302522612458,3.34105411073979,1.57966822642539,,,,"90.3",921,"7.2",718140,521692,668472,686681,672580,677951,681987,598265,669004,"53.32",,,,,,,,62,3,"Split-Finger",3,4,3,4,4,3,3,4,"Standard","Standard",125,"0.011","0.046",,,,,"-0.046",,-1,-1,0.367,0.367,35,27,35,28,1,3,1,1,5,2,"3.07","0.54","-0.54","50.4",,,,,
"SL","2023-05-17","84.9","0.57","6.1","Chapman, Aroldis",673490,547973,,"called_strike",,,,,3,,"R","R","L","SD","KC","S",,,1,0,2023,"-0.71","0.48",0.8187265948226204,2.968880427180024,,,665742,1,7,"Bot",,,,,,,2.0534869955182145,-123.70986727752434,-2.0125673113451126,-7.744053642365669,24.081884540898294,-27.048940000397188,3.26864637710033,1.48289895292091,,,,"86.6",2051,"7.3",718140,521692,668472,686681,672580,677951,681987,598265,669004,"53.23",,,,,,,,62,2,"Slider",3,4,3,4,4,3,3,4,"Standard","Standard",300,"-0.011","-0.053",,,,,"0.053",,-1,-1,0.378,0.378,35,27,35,28,1,3,1,1,5,2,"2.67","-0.71","0.71","51.7",,,,,
"FF","2023-05-17","97.2","0.58","6.02","Chapman, Aroldis",673490,547973,,"ball",,,,,12,,"R","R","L","SD","KC","B",,,0,0,2023,"0.15","1.53",1.1493127425637863,3.9113946885486834,,,665742,1,7,"Bot",,,,,,,1.1917843720262045,-141.6175194652188,-3.679078703540805,1.7315669604324846,33.20795730378952,-11.007518729725815,3.38932116279689,1.60385821505341,,,,"98.7",2415,"7.1",718140,521692,668472,686681,672580,677951,681987,598265,669004,"53.39",,,,,,,,62,1,"4-Seam Fastball",3,4,3,4,4,3,3,4,"Standard","Standard",155,"0.008","0.036",,,,,"-0.036",,-1,-1,0.37,0.37,35,27,35,28,1,3,1,1,5,2,"0.88","0.15","-0.15","47.9",,,,,
"SI","2023-05-17","101.4","0.5","6.08","Chapman, Aroldis",443558,547973,"strikeout","called_strike",,,,,7,"Nelson Cruz called out on strikes.","R","R","L","SD","KC","S",2,,0,2,2023,"0.87","1.43",-0.5560981771189873,2.1092026886281996,,,665742,0,7,"Bot",,,,,,,-5.121763746798418,-147.3592161619131,-9.332075476085713,13.880152432607673,35.7458634043366,-9.302307624067007,3.50343295664779,1.62965353564754,,,,"102.8",2450,"7.2",718140,521692,668472,686681,672580,677951,681987,598265,669004,"53.32",,0,"0",1,0,0,,61,3,"Sinker",3,4,3,4,4,3,3,4,"Standard","Standard",165,"-0.043","-0.156",,,,,"0.156",,-1,-1,0.413,0.413,35,42,35,43,1,0,1,1,5,2,"0.8","0.87","-0.87","47.8",,,,,
"FF","2023-05-17","99.2","0.74","5.97","Chapman, Aroldis",443558,547973,,"foul_tip",,,,,5,,"R","R","L","SD","KC","S",,,0,1,2023,"-0.02","1.46",-0.0018932407086601002,2.746746999805397,,,665742,0,7,"Bot",,,,,,,-2.0156763803030158,-144.28691537577737,-6.915578467105925,0.22836424261820537,34.3955643139503,-10.314121961484847,3.48,1.63,,,,"100.5",2513,"7.1",718140,521692,668472,686681,672580,677951,681987,598265,669004,"53.4",,,,,,,,61,2,"4-Seam Fastball",3,4,3,4,4,3,3,4,"Standard","Standard",162,"-0.017","-0.043",,,,,"0.043",,-1,-1,0.43,0.43,35,42,35,43,1,0,1,1,5,2,"0.86","-0.02","0.02","48.5",,,,,
"FF","2023-05-17","98.3","0.76","6.05","Chapman, Aroldis",443558,547973,,"foul",,,,,12,,"R","R","L","SD","KC","S",,,0,0,2023,"0.34","1.57",0.9986999539593049,2.9720494629107304,,,665742,0,7,"Bot",,,,,,,-0.15989637897137204,-143.04116131782658,-6.559754097206504,4.695336759686342,35.55340062064239,-9.367880061441182,3.48,1.63,,,,"99.4",2459,"7.1",718140,521692,668472,686681,672580,677951,681987,598265,669004,"53.44",,,,,,,,61,1,"4-Seam Fastball",3,4,3,4,4,3,3,4,"Standard","Standard",157,"-0.011","-0.036",,,,,"0.036",,-1,-1,0.441,0.441,35,42,35,43,1,0,1,1,5,2,"0.81","0.34","-0.34","46.0",,,,,
"SL","2023-05-16","88.7","0.73","6.03","Chapman, Aroldis",630105,547973,,"swinging_strike",,,,,8,,"R","L","L","SD","KC","S",,,0,1,2023,"-1.28","0",-0.0014057746335323085,1.5858358385727285,,,641553,1,7,"Bot",,,,,,,0.8982179118358538,-129.18532661482172,-4.869666988070046,-14.431823565650266,28.401616531762336,-31.30376378238724,3.27,1.59,,,,"89.9",2343,"7.1",718144,666023,686469,622110,672580,677951,681987,598265,669004,"53.38",,,,,,,,61,2,"Slider",4,5,4,5,5,4,4,5,"Standard","Standard",294,"-0.016","-0.053",,,,,"0.053",,-1,-1,0.361,0.361,35,29,35,29,1,3,3,1,1,1,"2.9","-1.28","-1.28","49.1",,,,,
"SL","2023-05-16","89.3","0.55","5.95","Chapman, Aroldis",630105,547973,,"foul",,,,,5,,"R","L","L","SD","KC","S",,,0,0,2023,"-0.51","0.79",-0.0398917769396836,2.5379657460147316,,,641553,1,7,"Bot",,,,,,,-0.38178936307404626,-129.98537213226038,-4.088381718608952,-5.688856001830825,27.607683597105506,-22.609121444021618,3.27,1.59,9,"71.3",-15,"90.8",2282,"7.2",718144,666023,686469,622110,672580,677951,681987,598265,669004,"53.26",,,,,,,,61,1,"Slider",4,5,4,5,5,4,4,5,"Standard","Standard",272,"-0.009","-0.042",,,,,"0.042","88.0",-1,-1,0.37,0.37,35,29,35,29,1,3,3,1,1,1,"2.07","-0.51","-0.51","49.9",,,,,
"SI","2023-05-16","101.2","0.52","6.18","Chapman, Aroldis",665487,547973,"strikeout","swinging_strike",,,,,3,"Fernando Tatis Jr. strikes out swinging.","R","R","L","SD","KC","S",2,,0,2,2023,"1.13","1",0.790358883862422,3.2564326823751517,,,641553,0,7,"Bot",,,,,,,-1.98474715127383,-147.24004815182363,-5.2664805650344135,16.917400941002914,37.663820916933126,-16.591285216437928,3.6,1.75,,,,"102.3",2243,"7.1",718144,666023,686469,622110,672580,677951,681987,598265,669004,"53.44",,0,"0",1,0,0,,60,3,"Sinker",4,5,4,5,5,4,4,5,"Standard","Standard",172,"-0.043","-0.156",,,,,"0.156",,-1,-1,0.413,0.413,35,24,35,24,1,3,3,1,1,1,"1.24","1.13","-1.13","50.1",,,,,
"SL","2023-05-16","89.2","0.41","6.13","Chapman, Aroldis",665487,547973,,"foul",,,,,13,,"R","R","L","SD","KC","S",,,0,1,2023,"-0.61","0.65",-0.19184649604836612,1.4290762605201937,,,641553,0,7,"Bot",,,,,,,-0.19584753165083593,-129.76178313984514,-6.988346184926204,-6.865115110501451,28.82022986288379,-23.56124544686947,3.6,1.75,7,"85.3",-13,"90.8",2172,"7.4",718144,666023,686469,622110,672580,677951,681987,598265,669004,"53.09",,,,,,,,60,2,"Slider",4,5,4,5,5,4,4,5,"Standard","Standard",277,"-0.017","-0.043",,,,,"0.043","88.0",-1,-1,0.43,0.43,35,24,35,24,1,3,3,1,1,1,"2.23","-0.61","0.61","60.0",,,,,
"SL","2023-05-16","86.5","0.54","6.12","Chapman, Aroldis",665487,547973,,"foul",,,,,4,,"R","R","L","SD","KC","S",,,0,0,2023,"-0.54","0.33",-0.32923685176424516,2.4315196989562096,,,641553,0,7,"Bot",,,,,,,-0.9751824785280268,-125.95100520495994,-3.2848626470937496,-5.571972906372443,26.174932224944286,-28.233405932862045,3.6,1.75,4,"82.3",-33,"87.6",2111,"7",718144,666023,686469,622110,672580,677951,681987,598265,669004,"53.48",,,,,,,,60,1,"Slider",4,5,4,5,5,4,4,5,"Standard","Standard",277,"-0.011","-0.036",,,,,"0.036","88.0",-1,-1,0.441,0.441,35,24,35,24,1,3,3,1,1,1,"2.72","-0.54","0.54","53.7",,,,,
"FF","2023-05-13","98.4","0.62","6.06","Chapman, Aroldis",661388,547973,"field_out","hit_into_play",,,,,4,"William Contreras flies out to right fielder MJ Melendez.","R","R","L","MIL","KC","X",9,"fly_ball",3,1,2023,"0.17","1.65",-0.6895486529132678,2.745584325941418,,621438,,2,8,"Bot",168.91,117.53,,,,,-4.024717342936455,-143.17699747456547,-7.483023117519659,3.244287135039081,33.3566729800956,-8.008574577698193,3.32,1.6,232,"95.3",58,"100.2",2395,"7.3",718183,521692,668472,686681,681987,677951,658668,598265,669004,"53.18",0.021,0.019,"0",1,0,0,3,67,5,"4-Seam Fastball",3,3,3,3,3,3,3,3,"Standard","Standard",171,"-0.086","-0.359",,,,0.023,"0.359","95.3",0,0,0.586,0.586,35,25,35,26,1,3,2,1,3,2,"0.71","0.17","-0.17","50.6",,,,,
"FF","2023-05-13","100.6","0.53","6.02","Chapman, Aroldis",661388,547973,,"called_strike",,,,,5,,"R","R","L","MIL","KC","S",,,3,0,2023,"0.28","1.61",-0.029621078007892765,2.1805841144394504,,621438,,2,8,"Bot",,,,,,,-2.2541489739463145,-146.20530116004807,-9.248221583359054,4.515207145660256,35.07784874623147,-7.151198508681528,3.35280216981623,1.59921689419802,,,,"102.1",2451,"7.2",718183,521692,668472,686681,681987,677951,658668,598265,669004,"53.31",,,,,,,,67,4,"4-Seam Fastball",3,3,3,3,3,3,3,3,"Standard","Standard",162,"-0.001","-0.023",,,,,"0.023",,0,0,0.587,0.587,35,25,35,26,1,3,2,1,3,2,"0.65","0.28","-0.28","47.7",,,,,
"FF","2023-05-13","99.9","0.46","6.05","Chapman, Aroldis",661388,547973,,"ball",,,,,11,,"R","R","L","MIL","KC","B",,,2,0,2023,"0.15","1.42",-1.2847826141451926,2.65882218789208,,621438,,2,8,"Bot",,,,,,,-5.274165837461817,-145.22299195384562,-7.410966621295353,3.403165047738425,34.63317542269988,-10.536645617288404,3.3160297533111,1.57109353521703,,,,"101.6",2349,"7.3",718183,521692,668472,686681,681987,677951,658668,598265,669004,"53.17",,,,,,,,67,3,"4-Seam Fastball",3,3,3,3,3,3,3,3,"Standard","Standard",166,"0.002","0.037",,,,,"-0.037",,0,0,0.585,0.585,35,25,35,26,1,3,2,1,3,2,"0.87","0.15","-0.15","51.3",,,,,
"SL","2023-05-13","87.9","0.45","6.1","Chapman, Aroldis",661388,547973,,"ball",,,,,13,,"R","R","L","MIL","KC","B",,,1,0,2023,"-0.44","0.39",-1.4418085310353486,1.0940050188083128,,,621438,2,8,"Bot",,,,,,,-3.7544265630364078,-127.87749759879529,-6.956960062289527,-4.0603840808266805,26.54785891904995,-26.695898005422812,3.40908394072036,1.59921689419802,,,,"90",2132,"7.6",718183,521692,668472,686681,681987,677951,658668,598265,669004,"52.89",,,,,,,,67,2,"Slider",3,3,3,3,3,3,3,3,"Infield shade","Standard",287,"0.031","0.037",,,,,"-0.037",,0,0,0.554,0.554,35,25,35,26,1,3,2,1,3,2,"2.57","-0.44","0.44","54.0",,,,,
"FF","2023-05-13","98.2","0.5","6.15","Chapman, Aroldis",661388,547973,,"ball",,,,,12,,"R","R","L","MIL","KC","B",,,0,0,2023,"0.5","1.43",0.9834936748260568,3.913052119190513,,,621438,2,8,"Bot",,,,,,,0.13989469501789373,-143.00646918229444,-3.9691466426017517,6.834324700207647,34.022339291880925,-11.813771761742517,3.49350707033256,1.57109353521703,,,,"99.7",2333,"7.2",718183,521692,668472,686681,681987,677951,658668,598265,669004,"53.32",,,,,,,,67,1,"4-Seam Fastball",3,3,3,3,3,3,3,3,"Standard","Standard",161,"0.004","0.03",,,,,"-0.03",,0,0,0.55,0.55,35,25,35,26,1,3,2,1,3,2,"0.93","0.5","-0.5","52.3",,,,,
"FS","2023-05-11","91.9","0.71","5.97","Chapman, Aroldis",664874,547973,"strikeout","swinging_strike",,,,,14,"Seby Zavala strikes out swinging.","R","R","L","KC","CWS","S",2,,1,2,2023,"0.64","-0.13",0.2621827402318102,1.063531127544279,,673357,,2,8,"Top",,,,,,,-2.575785621575615,-133.69630443571776,-6.432962481887685,8.222261038382968,28.924970371715535,-32.50249937114566,3.27,1.52,,,,"94",868,"7.5",718218,666023,686469,672580,622110,677951,658668,598265,668472,"52.98",,0,"0",1,0,0,,61,6,"Split-Finger",3,3,3,3,3,3,3,3,"Standard","Standard",133,"0.056","-0.203",,,,,"0.203",,0,0,0.552,0.44799999999999995,35,29,35,30,1,1,4,1,2,1,"2.83","0.64","-0.64","48.3",,,,,
"FF","2023-05-11","100.8","0.55","6.08","Chapman, Aroldis",664874,547973,,"foul",,,,,1,,"R","R","L","KC","CWS","S",,,1,2,2023,"0.13","1.5",-0.7787783240351229,2.8388709428878567,,673357,,2,8,"Top",,,,,,,-4.057280373636798,-146.6704346506875,-7.343793535091587,2.791332743305146,34.36968047922427,-8.977041879887661,3.27,1.52,226,"77.8",51,"102.4",2391,"7.1",718218,666023,686469,672580,622110,677951,658668,598265,668472,"53.38",,,,,,,,61,5,"4-Seam Fastball",3,3,3,3,3,3,3,3,"Standard","Standard",160,"0","0",,,,,"0","88.0",0,0,0.552,0.44799999999999995,35,29,35,30,1,1,4,1,2,1,"0.74","0.13","-0.13","47.7",,,,,
"SL","2023-05-11","89.4","0.69","6.13","Chapman, Aroldis",664874,547973,,"foul",,,,,7,,"R","R","L","KC","CWS","S",,,1,2,2023,"-0.55","0.53",-0.45724022805857495,1.5741856712330664,,673357,,2,8,"Top",,,,,,,-1.6735669967116513,-130.13391250444926,-6.431433402894734,-5.962472415169393,27.09602218398865,-25.028194127521726,3.27,1.52,13,"63.5",-4,"91",2161,"7.2",718218,666023,686469,672580,622110,677951,658668,598265,668472,"53.29",,,,,,,,61,4,"Slider",3,3,3,3,3,3,3,3,"Standard","Standard",257,"0","0",,,,,"0","88.0",0,0,0.552,0.44799999999999995,35,29,35,30,1,1,4,1,2,1,"2.32","-0.55","0.55","52.9",,,,,
"FF","2023-05-11","100.7","0.6","6.06","Chapman, Aroldis",664874,547973,,"ball",,,,,13,,"R","R","L","KC","CWS","B",,,0,2,2023,"0.6","1.45",-0.4923591571555028,1.1783263646401436,,673357,,2,8,"Top",,,,,,,-4.511409117812912,-146.25169775949504,-11.801015863301705,9.62520819563271,34.51515473846808,-8.76295877445617,3.18650402893402,1.44895011669085,,,,"102",2467,"7.1",718218,666023,686469,672580,622110,677951,658668,598265,668472,"53.41",,,,,,,,61,3,"4-Seam Fastball",3,3,3,3,3,3,3,3,"Standard","Standard",157,"-0.008","0.018",,,,,"-0.018",,0,0,0.56,0.43999999999999995,35,29,35,30,1,1,4,1,2,1,"0.81","0.6","-0.6","46.3",,,,,
"SL","2023-05-11","89.7","0.68","6.11","Chapman, Aroldis",664874,547973,,"swinging_strike_blocked",,,,,13,,"R","R","L","KC","CWS","S",,,0,1,2023,"-0.62","0.71",-0.10610402897527466,0.7030704706501134,,673357,,2,8,"Top",,,,,,,-0.6467146249615345,-130.48885059307898,-9.043637527902685,-6.9503476564310995,26.382187556682023,-22.416434391050412,3.27,1.52,,,,"91.4",2306,"7.2",718218,666023,686469,672580,622110,677951,658668,598265,668472,"53.28",,,,,,,,61,2,"Slider",3,3,3,3,3,3,3,3,"Standard","Standard",270,"0.02","-0.061",,,,,"0.061",,0,0,0.54,0.45999999999999996,35,29,35,30,1,1,4,1,2,1,"2.12","-0.62","0.62","48.3",,,,,
"FF","2023-05-11","99.7","0.81","6.04","Chapman, Aroldis",664874,547973,,"called_strike",,,,,5,,"R","R","L","KC","CWS","S",,,0,0,2023,"0.5","1.47",0.14654387353593168,2.0585970926908774,,673357,,2,8,"Top",,,,,,,-3.033525961584034,-144.9082896779141,-9.126063230407045,7.765132057499158,33.12020576170392,-9.55773817267699,3.19489433556302,1.45225790454764,,,,"101",2372,"7",718218,666023,686469,672580,622110,677951,658668,598265,668472,"53.47",,,,,,,,61,1,"4-Seam Fastball",3,3,3,3,3,3,3,3,"Standard","Standard",160,"0.012","-0.046",,,,,"0.046",,0,0,0.528,0.472,35,29,35,30,1,1,4,1,2,1,"0.83","0.5","-0.5","46.5",,,,,
"FS","2023-05-11","92","0.57","6.05","Chapman, Aroldis",673357,547973,"double","hit_into_play",,,,,9,"Royals challenged (fair or foul in outfield), call on the field was upheld: Luis Robert Jr. doubles (10) on a line drive to left fielder Edward Olivares. Andrew Vaughn scores. Jake Marisnick scores.","R","R","L","KC","CWS","X",7,"line_drive",1,2,2023,"0.46","0.46",0.5081352584193064,2.298382601981283,683734,,545350,2,8,"Top",46.61,115.71,,,,,-1.1753257528628254,-133.95395462514838,-4.758547787067149,5.751227343489567,29.079285662241457,-25.80512075558797,3.72,1.76,136,"94.7",8,"94",947,"7.5",718218,666023,686469,672580,622110,677951,658668,598265,668472,"53.05",0.611,0.561,"1.25",1,1,1,4,60,4,"Split-Finger",3,1,1,3,3,3,3,3,"Standard","Standard",149,"-0.355","0.939",,,,0.683,"-0.939","94.7",2,-2,0.883,0.11699999999999999,35,25,35,26,1,3,4,1,2,1,"2.23","0.46","-0.46","50.2",,,,,
"FF","2023-05-11","102","0.51","6.14","Chapman, Aroldis",673357,547973,,"ball",,,,,13,,"R","R","L","KC","CWS","B",,,0,2,2023,"0.68","1.48",-1.3046991918848807,1.5577137837323127,683734,,545350,2,8,"Top",,,,,,,-6.819023239390706,-148.11894003469487,-11.318382269303902,11.598255655249128,34.848173323828085,-7.880330445647706,3.60352778830407,1.69223809240564,,,,"103.4",2516,"7.1",718218,666023,686469,672580,622110,677951,658668,598265,668472,"53.41",,,,,,,,60,3,"4-Seam Fastball",3,1,1,3,1,3,1,3,"Standard","Standard",158,"-0.008","0.02",,,,,"-0.02",,2,-2,0.891,0.10899999999999999,35,25,35,26,1,3,4,1,2,1,"0.72","0.68","-0.68","47.7",,,,,
"FF","2023-05-11","101","0.95","6.04","Chapman, Aroldis",673357,547973,,"swinging_strike",,,,,13,,"R","R","L","KC","CWS","S",,,0,1,2023,"0.37","1.44",-0.9862555335934089,1.0449848744314725,683734,,545350,2,8,"Top",,,,,,,-6.366738316176657,-146.56606875310194,-12.194959103340231,6.772166427864453,32.14209457535058,-8.758808755664528,3.72,1.76,,,,"102.6",2442,"7.1",718218,666023,686469,672580,622110,677951,658668,598265,668472,"53.37",,,,,,,,60,2,"4-Seam Fastball",3,1,1,3,1,3,1,3,"Standard","Standard",159,"0.019","-0.054",,,,,"0.054",,2,-2,0.872,0.128,35,25,35,26,1,3,4,1,2,1,"0.79","0.37","-0.37","46.2",,,,,
"FF","2023-05-11","101.8","0.7","6.17","Chapman, Aroldis",673357,547973,,"called_strike",,,,,8,,"R","R","L","KC","CWS","S",,,0,0,2023,"0.37","1.42",-0.13106570715307775,1.637300647811311,683734,,545350,2,8,"Top",,,,,,,-3.272495707619252,-147.96594001981728,-11.01533669410861,6.125869135472144,33.12639832614386,-8.961186499575238,3.55697005293278,1.60308637441687,,,,"103.6",2351,"7.2",718218,666023,686469,672580,622110,677951,658668,598265,668472,"53.35",,,,,,,,60,1,"4-Seam Fastball",3,1,1,3,1,3,1,3,"Standard","Standard",156,"0.012","-0.052",,,,,"0.052",,2,-2,0.86,0.14,35,25,35,26,1,3,4,1,2,1,"0.78","0.37","-0.37","48.6",,,,,
"FF","2023-05-11","100","0.65","6.1","Chapman, Aroldis",656024,547973,"single","hit_into_play",,,,,5,"Carlos Perez singles on a line drive to center fielder Jackie Bradley Jr. Andrew Vaughn to 3rd.","R","R","L","KC","CWS","X",8,"line_drive",0,0,2023,"0.24","1.43",-0.26175445636746875,2.4931572045958292,,,683734,2,8,"Top",147.19,96.3,,,,,-3.1119741269703844,-145.6488093223927,-8.132716809638328,4.09813201675157,29.53402446420645,-10.127105818025647,3.319,1.513,199,"79.3",15,"101.9",2331,"7",718218,666023,686469,672580,622110,677951,658668,598265,668472,"53.52",0.821,0.759,"0.9",1,1,0,4,59,1,"4-Seam Fastball",3,1,1,3,1,3,1,3,"Standard","Standard",157,"-0.043","0.368",,,,0.91,"-0.368","88.0",2,-2,0.903,0.09699999999999998,35,26,35,27,1,0,4,4,2,2,"0.82","0.24","-0.24","46.8",,,,,
"SL","2023-05-04","85.7","0.74","6.03","Chapman, Aroldis",656775,547973,"walk","ball",,,,,12,"Cedric Mullins walks. Ramon Urias to 3rd. Ramon Urias steals (2) 3rd base. Ramon Urias to 3rd.","R","L","L","KC","BAL","B",,,3,2,2023,"-0.84","0.54",0.3500463704451311,4.251791650800932,,602104,,1,8,"Top",,,,,,,0.790604397408172,-124.75508875756827,1.068446172613763,-8.873784458059934,27.33104584441699,-27.054778298657816,3.24806850037089,1.54447037425939,,,,"86.9",2160,"7.2",718312,666023,668472,686681,672580,677951,641531,598265,669004,"53.27",,0.695903,"0.7",1,0,0,,75,7,"Slider",9,10,10,9,10,9,10,9,"Standard","Standard",279,"-0.046","0.184",,,,,"-0.184",,-1,1,0.231,0.769,35,28,35,29,1,4,1,1,3,1,"2.59","-0.84","-0.84","50.5",,,,,
"FF","2023-05-04","99","0.97","5.84","Chapman, Aroldis",656775,547973,,"foul",,,,,12,,"R","L","L","KC","BAL","S",,,3,2,2023,"0.57","1.57",0.8778004260333485,2.6785913879546026,,602104,,1,8,"Top",,,,,,,-1.6189032907831684,-143.9521548951126,-6.969193486343876,8.274654137725243,35.77445864270043,-8.892859802116469,3.28,1.52,,,,"100.5",2356,"7.3",718312,666023,668472,686681,672580,677951,641531,598265,669004,"53.19",,,,,,,,75,6,"4-Seam Fastball",9,10,10,9,10,9,10,9,"Standard","Standard",151,"0","0",,,,,"0",,-1,1,0.231,0.769,35,28,35,29,1,4,1,1,3,1,"0.77","0.57","0.57","41.8",,,,,
"SL","2023-05-04","87.3","0.46","6.1","Chapman, Aroldis",656775,547973,,"ball",,,,,11,,"R","L","L","KC","BAL","B",,,2,2,2023,"-0.7","0.74",-1.3040187970480495,2.586556576743493,,602104,,1,8,"Top",,,,,,,-2.8445337394394627,-127.0570367278552,-3.803096077813889,-6.860310657107915,29.646113758859038,-23.611125279285513,3.24806850037089,1.5162859842677,,,,"88.6",2326,"7.4",718312,666023,668472,686681,672580,677951,641531,598265,669004,"53.1",,,,,,,,75,5,"Slider",9,10,10,9,10,9,10,9,"Standard","Standard",280,"-0.008","0.09",,,,,"-0.09",,-1,1,0.239,0.761,35,28,35,29,1,4,1,1,3,1,"2.29","-0.7","-0.7","52.1",,,,,
"FF","2023-05-04","100.1","0.71","5.92","Chapman, Aroldis",656775,547973,,"ball",,,,,13,,"R","L","L","KC","BAL","B",,,1,2,2023,"0.41","1.56",-0.9671519803619908,0.9813177126180002,,,602104,1,8,"Top",,,,,,,-5.6775345324414355,-145.144918175793,-12.017925272486087,7.120988254066431,36.13001355957645,-7.47006160476816,3.21987685136357,1.4881015833848,,,,"101.2",2417,"7.2",718312,666023,668472,686681,672580,677951,641531,598265,669004,"53.3",,,,,,,,75,4,"4-Seam Fastball",9,10,10,9,10,9,10,9,"Standard","Standard",162,"-0.024","0.047",,,,,"-0.047",,-1,1,0.263,0.737,35,28,35,29,1,4,1,1,3,1,"0.75","0.41","0.41","41.8",,,,,
"SL","2023-05-04","86.7","0.58","6.04","Chapman, Aroldis",656775,547973,,"foul",,,,,7,,"R","L","L","KC","BAL","S",,,1,1,2023,"-0.78","0.11",-0.710050886184926,1.891637448004174,,,602104,1,8,"Top",,,,,,,-1.5154473649626632,-126.16955612790544,-3.971761990310045,-7.924382790757194,27.129555408955845,-30.37205042327375,3.28,1.52,4,"71.6",-26,"88.3",2355,"7.4",718312,666023,668472,686681,672580,677951,641531,598265,669004,"53.11",,,,,,,,75,3,"Slider",9,10,10,9,10,9,10,9,"Standard","Standard",294,"0.008","-0.055",,,,,"0.055","88.0",-1,1,0.255,0.745,35,28,35,29,1,4,1,1,3,1,"2.94","-0.78","-0.78","49.7",,,,,
"FF","2023-05-04","98.7","0.88","5.87","Chapman, Aroldis",656775,547973,,"swinging_strike",,,,,7,,"R","L","L","KC","BAL","S",,,1,0,2023,"0.13","1.67",-0.7633812691510242,1.8075420579372363,,,602104,1,8,"Top",,,,,,,-4.872365307242383,-143.30316346255316,-9.588138146966292,3.048642271660179,36.025832302173235,-7.121592891343722,3.28,1.52,,,,"99.9",2490,"7.3",718312,666023,668472,686681,672580,677951,641531,598265,669004,"53.24",,,,,,,,75,2,"4-Seam Fastball",9,10,10,9,10,9,10,9,"Standard","Standard",156,"0.004","-0.053",,,,,"0.053",,-1,1,0.251,0.749,35,28,35,29,1,4,1,1,3,1,"0.7","0.13","0.13","42.0",,,,,
"FF","2023-05-04","99.6","0.86","5.92","Chapman, Aroldis",656775,547973,,"ball",,,,,13,,"R","L","L","KC","BAL","B",,,0,0,2023,"0.21","1.82",-0.17877927894526252,0.7713453499902873,,,602104,1,8,"Top",,,,,,,-3.3776678811917416,-144.42032968329733,-13.072499980924588,3.829905181873164,38.25194827047313,-3.753709503523109,3.33264558507342,1.60083914444716,,,,"100.1",2484,"7.1",718312,666023,668472,686681,672580,677951,641531,598265,669004,"53.41",,,,,,,,75,1,"4-Seam Fastball",9,10,10,9,10,9,10,9,"Standard","Standard",158,"-0.003","0.036",,,,,"-0.036",,-1,1,0.254,0.746,35,28,35,29,1,4,1,1,3,1,"0.52","0.21","0.21","42.6",,,,,
"FF","2023-05-04","97.4","0.7","6.03","Chapman, Aroldis",543510,547973,"field_out","hit_into_play",,,,,5,"James McCann flies out sharply to center fielder Jackie Bradley Jr.","R","R","L","KC","BAL","X",8,"fly_ball",0,0,2023,"0.53","1.34",0.12527748326581045,2.270274627442883,,,602104,0,8,"Top",131.72,40.25,,,,,-2.812190290781973,-141.65940730567422,-7.774473585626577,7.727875024475926,34.33159404094317,-12.54816726243152,3.37,1.54,392,"104.7",23,"99",2519,"7.3",718312,666023,668472,686681,672580,677951,641531,598265,669004,"53.17",0.731,1.3556197183098586,"0",1,0,0,6,74,1,"4-Seam Fastball",9,10,10,9,10,9,10,9,"Standard","Standard",162,"0.033","-0.241",,,,2.633,"0.241","104.7",-1,1,0.221,0.779,35,33,35,33,1,3,1,1,3,1,"1.08","0.53","-0.53","46.6",,,,,
"SL","2023-05-04","87.9","0.73","6","Chapman, Aroldis",602104,547973,"single","hit_into_play",,,,,4,"Ramon Urias singles on a ground ball to center fielder Jackie Bradley Jr. Adam Frazier scores. Jorge Mateo scores.","R","R","L","KC","BAL","X",8,"ground_ball",1,1,2023,"-0.47","0.6",-0.5382539949559976,2.2819125886966054,624428,622761,,0,8,"Top",107.83,111.82,,,,,-2.1406514015277787,-127.99920805952058,-4.218094887219706,-4.681297111833054,26.669529511910717,-24.91209040958149,3.16,1.49,107,"74.3",11,"89.7",2365,"7.4",718312,666023,668472,686681,672580,677951,641531,598265,669004,"53.15",0.308,0.277,"0.9",1,1,0,2,73,3,"Slider",9,8,8,9,10,9,10,9,"Strategic","Standard",211,"-0.198","0.532",,,,0.313,"-0.532","88.0",1,-1,0.419,0.581,35,29,35,29,1,0,1,1,3,1,"2.35","-0.47","0.47","51.0",,,,,
"FF","2023-05-04","98.6","0.51","5.89","Chapman, Aroldis",602104,547973,,"ball",,,,,13,,"R","R","L","KC","BAL","B",,,0,1,2023,"0.45","1.48",-0.7595580041671957,0.9416510760862593,624428,622761,,0,8,"Top",,,,,,,-4.565557000694508,-143.1080571067629,-11.627157142683219,7.189736137500616,32.867082428551825,-9.329412342813265,3.071684222442,1.34536607883645,,,,"100.4",2430,"7.4",718312,666023,668472,686681,672580,677951,641531,598265,669004,"53.07",,,,,,,,73,2,"4-Seam Fastball",9,8,8,9,8,9,8,9,"Strategic","Standard",156,"-0.012","0.037",,,,,"-0.037",,1,-1,0.431,0.569,35,29,35,29,1,0,1,1,3,1,"0.88","0.45","-0.45","46.6",,,,,
"FF","2023-05-04","97.2","0.87","6","Chapman, Aroldis",602104,547973,,"called_strike",,,,,3,,"R","R","L","KC","BAL","S",,,0,0,2023,"0.38","1.38",0.7009015892185362,2.7935087612890457,624428,,622761,0,8,"Top",,,,,,,-1.345332477791941,-141.56945960674236,-6.360397547549775,5.441688440926554,31.45275269997463,-12.407769689762445,3.09987418457689,1.45810403199238,,,,"99.3",2399,"7.3",718312,666023,668472,686681,672580,677951,641531,598265,669004,"53.16",,,,,,,,73,1,"4-Seam Fastball",9,8,8,9,8,9,8,9,"Strategic","Standard",157,"-0.03","-0.02",,,,,"0.02",,1,-1,0.461,0.5389999999999999,35,29,35,29,1,0,1,1,3,1,"1.03","0.38","-0.38","47.7",,,,,
"SL","2023-05-04","87.5","0.64","5.95","Chapman, Aroldis",622761,547973,"walk","ball",,,,,14,"Jorge Mateo walks.","R","R","L","KC","BAL","B",,,3,1,2023,"-0.49","0.54",0.5694756781868215,1.4376533133531892,624428,,,0,8,"Top",,,,,,,0.8533155495744642,-127.3832406772243,-5.965565105394668,-5.486569951709982,26.73537299830485,-25.230131287317626,3.45265659365469,1.68445999194702,,,,"89.2",2342,"7.3",718312,666023,668472,686681,672580,677951,641531,598265,669004,"53.16",,0.695903,"0.7",1,0,0,,72,5,"Slider",9,8,8,9,8,9,8,9,"Strategic","Standard",272,"-0.046","0.234",,,,,"-0.234",,1,-1,0.507,0.493,35,28,35,28,1,3,1,1,3,1,"2.44","-0.49","0.49","50.5",,,,,
"FF","2023-05-04","97.9","0.83","5.85","Chapman, Aroldis",622761,547973,,"called_strike",,,,,14,,"R","R","L","KC","BAL","S",,,3,0,2023,"0.43","1.39",0.9131005281378356,1.976004154851893,624428,,,0,8,"Top",,,,,,,-0.7783687655720914,-142.39987301694134,-8.268924187015568,5.965400347089555,35.73777412117539,-11.495833392625054,3.250168641241,1.42591591887853,,,,"99.1",2456,"7.2",718312,666023,668472,686681,672580,677951,641531,598265,669004,"53.29",,,,,,,,72,4,"4-Seam Fastball",9,8,8,9,8,9,8,9,"Strategic","Standard",154,"0.015","-0.135",,,,,"0.135",,1,-1,0.492,0.508,35,28,35,28,1,3,1,1,3,1,"1","0.43","-0.43","50.0",,,,,
"SL","2023-05-04","86.8","0.77","6.02","Chapman, Aroldis",622761,547973,,"ball",,,,,12,,"R","R","L","KC","BAL","B",,,2,0,2023,"-0.44","0.7",0.578862473841719,3.881735794493333,,624428,,0,8,"Top",,,,,,,0.4582202542210675,-126.39990833173921,-0.2979863764452486,-4.739360793191933,28.206917003252418,-24.897046575226685,3.25530402297277,1.62809116666105,,,,"88.1",2303,"7.3",718312,666023,668472,686681,672580,677951,641531,598265,669004,"53.23",,,,,,,,72,3,"Slider",9,8,8,9,8,9,8,9,"Strategic","Standard",271,"-0.086","0.084",,,,,"-0.084",,1,-1,0.578,0.42200000000000004,35,28,35,28,1,3,1,1,3,1,"2.35","-0.44","0.44","49.9",,,,,
"FF","2023-05-04","97","0.75","6.03","Chapman, Aroldis",622761,547973,,"ball",,,,,12,,"R","R","L","KC","BAL","B",,,1,0,2023,"0.21","1.5",1.1263937639249666,3.9555788838205217,,624428,,0,8,"Top",,,,,,,0.5424808320212374,-141.28725773214344,-3.4786949989960703,2.6603757876557794,33.71513563534165,-11.597475903207423,3.45265659365469,1.65627557024206,,,,"98.6",2415,"7.2",718312,666023,668472,686681,672580,677951,641531,598265,669004,"53.26",,,,,,,,72,2,"4-Seam Fastball",9,8,8,9,8,9,8,9,"Strategic","Standard",157,"-0.013","0.052",,,,,"-0.052",,1,-1,0.591,0.40900000000000003,35,28,35,28,1,3,1,1,3,1,"0.93","0.21","-0.21","48.1",,,,,
"FF","2023-05-04","98.6","0.78","6.02","Chapman, Aroldis",622761,547973,,"ball",,,,,12,,"R","R","L","KC","BAL","B",,,0,0,2023,"0.32","1.51",1.2126481586564806,3.8680072216790378,,624428,,0,8,"Top",,,,,,,0.4563124617444591,-143.5323484155921,-3.9603142992111997,4.2612196771266335,33.7965328558063,-10.592368558741809,3.36807459391342,1.65627557024206,,,,"100",2385,"7.1",718312,666023,668472,686681,672580,677951,641531,598265,669004,"53.44",,,,,,,,72,1,"4-Seam Fastball",9,8,8,9,8,9,8,9,"Strategic","Standard",163,"-0.006","0.036",,,,,"-0.036",,1,-1,0.597,0.403,35,28,35,28,1,3,1,1,3,1,"0.83","0.32","-0.32","45.5",,,,,
"FS","2023-05-03","90.2","0.74","5.9","Chapman, Aroldis",622761,547973,"grounded_into_double_play","hit_into_play",,,,,8,"Jorge Mateo grounds into a double play, shortstop Bobby Witt Jr. to second baseman Michael Massey to first baseman Nick Pratto. Anthony Santander out at 2nd. Jorge Mateo out at 1st.","R","R","L","KC","BAL","X",6,"ground_ball",1,1,2023,"0.62","-0.04",0.14472091951210408,2.1792071672264877,,,623993,1,7,"Top",107.56,153.18,,,,,-2.8680026100205245,-131.36500212160854,-3.2853818132609405,7.8070023158435315,28.003741350364592,-32.10180192701098,3.4,1.66,11,"110.6",-11,"92.3",802,"7.5",718314,521692,668472,686681,672580,677951,658668,664728,669004,"53.01",0.422,0.387,"0",1,0,0,2,46,3,"Split-Finger",2,0,0,2,0,2,0,2,"Standard","Standard",129,"0.076","-0.316",,,,0.471,"0.316","110.6",2,-2,0.811,0.18899999999999995,35,28,35,28,1,2,4,1,1,1,"2.83","0.62","-0.62","48.8",,,,,
"FF","2023-05-03","99.8","1.01","6.06","Chapman, Aroldis",622761,547973,,"ball",,,,,12,,"R","R","L","KC","BAL","B",,,0,1,2023,"0.21","1.33",1.6873550355825102,3.382528389087321,,,623993,1,7,"Top",,,,,,,1.3943046495038154,-145.25752216199973,-5.195924285602392,2.645522374239807,34.375195249977175,-12.273610226454295,3.36085183630738,1.64988883205243,,,,"101.2",2363,"7",718314,521692,668472,686681,672580,677951,658668,664728,669004,"53.45",,,,,,,,46,2,"4-Seam Fastball",2,0,0,2,0,2,0,2,"Standard","Standard",152,"-0.005","0.025",,,,,"-0.025",,2,-2,0.816,0.18400000000000005,35,28,35,28,1,2,4,1,1,1,"0.95","0.21","-0.21","45.8",,,,,
"FF","2023-05-03","100.3","0.88","5.97","Chapman, Aroldis",622761,547973,,"called_strike",,,,,7,,"R","R","L","KC","BAL","S",,,0,0,2023,"0.46","1.36",-0.755400317378468,1.988949142878182,,,623993,1,7,"Top",,,,,,,-5.688144371255076,-145.72807692518157,-8.943246015994797,7.924758558313549,33.93435591157852,-10.934336587424383,3.33181497427385,1.59191335506779,,,,"101.6",2499,"7",718314,521692,668472,686681,672580,677951,658668,664728,669004,"53.46",,,,,,,,46,1,"4-Seam Fastball",2,0,0,2,0,2,0,2,"Standard","Standard",160,"0.007","-0.042",,,,,"0.042",,2,-2,0.809,0.19099999999999995,35,28,35,28,1,2,4,1,1,1,"0.92","0.46","-0.46","46.2",,,,,
"FF","2023-05-03","100.5","1.06","5.97","Chapman, Aroldis",663630,547973,"field_out","hit_into_play",,,,,5,"Ryan McKenna flies out to right fielder MJ Melendez.","R","R","L","KC","BAL","X",9,"fly_ball",0,0,2023,"0.27","1.5",-0.04962964087622379,2.6569036879034242,,,623993,0,7,"Top",189.23,96.59,,,,,-3.750997980760311,-146.1561636008277,-7.447734950403386,4.721799193052456,36.25102973562569,-9.189383972094326,3.35,1.57,299,"88.7",40,"101.5",2423,"7",718314,521692,668472,686681,672580,677951,658668,664728,669004,"53.51",0.005,0.005,"0",1,0,0,3,45,1,"4-Seam Fastball",2,0,0,2,0,2,0,2,"Standard","Standard",156,"0.055","-0.241",,,,0.006,"0.241","88.7",2,-2,0.754,0.246,35,26,35,26,1,0,4,4,1,2,"0.77","0.27","-0.27","44.7",,,,,
"FF","2023-04-25","99.9","0.88","5.96","Chapman, Aroldis",656896,547973,"single","hit_into_play",,,,,13,"Emmanuel Rivera singles on a ground ball to shortstop Bobby Witt Jr. Corbin Carroll scores. Lourdes Gurriel Jr. scores. Emmanuel Rivera to 2nd. Throwing error by shortstop Bobby Witt Jr.","R","R","L","AZ","KC","X",6,"ground_ball",2,1,2023,"0.1","1.56",-0.8648827076592239,1.8720181514726184,682998,666971,,1,8,"Bot",116.76,135.97,,,,,-5.105118922940153,-145.06036424394856,-9.646918967639307,2.6251392676059586,35.93311780176239,-8.025650755115686,3.47,1.66,5,"98.1",-21,"101.2",2530,"7.2",718422,521692,686469,686681,670032,677951,658668,664728,598265,"53.27",0.149,0.139,"0.9",1,1,0,2,69,4,"4-Seam Fastball",2,5,2,5,5,4,4,5,"Standard","Standard",160,"0.167","0.509",,,,0.149,"-0.509","98.1",-3,-3,0.201,0.201,35,27,35,27,1,0,1,,4,1,"0.74","0.1","-0.1","46.5",,,,,
"FF","2023-04-25","99.9","0.67","6.03","Chapman, Aroldis",656896,547973,,"ball",,,,,13,,"R","R","L","AZ","KC","B",,,1,1,2023,"0.14","1.57",-0.6299457871252607,1.5125985493978384,682998,666971,,1,8,"Bot",,,,,,,-3.959231263246472,-145.08002178637426,-10.885326929252408,2.909123245651731,36.15576392479422,-7.538263204460103,3.65549503907231,1.77119363304186,,,,"101.1",2460,"7.2",718422,521692,686469,686681,670032,677951,658668,664728,598265,"53.28",,,,,,,,69,3,"4-Seam Fastball",2,5,2,5,5,2,2,5,"Standard","Standard",160,"0.011","0.018",,,,,"-0.018",,-3,-3,0.19,0.19,35,27,35,27,1,0,1,,4,1,"0.73","0.14","-0.14","53.3",,,,,
"FF","2023-04-25","99.2","0.65","6.13","Chapman, Aroldis",656896,547973,,"called_strike",,,,,8,,"R","R","L","AZ","KC","S",,,1,0,2023,"0.23","1.64",0.06763071471675672,1.948274880536426,,682998,666971,1,8,"Bot",,,,,,,-2.1714852149509736,-144.03546789082358,-9.938507501965642,3.7645644792512507,36.65521582561205,-7.252450412752049,3.55677645300536,1.65888728208453,,,,"100.5",2368,"7.3",718422,521692,686469,686681,670032,677951,658668,664728,598265,"53.16",,,,,,,,69,2,"4-Seam Fastball",2,5,2,5,5,2,2,5,"Standard","Standard",160,"0.026","-0.051",,,,,"0.051",,-3,-3,0.164,0.164,35,27,35,27,1,0,1,,4,1,"0.71","0.23","-0.23","48.6",,,,,
"FF","2023-04-25","99.2","0.83","6.05","Chapman, Aroldis",656896,547973,,"ball",,,,,12,,"R","R","L","AZ","KC","B",,,0,0,2023,"0.21","1.5",1.2292480826984264,3.4188148044925226,,682998,666971,1,8,"Bot",,,,,,,0.595501061286321,-144.4764449890371,-5.361801754371957,2.8348383217528457,33.93808416631531,-10.114553725685102,3.45810165273166,1.65888728208453,,,,"100.6",2508,"7",718422,521692,686469,686681,670032,677951,658668,664728,598265,"53.48",,,,,,,,69,1,"4-Seam Fastball",2,5,2,5,5,2,2,5,"Standard","Standard",156,"0.01","0.042",,,,,"-0.042",,-3,-3,0.154,0.154,35,27,35,27,1,0,1,,4,1,"0.81","0.21","-0.21","49.0",,,,,
"SL","2023-04-25","86.6","0.65","6.17","Chapman, Aroldis",666971,547973,"single","hit_into_play",,,,,7,"Lourdes Gurriel Jr. singles on a sharp line drive to left fielder Edward Olivares. Corbin Carroll to 2nd.","R","R","L","AZ","KC","X",7,"line_drive",1,1,2023,"-1.05","0.02",-0.3316743028940101,2.1894265225041214,,,682998,1,8,"Bot",54.48,110.59,,,,,-0.20506781336896865,-126.10655895639036,-3.341624104947755,-11.121400343003849,27.212906056132958,-31.481464688394173,3.51,1.72,239,"102",15,"87.8",2352,"7.2",718422,521692,686469,686681,670032,677951,658668,664728,598265,"53.35",0.689,0.732,"0.9",1,1,0,4,68,3,"Slider",2,5,2,5,5,2,2,5,"Standard","Standard",295,"0.064","0.432",,,,1.011,"-0.432","102.0",-3,-3,0.09,0.09,35,29,35,30,1,3,1,1,4,1,"3.03","-1.05","1.05","54.2",,,,,
"SL","2023-04-25","87.1","0.69","6.16","Chapman, Aroldis",666971,547973,,"ball",,,,,14,,"R","R","L","AZ","KC","B",,,0,1,2023,"-1.07","0.02",0.039127233542361584,1.402989869231953,,,682998,1,8,"Bot",,,,,,,0.6472675669466565,-126.69097078209018,-5.310604660142552,-11.523121331849271,28.973903760600408,-31.01852194791706,3.49098844496435,1.71889034665686,,,,"88.5",2347,"7.4",718422,521692,686469,686681,670032,677951,658668,664728,598265,"53.05",,,,,,,,68,2,"Slider",2,5,2,5,5,2,2,5,"Standard","Standard",293,"0.003","0.025",,,,,"-0.025",,-3,-3,0.087,0.087,35,29,35,30,1,3,1,1,4,1,"3.02","-1.07","1.07","58.0",,,,,
"SL","2023-04-25","87.8","0.46","6.18","Chapman, Aroldis",666971,547973,,"foul",,,,,5,,"R","R","L","AZ","KC","S",,,0,0,2023,"-0.58","0.23",0.08750599925655655,2.546544427072838,,,682998,1,8,"Bot",,,,,,,0.2951779459368528,-127.93158420071094,-3.2222456380315836,-6.416801444356617,26.78470202748355,-29.184373647887934,3.51,1.72,3,"56.2",-42,"89.5",2327,"7.3",718422,521692,686469,686681,670032,677951,658668,664728,598265,"53.17",,,,,,,,68,1,"Slider",2,5,2,5,5,2,2,5,"Standard","Standard",292,"-0.005","-0.042",,,,,"0.042","88.0",-3,-3,0.092,0.092,35,29,35,30,1,3,1,1,4,1,"2.72","-0.58","0.58","54.0",,,,,
"FS","2023-04-25","89.8","0.64","6.04","Chapman, Aroldis",572233,547973,"strikeout","foul_tip",,,,,13,"Christian Walker strikes out on a foul tip.","R","R","L","AZ","KC","S",2,,0,2,2023,"0.13","0.15",-0.8475630161982847,1.535874654661372,,,682998,0,8,"Bot",,,,,,,-4.061349419769888,-130.75254482930242,-5.643946570482569,2.378853156693043,26.950925451087283,-29.44258217367075,3.34,1.54,,,,"92.1",1047,"7.6",718422,521692,686469,686681,670032,677951,658668,664728,598265,"52.92",,0,"0",1,0,0,,67,3,"Split-Finger",2,5,2,5,5,2,2,5,"Standard","Standard",130,"-0.029","-0.156",,,,,"0.156",,-3,-3,0.121,0.121,35,32,35,32,1,3,1,1,4,1,"2.66","0.13","-0.13","50.3",,,,,
"FF","2023-04-25","98.4","0.76","6.02","Chapman, Aroldis",572233,547973,,"swinging_strike",,,,,2,,"R","R","L","AZ","KC","S",,,0,1,2023,"0.38","1.52",-0.20018764350061236,2.958995775274896,,,682998,0,8,"Bot",,,,,,,-3.5497720198496587,-143.28676658525845,-6.4779911817103795,6.011478481758914,32.04321209136793,-9.975831105165549,3.34,1.54,,,,"100.2",2499,"7.2",718422,521692,686469,686681,670032,677951,658668,664728,598265,"53.34",,,,,,,,67,2,"4-Seam Fastball",2,5,2,5,5,2,2,5,"Standard","Standard",160,"-0.012","-0.043",,,,,"0.043",,-3,-3,0.133,0.133,35,32,35,32,1,3,1,1,4,1,"0.83","0.38","-0.38","50.4",,,,,
"FF","2023-04-25","97.4","0.58","6.01","Chapman, Aroldis",572233,547973,,"foul",,,,,8,,"R","R","L","AZ","KC","S",,,0,0,2023,"0.49","1.64",-0.07095429917273921,2.01223082769853,,,682998,0,8,"Bot",,,,,,,-2.9430886416115847,-141.58855202565067,-9.110211954109406,7.313065214898516,34.20438107013765,-8.204781950562706,3.34,1.54,196,"75.8",59,"98.8",2462,"7.2",718422,521692,686469,686681,670032,677951,658668,664728,598265,"53.26",,,,,,,,67,1,"4-Seam Fastball",2,5,2,5,5,2,2,5,"Standard","Standard",158,"-0.007","-0.036",,,,,"0.036","88.0",-3,-3,0.14,0.14,35,32,35,32,1,3,1,1,4,1,"0.78","0.49","-0.49","48.4",,,,,
"FF","2023-04-24","101","0.65","5.93","Chapman, Aroldis",672695,547973,"field_out","hit_into_play",,,,,7,"Geraldo Perdomo grounds out, third baseman Nicky Lopez to first baseman Vinnie Pasquantino.","R","R","L","AZ","KC","X",5,"ground_ball",0,2,2023,"0.25","1.4",-0.7270171300452488,2.0346573646512818,672515,605113,,2,8,"Bot",112.73,169.88,,,,,-4.511019771962074,-146.8550283002919,-8.973748030363417,4.730178039722348,34.8024473191594,-9.91721273972752,3.35,1.6,2,"74.6",-44,"102.4",2512,"7.1",718438,521692,686469,686681,670032,677951,658668,664728,598265,"53.41",0.112,0.109,"0",1,0,0,2,75,5,"4-Seam Fastball",5,4,5,4,4,5,5,4,"Standard","Standard",153,"-0.021","-0.178",,,,0.112,"0.178","88.0",1,1,0.856,0.856,35,23,35,24,1,4,2,1,1,1,"0.83","0.25","-0.25","44.4",,,,,
"FF","2023-04-24","102.7","0.57","5.93","Chapman, Aroldis",672695,547973,,"foul",,,,,2,,"R","R","L","AZ","KC","S",,,0,2,2023,"0.49","1.53",-0.016197648563273048,3.226947556708498,672515,605113,,2,8,"Bot",,,,,,,-2.886442874733242,-149.46841974847587,-6.214808519461216,8.034508808219318,34.99780131873623,-7.930670990323356,3.35,1.6,177,"84.3",13,"104.3",2606,"7.1",718438,521692,686469,686681,670032,677951,658668,664728,598265,"53.44",,,,,,,,75,4,"4-Seam Fastball",5,4,5,4,4,5,5,4,"Standard","Standard",154,"0","0",,,,,"0","88.0",1,1,0.856,0.856,35,23,35,24,1,4,2,1,1,1,"0.63","0.49","-0.49","45.4",,,,,
"FF","2023-04-24","102.5","0.62","6.03","Chapman, Aroldis",672695,547973,,"foul",,,,,2,,"R","R","L","AZ","KC","S",,,0,2,2023,"0.27","1.52",0.08772405065203998,3.2235515030387436,672515,605113,,2,8,"Bot",,,,,,,-2.212756595144026,-149.11488578160188,-6.4391227855762585,4.627421103753163,36.99788305348328,-8.162705889402956,3.35,1.6,265,"82.6",38,"104",2515,"7.2",718438,521692,686469,686681,670032,677951,658668,664728,598265,"53.33",,,,,,,,75,3,"4-Seam Fastball",5,4,5,4,4,5,5,4,"Standard","Standard",161,"0","0",,,,,"0","88.0",1,1,0.856,0.856,35,23,35,24,1,4,2,1,1,1,"0.66","0.27","-0.27","47.3",,,,,
"FF","2023-04-24","101.2","0.55","6.01","Chapman, Aroldis",672695,547973,,"foul",,,,,4,,"R","R","L","AZ","KC","S",,,0,1,2023,"0.26","1.57",-0.4035041748790264,2.775262853547223,672515,605113,,2,8,"Bot",,,,,,,-3.3259435909116144,-147.22686356587704,-7.578207563298645,4.585560676491166,35.48858681054432,-7.708153903830716,3.35,1.6,211,"69.1",39,"102.8",2549,"7.2",718438,521692,686469,686681,670032,677951,658668,664728,598265,"53.31",,,,,,,,75,2,"4-Seam Fastball",5,4,5,4,4,5,5,4,"Standard","Standard",154,"-0.009","-0.075",,,,,"0.075","88.0",1,1,0.865,0.865,35,23,35,24,1,4,2,1,1,1,"0.66","0.26","-0.26","46.6",,,,,
"SL","2023-04-24","89.1","0.74","6","Chapman, Aroldis",664983,547973,"strikeout","swinging_strike",,,,,13,"Jake McCarthy strikes out swinging.","R","L","L","AZ","KC","S",2,,0,2,2023,"-1.06","-0.05",-0.22506420430748975,1.1596504487451762,672515,605113,,1,8,"Bot",,,,,,,-0.13777351768745427,-129.5885874856989,-5.806862970364656,-11.843879079635736,29.24595163701335,-31.61703964619258,3.37,1.65,,,,"90.6",2585,"7.4",718438,521692,686469,686681,670032,677951,658668,664728,598265,"53.11",,0,"0",1,0,0,,74,3,"Slider",5,4,5,4,4,5,5,4,"Strategic","Standard",299,"-0.029","-0.318",,,,,"0.318",,1,1,0.899,0.899,35,25,35,26,1,3,2,1,1,32,"2.94","-1.06","-1.06","47.8",,,,,
"SL","2023-04-24","89.5","0.67","6.01","Chapman, Aroldis",664983,547973,,"foul_tip",,,,,4,,"R","L","L","AZ","KC","S",,,0,1,2023,"-0.68","0.31",-0.6562175063793309,2.6269341245735958,672515,605113,,1,8,"Bot",,,,,,,-1.8737093984936677,-130.27500479773875,-3.040898536344206,-7.290994397875969,28.239996408730835,-28.21535142101785,3.37,1.65,,,,"91.2",2488,"7.4",718438,521692,686469,686681,670032,677951,658668,664728,598265,"53.12",,,,,,,,74,2,"Slider",5,4,5,4,4,5,5,4,"Strategic","Standard",285,"-0.012","-0.072",,,,,"0.072",,1,1,0.911,0.911,35,25,35,26,1,3,2,1,1,32,"2.54","-0.68","-0.68","48.3",,,,,
"FF","2023-04-24","99.8","0.89","5.92","Chapman, Aroldis",664983,547973,,"foul_tip",,,,,2,,"R","L","L","AZ","KC","S",,,0,0,2023,"0.43","1.59",0.22512613094442246,3.4774128567950875,672515,605113,,1,8,"Bot",,,,,,,-2.8787948988872922,-145.30897327862328,-5.1575534276177315,6.716808417327663,35.8296042147056,-8.641964193130812,3.37,1.65,,,,"101.3",2505,"7.2",718438,521692,686469,686681,670032,677951,658668,664728,598265,"53.29",,,,,,,,74,1,"4-Seam Fastball",5,4,5,4,4,5,5,4,"Strategic","Standard",153,"-0.007","-0.038",,,,,"0.038",,1,1,0.918,0.918,35,25,35,26,1,3,2,1,1,32,"0.7","0.43","0.43","42.6",,,,,
"SL","2023-04-24","89.2","0.51","6.15","Chapman, Aroldis",605113,547973,"fielders_choice","hit_into_play",,,,,1,"Nick Ahmed reaches on a fielder's choice, fielded by first baseman Vinnie Pasquantino. Christian Walker scores. Gabriel Moreno to 3rd. Nick Ahmed to 2nd. Throwing error by first baseman Vinnie Pasquantino.","R","R","L","AZ","KC","X",3,"ground_ball",1,2,2023,"-0.58","0.52",-0.6625949104521625,3.127146409930537,572233,,672515,1,8,"Bot",141.58,182.57,,,,,-1.6946931793544309,-130.05094709954835,-2.6112765451937348,-6.261739600316294,26.02607559639434,-25.906073653709417,3.6,1.77,5,"30.4",-34,"91.4",2408,"7.4",718438,521692,686469,686681,670032,677951,658668,664728,598265,"53.1",0.324,0.297,"0.9",1,0,0,1,73,4,"Slider",4,4,4,4,4,5,5,4,"Standard","Standard",276,"0.21","0.61",,,,0.326,"-0.61","88.0",0,0,0.708,0.708,35,33,35,33,1,0,2,1,1,2,"2.32","-0.58","0.58","53.4",,,,,
"FF","2023-04-24","100.8","0.74","6","Chapman, Aroldis",605113,547973,,"ball",,,,,12,,"R","R","L","AZ","KC","B",,,0,2,2023,"0.42","1.56",1.0025442677587746,3.17983666487446,572233,,672515,1,8,"Bot",,,,,,,-0.2560495998519978,-146.82247856767762,-6.349038716495596,6.111858887826718,33.967345402793924,-8.23490435737974,3.57271710018818,1.813143679052,,,,"102.4",2536,"7",718438,521692,686469,686681,670032,677951,658668,664728,598265,"53.46",,,,,,,,73,3,"4-Seam Fastball",4,4,4,4,4,4,4,4,"Standard","Standard",155,"0.015","0.002",,,,,"-0.002",,0,0,0.693,0.693,35,33,35,33,1,0,2,1,1,2,"0.67","0.42","-0.42","46.8",,,,,
"FF","2023-04-24","100.4","0.75","6.05","Chapman, Aroldis",605113,547973,,"foul",,,,,2,,"R","R","L","AZ","KC","S",,,0,1,2023,"0.2","1.52",-0.22379979019022733,3.419850738967865,572233,,672515,1,8,"Bot",,,,,,,-3.2090073289479006,-146.10459017878375,-5.585077942004101,3.6242568363895398,37.310421023589505,-9.295911518048925,3.6,1.77,243,"74.5",50,"101.9",2490,"7.3",718438,521692,686469,686681,670032,677951,658668,664728,598265,"53.23",,,,,,,,73,2,"4-Seam Fastball",4,4,4,4,4,4,4,4,"Standard","Standard",158,"-0.036","-0.065",,,,,"0.065","88.0",0,0,0.729,0.729,35,33,35,33,1,0,2,1,1,2,"0.75","0.2","-0.2","49.2",,,,,
"FF","2023-04-24","100.1","0.76","6.03","Chapman, Aroldis",605113,547973,,"foul",,,,,8,,"R","R","L","AZ","KC","S",,,0,0,2023,"0.67","1.2",0.1592599242066649,1.674385460581397,572233,,672515,1,8,"Bot",,,,,,,-3.293623571196168,-145.4666779169247,-9.60798696621943,10.312600571172093,34.87786900245702,-13.093082341059901,3.6,1.77,245,"72.9",38,"101.5",2539,"7.2",718438,521692,686469,686681,670032,677951,658668,664728,598265,"53.32",,,,,,,,73,1,"4-Seam Fastball",4,4,4,4,4,4,4,4,"Standard","Standard",157,"-0.022","-0.044",,,,,"0.044","88.0",0,0,0.751,0.751,35,33,35,33,1,0,2,1,1,2,"1.09","0.67","-0.67","48.6",,,,,
"SI","2023-04-24","100.2","0.83","5.87","Chapman, Aroldis",672515,547973,"single","hit_into_play",,,,,2,"Gabriel Moreno singles on a line drive to center fielder Kyle Isbel. Christian Walker to 3rd.","R","R","L","AZ","KC","X",8,"line_drive",0,2,2023,"1.11","1.23",0.05743508736050573,3.1759026866704057,,,572233,1,8,"Bot",147.77,97.56,,,,,-4.820630388678975,-145.8693981830358,-5.032107426660896,16.955235173699542,34.77624611141248,-13.670785981907104,3.3,1.53,260,"99",11,"101.5",2528,"7",718438,521692,686469,686681,670032,677951,658668,664728,598265,"53.5",0.874,0.824,"0.9",1,1,0,4,72,3,"Sinker",4,4,4,4,4,4,4,4,"Standard","Standard",152,"0.166","0.51",,,,1.018,"-0.51","99.0",0,0,0.585,0.585,35,23,35,23,1,3,2,1,1,1,"1.04","1.11","-1.11","47.2",,,,,
"SL","2023-04-24","88.8","0.54","6.1","Chapman, Aroldis",672515,547973,,"called_strike",,,,,6,,"R","R","L","AZ","KC","S",,,0,1,2023,"-0.63","0.17",0.42169169009199714,2.769685628210764,,,572233,1,8,"Bot",,,,,,,1.0413352766560566,-129.37601530217668,-2.5166587830458145,-7.276471357928033,26.46378627464405,-29.97700474967913,3.40755939283741,1.54999233538604,,,,"90.8",2351,"7.4",718438,521692,686469,686681,670032,677951,658668,664728,598265,"53.13",,,,,,,,72,2,"Slider",4,4,4,4,4,4,4,4,"Standard","Standard",273,"-0.014","-0.053",,,,,"0.053",,0,0,0.599,0.599,35,23,35,23,1,3,2,1,1,1,"2.71","-0.63","0.63","54.0",,,,,
"FF","2023-04-24","98.1","0.78","5.98","Chapman, Aroldis",672515,547973,,"called_strike",,,,,11,,"R","R","L","AZ","KC","S",,,0,0,2023,"0.28","1.47",-0.8789469887598383,2.5435646139055588,,,572233,1,8,"Bot",,,,,,,-5.2174568687967176,-142.57959843572692,-7.309869276205103,5.073357417551757,33.523306555304615,-10.613776417574947,3.34007239399602,1.52733631588685,,,,"99.5",2537,"7.2",718438,521692,686469,686681,670032,677951,658668,664728,598265,"53.35",,,,,,,,72,1,"4-Seam Fastball",4,4,4,4,4,4,4,4,"Standard","Standard",158,"-0.009","-0.042",,,,,"0.042",,0,0,0.608,0.608,35,23,35,23,1,3,2,1,1,1,"0.91","0.28","-0.28","45.8",,,,,
,"2023-04-24",,,,"Chapman, Aroldis",672695,547973,,"automatic_strike",,,,,,,"R","R","L","AZ","KC","S",,,0,0,2023,,,,,672515,605113,,2,8,"Bot",,,,,,,,,,,,,,,,,,,,,718438,521692,686469,686681,670032,677951,658668,664728,598265,,,,,,,,,75,1,,5,4,5,4,4,5,5,4,,,,"-0.005",,,,,,,,1,1,0.87,0.87,35,23,35,24,1,4,2,1,1,1,,,,,,,,,
"FF","2023-04-16","99.4","0.88","5.92","Chapman, Aroldis",669221,547973,"strikeout","called_strike",,,,,7,"Sean Murphy called out on strikes.","R","R","L","KC","ATL","S",2,,2,2,2023,"0.39","1.48",-0.44934803380590926,1.7621736913382104,660670,,663586,2,8,"Top",,,,,,,-4.620915806395479,-144.57578865007545,-9.602754089956042,6.538447576978439,29.738501200765217,-9.466222579070756,3.21395808201531,1.65691171426539,,,,"100.9",2617,"6.9",718551,669004,686469,670032,622110,677951,614177,664728,658668,"53.61",,0,"0",1,0,0,,62,5,"4-Seam Fastball",4,4,4,4,4,4,4,4,"Standard","Standard",162,"0.092","-0.241",,,,,"0.241",,0,0,0.516,0.484,35,28,35,29,1,3,5,1,3,1,"0.81","0.39","-0.39","46.2",,,,,
"SL","2023-04-16","84.9","0.52","6.02","Chapman, Aroldis",669221,547973,,"foul",,,,,12,,"R","R","L","KC","ATL","S",,,2,1,2023,"-0.65","0.57",0.17799324259199856,3.653833575600081,660670,,663586,2,8,"Top",,,,,,,0.5101401375710082,-123.7252622712378,-0.3460171053421446,-6.795600792071492,25.488906595000504,-26.489462070926734,3.42,1.66,75,"78.7",83,"86.1",2358,"7.1",718551,669004,686469,670032,622110,677951,614177,664728,658668,"53.44",,,,,,,,62,4,"Slider",4,4,4,4,4,4,4,4,"Standard","Standard",288,"0.02","-0.081",,,,,"0.081","88.0",0,0,0.496,0.504,35,28,35,29,1,3,5,1,3,1,"2.59","-0.65","0.65","51.4",,,,,
"FF","2023-04-16","98.6","0.64","5.92","Chapman, Aroldis",669221,547973,,"ball",,,,,13,,"R","R","L","KC","ATL","B",,,1,1,2023,"0.03","1.51",-1.201568947037376,1.6380208593246575,660670,,663586,2,8,"Top",,,,,,,-5.1453242098573915,-143.36350834516278,-9.899953711411873,1.4032505663721286,28.396776916861725,-9.270675933643712,3.2720392622159,1.65691171426539,,,,"100.6",2485,"7.1",718551,669004,686469,670032,622110,677951,614177,664728,658668,"53.4",,,,,,,,62,3,"4-Seam Fastball",4,4,4,4,4,4,4,4,"Standard","Standard",162,"-0.009","0.031",,,,,"-0.031",,0,0,0.505,0.495,35,28,35,29,1,3,5,1,3,1,"0.81","0.03","-0.03","44.5",,,,,
"SL","2023-04-16","85.3","0.68","6.12","Chapman, Aroldis",669221,547973,,"called_strike",,,,,5,,"R","R","L","KC","ATL","S",,,1,0,2023,"-0.8","-0.04",0.1290503567803314,2.5243452986403865,660670,,663586,2,8,"Top",,,,,,,0.3330343955683315,-124.35464583384045,-2.181016630735826,-8.479270016714219,21.66343079928481,-32.44734510449129,3.30108130960178,1.65691171426539,,,,"87.2",2344,"7.1",718551,669004,686469,670032,622110,677951,614177,664728,658668,"53.41",,,,,,,,62,2,"Slider",4,4,4,4,4,4,4,4,"Standard","Standard",296,"0.009","-0.055",,,,,"0.055",,0,0,0.496,0.504,35,28,35,29,1,3,5,1,3,1,"3.13","-0.8","0.8","51.4",,,,,
"FF","2023-04-16","99","0.69","5.91","Chapman, Aroldis",669221,547973,,"blocked_ball",,,,,13,,"R","R","L","KC","ATL","B",,,0,0,2023,"0.37","1.71",-1.0771599410047776,0.614294063211237,660670,,663586,2,8,"Top",,,,,,,-5.77497695064028,-143.50122900805087,-13.13679367044598,6.545331853932899,34.97435056272553,-5.616215708640853,3.30108130960178,1.65691171426539,,,,"100.1",2577,"7.2",718551,669004,686469,670032,622110,677951,614177,664728,658668,"53.26",,,,,,,,62,1,"4-Seam Fastball",4,4,4,4,4,4,4,4,"Standard","Standard",169,"-0.004","0.042",,,,,"-0.042",,0,0,0.5,0.5,35,28,35,29,1,3,5,1,3,1,"0.64","0.37","-0.37","49.0",,,,,
"SL","2023-04-16","87.2","0.8","5.98","Chapman, Aroldis",663586,547973,"walk","ball",,,,,14,"Austin Riley walks.","R","R","L","KC","ATL","B",,,3,1,2023,"-0.62","0.24",1.0587084462058145,2.300515748657185,660670,,,2,8,"Top",,,,,,,1.930066433481231,-127.1204280729543,-3.363402594275615,-7.169166791862603,20.91540370012029,-29.187765855645686,3.24491957376947,1.676916663751,,,,"89.5",2419,"7.2",718551,669004,686469,670032,622110,677951,614177,664728,658668,"53.31",,0.695903,"0.7",1,0,0,,61,5,"Slider",4,4,4,4,4,4,4,4,"Standard","Standard",285,"-0.01","0.089",,,,,"-0.089",,0,0,0.51,0.49,35,26,35,26,1,3,5,1,3,1,"2.7","-0.62","0.62","47.7",,,,,
"FF","2023-04-16","99","0.8","5.98","Chapman, Aroldis",663586,547973,,"ball",,,,,13,,"R","R","L","KC","ATL","B",,,2,1,2023,"0.11","1.47",-1.4771276550335875,2.3072331071363976,660670,,,2,8,"Top",,,,,,,-6.562275796088943,-144.04702331527142,-8.179671822765636,2.856911222882158,29.901123045926596,-10.03540386244067,3.30300282682462,1.676916663751,,,,"100.8",2606,"7.1",718551,669004,686469,670032,622110,677951,614177,664728,658668,"53.44",,,,,,,,61,4,"4-Seam Fastball",4,4,4,4,4,4,4,4,"Standard","Standard",172,"-0.004","0.052",,,,,"-0.052",,0,0,0.514,0.486,35,26,35,26,1,3,5,1,3,1,"0.84","0.11","-0.11","46.6",,,,,
"FF","2023-04-16","99","0.92","5.97","Chapman, Aroldis",663586,547973,,"swinging_strike",,,,,6,,"R","R","L","KC","ATL","S",,,2,0,2023,"0.77","1.75",0.3327944323554195,2.7381666996048066,660670,,,2,8,"Top",,,,,,,-3.4341811658563186,-144.04417005376396,-7.559227763296532,11.470045153614574,34.19963944101827,-6.244087416838665,3.48,1.68,,,,"100.3",2649,"7",718551,669004,686469,670032,622110,677951,614177,664728,658668,"53.46",,,,,,,,61,3,"4-Seam Fastball",4,4,4,4,4,4,4,4,"Standard","Standard",162,"0.003","-0.037",,,,,"0.037",,0,0,0.511,0.489,35,26,35,26,1,3,5,1,3,1,"0.58","0.77","-0.77","43.4",,,,,
"FS","2023-04-16","88.8","0.91","5.88","Chapman, Aroldis",663586,547973,,"ball",,,,,14,,"R","R","L","KC","ATL","B",,,1,0,2023,"0.29","0.26",1.1515092621298422,2.4173469559306637,660670,,,2,8,"Top",,,,,,,-0.02436413299978689,-129.49601644729395,-3.1104281021590703,3.328830502354867,24.014814523235593,-28.85982833299257,3.30300282682462,1.676916663751,,,,"91.3",1101,"7.5",718551,669004,686469,670032,622110,677951,614177,664728,658668,"53.04",,,,,,,,61,2,"Split-Finger",4,4,4,4,4,4,4,4,"Standard","Standard",185,"-0.003","0.041",,,,,"-0.041",,0,0,0.514,0.486,35,26,35,26,1,3,5,1,3,1,"2.59","0.29","-0.29","44.6",,,,,
"FF","2023-04-16","100.4","0.67","5.93","Chapman, Aroldis",663586,547973,,"ball",,,,,7,,"R","R","L","KC","ATL","B",,,0,0,2023,"0.58","1.51",-0.5850919333477821,1.6635296625567606,660670,,,2,8,"Top",,,,,,,-4.920569498905132,-145.96937737888769,-10.228079469156445,9.367535466746643,30.821673560703065,-8.404996194972888,3.38559913235907,1.55616779172148,,,,"102.3",2585,"7.1",718551,669004,686469,670032,622110,677951,614177,664728,658668,"53.36",,,,,,,,61,1,"4-Seam Fastball",4,4,4,4,4,4,4,4,"Standard","Standard",167,"-0.002","0.028",,,,,"-0.028",,0,0,0.516,0.484,35,26,35,26,1,3,5,1,3,1,"0.74","0.58","-0.58","47.5",,,,,
"FF","2023-04-16","99.4","0.82","5.87","Chapman, Aroldis",621566,547973,"strikeout","swinging_strike",,,,,13,"Matt Olson strikes out swinging.","R","L","L","KC","ATL","S",2,,2,2,2023,"0.21","1.44",-0.8924525830872638,2.0841292473972963,660670,,,1,8,"Top",,,,,,,-5.257630236305535,-144.62179169454367,-8.51637994675891,3.9824115245821603,29.354855799132128,-10.253952601251711,3.43,1.68,,,,"101.4",2565,"7.1",718551,669004,686469,670032,622110,677951,614177,664728,658668,"53.39",,0,"0",1,0,0,,60,5,"4-Seam Fastball",4,4,4,4,4,4,4,4,"Strategic","Standard",160,"0.121","-0.321",,,,,"0.321",,0,0,0.395,0.605,35,29,35,29,1,3,5,1,3,1,"0.85","0.21","0.21","43.2",,,,,
"SL","2023-04-16","87.7","0.89","6.03","Chapman, Aroldis",621566,547973,,"called_strike",,,,,6,,"R","L","L","KC","ATL","S",,,2,1,2023,"-0.78","0.15",0.38109793780285794,2.196396711696528,660670,,,1,8,"Top",,,,,,,0.37779882354726263,-127.84691884128664,-3.545106312838162,-8.634890480953471,25.053012157407895,-30.031824870776635,3.28204096886638,1.676916663751,,,,"89.6",2488,"7.2",718551,669004,686469,670032,622110,677951,614177,664728,658668,"53.27",,,,,,,,60,4,"Slider",4,4,4,4,4,4,4,4,"Strategic","Standard",278,"0.023","-0.103",,,,,"0.103",,0,0,0.372,0.628,35,29,35,29,1,3,5,1,3,1,"2.79","-0.78","-0.78","49.4",,,,,
"FF","2023-04-16","98.1","0.89","5.85","Chapman, Aroldis",621566,547973,,"swinging_strike",,,,,8,,"R","L","L","KC","ATL","S",,,2,0,2023,"0.74","1.63",0.25252459730510946,1.923020530054869,660670,,,1,8,"Top",,,,,,,-3.475477082265132,-142.59581292150807,-9.030532712389668,10.856853080216961,32.72129758668661,-8.040711674275016,3.43,1.68,,,,"99.6",2597,"7.2",718551,669004,686469,670032,622110,677951,614177,664728,658668,"53.34",,,,,,,,60,3,"4-Seam Fastball",4,4,4,4,4,4,4,4,"Strategic","Standard",163,"0.003","-0.09",,,,,"0.09",,0,0,0.369,0.631,35,29,35,29,1,3,5,1,3,1,"0.74","0.74","0.74","44.3",,,,,
"FF","2023-04-16","99.1","0.82","5.9","Chapman, Aroldis",621566,547973,,"ball",,,,,13,,"R","L","L","KC","ATL","B",,,1,0,2023,"0.26","1.52",-0.4666611669579257,1.7182315516827318,,660670,,1,8,"Top",,,,,,,-4.1891748783497,-144.13262995458254,-9.729492371396173,4.551689908214708,30.868527465315953,-8.958160013327763,4.15371409616376,2.02496072587053,,,,"101",2538,"7.2",718551,669004,686469,670032,622110,677951,614177,664728,658668,"53.31",,,,,,,,60,2,"4-Seam Fastball",4,4,4,4,4,4,4,4,"Strategic","Standard",162,"-0.082","0.036",,,,,"-0.036",,0,0,0.451,0.5489999999999999,35,29,35,29,1,3,5,1,3,1,"0.79","0.26","0.26","44.1",,,,,
"FF","2023-04-16","99","1","5.88","Chapman, Aroldis",621566,547973,,"ball",,,,,11,,"R","L","L","KC","ATL","B",,,0,0,2023,"0.41","1.58",-1.1784279376922218,2.558961908068677,,660670,,1,8,"Top",,,,,,,-7.025264925100721,-143.93375822174286,-7.433532048924331,7.321787195212298,34.04710697527208,-8.589255451259776,3.42726246854569,1.676916663751,,,,"100.5",2644,"7.2",718551,669004,686469,670032,622110,677951,614177,664728,658668,"53.3",,,,,,,,60,1,"4-Seam Fastball",4,4,4,4,4,4,4,4,"Standard","Standard",162,"-0.003","0.034",,,,,"-0.034",,0,0,0.454,0.546,35,29,35,29,1,3,5,1,3,1,"0.75","0.41","0.41","42.2",,,,,
"SI","2023-04-07","102.1","0.83","6.03","Chapman, Aroldis",681584,547973,"field_out","hit_into_play",,,,,2,"David Villar lines out to center fielder Kyle Isbel.","R","R","L","SF","KC","X",8,"line_drive",0,2,2023,"0.99","1.05",-0.04190052239204778,3.0902715108485332,,,605204,2,8,"Bot",159.66,78.68,,,,,-4.917389008904178,-148.58341770451662,-5.6166228458074166,15.885561926470578,35.592542408089585,-15.41412936895811,3.34,1.63,311,"99.9",16,"103.4",2617,"7",718680,521692,641531,670032,622110,677951,598265,664728,669004,"53.52",0.6,0.641,"0",1,0,0,4,62,3,"Sinker",1,3,1,3,3,1,1,3,"Standard","Standard",173,"-0.026","-0.186",,,,0.899,"0.186","99.9",-2,-2,0.102,0.102,35,26,35,26,1,3,3,1,1,1,"1.13","0.99","-0.99","47.0",,,,,
"FF","2023-04-07","100","0.71","6.1","Chapman, Aroldis",681584,547973,,"swinging_strike",,,,,5,,"R","R","L","SF","KC","S",,,0,1,2023,"0.34","1.58",-0.18319362817387752,2.569752792843086,,,605204,2,8,"Bot",,,,,,,-3.319524091160731,-145.53113963801758,-8.20963632066539,5.6368480104870216,33.183353713920994,-8.039216100627828,3.34,1.63,,,,"101.6",2541,"7.1",718680,521692,641531,670032,622110,677951,598265,664728,669004,"53.43",,,,,,,,62,2,"4-Seam Fastball",1,3,1,3,3,1,1,3,"Infield shade","Standard",156,"-0.011","-0.055",,,,,"0.055",,-2,-2,0.113,0.113,35,26,35,26,1,3,3,1,1,1,"0.7","0.34","-0.34","45.5",,,,,
"FF","2023-04-07","100.8","1.03","6.03","Chapman, Aroldis",681584,547973,,"called_strike",,,,,7,,"R","R","L","SF","KC","S",,,0,0,2023,"0.05","1.57",-0.3726978120178547,1.9813167693303912,,,605204,2,8,"Bot",,,,,,,-4.076315022066008,-146.59823379212014,-9.808012420663555,1.6267710044584751,33.51242377913424,-7.467154353073702,3.42237658980929,1.60073523052894,,,,"102.4",2683,"7.1",718680,521692,641531,670032,622110,677951,598265,664728,669004,"53.38",,,,,,,,62,1,"4-Seam Fastball",1,3,1,3,3,1,1,3,"Standard","Standard",169,"-0.006","-0.045",,,,,"0.045",,-2,-2,0.119,0.119,35,26,35,26,1,3,3,1,1,1,"0.67","0.05","-0.05","43.4",,,,,
"SL","2023-04-07","88.4","0.68","6.17","Chapman, Aroldis",624424,547973,"strikeout","swinging_strike",,,,,4,"Michael Conforto strikes out swinging.","R","L","L","SF","KC","S",2,,1,2,2023,"-1.06","0.25",-0.4200013546991139,2.093559212485718,,,605204,1,8,"Bot",,,,,,,-0.4602807565548658,-128.69062278615147,-4.436930533324022,-11.694723170251837,27.22401915749649,-28.659959417962117,3.14,1.49,,,,"90.1",2495,"7.3",718680,521692,641531,670032,622110,677951,598265,664728,669004,"53.18",,0,"0",1,0,0,,61,4,"Slider",1,3,1,3,3,1,1,3,"Standard","Standard",287,"-0.041","-0.183",,,,,"0.183",,-2,-2,0.16,0.16,35,30,35,30,1,3,3,1,1,1,"2.67","-1.06","-1.06","51.0",,,,,
"FF","2023-04-07","100.7","0.71","6","Chapman, Aroldis",624424,547973,,"blocked_ball",,,,,13,,"R","L","L","SF","KC","B",,,0,2,2023,"0.38","1.6",-2.2169639769220386,0.42542909342266094,,,605204,1,8,"Bot",,,,,,,-9.142906292841,-145.71815474209328,-14.057873622788453,7.6443244589718855,34.81595311832058,-6.097876760629236,3.13633866185141,1.48416072389158,,,,"101.7",2725,"7.2",718680,521692,641531,670032,622110,677951,598265,664728,669004,"53.35",,,,,,,,61,3,"4-Seam Fastball",1,3,1,3,3,1,1,3,"Standard","Standard",161,"0.006","0.023",,,,,"-0.023",,-2,-2,0.154,0.154,35,30,35,30,1,3,3,1,1,1,"0.67","0.38","0.38","44.5",,,,,
"SL","2023-04-07","90","0.63","6.07","Chapman, Aroldis",624424,547973,,"swinging_strike",,,,,13,,"R","L","L","SF","KC","S",,,0,1,2023,"-0.7","0.45",-0.5433792970256995,1.1755432733280609,,,605204,1,8,"Bot",,,,,,,-1.4331053380477634,-130.87329672436175,-7.177774786075775,-7.686386428668941,30.710095619623146,-25.60499599383007,3.14,1.49,,,,"91.2",2741,"7.3",718680,521692,641531,670032,622110,677951,598265,664728,669004,"53.17",,,,,,,,61,2,"Slider",1,3,1,3,3,1,1,3,"Standard","Standard",273,"-0.015","-0.053",,,,,"0.053",,-2,-2,0.169,0.169,35,30,35,30,1,3,3,1,1,1,"2.39","-0.7","-0.7","49.6",,,,,
"SL","2023-04-07","88.9","0.67","6.13","Chapman, Aroldis",624424,547973,,"called_strike",,,,,1,,"R","L","L","SF","KC","S",,,0,0,2023,"-0.44","0.91",-0.5322923636577925,2.818357796992978,,,605204,1,8,"Bot",,,,,,,-2.0597975440319476,-129.5196840448258,-4.043277655942446,-4.460759597665319,27.62478038852643,-21.284851465874638,3.07708531467832,1.30908859112786,,,,"90.5",2540,"7.2",718680,521692,641531,670032,622110,677951,598265,664728,669004,"53.27",,,,,,,,61,1,"Slider",1,3,1,3,3,1,1,3,"Standard","Standard",257,"-0.009","-0.042",,,,,"0.042",,-2,-2,0.178,0.178,35,30,35,30,1,3,3,1,1,1,"1.97","-0.44","-0.44","53.9",,,,,
"SI","2023-04-04","101.6","0.66","6.07","Chapman, Aroldis",665489,547973,"field_out","hit_into_play",,,,,3,"Vladimir Guerrero Jr. flies out to right fielder Nate Eaton.","R","R","L","KC","TOR","X",9,"fly_ball",0,2,2023,"0.94","1.22",0.37970101321920047,3.253147021802036,543807,,,2,9,"Top",203.66,90.46,,,,,-3.087934225875689,-147.82341101809925,-5.558149301965147,14.478584118752547,36.17292931482832,-13.240798949074403,3.59,1.69,329,"97.9",48,"102.8",2455,"7",718708,521692,686469,670032,622110,677951,658668,598265,681987,"53.48",0.013,0.014,"0",1,0,0,3,67,3,"Sinker",1,4,4,1,4,1,4,1,"Standard","Strategic",159,"0.005","-0.206",,,,0.022,"0.206","97.9",-3,3,0.038,0.962,35,24,35,24,1,4,3,1,3,1,"1","0.94","-0.94","45.7",,,,,
"FF","2023-04-04","102.2","0.68","6.02","Chapman, Aroldis",665489,547973,,"called_strike",,,,,4,,"R","R","L","KC","TOR","S",,,0,1,2023,"0.67","1.3",-0.45160315621823455,2.5310572225300865,543807,,,2,9,"Top",,,,,,,-4.902732183217264,-148.7067972826966,-7.844113966240687,11.147177862293605,33.77397377690206,-11.274380896366342,3.52721386357548,1.68489760831946,,,,"104",2497,"7.1",718708,521692,686469,670032,622110,677951,658668,598265,681987,"53.38",,,,,,,,67,2,"4-Seam Fastball",1,4,4,1,4,1,4,1,"Standard","Strategic",152,"0.002","-0.051",,,,,"0.051",,-3,3,0.036,0.964,35,24,35,24,1,4,3,1,3,1,"0.88","0.67","-0.67","46.1",,,,,
"FF","2023-04-04","101.3","0.92","6.05","Chapman, Aroldis",665489,547973,,"called_strike",,,,,5,,"R","R","L","KC","TOR","S",,,0,0,2023,"0.21","1.29",0.022856361552818616,2.6276672159626537,543807,,,2,9,"Top",,,,,,,-3.060501082855195,-147.40416960814878,-7.491810469730552,3.7604069366966804,32.52578020223222,-11.730257031537315,3.58505435184623,1.68489760831946,,,,"103.2",2494,"7.2",718708,521692,686469,670032,622110,677951,658668,598265,681987,"53.34",,,,,,,,67,1,"4-Seam Fastball",1,4,4,1,4,1,4,1,"Standard","Strategic",152,"0.001","-0.036",,,,,"0.036",,-3,3,0.035,0.965,35,24,35,24,1,4,3,1,3,1,"0.91","0.21","-0.21","44.9",,,,,
"SI","2023-04-04","102.6","0.88","6.12","Chapman, Aroldis",666182,547973,"strikeout","swinging_strike",,,,,14,"Bo Bichette strikes out swinging. George Springer steals (2) 3rd base.","R","R","L","KC","TOR","S",2,,0,2,2023,"0.97","1.17",1.1666427982158218,2.5744512084445943,,543807,,1,9,"Top",,,,,,,-1.5863662983958664,-149.3474066044695,-7.742682518696338,14.983797409920776,35.36131265195539,-13.026571790961018,3.6,1.67,,,,"104.3",2549,"7.2",718708,521692,686469,670032,622110,677951,658668,598265,681987,"53.35",,0,"0",1,0,0,,66,5,"Sinker",1,4,4,1,4,1,4,1,"Standard","Standard",159,"0.002","-0.19",,,,,"0.19",,-3,3,0.033,0.967,35,25,35,25,1,4,3,1,3,1,"0.99","0.97","-0.97","44.4",,,,,
"SI","2023-04-04","103.5","0.7","5.9","Chapman, Aroldis",666182,547973,,"foul",,,,,4,,"R","R","L","KC","TOR","S",,,0,2,2023,"0.94","1.11",-0.4028829509929208,2.6893440505031863,,543807,,1,9,"Top",,,,,,,-5.561437049956719,-150.3954888717372,-6.714021160431915,15.60968806853568,44.09205353823849,-13.800371451607072,3.6,1.67,173,"78.6",16,"104.9",2383,"7.6",718708,521692,686469,670032,622110,677951,658668,598265,681987,"52.9",,,,,,,,66,4,"Sinker",1,4,4,1,4,1,4,1,"Standard","Standard",155,"0","0",,,,,"0","88.0",-3,3,0.033,0.967,35,25,35,25,1,4,3,1,3,1,"1.06","0.94","-0.94","45.7",,,,,
"SI","2023-04-04","102.5","1.08","5.93","Chapman, Aroldis",666182,547973,,"foul",,,,,6,,"R","R","L","KC","TOR","S",,,0,2,2023,"0.72","1.16",0.506797044828487,2.988971563419706,,543807,,1,9,"Top",,,,,,,-3.420099884816103,-149.12078836750322,-5.911687640584734,11.507039349274642,40.22217809557014,-13.713411280432481,3.59643232737705,1.66621733594828,,,,"103.7",2311,"7.2",718708,521692,686469,670032,622110,677951,658668,598265,681987,"53.27",,,,,,,,66,3,"Sinker",1,4,4,1,4,1,4,1,"Standard","Standard",148,"0","0",,,,,"0",,-3,3,0.033,0.967,35,25,35,25,1,4,3,1,3,1,"1.04","0.72","-0.72","42.4",,,,,
"SL","2023-04-04","90.4","0.77","6.08","Chapman, Aroldis",666182,547973,,"foul",,,,,4,,"R","R","L","KC","TOR","S",,,0,1,2023,"-0.5","0.86",-0.569942621792386,2.2924482869036558,,543807,,1,9,"Top",,,,,,,-2.3330533341904944,-131.5958034402891,-5.434423992512673,-5.257653631377035,27.977615059278563,-21.270659220125914,3.6,1.67,4,,-32,"92.6",2399,"7.6",718708,521692,686469,670032,622110,677951,658668,598265,681987,"52.94",,,,,,,,66,2,"Slider",1,4,4,1,4,1,4,1,"Standard","Standard",260,"0.001","-0.069",,,,,"0.069",,-3,3,0.032,0.968,35,25,35,25,1,4,3,1,3,1,"1.93","-0.5","0.5","49.8",,,,,
"SL","2023-04-04","88.1","0.82","6.13","Chapman, Aroldis",666182,547973,,"called_strike",,,,,5,,"R","R","L","KC","TOR","S",,,0,0,2023,"-0.49","0.42",0.20562511506938375,2.3104925310666866,,,543807,1,9,"Top",,,,,,,-0.49477418319063005,-128.3767794713174,-4.128086977595139,-5.2761636124803015,26.112372970885545,-26.948258348553015,3.59505518217462,1.66489516209598,,,,"89.6",2255,"7.1",718708,521692,686469,670032,622110,677951,658668,598265,681987,"53.4",,,,,,,,66,1,"Slider",1,4,4,1,4,1,4,1,"Standard","Standard",250,"-0.002","-0.042",,,,,"0.042",,-3,3,0.034,0.966,35,25,35,25,1,4,3,1,3,1,"2.51","-0.49","0.49","48.5",,,,,