"pitch_type","game_date","release_speed","release_pos_x","release_pos_z","player_name","batter","pitcher","events","description","spin_dir","spin_rate_deprecated","break_angle_deprecated","break_length_deprecated","zone","des","game_type","stand","p_throws","home_team","away_team","type","hit_location","bb_type","balls","strikes","game_year","pfx_x","pfx_z","plate_x","plate_z","on_3b","on_2b","on_1b","outs_when_up","inning","inning_topbot","hc_x","hc_y","tfs_deprecated","tfs_zulu_deprecated","umpire","sv_id","vx0","vy0","vz0","ax","ay","az","sz_top","sz_bot","hit_distance_sc","launch_speed","launch_angle","effective_speed","release_spin_rate","release_extension","game_pk","fielder_2","fielder_3","fielder_4","fielder_5","fielder_6","fielder_7","fielder_8","fielder_9","release_pos_y","estimated_ba_using_speedangle","estimated_woba_using_speedangle","woba_value","woba_denom","babip_value","iso_value","launch_speed_angle","at_bat_number","pitch_number","pitch_name","home_score","away_score","bat_score","fld_score","post_away_score","post_home_score","post_bat_score","post_fld_score","if_fielding_alignment","of_fielding_alignment","spin_axis","delta_home_win_exp","delta_run_exp","bat_speed","swing_length","miss_distance","estimated_slg_using_speedangle","delta_pitcher_run_exp","hyper_speed","home_score_diff","bat_score_diff","home_win_exp","bat_win_exp","age_pit_legacy","age_bat_legacy","age_pit","age_bat","n_thruorder_pitcher","n_priorpa_thisgame_player_at_bat","pitcher_days_since_prev_game","batter_days_since_prev_game","pitcher_days_until_next_game","batter_days_until_next_game","api_break_z_with_gravity","api_break_x_arm","api_break_x_batter_in","arm_angle","attack_angle","attack_direction","swing_path_tilt","intercept_ball_minus_batter_pos_x_inches","intercept_ball_minus_batter_pos_y_inches"
"SL","2023-10-01","82.4","-2.09","5.52","Dunning, Dane",664034,641540,"walk","ball",,,,,14,"Ty France walks. Eugenio Suarez to 3rd. Jarred Kelenic to 2nd.","R","R","R","SEA","TEX","B",,,3,2,2023,"0.22","-0.25",2.0036101999671594,1.1337934722812917,,553993,672284,1,4,"Bot",,,,,,,8.92278447676457,-119.72439122582607,-3.0011962700758072,0.5845720652524327,20.940193714444437,-34.29101510664716,3.1618344911709,1.46821912507267,,,,"83.3",2338,"6.7",716360,641680,663993,543760,673962,608369,694497,665750,666969,"53.75",,0.695903,"0.7",1,0,0,,29,7,"Slider",0,0,0,0,0,0,0,0,"Infield shade","Standard",38,"0.059","0.318",,,,,"-0.318",,0,0,0.617,0.617,28,28,29,29,2,1,4,1,6,,"3.6","-0.22","-0.22","40.2",,,,,
"SI","2023-10-01","92","-2.21","5.4","Dunning, Dane",664034,641540,,"ball",,,,,9,,"R","R","R","SEA","TEX","B",,,2,2,2023,"-1.44","0.82",0.7174843354529081,1.868646219135607,,553993,672284,1,4,"Bot",,,,,,,10.65936662622659,-133.54492810900936,-4.9479144353786735,-19.520402301608858,27.11666648536455,-21.48323918239342,3.31421908645707,1.53348637684338,,,,"93.1",2010,"7",716360,641680,663993,543760,673962,608369,694497,665750,666969,"53.55",,,,,,,,29,6,"Sinker",0,0,0,0,0,0,0,0,"Standard","Standard",217,"0.018","0.062",,,,,"-0.062",,0,0,0.599,0.599,28,28,29,29,2,1,4,1,6,,"1.88","1.44","1.44","38.9",,,,,
"SL","2023-10-01","81.2","-2.2","5.41","Dunning, Dane",664034,641540,,"blocked_ball",,,,,14,,"R","R","R","SEA","TEX","B",,,1,2,2023,"0.11","0.06",1.842249019805234,0.625028051574799,,553993,672284,1,4,"Bot",,,,,,,8.928472642152341,-118.02253212694346,-4.281121424205023,-0.5762134314428863,21.171198919424864,-30.979459458688392,3.26999924231947,1.54207249126459,,,,"82.2",2218,"6.9",716360,641680,663993,543760,673962,608369,694497,665750,666969,"53.59",,,,,,,,29,5,"Slider",0,0,0,0,0,0,0,0,"Standard","Standard",31,"0.008","0.028",,,,,"-0.028",,0,0,0.591,0.591,28,28,29,29,2,1,4,1,6,,"3.39","-0.11","-0.11","40.5",,,,,
"SI","2023-10-01","92.1","-2.25","5.37","Dunning, Dane",664034,641540,,"ball",,,,,14,,"R","R","R","SEA","TEX","B",,,0,2,2023,"-1.44","0.68",1.0341832912288902,2.1844073215272797,,553993,672284,1,4,"Bot",,,,,,,11.574505131320391,-133.66444597969806,-3.7769575468641996,-19.608295564514997,26.535837017615634,-23.395195748649446,3.28418936475614,1.52816009007924,,,,"93.4",2023,"7",716360,641680,663993,543760,673962,608369,694497,665750,666969,"53.5",,,,,,,,29,4,"Sinker",0,0,0,0,0,0,0,0,"Standard","Standard",216,"0.006","0.022",,,,,"-0.022",,0,0,0.585,0.585,28,28,29,29,2,1,4,1,6,,"2.01","1.44","1.44","38.9",,,,,
"SL","2023-10-01","80.5","-2.27","5.35","Dunning, Dane",664034,641540,,"foul",,,,,8,,"R","R","R","SEA","TEX","S",,,0,2,2023,"0.22","-0.57",0.12558879504066872,1.747975207309699,,553993,672284,1,4,"Bot",,,,,,,4.934067129454203,-117.16239154518034,-0.2328927370084981,1.1063659336547258,22.0029647545285,-37.60098666639252,3.27,1.49,3,"81.9",-32,"81.2",2313,"6.7",716360,641680,663993,543760,673962,608369,694497,665750,666969,"53.79",,,,,,,,29,3,"Slider",0,0,0,0,0,0,0,0,"Infield shade","Standard",39,"0","0","72.3","7.8",,,"0","88.0",0,0,0.585,0.585,28,28,29,29,2,1,4,1,6,,"4.08","-0.22","-0.22","40.2",13.997366819533974,1.0053505202359756,36.91968438740534,33.5171460443646,33.10675261463043
"SL","2023-10-01","80.4","-2.28","5.47","Dunning, Dane",664034,641540,,"called_strike",,,,,1,,"R","R","R","SEA","TEX","S",,,0,1,2023,"0.19","-0.39",-0.6652271470965043,2.71640304482722,,553993,672284,1,4,"Bot",,,,,,,3.2412184949720646,-117.07323998710814,1.2716457680168933,1.2132567716628693,20.669370023255897,-36.177229060954495,3.12416913555391,1.43715066915161,,,,"81.2",2237,"6.6",716360,641680,663993,543760,673962,608369,694497,665750,666969,"53.87",,,,,,,,29,2,"Slider",0,0,0,0,0,0,0,0,"Standard","Standard",37,"-0.014","-0.05",,,,,"0.05",,0,0,0.599,0.599,28,28,29,29,2,1,4,1,6,,"3.89","-0.19","-0.19","39.3",,,,,
"SI","2023-10-01","90.7","-2.27","5.41","Dunning, Dane",664034,641540,,"called_strike",,,,,3,,"R","R","R","SEA","TEX","S",,,0,0,2023,"-0.8","0.56",0.622997538784512,3.1907146261038246,,553993,672284,1,4,"Bot",,,,,,,9.048451424245602,-131.92293711363692,-0.8457495442187705,-11.194889020829523,25.690776946210608,-25.664970659834662,3.20379852273987,1.48999933464527,,,,"92",2054,"6.9",716360,641680,663993,543760,673962,608369,694497,665750,666969,"53.59",,,,,,,,29,1,"Sinker",0,0,0,0,0,0,0,0,"Standard","Standard",220,"-0.008","-0.04",,,,,"0.04",,0,0,0.607,0.607,28,28,29,29,2,1,4,1,6,,"2.2","0.8","0.8","41.9",,,,,
"SL","2023-10-01","81.4","-2.31","5.51","Dunning, Dane",672284,641540,"single","hit_into_play",,,,,7,"Jarred Kelenic singles on a line drive to left fielder Evan Carter. Eugenio Suarez to 2nd.","R","L","R","SEA","TEX","X",7,"line_drive",1,2,2023,"0.31","-0.27",-0.5304503744851894,1.8473649236920235,,,553993,1,4,"Bot",82.34,94.1,,,,,3.4152422652357672,-118.64260637470653,-1.1505825188724141,2.336700162936723,21.13506973182376,-34.75635879637998,3.6,1.67,210,"91.1",12,"82.3",2316,"6.6",716360,641680,663993,543760,673962,608369,694497,665750,666969,"53.88",0.871,0.813,"0.9",1,1,0,4,28,4,"Slider",0,0,0,0,0,0,0,0,"Infield shade","Standard",37,"0.055","0.487","63.9","6.8",,0.973,"-0.487","91.1",0,0,0.552,0.552,28,23,29,24,2,1,4,1,6,,"3.68","-0.31","0.31","39.2",0.7851700778989202,10.063535857420955,33.76944727889934,43.57292294043306,25.594863782633617
"SL","2023-10-01","79.7","-2.37","5.38","Dunning, Dane",672284,641540,,"foul_tip",,,,,13,,"R","L","R","SEA","TEX","S",,,1,1,2023,"0.32","-0.28",-0.9923837814488593,2.1541776124397227,,,553993,1,4,"Bot",,,,,,,2.4607466767596735,-116.20189877508744,0.10704708742580493,2.4685447543109618,19.739763408040798,-34.961856532699215,3.6,1.67,,,,"80.9",2296,"6.8",716360,641680,663993,543760,673962,608369,694497,665750,666969,"53.74",,,,,,,,28,3,"Slider",0,0,0,0,0,0,0,0,"Infield shade","Standard",43,"-0.009","-0.055","67.2","8.1",,,"0.055",,0,0,0.561,0.561,28,23,29,24,2,1,4,1,6,,"3.83","-0.32","0.32","39.2",19.13060326050569,-11.474555296205919,29.952779167828652,50.702280931831,37.71336501929152
"CH","2023-10-01","84","-2.44","5.46","Dunning, Dane",672284,641540,,"ball",,,,,11,,"R","L","R","SEA","TEX","B",,,0,1,2023,"-1.36","0.41",-1.2420537599799486,2.8612205663029786,,,553993,1,4,"Bot",,,,,,,5.486967895383656,-122.27318013434618,-0.46690811456701387,-14.692253621415857,22.854502078907412,-28.115287330669982,3.45425589093185,1.72402565164296,,,,"84.7",1582,"6.6",716360,641680,663993,543760,673962,608369,694497,665750,666969,"53.88",,,,,,,,28,2,"Changeup",0,0,0,0,0,0,0,0,"Infield shade","Standard",246,"0.003","0.025",,,,,"-0.025",,0,0,0.558,0.558,28,23,29,24,2,1,4,1,6,,"2.8","1.36","-1.36","37.8",,,,,
"CH","2023-10-01","85.5","-2.4","5.44","Dunning, Dane",672284,641540,,"called_strike",,,,,7,,"R","L","R","SEA","TEX","S",,,0,0,2023,"-1.43","0.46",-0.47622097544608066,1.899318753539173,,,553993,1,4,"Bot",,,,,,,7.458018061637799,-124.31801254306579,-3.0163402180451167,-16.2673361541605,24.123710177049862,-26.954101887564565,3.45656042007482,1.70510178068415,,,,"86.2",1725,"6.7",716360,641680,663993,543760,673962,608369,694497,665750,666969,"53.78",,,,,,,,28,1,"Changeup",0,0,0,0,0,0,0,0,"Infield shade","Standard",249,"-0.005","-0.042",,,,,"0.042",,0,0,0.563,0.563,28,23,29,24,2,1,4,1,6,,"2.65","1.43","-1.43","35.9",,,,,
"SI","2023-10-01","91.1","-2.32","5.34","Dunning, Dane",677594,641540,"force_out","hit_into_play",,,,,8,"Julio Rodriguez grounds into a force out, third baseman Josh Jung to second baseman Marcus Semien. Mike Ford out at 2nd.","R","R","R","SEA","TEX","X",5,"ground_ball",3,1,2023,"-1.35","0.77",-0.22488650264125565,1.9379738423445383,,,645801,2,3,"Bot",107.91,170.84,,,,,8.273429939556937,-132.4048865023933,-4.36446855150546,-17.632843122579526,26.263373257027304,-22.400352976195496,3.28999905667437,1.51000078778487,3,"96.1",-36,"92.4",1887,"7",716360,641680,663993,543760,673962,608369,694497,665750,666969,"53.52",0.086,0.079,"0",1,0,0,2,21,5,"Sinker",0,0,0,0,0,0,0,0,"Standard","Standard",223,"-0.035","-0.399","77.9","7.6",,0.09,"0.399","96.1",0,0,0.535,0.535,28,22,29,23,2,1,4,1,6,,"1.97","1.35","1.35","36.8",2.1631670202923132,5.9166525284364795,36.75417052621469,36.0387974168204,32.20133846279448
"SL","2023-10-01","80.8","-2.28","5.42","Dunning, Dane",677594,641540,,"ball",,,,,14,,"R","R","R","SEA","TEX","B",,,2,1,2023,"0.29","-0.24",1.4782740969007797,2.3567459767078187,,,645801,2,3,"Bot",,,,,,,7.8908315957303214,-117.52344752955956,0.2838205187074647,1.300135209472413,21.196981575933854,-34.69661450014125,3.27869090996887,1.48830826511097,,,,"81.7",2232,"6.8",716360,641680,663993,543760,673962,608369,694497,665750,666969,"53.7",,,,,,,,21,4,"Slider",0,0,0,0,0,0,0,0,"Standard","Standard",44,"0.007","0.097",,,,,"-0.097",,0,0,0.528,0.528,28,22,29,23,2,1,4,1,6,,"3.72","-0.29","-0.29","39.3",,,,,
"SI","2023-10-01","91.4","-2.27","5.39","Dunning, Dane",677594,641540,,"ball",,,,,14,,"R","R","R","SEA","TEX","B",,,1,1,2023,"-1.33","0.75",1.3351818734694876,2.2222152710552914,,,645801,2,3,"Bot",,,,,,,12.077316676987403,-132.5754658067489,-3.752038035432877,-18.225306090194184,26.934963008767436,-22.671213876777067,3.3211558153349,1.48830826511097,,,,"92.4",2005,"7",716360,641680,663993,543760,673962,608369,694497,665750,666969,"53.53",,,,,,,,21,3,"Sinker",0,0,0,0,0,0,0,0,"Standard","Standard",226,"0.003","0.036",,,,,"-0.036",,0,0,0.525,0.525,28,22,29,23,2,1,4,1,6,,"1.98","1.33","1.33","37.2",,,,,
"SL","2023-10-01","81.2","-2.16","5.34","Dunning, Dane",677594,641540,,"blocked_ball",,,,,14,,"R","R","R","SEA","TEX","B",,,0,1,2023,"0.08","-0.22",1.8807131319716177,0.7553108103931523,,,645801,2,3,"Bot",,,,,,,8.965615103488123,-117.97813377544318,-3.2748242518183117,-0.8015880921842193,20.84063157336394,-33.83217644625673,3.33177144598734,1.48830826511097,,,,"82.1",2337,"6.8",716360,641680,663993,543760,673962,608369,694497,665750,666969,"53.68",,,,,,,,21,2,"Slider",0,0,0,0,0,0,0,0,"Standard","Standard",37,"0.003","0.025",,,,,"-0.025",,0,0,0.522,0.522,28,22,29,23,2,1,4,1,6,,"3.67","-0.08","-0.08","37.2",,,,,
"SL","2023-10-01","80.5","-2.19","5.39","Dunning, Dane",677594,641540,,"foul",,,,,9,,"R","R","R","SEA","TEX","S",,,0,0,2023,"0.27","-0.19",0.6978331600495803,1.9065237954413443,,,645801,2,3,"Bot",,,,,,,5.955356762852584,-117.28087934568298,-0.7964474290260937,1.5667904293447448,19.45606212438015,-33.97295760856722,3.29,1.51,1,"67.4",-58,"81.7",2176,"6.8",716360,641680,663993,543760,673962,608369,694497,665750,666969,"53.73",,,,,,,,21,1,"Slider",0,0,0,0,0,0,0,0,"Standard","Standard",40,"-0.004","-0.045","71.1","8.4",,,"0.045","88.0",0,0,0.526,0.526,28,22,29,23,2,1,4,1,6,,"3.66","-0.27","-0.27","41.4",16.680454557534198,-2.4728611814174597,29.351704768887373,46.002962589712254,36.58253954338355
"SL","2023-10-01","80.8","-2.25","5.43","Dunning, Dane",641487,641540,"field_out","hit_into_play",,,,,6,"J.P. Crawford flies out to right fielder Adolis Garcia.","R","L","R","SEA","TEX","X",9,"fly_ball",1,1,2023,"0.27","-0.2",0.36070102075665056,2.360129404116618,,,645801,1,3,"Bot",208.99,121.21,,,,,5.340036909641185,-117.61156922387262,0.1787269407859331,1.5797118263467,21.02361072620587,-34.312864760101405,3.21,1.5,279,"99.5",49,"81.5",2228,"6.6",716360,641680,663993,543760,673962,608369,694497,665750,666969,"53.87",0.018,0.025,"0",1,0,0,3,20,3,"Slider",0,0,0,0,0,0,0,0,"Infield shade","Standard",37,"-0.03","-0.24","76.1","8.4",,0.04,"0.24","99.5",0,0,0.556,0.556,28,28,29,28,2,1,4,1,6,,"3.68","-0.27","0.27","39.6",20.796568533674577,-24.633412603787978,33.441800900190415,34.77050021874757,49.2571157498028
"CH","2023-10-01","85.9","-2.3","5.43","Dunning, Dane",641487,641540,,"called_strike",,,,,1,,"R","L","R","SEA","TEX","S",,,1,0,2023,"-1.49","0.25",-0.47768410545741946,2.824814490974821,,,645801,1,3,"Bot",,,,,,,7.397575851246977,-125.00218664240096,-0.44201950338595275,-17.090729014003248,23.952363355812533,-29.679708636668956,3.26807409171522,1.5537247211058,,,,"86.9",1849,"6.8",716360,641680,663993,543760,673962,608369,694497,665750,666969,"53.69",,,,,,,,20,2,"Changeup",0,0,0,0,0,0,0,0,"Infield shade","Standard",244,"-0.006","-0.053",,,,,"0.053",,0,0,0.562,0.562,28,28,29,28,2,1,4,1,6,,"2.83","1.49","-1.49","36.3",,,,,
"KC","2023-10-01","78.2","-2.14","5.51","Dunning, Dane",641487,641540,,"blocked_ball",,,,,14,,"R","L","R","SEA","TEX","B",,,0,0,2023,"0.61","-1.5",1.218196889077959,0.2118627280861629,,,645801,1,3,"Bot",,,,,,,6.163094156411493,-113.71513528193489,-1.6602131881364275,3.972846339011402,23.85830765374622,-44.97233810902766,3.26807409171522,1.48987875715621,,,,"78.4",2030,"6.8",716360,641680,663993,543760,673962,608369,694497,665750,666969,"53.69",,,,,,,,20,1,"Knuckle Curve",0,0,0,0,0,0,0,0,"Standard","Standard",31,"0.004","0.036",,,,,"-0.036",,0,0,0.558,0.558,28,28,29,28,2,1,4,1,6,,"5.28","-0.61","0.61","44.5",,,,,
"SL","2023-10-01","81.2","-2.27","5.43","Dunning, Dane",668942,641540,"field_out","hit_into_play",,,,,8,"Josh Rojas pops out to shortstop Corey Seager.","R","L","R","SEA","TEX","X",6,"popup",3,2,2023,"0.09","-0.12",0.17006841779648618,2.184349850705104,,,645801,0,3,"Bot",113.99,150.06,,,,,5.335669430631328,-118.1577990792052,-0.443643409690229,-0.1084027332052966,21.78937044990614,-33.39193972405127,3.52,1.67,142,"77.9",64,"82",2180,"6.7",716360,641680,663993,543760,673962,608369,694497,665750,666969,"53.76",0.013,0.015,"0",1,0,0,3,19,7,"Slider",0,0,0,0,0,0,0,0,"Infield shade","Standard",30,"-0.046","-0.303","64.7","7.9",,0.02,"0.303","88.0",0,0,0.604,0.604,28,29,29,29,1,0,4,1,6,,"3.56","-0.09","0.09","39.2",17.936008764955105,-9.28469041552949,34.267846963084516,38.28013515398588,30.8676911240104
"CH","2023-10-01","85.8","-2.49","5.23","Dunning, Dane",668942,641540,,"foul",,,,,7,,"R","L","R","SEA","TEX","S",,,3,2,2023,"-1.41","0.61",-0.6637855605244516,1.63442982240902,,,645801,0,3,"Bot",,,,,,,7.268361350961966,-124.7010790694464,-3.5134820074871564,-16.185331770824288,24.486975382687206,-25.313446144406715,3.52,1.67,2,"66.6",-42,"86.9",1744,"7",716360,641680,663993,543760,673962,608369,694497,665750,666969,"53.51",,,,,,,,19,6,"Changeup",0,0,0,0,0,0,0,0,"Infield shade","Standard",250,"0","0","65.5","8.1",,,"0","88.0",0,0,0.604,0.604,28,29,29,29,1,0,4,1,6,,"2.49","1.41","-1.41","33.1",20.98430331647877,1.009157958231987,32.85719824638532,47.73191256523375,25.008302284527804
"SI","2023-10-01","91.9","-2.31","5.41","Dunning, Dane",668942,641540,,"ball",,,,,14,,"R","L","R","SEA","TEX","B",,,2,2,2023,"-1.11","0.8",1.3712724745463913,1.9311216654221661,,,645801,0,3,"Bot",,,,,,,11.850635197737411,-133.29465478079493,-4.755064215389598,-15.706370675477864,27.305088660974587,-21.742737226716226,3.48036475349094,1.72395553372771,,,,"93",2016,"7",716360,641680,663993,543760,673962,608369,694497,665750,666969,"53.46",,,,,,,,19,5,"Sinker",0,0,0,0,0,0,0,0,"Infield shade","Standard",221,"0.015","0.088",,,,,"-0.088",,0,0,0.589,0.589,28,29,29,29,1,0,4,1,6,,"1.91","1.11","-1.11","38.3",,,,,
"CH","2023-10-01","84.4","-2.39","5.51","Dunning, Dane",668942,641540,,"ball",,,,,13,,"R","L","R","SEA","TEX","B",,,1,2,2023,"-1.37","0.55",-1.1228258280630545,1.9917427288097054,,,645801,0,3,"Bot",,,,,,,5.739678008514703,-122.83007861408899,-2.973260107107554,-15.046523202618255,23.012126986364404,-26.229416565545975,3.50099060292344,1.70267874850054,,,,"85.3",1653,"6.7",716360,641680,663993,543760,673962,608369,694497,665750,666969,"53.78",,,,,,,,19,4,"Changeup",0,0,0,0,0,0,0,0,"Infield shade","Standard",241,"0.005","0.045",,,,,"-0.045",,0,0,0.584,0.584,28,29,29,29,1,0,4,1,6,,"2.64","1.37","-1.37","38.9",,,,,
"FC","2023-10-01","89.7","-2.36","5.44","Dunning, Dane",668942,641540,,"foul",,,,,12,,"R","L","R","SEA","TEX","S",,,1,1,2023,"0.09","0.83",1.0612594641056141,2.752904930430576,,,645801,0,3,"Bot",,,,,,,8.349500208286603,-130.55666763522544,-2.4873980892252785,-0.5304103022704076,24.64789990533977,-22.33608946203562,3.52,1.67,328,"89.8",36,"91.1",2018,"6.9",716360,641680,663993,543760,673962,608369,694497,665750,666969,"53.63",,,,,,,,19,3,"Cutter",0,0,0,0,0,0,0,0,"Infield shade","Standard",214,"-0.009","-0.059","68.0","7.2",,,"0.059","89.8",0,0,0.593,0.593,28,29,29,29,1,0,4,1,6,,"1.98","-0.09","0.09","37.0",15.415052776741721,-15.204076131439972,33.55753236817639,26.77828297285779,31.080243654762253
"CH","2023-10-01","86.4","-2.46","5.41","Dunning, Dane",668942,641540,,"ball",,,,,11,,"R","L","R","SEA","TEX","B",,,0,1,2023,"-1.52","0.46",-2.6480524280228543,3.0982106861192666,,,645801,0,3,"Bot",,,,,,,2.6810394320784208,-125.90620072285766,-0.2757730617485076,-16.805152155073294,23.998839730867093,-27.434641315174638,3.48036475349094,1.70267874850054,,,,"87.3",1677,"6.7",716360,641680,663993,543760,673962,608369,694497,665750,666969,"53.84",,,,,,,,19,2,"Changeup",0,0,0,0,0,0,0,0,"Standard","Standard",249,"0.004","0.024",,,,,"-0.024",,0,0,0.589,0.589,28,29,29,29,1,0,4,1,6,,"2.57","1.52","-1.52","35.2",,,,,
"SL","2023-10-01","80","-2.31","5.48","Dunning, Dane",668942,641540,,"called_strike",,,,,4,,"R","L","R","SEA","TEX","S",,,0,0,2023,"0.21","-0.13",-0.511873119644638,2.382868657357647,,,645801,0,3,"Bot",,,,,,,3.597398629424659,-116.50890463571263,0.09713266591445002,1.3154029518171861,20.68315680951301,-33.5937748686547,3.54403269833356,1.70267874850054,,,,"80.9",2220,"6.7",716360,641680,663993,543760,673962,608369,694497,665750,666969,"53.78",,,,,,,,19,1,"Slider",0,0,0,0,0,0,0,0,"Standard","Standard",46,"-0.006","-0.036",,,,,"0.036",,0,0,0.595,0.595,28,29,29,29,1,0,4,1,6,,"3.67","-0.21","0.21","38.4",,,,,
"SL","2023-10-01","81.2","-2.3","5.4","Dunning, Dane",686527,641540,"strikeout","swinging_strike_blocked",,,,,14,"Dominic Canzone strikes out swinging.","R","L","R","SEA","TEX","S",2,,1,2,2023,"0.15","-0.57",0.10565602788955428,-0.03565948718011258,,,664034,2,2,"Bot",,,,,,,5.1487180780505595,-118.09974979600636,-4.504659966854193,0.4293643014244734,22.05195065342253,-36.896124244178964,3.12,1.36,,,,"82.1",2378,"6.9",716360,641680,663993,543760,673962,608369,694497,665750,666969,"53.64",,0,"0",1,0,0,,13,4,"Slider",0,0,0,0,0,0,0,0,"Infield shade","Standard",40,"-0.017","-0.206","71.7","8.6","6.999834936",,"0.206",,0,0,0.517,0.517,28,25,29,26,1,0,4,5,6,,"4.03","-0.15","0.15","38.7",27.39891166643198,-30.45144885201236,42.61912784070833,35.806353751808146,59.421918573331496
"CH","2023-10-01","84.3","-2.37","5.47","Dunning, Dane",686527,641540,,"foul",,,,,1,,"R","L","R","SEA","TEX","S",,,1,1,2023,"-1.58","0.5",-0.599250735491144,3.053902828376853,,,664034,2,2,"Bot",,,,,,,7.337824910494696,-122.51909615841377,-0.20895726334625286,-17.397284863370913,24.342525844903466,-27.32413014702643,3.12,1.36,121,"78.6",77,"85",1743,"6.8",716360,641680,663993,543760,673962,608369,694497,665750,666969,"53.67",,,,,,,,13,3,"Changeup",0,0,0,0,0,0,0,0,"Infield shade","Standard",248,"-0.006","-0.06","72.5","7.1",,,"0.06","88.0",0,0,0.523,0.523,28,25,29,26,1,0,4,5,6,,"2.72","1.58","-1.58","35.7",13.594256099409971,3.784122355022433,28.138114204720807,44.02095901981919,34.708804844589494
"CH","2023-10-01","85.1","-2.46","5.33","Dunning, Dane",686527,641540,,"foul_tip",,,,,11,,"R","L","R","SEA","TEX","S",,,1,0,2023,"-1.59","0.39",-0.6791314698780302,3.431696356475454,,,664034,2,2,"Bot",,,,,,,7.443975719501674,-123.74086213134049,1.12132865274738,-17.781530793535588,25.08039126363958,-28.62105954084207,3.12,1.36,,,,"85.9",1741,"6.9",716360,641680,663993,543760,673962,608369,694497,665750,666969,"53.59",,,,,,,,13,2,"Changeup",0,0,0,0,0,0,0,0,"Infield shade","Standard",252,"-0.003","-0.05","59.0","6.1",,,"0.05",,0,0,0.526,0.526,28,25,29,26,1,0,4,5,6,,"2.76","1.59","-1.59","32.0",5.690754716111023,27.31157277906692,32.72506515426791,44.580685196534624,19.765659432758472
"SL","2023-10-01","79.6","-2.36","5.5","Dunning, Dane",686527,641540,,"ball",,,,,11,,"R","L","R","SEA","TEX","B",,,0,0,2023,"0.17","-0.01",-1.8135532495225033,2.8029339156943403,,,664034,2,2,"Bot",,,,,,,0.8780777511733772,-115.9397309182793,0.8278097678883336,1.3903454121702927,21.325064041304298,-32.61157123906122,3.1937498192175,1.4153856445134,,,,"80.2",2275,"6.6",716360,641680,663993,543760,673962,608369,694497,665750,666969,"53.89",,,,,,,,13,1,"Slider",0,0,0,0,0,0,0,0,"Infield shade","Standard",53,"0.002","0.03",,,,,"-0.03",,0,0,0.524,0.524,28,25,29,26,1,0,4,5,6,,"3.59","-0.17","0.17","38.3",,,,,
"SL","2023-09-27","79.3","-2.22","5.45","Dunning, Dane",545341,641540,"field_out","hit_into_play",,,,,4,"Randal Grichuk flies out to left fielder Evan Carter in foul territory.","R","R","R","LAA","TEX","X",7,"fly_ball",1,1,2023,"0.27","-0.27",-0.3737134183418271,2.3386244102864673,,,664058,2,5,"Bot",34.96,113.9,,,,,3.5510777523320294,-115.4404981524782,0.45026180367751567,1.8074748222033015,20.524370998307454,-34.87324417837572,3.17,1.48,305,"83.5",34,"79.9",2194,"6.6",716420,641680,663993,543760,673962,608369,694497,665750,666969,"53.89",0.032,0.039,"0",1,0,0,3,39,3,"Slider",0,2,0,2,2,0,0,2,"Standard","Standard",77,"-0.029","-0.266","86.0","8.2",,0.061,"0.266","88.0",-2,-2,0.25,0.25,28,31,29,32,3,2,5,1,4,2,"3.88","-0.27","-0.27","44.3",13.668321901836995,-29.1383271005029,28.82007337982831,32.21561200367999,49.284351142899396
"SL","2023-09-27","80.4","-2.28","5.4","Dunning, Dane",545341,641540,,"swinging_strike",,,,,14,,"R","R","R","LAA","TEX","S",,,1,0,2023,"0.33","-0.26",0.2980851372648956,0.9440672476887442,,,664058,2,5,"Bot",,,,,,,5.14233011130663,-117.08560576002212,-2.739487166852352,2.02919733594656,21.93053627407492,-34.233733030035694,3.17,1.48,,,,"81",2053,"6.7",716420,641680,663993,543760,673962,608369,694497,665750,666969,"53.84",,,,,,,,39,2,"Slider",0,2,0,2,2,0,0,2,"Standard","Standard",63,"-0.005","-0.05","68.0","9.3","7.613098776",,"0.05",,-2,-2,0.255,0.255,28,31,29,32,3,2,5,1,4,2,"3.78","-0.33","-0.33","38.9",25.480456268715145,-40.68995974387862,36.020106062615156,39.51623515184396,55.902164343061806
"KC","2023-09-27","74.8","-2.23","5.36","Dunning, Dane",545341,641540,,"ball",,,,,12,,"R","R","R","LAA","TEX","B",,,0,0,2023,"1.06","-1.23",0.5783718572557143,3.817632885548279,,,664058,2,5,"Bot",,,,,,,3.944335635862759,-108.62601864917448,6.2670339620340005,7.673634026743224,19.721328719771556,-43.27782358496213,3.25589574604018,1.53843265079602,,,,"75.1",2083,"6.7",716420,641680,663993,543760,673962,608369,694497,665750,666969,"53.83",,,,,,,,39,1,"Knuckle Curve",0,2,0,2,2,0,0,2,"Standard","Standard",36,"0.003","0.03",,,,,"-0.03",,-2,-2,0.252,0.252,28,31,29,32,3,2,5,1,4,2,"5.33","-1.06","-1.06","38.8",,,,,
"SL","2023-09-27","79.8","-2.34","5.39","Dunning, Dane",666176,641540,"field_out","hit_into_play",,,,,9,"Jo Adell grounds out, pitcher Dane Dunning to first baseman Nathaniel Lowe.","R","R","R","LAA","TEX","X",1,"ground_ball",0,0,2023,"0.29","-0.11",0.3790784248441842,2.361642183428679,,592273,681351,2,4,"Bot",122.81,181.21,,,,,5.494334458249443,-116.18110341571254,0.25650885418662184,1.632665812656096,21.09262758403298,-33.4086061535591,3.82,1.85,5,"67.6",-29,"80.7",2320,"6.8",716420,641680,663993,543760,673962,608369,694497,665750,666969,"53.71",0.057,0.054,"0",1,0,0,2,32,1,"Slider",0,2,0,2,2,0,0,2,"Standard","Standard",46,"-0.056","-0.296","75.9","9.1",,0.061,"0.296","88.0",-2,-2,0.305,0.305,28,24,29,24,2,1,5,1,4,2,"3.67","-0.29","-0.29","39.7",18.737885348599313,-32.637726333614616,25.683177068137134,43.00547162001991,47.986892560272594
"SI","2023-09-27","90.2","-2.43","5.31","Dunning, Dane",681351,641540,"single","hit_into_play",,,,,5,"Logan O'Hoppe singles on a sharp line drive to left fielder Evan Carter. Brandon Drury to 2nd.","R","R","R","LAA","TEX","X",7,"line_drive",2,0,2023,"-1.09","0.88",-0.12638947726236327,2.6284227110538003,,,592273,2,4,"Bot",69.82,102.34,,,,,8.139102010445512,-131.15070515777572,-2.582969749165009,-14.345696365857961,27.62487456476919,-21.714930814177222,3.23,1.58,191,"108.5",11,"91.2",2095,"6.9",716420,641680,663993,543760,673962,608369,694497,665750,666969,"53.6",0.918,0.933,"0.9",1,1,0,5,31,3,"Sinker",0,2,0,2,2,0,0,2,"Standard","Standard",227,"0.02","0.301","72.7","7.2",,1.246,"-0.301","108.5",-2,-2,0.285,0.285,28,23,29,23,2,1,5,1,4,2,"1.93","1.09","1.09","35.4",15.365786974175302,-5.56407285026491,32.5753519831038,32.44651268012586,34.58524257059972
"SL","2023-09-27","79.7","-2.26","5.34","Dunning, Dane",681351,641540,,"ball",,,,,12,,"R","R","R","LAA","TEX","B",,,1,0,2023,"0.35","-0.27",1.1277148186887127,2.5362129633167014,,,592273,2,4,"Bot",,,,,,,6.842098877494352,-115.9339987077346,1.0565374593238115,1.990682655132161,20.270194919364837,-34.97667453046167,3.37184450622716,1.58464633639276,,,,"80.6",2315,"6.8",716420,641680,663993,543760,673962,608369,694497,665750,666969,"53.73",,,,,,,,31,2,"Slider",0,2,0,2,2,0,0,2,"Standard","Standard",53,"0.005","0.037",,,,,"-0.037",,-2,-2,0.28,0.28,28,23,29,23,2,1,5,1,4,2,"3.84","-0.35","-0.35","39.9",,,,,
"SL","2023-09-27","79.3","-2.35","5.5","Dunning, Dane",681351,641540,,"ball",,,,,14,,"R","R","R","LAA","TEX","B",,,0,0,2023,"0.26","-0.1",0.8842616153920156,1.697828231276422,,,592273,2,4,"Bot",,,,,,,6.655754970749399,-115.38252458951179,-1.3916145423639088,1.1476209323416746,20.1257827385061,-32.99942950172052,3.46462840995564,1.67709045796281,,,,"80.2",2223,"6.8",716420,641680,663993,543760,673962,608369,694497,665750,666969,"53.72",,,,,,,,31,1,"Slider",0,2,0,2,2,0,0,2,"Standard","Standard",33,"0.003","0.03",,,,,"-0.03",,-2,-2,0.277,0.277,28,23,29,23,2,1,5,1,4,2,"3.7","-0.26","-0.26","40.6",,,,,
"CH","2023-09-27","83.9","-2.42","5.44","Dunning, Dane",519058,641540,"field_out","hit_into_play",,,,,8,"Mike Moustakas pops out to shortstop Corey Seager.","R","L","R","LAA","TEX","X",6,"popup",0,1,2023,"-1.18","0.42",0.058972305976145334,1.85198201607056,,,592273,1,4,"Bot",116.68,132.35,,,,,8.135931677889042,-121.95382679371684,-2.747099087609908,-13.330078896826118,22.909909526218787,-27.665826684245765,3.46,1.61,172,"85.6",62,"84.8",1566,"6.8",716420,641680,663993,543760,673962,608369,694497,665750,666969,"53.65",0.011,0.011,"0",1,0,0,3,30,2,"Changeup",0,2,0,2,2,0,0,2,"Infield shade","Standard",247,"-0.032","-0.215","83.9","7.8",,0.019,"0.215","88.0",-2,-2,0.309,0.309,28,34,29,35,2,1,5,2,4,3,"2.82","1.18","-1.18","34.8",9.405018514326827,-11.151203435123271,35.71983864861156,35.924573578047195,37.70092722936404
"CH","2023-09-27","83","-2.5","5.4","Dunning, Dane",519058,641540,,"swinging_strike",,,,,7,,"R","L","R","LAA","TEX","S",,,0,0,2023,"-1.22","-0.01",-0.3972230267379744,1.5581064118543582,,,592273,1,4,"Bot",,,,,,,7.29476449877,-120.63416517239858,-2.3221910027142862,-13.347820792543384,23.13938776864054,-32.007908535891524,3.46,1.61,,,,"84.1",1714,"7",716420,641680,663993,543760,673962,608369,694497,665750,666969,"53.48",,,,,,,,30,1,"Changeup",0,2,0,2,2,0,0,2,"Infield shade","Standard",250,"-0.006","-0.042","69.4","8.5","6.112916448",,"0.042",,-2,-2,0.315,0.315,28,34,29,35,2,1,5,2,4,3,"3.32","1.22","-1.22","41.4",20.316301326014294,-40.47609971099707,29.91639763539685,42.57529755455384,55.19538417497593
"SL","2023-09-27","79.1","-2.38","5.36","Dunning, Dane",592273,641540,"force_out","hit_into_play",,,,,5,"Brandon Drury grounds into a force out, third baseman Josh Jung to second baseman Marcus Semien. Zach Neto out at 2nd. Brandon Drury to 1st.","R","R","R","LAA","TEX","X",5,"ground_ball",0,0,2023,"0.26","-0.38",0.046876709559139224,2.930843035885945,,,687263,0,4,"Bot",97.42,168.52,,,,,4.8473527554552795,-115.14187508934235,2.2212768444979396,1.432367882262278,21.025324391740238,-36.22241984761311,3.57,1.74,4,"76.8",-37,"79.9",2260,"6.8",716420,641680,663993,543760,673962,608369,694497,665750,666969,"53.74",0.057,0.061,"0",1,0,0,2,29,1,"Slider",0,2,0,2,2,0,0,2,"Standard","Standard",64,"-0.044","-0.35","70.9","7.4",,0.057,"0.35","88.0",-2,-2,0.359,0.359,28,30,29,31,2,1,5,1,4,2,"4.02","-0.26","-0.26","37.8",16.22771700194132,-8.417438924702585,25.546692550916532,35.184414243467316,40.05641489946743
"CH","2023-09-27","86.3","-2.28","5.23","Dunning, Dane",545341,641540,"strikeout","swinging_strike",,,,,14,"Randal Grichuk strikes out swinging.","R","R","R","LAA","TEX","S",2,,0,2,2023,"-1.42","0.47",0.5623861291056522,1.1265045292322609,683021,,,2,3,"Bot",,,,,,,9.803970790109393,-125.24127592877245,-4.521426908294526,-16.969779479677783,25.582149064128743,-26.421121747317617,3.17,1.48,,,,"87.4",1720,"7.1",716420,641680,663993,543760,673962,608369,694497,665750,666969,"53.37",,0,"0",1,0,0,,24,4,"Changeup",0,2,0,2,2,0,0,2,"Standard","Standard",252,"-0.025","-0.19","75.9","8.6","0.147235236",,"0.19",,-2,-2,0.296,0.296,28,31,29,32,2,1,5,1,4,2,"2.61","1.42","1.42","33.4",12.609195194191448,-14.717376801787129,32.04799753914017,42.13374963021433,35.970612062475574
"SI","2023-09-27","92.1","-2.24","5.36","Dunning, Dane",545341,641540,,"foul",,,,,11,,"R","R","R","LAA","TEX","S",,,0,2,2023,"-1.2","0.72",-0.3449115247095702,3.4434537775363303,683021,,,2,3,"Bot",,,,,,,7.512063902427146,-133.90032107887433,-0.5274962876506442,-16.108575643996797,31.22824126591143,-23.692141035188726,3.17,1.48,214,"72.6",27,"92.8",1943,"6.9",716420,641680,663993,543760,673962,608369,694497,665750,666969,"53.57",,,,,,,,24,3,"Sinker",0,2,0,2,2,0,0,2,"Standard","Standard",224,"0","0","69.8","6.2",,,"0","88.0",-2,-2,0.296,0.296,28,31,29,32,2,1,5,1,4,2,"1.99","1.2","1.2","36.5",5.123588860544803,27.259710223107298,19.79572421261253,31.47639933465696,20.512913443523754
"FC","2023-09-27","91.1","-2.25","5.33","Dunning, Dane",545341,641540,,"called_strike",,,,,9,,"R","R","R","LAA","TEX","S",,,0,1,2023,"-0.12","1.08",0.4671962745424787,1.819246186171524,683021,,,2,3,"Bot",,,,,,,7.176899549601485,-132.53983115461907,-5.323393153714911,-2.952244105313258,27.447763591437425,-18.465605985877847,3.25589574604018,1.53843265079602,,,,"92.3",2151,"6.9",716420,641680,663993,543760,673962,608369,694497,665750,666969,"53.57",,,,,,,,24,2,"Cutter",0,2,0,2,2,0,0,2,"Standard","Standard",184,"-0.01","-0.051",,,,,"0.051",,-2,-2,0.306,0.306,28,31,29,32,2,1,5,1,4,2,"1.66","0.12","0.12","37.8",,,,,
"SL","2023-09-27","80.2","-2.19","5.46","Dunning, Dane",545341,641540,,"foul",,,,,6,,"R","R","R","LAA","TEX","S",,,0,0,2023,"0.32","-0.22",0.3853098529070419,2.2391606084472,683021,,,2,3,"Bot",,,,,,,5.140526226965399,-116.74773134108699,-0.033054718489968105,2.0171446877496795,20.72890395431588,-34.435265141508374,3.17,1.48,4,"68.5",-34,"81.2",2198,"6.8",716420,641680,663993,543760,673962,608369,694497,665750,666969,"53.71",,,,,,,,24,1,"Slider",0,2,0,2,2,0,0,2,"Standard","Standard",51,"-0.006","-0.036","77.5","8.1",,,"0.036","88.0",-2,-2,0.312,0.312,28,31,29,32,2,1,5,1,4,2,"3.75","-0.32","-0.32","40.5",13.607880526494455,-20.071934011193303,28.057746615806078,38.88158281547395,46.05722057155869
"SI","2023-09-27","92.3","-2.24","5.27","Dunning, Dane",664058,641540,"field_out","hit_into_play",,,,,9,"David Fletcher grounds out to first baseman Nathaniel Lowe.","R","R","R","LAA","TEX","X",3,"ground_ball",1,2,2023,"-1.24","0.58",0.7689400154679009,1.6803551663403524,683021,,,1,3,"Bot",154.85,157.77,,,,,10.452074221441896,-133.88910546629245,-4.545919552392575,-17.18757967938243,30.64374378572125,-24.414605513441387,3.21,1.47,102,"60.8",11,"93",2065,"7",716420,641680,663993,543760,673962,608369,694497,665750,666969,"53.5",0.182,0.19,"0",1,0,0,2,23,4,"Sinker",0,2,0,2,2,0,0,2,"Standard","Standard",216,"-0.046","-0.123","63.1","6.6",,0.184,"0.123","88.0",-2,-2,0.358,0.358,28,29,29,29,1,0,5,1,4,2,"2.13","1.24","1.24","35.7",-4.546729251048266,12.978890490832107,29.19125067124484,40.793351484915604,23.111051647338094
"SL","2023-09-27","81.7","-2.13","5.43","Dunning, Dane",664058,641540,,"ball",,,,,14,,"R","R","R","LAA","TEX","B",,,0,2,2023,"0.23","-0.15",0.7753379371419361,0.962318232605591,683021,,,1,3,"Bot",,,,,,,6.153912176849522,-118.86190062892683,-3.208161781217185,0.9426197967825718,23.09156001082451,-33.15520275021337,3.23271014887467,1.47141276983979,,,,"82.3",2387,"6.8",716420,641680,663993,543760,673962,608369,694497,665750,666969,"53.75",,,,,,,,23,3,"Slider",0,2,0,2,2,0,0,2,"Standard","Standard",37,"0.006","-0.01",,,,,"0.01",,-2,-2,0.352,0.352,28,29,29,29,1,0,5,1,4,2,"3.57","-0.23","-0.23","37.3",,,,,
"SI","2023-09-27","92.9","-2.24","5.4","Dunning, Dane",664058,641540,,"foul",,,,,2,,"R","R","R","LAA","TEX","S",,,0,1,2023,"-1.02","0.94",0.05904270339272388,3.1200754740991834,683021,,,1,3,"Bot",,,,,,,8.207181790772271,-135.080168727543,-2.1053474767340257,-14.263739988541875,29.296065249139474,-20.447257162004828,3.21,1.47,269,"81.5",27,"93.8",1976,"6.9",716420,641680,663993,543760,673962,608369,694497,665750,666969,"53.63",,,,,,,,23,2,"Sinker",0,2,0,2,2,0,0,2,"Standard","Standard",223,"-0.016","-0.085","62.8","5.2",,,"0.085","88.0",-2,-2,0.368,0.368,28,29,29,29,1,0,5,1,4,2,"1.71","1.02","1.02","38.2",-10.179278963397364,28.74109247527141,19.758798346012025,32.83776322844741,19.598875995905757
"SI","2023-09-27","91.4","-2.25","5.28","Dunning, Dane",664058,641540,,"foul_tip",,,,,6,,"R","R","R","LAA","TEX","S",,,0,0,2023,"-0.98","1.03",0.2793275122942106,2.535544155832677,683021,,,1,3,"Bot",,,,,,,8.617923850339084,-132.87104188880076,-3.2722568309325224,-13.474205849897917,28.461110440889744,-19.48167304360782,3.21,1.47,,,,"92.6",1844,"7.1",716420,641680,663993,543760,673962,608369,694497,665750,666969,"53.42",,,,,,,,23,1,"Sinker",0,2,0,2,2,0,0,2,"Standard","Standard",214,"-0.01","-0.055","68.2","6.6",,,"0.055",,-2,-2,0.378,0.378,28,29,29,29,1,0,5,1,4,2,"1.71","0.98","0.98","36.4",0.5646576156007974,7.916284860163393,25.99378082413884,35.82395703895759,22.975482688140254
"FF","2023-09-27","91.4","-2.25","5.32","Dunning, Dane",665120,641540,"strikeout","swinging_strike",,,,,6,"Jared Walsh strikes out swinging.","R","L","R","LAA","TEX","S",2,,2,2,2023,"-0.37","0.95",0.8210940386613856,2.8021113049578372,683021,,,0,3,"Bot",,,,,,,8.614985183539847,-132.99867244844197,-2.5810921194544525,-6.098264256820259,25.683425446154292,-20.541379317477304,3.56,1.63,,,,"92.7",2006,"6.8",716420,641680,663993,543760,673962,608369,694497,665750,666969,"53.67",,0,"0",1,0,0,,22,6,"4-Seam Fastball",0,2,0,2,2,0,0,2,"Infield shade","Standard",226,"-0.037","-0.288","70.3","6.6","0.636594708",,"0.288",,-2,-2,0.415,0.415,28,29,29,30,1,0,5,1,4,,"1.76","0.37","-0.37","36.0",6.1168895759066535,11.58505470770517,40.10835698104188,26.733782554771953,22.90033275891519
"CH","2023-09-27","86.5","-2.29","5.4","Dunning, Dane",665120,641540,,"ball",,,,,14,,"R","L","R","LAA","TEX","B",,,1,2,2023,"-1.38","0.62",1.0751116059213952,1.5927716973118615,683021,,,0,3,"Bot",,,,,,,10.948453239023024,-125.54741003046742,-4.189741788071135,-16.736670865777484,24.12861862807675,-24.87684262618002,3.65026243684198,1.65397733346855,,,,"87.4",1751,"6.9",716420,641680,663993,543760,673962,608369,694497,665750,666969,"53.59",,,,,,,,22,5,"Changeup",0,2,0,2,2,0,0,2,"Infield shade","Standard",246,"0.006","0.056",,,,,"-0.056",,-2,-2,0.409,0.409,28,29,29,30,1,0,5,1,4,,"2.42","1.38","-1.38","36.1",,,,,
"SL","2023-09-27","80.9","-2.2","5.46","Dunning, Dane",665120,641540,,"foul",,,,,14,,"R","L","R","LAA","TEX","S",,,1,2,2023,"0.33","-0.45",1.1186057370758913,2.575275826719625,683021,,,0,3,"Bot",,,,,,,6.81225523553174,-117.77233668367559,1.038560682269212,1.9517978784377508,20.46379608539115,-36.793280068942366,3.56,1.63,6,"67.8",-23,"81.9",2336,"6.7",716420,641680,663993,543760,673962,608369,694497,665750,666969,"53.76",,,,,,,,22,4,"Slider",0,2,0,2,2,0,0,2,"Infield shade","Standard",31,"0","0","69.6","7.8",,,"0","88.0",-2,-2,0.409,0.409,28,29,29,30,1,0,5,1,4,,"3.91","-0.33","0.33","41.7",22.514275602151205,-18.845877556930205,34.96276829782278,24.01750685781736,35.863297579032256
"SI","2023-09-27","92.5","-2.11","5.42","Dunning, Dane",665120,641540,,"ball",,,,,14,,"R","L","R","LAA","TEX","B",,,0,2,2023,"-1.21","0.48",0.41025435137908395,1.5197989006989294,683021,,,0,3,"Bot",,,,,,,9.159228638977623,-134.32941504751733,-5.203659739297786,-16.587590991545632,29.160848900379282,-25.435651508796088,3.71989790315439,1.70020497870036,,,,"93.5",2040,"7",716420,641680,663993,543760,673962,608369,694497,665750,666969,"53.48",,,,,,,,22,3,"Sinker",0,2,0,2,2,0,0,2,"Infield shade","Standard",216,"0.005","0.029",,,,,"-0.029",,-2,-2,0.404,0.404,28,29,29,30,1,0,5,1,4,,"2.2","1.21","-1.21","37.7",,,,,
"SI","2023-09-27","91.7","-2.24","5.38","Dunning, Dane",665120,641540,,"called_strike",,,,,1,,"R","L","R","LAA","TEX","S",,,0,1,2023,"-1.29","0.46",-0.4488845104939898,3.6011099688313397,683021,,,0,3,"Bot",,,,,,,7.394164496023809,-133.4139224088274,0.3770847029125667,-16.939660711916144,28.384360552987488,-27.006075514583255,3.67347288500787,1.63147921023256,,,,"92.7",2001,"6.9",716420,641680,663993,543760,673962,608369,694497,665750,666969,"53.61",,,,,,,,22,2,"Sinker",0,2,0,2,2,0,0,2,"Infield shade","Standard",213,"-0.011","-0.08",,,,,"0.08",,-2,-2,0.415,0.415,28,29,29,30,1,0,5,1,4,,"2.25","1.29","-1.29","33.7",,,,,
"FC","2023-09-27","89.3","-2.29","5.44","Dunning, Dane",665120,641540,,"foul",,,,,2,,"R","L","R","LAA","TEX","S",,,0,0,2023,"-0.01","0.81",0.004592587654026009,3.0253536590923797,683021,,,0,3,"Bot",,,,,,,5.7566391680498326,-130.02730673686918,-1.6945126894961335,-1.2730071618576944,25.957161485242523,-22.804680062449552,3.56,1.63,163,"71.5",23,"90.7",2074,"7",716420,641680,663993,543760,673962,608369,694497,665750,666969,"53.5",,,,,,,,22,1,"Cutter",0,2,0,2,2,0,0,2,"Infield shade","Standard",220,"-0.007","-0.045","69.7","6.3",,,"0.045","88.0",-2,-2,0.422,0.422,28,29,29,30,1,0,5,1,4,,"2.03","0.01","-0.01","36.8",-5.09953329671385,32.45907800771579,32.90005477846916,35.622503136238954,16.820615230979033
"CH","2023-09-22","85.5","-2.5","5.32","Dunning, Dane",663728,641540,"home_run","hit_into_play",,,,,4,"Cal Raleigh homers (30) on a fly ball to right center field. J.P. Crawford scores. Julio Rodriguez scores.","R","L","R","TEX","SEA","X",,"fly_ball",1,1,2023,"-1.73","0.46",-0.39190897618868203,2.3088545613930904,,641487,677594,0,6,"Top",183.21,39.26,,,,,8.48261383302521,-124.23937384125313,-1.7122956482795395,-19.648481912185122,25.33078560459955,-27.29648073307577,3.5,1.68,419,"106.3",34,"85.7",1803,"6.5",716477,641680,663993,543760,673962,608369,694497,665750,666969,"54",0.769,1.5405238095238094,"2",1,0,3,6,47,3,"Changeup",8,0,0,8,3,8,3,8,"Infield shade","Standard",249,"-0.027","1.002","76.0","7.7",,3.059,"-1.002","106.3",8,-8,0.979,0.02100000000000002,28,26,29,27,3,2,6,2,5,1,"2.67","1.73","-1.73","36.9",13.924738172268897,-3.5800791100188363,32.25443860662909,38.043272388111276,38.39385841278164
"FC","2023-09-22","89.6","-2.28","5.31","Dunning, Dane",663728,641540,,"called_strike",,,,,9,,"R","L","R","TEX","SEA","S",,,1,0,2023,"-0.25","1.01",0.6133206288083062,1.8802104898637473,,641487,677594,0,6,"Top",,,,,,,7.755053860105432,-130.28654333344704,-4.690708657881275,-4.295410735043085,24.655676822016705,-19.888240132353054,3.55251229655707,1.59910758053563,,,,"90.9",2098,"6.9",716477,641680,663993,543760,673962,608369,694497,665750,666969,"53.6",,,,,,,,47,2,"Cutter",8,0,0,8,0,8,0,8,"Infield shade","Standard",216,"0.002","-0.055",,,,,"0.055",,8,-8,0.977,0.02300000000000002,28,26,29,27,3,2,6,2,5,1,"1.81","0.25","-0.25","34.0",,,,,
"SL","2023-09-22","79.8","-2.48","5.37","Dunning, Dane",663728,641540,,"ball",,,,,13,,"R","L","R","TEX","SEA","B",,,0,0,2023,"0.06","-0.36",-1.027985870631015,1.7905231718000398,,641487,677594,0,6,"Top",,,,,,,3.105535389881291,-116.17461045075558,-0.47903643322015477,0.01838936667197667,21.20232698338338,-35.54340067438788,3.44556597336363,1.51915437313722,,,,"80.9",2261,"6.9",716477,641680,663993,543760,673962,608369,694497,665750,666969,"53.56",,,,,,,,47,1,"Slider",8,0,0,8,0,8,0,8,"Infield shade","Standard",45,"-0.002","0.042",,,,,"-0.042",,8,-8,0.979,0.02100000000000002,28,26,29,27,3,2,6,2,5,1,"3.93","-0.06","0.06","32.0",,,,,
"SI","2023-09-22","91.3","-2.42","5.33","Dunning, Dane",677594,641540,"hit_by_pitch","hit_by_pitch",,,,,11,"Julio Rodriguez hit by pitch. J.P. Crawford to 2nd.","R","R","R","TEX","SEA","B",,,2,2,2023,"-1.25","0.66",-1.9711930802368858,3.832761884047224,,,641487,0,6,"Top",,,,,,,3.8755529715092267,-132.91072115569983,0.7488528799753336,-15.679605841065104,29.87622312711318,-24.805304513085396,3.27,1.5,,,,"92.2",2024,"6.9",716477,641680,663993,543760,673962,608369,694497,665750,666969,"53.61",,0.726005,"0.7",1,0,0,,46,5,"Sinker",8,0,0,8,0,8,0,8,"Standard","Standard",216,"-0.009","0.42",,,,,"-0.42",,8,-8,0.988,0.01200000000000001,28,22,29,23,3,2,6,2,5,1,"2.09","1.25","1.25","34.2",,,,,
"SI","2023-09-22","90.8","-2.51","5.26","Dunning, Dane",677594,641540,,"foul",,,,,4,,"R","R","R","TEX","SEA","S",,,2,1,2023,"-1.6","0.33",-0.7840426764329158,2.051272291813753,,,641487,0,6,"Top",,,,,,,7.815506902715505,-131.92426814787203,-2.784990924183873,-20.383231112531735,29.312381490326135,-27.974983072922175,3.27,1.5,4,"74.9",-26,"91.4",2037,"6.8",716477,641680,663993,543760,673962,608369,694497,665750,666969,"53.68",,,,,,,,46,4,"Sinker",8,0,0,8,0,8,0,8,"Standard","Standard",226,"0.002","-0.056","76.2","7.5",,,"0.056","88.0",8,-8,0.986,0.014000000000000012,28,22,29,23,3,2,6,2,5,1,"2.46","1.6","1.6","31.4",1.7359582603280166,7.663239533004609,38.15542168358227,29.84300221855115,26.082610322525866
"SL","2023-09-22","81.3","-2.32","5.22","Dunning, Dane",677594,641540,,"ball",,,,,14,,"R","R","R","TEX","SEA","B",,,1,1,2023,"0.27","-0.34",1.9481123852170328,0.847569970543339,,,641487,0,6,"Top",,,,,,,9.139822025068357,-118.14922323417201,-2.573499562098216,0.8620000427429451,21.458634773936435,-35.11112248584782,3.21559964697336,1.44578374032543,,,,"82.3",2370,"6.9",716477,641680,663993,543760,673962,608369,694497,665750,666969,"53.61",,,,,,,,46,3,"Slider",8,0,0,8,0,8,0,8,"Standard","Standard",59,"-0.001","0.042",,,,,"-0.042",,8,-8,0.987,0.013000000000000012,28,22,29,23,3,2,6,2,5,1,"3.79","-0.27","-0.27","32.7",,,,,
"SI","2023-09-22","90.5","-2.33","5.24","Dunning, Dane",677594,641540,,"ball",,,,,13,,"R","R","R","TEX","SEA","B",,,0,1,2023,"-1.68","0.39",-1.40401817904499,1.2045086484078873,,,641487,0,6,"Top",,,,,,,5.949584031091151,-131.58204041865406,-4.986887631131602,-20.747860547223375,29.02624562970029,-26.701965908877057,3.21559964697336,1.47243081596189,,,,"91.1",1924,"6.8",716477,641680,663993,543760,673962,608369,694497,665750,666969,"53.71",,,,,,,,46,2,"Sinker",8,0,0,8,0,8,0,8,"Standard","Standard",228,"-0.001","0.024",,,,,"-0.024",,8,-8,0.988,0.01200000000000001,28,22,29,23,3,2,6,2,5,1,"2.4","1.68","1.68","32.4",,,,,
"SL","2023-09-22","79","-2.29","5.39","Dunning, Dane",677594,641540,,"foul",,,,,5,,"R","R","R","TEX","SEA","S",,,0,0,2023,"0.25","-0.04",0.0018741864418797827,2.274315365147085,,,641487,0,6,"Top",,,,,,,4.5653138570592215,-115.09487808671346,0.06689797296645184,1.378291358046722,20.68003733889438,-32.74464569788053,3.27,1.5,83,"66.7",8,"79.6",2200,"6.6",716477,641680,663993,543760,673962,608369,694497,665750,666969,"53.92",,,,,,,,46,1,"Slider",8,0,0,8,0,8,0,8,"Standard","Standard",41,"0.001","-0.036","81.1","7.7",,,"0.036","88.0",8,-8,0.987,0.013000000000000012,28,22,29,23,3,2,6,2,5,1,"3.67","-0.25","-0.25","34.1",3.36207926990613,3.5606960014426767,38.323588004558644,37.873308897961266,29.497508195603615
"CH","2023-09-22","85.8","-2.44","5.3","Dunning, Dane",668942,641540,"field_out","hit_into_play",,,,,8,"Josh Rojas flies out to right fielder Adolis Garcia.","R","L","R","TEX","SEA","X",9,"fly_ball",1,0,2023,"-1.47","0.37",0.14361505084492543,1.616568351057817,,672284,,2,5,"Top",209.11,114.74,,,,,9.131851806205415,-124.67873120931813,-3.206207199190738,-17.197300638281252,24.735941865357606,-27.842030328325965,3.43,1.66,291,"82.1",34,"86.3",1777,"6.6",716477,641680,663993,543760,673962,608369,694497,665750,666969,"53.86",0.037,0.043,"0",1,0,0,3,35,2,"Changeup",4,0,0,4,0,4,0,4,"Infield shade","Standard",254,"0.021","-0.315","66.2","8.4",,0.067,"0.315","88.0",4,-4,0.91,0.08999999999999997,28,29,29,29,2,1,6,2,5,2,"2.73","1.47","-1.47","28.4",20.95805762327159,-23.597061772867285,37.485375092061766,36.71339448370562,39.68760008737924
"FC","2023-09-22","89.4","-2.43","5.37","Dunning, Dane",668942,641540,,"ball",,,,,13,,"R","L","R","TEX","SEA","B",,,0,0,2023,"-0.23","0.72",-0.31860275356702744,1.1190421658666223,,672284,,2,5,"Top",,,,,,,5.772882152524334,-130.09678582169582,-6.106010546950875,-3.7348707446045175,25.488354457071626,-22.94856557050004,3.56271797262563,1.68572742539873,,,,"91",2037,"7.1",716477,641680,663993,543760,673962,608369,694497,665750,666969,"53.42",,,,,,,,35,1,"Cutter",4,0,0,4,0,4,0,4,"Infield shade","Standard",220,"-0.001","0.02",,,,,"-0.02",,4,-4,0.911,0.08899999999999997,28,29,29,29,2,1,6,2,5,2,"2.12","0.23","-0.23","36.7",,,,,
"CH","2023-09-22","84.6","-2.39","5.37","Dunning, Dane",686527,641540,"field_out","hit_into_play",,,,,11,"Dominic Canzone grounds out, pitcher Dane Dunning to first baseman Nathaniel Lowe.","R","L","R","TEX","SEA","X",1,"ground_ball",0,1,2023,"-1.52","0.34",-1.334605630110048,2.4144037436063712,,672284,,1,5,"Top",128.21,185.24,,,,,5.521710799945677,-123.08265519360619,-1.223884585885155,-16.52026747817372,24.000161031094247,-28.665088548652985,3.01,1.31,7,"87.9",-18,"85.1",1638,"6.6",716477,641680,663993,543760,673962,608369,694497,665750,666969,"53.89",0.071,0.069,"0",1,0,0,2,34,2,"Changeup",4,0,0,4,0,4,0,4,"Standard","Standard",254,"0.022","-0.237","68.3","7.2",,0.09,"0.237","88.0",4,-4,0.889,0.11099999999999999,28,25,29,26,2,1,6,2,5,2,"2.84","1.52","-1.52","32.8",14.301481437689427,18.62287705389657,26.853977595716547,50.080763672899266,26.822144493963872
"CH","2023-09-22","85.2","-2.34","5.34","Dunning, Dane",686527,641540,,"swinging_strike",,,,,4,,"R","L","R","TEX","SEA","S",,,0,0,2023,"-1.52","0.27",-0.4381404329725964,2.3784518148443476,,672284,,1,5,"Top",,,,,,,7.568991701113816,-123.85302052000456,-1.1739184343964615,-17.134896947913838,24.693163922916828,-29.35845905280778,3.01,1.31,,,,"85.7",1876,"6.7",716477,641680,663993,543760,673962,608369,694497,665750,666969,"53.83",,,,,,,,34,1,"Changeup",4,0,0,4,0,4,0,4,"Standard","Standard",251,"0.004","-0.038","74.6","8.1","2.160774216",,"0.038",,4,-4,0.885,0.11499999999999999,28,25,29,26,2,1,6,2,5,2,"2.87","1.52","-1.52","37.9",26.725049894643963,-23.872548664869548,35.72312511233179,39.27697277125977,48.677100360945616
"SL","2023-09-22","80.5","-2.25","5.43","Dunning, Dane",664034,641540,"field_out","hit_into_play",,,,,8,"Ty France grounds out, third baseman Josh Jung to first baseman Nathaniel Lowe.","R","R","R","TEX","SEA","X",5,"ground_ball",0,0,2023,"0.01","-0.24",0.13504734280391645,1.655426482520224,,672284,,0,5,"Top",113.67,168.89,,,,,5.342085264021153,-117.20126905874429,-1.2648370765257784,-0.9080758731361409,21.86237105617186,-34.342204476260214,3.25,1.48,19,"95.5",-4,"81.6",2314,"6.9",716477,641680,663993,543760,673962,608369,694497,665750,666969,"53.56",0.221,0.199,"0",1,0,0,2,33,1,"Slider",4,0,0,4,0,4,0,4,"Standard","Standard",50,"0.033","-0.215","70.1","8.3",,0.257,"0.215","95.5",4,-4,0.852,0.14800000000000002,28,28,29,29,2,1,6,2,5,1,"3.75","-0.01","-0.01","31.6",24.181211763299274,-6.812237401829898,35.78432621397892,36.08365161042829,39.48287721246027
"SI","2023-09-22","90.8","-2.44","5.21","Dunning, Dane",553993,641540,"force_out","hit_into_play",,,,,5,"Eugenio Suarez grounds into a force out, fielded by second baseman Marcus Semien. Teoscar Hernandez out at 2nd.","R","R","R","TEX","SEA","X",4,"ground_ball",0,0,2023,"-1.34","0.6",0.04694542212798747,2.2240113350587905,,,606192,2,4,"Top",137.9,155.56,,,,,9.205917898008073,-131.9711328500266,-2.8224119077026644,-17.652155281854533,28.72747427627351,-24.809275908949907,3.44,1.58,148,"94.5",10,"91.7",2027,"7",716477,641680,663993,543760,673962,608369,694497,665750,666969,"53.53",0.711,0.662,"0",1,0,0,4,28,1,"Sinker",4,0,0,4,0,4,0,4,"Infield shade","Standard",229,"0.015","-0.286","67.0","7.1",,0.813,"0.286","94.5",4,-4,0.897,0.10299999999999998,28,31,29,32,2,1,6,2,5,1,"2.18","1.34","1.34","30.7",8.579473242402543,15.53789565455505,37.665443384360515,35.67689342386794,23.72232059024772
"SI","2023-09-22","91.3","-2.29","5.3","Dunning, Dane",664034,641540,"strikeout","swinging_strike",,,,,3,"Ty France strikes out swinging.","R","R","R","TEX","SEA","S",2,,1,2,2023,"-1.08","0.49",0.30573935446461853,3.2746704382113863,,,672284,2,2,"Top",,,,,,,8.892569384132731,-132.72657792330833,-0.2883108752965313,-14.581379612830023,27.18150162921665,-26.4786977871351,3.25,1.48,,,,"92",2055,"6.7",716477,641680,663993,543760,673962,608369,694497,665750,666969,"53.84",,0,"0",1,0,0,,12,4,"Sinker",1,0,0,1,0,1,0,1,"Standard","Standard",223,"0.017","-0.206","66.0","5.8","0.109536816",,"0.206",,1,-1,0.639,0.361,28,28,29,29,1,0,6,2,5,1,"2.24","1.08","1.08","31.5",-7.799416336038232,41.974010878160804,28.684679895963765,38.95848196048135,5.749692447175104
"SL","2023-09-22","80.9","-2.32","5.44","Dunning, Dane",664034,641540,,"foul",,,,,9,,"R","R","R","TEX","SEA","S",,,1,1,2023,"0.16","-0.22",0.7432843794189947,1.38069855272885,,,672284,2,2,"Top",,,,,,,6.5742550291497786,-117.68882008619462,-1.9828312632721206,0.18431087067460494,23.290860524565375,-34.00106041081301,3.25,1.48,1,"63.7",-48,"81.3",2477,"6.7",716477,641680,663993,543760,673962,608369,694497,665750,666969,"53.83",,,,,,,,12,3,"Slider",1,0,0,1,0,1,0,1,"Standard","Standard",38,"0.006","-0.06","69.7","8.3",,,"0.06","88.0",1,-1,0.633,0.367,28,28,29,29,1,0,6,2,5,1,"3.71","-0.16","-0.16","39.8",19.58870833386933,2.2909917110858515,34.24323954619207,43.66106832437063,36.43268524141236
"FC","2023-09-22","88.7","-2.41","5.38","Dunning, Dane",664034,641540,,"called_strike",,,,,6,,"R","R","R","TEX","SEA","S",,,1,0,2023,"-0.13","0.99",0.7289556843224719,2.0072267154474224,,,672284,2,2,"Top",,,,,,,8.028403853311906,-128.95159829669035,-4.294984052387711,-3.026402710506029,25.989577097668114,-20.460466427356597,3.22231984644811,1.45243240047775,,,,"89.7",2094,"6.9",716477,641680,663993,543760,673962,608369,694497,665750,666969,"53.63",,,,,,,,12,2,"Cutter",1,0,0,1,0,1,0,1,"Standard","Standard",214,"0.003","-0.05",,,,,"0.05",,1,-1,0.63,0.37,28,28,29,29,1,0,6,2,5,1,"1.91","0.13","0.13","35.1",,,,,
"SL","2023-09-22","81.3","-2.38","5.32","Dunning, Dane",664034,641540,,"ball",,,,,14,,"R","R","R","TEX","SEA","B",,,0,0,2023,"0.16","-0.23",0.9763593038899963,0.8258298213063178,,,672284,2,2,"Top",,,,,,,7.301212010340399,-118.20459204884251,-2.994100676644657,0.008052669482182473,23.743752927402245,-33.92996350757104,3.14217368603226,1.39914083574534,,,,"81.9",2423,"6.9",716477,641680,663993,543760,673962,608369,694497,665750,666969,"53.63",,,,,,,,12,1,"Slider",1,0,0,1,0,1,0,1,"Standard","Standard",40,"-0.002","0.03",,,,,"-0.03",,1,-1,0.632,0.368,28,28,29,29,1,0,6,2,5,1,"3.7","-0.16","-0.16","35.2",,,,,
"CH","2023-09-16","85.5","-2.47","5.33","Dunning, Dane",665926,641540,"grounded_into_double_play","hit_into_play",,,,,13,"Andres Gimenez grounds into a double play, second baseman Marcus Semien to shortstop Corey Seager to first baseman Nathaniel Lowe. Kole Calhoun out at 2nd. Andres Gimenez out at 1st.","R","L","R","CLE","TEX","X",4,"ground_ball",1,2,2023,"-1.21","0.57",-0.774892447881268,1.1567897547951254,,608070,594777,1,5,"Bot",147.81,155.71,,,,,6.491140302962013,-124.436647412022,-4.7861485206052885,-13.821165233633316,23.18684613912903,-25.512642754127345,3.2,1.47,47,"87",1,"86.4",1902,"6.7",716562,641680,663993,543760,669701,608369,694497,665750,543257,"53.79",0.324,0.298,"0",1,0,0,2,43,6,"Changeup",0,1,0,1,1,0,0,1,"Standard","Standard",245,"-0.115","-0.256","64.1","7.1",,0.328,"0.256","88.0",-1,-1,0.455,0.455,28,24,29,25,3,2,5,1,6,1,"2.53","1.21","-1.21","35.9",2.406128162230405,5.085795585922185,35.76471515197025,44.586850008581635,32.711347816894474
"SL","2023-09-16","81.6","-2.35","5.41","Dunning, Dane",665926,641540,,"foul",,,,,14,,"R","L","R","CLE","TEX","S",,,1,2,2023,"0.14","-0.06",0.18543277843355144,0.7084217766205816,,608070,594777,1,5,"Bot",,,,,,,5.490919809640413,-118.7861483963895,-3.9393415786252826,0.3049998506266215,21.80498232681543,-32.17246971764903,3.2,1.47,,,,"82.4",2391,"6.7",716562,641680,663993,543760,669701,608369,694497,665750,543257,"53.77",,,,,,,,43,5,"Slider",0,1,0,1,1,0,0,1,"Standard","Standard",64,"0","0","58.8","7.8",,,"0",,-1,-1,0.455,0.455,28,24,29,25,3,2,5,1,6,1,"3.46","-0.14","0.14","39.6",23.52239605204704,-19.392283622196636,41.30464070556196,34.44743506402329,45.67013010719565
"FC","2023-09-16","88.8","-2.41","5.29","Dunning, Dane",665926,641540,,"foul",,,,,8,,"R","L","R","CLE","TEX","S",,,1,2,2023,"0.19","0.64",0.2716131514864398,1.9031766372550492,,608070,594777,1,5,"Bot",,,,,,,6.243118507615833,-129.3387314716514,-3.695754999577832,0.9871485710986915,24.32894494727791,-24.405955337713113,3.2,1.47,3,"87.7",-36,"90.4",2211,"7",716562,641680,663993,543760,669701,608369,694497,665750,543257,"53.51",,,,,,,,43,4,"Cutter",0,1,0,1,1,0,0,1,"Standard","Standard",205,"0","0","65.6","5.8",,,"0","88.0",-1,-1,0.455,0.455,28,24,29,25,3,2,5,1,6,1,"2.22","-0.19","0.19","36.8",-0.27963165988541894,15.064040400998822,37.788551559611825,31.4534989514339,25.882252715860428
"CH","2023-09-16","86.2","-2.41","5.34","Dunning, Dane",665926,641540,,"blocked_ball",,,,,14,,"R","L","R","CLE","TEX","B",,,0,2,2023,"-1.36","0.19",0.16327434488787862,0.11115281476376948,,608070,594777,1,5,"Bot",,,,,,,8.958986549611348,-125.16236822264509,-6.6433434952156905,-16.034155772438694,24.03231111571405,-29.05737980166862,3.09752574111181,1.39294819863027,,,,"87.2",1749,"6.9",716562,641680,663993,543760,669701,608369,694497,665750,543257,"53.55",,,,,,,,43,3,"Changeup",0,1,0,1,1,0,0,1,"Standard","Standard",247,"0.007","0.022",,,,,"-0.022",,-1,-1,0.448,0.448,28,24,29,25,3,2,5,1,6,1,"2.88","1.36","-1.36","35.2",,,,,
"CH","2023-09-16","85.3","-2.38","5.35","Dunning, Dane",665926,641540,,"swinging_strike",,,,,13,,"R","L","R","CLE","TEX","S",,,0,1,2023,"-1.26","0.46",-0.44786651991116133,1.0390461259953385,,608070,594777,1,5,"Bot",,,,,,,7.156318127681944,-124.00410819106557,-4.8211309146667505,-14.410484292365721,23.555348099342154,-26.636976320727623,3.2,1.47,,,,"86.3",1802,"6.9",716562,641680,663993,543760,669701,608369,694497,665750,543257,"53.64",,,,,,,,43,2,"Changeup",0,1,0,1,1,0,0,1,"Standard","Standard",245,"-0.018","-0.05","72.3","7.8","0.956192688",,"0.05",,-1,-1,0.466,0.466,28,24,29,25,3,2,5,1,6,1,"2.66","1.26","-1.26","36.3",15.099607128032046,-9.586836253435681,38.53474633877862,42.1490229767459,38.681468708857125
"FC","2023-09-16","87.8","-2.45","5.35","Dunning, Dane",665926,641540,,"foul",,,,,1,,"R","L","R","CLE","TEX","S",,,0,0,2023,"0.12","1.08",-0.2886259491631973,3.005596500791836,,608070,594777,1,5,"Bot",,,,,,,5.048538854630488,-127.9384015720596,-1.8741933208774384,0.406200168988097,23.349492711471967,-20.106431493596,3.2,1.47,165,"71.5",67,"89.2",2093,"6.8",716562,641680,663993,543760,669701,608369,694497,665750,543257,"53.68",,,,,,,,43,1,"Cutter",0,1,0,1,1,0,0,1,"Standard","Standard",210,"-0.01","-0.04","67.3","6.8",,,"0.04","88.0",-1,-1,0.476,0.476,28,24,29,25,3,2,5,1,6,1,"1.85","-0.12","0.12","38.9",7.107205901414185,4.317280278714812,25.401035769875083,40.476083613873264,28.979458487081075
"CH","2023-09-16","86.3","-2.52","5.32","Dunning, Dane",594777,641540,"walk","ball",,,,,11,"Kole Calhoun walks.","R","L","R","CLE","TEX","B",,,3,1,2023,"-1.27","0.37",-1.4235286723266793,2.8452883060470016,,608070,,1,5,"Bot",,,,,,,5.231776696127852,-125.65386899511675,-0.4592400786585347,-14.477366862191017,23.772859757342633,-28.343560406601142,2.90833046853756,1.312965117955,,,,"87.2",1793,"6.7",716562,641680,663993,543760,669701,608369,694497,665750,543257,"53.85",,0.695903,"0.7",1,0,0,,42,5,"Changeup",0,1,0,1,1,0,0,1,"Infield shade","Standard",248,"0.019","0.123",,,,,"-0.123",,-1,-1,0.457,0.457,28,35,29,36,3,2,5,1,6,2,"2.67","1.27","-1.27","40.1",,,,,
"CH","2023-09-16","84.8","-2.45","5.38","Dunning, Dane",594777,641540,,"ball",,,,,11,,"R","L","R","CLE","TEX","B",,,2,1,2023,"-1.42","0.71",-1.5047200869880417,3.3791094601920104,,608070,,1,5,"Bot",,,,,,,5.095702785338464,-123.35085033787742,0.25484381335885453,-15.504162772699523,24.78334598302225,-25.230424467254625,2.93345499713377,1.3630415688783,,,,"85.4",1863,"6.7",716562,641680,663993,543760,669701,608369,694497,665750,543257,"53.78",,,,,,,,42,4,"Changeup",0,1,0,1,1,0,0,1,"Infield shade","Standard",241,"0.009","0.062",,,,,"-0.062",,-1,-1,0.448,0.448,28,35,29,36,3,2,5,1,6,2,"2.47","1.42","-1.42","35.8",,,,,
"FC","2023-09-16","89.5","-2.39","5.38","Dunning, Dane",594777,641540,,"foul",,,,,5,,"R","L","R","CLE","TEX","S",,,2,0,2023,"0.03","1.01",-0.14506982092301557,2.0485513109300646,,608070,,1,5,"Bot",,,,,,,5.535064783891356,-130.37414411818045,-4.516912317455944,-0.5316542822255993,21.814847585324586,-19.82013441615893,2.86,1.39,212,"73.8",30,"91.3",2111,"6.9",716562,641680,663993,543760,669701,608369,694497,665750,543257,"53.65",,,,,,,,42,3,"Cutter",0,1,0,1,1,0,0,1,"Infield shade","Standard",215,"-0.006","-0.032","66.9","6.1",,,"0.032","88.0",-1,-1,0.454,0.454,28,35,29,36,3,2,5,1,6,2,"1.78","-0.03","0.03","36.0",-6.3577334046725476,19.797289544592893,37.28308057435887,37.07065029543363,17.805870700144215
"CH","2023-09-16","85.8","-2.58","5.32","Dunning, Dane",594777,641540,,"ball",,,,,13,,"R","L","R","CLE","TEX","B",,,1,0,2023,"-1.27","0.34",-0.005202194765259849,0.9606309066545888,,608070,,1,5,"Bot",,,,,,,8.737807968505344,-124.7517218887287,-4.82858478639083,-14.931796785370123,22.58528970936247,-27.86116556171508,2.93345499713377,1.3630415688783,,,,"87",1819,"6.8",716562,641680,663993,543760,669701,608369,694497,665750,543257,"53.66",,,,,,,,42,2,"Changeup",0,1,0,1,1,0,0,1,"Infield shade","Standard",244,"0.006","0.036",,,,,"-0.036",,-1,-1,0.448,0.448,28,35,29,36,3,2,5,1,6,2,"2.74","1.27","-1.27","38.0",,,,,
"CH","2023-09-16","84.7","-2.48","5.33","Dunning, Dane",594777,641540,,"ball",,,,,8,,"R","L","R","CLE","TEX","B",,,0,0,2023,"-1.2","0.42",-0.2186982305199312,1.5871075224423028,,,608070,1,5,"Bot",,,,,,,7.784372367619933,-123.16876363382715,-3.3201892987671853,-13.74604112975863,21.90512298958764,-27.450009485204873,2.90641829465811,1.38616425242091,,,,"86.2",1662,"7",716562,641680,663993,543760,669701,608369,694497,665750,543257,"53.47",,,,,,,,42,1,"Changeup",0,1,0,1,1,0,0,1,"Infield shade","Standard",247,"0.028","0.036",,,,,"-0.036",,-1,-1,0.42,0.42,28,35,29,36,3,2,5,1,6,2,"2.74","1.2","-1.2","38.0",,,,,
"CH","2023-09-16","84.8","-2.47","5.32","Dunning, Dane",647304,641540,"strikeout","swinging_strike",,,,,9,"Josh Naylor strikes out swinging.","R","L","R","CLE","TEX","S",2,,0,2,2023,"-1.27","0.35",0.6156715833684756,1.5978661678710226,,,608070,0,5,"Bot",,,,,,,9.825311434247846,-123.14758386087576,-3.1088581252009435,-14.766950255629745,22.24515493407411,-28.209702834093026,3.14,1.47,,,,"85.7",1665,"6.8",716562,641680,663993,543760,669701,608369,694497,665750,543257,"53.71",,0,"0",1,0,0,,41,4,"Changeup",0,1,0,1,1,0,0,1,"Infield shade","Standard",248,"-0.031","-0.156","75.1","7.6","0.8931597",,"0.156",,-1,-1,0.451,0.451,28,26,29,26,3,2,5,1,6,1,"2.81","1.27","-1.27","35.8",10.278717590600074,-19.606164061662028,40.72738035890202,30.70027605898293,36.02783582829316
"FC","2023-09-16","89.6","-2.34","5.44","Dunning, Dane",647304,641540,,"foul",,,,,6,,"R","L","R","CLE","TEX","S",,,0,2,2023,"-0.13","1.13",0.43548769096360906,2.413446526333097,,,608070,0,5,"Bot",,,,,,,7.222124244080009,-130.44893903423872,-3.9862310430663452,-2.8367508000346096,24.17754975330655,-18.590827355771694,3.14,1.47,184,"69.3",58,"91.1",2111,"6.9",716562,641680,663993,543760,669701,608369,694497,665750,543257,"53.58",,,,,,,,41,3,"Cutter",0,1,0,1,1,0,0,1,"Infield shade","Standard",214,"0","0","78.9","7.3",,,"0","88.0",-1,-1,0.451,0.451,28,26,29,26,3,2,5,1,6,1,"1.68","0.13","-0.13","38.9",7.108771740728915,-2.0664354217696017,36.78172950216323,31.94186903173879,25.145753737684657
"CH","2023-09-16","83.8","-2.36","5.4","Dunning, Dane",647304,641540,,"swinging_strike",,,,,7,,"R","L","R","CLE","TEX","S",,,0,1,2023,"-1.33","0.36",-0.375299192089801,1.5732866406314274,,,608070,0,5,"Bot",,,,,,,7.24028665502753,-121.91914311497361,-3.192581023255428,-14.695740386863344,22.519044003232203,-28.182926774539702,3.14,1.47,,,,"84.4",1661,"6.5",716562,641680,663993,543760,669701,608369,694497,665750,543257,"53.96",,,,,,,,41,2,"Changeup",0,1,0,1,1,0,0,1,"Infield shade","Standard",242,"-0.012","-0.043","69.6","8.7","2.407190412",,"0.043",,-1,-1,0.463,0.463,28,26,29,26,3,2,5,1,6,1,"2.87","1.33","-1.33","35.6",23.79139627738357,-29.044568306515302,31.644420101085515,42.953684798404154,41.55339639697696
"CH","2023-09-16","82.9","-2.45","5.44","Dunning, Dane",647304,641540,,"foul",,,,,4,,"R","L","R","CLE","TEX","S",,,0,0,2023,"-1.36","0.38",-0.7646987501675888,2.320016990954605,,,608070,0,5,"Bot",,,,,,,6.5850617294362825,-120.62576007347832,-1.4025690335334238,-14.52307591231703,22.50023087681215,-28.43830949233248,3.14,1.47,163,"59.8",48,"83.9",1636,"6.9",716562,641680,663993,543760,669701,608369,694497,665750,543257,"53.63",,,,,,,,41,1,"Changeup",0,1,0,1,1,0,0,1,"Infield shade","Standard",250,"-0.008","-0.036","76.4","8.1",,,"0.036","88.0",-1,-1,0.471,0.471,28,26,29,26,3,2,5,1,6,1,"2.93","1.36","-1.36","36.4",10.68346345907986,-16.05456007054622,27.504673805713566,47.32224730438524,35.23078558608289
"SI","2023-09-16","91","-2.36","5.36","Dunning, Dane",666310,641540,"field_out","hit_into_play",,,,,6,"Bo Naylor pops out to third baseman Josh H. Smith.","R","L","R","CLE","TEX","X",5,"popup",0,1,2023,"-1.25","0.72",0.42207112959338544,2.6806333540575693,,594777,686823,2,3,"Bot",88.42,152.68,,,,,9.697544506539261,-132.0526153931335,-2.2860695560059456,-16.764851471010363,30.765197558760967,-23.543094018217246,3.4,1.55,150,"87.8",67,"91",2086,"6.6",716562,641680,663993,543760,669701,608369,694497,665750,543257,"53.85",0.005,0.007,"0",1,0,0,3,27,2,"Sinker",0,0,0,0,0,0,0,0,"Infield shade","Standard",225,"-0.042","-0.256","72.6","7.0",,0.009,"0.256","88.0",0,0,0.542,0.542,28,23,29,23,2,1,5,1,6,2,"2.07","1.25","-1.25","36.1",13.727238903599321,-7.264157367630499,28.524760241076734,32.456992805299166,34.94166501794312
"CH","2023-09-16","85.6","-2.45","5.43","Dunning, Dane",666310,641540,,"called_strike",,,,,1,,"R","L","R","CLE","TEX","S",,,0,0,2023,"-1.46","0.46",-0.7369396549110334,2.752504635621217,,594777,686823,2,3,"Bot",,,,,,,7.0027992389840605,-124.44484587652553,-0.9276840944969789,-16.619919258401623,26.356678077956733,-27.44893693513412,3.29746882575691,1.47293159753786,,,,"85.6",1776,"6.5",716562,641680,663993,543760,669701,608369,694497,665750,543257,"54.04",,,,,,,,27,1,"Changeup",0,0,0,0,0,0,0,0,"Infield shade","Standard",248,"-0.007","-0.04",,,,,"0.04",,0,0,0.549,0.549,28,23,29,23,2,1,5,1,6,2,"2.67","1.46","-1.46","37.4",,,,,
"CH","2023-09-16","85.7","-2.34","5.34","Dunning, Dane",686823,641540,"walk","ball",,,,,14,"Will Brennan walks. Kole Calhoun to 2nd.","R","L","R","CLE","TEX","B",,,3,2,2023,"-1.55","0.38",1.1844599002049438,0.6029001019809863,,,594777,2,3,"Bot",,,,,,,11.567245522560658,-124.14822313705079,-5.7021909033044285,-18.336325846361405,24.801476305978785,-27.1676798040997,3.35261578662856,1.46787898521281,,,,"86.4",1708,"7",716562,641680,663993,543760,669701,608369,694497,665750,543257,"53.53",,0.695903,"0.7",1,0,0,,26,6,"Changeup",0,0,0,0,0,0,0,0,"Standard","Standard",248,"0.02","0.258",,,,,"-0.258",,0,0,0.529,0.529,28,25,29,25,2,1,5,1,6,1,"2.75","1.55","-1.55","35.2",,,,,
"FC","2023-09-16","89.2","-2.49","5.46","Dunning, Dane",686823,641540,,"ball",,,,,12,,"R","L","R","CLE","TEX","B",,,2,2,2023,"-0.26","1.08",0.08192228399747542,4.734794507586171,,,594777,2,3,"Bot",,,,,,,6.902810646959262,-129.76317634143336,1.9620934657861095,-4.286707383145084,25.754552604559763,-20.527061623679526,3.35261578662856,1.51797715901047,,,,"89.9",2184,"6.6",716562,641680,663993,543760,669701,608369,694497,665750,543257,"53.9",,,,,,,,26,5,"Cutter",0,0,0,0,0,0,0,0,"Standard","Standard",208,"0.007","0.065",,,,,"-0.065",,0,0,0.522,0.522,28,25,29,25,2,1,5,1,6,1,"1.77","0.26","-0.26","37.3",,,,,
"FC","2023-09-16","88.5","-2.35","5.51","Dunning, Dane",686823,641540,,"swinging_strike",,,,,3,,"R","L","R","CLE","TEX","S",,,2,1,2023,"0.05","0.95",0.6273754543190825,3.54934218896965,,,594777,2,3,"Bot",,,,,,,7.249890111659619,-128.8397983424032,-0.750691446909694,-0.7966465614894537,23.475876468526703,-21.59047595084954,3.43,1.57,,,,"89.9",2266,"6.9",716562,641680,663993,543760,669701,608369,694497,665750,543257,"53.65",,,,,,,,26,4,"Cutter",0,0,0,0,0,0,0,0,"Standard","Standard",198,"-0.006","-0.063","59.9","5.2","1.074562608",,"0.063",,0,0,0.528,0.528,28,25,29,25,2,1,5,1,6,1,"1.93","-0.05","0.05","37.3",-7.856893985538345,28.82241198288466,30.40485090794927,26.93387758828984,15.483593575406339
"FC","2023-09-16","88.2","-2.42","5.45","Dunning, Dane",686823,641540,,"foul",,,,,6,,"R","L","R","CLE","TEX","S",,,2,0,2023,"-0.12","0.93",0.6546497285363,2.5950186436728635,,,594777,2,3,"Bot",,,,,,,7.781503481167935,-128.32862179861775,-2.856818028486609,-2.742063243426177,22.94092970588259,-21.494226242213912,3.43,1.57,175,"65.2",25,"89.2",2158,"6.6",716562,641680,663993,543760,669701,608369,694497,665750,543257,"53.88",,,,,,,,26,3,"Cutter",0,0,0,0,0,0,0,0,"Standard","Standard",206,"-0.005","-0.051","71.4","6.8",,,"0.051","88.0",0,0,0.533,0.533,28,25,29,25,2,1,5,1,6,1,"1.97","0.12","-0.12","38.6",4.531565279378489,-1.4238280438163369,38.75705692713531,26.307142010144325,27.995327655581068
"SI","2023-09-16","90.6","-2.49","5.37","Dunning, Dane",686823,641540,,"ball",,,,,11,,"R","L","R","CLE","TEX","B",,,1,0,2023,"-1.17","0.91",-1.3919349629631774,3.85528209997224,,,594777,2,3,"Bot",,,,,,,5.2784799859099785,-131.79935491827297,0.2330462803372243,-14.754649674929286,28.64718345036332,-21.90486472954538,3.37777300389219,1.49292719158605,,,,"91.1",2115,"6.7",716562,641680,663993,543760,669701,608369,694497,665750,543257,"53.85",,,,,,,,26,2,"Sinker",0,0,0,0,0,0,0,0,"Standard","Standard",219,"0.005","0.037",,,,,"-0.037",,0,0,0.528,0.528,28,25,29,25,2,1,5,1,6,1,"1.88","1.17","-1.17","34.2",,,,,
"KC","2023-09-16","75.2","-2.44","5.48","Dunning, Dane",686823,641540,,"ball",,,,,11,,"R","L","R","CLE","TEX","B",,,0,0,2023,"1.21","-0.97",-1.1511701131056504,3.0702871856189944,,,594777,2,3,"Bot",,,,,,,0.5228744107731466,-109.36240646402341,3.925861877958213,9.53481132525708,20.529900162247067,-40.89742728931425,3.32746043386895,1.49292719158605,,,,"75.1",2089,"6.4",716562,641680,663993,543760,669701,608369,694497,665750,543257,"54.13",,,,,,,,26,1,"Knuckle Curve",0,0,0,0,0,0,0,0,"Standard","Standard",38,"0.002","0.03",,,,,"-0.03",,0,0,0.526,0.526,28,25,29,25,2,1,5,1,6,1,"5.03","-1.21","1.21","38.1",,,,,
"FC","2023-09-16","89.6","-2.47","5.4","Dunning, Dane",665926,641540,"field_out","hit_into_play",,,,,6,"Andres Gimenez pops out to shortstop Corey Seager.","R","L","R","CLE","TEX","X",6,"popup",0,2,2023,"-0.17","1.04",0.7813085309384057,2.4559000638246937,,,594777,1,3,"Bot",107.79,130.34,,,,,8.457178278081878,-130.3946039758409,-3.569201177718916,-3.48857070097295,24.47182794249943,-19.6484056513137,3.2,1.47,182,"60.3",29,"90.8",2188,"6.8",716562,641680,663993,543760,669701,608369,694497,665750,543257,"53.7",0.561,0.504,"0",1,0,0,4,25,3,"Cutter",0,0,0,0,0,0,0,0,"Standard","Standard",208,"-0.019","-0.162","59.1","5.7",,0.591,"0.162","88.0",0,0,0.545,0.545,28,24,29,25,2,1,5,1,6,1,"1.77","0.17","-0.17","39.1",-1.579489959659271,5.828504120294418,39.96626909777005,25.553773358258148,24.191804833348783
"FC","2023-09-16","87.8","-2.42","5.44","Dunning, Dane",665926,641540,,"swinging_strike",,,,,14,,"R","L","R","CLE","TEX","S",,,0,1,2023,"-0.24","1.04",1.0814634226603146,2.30696813127176,,,594777,1,3,"Bot",,,,,,,9.040211567059782,-127.63324777717072,-3.670004851253528,-4.3398978500009635,24.760726134836517,-20.216056291617846,3.2,1.47,,,,"88.7",2184,"6.8",716562,641680,663993,543760,669701,608369,694497,665750,543257,"53.72",,,,,,,,25,2,"Cutter",0,0,0,0,0,0,0,0,"Standard","Standard",207,"-0.008","-0.053","32.1","4.9","2.134555392",,"0.053",,0,0,0.553,0.553,28,24,29,25,2,1,5,1,6,1,"1.91","0.24","-0.24","36.8",-19.483085116250574,31.573713167403902,47.4951247617168,22.71088193858464,12.202757395325296
"CH","2023-09-16","84.2","-2.47","5.41","Dunning, Dane",665926,641540,,"called_strike",,,,,1,,"R","L","R","CLE","TEX","S",,,0,0,2023,"-1.26","0.8",-0.6354211196904664,2.9692070543918763,,,594777,1,3,"Bot",,,,,,,6.797861205541596,-122.50705734961595,-0.8671490675033084,-14.066836964901917,24.700735842851135,-24.148180840501343,3.17294644640932,1.39294819863027,,,,"84.6",1692,"6.6",716562,641680,663993,543760,669701,608369,694497,665750,543257,"53.88",,,,,,,,25,1,"Changeup",0,0,0,0,0,0,0,0,"Standard","Standard",248,"-0.005","-0.042",,,,,"0.042",,0,0,0.558,0.558,28,24,29,25,2,1,5,1,6,1,"2.42","1.26","-1.26","35.5",,,,,
"CH","2023-09-16","85.4","-2.44","5.3","Dunning, Dane",608070,641540,"strikeout","swinging_strike",,,,,8,"Jose Ramirez strikes out swinging.","R","L","R","CLE","TEX","S",2,,3,2,2023,"-1.33","0.36",-0.18778806978813067,1.4574004894961585,666310,664702,680757,2,2,"Bot",,,,,,,8.077807108454548,-124.15383363852509,-3.5269059902629922,-15.382375799088779,23.762340675642974,-27.902529547148447,3.39,1.56,,,,"86.4",1890,"6.9",716562,641680,663993,543760,669701,608369,694497,665750,543257,"53.62",,0,"0",1,0,0,,18,6,"Changeup",0,0,0,0,0,0,0,0,"Infield shade","Standard",250,"-0.092","-0.279","65.2","8.5","2.246638332",,"0.279",,0,0,0.592,0.592,28,30,29,31,2,1,5,1,6,1,"2.76","1.33","-1.33","34.8",21.626982328648666,-43.639982280081384,32.08270636557454,34.27412961725539,52.43212843131671
"SL","2023-09-16","82.2","-2.33","5.35","Dunning, Dane",608070,641540,,"blocked_ball",,,,,14,,"R","L","R","CLE","TEX","B",,,2,2,2023,"0.26","-0.35",0.8900550094646645,0.3276162087830077,666310,664702,680757,2,2,"Bot",,,,,,,6.852880484262787,-119.65873572225438,-4.261993987547172,1.2597141470499107,21.335392437760657,-34.92930399750998,3.28747195517668,1.50797851865006,,,,"83.1",2423,"6.7",716562,641680,663993,543760,669701,608369,694497,665750,543257,"53.78",,,,,,,,18,5,"Slider",0,0,0,0,0,0,0,0,"Infield shade","Standard",40,"0.027","0.058",,,,,"-0.058",,0,0,0.565,0.565,28,30,29,31,2,1,5,1,6,1,"3.7","-0.26","0.26","40.3",,,,,
"SI","2023-09-16","90.9","-2.33","5.31","Dunning, Dane",608070,641540,,"foul",,,,,12,,"R","L","R","CLE","TEX","S",,,2,1,2023,"-0.76","0.94",1.0575568900884227,2.784941116573752,666310,664702,680757,2,2,"Bot",,,,,,,10.21266756072296,-131.93096423877742,-2.405808383913156,-11.075981837332165,29.095626586884805,-20.865219808435576,3.39,1.56,9,"82.9",-18,"91.6",2031,"6.9",716562,641680,663993,543760,669701,608369,694497,665750,543257,"53.55",,,,,,,,18,4,"Sinker",0,0,0,0,0,0,0,0,"Infield shade","Standard",219,"-0.022","-0.076","74.4","7.1",,,"0.076","88.0",0,0,0.587,0.587,28,30,29,31,2,1,5,1,6,1,"1.84","0.76","-0.76","36.7",20.068349726037912,-37.32889265189023,26.68309560524255,20.385974871953934,47.75033275016846
"CH","2023-09-16","86.4","-2.39","5.37","Dunning, Dane",608070,641540,,"ball",,,,,14,,"R","L","R","CLE","TEX","B",,,1,1,2023,"-1.36","0.42",0.8195978145165299,1.4930473664363508,666310,664702,680757,2,2,"Bot",,,,,,,10.525675147125376,-125.37515600714458,-3.8479841511366355,-16.478412099645862,25.998288210227397,-27.15569433189502,3.3107160531752,1.5812184361619,,,,"87.2",1699,"7",716562,641680,663993,543760,669701,608369,694497,665750,543257,"53.51",,,,,,,,18,3,"Changeup",0,0,0,0,0,0,0,0,"Infield shade","Standard",249,"0.014","0.047",,,,,"-0.047",,0,0,0.573,0.573,28,30,29,31,2,1,5,1,6,1,"2.66","1.36","-1.36","39.8",,,,,
"FC","2023-09-16","89.1","-2.39","5.41","Dunning, Dane",608070,641540,,"ball",,,,,11,,"R","L","R","CLE","TEX","B",,,0,1,2023,"0.01","0.96",-0.5267368570707862,3.7917190621161865,666310,664702,680757,2,2,"Bot",,,,,,,4.616887300461039,-129.81576910130673,0.027773963453290085,-0.8297308491142572,26.77244126964224,-21.48624704393574,3.337778601277,1.533029545047,,,,"90.2",2130,"6.8",716562,641680,663993,543760,669701,608369,694497,665750,543257,"53.67",,,,,,,,18,2,"Cutter",0,0,0,0,0,0,0,0,"Infield shade","Standard",201,"0.008","0.034",,,,,"-0.034",,0,0,0.565,0.565,28,30,29,31,2,1,5,1,6,1,"1.9","-0.01","0.01","35.9",,,,,
"KC","2023-09-16","77.4","-2.26","5.45","Dunning, Dane",608070,641540,,"called_strike",,,,,7,,"R","L","R","CLE","TEX","S",,,0,0,2023,"0.59","-1.34",-0.6250561003242882,1.919034253775238,666310,664702,680757,2,2,"Bot",,,,,,,2.4228239636045585,-112.61996691430961,1.9951725864754655,4.42006218672725,23.933372637906167,-44.113883908506274,3.36293471861571,1.50797851865006,,,,"77.1",1981,"6.5",716562,641680,663993,543760,669701,608369,694497,665750,543257,"54",,,,,,,,18,1,"Knuckle Curve",0,0,0,0,0,0,0,0,"Standard","Standard",35,"-0.012","-0.047",,,,,"0.047",,0,0,0.577,0.577,28,30,29,31,2,1,5,1,6,1,"5.2","-0.59","0.59","42.4",,,,,
"FC","2023-09-16","89.6","-2.35","5.4","Dunning, Dane",680757,641540,"walk","ball",,,,,14,"Steven Kwan walks. Bo Naylor to 3rd. Myles Straw to 2nd.","R","L","R","CLE","TEX","B",,,3,1,2023,"0.04","0.97",1.5704824626109406,2.1205537058392085,,666310,664702,2,2,"Bot",,,,,,,9.701850815068951,-130.01632754897554,-4.094259341567652,-1.823947985582818,29.896898488714463,-20.54669766364163,3.17235332110666,1.44293801574584,,,,"90.2",2159,"7",716562,641680,663993,543760,669701,608369,694497,665750,543257,"53.49",,0.695903,"0.7",1,0,0,,17,5,"Cutter",0,0,0,0,0,0,0,0,"Standard","Standard",213,"0.019","0.14",,,,,"-0.14",,0,0,0.558,0.558,28,25,29,26,2,1,5,1,6,1,"1.91","-0.04","0.04","38.7",,,,,
"SI","2023-09-16","90.3","-2.39","5.37","Dunning, Dane",680757,641540,,"called_strike",,,,,3,,"R","L","R","CLE","TEX","S",,,3,0,2023,"-0.72","0.87",0.5649065751252321,2.703457501879541,,666310,664702,2,2,"Bot",,,,,,,8.946357378274413,-131.1530512778269,-2.494289942654575,-10.256754680285063,29.746441251735536,-21.847023824351638,3.19749721371543,1.41789331894069,,,,"90.7",2081,"6.8",716562,641680,663993,543760,669701,608369,694497,665750,543257,"53.71",,,,,,,,17,4,"Sinker",0,0,0,0,0,0,0,0,"Standard","Standard",216,"-0.007","-0.056",,,,,"0.056",,0,0,0.565,0.565,28,25,29,26,2,1,5,1,6,1,"1.95","0.72","-0.72","36.8",,,,,
"FC","2023-09-16","88.2","-2.35","5.39","Dunning, Dane",680757,641540,,"ball",,,,,12,,"R","L","R","CLE","TEX","B",,,2,0,2023,"0.04","0.88",0.12340924156445328,3.7750866372693777,,666310,664702,2,2,"Bot",,,,,,,5.992026397418519,-128.37223838683664,0.3146907835070355,-0.676326995928278,24.766956332680245,-22.65845138279126,3.12207108935781,1.41789331894069,,,,"89.3",2175,"6.8",716562,641680,663993,543760,669701,608369,694497,665750,543257,"53.67",,,,,,,,17,3,"Cutter",0,0,0,0,0,0,0,0,"Standard","Standard",213,"0.01","0.067",,,,,"-0.067",,0,0,0.555,0.555,28,25,29,26,2,1,5,1,6,1,"2.03","-0.04","0.04","35.9",,,,,
"SI","2023-09-16","90.1","-2.42","5.39","Dunning, Dane",680757,641540,,"blocked_ball",,,,,13,,"R","L","R","CLE","TEX","B",,,1,0,2023,"-1.31","0.75",-1.4532863829118774,0.6763255187298496,,666310,664702,2,2,"Bot",,,,,,,5.237614372447339,-130.98962258275137,-7.377705737734782,-16.233497949912145,27.958180028029727,-22.186069851872436,3.24779056128262,1.44293801574584,,,,"91",1923,"6.9",716562,641680,663993,543760,669701,608369,694497,665750,543257,"53.62",,,,,,,,17,2,"Sinker",0,0,0,0,0,0,0,0,"Standard","Standard",224,"0.006","0.021",,,,,"-0.021",,0,0,0.549,0.549,28,25,29,26,2,1,5,1,6,1,"2.07","1.31","-1.31","35.6",,,,,
"SL","2023-09-16","81.1","-2.35","5.35","Dunning, Dane",680757,641540,,"ball",,,,,14,,"R","L","R","CLE","TEX","B",,,0,0,2023,"0.34","-0.41",0.057615978599505346,0.8315563894426092,,666310,664702,2,2,"Bot",,,,,,,4.794209927424463,-118.05803368242175,-2.773739139066005,2.326969601024622,20.795761060061857,-35.722189321801075,3.19749721371543,1.41789331894069,,,,"82.3",2401,"6.9",716562,641680,663993,543760,669701,608369,694497,665750,543257,"53.61",,,,,,,,17,1,"Slider",0,0,0,0,0,0,0,0,"Standard","Standard",36,"0.003","0.03",,,,,"-0.03",,0,0,0.546,0.546,28,25,29,26,2,1,5,1,6,1,"3.85","-0.34","0.34","37.1",,,,,
"SI","2023-09-16","89.8","-2.47","5.31","Dunning, Dane",677588,641540,"strikeout","called_strike",,,,,11,"Jose Tena called out on strikes.","R","L","R","CLE","TEX","S",2,,3,2,2023,"-1.13","0.59",-1.0073313645116433,2.6574682016960356,,666310,664702,1,2,"Bot",,,,,,,6.075702011786301,-130.67192792491062,-1.8144068014783372,-14.253338760286645,28.613354891872042,-25.30766984368145,3.33618184033727,1.60122088203619,,,,"90.6",1949,"6.8",716562,641680,663993,543760,669701,608369,694497,665750,543257,"53.66",,0,"0",1,0,0,,16,6,"Sinker",0,0,0,0,0,0,0,0,"Standard","Standard",224,"-0.056","-0.264",,,,,"0.264",,0,0,0.602,0.602,28,22,29,22,1,0,5,5,6,4,"2.25","1.13","-1.13","38.2",,,,,
"FC","2023-09-16","89.1","-2.31","5.41","Dunning, Dane",677588,641540,,"swinging_strike",,,,,12,,"R","L","R","CLE","TEX","S",,,3,1,2023,"0.03","0.95",1.0583326361711975,2.754386946069201,,666310,664702,1,2,"Bot",,,,,,,8.28844320503506,-129.56300195945113,-2.5539730917138916,-1.2243902726142617,24.13673307045721,-21.12011523016664,3.34,1.58,,,,"90.3",2081,"6.8",716562,641680,663993,543760,669701,608369,694497,665750,543257,"53.66",,,,,,,,16,5,"Cutter",0,0,0,0,0,0,0,0,"Infield shade","Standard",204,"-0.015","-0.111","75.7","6.5","0.710053596",,"0.111",,0,0,0.617,0.617,28,22,29,22,1,0,5,5,6,4,"1.9","-0.03","0.03","43.3",3.9424879418178937,4.351746268139192,40.5543628185254,21.993525996924156,29.6119404540976
"SI","2023-09-16","90.7","-2.54","5.41","Dunning, Dane",677588,641540,,"ball",,,,,11,,"R","L","R","CLE","TEX","B",,,2,1,2023,"-0.98","0.62",-1.053547441432155,3.78649021528736,,666310,664702,1,2,"Bot",,,,,,,5.848512178269368,-132.03997264729392,0.5351134383580948,-12.667546447545853,26.780201920484757,-25.240541624993956,3.21233902668611,1.55302851446367,,,,"91.7",2021,"6.7",716562,641680,663993,543760,669701,608369,694497,665750,543257,"53.77",,,,,,,,16,4,"Sinker",0,0,0,0,0,0,0,0,"Standard","Standard",216,"0.018","0.104",,,,,"-0.104",,0,0,0.599,0.599,28,22,29,22,1,0,5,5,6,4,"2.14","0.98","-0.98","34.8",,,,,
"CH","2023-09-16","84.8","-2.38","5.48","Dunning, Dane",677588,641540,,"ball",,,,,13,,"R","L","R","CLE","TEX","B",,,1,1,2023,"-1.32","0.4",-0.8401774951463625,1.2550509997184127,,666310,664702,1,2,"Bot",,,,,,,6.264764111459632,-123.37567688051911,-4.3758924983069,-14.686629849611492,23.28591993168381,-27.468171087759703,3.26263456502192,1.55302851446367,,,,"85.5",1751,"6.6",716562,641680,663993,543760,669701,608369,694497,665750,543257,"53.86",,,,,,,,16,3,"Changeup",0,0,0,0,0,0,0,0,"Standard","Standard",251,"0.008","0.039",,,,,"-0.039",,0,0,0.591,0.591,28,22,29,22,1,0,5,5,6,4,"2.76","1.32","-1.32","35.3",,,,,
"FC","2023-09-16","88.4","-2.61","5.39","Dunning, Dane",677588,641540,,"ball",,,,,11,,"R","L","R","CLE","TEX","B",,,0,1,2023,"0.08","0.94",-0.5016410108736291,4.604614762764921,,666310,664702,1,2,"Bot",,,,,,,5.005625380375881,-128.7604092277348,2.168265153921699,-0.09670939038041994,24.960153964979366,-22.270456917141125,3.21233902668611,1.50292540938978,,,,"89.4",2081,"6.7",716562,641680,663993,543760,669701,608369,694497,665750,543257,"53.83",,,,,,,,16,2,"Cutter",0,0,0,0,0,0,0,0,"Standard","Standard",198,"0.005","0.031",,,,,"-0.031",,0,0,0.586,0.586,28,22,29,22,1,0,5,5,6,4,"1.95","-0.08","0.08","35.4",,,,,
"FC","2023-09-16","87.6","-2.46","5.41","Dunning, Dane",677588,641540,,"called_strike",,,,,1,,"R","L","R","CLE","TEX","S",,,0,0,2023,"0.07","0.96",-0.39191119276736747,3.175444965088897,,666310,664702,1,2,"Bot",,,,,,,4.891030728926922,-127.58738335155277,-1.3051790323527084,-0.14643408330944185,24.472836616938046,-21.555592435058358,3.23748586767956,1.4778765003191,,,,"88.7",2040,"6.8",716562,641680,663993,543760,669701,608369,694497,665750,543257,"53.72",,,,,,,,16,1,"Cutter",0,0,0,0,0,0,0,0,"Standard","Standard",205,"-0.007","-0.04",,,,,"0.04",,0,0,0.593,0.593,28,22,29,22,1,0,5,5,6,4,"1.99","-0.07","0.07","37.5",,,,,
"SI","2023-09-16","89.8","-2.5","5.27","Dunning, Dane",664702,641540,"hit_by_pitch","hit_by_pitch",,,,,11,"Myles Straw hit by pitch.","R","R","R","CLE","TEX","B",,,2,1,2023,"-1.44","0.51",-2.7907165591685827,3.406600570071538,,666310,,1,2,"Bot",,,,,,,2.3535841080831332,-130.77340558440486,0.26271405801245473,-17.002871553227425,26.832079251007148,-26.54628392530816,3.39,1.57,,,,"90.7",1962,"6.7",716562,641680,663993,543760,669701,608369,694497,665750,543257,"53.76",,0.726005,"0.7",1,0,0,,15,4,"Sinker",0,0,0,0,0,0,0,0,"Standard","Standard",227,"0.019","0.167",,,,,"-0.167",,0,0,0.574,0.574,28,28,29,29,1,0,5,3,6,2,"2.3","1.44","1.44","36.1",,,,,
"SL","2023-09-16","82.2","-2.46","5.34","Dunning, Dane",664702,641540,,"ball",,,,,14,,"R","R","R","CLE","TEX","B",,,1,1,2023,"0.21","-0.27",0.3483900698598568,1.0849176224319792,,,666310,1,2,"Bot",,,,,,,6.005237813307762,-119.65674405356584,-2.6636282458869607,0.9682292885418443,20.54184255703955,-34.5205202395163,3.38809270119144,1.59313764476575,,,,"83.2",2300,"6.7",716562,641680,663993,543760,669701,608369,694497,665750,543257,"53.81",,,,,,,,15,3,"Slider",0,0,0,0,0,0,0,0,"Standard","Standard",55,"0.022","0.046",,,,,"-0.046",,0,0,0.552,0.552,28,28,29,29,1,0,5,3,6,2,"3.61","-0.21","-0.21","34.4",,,,,
"SI","2023-09-16","90.5","-2.31","5.49","Dunning, Dane",664702,641540,,"ball",,,,,13,,"R","R","R","CLE","TEX","B",,,0,1,2023,"-1.19","0.77",-0.4116972879249652,1.3791536751213749,,,666310,1,2,"Bot",,,,,,,7.334902178893515,-131.45220750458293,-5.9520302376692396,-15.320572564431684,28.94177800633411,-22.19366364157587,3.38809270119144,1.59313764476575,,,,"91.1",1997,"6.8",716562,641680,663993,543760,669701,608369,694497,665750,543257,"53.66",,,,,,,,15,2,"Sinker",0,0,0,0,0,0,0,0,"Standard","Standard",224,"0.002","0.025",,,,,"-0.025",,0,0,0.55,0.55,28,28,29,29,1,0,5,3,6,2,"2.04","1.19","1.19","38.1",,,,,
"SI","2023-09-16","89.7","-2.4","5.24","Dunning, Dane",664702,641540,,"called_strike",,,,,8,,"R","R","R","CLE","TEX","S",,,0,0,2023,"-1.24","0.56",-0.00704798433914533,2.002872089669839,,,666310,1,2,"Bot",,,,,,,8.641301651598647,-130.2346786098567,-3.151593967659638,-15.97061567555736,29.519802189335532,-25.380408220037342,3.4132525507896,1.59313764476575,,,,"90.3",1980,"6.9",716562,641680,663993,543760,669701,608369,694497,665750,543257,"53.55",,,,,,,,15,1,"Sinker",0,0,0,0,0,0,0,0,"Standard","Standard",224,"-0.004","-0.042",,,,,"0.042",,0,0,0.554,0.554,28,28,29,29,1,0,5,3,6,2,"2.31","1.24","1.24","33.0",,,,,
"FC","2023-09-16","89.9","-2.46","5.37","Dunning, Dane",666310,641540,,"ball",,,,,14,,"R","L","R","CLE","TEX","B",,,1,0,2023,"0.08","0.71",0.8773361300819148,1.5698699254185027,,,686823,0,2,"Bot",,,,,,,8.206798916810726,-130.89500784582978,-5.131172316057367,-0.40410512949487226,21.22081447350361,-23.14609532169224,3.37293381050677,1.52303048188751,,,,"91.7",2196,"6.9",716562,641680,663993,543760,669701,608369,694497,665750,543257,"53.64",,,,,,,,14,2,"Cutter",0,0,0,0,0,0,0,0,"Infield shade","Standard",204,"-0.059","0.055",,,,,"-0.055",,0,0,0.595,0.595,28,23,29,23,1,0,5,1,6,2,"2.05","-0.08","0.08","39.5",,,,,
"KC","2023-09-16","75.9","-2.43","5.48","Dunning, Dane",666310,641540,,"ball",,,,,13,,"R","L","R","CLE","TEX","B",,,0,0,2023,"1.18","-1.2",-0.6176692603033872,1.3236489438589398,,,686823,0,2,"Bot",,,,,,,1.694882097117971,-110.51013027452143,0.5922787321768614,9.28502888179765,21.1411310644843,-42.33491834393375,3.34777695202217,1.4979801590131,,,,"76",2120,"6.5",716562,641680,663993,543760,669701,608369,694497,665750,543257,"53.99",,,,,,,,14,1,"Knuckle Curve",0,0,0,0,0,0,0,0,"Infield shade","Standard",40,"0.006","0.03",,,,,"-0.03",,0,0,0.589,0.589,28,23,29,23,1,0,5,1,6,2,"5.18","-1.18","1.18","36.6",,,,,
"KC","2023-09-16","77.8","-2.38","5.49","Dunning, Dane",665926,641540,"field_out","hit_into_play",,,,,13,"Andres Gimenez lines out to center fielder Leody Taveras.","R","L","R","CLE","TEX","X",8,"line_drive",2,2,2023,"0.71","-1.25",-1.3637349741217246,1.9834980007250644,,608070,647304,2,1,"Bot",106.03,90.96,,,,,0.8851799505148366,-113.20007389503999,1.7444447417392235,5.878839427362203,21.882314277615794,-43.47237845678743,3.2,1.47,274,"78.3",22,"77.8",2083,"6.4",716562,641680,663993,543760,669701,608369,694497,665750,543257,"54.06",0.882,0.835,"0",1,0,0,4,9,7,"Knuckle Curve",0,0,0,0,0,0,0,0,"Standard","Standard",30,"-0.037","-0.246","57.7","7.2",,0.992,"0.246","88.0",0,0,0.537,0.537,28,24,29,25,1,0,5,1,6,1,"5.04","-0.71","0.71","34.7",11.14658993251011,6.587910131402601,25.992972142062282,52.787530426657085,32.502610294260215
"SI","2023-09-16","91.6","-2.42","5.37","Dunning, Dane",665926,641540,,"foul",,,,,2,,"R","L","R","CLE","TEX","S",,,2,2,2023,"-0.96","0.69",-0.13120196101199555,2.8597351351527207,,608070,647304,2,1,"Bot",,,,,,,7.941407424914118,-133.25647546613556,-2.0034581987251006,-13.130455056349641,26.98420073321688,-23.72620234658512,3.2,1.47,189,"68.3",50,"92.7",2070,"6.8",716562,641680,663993,543760,669701,608369,694497,665750,543257,"53.7",,,,,,,,9,6,"Sinker",0,0,0,0,0,0,0,0,"Standard","Standard",223,"0","0","59.3","5.8",,,"0","88.0",0,0,0.537,0.537,28,24,29,25,1,0,5,1,6,1,"2.02","0.96","-0.96","42.2",-3.4418997153533635,18.71061894398143,31.285460457841996,36.57414484068636,23.802976709681136
"CH","2023-09-16","84.7","-2.57","5.35","Dunning, Dane",665926,641540,,"foul",,,,,13,,"R","L","R","CLE","TEX","S",,,2,2,2023,"-1.42","0.54",-1.5528053236052173,1.0998168044385221,,608070,647304,2,1,"Bot",,,,,,,5.252429315457164,-123.2443507210982,-4.683919627946406,-15.470708125723888,24.393752300363683,-25.948492872670826,3.2,1.47,,,,"85.3",1648,"6.7",716562,641680,663993,543760,669701,608369,694497,665750,543257,"53.83",,,,,,,,9,5,"Changeup",0,0,0,0,0,0,0,0,"Standard","Standard",253,"0","0","55.6","8.0",,,"0",,0,0,0.537,0.537,28,24,29,25,1,0,5,1,6,1,"2.64","1.42","-1.42","31.1",12.73102053055752,-7.641387402611279,32.388873871313464,54.26602916621343,32.933935531907736
"FC","2023-09-16","89.4","-2.34","5.43","Dunning, Dane",665926,641540,,"swinging_strike",,,,,3,,"R","L","R","CLE","TEX","S",,,2,1,2023,"0.05","0.95",0.7933149349302027,3.0144421523645324,,608070,647304,2,1,"Bot",,,,,,,7.673603224899374,-130.06579325914794,-1.9865499297323927,-0.9222794138002319,24.88122553239548,-21.17486815738495,3.2,1.47,,,,"90.3",2201,"6.7",716562,641680,663993,543760,669701,608369,694497,665750,543257,"53.82",,,,,,,,9,4,"Cutter",0,0,0,0,0,0,0,0,"Standard","Standard",204,"-0.009","-0.06","59.6","5.3","0.1",,"0.06",,0,0,0.546,0.546,28,24,29,25,1,0,5,1,6,1,"1.89","-0.05","0.05","38.5",-6.046865770306217,18.883361117629317,38.96753058728825,26.652378421067432,22.108638467043818
"SL","2023-09-16","81.9","-2.41","5.47","Dunning, Dane",665926,641540,,"ball",,,,,14,,"R","L","R","CLE","TEX","B",,,1,1,2023,"0.3","-0.06",0.17050430251150134,1.3143463789449559,,608070,647304,2,1,"Bot",,,,,,,5.284360485013567,-119.25773410269976,-2.767450428346331,1.9103894958661463,21.9748659015381,-32.405158014939936,3.17103663265308,1.44111738561119,,,,"82.8",2381,"6.8",716562,641680,663993,543760,669701,608369,694497,665750,543257,"53.75",,,,,,,,9,3,"Slider",0,0,0,0,0,0,0,0,"Standard","Standard",59,"0.005","0.025",,,,,"-0.025",,0,0,0.541,0.541,28,24,29,25,1,0,5,1,6,1,"3.44","-0.3","0.3","36.4",,,,,
"CH","2023-09-16","86.7","-2.42","5.39","Dunning, Dane",665926,641540,,"foul",,,,,8,,"R","L","R","CLE","TEX","S",,,1,0,2023,"-1.38","0.6",-0.08807689115129036,1.9909307465848607,,608070,647304,2,1,"Bot",,,,,,,8.448923263433935,-125.99336311993376,-3.1630974616569043,-16.407852860383315,25.415632161239316,-25.361914705444875,3.2,1.47,44,"77.6",1,"87.3",1754,"6.7",716562,641680,663993,543760,669701,608369,694497,665750,543257,"53.76",,,,,,,,9,2,"Changeup",0,0,0,0,0,0,0,0,"Standard","Standard",249,"-0.005","-0.045","73.7","8.0",,,"0.045","88.0",0,0,0.546,0.546,28,24,29,25,1,0,5,1,6,1,"2.44","1.38","-1.38","35.0",23.261205282906452,-25.34870733742443,34.73750021940446,38.26905577416255,47.05907644458416
"CH","2023-09-16","85.8","-2.55","5.39","Dunning, Dane",665926,641540,,"ball",,,,,13,,"R","L","R","CLE","TEX","B",,,0,0,2023,"-1.45","0.49",-1.1896775382832077,1.6540352793342437,,608070,647304,2,1,"Bot",,,,,,,6.207856623982237,-124.81386736534168,-3.539906938380137,-16.397028181650892,26.215590197434295,-26.577990909560928,3.2232361726013,1.44303585003827,,,,"86.3",1743,"6.7",716562,641680,663993,543760,669701,608369,694497,665750,543257,"53.76",,,,,,,,9,1,"Changeup",0,0,0,0,0,0,0,0,"Standard","Standard",255,"0.003","0.03",,,,,"-0.03",,0,0,0.543,0.543,28,24,29,25,1,0,5,1,6,1,"2.62","1.45","-1.45","32.5",,,,,
"CH","2023-09-16","86.1","-2.44","5.51","Dunning, Dane",594777,641540,"strikeout","swinging_strike",,,,,8,"Kole Calhoun strikes out swinging.","R","L","R","CLE","TEX","S",2,,0,2,2023,"-1.55","0.63",0.031597875818673904,1.446222707257792,,608070,647304,1,1,"Bot",,,,,,,9.016647679975785,-124.96232651626237,-4.62395696129613,-18.132025336821002,26.49692878249,-24.826851921343422,2.86,1.39,,,,"85.9",1718,"6.4",716562,641680,663993,543760,669701,608369,694497,665750,543257,"54.06",,0,"0",1,0,0,,8,3,"Changeup",0,0,0,0,0,0,0,0,"Standard","Standard",249,"-0.026","-0.151","72.4","8.3","1.624559844",,"0.151",,0,0,0.569,0.569,28,35,29,36,1,0,5,1,6,2,"2.48","1.55","-1.55","37.6",29.919748228200525,-31.231069781169605,37.52886533669001,35.05617454337245,45.19090635410513
"FC","2023-09-16","90.6","-2.45","5.5","Dunning, Dane",594777,641540,,"foul",,,,,2,,"R","L","R","CLE","TEX","S",,,0,1,2023,"-0.05","0.94",-0.035393675631158014,2.4107922845195775,,608070,647304,1,1,"Bot",,,,,,,6.1762274480960455,-132.0116475159179,-3.8974683558398255,-1.6885745922385886,24.15215272649816,-20.568871889859853,2.86,1.39,160,"71.5",17,"91.6",2226,"6.5",716562,641680,663993,543760,669701,608369,694497,665750,543257,"53.97",,,,,,,,8,2,"Cutter",0,0,0,0,0,0,0,0,"Infield shade","Strategic",202,"-0.011","-0.05","69.4","6.2",,,"0.05","88.0",0,0,0.58,0.58,28,35,29,36,1,0,5,1,6,2,"1.8","0.05","-0.05","37.3",-4.683638418903702,20.17272687242732,35.68033082047335,36.098757813777674,16.909317706783035
"SI","2023-09-16","91","-2.47","5.41","Dunning, Dane",594777,641540,,"called_strike",,,,,12,,"R","L","R","CLE","TEX","S",,,0,0,2023,"-1.12","0.66",0.41139737266889065,3.2921431451300984,,608070,647304,1,1,"Bot",,,,,,,9.68787487085733,-132.27308860788722,-0.8296038928212326,-15.190046707170128,27.58795122193084,-24.421480561713555,2.90259321205866,1.33224879627094,,,,"91.6",2040,"6.7",716562,641680,663993,543760,669701,608369,694497,665750,543257,"53.81",,,,,,,,8,1,"Sinker",0,0,0,0,0,0,0,0,"Infield shade","Strategic",223,"-0.007","-0.04",,,,,"0.04",,0,0,0.587,0.587,28,35,29,36,1,0,5,1,6,2,"2.09","1.12","-1.12","35.7",,,,,
"SI","2023-09-16","91.3","-2.44","5.46","Dunning, Dane",647304,641540,"single","hit_into_play",,,,,13,"Josh Naylor singles on a fly ball to left fielder Evan Carter. Jose Ramirez to 2nd.","R","L","R","CLE","TEX","X",7,"fly_ball",1,0,2023,"-1.53","0.55",-0.4679869240498933,1.1148956605239924,,,608070,1,1,"Bot",82.82,129.32,,,,,8.29889011759362,-132.56326897465746,-6.241740584457678,-19.879930478384722,28.668208627760343,-24.454232127951265,3.14,1.47,206,"66",42,"91.5",2076,"6.5",716562,641680,663993,543760,669701,608369,694497,665750,543257,"53.97",0.447,0.442,"0.9",1,1,0,3,7,2,"Sinker",0,0,0,0,0,0,0,0,"Standard","Standard",224,"0.032","0.379","73.6","8.1",,0.551,"-0.379","88.0",0,0,0.555,0.555,28,26,29,26,1,0,5,1,6,1,"2.19","1.53","-1.53","35.6",5.5829141321248645,-5.902340663655368,43.40252623964327,43.70583275582168,24.24030901312519
"FC","2023-09-16","89.2","-2.39","5.44","Dunning, Dane",647304,641540,,"ball",,,,,14,,"R","L","R","CLE","TEX","B",,,0,0,2023,"0.03","0.79",1.0227637241491268,1.930848594751015,,,608070,1,1,"Bot",,,,,,,8.399454679297408,-129.66462661103216,-4.360475121635456,-1.1817385527006425,24.323374771128385,-22.524256514596125,3.13808961479252,1.41799114636967,,,,"90.4",2174,"6.9",716562,641680,663993,543760,669701,608369,694497,665750,543257,"53.65",,,,,,,,7,1,"Cutter",0,0,0,0,0,0,0,0,"Standard","Standard",205,"0.004","0.036",,,,,"-0.036",,0,0,0.551,0.551,28,26,29,26,1,0,5,1,6,1,"2.06","-0.03","0.03","40.5",,,,,
"FC","2023-09-11","88.1","-2.46","5.44","Dunning, Dane",624415,641540,"sac_fly","hit_into_play",,,,,3,"Cavan Biggio out on a sacrifice fly to center fielder Leody Taveras. Spencer Horwitz scores.","R","L","R","TOR","TEX","X",8,"fly_ball",0,0,2023,"0.04","1.15",0.6051242638429734,3.0592825965478827,687462,,,1,6,"Bot",126,204.5,,,,,7.463424021816216,-128.10537574799127,-2.083647719523597,-1.0901443982905505,26.643673670850912,-19.24057071076459,3.36,1.52,317,"83.9",35,"89.4",2093,"7.1",716630,641680,663993,543760,669701,608369,694497,665750,543257,"53.38",,0.021,"0",1,0,0,3,51,1,"Cutter",2,5,2,5,5,3,3,5,"Infield shade","Standard",205,"-0.004","-0.149",,,,,"0.149","88.0",-3,-3,0.204,0.204,28,28,29,28,3,2,6,1,5,1,"1.79","-0.04","0.04","34.9",,,,,
"SL","2023-09-11","81","-2.42","5.39","Dunning, Dane",676914,641540,"field_out","hit_into_play",,,,,6,"Davis Schneider flies out to right fielder Robbie Grossman. Spencer Horwitz to 3rd.","R","R","R","TOR","TEX","X",9,"fly_ball",1,1,2023,"0.32","-0.26",0.28898309569812564,1.8951216962294768,,687462,,0,6,"Bot",207.47,93.13,,,,,5.497437540572347,-117.88131211179036,-0.6294586539694185,1.9095693321826044,23.26078778924555,-34.72236680202832,2.94,1.41,330,"93.4",32,"81.8",2370,"6.9",716630,641680,663993,543760,669701,608369,694497,665750,543257,"53.6",0.254,0.487,"0",1,0,0,3,50,3,"Slider",2,5,2,5,5,2,2,5,"Standard","Standard",56,"-0.026","-0.242","66.1","6.9",,0.949,"0.242","93.4",-3,-3,0.23,0.23,28,24,29,24,3,2,6,1,5,1,"3.75","-0.32","-0.32","36.2",3.0682746236417633,4.898710942428894,36.28761176508277,39.55811979756608,24.46924888812447
"SL","2023-09-11","83","-2.38","5.34","Dunning, Dane",676914,641540,,"ball",,,,,14,,"R","R","R","TOR","TEX","B",,,0,1,2023,"0.44","-0.08",2.9681520426893124,0.031605169969656455,,,687462,0,6,"Bot",,,,,,,11.431886250431491,-120.28468469005985,-5.437609401350903,1.8349908182341386,25.48531699298237,-31.96321541570656,3.01114667015401,1.40989319370077,,,,"83.1",2500,"6.8",716630,641680,663993,543760,669701,608369,694497,665750,543257,"53.68",,,,,,,,50,2,"Slider",2,5,2,5,5,2,2,5,"Standard","Standard",54,"0.026","0.024",,,,,"-0.024",,-3,-3,0.204,0.204,28,24,29,24,3,2,6,1,5,1,"3.44","-0.44","-0.44","37.6",,,,,
"SI","2023-09-11","90.3","-2.47","5.33","Dunning, Dane",676914,641540,,"called_strike",,,,,5,,"R","R","R","TOR","TEX","S",,,0,0,2023,"-1.23","0.79",0.16872823876343812,2.12402552534954,,,687462,0,6,"Bot",,,,,,,9.30391896269822,-131.03696640934842,-3.622169052918412,-16.351752632810168,32.68960174819683,-22.46022848851492,2.9664163616483,1.40989319370077,,,,"90.5",2203,"7",716630,641680,663993,543760,669701,608369,694497,665750,543257,"53.54",,,,,,,,50,1,"Sinker",2,5,2,5,5,2,2,5,"Standard","Standard",226,"-0.007","-0.036",,,,,"0.036",,-3,-3,0.211,0.211,28,24,29,24,3,2,6,1,5,1,"2.06","1.23","1.23","33.2",,,,,
"SL","2023-09-11","81.5","-2.37","5.34","Dunning, Dane",665489,641540,"strikeout","swinging_strike",,,,,6,"Vladimir Guerrero Jr. strikes out swinging.","R","R","R","TOR","TEX","S",2,,2,2,2023,"0.22","-0.23",0.5485846743742354,2.4385843295535263,,543807,,2,5,"Bot",,,,,,,6.158954158675075,-118.58225831479702,0.5565219266772794,0.8920780472137354,23.40067370819353,-34.67724720744023,3.65,1.66,,,,"81.9",2337,"6.6",716630,641680,663993,543760,669701,608369,694497,665750,543257,"53.86",,0,"0",1,0,0,,42,5,"Slider",2,3,2,3,3,2,2,3,"Standard","Standard",53,"-0.043","-0.218","81.4","8.4","2.752087308",,"0.218",,-1,-1,0.383,0.383,28,24,29,24,3,2,6,1,5,1,"3.67","-0.22","-0.22","34.0",12.534885917565322,-34.56106933919547,25.674334185520763,40.119735516156986,52.775823067729235
"SL","2023-09-11","81.8","-2.52","5.32","Dunning, Dane",665489,641540,,"foul",,,,,14,,"R","R","R","TOR","TEX","S",,,2,1,2023,"0.4","-0.13",1.1424601147757747,1.3659071847229685,,543807,,2,5,"Bot",,,,,,,7.550983135566788,-118.95443951030401,-2.0819922191803193,2.287438011270029,23.486230230585864,-33.179687970463625,3.65,1.66,1,"61.5",-57,"82.4",2356,"6.8",716630,641680,663993,543760,669701,608369,694497,665750,543257,"53.71",,,,,,,,42,4,"Slider",2,3,2,3,3,2,2,3,"Standard","Standard",62,"-0.01","-0.069","76.7","8.1",,,"0.069","88.0",-1,-1,0.393,0.393,28,24,29,24,3,2,6,1,5,1,"3.55","-0.4","-0.4","36.5",-8.929813705022134,-15.07683128314706,30.228719916856555,46.84998105961673,38.98181015643097
"SL","2023-09-11","82.1","-2.5","5.35","Dunning, Dane",665489,641540,,"ball",,,,,13,,"R","R","R","TOR","TEX","B",,,1,1,2023,"0.35","-0.18",-0.2427077190525793,1.439692795866382,,543807,,2,5,"Bot",,,,,,,4.452965634091664,-119.49410460302468,-1.9643098373755794,2.4872533464760735,23.635171449177577,-33.70213173623016,3.61367764587356,1.65988054175851,,,,"82.6",2378,"6.7",716630,641680,663993,543760,669701,608369,694497,665750,543257,"53.84",,,,,,,,42,3,"Slider",2,3,2,3,3,2,2,3,"Standard","Standard",44,"0.005","0.021",,,,,"-0.021",,-1,-1,0.388,0.388,28,24,29,24,3,2,6,1,5,1,"3.57","-0.35","-0.35","39.4",,,,,
"SI","2023-09-11","90.7","-2.4","5.34","Dunning, Dane",665489,641540,,"called_strike",,,,,6,,"R","R","R","TOR","TEX","S",,,1,0,2023,"-1.22","0.64",0.4253227313516992,2.8653305340300173,,543807,,2,5,"Bot",,,,,,,9.753126467791564,-131.6350135466208,-1.5700041296999827,-16.328111738292137,30.341200017578817,-24.616478726709815,3.63594471061518,1.65988054175851,,,,"91",2099,"6.8",716630,641680,663993,543760,669701,608369,694497,665750,543257,"53.68",,,,,,,,42,2,"Sinker",2,3,2,3,3,2,2,3,"Standard","Standard",218,"-0.005","-0.046",,,,,"0.046",,-1,-1,0.393,0.393,28,24,29,24,3,2,6,1,5,1,"2.16","1.22","1.22","36.3",,,,,
"SL","2023-09-11","81.5","-2.42","5.4","Dunning, Dane",665489,641540,,"blocked_ball",,,,,14,,"R","R","R","TOR","TEX","B",,,0,0,2023,"0.15","-0.02",0.8500996426391859,0.8004878306314485,,543807,,2,5,"Bot",,,,,,,7.137169744677392,-118.49587993091058,-3.7200440817762246,0.006313011094543449,23.271771131282318,-31.7929686187496,3.63594471061518,1.60416941512696,,,,"82.3",2307,"7",716630,641680,663993,543760,669701,608369,694497,665750,543257,"53.54",,,,,,,,42,1,"Slider",2,3,2,3,3,2,2,3,"Standard","Standard",50,"0.002","0.02",,,,,"-0.02",,-1,-1,0.391,0.391,28,24,29,24,3,2,6,1,5,1,"3.46","-0.15","-0.15","36.2",,,,,
"SI","2023-09-11","91.2","-2.46","5.36","Dunning, Dane",666182,641540,"field_out","hit_into_play",,,,,8,"Bo Bichette grounds out, shortstop Corey Seager to first baseman Nathaniel Lowe.","R","R","R","TOR","TEX","X",6,"ground_ball",1,1,2023,"-1.58","0.46",-0.13613502578172554,1.9680503050464668,,543807,,1,5,"Bot",115.33,162.89,,,,,9.350662757752772,-132.32589330834173,-3.5138765296197136,-20.722023422362568,33.41306200953545,-26.136298578800396,3.73,1.74,6,"101.1",-18,"91.4",2142,"7",716630,641680,663993,543760,669701,608369,694497,665750,543257,"53.53",0.175,0.158,"0",1,0,0,2,41,3,"Sinker",2,3,2,3,3,2,2,3,"Standard","Standard",219,"-0.051","-0.262","74.1","7.2",,0.194,"0.262","101.1",-1,-1,0.442,0.442,28,25,29,25,3,2,6,1,5,1,"2.33","1.58","1.58","34.6",6.50633612856728,8.966848091941479,42.671213922416754,31.2960309641885,24.8792175263126
"SL","2023-09-11","82.3","-2.38","5.32","Dunning, Dane",666182,641540,,"ball",,,,,14,,"R","R","R","TOR","TEX","B",,,0,1,2023,"0.14","0.18",1.8885996198336066,0.9908206825857699,,543807,,1,5,"Bot",,,,,,,9.487497269848804,-119.48243370552836,-3.6532399352735903,-0.4643765787727689,22.28034399372205,-29.903732171803078,3.72979877921759,1.67166569012044,,,,"82.9",2366,"6.7",716630,641680,663993,543760,669701,608369,694497,665750,543257,"53.77",,,,,,,,41,2,"Slider",2,3,2,3,3,2,2,3,"Standard","Standard",61,"0.005","0.024",,,,,"-0.024",,-1,-1,0.437,0.437,28,25,29,25,3,2,6,1,5,1,"3.19","-0.14","-0.14","35.6",,,,,
"SI","2023-09-11","89.1","-2.57","5.35","Dunning, Dane",666182,641540,,"foul",,,,,4,,"R","R","R","TOR","TEX","S",,,0,0,2023,"-1.38","0.59",-0.8066010266940593,3.0819256237857284,,543807,,1,5,"Bot",,,,,,,7.3026587244075145,-129.43884667064583,-0.7145555666412948,-17.038187630007638,29.318290133886713,-25.647012755030335,3.73,1.74,91,"50.7",14,"89.7",2002,"7",716630,641680,663993,543760,669701,608369,694497,665750,543257,"53.54",,,,,,,,41,1,"Sinker",2,3,2,3,3,2,2,3,"Standard","Standard",220,"-0.008","-0.038","59.8","5.7",,,"0.038","88.0",-1,-1,0.445,0.445,28,25,29,25,3,2,6,1,5,1,"2.31","1.38","1.38","33.9",-7.201626727349053,23.653871783655354,46.0821410587552,23.298496542565537,16.048576953299282
"SI","2023-09-11","90.2","-2.47","5.23","Dunning, Dane",543807,641540,"single","hit_into_play",,,,,7,"Blue Jays challenged (tag play), call on the field was upheld: George Springer singles on a sharp line drive to left fielder Evan Carter. Kevin Kiermaier out at home on the throw, left fielder Evan Carter to catcher Jonah Heim. George Springer to 2nd.","R","R","R","TOR","TEX","X",7,"line_drive",0,2,2023,"-1.28","0.59",-0.5314536673827042,2.0492249267566223,,595281,,0,5,"Bot",68.84,106.15,,,,,7.634924331591366,-131.10443758414286,-3.1592256050828404,-16.461660495190266,31.028477625159894,-24.922246543510894,3.68,1.65,185,"104.7",11,"90.7",2020,"6.9",716630,641680,663993,543760,669701,608369,694497,665750,543257,"53.58",0.939,0.944,"0.9",1,1,0,4,40,4,"Sinker",2,3,2,3,3,2,2,3,"Infield shade","Standard",219,"-0.037","0.611","74.8","7.4",,1.23,"-0.611","104.7",-1,-1,0.482,0.482,28,33,29,34,3,2,6,1,5,1,"2.25","1.28","1.28","31.6",12.847657493887853,-3.810987723932594,39.65058236376005,31.661466331484846,24.830481085815478
"SL","2023-09-11","81.8","-2.4","5.41","Dunning, Dane",543807,641540,,"foul",,,,,9,,"R","R","R","TOR","TEX","S",,,0,2,2023,"0.29","-0.2",0.4051667813900187,1.7470773469568246,,595281,,0,5,"Bot",,,,,,,5.800105116543295,-119.04147014776315,-1.2961556724293462,1.649443918163392,23.373861122017754,-34.009189634471824,3.68,1.65,2,"65.2",-38,"82.3",2393,"6.7",716630,641680,663993,543760,669701,608369,694497,665750,543257,"53.81",,,,,,,,40,3,"Slider",2,3,2,3,3,2,2,3,"Standard","Standard",57,"0","0","69.5","8.2",,,"0","88.0",-1,-1,0.482,0.482,28,33,29,34,3,2,6,1,5,1,"3.61","-0.29","-0.29","34.1",24.277385939869696,-13.155923960542513,38.676073962862546,42.521502942514374,28.203990727699967
"SL","2023-09-11","81.7","-2.45","5.39","Dunning, Dane",543807,641540,,"swinging_strike",,,,,14,,"R","R","R","TOR","TEX","S",,,0,1,2023,"0.15","-0.25",1.3125809136943576,1.204425140765664,,595281,,0,5,"Bot",,,,,,,8.242741719449324,-118.62719851962478,-2.302437254742194,-0.27332731129939,24.353002243098416,-34.253280001790216,3.68,1.65,,,,"82",2368,"6.8",716630,641680,663993,543760,669701,608369,694497,665750,543257,"53.72",,,,,,,,40,2,"Slider",2,3,2,3,3,2,2,3,"Standard","Standard",47,"-0.016","-0.062","44.2","7.9","2.298397788",,"0.062",,-1,-1,0.498,0.498,28,33,29,34,3,2,6,1,5,1,"3.7","-0.15","-0.15","38.2",23.845474570641546,3.082654255636153,36.71412169596776,54.437442726808996,22.643554376987833
"SL","2023-09-11","81","-2.46","5.45","Dunning, Dane",543807,641540,,"swinging_strike",,,,,9,,"R","R","R","TOR","TEX","S",,,0,0,2023,"0.21","-0.17",0.4546803429510987,1.6430295145758476,,595281,,0,5,"Bot",,,,,,,6.151271323100544,-117.82089522380393,-1.5360129391997104,0.7856964918978923,22.975717926488,-33.65105631892317,3.68,1.65,,,,"81.6",2364,"6.8",716630,641680,663993,543760,669701,608369,694497,665750,543257,"53.71",,,,,,,,40,1,"Slider",2,3,2,3,3,2,2,3,"Standard","Standard",60,"-0.009","-0.046","71.6","8.4","0.80445852",,"0.046",,-1,-1,0.507,0.507,28,33,29,34,3,2,6,1,5,1,"3.65","-0.21","-0.21","35.7",22.038570477152938,-16.552892642554887,37.32988391824707,43.8435285441971,34.01758157655877
"SL","2023-09-11","82.5","-2.25","5.41","Dunning, Dane",666182,641540,"field_out","hit_into_play",,,,,6,"Bo Bichette flies out sharply to center fielder Leody Taveras.","R","R","R","TOR","TEX","X",8,"fly_ball",0,0,2023,"0","0.07",0.7390384023152202,2.6238148803144643,672386,595281,543807,2,2,"Bot",141.19,56.56,,,,,6.870562152966924,-120.07090935562539,0.0390365829706103,-1.2583974604945563,22.73925352263047,-31.762768385690457,3.73,1.74,355,"102",36,"83.5",2454,"6.9",716630,641680,663993,543760,669701,608369,694497,665750,543257,"53.59",0.46,0.8868461538461541,"0",1,0,0,6,19,1,"Slider",2,1,2,1,1,2,2,1,"Standard","Standard",55,"-0.065","-0.267","74.2","7.8",,1.761,"0.267","102.0",1,1,0.677,0.677,28,25,29,25,2,1,6,1,5,1,"3.28","0","0","38.0",14.199752638690518,-2.994905737289058,35.430110469949874,40.58404210721926,28.988971047099405
"SL","2023-09-11","81.7","-2.28","5.48","Dunning, Dane",543807,641540,"single","hit_into_play",,,,,5,"George Springer singles on a ground ball to center fielder Leody Taveras. Cavan Biggio scores. Alejandro Kirk to 3rd. Kevin Kiermaier to 2nd.","R","R","R","TOR","TEX","X",8,"ground_ball",0,0,2023,"0.16","-0.22",0.18977557040916318,2.549127286661827,624415,672386,595281,2,2,"Bot",132.6,111.49,,,,,5.298650288695987,-118.88536033402266,0.36661416784194945,0.5726850156555787,21.58617688348243,-34.508637623780295,3.68,1.65,34,"100.9",-2,"82.7",2276,"6.9",716630,641680,663993,543760,669701,608369,694497,665750,543257,"53.64",0.434,0.401,"0.9",1,1,0,2,18,1,"Slider",1,1,1,1,1,2,2,1,"Standard","Standard",49,"0.1","0.521","79.1","7.4",,0.508,"-0.521","100.9",0,0,0.577,0.577,28,33,29,34,2,1,6,1,5,1,"3.62","-0.16","-0.16","38.3",12.934410119871819,6.465232551235206,30.93873464519606,40.865001999627914,14.957790215472812
"SI","2023-09-11","91.5","-2.4","5.37","Dunning, Dane",595281,641540,"walk","ball",,,,,11,"Kevin Kiermaier walks. Cavan Biggio to 3rd. Alejandro Kirk to 2nd.","R","L","R","TOR","TEX","B",,,3,1,2023,"-1.64","0.48",-1.0590349302340658,2.769835228701666,,624415,672386,2,2,"Bot",,,,,,,7.031034916404766,-133.013675316279,-1.6678426919569849,-20.998375136185498,31.891319426585024,-26.33418319793125,3.41288506494674,1.65964360416636,,,,"92.2",2060,"7",716630,641680,663993,543760,669701,608369,694497,665750,543257,"53.46",,0.695903,"0.7",1,0,0,,17,5,"Sinker",1,1,1,1,1,1,1,1,"Infield shade","Standard",218,"0.019","0.14",,,,,"-0.14",,0,0,0.558,0.558,28,33,29,33,1,0,6,1,5,1,"2.27","1.64","-1.64","39.3",,,,,
"SI","2023-09-11","91.5","-2.36","5.31","Dunning, Dane",595281,641540,,"called_strike",,,,,8,,"R","L","R","TOR","TEX","S",,,3,0,2023,"-1.55","0.36",-0.029567930323209035,1.9686785223878656,,624415,672386,2,2,"Bot",,,,,,,9.330104472227998,-132.92705761841452,-3.2917948617625212,-20.379721192078183,30.68093066364865,-27.399958330730428,3.52434518680113,1.65964360416636,,,,"92.2",2013,"7",716630,641680,663993,543760,669701,608369,694497,665750,543257,"53.51",,,,,,,,17,4,"Sinker",1,1,1,1,1,1,1,1,"Infield shade","Standard",227,"-0.007","-0.056",,,,,"0.056",,0,0,0.565,0.565,28,33,29,33,1,0,6,1,5,1,"2.39","1.55","-1.55","33.0",,,,,
"SI","2023-09-11","91.1","-2.53","5.33","Dunning, Dane",595281,641540,,"ball",,,,,11,,"R","L","R","TOR","TEX","B",,,2,0,2023,"-1.52","0.38",-0.8978585314776504,3.2303842604306725,,624415,672386,2,2,"Bot",,,,,,,7.469073400354739,-132.43257595112505,-0.10437374309350977,-19.54266751203586,31.33059513434952,-27.96226365001253,3.36827651903823,1.6039321642076,,,,"91.7",1989,"7",716630,641680,663993,543760,669701,608369,694497,665750,543257,"53.52",,,,,,,,17,3,"Sinker",1,1,1,1,1,1,1,1,"Infield shade","Standard",229,"0.01","0.067",,,,,"-0.067",,0,0,0.555,0.555,28,33,29,33,1,0,6,1,5,1,"2.4","1.52","-1.52","33.9",,,,,
"FC","2023-09-11","89.5","-2.33","5.39","Dunning, Dane",595281,641540,,"ball",,,,,14,,"R","L","R","TOR","TEX","B",,,1,0,2023,"-0.17","0.95",1.281703453131132,2.096579744489425,,624415,672386,2,2,"Bot",,,,,,,9.393098663680808,-130.0973976579368,-4.1704892913161515,-3.8955027466412657,26.460707162814916,-20.730864921815925,3.3905825318568,1.65964360416636,,,,"90.7",2094,"7",716630,641680,663993,543760,669701,608369,694497,665750,543257,"53.47",,,,,,,,17,2,"Cutter",1,1,1,1,1,1,1,1,"Infield shade","Standard",212,"0.006","0.021",,,,,"-0.021",,0,0,0.549,0.549,28,33,29,33,1,0,6,1,5,1,"1.9","0.17","-0.17","37.2",,,,,
"KC","2023-09-11","78.8","-2.29","5.48","Dunning, Dane",595281,641540,,"blocked_ball",,,,,14,,"R","L","R","TOR","TEX","B",,,0,0,2023,"0.84","-1.24",2.6176200201780295,1.008254784900207,,624415,672386,2,2,"Bot",,,,,,,9.168523434851675,-114.33400694320441,-0.41569115103254295,5.28030528993881,24.81401183198854,-43.076764380477066,3.3905825318568,1.65964360416636,,,,"78.9",2468,"6.9",716630,641680,663993,543760,669701,608369,694497,665750,543257,"53.58",,,,,,,,17,1,"Knuckle Curve",1,1,1,1,1,1,1,1,"Infield shade","Standard",30,"0.003","0.03",,,,,"-0.03",,0,0,0.546,0.546,28,33,29,33,1,0,6,1,5,1,"4.99","-0.84","0.84","37.4",,,,,
"SI","2023-09-11","91.5","-2.33","5.32","Dunning, Dane",662139,641540,"strikeout","called_strike",,,,,3,"Daulton Varsho called out on strikes.","R","L","R","TOR","TEX","S",2,,3,2,2023,"-1.41","0.58",0.7237232225152885,2.983406136201525,,624415,672386,1,2,"Bot",,,,,,,10.873874251224064,-132.77595047546276,-1.2342876535740057,-19.050661210749723,29.35393837744955,-25.237611177483956,3.41288506494674,1.6039321642076,,,,"92.3",2047,"7",716630,641680,663993,543760,669701,608369,694497,665750,543257,"53.48",,0,"0",1,0,0,,16,7,"Sinker",1,1,1,1,1,1,1,1,"Infield shade","Standard",223,"-0.056","-0.264",,,,,"0.264",,0,0,0.602,0.602,28,26,29,27,1,0,6,2,5,1,"2.16","1.41","-1.41","35.6",,,,,
"CH","2023-09-11","85.1","-2.32","5.47","Dunning, Dane",662139,641540,,"ball",,,,,12,,"R","L","R","TOR","TEX","B",,,2,2,2023,"-1.41","0.33",0.21511036192445254,4.226519707741164,,624415,672386,1,2,"Bot",,,,,,,8.86579193964378,-123.58603305851801,2.795022367320379,-16.270430273543333,24.644987835602272,-29.59431023994198,3.32365409407059,1.58142761667717,,,,"85.8",1600,"6.9",716630,641680,663993,543760,669701,608369,694497,665750,543257,"53.65",,,,,,,,16,6,"Changeup",1,1,1,1,1,1,1,1,"Standard","Standard",246,"0.016","0.062",,,,,"-0.062",,0,0,0.586,0.586,28,26,29,27,1,0,6,2,5,1,"2.83","1.41","-1.41","37.6",,,,,
"SI","2023-09-11","91.8","-2.4","5.38","Dunning, Dane",662139,641540,,"ball",,,,,1,,"R","L","R","TOR","TEX","B",,,1,2,2023,"-1.36","0.59",-0.3771306592828161,3.463717238239236,,624415,672386,1,2,"Bot",,,,,,,8.122695165887663,-133.46373666560635,-0.21019599363586616,-17.9878797201102,30.89507545969387,-25.322256462573236,3.36827651903823,1.5589202558762,,,,"92.1",2083,"6.7",716630,641680,663993,543760,669701,608369,694497,665750,543257,"53.81",,,,,,,,16,5,"Sinker",1,1,1,1,1,1,1,1,"Infield shade","Standard",225,"0.007","0.028",,,,,"-0.028",,0,0,0.579,0.579,28,26,29,27,1,0,6,2,5,1,"2.13","1.36","-1.36","37.1",,,,,
"SL","2023-09-11","82.3","-2.42","5.47","Dunning, Dane",662139,641540,,"foul",,,,,8,,"R","L","R","TOR","TEX","S",,,1,2,2023,"0.09","0.05",0.11882379289703117,1.5955590122240007,,624415,672386,1,2,"Bot",,,,,,,5.662227831162712,-119.87593171398318,-2.4424241256894126,-0.10937224664845595,21.09445542368527,-31.46416453971056,3.27,1.46,3,"94.4",-25,"83.6",2374,"6.9",716630,641680,663993,543760,669701,608369,694497,665750,543257,"53.58",,,,,,,,16,4,"Slider",1,1,1,1,1,1,1,1,"Standard","Standard",48,"0","0","78.2","8.3",,,"0","94.4",0,0,0.579,0.579,28,26,29,27,1,0,6,2,5,1,"3.29","-0.09","0.09","39.4",12.283393993303896,-8.581574372481615,35.95335471702612,33.89106156670819,33.953269030560605
"FC","2023-09-11","89.5","-2.39","5.39","Dunning, Dane",662139,641540,,"foul",,,,,12,,"R","L","R","TOR","TEX","S",,,1,1,2023,"-0.12","0.86",1.0030007260406744,3.3168141432137777,,624415,672386,1,2,"Bot",,,,,,,8.71763425611419,-130.2158974545436,-0.9423996791180249,-3.0929429067566785,26.004394393920673,-22.36475178420907,3.27,1.46,,,,"90.7",2166,"6.9",716630,641680,663993,543760,669701,608369,694497,665750,543257,"53.55",,,,,,,,16,3,"Cutter",1,1,1,1,1,1,1,1,"Standard","Standard",205,"-0.012","-0.059","68.6","6.3",,,"0.059",,0,0,0.591,0.591,28,26,29,27,1,0,6,2,5,1,"1.97","0.12","-0.12","37.2",1.1375259342583042,10.928144272205552,27.361526111932754,23.32183731989234,23.70743943237191
"CH","2023-09-11","83.1","-2.47","5.39","Dunning, Dane",662139,641540,,"ball",,,,,11,,"R","L","R","TOR","TEX","B",,,0,1,2023,"-1.58","0.6",-0.5326060309355118,3.7816913853256438,,624415,672386,1,2,"Bot",,,,,,,7.630047747933731,-120.74014552605672,1.6983332146823056,-16.920311832755743,24.860090681942772,-26.938641561739008,3.27901786992387,1.45965279734925,,,,"83.9",1914,"7.1",716630,641680,663993,543760,669701,608369,694497,665750,543257,"53.44",,,,,,,,16,2,"Changeup",1,1,1,1,1,1,1,1,"Standard","Standard",249,"0.005","0.031",,,,,"-0.031",,0,0,0.586,0.586,28,26,29,27,1,0,6,2,5,1,"2.73","1.58","-1.58","33.0",,,,,
"FC","2023-09-11","89.6","-2.37","5.38","Dunning, Dane",662139,641540,,"called_strike",,,,,9,,"R","L","R","TOR","TEX","S",,,0,0,2023,"-0.08","0.82",0.7047122442034142,1.7789918415661117,,624415,672386,1,2,"Bot",,,,,,,7.89899701136155,-130.28962318363864,-4.718213978367478,-2.5366032622940984,25.92905515275373,-21.986965825363487,3.36827651903823,1.51389713789903,,,,"91.1",2136,"7.1",716630,641680,663993,543760,669701,608369,694497,665750,543257,"53.41",,,,,,,,16,1,"Cutter",1,1,1,1,1,1,1,1,"Standard","Standard",211,"-0.007","-0.04",,,,,"0.04",,0,0,0.593,0.593,28,26,29,27,1,0,6,2,5,1,"2.01","0.08","-0.08","38.5",,,,,
"SI","2023-09-11","91.2","-2.47","5.37","Dunning, Dane",672386,641540,"single","hit_into_play",,,,,7,"Alejandro Kirk singles on a ground ball to left fielder Evan Carter. Davis Schneider scores. Cavan Biggio to 2nd.","R","R","R","TOR","TEX","X",7,"ground_ball",0,0,2023,"-1.52","0.43",-0.37618011867587375,1.6994240218010985,,676914,624415,1,2,"Bot",95.52,126.25,,,,,8.629755185104287,-132.42968622338515,-4.241393964543063,-19.723694105136563,30.23540363557219,-26.394151482344892,2.98,1.42,9,"98.7",-11,"91.8",2088,"6.9",716630,641680,663993,543760,669701,608369,694497,665750,543257,"53.55",0.175,0.158,"0.9",1,1,0,2,15,1,"Sinker",0,1,0,1,1,1,1,1,"Standard","Standard",224,"0.104","0.485","78.4","7.7",,0.187,"-0.485","98.7",-1,-1,0.489,0.489,28,24,29,25,1,0,6,1,5,1,"2.34","1.52","1.52","35.6",8.364973165227054,-6.6016041060531,32.91154919591628,39.37095616809093,34.99805098666387
"SI","2023-09-11","91.4","-2.52","5.31","Dunning, Dane",624415,641540,"walk","ball",,,,,13,"Cavan Biggio walks. Davis Schneider to 2nd.","R","L","R","TOR","TEX","B",,,3,1,2023,"-1.53","0.4",-0.5362121090005085,1.113810100480265,,,676914,1,2,"Bot",,,,,,,8.410495927718374,-132.75961663071513,-5.583534929349612,-19.964656298623698,30.11021003088707,-26.3364769607234,3.34596703644799,1.51964999590377,,,,"92.2",2046,"7",716630,641680,663993,543760,669701,608369,694497,665750,543257,"53.49",,0.695903,"0.7",1,0,0,,14,5,"Sinker",0,1,0,1,1,0,0,1,"Infield shade","Standard",222,"0.026","0.197",,,,,"-0.197",,-1,-1,0.463,0.463,28,28,29,28,1,0,6,1,5,1,"2.35","1.53","-1.53","33.4",,,,,
"FF","2023-09-11","91.6","-2.36","5.45","Dunning, Dane",624415,641540,,"ball",,,,,14,,"R","L","R","TOR","TEX","B",,,2,1,2023,"-0.51","1.09",1.8025194939027416,0.9426133990713566,,,676914,1,2,"Bot",,,,,,,11.726966455507615,-132.7482709149652,-7.955642152244348,-8.450220410601997,27.085739431271993,-17.625499037217303,3.34596703644799,1.51964999590377,,,,"92.6",2191,"7",716630,641680,663993,543760,669701,608369,694497,665750,543257,"53.47",,,,,,,,14,4,"4-Seam Fastball",0,1,0,1,1,0,0,1,"Infield shade","Standard",212,"0.013","0.1",,,,,"-0.1",,-1,-1,0.45,0.45,28,28,29,28,1,0,6,1,5,1,"1.63","0.51","-0.51","42.2",,,,,
"CH","2023-09-11","85.9","-2.48","5.4","Dunning, Dane",624415,641540,,"ball",,,,,13,,"R","L","R","TOR","TEX","B",,,1,1,2023,"-1.6","0.37",-0.13654776128094182,1.2869026908978634,,,676914,1,2,"Bot",,,,,,,8.878169051543184,-124.7443027424197,-4.24979319721959,-18.4571487924135,25.049127805371217,-27.59946282163608,3.3905825318568,1.51964999590377,,,,"86.8",1802,"7",716630,641680,663993,543760,669701,608369,694497,665750,543257,"53.55",,,,,,,,14,3,"Changeup",0,1,0,1,1,0,0,1,"Infield shade","Standard",249,"0.006","0.046",,,,,"-0.046",,-1,-1,0.444,0.444,28,28,29,28,1,0,6,1,5,1,"2.73","1.6","-1.6","33.3",,,,,
"FF","2023-09-11","89.6","-2.41","5.38","Dunning, Dane",624415,641540,,"ball",,,,,14,,"R","L","R","TOR","TEX","B",,,0,1,2023,"-0.53","0.74",1.0755891611514679,1.6235911944112944,,,676914,1,2,"Bot",,,,,,,9.82171489132572,-130.13820291648852,-4.88547078882691,-8.032335128526825,25.622899924659055,-22.940976968964943,3.36827651903823,1.51964999590377,,,,"90.6",2166,"6.9",716630,641680,663993,543760,669701,608369,694497,665750,543257,"53.64",,,,,,,,14,2,"4-Seam Fastball",0,1,0,1,1,0,0,1,"Infield shade","Standard",215,"0.003","0.025",,,,,"-0.025",,-1,-1,0.441,0.441,28,28,29,28,1,0,6,1,5,1,"2.1","0.53","-0.53","36.7",,,,,
"SI","2023-09-11","91.7","-2.45","5.46","Dunning, Dane",624415,641540,,"called_strike",,,,,8,,"R","L","R","TOR","TEX","S",,,0,0,2023,"-1.48","0.43",-0.12093521092450943,1.620397155129802,,,676914,1,2,"Bot",,,,,,,9.17921822727596,-133.13419937363804,-4.78553715810843,-19.602617844392768,28.748798669665,-26.234972969916143,3.32365409407059,1.46886289727283,,,,"92.4",2047,"6.8",716630,641680,663993,543760,669701,608369,694497,665750,543257,"53.65",,,,,,,,14,1,"Sinker",0,1,0,1,1,0,0,1,"Infield shade","Standard",221,"-0.005","-0.042",,,,,"0.042",,-1,-1,0.446,0.446,28,28,29,28,1,0,6,1,5,1,"2.3","1.48","-1.48","39.6",,,,,
"FC","2023-09-05","89.9","-2.41","5.25","Dunning, Dane",455117,641540,"home_run","hit_into_play",,,,,9,"Martin Maldonado homers (13) on a fly ball to right field. Mauricio Dubon scores.","R","R","R","TEX","HOU","X",,"fly_ball",3,2,2023,"-0.07","0.99",0.5488749492412125,1.8771098062732596,,643289,,1,7,"Top",204.18,69.5,,,,,7.566803669365806,-130.76512162035465,-4.611939356317639,-2.1270441590986557,23.668504566814466,-20.023969702213204,3.06,1.43,373,"101.3",34,"91.6",2241,"7",716705,669087,663993,543760,677649,669701,543257,665750,666969,"53.46",0.415,0.8027272727272727,"2",1,0,3,6,61,7,"Cutter",1,10,10,1,12,1,12,1,"Standard","Standard",217,"-0.001","1.252","73.7","7.6",,1.606,"-1.252","101.3",-9,9,0.002,0.998,28,36,29,37,3,3,6,2,6,1,"1.8","0.07","0.07","37.9",8.587154618455756,1.5255517085954016,36.36897289704531,44.65750734299127,31.550198608843147
"SI","2023-09-05","92.1","-2.4","5.25","Dunning, Dane",455117,641540,,"ball",,,,,14,,"R","R","R","TEX","HOU","B",,,2,2,2023,"-1.09","0.73",1.2185546516644572,1.575063301442396,,643289,,1,7,"Top",,,,,,,11.673249462871905,-133.65830291983232,-5.1601002273794085,-15.403401022571401,26.23845932966255,-22.48813895607224,3.14429354250286,1.59032047221983,,,,"93.4",1997,"7",716705,669087,663993,543760,677649,669701,543257,665750,666969,"53.49",,,,,,,,61,6,"Sinker",1,10,10,1,10,1,10,1,"Standard","Standard",225,"0","0.09",,,,,"-0.09",,-9,9,0.002,0.998,28,36,29,37,3,3,6,2,6,1,"1.95","1.09","1.09","33.7",,,,,
"SI","2023-09-05","91.3","-2.31","5.35","Dunning, Dane",455117,641540,,"ball",,,,,11,,"R","R","R","TEX","HOU","B",,,1,2,2023,"-1","1.1",-1.1250368795608954,2.6641350186385786,,643289,,1,7,"Top",,,,,,,5.179676892833627,-133.0006413875307,-3.327465185918463,-12.981743157597702,26.86748893474233,-18.51860668269917,3.1439091361292,1.50241060519772,,,,"92.4",1985,"6.8",716705,669087,663993,543760,677649,669701,543257,665750,666969,"53.74",,,,,,,,61,5,"Sinker",1,10,10,1,10,1,10,1,"Standard","Standard",219,"0","0.04",,,,,"-0.04",,-9,9,0.002,0.998,28,36,29,37,3,3,6,2,6,1,"1.61","1","1","38.2",,,,,
"SL","2023-09-05","79.4","-2.45","5.25","Dunning, Dane",455117,641540,,"foul",,,,,6,,"R","R","R","TEX","HOU","S",,,1,2,2023,"0.03","0.05",0.6849087141675612,2.511069794516589,,643289,,1,7,"Top",,,,,,,6.843765076906461,-115.42651130764263,0.698271885556927,-0.9470798997552261,20.932240987068205,-32.09451018101633,3.06,1.43,2,"72.4",-48,"79.9",2090,"6.6",716705,669087,663993,543760,677649,669701,543257,665750,666969,"53.9",,,,,,,,61,4,"Slider",1,10,10,1,10,1,10,1,"Standard","Standard",71,"0","0","71.9","7.8",,,"0","88.0",-9,9,0.002,0.998,28,36,29,37,3,3,6,2,6,1,"3.57","-0.03","-0.03","30.2",25.990145622683517,-5.087021137490382,28.184247545025112,47.00252205794863,37.2975622982011
"SI","2023-09-05","90.3","-2.37","5.34","Dunning, Dane",455117,641540,,"ball",,,,,7,,"R","R","R","TEX","HOU","B",,,0,2,2023,"-1.27","0.55",-0.5695251024859953,1.5257973833883778,,643289,,1,7,"Top",,,,,,,7.255053552677688,-131.349850694608,-4.765774570924763,-16.21602106675049,27.463671719763543,-24.986666383224566,3.24000801370861,1.58778006170488,,,,"91.3",2000,"6.9",716705,669087,663993,543760,677649,669701,543257,665750,666969,"53.64",,,,,,,,61,3,"Sinker",1,10,10,1,10,1,10,1,"Standard","Standard",219,"0","0.015",,,,,"-0.015",,-9,9,0.002,0.998,28,36,29,37,3,3,6,2,6,1,"2.24","1.27","1.27","35.6",,,,,
"SL","2023-09-05","82.1","-2.42","5.37","Dunning, Dane",455117,641540,,"swinging_strike",,,,,9,,"R","R","R","TEX","HOU","S",,,0,1,2023,"0.3","-0.02",0.6712287363216167,1.330482235505451,,643289,,1,7,"Top",,,,,,,6.519705894454012,-119.48112393755764,-2.616724255776832,1.6649370489125646,21.78240589076631,-32.072705195898344,3.06,1.43,,,,"83.4",2275,"7",716705,669087,663993,543760,677649,669701,543257,665750,666969,"53.5",,,,,,,,61,2,"Slider",1,10,10,1,10,1,10,1,"Standard","Standard",37,"0","-0.069","73.2","8.7","4.591779624",,"0.069",,-9,9,0.002,0.998,28,36,29,37,3,3,6,2,6,1,"3.38","-0.3","-0.3","35.9",28.822154351066363,-19.838856864487905,35.64511206595698,46.39558425194661,46.669195490399815
"FC","2023-09-05","88","-2.33","5.33","Dunning, Dane",455117,641540,,"swinging_strike",,,,,3,,"R","R","R","TEX","HOU","S",,,0,0,2023,"0.21","0.65",0.38446898279884784,2.6497469815329606,,643289,,1,7,"Top",,,,,,,6.2080490215510125,-128.17290504566844,-1.8159837110920463,1.1224731982174396,24.62696612012395,-24.76328834036208,3.06,1.43,,,,"89.1",1949,"6.8",716705,669087,663993,543760,677649,669701,543257,665750,666969,"53.72",,,,,,,,61,1,"Cutter",1,10,10,1,10,1,10,1,"Standard","Standard",205,"0","-0.038","72.2","6.8","0.710604912",,"0.038",,-9,9,0.002,0.998,28,36,29,37,3,3,6,2,6,1,"2.27","-0.21","-0.21","36.3",2.205857716615446,21.929270672010265,30.161677963890444,44.33910091707331,15.920402178014001
"CH","2023-09-05","86.3","-2.38","5.35","Dunning, Dane",643289,641540,"double","hit_into_play",,,,,8,"Mauricio Dubon doubles (24) on a sharp fly ball to center fielder Leody Taveras. Chas McCormick scores.","R","R","R","TEX","HOU","X",8,"fly_ball",1,2,2023,"-1.32","0.45",-0.269638639682688,1.5579794240116809,,676801,,1,7,"Top",183,69,,,,,7.766796316203358,-125.41356483301475,-3.7383821108224775,-15.495188339289937,25.024644908453187,-26.815156734218526,3.24,1.55,386,"101.5",24,"86.9",1728,"6.7",716705,669087,663993,543760,677649,669701,543257,665750,666969,"53.76",0.497,0.8759310344827588,"1.25",1,1,1,6,60,4,"Changeup",1,9,9,1,10,1,10,1,"Standard","Standard",247,"-0.002","0.904","74.1","7.8",,1.666,"-0.904","101.5",-8,8,0.004,0.996,28,28,29,29,3,3,6,1,6,1,"2.61","1.32","1.32","38.2",5.469654101961504,1.1477616261948853,39.765913935219615,34.13307022501478,29.201871236306843
"SL","2023-09-05","82.4","-2.29","5.43","Dunning, Dane",643289,641540,,"blocked_ball",,,,,14,,"R","R","R","TEX","HOU","B",,,0,2,2023,"0.15","-0.12",1.15741775669639,0.35168658731335034,,676801,,1,7,"Top",,,,,,,7.595701520395962,-119.78282832083237,-4.800080168977543,0.048185042586744165,22.640659438819192,-32.63027019010646,3.30422103425555,1.67156384829183,,,,"83",2298,"6.7",716705,669087,663993,543760,677649,669701,543257,665750,666969,"53.77",,,,,,,,60,3,"Slider",1,9,9,1,9,1,9,1,"Standard","Standard",51,"0","0.015",,,,,"-0.015",,-8,8,0.004,0.996,28,28,29,29,3,3,6,1,6,1,"3.48","-0.15","-0.15","37.4",,,,,
"SI","2023-09-05","91.1","-2.41","5.35","Dunning, Dane",643289,641540,,"foul",,,,,9,,"R","R","R","TEX","HOU","S",,,0,1,2023,"-0.52","1.21",0.5223662317013028,1.7410863333530657,,676801,,1,7,"Top",,,,,,,8.566515446298805,-132.32785932815435,-5.819544283399976,-7.874293720901275,28.0402608293297,-16.887164402371596,3.24,1.55,180,"72.5",59,"92.2",1946,"7",716705,669087,663993,543760,677649,669701,543257,665750,666969,"53.47",,,,,,,,60,2,"Sinker",1,9,9,1,9,1,9,1,"Standard","Standard",218,"0","-0.069","70.5","8.5",,,"0.069","88.0",-8,8,0.004,0.996,28,28,29,29,3,3,6,1,6,1,"1.55","0.52","0.52","33.1",6.187621101534702,-3.194334004547365,32.53970976618084,44.77156483806528,28.80474372621883
"SI","2023-09-05","91","-2.38","5.37","Dunning, Dane",643289,641540,,"swinging_strike",,,,,6,,"R","R","R","TEX","HOU","S",,,0,0,2023,"-0.4","1.3",0.49379064574738313,2.650349191768955,,676801,,1,7,"Top",,,,,,,8.161836920492465,-132.32953184962926,-3.7163601181175743,-6.452418271829054,28.557351466017533,-16.349509370565027,3.24,1.55,,,,"91.9",1995,"6.9",716705,669087,663993,543760,677649,669701,543257,665750,666969,"53.59",,,,,,,,60,1,"Sinker",1,9,9,1,9,1,9,1,"Infield shade","Standard",225,"0","-0.038","72.0","7.7","1.490409888",,"0.038",,-8,8,0.004,0.996,28,28,29,29,3,3,6,1,6,1,"1.46","0.4","0.4","35.2",2.0095527586699284,10.274663992301274,33.75587700168316,44.13442488105756,14.943308836650408
"CH","2023-09-05","85.4","-2.33","5.34","Dunning, Dane",643289,641540,"field_out","hit_into_play",,,,,13,"Mauricio Dubon grounds out softly, pitcher Dane Dunning to first baseman Nathaniel Lowe.","R","R","R","TEX","HOU","X",1,"ground_ball",1,1,2023,"-1.43","0.17",-0.1411582838815375,0.8896930617862195,,,676801,2,4,"Top",127.38,189,,,,,8.119222732667975,-124.09161298402974,-4.553831625701362,-16.426400093735435,24.6813774249043,-29.65093935922438,3.24,1.55,1,"53.4",-60,"86.2",1746,"6.9",716705,641680,663993,543760,677649,669701,543257,665750,666969,"53.65",0.272,0.268,"0",1,0,0,1,37,3,"Changeup",0,9,9,0,9,0,9,0,"Standard","Standard",254,"0.001","-0.266","68.3","9.1",,0.274,"0.266","88.0",-9,9,0.011,0.989,28,28,29,29,2,2,6,1,6,1,"2.96","1.43","1.43","37.6",25.783644819001328,-22.32826397890025,41.24379823444636,37.34421614262534,46.64881559517441
"SI","2023-09-05","91","-2.38","5.36","Dunning, Dane",643289,641540,,"foul",,,,,11,,"R","R","R","TEX","HOU","S",,,1,0,2023,"-1.23","0.82",-1.134175035266213,2.5966654850037223,,,676801,2,4,"Top",,,,,,,5.815385817116,-132.3353805870735,-2.7858051126232004,-15.721505162436236,29.581922796155688,-22.12889439361455,3.24,1.55,385,"102.6",33,"91.6",1981,"6.8",716705,641680,663993,543760,677649,669701,543257,665750,666969,"53.73",,,,,,,,37,2,"Sinker",0,9,9,0,9,0,9,0,"Standard","Standard",223,"0","-0.05","81.3","8.1",,,"0.05","102.6",-9,9,0.011,0.989,28,28,29,29,2,2,6,1,6,1,"1.94","1.23","1.23","38.7",27.142329775970605,-23.374721843976086,30.500619393278942,24.46098658791338,42.32375187445532
"SI","2023-09-05","90.9","-2.41","5.39","Dunning, Dane",643289,641540,,"ball",,,,,11,,"R","R","R","TEX","HOU","B",,,0,0,2023,"-1.26","0.72",-0.26229465698438026,3.693824442798961,,,676801,2,4,"Top",,,,,,,8.21837950750472,-132.1032452645639,0.19970054722517072,-16.536603449224412,30.056857652266594,-24.120473663584065,3.27556517914238,1.60230931057015,,,,"91.9",2010,"7.1",716705,641680,663993,543760,677649,669701,543257,665750,666969,"53.38",,,,,,,,37,1,"Sinker",0,9,9,0,9,0,9,0,"Standard","Standard",217,"0","0.03",,,,,"-0.03",,-9,9,0.011,0.989,28,28,29,29,2,2,6,1,6,1,"2.07","1.26","1.26","38.4",,,,,
"SL","2023-09-05","82.8","-2.2","5.48","Dunning, Dane",547989,641540,"grounded_into_double_play","hit_into_play",,,,,12,"Jose Abreu grounds into a double play, shortstop Josh H. Smith to second baseman Marcus Semien to first baseman Nathaniel Lowe. Kyle Tucker out at 2nd. Jose Abreu out at 1st.","R","R","R","TEX","HOU","X",6,"ground_ball",1,2,2023,"0.23","0.06",1.2781465690805875,3.0713544359709575,,,663656,0,4,"Top",111.61,149.64,,,,,7.560597209243664,-120.41103922850057,0.8990804925199083,0.7782810826041742,23.79329517772006,-31.96240440394193,3.34,1.53,51,"87.5",0,"83.5",2235,"6.8",716705,641680,663993,543760,677649,669701,543257,665750,666969,"53.69",0.228,0.205,"0",1,0,0,2,35,4,"Slider",0,9,9,0,9,0,9,0,"Standard","Standard",43,"0.003","-0.279","72.2","7.6",,0.245,"0.279","88.0",-9,9,0.009,0.991,28,36,29,36,2,2,6,1,6,1,"3.27","-0.23","-0.23","41.9",9.689864750485292,-3.4931437326168444,19.814754514567436,54.09149307680474,36.42977913574799
"KC","2023-09-05","76.9","-2.29","5.46","Dunning, Dane",547989,641540,,"ball",,,,,11,,"R","R","R","TEX","HOU","B",,,0,2,2023,"0.85","-1.14",-1.501160493003094,4.9030012295486065,,,663656,0,4,"Top",,,,,,,0.1260729023746422,-111.57391956759488,7.940220402561015,7.0665690497568745,21.230508047922108,-43.40432896961193,3.33999900631612,1.66102691847117,,,,"76.5",1922,"6.3",716705,641680,663993,543760,677649,669701,543257,665750,666969,"54.2",,,,,,,,35,3,"Knuckle Curve",0,9,9,0,9,0,9,0,"Standard","Standard",35,"0","0.008",,,,,"-0.008",,-9,9,0.009,0.991,28,36,29,36,2,2,6,1,6,1,"5.04","-0.85","-0.85","38.2",,,,,
"SI","2023-09-05","92.4","-2.55","5.34","Dunning, Dane",547989,641540,,"foul",,,,,5,,"R","R","R","TEX","HOU","S",,,0,1,2023,"-1.05","0.66",-0.11803125235224576,2.4207949897774657,,,663656,0,4,"Top",,,,,,,8.559051184501486,-134.27155661747219,-3.05044070673139,-14.547315601888357,29.922018650234808,-23.74612430093903,3.34,1.53,200,"74.2",23,"93.2",2067,"6.9",716705,641680,663993,543760,677649,669701,543257,665750,666969,"53.61",,,,,,,,35,2,"Sinker",0,9,9,0,9,0,9,0,"Standard","Standard",220,"0","-0.043","74.0","6.6",,,"0.043","88.0",-9,9,0.009,0.991,28,36,29,36,2,2,6,1,6,1,"2.03","1.05","1.05","34.9",-2.2268931648321195,20.928462842625738,32.505979925094756,39.87823829562274,21.83048280228869
"SI","2023-09-05","90.9","-2.47","5.39","Dunning, Dane",547989,641540,,"called_strike",,,,,4,,"R","R","R","TEX","HOU","S",,,0,0,2023,"-1.07","0.91",-0.8251099193102354,2.593014244281226,,,663656,0,4,"Top",,,,,,,6.485300007012817,-132.16373642685625,-3.05258615762226,-13.908140465992664,29.363834630876845,-21.07470483048858,3.42021109786775,1.63190275299703,,,,"91.6",1994,"6.9",716705,641680,663993,543760,677649,669701,543257,665750,666969,"53.63",,,,,,,,35,1,"Sinker",0,9,9,0,9,0,9,0,"Standard","Standard",222,"0","-0.036",,,,,"0.036",,-9,9,0.009,0.991,28,36,29,36,2,2,6,1,6,1,"1.86","1.07","1.07","36.8",,,,,
"SL","2023-09-05","82.4","-2.41","5.4","Dunning, Dane",455117,641540,"home_run","hit_into_play",,,,,5,"Martin Maldonado homers (12) on a fly ball to left field. Mauricio Dubon scores.","R","R","R","TEX","HOU","X",,"fly_ball",1,0,2023,"0.09","-0.08",0.08341168119308537,2.4602424256486377,,,643289,0,3,"Top",13.69,84.16,,,,,5.530845596737996,-119.89179965007703,0.01547966997359862,-0.23888276260799288,23.72974185402855,-33.18531391850547,3.06,1.43,394,"105.1",25,"82.9",2375,"6.7",716705,641680,663993,543760,677649,608369,543257,665750,666969,"53.8",0.792,1.5370178571428579,"2",1,0,3,6,24,2,"Slider",0,6,6,0,8,0,8,0,"Standard","Standard",63,"-0.029","1.031","72.8","8.2",,3.036,"-1.031","105.1",-6,6,0.053,0.947,28,36,29,37,1,1,6,2,6,1,"3.45","-0.09","-0.09","36.7",21.18641588693377,-13.517914922809492,29.51533777739079,40.605118957600766,43.082279979080155
"SI","2023-09-05","91.9","-2.46","5.37","Dunning, Dane",455117,641540,,"ball",,,,,12,,"R","R","R","TEX","HOU","B",,,0,0,2023,"-0.35","1.31",1.065244307532247,2.7820756648074565,,,643289,0,3,"Top",,,,,,,9.753169989051313,-133.49621612470145,-3.5438543279907058,-6.2601225981835364,29.181566095191403,-15.886965348489658,3.14703612314351,1.42999794348984,,,,"92.5",2073,"6.8",716705,641680,663993,543760,677649,608369,543257,665750,666969,"53.72",,,,,,,,24,1,"Sinker",0,6,6,0,6,0,6,0,"Standard","Standard",224,"-0.001","0.03",,,,,"-0.03",,-6,6,0.054,0.946,28,36,29,37,1,1,6,2,6,1,"1.4","0.35","0.35","35.5",,,,,
"SI","2023-09-05","91.6","-2.54","5.39","Dunning, Dane",676801,641540,"force_out","hit_into_play",,,,,4,"Chas McCormick grounds into a force out, shortstop Corey Seager to second baseman Marcus Semien. Jose Abreu out at 2nd.","R","R","R","TEX","HOU","X",6,"ground_ball",0,0,2023,"-1.26","0.7",-0.7982425497781214,2.654231527184308,663656,,547989,2,2,"Top",115.25,152.07,,,,,7.2133178281600125,-133.26544036795258,-2.5686594921193744,-16.60995663742008,28.202327820568293,-23.50867785267744,3.26,1.53,84,"71.4",8,"92.5",1987,"6.8",716705,641680,663993,543760,677649,608369,543257,665750,666969,"53.68",0.299,0.275,"0",1,0,0,2,19,1,"Sinker",0,6,6,0,6,0,6,0,"Standard","Standard",218,"0.011","-0.314","70.9","7.0",,0.361,"0.314","88.0",-6,6,0.073,0.927,28,28,29,28,1,1,6,1,6,1,"2.02","1.26","1.26","37.4",14.901949395331846,15.5835486930287,38.0691501890554,34.25248688207033,21.431120597304464
"SL","2023-09-05","83.1","-2.16","5.54","Dunning, Dane",547989,641540,"single","hit_into_play",,,,,2,"Jose Abreu singles on a ground ball to center fielder Leody Taveras. Jeremy Pena scores. Alex Bregman scores. Kyle Tucker to 3rd.","R","R","R","TEX","HOU","X",8,"ground_ball",1,1,2023,"0.15","0.14",0.1430664528507555,2.959360539353312,665161,608324,663656,2,2,"Top",113.43,101.11,,,,,5.024866818505708,-120.91451343841531,0.2901765129422915,0.507908704080889,23.401210470281704,-31.059178764734398,3.34,1.53,34,"104.5",-3,"83.8",2261,"6.7",716705,641680,663993,543760,677649,608369,543257,665750,666969,"53.75",0.402,0.362,"0.9",1,1,0,2,18,3,"Slider",0,4,4,0,6,0,6,0,"Standard","Standard",78,"-0.076","0.534","76.3","6.8",,0.419,"-0.534","104.5",-4,4,0.149,0.851,28,36,29,36,1,1,6,1,6,1,"3.16","-0.15","-0.15","38.6",7.638952845831744,5.040209074518753,22.002848167127837,40.9366143870572,36.09556391320302
"SI","2023-09-05","91.5","-2.33","5.32","Dunning, Dane",547989,641540,,"called_strike",,,,,12,,"R","R","R","TEX","HOU","S",,,1,0,2023,"-1.09","0.65",0.3776806000202524,3.4935677008064396,665161,608324,663656,2,2,"Top",,,,,,,9.258661376043765,-132.9845175016558,-0.117086496377798,-14.881987397691908,28.114183326522642,-24.643668716409174,3.35235987415101,1.56407614898167,,,,"92.4",1931,"6.9",716705,641680,663993,543760,677649,608369,543257,665750,666969,"53.63",,,,,,,,18,2,"Sinker",0,4,4,0,4,0,4,0,"Standard","Standard",226,"0.007","-0.048",,,,,"0.048",,-4,4,0.142,0.858,28,36,29,36,1,1,6,1,6,1,"2.08","1.09","1.09","35.6",,,,,
"SL","2023-09-05","82","-2.43","5.44","Dunning, Dane",547989,641540,,"ball",,,,,11,,"R","R","R","TEX","HOU","B",,,0,0,2023,"0.22","0.11",-1.1998367867755286,3.376079587696893,665161,608324,663656,2,2,"Top",,,,,,,2.3994613641741473,-119.46172035366146,1.6541693041724512,1.6368805240684858,21.682215006966345,-31.62950065977194,3.32481489188451,1.69854168405156,,,,"83.2",2327,"6.9",716705,641680,663993,543760,677649,608369,543257,665750,666969,"53.59",,,,,,,,18,1,"Slider",0,4,4,0,4,0,4,0,"Standard","Standard",58,"-0.005","0.035",,,,,"-0.035",,-4,4,0.147,0.853,28,36,29,36,1,1,6,1,6,1,"3.26","-0.22","-0.22","36.4",,,,,
"FC","2023-09-05","90.1","-2.32","5.45","Dunning, Dane",663656,641540,"walk","ball",,,,,11,"Kyle Tucker walks. Jeremy Pena to 3rd. Alex Bregman to 2nd.","R","L","R","TEX","HOU","B",,,3,2,2023,"0.07","0.62",-0.5750251532045164,3.7917106232267823,,665161,608324,2,2,"Top",,,,,,,4.2560455029266775,-131.20452623668513,0.49478551927814307,-0.07168779718887408,26.4769316575451,-25.27834701565689,3.63438567473796,1.73112595472062,,,,"91.4",2151,"6.9",716705,641680,663993,543760,677649,608369,543257,665750,666969,"53.56",,0.695903,"0.7",1,0,0,,17,6,"Cutter",0,4,4,0,4,0,4,0,"Infield shade","Strategic",200,"-0.011","0.188",,,,,"-0.188",,-4,4,0.158,0.842,28,26,29,26,1,1,6,1,6,1,"2.17","-0.07","0.07","38.5",,,,,
"SI","2023-09-05","92.4","-2.3","5.43","Dunning, Dane",663656,641540,,"ball",,,,,1,,"R","L","R","TEX","HOU","B",,,2,2,2023,"-1.32","0.58",-0.7831949844000705,3.416260783110359,,665161,608324,2,2,"Top",,,,,,,6.796563029707235,-134.43062348626106,-0.5662723646546723,-17.443516936528646,29.030762063833457,-25.26854164875094,3.58068169803449,1.72146805703397,,,,"93.2",1915,"6.8",716705,641680,663993,543760,677649,608369,543257,665750,666969,"53.71",,,,,,,,17,5,"Sinker",0,4,4,0,4,0,4,0,"Infield shade","Standard",218,"-0.005","0.064",,,,,"-0.064",,-4,4,0.163,0.837,28,26,29,26,1,1,6,1,6,1,"2.09","1.32","-1.32","37.9",,,,,
"CH","2023-09-05","86","-2.39","5.38","Dunning, Dane",663656,641540,,"foul",,,,,4,,"R","L","R","TEX","HOU","S",,,2,1,2023,"-1.41","0.68",-0.6744570437332829,2.4656346825475595,,665161,608324,2,2,"Top",,,,,,,6.977828064351074,-125.03223013433244,-2.0469446944674465,-16.191095681661515,25.07129936679079,-24.785198359854203,3.57,1.68,169,"70.2",64,"86.5",1839,"6.6",716705,641680,663993,543760,677649,608369,543257,665750,666969,"53.86",,,,,,,,17,4,"Changeup",0,4,4,0,4,0,4,0,"Infield shade","Standard",254,"0.004","-0.06","67.5","7.7",,,"0.06","88.0",-4,4,0.159,0.841,28,26,29,26,1,1,6,1,6,1,"2.4","1.41","-1.41","32.6",10.859618045637657,-8.391088573129169,32.670577430089736,44.925060446168104,26.95554158561181
"FC","2023-09-05","90.6","-2.44","5.38","Dunning, Dane",663656,641540,,"ball",,,,,6,,"R","L","R","TEX","HOU","B",,,1,1,2023,"-0.01","0.82",0.6112259009100585,2.6982055009349786,,665161,608324,2,2,"Top",,,,,,,7.707165119966866,-131.82249504999697,-2.556950436029382,-1.7444478715703013,27.409353887373804,-22.257205202452244,3.65677186990724,1.77542727196877,,,,"91.3",2212,"6.7",716705,641680,663993,543760,677649,608369,543257,665750,666969,"53.85",,,,,,,,17,3,"Cutter",0,4,4,0,4,0,4,0,"Infield shade","Standard",216,"-0.002","0.025",,,,,"-0.025",,-4,4,0.161,0.839,28,26,29,26,1,1,6,1,6,1,"1.95","0.01","-0.01","38.1",,,,,
"FC","2023-09-05","90.3","-2.32","5.51","Dunning, Dane",663656,641540,,"swinging_strike",,,,,11,,"R","L","R","TEX","HOU","S",,,1,0,2023,"0.18","0.8",-0.18005886098811333,3.8628473997513826,,665161,608324,2,2,"Top",,,,,,,4.984983727828451,-131.53449094190708,0.14265202481412642,1.061796875420113,27.74096917034043,-23.158254699508667,3.57,1.68,,,,"91.1",2190,"6.7",716705,641680,663993,543760,677649,608369,543257,665750,666969,"53.79",,,,,,,,17,2,"Cutter",0,4,4,0,4,0,4,0,"Infield shade","Standard",203,"0.002","-0.045","36.9","4.4","0.139121664",,"0.045",,-4,4,0.159,0.841,28,26,29,26,1,1,6,1,6,1,"1.99","-0.18","0.18","37.7",-23.883861380593135,55.231124095385034,30.61060014378978,37.02390621257549,-11.71066192297507
"SL","2023-09-05","81","-2.65","5.45","Dunning, Dane",663656,641540,,"ball",,,,,11,,"R","L","R","TEX","HOU","B",,,0,0,2023,"0.18","-0.32",-2.5509290414599346,2.7524222397489138,,665161,608324,2,2,"Top",,,,,,,-0.12464421888494762,-118.02482062397634,1.2425330263346308,1.6753893854325648,23.559563676288352,-35.59490422714957,3.62879526505463,1.65443203177414,,,,"81.4",2353,"6.6",716705,641680,663993,543760,677649,608369,543257,665750,666969,"53.87",,,,,,,,17,1,"Slider",0,4,4,0,4,0,4,0,"Standard","Standard",52,"-0.001","0.03",,,,,"-0.03",,-4,4,0.16,0.84,28,26,29,26,1,1,6,1,6,1,"3.8","-0.18","0.18","34.6",,,,,
"SI","2023-09-05","91.4","-2.52","5.33","Dunning, Dane",608324,641540,"single","hit_into_play",,,,,4,"Alex Bregman singles on a ground ball to left fielder Robbie Grossman. Jeremy Pena to 2nd.","R","R","R","TEX","HOU","X",7,"ground_ball",1,0,2023,"-1.33","0.71",-0.7847444239897534,2.2790121374567076,,,665161,2,2,"Top",64.28,135.92,,,,,7.328107910381986,-132.79947368171904,-3.32102587908527,-17.345884537566622,29.838249585186777,-23.214073878469137,3.05,1.46,162,"69.1",17,"92.1",2033,"6.9",716705,641680,663993,543760,677649,608369,543257,665750,666969,"53.6",0.624,0.561,"0.9",1,1,0,4,16,2,"Sinker",0,4,4,0,4,0,4,0,"Standard","Standard",222,"-0.009","0.338","70.7","7.1",,0.64,"-0.338","88.0",-4,4,0.169,0.831,28,29,29,29,1,1,6,1,6,1,"2.03","1.33","1.33","34.5",16.74409603188147,-10.62766597441451,29.82992446874169,25.733261663613398,33.41013039713134
"SI","2023-09-05","91.6","-2.5","5.34","Dunning, Dane",608324,641540,,"ball",,,,,13,,"R","R","R","TEX","HOU","B",,,0,0,2023,"-1.27","0.79",-0.5374024278853784,1.0653748699940266,,,665161,2,2,"Top",,,,,,,7.761086617017868,-133.06293783302837,-6.658234896403715,-16.72247215754198,28.979868774715847,-21.524516804869535,3.03605361020718,1.53763714981754,,,,"92.3",2070,"6.8",716705,641680,663993,543760,677649,608369,543257,665750,666969,"53.65",,,,,,,,16,1,"Sinker",0,4,4,0,4,0,4,0,"Standard","Standard",222,"-0.001","0.03",,,,,"-0.03",,-4,4,0.17,0.83,28,29,29,29,1,1,6,1,6,1,"1.94","1.27","1.27","35.3",,,,,
"FC","2023-09-05","89.8","-2.4","5.45","Dunning, Dane",670541,641540,"field_out","hit_into_play",,,,,6,"Yordan Alvarez flies out sharply to center fielder Leody Taveras.","R","L","R","TEX","HOU","X",8,"fly_ball",0,0,2023,"0.02","0.69",0.6852212124899819,2.324777754107242,,,665161,1,2,"Top",139.31,75.39,,,,,7.736022374360931,-130.6357660669241,-3.289469762151515,-1.3908898035825725,26.527725514762537,-23.752271922685296,3.53,1.75,308,"104.1",50,"91.4",2125,"7.2",716705,641680,663993,543760,677649,608369,543257,665750,666969,"53.34",0.032,0.039,"0",1,0,0,3,15,1,"Cutter",0,4,4,0,4,0,4,0,"Infield shade","Strategic",217,"0.013","-0.257","81.1","7.5",,0.069,"0.257","104.1",-4,4,0.157,0.843,28,26,29,26,1,1,6,1,6,1,"2.13","-0.02","0.02","37.0",13.65662005755635,-17.45821664008055,39.1210440079636,29.805968560820993,41.89262717668481
"SL","2023-08-30","81.7","-2.32","5.24","Dunning, Dane",607043,641540,"truncated_pa","ball",,,,,14,,"R","L","R","NYM","TEX","B",2,,2,2,2023,"0.07","0.1",0.934616114923376,0.21828915719620356,,,542364,2,4,"Bot",,,,,,,7.240745468895979,-118.63935173550266,-4.888953048596282,-0.8268208482251466,24.066279608895616,-30.457772963227182,3.46844108374481,1.66261128342426,,,,"81.9",2312,"6.6",716783,641680,663993,543760,677649,608369,608671,665750,666969,"53.85",,,"0",0,0,0,,33,5,"Slider",3,1,3,1,1,3,3,1,"Infield shade","Standard",41,"-0.014","-0.24",,,,,"0.24",,2,2,0.765,0.765,28,30,29,30,3,2,5,1,6,2,"3.35","-0.07","0.07","37.8",,,,,
"FF","2023-08-30","90.1","-2.35","5.46","Dunning, Dane",607043,641540,,"ball",,,,,11,,"R","L","R","NYM","TEX","B",,,1,2,2023,"-0.84","1.06",-1.5960704669237744,4.917443231582046,,,542364,2,4,"Bot",,,,,,,3.6741396340681374,-131.09235490509647,2.4281295052419227,-10.491268442366746,31.052958353720204,-20.83066398923826,3.49983309371507,1.83453574683283,,,,"90.1",2224,"6.6",716783,641680,663993,543760,677649,608369,608671,665750,666969,"53.91",,,,,,,,33,4,"4-Seam Fastball",3,1,3,1,1,3,3,1,"Infield shade","Standard",212,"0.003","0.034",,,,,"-0.034",,2,2,0.762,0.762,28,30,29,30,3,2,5,1,6,2,"1.77","0.84","-0.84","40.5",,,,,
"FC","2023-08-30","89.5","-2.45","5.4","Dunning, Dane",607043,641540,,"called_strike",,,,,1,,"R","L","R","NYM","TEX","S",,,1,1,2023,"-0.06","1.24",-0.8179882664089406,3.191912028242517,,,542364,2,4,"Bot",,,,,,,4.217130319733487,-130.33518382691676,-2.0767163902876664,-1.5716231481053196,27.608252439937157,-17.86599486562187,3.46844108374481,1.63395855586646,,,,"90.7",2191,"7",716783,641680,663993,543760,677649,608369,608671,665750,666969,"53.52",,,,,,,,33,3,"Cutter",3,1,3,1,1,3,3,1,"Infield shade","Standard",210,"-0.004","-0.06",,,,,"0.06",,2,2,0.766,0.766,28,30,29,30,3,2,5,1,6,2,"1.61","0.06","-0.06","40.5",,,,,
"CH","2023-08-30","84","-2.37","5.28","Dunning, Dane",607043,641540,,"ball",,,,,13,,"R","L","R","NYM","TEX","B",,,0,1,2023,"-1.35","0.64",-0.9660341343911625,2.068654788942855,,,542364,2,4,"Bot",,,,,,,5.98753545665729,-122.16585264271068,-2.293411752188376,-14.723207802604575,24.696138888659743,-25.566371896864116,3.46844108374481,1.66261128342426,,,,"84.7",1783,"6.8",716783,641680,663993,543760,677649,608369,608671,665750,666969,"53.66",,,,,,,,33,2,"Changeup",3,1,3,1,1,3,3,1,"Infield shade","Standard",246,"0.001","0.025",,,,,"-0.025",,2,2,0.765,0.765,28,30,29,30,3,2,5,1,6,2,"2.6","1.35","-1.35","34.7",,,,,
"FC","2023-08-30","87.8","-2.33","5.38","Dunning, Dane",607043,641540,,"swinging_strike",,,,,2,,"R","L","R","NYM","TEX","S",,,0,0,2023,"0.04","1.12",0.24556392904379915,3.21162875228209,,,542364,2,4,"Bot",,,,,,,6.201429355842671,-127.60074361749078,-1.3820105996179772,-1.0028523476420024,29.639619831054713,-19.920566122646516,3.47,1.66,,,,"88.1",2178,"6.8",716783,641680,663993,543760,677649,608369,608671,665750,666969,"53.67",,,,,,,,33,1,"Cutter",3,1,3,1,1,3,3,1,"Infield shade","Standard",202,"-0.002","-0.045","75.9","7.3","0.192087228",,"0.045",,2,2,0.767,0.767,28,30,29,30,3,2,5,1,6,2,"1.87","-0.04","0.04","38.7",12.090084869479764,-10.66006613282524,22.49821217250032,34.88019543178108,31.827527115173822
"CH","2023-08-30","85.2","-2.43","5.31","Dunning, Dane",621466,641540,"strikeout","swinging_strike",,,,,7,"DJ Stewart strikes out swinging.","R","L","R","NYM","TEX","S",2,,2,2,2023,"-1.55","0.52",-0.45367024970013503,1.4197828992121755,,,596129,2,3,"Bot",,,,,,,7.836439843672748,-123.68336777026582,-3.746595166185784,-17.529032209690104,29.953313205114448,-26.224893075115396,3.11,1.43,,,,"85.1",1805,"6.8",716783,641680,663993,543760,677649,608369,608671,665750,666969,"53.67",,0,"0",1,0,0,,25,5,"Changeup",3,0,3,0,0,3,3,0,"Infield shade","Standard",233,"-0.01","-0.239","70.8","8.4","1.119065112",,"0.239",,3,3,0.824,0.824,28,29,29,30,2,1,5,2,6,2,"2.69","1.55","-1.55","41.5",20.94318778540466,-33.113210625380894,23.131322289147064,42.67979911189036,51.77914713852537
"CH","2023-08-30","85.8","-2.35","5.32","Dunning, Dane",621466,641540,,"called_strike",,,,,8,,"R","L","R","NYM","TEX","S",,,2,1,2023,"-1.62","0.56",0.2398518960815026,1.7606970870490821,,,596129,2,3,"Bot",,,,,,,9.482705741992802,-124.48077454823881,-3.1816521586283892,-18.808318615121774,29.132930466557845,-25.847123746512207,3.10861791426885,1.31879704023493,,,,"85.8",1789,"6.8",716783,641680,663993,543760,677649,608369,608671,665750,666969,"53.65",,,,,,,,25,4,"Changeup",3,0,3,0,0,3,3,0,"Infield shade","Standard",250,"-0.003","-0.063",,,,,"0.063",,3,3,0.827,0.827,28,29,29,30,2,1,5,2,6,2,"2.59","1.62","-1.62","37.0",,,,,
"FF","2023-08-30","89.5","-2.31","5.34","Dunning, Dane",621466,641540,,"ball",,,,,14,,"R","L","R","NYM","TEX","B",,,1,1,2023,"-0.19","1.08",1.249177645938969,1.956855236478732,,,596129,2,3,"Bot",,,,,,,9.268030406492041,-129.8828408550318,-4.580940706493069,-4.328100238199243,30.02760566591456,-19.1506308148587,3.10861791426885,1.23284805404066,,,,"89.9",2168,"6.9",716783,641680,663993,543760,677649,608369,608671,665750,666969,"53.6",,,,,,,,25,3,"4-Seam Fastball",3,0,3,0,0,3,3,0,"Infield shade","Standard",206,"0.002","0.036",,,,,"-0.036",,3,3,0.825,0.825,28,29,29,30,2,1,5,2,6,2,"1.8","0.19","-0.19","37.7",,,,,
"CH","2023-08-30","86.7","-2.29","5.33","Dunning, Dane",621466,641540,,"blocked_ball",,,,,14,,"R","L","R","NYM","TEX","B",,,0,1,2023,"-1.6","0.75",0.3483097311443071,0.4835295221593521,,,596129,2,3,"Bot",,,,,,,9.658747689458837,-125.61274290349704,-6.861312771322144,-18.966169531072477,28.60109658134098,-22.878452246707575,3.10861791426885,1.34744699212855,,,,"86.9",1880,"6.9",716783,641680,663993,543760,677649,608369,608671,665750,666969,"53.55",,,,,,,,25,2,"Changeup",3,0,3,0,0,3,3,0,"Infield shade","Standard",243,"0.001","0.025",,,,,"-0.025",,3,3,0.824,0.824,28,29,29,30,2,1,5,2,6,2,"2.34","1.6","-1.6","37.6",,,,,
"FC","2023-08-30","89.7","-2.32","5.39","Dunning, Dane",621466,641540,,"foul",,,,,3,,"R","L","R","NYM","TEX","S",,,0,0,2023,"0.02","1.01",0.7286636870272525,2.761265019580686,,,596129,2,3,"Bot",,,,,,,7.564814032972642,-130.491723863247,-2.6713225486176624,-1.2807962048187904,26.846090823879255,-20.28731255263456,3.11,1.43,251,"75.7",46,"90.7",2202,"6.8",716783,641680,663993,543760,677649,608369,608671,665750,666969,"53.65",,,,,,,,25,1,"Cutter",3,0,3,0,0,3,3,0,"Infield shade","Standard",189,"-0.002","-0.045","69.3","7.3",,,"0.045","88.0",3,3,0.826,0.826,28,29,29,30,2,1,5,2,6,2,"1.82","-0.02","0.02","39.4",18.679752977694097,-21.901962327955403,28.003939368542635,28.922681794584506,32.742424115830865
"SL","2023-08-30","82.1","-2.26","5.47","Dunning, Dane",596019,641540,"field_out","hit_into_play",,,,,8,"Francisco Lindor grounds out to first baseman Nathaniel Lowe.","R","L","R","NYM","TEX","X",3,"ground_ball",0,0,2023,"0.3","-0.18",0.04783372429241953,2.0160173001158253,542364,607043,,2,2,"Bot",149.03,178.74,,,,,4.685878833727174,-119.46085445577815,-0.8129313954021118,1.7733098319360747,26.72125827627274,-33.96282626434084,3.47,1.66,34,"95.1",-2,"82.2",2387,"6.7",716783,641680,663993,543760,677649,608369,608671,665750,666969,"53.79",0.369,0.335,"0",1,0,0,2,18,1,"Slider",3,0,3,0,0,3,3,0,"Infield shade","Standard",83,"-0.031","-0.29","70.4","7.8",,0.391,"0.29","95.1",3,3,0.825,0.825,28,29,29,30,2,1,5,1,6,2,"3.61","-0.3","0.3","39.8",12.900239808551945,-14.595395623617087,32.484924544037625,33.320174537867,36.72063772393226
"FF","2023-08-30","90.8","-2.2","5.49","Dunning, Dane",607043,641540,"double","hit_into_play",,,,,2,"Brandon Nimmo doubles (21) on a line drive to center fielder Leody Taveras. Mark Vientos scores. Rafael Ortega to 3rd.","R","L","R","NYM","TEX","X",8,"line_drive",3,2,2023,"-0.57","1.15",-0.0224036397134052,3.3886166229157233,,668901,542364,2,2,"Bot",92.7,55.99,,,,,6.737140633895036,-132.21401105489196,-1.883644567138354,-8.01370224956572,25.89705020631248,-18.41780444925276,3.47,1.66,363,"97",22,"92.2",2147,"6.9",716783,641680,663993,543760,677649,608369,608671,665750,666969,"53.61",0.287,0.361,"1.25",1,1,1,5,17,7,"4-Seam Fastball",2,0,2,0,0,3,3,0,"Infield shade","Standard",212,"0.079","0.961","71.1","6.0",,0.587,"-0.961","97.0",2,2,0.746,0.746,28,30,29,30,2,1,5,1,6,2,"1.59","0.57","-0.57","41.1",-0.5849724120932177,13.076221428115979,18.461584254928354,37.46527339532994,23.861666858047993
"FC","2023-08-30","88.8","-2.44","5.33","Dunning, Dane",607043,641540,,"foul",,,,,5,,"R","L","R","NYM","TEX","S",,,3,2,2023,"0.1","0.91",0.2452851259276132,2.7282951356810536,,668901,542364,2,2,"Bot",,,,,,,6.439769390987401,-129.25780482267334,-2.2414652642495034,-0.2359834430829986,27.374771911841353,-21.67303349937216,3.47,1.66,257,"81.8",43,"89.8",2169,"6.9",716783,641680,663993,543760,677649,608369,608671,665750,666969,"53.56",,,,,,,,17,6,"Cutter",2,0,2,0,0,2,2,0,"Infield shade","Standard",193,"0","0","70.0","6.1",,,"0","88.0",2,2,0.746,0.746,28,30,29,30,2,1,5,1,6,2,"1.98","-0.1","0.1","38.1",-2.8252998923335535,14.717598021798983,30.135613298481463,34.92657309619873,21.403215061536567
"FF","2023-08-30","90.4","-2.3","5.42","Dunning, Dane",607043,641540,,"foul",,,,,6,,"R","L","R","NYM","TEX","S",,,3,1,2023,"-0.39","1.12",0.3004586353592724,2.6711814068966886,,668901,542364,2,2,"Bot",,,,,,,7.367662788760887,-131.36385492649023,-3.231557922038421,-6.195462772366674,31.37135975107297,-18.75096463192875,3.47,1.66,268,"78.3",41,"90.8",2243,"6.9",716783,641680,663993,543760,677649,608369,608671,665750,666969,"53.63",,,,,,,,17,5,"4-Seam Fastball",2,0,2,0,0,2,2,0,"Standard","Standard",199,"-0.005","-0.048","73.1","8.6",,,"0.048","88.0",2,2,0.751,0.751,28,30,29,30,2,1,5,1,6,2,"1.7","0.39","-0.39","37.9",18.701836382389384,-35.90606252734877,28.55729527318127,36.47208878796704,44.78394371732708
"FF","2023-08-30","92","-2.15","5.55","Dunning, Dane",607043,641540,,"ball",,,,,9,,"R","L","R","NYM","TEX","B",,,2,1,2023,"-0.77","1.37",0.6156264510954768,1.7034136517428313,,668901,542364,2,2,"Bot",,,,,,,8.748140161528704,-133.44612546392239,-6.832264239521172,-11.269825798303998,32.888360882139175,-14.45957340822248,3.43818609963709,1.6904321291431,,,,"92.1",2302,"6.9",716783,641680,663993,543760,677649,608369,608671,665750,666969,"53.64",,,,,,,,17,4,"4-Seam Fastball",2,0,2,0,0,2,2,0,"Standard","Standard",217,"0.006","0.052",,,,,"-0.052",,2,2,0.745,0.745,28,30,29,30,2,1,5,1,6,2,"1.37","0.77","-0.77","42.2",,,,,
"FF","2023-08-30","90.2","-2.22","5.41","Dunning, Dane",607043,641540,,"ball",,,,,12,,"R","L","R","NYM","TEX","B",,,1,1,2023,"-0.31","1.04",1.3540403253792606,3.009068822294844,,668901,542364,2,2,"Bot",,,,,,,9.651434200718016,-131.07564382331125,-2.226941363313355,-5.656345905752818,28.813359010576004,-19.87697039477424,3.46844108374481,1.69126436611285,,,,"91",2233,"7",716783,641680,663993,543760,677649,608369,608671,665750,666969,"53.54",,,,,,,,17,3,"4-Seam Fastball",2,0,2,0,0,2,2,0,"Standard","Standard",198,"0.004","0.025",,,,,"-0.025",,2,2,0.741,0.741,28,30,29,30,2,1,5,1,6,2,"1.77","0.31","-0.31","39.7",,,,,
"FF","2023-08-30","91","-2.19","5.53","Dunning, Dane",607043,641540,,"foul",,,,,6,,"R","L","R","NYM","TEX","S",,,1,0,2023,"-0.65","1.48",0.3066366831430567,2.6321217904358853,,668901,542364,2,2,"Bot",,,,,,,7.742798956198973,-132.27302635669724,-4.523303454677446,-9.339230101645237,30.790474790112658,-14.108227583801924,3.47,1.66,249,"77.6",48,"91.6",2218,"6.9",716783,641680,663993,543760,677649,608369,608671,665750,666969,"53.58",,,,,,,,17,2,"4-Seam Fastball",2,0,2,0,0,2,2,0,"Standard","Standard",210,"-0.004","-0.045","74.5","7.7",,,"0.045","88.0",2,2,0.745,0.745,28,30,29,30,2,1,5,1,6,2,"1.3","0.65","-0.65","39.8",13.437996079371578,-18.20724349885875,30.13361136601165,35.87968504222157,37.643088276793776
"KC","2023-08-30","77.9","-2.29","5.49","Dunning, Dane",607043,641540,,"ball",,,,,14,,"R","L","R","NYM","TEX","B",,,0,0,2023,"0.88","-1.52",1.2556734337400668,1.2618680249351204,,668901,542364,2,2,"Bot",,,,,,,6.044445766422524,-113.14194172752816,0.8207908279393497,6.025640870226623,25.688853433337993,-45.42735971781581,3.29897343646997,1.37609711460791,,,,"77.7",2383,"6.8",716783,641680,663993,543760,677649,608369,608671,665750,666969,"53.68",,,,,,,,17,1,"Knuckle Curve",2,0,2,0,0,2,2,0,"Standard","Standard",34,"0.002","0.03",,,,,"-0.03",,2,2,0.743,0.743,28,30,29,30,2,1,5,1,6,2,"5.36","-0.88","0.88","41.6",,,,,
"CH","2023-08-30","85.1","-2.35","5.35","Dunning, Dane",542364,641540,"walk","ball",,,,,11,"Rafael Ortega walks. Mark Vientos to 2nd.","R","L","R","NYM","TEX","B",,,3,1,2023,"-1.56","0.8",-0.9256558636831229,3.4261152792838234,,,668901,2,2,"Bot",,,,,,,6.551030475099616,-123.58316466026962,0.3614160236755116,-17.362909367852286,29.348295402774593,-24.468862073213497,3.32850933836428,1.6053061655952,,,,"85.2",1775,"6.9",716783,641680,663993,543760,677649,608369,608671,665750,666969,"53.61",,0.695903,"0.7",1,0,0,,16,5,"Changeup",2,0,2,0,0,2,2,0,"Infield shade","Standard",247,"0.009","0.164",,,,,"-0.164",,2,2,0.734,0.734,28,32,29,32,1,0,5,2,6,7,"2.41","1.56","-1.56","38.0",,,,,
"FC","2023-08-30","90.1","-2.33","5.47","Dunning, Dane",542364,641540,,"ball",,,,,12,,"R","L","R","NYM","TEX","B",,,2,1,2023,"0.14","0.85",0.7966910913273153,4.0663279222535715,,,668901,2,2,"Bot",,,,,,,7.56425776058503,-131.03375445627162,0.6816435941285914,0.08846793321444092,26.001510650217465,-22.73611411525509,3.32850933836428,1.63395855586646,,,,"91.3",2240,"6.9",716783,641680,663993,543760,677649,608369,608671,665750,666969,"53.57",,,,,,,,16,4,"Cutter",2,0,2,0,0,2,2,0,"Infield shade","Standard",199,"0.004","0.097",,,,,"-0.097",,2,2,0.73,0.73,28,32,29,32,1,0,5,2,6,7,"1.95","-0.14","0.14","45.1",,,,,
"CH","2023-08-30","86.3","-2.39","5.37","Dunning, Dane",542364,641540,,"ball",,,,,8,,"R","L","R","NYM","TEX","B",,,1,1,2023,"-1.86","0.56",0.10402510394821585,1.4980592682615654,,,668901,2,2,"Bot",,,,,,,9.82297822415193,-125.16989109403785,-4.020264833322072,-21.622403128240503,28.945819356299364,-25.669365534905264,3.41309764470103,1.5758525007036,,,,"86.5",1850,"6.9",716783,641680,663993,543760,677649,608369,608671,665750,666969,"53.59",,,,,,,,16,3,"Changeup",2,0,2,0,0,2,2,0,"Infield shade","Standard",248,"0.003","0.036",,,,,"-0.036",,2,2,0.727,0.727,28,32,29,32,1,0,5,2,6,7,"2.56","1.86","-1.86","37.9",,,,,
"SI","2023-08-30","90.2","-2.39","5.31","Dunning, Dane",542364,641540,,"foul",,,,,2,,"R","L","R","NYM","TEX","S",,,1,0,2023,"-0.99","0.5",-0.0012352131339400385,2.792483477266316,,,668901,2,2,"Bot",,,,,,,8.128206529082245,-131.09611212573117,-1.3064069575204924,-13.2038195899825,30.83797308567567,-26.33266130441744,3.33,1.57,315,"98.9",23,"90.6",2088,"6.9",716783,641680,663993,543760,677649,608369,608671,665750,666969,"53.62",,,,,,,,16,2,"Sinker",2,0,2,0,0,2,2,0,"Infield shade","Standard",219,"-0.003","-0.05","68.8","7.3",,,"0.05","98.9",2,2,0.73,0.73,28,32,29,32,1,0,5,2,6,7,"2.33","0.99","-0.99","34.8",19.823883582105047,-17.02094184719522,23.12645645901881,34.09788744190425,38.396095889174624
"FC","2023-08-30","89","-2.38","5.5","Dunning, Dane",542364,641540,,"ball",,,,,12,,"R","L","R","NYM","TEX","B",,,0,0,2023,"0.16","0.88",0.07099000000116419,4.1823757735064415,,,668901,2,2,"Bot",,,,,,,5.730865139637684,-129.38157903507064,1.1154416616205194,0.2820844866869476,32.5612108071486,-23.032696192702346,3.32850933836428,1.49069962783547,,,,"88.8",2281,"6.7",716783,641680,663993,543760,677649,608369,608671,665750,666969,"53.8",,,,,,,,16,1,"Cutter",2,0,2,0,0,2,2,0,"Infield shade","Standard",197,"0.002","0.03",,,,,"-0.03",,2,2,0.728,0.728,28,32,29,32,1,0,5,2,6,7,"2.06","-0.16","0.16","38.6",,,,,
"SL","2023-08-25","82.1","-2.23","5.49","Dunning, Dane",668904,641540,"strikeout","swinging_strike_blocked",,,,,14,"Royce Lewis strikes out swinging.","R","R","R","MIN","TEX","S",2,,0,2,2023,"0.14","-0.02",0.5006512528015925,0.6963835736023793,456781,593871,596146,2,4,"Bot",,,,,,,5.981826466098498,-119.43930635421417,-4.362797152310046,0.2815528992746129,20.865903105383204,-31.77911041672201,3.4,1.59,,,,"83.2",2448,"6.9",716850,595978,663993,543760,677649,608369,608671,665750,666969,"53.64",,0,"0",1,0,0,,38,3,"Slider",4,1,4,1,1,4,4,1,"Standard","Standard",50,"-0.02","-0.158","61.0","8.8","0.58762698",,"0.158",,3,3,0.856,0.856,28,24,29,24,3,2,6,1,5,1,"3.38","-0.14","-0.14","41.4",17.347991677656296,-22.65921957218626,33.18016407778215,40.27135491711495,38.786313708284275
"SL","2023-08-25","82.3","-2.4","5.49","Dunning, Dane",668904,641540,,"foul",,,,,8,,"R","R","R","MIN","TEX","S",,,0,1,2023,"0.22","-0.19",0.024887542115660174,1.8801354944373565,456781,593871,596146,2,4,"Bot",,,,,,,5.137419526629015,-119.76567790867865,-1.3104153911547438,1.1481344095427153,22.924186030858795,-33.96165611484572,3.4,1.59,4,"68.8",-30,"83.3",2346,"6.9",716850,595978,663993,543760,677649,608369,608671,665750,666969,"53.57",,,,,,,,38,2,"Slider",4,1,4,1,1,4,4,1,"Standard","Standard",79,"-0.009","-0.057","75.7","8.9",,,"0.057","88.0",3,3,0.865,0.865,28,24,29,24,3,2,6,1,5,1,"3.55","-0.22","-0.22","39.5",23.170654310011436,-29.80984275037614,26.40679882187783,35.95425600829707,43.971729974502864
"SI","2023-08-25","91","-2.23","5.41","Dunning, Dane",668904,641540,,"called_strike",,,,,9,,"R","R","R","MIN","TEX","S",,,0,0,2023,"-1.14","0.8",0.7332611104961306,1.6383190204236666,456781,593871,596146,2,4,"Bot",,,,,,,10.017288164900084,-132.10011860905544,-5.316327058827461,-15.418236871293537,27.45329425000456,-21.85234951509358,3.51152868931916,1.65304198141444,,,,"92.2",2212,"7.1",716850,595978,663993,543760,677649,608369,608671,665750,666969,"53.39",,,,,,,,38,1,"Sinker",4,1,4,1,1,4,4,1,"Standard","Standard",215,"-0.005","-0.047",,,,,"0.047",,3,3,0.87,0.87,28,24,29,24,3,2,6,1,5,1,"1.96","1.14","1.14","39.1",,,,,
"SI","2023-08-25","90.7","-2.16","5.54","Dunning, Dane",596146,641540,"walk","ball",,,,,14,"Max Kepler walks. Donovan Solano to 3rd. Jorge Polanco to 2nd.","R","L","R","MIN","TEX","B",,,3,2,2023,"-1.1","0.57",0.9336969961385309,2.15651586400298,,456781,593871,2,4,"Bot",,,,,,,10.236864740120634,-131.86379135310267,-3.876845214714841,-14.91092227786567,24.579221002162043,-24.851354891576644,3.59893872664259,1.76923772777976,,,,"92.4",2183,"7.1",716850,595978,663993,543760,677649,608369,608671,665750,666969,"53.42",,0.695903,"0.7",1,0,0,,37,6,"Sinker",4,1,4,1,1,4,4,1,"Infield shade","Standard",217,"0.011","0.188",,,,,"-0.188",,3,3,0.859,0.859,28,30,29,30,3,2,6,1,5,1,"2.18","1.1","-1.1","40.8",,,,,
"SI","2023-08-25","90.6","-2.26","5.5","Dunning, Dane",596146,641540,,"ball",,,,,11,,"R","L","R","MIN","TEX","B",,,2,2,2023,"-1.12","0.56",-0.9621701255374546,3.583099899833372,,456781,593871,2,4,"Bot",,,,,,,5.727315792888703,-131.98086592519974,-0.09693555254429964,-14.328681309852703,25.824845726957303,-25.7600055209922,3.62807929382105,1.74018652525557,,,,"92.1",2161,"7",716850,595978,663993,543760,677649,608369,608671,665750,666969,"53.53",,,,,,,,37,5,"Sinker",4,1,4,1,1,4,4,1,"Standard","Standard",211,"0.005","0.064",,,,,"-0.064",,3,3,0.854,0.854,28,30,29,30,3,2,6,1,5,1,"2.19","1.12","-1.12","39.6",,,,,
"FC","2023-08-25","88.7","-2.46","5.42","Dunning, Dane",596146,641540,,"called_strike",,,,,11,,"R","L","R","MIN","TEX","S",,,2,1,2023,"0.23","0.81",-0.9248507893692571,2.773212872116204,,456781,593871,2,4,"Bot",,,,,,,3.332960792044311,-129.39639489106938,-2.258594003844747,2.0876344739094126,22.133723215066375,-22.765611828101903,3.62620536481834,1.82565730336776,,,,"90.8",2256,"7",716850,595978,663993,543760,677649,608369,608671,665750,666969,"53.46",,,,,,,,37,4,"Cutter",4,1,4,1,1,4,4,1,"Infield shade","Standard",191,"-0.004","-0.06",,,,,"0.06",,3,3,0.858,0.858,28,30,29,30,3,2,6,1,5,1,"2.03","-0.23","0.23","38.1",,,,,
"SI","2023-08-25","90.5","-2.25","5.53","Dunning, Dane",596146,641540,,"foul",,,,,1,,"R","L","R","MIN","TEX","S",,,2,0,2023,"-0.79","0.55",-0.44313630651151037,2.960946867442311,,456781,593871,2,4,"Bot",,,,,,,6.27132359440757,-131.71437100284973,-1.697133288573163,-10.44409990548623,25.98409787817911,-25.620340598490873,3.47,1.67,256,"82.6",47,"92",2122,"7",716850,595978,663993,543760,677649,608369,608671,665750,666969,"53.48",,,,,,,,37,3,"Sinker",4,1,4,1,1,4,4,1,"Infield shade","Standard",218,"-0.003","-0.041","68.7","6.5",,,"0.041","88.0",3,3,0.861,0.861,28,30,29,30,3,2,6,1,5,1,"2.22","0.79","-0.79","44.4",-5.726024306433676,19.170393647904476,29.31604321929381,42.59750131864947,20.4318268122164
"FC","2023-08-25","89.6","-2.42","5.53","Dunning, Dane",596146,641540,,"ball",,,,,14,,"R","L","R","MIN","TEX","B",,,1,0,2023,"-0.01","0.88",1.0015272533585968,1.9030929489130235,,456781,593871,2,4,"Bot",,,,,,,8.569085256049124,-130.31602045780247,-4.919111689397266,-1.7928105600128266,25.210720010068737,-21.306719192099678,3.62722361014023,1.76843747800971,,,,"91",2235,"7",716850,595978,663993,543760,677649,608369,608671,665750,666969,"53.54",,,,,,,,37,2,"Cutter",4,1,4,1,1,4,4,1,"Infield shade","Standard",208,"0.003","0.021",,,,,"-0.021",,3,3,0.858,0.858,28,30,29,30,3,2,6,1,5,1,"1.95","0.01","-0.01","39.4",,,,,
"KC","2023-08-25","79.2","-2.21","5.45","Dunning, Dane",596146,641540,,"blocked_ball",,,,,14,,"R","L","R","MIN","TEX","B",,,0,0,2023,"0.87","-1.16",1.397282776762411,0.6224882656542938,,456781,593871,2,4,"Bot",,,,,,,6.320345991127812,-115.26048199750242,-1.5659034628073702,6.508597390231839,22.312219495486794,-42.40559404718026,3.62722361014023,1.66912408336997,,,,"79.8",2362,"6.8",716850,595978,663993,543760,677649,608369,608671,665750,666969,"53.69",,,,,,,,37,1,"Knuckle Curve",4,1,4,1,1,4,4,1,"Infield shade","Standard",33,"0.001","0.03",,,,,"-0.03",,3,3,0.857,0.857,28,30,29,30,3,2,6,1,5,1,"4.81","-0.87","0.87","39.9",,,,,
"SI","2023-08-25","89.7","-2.24","5.51","Dunning, Dane",621043,641540,"field_out","hit_into_play",,,,,2,"Carlos Correa flies out to left fielder Travis Jankowski.","R","R","R","MIN","TEX","X",7,"fly_ball",0,0,2023,"-1.35","0.79",0.19216039464395807,3.3722725552393067,,456781,593871,1,4,"Bot",84.47,125.98,,,,,8.983018040745335,-130.31717530821473,-0.9395177442285123,-17.28776443626151,26.911411734801582,-23.216726505930158,3.59,1.69,211,"93.5",58,"90.8",2129,"7",716850,595978,663993,543760,677649,608369,608671,665750,666969,"53.51",0.026,0.034,"0",1,0,0,3,36,1,"Sinker",4,1,4,1,1,4,4,1,"Standard","Standard",212,"-0.021","-0.238","82.1","7.8",,0.048,"0.238","93.5",3,3,0.878,0.878,28,28,29,29,3,2,6,1,5,1,"2.05","1.35","1.35","38.8",25.490981071763347,-2.669210327101286,26.748215587889337,39.52544528794274,30.277183055279455
"SL","2023-08-25","82.5","-2.22","5.56","Dunning, Dane",593871,641540,"single","hit_into_play",,,,,14,"Jorge Polanco singles on a line drive to center fielder Leody Taveras. Donovan Solano to 2nd.","R","L","R","MIN","TEX","X",8,"line_drive",0,2,2023,"0.11","-0.08",0.2894534939888737,1.1608010680546363,,,456781,1,4,"Bot",107.92,73.13,,,,,5.550223180711894,-120.13536494315855,-3.3907161583903784,0.023705103189842685,22.620064846852685,-32.49769293516841,3.36,1.66,281,"93.6",16,"83.4",2402,"6.8",716850,595978,663993,543760,677649,608369,608671,665750,666969,"53.72",0.721,0.672,"0.9",1,1,0,4,35,3,"Slider",4,1,4,1,1,4,4,1,"Infield shade","Standard",38,"0.023","0.51","61.6","6.9",,0.877,"-0.51","93.6",3,3,0.855,0.855,28,29,29,30,3,2,6,1,5,1,"3.41","-0.11","0.11","41.7",4.248937593445919,2.631290641237613,45.58937590517505,32.51841951089665,27.898613356042947
"FC","2023-08-25","90.9","-2.37","5.53","Dunning, Dane",593871,641540,,"called_strike",,,,,1,,"R","L","R","MIN","TEX","S",,,0,1,2023,"-0.03","1.13",-0.6141586329867792,3.427958173330342,,,456781,1,4,"Bot",,,,,,,4.539497999942439,-132.46238884927234,-1.8849030864317007,-1.197935960135828,23.8715062829453,-18.60633077606755,3.51067710116265,1.65912466207681,,,,"92.8",2161,"7",716850,595978,663993,543760,677649,608369,608671,665750,666969,"53.51",,,,,,,,35,2,"Cutter",4,1,4,1,1,4,4,1,"Infield shade","Standard",201,"-0.004","-0.053",,,,,"0.053",,3,3,0.859,0.859,28,29,29,30,3,2,6,1,5,1,"1.59","0.03","-0.03","42.5",,,,,
"KC","2023-08-25","78.1","-2.28","5.51","Dunning, Dane",593871,641540,,"called_strike",,,,,9,,"R","L","R","MIN","TEX","S",,,0,0,2023,"0.77","-1.28",0.5907616318532302,1.8239592737155075,,,456781,1,4,"Bot",,,,,,,4.7947213438829985,-113.69303494569904,1.3352480426900346,5.777324488334662,21.27785921385877,-43.75120721130198,3.48154531914842,1.56511865430327,,,,"78.7",2293,"6.8",716850,595978,663993,543760,677649,608369,608671,665750,666969,"53.73",,,,,,,,35,1,"Knuckle Curve",4,1,4,1,1,4,4,1,"Strategic","Standard",31,"-0.002","-0.042",,,,,"0.042",,3,3,0.861,0.861,28,29,29,30,3,2,6,1,5,1,"5.02","-0.77","0.77","40.9",,,,,
"SI","2023-08-25","91.2","-2.33","5.5","Dunning, Dane",666397,641540,"strikeout","called_strike",,,,,6,"Edouard Julien called out on strikes.","R","L","R","MIN","TEX","S",2,,0,2,2023,"-1.21","0.62",0.4968622122341717,2.7314195039454967,,,456781,0,4,"Bot",,,,,,,9.832167500547005,-132.57452863573403,-2.467631524502224,-16.278217552343182,24.866969057686646,-24.52941075330915,3.45241546159827,1.65912466207681,,,,"92.8",2171,"7",716850,595978,663993,543760,677649,608369,608671,665750,666969,"53.48",,0,"0",1,0,0,,34,3,"Sinker",4,1,4,1,1,4,4,1,"Infield shade","Standard",209,"-0.009","-0.156",,,,,"0.156",,3,3,0.87,0.87,28,24,29,24,3,2,6,1,5,1,"2.1","1.21","-1.21","42.1",,,,,
"KC","2023-08-25","78.3","-2.41","5.44","Dunning, Dane",666397,641540,,"called_strike",,,,,7,,"R","L","R","MIN","TEX","S",,,0,1,2023,"0.79","-1.26",-0.38348359402992305,1.7365583994567038,,,456781,0,4,"Bot",,,,,,,2.943206591600274,-114.0400671174812,1.2102138041395696,6.335960364860516,20.89376094378483,-43.62961714558113,3.39416149200221,1.68129186566931,,,,"79.1",2333,"6.8",716850,595978,663993,543760,677649,608369,608671,665750,666969,"53.74",,,,,,,,34,2,"Knuckle Curve",4,1,4,1,1,4,4,1,"Strategic","Standard",37,"-0.004","-0.043",,,,,"0.043",,3,3,0.874,0.874,28,24,29,24,3,2,6,1,5,1,"4.97","-0.79","0.79","39.1",,,,,
"FC","2023-08-25","89.3","-2.43","5.47","Dunning, Dane",666397,641540,,"swinging_strike",,,,,2,,"R","L","R","MIN","TEX","S",,,0,0,2023,"-0.07","1.12",-0.06790740099491485,3.3249462989337744,,,456781,0,4,"Bot",,,,,,,6.057552497725325,-130.04083879987883,-1.7424364777509322,-1.9283842182758486,23.024379335288042,-19.146019691625437,3.31,1.66,,,,"91.2",2204,"7.1",716850,595978,663993,543760,677649,608369,608671,665750,666969,"53.42",,,,,,,,34,1,"Cutter",4,1,4,1,1,4,4,1,"Strategic","Standard",200,"-0.002","-0.036",,,,,"0.036",,3,3,0.876,0.876,28,24,29,24,3,2,6,1,5,1,"1.7","0.07","-0.07","40.6",,,,,
"SI","2023-08-25","91.9","-2.1","5.49","Dunning, Dane",608336,641540,"strikeout","called_strike",,,,,9,"Joey Gallo called out on strikes.","R","L","R","MIN","TEX","S",2,,0,2,2023,"-1.25","0.98",0.7623061740854191,1.899122572760009,596146,668904,680777,2,3,"Bot",,,,,,,10.079377773692261,-133.40379213891097,-5.4346197716715885,-17.084129319823735,28.326012429647633,-19.40204651812717,3.51067710116265,1.66912408336997,,,,"93",2133,"7",716850,595978,663993,543760,677649,608369,608671,665750,666969,"53.48",,0,"0",1,0,0,,29,3,"Sinker",4,1,4,1,1,4,4,1,"Infield shade","Strategic",220,"-0.022","-0.158",,,,,"0.158",,3,3,0.836,0.836,28,29,29,30,2,1,6,5,5,1,"1.73","1.25","-1.25","38.8",,,,,
"FC","2023-08-25","90.4","-2.3","5.57","Dunning, Dane",608336,641540,,"called_strike",,,,,11,,"R","L","R","MIN","TEX","S",,,0,1,2023,"-0.01","1.04",-0.5431357763305943,3.807168597871211,596146,668904,680777,2,3,"Bot",,,,,,,4.436964558351352,-131.6160791812598,-0.6768255623451404,-0.9885095551929499,27.414060569829246,-20.161641126537326,3.53879544075729,1.75539189334963,,,,"91.3",2314,"6.8",716850,595978,663993,543760,677649,608369,608671,665750,666969,"53.71",,,,,,,,29,2,"Cutter",4,1,4,1,1,4,4,1,"Infield shade","Standard",207,"-0.009","-0.057",,,,,"0.057",,3,3,0.845,0.845,28,29,29,30,2,1,6,5,5,1,"1.74","0.01","-0.01","39.8",,,,,
"FC","2023-08-25","90.2","-2.19","5.52","Dunning, Dane",608336,641540,,"swinging_strike",,,,,2,,"R","L","R","MIN","TEX","S",,,0,0,2023,"0.09","0.98",0.10405891879993104,2.963192978377056,596146,668904,680777,2,3,"Bot",,,,,,,5.6035375102803915,-131.24420804950816,-2.520250996420704,-0.15109748452042795,26.93811746358225,-20.518415998950097,3.41,1.67,,,,"91.4",2283,"7",716850,595978,663993,543760,677649,608369,608671,665750,666969,"53.53",,,,,,,,29,1,"Cutter",4,1,4,1,1,4,4,1,"Standard","Standard",203,"-0.005","-0.047","73.7","6.8","1.315370916",,"0.047",,3,3,0.85,0.85,28,29,29,30,2,1,6,5,5,1,"1.82","-0.09","0.09","40.0",11.800181191652923,11.821560029599922,38.47911514773803,34.0608529965852,30.100604916967633
"SI","2023-08-25","90.7","-2.35","5.51","Dunning, Dane",680777,641540,"hit_by_pitch","hit_by_pitch",,,,,11,"Ryan Jeffers hit by pitch. Royce Lewis to 2nd.","R","R","R","MIN","TEX","B",,,0,0,2023,"-1.37","0.57",-2.115582406984408,3.8678894799993335,596146,,668904,2,3,"Bot",,,,,,,3.555889210145982,-132.18391914809288,0.5552733567933297,-16.836835449185998,25.54795247990858,-25.758263644068464,3.26,1.55,,,,"92.2",2130,"6.9",716850,595978,663993,543760,677649,608369,608671,665750,666969,"53.58",,0.726005,"0.7",1,0,0,,28,1,"Sinker",4,1,4,1,1,4,4,1,"Standard","Standard",219,"0.011","0.146",,,,,"-0.146",,3,3,0.839,0.839,28,26,29,26,2,1,6,1,5,2,"2.17","1.37","1.37","40.0",,,,,
"SI","2023-08-25","92","-2.37","5.51","Dunning, Dane",670242,641540,"strikeout","called_strike",,,,,2,"Matt Wallner called out on strikes.","R","L","R","MIN","TEX","S",2,,3,2,2023,"-1.53","0.76",0.1399588962842313,3.725004472236179,596146,,668904,1,3,"Bot",,,,,,,9.782712245085953,-133.7711534878646,-0.35958595302257496,-20.41668277399444,26.363026082240694,-23.12278980371599,3.68550858627162,1.88465308822691,,,,"93.3",2144,"6.9",716850,595978,663993,543760,677649,608369,608671,665750,666969,"53.6",,0,"0",1,0,0,,27,6,"Sinker",4,1,4,1,1,4,4,1,"Standard","Standard",218,"-0.037","-0.36",,,,,"0.36",,3,3,0.876,0.876,28,25,29,26,2,1,6,1,5,1,"1.92","1.53","-1.53","39.5",,,,,
"SI","2023-08-25","92.1","-2.27","5.55","Dunning, Dane",670242,641540,,"ball",,,,,12,,"R","L","R","MIN","TEX","B",,,2,2,2023,"-1.35","0.72",0.6307115211146708,3.9715375181200985,596146,,668904,1,3,"Bot",,,,,,,10.414433871346315,-133.8749538902966,0.22885497820447553,-18.335182500464025,25.304511701411855,-23.677685427780702,3.77295084748309,1.88465308822691,,,,"93.6",2146,"7",716850,595978,663993,543760,677649,608369,608671,665750,666969,"53.55",,,,,,,,27,5,"Sinker",4,1,4,1,1,4,4,1,"Standard","Standard",215,"0.007","0.072",,,,,"-0.072",,3,3,0.869,0.869,28,25,29,26,2,1,6,1,5,1,"1.95","1.35","-1.35","41.9",,,,,
"KC","2023-08-25","78.4","-2.29","5.49","Dunning, Dane",670242,641540,,"swinging_strike_blocked",,,,,14,,"R","L","R","MIN","TEX","S",,,2,1,2023,"0.8","-1.24",1.1258168589095543,0.7764262504102497,596146,,668904,1,3,"Bot",,,,,,,5.954565569139223,-113.97180540652087,-0.8681722153504834,5.547405658599119,25.39232636119568,-42.84536480172451,3.66,1.83,,,,"78.5",2420,"6.9",716850,595978,663993,543760,677649,608369,608671,665750,666969,"53.61",,,,,,,,27,4,"Knuckle Curve",4,1,4,1,1,4,4,1,"Strategic","Standard",33,"-0.006","-0.108",,,,,"0.108",,3,3,0.875,0.875,28,25,29,26,2,1,6,1,5,1,"5.02","-0.8","0.8","44.9",,,,,
"FF","2023-08-25","90.6","-2.12","5.64","Dunning, Dane",670242,641540,,"foul",,,,,2,,"R","L","R","MIN","TEX","S",,,2,0,2023,"-0.5","1.38",0.09131334732147534,3.415794526210622,596146,,668904,1,3,"Bot",,,,,,,6.677811473298052,-131.801303298028,-2.5947537443998443,-7.252557609805404,27.24976211514104,-15.753969088405862,3.66,1.83,251,"74.7",41,"91.8",2202,"7",716850,595978,663993,543760,677649,608369,608671,665750,666969,"53.51",,,,,,,,27,3,"4-Seam Fastball",4,1,4,1,1,4,4,1,"Standard","Standard",213,"-0.003","-0.063","80.2","7.5",,,"0.063","88.0",3,3,0.878,0.878,28,25,29,26,2,1,6,1,5,1,"1.4","0.5","-0.5","43.7",19.490647114023737,-3.7618193641135833,27.875046255592792,38.85414760459171,36.064197846673835
"FC","2023-08-25","90","-2.2","5.54","Dunning, Dane",670242,641540,,"ball",,,,,12,,"R","L","R","MIN","TEX","B",,,1,0,2023,"0.16","0.67",0.8992497918263582,4.266720586229793,596146,,668904,1,3,"Bot",,,,,,,7.480601945931619,-130.99809201472655,1.391646622579136,0.3915296267145359,25.76294739334236,-24.889328194917365,3.83125562544009,1.91371088964352,,,,"91.7",2169,"7.2",716850,595978,663993,543760,677649,608369,608671,665750,666969,"53.33",,,,,,,,27,2,"Cutter",4,1,4,1,1,4,4,1,"Standard","Standard",201,"0.003","0.064",,,,,"-0.064",,3,3,0.875,0.875,28,25,29,26,2,1,6,1,5,1,"2.13","-0.16","0.16","47.5",,,,,
"FC","2023-08-25","88.7","-2.26","5.57","Dunning, Dane",670242,641540,,"ball",,,,,12,,"R","L","R","MIN","TEX","B",,,0,0,2023,"0.16","0.75",0.3789776752912505,4.421406949726809,596146,,668904,1,3,"Bot",,,,,,,6.1931117766678625,-129.07406880521287,1.6616411797070678,0.5573948376103741,24.755512492231293,-24.23286991653975,3.74380144577722,1.91371088964352,,,,"90",2171,"6.9",716850,595978,663993,543760,677649,608369,608671,665750,666969,"53.58",,,,,,,,27,1,"Cutter",4,1,4,1,1,4,4,1,"Standard","Standard",203,"0.001","0.041",,,,,"-0.041",,3,3,0.874,0.874,28,25,29,26,2,1,6,1,5,1,"2.13","-0.16","0.16","39.9",,,,,
"SI","2023-08-25","91.3","-2.26","5.53","Dunning, Dane",668904,641540,"single","hit_into_play",,,,,1,"Royce Lewis singles on a line drive to right fielder Adolis Garcia. Max Kepler to 3rd.","R","R","R","MIN","TEX","X",9,"line_drive",0,1,2023,"-1.19","0.78",-0.31210554227054477,3.058334409292122,,596146,,1,3,"Bot",174.13,115.27,,,,,7.5402947471865565,-132.72082107554468,-2.021137898618152,-15.66011969762339,28.280673873230562,-22.686386272783295,3.4,1.59,210,"72.8",22,"92.3",2166,"6.9",716850,595978,663993,543760,677649,608369,608671,665750,666969,"53.58",0.982,0.897,"0.9",1,1,0,4,26,2,"Sinker",4,1,4,1,1,4,4,1,"Standard","Standard",222,"0.027","0.582","73.9","6.4",,1.041,"-0.582","88.0",3,3,0.847,0.847,28,24,29,24,2,1,6,1,5,1,"1.96","1.19","1.19","38.4",0.508965839830896,23.30621777536735,23.379716983939456,31.74652890650008,16.864125287135256
"SL","2023-08-25","82.3","-2.36","5.58","Dunning, Dane",668904,641540,,"called_strike",,,,,2,,"R","R","R","MIN","TEX","S",,,0,0,2023,"0.25","-0.01",-0.024962990428285675,3.2233934026247835,,596146,,1,3,"Bot",,,,,,,4.867806621797131,-119.91813755369112,1.1747592779370015,1.5303365242492775,21.44108852744264,-32.72181523544395,3.45241546159827,1.68129186566931,,,,"83.4",2385,"6.7",716850,595978,663993,543760,677649,608369,608671,665750,666969,"53.75",,,,,,,,26,1,"Slider",4,1,4,1,1,4,4,1,"Standard","Standard",52,"-0.003","-0.038",,,,,"0.038",,3,3,0.85,0.85,28,24,29,24,2,1,6,1,5,1,"3.35","-0.25","-0.25","45.4",,,,,
"CH","2023-08-25","85.1","-2.22","5.67","Dunning, Dane",608336,641540,"field_out","hit_into_play",,,,,8,"Joey Gallo grounds out, second baseman Marcus Semien to first baseman Nathaniel Lowe.","R","L","R","MIN","TEX","X",4,"ground_ball",1,2,2023,"-1.65","-0.21",0.20804077671770305,1.9585814572156526,,,680777,2,1,"Bot",151.46,155.7,,,,,9.075961448439424,-123.66573503233597,-1.9665208718381648,-18.774283094631244,24.700695132792994,-34.16804753769204,3.41,1.67,5,"89.2",-23,"85.7",1854,"6.8",716850,595978,663993,543760,677649,608369,608671,665750,666969,"53.75",0.068,0.073,"0",1,0,0,2,12,4,"Changeup",4,0,4,0,0,4,4,0,"Infield shade","Strategic",245,"-0.007","-0.207","60.3","6.1",,0.068,"0.207","89.2",4,4,0.849,0.849,28,29,29,30,1,0,6,5,5,1,"3.37","1.65","-1.65","39.7",-9.933671487065423,3.8079963046553815,36.5702518695164,33.2854830331373,29.6046323901192
"CH","2023-08-25","87","-2.37","5.51","Dunning, Dane",608336,641540,,"ball",,,,,13,,"R","L","R","MIN","TEX","B",,,0,2,2023,"-1.75","-0.22",-0.9822798071960481,2.245210149869075,,,680777,2,1,"Bot",,,,,,,6.980858808319059,-126.55152460515984,-1.2307101456162608,-20.196818409022292,25.0953629144908,-34.459001271302384,3.45241546159827,1.68129186566931,,,,"88",1795,"6.9",716850,595978,663993,543760,677649,608369,608671,665750,666969,"53.63",,,,,,,,12,3,"Changeup",4,0,4,0,0,4,4,0,"Infield shade","Standard",246,"0.001","0.02",,,,,"-0.02",,4,4,0.848,0.848,28,29,29,30,1,0,6,5,5,1,"3.22","1.75","-1.75","38.5",,,,,
"FF","2023-08-25","91.2","-2.32","5.52","Dunning, Dane",608336,641540,,"called_strike",,,,,1,,"R","L","R","MIN","TEX","S",,,0,1,2023,"-0.47","1.23",-0.29869711143603805,3.6151857473019264,,,680777,2,1,"Bot",,,,,,,6.166640897037444,-132.78890318592252,-1.57411203259498,-6.793628168067291,26.758987547132282,-17.470619273849852,3.50966357294135,1.69729466839995,,,,"92.5",2117,"6.9",716850,595978,663993,543760,677649,608369,608671,665750,666969,"53.62",,,,,,,,12,2,"4-Seam Fastball",4,0,4,0,0,4,4,0,"Infield shade","Standard",209,"-0.002","-0.055",,,,,"0.055",,4,4,0.85,0.85,28,29,29,30,1,0,6,5,5,1,"1.5","0.47","-0.47","37.3",,,,,
"CH","2023-08-25","85.1","-2.34","5.5","Dunning, Dane",608336,641540,,"called_strike",,,,,2,,"R","L","R","MIN","TEX","S",,,0,0,2023,"-1.48","-0.12",-0.08075757624385349,2.9985861492211967,,,680777,2,1,"Bot",,,,,,,8.356129234097688,-123.72054759052182,0.6316266354047932,-16.843446162629807,21.52158190524772,-33.70443062758346,3.39416149200221,1.44896876356042,,,,"86.3",1925,"6.8",716850,595978,663993,543760,677649,608369,608671,665750,666969,"53.66",,,,,,,,12,1,"Changeup",4,0,4,0,0,4,4,0,"Infield shade","Standard",246,"-0.002","-0.045",,,,,"0.045",,4,4,0.852,0.852,28,29,29,30,1,0,6,5,5,1,"3.24","1.48","-1.48","38.2",,,,,
"SI","2023-08-25","92.2","-2.33","5.4","Dunning, Dane",680777,641540,"single","hit_into_play",,,,,9,"Ryan Jeffers singles on a ground ball to right fielder Adolis Garcia. Matt Wallner scores.","R","R","R","MIN","TEX","X",9,"ground_ball",3,1,2023,"-1.38","0.63",0.36515254377679596,1.9155255813503764,670242,,,2,1,"Bot",175.61,156.61,,,,,9.95135131254554,-133.90821235131696,-4.476084994829704,-18.61249189734968,26.121316253607112,-23.84623045624309,3.26,1.55,10,"101.8",-10,"93.6",2089,"7",716850,595978,663993,543760,677649,608369,608671,665750,666969,"53.53",0.223,0.223,"0.9",1,1,0,2,11,5,"Sinker",3,0,3,0,0,4,4,0,"Standard","Standard",225,"0.05","0.644",,,,0.262,"-0.644","101.8",3,3,0.802,0.802,28,26,29,26,1,0,6,1,5,2,"2.04","1.38","1.38","40.7",,,,,
"SL","2023-08-25","84","-2.3","5.48","Dunning, Dane",680777,641540,,"blocked_ball",,,,,14,,"R","R","R","MIN","TEX","B",,,2,1,2023,"0.03","0.13",2.038647669522343,0.06161129064516713,670242,,,2,1,"Bot",,,,,,,10.046610066508121,-121.83107378691878,-6.396033925068798,-1.737732372883617,24.73108675100177,-29.683978368878467,3.30679479467345,1.54913905510693,,,,"84.3",2404,"6.8",716850,595978,663993,543760,677649,608369,608671,665750,666969,"53.74",,,,,,,,11,4,"Slider",3,0,3,0,0,3,3,0,"Standard","Standard",18,"0.001","0.052",,,,,"-0.052",,3,3,0.801,0.801,28,26,29,26,1,0,6,1,5,2,"3.13","-0.03","-0.03","39.5",,,,,
"SI","2023-08-25","92.4","-2.45","5.43","Dunning, Dane",680777,641540,,"foul",,,,,5,,"R","R","R","MIN","TEX","S",,,2,0,2023,"-1.49","0.94",0.02962236310704469,2.58989791537436,670242,,,2,1,"Bot",,,,,,,9.654572336276612,-134.25638962921516,-3.538549777828392,-20.01364448186179,26.698154327117464,-20.175339173002513,3.26,1.55,159,"65.4",56,"93.6",2151,"6.9",716850,595978,663993,543760,677649,608369,608671,665750,666969,"53.62",,,,,,,,11,3,"Sinker",3,0,3,0,0,3,3,0,"Standard","Standard",221,"0","-0.037","74.6","7.4",,,"0.037","88.0",3,3,0.801,0.801,28,26,29,26,1,0,6,1,5,2,"1.72","1.49","1.49","37.7",4.932760501844445,11.350898913901172,30.15429521494733,37.19964270658974,24.166059528091957
"SI","2023-08-25","91.7","-2.24","5.37","Dunning, Dane",680777,641540,,"ball",,,,,14,,"R","R","R","MIN","TEX","B",,,1,0,2023,"-1.3","0.8",1.8765292678761045,1.1577140235310501,670242,,,2,1,"Bot",,,,,,,13.338956310313097,-132.83947082245527,-6.546734005100372,-18.230753077875473,27.317315564584117,-21.43163510274865,3.33591513578966,1.54913905510693,,,,"92.5",2115,"6.9",716850,595978,663993,543760,677649,608369,608671,665750,666969,"53.55",,,,,,,,11,2,"Sinker",3,0,3,0,0,3,3,0,"Standard","Standard",225,"0","0.041",,,,,"-0.041",,3,3,0.801,0.801,28,26,29,26,1,0,6,1,5,2,"1.93","1.3","1.3","35.6",,,,,
"SL","2023-08-25","82.2","-2.23","5.47","Dunning, Dane",680777,641540,,"blocked_ball",,,,,14,,"R","R","R","MIN","TEX","B",,,0,0,2023,"0","-0.2",1.9952895289845773,-0.6978967772765947,670242,,,2,1,"Bot",,,,,,,9.658642069423088,-119.27813003874383,-7.083611453589439,-1.9258523941637433,23.300926164240256,-32.80307673929123,3.24855974968723,1.54913905510693,,,,"82.8",2336,"6.9",716850,595978,663993,543760,677649,608369,608671,665750,666969,"53.61",,,,,,,,11,1,"Slider",3,0,3,0,0,3,3,0,"Standard","Standard",22,"0.001","0.028",,,,,"-0.028",,3,3,0.8,0.8,28,26,29,26,1,0,6,1,5,2,"3.59","0","0","41.4",,,,,
"CH","2023-08-25","87","-2.3","5.49","Dunning, Dane",670242,641540,"triple","hit_into_play",,,,,5,"Matt Wallner triples (1) on a sharp line drive to right fielder Adolis Garcia. Edouard Julien scores. Max Kepler scores. Royce Lewis scores.","R","L","R","MIN","TEX","X",9,"line_drive",1,1,2023,"-1.17","0.4",-0.1994898455157319,2.587674823493986,666397,596146,668904,2,1,"Bot",214.21,111.21,,,,,7.535926842398035,-126.66253588333801,-1.7144320510330293,-14.036719237400384,21.696922494003427,-27.665691398806473,3.66,1.83,187,"112.8",11,"88.6",1964,"6.9",716850,595978,663993,543760,677649,608369,608671,665750,666969,"53.6",0.895,0.941,"1.6",1,1,2,6,10,3,"Changeup",0,0,0,0,0,3,3,0,"Infield shade","Standard",243,"0.232","0.898","83.2","7.6",,1.282,"-0.898","112.8",0,0,0.568,0.568,28,25,29,26,1,0,6,1,5,1,"2.57","1.17","-1.17","42.9",26.48038380523118,-7.702563534927698,27.155581747959083,39.70118246152993,44.97828976527386
"SI","2023-08-25","92.2","-2.32","5.39","Dunning, Dane",670242,641540,,"foul",,,,,13,,"R","L","R","MIN","TEX","S",,,1,0,2023,"-1.36","0.74",-0.20452697261343777,1.5500042501536475,666397,596146,668904,2,1,"Bot",,,,,,,8.453073713718931,-134.08079918718275,-5.6557853072230095,-18.231355353691264,26.0274527492681,-22.26477452245531,3.66,1.83,191,"74.1",58,"93.7",2029,"7",716850,595978,663993,543760,677649,608369,608671,665750,666969,"53.53",,,,,,,,10,2,"Sinker",0,0,0,0,0,0,0,0,"Infield shade","Standard",222,"-0.013","-0.048","73.0","7.9",,,"0.048","88.0",0,0,0.581,0.581,28,25,29,26,1,0,6,1,5,1,"1.93","1.36","-1.36","39.9",7.462921078039427,-8.4619451664392,40.971975481315475,40.58773312027891,36.19021780937689
"FC","2023-08-25","90","-2.35","5.51","Dunning, Dane",670242,641540,,"ball",,,,,11,,"R","L","R","MIN","TEX","B",,,0,0,2023,"0.06","0.78",-0.10702589971586775,5.099974358999222,666397,596146,668904,2,1,"Bot",,,,,,,5.492811200786373,-131.0403002966838,3.2667700330357246,-0.2997687824055802,23.311967566823885,-23.911698672361776,3.77295084748309,1.82910462151984,,,,"91.5",2259,"6.8",716850,595978,663993,543760,677649,608369,608671,665750,666969,"53.71",,,,,,,,10,1,"Cutter",0,0,0,0,0,0,0,0,"Infield shade","Standard",195,"0.009","0.035",,,,,"-0.035",,0,0,0.572,0.572,28,25,29,26,1,0,6,1,5,1,"2","-0.06","0.06","38.9",,,,,
"SI","2023-08-25","92.1","-2.32","5.35","Dunning, Dane",668904,641540,"walk","ball",,,,,14,"Royce Lewis walks. Max Kepler to 2nd.","R","R","R","MIN","TEX","B",,,3,0,2023,"-1.35","0.51",0.9453622834957338,1.3667651519573816,666397,,596146,2,1,"Bot",,,,,,,11.322569263413786,-133.6132751774242,-5.427136458063745,-18.568039045109288,27.412138999312457,-25.028666535277228,3.48154531914842,1.58913363822415,,,,"93.1",2057,"6.9",716850,595978,663993,543760,677649,608369,608671,665750,666969,"53.56",,0.695903,"0.7",1,0,0,,9,4,"Sinker",0,0,0,0,0,0,0,0,"Standard","Standard",220,"0.01","0.029",,,,,"-0.029",,0,0,0.562,0.562,28,24,29,24,1,0,6,1,5,1,"2.18","1.35","1.35","41.2",,,,,
"FC","2023-08-25","89.5","-2.29","5.51","Dunning, Dane",668904,641540,,"ball",,,,,12,,"R","R","R","MIN","TEX","B",,,2,0,2023,"0.08","0.75",0.3562577137280983,3.797930152553431,666397,,596146,2,1,"Bot",,,,,,,6.454798199337964,-130.28772278809296,0.1831113548710972,-0.44774913677924266,26.342840495604694,-23.856527270940724,3.39416149200221,1.58913363822415,,,,"90.7",2195,"6.9",716850,595978,663993,543760,677649,608369,608671,665750,666969,"53.57",,,,,,,,9,3,"Cutter",0,0,0,0,0,0,0,0,"Standard","Standard",201,"0.007","0.057",,,,,"-0.057",,0,0,0.555,0.555,28,24,29,24,1,0,6,1,5,1,"2.08","-0.08","-0.08","40.5",,,,,
"SI","2023-08-25","90.9","-2.27","5.42","Dunning, Dane",668904,641540,,"ball",,,,,12,,"R","R","R","MIN","TEX","B",,,1,0,2023,"-1.31","0.76",1.2124944085160656,2.662300730150144,666397,,596146,2,1,"Bot",,,,,,,11.66776554440412,-131.87186618620487,-2.6139945975228542,-17.765327810480844,28.154481971713253,-22.954750642548206,3.48154531914842,1.58913363822415,,,,"91.8",2063,"7",716850,595978,663993,543760,677649,608369,608671,665750,666969,"53.51",,,,,,,,9,2,"Sinker",0,0,0,0,0,0,0,0,"Standard","Standard",220,"0.005","0.042",,,,,"-0.042",,0,0,0.55,0.55,28,24,29,24,1,0,6,1,5,1,"2.02","1.31","1.31","39.4",,,,,
"SI","2023-08-25","91.4","-2.25","5.42","Dunning, Dane",668904,641540,,"ball",,,,,12,,"R","R","R","MIN","TEX","B",,,0,0,2023,"-1.06","0.8",1.9492343945751278,2.8970428799710284,666397,,596146,2,1,"Bot",,,,,,,12.966379941010432,-132.59220131205845,-2.194736874553157,-15.108111208446998,26.592560646438663,-22.47612472388993,3.48154531914842,1.58913363822415,,,,"92.4",2065,"6.9",716850,595978,663993,543760,677649,608369,608671,665750,666969,"53.56",,,,,,,,9,1,"Sinker",0,0,0,0,0,0,0,0,"Standard","Standard",219,"0.002","0.042",,,,,"-0.042",,0,0,0.548,0.548,28,24,29,24,1,0,6,1,5,1,"1.94","1.06","1.06","37.2",,,,,
"FF","2023-08-25","92.4","-2.2","5.58","Dunning, Dane",596146,641540,"walk","ball",,,,,14,"Max Kepler walks.","R","L","R","MIN","TEX","B",,,3,1,2023,"-0.35","0.99",1.7148174589208565,2.4428226176565264,666397,,,2,1,"Bot",,,,,,,10.833308831894515,-134.2262399824353,-4.442697616864379,-6.26413984211983,24.68910094545891,-19.321369825493477,3.5689464660089,1.66912408336997,,,,"93.8",2264,"6.9",716850,595978,663993,543760,677649,608369,608671,665750,666969,"53.62",,0.695903,"0.7",1,0,0,,8,5,"4-Seam Fastball",0,0,0,0,0,0,0,0,"Infield shade","Standard",210,"0.007","0.089",,,,,"-0.089",,0,0,0.541,0.541,28,30,29,30,1,0,6,1,5,1,"1.65","0.35","-0.35","40.8",,,,,
"CH","2023-08-25","87.5","-2.29","5.5","Dunning, Dane",596146,641540,,"ball",,,,,14,,"R","L","R","MIN","TEX","B",,,2,1,2023,"-1.61","0.47",0.7060640920722763,0.9961746862744487,666397,,,2,1,"Bot",,,,,,,10.701304419110052,-127.06454949973401,-5.833835627742502,-19.517744824600268,22.19722435381381,-26.14042198424394,3.59808406233882,1.66912408336997,,,,"89.2",1906,"7.1",716850,595978,663993,543760,677649,608369,608671,665750,666969,"53.4",,,,,,,,8,4,"Changeup",0,0,0,0,0,0,0,0,"Infield shade","Standard",247,"0.003","0.052",,,,,"-0.052",,0,0,0.538,0.538,28,30,29,30,1,0,6,1,5,1,"2.49","1.61","-1.61","38.9",,,,,
"KC","2023-08-25","79.6","-2.18","5.62","Dunning, Dane",596146,641540,,"ball",,,,,14,,"R","L","R","MIN","TEX","B",,,1,1,2023,"0.81","-1.24",1.2257543282724677,2.082056476709127,666397,,,2,1,"Bot",,,,,,,5.984359171649332,-115.603028387537,1.4840944478370877,5.867370345911241,25.167217516529163,-43.7505004930637,3.51067710116265,1.66912408336997,,,,"79.4",2299,"6.7",716850,595978,663993,543760,677649,608369,608671,665750,666969,"53.83",,,,,,,,8,3,"Knuckle Curve",0,0,0,0,0,0,0,0,"Infield shade","Standard",30,"0.003","0.039",,,,,"-0.039",,0,0,0.535,0.535,28,30,29,30,1,0,6,1,5,1,"4.9","-0.81","0.81","41.0",,,,,
"FC","2023-08-25","90.5","-2.31","5.6","Dunning, Dane",596146,641540,,"ball",,,,,12,,"R","L","R","MIN","TEX","B",,,0,1,2023,"-0.1","0.86",0.5859134510893478,4.148239365996463,666397,,,2,1,"Bot",,,,,,,7.553014801763419,-131.7855849500444,0.4415930047422888,-2.6399004563092605,24.960231168833168,-22.38656607705077,3.59808406233882,1.66912408336997,,,,"92.1",2293,"6.9",716850,595978,663993,543760,677649,608369,608671,665750,666969,"53.56",,,,,,,,8,2,"Cutter",0,0,0,0,0,0,0,0,"Infield shade","Standard",193,"0.004","0.028",,,,,"-0.028",,0,0,0.531,0.531,28,30,29,30,1,0,6,1,5,1,"1.9","0.1","-0.1","38.8",,,,,
"CH","2023-08-25","86.3","-2.35","5.56","Dunning, Dane",596146,641540,,"swinging_strike",,,,,1,,"R","L","R","MIN","TEX","S",,,0,0,2023,"-1.55","0.41",-0.44115846839726314,2.9835730548747588,666397,,,2,1,"Bot",,,,,,,7.779657468295944,-125.53337375766613,-0.8226115588747926,-17.959689753549814,21.955973480484495,-27.803288107029758,3.47,1.67,,,,"87.5",1929,"6.8",716850,595978,663993,543760,677649,608369,608671,665750,666969,"53.72",,,,,,,,8,1,"Changeup",0,0,0,0,0,0,0,0,"Infield shade","Standard",246,"-0.006","-0.036","72.3","6.8","0.842535072",,"0.036",,0,0,0.537,0.537,28,30,29,30,1,0,6,1,5,1,"2.62","1.55","-1.55","37.0",0.7594164424428264,12.468254490188222,31.393070412880785,43.64885690339419,21.63018090509007
"SI","2023-08-25","91.7","-2.3","5.54","Dunning, Dane",621043,641540,"grounded_into_double_play","hit_into_play",,,,,4,"Carlos Correa grounds into a double play, shortstop Corey Seager to second baseman Marcus Semien to first baseman Nathaniel Lowe. Edouard Julien to 3rd. Jorge Polanco out at 2nd. Carlos Correa out at 1st.","R","R","R","MIN","TEX","X",6,"ground_ball",0,1,2023,"-1.11","0.7",-0.27918642581271125,2.6037084374563717,,666397,593871,0,1,"Bot",109.35,154.91,,,,,7.583852086137884,-133.39737218801514,-3.1303772131145604,-14.851014848362906,27.035292928121766,-23.273201602982304,3.59,1.69,79,"99.5",4,"92.8",2021,"6.8",716850,595978,663993,543760,677649,608369,608671,665750,666969,"53.65",0.537,0.508,"0",1,0,0,4,7,2,"Sinker",0,0,0,0,0,0,0,0,"Standard","Standard",221,"-0.092","-0.26","76.4","6.8",,0.625,"0.26","99.5",0,0,0.629,0.629,28,28,29,29,1,0,6,1,5,1,"1.99","1.11","1.11","40.7",6.380025913275499,6.536804273986788,34.95768233482149,34.67170444271352,26.147488689349103
"SI","2023-08-25","92","-2.44","5.46","Dunning, Dane",621043,641540,,"called_strike",,,,,6,,"R","R","R","MIN","TEX","S",,,0,0,2023,"-0.9","0.56",0.3355921856944235,2.7344538672802305,,666397,593871,0,1,"Bot",,,,,,,9.080519270056879,-133.78216543737736,-2.328750860454,-12.702396556638412,27.648923186672533,-25.08700045520128,3.65636511596607,1.688243229324,,,,"93.1",1984,"6.9",716850,595978,663993,543760,677649,608369,608671,665750,666969,"53.64",,,,,,,,7,1,"Sinker",0,0,0,0,0,0,0,0,"Standard","Standard",222,"-0.007","-0.048",,,,,"0.048",,0,0,0.636,0.636,28,28,29,29,1,0,6,1,5,1,"2.12","0.9","0.9","38.2",,,,,
"FC","2023-08-25","89.9","-2.43","5.52","Dunning, Dane",593871,641540,"walk","ball",,,,,11,"Jorge Polanco walks. Edouard Julien to 2nd.","R","L","R","MIN","TEX","B",,,3,2,2023,"0.11","0.78",-0.16988565108793563,3.8990975664837415,,,666397,0,1,"Bot",,,,,,,5.413685336253676,-130.8283561955636,0.2983162284426695,0.17006325101536224,27.28632458571712,-23.461705826489933,3.39416149200221,1.65912466207681,,,,"90.9",2129,"6.8",716850,595978,663993,543760,677649,608369,608671,665750,666969,"53.66",,0.695903,"0.7",1,0,0,,6,7,"Cutter",0,0,0,0,0,0,0,0,"Infield shade","Standard",200,"0.045","0.311",,,,,"-0.311",,0,0,0.591,0.591,28,29,29,30,1,0,6,1,5,1,"2.04","-0.11","0.11","40.0",,,,,
"FC","2023-08-25","91.2","-2.45","5.52","Dunning, Dane",593871,641540,,"foul",,,,,5,,"R","L","R","MIN","TEX","S",,,3,2,2023,"0.03","0.93",-0.26806542016945256,2.519152640336821,,,666397,0,1,"Bot",,,,,,,5.489502780670565,-132.7537352796743,-3.7240287944062915,-0.7884621254725792,26.690359895693454,-20.588181698242863,3.36,1.66,211,"74",48,"92.4",2156,"6.9",716850,595978,663993,543760,677649,608369,608671,665750,666969,"53.64",,,,,,,,6,6,"Cutter",0,0,0,0,0,0,0,0,"Infield shade","Standard",203,"0","0","71.1","6.5",,,"0","88.0",0,0,0.591,0.591,28,29,29,30,1,0,6,1,5,1,"1.8","-0.03","0.03","38.2",2.047899923443548,18.407130712606115,37.06193306089325,39.51134715512174,17.060136325354605
"FC","2023-08-25","90.2","-2.47","5.52","Dunning, Dane",593871,641540,,"swinging_strike",,,,,2,,"R","L","R","MIN","TEX","S",,,3,1,2023,"-0.04","0.82",-0.19540243067263413,2.8988172062029935,,,666397,0,1,"Bot",,,,,,,5.792639573854481,-131.32713752190867,-2.38126065310784,-1.5405491676623555,24.992665680813964,-22.31674659060447,3.36,1.66,,,,"91.6",2199,"6.8",716850,595978,663993,543760,677649,608369,608671,665750,666969,"53.65",,,,,,,,6,5,"Cutter",0,0,0,0,0,0,0,0,"Infield shade","Standard",202,"-0.013","-0.068","65.6","5.5","1.153252536",,"0.068",,0,0,0.604,0.604,28,29,29,30,1,0,6,1,5,1,"1.95","0.04","-0.04","40.1",-9.894556446035015,26.69308979806541,37.41016129405739,38.12877019826494,9.889619293903078
"SI","2023-08-25","89.8","-2.34","5.6","Dunning, Dane",593871,641540,,"ball",,,,,11,,"R","L","R","MIN","TEX","B",,,2,1,2023,"-1.06","0.91",-0.8371753677860432,4.266397220768136,,,666397,0,1,"Bot",,,,,,,6.038092339004383,-130.74880054205394,0.7549609366725892,-13.463592101648281,26.77903564969976,-22.061422422414147,3.39416149200221,1.65912466207681,,,,"90.8",2020,"6.8",716850,595978,663993,543760,677649,608369,608671,665750,666969,"53.67",,,,,,,,6,4,"Sinker",0,0,0,0,0,0,0,0,"Infield shade","Standard",213,"0.016","0.101",,,,,"-0.101",,0,0,0.588,0.588,28,29,29,30,1,0,6,1,5,1,"1.9","1.06","-1.06","37.8",,,,,
"KC","2023-08-25","79.2","-2.36","5.53","Dunning, Dane",593871,641540,,"blocked_ball",,,,,14,,"R","L","R","MIN","TEX","B",,,1,1,2023,"0.81","-1.5",1.4250416625299367,0.403675655223636,,,666397,0,1,"Bot",,,,,,,6.784666314161956,-115.12317074967926,-1.440741081096832,5.561283539942394,25.626980378596304,-45.28582816100617,3.30679479467345,1.65224633999274,,,,"79",2429,"6.7",716850,595978,663993,543760,677649,608369,608671,665750,666969,"53.83",,,,,,,,6,3,"Knuckle Curve",0,0,0,0,0,0,0,0,"Infield shade","Standard",30,"0.007","0.042",,,,,"-0.042",,0,0,0.581,0.581,28,29,29,30,1,0,6,1,5,1,"5.21","-0.81","0.81","40.6",,,,,
"FC","2023-08-25","90.4","-2.37","5.55","Dunning, Dane",593871,641540,,"foul",,,,,2,,"R","L","R","MIN","TEX","S",,,1,0,2023,"-0.22","0.97",0.12285964736686789,2.8695554113988595,,,666397,0,1,"Bot",,,,,,,6.757482142426111,-131.61668485659078,-2.863886159629183,-3.8971768379639107,26.839514419749392,-20.497976179623404,3.36,1.66,106,"74.4",8,"91.7",2173,"6.9",716850,595978,663993,543760,677649,608369,608671,665750,666969,"53.58",,,,,,,,6,2,"Cutter",0,0,0,0,0,0,0,0,"Strategic","Standard",198,"-0.007","-0.042","70.0","6.2",,,"0.042","88.0",0,0,0.588,0.588,28,29,29,30,1,0,6,1,5,1,"1.81","0.22","-0.22","39.4",1.987571916500641,11.353257487566852,36.84607146533097,33.67193527218794,17.971160551147904
"SI","2023-08-25","91.5","-2.38","5.57","Dunning, Dane",593871,641540,,"ball",,,,,11,,"R","L","R","MIN","TEX","B",,,0,0,2023,"-1.44","0.91",-1.6481872348036386,3.257194480697842,,,666397,0,1,"Bot",,,,,,,5.008684086282138,-133.24626267119868,-1.9745264343764344,-18.275386778515717,27.048918587600596,-21.036564615591445,3.51067710116265,1.65912466207681,,,,"92.6",2086,"6.8",716850,595978,663993,543760,677649,608369,608671,665750,666969,"53.7",,,,,,,,6,1,"Sinker",0,0,0,0,0,0,0,0,"Strategic","Standard",222,"0.005","0.03",,,,,"-0.03",,0,0,0.583,0.583,28,29,29,30,1,0,6,1,5,1,"1.79","1.44","-1.44","36.7",,,,,
"CH","2023-08-19","83.7","-2.37","5.42","Dunning, Dane",592885,641540,"field_out","hit_into_play",,,,,4,"Christian Yelich grounds out, second baseman Marcus Semien to first baseman Nathaniel Lowe.","R","L","R","TEX","MIL","X",4,"ground_ball",0,2,2023,"-1.44","0.6",-0.3891394228559324,2.5612797693336273,,,621438,2,4,"Top",153.34,161.62,,,,,7.476104156646959,-121.7173641042197,-1.3857268687835358,-15.777751990749696,22.716035882820513,-26.116787460866696,3.34,1.71,13,"98",-11,"84.6",1688,"6.8",716938,641680,663993,543760,677649,608369,608671,665750,666969,"53.72",0.227,0.216,"0",1,0,0,2,32,4,"Changeup",1,2,2,1,2,1,2,1,"Strategic","Standard",251,"0.014","-0.187","73.3","7.8",,0.229,"0.187","98.0",-1,1,0.414,0.5860000000000001,28,31,29,32,3,2,6,1,6,1,"2.64","1.44","-1.44","36.2",11.90181213019924,-1.5654618928533917,31.065460292742507,43.5796680720563,28.81212291069464
"FC","2023-08-19","89","-2.39","5.27","Dunning, Dane",592885,641540,,"foul",,,,,4,,"R","L","R","TEX","MIL","S",,,0,2,2023,"0.01","0.98",-0.3682029317594447,2.6854113788760854,,,621438,2,4,"Top",,,,,,,5.020477834183725,-129.67647783471187,-2.4677473287843217,-0.8028503040594583,24.005951432430233,-20.701166256381594,3.34,1.71,259,"82.7",33,"90.7",2015,"7",716938,641680,663993,543760,677649,608369,608671,665750,666969,"53.52",,,,,,,,32,3,"Cutter",1,2,2,1,2,1,2,1,"Strategic","Standard",211,"0","0","69.7","6.5",,,"0","88.0",-1,1,0.414,0.5860000000000001,28,31,29,32,3,2,6,1,6,1,"1.86","-0.01","0.01","38.0",-10.435395524811508,31.272545418671484,33.82499641094007,42.25594443922344,11.380848314106137
"FC","2023-08-19","88.9","-2.41","5.37","Dunning, Dane",592885,641540,,"swinging_strike",,,,,12,,"R","L","R","TEX","MIL","S",,,0,1,2023,"-0.18","0.96",0.15833053748674963,3.760255047145767,,,621438,2,4,"Top",,,,,,,6.753445226217346,-129.43962369984527,0.015373869124668982,-3.3099227386271597,23.44228377613818,-21.422125737124663,3.34,1.71,,,,"90.4",1997,"6.8",716938,641680,663993,543760,677649,608369,608671,665750,666969,"53.65",,,,,,,,32,2,"Cutter",1,2,2,1,2,1,2,1,"Standard","Standard",216,"0.006","-0.055","39.3","5.0","1.343955036",,"0.055",,-1,1,0.408,0.5920000000000001,28,31,29,32,3,2,6,1,6,1,"1.89","0.18","-0.18","36.2",-14.625762635126287,55.14612537534277,36.728696950892136,34.297670231310114,-4.781325688173734
"FC","2023-08-19","88.5","-2.45","5.39","Dunning, Dane",592885,641540,,"foul_tip",,,,,2,,"R","L","R","TEX","MIL","S",,,0,0,2023,"0.08","0.93",0.0929802063818022,3.3658971783615943,,,621438,2,4,"Top",,,,,,,6.128316150304112,-128.88119074327,-0.9018254824393361,-0.2515204234364751,23.11867035266339,-21.711519898088394,3.34,1.71,,,,"90",2107,"6.9",716938,641680,663993,543760,677649,608369,608671,665750,666969,"53.63",,,,,,,,32,1,"Cutter",1,2,2,1,2,1,2,1,"Standard","Standard",214,"0.004","-0.045","68.5","6.1",,,"0.045",,-1,1,0.404,0.596,28,31,29,32,3,2,6,1,6,1,"1.94","-0.08","0.08","42.0",-7.706930386531133,37.21148542476397,35.951593869403744,36.26437031219066,7.828878712643158
"CH","2023-08-19","85.6","-2.48","5.28","Dunning, Dane",642133,641540,"field_out","hit_into_play",,,,,7,"Rowdy Tellez grounds out, second baseman Marcus Semien to first baseman Nathaniel Lowe.","R","L","R","TEX","MIL","X",4,"ground_ball",0,1,2023,"-1.46","0.29",-0.6733517605318373,1.9877997080218517,,686217,642715,2,3,"Top",146.07,164.65,,,,,7.257083466139921,-124.41940309667129,-2.0840414214716674,-16.631754529296344,24.4248420584964,-28.94337216730831,3.6,1.68,9,"78.7",-12,"86.1",1643,"6.6",716938,641680,663993,543760,677649,608369,608671,665750,666969,"53.88",0.058,0.052,"0",1,0,0,2,21,2,"Changeup",0,2,2,0,2,0,2,0,"Infield shade","Standard",253,"0.03","-0.256","80.8","8.2",,0.058,"0.256","88.0",-2,2,0.298,0.702,28,28,29,28,2,1,6,46,6,1,"2.82","1.46","-1.46","33.6",10.550694164396164,-7.05404250297286,32.57809308006914,44.85001039471255,38.65177912075564
"SI","2023-08-19","90.8","-2.42","5.4","Dunning, Dane",642133,641540,,"called_strike",,,,,6,,"R","L","R","TEX","MIL","S",,,0,0,2023,"-1","0.7",0.32042073675209926,3.0071607100505524,,686217,642715,2,3,"Top",,,,,,,9.123063589472462,-131.91605521575838,-1.5911986656648456,-13.636803670923983,27.17981082488046,-23.808623890461977,3.77275647669739,1.66839339132634,,,,"91.9",2006,"6.9",716938,641680,663993,543760,677649,608369,608671,665750,666969,"53.55",,,,,,,,21,1,"Sinker",0,2,2,0,2,0,2,0,"Infield shade","Standard",222,"0.005","-0.04",,,,,"0.04",,-2,2,0.293,0.7070000000000001,28,28,29,28,2,1,6,46,6,1,"2.06","1","-1","40.8",,,,,
"SI","2023-08-19","90.1","-2.43","5.37","Dunning, Dane",642715,641540,"single","hit_into_play",,,,,1,"Willy Adames singles on a line drive to left fielder Travis Jankowski. Carlos Santana scores. Sal Frelick to 2nd.","R","R","R","TEX","MIL","X",7,"line_drive",2,2,2023,"-1.06","0.58",-0.47518143500919496,3.2559390252037153,,467793,686217,2,3,"Top",56.09,123.53,,,,,7.206070125312055,-131.01439870534196,-0.4993487108821547,-13.778934339479347,27.867626412265817,-25.63098880456727,3.47,1.71,176,"90.8",13,"91.1",1977,"6.9",716938,641680,663993,543760,677649,608369,608671,665750,666969,"53.58",0.95,0.897,"0.9",1,1,0,4,20,5,"Sinker",0,1,1,0,2,0,2,0,"Infield shade","Standard",221,"-0.107","0.599","75.1","8.1",,1.077,"-0.599","90.8",-1,1,0.4,0.6,28,27,29,28,2,1,6,1,6,1,"2.24","1.06","1.06","35.9",20.249083740062584,-6.040614390225219,29.179200372302375,34.090676494052886,31.4014296800218
"SI","2023-08-19","90.6","-2.39","5.47","Dunning, Dane",642715,641540,,"ball",,,,,11,,"R","R","R","TEX","MIL","B",,,1,2,2023,"-1.01","0.51",-0.8459044432667483,3.8667994903530847,,467793,686217,2,3,"Top",,,,,,,6.072558621441449,-131.79318777142228,0.8540992339617719,-13.089812451284159,28.664525456319932,-26.606874693313635,3.59792558474223,1.84882815874433,,,,"91.4",1949,"6.8",716938,641680,663993,543760,677649,608369,608671,665750,666969,"53.66",,,,,,,,20,4,"Sinker",0,1,1,0,1,0,1,0,"Infield shade","Standard",222,"-0.007","0.033",,,,,"-0.033",,-1,1,0.407,0.593,28,27,29,28,2,1,6,1,6,1,"2.27","1.01","1.01","35.0",,,,,
"SL","2023-08-19","81.2","-2.31","5.44","Dunning, Dane",642715,641540,,"swinging_strike",,,,,14,,"R","R","R","TEX","MIL","S",,,1,1,2023,"0.18","-0.27",1.1987838096205128,1.827327690522829,,467793,686217,2,3,"Top",,,,,,,7.588139370966977,-118.10047304345433,-0.964173185152351,0.26599446351945505,21.631502297633173,-34.745026188755176,3.47,1.71,,,,"82",2271,"6.8",716938,641680,663993,543760,677649,608369,608671,665750,666969,"53.73",,,,,,,,20,3,"Slider",0,1,1,0,1,0,1,0,"Infield shade","Standard",47,"0.011","-0.069","58.9","9.0","6.726339948",,"0.069",,-1,1,0.396,0.604,28,27,29,28,2,1,6,1,6,1,"3.72","-0.18","-0.18","40.6",30.34807996308114,-24.403615873445734,31.447006008624136,53.45826898629621,47.21902065469209
"SI","2023-08-19","90.7","-2.42","5.42","Dunning, Dane",642715,641540,,"foul",,,,,1,,"R","R","R","TEX","MIL","S",,,1,0,2023,"-1.41","0.4",-0.7847389934276876,3.2371460163435697,,467793,686217,2,3,"Top",,,,,,,7.171893784341691,-131.9597604287961,-0.3894992648137957,-17.986278094142577,27.932064878128305,-27.61414314142358,3.47,1.71,173,"65.7",35,"91.5",1915,"6.8",716938,641680,663993,543760,677649,608369,608671,665750,666969,"53.71",,,,,,,,20,2,"Sinker",0,1,1,0,1,0,1,0,"Infield shade","Standard",221,"0.005","-0.045","68.3","6.6",,,"0.045","88.0",-1,1,0.391,0.609,28,27,29,28,2,1,6,1,6,1,"2.37","1.41","1.41","35.6",-1.0651351338764397,28.097238297171426,32.52561362724149,31.42111159400674,16.07266437610135
"SI","2023-08-19","90.2","-2.46","5.41","Dunning, Dane",642715,641540,,"ball",,,,,12,,"R","R","R","TEX","MIL","B",,,0,0,2023,"-1.22","0.52",0.8606418573451391,2.9069018958677773,,467793,686217,2,3,"Top",,,,,,,10.95943516775764,-130.91613295682714,-1.3497664544952102,-16.252681946484106,26.46888722654932,-26.150092131968137,3.607326942588,1.81517698793058,,,,"91.2",1892,"6.9",716938,641680,663993,543760,677649,608369,608671,665750,666969,"53.57",,,,,,,,20,1,"Sinker",0,1,1,0,1,0,1,0,"Standard","Standard",224,"-0.003","0.03",,,,,"-0.03",,-1,1,0.394,0.606,28,27,29,28,2,1,6,1,6,1,"2.29","1.22","1.22","42.8",,,,,
"FC","2023-08-19","88.2","-2.5","5.42","Dunning, Dane",686217,641540,"single","hit_into_play",,,,,2,"Sal Frelick singles on a soft bunt ground ball to third baseman Ezequiel Duran. Carlos Santana to 2nd.","R","L","R","TEX","MIL","X",5,"ground_ball",0,0,2023,"0.18","0.6",-0.03115320577285391,2.994181924549136,,,467793,2,3,"Top",115.21,185.32,,,,,5.704517323087241,-128.42269823395935,-1.1139132461452148,0.9535399745575691,24.68782236449922,-25.463310515810825,2.94,1.39,5,"39.3",-29,"89.6",2120,"7",716938,641680,663993,543760,677649,608369,608671,665750,666969,"53.54",0.279,0.254,"0.9",1,1,0,1,19,1,"Cutter",0,1,1,0,1,0,1,0,"Strategic","Standard",204,"-0.02","0.083",,,,0.283,"-0.083","88.0",-1,1,0.414,0.5860000000000001,28,23,29,23,2,1,6,1,6,7,"2.31","-0.18","0.18","33.5",,,,,
"KC","2023-08-19","76.4","-2.34","5.54","Dunning, Dane",642133,641540,"field_out","hit_into_play",,,,,2,"Rowdy Tellez grounds out, second baseman Marcus Semien to first baseman Nathaniel Lowe.","R","L","R","TEX","MIL","X",4,"ground_ball",0,0,2023,"0.8","-1.39",0.12282333066703655,3.2245598706976164,,686217,642715,2,1,"Top",148.5,160.41,,,,,3.757881348291704,-110.96640432528999,4.793275753557529,5.757595398896342,22.302756365702457,-44.77069842050394,3.6,1.68,14,"89.5",-12,"76.2",2357,"6.6",716938,641680,663993,543760,677649,608369,608671,665750,666969,"53.95",0.124,0.112,"0",1,0,0,2,6,1,"Knuckle Curve",0,1,1,0,1,0,1,0,"Infield shade","Standard",37,"0.039","-0.296","73.0","6.9",,0.124,"0.296","89.5",-1,1,0.409,0.591,28,28,29,28,1,0,6,46,6,1,"5.35","-0.8","0.8","40.0",5.836301165089591,2.1291102640022883,20.291841040593866,35.16796738510757,35.03704823277303
"CH","2023-08-19","84.6","-2.37","5.47","Dunning, Dane",642715,641540,"single","hit_into_play",,,,,8,"Willy Adames singles on a ground ball to left fielder Travis Jankowski. Sal Frelick to 2nd.","R","R","R","TEX","MIL","X",7,"ground_ball",1,2,2023,"-1.5","0.4",-0.23114661684004378,1.743824278498249,,,686217,2,1,"Top",72.18,119.22,,,,,8.003728625195562,-122.90922830848817,-3.0859585237774043,-16.818353862647548,25.794786278503956,-27.692644070816666,3.47,1.71,76,"99.7",4,"84.5",1780,"6.4",716938,641680,663993,543760,677649,608369,608671,665750,666969,"54.06",0.537,0.508,"0.9",1,1,0,4,5,4,"Changeup",0,1,1,0,1,0,1,0,"Standard","Standard",249,"-0.024","0.448","71.3","8.5",,0.625,"-0.448","99.7",-1,1,0.433,0.567,28,27,29,28,1,0,6,1,6,1,"2.81","1.5","1.5","36.4",25.694257264786394,-7.191470164980994,38.399856782799624,36.45402157656271,32.75885369450776
"CH","2023-08-19","84.8","-2.5","5.35","Dunning, Dane",642715,641540,,"foul_tip",,,,,7,,"R","R","R","TEX","MIL","S",,,1,1,2023,"-1.57","0.28",-0.7218185399013481,1.6267157225800384,,,686217,2,1,"Top",,,,,,,7.329800939619871,-123.3065199359372,-2.921917775919047,-17.461161971957363,25.534619998957485,-28.895016791376346,3.47,1.71,,,,"85",1856,"6.6",716938,641680,663993,543760,677649,608369,608671,665750,666969,"53.93",,,,,,,,5,3,"Changeup",0,1,1,0,1,0,1,0,"Infield shade","Standard",248,"0.005","-0.06","74.1","9.2",,,"0.06",,-1,1,0.428,0.5720000000000001,28,27,29,28,1,0,6,1,6,1,"2.9","1.57","1.57","34.4",27.587988378585877,-25.619756616931717,39.04840195832267,31.6209961092011,40.78034214235245
"SI","2023-08-19","91.2","-2.33","5.55","Dunning, Dane",642715,641540,,"called_strike",,,,,5,,"R","R","R","TEX","MIL","S",,,1,0,2023,"-1.27","1.03",-0.24537438015430912,2.463743271961891,,,686217,2,1,"Top",,,,,,,8.042482014925495,-132.5983361687549,-4.095508700145478,-16.689044329996047,28.590362546428324,-19.358474247884462,3.74003552820262,1.88343962727635,,,,"91.9",1955,"6.7",716938,641680,663993,543760,677649,608369,608671,665750,666969,"53.75",,,,,,,,5,2,"Sinker",0,1,1,0,1,0,1,0,"Infield shade","Standard",222,"0.003","-0.05",,,,,"0.05",,-1,1,0.425,0.575,28,27,29,28,1,0,6,1,6,1,"1.72","1.27","1.27","37.2",,,,,
"SI","2023-08-19","90.3","-2.36","5.41","Dunning, Dane",642715,641540,,"ball",,,,,14,,"R","R","R","TEX","MIL","B",,,0,0,2023,"-1.18","0.92",1.2807904818520621,1.9647188391708266,,,686217,2,1,"Top",,,,,,,11.674365035172203,-130.88931472000277,-4.564059434222078,-16.083920248088795,27.765553497240653,-20.800847172825904,3.67603061848225,1.86300405669949,,,,"90.9",1930,"6.9",716938,641680,663993,543760,677649,608369,608671,665750,666969,"53.64",,,,,,,,5,1,"Sinker",0,1,1,0,1,0,1,0,"Infield shade","Standard",225,"-0.002","0.03",,,,,"-0.03",,-1,1,0.427,0.573,28,27,29,28,1,0,6,1,6,1,"1.9","1.18","1.18","34.4",,,,,
"FC","2023-08-13","88.5","-2.43","5.5","Dunning, Dane",664774,641540,"field_out","hit_into_play",,,,,6,"LaMonte Wade Jr. flies out to left fielder Ezequiel Duran.","R","L","R","SF","TEX","X",7,"fly_ball",1,1,2023,"0.01","1.05",0.29947083573214517,2.5907527775532166,,,666165,2,7,"Bot",98.18,108.27,,,,,6.709580415719549,-128.92236862414453,-3.375800089321237,-0.9956299913131947,21.760452731845273,-19.839177717085022,3.17,1.54,239,"75.2",42,"90.1",2130,"6.8",717008,641680,663993,543760,669701,608369,677649,665750,679881,"53.7",0.182,0.191,"0",1,0,0,3,55,3,"Cutter",1,0,1,0,0,1,1,0,"Standard","Standard",207,"-0.019","-0.266","69.5","6.2",,0.25,"0.266","88.0",1,1,0.764,0.764,28,29,29,29,4,3,6,2,6,1,"1.81","-0.01","0.01","37.3",2.5242797066288594,0.9455016901168268,35.018229213869944,27.72903454371859,29.337639773369684
"CH","2023-08-13","83.5","-2.59","5.41","Dunning, Dane",664774,641540,,"ball",,,,,13,,"R","L","R","SF","TEX","B",,,0,1,2023,"-1.42","0.09",-1.0072041240368312,1.5452517057680053,,,666165,2,7,"Bot",,,,,,,6.474030075064145,-121.56630360112763,-2.7431356255422,-15.291284856212249,20.803709096773815,-30.9971751392442,3.29497297774071,1.53338950282791,,,,"84.6",1684,"6.7",717008,641680,663993,543760,669701,608369,677649,665750,679881,"53.82",,,,,,,,55,2,"Changeup",1,0,1,0,0,1,1,0,"Standard","Standard",250,"0.002","0.025",,,,,"-0.025",,1,1,0.762,0.762,28,29,29,29,4,3,6,2,6,1,"3.14","1.42","-1.42","36.2",,,,,
"CH","2023-08-13","84.5","-2.54","5.38","Dunning, Dane",664774,641540,,"swinging_strike",,,,,13,,"R","L","R","SF","TEX","S",,,0,0,2023,"-1.28","0.22",-0.11612702168165567,1.0438396143554818,,,666165,2,7,"Bot",,,,,,,8.271556999882336,-122.90284821374333,-4.32699234652333,-14.504922303616718,19.653452968555523,-29.40148114629893,3.17,1.54,,,,"85.9",1682,"6.8",717008,641680,663993,543760,669701,608369,677649,665750,679881,"53.71",,,,,,,,55,1,"Changeup",1,0,1,0,0,1,1,0,"Standard","Standard",251,"-0.003","-0.045","74.5","8.7","1.970849856",,"0.045",,1,1,0.765,0.765,28,29,29,29,4,3,6,2,6,1,"2.93","1.28","-1.28","34.2",26.61611275385845,-33.83082729389066,37.87780048345224,33.71899898525206,52.32712481601443
"CH","2023-08-13","84.9","-2.47","5.45","Dunning, Dane",543063,641540,"strikeout","swinging_strike",,,,,13,"Brandon Crawford strikes out swinging.","R","L","R","SF","TEX","S",2,,1,2,2023,"-1.37","0.23",-0.29484344050515765,1.4542040978814272,,,666165,1,7,"Bot",,,,,,,7.900798535004062,-123.55034736531078,-3.6004488194870827,-15.525602553208191,20.812011273584634,-29.325724461421224,3.36,1.58,,,,"86.1",1749,"6.7",717008,641680,663993,543760,669701,608369,677649,665750,679881,"53.76",,0,"0",1,0,0,,54,7,"Changeup",1,0,1,0,0,1,1,0,"Infield shade","Standard",247,"-0.017","-0.183","73.1","8.6","2.888051856",,"0.183",,1,1,0.782,0.782,28,36,29,36,3,2,6,2,6,1,"2.89","1.37","-1.37","33.6",28.86951151302013,-20.48907571511918,37.4171812883414,38.513897059454834,43.12132009017529
"SI","2023-08-13","89.7","-2.38","5.5","Dunning, Dane",543063,641540,,"foul",,,,,3,,"R","L","R","SF","TEX","S",,,1,2,2023,"-0.78","0.66",0.3699806727604582,2.8071473024014986,,,666165,1,7,"Bot",,,,,,,8.53572804038584,-130.45384062172332,-2.1238937396648336,-10.639346968644071,25.36441250535832,-24.3512729990894,3.36,1.58,4,"59.2",-38,"90.9",2047,"6.9",717008,641680,663993,543760,669701,608369,677649,665750,679881,"53.61",,,,,,,,54,6,"Sinker",1,0,1,0,0,1,1,0,"Infield shade","Standard",220,"0","0","71.4","7.7",,,"0","88.0",1,1,0.782,0.782,28,36,29,36,3,2,6,2,6,1,"2.16","0.78","-0.78","43.4",27.503397012162512,-10.471120327321323,27.217573683082502,30.988754245769993,39.54164194214063
"SL","2023-08-13","80.6","-2.36","5.54","Dunning, Dane",543063,641540,,"foul",,,,,13,,"R","L","R","SF","TEX","S",,,1,2,2023,"0.33","-0.32",-0.04145858313038517,1.4213026562697584,,,666165,1,7,"Bot",,,,,,,4.558460681212532,-117.2659545610033,-1.8800295772871491,2.138678764945609,22.63954517154097,-34.930770770110115,3.36,1.58,13,"16.1",65,"81",2307,"6.6",717008,641680,663993,543760,669701,608369,677649,665750,679881,"53.87",,,,,,,,54,5,"Slider",1,0,1,0,0,1,1,0,"Infield shade","Standard",38,"0","0","69.1","7.6",,,"0","88.0",1,1,0.782,0.782,28,36,29,36,3,2,6,2,6,1,"3.83","-0.33","0.33","41.6",13.10998692022523,5.867563462921642,34.96352535630416,35.258551088560154,33.193539542203865
"CH","2023-08-13","85.2","-2.59","5.38","Dunning, Dane",543063,641540,,"foul",,,,,13,,"R","L","R","SF","TEX","S",,,1,2,2023,"-1.57","0.31",-1.132165877497222,1.7804951024413103,,,666165,1,7,"Bot",,,,,,,6.652541562168748,-123.881331227843,-2.7223146760438217,-17.551409673754875,26.33947783184109,-28.68304499464564,3.36,1.58,,,,"85.7",,"6.8",717008,641680,663993,543760,669701,608369,677649,665750,679881,"53.7",,,,,,,,54,4,"Changeup",1,0,1,0,0,1,1,0,"Infield shade","Standard",,"0","0","62.9","8.0",,,"0",,1,1,0.782,0.782,28,36,29,36,3,2,6,2,6,1,"2.86","1.57","-1.57","35.5",19.269884689122033,1.357949331557297,27.22865479537284,47.97074697771288,34.033179831982864
"SI","2023-08-13","90.6","-2.4","5.53","Dunning, Dane",543063,641540,,"ball",,,,,12,,"R","L","R","SF","TEX","B",,,0,2,2023,"-1.16","0.87",0.03358400099573822,3.675349001214391,,,666165,1,7,"Bot",,,,,,,8.65014265266256,-131.74717415086022,-0.6019307719363067,-15.327767597548974,25.360842837516625,-22.041193649194856,3.41710392486319,1.57334523403438,,,,"91.8",2110,"6.8",717008,641680,663993,543760,669701,608369,677649,665750,679881,"53.68",,,,,,,,54,3,"Sinker",1,0,1,0,0,1,1,0,"Infield shade","Standard",219,"0.002","0.023",,,,,"-0.023",,1,1,0.78,0.78,28,36,29,36,3,2,6,2,6,1,"1.89","1.16","-1.16","37.0",,,,,
"CH","2023-08-13","83.4","-2.65","5.5","Dunning, Dane",543063,641540,,"called_strike",,,,,7,,"R","L","R","SF","TEX","S",,,0,1,2023,"-1.48","0.45",-0.7312420785236615,1.7813307614937757,,,666165,1,7,"Bot",,,,,,,7.374588301373413,-121.20747266212844,-2.9893107647735846,-16.065784036252733,23.816063651955655,-27.341810015871427,3.50882800494132,1.57334523403438,,,,"83.8",1670,"6.6",717008,641680,663993,543760,669701,608369,677649,665750,679881,"53.88",,,,,,,,54,2,"Changeup",1,0,1,0,0,1,1,0,"Infield shade","Standard",248,"-0.006","-0.053",,,,,"0.053",,1,1,0.786,0.786,28,36,29,36,3,2,6,2,6,1,"2.84","1.48","-1.48","34.0",,,,,
"KC","2023-08-13","75.7","-2.43","5.56","Dunning, Dane",543063,641540,,"called_strike",,,,,4,,"R","L","R","SF","TEX","S",,,0,0,2023,"0.98","-1.1",-0.4108863343236906,2.7582294402078658,,,666165,1,7,"Bot",,,,,,,2.4831491892948114,-110.12608354381136,3.271991620333223,7.513481673368488,19.95124884154525,-41.95788621537823,3.41710392486319,1.57334523403438,,,,"76",2289,"6.6",717008,641680,663993,543760,669701,608369,677649,665750,679881,"53.92",,,,,,,,54,1,"Knuckle Curve",1,0,1,0,0,1,1,0,"Standard","Standard",33,"-0.004","-0.042",,,,,"0.042",,1,1,0.79,0.79,28,36,29,36,3,2,6,2,6,1,"5.09","-0.98","0.98","41.9",,,,,
"SI","2023-08-13","89.7","-2.5","5.4","Dunning, Dane",671218,641540,"strikeout","swinging_strike",,,,,2,"Heliot Ramos strikes out swinging.","R","R","R","SF","TEX","S",2,,1,2,2023,"-0.95","0.9",0.07435891178063314,3.133750502632433,,,666165,0,7,"Bot",,,,,,,8.442773552045985,-130.43307867818288,-1.5577561580040633,-12.535438896518958,24.860636061375324,-21.715848545210175,3.13,1.48,,,,"90.8",2036,"6.8",717008,641680,663993,543760,669701,608369,677649,665750,679881,"53.69",,0,"0",1,0,0,,53,4,"Sinker",1,0,1,0,0,1,1,0,"Standard","Standard",214,"-0.019","-0.165","71.2","5.8","0.1",,"0.165",,1,1,0.809,0.809,28,23,29,24,3,2,6,1,6,1,"1.92","0.95","0.95","37.5",-4.163251960538176,31.02106161799703,28.85484884610481,37.27112773600227,15.272618497237058
"SI","2023-08-13","89","-2.51","5.41","Dunning, Dane",671218,641540,,"foul",,,,,2,,"R","R","R","SF","TEX","S",,,1,1,2023,"-1.37","0.72",0.07761061472008746,3.1332254838233817,,,666165,0,7,"Bot",,,,,,,9.309399877956436,-129.34948217883178,-1.1069378205083849,-17.200729297752645,24.078166842611637,-23.95759511737217,3.13,1.48,219,"75.4",39,"90.3",1886,"6.9",717008,641680,663993,543760,669701,608369,677649,665750,679881,"53.61",,,,,,,,53,3,"Sinker",1,0,1,0,0,1,1,0,"Standard","Standard",231,"-0.007","-0.059","67.9","6.0",,,"0.059","88.0",1,1,0.816,0.816,28,23,29,24,3,2,6,1,6,1,"2.14","1.37","1.37","42.0",-6.677422021866776,24.301662592818968,29.131072639095827,37.60759888562311,15.473091705468677
"SL","2023-08-13","81.6","-2.52","5.49","Dunning, Dane",671218,641540,,"blocked_ball",,,,,14,,"R","R","R","SF","TEX","B",,,0,1,2023,"-0.09","0.07",2.132821556096238,0.5841994320764448,,,666165,0,7,"Bot",,,,,,,10.671464377033963,-118.36364496224456,-4.617503139541872,-2.7402145656762698,21.20133987924926,-30.801004972268075,3.29497297774071,1.47345590873613,,,,"82.1",2398,"6.7",717008,641680,663993,543760,669701,608369,677649,665750,679881,"53.82",,,,,,,,53,2,"Slider",1,0,1,0,0,1,1,0,"Standard","Standard",39,"0.003","0.024",,,,,"-0.024",,1,1,0.813,0.813,28,23,29,24,3,2,6,1,6,1,"3.35","0.09","0.09","38.1",,,,,
"SI","2023-08-13","88.9","-2.42","5.38","Dunning, Dane",671218,641540,,"called_strike",,,,,3,,"R","R","R","SF","TEX","S",,,0,0,2023,"-1.39","0.71",0.7032334253677464,2.8224201405877776,,,666165,0,7,"Bot",,,,,,,10.665589240637134,-129.1367134613484,-1.7598675001183128,-17.617144189897076,24.066538476642297,-24.066579878375315,3.3246923601724,1.47279815795884,,,,"90.2",2018,"6.9",717008,641680,663993,543760,669701,608369,677649,665750,679881,"53.57",,,,,,,,53,1,"Sinker",1,0,1,0,0,1,1,0,"Standard","Standard",298,"-0.004","-0.036",,,,,"0.036",,1,1,0.817,0.817,28,23,29,24,3,2,6,1,6,1,"2.16","1.39","1.39","34.8",,,,,
"CH","2023-08-13","85.2","-2.54","5.4","Dunning, Dane",592626,641540,"field_out","hit_into_play",,,,,13,"Joc Pederson grounds out, second baseman Marcus Semien to first baseman Nathaniel Lowe.","R","L","R","SF","TEX","X",4,"ground_ball",0,1,2023,"-1.34","0.1",-1.0355258596525438,2.228489677506645,,,642731,2,5,"Bot",140.6,144.29,,,,,6.2743500264101595,-124.13099049685127,-1.4457882534175026,-15.125655364545228,20.953571162576157,-31.067434001183685,3.5,1.72,10,"82.4",-12,"86.5",1827,"6.7",717008,641680,663993,543760,669701,608369,677649,665750,679881,"53.81",0.066,0.059,"0",1,0,0,2,41,2,"Changeup",1,0,1,0,0,1,1,0,"Infield shade","Standard",247,"-0.019","-0.241","69.7","7.9",,0.066,"0.241","88.0",1,1,0.679,0.679,28,31,29,31,3,2,6,1,6,1,"2.99","1.34","-1.34","35.9",3.837051611955913,0.4648532757500315,24.736089074461123,47.08870500136415,29.43494179155733
"FC","2023-08-13","87.6","-2.33","5.53","Dunning, Dane",592626,641540,,"foul",,,,,5,,"R","L","R","SF","TEX","S",,,0,0,2023,"-0.33","0.92",0.01761174371828461,2.8294549734007823,,,642731,2,5,"Bot",,,,,,,6.41302909438601,-127.52432368788146,-2.40450668874027,-4.754110955583446,22.287358686326037,-21.79463477715911,3.5,1.72,,,,"89.1",2120,"6.9",717008,641680,663993,543760,669701,608369,677649,665750,679881,"53.62",,,,,,,,41,1,"Cutter",1,0,1,0,0,1,1,0,"Infield shade","Standard",208,"-0.003","-0.045","76.7","8.1",,,"0.045",,1,1,0.682,0.682,28,31,29,31,3,2,6,1,6,1,"2.01","0.33","-0.33","38.9",16.147898340850436,-19.88174580927027,27.96739481398187,33.41357229320353,37.64941747487238
"SI","2023-08-13","90.6","-2.25","5.5","Dunning, Dane",671218,641540,"strikeout","swinging_strike",,,,,12,"Heliot Ramos strikes out swinging.","R","R","R","SF","TEX","S",2,,0,2,2023,"-1.28","0.48",0.03056883310508396,3.8686868675582735,672275,,624424,2,4,"Bot",,,,,,,8.512612896863931,-131.7354599236246,0.857117090237546,-16.682761853550527,27.192076682094683,-27.020187741978955,3.13,1.48,,,,"91.5",2140,"6.8",717008,641680,663993,543760,669701,608369,677649,665750,679881,"53.69",,0,"0",1,0,0,,33,4,"Sinker",1,0,1,0,0,1,1,0,"Standard","Standard",221,"-0.029","-0.198","65.0","5.0","0.821329308",,"0.198",,1,1,0.667,0.667,28,23,29,24,2,1,6,1,6,1,"2.3","1.28","1.28","41.3",-2.7943819697856025,48.59974376871555,23.12616673573321,36.0218485919835,7.589800580599729
"SL","2023-08-13","80.8","-2.37","5.53","Dunning, Dane",671218,641540,,"foul",,,,,8,,"R","R","R","SF","TEX","S",,,0,2,2023,"0.23","-0.5",0.021613259428027873,1.3819265099698428,672275,,624424,2,4,"Bot",,,,,,,4.919725942910256,-117.69230969231334,-1.7385187520410428,1.3257478915342538,19.85123912007201,-36.74277873513886,3.13,1.48,1,"40.8",-50,"81.7",2408,"6.6",717008,641680,663993,543760,669701,608369,677649,665750,679881,"53.88",,,,,,,,33,3,"Slider",1,0,1,0,0,1,1,0,"Standard","Standard",32,"0","0","76.6","8.4",,,"0","88.0",1,1,0.667,0.667,28,23,29,24,2,1,6,1,6,1,"3.95","-0.23","-0.23","37.5",25.380508570189836,-28.22830956409546,33.398027736276966,34.114384091219364,51.32612370412055
"SL","2023-08-13","81.3","-2.35","5.53","Dunning, Dane",671218,641540,,"called_strike",,,,,14,,"R","R","R","SF","TEX","S",,,0,1,2023,"0.19","-0.42",0.9868876998399001,1.826740649543178,672275,,624424,2,4,"Bot",,,,,,,7.17667974976043,-118.30565274226343,-0.9904764727957454,0.6230907315738682,18.77600792819143,-36.18581559371051,3.22424721358615,1.45841941291016,,,,"82.5",2336,"6.7",717008,641680,663993,543760,669701,608369,677649,665750,679881,"53.79",,,,,,,,33,2,"Slider",1,0,1,0,0,1,1,0,"Standard","Standard",31,"-0.012","-0.054",,,,,"0.054",,1,1,0.679,0.679,28,23,29,24,2,1,6,1,6,1,"3.82","-0.19","-0.19","37.1",,,,,
"SL","2023-08-13","80.9","-2.43","5.45","Dunning, Dane",671218,641540,,"swinging_strike",,,,,14,,"R","R","R","SF","TEX","S",,,0,0,2023,"0.22","-0.45",0.6639108792346538,1.2840706770815995,672275,,624424,2,4,"Bot",,,,,,,6.524354019583968,-117.74896432519627,-1.8998407980240382,1.0271140189174093,19.258490684337957,-36.24280282920317,3.13,1.48,,,,"81.9",2390,"6.6",717008,641680,663993,543760,669701,608369,677649,665750,679881,"53.87",,,,,,,,33,1,"Slider",1,0,1,0,0,1,1,0,"Standard","Standard",17,"-0.007","-0.052","71.5","7.3","2.474269968",,"0.052",,1,1,0.686,0.686,28,23,29,24,2,1,6,1,6,1,"3.89","-0.22","-0.22","36.8",9.386805631096069,2.575970190581589,31.59610097447635,42.93577229588695,33.35873987354744
"SI","2023-08-13","90.8","-2.33","5.5","Dunning, Dane",666165,641540,"strikeout","swinging_strike",,,,,2,"Blake Sabol strikes out swinging.","R","L","R","SF","TEX","S",2,,2,2,2023,"-1.02","0.6",-0.07957905155913714,3.587296103215363,672275,,624424,1,4,"Bot",,,,,,,7.8860424367521595,-132.0285644292963,-0.1749392263382269,-13.538289045197686,26.56042981821737,-25.271390423180865,3.5,1.7,,,,"91.8",2136,"6.8",717008,641680,663993,543760,669701,608369,677649,665750,679881,"53.71",,0,"0",1,0,0,,32,6,"Sinker",1,0,1,0,0,1,1,0,"Strategic","Standard",224,"-0.054","-0.288","38.8","4.9","4.863147168",,"0.288",,1,1,0.74,0.74,28,25,29,25,2,1,6,1,6,1,"2.15","1.02","-1.02","40.5",-8.840795076458042,57.96544495502917,40.291350534881396,38.17506371404775,7.561412022526429
"SL","2023-08-13","81.4","-2.37","5.55","Dunning, Dane",666165,641540,,"ball",,,,,13,,"R","L","R","SF","TEX","B",,,1,2,2023,"0.27","-0.44",-1.0412098656406874,2.100349845636324,672275,,624424,1,4,"Bot",,,,,,,2.4820862138890973,-118.63983606039197,-0.38749271246719086,2.1645673228889772,19.79752863191714,-36.534505340176594,3.41629941051724,1.55707851013823,,,,"82.3",2268,"6.6",717008,641680,663993,543760,669701,608369,677649,665750,679881,"53.95",,,,,,,,32,5,"Slider",1,0,1,0,0,1,1,0,"Strategic","Standard",59,"0.01","0.04",,,,,"-0.04",,1,1,0.73,0.73,28,25,29,25,2,1,6,1,6,1,"3.84","-0.27","0.27","43.9",,,,,
"SI","2023-08-13","91.4","-2.34","5.5","Dunning, Dane",666165,641540,,"foul",,,,,6,,"R","L","R","SF","TEX","S",,,1,2,2023,"-1.23","0.71",0.674733554903874,2.8922026015474973,672275,,624424,1,4,"Bot",,,,,,,10.316862540620452,-132.80781668706257,-2.2498263633667457,-16.67117042868199,26.517736883808475,-23.42233245618431,3.5,1.7,143,"57.6",54,"92.3",2154,"6.7",717008,641680,663993,543760,669701,608369,677649,665750,679881,"53.77",,,,,,,,32,4,"Sinker",1,0,1,0,0,1,1,0,"Strategic","Standard",220,"0","0","67.3","6.5",,,"0","88.0",1,1,0.73,0.73,28,25,29,25,2,1,6,1,6,1,"2.01","1.23","-1.23","37.0",9.133927076255318,18.293268859743254,33.81283791815556,30.67651567078416,27.405962558882397
"CH","2023-08-13","85","-2.51","5.44","Dunning, Dane",666165,641540,,"foul_bunt",,,,,8,,"R","L","R","SF","TEX","S",,,1,1,2023,"-1.43","0.18",0.10371939979581213,2.2036071768256384,672275,,624424,1,4,"Bot",,,,,,,9.050674931800335,-123.48121926314184,-1.6403237428317694,-16.391761265022552,22.7896273472399,-30.20438539955788,3.5,1.7,,,,"85.8",1885,"6.7",717008,641680,663993,543760,669701,608369,677649,665750,679881,"53.79",,,,,,,,32,3,"Changeup",1,0,1,0,0,1,1,0,"Standard","Standard",251,"-0.016","-0.098",,,,,"0.098",,1,1,0.746,0.746,28,25,29,25,2,1,6,1,6,1,"2.97","1.43","-1.43","35.3",,,,,
"SL","2023-08-13","80.7","-2.35","5.58","Dunning, Dane",666165,641540,,"foul",,,,,8,,"R","L","R","SF","TEX","S",,,1,0,2023,"0.35","-0.4",0.2148916394708077,1.8464462612675874,672275,,624424,1,4,"Bot",,,,,,,5.059577331960754,-117.47768999552359,-0.9303085788160921,2.3295602544446017,20.990086635528783,-35.9405970306301,3.5,1.7,22,"86",-4,"81.3",2269,"6.5",717008,641680,663993,543760,669701,608369,677649,665750,679881,"53.97",,,,,,,,32,2,"Slider",1,0,1,0,0,1,1,0,"Infield shade","Standard",15,"-0.006","-0.05","74.7","8.1",,,"0.05","88.0",1,1,0.752,0.752,28,25,29,25,2,1,6,1,6,1,"3.88","-0.35","0.35","43.3",22.591684962015144,-20.644836166165923,39.847305692859315,36.46519610887936,48.40883475324674
"CH","2023-08-13","83.2","-2.5","5.54","Dunning, Dane",666165,641540,,"ball",,,,,11,,"R","L","R","SF","TEX","B",,,0,0,2023,"-1.28","0.45",-1.6567285392394477,3.6312469492063815,672275,,624424,1,4,"Bot",,,,,,,4.475632077159299,-121.18802527689269,1.1788980882271007,-13.499734742752066,22.470871027925476,-28.194695971971857,3.26367996808984,1.46694617068902,,,,"84",1925,"6.7",717008,641680,663993,543760,669701,608369,677649,665750,679881,"53.84",,,,,,,,32,1,"Changeup",1,0,1,0,0,1,1,0,"Standard","Standard",248,"0.003","0.041",,,,,"-0.041",,1,1,0.749,0.749,28,25,29,25,2,1,6,1,6,1,"2.83","1.28","-1.28","35.2",,,,,
"SI","2023-08-13","91","-2.31","5.49","Dunning, Dane",605204,641540,"strikeout","called_strike",,,,,2,"J.D. Davis called out on strikes.","R","R","R","SF","TEX","S",2,,2,2,2023,"-1.45","0.7",0.12242774283380298,2.9280658079543382,672275,,624424,0,4,"Bot",,,,,,,9.285234731897832,-132.22915774153668,-2.0647564388795985,-18.910708826485795,26.092189551837166,-23.64750407713907,3.47743068264628,1.66257153815262,,,,"92",2062,"6.8",717008,641680,663993,543760,669701,608369,677649,665750,679881,"53.7",,0,"0",1,0,0,,31,5,"Sinker",1,0,1,0,0,1,1,0,"Strategic","Standard",227,"-0.04","-0.303",,,,,"0.303",,1,1,0.789,0.789,28,30,29,30,2,1,6,1,6,1,"2.04","1.45","1.45","36.7",,,,,
"SL","2023-08-13","81.5","-2.34","5.52","Dunning, Dane",605204,641540,,"ball",,,,,14,,"R","R","R","SF","TEX","B",,,1,2,2023,"0.16","-0.35",1.1172737045373906,1.0237227998202933,672275,,624424,0,4,"Bot",,,,,,,7.528846225995563,-118.58268049433867,-2.8666870751684295,0.1026040002467696,21.720117668796647,-35.19263333358654,3.44685900261848,1.52702612102405,,,,"82.2",2313,"6.7",717008,641680,663993,543760,669701,608369,677649,665750,679881,"53.81",,,,,,,,31,4,"Slider",1,0,1,0,0,1,1,0,"Strategic","Standard",33,"0.007","0.036",,,,,"-0.036",,1,1,0.782,0.782,28,30,29,30,2,1,6,1,6,1,"3.77","-0.16","-0.16","37.3",,,,,
"SL","2023-08-13","81.1","-2.34","5.6","Dunning, Dane",605204,641540,,"swinging_strike",,,,,14,,"R","R","R","SF","TEX","S",,,1,1,2023,"0.08","-0.11",0.7250950754269366,1.2912343067661713,672275,,624424,0,4,"Bot",,,,,,,6.73611901712682,-118.07944397386365,-2.9300670690916713,-0.2811506347003794,18.42669631141016,-32.95572814845503,3.5,1.67,,,,"82.2",2269,"6.6",717008,641680,663993,543760,669701,608369,677649,665750,679881,"53.92",,,,,,,,31,3,"Slider",1,0,1,0,0,1,1,0,"Strategic","Standard",22,"-0.012","-0.071","69.5","8.0","2.179490664",,"0.071",,1,1,0.794,0.794,28,30,29,30,2,1,6,1,6,1,"3.52","-0.08","-0.08","37.1",13.039374519884587,-2.3662819428440343,36.3968858047969,47.44875544809612,26.470945871355685
"SI","2023-08-13","90.9","-2.44","5.52","Dunning, Dane",605204,641540,,"swinging_strike",,,,,13,,"R","R","R","SF","TEX","S",,,1,0,2023,"-1.37","0.52",-1.8432233057588088,2.426634928507741,672275,,624424,0,4,"Bot",,,,,,,4.466322534384768,-132.45179563360327,-3.0287550346305308,-17.130437732583083,25.772880890668663,-25.63387120571399,3.5,1.67,,,,"92.1",2102,"6.7",717008,641680,663993,543760,669701,608369,677649,665750,679881,"53.79",,,,,,,,31,2,"Sinker",1,0,1,0,0,1,1,0,"Strategic","Standard",223,"-0.005","-0.024","42.9","5.1","4.081255224",,"0.024",,1,1,0.799,0.799,28,30,29,30,2,1,6,1,6,1,"2.21","1.37","1.37","37.9",-23.2434613714761,34.125688086733774,44.828748393813974,17.413060393018306,6.683468873004173
"SL","2023-08-13","82","-2.42","5.6","Dunning, Dane",605204,641540,,"ball",,,,,14,,"R","R","R","SF","TEX","B",,,0,0,2023,"0.12","-0.19",0.8352434687779583,0.917587787748873,672275,,624424,0,4,"Bot",,,,,,,7.187814125300358,-119.35498280630306,-3.7859432686191936,0.012787554603460129,19.441631246821903,-33.58711532367823,3.44685900261848,1.66257153815262,,,,"83.2",2272,"6.7",717008,641680,663993,543760,669701,608369,677649,665750,679881,"53.75",,,,,,,,31,1,"Slider",1,0,1,0,0,1,1,0,"Strategic","Standard",41,"0.003","0.009",,,,,"-0.009",,1,1,0.796,0.796,28,30,29,30,2,1,6,1,6,1,"3.54","-0.12","-0.12","39.1",,,,,
"SI","2023-08-13","90.6","-2.29","5.51","Dunning, Dane",624424,641540,"single","hit_into_play",,,,,6,"Michael Conforto singles on a ground ball to right fielder J. P. Martinez. Patrick Bailey to 3rd.","R","L","R","SF","TEX","X",9,"ground_ball",0,0,2023,"-1.21","0.51",0.33994401334928237,2.382173433030463,,,672275,0,4,"Bot",184.77,126.48,,,,,9.231071337369348,-131.76994337837039,-3.08081357652527,-15.908487383661337,24.078878679962738,-25.741888230901512,3.22,1.56,47,"105.1",-1,"91.9",2014,"6.8",717008,641680,663993,543760,669701,608369,677649,665750,679881,"53.71",0.455,0.421,"0.9",1,1,0,4,30,1,"Sinker",1,0,1,0,0,1,1,0,"Standard","Standard",223,"0.078","0.452","77.4","7.3",,0.509,"-0.452","105.1",1,1,0.718,0.718,28,30,29,30,2,1,6,1,6,1,"2.24","1.21","-1.21","42.7",12.644823500295313,-16.60826089017718,34.581743237489185,36.34499189419822,33.15697397570526
"CH","2023-08-13","84.5","-2.47","5.58","Dunning, Dane",592626,641540,"field_out","hit_into_play",,,,,8,"Joc Pederson flies out to left fielder Ezequiel Duran.","R","L","R","SF","TEX","X",7,"fly_ball",0,0,2023,"-1.3","0.48",0.16063666965264423,2.1733507604562687,,,642731,2,3,"Bot",91.95,82.9,,,,,8.775396679072372,-122.81092307407489,-2.591635012634833,-14.809983953217106,22.023438073856024,-26.97489153189653,3.5,1.72,301,"92.4",42,"85.4",1792,"6.7",717008,641680,663993,543760,669701,608369,677649,665750,679881,"53.76",0.011,0.016,"0",1,0,0,3,24,1,"Changeup",1,0,1,0,0,1,1,0,"Standard","Standard",248,"-0.021","-0.286","75.3","7.5",,0.029,"0.286","92.4",1,1,0.644,0.644,28,31,29,31,2,1,6,1,6,1,"2.69","1.3","-1.3","37.9",5.7186155387739595,-5.167882440783213,36.788540260101065,32.700015407470396,30.240310019652867
"SL","2023-08-13","82.5","-2.26","5.59","Dunning, Dane",672275,641540,"strikeout","swinging_strike_blocked",,,,,14,"Patrick Bailey strikes out swinging.","R","L","R","SF","TEX","S",2,,1,2,2023,"0.18","-0.21",0.7008363553150073,0.25006226294660605,,,592626,2,1,"Bot",,,,,,,6.407273742135367,-120.02685739824,-5.338093217075599,0.7354077377859538,19.791076762274223,-33.508946637796875,3.28,1.55,,,,"83.4",2322,"6.6",717008,641680,663993,543760,669701,608369,677649,665750,679881,"53.91",,0,"0",1,0,0,,9,4,"Slider",0,0,0,0,0,0,0,0,"Infield shade","Standard",62,"-0.015","-0.206","63.2","8.9","10.8814791",,"0.206",,0,0,0.515,0.515,28,24,29,24,1,0,6,1,6,1,"3.52","-0.18","0.18","43.3",33.907745987382796,-47.36222316365444,45.73362058442931,30.959559674111365,53.281683093247956
"SL","2023-08-13","82.5","-2.35","5.62","Dunning, Dane",672275,641540,,"swinging_strike",,,,,8,,"R","L","R","SF","TEX","S",,,1,1,2023,"0.06","-0.43",0.1296265689677636,1.4782869483700911,,,592626,2,1,"Bot",,,,,,,5.566770430235586,-120.063771496396,-2.0963285473916278,-0.5206907058463464,22.817228802074762,-36.101616788240534,3.28,1.55,,,,"83",2241,"6.6",717008,641680,663993,543760,669701,608369,677649,665750,679881,"53.91",,,,,,,,9,3,"Slider",0,0,0,0,0,0,0,0,"Infield shade","Standard",36,"-0.006","-0.06","72.1","8.6","3.441374088",,"0.06",,0,0,0.521,0.521,28,24,29,24,1,0,6,1,6,1,"3.77","-0.06","0.06","38.8",30.91338599711497,-27.617237952429242,41.2625991797652,37.35354793176792,48.4859579817234
"SI","2023-08-13","86.5","-2.51","5.54","Dunning, Dane",672275,641540,,"ball",,,,,13,,"R","L","R","SF","TEX","B",,,0,1,2023,"-1.29","0.35",-1.4510642591607883,1.9342213524242897,,,592626,2,1,"Bot",,,,,,,5.202743260715519,-125.92491657037068,-3.1938491086188345,-14.81994426854431,22.684330677503734,-28.059490211220055,3.35521616917842,1.54271435805839,,,,"87.5",1866,"6.7",717008,641680,663993,543760,669701,608369,677649,665750,679881,"53.85",,,,,,,,9,2,"Sinker",0,0,0,0,0,0,0,0,"Infield shade","Standard",250,"0.002","0.025",,,,,"-0.025",,0,0,0.519,0.519,28,24,29,24,1,0,6,1,6,1,"2.67","1.29","-1.29","35.1",,,,,
"FC","2023-08-13","90.7","-2.51","5.56","Dunning, Dane",672275,641540,,"swinging_strike",,,,,1,,"R","L","R","SF","TEX","S",,,0,0,2023,"-0.81","0.28",-0.6062533304358417,3.178907098755538,,,592626,2,1,"Bot",,,,,,,6.5498323167888675,-132.14068703500612,-0.7061268749910411,-10.821895894334558,24.97095170985489,-28.974741789435733,3.28,1.55,,,,"91.7",1997,"6.6",717008,641680,663993,543760,669701,608369,677649,665750,679881,"53.9",,,,,,,,9,1,"Cutter",0,0,0,0,0,0,0,0,"Infield shade","Standard",223,"-0.003","-0.045","69.0","6.3","0.756524844",,"0.045",,0,0,0.522,0.522,28,24,29,24,1,0,6,1,6,1,"2.46","0.81","-0.81","36.9",-3.647280253997627,23.971945064758913,31.921332453232043,44.78953426250382,13.739519477493623
"SI","2023-08-07","90.5","-2.43","5.45","Dunning, Dane",669127,641540,"field_out","hit_into_play",,,,,1,"Shea Langeliers flies out to center fielder Leody Taveras.","R","R","R","ATH","TEX","X",8,"fly_ball",1,0,2023,"-1.45","0.54",-0.5311988892287796,2.8898592552459546,,664913,,2,6,"Bot",97.44,99.22,,,,,7.9210241160433155,-131.55666111871216,-1.6233543008611204,-18.545856499004675,26.482362700741273,-25.772935095611274,3.24798914488122,1.50756079872264,259,"97.1",53,"91.7",2061,"6.9",717081,641598,663993,543760,677649,608369,543257,665750,666969,"53.57",0.008,0.008,"0",1,0,0,3,50,2,"Sinker",3,2,3,2,2,3,3,2,"Standard","Strategic",222,"-0.036","-0.315","83.0","7.2",,0.014,"0.315","97.1",1,1,0.728,0.728,28,25,29,26,3,2,5,1,6,2,"2.24","1.45","1.45","37.6",16.6127811074669,-10.62852944698321,27.109957499322867,34.25228741005645,38.5969639179263
"SL","2023-08-07","81.3","-2.34","5.5","Dunning, Dane",669127,641540,,"ball",,,,,14,,"R","R","R","ATH","TEX","B",,,0,0,2023,"0.42","-0.18",0.9893607102443829,1.1897703485123934,,664913,,2,6,"Bot",,,,,,,6.731582081546209,-118.26376153492622,-2.71656615135446,2.6599670198501366,22.08886318806838,-33.597801413675555,3.16095615005742,1.42003537059302,,,,"82.1",2394,"6.8",717081,641598,663993,543760,677649,608369,543257,665750,666969,"53.7",,,,,,,,50,1,"Slider",3,2,3,2,2,3,3,2,"Standard","Strategic",65,"0.001","0.02",,,,,"-0.02",,1,1,0.727,0.727,28,25,29,26,3,2,5,1,6,2,"3.63","-0.42","-0.42","39.5",,,,,
"SI","2023-08-07","90.9","-2.41","5.47","Dunning, Dane",672478,641540,"field_out","hit_into_play",,,,,4,"Jordan Diaz grounds out, third baseman Ezequiel Duran to first baseman Nathaniel Lowe.","R","R","R","ATH","TEX","X",5,"ground_ball",0,0,2023,"-1.43","0.61",-0.2772198065835805,2.369506295969268,,664913,,1,6,"Bot",96.75,168.36,,,,,8.488366115334737,-132.1731730964794,-3.211087450477123,-18.493496398828025,26.08672250280166,-24.55333475120126,3.21,1.56,3,"81.3",-39,"92.1",2072,"6.9",717081,641598,663993,543760,677649,608369,543257,665750,666969,"53.62",0.05,0.05,"0",1,0,0,2,49,1,"Sinker",3,2,3,2,2,3,3,2,"Standard","Strategic",221,"-0.033","-0.276","73.9","7.1",,0.05,"0.276","88.0",1,1,0.76,0.76,28,22,29,23,3,2,5,1,6,1,"2.14","1.43","1.43","36.3",8.810510868504558,5.192615153112069,29.130688036150932,30.592866225015598,30.622529710343635
"FC","2023-08-07","88.8","-2.56","5.36","Dunning, Dane",691016,641540,"strikeout","called_strike",,,,,7,"Tyler Soderstrom called out on strikes.","R","L","R","ATH","TEX","S",2,,3,2,2023,"-0.11","0.95",-0.5022554569303893,1.6796756121845744,,664913,,0,6,"Bot",,,,,,,5.338066036943529,-129.26729520072308,-5.09803315415003,-2.1872831396151935,22.625010820937128,-20.670174247651445,3.44767409748741,1.51511943873769,,,,"90.4",2265,"6.9",717081,641598,663993,543760,677649,608369,543257,665750,666969,"53.6",,0,"0",1,0,0,,48,6,"Cutter",3,2,3,2,2,3,3,2,"Standard","Standard",209,"-0.041","-0.349",,,,,"0.349",,1,1,0.801,0.801,28,21,29,22,3,2,5,1,6,1,"1.9","0.11","-0.11","37.8",,,,,
"CH","2023-08-07","87","-2.44","5.44","Dunning, Dane",691016,641540,,"ball",,,,,14,,"R","L","R","ATH","TEX","B",,,2,2,2023,"-1.38","0.57",0.524028295201779,1.3952415321007692,,664913,,0,6,"Bot",,,,,,,10.03532772457242,-126.30029072069446,-4.756836121169193,-16.758968678027102,23.552003879424944,-25.33448557408649,3.41580242447182,1.54340399052476,,,,"88.2",1956,"7",717081,641598,663993,543760,677649,608369,543257,665750,666969,"53.54",,,,,,,,48,5,"Changeup",3,2,3,2,2,3,3,2,"Standard","Standard",243,"0.009","0.085",,,,,"-0.085",,1,1,0.792,0.792,28,21,29,22,3,2,5,1,6,1,"2.44","1.38","-1.38","41.1",,,,,
"FF","2023-08-07","90.4","-2.49","5.65","Dunning, Dane",691016,641540,,"ball",,,,,11,,"R","L","R","ATH","TEX","B",,,1,2,2023,"-0.47","1.32",-1.2510929849504193,4.959028285654529,,664913,,0,6,"Bot",,,,,,,4.128958605910467,-131.65691545077075,1.4237563212110125,-6.33796495317812,27.51414846238395,-17.366676860346136,3.47954930118259,1.48342119406456,,,,"91.4",2122,"6.8",717081,641598,663993,543760,677649,608369,543257,665750,666969,"53.71",,,,,,,,48,4,"4-Seam Fastball",3,2,3,2,2,3,3,2,"Standard","Standard",216,"0.005","0.034",,,,,"-0.034",,1,1,0.787,0.787,28,21,29,22,3,2,5,1,6,1,"1.47","0.47","-0.47","41.2",,,,,
"CH","2023-08-07","85.3","-2.52","5.44","Dunning, Dane",691016,641540,,"foul",,,,,13,,"R","L","R","ATH","TEX","S",,,1,1,2023,"-1.36","0.53",-0.5694771657603857,1.3729564044685425,,664913,,0,6,"Bot",,,,,,,7.3873750133451015,-123.96135412650186,-4.2994722345978005,-15.531802441008574,26.64945942683489,-26.028363436479438,3.49,1.58,,,,"85.8",1888,"6.8",717081,641598,663993,543760,677649,608369,543257,665750,666969,"53.66",,,,,,,,48,3,"Changeup",3,2,3,2,2,3,3,2,"Standard","Standard",245,"-0.009","-0.066","65.9","8.5",,,"0.066",,1,1,0.796,0.796,28,21,29,22,3,2,5,1,6,1,"2.63","1.36","-1.36","36.6",23.574882391406454,-15.738488153827687,33.72577978232964,45.893021241581245,37.758274362607494
"SI","2023-08-07","89.6","-2.5","5.51","Dunning, Dane",691016,641540,,"called_strike",,,,,13,,"R","L","R","ATH","TEX","S",,,1,0,2023,"-1.58","0.49",-0.500873281984813,1.3837866510505799,,664913,,0,6,"Bot",,,,,,,8.382441527229226,-130.17117934204848,-5.210946742505944,-19.74596184706606,29.007507796879484,-25.69543817875663,3.44767409748741,1.57753767914112,,,,"90.3",1992,"7",717081,641598,663993,543760,677649,608369,543257,665750,666969,"53.55",,,,,,,,48,2,"Sinker",3,2,3,2,2,3,3,2,"Standard","Standard",226,"-0.004","-0.061",,,,,"0.061",,1,1,0.8,0.8,28,21,29,22,3,2,5,1,6,1,"2.38","1.58","-1.58","37.8",,,,,
"SI","2023-08-07","90.2","-2.6","5.46","Dunning, Dane",691016,641540,,"ball",,,,,13,,"R","L","R","ATH","TEX","B",,,0,0,2023,"-1.47","0.52",-1.871127061426832,1.6560553407101344,,664913,,0,6,"Bot",,,,,,,5.011930035892692,-131.24230713148242,-4.627175996636774,-17.999231968593246,29.930723323106296,-25.305108871101897,3.41580242447182,1.51511943873769,,,,"91",2008,"6.9",717081,641598,663993,543760,677649,608369,543257,665750,666969,"53.57",,,,,,,,48,1,"Sinker",3,2,3,2,2,3,3,2,"Infield shade","Standard",224,"0.002","0.036",,,,,"-0.036",,1,1,0.798,0.798,28,21,29,22,3,2,5,1,6,1,"2.3","1.47","-1.47","35.1",,,,,
"SL","2023-08-07","84","-2.32","5.53","Dunning, Dane",680869,641540,"strikeout","swinging_strike",,,,,14,"Zack Gelof strikes out swinging.","R","R","R","ATH","TEX","S",2,,2,2,2023,"-0.11","0.2",0.8613429245925541,1.5544287427685681,,642137,668709,2,5,"Bot",,,,,,,7.672386650597707,-122.19347283182493,-3.250427245743757,-2.5825836609015593,23.17345204190674,-29.746819133293176,3.34,1.56,,,,"85",2302,"6.8",717081,641598,663993,543760,677649,608369,543257,665750,666969,"53.66",,0,"0",1,0,0,,42,5,"Slider",3,2,3,2,2,3,3,2,"Infield shade","Standard",102,"-0.036","-0.246","66.7","7.8","1.982925864",,"0.246",,1,1,0.696,0.696,28,23,29,24,3,2,5,1,6,1,"3.02","0.11","0.11","39.2",19.991029823177655,-4.13889492812432,34.48380992757663,48.9355833078842,29.6137335971463
"SI","2023-08-07","90.6","-2.5","5.35","Dunning, Dane",680869,641540,,"ball",,,,,13,,"R","R","R","ATH","TEX","B",,,1,2,2023,"-1.41","0.87",-1.5775525757822206,2.108930093638411,,642137,668709,2,5,"Bot",,,,,,,5.379490477841615,-131.90848377849807,-4.1060201909401925,-17.574864469356108,27.053192591525644,-21.28086592344278,3.35206967049928,1.49168398647252,,,,"91.9",2027,"7",717081,641598,663993,543760,677649,608369,543257,665750,666969,"53.55",,,,,,,,42,4,"Sinker",3,2,3,2,2,3,3,2,"Infield shade","Standard",218,"0.007","0.033",,,,,"-0.033",,1,1,0.689,0.689,28,23,29,24,3,2,5,1,6,1,"1.89","1.41","1.41","42.4",,,,,
"SL","2023-08-07","83.3","-2.52","5.45","Dunning, Dane",680869,641540,,"swinging_strike",,,,,5,,"R","R","R","ATH","TEX","S",,,1,1,2023,"0.15","0.19",-0.17281878531627487,2.581587875338675,,642137,668709,2,5,"Bot",,,,,,,5.152455037957587,-121.2796934732631,-0.5696713558416974,0.5414956869314805,21.35831801089993,-30.35795882335465,3.34,1.56,,,,"84.4",2302,"6.8",717081,641598,663993,543760,677649,608369,543257,665750,666969,"53.75",,,,,,,,42,3,"Slider",3,2,3,2,2,3,3,2,"Infield shade","Strategic",74,"-0.011","-0.069","72.2","8.0","1.00971246",,"0.069",,1,1,0.7,0.7,28,23,29,24,3,2,5,1,6,1,"3.06","-0.15","-0.15","37.6",27.49043033881031,-23.65128667055959,32.81090310989977,37.09318487835679,43.09259786887135
"SI","2023-08-07","91.9","-2.44","5.47","Dunning, Dane",680869,641540,,"ball",,,,,13,,"R","R","R","ATH","TEX","B",,,0,1,2023,"-1.46","0.82",-1.2190906055019886,0.9511232411248414,,642137,668709,2,5,"Bot",,,,,,,6.3436109096835125,-133.5752876420911,-7.47272203850083,-18.795753753181064,28.838977075420516,-20.877135618351836,3.51142803559178,1.55510716899914,,,,"93",1953,"7",717081,641598,663993,543760,677649,608369,543257,665750,666969,"53.49",,,,,,,,42,2,"Sinker",3,2,3,2,2,3,3,2,"Standard","Strategic",223,"0.004","0.025",,,,,"-0.025",,1,1,0.696,0.696,28,23,29,24,3,2,5,1,6,1,"1.88","1.46","1.46","40.1",,,,,
"SI","2023-08-07","90.4","-2.4","5.43","Dunning, Dane",680869,641540,,"swinging_strike",,,,,13,,"R","R","R","ATH","TEX","S",,,0,0,2023,"-1.46","0.57",-0.4666228450221557,1.408631280671227,,642137,668709,2,5,"Bot",,,,,,,8.012052997017767,-131.29043934946978,-5.307800418449258,-18.584166454588697,28.775425457013675,-24.640155102958115,3.34,1.56,,,,"91.2",1986,"6.9",717081,641598,663993,543760,677649,608369,543257,665750,666969,"53.56",,,,,,,,42,1,"Sinker",3,2,3,2,2,3,3,2,"Infield shade","Strategic",226,"-0.006","-0.04","72.4","6.6","3.77945628",,"0.04",,1,1,0.702,0.702,28,23,29,24,3,2,5,1,6,1,"2.24","1.46","1.46","37.5",12.462373458950147,10.860522049559282,36.949850348414955,35.492494333503274,24.197054758240313
"CH","2023-08-07","84.8","-2.47","5.46","Dunning, Dane",668709,641540,"single","hit_into_play",,,,,7,"JJ Bleday singles on a ground ball to shortstop Corey Seager. Cody Thomas to 2nd.","R","L","R","ATH","TEX","X",6,"ground_ball",0,0,2023,"-1.31","0.45",-0.7074187889225043,2.1072033800626255,,,642137,2,5,"Bot",105.39,135.71,,,,,6.811067334442767,-123.37770908993335,-2.4256643454237037,-14.693572687784132,23.532511101859416,-27.33712141538821,3.46,1.77,138,"75.5",15,"85.9",1792,"6.9",717081,641598,663993,543760,677649,608369,543257,665750,666969,"53.62",0.711,0.64,"0.9",1,1,0,4,41,1,"Changeup",3,2,3,2,2,3,3,2,"Infield shade","Standard",249,"0.02","0.368","70.9","7.6",,0.758,"-0.368","88.0",1,1,0.682,0.682,28,25,29,26,3,2,5,1,6,1,"2.71","1.31","-1.31","36.9",19.484009309726304,-8.923326156469596,38.358311147244684,48.558269494342724,37.00905069418546
"SI","2023-08-07","91.3","-2.52","5.41","Dunning, Dane",669127,641540,"grounded_into_double_play","hit_into_play",,,,,7,"Shea Langeliers grounds into a double play, second baseman Marcus Semien to shortstop Corey Seager to first baseman Nathaniel Lowe. Jordan Diaz out at 2nd. Shea Langeliers out at 1st.","R","R","R","ATH","TEX","X",4,"ground_ball",0,0,2023,"-1.41","0.35",-0.30682209579254893,1.9939388029718965,,,672478,1,4,"Bot",145.39,147.23,,,,,8.702259873348043,-132.74375998143014,-3.5429917181863706,-18.455487483431206,26.33994815387106,-27.484094504423183,3.25,1.51,4,"101.7",-26,"92.6",2055,"6.9",717081,641598,663993,543760,677649,608369,543257,665750,666969,"53.57",0.14,0.133,"0",1,0,0,2,32,1,"Sinker",3,2,3,2,2,3,3,2,"Standard","Strategic",223,"-0.049","-0.333","67.0","6.0",,0.142,"0.333","101.7",1,1,0.687,0.687,28,25,29,26,2,1,5,1,6,2,"2.37","1.41","1.41","37.0",-11.065834568461106,19.96068031318325,31.346468570415194,36.50555756711475,18.540611154070596
"CH","2023-08-07","86.5","-2.55","5.44","Dunning, Dane",664913,641540,"field_out","hit_into_play",,,,,8,"Seth Brown lines out to first baseman Nathaniel Lowe.","R","L","R","ATH","TEX","X",3,"line_drive",2,1,2023,"-1.56","0.48",0.04409180478983199,2.2256430972534145,,680869,,2,3,"Bot",169.75,154.24,,,,,9.463073264823006,-125.64137592035564,-2.445546090402786,-18.418641490898278,24.790873149977013,-26.73486912934038,3.49,1.67,157,"83.9",13,"87.4",1871,"6.9",717081,641598,663993,543760,677649,608369,543257,665750,666969,"53.62",0.784,0.74,"0",1,0,0,4,23,4,"Changeup",3,0,3,0,0,3,3,0,"Infield shade","Standard",252,"-0.018","-0.29","79.9","7.8",,0.894,"0.29","88.0",3,3,0.832,0.832,28,30,29,31,2,1,5,1,6,1,"2.57","1.56","-1.56","36.0",21.655803523240067,-31.821044584270254,32.85510020101978,34.883533390435424,46.741902026608116
"SI","2023-08-07","92.2","-2.48","5.38","Dunning, Dane",664913,641540,,"called_strike",,,,,8,,"R","L","R","ATH","TEX","S",,,2,0,2023,"-1.51","0.63",0.01739702485440331,2.1377353687249436,,680869,,2,3,"Bot",,,,,,,9.734305876313366,-133.8703793951196,-3.7924550455165598,-20.261667936178323,28.780838359771387,-23.89882236629309,3.54331030077383,1.72864110313766,,,,"93",2077,"6.9",717081,641598,663993,543760,677649,608369,543257,665750,666969,"53.6",,,,,,,,23,3,"Sinker",3,0,3,0,0,3,3,0,"Infield shade","Standard",227,"-0.001","-0.055",,,,,"0.055",,3,3,0.833,0.833,28,30,29,31,2,1,5,1,6,1,"2.06","1.51","-1.51","37.3",,,,,
"FC","2023-08-07","89.8","-2.42","5.43","Dunning, Dane",664913,641540,,"ball",,,,,14,,"R","L","R","ATH","TEX","B",,,1,0,2023,"-0.14","0.93",1.017856415915144,2.3554438975371315,,680869,,2,3,"Bot",,,,,,,8.911112140034135,-130.51506905219273,-3.6677315485807274,-3.2828691114686204,25.14095435603587,-20.938383815173527,3.35206967049928,1.69690926228472,,,,"91.2",2206,"7",717081,641598,663993,543760,677649,608369,543257,665750,666969,"53.48",,,,,,,,23,2,"Cutter",3,0,3,0,0,3,3,0,"Infield shade","Standard",211,"0.001","0.029",,,,,"-0.029",,3,3,0.832,0.832,28,30,29,31,2,1,5,1,6,1,"1.88","0.14","-0.14","42.4",,,,,
"SI","2023-08-07","92","-2.59","5.42","Dunning, Dane",664913,641540,,"ball",,,,,13,,"R","L","R","ATH","TEX","B",,,0,0,2023,"-1.38","0.59",-1.2541349952788103,2.3414164852994475,,680869,,2,3,"Bot",,,,,,,6.445083999551435,-133.87068921048945,-3.316115155894506,-17.969983736542268,27.650700007138393,-24.50938494957535,3.44767409748741,1.76037649513498,,,,"93",2130,"6.8",717081,641598,663993,543760,677649,608369,543257,665750,666969,"53.74",,,,,,,,23,1,"Sinker",3,0,3,0,0,3,3,0,"Infield shade","Standard",220,"0","0.02",,,,,"-0.02",,3,3,0.832,0.832,28,30,29,31,2,1,5,1,6,1,"2.09","1.38","-1.38","38.7",,,,,
"SI","2023-08-07","92.9","-2.56","5.45","Dunning, Dane",680869,641540,"double","hit_into_play",,,,,8,"Zack Gelof doubles (6) on a line drive to right fielder Adolis Garcia. Nick Allen scores. JJ Bleday scores.","R","R","R","ATH","TEX","X",9,"line_drive",2,1,2023,"-1.33","0.64",-0.04624906936683715,2.076347320731614,,669397,668709,2,3,"Bot",210.84,102.99,,,,,9.45422188508233,-135.10397149034426,-4.379708912561594,-18.234857727859957,25.89881539526467,-23.510331670329574,3.34,1.56,293,"96.8",22,"94.4",2103,"6.9",717081,641598,663993,543760,677649,608369,543257,665750,666969,"53.58",0.287,0.361,"1.25",1,1,1,5,22,4,"Sinker",1,0,1,0,0,3,3,0,"Infield shade","Standard",220,"0.166","0.965","71.7","6.6",,0.587,"-0.965","96.8",1,1,0.666,0.666,28,23,29,24,2,1,5,1,6,1,"1.97","1.33","1.33","37.2",8.888754026768641,21.530619801252854,35.98758173180059,39.608169466478984,18.147115175969443
"SI","2023-08-07","92.2","-2.6","5.34","Dunning, Dane",680869,641540,,"ball",,,,,14,,"R","R","R","ATH","TEX","B",,,1,1,2023,"-1.34","0.57",0.7953071689413107,1.2118990590588097,,669397,668709,2,3,"Bot",,,,,,,11.684174849344918,-133.77042651830084,-6.019361977349029,-18.448338292015325,25.63365053083608,-24.17218571702072,3.47954930118259,1.58682506170811,,,,"93.6",2082,"7",717081,641598,663993,543760,677649,608369,543257,665750,666969,"53.46",,,,,,,,22,3,"Sinker",1,0,1,0,0,1,1,0,"Infield shade","Standard",224,"0.005","0.025",,,,,"-0.025",,1,1,0.661,0.661,28,23,29,24,2,1,5,1,6,1,"2.1","1.34","1.34","43.9",,,,,
"SL","2023-08-07","83.4","-2.46","5.49","Dunning, Dane",680869,641540,,"ball",,,,,14,,"R","R","R","ATH","TEX","B",,,0,1,2023,"0.3","-0.03",1.1534992267600799,1.8401755138409488,,669397,668709,2,3,"Bot",,,,,,,7.780285118574041,-121.31755637277338,-1.9083023563323747,1.4892308185664211,23.373498880162614,-32.31852415485976,3.44767409748741,1.58682506170811,,,,"84.2",2255,"6.8",717081,641598,663993,543760,677649,608369,543257,665750,666969,"53.68",,,,,,,,22,2,"Slider",1,0,1,0,0,1,1,0,"Infield shade","Standard",61,"0.004","0.025",,,,,"-0.025",,1,1,0.657,0.657,28,23,29,24,2,1,5,1,6,1,"3.31","-0.3","-0.3","40.0",,,,,
"SI","2023-08-07","91.7","-2.49","5.45","Dunning, Dane",680869,641540,,"called_strike",,,,,8,,"R","R","R","ATH","TEX","S",,,0,0,2023,"-1.41","0.61",0.13314001323352942,1.8072664884137466,,669397,668709,2,3,"Bot",,,,,,,9.773057105318827,-133.20199170796448,-4.738356516712035,-18.760926910180483,26.194368945360505,-24.127849921992695,3.44767409748741,1.58682506170811,,,,"93",2039,"7",717081,641598,663993,543760,677649,608369,543257,665750,666969,"53.52",,,,,,,,22,1,"Sinker",1,0,1,0,0,1,1,0,"Infield shade","Strategic",222,"-0.006","-0.04",,,,,"0.04",,1,1,0.663,0.663,28,23,29,24,2,1,5,1,6,1,"2.1","1.41","1.41","38.0",,,,,
"SI","2023-08-07","91.5","-2.42","5.44","Dunning, Dane",668709,641540,"walk","ball",,,,,14,"JJ Bleday walks.","R","L","R","ATH","TEX","B",,,3,2,2023,"-1.42","0.42",0.8643540930348035,1.4189505668232332,,669397,,2,3,"Bot",,,,,,,11.448428593963436,-132.7047982517259,-5.201744465952472,-19.16671630509863,27.197732214565388,-26.282385856443344,3.54331030077383,1.73350894112295,,,,"92.5",2014,"7",717081,641598,663993,543760,677649,608369,543257,665750,666969,"53.53",,0.695903,"0.7",1,0,0,,21,6,"Sinker",1,0,1,0,0,1,1,0,"Infield shade","Strategic",228,"0.007","0.162",,,,,"-0.162",,1,1,0.656,0.656,28,25,29,26,2,1,5,1,6,1,"2.31","1.42","-1.42","37.6",,,,,
"CH","2023-08-07","85.4","-2.48","5.41","Dunning, Dane",668709,641540,,"foul",,,,,5,,"R","L","R","ATH","TEX","S",,,3,1,2023,"-1.52","0.54",0.0543613806505423,2.6037222104200892,,669397,,2,3,"Bot",,,,,,,9.120108871980436,-124.11531871840761,-1.4123110880519203,-17.49151820183728,23.6319345093863,-26.519402172137468,3.46,1.77,209,"98.2",16,"86.4",1732,"6.9",717081,641598,663993,543760,677649,608369,543257,665750,666969,"53.63",,,,,,,,21,5,"Changeup",1,0,1,0,0,1,1,0,"Infield shade","Standard",248,"-0.002","-0.087","75.6","7.5",,,"0.087","98.2",1,1,0.658,0.658,28,25,29,26,2,1,5,1,6,1,"2.58","1.52","-1.52","37.0",23.887990337421265,-15.7886643975973,33.407580351951545,38.28448648269038,41.13771876518686
"SI","2023-08-07","91.9","-2.43","5.45","Dunning, Dane",668709,641540,,"called_strike",,,,,5,,"R","L","R","ATH","TEX","S",,,3,0,2023,"-1.38","0.27",0.16806634220737338,2.3846923318748647,,669397,,2,3,"Bot",,,,,,,9.676031928561432,-133.56635537142213,-2.5530812535559786,-18.58003276975873,26.325638352096924,-28.615670884744098,3.41580242447182,1.70177461939727,,,,"93.1",2015,"6.9",717081,641598,663993,543760,677649,608369,543257,665750,666969,"53.61",,,,,,,,21,4,"Sinker",1,0,1,0,0,1,1,0,"Infield shade","Standard",221,"-0.002","-0.023",,,,,"0.023",,1,1,0.66,0.66,28,25,29,26,2,1,5,1,6,1,"2.42","1.38","-1.38","38.9",,,,,
"CH","2023-08-07","86.2","-2.56","5.4","Dunning, Dane",668709,641540,,"ball",,,,,13,,"R","L","R","ATH","TEX","B",,,2,0,2023,"-1.4","0.51",-1.2006226399384572,2.5375610684548393,,669397,,2,3,"Bot",,,,,,,6.144633677363436,-125.46195288485096,-1.658353467693936,-16.048200007758133,23.59648948890928,-26.627393381311073,3.51142803559178,1.79698630147277,,,,"87.3",1750,"6.8",717081,641598,663993,543760,677649,608369,543257,665750,666969,"53.71",,,,,,,,21,3,"Changeup",1,0,1,0,0,1,1,0,"Infield shade","Standard",248,"0.003","0.037",,,,,"-0.037",,1,1,0.657,0.657,28,25,29,26,2,1,5,1,6,1,"2.54","1.4","-1.4","35.3",,,,,
"SI","2023-08-07","92.8","-2.61","5.41","Dunning, Dane",668709,641540,,"ball",,,,,13,,"R","L","R","ATH","TEX","B",,,1,0,2023,"-1.52","0.32",-2.1288825906131934,2.332332401206944,,669397,,2,3,"Bot",,,,,,,4.603215385605096,-135.10979784253203,-2.8359189254280652,-19.67386384954045,28.778018261591427,-27.83154041335306,3.51142803559178,1.79698630147277,,,,"93.8",2049,"6.8",717081,641598,663993,543760,677649,608369,543257,665750,666969,"53.72",,,,,,,,21,2,"Sinker",1,0,1,0,0,1,1,0,"Infield shade","Standard",221,"0.001","0.029",,,,,"-0.029",,1,1,0.656,0.656,28,25,29,26,2,1,5,1,6,1,"2.32","1.52","-1.52","37.4",,,,,
"CH","2023-08-07","85.2","-2.64","5.32","Dunning, Dane",668709,641540,,"ball",,,,,13,,"R","L","R","ATH","TEX","B",,,0,0,2023,"-1.52","0.48",-1.194791287892722,2.5913757923028964,,669397,,2,3,"Bot",,,,,,,6.528116427427224,-124.03719577162774,-1.1127407980709927,-16.982288303611178,23.564331742245013,-27.208917796310732,3.44767409748741,1.79698630147277,,,,"86.3",1893,"6.8",717081,641598,663993,543760,677649,608369,543257,665750,666969,"53.67",,,,,,,,21,1,"Changeup",1,0,1,0,0,1,1,0,"Infield shade","Standard",252,"0.001","0.02",,,,,"-0.02",,1,1,0.655,0.655,28,25,29,26,2,1,5,1,6,1,"2.65","1.52","-1.52","34.8",,,,,
"FF","2023-08-07","90.7","-2.34","5.51","Dunning, Dane",642137,641540,"strikeout","swinging_strike",,,,,11,"Cody Thomas strikes out swinging.","R","L","R","ATH","TEX","S",2,,1,2,2023,"-0.41","1.19",-0.9484140401940117,3.6630238450621535,,669397,,1,3,"Bot",,,,,,,4.422912992674549,-132.12232661895678,-1.2907196913524128,-5.754779554634264,26.82124066715664,-18.125692643445742,3.82,1.84,,,,"91.9",2126,"6.8",717081,641598,663993,543760,677649,608369,543257,665750,666969,"53.65",,0,"0",1,0,0,,20,4,"4-Seam Fastball",1,0,1,0,0,1,1,0,"Standard","Standard",210,"-0.022","-0.205","71.5","7.7","2.40021546",,"0.205",,1,1,0.677,0.677,28,28,29,29,2,1,5,2,6,6,"1.56","0.41","-0.41","39.5",11.355226608039386,6.13599454438152,22.63619933491039,50.735368087688144,22.676911127786404
"CH","2023-08-07","86","-2.44","5.47","Dunning, Dane",642137,641540,,"foul",,,,,8,,"R","L","R","ATH","TEX","S",,,1,1,2023,"-1.51","0.28",-0.06201593379679027,2.2350929793293557,,669397,,1,3,"Bot",,,,,,,8.754174621684804,-124.95855532175523,-2.0409926629277284,-17.52418507388235,23.321325509238378,-28.99703832177055,3.82,1.84,2,"63.3",-51,"86.9",1759,"6.8",717081,641598,663993,543760,677649,608369,543257,665750,666969,"53.75",,,,,,,,20,3,"Changeup",1,0,1,0,0,1,1,0,"Standard","Standard",252,"-0.008","-0.078","81.6","8.5",,,"0.078","88.0",1,1,0.685,0.685,28,28,29,29,2,1,5,2,6,6,"2.79","1.51","-1.51","37.1",29.33517633536818,-25.029616991676857,32.51875959036441,40.61171682606937,43.98005077935889
"SI","2023-08-07","92","-2.48","5.4","Dunning, Dane",642137,641540,,"ball",,,,,13,,"R","L","R","ATH","TEX","B",,,0,1,2023,"-1.42","0.49",-0.021747845057363824,1.4506872853283606,,669397,,1,3,"Bot",,,,,,,9.408332950073536,-133.6011545497805,-5.278303256321656,-18.966752061719504,28.083037965796787,-25.37642834682063,3.8623271792748,1.89879098388665,,,,"93",2095,"6.9",717081,641598,663993,543760,677649,608369,543257,665750,666969,"53.58",,,,,,,,20,2,"Sinker",1,0,1,0,0,1,1,0,"Standard","Standard",224,"0.003","0.024",,,,,"-0.024",,1,1,0.682,0.682,28,28,29,29,2,1,5,2,6,6,"2.21","1.42","-1.42","36.4",,,,,
"CH","2023-08-07","84","-2.59","5.38","Dunning, Dane",642137,641540,,"swinging_strike",,,,,13,,"R","L","R","ATH","TEX","S",,,0,0,2023,"-1.43","0.4",-1.112401101913897,2.137015191733511,,669397,,1,3,"Bot",,,,,,,6.322772870728781,-122.18794256897114,-1.9146131274653577,-15.60917538719381,23.311395975853944,-28.04201021033447,3.82,1.84,,,,"84.9",1734,"6.8",717081,641598,663993,543760,677649,608369,543257,665750,666969,"53.7",,,,,,,,20,1,"Changeup",1,0,1,0,0,1,1,0,"Standard","Standard",252,"-0.005","-0.038","74.1","8.6","2.124184416",,"0.038",,1,1,0.687,0.687,28,28,29,29,2,1,5,2,6,6,"2.83","1.43","-1.43","36.5",21.988790169166847,-14.67152591449043,30.673355334383345,52.77461394466201,39.50599862515914
"SL","2023-08-07","82.7","-2.5","5.53","Dunning, Dane",669397,641540,"double","hit_into_play",,,,,2,"Nick Allen doubles (2) on a line drive to left fielder Robbie Grossman. Tony Kemp scores.","R","R","R","ATH","TEX","X",7,"line_drive",1,2,2023,"0.27","-0.02",-0.2390083341166513,2.990011622088274,,,643393,1,3,"Bot",40.84,77.15,,,,,4.657034592526509,-120.45813376181867,0.7005757127327332,1.8409469779524605,21.47288896445416,-32.71046334504422,3.02,1.39,297,"97.4",19,"83.8",2383,"6.8",717081,641598,663993,543760,677649,608369,543257,665750,666969,"53.75",0.347,0.372,"1.25",1,1,1,4,19,4,"Slider",0,0,0,0,0,1,1,0,"Standard","Standard",52,"0.139","0.873","65.0","6.5",,0.578,"-0.873","97.4",0,0,0.548,0.548,28,24,29,25,1,0,5,1,6,1,"3.33","-0.27","-0.27","40.1",12.991294332610863,-9.128065356468113,17.04134536692862,32.28477405156421,37.45326162802945
"SL","2023-08-07","82","-2.37","5.47","Dunning, Dane",669397,641540,,"blocked_ball",,,,,14,,"R","R","R","ATH","TEX","B",,,0,2,2023,"-0.06","0.02",1.1738310638424667,-0.01741060754550272,,,643393,1,3,"Bot",,,,,,,8.191184742581735,-119.08485408690531,-5.88097613030958,-2.2288965885226024,23.58097443089901,-31.033229452244726,3.19279957552087,1.41669315364811,,,,"82.5",2377,"6.8",717081,641598,663993,543760,677649,608369,543257,665750,666969,"53.72",,,,,,,,19,3,"Slider",0,0,0,0,0,0,0,0,"Standard","Standard",31,"0.003","0.023",,,,,"-0.023",,0,0,0.545,0.545,28,24,29,25,1,0,5,1,6,1,"3.4","0.06","0.06","39.4",,,,,
"SL","2023-08-07","82.2","-2.41","5.51","Dunning, Dane",669397,641540,,"swinging_strike",,,,,9,,"R","R","R","ATH","TEX","S",,,0,1,2023,"0.07","-0.03",0.5680837844039479,1.4679262260590633,,,643393,1,3,"Bot",,,,,,,6.6788806204018645,-119.52898109135913,-2.544711564793033,-0.6810946854333367,24.188332865185995,-32.16185427155495,3.02,1.39,,,,"82.7",2404,"6.8",717081,641598,663993,543760,677649,608369,543257,665750,666969,"53.72",,,,,,,,19,2,"Slider",0,0,0,0,0,0,0,0,"Standard","Standard",39,"-0.008","-0.053","69.3","7.4","2.029611456",,"0.053",,0,0,0.553,0.553,28,24,29,25,1,0,5,1,6,1,"3.42","-0.07","-0.07","38.0",14.389789873262782,-18.59171252749017,26.944220971333607,40.9416330680704,48.28702041342289
"SI","2023-08-07","91.6","-2.66","5.38","Dunning, Dane",669397,641540,,"called_strike",,,,,8,,"R","R","R","ATH","TEX","S",,,0,0,2023,"-1.07","1.06",-0.13654918494753443,1.7532774591912035,,,643393,1,3,"Bot",,,,,,,8.76921909006461,-133.11060132127255,-5.647951729266628,-14.57783659984347,27.92755798716532,-18.503086235027652,3.09727989413048,1.35330103640428,,,,"92.6",2007,"6.9",717081,641598,663993,543760,677649,608369,543257,665750,666969,"53.58",,,,,,,,19,1,"Sinker",0,0,0,0,0,0,0,0,"Standard","Standard",220,"-0.005","-0.042",,,,,"0.042",,0,0,0.558,0.558,28,24,29,25,1,0,5,1,6,1,"1.66","1.07","1.07","38.1",,,,,
"SI","2023-08-02","92.2","-2.36","5.38","Dunning, Dane",683734,641540,"field_out","hit_into_play",,,,,7,"Andrew Vaughn grounds out sharply to first baseman Nathaniel Lowe.","R","R","R","TEX","CWS","X",3,"ground_ball",1,0,2023,"-1.23","0.31",-0.30448549134668146,1.894606969570273,673357,650391,643217,2,1,"Top",152.43,171.31,,,,,7.9599033052602,-134.01188169536198,-3.718834984558242,-16.537652203278096,29.83541559991209,-27.758553993675392,3.09,1.45,5,"106.5",-20,"92.7",2126,"6.7",717152,669087,663993,543760,673962,608369,608671,665750,666969,"53.78",0.18,0.162,"0",1,0,0,2,6,2,"Sinker",0,0,0,0,0,0,0,0,"Standard","Standard",222,"0.082","-0.302",,,,0.18,"0.302","106.5",0,0,0.466,0.534,28,25,29,25,1,0,5,1,5,1,"2.38","1.23","1.23","36.6",,,,,
"SL","2023-08-02","83.9","-2.27","5.4","Dunning, Dane",683734,641540,,"blocked_ball",,,,,14,,"R","R","R","TEX","CWS","B",,,0,0,2023,"0.23","0.02",0.4774639281172245,0.29494424870232505,673357,650391,643217,2,1,"Top",,,,,,,5.940815069079367,-122.02866503073055,-5.445968424974311,1.0286367334442292,25.28983582367756,-31.08891903005077,3.23030603080232,1.45000132218935,,,,"84.4",2347,"6.7",717152,669087,663993,543760,673962,608369,608671,665750,666969,"53.77",,,,,,,,6,1,"Slider",0,0,0,0,0,0,0,0,"Standard","Standard",10,"-0.009","0.035",,,,,"-0.035",,0,0,0.475,0.525,28,25,29,25,1,0,5,1,5,1,"3.24","-0.23","-0.23","39.0",,,,,
"SL","2023-08-02","84.6","-2.37","5.35","Dunning, Dane",643217,641540,"walk","blocked_ball",,,,,14,"Andrew Benintendi walks. Eloy Jimenez to 2nd.","R","L","R","TEX","CWS","B",,,3,2,2023,"0.27","0.07",1.679915414285469,-0.12361002942476507,673357,,650391,2,1,"Top",,,,,,,8.962212198313043,-122.71964716131089,-6.529570827998716,0.8634806646941857,25.65377437711943,-30.24665883788627,3.13397012895958,1.45000240822843,,,,"84.9",2422,"6.8",717152,669087,663993,543760,673962,608369,608671,665750,666969,"53.7",,0.695903,"0.7",1,0,0,,5,7,"Slider",0,0,0,0,0,0,0,0,"Infield shade","Standard",348,"-0.021","0.153",,,,,"-0.153",,0,0,0.496,0.504,28,28,29,29,1,0,5,1,5,1,"3.15","-0.27","0.27","39.2",,,,,
"SI","2023-08-02","91.8","-2.38","5.29","Dunning, Dane",643217,641540,,"foul",,,,,1,,"R","L","R","TEX","CWS","S",,,3,2,2023,"-1.19","0.84",-0.7561795829901796,2.6824510770982473,673357,,650391,2,1,"Top",,,,,,,6.748908651088515,-133.52484322507158,-2.5572403294250616,-15.657827444697118,29.940508626290256,-21.786062953836364,3.17,1.45,235,"73.2",35,"92.4",2038,"6.8",717152,669087,663993,543760,673962,608369,608671,665750,666969,"53.74",,,,,,,,5,6,"Sinker",0,0,0,0,0,0,0,0,"Infield shade","Standard",226,"0","0","65.2","6.0",,,"0","88.0",0,0,0.496,0.504,28,28,29,29,1,0,5,1,5,1,"1.88","1.19","-1.19","33.3",-0.2983965891744103,19.76956018420962,32.90354270578908,42.83581183122175,21.578494021050943
"FC","2023-08-02","91.8","-2.28","5.42","Dunning, Dane",643217,641540,,"foul",,,,,6,,"R","L","R","TEX","CWS","S",,,3,1,2023,"0.09","0.6",0.725661125639203,2.181678368145835,673357,,650391,2,1,"Top",,,,,,,7.458491795716304,-133.47575414820716,-3.634413430621283,-0.5747620646792895,29.38219181133346,-24.436695223897555,3.17,1.45,86,"76.1",12,"92.1",2170,"6.6",717152,669087,663993,543760,673962,608369,608671,665750,666969,"53.92",,,,,,,,5,5,"Cutter",0,0,0,0,0,0,0,0,"Infield shade","Standard",209,"0.006","-0.063","68.6","6.9",,,"0.063","88.0",0,0,0.49,0.51,28,28,29,29,1,0,5,1,5,1,"2.12","-0.09","0.09","40.9",13.55507577655893,-1.2590648729617981,42.962077314231514,25.55598467153127,36.28120339528855
"CH","2023-08-02","87.3","-2.26","5.47","Dunning, Dane",643217,641540,,"blocked_ball",,,,,14,,"R","L","R","TEX","CWS","B",,,2,1,2023,"-1.25","0.37",0.043425875869719244,0.6349019453460554,673357,,650391,2,1,"Top",,,,,,,8.139434572251599,-126.77833169642592,-6.246944868791712,-15.133001330344426,26.400761039947266,-27.005205360686475,3.22274497997002,1.44999709299384,,,,"87.6",1835,"6.6",717152,669087,663993,543760,673962,608369,608671,665750,666969,"53.88",,,,,,,,5,4,"Changeup",0,0,0,0,0,0,0,0,"Infield shade","Standard",246,"-0.007","0.062",,,,,"-0.062",,0,0,0.497,0.503,28,28,29,29,1,0,5,1,5,1,"2.63","1.25","-1.25","37.6",,,,,
"FC","2023-08-02","90","-2.39","5.52","Dunning, Dane",643217,641540,,"ball",,,,,12,,"R","L","R","TEX","CWS","B",,,1,1,2023,"0.2","0.77",0.5082753986430919,4.005635968600236,673357,,650391,2,1,"Top",,,,,,,6.790272928860234,-130.99926489513246,0.5409127430982273,1.0071213975589641,24.928107545404206,-23.59449762078601,3.17881269052407,1.4499971428997,,,,"90.7",2225,"6.5",717152,669087,663993,543760,673962,608369,608671,665750,666969,"54.03",,,,,,,,5,3,"Cutter",0,0,0,0,0,0,0,0,"Infield shade","Standard",192,"-0.005","0.031",,,,,"-0.031",,0,0,0.502,0.498,28,28,29,29,1,0,5,1,5,1,"2.02","-0.2","0.2","38.5",,,,,
"FC","2023-08-02","90.9","-2.33","5.53","Dunning, Dane",643217,641540,,"ball",,,,,11,,"R","L","R","TEX","CWS","B",,,0,1,2023,"0.12","0.7",-0.6947169124016846,4.199829542010697,673357,,650391,2,1,"Top",,,,,,,3.857528714768131,-132.43950753961195,1.03350919510229,0.7101825164033682,26.093378638559837,-24.338540699698633,3.22295782842946,1.44999716664977,,,,"91.7",2187,"6.5",717152,669087,663993,543760,673962,608369,608671,665750,666969,"53.97",,,,,,,,5,2,"Cutter",0,0,0,0,0,0,0,0,"Infield shade","Standard",197,"-0.005","0.039",,,,,"-0.039",,0,0,0.507,0.493,28,28,29,29,1,0,5,1,5,1,"2.04","-0.12","0.12","39.9",,,,,
"SI","2023-08-02","92.3","-2.38","5.42","Dunning, Dane",643217,641540,,"called_strike",,,,,1,,"R","L","R","TEX","CWS","S",,,0,0,2023,"-1.24","0.65",-0.7074774118923943,2.9101220629958497,673357,,650391,2,1,"Top",,,,,,,6.967989843015411,-134.26259501044154,-2.000084381074209,-16.5227463572912,28.62203796670254,-24.077019919451494,3.3133134858418,1.44999953992573,,,,"92.6",1945,"6.5",717152,669087,663993,543760,673962,608369,608671,665750,666969,"54.04",,,,,,,,5,1,"Sinker",0,0,0,0,0,0,0,0,"Infield shade","Standard",219,"0.007","-0.052",,,,,"0.052",,0,0,0.5,0.5,28,28,29,29,1,0,5,1,5,1,"2.02","1.24","-1.24","38.2",,,,,
"SL","2023-08-02","84","-2.42","5.45","Dunning, Dane",650391,641540,"single","hit_into_play",,,,,8,"Eloy Jimenez singles on a sharp ground ball to left fielder Travis Jankowski. Luis Robert Jr. to 3rd.","R","R","R","TEX","CWS","X",7,"ground_ball",0,1,2023,"0.18","0.02",-0.18111979433633718,1.8667872635977534,,,673357,2,1,"Top",85.81,107.71,,,,,4.833415390825885,-122.27962706117718,-1.8981133932823213,0.7934433955571671,26.515155876973925,-31.7799314108219,3.45,1.64,86,"103.3",3,"84.1",2357,"6.6",717152,669087,663993,543760,673962,608369,608671,665750,666969,"53.92",0.589,0.568,"0.9",1,1,0,4,4,2,"Slider",0,0,0,0,0,0,0,0,"Infield shade","Standard",99,"-0.029","0.413","75.6","7.4",,0.694,"-0.413","103.3",0,0,0.529,0.471,28,26,29,27,1,0,5,1,5,1,"3.23","-0.18","-0.18","35.6",0.2970135295957647,-10.443177330280152,22.707630787998415,38.49720532992478,35.82653484968353
"SL","2023-08-02","82.7","-2.43","5.52","Dunning, Dane",650391,641540,,"foul",,,,,1,,"R","R","R","TEX","CWS","S",,,0,0,2023,"0.1","-0.01",-0.5937414308838511,3.1602615512228667,,,673357,2,1,"Top",,,,,,,4.006747177076755,-120.30998527261919,1.212244328143878,0.09485106146385515,25.250794891508747,-32.78720297080563,3.45,1.64,160,"63",52,"82.8",2317,"6.5",717152,669087,663993,543760,673962,608369,608671,665750,666969,"53.95",,,,,,,,4,1,"Slider",0,0,0,0,0,0,0,0,"Infield shade","Standard",67,"0.003","-0.045","78.3","7.1",,,"0.045","88.0",0,0,0.526,0.474,28,26,29,27,1,0,5,1,5,1,"3.37","-0.1","-0.1","41.9",8.565411803693854,-10.461130344574133,16.826834865230104,33.07084049566729,33.612339420683504
"SI","2023-07-28","90.2","-2.31","5.34","Dunning, Dane",593428,641540,"field_out","hit_into_play",,,,,6,"Xander Bogaerts grounds out, second baseman Marcus Semien to first baseman Nathaniel Lowe.","R","R","R","SD","TEX","X",4,"ground_ball",3,2,2023,"-1.47","0.53",0.7540440116454321,2.67331962992001,,,665742,2,5,"Bot",149.79,149.15,,,,,10.84206222601803,-130.9138805219452,-1.74645383817859,-19.25075462725378,29.375533379868873,-25.89850954596225,3.61,1.64,35,"103.9",-3,"90.8",1958,"6.9",717224,641598,663993,543760,673962,677649,608671,665750,666969,"53.57",0.479,0.431,"0",1,0,0,2,42,6,"Sinker",3,0,3,0,0,3,3,0,"Standard","Strategic",221,"-0.011","-0.305",,,,0.539,"0.305","103.9",3,3,0.874,0.874,28,30,29,31,3,2,6,2,5,1,"2.3","1.47","1.47","41.1",,,,,
"FC","2023-07-28","89","-2.35","5.4","Dunning, Dane",593428,641540,,"foul",,,,,3,,"R","R","R","SD","TEX","S",,,3,1,2023,"0.05","0.82",0.3122501488562902,3.474199210076062,,,665742,2,5,"Bot",,,,,,,6.488592856158082,-129.53117085913118,-0.43611495286157487,-0.7304620001139958,26.26024836436995,-23.036286981345118,3.61000024392334,1.6400006862037,305,"88.6",31,"90",2136,"6.8",717224,641598,663993,543760,673962,677649,608671,665750,666969,"53.68",,,,,,,,42,5,"Cutter",3,0,3,0,0,3,3,0,"Standard","Strategic",213,"-0.002","-0.094","63.9","5.5",,,"0.094","88.6",3,3,0.876,0.876,28,30,29,31,3,2,6,2,5,1,"2.05","-0.05","-0.05",,-11.07199669968823,29.537223176740063,24.903924406465283,41.32168172780403,16.551282576893804
"CH","2023-07-28","84.2","-2.35","5.37","Dunning, Dane",593428,641540,,"ball",,,,,13,,"R","R","R","SD","TEX","B",,,2,1,2023,"-1.45","0.43",-0.14727661361884792,1.2249026953596163,,,665742,2,5,"Bot",,,,,,,8.054741334793604,-122.32897737420502,-4.076804854360965,-16.138033347024358,24.45167655339926,-27.262524668294187,3.67261286556964,1.7425479181733,,,,"84.8",1798,"6.8",717224,641598,663993,543760,673962,677649,608671,665750,666969,"53.73",,,,,,,,42,4,"Changeup",3,0,3,0,0,3,3,0,"Standard","Strategic",248,"0.002","0.097",,,,,"-0.097",,3,3,0.874,0.874,28,30,29,31,3,2,6,2,5,1,"2.8","1.45","1.45",,,,,,
"SI","2023-07-28","90.3","-2.31","5.37","Dunning, Dane",593428,641540,,"called_strike",,,,,6,,"R","R","R","SD","TEX","S",,,2,0,2023,"-1","0.82",0.28149858890292445,2.97952517681514,,,665742,2,5,"Bot",,,,,,,8.634588871653095,-131.11611446405615,-1.692985415176448,-13.435826817491694,29.893020791847945,-22.620209251992115,3.69542480423328,1.71962069746724,,,,"90.6",2021,"6.7",717224,641598,663993,543760,673962,677649,608671,665750,666969,"53.75",,,,,,,,42,3,"Sinker",3,0,3,0,0,3,3,0,"Standard","Strategic",222,"-0.001","-0.051",,,,,"0.051",,3,3,0.875,0.875,28,30,29,31,3,2,6,2,5,1,"2.01","1","1",,,,,,
"FC","2023-07-28","88.2","-2.33","5.45","Dunning, Dane",593428,641540,,"ball",,,,,14,,"R","R","R","SD","TEX","B",,,1,0,2023,"0.06","0.95",2.0370350412514693,1.5601067803739896,,,665742,2,5,"Bot",,,,,,,10.542801345720157,-128.04997659658576,-5.379681576275408,-1.4168843178865511,25.597358298648842,-20.702606677029245,3.74104410581767,1.7654734362405,,,,"88.8",2105,"6.7",717224,641598,663993,543760,673962,677649,608671,665750,666969,"53.79",,,,,,,,42,2,"Cutter",3,0,3,0,0,3,3,0,"Standard","Strategic",215,"0.001","0.037",,,,,"-0.037",,3,3,0.874,0.874,28,30,29,31,3,2,6,2,5,1,"1.98","-0.06","-0.06",,,,,,
"SI","2023-07-28","90","-2.23","5.38","Dunning, Dane",593428,641540,,"ball",,,,,12,,"R","R","R","SD","TEX","B",,,0,0,2023,"-0.79","1.09",1.2565271191014236,3.5545080398247397,,,665742,2,5,"Bot",,,,,,,10.408792354593476,-130.62421583149046,-0.781967445849313,-11.382508436786768,30.161725876151678,-19.85792675481275,3.74104410581767,1.7654734362405,,,,"90.3",1984,"6.8",717224,641598,663993,543760,673962,677649,608671,665750,666969,"53.65",,,,,,,,42,1,"Sinker",3,0,3,0,0,3,3,0,"Standard","Strategic",220,"0.001","0.03",,,,,"-0.03",,3,3,0.873,0.873,28,30,29,31,3,2,6,2,5,1,"1.76","0.79","0.79",,,,,,
"SL","2023-07-28","81.4","-2.22","5.47","Dunning, Dane",592518,641540,"strikeout","swinging_strike_blocked",,,,,14,"Manny Machado strikes out swinging.","R","R","R","SD","TEX","S",2,,0,2,2023,"0.23","-0.26",0.9573585401171169,0.5373687514383922,,,665742,1,5,"Bot",,,,,,,6.742003048033668,-118.37286791552685,-3.982716274949439,0.8876615561244451,22.919356977479946,-34.06412048343162,3.73,1.72,,,,"82",2441,"6.8",717224,641598,663993,543760,673962,677649,608671,665750,666969,"53.71",,0,"0",1,0,0,,41,3,"Slider",3,0,3,0,0,3,3,0,"Standard","Standard",62,"-0.007","-0.16","72.9","9.1","12.169214748",,"0.16",,3,3,0.88,0.88,28,30,29,31,3,2,6,2,5,1,"3.71","-0.23","-0.23",,23.305424656119964,-33.642375670933546,31.005501801444968,50.90004094584898,56.254772913817774
"SL","2023-07-28","82","-2.4","5.44","Dunning, Dane",592518,641540,,"swinging_strike",,,,,14,,"R","R","R","SD","TEX","S",,,0,1,2023,"0.26","-0.22",0.5611724919464461,1.0284045094096035,,,665742,1,5,"Bot",,,,,,,6.232242577731188,-119.25775272944584,-2.970650821734618,1.1483059976433778,24.519081835022362,-33.83683568909385,3.73,1.72,,,,"82.2",2412,"6.6",717224,641598,663993,543760,673962,677649,608671,665750,666969,"53.92",,,,,,,,41,2,"Slider",3,0,3,0,0,3,3,0,"Standard","Standard",60,"-0.003","-0.053","64.8","9.0","3.368604156",,"0.053",,3,3,0.883,0.883,28,30,29,31,3,2,6,2,5,1,"3.63","-0.26","-0.26",,17.98366328271283,-27.632584171998445,29.85741938624296,49.087379988905965,45.833335429237934
"SL","2023-07-28","80.8","-2.35","5.5","Dunning, Dane",592518,641540,,"foul",,,,,8,,"R","R","R","SD","TEX","S",,,0,0,2023,"0.34","-0.07",0.1745007213678199,1.7640124971878302,,,665742,1,5,"Bot",,,,,,,5.017989789756489,-117.6119019728207,-1.5311731364349164,2.2269036929798403,22.601199616051197,-32.74322203309297,3.73,1.72,2,"47.5",-48,"81.5",2248,"6.8",717224,641598,663993,543760,673962,677649,608671,665750,666969,"53.7",,,,,,,,41,1,"Slider",3,0,3,0,0,3,3,0,"Standard","Standard",57,"-0.002","-0.042","75.0","9.1",,,"0.042","88.0",3,3,0.885,0.885,28,30,29,31,3,2,6,2,5,1,"3.56","-0.34","-0.34",,18.323418133653043,-32.920195405351535,25.553936590856793,42.87250744177795,46.7463447822241
"CH","2023-07-28","86.4","-2.28","5.42","Dunning, Dane",663757,641540,"field_out","hit_into_play",,,,,9,"Trent Grisham grounds out to first baseman Nathaniel Lowe.","R","L","R","SD","TEX","X",3,"ground_ball",3,2,2023,"-1.4","0.49",0.6224239195704788,1.6501092606469432,630105,,,2,4,"Bot",159.2,169.12,,,,,9.850121738282981,-125.39859272036867,-3.7453365564903414,-16.727252201355473,25.376745127080294,-26.439770891256185,3.53,1.69,25,"76.3",-2,"87.1",1719,"6.9",717224,641598,663993,543760,673962,677649,608671,665750,666969,"53.62",0.078,0.096,"0",1,0,0,2,34,6,"Changeup",2,0,2,0,0,2,2,0,"Infield shade","Standard",250,"-0.029","-0.314","72.0","8.0",,0.08,"0.314","88.0",2,2,0.78,0.78,28,26,29,27,2,1,6,2,5,1,"2.58","1.4","-1.4",,25.501120043657664,-28.170068165132548,40.3304557412713,31.1138622809531,42.72028396552714
"SI","2023-07-28","91.6","-2.2","5.42","Dunning, Dane",663757,641540,,"ball",,,,,3,,"R","L","R","SD","TEX","B",,,2,2,2023,"-1.15","0.7",0.7987523153830178,3.0572853448397312,630105,,,2,4,"Bot",,,,,,,10.159911192179708,-132.95595041126217,-1.5786997987546272,-15.905005188994187,29.513549402679125,-23.737313354343197,3.60441918518977,1.66857969870417,,,,"92.3",2138,"6.9",717224,641598,663993,543760,673962,677649,608671,665750,666969,"53.58",,,,,,,,34,5,"Sinker",2,0,2,0,0,2,2,0,"Infield shade","Standard",217,"0.005","0.053",,,,,"-0.053",,2,2,0.775,0.775,28,26,29,27,2,1,6,2,5,1,"2.04","1.15","-1.15",,,,,,
"FF","2023-07-28","90.4","-2.29","5.55","Dunning, Dane",663757,641540,,"ball",,,,,11,,"R","L","R","SD","TEX","B",,,1,2,2023,"-0.55","1.11",-0.47577525613679195,3.9136418127003063,630105,,,2,4,"Bot",,,,,,,5.754201939357056,-131.5166822926689,-0.47627118761150405,-7.668247260803809,28.254248689060802,-19.44137710819551,3.46723550320102,1.69075564608329,,,,"91.2",2087,"6.8",717224,641598,663993,543760,673962,677649,608671,665750,666969,"53.68",,,,,,,,34,4,"4-Seam Fastball",2,0,2,0,0,2,2,0,"Standard","Standard",221,"0.004","0.036",,,,,"-0.036",,2,2,0.771,0.771,28,26,29,27,2,1,6,2,5,1,"1.69","0.55","-0.55",,,,,,
"SL","2023-07-28","83.6","-2.11","5.55","Dunning, Dane",663757,641540,,"blocked_ball",,,,,14,,"R","L","R","SD","TEX","B",,,0,2,2023,"0.21","0.1",0.9191233886772362,0.4575449862708356,630105,,,2,4,"Bot",,,,,,,6.605424178442489,-121.44370972981757,-5.449760243307745,0.6255829321369176,25.732156586670964,-30.281892390364597,3.49006150496214,1.69075564608329,,,,"83.7",2356,"6.6",717224,641598,663993,543760,673962,677649,608671,665750,666969,"53.89",,,,,,,,34,3,"Slider",2,0,2,0,0,2,2,0,"Infield shade","Standard",44,"0.003","0.018",,,,,"-0.018",,2,2,0.768,0.768,28,26,29,27,2,1,6,2,5,1,"3.2","-0.21","0.21",,,,,,
"SI","2023-07-28","91.5","-2.22","5.42","Dunning, Dane",663757,641540,,"called_strike",,,,,9,,"R","L","R","SD","TEX","S",,,0,1,2023,"-1.48","0.44",0.3965461672709918,2.303934572259209,630105,,,2,4,"Bot",,,,,,,9.870034776838306,-132.86062345663416,-2.94789308858324,-19.589682266337554,28.063661694562107,-26.546304703044896,3.53570874883365,1.7654734362405,,,,"92.3",2076,"6.8",717224,641598,663993,543760,673962,677649,608671,665750,666969,"53.65",,,,,,,,34,2,"Sinker",2,0,2,0,0,2,2,0,"Infield shade","Standard",222,"-0.007","-0.051",,,,,"0.051",,2,2,0.775,0.775,28,26,29,27,2,1,6,2,5,1,"2.29","1.48","-1.48",,,,,,
"SI","2023-07-28","90","-2.28","5.33","Dunning, Dane",663757,641540,,"called_strike",,,,,6,,"R","L","R","SD","TEX","S",,,0,0,2023,"-1.38","0.41",0.6261419716930829,2.353946501784237,630105,,,2,4,"Bot",,,,,,,10.25159665588182,-130.73859915787344,-2.2746113122636378,-17.988746643564866,27.38188228840088,-27.239707158114697,3.49006150496214,1.71962069746724,,,,"91",2024,"7",717224,641598,663993,543760,673962,677649,608671,665750,666969,"53.53",,,,,,,,34,1,"Sinker",2,0,2,0,0,2,2,0,"Infield shade","Standard",224,"-0.004","-0.036",,,,,"0.036",,2,2,0.779,0.779,28,26,29,27,2,1,6,2,5,1,"2.42","1.38","-1.38",,,,,,
"SL","2023-07-28","81.4","-2.32","5.5","Dunning, Dane",596142,641540,"field_out","hit_into_play",,,,,14,"Gary Sanchez grounds out, second baseman Marcus Semien to first baseman Nathaniel Lowe. Jake Cronenworth to 3rd.","R","R","R","SD","TEX","X",4,"ground_ball",0,1,2023,"0.24","-0.24",0.746667429763646,1.3309635901555743,,630105,,1,4,"Bot",123.44,157.76,,,,,6.486008214010121,-118.37465711764561,-2.2295611535182958,0.8228918186648433,25.02134097272256,-34.179443025645305,3.26,1.57,11,"67.9",-6,"81.7",2250,"6.7",717224,641598,663993,543760,673962,677649,608671,665750,666969,"53.76",0.055,0.052,"0",1,0,0,2,33,2,"Slider",2,0,2,0,0,2,2,0,"Infield shade","Strategic",55,"-0.017","-0.237","41.7","7.0",,0.094,"0.237","88.0",2,2,0.796,0.796,28,30,29,31,2,1,6,2,5,1,"3.72","-0.24","-0.24",,8.232461328276555,6.43580459387954,27.67754880511102,44.62276116266726,32.42150976888672
"SL","2023-07-28","80.5","-2.37","5.52","Dunning, Dane",596142,641540,,"called_strike",,,,,4,,"R","R","R","SD","TEX","S",,,0,0,2023,"0.4","-0.15",-0.5785285970275237,2.6457595954334483,,630105,,1,4,"Bot",,,,,,,3.229422542384347,-117.23726500777552,0.608392284861454,3.070576082227114,23.08449847865905,-33.91717178208668,3.2388868632634,1.65082884069052,,,,"80.9",2200,"6.6",717224,641598,663993,543760,673962,677649,608671,665750,666969,"53.92",,,,,,,,33,1,"Slider",2,0,2,0,0,2,2,0,"Standard","Strategic",85,"-0.004","-0.038",,,,,"0.038",,2,2,0.8,0.8,28,30,29,31,2,1,6,2,5,1,"3.68","-0.4","-0.4",,,,,,
"SL","2023-07-28","81.9","-2.23","5.52","Dunning, Dane",669134,641540,"field_out","hit_into_play",,,,,9,"Luis Campusano pops out to shortstop Ezequiel Duran.","R","R","R","SD","TEX","X",6,"popup",0,1,2023,"0.23","-0.1",0.5608110055029297,1.507010561095929,,630105,,0,4,"Bot",104.76,121.1,,,,,5.899395402926147,-119.03815531577938,-2.235695133762513,0.9285152029943291,24.935197982606027,-32.895325272377804,3.4,1.59,204,"73.9",49,"82.1",2224,"6.7",717224,641598,663993,543760,673962,677649,608671,665750,666969,"53.84",0.108,0.106,"0",1,0,0,3,32,2,"Slider",2,0,2,0,0,2,2,0,"Infield shade","Standard",48,"-0.024","-0.221","71.5","8.4",,0.137,"0.221","88.0",2,2,0.824,0.824,28,24,29,25,2,1,6,2,5,1,"3.53","-0.23","-0.23",,8.411206709605157,-11.79050692706481,27.745143201629002,42.63620120830018,37.91280986574752
"SL","2023-07-28","82","-2.25","5.53","Dunning, Dane",669134,641540,,"foul",,,,,5,,"R","R","R","SD","TEX","S",,,0,0,2023,"0.21","0.07",-0.10482988267368576,2.621069506524342,,630105,,0,4,"Bot",,,,,,,4.479548480645199,-119.3601097470898,-0.1703138592803095,1.2002531835693382,22.407975222195674,-31.64885247702992,3.4,1.59,,,,"82.7",2288,"6.7",717224,641598,663993,543760,673962,677649,608671,665750,666969,"53.81",,,,,,,,32,1,"Slider",2,0,2,0,0,2,2,0,"Infield shade","Standard",69,"-0.004","-0.046","73.5","7.6",,,"0.046",,2,2,0.828,0.828,28,24,29,25,2,1,6,2,5,1,"3.31","-0.21","-0.21",,9.198896360648302,2.348993307605437,23.956025572799373,37.17078286703208,27.925981071594805
"SL","2023-07-28","82.9","-2.19","5.45","Dunning, Dane",593428,641540,"strikeout","swinging_strike",,,,,14,"Xander Bogaerts strikes out swinging.","R","R","R","SD","TEX","S",2,,2,2,2023,"0.13","0.04",0.9149857562433816,1.2572777551028858,,673490,665742,2,3,"Bot",,,,,,,6.878361876990285,-120.54530471363637,-3.1589377036765307,-0.12645539571650743,24.405576626032627,-31.341710285994385,3.61,1.64,,,,"83.1",2358,"6.6",717224,641598,663993,543760,673962,677649,608671,665750,666969,"53.94",,0,"0",1,0,0,,25,5,"Slider",2,0,2,0,0,2,2,0,"Standard","Strategic",59,"-0.026","-0.246","65.9","8.1","4.503404712",,"0.246",,2,2,0.755,0.755,28,30,29,31,2,1,6,2,5,1,"3.29","-0.13","-0.13","39.4",21.15227318014313,-27.864706023505,32.22048880236758,46.68931600130619,48.74619512037134
"SI","2023-07-28","91.3","-2.23","5.35","Dunning, Dane",593428,641540,,"called_strike",,,,,8,,"R","R","R","SD","TEX","S",,,2,1,2023,"-1.05","0.49",0.1011237287612261,1.8584730774691396,,673490,665742,2,3,"Bot",,,,,,,8.235524943500744,-132.67111871937095,-3.961917149181833,-14.255184442278889,30.263897696475244,-25.66104639612841,3.78665735731644,1.83423975582506,,,,"92",2119,"6.9",717224,641598,663993,543760,673962,677649,608671,665750,666969,"53.57",,,,,,,,25,4,"Sinker",2,0,2,0,0,2,2,0,"Standard","Strategic",221,"-0.007","-0.06",,,,,"0.06",,2,2,0.762,0.762,28,30,29,31,2,1,6,2,5,1,"2.26","1.05","1.05","44.4",,,,,
"FC","2023-07-28","90.1","-2.32","5.43","Dunning, Dane",593428,641540,,"ball",,,,,2,,"R","R","R","SD","TEX","B",,,1,1,2023,"0.05","0.85",0.02716844890676335,3.744730017822098,,673490,665742,2,3,"Bot",,,,,,,5.788947829379438,-131.16827632530337,-0.040891376848233074,-0.6219792759187623,27.407912743274142,-22.512060631913993,3.7641994401349,1.74350421258079,,,,"91",2207,"6.8",717224,641598,663993,543760,673962,677649,608671,665750,666969,"53.71",,,,,,,,25,3,"Cutter",2,0,2,0,0,2,2,0,"Standard","Strategic",197,"0.004","0.025",,,,,"-0.025",,2,2,0.758,0.758,28,30,29,31,2,1,6,2,5,1,"1.95","-0.05","-0.05","40.2",,,,,
"SI","2023-07-28","91.6","-2.2","5.36","Dunning, Dane",593428,641540,,"ball",,,,,9,,"R","R","R","SD","TEX","B",,,0,1,2023,"-1.18","0.43",0.7598305043828102,2.067320803602307,,673490,665742,2,3,"Bot",,,,,,,10.113621630238987,-133.04975084065373,-3.364256350802732,-16.175247692276606,29.642006592947435,-26.553092738324793,3.71840436624921,1.69740693116919,,,,"92.3",2137,"6.9",717224,641598,663993,543760,673962,677649,608671,665750,666969,"53.63",,,,,,,,25,2,"Sinker",2,0,2,0,0,2,2,0,"Standard","Strategic",225,"0.003","0.025",,,,,"-0.025",,2,2,0.755,0.755,28,30,29,31,2,1,6,2,5,1,"2.31","1.18","1.18","39.7",,,,,
"SL","2023-07-28","82.7","-2.36","5.38","Dunning, Dane",593428,641540,,"called_strike",,,,,8,,"R","R","R","SD","TEX","S",,,0,0,2023,"0.16","0.17",0.042705458632747904,2.043002598800208,,673490,665742,2,3,"Bot",,,,,,,5.224284196269459,-120.39454694640467,-1.481702006655781,0.5480703306770581,22.706329782745357,-30.41468833682068,3.71823521514266,1.78839724972994,,,,"83.5",2376,"6.8",717224,641598,663993,543760,673962,677649,608671,665750,666969,"53.75",,,,,,,,25,1,"Slider",2,0,2,0,0,2,2,0,"Standard","Strategic",75,"-0.005","-0.04",,,,,"0.04",,2,2,0.76,0.76,28,30,29,31,2,1,6,2,5,1,"3.15","-0.16","-0.16","37.5",,,,,
"SI","2023-07-28","91.1","-2.16","5.46","Dunning, Dane",592518,641540,"sac_fly","hit_into_play",,,,,2,"Manny Machado out on a sacrifice fly to center fielder Leody Taveras. Trent Grisham scores.","R","R","R","SD","TEX","X",8,"fly_ball",2,1,2023,"-1.08","0.4",-0.18241493996804747,3.2023255726402042,663757,673490,665742,1,3,"Bot",143.11,72.37,,,,,7.334124893431579,-132.49113246709868,-0.5712868147479132,-14.323019795042827,30.34138565572228,-27.60547623920497,3.73,1.72,317,"89.6",30,"91.3",2098,"6.6",717224,641598,663993,543760,673962,677649,608671,665750,666969,"53.88",,0.107,"0",1,0,0,3,24,4,"Sinker",1,0,1,0,0,2,2,0,"Standard","Standard",218,"-0.003","-0.159","79.6","7.5",,,"0.159","89.6",1,1,0.763,0.763,28,30,29,31,2,1,6,2,5,1,"2.37","1.08","1.08","40.5",6.987752978310375,6.808374852749563,16.0641257421948,40.90618131374049,30.925789812500945
"SL","2023-07-28","83.7","-2.19","5.39","Dunning, Dane",592518,641540,,"ball",,,,,14,,"R","R","R","SD","TEX","B",,,1,1,2023,"0.25","0.1",1.0959056840374546,1.6456541034133738,663757,673490,665742,1,3,"Bot",,,,,,,7.132698209866238,-121.64661166285757,-2.3640010389846253,0.9509907395756003,25.44498473349783,-30.938194188861463,3.64979939178452,1.7654734362405,,,,"84",2383,"6.7",717224,641598,663993,543760,673962,677649,608671,665750,666969,"53.77",,,,,,,,24,3,"Slider",1,0,1,0,0,1,1,0,"Standard","Standard",60,"0.01","0.022",,,,,"-0.022",,1,1,0.753,0.753,28,30,29,31,2,1,6,2,5,1,"3.18","-0.25","-0.25","41.4",,,,,
"FC","2023-07-28","89.8","-2.29","5.49","Dunning, Dane",592518,641540,,"called_strike",,,,,6,,"R","R","R","SD","TEX","S",,,1,0,2023,"-0.02","0.86",0.711455272835031,2.589420062318801,663757,673490,665742,1,3,"Bot",,,,,,,7.546923581567477,-130.5934812206253,-3.0127244845927734,-1.8251152477324692,27.97180029532942,-21.92282369548722,3.60416781014223,1.71962069746724,,,,"90.6",2142,"6.8",717224,641598,663993,543760,673962,677649,608671,665750,666969,"53.66",,,,,,,,24,2,"Cutter",1,0,1,0,0,1,1,0,"Standard","Standard",201,"-0.01","-0.056",,,,,"0.056",,1,1,0.763,0.763,28,30,29,31,2,1,6,2,5,1,"1.98","0.02","0.02","44.5",,,,,
"FC","2023-07-28","89.1","-2.21","5.4","Dunning, Dane",592518,641540,,"ball",,,,,14,,"R","R","R","SD","TEX","B",,,0,0,2023,"-0.07","0.81",1.0289306908116855,2.3001903748519767,663757,673490,665742,1,3,"Bot",,,,,,,8.196526314056628,-129.53640759150363,-3.3213725438231996,-2.5376830738833998,26.864230050545927,-22.496324783534497,3.69542480423328,1.7654734362405,,,,"90",2137,"6.9",717224,641598,663993,543760,673962,677649,608671,665750,666969,"53.64",,,,,,,,24,1,"Cutter",1,0,1,0,0,1,1,0,"Standard","Standard",203,"0.007","0.032",,,,,"-0.032",,1,1,0.756,0.756,28,30,29,31,2,1,6,2,5,1,"2.06","0.07","0.07","41.0",,,,,
"CH","2023-07-28","86.4","-2.34","5.36","Dunning, Dane",665742,641540,"walk","ball",,,,,14,"Juan Soto walks. Trent Grisham to 3rd. Ha-Seong Kim to 2nd.","R","L","R","SD","TEX","B",,,3,1,2023,"-1.61","0.63",0.9044576691796158,1.5132875392619871,,663757,673490,1,3,"Bot",,,,,,,11.070774472862839,-125.304638814303,-4.2050975462334375,-19.19338331150182,25.931854280091056,-24.854924966078904,3.07894516290254,1.55908266655201,,,,"86.8",1945,"6.8",717224,641598,663993,543760,673962,677649,608671,665750,666969,"53.75",,0.695903,"0.7",1,0,0,,23,5,"Changeup",1,0,1,0,0,1,1,0,"Standard","Standard",246,"0.031","0.206",,,,,"-0.206",,1,1,0.725,0.725,28,24,29,25,2,1,6,2,5,1,"2.45","1.61","-1.61","39.6",,,,,
"SI","2023-07-28","91.3","-2.22","5.38","Dunning, Dane",665742,641540,,"called_strike",,,,,1,,"R","L","R","SD","TEX","S",,,3,0,2023,"-1.22","0.4",-0.43533541098355144,2.924220270176145,,663757,673490,1,3,"Bot",,,,,,,7.171304195425114,-132.6921137854692,-1.1186557173915976,-15.993518506924708,29.961991948632942,-27.44718511109462,2.96465094033046,1.50083626917659,,,,"91.6",2136,"6.7",717224,641598,663993,543760,673962,677649,608671,665750,666969,"53.85",,,,,,,,23,4,"Sinker",1,0,1,0,0,1,1,0,"Standard","Standard",220,"-0.01","-0.067",,,,,"0.067",,1,1,0.735,0.735,28,24,29,25,2,1,6,2,5,1,"2.35","1.22","-1.22","38.8",,,,,
"SI","2023-07-28","91.5","-2.38","5.49","Dunning, Dane",665742,641540,,"ball",,,,,11,,"R","L","R","SD","TEX","B",,,2,0,2023,"-1.12","0.58",-2.1375486284194083,2.3147538209667324,,663757,673490,1,3,"Bot",,,,,,,3.0578074664146984,-133.18381630491308,-3.3571413295629826,-13.92931327046985,30.924664719468854,-24.771448947390784,3.05608968053592,1.55908266655201,,,,"92",2083,"6.8",717224,641598,663993,543760,673962,677649,608671,665750,666969,"53.74",,,,,,,,23,3,"Sinker",1,0,1,0,0,1,1,0,"Standard","Standard",225,"0.015","0.092",,,,,"-0.092",,1,1,0.72,0.72,28,24,29,25,2,1,6,2,5,1,"2.16","1.12","-1.12","38.2",,,,,
"SI","2023-07-28","91","-2.27","5.39","Dunning, Dane",665742,641540,,"ball",,,,,1,,"R","L","R","SD","TEX","B",,,1,0,2023,"-1.08","0.62",-0.7166061756428641,3.1451263890226167,,663757,673490,1,3,"Bot",,,,,,,6.259522024676047,-132.28893529869018,-1.005518470873656,-14.06770431755242,30.546729925805735,-24.933216360888757,3.03323252029771,1.65082884069052,,,,"91.1",2027,"6.6",717224,641598,663993,543760,673962,677649,608671,665750,666969,"53.92",,,,,,,,23,2,"Sinker",1,0,1,0,0,1,1,0,"Standard","Standard",222,"0.011","0.067",,,,,"-0.067",,1,1,0.709,0.709,28,24,29,25,2,1,6,2,5,1,"2.16","1.08","-1.08","39.7",,,,,
"CU","2023-07-28","77.9","-2.3","5.46","Dunning, Dane",665742,641540,,"ball",,,,,12,,"R","L","R","SD","TEX","B",,,0,0,2023,"0.86","-0.98",0.9635419066093511,2.8747833799478117,,663757,673490,1,3,"Bot",,,,,,,5.459416694530365,-113.1958695281655,3.2911420706566297,6.163283952134663,23.767599112429796,-41.42456294122638,3.07894516290254,1.55908266655201,,,,"77.8",1907,"6.6",717224,641598,663993,543760,673962,677649,608671,665750,666969,"53.86",,,,,,,,23,1,"Curveball",1,0,1,0,0,1,1,0,"Standard","Standard",30,"0.005","0.042",,,,,"-0.042",,1,1,0.704,0.704,28,24,29,25,2,1,6,2,5,1,"4.79","-0.86","0.86","41.0",,,,,
"SL","2023-07-28","83.4","-2.18","5.54","Dunning, Dane",665487,641540,"strikeout","swinging_strike",,,,,14,"Fernando Tatis Jr. strikes out swinging.","R","R","R","SD","TEX","S",2,,1,2,2023,"0.22","0.13",2.041953615167365,0.9437232549215757,,663757,673490,0,3,"Bot",,,,,,,9.345884313122944,-121.06073597701172,-4.307197007348384,0.057647195290031976,26.595987851461718,-30.182055366693522,3.74,1.78,,,,"83.6",2260,"6.8",717224,641598,663993,543760,673962,677649,608671,665750,666969,"53.69",,0,"0",1,0,0,,22,4,"Slider",1,0,1,0,0,1,1,0,"Infield shade","Strategic",70,"-0.031","-0.168","66.4","8.6","17.594644536",,"0.168",,1,1,0.735,0.735,28,24,29,24,2,1,6,2,5,1,"3.2","-0.22","-0.22","44.0",26.433101935590752,-26.557956530163274,28.542167171402724,61.40838537239124,53.75044400217452
"FF","2023-07-28","89.5","-2.25","5.58","Dunning, Dane",665487,641540,,"ball",,,,,11,,"R","R","R","SD","TEX","B",,,0,2,2023,"-0.44","1.22",-1.1633165132302365,4.8280942605188075,,663757,673490,0,3,"Bot",,,,,,,3.6246496336440703,-130.35362498749092,1.58721002292872,-5.740800216165499,28.251770675257802,-18.843499690504498,3.78665735731644,1.85715844516393,,,,"90.1",2129,"6.7",717224,641598,663993,543760,673962,677649,608671,665750,666969,"53.79",,,,,,,,22,3,"4-Seam Fastball",1,0,1,0,0,1,1,0,"Standard","Strategic",203,"0.005","0.025",,,,,"-0.025",,1,1,0.73,0.73,28,24,29,24,2,1,6,2,5,1,"1.63","0.44","0.44","47.7",,,,,
"FC","2023-07-28","88.3","-2.37","5.54","Dunning, Dane",665487,641540,,"foul",,,,,3,,"R","R","R","SD","TEX","S",,,0,1,2023,"0.27","0.28",0.5576441159649989,3.199508032652384,,663757,673490,0,3,"Bot",,,,,,,6.6313952598421855,-128.48521857828268,-0.18322611662540522,1.6271987651267659,27.072893539906982,-29.2744765370181,3.74,1.78,3,"65.1",-53,"89.1",2038,"6.8",717224,641598,663993,543760,673962,677649,608671,665750,666969,"53.7",,,,,,,,22,2,"Cutter",1,0,1,0,0,1,1,0,"Standard","Standard",192,"-0.011","-0.066","77.1","8.0",,,"0.066","88.0",1,1,0.741,0.741,28,24,29,24,2,1,6,2,5,1,"2.65","-0.27","-0.27","40.9",23.910306472420178,-19.16688013643553,21.804338879835683,45.55049987241324,40.7480188627608
"FC","2023-07-28","87.9","-2.35","5.52","Dunning, Dane",665487,641540,,"foul_bunt",,,,,2,,"R","R","R","SD","TEX","S",,,0,0,2023,"0.14","0.68",-0.262642806356203,3.5751750465983836,,663757,673490,0,3,"Bot",,,,,,,4.8095810230889455,-128.00571480292436,-0.018149723775260473,0.554311245973971,26.312648430799257,-24.912475744797714,3.74,1.78,,,,"88.6",2062,"6.7",717224,641598,663993,543760,673962,677649,608671,665750,666969,"53.82",,,,,,,,22,1,"Cutter",1,0,1,0,0,1,1,0,"Standard","Standard",195,"-0.007","-0.048",,,,,"0.048","88.0",1,1,0.748,0.748,28,24,29,24,2,1,6,2,5,1,"2.27","-0.14","-0.14","41.4",,,,,
"SI","2023-07-28","90.5","-2.34","5.34","Dunning, Dane",673490,641540,"walk","ball",,,,,11,"Ha-Seong Kim walks.","R","R","R","SD","TEX","B",,,3,2,2023,"-1.36","0.42",-1.2468174915449963,3.2646040081037673,,663757,,0,3,"Bot",,,,,,,5.710308670510722,-131.77562883352817,-0.148071171356832,-17.101376247266906,27.66221953572444,-27.492718235555184,3.46723550320102,1.67376115648734,,,,"91.5",1936,"6.8",717224,641598,663993,543760,673962,677649,608671,665750,666969,"53.69",,0.695903,"0.7",1,0,0,,21,7,"Sinker",1,0,1,0,0,1,1,0,"Standard","Standard",226,"0.02","0.259",,,,,"-0.259",,1,1,0.728,0.728,28,27,29,28,2,1,6,2,5,1,"2.36","1.36","1.36","37.5",,,,,
"FC","2023-07-28","89.9","-2.33","5.45","Dunning, Dane",673490,641540,,"foul",,,,,2,,"R","R","R","SD","TEX","S",,,3,2,2023,"0.06","0.85",0.16485761527570209,3.0023576228444506,,663757,,0,3,"Bot",,,,,,,6.123424077482,-130.89187891338744,-1.9683035347332014,-0.5245273567056917,25.487949147070623,-22.103371032670864,3.38999781995387,1.54999768695762,202,"79.8",56,"91.2",1960,"6.9",717224,641598,663993,543760,673962,677649,608671,665750,666969,"53.63",,,,,,,,21,6,"Cutter",1,0,1,0,0,1,1,0,"Standard","Standard",203,"0","0","59.6","5.9",,,"0","88.0",1,1,0.728,0.728,28,27,29,28,2,1,6,2,5,1,"1.95","-0.06","-0.06",,-3.7815040575207157,18.77109078516935,16.089671230976045,36.23395459866549,24.23370273239164
"SI","2023-07-28","89.2","-2.29","5.47","Dunning, Dane",673490,641540,,"ball",,,,,11,,"R","R","R","SD","TEX","B",,,2,2,2023,"-0.68","1.12",-0.8314801919832291,4.423503310380972,,,663757,0,3,"Bot",,,,,,,5.055737285791974,-129.83008417460456,1.1203281422329274,-8.708650770377966,27.873064722446617,-20.015179408525153,3.39007687622874,1.58178355815551,,,,"90",1925,"6.8",717224,641598,663993,543760,673962,677649,608671,665750,666969,"53.69",,,,,,,,21,5,"Sinker",1,0,1,0,0,1,1,0,"Standard","Standard",224,"0.031","0.088",,,,,"-0.088",,1,1,0.697,0.697,28,27,29,28,2,1,6,2,5,1,"1.75","0.68","0.68","38.0",,,,,
"SL","2023-07-28","83.5","-2.3","5.47","Dunning, Dane",673490,641540,,"blocked_ball",,,,,14,,"R","R","R","SD","TEX","B",,,1,2,2023,"0.1","0.05",1.4329696608376017,0.21130694783307513,,,663757,0,3,"Bot",,,,,,,8.465208501788897,-121.31983739965153,-5.866303251042051,-0.527274842995195,21.579662893184715,-30.775231954533425,3.28437496347979,1.51295896607265,,,,"84.5",2405,"6.8",717224,641598,663993,543760,673962,677649,608671,665750,666969,"53.67",,,,,,,,21,4,"Slider",1,0,1,0,0,1,1,0,"Standard","Standard",96,"0.005","0.045",,,,,"-0.045",,1,1,0.692,0.692,28,27,29,28,2,1,6,2,5,1,"3.2","-0.1","-0.1",,,,,,
"SI","2023-07-28","90.7","-2.4","5.4","Dunning, Dane",673490,641540,,"called_strike",,,,,5,,"R","R","R","SD","TEX","S",,,1,1,2023,"-1.41","0.67",-0.2162691763765887,2.201787292369316,,,663757,0,3,"Bot",,,,,,,8.523874421908051,-131.82459446100202,-3.514947603061481,-18.212695521512245,28.577721204128274,-23.810942642658095,3.42138841773129,1.58178355815551,,,,"91.3",2055,"6.8",717224,641598,663993,543760,673962,677649,608671,665750,666969,"53.74",,,,,,,,21,3,"Sinker",1,0,1,0,0,1,1,0,"Infield shade","Strategic",224,"-0.007","-0.059",,,,,"0.059",,1,1,0.699,0.699,28,27,29,28,2,1,6,2,5,1,"2.11","1.41","1.41",,,,,,
"FC","2023-07-28","88.9","-2.35","5.49","Dunning, Dane",673490,641540,,"called_strike",,,,,9,,"R","R","R","SD","TEX","S",,,1,0,2023,"-0.07","0.94",0.7316008613452006,2.046044058215165,,,663757,0,3,"Bot",,,,,,,7.7761881783699165,-129.34401744726893,-4.464914547248596,-2.2326413461446113,24.118678578411764,-20.87460541230188,3.39007687622874,1.62765819219956,,,,"90.1",2098,"6.8",717224,641598,663993,543760,673962,677649,608671,665750,666969,"53.73",,,,,,,,21,2,"Cutter",1,0,1,0,0,1,1,0,"Infield shade","Strategic",204,"-0.007","-0.042",,,,,"0.042",,1,1,0.706,0.706,28,27,29,28,2,1,6,2,5,1,"1.92","0.07","0.07",,,,,,
"SI","2023-07-28","90.2","-2.39","5.39","Dunning, Dane",673490,641540,,"ball",,,,,9,,"R","R","R","SD","TEX","B",,,0,0,2023,"-1.43","0.52",0.5619125900334547,1.9776025479723083,,,663757,0,3,"Bot",,,,,,,10.491619656175086,-130.8811250354588,-3.5991858854832985,-18.63375088814604,28.591186218466923,-25.6428323094802,3.48992283690033,1.60526701260411,,,,"91",2070,"7",717224,641598,663993,543760,673962,677649,608671,665750,666969,"53.5",,,,,,,,21,1,"Sinker",1,0,1,0,0,1,1,0,"Infield shade","Strategic",222,"0.005","0.03",,,,,"-0.03",,1,1,0.701,0.701,28,27,29,28,2,1,6,2,5,1,"2.31","1.43","1.43",,,,,,
"SL","2023-07-28","84.4","-2.37","5.58","Dunning, Dane",593428,641540,"field_out","hit_into_play",,,,,9,"Xander Bogaerts pops out to second baseman Marcus Semien.","R","R","R","SD","TEX","X",4,"popup",0,2,2023,"0.11","0.29",0.37826868979809886,2.2455625716141094,,665742,,2,1,"Bot",181.61,144.49,,,,,6.204156085412122,-122.8286794101008,-1.9703578812481188,-0.1380630053680669,24.904592903794853,-29.051360181224894,3.61,1.64,194,"81.6",56,"84.8",2374,"6.6",717224,641598,663993,543760,673962,677649,608671,665750,666969,"53.9",0.045,0.057,"0",1,0,0,3,8,3,"Slider",1,0,1,0,0,1,1,0,"Standard","Strategic",113,"-0.017","-0.187","76.7","7.1",,0.078,"0.187","88.0",1,1,0.62,0.62,28,30,29,31,1,0,6,2,5,1,"2.91","-0.11","-0.11","38.8",2.865613341898769,-2.2406485670892993,31.539657179435963,42.32306773901203,33.30489216210014
"SI","2023-07-28","91.3","-2.36","5.41","Dunning, Dane",593428,641540,,"called_strike",,,,,2,,"R","R","R","SD","TEX","S",,,0,1,2023,"-1.11","0.68",0.25658200719793345,3.332808084376123,,665742,,2,1,"Bot",,,,,,,9.048565653030447,-132.73966157682545,-0.7816070338309719,-15.07789778710015,28.87507143046779,-24.205245303155536,3.69524313446651,1.78816599217318,,,,"92",2076,"6.8",717224,641598,663993,543760,673962,677649,608671,665750,666969,"53.72",,,,,,,,8,2,"Sinker",1,0,1,0,0,1,1,0,"Standard","Strategic",214,"-0.008","-0.061",,,,,"0.061",,1,1,0.628,0.628,28,30,29,31,1,0,6,2,5,1,"2.06","1.11","1.11","44.0",,,,,
"FC","2023-07-28","89","-2.37","5.48","Dunning, Dane",593428,641540,,"called_strike",,,,,6,,"R","R","R","SD","TEX","S",,,0,0,2023,"0.03","0.72",0.8251880078023827,2.465805767654553,,665742,,2,1,"Bot",,,,,,,7.83468178593386,-129.45142877310187,-2.911878069105528,-1.172225278436546,25.6472334121687,-23.629199324459865,3.61000122404375,1.64000067581617,,,,"90",2198,"6.8",717224,641598,663993,543760,673962,677649,608671,665750,666969,"53.67",,,,,,,,8,1,"Cutter",1,0,1,0,0,1,1,0,"Standard","Strategic",203,"-0.004","-0.046",,,,,"0.046",,1,1,0.632,0.632,28,30,29,31,1,0,6,2,5,1,"2.15","-0.03","-0.03","42.6",,,,,
"SI","2023-07-28","90.4","-2.46","5.48","Dunning, Dane",592518,641540,"field_out","hit_into_play",,,,,11,"Manny Machado pops out to third baseman Josh Jung.","R","R","R","SD","TEX","X",5,"popup",0,0,2023,"-1.03","0.79",-0.8732072019007159,3.048995896054799,,665742,,1,1,"Bot",116.85,185.13,,,,,6.188766742655943,-131.60986270077098,-1.830660792939097,-13.229658867819435,27.412765636495823,-22.815672191165863,3.73,1.72,58,"68",76,"91.3",1964,"6.7",717224,641598,663993,543760,673962,677649,608671,665750,666969,"53.76",0.003,0.003,"0",1,0,0,3,7,1,"Sinker",1,0,1,0,0,1,1,0,"Standard","Standard",216,"-0.03","-0.29","77.7","7.4",,0.004,"0.29","88.0",1,1,0.662,0.662,28,30,29,31,1,0,6,2,5,1,"1.99","1.03","1.03","37.9",6.376727512999654,-4.1456484969744585,22.247536838640407,30.491997621069466,31.894711448086664
"FC","2023-07-28","89.1","-2.54","5.41","Dunning, Dane",665742,641540,"single","hit_into_play",,,,,9,"Juan Soto singles on a line drive to center fielder Leody Taveras. Ha-Seong Kim scores. Juan Soto to 2nd.","R","L","R","SD","TEX","X",8,"line_drive",1,1,2023,"0.17","0.62",0.4820673939424785,1.9144561089445566,,673490,,1,1,"Bot",144.22,97.46,,,,,7.115866468543893,-129.76275970070077,-3.9778172820311606,0.69251084917303,23.303592175072577,-24.562921146600416,3.11,1.5,160,"97",9,"90.2",2195,"6.6",717224,641598,663993,543760,673962,677649,608671,665750,666969,"53.89",0.65,0.585,"0.9",1,1,0,4,6,3,"Cutter",0,0,0,0,0,1,1,0,"Standard","Standard",220,"0.097","0.558","77.8","7.3",,0.7,"-0.558","97.0",0,0,0.565,0.565,28,24,29,25,1,0,6,2,5,1,"2.22","-0.17","0.17","38.5",4.602063760369903,1.1666136305919832,29.85947419379258,32.44157221644959,23.329261126790893
"SI","2023-07-28","92.4","-2.49","5.43","Dunning, Dane",665742,641540,,"swinging_strike",,,,,2,,"R","L","R","SD","TEX","S",,,1,0,2023,"-0.93","0.93",0.12576110044574873,2.771819771418584,,673490,,1,1,"Bot",,,,,,,8.769446347343218,-134.3422240129412,-3.0059788362872357,-13.143653620091015,28.75649936942695,-20.445121666019258,3.11,1.5,,,,"93.4",2089,"6.9",717224,641598,663993,543760,673962,677649,608671,665750,666969,"53.62",,,,,,,,6,2,"Sinker",0,0,0,0,0,0,0,0,"Standard","Standard",223,"-0.004","-0.049","80.2","7.1","0.516043512",,"0.049",,0,0,0.569,0.569,28,24,29,25,1,0,6,2,5,1,"1.74","0.93","-0.93","36.7",2.8963027733340265,11.478831687300035,27.536534572707506,36.156512402499644,15.805829455004705
"CU","2023-07-28","76.9","-2.59","5.55","Dunning, Dane",665742,641540,,"ball",,,,,11,,"R","L","R","SD","TEX","B",,,0,0,2023,"0.81","-0.86",-1.9872432883786781,3.391133749474373,,673490,,1,1,"Bot",,,,,,,-0.2010209037996898,-111.82341236678965,4.0135794858605784,6.85873684963509,20.675478690433078,-40.35937953134581,3.11000188845716,1.49999975849444,,,,"76.9",2059,"6.4",717224,641598,663993,543760,673962,677649,608671,665750,666969,"54.11",,,,,,,,6,1,"Curveball",0,0,0,0,0,0,0,0,"Standard","Standard",31,"0.002","0.034",,,,,"-0.034",,0,0,0.567,0.567,28,24,29,25,1,0,6,2,5,1,"4.73","-0.81","0.81","38.6",,,,,
"SI","2023-07-28","92.3","-2.42","5.45","Dunning, Dane",665487,641540,"strikeout","swinging_strike",,,,,4,"Fernando Tatis Jr. strikes out swinging. Ha-Seong Kim steals (20) 2nd base.","R","R","R","SD","TEX","S",2,,3,2,2023,"-1.16","0.83",-0.5552679981689439,2.7774316604420135,,,673490,0,1,"Bot",,,,,,,7.34796086726203,-134.2395981192598,-2.7970982522892527,-15.641512324751186,29.01791327267583,-21.762741297044844,3.74,1.78,,,,"93.1",2127,"6.8",717224,641598,663993,543760,673962,677649,608671,665750,666969,"53.71",,0,"0",1,0,0,,5,7,"Sinker",0,0,0,0,0,0,0,0,"Infield shade","Strategic",221,"-0.024","-0.298","80.3","7.4","0.631146072",,"0.298",,0,0,0.591,0.591,28,24,29,24,1,0,6,2,5,1,"1.85","1.16","1.16","36.4",14.399749940522513,-12.325822258707337,29.38879186884069,31.52962756197441,34.812472375556986
"SI","2023-07-28","91.6","-2.49","5.38","Dunning, Dane",665487,641540,,"foul",,,,,6,,"R","R","R","SD","TEX","S",,,3,2,2023,"-1.27","0.48",0.2990454906752287,2.7381663858458327,,,673490,0,1,"Bot",,,,,,,9.8661238432984,-133.05476562131318,-1.8340532516184624,-17.166136555180444,28.800360575510304,-26.28275133461809,3.74,1.78,216,"74.4",45,"92.3",1993,"6.8",717224,641598,663993,543760,673962,677649,608671,665750,666969,"53.66",,,,,,,,5,6,"Sinker",0,0,0,0,0,0,0,0,"Infield shade","Strategic",219,"0","0","68.7","6.9",,,"0","88.0",0,0,0.591,0.591,28,24,29,24,1,0,6,2,5,1,"2.25","1.27","1.27","36.6",4.781686955461585,11.503009088021086,27.242113909990515,41.47834368667749,24.82329203280412
"FC","2023-07-28","89.2","-2.29","5.49","Dunning, Dane",665487,641540,,"ball",,,,,14,,"R","R","R","SD","TEX","B",,,2,2,2023,"0.16","0.35",1.9545511938023459,1.1396942059208408,,,673490,0,1,"Bot",,,,,,,10.158487538471329,-129.4146052310554,-5.397683712026136,-0.352898080872919,27.845406234928998,-27.27858111317069,3.78647853688044,1.85692948265453,,,,"89.7",2056,"6.8",717224,641598,663993,543760,673962,677649,608671,665750,666969,"53.66",,,,,,,,5,5,"Cutter",0,0,0,0,0,0,0,0,"Standard","Strategic",194,"0.013","0.088",,,,,"-0.088",,0,0,0.578,0.578,28,24,29,24,1,0,6,2,5,1,"2.54","-0.16","-0.16","39.5",,,,,
"SI","2023-07-28","91.1","-2.43","5.5","Dunning, Dane",665487,641540,,"foul",,,,,13,,"R","R","R","SD","TEX","S",,,2,1,2023,"-1.27","0.49",-1.5199347863615378,2.403126727409519,,,673490,0,1,"Bot",,,,,,,5.0412903549808625,-132.56586942863564,-2.9127167720716196,-16.00612550709436,30.822629090528935,-25.933826352963194,3.74,1.78,,,,"91.4",2041,"6.7",717224,641598,663993,543760,673962,677649,608671,665750,666969,"53.85",,,,,,,,5,4,"Sinker",0,0,0,0,0,0,0,0,"Standard","Standard",217,"-0.01","-0.056","68.0","6.0",,,"0.056",,0,0,0.588,0.588,28,24,29,24,1,0,6,2,5,1,"2.27","1.27","1.27","37.2",-2.194629401835454,13.269689667800536,38.56763163358181,19.608781792631625,26.37828423056223
"SI","2023-07-28","90","-2.48","5.36","Dunning, Dane",665487,641540,,"called_strike",,,,,6,,"R","R","R","SD","TEX","S",,,2,0,2023,"-1.1","0.4",0.3083126286067188,2.866215020627137,,,673490,0,1,"Bot",,,,,,,9.31078571970193,-130.7180778572202,-1.023731098474395,-14.587969807461256,28.615312064386774,-27.591779432868567,3.67243048154086,1.81108886503992,,,,"90.5",2083,"6.8",717224,641598,663993,543760,673962,677649,608671,665750,666969,"53.74",,,,,,,,5,3,"Sinker",0,0,0,0,0,0,0,0,"Standard","Standard",218,"-0.011","-0.055",,,,,"0.055",,0,0,0.599,0.599,28,24,29,24,1,0,6,2,5,1,"2.43","1.1","1.1","40.5",,,,,
"FC","2023-07-28","88.8","-2.3","5.54","Dunning, Dane",665487,641540,,"ball",,,,,14,,"R","R","R","SD","TEX","B",,,1,0,2023,"0.13","0.89",0.9530590943251627,1.5285677937224345,,,673490,0,1,"Bot",,,,,,,7.755368963199557,-129.0522309907123,-5.673243725906835,-0.09098266875275429,26.55417828363728,-21.26384757544897,3.74086386225669,1.81108886503992,,,,"89.6",2163,"6.8",717224,641598,663993,543760,673962,677649,608671,665750,666969,"53.69",,,,,,,,5,2,"Cutter",0,0,0,0,0,0,0,0,"Standard","Standard",208,"0.011","0.055",,,,,"-0.055",,0,0,0.588,0.588,28,24,29,24,1,0,6,2,5,1,"2.01","-0.13","-0.13","38.1",,,,,
"FC","2023-07-28","87.4","-2.42","5.53","Dunning, Dane",665487,641540,,"ball",,,,,1,,"R","R","R","SD","TEX","B",,,0,0,2023,"0.24","0.54",-0.3878397735233764,3.499542154337904,,,673490,0,1,"Bot",,,,,,,4.451476820679926,-127.27369091020208,0.12332493772279729,1.7234006853491217,24.618765024203462,-26.527614725544765,3.71804242487448,1.78863260942637,,,,"88.3",2123,"6.7",717224,641598,663993,543760,673962,677649,608671,665750,666969,"53.84",,,,,,,,5,1,"Cutter",0,0,0,0,0,0,0,0,"Standard","Standard",188,"0.005","0.03",,,,,"-0.03",,0,0,0.583,0.583,28,24,29,24,1,0,6,2,5,1,"2.43","-0.24","-0.24","38.3",,,,,
"SI","2023-07-22","88.8","-2.24","5.47","Dunning, Dane",518792,641540,"field_out","hit_into_play",,,,,1,"Jason Heyward flies out to center fielder Leody Taveras.","R","L","R","TEX","LAD","X",8,"fly_ball",2,2,2023,"-1.34","0.68",-0.6382074097627084,3.158580293035395,,,502110,2,3,"Top",117.87,108.61,,,,,6.800665240945117,-129.09242804447038,-0.9744071952204537,-16.371933214718286,28.229919659983082,-24.65744924283275,3.55,1.73,229,"79.9",51,"89.4",1907,"6.9",717305,641598,663993,543760,673962,677649,608671,665750,666969,"53.65",0.053,0.059,"0",1,0,0,3,24,5,"Sinker",1,5,5,1,5,1,5,1,"Infield shade","Strategic",216,"0.009","-0.24","77.7","7.8",,0.081,"0.24","88.0",-4,4,0.155,0.845,28,33,29,34,2,1,5,3,6,2,"2.23","1.34","-1.34","38.5",13.516275025346264,-3.4753657997264913,19.587483616792575,53.747661193570835,26.473275213202058
"FC","2023-07-22","88.4","-2.45","5.51","Dunning, Dane",518792,641540,,"foul",,,,,11,,"R","L","R","TEX","LAD","S",,,2,1,2023,"0.22","0.8",-0.8326257246381887,3.3528660497635165,,,502110,2,3,"Top",,,,,,,3.5094564968746806,-128.87321584563315,-0.9162916113274033,1.8252510171937137,25.187217174566786,-23.202418713809035,3.55,1.73,290,"84",36,"89.5",2093,"6.7",717305,641598,663993,543760,673962,677649,608671,665750,666969,"53.75",,,,,,,,24,4,"Cutter",1,5,5,1,5,1,5,1,"Infield shade","Strategic",202,"0.003","-0.063","67.2","7.0",,,"0.063","88.0",-4,4,0.152,0.848,28,33,29,34,2,1,5,3,6,2,"2.09","-0.22","0.22","38.6",-1.299342727393592,24.838368995793115,19.038612546862417,53.95325840849327,9.743748883209639
"FC","2023-07-22","88.7","-2.21","5.45","Dunning, Dane",518792,641540,,"ball",,,,,12,,"R","L","R","TEX","LAD","B",,,1,1,2023,"-0.1","0.88",0.9644420396079572,2.887627473921116,,,502110,2,3,"Top",,,,,,,8.053644672337231,-129.06089100489064,-2.1036880371890447,-2.667085390147031,24.698685089673713,-22.096994092398972,3.50659646149645,1.73000086048069,,,,"89.9",2080,"6.8",717305,641598,663993,543760,673962,677649,608671,665750,666969,"53.65",,,,,,,,24,3,"Cutter",1,5,5,1,5,1,5,1,"Infield shade","Strategic",206,"-0.002","0.036",,,,,"-0.036",,-4,4,0.154,0.846,28,33,29,34,2,1,5,3,6,2,"2","0.1","-0.1","40.5",,,,,
"CU","2023-07-22","76.8","-2.27","5.52","Dunning, Dane",518792,641540,,"foul",,,,,14,,"R","L","R","TEX","LAD","S",,,1,0,2023,"0.99","-1.4",0.5864631084071438,1.5663730532931837,,,502110,2,3,"Top",,,,,,,4.275683310842572,-111.62147738172169,1.3076183124673761,7.282686259432726,23.320286476976744,-44.29607339379124,3.55,1.73,6,"90.8",-14,"76.6",2331,"6.6",717305,641598,663993,543760,673962,677649,608671,665750,666969,"53.9",,,,,,,,24,2,"Curveball",1,5,5,1,5,1,5,1,"Infield shade","Standard",31,"0.002","-0.05","66.9","8.9",,,"0.05","90.8",-4,4,0.152,0.848,28,33,29,34,2,1,5,3,6,2,"5.33","-0.99","0.99","39.0",15.034622678955916,-26.11662608841277,32.13826231791506,37.33037225961564,36.471491669441676
"CU","2023-07-22","78.3","-2.27","5.47","Dunning, Dane",518792,641540,,"ball",,,,,14,,"R","L","R","TEX","LAD","B",,,0,0,2023,"0.94","-1.35",1.2389861103447326,1.2785918708216188,,,502110,2,3,"Top",,,,,,,5.8578029791836626,-113.77367840421138,0.4447536526515177,6.880239729127755,23.51759988242063,-44.15429710123463,3.49494701400162,1.72999743209443,,,,"78.2",2308,"6.6",717305,641598,663993,543760,673962,677649,608671,665750,666969,"53.88",,,,,,,,24,1,"Curveball",1,5,5,1,5,1,5,1,"Infield shade","Standard",33,"-0.001","0.03",,,,,"-0.03",,-4,4,0.153,0.847,28,33,29,34,2,1,5,3,6,2,"5.12","-0.94","0.94","40.0",,,,,
"FF","2023-07-22","89.8","-2.11","5.62","Dunning, Dane",444482,641540,"strikeout","foul_tip",,,,,2,"David Peralta strikes out on a foul tip.","R","L","R","TEX","LAD","S",2,,1,2,2023,"-0.49","1.35",0.2685253054180865,3.14529785854449,,,502110,1,3,"Top",,,,,,,6.99566141185578,-130.7357676345159,-3.086765706693,-7.070026787054679,25.947802122799597,-16.135760912504313,3.57,1.75,,,,"90.9",2167,"6.8",717305,641598,663993,543760,673962,677649,608671,665750,666969,"53.72",,0,"0",1,0,0,,23,4,"4-Seam Fastball",1,5,5,1,5,1,5,1,"Infield shade","Standard",220,"0.008","-0.183","66.4","6.1",,,"0.183",,-4,4,0.145,0.855,28,35,29,36,2,1,5,3,6,2,"1.46","0.49","-0.49","43.2",0.9030077843438986,12.841958456548952,33.961123457960454,35.46369295405633,17.928753107372508
"SL","2023-07-22","83","-2.22","5.47","Dunning, Dane",444482,641540,,"blocked_ball",,,,,14,,"R","L","R","TEX","LAD","B",,,0,2,2023,"0.16","0.02",1.586157329011432,0.3516906052668629,,,502110,1,3,"Top",,,,,,,8.482212998690187,-120.47634113009015,-5.278191912931952,-0.20662811222392466,24.348697162713275,-31.059385041925644,3.53742907611521,1.74999721905201,,,,"83.6",2316,"6.9",717305,641598,663993,543760,673962,677649,608671,665750,666969,"53.61",,,,,,,,23,3,"Slider",1,5,5,1,5,1,5,1,"Infield shade","Standard",28,"-0.001","0.023",,,,,"-0.023",,-4,4,0.146,0.854,28,35,29,36,2,1,5,3,6,2,"3.31","-0.16","0.16","38.8",,,,,
"SL","2023-07-22","83.9","-2.23","5.55","Dunning, Dane",444482,641540,,"foul",,,,,14,,"R","L","R","TEX","LAD","S",,,0,1,2023,"0.3","0.27",1.0075841005898225,1.4863699922425284,,,502110,1,3,"Top",,,,,,,6.962829610466908,-122.02791088782915,-3.5435652554737596,1.6237096694116033,24.182147662757142,-28.97176421548663,3.57,1.75,94,"39.9",46,"84.6",2282,"6.8",717305,641598,663993,543760,673962,677649,608671,665750,666969,"53.69",,,,,,,,23,2,"Slider",1,5,5,1,5,1,5,1,"Infield shade","Standard",146,"0.003","-0.053","73.8","8.0",,,"0.053","88.0",-4,4,0.143,0.857,28,35,29,36,2,1,5,3,6,2,"2.97","-0.3","0.3","39.1",19.10080641416378,-23.991709616018916,40.69851283758477,27.69001898478944,38.44735525549444
"SL","2023-07-22","81","-2.38","5.49","Dunning, Dane",444482,641540,,"called_strike",,,,,7,,"R","L","R","TEX","LAD","S",,,0,0,2023,"0.28","-0.03",-0.7046721437241954,2.3240287934488415,,,502110,1,3,"Top",,,,,,,3.238067258612712,-117.9165221965272,-0.3517959213636579,1.9295638461315066,23.201062018125285,-32.62779011850256,3.6025746142931,1.75000125273481,,,,"81.7",2179,"6.8",717305,641598,663993,543760,673962,677649,608671,665750,666969,"53.7",,,,,,,,23,1,"Slider",1,5,5,1,5,1,5,1,"Standard","Standard",85,"0.002","-0.042",,,,,"0.042",,-4,4,0.141,0.859,28,35,29,36,2,1,5,3,6,2,"3.51","-0.28","0.28","42.7",,,,,
"FC","2023-07-22","88.8","-2.33","5.5","Dunning, Dane",605141,641540,"field_out","hit_into_play",,,,,6,"Mookie Betts lines out sharply to center fielder Leody Taveras.","R","R","R","TEX","LAD","X",8,"line_drive",1,0,2023,"0","0.69",0.36432660656723864,2.144220581245156,518792,,,2,2,"Top",125.57,189.58,,,,,6.668608093096838,-129.2379852916322,-3.6872208519936143,-1.269053436202362,24.475228181115643,-23.896927729211395,3.2,1.55,381,"105.3",19,"90.2",2187,"6.9",717305,641598,663993,543760,673962,677649,608671,665750,666969,"53.59",0.475,0.7334594594594595,"0",1,0,0,6,14,2,"Cutter",1,3,3,1,3,1,3,1,"Standard","Standard",196,"0.031","-0.321","75.2","7.1",,1.322,"0.321","105.3",-2,2,0.31,0.69,28,30,29,31,2,1,5,1,6,1,"2.18","0","0","39.7",8.527756501833744,0.5822504046485648,38.60018798532823,38.76978321387607,34.01354077324752
"SI","2023-07-22","90.1","-2.41","5.45","Dunning, Dane",605141,641540,,"ball",,,,,11,,"R","R","R","TEX","LAD","B",,,0,0,2023,"-1.39","0.58",-1.2605893994040982,3.2559680583718245,518792,,,2,2,"Top",,,,,,,5.8809846685160245,-131.17581761644553,-0.7288154452007707,-17.314553578875977,27.58229660538192,-25.528879797486027,3.12223382697941,1.54999772842355,,,,"91.2",1995,"6.9",717305,641598,663993,543760,673962,677649,608671,665750,666969,"53.6",,,,,,,,14,1,"Sinker",1,3,3,1,3,1,3,1,"Standard","Standard",219,"-0.001","0.028",,,,,"-0.028",,-2,2,0.311,0.6890000000000001,28,30,29,31,2,1,5,1,6,1,"2.22","1.39","1.39","37.1",,,,,
"SL","2023-07-22","83.1","-2.25","5.55","Dunning, Dane",500743,641540,"grounded_into_double_play","hit_into_play",,,,,6,"Miguel Rojas grounds into a double play, second baseman Marcus Semien to shortstop Ezequiel Duran to first baseman Nathaniel Lowe. David Peralta scores. Jason Heyward to 3rd. James Outman out at 2nd. Miguel Rojas out at 1st.","R","R","R","TEX","LAD","X",4,"ground_ball",0,2,2023,"0.18","0.1",0.402150100394291,2.482784213944232,444482,518792,681546,0,2,"Top",137.88,145.35,,,,,5.760705325252979,-120.8616171349962,-0.7258160691496466,0.6017926669460851,24.52351070992489,-31.260756338998803,3.3,1.66,13,"92.7",-10,"83.5",2308,"6.7",717305,641598,663993,543760,673962,677649,608671,665750,666969,"53.84",0.143,0.139,"0",1,0,0,2,13,3,"Slider",1,2,2,1,3,1,3,1,"Standard","Standard",96,"0.038","-0.149","63.3","6.3",,0.182,"0.149","92.7",-1,1,0.273,0.727,28,34,29,34,1,0,5,1,6,1,"3.21","-0.18","-0.18","45.7",-15.016520355496356,13.678750239702353,32.295974555485046,40.80567681000767,24.717075639430828
"SL","2023-07-22","82.2","-2.22","5.55","Dunning, Dane",500743,641540,,"foul",,,,,6,,"R","R","R","TEX","LAD","S",,,0,1,2023,"0.31","0.1",0.5910353678159848,2.4818398195831595,444482,518792,681546,0,2,"Top",,,,,,,5.8123212329171,-119.54965196254865,-0.5688848056277707,1.84492660671135,23.639292086588306,-31.348915489742392,3.3,1.66,147,"69.9",70,"82.7",2338,"6.7",717305,641598,663993,543760,673962,677649,608671,665750,666969,"53.77",,,,,,,,13,2,"Slider",1,2,2,1,2,1,2,1,"Standard","Standard",71,"0.014","-0.057","69.8","7.7",,,"0.057","88.0",-1,1,0.259,0.741,28,34,29,34,1,0,5,1,6,1,"3.29","-0.31","-0.31","39.2",18.895526390141434,-6.328410347098651,33.04822070748349,42.69910214709129,42.96725796935097
"FC","2023-07-22","88.8","-2.22","5.51","Dunning, Dane",681546,641540,"single","hit_into_play",,,,,12,"James Outman singles on a line drive to right fielder Adolis Garcia. J.D. Martinez scores. David Peralta to 3rd. Jason Heyward to 2nd.","R","L","R","TEX","LAD","X",9,"line_drive",2,1,2023,"0.06","0.61",0.914819638091972,2.9069592561048503,502110,444482,518792,0,2,"Top",193.13,140.38,,,,,7.622554651063807,-129.1504747391593,-1.602011550803529,-0.8159309268520943,26.0942868959845,-25.246457286638574,3.4,1.6,140,"73.3",14,"89.8",2088,"6.8",717305,641598,663993,543760,673962,677649,608671,665750,666969,"53.66",0.474,0.426,"0.9",1,1,0,4,12,4,"Cutter",1,1,1,1,2,1,2,1,"Standard","Standard",213,"-0.073","0.392","72.9","7.3",,0.476,"-0.392","88.0",0,0,0.324,0.6759999999999999,28,26,29,26,1,0,5,1,6,1,"2.28","-0.06","0.06","39.3",14.887509291893847,-4.667037067908478,32.206213171138415,26.44767476465604,29.44625784100612
"SI","2023-07-22","90.2","-2.34","5.43","Dunning, Dane",681546,641540,,"called_strike",,,,,6,,"R","L","R","TEX","LAD","S",,,2,0,2023,"-1.02","0.42",0.7591122124734628,2.5461009511675123,502110,444482,518792,0,2,"Top",,,,,,,9.95521808486565,-131.06903357044015,-2.1169813560195276,-13.83728340949983,26.186992987467505,-27.130015975884994,3.32240198591782,1.59999875467954,,,,"91.1",2088,"6.8",717305,641598,663993,543760,673962,677649,608671,665750,666969,"53.72",,,,,,,,12,3,"Sinker",1,1,1,1,1,1,1,1,"Standard","Standard",215,"0.016","-0.076",,,,,"0.076",,0,0,0.308,0.692,28,26,29,26,1,0,5,1,6,1,"2.38","1.02","-1.02","35.4",,,,,
"SI","2023-07-22","91.2","-2.18","5.53","Dunning, Dane",681546,641540,,"ball",,,,,14,,"R","L","R","TEX","LAD","B",,,1,0,2023,"-1.09","0.48",1.0841940313947327,2.4351399122993174,502110,444482,518792,0,2,"Top",,,,,,,10.569976806284723,-132.50150042677095,-2.9369368444203943,-15.004659376648766,27.04095328066128,-26.033603205354563,3.31131497512549,1.59999944007937,,,,"91.7",2054,"6.6",717305,641598,663993,543760,673962,677649,608671,665750,666969,"53.93",,,,,,,,12,2,"Sinker",1,1,1,1,1,1,1,1,"Standard","Standard",220,"-0.016","0.076",,,,,"-0.076",,0,0,0.324,0.6759999999999999,28,26,29,26,1,0,5,1,6,1,"2.26","1.09","-1.09","39.7",,,,,
"FC","2023-07-22","88.6","-2.27","5.53","Dunning, Dane",681546,641540,,"ball",,,,,12,,"R","L","R","TEX","LAD","B",,,0,0,2023,"0.08","0.73",0.3524648321608744,3.6978659437716175,502110,444482,518792,0,2,"Top",,,,,,,6.291885737367464,-128.92132837770458,0.03698968876356834,-0.3286741795544134,25.345098209189143,-24.24645871852441,3.34457258435859,1.59999800691094,,,,"89.6",2074,"6.8",717305,641598,663993,543760,673962,677649,608671,665750,666969,"53.69",,,,,,,,12,1,"Cutter",1,1,1,1,1,1,1,1,"Standard","Standard",204,"-0.008","0.037",,,,,"-0.037",,0,0,0.332,0.6679999999999999,28,26,29,26,1,0,5,1,6,1,"2.16","-0.08","0.08","38.4",,,,,
"SI","2023-07-22","91.6","-2.42","5.44","Dunning, Dane",518792,641540,"walk","ball",,,,,13,"Jason Heyward walks.","R","L","R","TEX","LAD","B",,,3,0,2023,"-1.3","0.42",-0.5614394370898086,1.397866731778078,502110,444482,,0,2,"Top",,,,,,,7.559921239728634,-133.1363701120139,-5.297577667621267,-17.04086073620725,28.077760970901252,-26.19087909469509,3.31576256175266,1.72999914859957,,,,"92.4",2061,"6.8",717305,641598,663993,543760,673962,677649,608671,665750,666969,"53.71",,0.695903,"0.7",1,0,0,,11,4,"Sinker",1,1,1,1,1,1,1,1,"Standard","Standard",223,"-0.01","0.066",,,,,"-0.066",,0,0,0.342,0.6579999999999999,28,33,29,34,1,0,5,3,6,2,"2.3","1.3","-1.3","37.1",,,,,
"FC","2023-07-22","89.7","-2.27","5.57","Dunning, Dane",518792,641540,,"ball",,,,,12,,"R","L","R","TEX","LAD","B",,,2,0,2023,"0.05","0.7",1.3098347101189722,2.932895141796491,502110,444482,,0,2,"Top",,,,,,,8.838428305039862,-130.39271203384223,-2.044376874223529,-1.2056439288679657,26.530062160580375,-23.921561297379906,3.47192922114775,1.72999812102924,,,,"90.7",2107,"6.9",717305,641598,663993,543760,673962,677649,608671,665750,666969,"53.6",,,,,,,,11,3,"Cutter",1,1,1,1,1,1,1,1,"Standard","Standard",201,"-0.007","0.028",,,,,"-0.028",,0,0,0.349,0.651,28,33,29,34,1,0,5,3,6,2,"2.13","-0.05","0.05","40.8",,,,,
"FC","2023-07-22","88","-2.25","5.59","Dunning, Dane",518792,641540,,"ball",,,,,12,,"R","L","R","TEX","LAD","B",,,1,0,2023,"0.1","0.57",0.1545609325095127,3.855793163818689,502110,444482,,0,2,"Top",,,,,,,5.67645951834881,-128.0435400319811,0.7469797514173928,-0.09872096831818866,26.34344580871074,-26.326991141004868,3.47192644713134,1.73000209327407,,,,"88.7",2016,"6.7",717305,641598,663993,543760,673962,677649,608671,665750,666969,"53.78",,,,,,,,11,2,"Cutter",1,1,1,1,1,1,1,1,"Standard","Standard",192,"-0.005","0.06",,,,,"-0.06",,0,0,0.354,0.646,28,33,29,34,1,0,5,3,6,2,"2.38","-0.1","0.1","39.9",,,,,
"FC","2023-07-22","87.4","-2.3","5.55","Dunning, Dane",518792,641540,,"ball",,,,,11,,"R","L","R","TEX","LAD","B",,,0,0,2023,"0.17","0.52",-0.7964776627231088,4.875848476836829,502110,444482,,0,2,"Top",,,,,,,3.300019958118239,-127.17172475362574,3.4630241424173773,1.2244442691812567,25.661024545204146,-27.388522764405334,3.47192071512316,1.72999686090676,,,,"88.2",1948,"6.8",717305,641598,663993,543760,673962,677649,608671,665750,666969,"53.74",,,,,,,,11,1,"Cutter",1,1,1,1,1,1,1,1,"Standard","Standard",195,"-0.003","0.032",,,,,"-0.032",,0,0,0.357,0.643,28,33,29,34,1,0,5,3,6,2,"2.46","-0.17","0.17","38.0",,,,,
"FC","2023-07-22","89","-2.4","5.47","Dunning, Dane",444482,641540,"double","hit_into_play",,,,,5,"David Peralta doubles (10) on a ground ball to left fielder Travis Jankowski. Max Muncy scores. J.D. Martinez to 3rd.","R","L","R","TEX","LAD","X",7,"ground_ball",3,2,2023,"0.15","0.69",0.2349507843539802,2.8901953955778286,,571970,502110,0,2,"Top",64.64,148.3,,,,,6.2183357332550795,-129.52762371364878,-1.8040572610866636,0.5315228914373653,25.127739876581295,-24.18355413508231,3.57,1.75,136,"76",11,"90.2",2151,"6.8",717305,641598,663993,543760,673962,677649,608671,665750,666969,"53.66",0.366,0.332,"1.25",1,1,1,4,10,7,"Cutter",1,0,0,1,1,1,1,1,"Standard","Standard",203,"-0.133","0.676","64.6","5.6",,0.391,"-0.676","88.0",1,-1,0.49,0.51,28,35,29,36,1,0,5,3,6,2,"2.17","-0.15","0.15","41.1",-5.205429527853656,29.06042246340231,33.125964210984044,34.146930123662685,13.739622980885454
"CU","2023-07-22","78.1","-2.43","5.56","Dunning, Dane",444482,641540,,"blocked_ball",,,,,14,,"R","L","R","TEX","LAD","B",,,2,2,2023,"0.83","-1.41",0.46507434114576485,0.1474186495909553,,571970,502110,0,2,"Top",,,,,,,4.712801553664763,-113.55206369010965,-1.9999144745921613,6.021122345040389,25.490722202531433,-43.97036706709933,3.5255494822865,1.74999927921768,,,,"77.8",2276,"6.7",717305,641598,663993,543760,673962,677649,608671,665750,666969,"53.85",,,,,,,,10,6,"Curveball",1,0,0,1,0,1,0,1,"Standard","Standard",29,"-0.02","0.113",,,,,"-0.113",,1,-1,0.51,0.49,28,35,29,36,1,0,5,3,6,2,"5.22","-0.83","0.83","40.1",,,,,
"SL","2023-07-22","82.7","-2.34","5.56","Dunning, Dane",444482,641540,,"foul",,,,,4,,"R","L","R","TEX","LAD","S",,,2,2,2023,"0.06","0.07",-0.48968297164358887,2.542851398131275,,571970,502110,0,2,"Top",,,,,,,4.134414332836178,-120.40691958832362,-0.5121694944127834,-0.25714521914580285,24.062366950337633,-31.609198982408643,3.57,1.75,179,"70.5",57,"83.4",2231,"6.8",717305,641598,663993,543760,673962,677649,608671,665750,666969,"53.73",,,,,,,,10,5,"Slider",1,0,0,1,0,1,0,1,"Standard","Standard",63,"0","0","64.9","6.7",,,"0","88.0",1,-1,0.51,0.49,28,35,29,36,1,0,5,3,6,2,"3.27","-0.06","0.06","39.1",2.095408257171162,10.350326526286025,30.203074527863162,43.0871780235387,24.620366706692064
"SL","2023-07-22","82.5","-2.39","5.54","Dunning, Dane",444482,641540,,"foul",,,,,14,,"R","L","R","TEX","LAD","S",,,2,1,2023,"0.19","-0.05",0.5791882221852809,1.1086010364796324,,571970,502110,0,2,"Top",,,,,,,6.415956524096294,-119.94834146000619,-3.4547833218686286,0.5605184832938461,24.112064936874514,-32.182772644940954,3.57,1.75,3,"73.7",-25,"82.9",2365,"6.7",717305,641598,663993,543760,673962,677649,608671,665750,666969,"53.8",,,,,,,,10,4,"Slider",1,0,0,1,0,1,0,1,"Infield shade","Standard",38,"0.016","-0.094","66.2","8.2",,,"0.094","88.0",1,-1,0.494,0.506,28,35,29,36,1,0,5,3,6,2,"3.42","-0.19","0.19","42.3",23.578225015797276,-22.38444115737538,38.98715184219666,31.565198838299995,41.92010747390532
"FC","2023-07-22","89","-2.28","5.57","Dunning, Dane",444482,641540,,"foul",,,,,5,,"R","L","R","TEX","LAD","S",,,2,0,2023,"0.04","0.89",0.21604855941472628,2.8555653461937656,,571970,502110,0,2,"Top",,,,,,,6.09939097215946,-129.53557091200327,-2.5820905831771923,-0.6445883599836866,24.270458914410053,-21.77124448320353,3.57,1.75,184,"65.3",30,"90.3",2096,"6.9",717305,641598,663993,543760,673962,677649,608671,665750,666969,"53.64",,,,,,,,10,3,"Cutter",1,0,0,1,0,1,0,1,"Standard","Standard",194,"0.016","-0.08","68.5","6.2",,,"0.08","88.0",1,-1,0.478,0.522,28,35,29,36,1,0,5,3,6,2,"1.96","-0.04","0.04","39.0",-11.563623351119151,22.40384278321187,32.60460852899336,35.43276178003939,12.54365331380786
"CH","2023-07-22","85.6","-2.52","5.41","Dunning, Dane",444482,641540,,"ball",,,,,13,,"R","L","R","TEX","LAD","B",,,1,0,2023,"-1.62","0.38",-1.0889700828385456,1.123913138482043,,571970,502110,0,2,"Top",,,,,,,6.699107228738502,-124.41147887385286,-4.610132840221791,-18.130587904974533,26.288672064089855,-27.44043685455496,3.6366804076647,1.74999837670602,,,,"86.2",1939,"6.9",717305,641598,663993,543760,673962,677649,608671,665750,666969,"53.65",,,,,,,,10,2,"Changeup",1,0,0,1,0,1,0,1,"Standard","Standard",250,"-0.016","0.078",,,,,"-0.078",,1,-1,0.494,0.506,28,35,29,36,1,0,5,3,6,2,"2.75","1.62","-1.62","37.3",,,,,
"SL","2023-07-22","83.5","-2.41","5.54","Dunning, Dane",444482,641540,,"blocked_ball",,,,,14,,"R","L","R","TEX","LAD","B",,,0,0,2023,"0.06","0.04",0.4732439191669683,0.11418722612294907,,571970,502110,0,2,"Top",,,,,,,6.565363351604454,-121.38960381309326,-6.181981472004794,-0.6174873068894684,23.03284347771159,-30.78857912049549,3.60334496283056,1.74999979712558,,,,"84.1",2290,"6.7",717305,641598,663993,543760,673962,677649,608671,665750,666969,"53.8",,,,,,,,10,1,"Slider",1,0,0,1,0,1,0,1,"Standard","Standard",38,"-0.008","0.042",,,,,"-0.042",,1,-1,0.502,0.498,28,35,29,36,1,0,5,3,6,2,"3.23","-0.06","0.06","39.5",,,,,
"FC","2023-07-22","88.8","-2.45","5.45","Dunning, Dane",502110,641540,"walk","ball",,,,,13,"J.D. Martinez walks.","R","R","R","TEX","LAD","B",,,3,2,2023,"-0.1","0.8",-1.2033459504279145,1.8179423515735305,,571970,,0,2,"Top",,,,,,,3.281361023706144,-129.2732756734868,-4.6113142531143545,-1.7304970492165423,25.872855876476525,-22.398092322366818,3.67537433829983,1.79999975399429,,,,"90",2135,"6.9",717305,641598,663993,543760,673962,677649,608671,665750,666969,"53.61",,0.695903,"0.7",1,0,0,,9,10,"Cutter",1,0,0,1,0,1,0,1,"Standard","Standard",193,"-0.031","0.259",,,,,"-0.259",,1,-1,0.533,0.46699999999999997,28,35,29,36,1,0,5,1,6,3,"2.07","0.1","0.1","38.7",,,,,
"SL","2023-07-22","82.8","-2.37","5.5","Dunning, Dane",502110,641540,,"foul",,,,,8,,"R","R","R","TEX","LAD","S",,,3,2,2023,"0.27","0.14",-0.11861408801456888,2.041912963806962,,571970,,0,2,"Top",,,,,,,4.626826702982486,-120.46586230536094,-1.6158233896497607,1.6471796224644382,25.78158249590832,-30.69466804457344,3.72,1.8,6,"82.4",-20,"83",2166,"6.7",717305,641598,663993,543760,673962,677649,608671,665750,666969,"53.84",,,,,,,,9,9,"Slider",1,0,0,1,0,1,0,1,"Standard","Standard",92,"0","0","74.6","9.0",,,"0","88.0",1,-1,0.533,0.46699999999999997,28,35,29,36,1,0,5,1,6,3,"3.21","-0.27","-0.27","38.1",22.640441161958964,-12.160230470608152,38.21354252943,40.58420800651095,38.62694700227871
"SI","2023-07-22","91.1","-2.39","5.61","Dunning, Dane",502110,641540,,"foul",,,,,11,,"R","R","R","TEX","LAD","S",,,3,2,2023,"-0.69","0.41",-1.112552854792883,3.478139199732606,,571970,,0,2,"Top",,,,,,,4.71565525962351,-132.63021192420783,-0.3332191520317104,-9.125171835362707,28.048605333069805,-27.502183443566267,3.72,1.8,80,"71",13,"91.8",1951,"6.6",717305,641598,663993,543760,673962,677649,608671,665750,666969,"53.87",,,,,,,,9,8,"Sinker",1,0,0,1,0,1,0,1,"Standard","Standard",208,"0","0","64.0","6.0",,,"0","88.0",1,-1,0.533,0.46699999999999997,28,35,29,36,1,0,5,1,6,3,"2.33","0.69","0.69","40.0",-19.16445461156282,30.69369149300989,40.11345204486065,29.205827196187407,10.907549105644263
"SI","2023-07-22","91.8","-2.25","5.46","Dunning, Dane",502110,641540,,"foul",,,,,9,,"R","R","R","TEX","LAD","S",,,3,2,2023,"-1.26","0.6",0.5489357590572759,2.3289234759702055,,571970,,0,2,"Top",,,,,,,9.911150651347329,-133.3193107732946,-3.400544217466246,-17.093630920288412,26.96048221755043,-24.454427218896527,3.72,1.8,241,"79.2",36,"92.9",2004,"6.9",717305,641598,663993,543760,673962,677649,608671,665750,666969,"53.61",,,,,,,,9,7,"Sinker",1,0,0,1,0,1,0,1,"Standard","Standard",226,"0","0","66.0","8.1",,,"0","88.0",1,-1,0.533,0.46699999999999997,28,35,29,36,1,0,5,1,6,3,"2.1","1.26","1.26","36.9",-7.8225406362483545,16.259883845686655,38.14102044817475,49.69038531218132,9.08812108091473
"CH","2023-07-22","84.9","-2.5","5.4","Dunning, Dane",502110,641540,,"ball",,,,,13,,"R","R","R","TEX","LAD","B",,,2,2,2023,"-1.42","0.55",-0.5296018353288143,1.4311906291139,,571970,,0,2,"Top",,,,,,,7.5141190262368385,-123.35781444335973,-4.09771358248549,-15.97178664529368,24.079880086262968,-25.891611089142994,3.63074863234228,1.80000237204676,,,,"85.6",1773,"6.8",717305,641598,663993,543760,673962,677649,608671,665750,666969,"53.69",,,,,,,,9,6,"Changeup",1,0,0,1,0,1,0,1,"Standard","Standard",249,"-0.012","0.085",,,,,"-0.085",,1,-1,0.545,0.45499999999999996,28,35,29,36,1,0,5,1,6,3,"2.61","1.42","1.42","35.1",,,,,
"SI","2023-07-22","91.2","-2.52","5.42","Dunning, Dane",502110,641540,,"ball",,,,,13,,"R","R","R","TEX","LAD","B",,,1,2,2023,"-1.23","0.75",-1.7341047606760822,2.6642830848389494,,571970,,0,2,"Top",,,,,,,4.688624035034624,-132.80279688109354,-2.705386509836825,-15.589957578780655,27.27051782851726,-22.93724811047927,3.64191138570479,1.79999808369525,,,,"92.3",2043,"6.8",717305,641598,663993,543760,673962,677649,608671,665750,666969,"53.68",,,,,,,,9,5,"Sinker",1,0,0,1,0,1,0,1,"Standard","Standard",222,"-0.006","0.034",,,,,"-0.034",,1,-1,0.551,0.44899999999999995,28,35,29,36,1,0,5,1,6,3,"1.98","1.23","1.23","35.7",,,,,
"FC","2023-07-22","89.2","-2.33","5.64","Dunning, Dane",502110,641540,,"foul",,,,,4,,"R","R","R","TEX","LAD","S",,,1,2,2023,"-0.08","0.89",-0.7144965367880902,3.0675854299474388,,571970,,0,2,"Top",,,,,,,4.1610778518230385,-129.98190972209676,-2.227346855907803,-1.6873437501221005,25.98774638279191,-21.83177328893961,3.72,1.8,75,"73.7",12,"90.2",2094,"6.7",717305,641598,663993,543760,673962,677649,608671,665750,666969,"53.75",,,,,,,,9,4,"Cutter",1,0,0,1,0,1,0,1,"Standard","Standard",206,"0","0","73.6","7.4",,,"0","88.0",1,-1,0.551,0.44899999999999995,28,35,29,36,1,0,5,1,6,3,"1.96","0.08","0.08","47.9",4.897689069628426,9.377821566573708,38.497161931889266,34.13629245651842,21.301719941992367
"SL","2023-07-22","83.3","-2.36","5.54","Dunning, Dane",502110,641540,,"foul",,,,,8,,"R","R","R","TEX","LAD","S",,,1,1,2023,"0.13","-0.06",0.1505058469061387,2.127827392245776,,571970,,0,2,"Top",,,,,,,5.555367471459391,-121.19595749242434,-1.2701102742958157,0.1627924569979662,23.73592851340417,-32.68567894627481,3.72,1.8,6,"69.1",-21,"83.8",2186,"6.6",717305,641598,663993,543760,673962,677649,608671,665750,666969,"53.87",,,,,,,,9,3,"Slider",1,0,0,1,0,1,0,1,"Infield shade","Standard",85,"0.011","-0.066","74.7","9.2",,,"0.066","88.0",1,-1,0.54,0.45999999999999996,28,35,29,36,1,0,5,1,6,3,"3.34","-0.13","-0.13","37.8",24.007224448778103,-10.806432500356014,36.976388061647725,44.8167754828412,36.6024224308041
"FC","2023-07-22","88.7","-2.43","5.56","Dunning, Dane",502110,641540,,"called_strike",,,,,3,,"R","R","R","TEX","LAD","S",,,1,0,2023,"0.28","0.83",0.6580293120925786,3.129942507822918,,571970,,0,2,"Top",,,,,,,7.031664193426901,-129.11780779931905,-1.6666415585374166,1.7388894260956982,25.74277439835078,-22.688586018485566,3.64189767561158,1.79999745315889,,,,"89.8",2237,"6.8",717305,641598,663993,543760,673962,677649,608671,665750,666969,"53.68",,,,,,,,9,2,"Cutter",1,0,0,1,0,1,0,1,"Infield shade","Standard",199,"0.006","-0.061",,,,,"0.061",,1,-1,0.534,0.46599999999999997,28,35,29,36,1,0,5,1,6,3,"2.05","-0.28","-0.28","39.2",,,,,
"SI","2023-07-22","90.7","-2.47","5.41","Dunning, Dane",502110,641540,,"ball",,,,,13,,"R","R","R","TEX","LAD","B",,,0,0,2023,"-1.19","0.72",-2.1187224640045073,2.297820223401832,,571970,,0,2,"Top",,,,,,,3.4674475585794635,-132.09507031732784,-3.42201995738798,-14.620224509748505,29.402699697850128,-23.18452096085199,3.68652645000315,1.80000272632775,,,,"91.4",1956,"6.8",717305,641598,663993,543760,673962,677649,608671,665750,666969,"53.72",,,,,,,,9,1,"Sinker",1,0,0,1,0,1,0,1,"Standard","Standard",218,"-0.004","0.036",,,,,"-0.036",,1,-1,0.538,0.46199999999999997,28,35,29,36,1,0,5,1,6,3,"2.05","1.19","1.19","36.3",,,,,
"SI","2023-07-22","92.4","-2.39","5.5","Dunning, Dane",669257,641540,"grounded_into_double_play","hit_into_play",,,,,4,"Will Smith grounds into a double play, third baseman Josh Jung to second baseman Marcus Semien to first baseman Nathaniel Lowe. Freddie Freeman out at 2nd. Will Smith out at 1st.","R","R","R","TEX","LAD","X",5,"ground_ball",2,2,2023,"-1.2","0.64",-0.4119139828680687,2.1821321118832726,,,518692,1,1,"Top",95.42,164.63,,,,,7.738048771342994,-134.3008743063787,-4.007474651607459,-16.266569792731797,30.337953126025006,-23.801708219146274,3.38,1.62,13,"100",-9,"93",2059,"6.8",717305,641598,663993,543760,673962,677649,608671,665750,666969,"53.68",0.225,0.228,"0",1,0,0,2,3,8,"Sinker",0,0,0,0,0,0,0,0,"Standard","Standard",222,"0.046","-0.308",,,,0.282,"0.308","100.0",0,0,0.502,0.498,28,28,29,28,1,0,5,1,6,1,"2.05","1.2","1.2","42.0",,,,,
"SI","2023-07-22","91.3","-2.33","5.59","Dunning, Dane",669257,641540,,"foul",,,,,11,,"R","R","R","TEX","LAD","S",,,2,2,2023,"-1.36","0.76",-1.263902113661584,2.59446008318087,,,518692,1,1,"Top",,,,,,,5.675811564326075,-132.716126972844,-3.2641246671832054,-17.294387091230252,30.87207183183748,-22.69355767598524,3.38,1.62,356,"107.9",30,"91.8",2069,"6.8",717305,641598,663993,543760,673962,677649,608671,665750,666969,"53.66",,,,,,,,3,7,"Sinker",0,0,0,0,0,0,0,0,"Standard","Standard",220,"0","0","70.6","7.7",,,"0","107.9",0,0,0.502,0.498,28,28,29,28,1,0,5,1,6,1,"2","1.36","1.36","40.4",20.920418096039363,-35.07262644982625,37.884923561255654,18.23052422862837,40.66175465376868
"FC","2023-07-22","89.1","-2.31","5.57","Dunning, Dane",669257,641540,,"foul",,,,,2,,"R","R","R","TEX","LAD","S",,,2,2,2023,"0.17","0.7",0.08754236519985573,3.181276684870025,,,518692,1,1,"Top",,,,,,,5.59685054206216,-129.7589815241574,-1.36048048513944,0.8520212902471382,25.061178824569176,-24.1382198404686,3.38,1.62,238,"73.9",34,"90.3",2137,"6.8",717305,641598,663993,543760,673962,677649,608671,665750,666969,"53.67",,,,,,,,3,6,"Cutter",0,0,0,0,0,0,0,0,"Standard","Standard",197,"0","0","63.0","6.1",,,"0","88.0",0,0,0.502,0.498,28,28,29,28,1,0,5,1,6,1,"2.15","-0.17","-0.17","38.8",5.7345109585207625,25.481257328761664,26.903816372822575,35.71057276348078,16.627151577609233
"SI","2023-07-22","92.2","-2.37","5.46","Dunning, Dane",669257,641540,,"foul",,,,,2,,"R","R","R","TEX","LAD","S",,,2,2,2023,"-0.84","0.82",-0.14155654062473044,3.047847334831431,,,518692,1,1,"Top",,,,,,,7.578509289241263,-133.9093190018863,-2.008459883813621,-11.894857609851059,32.77869894873348,-22.159764663952362,3.38,1.62,232,"72.8",35,"92.4",2005,"6.8",717305,641598,663993,543760,673962,677649,608671,665750,666969,"53.66",,,,,,,,3,5,"Sinker",0,0,0,0,0,0,0,0,"Standard","Standard",220,"0","0","67.3","6.4",,,"0","88.0",0,0,0.502,0.498,28,28,29,28,1,0,5,1,6,1,"1.9","0.84","0.84","37.4",7.655352903630038,-0.7315837381705296,30.17363280302016,32.01367845250187,29.40544089874306
"FF","2023-07-22","91.3","-2.27","5.64","Dunning, Dane",669257,641540,,"ball",,,,,11,,"R","R","R","TEX","LAD","B",,,1,2,2023,"-0.55","1.25",-0.5087855093798624,4.7896300434370485,,,518692,1,1,"Top",,,,,,,5.673320086135591,-132.92574903619774,1.074942619586256,-7.783543578888904,28.95064559511119,-17.88218316604002,3.29284786459071,1.62000097057505,,,,"92",2108,"6.7",717305,641598,663993,543760,673962,677649,608671,665750,666969,"53.77",,,,,,,,3,4,"4-Seam Fastball",0,0,0,0,0,0,0,0,"Standard","Standard",214,"-0.004","0.047",,,,,"-0.047",,0,0,0.506,0.494,28,28,29,28,1,0,5,1,6,1,"1.49","0.55","0.55","41.1",,,,,
"FC","2023-07-22","88.6","-2.2","5.49","Dunning, Dane",669257,641540,,"foul",,,,,3,,"R","R","R","TEX","LAD","S",,,1,1,2023,"0.2","0.78",0.3842339764534429,3.2449382465156207,,,518692,1,1,"Top",,,,,,,5.958989862366158,-128.91912382868338,-1.0310401440028385,0.9641450980809022,26.76029009479049,-23.524223878309257,3.38,1.62,238,"73.5",34,"89.5",2094,"6.8",717305,641598,663993,543760,673962,677649,608671,665750,666969,"53.69",,,,,,,,3,3,"Cutter",0,0,0,0,0,0,0,0,"Standard","Standard",207,"0.007","-0.055","69.1","7.3",,,"0.055","88.0",0,0,0.499,0.501,28,28,29,28,1,0,5,1,6,1,"2.13","-0.2","-0.2","38.9",16.27798869426775,8.36446341146273,28.144596678486973,38.28847127489133,29.425567767415398
"SL","2023-07-22","83.3","-2.41","5.49","Dunning, Dane",669257,641540,,"ball",,,,,14,,"R","R","R","TEX","LAD","B",,,0,1,2023,"0.3","0",1.4845698517814487,0.8440645795443036,,,518692,1,1,"Top",,,,,,,8.382174938967184,-120.95009395938331,-4.16502788250512,1.2179657448268697,25.129473184134255,-31.471527232408928,3.26181247946306,1.62000267225213,,,,"83.5",2325,"6.7",717305,641598,663993,543760,673962,677649,608671,665750,666969,"53.83",,,,,,,,3,2,"Slider",0,0,0,0,0,0,0,0,"Standard","Standard",21,"-0.003","0.025",,,,,"-0.025",,0,0,0.502,0.498,28,28,29,28,1,0,5,1,6,1,"3.31","-0.3","-0.3","40.0",,,,,
"SI","2023-07-22","91.2","-2.43","5.44","Dunning, Dane",669257,641540,,"called_strike",,,,,2,,"R","R","R","TEX","LAD","S",,,0,0,2023,"-1.18","0.73",-0.02419225020161142,3.1686813164825924,,,518692,1,1,"Top",,,,,,,8.652384839088644,-132.49731134288487,-1.3195679509287714,-15.800815356739463,30.561395761194543,-23.550624307388976,3.21884799264981,1.62000289471963,,,,"91.6",1999,"6.8",717305,641598,663993,543760,673962,677649,608671,665750,666969,"53.68",,,,,,,,3,1,"Sinker",0,0,0,0,0,0,0,0,"Standard","Standard",227,"0.004","-0.042",,,,,"0.042",,0,0,0.498,0.502,28,28,29,28,1,0,5,1,6,1,"2.04","1.18","1.18","36.2",,,,,
,"2023-07-22",,,,"Dunning, Dane",500743,641540,,"automatic_strike",,,,,,,"R","R","R","TEX","LAD","S",,,0,0,2023,,,,,444482,518792,681546,0,2,"Top",,,,,,,,,,,,,,,,,,,,,717305,641598,663993,543760,673962,677649,608671,665750,666969,,,,,,,,,13,1,,1,2,2,1,2,1,2,1,,,,"0.008",,,,,,,,-1,1,0.251,0.749,28,34,29,34,1,0,5,1,6,1,,,,,,,,,
"SI","2023-07-17","89.8","-2.43","5.53","Dunning, Dane",668227,641540,"field_out","hit_into_play",,,,,1,"Randy Arozarena grounds out, shortstop Corey Seager to first baseman Nathaniel Lowe.","R","R","R","TEX","TB","X",6,"ground_ball",0,0,2023,"-1.36","0.65",-0.7712073539782927,2.954396116726393,,,670042,2,5,"Top",110.94,166.47,,,,,7.046860742475984,-130.57003225442494,-1.7396688640115512,-17.02220625523419,29.056847008113518,-24.629554191864887,3.33,1.61,12,"85.9",-13,"90.4",2017,"6.8",717367,641598,663993,543760,673962,608369,677649,665750,666969,"53.69",0.117,0.106,"0",1,0,0,2,34,1,"Sinker",0,2,2,0,2,0,2,0,"Standard","Standard",216,"0.019","-0.286","70.2","6.8",,0.119,"0.286","88.0",-2,2,0.27,0.73,28,28,29,28,3,2,8,1,5,1,"2.2","1.36","1.36","37.1",10.413435951252167,-1.868572417681813,20.596361342535456,25.50612686487443,29.824608041047195
"SI","2023-07-17","90.3","-2.4","5.49","Dunning, Dane",542194,641540,"field_out","hit_into_play",,,,,4,"Christian Bethancourt flies out to right fielder Adolis Garcia.","R","R","R","TEX","TB","X",9,"fly_ball",0,0,2023,"-1.28","0.61",-0.37437840787674825,2.8669834380800623,642350,666139,,2,4,"Top",192.71,108.32,,,,,7.8394430112915074,-131.3467451957004,-1.8866547370970497,-16.523284411389938,28.049778535940096,-24.91673108347098,3.54,1.73,309,"87.5",30,"90.9",1994,"6.7",717367,641598,663993,543760,673962,608369,677649,665750,666969,"53.81",0.05,0.048,"0",1,0,0,3,27,1,"Sinker",0,2,2,0,2,0,2,0,"Standard","Standard",217,"0.046","-0.293","68.5","6.7",,0.08,"0.293","88.0",-2,2,0.265,0.735,28,31,29,32,2,1,8,2,5,2,"2.19","1.28","1.28","37.8",3.336342590850159,7.399177999784781,27.912923764317867,32.39904760433734,22.028925938200363
"SL","2023-07-17","82.5","-2.32","5.52","Dunning, Dane",670764,641540,"strikeout","swinging_strike",,,,,11,"Taylor Walls strikes out swinging.","R","L","R","TEX","TB","S",2,,1,2,2023,"0.28","0.16",-0.8676963319108558,2.757600555675285,642350,666139,,1,4,"Top",,,,,,,2.7620019498457498,-120.10716094283974,-0.0956564099109265,2.225058250328955,22.9742872693551,-30.779430364536097,3.47,1.63,,,,"82.9",2184,"6.5",717367,641598,663993,543760,673962,608369,677649,665750,666969,"54",,0,"0",1,0,0,,26,4,"Slider",0,2,2,0,2,0,2,0,"Strategic","Standard",81,"0.044","-0.331","54.5","6.0","0.646528236",,"0.331",,-2,2,0.221,0.779,28,26,29,27,2,1,8,2,5,2,"3.18","-0.28","0.28","40.4",0.13992411380630876,33.64571738647286,27.93986279297414,47.38065288890884,11.013053844981672
"SI","2023-07-17","90.7","-2.44","5.5","Dunning, Dane",670764,641540,,"ball",,,,,11,,"R","L","R","TEX","TB","B",,,0,2,2023,"-1.16","0.75",-1.2342711644154314,3.9469033039326,642350,666139,,1,4,"Top",,,,,,,5.531449224799796,-132.00326171377552,0.41977940010562964,-14.735869925722906,27.746456673280033,-23.66274187782823,3.42540909579544,1.61884274767775,,,,"91.2",1933,"6.6",717367,641598,663993,543760,673962,608369,677649,665750,666969,"53.93",,,,,,,,26,3,"Sinker",0,2,2,0,2,0,2,0,"Strategic","Standard",210,"-0.006","0.012",,,,,"-0.012",,-2,2,0.227,0.773,28,26,29,27,2,1,8,2,5,2,"2.01","1.16","-1.16","37.8",,,,,
"FC","2023-07-17","89.2","-2.31","5.55","Dunning, Dane",670764,641540,,"foul",,,,,14,,"R","L","R","TEX","TB","S",,,0,1,2023,"0.09","0.75",1.2462954697370765,2.145775861081293,642350,666139,,1,4,"Top",,,,,,,8.612586541766024,-129.6544763450444,-3.9374825595374063,-0.7913986771013896,27.081266335388694,-23.03149067696694,3.47,1.63,211,"93",62,"89.9",2173,"6.8",717367,641598,663993,543760,673962,608369,677649,665750,666969,"53.74",,,,,,,,26,2,"Cutter",0,2,2,0,2,0,2,0,"Strategic","Standard",202,"0.016","-0.072",,,,,"0.072","93.0",-2,2,0.211,0.789,28,26,29,27,2,1,8,2,5,2,"2.12","-0.09","0.09","40.1",,,,,
"CH","2023-07-17","85.2","-2.48","5.38","Dunning, Dane",670764,641540,,"swinging_strike",,,,,5,,"R","L","R","TEX","TB","S",,,0,0,2023,"-1.45","0.51",0.11086327578970967,2.2495336482778914,642350,,666139,1,4,"Top",,,,,,,9.08569696809742,-123.79464774508139,-2.040931076401222,-16.758889564369063,25.49222556445695,-26.774801621106455,3.47,1.63,,,,"85.8",1745,"6.8",717367,641598,663993,543760,673962,608369,677649,665750,666969,"53.7",,,,,,,,26,1,"Changeup",0,2,2,0,2,0,2,0,"Strategic","Standard",247,"-0.006","-0.044","68.9","7.7","2.39021838",,"0.044",,-2,2,0.217,0.783,28,26,29,27,2,1,8,2,5,2,"2.65","1.45","-1.45","35.9",25.036812171111002,-36.094736548247155,34.921778694607845,35.04005261179178,50.894191764416206
"CH","2023-07-17","85.7","-2.41","5.36","Dunning, Dane",666139,641540,"single","hit_into_play",,,,,13,"Josh Lowe singles on a ground ball to third baseman Josh Jung, deflected by pitcher Dane Dunning. Jose Siri to 3rd.","R","L","R","TEX","TB","X",1,"ground_ball",3,2,2023,"-1.52","0.7",-0.27342733599055413,1.4762933713174546,,642350,,1,4,"Top",127.3,181.61,,,,,8.181498758950434,-124.49439488124465,-4.3644711065404715,-17.396879171281153,23.69925251013778,-24.182853548526744,3.79,1.84,4,"71.7",-23,"86.7",1967,"6.9",717367,641598,663993,543760,673962,608369,677649,665750,666969,"53.63",0.059,0.058,"0.9",1,1,0,2,25,6,"Changeup",0,2,2,0,2,0,2,0,"Standard","Standard",245,"-0.035","0.505","77.7","8.4",,0.063,"-0.505","88.0",-2,2,0.252,0.748,28,25,29,25,2,1,8,1,5,1,"2.4","1.52","-1.52","36.5",21.400956694960648,-14.232636039851123,36.802682026718784,42.369044074642346,43.84058235217542
"CU","2023-07-17","79.8","-2.29","5.44","Dunning, Dane",666139,641540,,"ball",,,,,14,,"R","L","R","TEX","TB","B",,,2,2,2023,"0.73","-1.52",2.6644938881948703,-2.076335867156648,,,642350,1,4,"Top",,,,,,,9.505047736649567,-115.58767364811229,-6.7643281297460565,4.381899311788854,25.347857453795708,-44.30290714652677,3.7136937929663,1.84000133737739,,,,"79.1",2220,"6.5",717367,641598,663993,543760,673962,608369,677649,665750,666969,"54.05",,,,,,,,25,5,"Curveball",0,2,2,0,2,0,2,0,"Infield shade","Standard",30,"-0.02","0.084",,,,,"-0.084",,-2,2,0.272,0.728,28,25,29,25,2,1,8,1,5,1,"5.18","-0.73","0.73","38.4",,,,,
"SI","2023-07-17","90.9","-2.39","5.38","Dunning, Dane",666139,641540,,"called_strike",,,,,13,,"R","L","R","TEX","TB","S",,,2,1,2023,"-1.15","0.8",-0.0834215989839755,1.3086362432995131,,,642350,1,4,"Top",,,,,,,8.323337272820622,-132.03961094339317,-6.018702732408979,-15.2097493079873,28.902471195970197,-21.71233916102072,3.62647789526389,1.64358112475263,,,,"91.7",2026,"7",717367,641598,663993,543760,673962,608369,677649,665750,666969,"53.54",,,,,,,,25,4,"Sinker",0,2,2,0,2,0,2,0,"Strategic","Standard",220,"0.006","-0.054",,,,,"0.054",,-2,2,0.266,0.734,28,25,29,25,2,1,8,1,5,1,"1.98","1.15","-1.15","39.1",,,,,
"CH","2023-07-17","84.6","-2.45","5.4","Dunning, Dane",666139,641540,,"ball",,,,,11,,"R","L","R","TEX","TB","B",,,1,1,2023,"-1.48","0.54",-1.7540327120817483,3.2210315452926155,,,642350,1,4,"Top",,,,,,,4.626592435569025,-123.13475593463683,0.21383493496397632,-15.947119802409496,24.489540834062176,-26.982718176422992,3.71369276663361,1.82908823230066,,,,"85.5",1696,"6.9",717367,641598,663993,543760,673962,608369,677649,665750,666969,"53.62",,,,,,,,25,3,"Changeup",0,2,2,0,2,0,2,0,"Standard","Standard",252,"-0.004","0.046",,,,,"-0.046",,-2,2,0.27,0.73,28,25,29,25,2,1,8,1,5,1,"2.65","1.48","-1.48","33.6",,,,,
"FC","2023-07-17","88.5","-2.39","5.54","Dunning, Dane",666139,641540,,"foul",,,,,6,,"R","L","R","TEX","TB","S",,,1,0,2023,"-0.09","0.72",0.7757403756424275,2.6910808958625347,,,642350,1,4,"Top",,,,,,,7.931921397595459,-128.6247251287555,-2.3858627476238956,-2.582138989221982,26.425947173180095,-23.866752355023344,3.79,1.84,5,"90.1",-27,"88.8",2157,"6.5",717367,641598,663993,543760,673962,608369,677649,665750,666969,"53.98",,,,,,,,25,2,"Cutter",0,2,2,0,2,0,2,0,"Standard","Standard",202,"0.004","-0.053","75.3","7.3",,,"0.053","90.1",-2,2,0.266,0.734,28,25,29,25,2,1,8,1,5,1,"2.19","0.09","-0.09","40.7",18.500234989975898,-10.205348302206286,32.26078044522,29.70174737435591,36.487395514698115
"FC","2023-07-17","89","-2.46","5.44","Dunning, Dane",666139,641540,,"ball",,,,,14,,"R","L","R","TEX","TB","B",,,0,0,2023,"0.01","0.71",1.3313321574793915,1.444398237850914,,,642350,1,4,"Top",,,,,,,9.313017545786943,-129.2767130537367,-5.253583875378094,-1.856336527689924,27.16044630758578,-23.279500693435658,3.69189346163898,1.80726443595426,,,,"89.3",2071,"6.6",717367,641598,663993,543760,673962,608369,677649,665750,666969,"53.92",,,,,,,,25,1,"Cutter",0,2,2,0,2,0,2,0,"Infield shade","Standard",214,"-0.003","0.036",,,,,"-0.036",,-2,2,0.269,0.731,28,25,29,25,2,1,8,1,5,1,"2.18","-0.01","0.01","37.3",,,,,
"SI","2023-07-17","91.4","-2.38","5.36","Dunning, Dane",668227,641540,"field_out","hit_into_play",,,,,5,"Randy Arozarena flies out to center fielder Leody Taveras.","R","R","R","TEX","TB","X",8,"fly_ball",3,2,2023,"-1.49","0.7",0.2257007924048018,2.660321929368424,,,670042,2,3,"Top",103.33,66.29,,,,,9.844448409666636,-132.66814295906326,-2.380405940030861,-19.75704848343048,29.570483249047093,-23.60714679895544,3.33,1.61,332,"90.5",34,"91.9",2002,"6.8",717367,641598,663993,543760,673962,608369,677649,665750,666969,"53.7",0.029,0.03,"0",1,0,0,3,19,6,"Sinker",0,2,2,0,2,0,2,0,"Standard","Standard",224,"0.021","-0.305","80.4","7.5",,0.057,"0.305","90.5",-2,2,0.307,0.6930000000000001,28,28,29,28,2,1,8,1,5,1,"2.05","1.49","1.49","33.9",6.071399613560661,-5.763284908500828,16.053337356533493,35.176328662726824,35.96135799194863
"SL","2023-07-17","82.9","-2.24","5.5","Dunning, Dane",668227,641540,,"ball",,,,,14,,"R","R","R","TEX","TB","B",,,2,2,2023,"0.18","-0.26",2.009492505295763,1.1307020256801419,,,670042,2,3,"Top",,,,,,,9.431513718157323,-120.42462081524731,-2.9599714682414926,-0.1826006880095597,24.14770401396565,-34.327047284566966,3.27482363465713,1.61000053244064,,,,"83.3",2351,"6.7",717367,641598,663993,543760,673962,608369,677649,665750,666969,"53.78",,,,,,,,19,5,"Slider",0,2,2,0,2,0,2,0,"Standard","Standard",37,"-0.005","0.065",,,,,"-0.065",,-2,2,0.312,0.688,28,28,29,28,2,1,8,1,5,1,"3.6","-0.18","-0.18","38.0",,,,,
"SI","2023-07-17","90.6","-2.43","5.44","Dunning, Dane",668227,641540,,"foul",,,,,4,,"R","R","R","TEX","TB","S",,,2,1,2023,"-1.41","0.58",-0.5240838863530761,2.2179236138524594,,,670042,2,3,"Top",,,,,,,7.834994612658745,-131.68568995473822,-3.3623880556248262,-18.105693838259473,28.255399349060063,-24.923305404134005,3.33,1.61,4,"95.4",-35,"91.3",2012,"6.8",717367,641598,663993,543760,673962,608369,677649,665750,666969,"53.72",,,,,,,,19,4,"Sinker",0,2,2,0,2,0,2,0,"Standard","Standard",223,"0.005","-0.063","77.7","7.9",,,"0.063","95.4",-2,2,0.307,0.6930000000000001,28,28,29,28,2,1,8,1,5,1,"2.21","1.41","1.41","38.1",16.77294864476524,-22.437781773516235,26.775617012933868,27.482836807625716,46.28521549463125
"CH","2023-07-17","85.7","-2.37","5.45","Dunning, Dane",668227,641540,,"called_strike",,,,,9,,"R","R","R","TEX","TB","S",,,2,0,2023,"-1.47","0.45",0.661038599963385,2.0417201681529904,,,670042,2,3,"Top",,,,,,,10.180861414092142,-124.47508778604117,-2.6880352069364846,-17.315886026351205,24.42130308931049,-27.14993375136961,3.18652007109539,1.6100026200203,,,,"86.1",1787,"6.6",717367,641598,663993,543760,673962,608369,677649,665750,666969,"53.91",,,,,,,,19,3,"Changeup",0,2,2,0,2,0,2,0,"Standard","Standard",245,"0.003","-0.051",,,,,"0.051",,-2,2,0.304,0.696,28,28,29,28,2,1,8,1,5,1,"2.66","1.47","1.47","37.6",,,,,
"FC","2023-07-17","89.1","-2.3","5.5","Dunning, Dane",668227,641540,,"ball",,,,,14,,"R","R","R","TEX","TB","B",,,1,0,2023,"0.2","0.8",1.3043077843800994,1.9942475952157483,,,670042,2,3,"Top",,,,,,,8.519352917829606,-129.53087078849265,-4.319253252075788,0.534309513333037,25.627823436726562,-22.47747539191188,3.3520700635688,1.60999875657565,,,,"90",2071,"6.8",717367,641598,663993,543760,673962,608369,677649,665750,666969,"53.73",,,,,,,,19,2,"Cutter",0,2,2,0,2,0,2,0,"Standard","Standard",204,"-0.003","0.037",,,,,"-0.037",,-2,2,0.307,0.6930000000000001,28,28,29,28,2,1,8,1,5,1,"2.07","-0.2","-0.2","37.3",,,,,
"FC","2023-07-17","87.9","-2.44","5.55","Dunning, Dane",668227,641540,,"ball",,,,,3,,"R","R","R","TEX","TB","B",,,0,0,2023,"0.3","0.73",0.5672169150377355,3.4238397389808473,,,670042,2,3,"Top",,,,,,,6.70257065382327,-127.98661994280376,-0.5924840226108506,2.073256834047681,24.63666342566951,-24.206688468554145,3.38516904108099,1.63208718186586,,,,"88.7",2107,"6.6",717367,641598,663993,543760,673962,608369,677649,665750,666969,"53.87",,,,,,,,19,1,"Cutter",0,2,2,0,2,0,2,0,"Standard","Standard",189,"-0.002","0.03",,,,,"-0.03",,-2,2,0.309,0.6910000000000001,28,28,29,28,2,1,8,1,5,1,"2.2","-0.3","-0.3","38.3",,,,,
"CH","2023-07-17","87.1","-2.49","5.42","Dunning, Dane",664040,641540,"field_out","hit_into_play",,,,,7,"Brandon Lowe lines out to right fielder Adolis Garcia.","R","L","R","TEX","TB","X",9,"line_drive",3,2,2023,"-1.52","0.36",-0.777968055851435,1.8443793825161414,,670042,,2,1,"Top",189.68,102.05,,,,,7.288966969362516,-126.65978897132013,-3.142091607669906,-17.88637754176007,27.184608606926258,-27.864033844145172,3.36,1.52,287,"83.9",24,"87.5",1842,"6.7",717367,641598,663993,543760,673962,608369,677649,665750,666969,"53.83",0.245,0.252,"0",1,0,0,3,5,6,"Changeup",0,1,1,0,1,0,1,0,"Standard","Standard",251,"0.031","-0.272","68.4","7.8",,0.344,"0.272","88.0",-1,1,0.417,0.583,28,28,29,29,1,0,8,1,5,1,"2.66","1.52","-1.52","35.4",42.361429570820285,-1.8824992425952016,26.329083088678093,42.598125164751835,40.88033986897358
"CH","2023-07-17","87","-2.58","5.45","Dunning, Dane",664040,641540,,"ball",,,,,13,,"R","L","R","TEX","TB","B",,,2,2,2023,"-1.44","0.14",-1.5066453926130419,1.7509529186000772,,,670042,2,1,"Top",,,,,,,5.580535640320063,-126.55873103046255,-2.948981318179862,-16.640792367939156,27.996710446470576,-30.216637434645765,3.34880830511044,1.52000268213163,,,,"87.2",1803,"6.6",717367,641598,663993,543760,673962,608369,677649,665750,666969,"53.9",,,,,,,,5,5,"Changeup",0,1,1,0,1,0,1,0,"Infield shade","Standard",249,"-0.013","0.065",,,,,"-0.065",,-1,1,0.43,0.5700000000000001,28,28,29,29,1,0,8,1,5,1,"2.89","1.44","-1.44","37.8",,,,,
"CH","2023-07-17","86.6","-2.44","5.45","Dunning, Dane",664040,641540,,"foul",,,,,4,,"R","L","R","TEX","TB","S",,,2,1,2023,"-1.56","0.37",-0.3095556709641383,2.3803285885578527,,,670042,2,1,"Top",,,,,,,8.321004437034919,-125.86592006342997,-1.8302421347922095,-18.34278597749629,27.04071325895307,-28.087654661444336,3.36,1.52,98,"72.6",21,"86.8",2036,"6.6",717367,641598,663993,543760,673962,608369,677649,665750,666969,"53.87",,,,,,,,5,4,"Changeup",0,1,1,0,1,0,1,0,"Infield shade","Standard",249,"0.005","-0.063","70.2","8.0",,,"0.063","88.0",-1,1,0.425,0.575,28,28,29,29,1,0,8,1,5,1,"2.69","1.56","-1.56","33.2",27.934986084915796,-26.22261923013223,34.954183375733685,37.738287716669035,47.583393540958156
"SI","2023-07-17","91.6","-2.47","5.5","Dunning, Dane",664040,641540,,"ball",,,,,11,,"R","L","R","TEX","TB","B",,,1,1,2023,"-1.41","0.78",-1.963992692538492,3.1671491712559954,,,670042,2,1,"Top",,,,,,,4.328987177380665,-133.34876069988198,-1.6995495941950627,-17.69270811474442,29.828980496491994,-22.676114548514576,3.34880964542405,1.51999688651965,,,,"91.9",2021,"6.6",717367,641598,663993,543760,673962,608369,677649,665750,666969,"53.95",,,,,,,,5,3,"Sinker",0,1,1,0,1,0,1,0,"Infield shade","Standard",226,"-0.003","0.036",,,,,"-0.036",,-1,1,0.428,0.5720000000000001,28,28,29,29,1,0,8,1,5,1,"1.94","1.41","-1.41","33.1",,,,,
"FF","2023-07-17","92","-2.34","5.61","Dunning, Dane",664040,641540,,"ball",,,,,12,,"R","L","R","TEX","TB","B",,,0,1,2023,"-0.89","1",0.45122965033522966,4.665609636153448,,,670042,2,1,"Top",,,,,,,9.02109849654597,-133.73423733296494,1.2824582394513895,-12.524514539921828,27.74578559541165,-20.64197813128666,3.3711897494215,1.51999811333085,,,,"92.3",2103,"6.5",717367,641598,663993,543760,673962,608369,677649,665750,666969,"54.04",,,,,,,,5,2,"4-Seam Fastball",0,1,1,0,1,0,1,0,"Infield shade","Standard",216,"-0.002","0.025",,,,,"-0.025",,-1,1,0.43,0.5700000000000001,28,28,29,29,1,0,8,1,5,1,"1.69","0.89","-0.89","40.3",,,,,
"FC","2023-07-17","88.4","-2.56","5.47","Dunning, Dane",664040,641540,,"foul",,,,,8,,"R","L","R","TEX","TB","S",,,0,0,2023,"0.16","0.86",-0.0929366989689836,2.0760401105189557,,,670042,2,1,"Top",,,,,,,5.715687491549922,-128.74743785108151,-4.065408238063771,0.7058043660722652,25.222841797930755,-21.94518472787232,3.36,1.52,201,"86.5",63,"89.4",2167,"6.8",717367,641598,663993,543760,673962,608369,677649,665750,666969,"53.74",,,,,,,,5,1,"Cutter",0,1,1,0,1,0,1,0,"Infield shade","Standard",203,"0.003","-0.045","70.5","6.9",,,"0.045","88.0",-1,1,0.427,0.573,28,28,29,29,1,0,8,1,5,1,"2.04","-0.16","0.16","34.9",9.30255443946986,5.021014966636038,38.483894824407614,35.72124638602912,32.91858679682791
"SI","2023-07-17","92.1","-2.5","5.47","Dunning, Dane",668227,641540,"sac_fly","hit_into_play",,,,,14,"Randy Arozarena out on a sacrifice fly to center fielder Leody Taveras. Yandy Diaz scores.","R","R","R","TEX","TB","X",8,"line_drive",0,0,2023,"-1.31","0.79",0.31597297333752916,1.2487994593871177,650490,,670042,1,1,"Top",103.52,61.83,,,,,10.02426294640185,-133.60841715554653,-6.601190112174931,-17.80344578746226,28.747618697184546,-21.426401574898787,3.33,1.61,343,"106",15,"92.5",2049,"6.7",717367,641598,663993,543760,673962,608369,677649,665750,666969,"53.82",,0.749,"0",1,0,0,5,4,1,"Sinker",0,0,0,0,1,0,1,0,"Standard","Standard",225,"-0.008","-0.139","77.7","8.4",,,"0.139","106.0",0,0,0.435,0.565,28,28,29,28,1,0,8,1,5,1,"1.91","1.31","1.31","36.2",12.53178789631879,-2.125996452095599,29.253894472113842,37.67114174802605,36.62380263690232
"FC","2023-07-17","89.5","-2.54","5.57","Dunning, Dane",670042,641540,"force_out","hit_into_play",,,,,3,"Luke Raley grounds into a force out, first baseman Nathaniel Lowe to shortstop Corey Seager. Yandy Diaz to 3rd. Wander Franco out at 2nd. Luke Raley to 1st.","R","L","R","TEX","TB","X",3,"ground_ball",0,0,2023,"0.32","0.5",0.7097034979584067,3.413830214612278,,650490,677551,0,1,"Top",147.89,176.16,,,,,7.387103358699716,-130.1861886624934,-0.3248293626819685,1.9355834561090726,29.579771511513965,-26.695812037648828,3.51,1.61,25,"69.1",-5,"89.8",2152,"6.7",717367,641598,663993,543760,673962,608369,677649,665750,666969,"53.79",0.077,0.071,"0",1,0,0,2,3,1,"Cutter",0,0,0,0,0,0,0,0,"Standard","Standard",196,"0.025","-0.307","71.5","6.5",,0.139,"0.307","88.0",0,0,0.41,0.5900000000000001,28,28,29,29,1,0,8,1,5,1,"2.37","-0.32","0.32","35.8",13.254501496736001,-1.7034206775728191,22.36488395690535,30.351713490298167,32.4861167645126
"SI","2023-07-17","92.8","-2.57","5.44","Dunning, Dane",677551,641540,"walk","ball",,,,,13,"Wander Franco walks. Yandy Diaz to 2nd.","R","L","R","TEX","TB","B",,,3,1,2023,"-1.69","0.35",-1.9098297375042304,1.5413938626514316,,,650490,0,1,"Top",,,,,,,5.424544576292625,-134.95706822495512,-4.905163235319421,-21.819262933055704,32.93256263809292,-26.902652524685386,3.21071956374969,1.30724944043175,,,,"92.7",2032,"6.5",717367,641598,663993,543760,673962,608369,677649,665750,666969,"53.96",,0.695903,"0.7",1,0,0,,2,5,"Sinker",0,0,0,0,0,0,0,0,"Standard","Standard",227,"-0.032","0.242",,,,,"-0.242",,0,0,0.442,0.558,28,22,29,22,1,0,8,1,5,1,"2.32","1.69","-1.69","33.3",,,,,
"SI","2023-07-17","91.8","-2.61","5.35","Dunning, Dane",677551,641540,,"ball",,,,,13,,"R","L","R","TEX","TB","B",,,2,1,2023,"-1.4","0.35",-0.504047640625009,0.8769829565313048,,,650490,0,1,"Top",,,,,,,8.380293143777234,-133.27078555356786,-6.205639236703437,-18.48398938610698,30.254734730022452,-26.752684320295714,3.23639168670776,1.35550456241103,,,,"91.9",2000,"6.6",717367,641598,663993,543760,673962,608369,677649,665750,666969,"53.87",,,,,,,,2,4,"Sinker",0,0,0,0,0,0,0,0,"Standard","Standard",225,"-0.017","0.101",,,,,"-0.101",,0,0,0.459,0.5409999999999999,28,22,29,22,1,0,8,1,5,1,"2.38","1.4","-1.4","35.3",,,,,
"CH","2023-07-17","85.4","-2.61","5.42","Dunning, Dane",677551,641540,,"ball",,,,,11,,"R","L","R","TEX","TB","B",,,1,1,2023,"-1.49","0.32",-1.4116685609810629,2.7237116281624427,,,650490,0,1,"Top",,,,,,,5.8537873780858645,-124.29103754598707,-0.6692096645317577,-16.636396309770937,26.14901397728413,-28.988488625036428,3.27522857179627,1.44634808510384,,,,"85.7",1702,"6.6",717367,641598,663993,543760,673962,608369,677649,665750,666969,"53.94",,,,,,,,2,3,"Changeup",0,0,0,0,0,0,0,0,"Infield shade","Standard",254,"-0.007","0.042",,,,,"-0.042",,0,0,0.466,0.534,28,22,29,22,1,0,8,1,5,1,"2.82","1.49","-1.49","36.0",,,,,
"SI","2023-07-17","91.9","-2.55","5.53","Dunning, Dane",677551,641540,,"called_strike",,,,,13,,"R","L","R","TEX","TB","S",,,1,0,2023,"-1.54","0.41",-0.9127154962395809,1.555981466114212,,,650490,0,1,"Top",,,,,,,7.481022422201016,-133.55527752530895,-5.063145602366367,-20.065625662571566,30.395130980010123,-26.323593044944232,3.30891868941939,1.39013410867798,,,,"91.7",2007,"6.3",717367,641598,663993,543760,673962,608369,677649,665750,666969,"54.15",,,,,,,,2,2,"Sinker",0,0,0,0,0,0,0,0,"Standard","Standard",227,"0.007","-0.042",,,,,"0.042",,0,0,0.459,0.5409999999999999,28,22,29,22,1,0,8,1,5,1,"2.31","1.54","-1.54","34.7",,,,,
"SI","2023-07-17","91.3","-2.52","5.38","Dunning, Dane",677551,641540,,"ball",,,,,13,,"R","L","R","TEX","TB","B",,,0,0,2023,"-1.57","0.28",-0.1060436795434545,0.9016738001337772,,,650490,0,1,"Top",,,,,,,9.474032612260176,-132.4907962913126,-5.9473762240943415,-20.515992187528337,29.814536277938753,-27.750353047834448,3.38109278699386,1.51377239883755,,,,"91.3",1996,"6.5",717367,641598,663993,543760,673962,608369,677649,665750,666969,"53.96",,,,,,,,2,1,"Sinker",0,0,0,0,0,0,0,0,"Standard","Standard",230,"-0.005","0.03",,,,,"-0.03",,0,0,0.464,0.536,28,22,29,22,1,0,8,1,5,1,"2.49","1.57","-1.57","30.9",,,,,
"CU","2023-07-09","78.7","-2.48","5.57","Dunning, Dane",642086,641540,"hit_by_pitch","hit_by_pitch",,,,,14,"Dominic Smith hit by pitch.","R","L","R","WSH","TEX","B",,,0,0,2023,"1.01","-1.02",1.7967015897065872,1.147074987519205,,660688,,2,6,"Bot",,,,,,,7.423369620669071,-114.32199797241411,-0.7284493719552583,7.225104470243249,24.136926690223614,-41.14785160975883,3.15,1.53,,,,"78.7",2320,"6.7",717432,641598,663993,543760,673962,608369,677649,665750,543257,"53.81",,0.726005,"0.7",1,0,0,,49,1,"Curveball",2,1,2,1,1,2,2,1,"Standard","Standard",31,"0.007","0.132",,,,,"-0.132",,1,1,0.727,0.727,28,28,29,28,3,2,5,2,8,5,"4.76","-1.01","1.01","43.7",,,,,
"CH","2023-07-09","85.6","-2.61","5.52","Dunning, Dane",572816,641540,"field_out","hit_into_play",,,,,7,"Corey Dickerson lines out sharply to center fielder Leody Taveras.","R","L","R","WSH","TEX","X",8,"line_drive",1,1,2023,"-1.42","0.43",-0.5033376069787305,2.0658716985916135,,660688,,1,6,"Bot",128.36,65,,,,,7.887984453425331,-124.48960178209805,-2.7461537896310135,-16.31391852803096,24.67444047947428,-27.37848314308942,3.46,1.57,333,"100.2",17,"86.3",1959,"6.7",717432,641598,663993,543760,673962,608369,677649,665750,543257,"53.75",0.476,0.506,"0",1,0,0,4,48,3,"Changeup",2,1,2,1,1,2,2,1,"Infield shade","Standard",250,"-0.031","-0.276",,,,0.76,"0.276","100.2",1,1,0.758,0.758,28,34,29,34,3,2,5,3,8,5,"2.68","1.42","-1.42","40.6",,,,,
"SI","2023-07-09","91.8","-2.46","5.51","Dunning, Dane",572816,641540,,"foul",,,,,6,,"R","L","R","WSH","TEX","S",,,1,0,2023,"-0.95","0.76",0.322494724960107,2.5617649770740107,,660688,,1,6,"Bot",,,,,,,9.188640097507344,-133.3846976949098,-3.270147624351177,-13.310821394903726,28.414240407284144,-22.617272704943545,3.46,1.57,189,"68.1",56,"92.7",2089,"6.9",717432,641598,663993,543760,673962,608369,677649,665750,543257,"53.63",,,,,,,,48,2,"Sinker",2,1,2,1,1,2,2,1,"Infield shade","Standard",215,"-0.003","-0.049",,,,,"0.049","88.0",1,1,0.761,0.761,28,34,29,34,3,2,5,3,8,5,"1.95","0.95","-0.95","39.0",,,,,
"CH","2023-07-09","85.8","-2.7","5.55","Dunning, Dane",572816,641540,,"ball",,,,,11,,"R","L","R","WSH","TEX","B",,,0,0,2023,"-1.31","0.43",-1.3532448144078089,3.350721357845882,,660688,,1,6,"Bot",,,,,,,5.892804837108596,-124.86651806164717,0.1925951672276205,-14.883471830923634,24.04018202295361,-27.959469555780363,3.4683529920085,1.56356332576161,,,,"86.7",1944,"6.8",717432,641598,663993,543760,673962,608369,677649,665750,543257,"53.71",,,,,,,,48,1,"Changeup",2,1,2,1,1,2,2,1,"Infield shade","Standard",249,"0.001","0.034",,,,,"-0.034",,1,1,0.76,0.76,28,34,29,34,3,2,5,3,8,5,"2.66","1.31","-1.31","35.4",,,,,
"SI","2023-07-09","92.2","-2.51","5.49","Dunning, Dane",600869,641540,"grounded_into_double_play","hit_into_play",,,,,14,"Jeimer Candelario grounds into a double play, second baseman Marcus Semien to shortstop Corey Seager to first baseman Nathaniel Lowe. Lane Thomas out at 2nd. Jeimer Candelario out at 1st.","R","L","R","WSH","TEX","X",4,"ground_ball",2,0,2023,"-1.19","0.77",0.11363867395601313,1.5282139043809058,,682928,657041,1,5,"Bot",151.18,149.07,,,,,9.32775638472102,-134.01475512276292,-5.994344586278447,-16.243042169255755,26.694043816546575,-21.776545466166223,3.39,1.68,25,"103.1",-2,"93.4",2082,"6.9",717432,641598,663993,543760,673962,608369,677649,665750,543257,"53.64",0.463,0.427,"0",1,0,0,4,39,3,"Sinker",2,0,2,0,0,2,2,0,"Standard","Standard",218,"-0.068","-0.434",,,,0.51,"0.434","103.1",2,2,0.847,0.847,28,29,29,30,3,2,5,1,8,5,"1.9","1.19","-1.19","35.9",,,,,
"CU","2023-07-09","80","-2.51","5.65","Dunning, Dane",600869,641540,,"blocked_ball",,,,,14,,"R","L","R","WSH","TEX","B",,,1,0,2023,"0.6","-1.12",0.5899005189378312,0.6762996997203361,,682928,657041,1,5,"Bot",,,,,,,5.72364343373067,-116.36388457274016,-2.0464289233658812,4.208979915091601,24.48511218603318,-42.05422460945034,3.3900422514885,1.74399079701437,,,,"80",2325,"6.6",717432,641598,663993,543760,673962,608369,677649,665750,543257,"53.89",,,,,,,,39,2,"Curveball",2,0,2,0,0,2,2,0,"Standard","Standard",32,"0.007","0.067",,,,,"-0.067",,2,2,0.84,0.84,28,29,29,30,3,2,5,1,8,5,"4.72","-0.6","0.6","37.5",,,,,
"CU","2023-07-09","79.2","-2.48","5.58","Dunning, Dane",600869,641540,,"ball",,,,,14,,"R","L","R","WSH","TEX","B",,,0,0,2023,"0.68","-1.21",1.384467367339531,1.9487652643631144,,682928,657041,1,5,"Bot",,,,,,,7.189883449155123,-115.10200699956086,1.2248706861582572,4.460185422760764,24.123067127879754,-43.30963407539686,3.44224273176053,1.76978831293262,,,,"79.1",2321,"6.6",717432,641598,663993,543760,673962,608369,677649,665750,543257,"53.94",,,,,,,,39,1,"Curveball",2,0,2,0,0,2,2,0,"Standard","Standard",31,"0.004","0.042",,,,,"-0.042",,2,2,0.836,0.836,28,29,29,30,3,2,5,1,8,5,"4.89","-0.68","0.68","39.3",,,,,
"SL","2023-07-09","83","-2.42","5.63","Dunning, Dane",657041,641540,"single","hit_into_play",,,,,9,"Lane Thomas singles on a line drive to center fielder Leody Taveras. Alex Call scores. CJ Abrams to 2nd.","R","R","R","WSH","TEX","X",8,"line_drive",1,2,2023,"0.26","-0.08",0.29833460490024055,1.4306402759817414,,669743,682928,1,5,"Bot",114.31,84.33,,,,,5.748866627326313,-120.80308401902727,-3.0608270862418423,1.5535750386781442,20.833455413434873,-32.64436645496552,3.12,1.49,287,"99.8",15,"84",2392,"6.7",717432,641598,663993,543760,673962,608369,677649,665750,543257,"53.83",0.718,0.728,"0.9",1,1,0,4,38,4,"Slider",1,0,1,0,0,2,2,0,"Standard","Standard",66,"0.105","0.553",,,,0.981,"-0.553","99.8",1,1,0.731,0.731,28,27,29,28,3,2,5,1,8,5,"3.36","-0.26","-0.26","40.9",,,,,
"FC","2023-07-09","89.2","-2.59","5.57","Dunning, Dane",657041,641540,,"called_strike",,,,,1,,"R","R","R","WSH","TEX","S",,,1,1,2023,"0.39","0.57",-0.5738275837653184,2.9581865292752774,,669743,682928,1,5,"Bot",,,,,,,4.178702051424587,-129.9460186567179,-1.6730355796244651,3.6287897928738104,24.030165510090328,-25.546214699058897,3.20754856331496,1.43485018132864,,,,"90.4",2289,"6.7",717432,641598,663993,543760,673962,608369,677649,665750,543257,"53.78",,,,,,,,38,3,"Cutter",1,0,1,0,0,1,1,0,"Standard","Standard",186,"-0.011","-0.059",,,,,"0.059",,1,1,0.742,0.742,28,27,29,28,3,2,5,1,8,5,"2.26","-0.39","-0.39","39.8",,,,,
"SL","2023-07-09","85.1","-2.5","5.56","Dunning, Dane",657041,641540,,"ball",,,,,14,,"R","R","R","WSH","TEX","B",,,0,1,2023,"0.19","0.29",0.9460900211254798,1.3423684573319452,,669743,682928,1,5,"Bot",,,,,,,7.775767382648515,-123.79655505641222,-4.252638046197932,0.520496489846131,22.295991264681327,-28.601685357173984,3.20754856331496,1.51206188483336,,,,"86.1",2354,"6.7",717432,641598,663993,543760,673962,608369,677649,665750,543257,"53.76",,,,,,,,38,2,"Slider",1,0,1,0,0,1,1,0,"Standard","Standard",217,"0.004","0.031",,,,,"-0.031",,1,1,0.738,0.738,28,27,29,28,3,2,5,1,8,5,"2.84","-0.19","-0.19","39.4",,,,,
"SL","2023-07-09","85.2","-2.42","5.64","Dunning, Dane",657041,641540,,"called_strike",,,,,9,,"R","R","R","WSH","TEX","S",,,0,0,2023,"0.15","0.34",0.6719710616039464,1.5538410500318514,,669743,682928,1,5,"Bot",,,,,,,7.014315770343769,-124.0585354376614,-4.071386755573171,0.3439138696938944,21.74704108586055,-28.116616546381245,3.18150414216759,1.58932219721666,,,,"86.4",2350,"6.8",717432,641598,663993,543760,673962,608369,677649,665750,543257,"53.73",,,,,,,,38,1,"Slider",1,0,1,0,0,1,1,0,"Standard","Standard",159,"-0.006","-0.04",,,,,"0.04",,1,1,0.744,0.744,28,27,29,28,3,2,5,1,8,5,"2.77","-0.15","-0.15","42.3",,,,,
"FC","2023-07-09","89","-2.56","5.57","Dunning, Dane",682928,641540,"single","hit_into_play",,,,,5,"CJ Abrams singles on a line drive to left fielder Ezequiel Duran. Alex Call to 2nd.","R","L","R","WSH","TEX","X",7,"line_drive",1,0,2023,"0.12","0.66",0.05206853989101779,2.5893731685418704,,,669743,1,5,"Bot",91.79,109.47,,,,,6.237476971573298,-129.54489941993538,-2.7356326830734106,0.14249946130654798,24.681813290796992,-24.357340310899026,3.52,1.63,255,"88.3",17,"90.4",2136,"7",717432,641598,663993,543760,673962,608369,677649,665750,543257,"53.55",0.913,0.869,"0.9",1,1,0,4,37,2,"Cutter",1,0,1,0,0,1,1,0,"Standard","Standard",205,"0.031","0.379",,,,1.057,"-0.379","88.3",1,1,0.713,0.713,28,22,29,23,3,2,5,1,8,5,"2.2","-0.12","0.12","39.7",,,,,
"FC","2023-07-09","88.8","-2.48","5.56","Dunning, Dane",682928,641540,,"ball",,,,,12,,"R","L","R","WSH","TEX","B",,,0,0,2023,"-0.05","0.78",1.219835185169706,3.426811711881668,,,669743,1,5,"Bot",,,,,,,9.265346599741921,-129.0831849944918,-0.8465889820388464,-2.380262760552645,24.859907529138056,-23.409177643176562,3.52059366944538,1.66663165455567,,,,"90",2187,"6.9",717432,641598,663993,543760,673962,608369,677649,665750,543257,"53.59",,,,,,,,37,1,"Cutter",1,0,1,0,0,1,1,0,"Standard","Standard",202,"0.003","0.036",,,,,"-0.036",,1,1,0.71,0.71,28,22,29,23,3,2,5,1,8,5,"2.1","0.05","-0.05","39.4",,,,,
"SI","2023-07-09","91.2","-2.54","5.51","Dunning, Dane",669743,641540,"force_out","hit_into_play",,,,,7,"Alex Call grounds into a force out, shortstop Corey Seager to second baseman Marcus Semien. Luis Garcia out at 2nd. Alex Call to 1st.","R","R","R","WSH","TEX","X",6,"ground_ball",0,1,2023,"-1.07","0.91",-0.3056911109376317,1.9463426523803398,,,671277,0,5,"Bot",109.56,155.16,,,,,8.000669710342123,-132.51597754693543,-5.0495213963613175,-14.344990473344755,27.636835648878026,-20.58790288601316,3.35,1.61,7,"86",-15,"92",2020,"6.8",717432,641598,663993,543760,673962,608369,677649,665750,543257,"53.72",0.075,0.08,"0",1,0,0,2,36,2,"Sinker",1,0,1,0,0,1,1,0,"Infield shade","Standard",224,"-0.026","-0.314",,,,0.077,"0.314","88.0",1,1,0.736,0.736,28,28,29,29,2,1,5,1,8,5,"1.84","1.07","1.07","38.1",,,,,
"SL","2023-07-09","82.1","-2.63","5.63","Dunning, Dane",669743,641540,,"called_strike",,,,,1,,"R","R","R","WSH","TEX","S",,,0,0,2023,"0.17","-0.05",-0.3502178060757808,2.9421111417133146,,,671277,0,5,"Bot",,,,,,,4.872309627525624,-119.55493728426245,0.5494895723554505,0.7542788497710939,22.00184094556466,-33.00929592795723,3.44224273176053,1.64085634163302,,,,"82.9",2317,"6.7",717432,641598,663993,543760,673962,608369,677649,665750,543257,"53.79",,,,,,,,36,1,"Slider",1,0,1,0,0,1,1,0,"Infield shade","Standard",62,"-0.005","-0.036",,,,,"0.036",,1,1,0.741,0.741,28,28,29,29,2,1,5,1,8,5,"3.42","-0.17","-0.17","39.2",,,,,
"FF","2023-07-09","91.5","-2.39","5.71","Dunning, Dane",572816,641540,"field_out","hit_into_play",,,,,3,"Corey Dickerson flies out to center fielder Leody Taveras.","R","L","R","WSH","TEX","X",8,"fly_ball",1,2,2023,"-0.66","1.06",0.6552368422587089,2.9342955873762016,600869,,,2,4,"Bot",114.57,100.18,,,,,9.208348712447691,-132.993794438934,-3.4572094482556794,-9.718448152175064,27.489171485607674,-19.012922012765955,3.46,1.57,250,"76.5",40,"92.7",2134,"7",717432,641598,663993,543760,673962,608369,677649,665750,543257,"53.52",0.105,0.117,"0",1,0,0,3,29,4,"4-Seam Fastball",0,0,0,0,0,0,0,0,"Infield shade","Standard",214,"-0.034","-0.225",,,,0.169,"0.225","88.0",0,0,0.534,0.534,28,34,29,34,2,1,5,3,8,5,"1.66","0.66","-0.66","43.0",,,,,
"CH","2023-07-09","86.2","-2.5","5.49","Dunning, Dane",572816,641540,,"foul",,,,,13,,"R","L","R","WSH","TEX","S",,,1,1,2023,"-1.33","0.36",-0.2021597579375256,1.2587158842861688,600869,,,2,4,"Bot",,,,,,,8.272402875440491,-125.33810293208926,-4.657372225598104,-15.684366723122821,22.868242846200996,-27.621505785304528,3.46,1.57,0,"62.8",-76,"87.5",1822,"6.9",717432,641598,663993,543760,673962,608369,677649,665750,543257,"53.58",,,,,,,,29,3,"Changeup",0,0,0,0,0,0,0,0,"Infield shade","Standard",246,"-0.012","-0.061",,,,,"0.061","88.0",0,0,0.546,0.546,28,34,29,34,2,1,5,3,8,5,"2.68","1.33","-1.33","38.9",,,,,
"CH","2023-07-09","85.4","-2.53","5.56","Dunning, Dane",572816,641540,,"foul",,,,,4,,"R","L","R","WSH","TEX","S",,,1,0,2023,"-1.35","0.64",-0.6974932536280021,2.585605014970284,600869,,,2,4,"Bot",,,,,,,7.116146865058891,-124.21062022754894,-2.0339871055635275,-15.415465075907282,23.430221918566918,-25.372589927967798,3.46,1.57,102,"73.1",8,"86.6",1778,"7",717432,641598,663993,543760,673962,608369,677649,665750,543257,"53.54",,,,,,,,29,2,"Changeup",0,0,0,0,0,0,0,0,"Standard","Standard",244,"-0.003","-0.035",,,,,"0.035","88.0",0,0,0.549,0.549,28,34,29,34,2,1,5,3,8,5,"2.48","1.35","-1.35","37.5",,,,,
"FC","2023-07-09","88.4","-2.65","5.56","Dunning, Dane",572816,641540,,"ball",,,,,11,,"R","L","R","WSH","TEX","B",,,0,0,2023,"0.04","0.82",-1.8465977309957384,4.103692332066197,600869,,,2,4,"Bot",,,,,,,1.8989869305554794,-128.89741164622157,0.7368413104177504,0.14953345911341623,23.662010662531852,-23.25090325618947,3.52059366944538,1.58932219721666,,,,"89.8",2173,"6.8",717432,641598,663993,543760,673962,608369,677649,665750,543257,"53.72",,,,,,,,29,1,"Cutter",0,0,0,0,0,0,0,0,"Infield shade","Standard",195,"0.001","0.028",,,,,"-0.028",,0,0,0.548,0.548,28,34,29,34,2,1,5,3,8,5,"2.06","-0.04","0.04","39.5",,,,,
"SI","2023-07-09","90.9","-2.45","5.46","Dunning, Dane",660688,641540,"single","hit_into_play",,,,,13,"Keibert Ruiz singles on a fly ball to center fielder Leody Taveras. Keibert Ruiz out at 2nd on the throw, center fielder Leody Taveras to second baseman Marcus Semien. Jeimer Candelario to 3rd.","R","L","R","WSH","TEX","X",8,"fly_ball",1,0,2023,"-1.48","0.68",-1.187204207841448,1.8860859677278217,,,600869,1,4,"Bot",89.14,104.99,,,,,6.408751262410243,-132.23911053495394,-4.540963439756135,-18.740581783892758,28.53403033685873,-23.42334096240438,3.41,1.62,234,"71.9",31,"91.7",2060,"6.8",717432,641598,663993,543760,673962,608369,677649,665750,543257,"53.72",0.582,0.544,"0.9",1,1,0,4,28,2,"Sinker",0,0,0,0,0,0,0,0,"Infield shade","Standard",223,"-0.019","0.379",,,,0.649,"-0.379","88.0",0,0,0.567,0.567,28,24,29,25,2,1,5,1,8,5,"2.08","1.48","-1.48","37.6",,,,,
"CH","2023-07-09","84.8","-2.6","5.58","Dunning, Dane",660688,641540,,"ball",,,,,13,,"R","L","R","WSH","TEX","B",,,0,0,2023,"-1.43","0.5",-1.574384016163598,1.2033705827475578,,,600869,1,4,"Bot",,,,,,,5.317027573061383,-123.36431532409955,-4.923207415415842,-15.699256391013607,24.554258888806064,-26.32474118834409,3.36395198498364,1.58932219721666,,,,"85.4",1907,"6.7",717432,641598,663993,543760,673962,608369,677649,665750,543257,"53.79",,,,,,,,28,1,"Changeup",0,0,0,0,0,0,0,0,"Infield shade","Standard",246,"0.004","0.036",,,,,"-0.036",,0,0,0.563,0.563,28,24,29,25,2,1,5,1,8,5,"2.68","1.43","-1.43","37.0",,,,,
"SL","2023-07-09","83.8","-2.43","5.47","Dunning, Dane",608841,641540,"strikeout","swinging_strike",,,,,14,"Joey Meneses strikes out swinging.","R","R","R","WSH","TEX","S",2,,0,2,2023,"0.05","0",0.7549026029442084,1.4326638682905326,,,600869,0,4,"Bot",,,,,,,7.329386397816976,-121.83894283356635,-2.869600439798034,-1.100594213884115,26.106214655393398,-31.74049067898635,3.62,1.73,,,,"84.2",2350,"6.8",717432,641598,663993,543760,673962,608369,677649,665750,543257,"53.68",,0,"0",1,0,0,,27,3,"Slider",0,0,0,0,0,0,0,0,"Standard","Standard",81,"-0.024","-0.156",,,,,"0.156",,0,0,0.587,0.587,28,31,29,31,2,1,5,1,8,5,"3.27","-0.05","-0.05","37.6",,,,,
"SL","2023-07-09","84.1","-2.44","5.53","Dunning, Dane",608841,641540,,"swinging_strike",,,,,14,,"R","R","R","WSH","TEX","S",,,0,1,2023,"0.16","0.02",1.1799112776525427,1.0517667967726778,,,600869,0,4,"Bot",,,,,,,8.153443690349112,-122.10615336595701,-3.9980782526526695,-0.16436526353977762,26.09541583328674,-31.278896303088768,3.62,1.73,,,,"84.5",2362,"6.9",717432,641598,663993,543760,673962,608369,677649,665750,543257,"53.64",,,,,,,,27,2,"Slider",0,0,0,0,0,0,0,0,"Infield shade","Standard",68,"-0.01","-0.043",,,,,"0.043",,0,0,0.597,0.597,28,31,29,31,2,1,5,1,8,5,"3.23","-0.16","-0.16","35.7",,,,,
"SI","2023-07-09","90.2","-2.59","5.42","Dunning, Dane",608841,641540,,"called_strike",,,,,7,,"R","R","R","WSH","TEX","S",,,0,0,2023,"-1.4","0.74",-0.44353226334906615,1.8036568049991095,,,600869,0,4,"Bot",,,,,,,8.40120705840162,-130.9977789095265,-4.608355038350018,-17.907336160293895,28.83847465913133,-22.825997349825393,3.65131404278882,1.84721454967706,,,,"90.9",2078,"6.9",717432,641598,663993,543760,673962,608369,677649,665750,543257,"53.59",,,,,,,,27,1,"Sinker",0,0,0,0,0,0,0,0,"Standard","Standard",222,"-0.006","-0.036",,,,,"0.036",,0,0,0.603,0.603,28,31,29,31,2,1,5,1,8,5,"2.08","1.4","1.4","36.8",,,,,
"SI","2023-07-09","91.9","-2.45","5.5","Dunning, Dane",657041,641540,"strikeout","swinging_strike",,,,,13,"Lane Thomas strikes out swinging.","R","R","R","WSH","TEX","S",2,,2,2,2023,"-1.5","0.5",-1.149192131740876,1.3979825029846498,,669743,,2,3,"Bot",,,,,,,6.646665385200369,-133.61224405545488,-5.714760009627909,-19.440349755031967,27.318528311726592,-25.12975579364138,3.12,1.49,,,,"93.2",2026,"7",717432,641598,663993,543760,673962,608369,677649,665750,543257,"53.52",,0,"0",1,0,0,,20,6,"Sinker",0,0,0,0,0,0,0,0,"Standard","Standard",220,"-0.032","-0.218",,,,,"0.218",,0,0,0.532,0.532,28,27,29,28,2,1,5,1,8,5,"2.19","1.5","1.5","37.8",,,,,
"CH","2023-07-09","85.3","-2.59","5.43","Dunning, Dane",657041,641540,,"ball",,,,,13,,"R","R","R","WSH","TEX","B",,,1,2,2023,"-1.39","0.07",-1.9041607818852555,1.6916737053137418,,669743,,2,3,"Bot",,,,,,,4.453010651180955,-124.24877119774806,-2.6765079973778843,-15.28486347732674,24.308906582271224,-31.117159605942838,3.07739081312816,1.48631927570055,,,,"86.4",1850,"6.9",717432,641598,663993,543760,673962,608369,677649,665750,543257,"53.64",,,,,,,,20,5,"Changeup",0,0,0,0,0,0,0,0,"Standard","Standard",251,"0.005","0.015",,,,,"-0.015",,0,0,0.527,0.527,28,27,29,28,2,1,5,1,8,5,"3.05","1.39","1.39","36.0",,,,,
"FF","2023-07-09","91.2","-2.32","5.69","Dunning, Dane",657041,641540,,"ball",,,,,12,,"R","R","R","WSH","TEX","B",,,0,2,2023,"-0.18","1.1",0.8510736657119637,4.246217096336963,,669743,,2,3,"Bot",,,,,,,8.435683157003929,-132.64556760603801,-0.15473395506597382,-3.7452286311965484,25.113689697286496,-19.22791568241389,3.05137845720952,1.48631927570055,,,,"92.5",2224,"6.8",717432,641598,663993,543760,673962,608369,677649,665750,543257,"53.66",,,,,,,,20,4,"4-Seam Fastball",0,0,0,0,0,0,0,0,"Standard","Standard",213,"0.004","0.018",,,,,"-0.018",,0,0,0.523,0.523,28,27,29,28,2,1,5,1,8,5,"1.62","0.18","0.18","41.8",,,,,
"SL","2023-07-09","83.7","-2.35","5.61","Dunning, Dane",657041,641540,,"foul",,,,,8,,"R","R","R","WSH","TEX","S",,,0,2,2023,"0.07","0.07",0.23607175636660482,1.4078198976614846,,669743,,2,3,"Bot",,,,,,,5.89157724919878,-121.83239505829727,-3.46499602292523,-0.4698397646471758,23.66917465960424,-30.971241066020063,3.12,1.49,2,"73.5",-36,"84.6",2377,"6.8",717432,641598,663993,543760,673962,608369,677649,665750,543257,"53.67",,,,,,,,20,3,"Slider",0,0,0,0,0,0,0,0,"Standard","Standard",15,"0","0",,,,,"0","88.0",0,0,0.523,0.523,28,27,29,28,2,1,5,1,8,5,"3.18","-0.07","-0.07","41.4",,,,,
"SL","2023-07-09","83.8","-2.48","5.55","Dunning, Dane",657041,641540,,"foul",,,,,3,,"R","R","R","WSH","TEX","S",,,0,1,2023,"0.28","0.1",0.4959147753934546,2.9305279977629684,,669743,,2,3,"Bot",,,,,,,6.369753503261106,-121.96641716581934,0.10853311018856049,1.6881186419219703,21.985135704506675,-31.3726811868592,3.12,1.49,154,"71.8",72,"84.9",2288,"6.8",717432,641598,663993,543760,673962,608369,677649,665750,543257,"53.72",,,,,,,,20,2,"Slider",0,0,0,0,0,0,0,0,"Standard","Standard",81,"-0.009","-0.061",,,,,"0.061","88.0",0,0,0.532,0.532,28,27,29,28,2,1,5,1,8,5,"3.12","-0.28","-0.28","40.3",,,,,
"FC","2023-07-09","89.5","-2.46","5.54","Dunning, Dane",657041,641540,,"foul",,,,,2,,"R","R","R","WSH","TEX","S",,,0,0,2023,"0.14","0.85",0.21196868495090368,2.7445721248116035,,669743,,2,3,"Bot",,,,,,,6.351206820954638,-130.26845663940313,-2.7568223795822067,0.4459324189355376,24.594645327911266,-22.101682561163347,3.12,1.49,228,"72.4",34,"90.9",2223,"6.9",717432,641598,663993,543760,673962,608369,677649,665750,543257,"53.6",,,,,,,,20,1,"Cutter",0,0,0,0,0,0,0,0,"Standard","Standard",200,"-0.006","-0.046",,,,,"0.046","88.0",0,0,0.538,0.538,28,27,29,28,2,1,5,1,8,5,"1.97","-0.14","-0.14","40.1",,,,,
"SL","2023-07-09","83.4","-2.49","5.52","Dunning, Dane",682928,641540,"field_out","hit_into_play",,,,,8,"CJ Abrams flies out to left fielder Ezequiel Duran.","R","L","R","WSH","TEX","X",7,"fly_ball",0,2,2023,"0.36","0.02",0.028317423289051152,1.8801104177721752,,669743,,1,3,"Bot",68.43,92.9,,,,,5.147272407845,-121.4900090280847,-2.0053590848033203,2.5525364531137016,23.014077373153604,-31.843054497137192,3.52,1.63,299,"90.4",39,"84.3",2420,"6.8",717432,641598,663993,543760,673962,608369,677649,665750,543257,"53.74",0.013,0.016,"0",1,0,0,3,19,3,"Slider",0,0,0,0,0,0,0,0,"Standard","Standard",71,"-0.023","-0.183",,,,0.025,"0.183","90.4",0,0,0.561,0.561,28,22,29,23,2,1,5,1,8,5,"3.25","-0.36","0.36","39.0",,,,,
"FC","2023-07-09","90.8","-2.45","5.56","Dunning, Dane",682928,641540,,"called_strike",,,,,6,,"R","L","R","WSH","TEX","S",,,0,1,2023,"-0.14","1.1",0.574764961800479,2.5389950443024256,,,669743,1,3,"Bot",,,,,,,7.940330078890258,-132.07560156180986,-4.078423379824307,-3.2004283078659737,24.759993451080533,-18.608727369067235,3.70365016163554,1.71819886211188,,,,"92",2221,"6.8",717432,641598,663993,543760,673962,608369,677649,665750,543257,"53.73",,,,,,,,19,2,"Cutter",0,0,0,0,0,0,0,0,"Infield shade","Standard",214,"0.008","-0.053",,,,,"0.053",,0,0,0.553,0.553,28,22,29,23,2,1,5,1,8,5,"1.64","0.14","-0.14","35.1",,,,,
"CU","2023-07-09","78.2","-2.39","5.6","Dunning, Dane",682928,641540,,"foul",,,,,9,,"R","L","R","WSH","TEX","S",,,0,0,2023,"0.93","-0.97",0.3662369711845115,1.956545690898837,,,669743,1,3,"Bot",,,,,,,4.235876567479123,-113.6821669838821,0.9276421197510574,7.107735318548236,23.72055394127411,-40.96279913243714,3.52,1.63,147,"63.5",62,"78.2",2099,"6.6",717432,641598,663993,543760,673962,608369,677649,665750,543257,"53.87",,,,,,,,19,1,"Curveball",0,0,0,0,0,0,0,0,"Standard","Standard",33,"-0.005","-0.042",,,,,"0.042","88.0",0,0,0.558,0.558,28,22,29,23,2,1,5,1,8,5,"4.75","-0.93","0.93","44.4",,,,,
"CH","2023-07-09","86.2","-2.51","5.51","Dunning, Dane",642086,641540,"field_out","hit_into_play",,,,,5,"Dominic Smith pops out to shortstop Corey Seager.","R","L","R","WSH","TEX","X",6,"popup",1,1,2023,"-1.4","0.58",-0.21986966326424406,2.1004520077444706,,,608841,2,2,"Bot",123.54,111.75,,,,,8.375206757376016,-125.22876673857819,-3.064826099672451,-16.42486905409738,24.401232260959567,-25.658141830647107,3.15,1.53,219,"68",40,"87.2",1987,"6.9",717432,641598,663993,543760,673962,608369,677649,665750,543257,"53.58",0.529,0.525,"0",1,0,0,3,13,3,"Changeup",0,0,0,0,0,0,0,0,"Infield shade","Standard",247,"-0.023","-0.266",,,,0.645,"0.266","88.0",0,0,0.523,0.523,28,28,29,28,1,0,5,2,8,5,"2.49","1.4","-1.4","35.9",,,,,
"FC","2023-07-09","88","-2.56","5.52","Dunning, Dane",642086,641540,,"foul",,,,,1,,"R","L","R","WSH","TEX","S",,,1,0,2023,"0.13","0.68",-0.32466971383372123,3.0077984862603375,,,608841,2,2,"Bot",,,,,,,5.200909546142702,-128.19741619089683,-1.4868057136334951,0.563152225039329,23.107853435291105,-24.532297070314954,3.15,1.53,173,"74.1",17,"89.5",2220,"6.8",717432,641598,663993,543760,673962,608369,677649,665750,543257,"53.65",,,,,,,,13,2,"Cutter",0,0,0,0,0,0,0,0,"Standard","Standard",197,"-0.003","-0.05",,,,,"0.05","88.0",0,0,0.526,0.526,28,28,29,28,1,0,5,2,8,5,"2.23","-0.13","0.13","37.9",,,,,
"CU","2023-07-09","78.5","-2.55","5.62","Dunning, Dane",642086,641540,,"ball",,,,,11,,"R","L","R","WSH","TEX","B",,,0,0,2023,"0.87","-1.02",-1.3769856968459155,4.170576655829049,,,608841,2,2,"Bot",,,,,,,0.929241324610073,-114.0724853475798,5.694910218608155,7.378843939735439,23.144875413305392,-42.40088662329751,3.33820405969341,1.56387086169148,,,,"78.3",2036,"6.5",717432,641598,663993,543760,673962,608369,677649,665750,543257,"54.04",,,,,,,,13,1,"Curveball",0,0,0,0,0,0,0,0,"Standard","Standard",30,"0.002","0.03",,,,,"-0.03",,0,0,0.524,0.524,28,28,29,28,1,0,5,2,8,5,"4.76","-0.87","0.87","38.7",,,,,
"CH","2023-07-09","87.3","-2.5","5.54","Dunning, Dane",572816,641540,"field_out","hit_into_play",,,,,4,"Corey Dickerson flies out to left fielder Ezequiel Duran.","R","L","R","WSH","TEX","X",7,"fly_ball",0,2,2023,"-1.39","0.41",-0.46935191031137347,2.438334613209613,,,608841,1,2,"Bot",79.31,97.29,,,,,7.827418487579415,-126.89688747193787,-2.164982290016327,-16.66466150366489,25.864470853585598,-27.506368027678214,3.46,1.57,278,"88.8",45,"88.1",1956,"6.9",717432,641598,663993,543760,673962,608369,677649,665750,543257,"53.65",0.005,0.005,"0",1,0,0,3,12,4,"Changeup",0,0,0,0,0,0,0,0,"Infield shade","Standard",250,"-0.018","-0.162",,,,0.006,"0.162","88.8",0,0,0.542,0.542,28,34,29,34,1,0,5,3,8,5,"2.59","1.39","-1.39","36.3",,,,,
"CU","2023-07-09","80.6","-2.51","5.57","Dunning, Dane",572816,641540,,"foul",,,,,9,,"R","L","R","WSH","TEX","S",,,0,2,2023,"0.69","-1.2",0.7216616345722583,1.549053773203254,,,608841,1,2,"Bot",,,,,,,5.924190809910983,-117.2286827794574,0.04600497318445451,5.134755026541044,23.098950661139984,-43.41586100609165,3.46,1.57,57,"96.5",2,"81",2274,"6.7",717432,641598,663993,543760,673962,608369,677649,665750,543257,"53.79",,,,,,,,12,3,"Curveball",0,0,0,0,0,0,0,0,"Standard","Standard",30,"0","0",,,,,"0","96.5",0,0,0.542,0.542,28,34,29,34,1,0,5,3,8,5,"4.72","-0.69","0.69","39.6",,,,,
"SI","2023-07-09","92.8","-2.47","5.51","Dunning, Dane",572816,641540,,"foul",,,,,8,,"R","L","R","WSH","TEX","S",,,0,1,2023,"-1.25","0.68",0.20482919703156655,1.8290540879398653,,,608841,1,2,"Bot",,,,,,,9.672943134329094,-134.71669734885808,-5.152855448805294,-17.327645682620634,28.17500419221324,-22.931143412692393,3.46,1.57,,,,"93.7",2157,"6.9",717432,641598,663993,543760,673962,608369,677649,665750,543257,"53.62",,,,,,,,12,2,"Sinker",0,0,0,0,0,0,0,0,"Infield shade","Standard",222,"-0.008","-0.053",,,,,"0.053",,0,0,0.55,0.55,28,34,29,34,1,0,5,3,8,5,"1.97","1.25","-1.25","37.8",,,,,
"SI","2023-07-09","91","-2.48","5.53","Dunning, Dane",572816,641540,,"foul",,,,,2,,"R","L","R","WSH","TEX","S",,,0,0,2023,"-0.86","0.8",0.2559616604164505,3.371164413669131,,,608841,1,2,"Bot",,,,,,,8.827666830473941,-132.3039819079526,-1.2467123795121855,-11.995339387605966,27.299570296592755,-22.647582536027716,3.46,1.57,243,"74.6",52,"92.1",2077,"6.9",717432,641598,663993,543760,673962,608369,677649,665750,543257,"53.55",,,,,,,,12,1,"Sinker",0,0,0,0,0,0,0,0,"Standard","Standard",217,"-0.004","-0.042",,,,,"0.042","88.0",0,0,0.554,0.554,28,34,29,34,1,0,5,3,8,5,"1.95","0.86","-0.86","37.0",,,,,
"FC","2023-07-09","89.6","-2.5","5.57","Dunning, Dane",660688,641540,"field_out","hit_into_play",,,,,6,"Keibert Ruiz flies out to right fielder Robbie Grossman.","R","L","R","WSH","TEX","X",9,"fly_ball",1,1,2023,"0.31","0.7",0.6493580716249746,2.540994746901916,,,608841,0,2,"Bot",192.55,67.51,,,,,7.1840705541476195,-130.43641590822523,-3.063202352979261,2.2530568184900623,24.65639262379192,-23.70269525960457,3.41,1.62,363,"93",36,"90.9",2112,"6.8",717432,641598,663993,543760,673962,608369,677649,665750,543257,"53.7",0.05,0.08,"0",1,0,0,3,11,3,"Cutter",0,0,0,0,0,0,0,0,"Infield shade","Standard",202,"-0.033","-0.229",,,,0.159,"0.229","93.0",0,0,0.587,0.587,28,24,29,25,1,0,5,1,8,5,"2.11","-0.31","0.31","40.6",,,,,
"CH","2023-07-09","85.6","-2.5","5.55","Dunning, Dane",660688,641540,,"ball",,,,,13,,"R","L","R","WSH","TEX","B",,,0,1,2023,"-1.08","0.2",-0.1780847503807057,1.0700145950325983,,,608841,0,2,"Bot",,,,,,,7.735944549242928,-124.420451344125,-4.800140547142225,-12.678798249181558,22.60926999010062,-29.335378982107123,3.52093323303903,1.61539506754755,,,,"86.7",1672,"6.9",717432,641598,663993,543760,673962,608369,677649,665750,543257,"53.64",,,,,,,,11,2,"Changeup",0,0,0,0,0,0,0,0,"Infield shade","Standard",248,"0.003","0.024",,,,,"-0.024",,0,0,0.584,0.584,28,24,29,25,1,0,5,1,8,5,"2.89","1.08","-1.08","37.0",,,,,
"CH","2023-07-09","85.8","-2.59","5.51","Dunning, Dane",660688,641540,,"called_strike",,,,,1,,"R","L","R","WSH","TEX","S",,,0,0,2023,"-1.3","0.5",-0.7647615874686349,3.1456042699724196,,,608841,0,2,"Bot",,,,,,,7.013302037761158,-124.81848139263555,-0.36698316510523643,-15.007560517016758,23.624073217178527,-27.09919081318102,3.3121264616742,1.58963023399075,,,,"86.8",1802,"6.8",717432,641598,663993,543760,673962,608369,677649,665750,543257,"53.69",,,,,,,,11,1,"Changeup",0,0,0,0,0,0,0,0,"Infield shade","Standard",248,"-0.005","-0.036",,,,,"0.036",,0,0,0.589,0.589,28,24,29,25,1,0,5,1,8,5,"2.59","1.3","-1.3","36.9",,,,,
"CH","2023-07-09","86","-2.55","5.55","Dunning, Dane",600869,641540,"grounded_into_double_play","hit_into_play",,,,,11,"Jeimer Candelario grounds into a double play, second baseman Marcus Semien to shortstop Corey Seager to first baseman Nathaniel Lowe. Lane Thomas out at 2nd. Jeimer Candelario out at 1st.","R","L","R","WSH","TEX","X",4,"ground_ball",2,1,2023,"-1.24","0.24",-1.1017544420937764,2.83067078959253,,,657041,1,1,"Bot",149.15,155.67,,,,,6.002812944088402,-125.06396105465251,-0.6518989410936596,-14.285455729399816,26.433669803143093,-29.750228576929434,3.39,1.68,6,"76.3",-25,"86.5",1700,"6.8",717432,641598,663993,543760,673962,608369,677649,665750,543257,"53.72",0.038,0.049,"0",1,0,0,2,6,4,"Changeup",0,0,0,0,0,0,0,0,"Infield shade","Standard",253,"-0.055","-0.362",,,,0.038,"0.362","88.0",0,0,0.555,0.555,28,29,29,30,1,0,5,1,8,5,"2.86","1.24","-1.24","34.8",,,,,
"CH","2023-07-09","85","-2.59","5.55","Dunning, Dane",600869,641540,,"ball",,,,,11,,"R","L","R","WSH","TEX","B",,,1,1,2023,"-1.3","0.43",-1.2614234035802019,3.0619620828947673,,,657041,1,1,"Bot",,,,,,,5.770413712992674,-123.71302632700356,-0.354405868911847,-14.55060088268388,25.7924542271339,-27.89560240834972,3.3121264616742,1.61539506754755,,,,"85.5",1825,"6.7",717432,641598,663993,543760,673962,608369,677649,665750,543257,"53.79",,,,,,,,6,3,"Changeup",0,0,0,0,0,0,0,0,"Infield shade","Standard",251,"0.005","0.046",,,,,"-0.046",,0,0,0.55,0.55,28,29,29,30,1,0,5,1,8,5,"2.73","1.3","-1.3","35.2",,,,,
"CU","2023-07-09","78.3","-2.52","5.63","Dunning, Dane",600869,641540,,"called_strike",,,,,4,,"R","L","R","WSH","TEX","S",,,1,0,2023,"0.91","-0.86",-0.4203562897475649,2.7863943793267456,,,657041,1,1,"Bot",,,,,,,2.857446176319519,-114.01190305315825,2.353835990950917,7.389627836132801,22.0660476406979,-40.36512677082354,3.36428825379394,1.58963023399075,,,,"78.4",2129,"6.5",717432,641598,663993,543760,673962,608369,677649,665750,543257,"54.03",,,,,,,,6,2,"Curveball",0,0,0,0,0,0,0,0,"Infield shade","Standard",30,"-0.005","-0.053",,,,,"0.053",,0,0,0.555,0.555,28,29,29,30,1,0,5,1,8,5,"4.59","-0.91","0.91","40.8",,,,,
"CU","2023-07-09","77.8","-2.55","5.68","Dunning, Dane",600869,641540,,"ball",,,,,11,,"R","L","R","WSH","TEX","B",,,0,0,2023,"0.91","-0.87",-1.2151655274046635,4.484773892939057,,,657041,1,1,"Bot",,,,,,,1.1949504963142952,-113.13747355533188,6.001722747305305,7.523883896074805,21.472077688873448,-40.98039244757582,3.36428825379394,1.61539506754755,,,,"77.9",2099,"6.5",717432,641598,663993,543760,673962,608369,677649,665750,543257,"54.04",,,,,,,,6,1,"Curveball",0,0,0,0,0,0,0,0,"Infield shade","Standard",37,"0.004","0.036",,,,,"-0.036",,0,0,0.551,0.551,28,29,29,30,1,0,5,1,8,5,"4.65","-0.91","0.91","37.9",,,,,
"CH","2023-07-04","85.2","-2.51","5.35","Dunning, Dane",671213,641540,"field_out","hit_into_play",,,,,5,"Triston Casas flies out sharply to center fielder Leody Taveras.","R","L","R","BOS","TEX","X",8,"fly_ball",0,1,2023,"-1.4","0.36",-0.2650642454252754,2.3299059143612593,,807799,646240,2,6,"Bot",117.34,56,,,,,8.196399326781838,-123.7860577934396,-1.4250301652176929,-16.041981251058814,27.41448830918351,-28.40738886342969,3.65,1.72,354,"104",42,"85.9",1806,"7.1",717501,641598,663993,543760,673962,608369,543257,665750,666969,"53.41",0.25,0.48299999999999993,"0",1,0,0,5,51,2,"Changeup",1,4,1,4,4,1,1,4,"Standard","Standard",248,"-0.044","-0.256",,,,0.956,"0.256","104.0",-3,-3,0.151,0.151,28,23,29,23,3,2,6,2,5,2,"2.82","1.4","-1.4","39.1",,,,,
"CU","2023-07-04","77.4","-2.52","5.51","Dunning, Dane",671213,641540,,"swinging_strike",,,,,6,,"R","L","R","BOS","TEX","S",,,0,0,2023,"0.82","-1.11",0.694889904550184,2.4485531812038968,,807799,646240,2,6,"Bot",,,,,,,5.4017125547571725,-112.46326816749021,2.637880286914837,5.710970747802615,24.32120223915713,-42.316780729157486,3.65,1.72,,,,"77.5",1893,"6.9",717501,641598,663993,543760,673962,608369,543257,665750,666969,"53.61",,,,,,,,51,1,"Curveball",1,4,1,4,4,1,1,4,"Standard","Standard",39,"-0.008","-0.04",,,,,"0.04",,-3,-3,0.159,0.159,28,23,29,23,3,2,6,2,5,2,"4.99","-0.82","0.82","41.7",,,,,
"SL","2023-07-04","83.6","-2.56","5.32","Dunning, Dane",457759,641540,"strikeout","swinging_strike",,,,,14,"Justin Turner strikes out swinging.","R","R","R","BOS","TEX","S",2,,1,2,2023,"0.35","0.09",0.11462855832528471,0.8457620308159233,,807799,646240,1,6,"Bot",,,,,,,5.540006870016465,-121.74351314109585,-4.211342313322381,2.621484344350603,19.943122831610427,-30.745839490919863,3.33,1.48,,,,"85.1",2287,"6.8",717501,641598,663993,543760,673962,608369,543257,665750,666969,"53.65",,0,"0",1,0,0,,50,4,"Slider",1,4,1,4,4,1,1,4,"Standard","Standard",106,"-0.043","-0.173",,,,,"0.173",,-3,-3,0.202,0.202,28,38,29,39,3,2,6,2,5,1,"3.12","-0.35","-0.35","40.5",,,,,
"SL","2023-07-04","83.7","-2.47","5.41","Dunning, Dane",457759,641540,,"foul",,,,,14,,"R","R","R","BOS","TEX","S",,,1,1,2023,"0.08","0.16",0.9836447947727819,2.273591476712333,,807799,646240,1,6,"Bot",,,,,,,7.8999000060172815,-121.62867303998276,-1.1039415721139383,-0.8304686054193848,24.3054672430341,-30.60746688908982,3.33,1.48,94,"80",75,"84.4",2213,"6.8",717501,641598,663993,543760,673962,608369,543257,665750,666969,"53.66",,,,,,,,50,3,"Slider",1,4,1,4,4,1,1,4,"Infield shade","Standard",103,"-0.015","-0.059",,,,,"0.059","88.0",-3,-3,0.217,0.217,28,38,29,39,3,2,6,2,5,1,"3.11","-0.08","-0.08","38.8",,,,,
"FC","2023-07-04","89.7","-2.4","5.4","Dunning, Dane",457759,641540,,"swinging_strike",,,,,12,,"R","R","R","BOS","TEX","S",,,1,0,2023,"-0.07","0.91",0.9776076381886758,2.765441862449607,,807799,646240,1,6,"Bot",,,,,,,8.609218803256331,-130.32909999001492,-2.453968863071535,-2.6396685483259215,27.423424253183583,-21.438595269140606,3.33,1.48,,,,"90.7",2097,"7",717501,641598,663993,543760,673962,608369,543257,665750,666969,"53.53",,,,,,,,50,2,"Cutter",1,4,1,4,4,1,1,4,"Infield shade","Standard",202,"-0.011","-0.051",,,,,"0.051",,-3,-3,0.228,0.228,28,38,29,39,3,2,6,2,5,1,"1.93","0.07","0.07","40.4",,,,,
"SI","2023-07-04","90.5","-2.46","5.26","Dunning, Dane",457759,641540,,"ball",,,,,14,,"R","R","R","BOS","TEX","B",,,0,0,2023,"-1.26","0.69",1.2603012594473773,1.044430441485563,,807799,646240,1,6,"Bot",,,,,,,12.163837496564014,-131.0378744224074,-6.023174403358988,-17.28451062120781,30.473181667811474,-23.056550939121923,3.09091177631858,1.47771937512621,,,,"91.3",2099,"7.3",717501,641598,663993,543760,673962,608369,543257,665750,666969,"53.24",,,,,,,,50,1,"Sinker",1,4,1,4,4,1,1,4,"Infield shade","Standard",225,"0.008","0.042",,,,,"-0.042",,-3,-3,0.22,0.22,28,38,29,39,3,2,6,2,5,1,"2.15","1.26","1.26","34.4",,,,,
"SI","2023-07-04","91","-2.57","5.35","Dunning, Dane",646240,641540,"single","hit_into_play",,,,,4,"Rafael Devers singles on a ground ball to right fielder Adolis Garcia. Masataka Yoshida to 2nd.","R","L","R","BOS","TEX","X",9,"ground_ball",3,1,2023,"-1.57","0.63",-0.7873478777392744,2.396391579492981,,,807799,1,6,"Bot",154.82,101.56,,,,,7.963965423124594,-132.2278368802849,-2.837191445396533,-20.181329533170146,30.20236407632027,-24.358208658748325,3.34,1.54,61,"102.3",2,"91.8",2120,"7",717501,641598,663993,543760,673962,608369,543257,665750,666969,"53.5",0.534,0.516,"0.9",1,1,0,4,49,5,"Sinker",1,4,1,4,4,1,1,4,"Infield shade","Standard",222,"0.032","0.287",,,,0.638,"-0.287","102.3",-3,-3,0.188,0.188,28,26,29,27,3,2,6,2,5,1,"2.14","1.57","-1.57","35.9",,,,,
"SI","2023-07-04","90.5","-2.58","5.3","Dunning, Dane",646240,641540,,"ball",,,,,13,,"R","L","R","BOS","TEX","B",,,2,1,2023,"-1.48","0.64",-0.2572859780226968,1.0132725797600037,,,807799,1,6,"Bot",,,,,,,9.066505035426921,-131.39539633698365,-6.168451600943513,-19.041256249657447,28.937578080289917,-23.54095611570536,3.18971894318707,1.53771944950837,,,,"91.5",2022,"7.1",717501,641598,663993,543760,673962,608369,543257,665750,666969,"53.4",,,,,,,,49,4,"Sinker",1,4,1,4,4,1,1,4,"Infield shade","Standard",225,"0.016","0.1",,,,,"-0.1",,-3,-3,0.172,0.172,28,26,29,27,3,2,6,2,5,1,"2.16","1.48","-1.48","35.0",,,,,
"SI","2023-07-04","90.6","-2.58","5.33","Dunning, Dane",646240,641540,,"called_strike",,,,,9,,"R","L","R","BOS","TEX","S",,,2,0,2023,"-1.66","0.84",0.4617691770427643,1.9215199956733724,,,807799,1,6,"Bot",,,,,,,11.257492742546244,-131.22095180160193,-4.261227159288163,-21.672308741873564,32.38707241393821,-21.764127203400207,3.21931975031544,1.53771944950837,,,,"90.8",2081,"7.1",717501,641598,663993,543760,673962,608369,543257,665750,666969,"53.44",,,,,,,,49,3,"Sinker",1,4,1,4,4,1,1,4,"Infield shade","Standard",224,"-0.011","-0.061",,,,,"0.061",,-3,-3,0.183,0.183,28,26,29,27,3,2,6,2,5,1,"2.01","1.66","-1.66","40.2",,,,,
"FC","2023-07-04","88.4","-2.55","5.39","Dunning, Dane",646240,641540,,"ball",,,,,14,,"R","L","R","BOS","TEX","B",,,1,0,2023,"-0.18","0.86",1.5854207470537243,1.2380483942157852,,,807799,1,6,"Bot",,,,,,,10.6037954024448,-128.22886887979672,-5.906616677072548,-4.147236852250283,25.774064507246102,-21.58324278172346,3.16011760626709,1.53771944950837,,,,"89.6",1970,"7.2",717501,641598,663993,543760,673962,608369,543257,665750,666969,"53.34",,,,,,,,49,2,"Cutter",1,4,1,4,4,1,1,4,"Infield shade","Standard",200,"0.011","0.054",,,,,"-0.054",,-3,-3,0.172,0.172,28,26,29,27,3,2,6,2,5,1,"2.07","0.18","-0.18","41.7",,,,,
"FC","2023-07-04","88.5","-2.46","5.44","Dunning, Dane",646240,641540,,"ball",,,,,9,,"R","L","R","BOS","TEX","B",,,0,0,2023,"-0.38","1.03",0.7886832423448995,1.5697654261397773,,,807799,1,6,"Bot",,,,,,,8.827633032891761,-128.61112590547143,-5.612067482523841,-5.952722557660993,25.096155640506158,-19.74145301104539,3.3637659542913,1.53413612247999,,,,"89.8",2001,"7",717501,641598,663993,543760,673962,608369,543257,665750,666969,"53.46",,,,,,,,49,1,"Cutter",1,4,1,4,4,1,1,4,"Infield shade","Standard",202,"0.005","0.036",,,,,"-0.036",,-3,-3,0.167,0.167,28,26,29,27,3,2,6,2,5,1,"1.87","0.38","-0.38","41.0",,,,,
"CH","2023-07-04","84.7","-2.56","5.41","Dunning, Dane",680776,641540,"field_out","hit_into_play",,,,,7,"Jarren Duran pops out to shortstop Corey Seager.","R","L","R","BOS","TEX","X",6,"popup",0,0,2023,"-1.36","0.64",-0.6804032375537561,2.246149530479976,,,657136,2,5,"Bot",109.64,142.76,,,,,7.240458170026514,-123.06216469371755,-2.2509523549786934,-15.343064679120774,27.122100775426738,-25.463409558763267,3.48,1.75,142,"74.8",65,"85.5",1807,"7.2",717501,641598,663993,543760,673962,608369,543257,665750,666969,"53.33",0.003,0.002,"0",1,0,0,3,41,1,"Changeup",1,4,1,4,4,1,1,4,"Standard","Standard",241,"-0.024","-0.286",,,,0.003,"0.286","88.0",-3,-3,0.161,0.161,28,26,29,27,3,2,6,2,5,1,"2.58","1.36","-1.36","38.3",,,,,
"SI","2023-07-04","89.2","-2.4","5.4","Dunning, Dane",666152,641540,"grounded_into_double_play","hit_into_play",,,,,1,"David Hamilton grounds into a double play, pitcher Dane Dunning to shortstop Corey Seager to first baseman Nathaniel Lowe. Christian Arroyo out at 2nd. David Hamilton out at 1st.","R","L","R","BOS","TEX","X",1,"ground_ball",2,1,2023,"-1.26","0.84",-0.645232882425349,3.4121496150382185,,,624414,0,5,"Bot",128.42,178.36,,,,,7.057117240217492,-129.75547838374348,-0.6091858542954165,-15.69846345755413,28.425432480084485,-22.769404096015002,3.33,1.49,18,"88.9",-9,"90.1",2013,"7",717501,641598,663993,543760,673962,608369,543257,665750,666969,"53.53",0.171,0.175,"0",1,0,0,2,39,4,"Sinker",1,4,1,4,4,1,1,4,"Standard","Standard",220,"-0.096","-0.38",,,,0.175,"0.38","88.9",-3,-3,0.244,0.244,28,25,29,26,2,1,6,2,5,1,"2.03","1.26","-1.26","39.2",,,,,
"CH","2023-07-04","84.6","-2.48","5.46","Dunning, Dane",666152,641540,,"ball",,,,,13,,"R","L","R","BOS","TEX","B",,,1,1,2023,"-1.41","0.43",-0.43502835127801665,0.8892105302194704,,,624414,0,5,"Bot",,,,,,,7.68200427583719,-122.86952119578419,-5.184738768073608,-15.839896401724054,25.52967958032118,-26.91247470299374,3.23891933215597,1.48771888096716,,,,"85.4",1841,"7",717501,641598,663993,543760,673962,608369,543257,665750,666969,"53.49",,,,,,,,39,3,"Changeup",1,4,1,4,4,1,1,4,"Standard","Standard",244,"0.009","0.042",,,,,"-0.042",,-3,-3,0.235,0.235,28,25,29,26,2,1,6,2,5,1,"2.78","1.41","-1.41","39.5",,,,,
"FC","2023-07-04","89.3","-2.47","5.48","Dunning, Dane",666152,641540,,"ball",,,,,12,,"R","L","R","BOS","TEX","B",,,0,1,2023,"0.08","0.95",0.3454392976721162,4.538110323993929,,,624414,0,5,"Bot",,,,,,,6.860314567741974,-129.91587275087488,1.6732507522834128,-0.4572667886675653,25.28365345305033,-21.85343131896576,3.17971789138331,1.48771888096716,,,,"90.6",2203,"6.9",717501,641598,663993,543760,673962,608369,543257,665750,666969,"53.56",,,,,,,,39,2,"Cutter",1,4,1,4,4,1,1,4,"Standard","Standard",197,"0.004","0.024",,,,,"-0.024",,-3,-3,0.231,0.231,28,25,29,26,2,1,6,2,5,1,"1.89","-0.08","0.08","41.8",,,,,
"CH","2023-07-04","85.5","-2.59","5.36","Dunning, Dane",666152,641540,,"foul",,,,,13,,"R","L","R","BOS","TEX","S",,,0,0,2023,"-1.46","0.54",-0.41518687175069724,1.2216190878333735,,,624414,0,5,"Bot",,,,,,,8.145107738727017,-124.11815220966862,-4.5452448508826695,-16.74644273850456,26.039030101958122,-25.831427183480137,3.33,1.49,,,,"86.1",1899,"6.9",717501,641598,663993,543760,673962,608369,543257,665750,666969,"53.56",,,,,,,,39,1,"Changeup",1,4,1,4,4,1,1,4,"Standard","Standard",245,"-0.006","-0.036",,,,,"0.036",,-3,-3,0.237,0.237,28,25,29,26,2,1,6,2,5,1,"2.6","1.46","-1.46","37.9",,,,,
"CH","2023-07-04","85.5","-2.5","5.36","Dunning, Dane",671213,641540,"field_out","hit_into_play",,,,,7,"Triston Casas pops out to third baseman Josh Jung.","R","L","R","BOS","TEX","X",5,"popup",1,2,2023,"-1.5","0.26",-0.7927331361044585,2.166783913753241,,,457759,2,4,"Bot",104.56,161.07,,,,,7.130230572374659,-124.4334334323626,-1.814593704611649,-16.983693775283573,24.030220752497673,-29.31132697084247,3.65,1.72,114,"71",69,"86.7",1830,"6.9",717501,641598,663993,543760,673962,608369,543257,665750,666969,"53.56",0.003,0.003,"0",1,0,0,3,34,4,"Changeup",1,4,1,4,4,1,1,4,"Infield shade","Standard",248,"-0.016","-0.206",,,,0.004,"0.206","88.0",-3,-3,0.18,0.18,28,23,29,23,2,1,6,2,5,2,"2.85","1.5","-1.5","38.3",,,,,
"FF","2023-07-04","90","-2.43","5.41","Dunning, Dane",671213,641540,,"foul",,,,,6,,"R","L","R","BOS","TEX","S",,,1,1,2023,"-0.62","0.93",0.4072020820795166,2.9376418648489455,,,457759,2,4,"Bot",,,,,,,8.470752099747674,-130.88178469979061,-2.180129210484018,-8.824242272978534,26.042925981096264,-21.242050987885396,3.65,1.72,184,"84.4",67,"91.4",2185,"7",717501,641598,663993,543760,673962,608369,543257,665750,666969,"53.46",,,,,,,,34,3,"4-Seam Fastball",1,4,1,4,4,1,1,4,"Infield shade","Standard",196,"-0.006","-0.06",,,,,"0.06","88.0",-3,-3,0.186,0.186,28,23,29,23,2,1,6,2,5,2,"1.88","0.62","-0.62","41.2",,,,,
"FF","2023-07-04","91.6","-2.38","5.48","Dunning, Dane",671213,641540,,"ball",,,,,14,,"R","L","R","BOS","TEX","B",,,0,1,2023,"-0.77","1.1",1.3829196472545018,1.967265799020465,,,457759,2,4,"Bot",,,,,,,11.298816625847541,-132.84974540738094,-5.43512140687481,-11.509443668809432,27.04993835893586,-18.134752130418057,3.47015412876853,1.7177182989051,,,,"92.8",2218,"7.1",717501,641598,663993,543760,673962,608369,543257,665750,666969,"53.42",,,,,,,,34,2,"4-Seam Fastball",1,4,1,4,4,1,1,4,"Infield shade","Standard",211,"0.002","0.025",,,,,"-0.025",,-3,-3,0.184,0.184,28,23,29,23,2,1,6,2,5,2,"1.63","0.77","-0.77","42.2",,,,,
"CH","2023-07-04","85.6","-2.56","5.35","Dunning, Dane",671213,641540,,"swinging_strike",,,,,8,,"R","L","R","BOS","TEX","S",,,0,0,2023,"-1.48","0.71",-0.2484029604826774,1.6943565632946611,,,457759,2,4,"Bot",,,,,,,8.52008404312502,-124.3149101932217,-3.7538122452415017,-17.041120600186165,25.956513165828966,-24.26615591642138,3.65,1.72,,,,"86.2",1928,"6.9",717501,641598,663993,543760,673962,608369,543257,665750,666969,"53.62",,,,,,,,34,1,"Changeup",1,4,1,4,4,1,1,4,"Infield shade","Standard",244,"-0.003","-0.045",,,,,"0.045",,-3,-3,0.187,0.187,28,23,29,23,2,1,6,2,5,2,"2.43","1.48","-1.48","38.1",,,,,
"CH","2023-07-04","86.2","-2.66","5.38","Dunning, Dane",657077,641540,"field_out","hit_into_play",,,,,7,"Alex Verdugo flies out to right fielder Adolis Garcia.","R","L","R","BOS","TEX","X",9,"fly_ball",0,0,2023,"-1.35","0.52",-0.36946516039057076,2.1380980494669504,,680776,,2,3,"Bot",159.36,85.33,,,,,8.28644664185195,-125.33764632024726,-2.5748099103542286,-15.828291476422969,24.060435235886565,-26.360428160619556,3.52,1.56,294,"82.3",34,"87.4",1624,"6.9",717501,641598,663993,543760,673962,608369,543257,665750,666969,"53.55",0.037,0.043,"0",1,0,0,3,25,1,"Changeup",1,3,1,3,3,1,1,3,"Standard","Standard",250,"-0.037","-0.295",,,,0.067,"0.295","88.0",-2,-2,0.308,0.308,28,27,29,27,2,1,6,2,5,1,"2.54","1.35","-1.35","37.6",,,,,
"SI","2023-07-04","92.7","-2.51","5.47","Dunning, Dane",657077,641540,"field_out","hit_into_play",,,,,4,"Alex Verdugo grounds out, shortstop Corey Seager to first baseman Nathaniel Lowe. Jarren Duran scores.","R","L","R","BOS","TEX","X",6,"ground_ball",1,1,2023,"-1.24","0.68",-0.5067018232234617,2.2766513175853476,680776,,,0,1,"Bot",123.85,142.76,,,,,7.8984044936130395,-134.80535247193168,-3.8546662835313086,-16.863195427202967,29.83998344605489,-23.25528261602462,3.52,1.56,45,"97.8",0,"93.4",2309,"6.8",717501,641598,663993,543760,673962,608369,543257,665750,666969,"53.74",0.426,0.425,"0",1,0,0,4,5,3,"Sinker",0,0,0,0,0,1,1,0,"Standard","Standard",219,"-0.003","-0.219",,,,0.52,"0.219","97.8",0,0,0.629,0.629,28,27,29,27,1,0,6,2,5,1,"1.98","1.24","-1.24","38.1",,,,,
"FC","2023-07-04","88.9","-2.53","5.39","Dunning, Dane",657077,641540,,"foul",,,,,5,,"R","L","R","BOS","TEX","S",,,1,0,2023,"0.31","0.59",0.2549220421908346,2.8107255295578817,680776,,,0,1,"Bot",,,,,,,6.2420114875925865,-129.444784709048,-1.593241968143888,2.335314501970477,24.01233082682189,-25.343205840152688,3.52,1.56,243,"75.9",38,"90.1",2265,"6.8",717501,641598,663993,543760,673962,608369,543257,665750,666969,"53.74",,,,,,,,5,2,"Cutter",0,0,0,0,0,0,0,0,"Standard","Standard",190,"-0.005","-0.055",,,,,"0.055","88.0",0,0,0.634,0.634,28,27,29,27,1,0,6,2,5,1,"2.26","-0.31","0.31","34.2",,,,,
"FC","2023-07-04","88.9","-2.56","5.52","Dunning, Dane",657077,641540,,"ball",,,,,11,,"R","L","R","BOS","TEX","B",,,0,0,2023,"0.09","1.03",-0.18976488769325578,4.570679553798753,680776,,,0,1,"Bot",,,,,,,5.687703331242478,-129.5202685046702,1.4999402228695615,-0.057571007027413586,23.590499960224733,-20.929720564804263,3.39967258510779,1.55804500643817,,,,"90.4",2288,"6.8",717501,641598,663993,543760,673962,608369,543257,665750,666969,"53.65",,,,,,,,5,1,"Cutter",0,0,0,0,0,0,0,0,"Standard","Standard",190,"0.003","0.028",,,,,"-0.028",,0,0,0.631,0.631,28,27,29,27,1,0,6,2,5,1,"1.82","-0.09","0.09","38.1",,,,,
"CH","2023-06-28","85.4","-2.52","5.4","Dunning, Dane",681481,641540,"home_run","hit_into_play",,,,,2,"Kerry Carpenter homers (7) on a fly ball to right center field. Andy Ibanez scores.","R","L","R","TEX","DET","X",,"fly_ball",1,1,2023,"-1.35","0.48",0.03628678684721098,2.7530787387453985,,,628451,2,9,"Top",196.14,48.33,,,,,8.893267873830363,-124.15199688709914,-0.8879001606804916,-15.684917978365169,24.4311475881307,-27.288152680052114,3.18,1.51,414,"105.3",39,"87",1772,"7.3",717580,669087,663993,543760,673962,669701,677649,665750,666969,"53.21",0.413,0.827,"2",1,0,3,6,75,3,"Changeup",10,0,0,10,2,10,2,10,"Infield shade","Standard",245,"0","2.237",,,,1.636,"-2.237","105.3",10,-10,0.999,0.0010000000000000009,28,25,29,26,4,3,5,1,6,1,"2.65","1.35","-1.35","37.0",,,,,
"FC","2023-06-28","87.2","-2.38","5.38","Dunning, Dane",681481,641540,,"ball",,,,,14,,"R","L","R","TEX","DET","B",,,0,1,2023,"0.23","0.72",2.4617417319105535,1.679135960906501,,,628451,2,9,"Top",,,,,,,11.361944443575718,-126.50433794006416,-4.233634867725931,0.11224606024149411,26.36813829236184,-23.729479968440977,3.2627420000948,1.50605972201258,,,,"88.7",2197,"7.4",717580,669087,663993,543760,673962,669701,677649,665750,666969,"53.08",,,,,,,,75,2,"Cutter",10,0,0,10,0,10,0,10,"Infield shade","Standard",195,"0","0.025",,,,,"-0.025",,10,-10,0.999,0.0010000000000000009,28,25,29,26,4,3,5,1,6,1,"2.3","-0.23","0.23","39.8",,,,,
"FC","2023-06-28","86.1","-2.58","5.42","Dunning, Dane",681481,641540,,"foul",,,,,2,,"R","L","R","TEX","DET","S",,,0,0,2023,"0.25","0.76",0.2128063139628234,3.2599242335674226,,,628451,2,9,"Top",,,,,,,6.171972956451707,-125.32785399877687,-0.4970882211068385,1.5283484539058192,22.445575735876815,-24.144916626794085,3.18,1.51,197,"80.2",65,"87.1",2160,"6.6",717580,669087,663993,543760,673962,669701,677649,665750,666969,"53.85",,,,,,,,75,1,"Cutter",10,0,0,10,0,10,0,10,"Infield shade","Standard",192,"0","-0.045",,,,,"0.045","88.0",10,-10,0.999,0.0010000000000000009,28,25,29,26,4,3,5,1,6,1,"2.28","-0.25","0.25","38.4",,,,,
"SI","2023-06-28","90.2","-2.47","5.5","Dunning, Dane",628451,641540,"field_out","hit_into_play",,,,,11,"Andy Ibanez grounds out, third baseman Josh Jung to first baseman Nathaniel Lowe.","R","R","R","TEX","DET","X",5,"ground_ball",0,1,2023,"-1.27","0.68",-1.072386531979,3.1907146691500463,,656716,,2,6,"Top",105.14,164.81,,,,,6.297286492946645,-131.2933014209222,-1.2485867750884028,-15.992765596214774,28.3668288209464,-24.21250548681815,3.08,1.45,17,"72.6",-10,"91.7",2111,"7.2",717580,641680,663993,543760,673962,608369,677649,665750,666969,"53.27",0.06,0.061,"0",1,0,0,2,48,2,"Sinker",6,0,0,6,0,6,0,6,"Standard","Standard",218,"0.005","-0.248",,,,0.062,"0.248","88.0",6,-6,0.981,0.019000000000000017,28,30,29,30,3,2,5,1,6,1,"2.12","1.27","1.27","36.2",,,,,
"FC","2023-06-28","87.7","-2.54","5.53","Dunning, Dane",628451,641540,,"foul",,,,,6,,"R","R","R","TEX","DET","S",,,0,0,2023,"0.25","0.93",0.2950629738392897,2.1547974446930525,,656716,,2,6,"Top",,,,,,,6.459996723939116,-127.69479735256994,-4.082849127213213,1.500592696295461,24.777361236593315,-21.309301724371707,3.08,1.45,191,"70.8",54,"89.7",2221,"7.4",717580,641680,663993,543760,673962,608369,677649,665750,666969,"53.13",,,,,,,,48,1,"Cutter",6,0,0,6,0,6,0,6,"Standard","Standard",196,"0.001","-0.046",,,,,"0.046","88.0",6,-6,0.98,0.020000000000000018,28,30,29,30,3,2,5,1,6,1,"2.01","-0.25","-0.25","38.4",,,,,
"SL","2023-06-28","83.3","-2.52","5.45","Dunning, Dane",595879,641540,"strikeout","swinging_strike",,,,,14,"Javier Baez strikes out swinging.","R","R","R","TEX","DET","S",2,,1,2,2023,"0.09","-0.12",1.3495968497929711,1.1990749322522332,,,656716,2,1,"Top",,,,,,,8.7357863135115,-121.04471816311555,-3.111266836760252,-0.6830119800489594,22.277880507474666,-32.97460898932891,3.48,1.62,,,,"83.8",2340,"6.6",717580,641680,663993,543760,673962,608369,677649,665750,666969,"53.91",,0,"0",1,0,0,,4,5,"Slider",0,0,0,0,0,0,0,0,"Standard","Standard",69,"0.015","-0.206",,,,,"0.206",,0,0,0.533,0.46699999999999997,28,30,29,31,1,0,5,1,6,1,"3.4","-0.09","-0.09","36.0",,,,,
"SI","2023-06-28","91.7","-2.55","5.51","Dunning, Dane",595879,641540,,"foul",,,,,13,,"R","R","R","TEX","DET","S",,,1,2,2023,"-1.15","0.62",-1.9745642084631778,2.335115717789429,,,656716,2,1,"Top",,,,,,,4.017289235249952,-133.58006872590832,-3.589514215889192,-14.628711548976492,28.285567356037554,-24.158581653030886,3.48,1.62,,,,"93.3",2151,"7.2",717580,641680,663993,543760,673962,608369,677649,665750,666969,"53.33",,,,,,,,4,4,"Sinker",0,0,0,0,0,0,0,0,"Standard","Standard",212,"0","0",,,,,"0",,0,0,0.533,0.46699999999999997,28,30,29,31,1,0,5,1,6,1,"2.08","1.15","1.15","38.5",,,,,
"SL","2023-06-28","83.3","-2.5","5.42","Dunning, Dane",595879,641540,,"blocked_ball",,,,,14,,"R","R","R","TEX","DET","B",,,0,2,2023,"0.11","-0.05",1.995978701317011,0.2445984202595226,,,656716,2,1,"Top",,,,,,,10.128422825594223,-120.87481509149572,-5.324365442419805,-0.8639804027875885,23.37467931129011,-31.83209130693211,3.25860933292398,1.62055109277832,,,,"83.6",2449,"6.6",717580,641680,663993,543760,673962,608369,677649,665750,666969,"53.89",,,,,,,,4,3,"Slider",0,0,0,0,0,0,0,0,"Standard","Standard",66,"-0.002","0.02",,,,,"-0.02",,0,0,0.535,0.46499999999999997,28,30,29,31,1,0,5,1,6,1,"3.36","-0.11","-0.11","33.3",,,,,
"SI","2023-06-28","91.8","-2.61","5.47","Dunning, Dane",595879,641540,,"foul",,,,,13,,"R","R","R","TEX","DET","S",,,0,1,2023,"-1.18","0.44",-0.6593145239087292,1.1094944921501286,,,656716,2,1,"Top",,,,,,,7.545120539155916,-133.42365296906686,-6.156239660922671,-15.764168407591766,29.25455532132451,-25.789706251176458,3.48,1.62,,,,"92.3",2107,"6.7",717580,641680,663993,543760,673962,608369,677649,665750,666969,"53.79",,,,,,,,4,2,"Sinker",0,0,0,0,0,0,0,0,"Standard","Standard",223,"0.006","-0.055",,,,,"0.055",,0,0,0.529,0.471,28,30,29,31,1,0,5,1,6,1,"2.28","1.18","1.18","37.4",,,,,
"SL","2023-06-28","82.8","-2.5","5.5","Dunning, Dane",595879,641540,,"called_strike",,,,,9,,"R","R","R","TEX","DET","S",,,0,0,2023,"0.32","-0.34",0.5977540064055238,1.72307877726272,,,656716,2,1,"Top",,,,,,,6.479453846536674,-120.48517205693307,-1.4521277987717536,1.8372695436628375,24.28031910281142,-35.375727233894615,3.51853199187271,1.70642485564647,,,,"83.2",2430,"6.7",717580,641680,663993,543760,673962,608369,677649,665750,666969,"53.84",,,,,,,,4,1,"Slider",0,0,0,0,0,0,0,0,"Standard","Standard",64,"0.003","-0.045",,,,,"0.045",,0,0,0.526,0.474,28,30,29,31,1,0,5,1,6,1,"3.67","-0.32","-0.32","34.9",,,,,
"SI","2023-06-28","91.4","-2.36","5.52","Dunning, Dane",681481,641540,"strikeout","called_strike",,,,,5,"Kerry Carpenter called out on strikes.","R","L","R","TEX","DET","S",2,,0,2,2023,"-1.19","0.75",0.14463498488670146,2.0503425235982897,,,656716,1,1,"Top",,,,,,,8.968799387186959,-132.78235848507268,-4.483063821251579,-16.033984273580106,29.882147021180593,-22.537137341105204,3.17058652932612,1.47312102770119,,,,"92.1",2137,"6.9",717580,641680,663993,543760,673962,608369,677649,665750,666969,"53.56",,0,"0",1,0,0,,3,3,"Sinker",0,0,0,0,0,0,0,0,"Infield shade","Standard",225,"0.017","-0.16",,,,,"0.16",,0,0,0.509,0.491,28,25,29,26,1,0,5,1,6,1,"2","1.19","-1.19","37.6",,,,,
"CH","2023-06-28","85.5","-2.57","5.45","Dunning, Dane",681481,641540,,"swinging_strike",,,,,7,,"R","L","R","TEX","DET","S",,,0,1,2023,"-1.45","0.45",-0.7738184762298914,1.7811972753521217,,,656716,1,1,"Top",,,,,,,7.15400347847769,-124.36549738208093,-3.287776920432669,-16.440829638850037,25.049622782913023,-26.999834744641927,3.18,1.51,,,,"85.6",1847,"6.4",717580,641680,663993,543760,673962,608369,677649,665750,666969,"54.1",,,,,,,,3,2,"Changeup",0,0,0,0,0,0,0,0,"Infield shade","Standard",246,"0.007","-0.053",,,,,"0.053",,0,0,0.502,0.498,28,25,29,26,1,0,5,1,6,1,"2.67","1.45","-1.45","31.0",,,,,
"FC","2023-06-28","89.4","-2.55","5.6","Dunning, Dane",681481,641540,,"called_strike",,,,,4,,"R","L","R","TEX","DET","S",,,0,0,2023,"0.17","0.85",-0.64316048226835,2.62350913757592,,,656716,1,1,"Top",,,,,,,4.375954593419919,-130.220270358954,-3.1701729644887937,1.0599732908733979,25.48000673615255,-22.069914540144627,3.17033273630634,1.51718411099716,,,,"90",2232,"6.5",717580,641680,663993,543760,673962,608369,677649,665750,666969,"54.04",,,,,,,,3,1,"Cutter",0,0,0,0,0,0,0,0,"Standard","Standard",197,"0.004","-0.042",,,,,"0.042",,0,0,0.498,0.502,28,25,29,26,1,0,5,1,6,1,"1.98","-0.17","0.17","37.3",,,,,
"SL","2023-06-28","82.6","-2.58","5.57","Dunning, Dane",628451,641540,"field_out","hit_into_play",,,,,5,"Andy Ibanez flies out to center fielder Leody Taveras.","R","R","R","TEX","DET","X",8,"fly_ball",1,2,2023,"0.31","-0.2",0.20216017625517327,2.49824131256112,,,656716,0,1,"Top",138.51,43.48,,,,,5.781593619848831,-120.15598890199078,-0.050248568794712956,1.8263163633644273,24.329330653794774,-34.297076109885396,3.08,1.45,393,"103.3",22,"83.2",2457,"6.8",717580,641680,663993,543760,673962,608369,677649,665750,666969,"53.68",0.543,0.9162962962962964,"0",1,0,0,6,2,4,"Slider",0,0,0,0,0,0,0,0,"Standard","Standard",76,"0.024","-0.17",,,,1.714,"0.17","103.3",0,0,0.474,0.526,28,30,29,30,1,0,5,1,6,1,"3.55","-0.31","-0.31","35.4",,,,,
"FC","2023-06-28","89.9","-2.58","5.47","Dunning, Dane",628451,641540,,"foul",,,,,14,,"R","R","R","TEX","DET","S",,,1,1,2023,"0.25","1.07",1.0078458098891225,2.0852463612040633,,,656716,0,1,"Top",,,,,,,8.428816401250975,-130.77643293322274,-4.744635609565411,1.2213734349584626,25.56578527260922,-19.082230501553084,3.08,1.45,207,"70.6",29,"90.7",2320,"6.6",717580,641680,663993,543760,673962,608369,677649,665750,666969,"53.85",,,,,,,,2,3,"Cutter",0,0,0,0,0,0,0,0,"Standard","Standard",205,"0.008","-0.059",,,,,"0.059","88.0",0,0,0.466,0.534,28,30,29,30,1,0,5,1,6,1,"1.74","-0.25","-0.25","38.0",,,,,
"SI","2023-06-28","91.2","-2.59","5.47","Dunning, Dane",628451,641540,,"called_strike",,,,,8,,"R","R","R","TEX","DET","S",,,1,0,2023,"-0.98","0.74",-0.26835432675196413,1.9609828582440725,,,656716,0,1,"Top",,,,,,,7.9864413616398116,-132.46629713120225,-4.4885495167025695,-13.33712615437778,29.56613911606225,-22.694377425927023,3.18895707856673,1.4634234693708,,,,"91.2",2020,"6.5",717580,641680,663993,543760,673962,608369,677649,665750,666969,"53.99",,,,,,,,2,2,"Sinker",0,0,0,0,0,0,0,0,"Standard","Standard",221,"0.007","-0.042",,,,,"0.042",,0,0,0.459,0.5409999999999999,28,30,29,30,1,0,5,1,6,1,"2.02","0.98","0.98","35.1",,,,,
"SI","2023-06-28","90.6","-2.49","5.41","Dunning, Dane",628451,641540,,"ball",,,,,14,,"R","R","R","TEX","DET","B",,,0,0,2023,"-1.23","0.75",1.2677946835465006,1.801103997683583,,,656716,0,1,"Top",,,,,,,12.164717870410753,-131.32158238003592,-4.6988294854908235,-16.838326288161124,28.310094155081735,-22.610131229144883,3.1447744670723,1.45000177381635,,,,"91.6",2103,"7.2",717580,641680,663993,543760,673962,608369,677649,665750,666969,"53.35",,,,,,,,2,1,"Sinker",0,0,0,0,0,0,0,0,"Standard","Standard",227,"-0.005","0.03",,,,,"-0.03",,0,0,0.464,0.536,28,30,29,30,1,0,5,1,6,1,"2.05","1.23","1.23","33.2",,,,,
"SL","2023-06-23","81.7","-2.54","5.6","Dunning, Dane",641856,641540,"single","hit_into_play",,,,,5,"Billy McKinney singles on a line drive to right fielder Adolis Garcia. Isiah Kiner-Falefa to 3rd.","R","L","R","NYY","TEX","X",9,"line_drive",0,2,2023,"0.53","-0.4",-0.23025732623934841,2.2472606960078334,,,643396,0,8,"Bot",186,128.36,,,,,4.278965793545646,-118.97567002638154,-0.25861912817695865,4.368814265195865,20.372246658930564,-36.15571303583928,3.13,1.5,143,"99.9",9,"83.9",2415,"7.5",717655,641598,663993,543760,673962,608369,677649,665750,666969,"53.05",0.671,0.604,"0.9",1,1,0,4,60,3,"Slider",1,2,1,2,2,1,1,2,"Infield shade","Standard",65,"0.259","0.532",,,,0.743,"-0.532","99.9",-1,-1,0.37,0.37,28,28,29,29,3,2,6,1,5,1,"3.78","-0.53","0.53","41.8",,,,,
"CH","2023-06-23","84","-2.59","5.56","Dunning, Dane",641856,641540,,"called_strike",,,,,1,,"R","L","R","NYY","TEX","S",,,0,1,2023,"-1.25","0.4",-0.3136790690501676,3.0616595663237614,,,643396,0,8,"Bot",,,,,,,7.8630511751324255,-122.08641567337143,-0.147845470929994,-14.097515338278978,24.49774193005012,-28.34573563667552,3.18335010374378,1.5002817641444,,,,"84.9",1807,"7",717655,641598,663993,543760,673962,608369,677649,665750,666969,"53.51",,,,,,,,60,2,"Changeup",1,2,1,2,2,1,1,2,"Infield shade","Standard",247,"-0.023","-0.043",,,,,"0.043",,-1,-1,0.393,0.393,28,28,29,29,3,2,6,1,5,1,"2.84","1.25","-1.25","35.1",,,,,
"CU","2023-06-23","77","-2.65","5.65","Dunning, Dane",641856,641540,,"swinging_strike",,,,,9,,"R","L","R","NYY","TEX","S",,,0,0,2023,"0.81","-1.26",0.5740653660055832,1.47189473128822,,,643396,0,8,"Bot",,,,,,,5.3491454521241355,-111.963997835822,0.48097482072153874,5.712815591883538,22.465982257771696,-42.98610554377572,3.13,1.5,,,,"76.5",2204,"6.3",717655,641598,663993,543760,673962,608369,677649,665750,666969,"54.25",,,,,,,,60,1,"Curveball",1,2,1,2,2,1,1,2,"Infield shade","Standard",36,"-0.013","-0.036",,,,,"0.036",,-1,-1,0.406,0.406,28,28,29,29,3,2,6,1,5,1,"5.14","-0.81","0.81","41.4",,,,,
"SI","2023-06-23","90.8","-2.62","5.5","Dunning, Dane",518934,641540,"grounded_into_double_play","hit_into_play",,,,,13,"DJ LeMahieu grounds into a double play, shortstop Corey Seager to second baseman Marcus Semien to first baseman Nathaniel Lowe. Anthony Rizzo out at 2nd. DJ LeMahieu out at 1st.","R","R","R","NYY","TEX","X",6,"ground_ball",1,1,2023,"-1.17","0.98",-0.9614050799599496,1.9678209118550214,,,519203,1,7,"Bot",112.67,147.23,,,,,6.704967411975676,-131.96847677743,-4.997567515739422,-15.118559129565382,30.1173421167909,-19.82765971119023,3.42,1.67,5,"94",-19,"91.1",2137,"6.7",717655,641598,663993,543760,673962,608369,677649,665750,666969,"53.78",0.143,0.136,"0",1,0,0,2,53,3,"Sinker",1,1,1,1,1,1,1,1,"Standard","Standard",222,"-0.088","-0.316",,,,0.2,"0.316","94.0",0,0,0.588,0.588,28,34,29,35,3,2,6,1,5,2,"1.81","1.17","1.17","35.2",,,,,
"SL","2023-06-23","82.3","-2.55","5.51","Dunning, Dane",518934,641540,,"ball",,,,,14,,"R","R","R","NYY","TEX","B",,,0,1,2023,"0.13","-0.21",1.261891879732435,1.8653258262335757,,,519203,1,7,"Bot",,,,,,,8.43798218216395,-119.63531731196497,-1.3444002267481836,-0.28600493051389697,22.122160002853214,-34.10628742265284,3.2883422752325,1.51215042367141,,,,"82.8",2401,"6.6",717655,641598,663993,543760,673962,608369,677649,665750,666969,"53.91",,,,,,,,53,2,"Slider",1,1,1,1,1,1,1,1,"Standard","Standard",52,"0.005","0.025",,,,,"-0.025",,0,0,0.583,0.583,28,34,29,35,3,2,6,1,5,2,"3.57","-0.13","-0.13","37.0",,,,,
"SI","2023-06-23","90.1","-2.66","5.54","Dunning, Dane",518934,641540,,"foul",,,,,2,,"R","R","R","NYY","TEX","S",,,0,0,2023,"-1.15","0.88",-0.2303843006412969,3.099522866100191,,,519203,1,7,"Bot",,,,,,,8.499028641225483,-131.01158655170096,-1.9421511572972399,-15.03274594861177,28.29261084018708,-21.895524927706372,3.42,1.67,217,"75.7",50,"90.4",2176,"6.5",717655,641598,663993,543760,673962,608369,677649,665750,666969,"53.95",,,,,,,,53,1,"Sinker",1,1,1,1,1,1,1,1,"Standard","Standard",218,"-0.007","-0.042",,,,,"0.042","88.0",0,0,0.59,0.59,28,34,29,35,3,2,6,1,5,2,"1.94","1.15","1.15","34.5",,,,,
"SL","2023-06-23","84.3","-2.64","5.49","Dunning, Dane",624431,641540,,"ball",,,,,14,,"R","R","R","NYY","TEX","B",,,1,1,2023,"0.16","0.2",1.7904614060945157,1.0294986190101003,,,643396,1,5,"Bot",,,,,,,9.980001374200686,-122.4725472212455,-4.406228771868949,-0.2556647912019251,23.364292809793977,-29.495791348722722,2.80840367116152,1.2711439403867,,,,"84.5",2389,"6.5",717655,641598,663993,543760,673962,608369,677649,665750,666969,"54.05",,,,,,,,40,3,"Slider",1,1,1,1,1,1,1,1,"Standard","Standard",118,"-0.05","0.046",,,,,"-0.046",,0,0,0.567,0.567,28,30,29,31,2,1,6,3,5,2,"3.01","-0.16","-0.16","36.6",,,,,
"SL","2023-06-23","83","-2.62","5.44","Dunning, Dane",624431,641540,,"ball",,,,,14,,"R","R","R","NYY","TEX","B",,,0,1,2023,"0.34","0.01",1.0842490157867586,1.2308725360042203,,,643396,1,5,"Bot",,,,,,,7.76023901575583,-120.67530320838523,-3.162783278892512,1.855801605490648,23.514351206051234,-31.61139639123178,2.94025712228083,1.2711439403867,,,,"82.6",2473,"6.1",717655,641598,663993,543760,673962,608369,677649,665750,666969,"54.43",,,,,,,,40,2,"Slider",1,1,1,1,1,1,1,1,"Standard","Standard",53,"0.004","0.025",,,,,"-0.025",,0,0,0.563,0.563,28,30,29,31,2,1,6,3,5,2,"3.3","-0.34","-0.34","33.1",,,,,
"SI","2023-06-23","89.1","-2.49","5.39","Dunning, Dane",624431,641540,,"called_strike",,,,,5,,"R","R","R","NYY","TEX","S",,,0,0,2023,"-1.43","0.58",-0.24001833799390537,2.47102519238517,,,643396,1,5,"Bot",,,,,,,8.589793077945737,-129.38472585667208,-2.2549069225447713,-17.932817831065602,31.439329303748057,-25.398390618847728,3.01933399898798,1.37641925564731,,,,"89",2028,"6.7",717655,641598,663993,543760,673962,608369,677649,665750,666969,"53.8",,,,,,,,40,1,"Sinker",1,1,1,1,1,1,1,1,"Standard","Standard",223,"-0.006","-0.042",,,,,"0.042",,0,0,0.569,0.569,28,30,29,31,2,1,6,3,5,2,"2.34","1.43","1.43","42.3",,,,,
"FC","2023-06-23","88.6","-2.5","5.44","Dunning, Dane",641856,641540,"field_out","hit_into_play",,,,,3,"Billy McKinney pops out to shortstop Corey Seager.","R","L","R","NYY","TEX","X",6,"popup",2,1,2023,"0.23","0.83",0.5822884369838963,2.916950806297594,,,643396,0,5,"Bot",120.57,139.2,,,,,7.171454788366451,-128.88567444851344,-1.8921829405824413,1.0902105263555597,25.715973745995157,-22.65998039878791,3.13,1.5,155,"68.3",57,"90.1",2262,"7.2",717655,641598,663993,543760,673962,608369,677649,665750,666969,"53.34",0.013,0.012,"0",1,0,0,3,39,4,"Cutter",1,1,1,1,1,1,1,1,"Infield shade","Standard",205,"-0.051","-0.271",,,,0.013,"0.271","88.0",0,0,0.62,0.62,28,28,29,29,2,1,6,1,5,1,"2.06","-0.23","0.23","38.5",,,,,
"FC","2023-06-23","89.1","-2.58","5.54","Dunning, Dane",641856,641540,,"swinging_strike",,,,,2,,"R","L","R","NYY","TEX","S",,,2,0,2023,"0.12","0.96",-0.22714213950280832,2.87963914728331,,,643396,0,5,"Bot",,,,,,,5.63242367944942,-129.7186763203682,-2.6129829374914855,0.22038864841722522,25.061155180220155,-20.93082913938215,3.13,1.5,,,,"90.8",2205,"7.1",717655,641598,663993,543760,673962,608369,677649,665750,666969,"53.4",,,,,,,,39,3,"Cutter",1,1,1,1,1,1,1,1,"Infield shade","Standard",209,"-0.013","-0.055",,,,,"0.055",,0,0,0.633,0.633,28,28,29,29,2,1,6,1,5,1,"1.89","-0.12","0.12","38.9",,,,,
"CH","2023-06-23","85.1","-2.7","5.42","Dunning, Dane",641856,641540,,"ball",,,,,11,,"R","L","R","NYY","TEX","B",,,1,0,2023,"-1.4","0.23",-1.1692862882995092,2.590067299517085,,,643396,0,5,"Bot",,,,,,,6.435696125342743,-123.77974121937785,-0.723251476722905,-15.720543334142892,26.378854413971247,-29.94368660081114,3.02470862091917,1.39479792358647,,,,"85.2",1642,"6.5",717655,641598,663993,543760,673962,608369,677649,665750,666969,"53.95",,,,,,,,39,2,"Changeup",1,1,1,1,1,1,1,1,"Infield shade","Standard",252,"0.013","0.055",,,,,"-0.055",,0,0,0.62,0.62,28,28,29,29,2,1,6,1,5,1,"2.94","1.4","-1.4","41.1",,,,,
"FC","2023-06-23","88.1","-2.55","5.52","Dunning, Dane",641856,641540,,"ball",,,,,11,,"R","L","R","NYY","TEX","B",,,0,0,2023,"0.15","0.83",-0.09300754366721424,3.8233175572327704,,,643396,0,5,"Bot",,,,,,,5.742652420394756,-128.33763723407623,0.21855235795969208,0.552166514043203,25.0427801310116,-23.214233793217876,3.0774640462688,1.44745252215413,,,,"89.7",2142,"7.1",717655,641598,663993,543760,673962,608369,677649,665750,666969,"53.4",,,,,,,,39,1,"Cutter",1,1,1,1,1,1,1,1,"Infield shade","Standard",198,"0.007","0.03",,,,,"-0.03",,0,0,0.613,0.613,28,28,29,29,2,1,6,1,5,1,"2.09","-0.15","0.15","38.6",,,,,
"FC","2023-06-23","89.2","-2.57","5.56","Dunning, Dane",641343,641540,"grounded_into_double_play","hit_into_play",,,,,12,"Jake Bauers grounds into a double play, second baseman Marcus Semien to shortstop Corey Seager to first baseman Nathaniel Lowe. Anthony Volpe out at 2nd. Jake Bauers out at 1st.","R","L","R","NYY","TEX","X",4,"ground_ball",0,1,2023,"0.27","0.59",0.9183215116597632,3.3147288220975883,,,683011,0,3,"Bot",144.18,154.5,,,,,8.028688618262173,-129.7960818698348,-0.7725320290799444,1.5011595083890488,25.78680283647687,-25.490471567290783,3.49,1.69,57,"63.2",5,"89.6",2151,"6.4",717655,641598,663993,543760,673962,608369,677649,665750,666969,"54.11",0.128,0.115,"0",1,0,0,2,24,2,"Cutter",1,0,1,0,0,1,1,0,"Infield shade","Standard",199,"-0.064","-0.314",,,,0.185,"0.314","88.0",1,1,0.697,0.697,28,27,29,28,2,1,6,2,5,1,"2.26","-0.27","0.27","38.3",,,,,
"SL","2023-06-23","84.4","-2.71","5.55","Dunning, Dane",641343,641540,,"foul",,,,,5,,"R","L","R","NYY","TEX","S",,,0,0,2023,"0.18","-0.01",-0.08363561317468014,2.507711685204971,,,683011,0,3,"Bot",,,,,,,5.824044233315322,-122.90296167575084,-0.722722743853164,0.7592814776573557,22.944759120061335,-32.389076642882785,3.49,1.69,11,"90.8",-12,"85.6",2359,"6.9",717655,641598,663993,543760,673962,608369,677649,665750,666969,"53.59",,,,,,,,24,1,"Slider",1,0,1,0,0,1,1,0,"Standard","Standard",68,"-0.004","-0.036",,,,,"0.036","90.8",1,1,0.701,0.701,28,27,29,28,2,1,6,2,5,1,"3.19","-0.18","0.18","37.3",,,,,
"SL","2023-06-23","83.3","-2.53","5.61","Dunning, Dane",624431,641540,"field_out","hit_into_play",,,,,5,"Jose Trevino grounds out, second baseman Marcus Semien to first baseman Nathaniel Lowe.","R","R","R","NYY","TEX","X",4,"ground_ball",0,0,2023,"0","0.11",-0.004162131175696179,2.372099547220791,518934,,,2,2,"Bot",133.5,167.22,,,,,5.872843334323707,-121.27826930598691,-1.2002404066237256,-1.1246869200338794,23.66031604764221,-31.089798857565484,2.94,1.35,5,"55.9",-30,"84.2",2376,"6.9",717655,641598,663993,543760,673962,608369,677649,665750,666969,"53.63",0.05,0.045,"0",1,0,0,1,18,1,"Slider",1,0,1,0,0,1,1,0,"Standard","Standard",76,"-0.034","-0.293",,,,0.05,"0.293","88.0",1,1,0.646,0.646,28,30,29,31,1,0,6,3,5,2,"3.17","0","0","38.8",,,,,
"CH","2023-06-23","86.3","-2.56","5.49","Dunning, Dane",641856,641540,"field_out","hit_into_play",,,,,7,"Billy McKinney grounds out softly, third baseman Josh Jung to first baseman Nathaniel Lowe. Anthony Rizzo scores. DJ LeMahieu to 3rd.","R","L","R","NYY","TEX","X",5,"ground_ball",0,0,2023,"-1.35","0.24",-0.5288298303314445,1.977184958735703,519203,518934,,1,2,"Bot",117.31,169.94,,,,,7.654223164421735,-125.46608450764263,-2.6382414222989956,-15.845355926165555,25.392631464345992,-29.278247531296508,3.13,1.5,2,"52.2",-41,"87.1",1658,"6.9",717655,641598,663993,543760,673962,608369,677649,665750,666969,"53.64",0.101,0.132,"0",1,0,0,1,17,1,"Changeup",0,0,0,0,0,1,1,0,"Infield shade","Standard",252,"0.005","-0.21",,,,0.101,"0.21","88.0",0,0,0.641,0.641,28,28,29,29,1,0,6,1,5,1,"2.82","1.35","-1.35","42.2",,,,,
"SL","2023-06-23","83.7","-2.55","5.61","Dunning, Dane",643396,641540,"field_out","hit_into_play",,,,,5,"Isiah Kiner-Falefa grounds out, third baseman Josh Jung to first baseman Nathaniel Lowe.","R","R","R","NYY","TEX","X",5,"ground_ball",0,0,2023,"0.21","-0.42",-0.20084371266116957,2.237172419473629,519203,518934,,0,2,"Bot",106.5,172.87,,,,,5.01187425093048,-121.99024931486716,-0.5961668670691417,1.2005740216067602,21.689432013370187,-36.522661178520806,3.26,1.51,1,"70.6",-58,"84.2",2390,"6.3",717655,641598,663993,543760,673962,608369,677649,665750,666969,"54.17",0.301,0.273,"0",1,0,0,2,16,1,"Slider",0,0,0,0,0,0,0,0,"Standard","Standard",45,"-0.051","-0.227",,,,0.303,"0.227","88.0",0,0,0.692,0.692,28,28,29,28,1,0,6,1,5,1,"3.64","-0.21","-0.21","38.3",,,,,
"SL","2023-06-23","82.7","-2.57","5.54","Dunning, Dane",518934,641540,"double","hit_into_play",,,,,4,"DJ LeMahieu doubles (11) on a sharp line drive to left fielder Ezequiel Duran. Anthony Rizzo to 3rd.","R","R","R","NYY","TEX","X",7,"line_drive",1,2,2023,"0.25","-0.47",-0.720915143353557,2.372450079580029,,,519203,0,2,"Bot",27.56,70.75,,,,,3.7251562420345388,-120.43934819598455,0.16824447085630845,1.7092167970838408,22.8690753817835,-37.042663915329165,3.42,1.67,345,"106.7",16,"82.7",2373,"6.2",717655,641598,663993,543760,673962,608369,677649,665750,666969,"54.31",0.634,0.748,"1.25",1,1,1,5,15,4,"Slider",0,0,0,0,0,0,0,0,"Standard","Standard",69,"0.113","0.791",,,,1.158,"-0.791","106.7",0,0,0.579,0.579,28,34,29,35,1,0,6,1,5,2,"3.8","-0.25","-0.25","38.0",,,,,
"SL","2023-06-23","83.6","-2.51","5.61","Dunning, Dane",518934,641540,,"ball",,,,,14,,"R","R","R","NYY","TEX","B",,,0,2,2023,"0.25","-0.11",0.867190890507521,2.407330401558336,,,519203,0,2,"Bot",,,,,,,7.356633691980582,-121.58762899963241,-0.7389437413944325,1.0487956007691432,23.52208659794831,-33.32717906495058,3.47303544066675,1.61745703126312,,,,"84.4",2341,"6.8",717655,641598,663993,543760,673962,608369,677649,665750,666969,"53.66",,,,,,,,15,3,"Slider",0,0,0,0,0,0,0,0,"Standard","Standard",70,"0.004","0.008",,,,,"-0.008",,0,0,0.575,0.575,28,34,29,35,1,0,6,1,5,2,"3.37","-0.25","-0.25","38.5",,,,,
"SI","2023-06-23","91.2","-2.55","5.54","Dunning, Dane",518934,641540,,"foul",,,,,11,,"R","R","R","NYY","TEX","S",,,0,1,2023,"-1.35","0.42",-0.9873813859526237,2.6215566939089756,,,519203,0,2,"Bot",,,,,,,6.950620109853309,-132.65765154375615,-2.3462855472101247,-17.40507886018795,29.59424853142252,-26.90028290738126,3.42,1.67,188,"69.4",21,"92.5",2203,"7.2",717655,641598,663993,543760,673962,608369,677649,665750,666969,"53.34",,,,,,,,15,2,"Sinker",0,0,0,0,0,0,0,0,"Standard","Standard",219,"-0.009","-0.043",,,,,"0.043","88.0",0,0,0.584,0.584,28,34,29,35,1,0,6,1,5,2,"2.33","1.35","1.35","37.2",,,,,
"SI","2023-06-23","91","-2.64","5.5","Dunning, Dane",518934,641540,,"called_strike",,,,,4,,"R","R","R","NYY","TEX","S",,,0,0,2023,"-1.34","0.34",-0.5158137223213475,2.787950508697027,,,519203,0,2,"Bot",,,,,,,8.167449264282872,-132.2976798057169,-1.6072702087541124,-17.457917775228715,29.140753876811363,-27.993266092953235,3.55223092481976,1.6701287627406,,,,"90.7",2154,"6.2",717655,641598,663993,543760,673962,608369,677649,665750,666969,"54.28",,,,,,,,15,1,"Sinker",0,0,0,0,0,0,0,0,"Standard","Standard",217,"-0.005","-0.036",,,,,"0.036",,0,0,0.589,0.589,28,34,29,35,1,0,6,1,5,2,"2.42","1.34","1.34","35.0",,,,,
"SL","2023-06-23","83.5","-2.51","5.56","Dunning, Dane",650402,641540,"grounded_into_double_play","hit_into_play",,,,,8,"Gleyber Torres grounds into a double play, third baseman Josh Jung to second baseman Marcus Semien to first baseman Nathaniel Lowe. Jake Bauers out at 2nd. Gleyber Torres out at 1st.","R","R","R","NYY","TEX","X",5,"ground_ball",0,0,2023,"0.35","-0.23",0.10748269816716693,2.011549739698398,,,641343,0,1,"Bot",92.58,168.16,,,,,5.409177394860762,-121.53526566421885,-1.2820281878322624,2.334429539934346,24.50521722751229,-34.39054032931348,3.18,1.49,48,"80.5",2,"84.3",2504,"6.9",717655,641598,663993,543760,673962,608369,677649,665750,666969,"53.6",0.236,0.213,"0",1,0,0,2,7,1,"Slider",0,0,0,0,0,0,0,0,"Standard","Standard",71,"-0.073","-0.35",,,,0.236,"0.35","88.0",0,0,0.583,0.583,28,26,29,27,1,0,6,1,5,1,"3.5","-0.35","-0.35","36.0",,,,,
"SI","2023-06-17","90.3","-2.55","5.39","Dunning, Dane",662139,641540,"field_out","hit_into_play",,,,,5,"Daulton Varsho flies out to left fielder Ezequiel Duran.","R","L","R","TEX","TOR","X",7,"fly_ball",1,1,2023,"-0.94","0.65",0.20605714631818306,2.571705582890065,,,665489,2,6,"Top",95.17,118.45,,,,,8.960078665066987,-131.25488903828472,-2.518743768759865,-12.665999120700482,25.230879078363007,-24.242614169380197,3.25,1.47,218,"86",56,"91.6",2011,"6.9",717723,641680,663993,543760,673962,608369,677649,665750,666969,"53.59",0.005,0.005,"0",1,0,0,3,45,3,"Sinker",3,2,2,3,2,3,2,3,"Infield shade","Standard",219,"0.035","-0.266",,,,0.005,"0.266","88.0",1,-1,0.705,0.29500000000000004,28,26,29,27,3,2,5,1,6,1,"2.13","0.94","-0.94","35.6",,,,,
"FC","2023-06-17","88.4","-2.39","5.49","Dunning, Dane",662139,641540,,"ball",,,,,12,,"R","L","R","TEX","TOR","B",,,0,1,2023,"0.16","0.7",1.5910641392262146,2.9693782110993636,,,665489,2,6,"Top",,,,,,,9.558602484586011,-128.5455715345145,-1.6232248587725167,0.1298728931202596,22.93143293636923,-24.182810153323487,3.16600315618192,1.38570408686178,,,,"90.6",2272,"7.4",717723,641680,663993,543760,673962,608369,677649,665750,666969,"53.14",,,,,,,,45,2,"Cutter",3,2,2,3,2,3,2,3,"Infield shade","Standard",201,"-0.004","0.025",,,,,"-0.025",,1,-1,0.709,0.29100000000000004,28,26,29,27,3,2,5,1,6,1,"2.19","-0.16","0.16","40.1",,,,,
"FC","2023-06-17","87.7","-2.57","5.5","Dunning, Dane",662139,641540,,"swinging_strike",,,,,12,,"R","L","R","TEX","TOR","S",,,0,0,2023,"0.19","0.77",0.43175106639842703,3.4709995998482404,,,665489,2,6,"Top",,,,,,,6.968897389306815,-127.66236114318514,-0.46239379306542083,0.9444335609439404,22.085670529913415,-23.77724946461379,3.25,1.47,,,,"89.6",2369,"7.1",717723,641680,663993,543760,673962,608369,677649,665750,666969,"53.39",,,,,,,,45,1,"Cutter",3,2,2,3,2,3,2,3,"Infield shade","Standard",181,"0.006","-0.045",,,,,"0.045",,1,-1,0.703,0.29700000000000004,28,26,29,27,3,2,5,1,6,1,"2.16","-0.19","0.19","38.4",,,,,
"SL","2023-06-17","81.9","-2.57","5.54","Dunning, Dane",666182,641540,"force_out","hit_into_play",,,,,8,"Bo Bichette grounds into a force out, shortstop Corey Seager to second baseman Marcus Semien. George Springer out at 2nd.","R","R","R","TEX","TOR","X",6,"ground_ball",1,1,2023,"0.26","-0.23",0.27337626861489217,2.316187974773179,,,543807,2,3,"Top",102.53,153.95,,,,,5.938899231997339,-119.21158263426912,-0.2902156864449831,1.3277496307422398,22.33309983410009,-34.55718490366411,3.71,1.73,8,"94.3",-16,"82.2",2347,"6.4",717723,641680,663993,543760,673962,608369,677649,665750,666969,"54.05",0.117,0.106,"0",1,0,0,2,21,3,"Slider",3,1,1,3,1,3,1,3,"Standard","Standard",54,"0.022","-0.266",,,,0.189,"0.266","94.3",2,-2,0.742,0.258,28,25,29,25,2,1,5,1,6,1,"3.62","-0.26","-0.26","37.3",,,,,
"FC","2023-06-17","89.6","-2.42","5.54","Dunning, Dane",666182,641540,,"ball",,,,,12,,"R","R","R","TEX","TOR","B",,,0,1,2023,"0.13","0.66",1.8768435723817143,3.4096940195332603,,,543807,2,3,"Top",,,,,,,10.453221506335666,-130.201797733256,-0.6685868866953248,-0.5568315627552315,25.72736210738451,-24.739526709949608,3.7371743899045,1.64574586703216,,,,"90.8",2137,"7",717723,641680,663993,543760,673962,608369,677649,665750,666969,"53.53",,,,,,,,21,2,"Cutter",3,1,1,3,1,3,1,3,"Standard","Standard",206,"-0.002","0.025",,,,,"-0.025",,2,-2,0.744,0.256,28,25,29,25,2,1,5,1,6,1,"2.18","-0.13","-0.13","41.0",,,,,
"SL","2023-06-17","83","-2.61","5.55","Dunning, Dane",666182,641540,,"called_strike",,,,,2,,"R","R","R","TEX","TOR","S",,,0,0,2023,"0.24","-0.12",0.18598074739459283,3.4016325878035136,,,543807,2,3,"Top",,,,,,,6.006027686723304,-120.83155605505951,1.8242843912176372,1.2284669545904952,23.109727852084898,-33.96532438427624,3.76492717057399,1.64574586703216,,,,"84.3",2407,"7",717723,641680,663993,543760,673962,608369,677649,665750,666969,"53.45",,,,,,,,21,1,"Slider",3,1,1,3,1,3,1,3,"Standard","Standard",61,"0.003","-0.045",,,,,"0.045",,2,-2,0.741,0.259,28,25,29,25,2,1,5,1,6,1,"3.42","-0.24","-0.24","35.9",,,,,
"SL","2023-06-17","82.7","-2.55","5.47","Dunning, Dane",593160,641540,"field_out","hit_into_play",,,,,5,"Whit Merrifield lines out to right fielder Adolis Garcia.","R","R","R","TEX","TOR","X",9,"line_drive",1,2,2023,"0.35","-0.19",0.0292889615270491,2.6003882185368945,,,543807,1,3,"Top",189.05,97.55,,,,,5.253486945544693,-120.4828484872842,0.30294765420127145,2.4862363585953347,22.186680085292796,-34.30115166886242,3.33,1.57,296,"90.4",24,"83.8",2380,"6.9",717723,641680,663993,543760,673962,608369,677649,665750,666969,"53.65",0.116,0.14,"0",1,0,0,3,20,6,"Slider",3,1,1,3,1,3,1,3,"Standard","Standard",46,"0.022","-0.185",,,,0.217,"0.185","90.4",2,-2,0.719,0.281,28,34,29,34,2,1,5,1,6,1,"3.5","-0.35","-0.35","36.4",,,,,
"SI","2023-06-17","91.7","-2.46","5.45","Dunning, Dane",593160,641540,,"foul",,,,,6,,"R","R","R","TEX","TOR","S",,,1,2,2023,"-1.04","0.69",0.34726486112050914,2.681495290100643,,,543807,1,3,"Top",,,,,,,9.483783952705332,-133.162777817175,-2.6328801125701213,-14.450370290339286,29.303396617739068,-23.56243306201809,3.33,1.57,134,"78",11,"92.8",2099,"7.1",717723,641680,663993,543760,673962,608369,677649,665750,666969,"53.42",,,,,,,,20,5,"Sinker",3,1,1,3,1,3,1,3,"Standard","Standard",218,"0","0",,,,,"0","88.0",2,-2,0.719,0.281,28,34,29,34,2,1,5,1,6,1,"2.03","1.04","1.04","36.8",,,,,
"SI","2023-06-17","91.9","-2.66","5.39","Dunning, Dane",593160,641540,,"foul",,,,,8,,"R","R","R","TEX","TOR","S",,,1,2,2023,"-1.08","0.75",-0.24308935824445532,1.70354407702676,,,543807,1,3,"Top",,,,,,,8.522964197108873,-133.4542432554203,-5.12412887852731,-14.725999988892713,29.0970591363784,-22.296633213643272,3.33,1.57,177,"73.7",19,"92.5",2104,"6.8",717723,641680,663993,543760,673962,608369,677649,665750,666969,"53.72",,,,,,,,20,4,"Sinker",3,1,1,3,1,3,1,3,"Standard","Standard",223,"0","0",,,,,"0","88.0",2,-2,0.719,0.281,28,34,29,34,2,1,5,1,6,1,"1.96","1.08","1.08","34.7",,,,,
"FC","2023-06-17","88.7","-2.52","5.46","Dunning, Dane",593160,641540,,"called_strike",,,,,3,,"R","R","R","TEX","TOR","S",,,1,1,2023,"-0.08","0.66",0.7037079495825724,3.008817558132476,,,543807,1,3,"Top",,,,,,,8.120633120149535,-128.99852324796967,-1.3431735761474402,-2.542006106353761,26.409478634708783,-24.678594544187348,3.16261825753061,1.4299418840759,,,,"89.5",2192,"6.8",717723,641680,663993,543760,673962,608369,677649,665750,666969,"53.73",,,,,,,,20,3,"Cutter",3,1,1,3,1,3,1,3,"Standard","Standard",218,"0.008","-0.055",,,,,"0.055",,2,-2,0.711,0.28900000000000003,28,34,29,34,2,1,5,1,6,1,"2.23","0.08","0.08","36.8",,,,,
"SI","2023-06-17","91.7","-2.53","5.45","Dunning, Dane",593160,641540,,"ball",,,,,14,,"R","R","R","TEX","TOR","B",,,0,1,2023,"-1.17","0.77",1.09467319512074,2.1036703875096596,,,543807,1,3,"Top",,,,,,,11.77143972095269,-132.9309868347863,-4.252813828800304,-16.39565617290212,28.61397006045259,-22.25349796061246,3.19042280482746,1.4578315149333,,,,"92.3",2082,"6.9",717723,641680,663993,543760,673962,608369,677649,665750,666969,"53.61",,,,,,,,20,2,"Sinker",3,1,1,3,1,3,1,3,"Infield shade","Standard",223,"-0.003","0.025",,,,,"-0.025",,2,-2,0.714,0.28600000000000003,28,34,29,34,2,1,5,1,6,1,"1.96","1.17","1.17","36.5",,,,,
"SL","2023-06-17","82.7","-2.53","5.55","Dunning, Dane",593160,641540,,"called_strike",,,,,6,,"R","R","R","TEX","TOR","S",,,0,0,2023,"0.14","0.24",0.2775973973896022,2.302600737036411,,,543807,1,3,"Top",,,,,,,6.19108017118503,-120.33153252146948,-1.423097255984853,0.2316588914842887,22.066673121872444,-29.72589325803128,3.16261825753061,1.40205111202543,,,,"83.9",2366,"6.9",717723,641680,663993,543760,673962,608369,677649,665750,666969,"53.56",,,,,,,,20,1,"Slider",3,1,1,3,1,3,1,3,"Infield shade","Standard",77,"0.005","-0.042",,,,,"0.042",,2,-2,0.709,0.29100000000000004,28,34,29,34,2,1,5,1,6,1,"3.07","-0.14","-0.14","39.3",,,,,
"CH","2023-06-17","86.1","-2.68","5.66","Dunning, Dane",662139,641540,"single","hit_into_play",,,,,5,"Daulton Varsho singles on a sharp line drive to right fielder Adolis Garcia. Vladimir Guerrero Jr. out at home on the throw, right fielder Adolis Garcia to catcher Jonah Heim.","R","L","R","TEX","TOR","X",9,"line_drive",0,2,2023,"-1.55","0.25",-0.1113289861609128,2.072289856893678,,665489,,2,1,"Top",193.69,100.82,,,,,9.264292425245143,-124.98131416562192,-2.7567648395947275,-18.113909211619344,25.515382994216868,-29.18394700716976,3.25,1.47,218,"105.9",13,"86.3",1781,"6.6",717723,641680,663993,543760,673962,608369,677649,665750,666969,"53.91",0.868,0.895,"0.9",1,1,0,5,5,3,"Changeup",0,1,1,0,1,0,1,0,"Standard","Standard",242,"0.018","0.782",,,,1.216,"-0.782","105.9",-1,1,0.43,0.5700000000000001,28,26,29,27,1,0,5,1,6,1,"2.84","1.55","-1.55","42.0",,,,,
"CH","2023-06-17","86.9","-2.72","5.45","Dunning, Dane",662139,641540,,"swinging_strike",,,,,7,,"R","L","R","TEX","TOR","S",,,0,1,2023,"-1.53","0.28",-0.4586641774194362,1.6872225964221568,,665489,,2,1,"Top",,,,,,,8.575926381849778,-126.206596069912,-3.391242756059112,-18.078833899978157,25.790555889965763,-28.717044205243326,3.25,1.47,,,,"87.1",1905,"6.6",717723,641680,663993,543760,673962,608369,677649,665750,666969,"53.95",,,,,,,,5,2,"Changeup",0,1,1,0,1,0,1,0,"Infield shade","Standard",251,"0.008","-0.061",,,,,"0.061",,-1,1,0.422,0.5780000000000001,28,26,29,27,1,0,5,1,6,1,"2.75","1.53","-1.53","33.6",,,,,
"FC","2023-06-17","89","-2.48","5.58","Dunning, Dane",662139,641540,,"called_strike",,,,,12,,"R","L","R","TEX","TOR","S",,,0,0,2023,"0.22","0.78",0.008623561399627055,3.305809131323022,,665489,,2,1,"Top",,,,,,,5.698354020580511,-129.6319522709053,-1.1996904253546001,1.39647730300608,25.921951198749706,-23.36090963308149,3.17137106575682,1.40371941492385,,,,"90",2224,"6.7",717723,641680,663993,543760,673962,608369,677649,665750,666969,"53.76",,,,,,,,5,1,"Cutter",0,1,1,0,1,0,1,0,"Infield shade","Standard",194,"0.004","-0.046",,,,,"0.046",,-1,1,0.418,0.5820000000000001,28,26,29,27,1,0,5,1,6,1,"2.09","-0.22","0.22","37.2",,,,,
"SL","2023-06-17","81.9","-2.61","5.54","Dunning, Dane",665489,641540,"single","hit_into_play",,,,,5,"Vladimir Guerrero Jr. singles on a sharp ground ball to left fielder Ezequiel Duran. Bo Bichette scores. Vladimir Guerrero Jr. to 2nd.","R","R","R","TEX","TOR","X",7,"ground_ball",0,0,2023,"0.35","-0.22",-0.2586294182670573,2.7792050852199606,,666182,,2,1,"Top",81.72,111.22,,,,,4.67111111912549,-119.22222291392016,0.7581794629606393,2.4762440034275848,22.409485059641817,-34.66464055616435,3.68,1.67,110,"108",4,"82.7",2384,"6.7",717723,641680,663993,543760,673962,608369,677649,665750,666969,"53.77",0.634,0.598,"0.9",1,1,0,4,4,1,"Slider",0,0,0,0,1,0,1,0,"Standard","Standard",45,"-0.098","0.675",,,,0.725,"-0.675","108.0",0,0,0.516,0.484,28,24,29,24,1,0,5,1,6,1,"3.61","-0.35","-0.35","38.4",,,,,
"SI","2023-06-17","91.1","-2.58","5.5","Dunning, Dane",593160,641540,"grounded_into_double_play","hit_into_play",,,,,11,"Whit Merrifield grounds into a double play, second baseman Marcus Semien to first baseman Nathaniel Lowe. George Springer out at 2nd. Whit Merrifield out at 1st.","R","R","R","TEX","TOR","X",4,"ground_ball",1,0,2023,"-1.52","0.62",-0.8932132938163744,2.592798741393398,,,543807,0,1,"Top",127.91,152.42,,,,,7.568994209183502,-132.39867535891435,-2.7412460742433806,-19.512837140659755,28.79947183274705,-24.474216761955493,3.33,1.57,5,"69.5",-28,"91.8",2060,"6.8",717723,641680,663993,543760,673962,608369,677649,665750,666969,"53.7",0.05,0.055,"0",1,0,0,2,2,2,"Sinker",0,0,0,0,0,0,0,0,"Standard","Standard",222,"0.079","-0.38",,,,0.054,"0.38","88.0",0,0,0.459,0.5409999999999999,28,34,29,34,1,0,5,1,6,1,"2.14","1.52","1.52","36.0",,,,,
"SI","2023-06-17","90.8","-2.59","5.43","Dunning, Dane",593160,641540,,"ball",,,,,14,,"R","R","R","TEX","TOR","B",,,0,0,2023,"-1.7","0.39",0.657532913926695,0.9352723447220357,,,543807,0,1,"Top",,,,,,,11.835978944354295,-131.5516053900385,-6.122298433838113,-22.323706990266913,28.356554121598045,-26.495939615727984,3.19042280482746,1.4299418840759,,,,"91.1",2090,"6.7",717723,641680,663993,543760,673962,608369,677649,665750,666969,"53.76",,,,,,,,2,1,"Sinker",0,0,0,0,0,0,0,0,"Standard","Standard",228,"-0.005","0.03",,,,,"-0.03",,0,0,0.464,0.536,28,34,29,34,1,0,5,1,6,1,"2.41","1.7","1.7","34.2",,,,,
"SI","2023-06-12","90.5","-2.61","5.37","Dunning, Dane",592273,641540,"field_out","hit_into_play",,,,,13,"Brandon Drury grounds out, shortstop Corey Seager to first baseman Nathaniel Lowe.","R","R","R","TEX","LAA","X",6,"ground_ball",3,2,2023,"-1.25","0.46",-0.19759578620891882,1.5730230010814716,,642136,,2,5,"Top",109.89,153.4,,,,,8.788317612482857,-131.48442511554268,-4.529971119602689,-16.419883000976064,28.071065749400777,-26.063802917803624,3.5,1.71,6,"105.2",-14,"91.4",1982,"6.9",717792,641680,663993,543760,673962,608369,677649,665750,666969,"53.55",0.228,0.227,"0",1,0,0,2,45,8,"Sinker",5,4,4,5,4,5,4,5,"Standard","Standard",223,"0.049","-0.271",,,,0.228,"0.271","105.2",1,-1,0.659,0.34099999999999997,28,30,29,31,3,2,6,1,5,1,"2.33","1.25","1.25","35.4",,,,,
"CH","2023-06-12","86.9","-2.56","5.38","Dunning, Dane",592273,641540,,"ball",,,,,14,,"R","R","R","TEX","LAA","B",,,2,2,2023,"-1.49","0.46",1.311903167893861,-0.9954564289849803,545361,,642136,2,5,"Top",,,,,,,12.44952042487334,-125.7035320595691,-10.105961457691427,-18.240674057933383,24.454907660998515,-25.306639888144748,3.66036514232118,1.70938071081891,,,,"87.8",1840,"7.1",717792,641680,663993,543760,673962,608369,677649,665750,666969,"53.42",,,,,,,,45,7,"Changeup",5,3,3,5,4,5,4,5,"Standard","Strategic",249,"-0.101","0.08",,,,,"-0.08",,2,-2,0.76,0.24,28,30,29,31,3,2,6,1,5,1,"2.58","1.49","1.49","43.2",,,,,
"SI","2023-06-12","90.1","-2.58","5.42","Dunning, Dane",592273,641540,,"foul",,,,,5,,"R","R","R","TEX","LAA","S",,,2,2,2023,"-1.19","0.55",-0.06977747556280911,2.796410869207282,545361,,642136,2,5,"Top",,,,,,,8.846745480276383,-130.9253801445957,-1.6952424122953134,-15.6078220405362,29.237563686725146,-25.65871407783642,3.5,1.71,145,"70.8",15,"90.7",2020,"6.9",717792,641680,663993,543760,673962,608369,677649,665750,666969,"53.61",,,,,,,,45,6,"Sinker",5,3,3,5,3,5,3,5,"Standard","Strategic",218,"0","0",,,,,"0","88.0",2,-2,0.76,0.24,28,30,29,31,3,2,6,1,5,1,"2.27","1.19","1.19","34.7",,,,,
"FC","2023-06-12","88.5","-2.61","5.43","Dunning, Dane",592273,641540,,"ball",,,,,14,,"R","R","R","TEX","LAA","B",,,1,2,2023,"0.02","1.03",0.4515003918292033,1.6960002574761028,545361,,642136,2,5,"Top",,,,,,,7.5247464989043475,-128.6203136195607,-5.256041637295584,-1.2396771790707524,25.615790400911802,-19.854816698512707,3.63160355383801,1.84767028680377,,,,"89.8",2146,"7.1",717792,641680,663993,543760,673962,608369,677649,665750,666969,"53.45",,,,,,,,45,5,"Cutter",5,3,3,5,3,5,3,5,"Standard","Strategic",214,"-0.009","0.023",,,,,"-0.023",,2,-2,0.769,0.23099999999999998,28,30,29,31,3,2,6,1,5,1,"1.88","-0.02","-0.02","37.9",,,,,
"CH","2023-06-12","85.3","-2.59","5.43","Dunning, Dane",592273,641540,,"foul",,,,,4,,"R","R","R","TEX","LAA","S",,,1,2,2023,"-1.5","0.59",-0.8054865408502074,2.4472767942199387,545361,,642136,2,5,"Top",,,,,,,7.275728519785049,-123.98590211827978,-1.902893834733474,-16.91559968760773,25.227799187319548,-25.870915858882373,3.5,1.71,2,"28.7",-46,"85.9",1948,"6.8",717792,641680,663993,543760,673962,608369,677649,665750,666969,"53.72",,,,,,,,45,4,"Changeup",5,3,3,5,3,5,3,5,"Standard","Strategic",244,"0","0",,,,,"0","88.0",2,-2,0.769,0.23099999999999998,28,30,29,31,3,2,6,1,5,1,"2.55","1.5","1.5","35.9",,,,,
"SI","2023-06-12","90.5","-2.55","5.32","Dunning, Dane",592273,641540,,"foul",,,,,13,,"R","R","R","TEX","LAA","S",,,1,1,2023,"-1.22","0.72",-0.886187285967299,1.797304518933371,545361,,642136,2,5,"Top",,,,,,,6.829539849929574,-131.60581451499172,-4.418711487378511,-15.600998290694715,29.10772513730536,-22.997676597122247,3.5,1.71,2,"81.1",-40,"91.3",1918,"6.9",717792,641680,663993,543760,673962,608369,677649,665750,666969,"53.59",,,,,,,,45,3,"Sinker",5,3,3,5,3,5,3,5,"Standard","Strategic",223,"0.015","-0.074",,,,,"0.074","88.0",2,-2,0.754,0.246,28,30,29,31,3,2,6,1,5,1,"2.07","1.22","1.22","35.8",,,,,
"SL","2023-06-12","83.4","-2.4","5.37","Dunning, Dane",592273,641540,,"blocked_ball",,,,,14,,"R","R","R","TEX","LAA","B",,,0,1,2023,"0.26","-0.11",1.9084889764026847,0.2644352782438384,545361,,642136,2,5,"Top",,,,,,,9.495634495555677,-121.09603023294679,-5.145530536532866,0.8356141301201713,22.143498718287272,-32.42404252297661,3.6881253213566,1.70938071081891,,,,"84.5",2298,"7",717792,641680,663993,543760,673962,608369,677649,665750,666969,"53.53",,,,,,,,45,2,"Slider",5,3,3,5,3,5,3,5,"Standard","Strategic",75,"-0.006","0.039",,,,,"-0.039",,2,-2,0.76,0.24,28,30,29,31,3,2,6,1,5,1,"3.38","-0.26","-0.26","37.7",,,,,
"FC","2023-06-12","88.7","-2.71","5.43","Dunning, Dane",592273,641540,,"foul",,,,,3,,"R","R","R","TEX","LAA","S",,,0,0,2023,"0.06","0.86",0.5332988273618816,3.006175504281811,545361,,642136,2,5,"Top",,,,,,,7.884630274994701,-128.97498624172303,-1.6877387781136868,-0.9984709229705504,26.60461460374646,-22.400582428014495,3.5,1.71,304,"89.8",34,"89.6",2187,"6.9",717792,641680,663993,543760,673962,608369,677649,665750,666969,"53.63",,,,,,,,45,1,"Cutter",5,3,3,5,3,5,3,5,"Standard","Strategic",208,"0.009","-0.052",,,,,"0.052","89.8",2,-2,0.751,0.249,28,30,29,31,3,2,6,1,5,1,"2.04","-0.06","-0.06","33.7",,,,,
"CH","2023-06-12","86.2","-2.61","5.37","Dunning, Dane",642136,641540,"single","hit_into_play",,,,,7,"Matt Thaiss singles on a ground ball to second baseman Marcus Semien. Mike Trout to 3rd.","R","L","R","TEX","LAA","X",4,"ground_ball",2,2,2023,"-1.43","0.59",-0.5580401793516037,2.0155006407599547,,545361,,2,5,"Top",137.09,143.12,,,,,7.837722445759706,-125.30209235729913,-2.9477272592858146,-16.636761756924987,24.767224492278828,-25.553244528567223,3.32,1.56,8,"98",-14,"87",1752,"6.8",717792,641680,663993,543760,673962,608369,677649,665750,666969,"53.72",0.183,0.17,"0.9",1,1,0,2,44,5,"Changeup",5,3,3,5,3,5,3,5,"Infield shade","Standard",252,"-0.028","0.749",,,,0.183,"-0.749","98.0",2,-2,0.779,0.22099999999999997,28,28,29,28,3,2,6,1,5,2,"2.48","1.43","-1.43","33.8",,,,,
"FC","2023-06-12","90","-2.62","5.46","Dunning, Dane",642136,641540,,"foul",,,,,5,,"R","L","R","TEX","LAA","S",,,2,1,2023,"0.01","0.84",0.1650960176357853,2.5918168792679115,,545361,,2,5,"Top",,,,,,,6.925115966981619,-130.89994564191826,-2.934044189872679,-1.3216637948126957,27.401090257985796,-22.138415758277784,3.32,1.56,,,,"90.6",2106,"6.7",717792,641680,663993,543760,673962,608369,677649,665750,666969,"53.83",,,,,,,,44,4,"Cutter",5,3,3,5,3,5,3,5,"Standard","Standard",208,"0.008","-0.069",,,,,"0.069",,2,-2,0.771,0.22899999999999998,28,28,29,28,3,2,6,1,5,2,"1.98","-0.01","0.01","36.4",,,,,
"CH","2023-06-12","85.6","-2.55","5.37","Dunning, Dane",642136,641540,,"called_strike",,,,,1,,"R","L","R","TEX","LAA","S",,,2,0,2023,"-1.47","0.7",-0.5849779821143206,3.005422605204498,,545361,,2,5,"Top",,,,,,,7.717254535181245,-124.47737599958593,-0.6821824160940022,-16.851753832169404,25.951452307313485,-24.980411427535195,3.38262128847991,1.55937757885646,,,,"86.6",1661,"7.1",717792,641680,663993,543760,673962,608369,677649,665750,666969,"53.44",,,,,,,,44,3,"Changeup",5,3,3,5,3,5,3,5,"Standard","Standard",247,"0.003","-0.055",,,,,"0.055",,2,-2,0.768,0.23199999999999998,28,28,29,28,3,2,6,1,5,2,"2.42","1.47","-1.47","36.1",,,,,
"CH","2023-06-12","86.3","-2.58","5.36","Dunning, Dane",642136,641540,,"ball",,,,,14,,"R","L","R","TEX","LAA","B",,,1,0,2023,"-1.5","0.54",1.1242352443583823,1.2339341496008336,,545361,,2,5,"Top",,,,,,,12.000557402213612,-125.00143120132333,-4.687787074918924,-18.18481998076597,25.582423417695598,-25.691762845062577,3.32704251839687,1.55937757885646,,,,"87.1",1908,"7.1",717792,641680,663993,543760,673962,608369,677649,665750,666969,"53.41",,,,,,,,44,2,"Changeup",5,3,3,5,3,5,3,5,"Standard","Standard",249,"-0.003","0.029",,,,,"-0.029",,2,-2,0.771,0.22899999999999998,28,28,29,28,3,2,6,1,5,2,"2.55","1.5","-1.5","34.7",,,,,
"SI","2023-06-12","90.8","-2.5","5.39","Dunning, Dane",642136,641540,,"ball",,,,,14,,"R","L","R","TEX","LAA","B",,,0,0,2023,"-1.27","0.37",1.201508773024373,1.319558388965814,,545361,,2,5,"Top",,,,,,,12.129474386017886,-131.6135070676112,-5.045368724222429,-17.386152409221587,29.273399366134136,-26.89047042137661,3.41040701140105,1.5598924163893,,,,"91.6",1931,"7.1",717792,641680,663993,543760,673962,608369,677649,665750,666969,"53.41",,,,,,,,44,1,"Sinker",5,3,3,5,3,5,3,5,"Standard","Standard",228,"-0.002","0.02",,,,,"-0.02",,2,-2,0.773,0.22699999999999998,28,28,29,28,3,2,6,1,5,2,"2.43","1.27","-1.27","36.1",,,,,
"SI","2023-06-12","90.8","-2.59","5.41","Dunning, Dane",543685,641540,"field_out","hit_into_play",,,,,9,"Anthony Rendon flies out to right fielder Adolis Garcia. Taylor Ward scores. Mike Trout to 2nd. Throwing error by right fielder Adolis Garcia.","R","R","R","TEX","LAA","X",9,"fly_ball",0,0,2023,"-0.98","0.69",0.34796378084263835,1.8755862758830433,,621493,545361,1,5,"Top",194.77,83.53,,,,,9.528157901971708,-131.85447083253067,-4.430054938689426,-13.471611031418387,27.95123937425579,-23.307791639832754,3.31,1.6,332,"96.7",37,"91.5",2026,"6.8",717792,641680,663993,543760,673962,608369,677649,665750,666969,"53.71",0.178,0.345,"0",1,0,0,3,43,1,"Sinker",5,2,2,5,3,5,3,5,"Standard","Standard",214,"-0.016","-0.238",,,,0.684,"0.238","96.7",3,-3,0.789,0.21099999999999997,28,33,29,33,3,2,6,2,5,1,"2.08","0.98","0.98","35.9",,,,,
"SI","2023-06-12","91.2","-2.63","5.33","Dunning, Dane",545361,641540,"walk","ball",,,,,12,"Mike Trout walks. Taylor Ward to 2nd.","R","R","R","TEX","LAA","B",,,3,2,2023,"-1.12","0.67",0.9390267242044317,3.3078201112136414,,,621493,1,5,"Top",,,,,,,11.474506881368026,-132.2912941762859,-0.6050378891149037,-15.564345294641615,28.057855086213426,-24.343227967578464,3.4381902665282,1.61565908302525,,,,"91.9",2048,"6.9",717792,641680,663993,543760,673962,608369,677649,665750,666969,"53.6",,0.695903,"0.7",1,0,0,,42,7,"Sinker",5,2,2,5,2,5,2,5,"Infield shade","Strategic",215,"-0.037","0.266",,,,,"-0.266",,3,-3,0.826,0.17400000000000004,28,31,29,32,3,2,6,1,5,2,"2.08","1.12","1.12","36.4",,,,,
"SL","2023-06-12","84","-2.59","5.44","Dunning, Dane",545361,641540,,"ball",,,,,14,,"R","R","R","TEX","LAA","B",,,2,2,2023,"0.06","0.07",1.4005628892307982,1.4867766855535005,,,621493,1,5,"Top",,,,,,,9.170446245485872,-122.0097259790262,-2.8886748399492843,-1.1822545826098783,23.51107994361845,-31.13135962694947,3.4381902665282,1.53200718026737,,,,"84.6",2440,"6.7",717792,641680,663993,543760,673962,608369,677649,665750,666969,"53.79",,,,,,,,42,6,"Slider",5,2,2,5,2,5,2,5,"Infield shade","Strategic",87,"-0.011","0.084",,,,,"-0.084",,3,-3,0.837,0.16300000000000003,28,31,29,32,3,2,6,1,5,2,"3.17","-0.06","-0.06","35.1",,,,,
"SI","2023-06-12","90.9","-2.54","5.43","Dunning, Dane",545361,641540,,"foul",,,,,2,,"R","R","R","TEX","LAA","S",,,2,2,2023,"-1","0.67",0.2283190133382389,2.947046347625959,,,621493,1,5,"Top",,,,,,,9.17194147748771,-132.1188241800495,-1.7352900624018448,-13.642152816714308,28.869525065872022,-24.139997495859184,3.52,1.67,235,"72.2",43,"91.7",1992,"6.9",717792,641680,663993,543760,673962,608369,677649,665750,666969,"53.63",,,,,,,,42,5,"Sinker",5,2,2,5,2,5,2,5,"Standard","Strategic",215,"0","0",,,,,"0","88.0",3,-3,0.837,0.16300000000000003,28,31,29,32,3,2,6,1,5,2,"2.1","1","1","38.3",,,,,
"SI","2023-06-12","90.9","-2.46","5.41","Dunning, Dane",545361,641540,,"ball",,,,,12,,"R","R","R","TEX","LAA","B",,,1,2,2023,"-0.81","0.58",0.9942531150614254,2.841223283829038,,,621493,1,5,"Top",,,,,,,10.49474304435507,-131.9959640493178,-1.7527006277939923,-11.734462512902159,28.46263457172785,-25.20434686242003,3.4381902665282,1.5877763924119,,,,"91.6",1939,"6.9",717792,641680,663993,543760,673962,608369,677649,665750,666969,"53.64",,,,,,,,42,4,"Sinker",5,2,2,5,2,5,2,5,"Infield shade","Strategic",218,"-0.005","0.047",,,,,"-0.047",,3,-3,0.842,0.15800000000000003,28,31,29,32,3,2,6,1,5,2,"2.19","0.81","0.81","41.7",,,,,
"SL","2023-06-12","82.6","-2.48","5.46","Dunning, Dane",545361,641540,,"blocked_ball",,,,,14,,"R","R","R","TEX","LAA","B",,,0,2,2023,"0.25","0.13",2.67695493794415,0.5668533660656396,,,621493,1,5,"Top",,,,,,,11.338066532209606,-119.77901415687978,-4.9253948249128605,0.35869036543971033,21.382104231207865,-30.193634599762426,3.4381902665282,1.53200718026737,,,,"83.4",2360,"6.8",717792,641680,663993,543760,673962,608369,677649,665750,666969,"53.65",,,,,,,,42,3,"Slider",5,2,2,5,2,5,2,5,"Standard","Strategic",56,"-0.003","0.023",,,,,"-0.023",,3,-3,0.845,0.15500000000000003,28,31,29,32,3,2,6,1,5,2,"3.22","-0.25","-0.25","39.9",,,,,
"SI","2023-06-12","90.3","-2.5","5.49","Dunning, Dane",545361,641540,,"foul",,,,,7,,"R","R","R","TEX","LAA","S",,,0,1,2023,"-1.17","0.92",-0.557282946279348,1.8811637448733936,,,621493,1,5,"Top",,,,,,,7.4492303246731755,-131.2656250255395,-5.016462625156773,-15.18430907494823,29.21641210911548,-20.66140869926505,3.52,1.67,105,"65.2",25,"91.4",1914,"7.1",717792,641680,663993,543760,673962,608369,677649,665750,666969,"53.38",,,,,,,,42,2,"Sinker",5,2,2,5,2,5,2,5,"Standard","Strategic",218,"0.008","-0.053",,,,,"0.053","88.0",3,-3,0.837,0.16300000000000003,28,31,29,32,3,2,6,1,5,2,"1.89","1.17","1.17","37.6",,,,,
"SL","2023-06-12","82.5","-2.64","5.44","Dunning, Dane",545361,641540,,"called_strike",,,,,6,,"R","R","R","TEX","LAA","S",,,0,0,2023,"0.26","-0.03",0.6895877896389653,2.274551110608892,,,621493,1,5,"Top",,,,,,,7.132197129949424,-119.99483433055723,-0.5849899218232335,1.0385498659883783,24.613438269108403,-32.55393106082734,3.49374929507693,1.66938025925164,,,,"83",2340,"6.8",717792,641680,663993,543760,673962,608369,677649,665750,666969,"53.74",,,,,,,,42,1,"Slider",5,2,2,5,2,5,2,5,"Standard","Strategic",110,"0.004","-0.042",,,,,"0.042",,3,-3,0.833,0.16700000000000004,28,31,29,32,3,2,6,1,5,2,"3.4","-0.26","-0.26","35.7",,,,,
"SI","2023-06-12","90.6","-2.51","5.52","Dunning, Dane",660271,641540,"sac_fly","hit_into_play",,,,,5,"Shohei Ohtani out on a sacrifice fly to left fielder Ezequiel Duran. Zach Neto scores.","R","L","R","TEX","LAA","X",7,"fly_ball",0,1,2023,"-1.16","0.63",0.27154207941859054,2.7138364908591255,687263,,621493,0,5,"Top",40.74,101.07,,,,,9.487771276234845,-131.59634899675416,-2.394225909215967,-15.531739257840883,28.206082024171824,-24.59315387657862,3.44,1.61,321,"94.9",30,"91",2009,"6.6",717792,641680,663993,543760,673962,608369,677649,665750,666969,"53.86",,0.40249999999999997,"0",1,0,0,5,41,2,"Sinker",5,1,1,5,2,5,2,5,"Standard","Standard",215,"0.028","-0.217",,,,,"0.217","94.9",4,-4,0.805,0.19499999999999995,28,28,29,29,3,2,6,1,5,1,"2.16","1.16","-1.16","40.3",,,,,
"CH","2023-06-12","85.7","-2.74","5.42","Dunning, Dane",660271,641540,,"foul",,,,,5,,"R","L","R","TEX","LAA","S",,,0,0,2023,"-1.39","0.59",-0.2102228008694913,2.383301564258242,687263,,621493,0,5,"Top",,,,,,,8.864457920205487,-124.55612097223405,-2.1052100975409895,-16.272866171146294,24.545007388514552,-25.846308856020265,3.44,1.61,262,"91.9",55,"86.4",1681,"6.8",717792,641680,663993,543760,673962,608369,677649,665750,666969,"53.72",,,,,,,,41,1,"Changeup",5,1,1,5,1,5,1,5,"Standard","Standard",248,"0.007","-0.02",,,,,"0.02","91.9",4,-4,0.798,0.20199999999999996,28,28,29,29,3,2,6,1,5,1,"2.52","1.39","-1.39","35.3",,,,,
"SI","2023-06-12","90.2","-2.69","5.48","Dunning, Dane",621493,641540,"single","hit_into_play",,,,,11,"Taylor Ward singles on a fly ball to center fielder Leody Taveras. Zach Neto to 3rd.","R","R","R","TEX","LAA","X",8,"fly_ball",0,1,2023,"-0.94","0.6",-0.8589080040494201,2.508175181866776,,687263,,0,5,"Top",146.11,95.2,,,,,6.635902197655396,-131.27900532446262,-2.7316601936099185,-12.278747787629442,27.66608011770479,-24.828548090976042,3.24,1.61,244,"72.4",30,"91.2",1987,"6.9",717792,641680,663993,543760,673962,608369,677649,665750,666969,"53.64",0.653,0.61,"0.9",1,1,0,4,40,2,"Sinker",5,1,1,5,1,5,1,5,"Standard","Standard",219,"-0.059","0.55",,,,0.726,"-0.55","88.0",4,-4,0.857,0.14300000000000002,28,29,29,30,3,2,6,1,5,1,"2.2","0.94","0.94","35.9",,,,,
"SL","2023-06-12","82","-2.62","5.47","Dunning, Dane",621493,641540,,"called_strike",,,,,3,,"R","R","R","TEX","LAA","S",,,0,0,2023,"0.05","0.12",0.3439821860543515,2.8496710989117573,,687263,,0,5,"Top",,,,,,,6.688678504876149,-119.29575542817547,0.3968656195832032,-0.7216572264736939,22.028875939864847,-31.271931175870115,3.35483311751732,1.60937861362036,,,,"83.1",2382,"7",717792,641680,663993,543760,673962,608369,677649,665750,666969,"53.54",,,,,,,,40,1,"Slider",5,1,1,5,1,5,1,5,"Standard","Standard",99,"0.005","-0.046",,,,,"0.046",,4,-4,0.852,0.14800000000000002,28,29,29,30,3,2,6,1,5,1,"3.26","-0.05","-0.05","36.8",,,,,
"FC","2023-06-12","89.6","-2.48","5.45","Dunning, Dane",665120,641540,"field_out","hit_into_play",,,,,12,"Jared Walsh lines out to second baseman Marcus Semien.","R","L","R","TEX","LAA","X",4,"line_drive",1,1,2023,"0.17","0.85",1.1082658356043762,3.274728814773318,,,642136,2,4,"Top",167.31,148.56,,,,,8.573956287141757,-130.26421209871904,-1.20862555713874,0.3285081307526913,25.38015282152068,-22.396918855418136,3.38,1.54,155,"54.1",34,"90.7",2144,"6.8",717792,641680,663993,543760,673962,608369,677649,665750,666969,"53.67",0.224,0.201,"0",1,0,0,1,34,3,"Cutter",5,1,1,5,1,5,1,5,"Infield shade","Strategic",201,"0.014","-0.266",,,,0.224,"0.266","88.0",4,-4,0.898,0.10199999999999998,28,29,29,30,2,1,6,1,5,2,"1.98","-0.17","0.17","37.2",,,,,
"CH","2023-06-12","86.2","-2.55","5.35","Dunning, Dane",665120,641540,,"blocked_ball",,,,,14,,"R","L","R","TEX","LAA","B",,,0,1,2023,"-1.59","0.48",1.3816730017383272,0.5348835156267042,,,642136,2,4,"Top",,,,,,,12.660681045692193,-124.78057204992895,-6.1859001286688935,-19.159752454403222,24.623071258057784,-26.02321770466665,3.63280983849993,1.72740817117323,,,,"86.8",1792,"6.9",717792,641680,663993,543760,673962,608369,677649,665750,666969,"53.6",,,,,,,,34,2,"Changeup",5,1,1,5,1,5,1,5,"Infield shade","Strategic",247,"-0.001","0.025",,,,,"-0.025",,4,-4,0.899,0.10099999999999998,28,29,29,30,2,1,6,1,5,2,"2.62","1.59","-1.59","36.0",,,,,
"CU","2023-06-12","78.3","-2.56","5.42","Dunning, Dane",665120,641540,,"swinging_strike",,,,,9,,"R","L","R","TEX","LAA","S",,,0,0,2023,"0.75","-1.31",0.6202910845875179,1.8063775181639228,,,642136,2,4,"Top",,,,,,,5.532541826457183,-113.79086257423758,1.595223660442964,5.3177843748451,23.03551352283822,-44.010814910504486,3.38,1.54,,,,"78.6",2302,"6.8",717792,641680,663993,543760,673962,608369,677649,665750,666969,"53.66",,,,,,,,34,1,"Curveball",5,1,1,5,1,5,1,5,"Infield shade","Strategic",33,"0.002","-0.045",,,,,"0.045",,4,-4,0.897,0.10299999999999998,28,29,29,30,2,1,6,1,5,2,"5.07","-0.75","0.75","37.0",,,,,
"SI","2023-06-12","89.3","-2.66","5.31","Dunning, Dane",592669,641540,"field_out","hit_into_play",,,,,4,"Hunter Renfroe lines out to center fielder Leody Taveras.","R","R","R","TEX","LAA","X",8,"line_drive",0,0,2023,"-1.2","0.55",-0.4516331880315647,2.611527845623216,,,642136,1,4,"Top",144.1,64.63,,,,,8.07648130937441,-129.85110820404952,-1.812083790990354,-15.300303945876765,26.507487156308873,-25.720929891286534,3.46,1.68,336,"90.6",23,"90.5",1845,"7",717792,641680,663993,543760,673962,608369,677649,665750,666969,"53.47",0.147,0.16,"0",1,0,0,3,33,1,"Sinker",5,1,1,5,1,5,1,5,"Standard","Strategic",231,"0.023","-0.257",,,,0.254,"0.257","90.6",4,-4,0.874,0.126,28,31,29,31,2,1,6,1,5,1,"2.3","1.2","1.2","33.8",,,,,
"SL","2023-06-12","83.4","-2.52","5.46","Dunning, Dane",592273,641540,"strikeout","swinging_strike",,,,,14,"Brandon Drury strikes out swinging.","R","R","R","TEX","LAA","S",2,,1,2,2023,"0.21","0.1",1.464852768688526,1.5899533490050541,,,642136,0,4,"Top",,,,,,,8.828474978140434,-121.23249523727223,-2.656345266652255,0.32601394895590563,23.882473975701103,-30.87439990101796,3.5,1.71,,,,"84.1",2329,"6.8",717792,641680,663993,543760,673962,608369,677649,665750,666969,"53.65",,0,"0",1,0,0,,32,5,"Slider",5,1,1,5,1,5,1,5,"Standard","Strategic",54,"0.02","-0.165",,,,,"0.165",,4,-4,0.854,0.14600000000000002,28,30,29,31,2,1,6,1,5,1,"3.19","-0.21","-0.21","38.0",,,,,
"SI","2023-06-12","91.1","-2.6","5.43","Dunning, Dane",592273,641540,,"foul",,,,,4,,"R","R","R","TEX","LAA","S",,,1,2,2023,"-1","0.78",-0.6342150476619032,2.894586361392154,,,642136,0,4,"Top",,,,,,,7.170761304451499,-132.4295383828244,-2.1596705662850306,-13.29604361507363,28.626489141301374,-22.683062278865002,3.5,1.71,138,"51.7",37,"92",1991,"6.9",717792,641680,663993,543760,673962,608369,677649,665750,666969,"53.59",,,,,,,,32,4,"Sinker",5,1,1,5,1,5,1,5,"Standard","Strategic",218,"0","0",,,,,"0","88.0",4,-4,0.854,0.14600000000000002,28,30,29,31,2,1,6,1,5,1,"1.97","1","1","41.3",,,,,
"SI","2023-06-12","89.4","-2.55","5.45","Dunning, Dane",592273,641540,,"ball",,,,,11,,"R","R","R","TEX","LAA","B",,,0,2,2023,"-0.85","0.77",-0.11251236113251029,3.833307019179834,,,642136,0,4,"Top",,,,,,,7.89511404655069,-130.0435282503664,0.4029109695778553,-11.256636366952279,27.144876047704308,-23.690456892628433,3.66057222961726,1.70961268072945,,,,"90.4",1953,"6.9",717792,641680,663993,543760,673962,608369,677649,665750,666969,"53.57",,,,,,,,32,3,"Sinker",5,1,1,5,1,5,1,5,"Standard","Strategic",216,"-0.003","0.008",,,,,"-0.008",,4,-4,0.857,0.14300000000000002,28,30,29,31,2,1,6,1,5,1,"2.08","0.85","0.85","37.6",,,,,
"SL","2023-06-12","84","-2.67","5.43","Dunning, Dane",592273,641540,,"foul",,,,,9,,"R","R","R","TEX","LAA","S",,,0,1,2023,"0.14","0.21",0.5394919490515007,2.055267050579605,,,642136,0,4,"Top",,,,,,,7.281985331787185,-122.13562372278884,-1.8480324442334881,-0.01787154182743274,23.196098398141732,-29.94079869526308,3.5,1.71,245,"80.6",42,"85.4",2427,"7.1",717792,641680,663993,543760,673962,608369,677649,665750,666969,"53.37",,,,,,,,32,2,"Slider",5,1,1,5,1,5,1,5,"Standard","Standard",87,"0.007","-0.043",,,,,"0.043","88.0",4,-4,0.85,0.15000000000000002,28,30,29,31,2,1,6,1,5,1,"3.02","-0.14","-0.14","33.9",,,,,
"FC","2023-06-12","88.3","-2.59","5.38","Dunning, Dane",592273,641540,,"called_strike",,,,,6,,"R","R","R","TEX","LAA","S",,,0,0,2023,"-0.14","0.92",0.7870107978013395,2.6023473297475084,,,642136,0,4,"Top",,,,,,,8.593409421722175,-128.4135757133363,-2.632102704933295,-3.2983372959663586,25.42899521651584,-21.653707093324734,3.54950701810603,1.70961268072945,,,,"89.1",2237,"6.7",717792,641680,663993,543760,673962,608369,677649,665750,666969,"53.79",,,,,,,,32,1,"Cutter",5,1,1,5,1,5,1,5,"Standard","Strategic",214,"0.004","-0.036",,,,,"0.036",,4,-4,0.846,0.15400000000000003,28,30,29,31,2,1,6,1,5,1,"2","0.14","0.14","40.7",,,,,
"SL","2023-06-12","82.7","-2.52","5.4","Dunning, Dane",543685,641540,"force_out","hit_into_play",,,,,9,"Anthony Rendon grounds into a force out, third baseman Josh Jung to second baseman Marcus Semien. Mike Trout out at 2nd.","R","R","R","TEX","LAA","X",5,"ground_ball",0,0,2023,"0.14","0.04",0.6996688212735664,1.8111598492386287,,660271,545361,2,3,"Top",103.24,158.84,,,,,7.130213615031479,-120.27700268088293,-1.7435865317521138,-0.054946220550078945,24.15997580688712,-31.693350602243232,3.31,1.6,7,"88.4",-15,"83.4",2276,"6.8",717792,641680,663993,543760,673962,608369,677649,665750,666969,"53.66",0.096,0.088,"0",1,0,0,2,23,1,"Slider",3,1,1,3,1,3,1,3,"Standard","Standard",37,"0.047","-0.296",,,,0.115,"0.296","88.4",2,-2,0.717,0.28300000000000003,28,33,29,33,2,1,6,2,5,1,"3.31","-0.14","-0.14","40.2",,,,,
"SI","2023-06-12","91.1","-2.64","5.39","Dunning, Dane",545361,641540,"single","hit_into_play",,,,,4,"Mike Trout singles on a sharp line drive to left fielder Ezequiel Duran. Taylor Ward scores. Shohei Ohtani to 2nd.","R","R","R","TEX","LAA","X",7,"line_drive",0,2,2023,"-1.05","0.63",-0.5410815995051435,2.4929621048511343,,621493,660271,2,3,"Top",55.92,97.89,,,,,7.636649636623453,-132.57447793108668,-2.762659817029319,-14.028279815260877,27.419984039884056,-24.35605886639867,3.52,1.67,220,"101.8",11,"92.3",1994,"6.9",717792,641680,663993,543760,673962,608369,677649,665750,666969,"53.58",0.939,0.93,"0.9",1,1,0,4,22,4,"Sinker",3,0,0,3,1,3,1,3,"Standard","Standard",220,"-0.098","0.65",,,,1.195,"-0.65","101.8",3,-3,0.815,0.18500000000000005,28,31,29,32,2,1,6,1,5,2,"2.11","1.05","1.05","36.4",,,,,
"FC","2023-06-12","88.6","-2.6","5.38","Dunning, Dane",545361,641540,,"foul",,,,,4,,"R","R","R","TEX","LAA","S",,,0,2,2023,"0.05","0.91",-0.37536364795041893,2.8756661695703274,,621493,660271,2,3,"Top",,,,,,,5.395304885855832,-129.0894005536265,-2.0112515478364763,-0.4595066572790222,24.81776980235596,-21.788792556372915,3.52,1.67,184,"66.6",45,"90",2249,"6.9",717792,641680,663993,543760,673962,608369,677649,665750,666969,"53.57",,,,,,,,22,3,"Cutter",3,0,0,3,0,3,0,3,"Standard","Standard",190,"0","0",,,,,"0","88.0",3,-3,0.815,0.18500000000000005,28,31,29,32,2,1,6,1,5,2,"1.97","-0.05","-0.05","35.0",,,,,
"SI","2023-06-12","91.1","-2.56","5.47","Dunning, Dane",545361,641540,,"foul",,,,,2,,"R","R","R","TEX","LAA","S",,,0,1,2023,"-0.63","0.62",-0.18413278965835134,3.0676027375545147,,621493,660271,2,3,"Top",,,,,,,7.383331143431031,-132.52284494269753,-1.461777532224246,-9.052334270072313,28.460953275784096,-24.733361702559332,3.52,1.67,93,"72.1",18,"91.8",2010,"6.8",717792,641680,663993,543760,673962,608369,677649,665750,666969,"53.74",,,,,,,,22,2,"Sinker",3,0,0,3,0,3,0,3,"Standard","Standard",216,"0.01","-0.061",,,,,"0.061","88.0",3,-3,0.805,0.19499999999999995,28,31,29,32,2,1,6,1,5,2,"2.13","0.63","0.63","38.9",,,,,
"SI","2023-06-12","90.4","-2.75","5.4","Dunning, Dane",545361,641540,,"called_strike",,,,,1,,"R","R","R","TEX","LAA","S",,,0,0,2023,"-0.74","0.55",-0.6301415828945371,3.0662156077535965,,621493,660271,2,3,"Top",,,,,,,6.9297789147873905,-131.5280099823237,-1.0433586768850647,-10.090762146586776,28.556235395721828,-25.791168682561597,3.52173425819005,1.58738830177198,,,,"91.1",1966,"6.8",717792,641680,663993,543760,673962,608369,677649,665750,666969,"53.71",,,,,,,,22,1,"Sinker",3,0,0,3,0,3,0,3,"Standard","Strategic",220,"0.006","-0.04",,,,,"0.04",,3,-3,0.799,0.20099999999999996,28,31,29,32,2,1,6,1,5,2,"2.25","0.74","0.74","33.9",,,,,
"CH","2023-06-12","86.4","-2.62","5.42","Dunning, Dane",660271,641540,"walk","ball",,,,,11,"Shohei Ohtani walks.","R","L","R","TEX","LAA","B",,,3,2,2023,"-1.38","0.34",-0.9281783677558737,3.558502280175614,,621493,,2,3,"Top",,,,,,,6.883338060552086,-125.6474321358485,1.112479707336107,-16.020833677158045,25.447631348317437,-28.996772557695298,3.54950701810603,1.75528360902613,,,,"87",1721,"6.7",717792,641680,663993,543760,673962,608369,677649,665750,666969,"53.79",,0.695903,"0.7",1,0,0,,21,6,"Changeup",3,0,0,3,0,3,0,3,"Standard","Strategic",248,"-0.01","0.162",,,,,"-0.162",,3,-3,0.809,0.19099999999999995,28,28,29,29,2,1,6,1,5,1,"2.71","1.38","-1.38","34.6",,,,,
"CH","2023-06-12","86.4","-2.65","5.4","Dunning, Dane",660271,641540,,"ball",,,,,11,,"R","L","R","TEX","LAA","B",,,2,2,2023,"-1.33","0.54",-1.9319423048572208,2.964426010723434,,621493,,2,3,"Top",,,,,,,4.451226752623388,-125.76750985720739,-0.6863512288739281,-14.966362385611403,25.801887451321573,-26.487898591428948,3.54950701810603,1.72740817117323,,,,"87.1",1691,"6.8",717792,641680,663993,543760,673962,608369,677649,665750,666969,"53.75",,,,,,,,21,5,"Changeup",3,0,0,3,0,3,0,3,"Standard","Strategic",250,"-0.006","0.051",,,,,"-0.051",,3,-3,0.815,0.18500000000000005,28,28,29,29,2,1,6,1,5,1,"2.51","1.33","-1.33","35.1",,,,,
"SI","2023-06-12","90.7","-2.46","5.44","Dunning, Dane",660271,641540,,"ball",,,,,3,,"R","L","R","TEX","LAA","B",,,1,2,2023,"-0.65","0.55",0.44443090504310934,3.4213002521621094,,621493,,2,3,"Top",,,,,,,8.72793426804893,-131.7899851626382,-0.28445028840424325,-9.454172213353308,27.383274863969607,-25.9161618190951,3.60425273111448,1.60875411284733,,,,"91.5",1961,"6.8",717792,641680,663993,543760,673962,608369,677649,665750,666969,"53.71",,,,,,,,21,4,"Sinker",3,0,0,3,0,3,0,3,"Standard","Strategic",212,"-0.004","0.015",,,,,"-0.015",,3,-3,0.819,0.18100000000000005,28,28,29,29,2,1,6,1,5,1,"2.22","0.65","-0.65","36.6",,,,,
"FC","2023-06-12","89.4","-2.48","5.47","Dunning, Dane",660271,641540,,"foul",,,,,6,,"R","L","R","TEX","LAA","S",,,1,1,2023,"0.05","1",0.38000751154474155,2.8018971461266835,,621493,,2,3,"Top",,,,,,,7.015678718485728,-130.20519532101125,-2.7834680786493555,-0.6625622284746904,23.9771780674514,-20.324624582198627,3.44,1.61,326,"93.7",32,"90.9",2187,"6.9",717792,641680,663993,543760,673962,608369,677649,665750,666969,"53.64",,,,,,,,21,3,"Cutter",3,0,0,3,0,3,0,3,"Infield shade","Standard",210,"0.007","-0.064",,,,,"0.064","93.7",3,-3,0.812,0.18799999999999994,28,28,29,29,2,1,6,1,5,1,"1.82","-0.05","0.05","35.8",,,,,
"CH","2023-06-12","83.4","-2.62","5.41","Dunning, Dane",660271,641540,,"ball",,,,,13,,"R","L","R","TEX","LAA","B",,,0,1,2023,"-1.5","0.37",-2.071360900899882,1.8199386880151787,,621493,,2,3,"Top",,,,,,,4.245849192022403,-121.3929061979863,-2.5344205932181945,-15.629878037212912,24.03090560376769,-28.271675832706087,3.5774847732346,1.6098428769893,,,,"84",1674,"6.7",717792,641680,663993,543760,673962,608369,677649,665750,666969,"53.78",,,,,,,,21,2,"Changeup",3,0,0,3,0,3,0,3,"Infield shade","Standard",250,"-0.003","0.02",,,,,"-0.02",,3,-3,0.815,0.18500000000000005,28,28,29,29,2,1,6,1,5,1,"2.91","1.5","-1.5","32.3",,,,,
"CH","2023-06-12","85.4","-2.67","5.49","Dunning, Dane",660271,641540,,"swinging_strike",,,,,7,,"R","L","R","TEX","LAA","S",,,0,0,2023,"-1.49","0.33",-0.6701017123454425,1.9101126927957526,,621493,,2,3,"Top",,,,,,,7.753456269890868,-124.1546983030762,-2.7941928355997367,-16.963630821348794,25.082591828744153,-28.405071204228804,3.44,1.61,,,,"85.8",1667,"6.6",717792,641680,663993,543760,673962,608369,677649,665750,666969,"53.91",,,,,,,,21,1,"Changeup",3,0,0,3,0,3,0,3,"Infield shade","Strategic",252,"0.004","-0.046",,,,,"0.046",,3,-3,0.811,0.18899999999999995,28,28,29,29,2,1,6,1,5,1,"2.8","1.49","-1.49","33.3",,,,,
"SI","2023-06-12","90.7","-2.63","5.41","Dunning, Dane",592273,641540,"grounded_into_double_play","hit_into_play",,,,,8,"Brandon Drury grounds into a double play, third baseman Josh Jung to second baseman Marcus Semien to first baseman Nathaniel Lowe. Matt Thaiss out at 2nd. Brandon Drury out at 1st.","R","R","R","TEX","LAA","X",5,"ground_ball",0,0,2023,"-1.21","0.75",-0.15218981469508086,2.2598700539668615,,,642136,0,2,"Top",108.08,163.68,,,,,8.879419458146357,-131.74118270089048,-3.5673197010205238,-15.941794363337426,28.242315460180073,-22.864620298652042,3.5,1.71,17,"95.4",-7,"91.7",1964,"7",717792,641680,663993,543760,673962,608369,677649,665750,666969,"53.5",0.244,0.22,"0",1,0,0,2,9,1,"Sinker",0,0,0,0,0,0,0,0,"Standard","Standard",228,"0.078","-0.35",,,,0.244,"0.35","95.4",0,0,0.462,0.538,28,30,29,31,1,0,6,1,5,1,"2.03","1.21","1.21","37.1",,,,,
"SI","2023-06-12","91.3","-2.62","5.36","Dunning, Dane",543685,641540,"grounded_into_double_play","hit_into_play",,,,,6,"Anthony Rendon grounds into a double play, pitcher Dane Dunning to second baseman Marcus Semien to first baseman Nathaniel Lowe. Mike Trout out at 2nd. Anthony Rendon out at 1st.","R","R","R","TEX","LAA","X",1,"ground_ball",0,1,2023,"-1.16","0.42",0.5331491113580666,2.5884729512910596,,621493,545361,1,1,"Top",130.44,182.41,,,,,10.544598262869542,-132.6078655291818,-1.9840590476630964,-15.957442272052463,28.249047108454572,-26.954932509809687,3.30962260265863,1.59961248132166,13,"99.4",-11,"92.1",1908,"6.9",717792,641680,663993,543760,673962,608369,677649,665750,666969,"53.64",0.225,0.202,"0",1,0,0,2,4,2,"Sinker",0,0,0,0,0,0,0,0,"Standard","Standard",225,"0.081","-0.284",,,,0.244,"0.284","99.4",0,0,0.467,0.5329999999999999,28,33,29,33,1,0,6,2,5,1,"2.32","1.16","1.16","34.5",,,,,
"FC","2023-06-12","89","-2.65","5.39","Dunning, Dane",543685,641540,,"foul",,,,,6,,"R","R","R","TEX","LAA","S",,,0,0,2023,"-0.06","0.91",0.7139979179466851,2.6417942898391398,,621493,545361,1,1,"Top",,,,,,,8.494296247061943,-129.4685384106515,-2.6769750690083836,-2.353265655837953,25.23150414042155,-21.57437135267271,3.31,1.6,211,"76.9",53,"90.3",2228,"7",717792,641680,663993,543760,673962,608369,677649,665750,666969,"53.54",,,,,,,,4,1,"Cutter",0,0,0,0,0,0,0,0,"Standard","Standard",190,"0.007","-0.04",,,,,"0.04","88.0",0,0,0.46,0.54,28,33,29,33,1,0,6,2,5,1,"1.96","0.06","0.06","44.3",,,,,
"SI","2023-06-12","91.7","-2.56","5.43","Dunning, Dane",545361,641540,"walk","ball",,,,,14,"Mike Trout walks.","R","R","R","TEX","LAA","B",,,3,2,2023,"-1.31","0.71",1.0163866198848697,1.945420883336082,,621493,,1,1,"Top",,,,,,,11.999267529807556,-132.94728340098163,-4.485236833130186,-18.07158082726926,28.523546900622854,-22.9350852878166,3.49437590319979,1.67007615078521,,,,"92.7",2066,"7.1",717792,641680,663993,543760,673962,608369,677649,665750,666969,"53.41",,0.695903,"0.7",1,0,0,,3,8,"Sinker",0,0,0,0,0,0,0,0,"Standard","Standard",223,"-0.018","0.184",,,,,"-0.184",,0,0,0.478,0.522,28,31,29,32,1,0,6,1,5,2,"2.02","1.31","1.31","36.5",,,,,
"FF","2023-06-12","91.3","-2.41","5.66","Dunning, Dane",545361,641540,,"ball",,,,,11,,"R","R","R","TEX","LAA","B",,,2,2,2023,"-0.4","1.32",-0.2748609866675223,4.458546323760684,,621493,,1,1,"Top",,,,,,,6.296767713633902,-132.88387925300933,0.044200077862538434,-6.1321712111601485,29.007320657334915,-16.831722458122066,3.46597103424699,1.5877763924119,,,,"92.2",2204,"6.9",717792,641680,663993,543760,673962,608369,677649,665750,666969,"53.64",,,,,,,,3,7,"4-Seam Fastball",0,0,0,0,0,0,0,0,"Standard","Standard",206,"-0.008","0.09",,,,,"-0.09",,0,0,0.486,0.514,28,31,29,32,1,0,6,1,5,2,"1.42","0.4","0.4","44.3",,,,,
"CH","2023-06-12","86.1","-2.52","5.44","Dunning, Dane",545361,641540,,"foul",,,,,5,,"R","R","R","TEX","LAA","S",,,2,2,2023,"-1.45","0.36",-0.24856223822200452,2.524527456074531,,621493,,1,1,"Top",,,,,,,8.3702143087498,-125.11863159060263,-1.4005609132951677,-16.876194903445263,24.314195317058886,-28.341266518134706,3.52,1.67,11,"100",-13,"86.7",1688,"6.6",717792,641680,663993,543760,673962,608369,677649,665750,666969,"53.86",,,,,,,,3,6,"Changeup",0,0,0,0,0,0,0,0,"Standard","Standard",248,"0","0",,,,,"0","100.0",0,0,0.486,0.514,28,31,29,32,1,0,6,1,5,2,"2.72","1.45","1.45","35.6",,,,,
"SI","2023-06-12","91.2","-2.55","5.48","Dunning, Dane",545361,641540,,"foul",,,,,7,,"R","R","R","TEX","LAA","S",,,2,2,2023,"-1.1","0.45",-0.7856082310872621,2.2352660938522235,,621493,,1,1,"Top",,,,,,,6.869293438080618,-132.6967814463517,-3.2718716467623974,-14.502134290282955,27.20864920342497,-26.374888280978038,3.52,1.67,3,"74.2",-34,"92.2",1907,"6.8",717792,641680,663993,543760,673962,608369,677649,665750,666969,"53.73",,,,,,,,3,5,"Sinker",0,0,0,0,0,0,0,0,"Standard","Standard",219,"0","0",,,,,"0","88.0",0,0,0.486,0.514,28,31,29,32,1,0,6,1,5,2,"2.28","1.1","1.1","41.7",,,,,
"CH","2023-06-12","86.1","-2.59","5.47","Dunning, Dane",545361,641540,,"foul",,,,,8,,"R","R","R","TEX","LAA","S",,,2,1,2023,"-1.45","0.54",0.13431384552677494,1.9437016744011921,,621493,,1,1,"Top",,,,,,,9.481970558819345,-125.08558697377445,-3.2586255374781916,-17.10746081955947,23.830046379174576,-26.067185272808864,3.52,1.67,4,"72.1",-28,"86.9",1750,"6.7",717792,641680,663993,543760,673962,608369,677649,665750,666969,"53.77",,,,,,,,3,4,"Changeup",0,0,0,0,0,0,0,0,"Standard","Standard",246,"0.007","-0.09",,,,,"0.09","88.0",0,0,0.479,0.521,28,31,29,32,1,0,6,1,5,2,"2.53","1.45","1.45","42.1",,,,,
"SI","2023-06-12","90.3","-2.5","5.52","Dunning, Dane",545361,641540,,"foul",,,,,5,,"R","R","R","TEX","LAA","S",,,2,0,2023,"-0.92","0.77",-0.008495959902013683,2.329046522965162,,621493,,1,1,"Top",,,,,,,8.225595871096965,-131.27693063855625,-3.6645216482864402,-12.377691181640197,27.13141841341584,-22.676237451043747,3.52,1.67,6,"88.7",-22,"91.1",1902,"6.7",717792,641680,663993,543760,673962,608369,677649,665750,666969,"53.75",,,,,,,,3,3,"Sinker",0,0,0,0,0,0,0,0,"Standard","Standard",222,"0.004","-0.032",,,,,"0.032","88.7",0,0,0.475,0.525,28,31,29,32,1,0,6,1,5,2,"2.03","0.92","0.92","42.4",,,,,
"SI","2023-06-12","89.6","-2.52","5.5","Dunning, Dane",545361,641540,,"ball",,,,,11,,"R","R","R","TEX","LAA","B",,,1,0,2023,"-0.58","0.82",-0.15608466113312292,3.6889643546703663,,621493,,1,1,"Top",,,,,,,7.113762641670087,-130.41711254135396,-0.21761079965728014,-8.062109746374531,27.09286563712493,-22.959650210943018,3.46597103424699,1.5877763924119,,,,"90.4",1983,"6.7",717792,641680,663993,543760,673962,608369,677649,665750,666969,"53.76",,,,,,,,3,2,"Sinker",0,0,0,0,0,0,0,0,"Standard","Standard",214,"-0.004","0.036",,,,,"-0.036",,0,0,0.479,0.521,28,31,29,32,1,0,6,1,5,2,"2.01","0.58","0.58","38.9",,,,,
"SI","2023-06-12","89.5","-2.52","5.48","Dunning, Dane",545361,641540,,"ball",,,,,12,,"R","R","R","TEX","LAA","B",,,0,0,2023,"-0.5","0.67",0.29230770334214107,3.9881534948889055,,621493,,1,1,"Top",,,,,,,8.059798503694363,-130.11268517205423,0.9431336091197554,-7.297951489839807,26.66699534807628,-25.006917591501086,3.46618112279141,1.66961032134932,,,,"90.3",1866,"6.8",717792,641680,663993,543760,673962,608369,677649,665750,666969,"53.74",,,,,,,,3,1,"Sinker",0,0,0,0,0,0,0,0,"Standard","Standard",210,"-0.002","0.034",,,,,"-0.034",,0,0,0.481,0.519,28,31,29,32,1,0,6,1,5,2,"2.18","0.5","0.5","38.0",,,,,
"CH","2023-06-12","86.1","-2.69","5.49","Dunning, Dane",660271,641540,"field_out","hit_into_play",,,,,8,"Shohei Ohtani grounds out to first baseman Nathaniel Lowe. Taylor Ward to 2nd.","R","L","R","TEX","LAA","X",3,"ground_ball",2,1,2023,"-1.42","0.34",0.22952680714226115,1.6470436885637683,,,621493,0,1,"Top",146.16,186.64,,,,,9.830665437094853,-124.94996603929128,-3.563840641752372,-16.82664972762322,24.29707994243454,-28.06914377184592,3.44,1.61,1,"65.4",-63,"86.4",1794,"6.6",717792,641680,663993,543760,673962,608369,677649,665750,666969,"53.93",0.236,0.23,"0",1,0,0,2,2,4,"Changeup",0,0,0,0,0,0,0,0,"Infield shade","Strategic",248,"0.022","-0.38",,,,0.238,"0.38","88.0",0,0,0.459,0.5409999999999999,28,28,29,29,1,0,6,1,5,1,"2.74","1.42","-1.42","34.4",,,,,
"CH","2023-06-12","86.3","-2.64","5.45","Dunning, Dane",660271,641540,,"swinging_strike",,,,,8,,"R","L","R","TEX","LAA","S",,,2,0,2023,"-1.33","0.32",0.01587735571735327,1.9076326150304266,,,621493,0,1,"Top",,,,,,,9.084196902374408,-125.44587785662435,-2.8704272227013816,-15.834327869819925,24.624855872451505,-28.39388021151853,3.44,1.61,,,,"87.1",1712,"6.8",717792,641680,663993,543760,673962,608369,677649,665750,666969,"53.72",,,,,,,,2,3,"Changeup",0,0,0,0,0,0,0,0,"Infield shade","Standard",248,"0.011","-0.055",,,,,"0.055",,0,0,0.448,0.552,28,28,29,29,1,0,6,1,5,1,"2.74","1.33","-1.33","34.4",,,,,
"SI","2023-06-12","91.2","-2.53","5.46","Dunning, Dane",660271,641540,,"ball",,,,,14,,"R","L","R","TEX","LAA","B",,,1,0,2023,"-0.95","0.61",1.3557234684418367,2.3232174958882936,,,621493,0,1,"Top",,,,,,,11.871631233185798,-132.34499208929284,-3.3049799643027207,-13.70232483177998,27.62328285149346,-24.415469062567368,3.49374929507693,1.60937606091745,,,,"91.8",2115,"6.7",717792,641680,663993,543760,673962,608369,677649,665750,666969,"53.78",,,,,,,,2,2,"Sinker",0,0,0,0,0,0,0,0,"Infield shade","Standard",216,"-0.011","0.055",,,,,"-0.055",,0,0,0.459,0.5409999999999999,28,28,29,29,1,0,6,1,5,1,"2.14","0.95","-0.95","35.5",,,,,
"CH","2023-06-12","85.7","-2.67","5.43","Dunning, Dane",660271,641540,,"ball",,,,,11,,"R","L","R","TEX","LAA","B",,,0,0,2023,"-1.37","0.32",-1.141791615447893,3.0044702524308633,,,621493,0,1,"Top",,,,,,,6.431439585052935,-124.73510950222273,-0.11735958282475178,-15.632885475246999,24.23022795144206,-29.045932545460825,3.47055146686226,1.61565908302525,,,,"86.5",1649,"6.7",717792,641680,663993,543760,673962,608369,677649,665750,666969,"53.82",,,,,,,,2,1,"Changeup",0,0,0,0,0,0,0,0,"Infield shade","Standard",249,"-0.005","0.03",,,,,"-0.03",,0,0,0.464,0.536,28,28,29,29,1,0,6,1,5,1,"2.78","1.37","-1.37","33.0",,,,,
"SI","2023-06-06","90.6","-2.6","5.31","Dunning, Dane",571448,641540,"field_out","hit_into_play",,,,,11,"Nolan Arenado grounds out softly, pitcher Dane Dunning to first baseman Nathaniel Lowe.","R","R","R","TEX","STL","X",1,"ground_ball",1,1,2023,"-0.99","0.62",-0.8453545229515984,2.6228627700740472,,680977,502671,2,5,"Top",126.35,178.08,,,,,6.585554432451709,-131.80517521996683,-2.1321342640031276,-12.93099847130976,28.319953440314887,-24.643390602820617,3.31,1.63,9,"58.1",-16,"91.8",2033,"7",717868,641598,663993,543760,673962,677649,543257,665750,666969,"53.47",0.05,0.045,"0",1,0,0,1,43,3,"Sinker",5,2,2,5,2,5,2,5,"Standard","Standard",217,"0.042","-0.281",,,,0.05,"0.281","88.0",3,-3,0.842,0.15800000000000003,28,32,29,32,3,2,6,1,6,1,"2.16","0.99","0.99","36.0",,,,,
"SL","2023-06-06","82.8","-2.45","5.32","Dunning, Dane",571448,641540,,"swinging_strike",,,,,14,,"R","R","R","TEX","STL","S",,,1,0,2023,"0.45","-0.39",0.8450822088206913,1.4686619675344121,,680977,502671,2,5,"Top",,,,,,,6.718528266099699,-120.4273206778439,-1.532356999118589,3.0635983882259517,23.300799157395673,-35.922418272824615,3.31,1.63,,,,"83.8",2302,"6.9",717868,641598,663993,543760,673962,677649,543257,665750,666969,"53.56",,,,,,,,43,2,"Slider",5,2,2,5,2,5,2,5,"Standard","Standard",59,"0.006","-0.045",,,,,"0.045",,3,-3,0.836,0.16400000000000003,28,32,29,32,3,2,6,1,6,1,"3.72","-0.45","-0.45","33.6",,,,,
"SI","2023-06-06","90.9","-2.64","5.37","Dunning, Dane",571448,641540,,"ball",,,,,11,,"R","R","R","TEX","STL","B",,,0,0,2023,"-1.1","0.66",-1.3909508455168016,2.8470516402075923,,680977,502671,2,5,"Top",,,,,,,5.559698646065965,-132.20409041743113,-1.8180139053786424,-14.110308888834242,29.40376423057068,-24.22941981634223,3.38176816388454,1.80987435703875,,,,"91.8",1989,"7",717868,641598,663993,543760,673962,677649,543257,665750,666969,"53.55",,,,,,,,43,1,"Sinker",5,2,2,5,2,5,2,5,"Standard","Standard",222,"-0.004","0.03",,,,,"-0.03",,3,-3,0.84,0.16000000000000003,28,32,29,32,3,2,6,1,6,1,"2.11","1.1","1.1","37.1",,,,,
"FC","2023-06-06","89.4","-2.52","5.35","Dunning, Dane",669357,641540,"strikeout","called_strike",,,,,7,"Nolan Gorman called out on strikes.","R","L","R","TEX","STL","S",2,,2,2,2023,"0.11","0.74",-0.5385533250903658,1.6679503522932022,,680977,502671,1,5,"Top",,,,,,,4.764781179016747,-130.17683036304265,-4.763123428539102,0.3302084900768441,26.284979796867184,-22.946068908333757,3.21166263217959,1.57999980229863,,,,"91.6",2203,"7.5",717868,641598,663993,543760,673962,677649,543257,665750,666969,"52.98",,0,"0",1,0,0,,42,5,"Cutter",5,2,2,5,2,5,2,5,"Standard","Strategic",200,"0.043","-0.201",,,,,"0.201",,3,-3,0.797,0.20299999999999996,28,23,29,23,3,2,6,1,6,1,"2.1","-0.11","0.11","37.4",,,,,
"SI","2023-06-06","90.7","-2.44","5.27","Dunning, Dane",669357,641540,,"foul",,,,,9,,"R","L","R","TEX","STL","S",,,2,1,2023,"-0.88","0.78",0.477855527273379,1.9603584278172015,,680977,502671,1,5,"Top",,,,,,,9.271677998808043,-131.75081820118578,-4.042823932961484,-12.204239317189897,27.235145468760514,-22.432630774133706,3.36,1.58,4,"85.9",-24,"91.6",2010,"6.8",717868,641598,663993,543760,673962,677649,543257,665750,666969,"53.65",,,,,,,,42,4,"Sinker",5,2,2,5,2,5,2,5,"Standard","Strategic",221,"0.015","-0.07",,,,,"0.07","88.0",3,-3,0.782,0.21799999999999997,28,23,29,23,3,2,6,1,6,1,"2","0.88","-0.88","34.7",,,,,
"CH","2023-06-06","85.7","-2.64","5.42","Dunning, Dane",669357,641540,,"ball",,,,,11,,"R","L","R","TEX","STL","B",,,1,1,2023,"-1.42","0.29",-2.1174736996621197,2.536476325291325,,680977,502671,1,5,"Top",,,,,,,4.194622196503585,-124.70951212045598,-1.1249284083062148,-15.648224083702344,25.179200145588272,-29.126025844908177,3.39045210449427,1.58000154866794,,,,"87.4",1795,"7.4",717868,641598,663993,543760,673962,677649,543257,665750,666969,"53.14",,,,,,,,42,3,"Changeup",5,2,2,5,2,5,2,5,"Standard","Standard",248,"-0.01","0.039",,,,,"-0.039",,3,-3,0.792,0.20799999999999996,28,23,29,23,3,2,6,1,6,1,"2.81","1.42","-1.42","33.6",,,,,
"FC","2023-06-06","89","-2.41","5.42","Dunning, Dane",669357,641540,,"swinging_strike",,,,,14,,"R","L","R","TEX","STL","S",,,1,0,2023,"0.25","0.58",1.5231904663559042,1.7417869296134725,,680977,502671,1,5,"Top",,,,,,,9.301504354603052,-129.41851645843386,-4.293015104714588,1.0433381389759397,25.35496807449394,-24.991876442335077,3.36,1.58,,,,"91",2180,"7.4",717868,641598,663993,543760,673962,677649,543257,665750,666969,"53.08",,,,,,,,42,2,"Cutter",5,2,2,5,2,5,2,5,"Standard","Strategic",203,"0.01","-0.051",,,,,"0.051",,3,-3,0.782,0.21799999999999997,28,23,29,23,3,2,6,1,6,1,"2.29","-0.25","0.25","36.5",,,,,
"CH","2023-06-06","86","-2.77","5.24","Dunning, Dane",669357,641540,,"ball",,,,,13,,"R","L","R","TEX","STL","B",,,0,0,2023,"-1.41","0.31",-1.5528312592007258,1.9588374531522867,,680977,502671,1,5,"Top",,,,,,,5.829839867872805,-125.17537055662132,-2.1658272479855354,-15.98885135255257,25.232726728508194,-28.725307400562453,3.43250005740551,1.58000034434908,,,,"87.2",1880,"7",717868,641598,663993,543760,673962,677649,543257,665750,666969,"53.47",,,,,,,,42,1,"Changeup",5,2,2,5,2,5,2,5,"Standard","Strategic",249,"-0.007","0.042",,,,,"-0.042",,3,-3,0.789,0.21099999999999997,28,23,29,23,3,2,6,1,6,1,"2.77","1.41","-1.41","32.9",,,,,
"FC","2023-06-06","87.9","-2.65","5.31","Dunning, Dane",502671,641540,"walk","ball",,,,,14,"Paul Goldschmidt walks. Brendan Donovan to 2nd.","R","R","R","TEX","STL","B",,,3,2,2023,"0.38","0.7",1.0601747311263559,1.0059285036198236,,,680977,1,5,"Top",,,,,,,8.307128994482976,-127.82922394076488,-5.86794759981856,2.623846779691142,24.16006688666703,-23.45762258694999,3.47979953159553,1.63000254594377,,,,"89.2",2255,"6.9",717868,641598,663993,543760,673962,677649,543257,665750,666969,"53.57",,0.695903,"0.7",1,0,0,,41,6,"Cutter",5,2,2,5,2,5,2,5,"Standard","Standard",209,"-0.037","0.266",,,,,"-0.266",,3,-3,0.826,0.17400000000000004,28,35,29,36,3,2,6,1,6,1,"2.23","-0.38","-0.38","35.6",,,,,
"SL","2023-06-06","82.4","-2.32","5.34","Dunning, Dane",502671,641540,,"blocked_ball",,,,,14,,"R","R","R","TEX","STL","B",,,2,2,2023,"0.23","-0.36",2.1364039735239957,0.433189273424337,,,680977,1,5,"Top",,,,,,,9.787156585564697,-119.69966924575313,-3.9501721133171133,0.3595053073231713,22.940497669566657,-35.076002161313234,3.48327253780594,1.62999786558125,,,,"83.4",2332,"7",717868,641598,663993,543760,673962,677649,543257,665750,666969,"53.45",,,,,,,,41,5,"Slider",5,2,2,5,2,5,2,5,"Standard","Standard",43,"-0.011","0.084",,,,,"-0.084",,3,-3,0.837,0.16300000000000003,28,35,29,36,3,2,6,1,6,1,"3.73","-0.23","-0.23","37.1",,,,,
"SI","2023-06-06","90.7","-2.57","5.24","Dunning, Dane",502671,641540,,"foul",,,,,5,,"R","R","R","TEX","STL","S",,,2,1,2023,"-1.21","0.49",0.26379374259988286,2.5139415156263976,,,680977,1,5,"Top",,,,,,,9.792750751818575,-131.75365995618367,-1.902627103144833,-16.19650369805886,29.832392828253234,-26.244881137929706,3.42,1.63,85,"76.5",15,"91.5",2012,"7",717868,641598,663993,543760,673962,677649,543257,665750,666969,"53.49",,,,,,,,41,4,"Sinker",5,2,2,5,2,5,2,5,"Standard","Standard",225,"0.008","-0.054",,,,,"0.054","88.0",3,-3,0.829,0.17100000000000004,28,35,29,36,3,2,6,1,6,1,"2.3","1.21","1.21","35.3",,,,,
"FC","2023-06-06","88.6","-2.52","5.39","Dunning, Dane",502671,641540,,"swinging_strike",,,,,14,,"R","R","R","TEX","STL","S",,,2,0,2023,"0.22","0.58",1.1050783676172418,2.232741469750686,,,680977,1,5,"Top",,,,,,,8.49815379604685,-128.81593104129252,-2.8621804059804474,0.59884390213806,27.244357395210805,-25.26944145752903,3.42,1.63,,,,"89.4",2239,"6.9",717868,641598,663993,543760,673962,677649,543257,665750,666969,"53.63",,,,,,,,41,3,"Cutter",5,2,2,5,2,5,2,5,"Standard","Standard",195,"0.009","-0.061",,,,,"0.061",,3,-3,0.82,0.18000000000000005,28,35,29,36,3,2,6,1,6,1,"2.33","-0.22","-0.22","40.7",,,,,
"FC","2023-06-06","89","-2.44","5.31","Dunning, Dane",502671,641540,,"ball",,,,,14,,"R","R","R","TEX","STL","B",,,1,0,2023,"0.17","0.61",1.0491551641603512,2.1794387110699667,,,680977,1,5,"Top",,,,,,,8.308304663125313,-129.42211835477852,-2.9482756638964704,0.17455903565402933,27.123173437807807,-24.94254235822781,3.49232882597999,1.62999711550794,,,,"90.1",2274,"7",717868,641598,663993,543760,673962,677649,543257,665750,666969,"53.47",,,,,,,,41,2,"Cutter",5,2,2,5,2,5,2,5,"Standard","Standard",203,"-0.009","0.054",,,,,"-0.054",,3,-3,0.829,0.17100000000000004,28,35,29,36,3,2,6,1,6,1,"2.28","-0.17","-0.17","35.1",,,,,
"SI","2023-06-06","90.4","-2.54","5.27","Dunning, Dane",502671,641540,,"blocked_ball",,,,,14,,"R","R","R","TEX","STL","B",,,0,0,2023,"-1.42","0.14",0.6376468023167119,0.6582003822694622,,,680977,1,5,"Top",,,,,,,11.082106213972185,-130.9437527577788,-5.805177359777655,-18.795703327729832,30.710631202206688,-29.335335388498894,3.54845497632908,1.62844212553955,,,,"90.9",1868,"7.1",717868,641598,663993,543760,673962,677649,543257,665750,666969,"53.41",,,,,,,,41,1,"Sinker",5,2,2,5,2,5,2,5,"Standard","Standard",222,"-0.004","0.036",,,,,"-0.036",,3,-3,0.833,0.16700000000000004,28,35,29,36,3,2,6,1,6,1,"2.7","1.42","1.42","36.1",,,,,
"SI","2023-06-06","91.1","-2.47","5.35","Dunning, Dane",575929,641540,"force_out","hit_into_play",,,,,4,"Willson Contreras grounds into a force out, shortstop Ezequiel Duran to second baseman Marcus Semien. Paul Goldschmidt out at 2nd.","R","R","R","TEX","STL","X",6,"ground_ball",1,2,2023,"-1","0.63",-0.4532357208730329,2.573189473374099,,,502671,2,3,"Top",115.86,150.25,,,,,7.294336927623083,-132.61331562388105,-2.4901856982135664,-13.337072738387945,26.782914563856917,-24.420024459226884,3.31,1.58,9,"84",-15,"92.3",1943,"6.8",717868,641598,663993,543760,673962,677649,543257,665750,666969,"53.67",0.083,0.081,"0",1,0,0,2,23,4,"Sinker",1,2,2,1,2,1,2,1,"Standard","Standard",217,"0.016","-0.207",,,,0.085,"0.207","88.0",-1,1,0.421,0.579,28,31,29,31,2,1,6,1,6,1,"2.1","1","1","35.9",,,,,
"SL","2023-06-06","81.9","-2.38","5.37","Dunning, Dane",575929,641540,,"ball",,,,,14,,"R","R","R","TEX","STL","B",,,0,2,2023,"0.22","-0.36",1.656841699109303,1.1500344465291281,,,502671,2,3,"Top",,,,,,,8.832419867452629,-118.94324103391999,-2.269360259221838,0.4150542964684061,22.446861644247402,-35.374045877116366,3.43635887922925,1.57999864336665,,,,"83.3",2430,"7.3",717868,641598,663993,543760,673962,677649,543257,665750,666969,"53.22",,,,,,,,23,3,"Slider",1,2,2,1,2,1,2,1,"Standard","Standard",52,"-0.002","0.02",,,,,"-0.02",,-1,1,0.423,0.577,28,31,29,31,2,1,6,1,6,1,"3.77","-0.22","-0.22","41.4",,,,,
"CH","2023-06-06","84.5","-2.63","5.4","Dunning, Dane",575929,641540,,"swinging_strike",,,,,7,,"R","R","R","TEX","STL","S",,,0,1,2023,"-1.29","0.45",-0.7057668111617157,2.043705069880817,,,502671,2,3,"Top",,,,,,,7.108694728283458,-122.9679536798614,-2.391863370644726,-14.500723060901683,23.44292512638032,-27.31647157519588,3.31,1.58,,,,"85.2",1688,"6.6",717868,641598,663993,543760,673962,677649,543257,665750,666969,"53.88",,,,,,,,23,2,"Changeup",1,2,2,1,2,1,2,1,"Standard","Standard",248,"0.006","-0.055",,,,,"0.055",,-1,1,0.417,0.583,28,31,29,31,2,1,6,1,6,1,"2.73","1.29","1.29","35.2",,,,,
"SL","2023-06-06","81.5","-2.5","5.38","Dunning, Dane",575929,641540,,"swinging_strike",,,,,8,,"R","R","R","TEX","STL","S",,,0,0,2023,"0.19","-0.4",-0.0299281259101927,1.952637816553255,,,502671,2,3,"Top",,,,,,,5.2345416090320045,-118.7201686432058,-0.35704206336369704,0.7956537700793406,22.077899643670694,-36.12362872187827,3.31,1.58,,,,"82.2",2365,"6.6",717868,641598,663993,543760,673962,677649,543257,665750,666969,"53.86",,,,,,,,23,1,"Slider",1,2,2,1,2,1,2,1,"Standard","Standard",52,"0.003","-0.045",,,,,"0.045",,-1,1,0.414,0.5860000000000001,28,31,29,31,2,1,6,1,6,1,"3.82","-0.19","-0.19","34.7",,,,,
"SI","2023-06-06","91.9","-2.61","5.38","Dunning, Dane",571448,641540,"field_out","hit_into_play",,,,,4,"Nolan Arenado flies out to left fielder Robbie Grossman.","R","R","R","TEX","STL","X",7,"fly_ball",3,1,2023,"-0.97","0.57",-0.6612557989375546,2.553819663104991,,,502671,1,3,"Top",80.21,88.39,,,,,7.0913454147296955,-133.7642747926758,-2.589275921229565,-13.101936156092002,27.38744493347226,-24.946958843265957,3.31,1.63,296,"95.4",47,"92.9",1981,"6.8",717868,641598,663993,543760,673962,677649,543257,665750,666969,"53.73",0.005,0.007,"0",1,0,0,3,22,5,"Sinker",1,2,2,1,2,1,2,1,"Standard","Standard",214,"0.042","-0.386",,,,0.014,"0.386","95.4",-1,1,0.372,0.628,28,32,29,32,2,1,6,1,6,1,"2.11","0.97","0.97","34.3",,,,,
"SI","2023-06-06","90.6","-2.64","5.27","Dunning, Dane",571448,641540,,"ball",,,,,3,,"R","R","R","TEX","STL","B",,,2,1,2023,"-0.6","0.58",0.4881663492568611,3.171539740521076,,,502671,1,3,"Top",,,,,,,9.224879634282647,-131.67310964980257,-0.5821593931054034,-8.847783755732701,26.166910117411337,-25.43199289493718,3.32082952186583,1.60832216006603,,,,"92",2059,"7.1",717868,641598,663993,543760,673962,677649,543257,665750,666969,"53.43",,,,,,,,22,4,"Sinker",1,2,2,1,2,1,2,1,"Standard","Standard",213,"-0.01","0.1",,,,,"-0.1",,-1,1,0.382,0.618,28,32,29,32,2,1,6,1,6,1,"2.19","0.6","0.6","31.5",,,,,
"FC","2023-06-06","89.3","-2.64","5.35","Dunning, Dane",571448,641540,,"foul",,,,,6,,"R","R","R","TEX","STL","S",,,2,0,2023,"0.16","0.73",0.7333805212495189,2.6744945040653976,,,502671,1,3,"Top",,,,,,,8.097144698669318,-129.86641605587334,-2.149474810519907,0.1926774113153324,25.85945424223435,-23.615118835372655,3.31,1.63,80,"74.1",14,"90.8",2219,"7.1",717868,641598,663993,543760,673962,677649,543257,665750,666969,"53.35",,,,,,,,22,3,"Cutter",1,2,2,1,2,1,2,1,"Standard","Standard",202,"0.007","-0.061",,,,,"0.061","88.0",-1,1,0.375,0.625,28,32,29,32,2,1,6,1,6,1,"2.12","-0.16","-0.16","36.3",,,,,
"SI","2023-06-06","90.9","-2.53","5.3","Dunning, Dane",571448,641540,,"ball",,,,,13,,"R","R","R","TEX","STL","B",,,1,0,2023,"-1.19","0.51",-0.10063097750750782,1.4895000031639294,,,502671,1,3,"Top",,,,,,,8.829293921499168,-132.082167252628,-4.823819115529175,-15.835555454410468,27.576100326090188,-25.35772745221101,3.37044648932047,1.6300007936453,,,,"92.8",1997,"7.4",717868,641598,663993,543760,673962,677649,543257,665750,666969,"53.06",,,,,,,,22,2,"Sinker",1,2,2,1,2,1,2,1,"Standard","Standard",222,"-0.007","0.054",,,,,"-0.054",,-1,1,0.382,0.618,28,32,29,32,2,1,6,1,6,1,"2.25","1.19","1.19","33.7",,,,,
"SI","2023-06-06","91.1","-2.61","5.36","Dunning, Dane",571448,641540,,"ball",,,,,14,,"R","R","R","TEX","STL","B",,,0,0,2023,"-1.17","0.49",0.4841492292404983,0.7587509625159548,,,502671,1,3,"Top",,,,,,,10.437944447783297,-132.2168198214012,-6.798397235791573,-15.8789584091577,27.492354423082592,-25.094053668760203,3.41487348615433,1.6532390362789,,,,"92.4",2000,"7.2",717868,641598,663993,543760,673962,677649,543257,665750,666969,"53.32",,,,,,,,22,1,"Sinker",1,2,2,1,2,1,2,1,"Standard","Standard",219,"-0.004","0.036",,,,,"-0.036",,-1,1,0.386,0.614,28,32,29,32,2,1,6,1,6,1,"2.26","1.17","1.17","35.0",,,,,
"FC","2023-06-06","89.1","-2.61","5.37","Dunning, Dane",669357,641540,"field_out","hit_into_play",,,,,12,"Nolan Gorman lines out to right fielder Adolis Garcia.","R","L","R","TEX","STL","X",9,"line_drive",1,1,2023,"0.26","0.68",0.8453402507456379,2.5955707284916825,,,502671,0,3,"Top",191.52,100.2,,,,,8.061128814610282,-129.55851774753427,-2.2705668665585934,1.3281264892359783,25.382546534166185,-24.199567977674302,3.36,1.58,293,"93.7",22,"90.6",2180,"7.1",717868,641598,663993,543760,673962,677649,543257,665750,666969,"53.41",0.176,0.19,"0",1,0,0,3,21,3,"Cutter",1,2,2,1,2,1,2,1,"Infield shade","Strategic",194,"0.031","-0.229",,,,0.302,"0.229","93.7",-1,1,0.355,0.645,28,23,29,23,2,1,6,1,6,1,"2.18","-0.26","0.26","35.3",,,,,
"FC","2023-06-06","88.8","-2.66","5.42","Dunning, Dane",669357,641540,,"foul",,,,,4,,"R","L","R","TEX","STL","S",,,1,0,2023,"0.08","0.86",-0.30378459053818907,2.335326135599244,,,502671,0,3,"Top",,,,,,,5.710799547449541,-129.34841041635255,-3.413034026858823,-0.15697697086539075,25.226767364995258,-21.948804138721968,3.36,1.58,228,"79.9",51,"90.9",2207,"7.3",717868,641598,663993,543760,673962,677649,543257,665750,666969,"53.16",,,,,,,,21,2,"Cutter",1,2,2,1,2,1,2,1,"Infield shade","Strategic",199,"0.007","-0.042",,,,,"0.042","88.0",-1,1,0.348,0.652,28,23,29,23,2,1,6,1,6,1,"2.01","-0.08","0.08","37.1",,,,,
"FC","2023-06-06","88.9","-2.57","5.46","Dunning, Dane",669357,641540,,"ball",,,,,14,,"R","L","R","TEX","STL","B",,,0,0,2023,"0.17","0.81",1.2251515510495326,2.505985827930088,,,502671,0,3,"Top",,,,,,,9.11607820134237,-129.21481908037333,-2.9603279179594333,0.10348585669131712,25.478927802174383,-22.6494535938083,3.45167262739169,1.5800006090866,,,,"90.7",2187,"7.3",717868,641598,663993,543760,673962,677649,543257,665750,666969,"53.2",,,,,,,,21,1,"Cutter",1,2,2,1,2,1,2,1,"Infield shade","Strategic",201,"-0.005","0.03",,,,,"-0.03",,-1,1,0.353,0.647,28,23,29,23,2,1,6,1,6,1,"2.07","-0.17","0.17","38.8",,,,,
"CH","2023-06-06","84.4","-2.53","5.36","Dunning, Dane",669242,641540,"grounded_into_double_play","hit_into_play",,,,,13,"Tommy Edman grounds into a double play, pitcher Dane Dunning to shortstop Ezequiel Duran to first baseman Nathaniel Lowe. Jordan Walker out at 2nd. Tommy Edman out at 1st.","R","L","R","TEX","STL","X",1,"ground_ball",0,2,2023,"-1.35","0.28",-0.9607473355366272,1.8533605314821706,,,691023,0,2,"Top",125.57,178.76,,,,,6.367264236854335,-122.71741821090065,-2.3481150921457825,-14.87974853629823,24.590984867569876,-29.057549287792956,3.12,1.47,3,"85.7",-29,"84.7",1673,"6.5",717868,641598,663993,543760,673962,677649,543257,665750,666969,"53.97",0.062,0.066,"0",1,0,0,2,12,3,"Changeup",0,2,2,0,2,0,2,0,"Infield shade","Standard",255,"0.048","-0.271",,,,0.066,"0.271","88.0",-2,2,0.285,0.7150000000000001,28,28,29,28,1,0,6,1,6,1,"2.93","1.35","-1.35","39.7",,,,,
"FC","2023-06-06","88.5","-2.58","5.44","Dunning, Dane",669242,641540,,"foul",,,,,12,,"R","L","R","TEX","STL","S",,,0,1,2023,"0","0.86",0.8307760059719878,2.45756545755971,,,691023,0,2,"Top",,,,,,,8.388534283549287,-128.6130866282444,-3.027657195218862,-1.743889834231453,25.91641906431289,-22.184822113644945,3.12,1.47,150,"56.6",26,"89.3",2141,"6.8",717868,641598,663993,543760,673962,677649,543257,665750,666969,"53.71",,,,,,,,12,2,"Cutter",0,2,2,0,2,0,2,0,"Standard","Standard",210,"0.006","-0.043",,,,,"0.043","88.0",-2,2,0.279,0.721,28,28,29,28,1,0,6,1,6,1,"2.05","0","0","37.2",,,,,
"CU","2023-06-06","78.2","-2.54","5.42","Dunning, Dane",669242,641540,,"called_strike",,,,,5,,"R","L","R","TEX","STL","S",,,0,0,2023,"0.86","-1.16",-0.25142176302170693,2.2729584998469345,,,691023,0,2,"Top",,,,,,,3.392198032769232,-113.78667018009362,2.3714614957261637,6.650578867329361,23.96865346105242,-42.87981897867917,3.1281712108246,1.47000156944078,,,,"78.8",2195,"7",717868,641598,663993,543760,673962,677649,543257,665750,666969,"53.47",,,,,,,,12,1,"Curveball",0,2,2,0,2,0,2,0,"Standard","Standard",29,"0.004","-0.036",,,,,"0.036",,-2,2,0.275,0.725,28,28,29,28,1,0,6,1,6,1,"4.93","-0.86","0.86","36.6",,,,,
"SL","2023-06-06","83.4","-2.74","5.43","Dunning, Dane",657557,641540,"field_out","hit_into_play",,,,,9,"Paul DeJong flies out to right fielder Adolis Garcia.","R","R","R","TEX","STL","X",9,"fly_ball",0,1,2023,"0.29","0.02",0.4132779714417749,1.951468968438343,,575929,676475,2,1,"Top",209.77,108.79,,,,,6.717213363781218,-121.3950930095406,-1.6159040838749157,1.5711745768342826,23.328543316595887,-31.86446555667203,3.34,1.56,303,"93.7",42,"83.9",2356,"6.6",717868,641598,663993,543760,673962,677649,543257,665750,666969,"53.91",0.018,0.033,"0",1,0,0,3,7,2,"Slider",0,2,2,0,2,0,2,0,"Standard","Standard",67,"0.028","-0.256",,,,0.06,"0.256","93.7",-2,2,0.324,0.6759999999999999,28,29,29,30,1,0,6,1,6,1,"3.25","-0.29","-0.29","34.4",,,,,
"SI","2023-06-06","90.9","-2.73","5.38","Dunning, Dane",657557,641540,,"called_strike",,,,,9,,"R","R","R","TEX","STL","S",,,0,0,2023,"-1.3","0.38",0.6432193322977882,2.010938172650832,,575929,676475,2,1,"Top",,,,,,,11.35370434983398,-131.7916603170007,-3.300177961518325,-17.636529747035198,29.376243172589838,-27.1893877689146,3.43984130159826,1.55999935609962,,,,"91.5",2091,"6.9",717868,641598,663993,543760,673962,677649,543257,665750,666969,"53.55",,,,,,,,7,1,"Sinker",0,2,2,0,2,0,2,0,"Standard","Standard",221,"0.005","-0.04",,,,,"0.04",,-2,2,0.319,0.681,28,29,29,30,1,0,6,1,6,1,"2.41","1.3","1.3","31.2",,,,,
"SI","2023-06-06","91.6","-2.44","5.44","Dunning, Dane",676475,641540,"single","hit_into_play",,,,,6,"Alec Burleson singles on a line drive to center fielder Leody Taveras. Willson Contreras to 2nd.","R","L","R","TEX","STL","X",8,"line_drive",0,2,2023,"-1.26","0.49",0.4689620218955408,2.5161593555767503,,,575929,2,1,"Top",128.6,88.98,,,,,10.181993071268133,-132.9495782361816,-2.5806411651342667,-17.122236825731687,28.545057419044777,-25.97975705373265,3.31,1.59,258,"94.7",14,"92.6",2056,"7",717868,641598,663993,543760,673962,677649,543257,665750,666969,"53.48",0.911,0.899,"0.9",1,1,0,4,6,3,"Sinker",0,2,2,0,2,0,2,0,"Infield shade","Standard",218,"-0.023","0.467",,,,1.147,"-0.467","94.7",-2,2,0.342,0.6579999999999999,28,24,29,25,1,0,6,3,6,1,"2.24","1.26","-1.26","34.9",,,,,
"SL","2023-06-06","82.9","-2.65","5.51","Dunning, Dane",676475,641540,,"foul",,,,,8,,"R","L","R","TEX","STL","S",,,0,1,2023,"0.05","-0.08",0.11607453814882152,1.7858250980460348,,,575929,2,1,"Top",,,,,,,6.242122287802183,-120.6337191451755,-1.8485862463627813,-0.7793401160664946,24.3532268042439,-32.80240688667812,3.31,1.59,368,"101.4",29,"83.1",2422,"6.5",717868,641598,663993,543760,673962,677649,543257,665750,666969,"53.97",,,,,,,,6,2,"Slider",0,2,2,0,2,0,2,0,"Infield shade","Standard",55,"0.004","-0.055",,,,,"0.055","101.4",-2,2,0.338,0.6619999999999999,28,24,29,25,1,0,6,3,6,1,"3.41","-0.05","0.05","33.3",,,,,
"CU","2023-06-06","77.4","-2.54","5.58","Dunning, Dane",676475,641540,,"called_strike",,,,,5,,"R","L","R","TEX","STL","S",,,0,0,2023,"0.8","-1.17",-0.23977858642800964,2.4066612753342804,,,575929,2,1,"Top",,,,,,,3.5104759226002296,-112.54525769250034,2.439629051685202,5.999597600419265,22.643575688089673,-42.73767019033389,3.50128275894097,1.59000023689971,,,,"78.3",2037,"7.2",717868,641598,663993,543760,673962,677649,543257,665750,666969,"53.32",,,,,,,,6,1,"Curveball",0,2,2,0,2,0,2,0,"Infield shade","Standard",33,"0.003","-0.045",,,,,"0.045",,-2,2,0.335,0.665,28,24,29,25,1,0,6,3,6,1,"5.01","-0.8","0.8","39.3",,,,,
"SL","2023-06-06","83.1","-2.5","5.52","Dunning, Dane",571448,641540,"home_run","hit_into_play",,,,,14,"Nolan Arenado homers (11) on a fly ball to left center field. Paul Goldschmidt scores.","R","R","R","TEX","STL","X",,"fly_ball",0,1,2023,"0.34","-0.09",0.853694293602721,2.3781684207094087,,,502671,2,1,"Top",75.89,42.34,,,,,7.085959824098045,-120.82325322605864,-0.5665662012623331,2.0260133714187916,22.876634394817216,-33.14349545016578,3.31,1.63,406,"99.7",30,"84.2",2293,"7",717868,641598,663993,543760,673962,677649,543257,665750,666969,"53.53",0.532,1.0296060606060606,"2",1,0,3,6,4,2,"Slider",0,0,0,0,2,0,2,0,"Standard","Standard",61,"-0.185","2.261",,,,2.047,"-2.261","99.7",0,0,0.529,0.471,28,32,29,32,1,0,6,1,6,1,"3.39","-0.34","-0.34","37.8",,,,,
"SL","2023-06-06","82.9","-2.63","5.42","Dunning, Dane",571448,641540,,"called_strike",,,,,9,,"R","R","R","TEX","STL","S",,,0,0,2023,"0.18","-0.05",0.6734232935108329,1.7439834191103545,,,502671,2,1,"Top",,,,,,,7.239973667142761,-120.6564837100837,-1.8841334705996058,0.4650552754996558,21.241776779425148,-32.54002730431416,3.25416725917066,1.63000094484411,,,,"83.6",2242,"6.5",717868,641598,663993,543760,673962,677649,543257,665750,666969,"53.97",,,,,,,,4,1,"Slider",0,0,0,0,0,0,0,0,"Standard","Standard",60,"0.003","-0.045",,,,,"0.045",,0,0,0.526,0.474,28,32,29,32,1,0,6,1,6,1,"3.34","-0.18","-0.18","33.9",,,,,
"CH","2023-06-06","84","-2.58","5.46","Dunning, Dane",669357,641540,"field_out","hit_into_play",,,,,4,"Nolan Gorman flies out to center fielder Leody Taveras.","R","L","R","TEX","STL","X",8,"fly_ball",0,2,2023,"-1.42","0.46",-0.817827134995059,2.4064492115434533,,,502671,1,1,"Top",138.52,104.53,,,,,6.933672073824062,-122.18964516209128,-1.6024179357952693,-15.585232606170743,22.743283378384735,-27.476209343334737,3.36,1.58,239,"87",55,"84.8",1694,"6.7",717868,641598,663993,543760,673962,677649,543257,665750,666969,"53.8",0.011,0.014,"0",1,0,0,3,3,3,"Changeup",0,0,0,0,0,0,0,0,"Infield shade","Standard",247,"0.017","-0.162",,,,0.02,"0.162","88.0",0,0,0.509,0.491,28,23,29,23,1,0,6,1,6,1,"2.76","1.42","-1.42","35.4",,,,,
"FC","2023-06-06","88.6","-2.6","5.52","Dunning, Dane",669357,641540,,"swinging_strike",,,,,3,,"R","L","R","TEX","STL","S",,,0,1,2023,"0.2","0.67",0.5763429014480569,3.0320399210479083,,,502671,1,1,"Top",,,,,,,7.431305668571604,-128.98209821701337,-1.4794972792119145,0.8958021213151556,24.085454752192547,-24.545083693705212,3.36,1.58,,,,"90.1",2067,"6.9",717868,641598,663993,543760,673962,677649,543257,665750,666969,"53.57",,,,,,,,3,2,"Cutter",0,0,0,0,0,0,0,0,"Infield shade","Standard",198,"0.007","-0.053",,,,,"0.053",,0,0,0.502,0.498,28,23,29,23,1,0,6,1,6,1,"2.21","-0.2","0.2","38.7",,,,,
"CH","2023-06-06","86.5","-2.65","5.38","Dunning, Dane",669357,641540,,"foul",,,,,4,,"R","L","R","TEX","STL","S",,,0,0,2023,"-1.23","0.44",-0.35749926502800244,2.330771281021761,,,502671,1,1,"Top",,,,,,,8.06053027769187,-125.86585870221828,-2.012250633582243,-14.659869931711615,23.8315958841462,-27.330563942877543,3.36,1.58,1,"63.1",-66,"87.8",1819,"6.9",717868,641598,663993,543760,673962,677649,543257,665750,666969,"53.57",,,,,,,,3,1,"Changeup",0,0,0,0,0,0,0,0,"Infield shade","Standard",248,"0.004","-0.042",,,,,"0.042","88.0",0,0,0.498,0.502,28,23,29,23,1,0,6,1,6,1,"2.59","1.23","-1.23","33.5",,,,,
"SI","2023-06-06","91.6","-2.52","5.49","Dunning, Dane",502671,641540,"force_out","hit_into_play",,,,,12,"Paul Goldschmidt grounds into a force out, fielded by shortstop Ezequiel Duran. Brendan Donovan out at 2nd. Paul Goldschmidt to 1st.","R","R","R","TEX","STL","X",6,"ground_ball",2,2,2023,"-0.71","0.51",1.0776761527731007,3.1823829562478663,,,680977,0,1,"Top",123.14,147.22,,,,,10.771629437455323,-133.07547954176147,-1.0875231306551512,-10.670453635493459,27.273771113689826,-26.04047421334293,3.42,1.63,61,"88",2,"93",2005,"7.1",717868,641598,663993,543760,673962,677649,543257,665750,666969,"53.37",0.315,0.284,"0",1,0,0,2,2,6,"Sinker",0,0,0,0,0,0,0,0,"Standard","Standard",211,"0.029","-0.324",,,,0.334,"0.324","88.0",0,0,0.469,0.531,28,35,29,36,1,0,6,1,6,1,"2.2","0.71","0.71","36.1",,,,,
"SL","2023-06-06","84.1","-2.67","5.44","Dunning, Dane",502671,641540,,"foul",,,,,5,,"R","R","R","TEX","STL","S",,,2,2,2023,"0.16","-0.28",0.01249156407270001,2.5066145611873263,,,680977,0,1,"Top",,,,,,,5.9582905908466355,-122.39367151750494,0.1591080305949082,0.40723084496141637,24.256522362805875,-35.27165635990424,3.42,1.63,3,"64.6",-40,"84.8",2350,"6.7",717868,641598,663993,543760,673962,677649,543257,665750,666969,"53.76",,,,,,,,2,5,"Slider",0,0,0,0,0,0,0,0,"Standard","Standard",70,"0","0",,,,,"0","88.0",0,0,0.469,0.531,28,35,29,36,1,0,6,1,6,1,"3.51","-0.16","-0.16","34.8",,,,,
"FC","2023-06-06","88.4","-2.69","5.46","Dunning, Dane",502671,641540,,"swinging_strike",,,,,1,,"R","R","R","TEX","STL","S",,,2,1,2023,"0.14","0.65",-0.34595982697824984,3.3994245474222904,,,680977,0,1,"Top",,,,,,,5.438058918339887,-128.7071674918761,-0.3184299570665135,0.45155119239869096,25.184810123340263,-25.104867886029204,3.42,1.63,,,,"88.9",2299,"6.5",717868,641598,663993,543760,673962,677649,543257,665750,666969,"54.04",,,,,,,,2,4,"Cutter",0,0,0,0,0,0,0,0,"Standard","Standard",198,"0.01","-0.056",,,,,"0.056",,0,0,0.459,0.5409999999999999,28,35,29,36,1,0,6,1,6,1,"2.25","-0.14","-0.14","34.7",,,,,
"SI","2023-06-06","92","-2.71","5.36","Dunning, Dane",502671,641540,,"foul",,,,,8,,"R","R","R","TEX","STL","S",,,2,0,2023,"-1.17","0.81",-0.27120877898169704,1.757504965466065,,,680977,0,1,"Top",,,,,,,8.851971222512576,-133.6000600350735,-5.096067042782577,-15.95686392075291,29.217587210348317,-21.492810631938745,3.42,1.63,,,,"93.1",2029,"7.1",717868,641598,663993,543760,673962,677649,543257,665750,666969,"53.41",,,,,,,,2,3,"Sinker",0,0,0,0,0,0,0,0,"Standard","Standard",222,"0.011","-0.055",,,,,"0.055",,0,0,0.448,0.552,28,35,29,36,1,0,6,1,6,1,"1.89","1.17","1.17","35.1",,,,,
"FC","2023-06-06","89.6","-2.58","5.46","Dunning, Dane",502671,641540,,"ball",,,,,14,,"R","R","R","TEX","STL","B",,,1,0,2023,"0.11","0.58",1.3288890703504108,1.3566521809991787,,,680977,0,1,"Top",,,,,,,9.551991826140812,-130.09375702926746,-5.433105149443305,-0.6873297552002515,26.184220775038273,-24.620091041860338,3.53606864777029,1.62999753652476,,,,"91",2230,"7.1",717868,641598,663993,543760,673962,677649,543257,665750,666969,"53.36",,,,,,,,2,2,"Cutter",0,0,0,0,0,0,0,0,"Standard","Standard",203,"-0.011","0.055",,,,,"-0.055",,0,0,0.459,0.5409999999999999,28,35,29,36,1,0,6,1,6,1,"2.26","-0.11","-0.11","36.9",,,,,
"SI","2023-06-06","91.2","-2.54","5.36","Dunning, Dane",502671,641540,,"blocked_ball",,,,,14,,"R","R","R","TEX","STL","B",,,0,0,2023,"-0.91","0.65",1.6510079517561356,0.5386857707521777,,,680977,0,1,"Top",,,,,,,12.564691905564418,-132.06739566148235,-7.636774218001452,-13.249791932368403,26.963537995689624,-23.04815000781771,3.64140188408113,1.63000087368185,,,,"91.8",1935,"6.8",717868,641598,663993,543760,673962,677649,543257,665750,666969,"53.69",,,,,,,,2,1,"Sinker",0,0,0,0,0,0,0,0,"Standard","Standard",226,"-0.005","0.03",,,,,"-0.03",,0,0,0.464,0.536,28,35,29,36,1,0,6,1,6,1,"2.11","0.91","0.91","32.6",,,,,
"SI","2023-05-31","89.6","-2.57","5.44","Dunning, Dane",663527,641540,"single","hit_into_play",,,,,9,"Tyler Nevin singles on a ground ball to right fielder Adolis Garcia. Nick Maton to 2nd.","R","R","R","DET","TEX","X",9,"ground_ball",0,2,2023,"-0.87","0.58",0.7182188380292036,1.8320034591496546,,,665155,0,6,"Bot",174.76,129.54,,,,,10.023521179701037,-130.26623619329487,-4.251609443780986,-11.819946059444035,22.549661027008632,-24.894083978894685,3.57,1.66,53,"100.4",0,"90.8",2046,"6.7",717951,641680,663993,543760,673962,669701,669352,665750,666969,"53.84",0.426,0.39,"0.9",1,1,0,4,50,6,"Sinker",1,1,1,1,1,1,1,1,"Standard","Standard",217,"0.091","0.532",,,,0.473,"-0.532","100.4",0,0,0.607,0.607,28,26,29,26,3,2,9,1,6,2,"2.23","0.87","0.87","41.2",,,,,
"CH","2023-05-31","84.9","-2.65","5.36","Dunning, Dane",663527,641540,,"foul",,,,,5,,"R","R","R","DET","TEX","S",,,0,2,2023,"-1.07","0.38",0.12527637187193097,2.263642581169018,,,665155,0,6,"Bot",,,,,,,8.707857739588052,-123.52716848776721,-1.7827649564384953,-12.58679347001566,20.89765855787659,-28.109639377835833,3.57,1.66,2,"61.3",-50,"86.2",1844,"6.8",717951,641680,663993,543760,673962,669701,669352,665750,666969,"53.73",,,,,,,,50,5,"Changeup",1,1,1,1,1,1,1,1,"Standard","Standard",248,"0","0",,,,,"0","88.0",0,0,0.607,0.607,28,26,29,26,3,2,9,1,6,2,"2.74","1.07","1.07","39.8",,,,,
"SI","2023-05-31","90.1","-2.53","5.33","Dunning, Dane",663527,641540,,"foul",,,,,8,,"R","R","R","DET","TEX","S",,,0,2,2023,"-1.09","0.85",-0.09416697073938218,1.8726895597084434,,,665155,0,6,"Bot",,,,,,,8.423903087960463,-131.10788930179237,-4.563449044613147,-14.273070737658811,23.537265019447094,-21.545646479371428,3.57,1.66,235,"77.8",44,"91.3",2018,"6.7",717951,641680,663993,543760,673962,669701,669352,665750,666969,"53.82",,,,,,,,50,4,"Sinker",1,1,1,1,1,1,1,1,"Standard","Standard",221,"0","0",,,,,"0","88.0",0,0,0.607,0.607,28,26,29,26,3,2,9,1,6,2,"1.92","1.09","1.09","37.8",,,,,
"SI","2023-05-31","89.4","-2.71","5.23","Dunning, Dane",663527,641540,,"foul",,,,,13,,"R","R","R","DET","TEX","S",,,0,2,2023,"-0.81","0.63",-1.3103666848487265,2.3036190685015034,,,665155,0,6,"Bot",,,,,,,5.202970133015148,-130.0978160951155,-2.5646556843454507,-10.265488167213995,26.909191125979714,-24.706090325546256,3.57,1.66,120,"66.2",12,"90.3",1908,"6.8",717951,641680,663993,543760,673962,669701,669352,665750,666969,"53.71",,,,,,,,50,3,"Sinker",1,1,1,1,1,1,1,1,"Standard","Standard",221,"0","0",,,,,"0","88.0",0,0,0.607,0.607,28,26,29,26,3,2,9,1,6,2,"2.22","0.81","0.81","38.1",,,,,
"SI","2023-05-31","89.1","-2.61","5.25","Dunning, Dane",663527,641540,,"swinging_strike",,,,,5,,"R","R","R","DET","TEX","S",,,0,1,2023,"-0.6","0.51",0.20566645606152134,2.6293207678052153,,,665155,0,6,"Bot",,,,,,,8.232459301279603,-129.5361960423267,-1.5319423448637104,-8.326306814341807,24.927307327063517,-26.26845315217451,3.57,1.66,,,,"90.1",1914,"6.8",717951,641680,663993,543760,673962,669701,669352,665750,666969,"53.74",,,,,,,,50,2,"Sinker",1,1,1,1,1,1,1,1,"Standard","Standard",222,"-0.012","-0.043",,,,,"0.043",,0,0,0.619,0.619,28,26,29,26,3,2,9,1,6,2,"2.35","0.6","0.6","36.5",,,,,
"SI","2023-05-31","89.4","-2.58","5.36","Dunning, Dane",663527,641540,,"called_strike",,,,,8,,"R","R","R","DET","TEX","S",,,0,0,2023,"-0.84","0.71",0.21367167445378854,2.1276549208737805,,,665155,0,6,"Bot",,,,,,,8.691007585501554,-129.9681382832698,-3.5056912679391137,-11.217162450115021,24.795572804012476,-23.60810126782221,3.54249311518559,1.60673870464203,,,,"90.2",1866,"6.7",717951,641680,663993,543760,673962,669701,669352,665750,666969,"53.84",,,,,,,,50,1,"Sinker",1,1,1,1,1,1,1,1,"Standard","Standard",220,"-0.007","-0.036",,,,,"0.036",,0,0,0.626,0.626,28,26,29,26,3,2,9,1,6,2,"2.13","0.84","0.84","37.0",,,,,
"SL","2023-05-31","81.9","-2.41","5.38","Dunning, Dane",656716,641540,"strikeout","swinging_strike_blocked",,,,,14,"Zach McKinstry strikes out swinging.","R","L","R","DET","TEX","S",2,,1,2,2023,"0.22","0.16",1.575172547808859,0.6041793059435965,,,545350,2,4,"Bot",,,,,,,8.62554242478734,-118.99932544973291,-4.544445658501236,0.4302466762639809,22.528828097930212,-29.98404206633739,3.25,1.54,,,,"82.3",2414,"6.6",717951,641680,663993,543760,673962,669701,669352,665750,666969,"53.86",,0,"0",1,0,0,,38,4,"Slider",1,1,1,1,1,1,1,1,"Infield shade","Standard",40,"-0.02","-0.206",,,,,"0.206",,0,0,0.52,0.52,28,28,29,28,3,2,9,1,6,2,"3.25","-0.22","0.22","38.5",,,,,
"FC","2023-05-31","88","-2.54","5.44","Dunning, Dane",656716,641540,,"foul",,,,,3,,"R","L","R","DET","TEX","S",,,1,1,2023,"-0.15","1.04",0.567342190358624,2.925511034553143,,,545350,2,4,"Bot",,,,,,,7.8688467431917655,-128.13873360585848,-2.2296616861198624,-3.0833922689827724,22.79999240003593,-20.39498728765806,3.25,1.54,158,"67.6",19,"88.6",2152,"6.3",717951,641680,663993,543760,673962,669701,669352,665750,666969,"54.16",,,,,,,,38,3,"Cutter",1,1,1,1,1,1,1,1,"Standard","Standard",207,"-0.007","-0.06",,,,,"0.06","88.0",0,0,0.527,0.527,28,28,29,28,3,2,9,1,6,2,"1.87","0.15","-0.15","38.5",,,,,
"CH","2023-05-31","84.7","-2.57","5.41","Dunning, Dane",656716,641540,,"foul",,,,,1,,"R","L","R","DET","TEX","S",,,1,0,2023,"-1.49","0.4",-0.7549825411435269,2.7551149177954697,,,545350,2,4,"Bot",,,,,,,7.220925515104202,-123.2117788368141,-0.7226075615757869,-16.543367203230755,21.71122931321489,-28.104641870207093,3.25,1.54,216,"72.1",48,"85.3",1750,"6.5",717951,641680,663993,543760,673962,669701,669352,665750,666969,"54.03",,,,,,,,38,2,"Changeup",1,1,1,1,1,1,1,1,"Infield shade","Standard",241,"-0.003","-0.05",,,,,"0.05","88.0",0,0,0.53,0.53,28,28,29,28,3,2,9,1,6,2,"2.75","1.49","-1.49","38.0",,,,,
"FC","2023-05-31","87.7","-2.47","5.44","Dunning, Dane",656716,641540,,"ball",,,,,11,,"R","L","R","DET","TEX","B",,,0,0,2023,"0.31","0.62",-0.061206510421248556,4.078728834410285,,,545350,2,4,"Bot",,,,,,,5.17920828818721,-127.62494227430948,1.5249969762953528,2.3716146746971223,25.32866333016796,-25.882034047705194,3.2226406186492,1.46042305062995,,,,"87.8",2073,"6.3",717951,641680,663993,543760,673962,669701,669352,665750,666969,"54.21",,,,,,,,38,1,"Cutter",1,1,1,1,1,1,1,1,"Infield shade","Standard",194,"0.002","0.03",,,,,"-0.03",,0,0,0.528,0.528,28,28,29,28,3,2,9,1,6,2,"2.33","-0.31","0.31","40.2",,,,,
"CH","2023-05-31","87.2","-2.55","5.3","Dunning, Dane",663527,641540,"strikeout","swinging_strike",,,,,13,"Tyler Nevin strikes out swinging.","R","R","R","DET","TEX","S",2,,1,2,2023,"-1.37","0.42",-0.06570186681201906,1.1796589795711911,595879,679529,665155,2,3,"Bot",,,,,,,8.859391709473076,-126.70722363889102,-4.670932765853863,-16.521732781914356,23.697543090796014,-26.915413896658084,3.57,1.66,,,,"88.1",1827,"6.7",717951,641680,663993,543760,673962,669701,669352,665750,666969,"53.76",,0,"0",1,0,0,,27,4,"Changeup",1,0,1,0,0,1,1,0,"Infield shade","Standard",247,"-0.047","-0.17",,,,,"0.17",,1,1,0.67,0.67,28,26,29,26,2,1,9,1,6,2,"2.57","1.37","1.37","40.7",,,,,
"SI","2023-05-31","91.7","-2.35","5.33","Dunning, Dane",663527,641540,,"ball",,,,,14,,"R","R","R","DET","TEX","B",,,0,2,2023,"-1.15","0.64",1.1925156199265419,1.2963874229972117,595879,679529,665155,2,3,"Bot",,,,,,,11.483878829550942,-133.10474836005275,-5.772132997445121,-15.990031569622563,25.887630092592097,-23.50279300197014,3.62252968000976,1.58034413516953,,,,"92.5",2070,"6.7",717951,641680,663993,543760,673962,669701,669352,665750,666969,"53.83",,,,,,,,27,3,"Sinker",1,0,1,0,0,1,1,0,"Standard","Standard",222,"0.007","0.011",,,,,"-0.011",,1,1,0.663,0.663,28,26,29,26,2,1,9,1,6,2,"2.06","1.15","1.15","43.3",,,,,
"SI","2023-05-31","90.7","-2.51","5.28","Dunning, Dane",663527,641540,,"called_strike",,,,,14,,"R","R","R","DET","TEX","S",,,0,1,2023,"-1.11","0.63",0.8902371118095078,1.8505521901924324,595879,679529,665155,2,3,"Bot",,,,,,,10.964955012895025,-131.7365891087208,-4.059773634432719,-15.162145870716575,25.624068283953346,-24.169868606597742,3.63009837451953,1.63635915122455,,,,"91.7",2025,"6.8",717951,641680,663993,543760,673962,669701,669352,665750,666969,"53.67",,,,,,,,27,2,"Sinker",1,0,1,0,0,1,1,0,"Infield shade","Standard",225,"-0.017","-0.057",,,,,"0.057",,1,1,0.68,0.68,28,26,29,26,2,1,9,1,6,2,"2.13","1.11","1.11","36.8",,,,,
"SI","2023-05-31","91.1","-2.56","5.4","Dunning, Dane",663527,641540,,"called_strike",,,,,9,,"R","R","R","DET","TEX","S",,,0,0,2023,"-0.97","0.58",0.44004729405083376,2.2108723099520677,595879,679529,665155,2,3,"Bot",,,,,,,9.655997238348133,-132.42345124401828,-3.380875223718347,-13.44922361672584,26.95741386722389,-24.801507710037626,3.54249311518559,1.60673870464203,,,,"91.7",2000,"6.6",717951,641680,663993,543760,673962,669701,669352,665750,666969,"53.91",,,,,,,,27,1,"Sinker",1,0,1,0,0,1,1,0,"Infield shade","Standard",219,"-0.01","-0.047",,,,,"0.047",,1,1,0.69,0.69,28,26,29,26,2,1,9,1,6,2,"2.16","0.97","0.97","43.3",,,,,
"CH","2023-05-31","84.2","-2.6","5.25","Dunning, Dane",665155,641540,"walk","ball",,,,,11,"Nick Maton walks. Javier Baez to 3rd. Spencer Torkelson to 2nd.","R","L","R","DET","TEX","B",,,3,2,2023,"-1.31","0.43",-1.4251304517789092,2.2070301991774213,,595879,679529,2,3,"Bot",,,,,,,5.37704248311725,-122.49947219236441,-1.5546721201099376,-14.26228374461534,24.050379045864524,-27.731194061867274,3.05310399914151,1.32859519667012,,,,"84.9",1725,"6.7",717951,641680,663993,543760,673962,669701,669352,665750,666969,"53.78",,0.695903,"0.7",1,0,0,,26,9,"Changeup",1,0,1,0,0,1,1,0,"Infield shade","Standard",247,"0.023","0.188",,,,,"-0.188",,1,1,0.667,0.667,28,26,29,26,2,1,9,1,6,2,"2.78","1.31","-1.31","36.9",,,,,
"SL","2023-05-31","82.9","-2.67","5.28","Dunning, Dane",665155,641540,,"ball",,,,,14,,"R","L","R","DET","TEX","B",,,2,2,2023,"0.13","-0.11",0.3799508734391294,0.942382598802558,,595879,679529,2,3,"Bot",,,,,,,6.765046438598023,-120.66238624215678,-3.2791933655534202,0.014178181860778691,21.922118160471122,-32.80894192953574,3.02653131376411,1.35495325592329,,,,"83.7",2360,"6.6",717951,641680,663993,543760,673962,669701,669352,665750,666969,"53.87",,,,,,,,26,8,"Slider",1,0,1,0,0,1,1,0,"Infield shade","Standard",46,"0.01","0.064",,,,,"-0.064",,1,1,0.657,0.657,28,26,29,26,2,1,9,1,6,2,"3.4","-0.13","0.13","37.4",,,,,
"CH","2023-05-31","85.4","-2.69","5.28","Dunning, Dane",665155,641540,,"foul",,,,,13,,"R","L","R","DET","TEX","S",,,2,2,2023,"-1","0.32",-1.1374670567980711,2.144940772914123,,595879,679529,2,3,"Bot",,,,,,,5.6789438174957025,-124.40988373072625,-1.8183768137817993,-11.49115222827601,21.929368858391992,-28.694860050494917,3.24,1.54,,,,"86.2",1740,"6.4",717951,641680,663993,543760,673962,669701,669352,665750,666969,"54.05",,,,,,,,26,7,"Changeup",1,0,1,0,0,1,1,0,"Infield shade","Standard",247,"0","0",,,,,"0",,1,1,0.657,0.657,28,26,29,26,2,1,9,1,6,2,"2.77","1","-1","36.4",,,,,
"SI","2023-05-31","91.5","-2.48","5.32","Dunning, Dane",665155,641540,,"foul",,,,,5,,"R","L","R","DET","TEX","S",,,2,2,2023,"-0.95","0.71",0.09656176466010924,2.206774220013174,,595879,679529,2,3,"Bot",,,,,,,8.605307502446221,-133.1705903560994,-3.5987043247562642,-12.990691375936809,24.692078271229153,-23.17991961441465,3.24,1.54,180,"63.8",48,"92.7",1959,"6.7",717951,641680,663993,543760,673962,669701,669352,665750,666969,"53.8",,,,,,,,26,6,"Sinker",1,0,1,0,0,1,1,0,"Infield shade","Standard",213,"0","0",,,,,"0","88.0",1,1,0.657,0.657,28,26,29,26,2,1,9,1,6,2,"1.99","0.95","-0.95","38.6",,,,,
"SL","2023-05-31","84.4","-2.66","5.36","Dunning, Dane",665155,641540,,"foul",,,,,13,,"R","L","R","DET","TEX","S",,,2,2,2023,"0.09","0.14",-0.08801570235811315,1.4180929810360738,,595879,679529,2,3,"Bot",,,,,,,5.851734810729003,-122.86574520541849,-3.165321373590144,-0.17109044154426306,21.979659116118906,-30.405332519065794,3.24,1.54,3,"79.5",-24,"85.2",2264,"6.6",717951,641680,663993,543760,673962,669701,669352,665750,666969,"53.91",,,,,,,,26,5,"Slider",1,0,1,0,0,1,1,0,"Standard","Standard",9,"0","0",,,,,"0","88.0",1,1,0.657,0.657,28,26,29,26,2,1,9,1,6,2,"3.04","-0.09","0.09","39.0",,,,,
"CH","2023-05-31","85.1","-2.61","5.24","Dunning, Dane",665155,641540,,"foul",,,,,13,,"R","L","R","DET","TEX","S",,,2,1,2023,"-1.32","0.44",-0.8947372453277991,1.9945562850756748,,595879,679529,2,3,"Bot",,,,,,,6.668361220487383,-123.69172809646497,-2.1588436166305085,-14.87573763389098,25.292579167805528,-27.454788100038673,3.24,1.54,3,"72.8",-31,"84.9",1742,"6.3",717951,641680,663993,543760,673962,669701,669352,665750,666969,"54.2",,,,,,,,26,4,"Changeup",1,0,1,0,0,1,1,0,"Infield shade","Standard",249,"-0.009","-0.06",,,,,"0.06","88.0",1,1,0.666,0.666,28,26,29,26,2,1,9,1,6,2,"2.72","1.32","-1.32","35.3",,,,,
"CH","2023-05-31","85.9","-2.79","5.29","Dunning, Dane",665155,641540,,"swinging_strike",,,,,7,,"R","L","R","DET","TEX","S",,,2,0,2023,"-1.3","0.34",-0.7151246867411445,1.4483758613189708,,595879,679529,2,3,"Bot",,,,,,,7.555669070989121,-124.93430783154523,-3.574546452749842,-15.081842539805368,23.272655641856126,-28.073358972862753,3.24,1.54,,,,"86.3",1830,"6.4",717951,641680,663993,543760,673962,669701,669352,665750,666969,"54.07",,,,,,,,26,3,"Changeup",1,0,1,0,0,1,1,0,"Standard","Standard",246,"-0.005","-0.041",,,,,"0.041",,1,1,0.671,0.671,28,26,29,26,2,1,9,1,6,2,"2.73","1.3","-1.3","35.9",,,,,
"FC","2023-05-31","89.5","-2.57","5.46","Dunning, Dane",665155,641540,,"ball",,,,,11,,"R","L","R","DET","TEX","B",,,1,0,2023,"0.29","0.71",-0.11720992860102047,3.9362676945449913,,595879,679529,2,3,"Bot",,,,,,,5.4729430017703935,-130.24529780183255,0.8003106737050255,1.96739490449185,29.89580399941146,-24.53020245776036,3.23925240714778,1.53956542059231,,,,"89.4",2209,"6.4",717951,641680,663993,543760,673962,669701,669352,665750,666969,"54.08",,,,,,,,26,2,"Cutter",1,0,1,0,0,1,1,0,"Standard","Standard",187,"0.005","0.021",,,,,"-0.021",,1,1,0.666,0.666,28,26,29,26,2,1,9,1,6,2,"2.15","-0.29","0.29","39.7",,,,,
"CH","2023-05-31","86","-2.68","5.32","Dunning, Dane",665155,641540,,"ball",,,,,13,,"R","L","R","DET","TEX","B",,,0,0,2023,"-1.08","0.38",-1.114680169055385,1.9718211197350066,,595879,679529,2,3,"Bot",,,,,,,5.914559851957046,-125.08913901557897,-2.458634720067188,-12.510812522846223,24.721323093722056,-27.919339807410374,3.10626418881245,1.38131505010315,,,,"86.3",1865,"6.5",717951,641680,663993,543760,673962,669701,669352,665750,666969,"54.04",,,,,,,,26,1,"Changeup",1,0,1,0,0,1,1,0,"Standard","Standard",249,"0.003","0.03",,,,,"-0.03",,1,1,0.663,0.663,28,26,29,26,2,1,9,1,6,2,"2.7","1.08","-1.08","35.2",,,,,
"SI","2023-05-31","91.9","-2.45","5.37","Dunning, Dane",679529,641540,"single","hit_into_play",,,,,3,"Spencer Torkelson singles on a sharp line drive to right fielder Adolis Garcia. Javier Baez to 2nd.","R","R","R","DET","TEX","X",9,"line_drive",0,2,2023,"-0.79","0.59",0.32604453056287364,3.1054148092897798,,,595879,2,3,"Bot",161.18,105.14,,,,,8.797861907287839,-133.6730945018537,-1.1951533302344302,-11.283738529901033,26.896036179559417,-25.05690344700201,3.47,1.6,251,"103.4",13,"92.7",1995,"6.6",717951,641680,663993,543760,673962,669701,669352,665750,666969,"53.89",0.903,0.918,"0.9",1,1,0,4,25,3,"Sinker",1,0,1,0,0,1,1,0,"Standard","Standard",216,"0.027","0.467",,,,1.207,"-0.467","103.4",1,1,0.636,0.636,28,23,29,24,2,1,9,1,6,2,"2.1","0.79","0.79","39.2",,,,,
"FC","2023-05-31","88.9","-2.5","5.37","Dunning, Dane",679529,641540,,"foul",,,,,4,,"R","R","R","DET","TEX","S",,,0,1,2023,"0.04","0.7",-0.351248433002104,2.518363062814328,,,595879,2,3,"Bot",,,,,,,5.214771691502357,-129.5684393865593,-2.516210947567773,-0.5096342479927212,23.074737866935703,-23.979664414042723,3.47,1.6,152,"65.8",59,"89.9",2142,"6.5",717951,641680,663993,543760,673962,669701,669352,665750,666969,"53.99",,,,,,,,25,2,"Cutter",1,0,1,0,0,1,1,0,"Infield shade","Standard",204,"-0.005","-0.055",,,,,"0.055","88.0",1,1,0.641,0.641,28,23,29,24,2,1,9,1,6,2,"2.15","-0.04","-0.04","39.6",,,,,
"SI","2023-05-31","90.5","-2.5","5.27","Dunning, Dane",679529,641540,,"foul",,,,,3,,"R","R","R","DET","TEX","S",,,0,0,2023,"-0.89","1.01",0.45834066206795954,3.3892563570697876,,,595879,2,3,"Bot",,,,,,,9.394047431970797,-131.5926036314929,-0.9338423057221434,-12.258953944453912,26.003119088217964,-20.369468871241907,3.47,1.6,,,,"91.8",1943,"6.9",717951,641680,663993,543760,673962,669701,669352,665750,666969,"53.57",,,,,,,,25,1,"Sinker",1,0,1,0,0,1,1,0,"Infield shade","Standard",217,"-0.003","-0.045",,,,,"0.045",,1,1,0.644,0.644,28,23,29,24,2,1,9,1,6,2,"1.76","0.89","0.89","37.2",,,,,
"SI","2023-05-31","91.6","-2.6","5.33","Dunning, Dane",595879,641540,"force_out","hit_into_play",,,,,11,"Javier Baez grounds into a force out, third baseman Josh Jung to second baseman Marcus Semien. Zach McKinstry scores. Akil Baddoo out at 2nd. Javier Baez to 1st.","R","R","R","DET","TEX","X",5,"ground_ball",0,2,2023,"-1.38","0.66",-0.8726903356398898,2.8870220207649577,656716,,668731,1,3,"Bot",106.18,168.22,,,,,7.405402552337881,-133.32702128004064,-1.7780022394943062,-17.982904938907925,26.310305818382098,-24.09514898882767,3.54,1.65,25,"70.9",-4,"92.8",1936,"6.8",717951,641680,663993,543760,673962,669701,669352,665750,666969,"53.72",0.06,0.061,"0",1,0,0,2,24,3,"Sinker",0,0,0,0,0,1,1,0,"Standard","Standard",209,"0.044","-0.23",,,,0.082,"0.23","88.0",0,0,0.6,0.6,28,30,29,31,2,1,9,1,6,2,"2.04","1.38","1.38","37.8",,,,,
"FC","2023-05-31","87.7","-2.53","5.35","Dunning, Dane",595879,641540,,"foul",,,,,6,,"R","R","R","DET","TEX","S",,,0,1,2023,"0.34","0.6",0.8178173498863348,2.8496526583443935,656716,,668731,1,3,"Bot",,,,,,,7.455620022155196,-127.7053139743782,-1.2784041824013919,2.517347969598321,22.175533392414682,-25.43196732388885,3.54,1.65,13,"93.3",-11,"89",2161,"6.7",717951,641680,663993,543760,673962,669701,669352,665750,666969,"53.79",,,,,,,,24,2,"Cutter",0,0,0,0,0,0,0,0,"Infield shade","Standard",203,"-0.019","-0.065",,,,,"0.065","93.3",0,0,0.619,0.619,28,30,29,31,2,1,9,1,6,2,"2.32","-0.34","-0.34","37.7",,,,,
"SI","2023-05-31","90.5","-2.66","5.33","Dunning, Dane",595879,641540,,"called_strike",,,,,3,,"R","R","R","DET","TEX","S",,,0,0,2023,"-1.16","0.36",0.31505414603429616,3.1807918081740723,656716,,668731,1,3,"Bot",,,,,,,9.954771015684925,-131.53976207008142,-0.19662048504008656,-15.566040806700535,26.76374822897059,-28.155557708298264,3.61920930382752,1.62314063293673,,,,"91.2",2025,"6.7",717951,641680,663993,543760,673962,669701,669352,665750,666969,"53.84",,,,,,,,24,1,"Sinker",0,0,0,0,0,0,0,0,"Standard","Standard",223,"-0.011","-0.044",,,,,"0.044",,0,0,0.63,0.63,28,30,29,31,2,1,9,1,6,2,"2.42","1.16","1.16","36.5",,,,,
"SI","2023-05-31","89","-2.58","5.26","Dunning, Dane",668731,641540,"single","hit_into_play",,,,,1,"Akil Baddoo singles on a sharp line drive to center fielder Leody Taveras. Zach McKinstry to 3rd.","R","L","R","DET","TEX","X",8,"line_drive",0,0,2023,"-1.2","0.66",-0.3354052941180068,2.848390828874064,,,656716,1,3,"Bot",119.04,98.08,,,,,8.065096607674734,-129.52528139835763,-1.3248067379428292,-15.114859604061474,24.798213249576115,-24.636223022650295,3.33,1.62,205,"108.1",9,"89.7",1889,"6.5",717951,641680,663993,543760,673962,669701,669352,665750,666969,"53.97",0.803,0.784,"0.9",1,1,0,4,23,1,"Sinker",0,0,0,0,0,0,0,0,"Infield shade","Standard",222,"0.072","0.415",,,,1.013,"-0.415","108.1",0,0,0.558,0.558,28,24,29,25,2,1,9,1,6,2,"2.2","1.2","-1.2","37.5",,,,,
"SI","2023-05-31","91.1","-2.52","5.31","Dunning, Dane",668670,641540,"strikeout","called_strike",,,,,6,"Jake Rogers called out on strikes.","R","R","R","DET","TEX","S",2,,3,2,2023,"-0.85","0.62",0.8161012386769061,2.7634838994153776,,663527,,2,2,"Bot",,,,,,,10.266642611457673,-132.50275390474826,-1.9361370449585158,-11.887992026848467,23.082869320519844,-24.62881727413002,3.37249399922288,1.50678971678278,,,,"92.5",1895,"6.8",717951,641680,663993,543760,673962,669701,669352,665750,666969,"53.74",,0,"0",1,0,0,,16,7,"Sinker",0,0,0,0,0,0,0,0,"Standard","Strategic",221,"-0.037","-0.27",,,,,"0.27",,0,0,0.537,0.537,28,28,29,28,1,0,9,1,6,4,"2.09","0.85","0.85","37.9",,,,,
"SL","2023-05-31","84.2","-2.53","5.39","Dunning, Dane",668670,641540,,"ball",,,,,14,,"R","R","R","DET","TEX","B",,,2,2,2023,"0.05","0.33",2.033267632113261,2.2894332885155406,,663527,,2,2,"Bot",,,,,,,10.543905375570379,-122.36657970827709,-1.5730778216906984,-1.2377330208610082,19.799152830417416,-28.689191118902844,3.42577731879183,1.61234789612424,,,,"85.2",2333,"6.6",717951,641680,663993,543760,673962,669701,669352,665750,666969,"53.89",,,,,,,,16,6,"Slider",0,0,0,0,0,0,0,0,"Standard","Strategic",97,"0.007","0.051",,,,,"-0.051",,0,0,0.53,0.53,28,28,29,28,1,0,9,1,6,4,"2.84","-0.05","-0.05","38.5",,,,,
"SL","2023-05-31","83.8","-2.52","5.38","Dunning, Dane",668670,641540,,"foul",,,,,9,,"R","R","R","DET","TEX","S",,,2,2,2023,"0.01","0.26",0.30780520561235153,1.8907224044154245,,663527,,2,2,"Bot",,,,,,,6.5773104628592955,-121.94820597498436,-2.1668996529465314,-1.1470325958155516,23.847409285816216,-29.38614600487942,3.32,1.56,2,"61.5",-43,"84.7",2310,"6.8",717951,641680,663993,543760,673962,669701,669352,665750,666969,"53.67",,,,,,,,16,5,"Slider",0,0,0,0,0,0,0,0,"Standard","Strategic",89,"0","0",,,,,"0","88.0",0,0,0.53,0.53,28,28,29,28,1,0,9,1,6,4,"2.99","-0.01","-0.01","40.1",,,,,
"SI","2023-05-31","91.6","-2.63","5.33","Dunning, Dane",668670,641540,,"called_strike",,,,,9,,"R","R","R","DET","TEX","S",,,2,1,2023,"-1.45","0.87",0.3655343467417784,2.0557009243985247,,663527,,2,2,"Bot",,,,,,,10.752211520574223,-132.8768464884278,-4.246586157663058,-19.532434277887596,29.508216084686758,-21.094960894698442,3.34586026409131,1.50678971678278,,,,"91.8",2028,"6.7",717951,641680,663993,543760,673962,669701,669352,665750,666969,"53.85",,,,,,,,16,4,"Sinker",0,0,0,0,0,0,0,0,"Standard","Standard",220,"-0.006","-0.069",,,,,"0.069",,0,0,0.536,0.536,28,28,29,28,1,0,9,1,6,4,"1.87","1.45","1.45","36.9",,,,,
"SI","2023-05-31","90.7","-2.56","5.32","Dunning, Dane",668670,641540,,"ball",,,,,11,,"R","R","R","DET","TEX","B",,,1,1,2023,"-1.34","0.86",-0.6354102271823667,4.020865252671318,,663527,,2,2,"Bot",,,,,,,7.734460019808792,-131.83785990487772,0.8801215736386133,-17.249812484132523,28.546449285863215,-22.58356965733434,3.31923177265044,1.50678971678278,,,,"91.4",1968,"6.8",717951,641680,663993,543760,673962,669701,669352,665750,666969,"53.7",,,,,,,,16,3,"Sinker",0,0,0,0,0,0,0,0,"Standard","Standard",221,"0.003","0.021",,,,,"-0.021",,0,0,0.533,0.533,28,28,29,28,1,0,9,1,6,4,"1.92","1.34","1.34","38.3",,,,,
"SL","2023-05-31","84.8","-2.44","5.39","Dunning, Dane",668670,641540,,"ball",,,,,14,,"R","R","R","DET","TEX","B",,,0,1,2023,"0.2","0.11",2.7570581488122765,1.1936302730890698,,663527,,2,2,"Bot",,,,,,,11.783999966021605,-123.02847555984476,-3.7064544599549585,-0.18224535835159225,23.173851286971068,-30.48326727409302,3.37249399922288,1.50678971678278,,,,"85.3",2335,"6.6",717951,641680,663993,543760,673962,669701,669352,665750,666969,"53.85",,,,,,,,16,2,"Slider",0,0,0,0,0,0,0,0,"Standard","Standard",35,"0.003","0.02",,,,,"-0.02",,0,0,0.53,0.53,28,28,29,28,1,0,9,1,6,4,"3.06","-0.2","-0.2","38.5",,,,,
"SL","2023-05-31","83.7","-2.55","5.43","Dunning, Dane",668670,641540,,"called_strike",,,,,6,,"R","R","R","DET","TEX","S",,,0,0,2023,"0.04","0.06",0.4357594249788941,2.212760277881599,,663527,,2,2,"Bot",,,,,,,6.857113753240355,-121.80721946126465,-1.2235865591933084,-0.7455711406297832,20.643823191814228,-31.52287590436908,3.29260849556616,1.50678971678278,,,,"84.8",2263,"6.7",717951,641680,663993,543760,673962,669701,669352,665750,666969,"53.79",,,,,,,,16,1,"Slider",0,0,0,0,0,0,0,0,"Standard","Standard",30,"-0.005","-0.046",,,,,"0.046",,0,0,0.535,0.535,28,28,29,28,1,0,9,1,6,4,"3.15","-0.04","-0.04","40.3",,,,,
"SI","2023-05-31","89.9","-2.59","5.27","Dunning, Dane",670097,641540,"field_out","hit_into_play",,,,,11,"Zack Short grounds out, shortstop Josh H. Smith to first baseman Nathaniel Lowe. Tyler Nevin to 2nd.","R","R","R","DET","TEX","X",6,"ground_ball",1,2,2023,"-1.01","0.73",-1.0104659446855062,2.927106789648511,,,663527,1,2,"Bot",117.87,161.6,,,,,6.120808488550097,-130.8165856153592,-1.413267930020751,-12.871504485880532,25.5565754321617,-23.670818002192988,3.17,1.5,24,"39.3",1,"91",1870,"6.8",717951,641680,663993,543760,673962,669701,669352,665750,666969,"53.69",0.213,0.198,"0",1,0,0,1,15,4,"Sinker",0,0,0,0,0,0,0,0,"Standard","Standard",218,"-0.01","-0.261",,,,0.215,"0.261","88.0",0,0,0.545,0.545,28,28,29,28,1,0,9,1,6,2,"2.07","1.01","1.01","38.4",,,,,
"SL","2023-05-31","83.1","-2.51","5.35","Dunning, Dane",670097,641540,,"ball",,,,,14,,"R","R","R","DET","TEX","B",,,0,2,2023,"0.1","-0.15",1.5820370721019534,1.7568206695294286,,,663527,1,2,"Bot",,,,,,,9.210377811553954,-120.75678450721942,-1.4595195451134972,-0.7996825828198864,23.399625288603435,-33.61546080290054,3.14267648914348,1.49957448406355,,,,"83.4",2411,"6.6",717951,641680,663993,543760,673962,669701,669352,665750,666969,"53.93",,,,,,,,15,3,"Slider",0,0,0,0,0,0,0,0,"Infield shade","Standard",39,"0.003","0.023",,,,,"-0.023",,0,0,0.542,0.542,28,28,29,28,1,0,9,1,6,2,"3.46","-0.1","-0.1","38.7",,,,,
"FC","2023-05-31","89.8","-2.53","5.41","Dunning, Dane",670097,641540,,"called_strike",,,,,3,,"R","R","R","DET","TEX","S",,,0,1,2023,"-0.18","0.79",0.5765675866424411,3.074069627747076,,,663527,1,2,"Bot",,,,,,,8.107204958344386,-130.63806075356712,-1.5034911017240566,-3.6075740926790214,25.344978582345217,-22.988831882950993,3.16927092219889,1.49957448406355,,,,"90.5",2016,"6.6",717951,641680,663993,543760,673962,669701,669352,665750,666969,"53.95",,,,,,,,15,2,"Cutter",0,0,0,0,0,0,0,0,"Infield shade","Standard",206,"-0.008","-0.053",,,,,"0.053",,0,0,0.55,0.55,28,28,29,28,1,0,9,1,6,2,"2.02","0.18","0.18","39.4",,,,,
"KC","2023-05-31","77.2","-2.52","5.39","Dunning, Dane",670097,641540,,"called_strike",,,,,11,,"R","R","R","DET","TEX","S",,,0,0,2023,"0.5","-1.1",-0.11103120925794513,3.2976400247074755,,,663527,1,2,"Bot",,,,,,,4.218895210612234,-112.17312386072736,4.62052329215817,3.393958884548892,22.255051697947152,-42.56339214546678,3.12398272253937,1.47802388985486,,,,"77.1",2019,"6.5",717951,641680,663993,543760,673962,669701,669352,665750,666969,"53.99",,,,,,,,15,1,"Knuckle Curve",0,0,0,0,0,0,0,0,"Standard","Standard",34,"-0.004","-0.042",,,,,"0.042",,0,0,0.554,0.554,28,28,29,28,1,0,9,1,6,2,"4.97","-0.5","-0.5","38.4",,,,,
"SI","2023-05-31","91.8","-2.56","5.28","Dunning, Dane",679529,641540,"field_out","hit_into_play",,,,,8,"Spencer Torkelson grounds out, shortstop Josh H. Smith to first baseman Nathaniel Lowe.","R","R","R","DET","TEX","X",6,"ground_ball",2,1,2023,"-1.25","0.56",0.23996584723423497,2.1520908483615164,,595879,,2,1,"Bot",109.23,154.48,,,,,9.87630475155372,-133.57130207608103,-3.404118218210884,-16.92475447106869,22.976632248528478,-24.94368849953415,3.47,1.6,9,"97.8",-13,"93.3",2032,"6.7",717951,641680,663993,543760,673962,669701,669352,665750,666969,"53.77",0.198,0.195,"0",1,0,0,2,9,4,"Sinker",0,0,0,0,0,0,0,0,"Infield shade","Standard",224,"-0.034","-0.289",,,,0.198,"0.289","97.8",0,0,0.534,0.534,28,23,29,24,1,0,9,1,6,2,"2.1","1.25","1.25","38.8",,,,,
"CH","2023-05-31","85.4","-2.66","5.31","Dunning, Dane",679529,641540,,"ball",,,,,14,,"R","R","R","DET","TEX","B",,,1,1,2023,"-1.35","0.5",0.7303315219486348,1.0498438027145331,,595879,,2,1,"Bot",,,,,,,10.802565536573463,-123.90947438572482,-4.819186787307007,-15.919639164631736,22.10603238762374,-26.232915843813267,3.5491845435244,1.59955246479023,,,,"86.6",1890,"7",717951,641680,663993,543760,673962,669701,669352,665750,666969,"53.55",,,,,,,,9,3,"Changeup",0,0,0,0,0,0,0,0,"Infield shade","Standard",246,"0.003","0.021",,,,,"-0.021",,0,0,0.531,0.531,28,23,29,24,1,0,9,1,6,2,"2.62","1.35","1.35","40.4",,,,,
"FC","2023-05-31","89.3","-2.62","5.4","Dunning, Dane",679529,641540,,"called_strike",,,,,4,,"R","R","R","DET","TEX","S",,,1,0,2023,"-0.33","0.8",-0.47392443809114965,2.427128054455172,,595879,,2,1,"Bot",,,,,,,6.017365636576908,-130.12506545107155,-3.103134328787893,-4.83946040946392,22.88410166247797,-22.62068228734937,3.4958514850359,1.62594989798379,,,,"90.7",2157,"6.7",717951,641680,663993,543760,673962,669701,669352,665750,666969,"53.79",,,,,,,,9,2,"Cutter",0,0,0,0,0,0,0,0,"Infield shade","Standard",202,"-0.003","-0.046",,,,,"0.046",,0,0,0.534,0.534,28,23,29,24,1,0,9,1,6,2,"2.02","0.33","0.33","36.9",,,,,
"SL","2023-05-31","83.8","-2.6","5.44","Dunning, Dane",679529,641540,,"ball",,,,,14,,"R","R","R","DET","TEX","B",,,0,0,2023,"0.14","0.17",1.1207151125509989,1.4052785029822874,,595879,,2,1,"Bot",,,,,,,8.359767454522785,-121.74193450839614,-3.2288416422579056,-0.22509009860127685,24.133617137213577,-30.000224285875305,3.4958514850359,1.57315896365039,,,,"84.2",2273,"6.7",717951,641680,663993,543760,673962,669701,669352,665750,666969,"53.82",,,,,,,,9,1,"Slider",0,0,0,0,0,0,0,0,"Standard","Standard",57,"0.001","0.02",,,,,"-0.02",,0,0,0.533,0.533,28,23,29,24,1,0,9,1,6,2,"3.09","-0.14","-0.14","39.7",,,,,
"SI","2023-05-22","89.2","-2.51","5.33","Dunning, Dane",656582,641540,"single","hit_into_play",,,,,5,"Connor Joe singles on a ground ball to left fielder Robbie Grossman. Tucupita Marcano to 2nd.","R","R","R","PIT","TEX","X",7,"ground_ball",1,1,2023,"-1.28","0.79",0.12504755046876115,2.2792567577206753,,,672779,2,6,"Bot",86,114.5,,,,,9.251216064141948,-129.58939858614855,-3.1530788439618918,-16.32061151378135,26.5576172722853,-22.82592211329809,3.21,1.49,69,"98.5",3,"90.1",1915,"6.9",718075,641680,663993,543760,673962,608369,543257,665750,666969,"53.59",0.445,0.4,"0.9",1,1,0,4,47,3,"Sinker",1,1,1,1,1,1,1,1,"Standard","Standard",218,"0.033","0.388",,,,0.466,"-0.388","98.5",0,0,0.533,0.533,28,30,29,31,3,2,6,1,9,2,"2.08","1.28","1.28","36.1",,,,,
"FC","2023-05-22","88.1","-2.45","5.51","Dunning, Dane",656582,641540,,"ball",,,,,14,,"R","R","R","PIT","TEX","B",,,0,1,2023,"0.05","1.09",1.456383073388712,1.750414730164791,,,672779,2,6,"Bot",,,,,,,9.496787591709168,-127.92202023537548,-5.382067310344467,-1.2094200338598644,24.469870009725017,-19.259021313595245,3.2105099294125,1.5760078733051,,,,"89.6",2217,"7.1",718075,641680,663993,543760,673962,608369,543257,665750,666969,"53.36",,,,,,,,47,2,"Cutter",1,1,1,1,1,1,1,1,"Standard","Standard",205,"0.003","0.025",,,,,"-0.025",,0,0,0.53,0.53,28,30,29,31,3,2,6,1,9,2,"1.84","-0.05","-0.05","39.3",,,,,
"FC","2023-05-22","87.1","-2.47","5.46","Dunning, Dane",656582,641540,,"foul_tip",,,,,12,,"R","R","R","PIT","TEX","S",,,0,0,2023,"0.24","1",0.6448570720047269,3.6850871887324876,,,672779,2,6,"Bot",,,,,,,7.110528341324484,-126.8449331438153,-0.20528320870995798,1.2816004427933843,23.4983263753647,-21.43208427342752,3.21,1.49,,,,"89",2232,"7.2",718075,641680,663993,543760,673962,608369,543257,665750,666969,"53.27",,,,,,,,47,1,"Cutter",1,1,1,1,1,1,1,1,"Standard","Standard",201,"-0.005","-0.045",,,,,"0.045",,0,0,0.535,0.535,28,30,29,31,3,2,6,1,9,2,"1.97","-0.24","-0.24","38.7",,,,,
"FC","2023-05-22","88.5","-2.53","5.46","Dunning, Dane",669261,641540,"field_out","hit_into_play",,,,,6,"Jack Suwinski flies out to center fielder Leody Taveras.","R","L","R","PIT","TEX","X",8,"fly_ball",3,2,2023,"0.1","0.96",0.4390378037208813,2.4995342251332926,,,668804,2,5,"Bot",145.27,81.18,,,,,7.146709375802157,-128.8028520127867,-3.250477273994188,-0.24759113358756973,24.251850458613347,-20.930062764516,3.46,1.58,297,"88.7",42,"90.1",2189,"7",718075,641680,663993,543760,673962,608369,543257,665750,666969,"53.48",0.003,0.002,"0",1,0,0,3,39,7,"Cutter",1,0,1,0,0,1,1,0,"Infield shade","Strategic",204,"-0.025","-0.305",,,,0.003,"0.305","88.7",1,1,0.685,0.685,28,24,29,25,3,2,6,1,9,1,"1.92","-0.1","0.1","37.0",,,,,
"CH","2023-05-22","85.3","-2.54","5.47","Dunning, Dane",669261,641540,,"foul",,,,,1,,"R","L","R","PIT","TEX","S",,,3,2,2023,"-1.47","0.53",-0.6170220807005362,3.13211919579945,,,668804,2,5,"Bot",,,,,,,7.5850489116735815,-124.08195017634155,-0.24458625019624258,-16.697339457775595,24.40349274979548,-26.903770474506995,3.46,1.58,181,"72.8",61,"86.4",1764,"7",718075,641680,663993,543760,673962,608369,543257,665750,666969,"53.5",,,,,,,,39,6,"Changeup",1,0,1,0,0,1,1,0,"Infield shade","Strategic",242,"0","0",,,,,"0","88.0",1,1,0.685,0.685,28,24,29,25,3,2,6,1,9,1,"2.6","1.47","-1.47","37.8",,,,,
"SI","2023-05-22","90.6","-2.45","5.44","Dunning, Dane",669261,641540,,"ball",,,,,14,,"R","L","R","PIT","TEX","B",,,2,2,2023,"-1.09","0.62",1.7443191341690336,2.229332768647237,,,668804,2,5,"Bot",,,,,,,12.972658944878487,-131.28501806037585,-3.3986929318137737,-15.387312665494843,28.109763476976067,-24.39406362437804,3.33925406414325,1.5760078733051,,,,"91.6",2126,"7.2",718075,641680,663993,543760,673962,608369,543257,665750,666969,"53.33",,,,,,,,39,5,"Sinker",1,0,1,0,0,1,1,0,"Infield shade","Strategic",208,"0.006","0.065",,,,,"-0.065",,1,1,0.679,0.679,28,24,29,25,3,2,6,1,9,1,"2.18","1.09","-1.09","36.9",,,,,
"SI","2023-05-22","90.2","-2.49","5.35","Dunning, Dane",669261,641540,,"foul_tip",,,,,9,,"R","L","R","PIT","TEX","S",,,2,1,2023,"-1.15","0.53",0.5593470701442014,2.0367800130272498,,,668804,2,5,"Bot",,,,,,,10.166137646342644,-131.01555135507917,-3.431438077896565,-15.347475687037234,27.89268205295884,-25.510581548857846,3.46,1.58,,,,"91.5",2063,"7.2",718075,641680,663993,543760,673962,608369,543257,665750,666969,"53.32",,,,,,,,39,4,"Sinker",1,0,1,0,0,1,1,0,"Infield shade","Strategic",213,"-0.005","-0.063",,,,,"0.063",,1,1,0.684,0.684,28,24,29,25,3,2,6,1,9,1,"2.28","1.15","-1.15","35.9",,,,,
"FC","2023-05-22","88.7","-2.48","5.47","Dunning, Dane",669261,641540,,"blocked_ball",,,,,14,,"R","L","R","PIT","TEX","B",,,1,1,2023,"-0.12","1.04",2.5171135389347734,0.6363746995502704,,,668804,2,5,"Bot",,,,,,,12.537498226254034,-128.5252025345468,-7.9904155414473355,-3.7083592171183466,24.32041596474997,-19.062974818252773,3.28786325357458,1.5760078733051,,,,"89.4",2168,"6.8",718075,641680,663993,543760,673962,608369,543257,665750,666969,"53.74",,,,,,,,39,3,"Cutter",1,0,1,0,0,1,1,0,"Infield shade","Strategic",213,"0.003","0.036",,,,,"-0.036",,1,1,0.681,0.681,28,24,29,25,3,2,6,1,9,1,"1.86","0.12","-0.12","38.5",,,,,
"CH","2023-05-22","84.9","-2.44","5.41","Dunning, Dane",669261,641540,,"ball",,,,,14,,"R","L","R","PIT","TEX","B",,,0,1,2023,"-1.6","0.27",0.4189399258304791,1.3933994885077747,,,668804,2,5,"Bot",,,,,,,9.971354223794647,-123.16372139125205,-3.6041815184839,-18.261194780971383,24.741268075842186,-28.844198994401605,3.28786325357458,1.5760078733051,,,,"85.4",1856,"6.8",718075,641680,663993,543760,673962,608369,543257,665750,666969,"53.69",,,,,,,,39,2,"Changeup",1,0,1,0,0,1,1,0,"Infield shade","Strategic",244,"0.002","0.025",,,,,"-0.025",,1,1,0.679,0.679,28,24,29,25,3,2,6,1,9,1,"2.91","1.6","-1.6","36.4",,,,,
"CH","2023-05-22","85.5","-2.43","5.45","Dunning, Dane",669261,641540,,"foul",,,,,4,,"R","L","R","PIT","TEX","S",,,0,0,2023,"-1.41","0.59",-0.5849544741599235,2.5726006211025743,,,668804,2,5,"Bot",,,,,,,7.288545431226094,-124.40615447159651,-1.718829600382147,-16.129685400405375,23.905357881318714,-25.89070724909692,3.46,1.58,170,"76.3",68,"86.6",1858,"6.9",718075,641680,663993,543760,673962,608369,543257,665750,666969,"53.62",,,,,,,,39,1,"Changeup",1,0,1,0,0,1,1,0,"Infield shade","Strategic",247,"-0.003","-0.045",,,,,"0.045","88.0",1,1,0.682,0.682,28,24,29,25,3,2,6,1,9,1,"2.52","1.41","-1.41","37.8",,,,,
"KC","2023-05-22","79.7","-2.59","5.44","Dunning, Dane",678225,641540,"field_out","hit_into_play",,,,,5,"Ji Hwan Bae grounds out, second baseman Marcus Semien to first baseman Nathaniel Lowe.","R","L","R","PIT","TEX","X",4,"ground_ball",1,2,2023,"0.95","-0.99",0.09556818666147349,2.1033588764222344,467793,672779,,2,4,"Bot",149.63,151.47,,,,,4.124286654832964,-115.9615202614586,1.3776112688459305,7.5561388245901275,24.96919631378114,-41.55794023926856,2.91,1.39,10,"98.9",-11,"79.3",2304,"6.3",718075,641680,663993,543760,673962,608369,543257,665750,666969,"54.16",0.285,0.258,"0",1,0,0,2,32,4,"Knuckle Curve",1,0,1,0,0,1,1,0,"Standard","Standard",36,"-0.038","-0.188",,,,0.312,"0.188","98.9",1,1,0.676,0.676,28,23,29,24,2,1,6,2,9,1,"4.62","-0.95","0.95","38.0",,,,,
"SI","2023-05-22","90.9","-2.57","5.6","Dunning, Dane",678225,641540,,"ball",,,,,11,,"R","L","R","PIT","TEX","B",,,0,2,2023,"-0.84","0.64",-0.02044227093314588,4.464522919409875,467793,672779,,2,4,"Bot",,,,,,,8.25691685022607,-132.10311196518478,1.7195257159007094,-11.598566996155144,27.821059675587435,-25.21129618396862,2.95376760584893,1.42169026185851,,,,"91.6",2084,"6.8",718075,641680,663993,543760,673962,608369,543257,665750,666969,"53.74",,,,,,,,32,3,"Sinker",1,0,1,0,0,1,1,0,"Standard","Standard",207,"0.005","0.01",,,,,"-0.01",,1,1,0.671,0.671,28,23,29,24,2,1,6,2,9,1,"2.12","0.84","-0.84","37.2",,,,,
"CH","2023-05-22","86.5","-2.58","5.37","Dunning, Dane",678225,641540,,"foul",,,,,13,,"R","L","R","PIT","TEX","S",,,0,1,2023,"-1.36","0.64",-0.9827077900848109,2.0259843600860643,467793,672779,,2,4,"Bot",,,,,,,6.619915072075956,-125.84976687167573,-3.066736685736575,-15.838403479679263,25.69441985701235,-24.92911636983235,2.91,1.39,190,"67.8",26,"86.9",1948,"6.5",718075,641680,663993,543760,673962,608369,543257,665750,666969,"53.95",,,,,,,,32,2,"Changeup",1,0,1,0,0,1,1,0,"Standard","Standard",245,"-0.014","-0.075",,,,,"0.075","88.0",1,1,0.685,0.685,28,23,29,24,2,1,6,2,9,1,"2.41","1.36","-1.36","33.6",,,,,
"FC","2023-05-22","89.5","-2.58","5.46","Dunning, Dane",678225,641540,,"foul",,,,,2,,"R","L","R","PIT","TEX","S",,,0,0,2023,"0.01","0.9",-0.13142118140833958,2.6678432658512032,467793,672779,,2,4,"Bot",,,,,,,6.0830925555128434,-130.2966052159056,-2.864028859298202,-1.008594847703782,25.178660729506014,-21.470384339062967,2.91,1.39,,,,"90.9",2198,"6.9",718075,641680,663993,543760,673962,608369,543257,665750,666969,"53.59",,,,,,,,32,1,"Cutter",1,0,1,0,0,1,1,0,"Standard","Standard",208,"-0.008","-0.037",,,,,"0.037",,1,1,0.693,0.693,28,23,29,24,2,1,6,2,9,1,"1.92","-0.01","0.01","36.2",,,,,
"SI","2023-05-22","91","-2.6","5.38","Dunning, Dane",656582,641540,"strikeout","foul_tip",,,,,3,"Connor Joe strikes out on a foul tip. Tucupita Marcano steals (2) 2nd base.","R","R","R","PIT","TEX","S",2,,3,2,2023,"-0.94","0.77",0.5418185937118499,3.114706239800689,467793,,672779,1,4,"Bot",,,,,,,10.01837417614376,-132.24356107712802,-1.4454491363576731,-13.108453915872222,27.289817951949633,-23.022657393044227,3.21,1.49,,,,"92.2",2057,"7",718075,641680,663993,543760,673962,608369,543257,665750,666969,"53.5",,0,"0",1,0,0,,31,7,"Sinker",1,0,1,0,0,1,1,0,"Standard","Standard",211,"-0.06","-0.36",,,,,"0.36",,1,1,0.753,0.753,28,30,29,31,2,1,6,1,9,2,"1.98","0.94","0.94","36.1",,,,,
"SL","2023-05-22","83.5","-2.5","5.51","Dunning, Dane",656582,641540,,"ball",,,,,14,,"R","R","R","PIT","TEX","B",,,2,2,2023,"0.25","-0.1",1.7838562818551018,1.4082072296153796,467793,,672779,1,4,"Bot",,,,,,,9.446557382191138,-121.34741555670915,-2.8688676955776398,0.7788042344218183,21.492024959281572,-32.87850804941513,3.2105099294125,1.4731304767778,,,,"84.4",2324,"6.8",718075,641680,663993,543760,673962,608369,543257,665750,666969,"53.75",,,,,,,,31,6,"Slider",1,0,1,0,0,1,1,0,"Standard","Standard",90,"0.013","0.072",,,,,"-0.072",,1,1,0.74,0.74,28,30,29,31,2,1,6,1,9,2,"3.36","-0.25","-0.25","39.6",,,,,
"SI","2023-05-22","90.8","-2.44","5.41","Dunning, Dane",656582,641540,,"ball",,,,,12,,"R","R","R","PIT","TEX","B",,,1,2,2023,"-0.84","0.72",1.7788244140828284,2.8530735223239545,467793,,672779,1,4,"Bot",,,,,,,12.586831774544372,-131.69517113052947,-2.037144873857266,-12.399969540398311,26.54254848923775,-23.565045032985388,3.10797719388088,1.42169026185851,,,,"92.5",2044,"7.4",718075,641680,663993,543760,673962,608369,543257,665750,666969,"53.14",,,,,,,,31,5,"Sinker",1,0,1,0,0,1,1,0,"Standard","Standard",213,"0.01","0.04",,,,,"-0.04",,1,1,0.73,0.73,28,30,29,31,2,1,6,1,9,2,"2.05","0.84","0.84","38.8",,,,,
"SL","2023-05-22","82.2","-2.43","5.5","Dunning, Dane",656582,641540,,"foul",,,,,14,,"R","R","R","PIT","TEX","S",,,1,2,2023,"0.09","-0.22",1.382537141943653,1.9010013019095835,467793,,672779,1,4,"Bot",,,,,,,8.520988985343324,-119.58480780009332,-1.2503171128519248,-0.5674440661645478,20.51405051272443,-34.310626347377955,3.21,1.49,,,,"83.1",2257,"6.7",718075,641680,663993,543760,673962,608369,543257,665750,666969,"53.84",,,,,,,,31,4,"Slider",1,0,1,0,0,1,1,0,"Standard","Standard",45,"0","0",,,,,"0",,1,1,0.73,0.73,28,30,29,31,2,1,6,1,9,2,"3.57","-0.09","-0.09","42.3",,,,,
"FC","2023-05-22","90","-2.46","5.54","Dunning, Dane",656582,641540,,"called_strike",,,,,3,,"R","R","R","PIT","TEX","S",,,1,1,2023,"0.07","0.83",0.79655917454277,2.767113142854461,467793,,672779,1,4,"Bot",,,,,,,8.005730679636063,-130.95366962291345,-2.749150791955826,-0.7441734911973001,24.577425868616647,-22.164659740016706,3.2105099294125,1.52456969898036,,,,"91.1",2123,"6.7",718075,641680,663993,543760,673962,608369,543257,665750,666969,"53.78",,,,,,,,31,3,"Cutter",1,0,1,0,0,1,1,0,"Standard","Standard",198,"-0.016","-0.098",,,,,"0.098",,1,1,0.746,0.746,28,30,29,31,2,1,6,1,9,2,"1.96","-0.07","-0.07","39.0",,,,,
"SI","2023-05-22","89.8","-2.51","5.39","Dunning, Dane",656582,641540,,"called_strike",,,,,6,,"R","R","R","PIT","TEX","S",,,1,0,2023,"-0.97","0.32",0.7999292440839457,2.154006823085428,467793,,672779,1,4,"Bot",,,,,,,10.307949952253734,-130.39013937354167,-2.7064485054395204,-13.157755010133508,26.141382586613542,-28.188097374689693,3.2105099294125,1.4731304767778,,,,"90.4",2006,"6.7",718075,641680,663993,543760,673962,608369,543257,665750,666969,"53.82",,,,,,,,31,2,"Sinker",1,0,1,0,0,1,1,0,"Standard","Standard",220,"-0.006","-0.05",,,,,"0.05",,1,1,0.752,0.752,28,30,29,31,2,1,6,1,9,2,"2.51","0.97","0.97","35.1",,,,,
"SI","2023-05-22","89.8","-2.44","5.41","Dunning, Dane",656582,641540,,"ball",,,,,14,,"R","R","R","PIT","TEX","B",,,0,0,2023,"-0.89","0.58",0.9341207151908053,1.2801315639167221,467793,,672779,1,4,"Bot",,,,,,,10.301545224756739,-130.38924053957322,-5.526104749762167,-12.248268421732304,25.705741864659156,-24.554879019229002,3.2105099294125,1.4988502154233,,,,"90.5",1969,"6.7",718075,641680,663993,543760,673962,608369,543257,665750,666969,"53.78",,,,,,,,31,1,"Sinker",1,0,1,0,0,1,1,0,"Standard","Standard",215,"0.003","0.041",,,,,"-0.041",,1,1,0.749,0.749,28,30,29,31,2,1,6,1,9,2,"2.24","0.89","0.89","37.2",,,,,
"CH","2023-05-22","84.5","-2.55","5.43","Dunning, Dane",672779,641540,"single","hit_into_play",,,,,5,"Tucupita Marcano singles on a ground ball to right fielder Adolis Garcia. Carlos Santana to 3rd.","R","L","R","PIT","TEX","X",9,"ground_ball",0,0,2023,"-1.41","0.54",-0.1186532600940684,2.5446944576711616,,,467793,1,4,"Bot",178.12,127.23,,,,,8.547961021184408,-122.84617846039954,-1.4494903333943618,-15.916877459022198,23.876587493470872,-26.6435217316178,3.2,1.56,6,"83.3",-23,"85.4",1670,"6.9",718075,641680,663993,543760,673962,608369,543257,665750,666969,"53.63",0.078,0.071,"0.9",1,1,0,2,30,1,"Changeup",1,0,1,0,0,1,1,0,"Standard","Standard",245,"0.062","0.415",,,,0.08,"-0.415","88.0",1,1,0.687,0.687,28,23,29,24,2,1,6,1,9,1,"2.66","1.41","-1.41","38.3",,,,,
"SI","2023-05-22","90.7","-2.48","5.44","Dunning, Dane",663647,641540,"field_out","hit_into_play",,,,,2,"Ke'Bryan Hayes pops out to second baseman Marcus Semien in foul territory.","R","R","R","PIT","TEX","X",4,"popup",2,1,2023,"-0.97","0.9",0.03217478375673655,3.1166287110391657,,,467793,0,4,"Bot",182.96,170.86,,,,,8.42710052486479,-131.96703317648243,-1.853545111598143,-13.061980514620817,25.945250239208654,-21.406652959626225,3.14,1.51,145,"86.8",66,"91.7",2010,"6.8",718075,641680,663993,543760,673962,608369,543257,665750,666969,"53.75",0.005,0.005,"0",1,0,0,3,29,4,"Sinker",1,0,1,0,0,1,1,0,"Standard","Standard",214,"-0.036","-0.271",,,,0.008,"0.271","88.0",1,1,0.723,0.723,28,26,29,26,2,1,6,1,9,1,"1.85","0.97","0.97","37.4",,,,,
"SL","2023-05-22","82.3","-2.44","5.52","Dunning, Dane",663647,641540,,"ball",,,,,12,,"R","R","R","PIT","TEX","B",,,1,1,2023,"0.19","-0.09",1.1024151347262885,2.604986813971239,,,467793,0,4,"Bot",,,,,,,7.756484516594335,-119.68820868461657,0.053316487276043656,0.4948408954051744,21.04492561997257,-33.21316316153119,3.14049858096545,1.52456969898036,,,,"83.6",2373,"7",718075,641680,663993,543760,673962,608369,543257,665750,666969,"53.55",,,,,,,,29,3,"Slider",1,0,1,0,0,1,1,0,"Standard","Standard",49,"0.007","0.042",,,,,"-0.042",,1,1,0.716,0.716,28,26,29,26,2,1,6,1,9,1,"3.43","-0.19","-0.19","40.4",,,,,
"FC","2023-05-22","88.4","-2.34","5.64","Dunning, Dane",663647,641540,,"swinging_strike",,,,,3,,"R","R","R","PIT","TEX","S",,,1,0,2023,"0.07","0.92",0.5053283042195541,3.2435178778090314,,,467793,0,4,"Bot",,,,,,,6.85089142339179,-128.68989223896264,-1.7570921292580763,-0.41343951174032245,22.72088540402428,-21.751087236111356,3.14,1.51,,,,"89.8",2162,"6.8",718075,641680,663993,543760,673962,608369,543257,665750,666969,"53.73",,,,,,,,29,2,"Cutter",1,0,1,0,0,1,1,0,"Standard","Standard",197,"-0.007","-0.042",,,,,"0.042",,1,1,0.723,0.723,28,26,29,26,2,1,6,1,9,1,"1.96","-0.07","-0.07","41.9",,,,,
"SI","2023-05-22","89.6","-2.42","5.39","Dunning, Dane",663647,641540,,"ball",,,,,12,,"R","R","R","PIT","TEX","B",,,0,0,2023,"-0.8","0.83",0.6419738044482504,3.6622824809561996,,,467793,0,4,"Bot",,,,,,,9.347306820141865,-130.24565756519206,-0.06009045805474289,-10.960342963113167,23.958643097141934,-22.828126617490895,3.14049858096545,1.4731304767778,,,,"90.9",1973,"6.8",718075,641680,663993,543760,673962,608369,543257,665750,666969,"53.67",,,,,,,,29,1,"Sinker",1,0,1,0,0,1,1,0,"Standard","Standard",212,"0.005","0.03",,,,,"-0.03",,1,1,0.718,0.718,28,26,29,26,2,1,6,1,9,1,"1.99","0.8","0.8","40.0",,,,,
"SL","2023-05-22","83.8","-2.55","5.49","Dunning, Dane",595978,641540,"field_out","hit_into_play",,,,,6,"Austin Hedges lines out to center fielder Leody Taveras.","R","R","R","PIT","TEX","X",8,"line_drive",0,0,2023,"0.16","-0.17",0.7477203613353152,2.192667126865865,,678225,,2,2,"Bot",114.01,83.77,,,,,7.378534081218087,-122.00987826100419,-0.9755174837650126,0.370362285559168,20.479841721258854,-33.860667415084926,3.28,1.59,289,"98.9",13,"85.2",2240,"6.8",718075,641680,663993,543760,673962,608369,543257,665750,666969,"53.66",0.937,0.901,"0",1,0,0,4,17,1,"Slider",1,0,1,0,0,1,1,0,"Standard","Standard",62,"-0.03","-0.295",,,,1.119,"0.295","98.9",1,1,0.642,0.642,28,30,29,31,1,0,6,2,9,1,"3.37","-0.16","-0.16","37.1",,,,,
"SL","2023-05-22","84.4","-2.55","5.51","Dunning, Dane",656582,641540,"field_out","hit_into_play",,,,,9,"Connor Joe grounds out, shortstop Corey Seager to first baseman Nathaniel Lowe. Ke'Bryan Hayes scores.","R","R","R","PIT","TEX","X",6,"ground_ball",1,1,2023,"0.2","-0.16",0.772311037779973,1.9947721257498543,663647,,,1,2,"Bot",117.51,163.59,,,,,7.397428944542021,-122.74905428519236,-1.4802317945482593,0.5596166478728193,24.438366079892877,-33.69155001491687,3.21,1.49,4,"80.7",-29,"85.1",2322,"6.8",718075,641680,663993,543760,673962,608369,543257,665750,666969,"53.74",0.047,0.047,"0",1,0,0,2,15,3,"Slider",0,0,0,0,0,1,1,0,"Strategic","Standard",73,"0.022","-0.23",,,,0.047,"0.23","88.0",0,0,0.599,0.599,28,30,29,31,1,0,6,1,9,2,"3.36","-0.2","-0.2","38.0",,,,,
"FC","2023-05-22","90.1","-2.46","5.49","Dunning, Dane",656582,641540,,"called_strike",,,,,6,,"R","R","R","PIT","TEX","S",,,1,0,2023,"0.04","0.91",0.2879418335926959,2.3727155905681077,663647,,,1,2,"Bot",,,,,,,6.851359689741537,-131.19820669147083,-3.8250713856710084,-0.8546828609511999,25.22218644258562,-21.05111862262305,3.2105099294125,1.44741048994292,,,,"91.8",2132,"7.1",718075,641680,663993,543760,673962,608369,543257,665750,666969,"53.41",,,,,,,,15,2,"Cutter",0,0,0,0,0,0,0,0,"Strategic","Standard",200,"-0.005","-0.069",,,,,"0.069",,0,0,0.604,0.604,28,30,29,31,1,0,6,1,9,2,"1.88","-0.04","-0.04","37.5",,,,,
"KC","2023-05-22","78","-2.6","5.46","Dunning, Dane",656582,641540,,"blocked_ball",,,,,14,,"R","R","R","PIT","TEX","B",,,0,0,2023,"1.07","-1.05",2.8516505609224074,-0.039618783877506836,663647,,,1,2,"Bot",,,,,,,9.777976657028796,-113.09303855270882,-2.8350693348744747,6.960050007810512,24.48070024291569,-40.6637767909733,3.13367689638829,1.4988502154233,,,,"77.6",2313,"6.7",718075,641680,663993,543760,673962,608369,543257,665750,666969,"53.84",,,,,,,,15,1,"Knuckle Curve",0,0,0,0,0,0,0,0,"Strategic","Standard",35,"0.002","0.026",,,,,"-0.026",,0,0,0.602,0.602,28,30,29,31,1,0,6,1,9,2,"4.88","-1.07","-1.07","34.6",,,,,
"SI","2023-05-22","91.1","-2.51","5.49","Dunning, Dane",672779,641540,"field_out","hit_into_play",,,,,5,"Tucupita Marcano grounds out, first baseman Nathaniel Lowe to pitcher Dane Dunning. Ke'Bryan Hayes to 3rd.","R","L","R","PIT","TEX","X",3,"ground_ball",0,0,2023,"-0.96","0.65",-0.2573208503074158,2.2615524617633396,,663647,,0,2,"Bot",144.18,163.59,,,,,7.809841387539491,-132.49349014155996,-3.6602672296088885,-12.92474282860358,27.102582238516533,-23.913652145995684,3.2,1.56,12,"98",-11,"92.2",1938,"6.9",718075,641680,663993,543760,673962,608369,543257,665750,666969,"53.6",0.227,0.216,"0",1,0,0,2,14,1,"Sinker",0,0,0,0,0,0,0,0,"Standard","Standard",212,"-0.012","-0.215",,,,0.229,"0.215","98.0",0,0,0.614,0.614,28,23,29,24,1,0,6,1,9,1,"2.09","0.96","-0.96","37.4",,,,,
"SL","2023-05-22","83.9","-2.51","5.46","Dunning, Dane",663647,641540,"truncated_pa","blocked_ball",,,,,14,,"R","R","R","PIT","TEX","B",2,,2,2,2023,"-0.01","0.01",2.142387870080175,0.6769935718893967,457705,,669261,2,1,"Bot",,,,,,,10.853714507678104,-121.82707693892797,-4.794911112434817,-1.9136116546166482,19.868410969020143,-31.370861541099504,3.14049858096545,1.42169026185851,,,,"84.9",2336,"6.7",718075,641680,663993,543760,673962,608369,543257,665750,666969,"53.8",,,"0",0,0,0,,9,5,"Slider",0,0,0,0,0,0,0,0,"Standard","Standard",66,"-0.041","-0.235",,,,,"0.235",,0,0,0.541,0.541,28,26,29,26,1,0,6,1,9,1,"3.19","0.01","0.01","36.7",,,,,
"SI","2023-05-22","91.5","-2.4","5.42","Dunning, Dane",663647,641540,,"called_strike",,,,,14,,"R","R","R","PIT","TEX","S",,,2,1,2023,"-1.09","0.67",0.8797521639733898,2.2705593929404486,457705,,669261,2,1,"Bot",,,,,,,10.700893080835808,-132.9350290755781,-3.5987528597723224,-15.035019563188511,24.843082569187203,-23.588930204013504,3.14057414910854,1.47304028214953,,,,"92.7",2049,"6.8",718075,641680,663993,543760,673962,608369,543257,665750,666969,"53.67",,,,,,,,9,4,"Sinker",0,0,0,0,0,0,0,0,"Standard","Standard",212,"-0.009","-0.081",,,,,"0.081",,0,0,0.55,0.55,28,26,29,26,1,0,6,1,9,1,"2.03","1.09","1.09","36.9",,,,,
"SL","2023-05-22","83.9","-2.44","5.45","Dunning, Dane",663647,641540,,"ball",,,,,14,,"R","R","R","PIT","TEX","B",,,1,1,2023,"0.02","0.07",1.776168824913126,1.5225999201227993,457705,,669261,2,1,"Bot",,,,,,,9.819148553671152,-122.05018747110942,-2.9646196694356015,-1.4099728192369576,19.6794555443007,-31.096294582448213,3.14049858096545,1.4731304767778,,,,"85.3",2393,"6.8",718075,641680,663993,543760,673962,608369,543257,665750,666969,"53.69",,,,,,,,9,3,"Slider",0,0,0,0,0,0,0,0,"Standard","Standard",45,"0.004","0.031",,,,,"-0.031",,0,0,0.546,0.546,28,26,29,26,1,0,6,1,9,1,"3.12","-0.02","-0.02","37.0",,,,,
"SI","2023-05-22","92.6","-2.54","5.47","Dunning, Dane",663647,641540,,"called_strike",,,,,6,,"R","R","R","PIT","TEX","S",,,1,0,2023,"-1.08","0.63",0.702693503975909,2.242236225047794,457705,,669261,2,1,"Bot",,,,,,,10.752022691447602,-134.59567155303066,-3.895491639242536,-15.327436933946128,25.489964237359708,-23.832059840505305,3.14049858096545,1.4988502154233,,,,"93.9",2031,"6.9",718075,641680,663993,543760,673962,608369,543257,665750,666969,"53.65",,,,,,,,9,2,"Sinker",0,0,0,0,0,0,0,0,"Standard","Standard",216,"-0.004","-0.055",,,,,"0.055",,0,0,0.55,0.55,28,26,29,26,1,0,6,1,9,1,"2.01","1.08","1.08","36.8",,,,,
"KC","2023-05-22","77.3","-2.55","5.49","Dunning, Dane",663647,641540,,"ball",,,,,11,,"R","R","R","PIT","TEX","B",,,0,0,2023,"0.86","-0.92",-0.319152943102641,3.7741285465047616,457705,,669261,2,1,"Bot",,,,,,,3.19949180619633,-112.35906274641356,4.990050988818148,6.733510972203211,19.536626147146368,-41.09734777998167,3.05657614251255,1.42169026185851,,,,"77.7",2051,"6.5",718075,641680,663993,543760,673962,608369,543257,665750,666969,"53.96",,,,,,,,9,1,"Knuckle Curve",0,0,0,0,0,0,0,0,"Standard","Standard",35,"0.002","0.042",,,,,"-0.042",,0,0,0.548,0.548,28,26,29,26,1,0,6,1,9,1,"4.73","-0.86","-0.86","36.2",,,,,
"SL","2023-05-22","83.2","-2.56","5.48","Dunning, Dane",467793,641540,"strikeout","swinging_strike",,,,,14,"Carlos Santana strikes out swinging.","R","L","R","PIT","TEX","S",2,,2,2,2023,"-0.04","0.02",0.907330432218361,1.536370321553945,457705,,669261,1,1,"Bot",,,,,,,8.083687728751089,-121.03525680808778,-2.7413250425556273,-1.7336395893920542,19.914179488928156,-31.697825881898595,3.39,1.6,,,,"84.2",2410,"6.6",718075,641680,663993,543760,673962,608369,543257,665750,666969,"53.87",,0,"0",1,0,0,,8,5,"Slider",0,0,0,0,0,0,0,0,"Standard","Standard",58,"-0.055","-0.288",,,,,"0.288",,0,0,0.603,0.603,28,37,29,37,1,0,6,1,9,1,"3.23","0.04","-0.04","40.0",,,,,
"SI","2023-05-22","92.4","-2.38","5.5","Dunning, Dane",467793,641540,,"ball",,,,,14,,"R","L","R","PIT","TEX","B",,,1,2,2023,"-1.04","0.73",1.3201199770906726,2.274256801072001,457705,,669261,1,1,"Bot",,,,,,,11.818945361493002,-134.2100121492217,-4.07637280307842,-14.888723888195424,25.50560558713036,-22.650789468162447,3.39054133621687,1.78174900443491,,,,"93.9",2030,"7",718075,641680,663993,543760,673962,608369,543257,665750,666969,"53.52",,,,,,,,8,4,"Sinker",0,0,0,0,0,0,0,0,"Standard","Standard",214,"0.009","0.04",,,,,"-0.04",,0,0,0.594,0.594,28,37,29,37,1,0,6,1,9,1,"1.93","1.04","-1.04","38.1",,,,,
"CH","2023-05-22","86.5","-2.64","5.57","Dunning, Dane",467793,641540,,"foul",,,,,1,,"R","L","R","PIT","TEX","S",,,1,1,2023,"-1.42","0.48",-0.39068251604792437,2.972791500772869,457705,,669261,1,1,"Bot",,,,,,,8.33622841518577,-125.76732220832073,-0.984055403219944,-16.75407137630672,24.306876545864505,-27.10501839765274,3.39,1.6,152,"72.3",15,"87.4",1768,"6.8",718075,641680,663993,543760,673962,608369,543257,665750,666969,"53.72",,,,,,,,8,3,"Changeup",0,0,0,0,0,0,0,0,"Standard","Strategic",242,"-0.016","-0.098",,,,,"0.098","88.0",0,0,0.61,0.61,28,37,29,37,1,0,6,1,9,1,"2.56","1.42","-1.42","35.6",,,,,
"SI","2023-05-22","91.1","-2.48","5.54","Dunning, Dane",467793,641540,,"called_strike",,,,,3,,"R","L","R","PIT","TEX","S",,,1,0,2023,"-0.93","0.65",0.48435880334434467,3.193872796130796,457705,,669261,1,1,"Bot",,,,,,,9.500186238838117,-132.33119184618656,-1.3775483064434983,-12.975664347315263,27.983805375048302,-24.436278329328815,3.39064248597953,1.67888085992612,,,,"91.7",2036,"6.7",718075,641680,663993,543760,673962,608369,543257,665750,666969,"53.79",,,,,,,,8,2,"Sinker",0,0,0,0,0,0,0,0,"Standard","Strategic",211,"-0.006","-0.05",,,,,"0.05",,0,0,0.616,0.616,28,37,29,37,1,0,6,1,9,1,"2.1","0.93","-0.93","37.2",,,,,
"SI","2023-05-22","91","-2.56","5.51","Dunning, Dane",467793,641540,,"ball",,,,,12,,"R","L","R","PIT","TEX","B",,,0,0,2023,"-0.87","0.73",0.8969777239226442,3.292579873573538,457705,,669261,1,1,"Bot",,,,,,,10.664270641412132,-132.15563546635954,-1.212347665128662,-12.396320732397097,27.77213943845523,-23.5830102614518,3.39054133621687,1.65316305046377,,,,"92.1",2045,"7",718075,641680,663993,543760,673962,608369,543257,665750,666969,"53.49",,,,,,,,8,1,"Sinker",0,0,0,0,0,0,0,0,"Standard","Strategic",213,"0.003","0.041",,,,,"-0.041",,0,0,0.613,0.613,28,37,29,37,1,0,6,1,9,1,"2.03","0.87","-0.87","36.3",,,,,
"CH","2023-05-22","85.9","-2.65","5.52","Dunning, Dane",669261,641540,"single","hit_into_play",,,,,13,"Jack Suwinski singles on a line drive to center fielder Leody Taveras. Andrew McCutchen to 3rd.","R","L","R","PIT","TEX","X",8,"line_drive",1,1,2023,"-1.47","0.22",-0.9452959513899089,2.2238549720126475,,,457705,1,1,"Bot",149.38,90.43,,,,,7.082142571449357,-124.97571575982886,-2.0279267255495346,-16.84700879876849,24.600279155554738,-29.664307620843495,3.46,1.58,248,"78.9",20,"86.6",1738,"6.7",718075,641680,663993,543760,673962,608369,543257,665750,666969,"53.78",0.921,0.844,"0.9",1,1,0,4,7,3,"Changeup",0,0,0,0,0,0,0,0,"Infield shade","Strategic",243,"0.063","0.432",,,,0.997,"-0.432","88.0",0,0,0.55,0.55,28,24,29,25,1,0,6,1,9,1,"2.86","1.47","-1.47","35.5",,,,,
"CH","2023-05-22","86.3","-2.67","5.49","Dunning, Dane",669261,641540,,"ball",,,,,13,,"R","L","R","PIT","TEX","B",,,0,1,2023,"-1.42","0.41",-1.1492913068819555,1.8185405914907924,,,457705,1,1,"Bot",,,,,,,6.586291410923645,-125.47496250656688,-3.3632693713199275,-16.379572838682023,24.795052981984096,-27.40313385799761,3.31355895494089,1.52456969898036,,,,"87.1",1780,"6.8",718075,641680,663993,543760,673962,608369,543257,665750,666969,"53.7",,,,,,,,7,2,"Changeup",0,0,0,0,0,0,0,0,"Infield shade","Strategic",249,"0.003","0.025",,,,,"-0.025",,0,0,0.547,0.547,28,24,29,25,1,0,6,1,9,1,"2.65","1.42","-1.42","37.7",,,,,
"SI","2023-05-22","91","-2.55","5.49","Dunning, Dane",669261,641540,,"called_strike",,,,,1,,"R","L","R","PIT","TEX","S",,,0,0,2023,"-1.12","0.78",-0.8282470890460243,2.8058879282465274,,,457705,1,1,"Bot",,,,,,,6.812966166130571,-132.4416367257317,-2.5408615778007584,-14.696078750734753,28.378019562935737,-22.624037797841996,3.23647009466521,1.55028892055411,,,,"92",1932,"6.9",718075,641680,663993,543760,673962,608369,543257,665750,666969,"53.63",,,,,,,,7,1,"Sinker",0,0,0,0,0,0,0,0,"Infield shade","Strategic",220,"-0.004","-0.042",,,,,"0.042",,0,0,0.551,0.551,28,24,29,25,1,0,6,1,9,1,"1.97","1.12","-1.12","40.1",,,,,
"CH","2023-05-22","84.9","-2.59","5.46","Dunning, Dane",668804,641540,"field_out","hit_into_play",,,,,5,"Bryan Reynolds flies out to center fielder Leody Taveras.","R","L","R","PIT","TEX","X",8,"fly_ball",0,1,2023,"-1.44","0.54",-0.26334774141717476,1.9836676265311963,,,457705,0,1,"Bot",109.14,83.12,,,,,8.41491520925516,-123.41361123675418,-2.906797776467398,-16.389770630143477,24.079343252835596,-26.246782495488784,3.02,1.49,291,"94.6",46,"85.8",1873,"6.9",718075,641680,663993,543760,673962,608369,543257,665750,666969,"53.59",0.005,0.008,"0",1,0,0,3,6,2,"Changeup",0,0,0,0,0,0,0,0,"Infield shade","Standard",245,"-0.027","-0.205",,,,0.018,"0.205","94.6",0,0,0.578,0.578,28,28,29,28,1,0,6,1,9,1,"2.62","1.44","-1.44","35.6",,,,,
"CH","2023-05-22","85.2","-2.64","5.56","Dunning, Dane",668804,641540,,"foul",,,,,1,,"R","L","R","PIT","TEX","S",,,0,0,2023,"-1.53","0.66",-0.4788215765809225,2.5801081716185004,,,457705,0,1,"Bot",,,,,,,8.217253773577257,-123.78466248386648,-2.0136145375709216,-17.33381169335037,24.2401450224893,-25.176543274657966,3.02,1.49,212,"71",29,"86.1",1813,"6.9",718075,641680,663993,543760,673962,608369,543257,665750,666969,"53.61",,,,,,,,6,1,"Changeup",0,0,0,0,0,0,0,0,"Infield shade","Standard",248,"-0.005","-0.036",,,,,"0.036","88.0",0,0,0.583,0.583,28,28,29,28,1,0,6,1,9,1,"2.48","1.53","-1.53","36.0",,,,,
"SI","2023-05-16","90.2","-2.54","5.45","Dunning, Dane",669221,641540,"grounded_into_double_play","hit_into_play",,,,,4,"Sean Murphy grounds into a double play, shortstop Ezequiel Duran to second baseman Marcus Semien to first baseman Nathaniel Lowe. Matt Olson out at 2nd. Sean Murphy out at 1st.","R","R","R","TEX","ATL","X",6,"ground_ball",0,0,2023,"-0.83","0.83",-0.672738527024326,2.6216413790087394,,,621566,1,5,"Top",109.47,138.41,,,,,6.496480067388019,-131.28924870451974,-2.8662094575986266,-10.979618653650245,27.53764682172163,-22.173767612416434,3.4,1.65,109,"77.5",9,"91.2",2014,"6.9",718148,641680,663993,543760,673962,677649,543257,665750,666969,"53.62",0.345,0.313,"0",1,0,0,2,37,1,"Sinker",3,1,1,3,1,3,1,3,"Standard","Standard",208,"0.065","-0.333",,,,0.371,"0.333","88.0",2,-2,0.747,0.253,28,28,29,29,3,2,6,1,6,3,"1.97","0.83","0.83","39.9",,,,,
"SI","2023-05-16","91.1","-2.38","5.34","Dunning, Dane",656541,641540,"strikeout","swinging_strike",,,,,3,"Sam Hilliard strikes out swinging.","R","L","R","TEX","ATL","S",2,,0,2,2023,"-0.84","0.59",0.49462452431491044,3.1319956314584534,671739,606115,,2,4,"Top",,,,,,,9.11841699392252,-132.37616174019283,-0.9302873057018555,-11.814446428072387,27.029374089319965,-25.22227093139558,3.62,1.76,,,,"92.2",2096,"6.9",718148,641680,663993,543760,673962,677649,543257,665750,666969,"53.58",,0,"0",1,0,0,,28,3,"Sinker",0,1,1,0,1,0,1,0,"Standard","Standard",207,"0.035","-0.18",,,,,"0.18",,-1,1,0.393,0.607,28,29,29,29,2,1,6,9,6,7,"2.15","0.84","-0.84","40.7",,,,,
"FC","2023-05-16","90.2","-2.34","5.45","Dunning, Dane",656541,641540,,"foul",,,,,12,,"R","L","R","TEX","ATL","S",,,0,1,2023,"0.28","0.93",1.1379509934024052,2.736924485516067,671739,606115,,2,4,"Top",,,,,,,8.131218250681549,-131.23981775503742,-2.838870449635332,1.7423006037037156,25.29952675913398,-20.96131251883334,3.62,1.76,90,"52",69,"91.6",2228,"6.9",718148,641680,663993,543760,673962,677649,543257,665750,666969,"53.55",,,,,,,,28,2,"Cutter",0,1,1,0,1,0,1,0,"Standard","Standard",196,"0.015","-0.075",,,,,"0.075","88.0",-1,1,0.378,0.622,28,29,29,29,2,1,6,9,6,7,"1.85","-0.28","0.28","39.7",,,,,
"FC","2023-05-16","90.5","-2.35","5.46","Dunning, Dane",656541,641540,,"called_strike",,,,,9,,"R","L","R","TEX","ATL","S",,,0,0,2023,"-0.29","1.02",0.7614591954582303,2.157724751116104,671739,606115,,2,4,"Top",,,,,,,8.469655031379421,-131.56391428360902,-4.565488417303592,-4.944406299619089,24.91022729571211,-19.552668380679304,3.64552086684274,1.74799926763541,,,,"91.9",2153,"6.9",718148,641680,663993,543760,673962,677649,543257,665750,666969,"53.57",,,,,,,,28,1,"Cutter",0,1,1,0,1,0,1,0,"Standard","Standard",202,"0.009","-0.037",,,,,"0.037",,-1,1,0.369,0.631,28,29,29,29,2,1,6,9,6,7,"1.75","0.29","-0.29","42.7",,,,,
"SI","2023-05-16","90.3","-2.46","5.35","Dunning, Dane",606115,641540,"double","hit_into_play",,,,,4,"Orlando Arcia doubles (7) on a ground ball to left fielder Robbie Grossman. Michael Harris II to 3rd.","R","R","R","TEX","ATL","X",7,"ground_ball",0,0,2023,"-0.76","0.64",-0.33043056567518636,2.833510989804344,,,671739,2,4,"Top",60.91,137.67,,,,,7.012131889061363,-131.37607369388817,-1.6928382628151322,-10.250053580902923,27.20510773093621,-24.64482064103272,3.46,1.66,5,"88.9",-31,"91.5",2031,"7",718148,641680,663993,543760,673962,677649,543257,665750,666969,"53.54",0.064,0.059,"1.25",1,1,1,2,27,1,"Sinker",0,1,1,0,1,0,1,0,"Standard","Standard",218,"-0.035","0.881",,,,0.103,"-0.881","88.9",-1,1,0.404,0.596,28,28,29,29,2,1,6,1,6,1,"2.15","0.76","0.76","40.9",,,,,
"CH","2023-05-16","86.4","-2.57","5.39","Dunning, Dane",671739,641540,"force_out","hit_into_play",,,,,7,"Michael Harris II grounds into a force out, second baseman Marcus Semien to shortstop Ezequiel Duran. Ozzie Albies out at 2nd. Michael Harris II to 1st.","R","L","R","TEX","ATL","X",4,"ground_ball",0,2,2023,"-1.36","0.49",-0.7764751050337197,2.1030055158390195,,,645277,1,4,"Top",150.25,152.93,,,,,7.123653679675608,-125.71876416599875,-2.650403791088561,-15.882914687741582,24.271300147392576,-26.676910710751606,3.45,1.58,6,"82.2",-18,"87.5",1845,"6.9",718148,641680,663993,543760,673962,677649,543257,665750,666969,"53.6",0.083,0.077,"0",1,0,0,2,26,6,"Changeup",0,1,1,0,1,0,1,0,"Standard","Standard",241,"0.017","-0.238",,,,0.087,"0.238","88.0",-1,1,0.387,0.613,28,22,29,22,2,1,6,1,6,1,"2.56","1.36","-1.36","37.6",,,,,
"CH","2023-05-16","84.7","-2.52","5.45","Dunning, Dane",671739,641540,,"foul",,,,,13,,"R","L","R","TEX","ATL","S",,,0,2,2023,"-1.28","0.45",-1.5411059096098279,2.1577309169561905,,,645277,1,4,"Top",,,,,,,4.89657590271246,-123.38805974646439,-2.303552505161706,-14.08288627568671,23.38632400775955,-27.33799314800616,3.45,1.58,,,,"85.8",1702,"6.8",718148,641680,663993,543760,673962,677649,543257,665750,666969,"53.65",,,,,,,,26,5,"Changeup",0,1,1,0,1,0,1,0,"Standard","Standard",247,"0","0",,,,,"0",,-1,1,0.387,0.613,28,22,29,22,2,1,6,1,6,1,"2.71","1.28","-1.28","34.4",,,,,
"FC","2023-05-16","90.7","-2.56","5.46","Dunning, Dane",671739,641540,,"foul",,,,,5,,"R","L","R","TEX","ATL","S",,,0,2,2023,"0.15","0.99",0.09799426218960963,2.819168482818058,,,645277,1,4,"Top",,,,,,,6.372062496327922,-131.93868604506224,-2.8313314593585748,0.38095529073451057,27.46437963041269,-20.207374334942138,3.45,1.58,170,"77.3",65,"91.4",2217,"6.7",718148,641680,663993,543760,673962,677649,543257,665750,666969,"53.8",,,,,,,,26,4,"Cutter",0,1,1,0,1,0,1,0,"Standard","Standard",199,"0","0",,,,,"0","88.0",-1,1,0.387,0.613,28,22,29,22,2,1,6,1,6,1,"1.78","-0.15","0.15","38.8",,,,,
"SL","2023-05-16","84.6","-2.34","5.47","Dunning, Dane",671739,641540,,"foul",,,,,6,,"R","L","R","TEX","ATL","S",,,0,2,2023,"0.45","-0.03",0.7190714128050875,2.4642498607650993,,,645277,1,4,"Top",,,,,,,6.3066226001303995,-123.16969108586875,-0.6203907030740312,3.3389377715421893,23.536604875885853,-32.56290320934265,3.45,1.58,337,"108.4",19,"85.7",2358,"6.9",718148,641680,663993,543760,673962,677649,543257,665750,666969,"53.64",,,,,,,,26,3,"Slider",0,1,1,0,1,0,1,0,"Standard","Standard",70,"0","0",,,,,"0","108.4",-1,1,0.387,0.613,28,22,29,22,2,1,6,1,6,1,"3.2","-0.45","0.45","46.3",,,,,
"CH","2023-05-16","84.9","-2.47","5.48","Dunning, Dane",671739,641540,,"foul",,,,,11,,"R","L","R","TEX","ATL","S",,,0,1,2023,"-1.17","0.25",-1.2917019581501306,2.8268076338463834,,,645277,1,4,"Top",,,,,,,5.180013186476676,-123.65156101950363,-0.4230897843713022,-13.061656379995568,23.138471319930673,-29.741083128611194,3.45,1.58,225,"72.5",43,"86.2",1659,"6.9",718148,641680,663993,543760,673962,677649,543257,665750,666969,"53.58",,,,,,,,26,2,"Changeup",0,1,1,0,1,0,1,0,"Standard","Standard",246,"0.008","-0.053",,,,,"0.053","88.0",-1,1,0.379,0.621,28,22,29,22,2,1,6,1,6,1,"2.89","1.17","-1.17","36.9",,,,,
"FC","2023-05-16","88.7","-2.57","5.47","Dunning, Dane",671739,641540,,"called_strike",,,,,2,,"R","L","R","TEX","ATL","S",,,0,0,2023,"0.21","0.92",-0.14300257397932775,3.026875615679411,,,645277,1,4,"Top",,,,,,,5.570979890808759,-129.2408002035027,-1.9463895029946665,1.311653519546202,23.842868175461007,-21.569281406989447,3.44880450242622,1.59572336737474,,,,"90.2",2122,"6.9",718148,641680,663993,543760,673962,677649,543257,665750,666969,"53.62",,,,,,,,26,1,"Cutter",0,1,1,0,1,0,1,0,"Standard","Standard",209,"0.004","-0.042",,,,,"0.042",,-1,1,0.375,0.625,28,22,29,22,2,1,6,1,6,1,"1.94","-0.21","0.21","37.1",,,,,
"SI","2023-05-16","91.4","-2.44","5.45","Dunning, Dane",663586,641540,"force_out","hit_into_play",,,,,5,"Austin Riley grounds into a force out, shortstop Ezequiel Duran to second baseman Marcus Semien. Matt Olson out at 2nd.","R","R","R","TEX","ATL","X",6,"ground_ball",0,0,2023,"-0.9","0.67",-0.10007751845388968,2.840548403092421,,,621566,2,3,"Top",112.68,150.9,,,,,7.949298432140409,-132.87463775739997,-2.130535257004519,-12.43330248253552,29.252156885171797,-23.94055191125456,3.41,1.64,16,"80.2",-8,"92.4",2156,"7",718148,641680,663993,543760,673962,677649,543257,665750,666969,"53.52",0.123,0.111,"0",1,0,0,2,19,1,"Sinker",0,1,1,0,1,0,1,0,"Standard","Standard",210,"0.023","-0.286",,,,0.125,"0.286","88.0",-1,1,0.414,0.5860000000000001,28,26,29,26,2,1,6,1,6,1,"2.07","0.9","0.9","39.2",,,,,
"SI","2023-05-16","91.5","-2.39","5.31","Dunning, Dane",669221,641540,"strikeout","called_strike",,,,,12,"Sean Murphy called out on strikes.","R","R","R","TEX","ATL","S",2,,3,2,2023,"-1.11","0.6",0.8529683560820152,2.4979059235919934,,,621566,1,3,"Top",,,,,,,10.703265101758868,-132.7242151204876,-2.467469881012501,-15.449363730366866,30.01866829448198,-24.767808757874413,3.33316873751959,1.63383880988731,,,,"92.2",2187,"7",718148,641680,663993,543760,673962,677649,543257,665750,666969,"53.46",,0,"0",1,0,0,,18,6,"Sinker",0,1,1,0,1,0,1,0,"Standard","Standard",222,"0.033","-0.314",,,,,"0.314",,-1,1,0.381,0.619,28,28,29,29,2,1,6,1,6,3,"2.15","1.11","1.11","37.4",,,,,
"SL","2023-05-16","84.3","-2.27","5.48","Dunning, Dane",669221,641540,,"ball",,,,,14,,"R","R","R","TEX","ATL","B",,,2,2,2023,"0.27","0.05",2.0826563797150843,1.582982232924925,,,621566,1,3,"Top",,,,,,,9.66535871778576,-122.4842090101333,-2.7941427010409963,0.8191272681140376,24.346130723504114,-31.26170324917335,3.34803513436614,1.551872468764,,,,"85",2408,"6.9",718148,641680,663993,543760,673962,677649,543257,665750,666969,"53.63",,,,,,,,18,5,"Slider",0,1,1,0,1,0,1,0,"Standard","Standard",50,"-0.009","0.084",,,,,"-0.084",,-1,1,0.39,0.61,28,28,29,29,2,1,6,1,6,3,"3.16","-0.27","-0.27","40.8",,,,,
"CH","2023-05-16","87.6","-2.46","5.32","Dunning, Dane",669221,641540,,"called_strike",,,,,14,,"R","R","R","TEX","ATL","S",,,2,1,2023,"-1.58","0.26",0.8513943293215376,1.9594180611687846,,,621566,1,3,"Top",,,,,,,11.394960392112596,-126.96945514196723,-2.462663157479983,-19.428510894305564,26.71994849092376,-29.04171118095676,3.32353903305472,1.5486869488663,,,,"88.4",1891,"7.1",718148,641680,663993,543760,673962,677649,543257,665750,666969,"53.42",,,,,,,,18,4,"Changeup",0,1,1,0,1,0,1,0,"Standard","Standard",252,"0.008","-0.054",,,,,"0.054",,-1,1,0.382,0.618,28,28,29,29,2,1,6,1,6,3,"2.74","1.58","1.58","33.6",,,,,
"FC","2023-05-16","90","-2.36","5.5","Dunning, Dane",669221,641540,,"called_strike",,,,,3,,"R","R","R","TEX","ATL","S",,,2,0,2023,"-0.16","0.9",0.5910974680505474,2.9380407416127783,,,621566,1,3,"Top",,,,,,,7.752015547849715,-130.856117992807,-2.3375060327422688,-3.4451090301375555,26.350838139829385,-21.498579065277255,3.41754382410207,1.57818089115933,,,,"91.2",2213,"7",718148,641680,663993,543760,673962,677649,543257,665750,666969,"53.54",,,,,,,,18,3,"Cutter",0,1,1,0,1,0,1,0,"Standard","Standard",194,"0.007","-0.061",,,,,"0.061",,-1,1,0.375,0.625,28,28,29,29,2,1,6,1,6,3,"1.91","0.16","0.16","43.1",,,,,
"SI","2023-05-16","92.2","-2.45","5.4","Dunning, Dane",669221,641540,,"ball",,,,,14,,"R","R","R","TEX","ATL","B",,,1,0,2023,"-1.1","0.67",0.2567953063549371,1.0658927224954933,,,621566,1,3,"Top",,,,,,,9.332759324232288,-133.82395881866006,-6.657542272562065,-15.206034696790082,29.352465832100442,-22.77829844495663,3.3710692373974,1.57462081623725,,,,"92.8",2065,"6.8",718148,641680,663993,543760,673962,677649,543257,665750,666969,"53.67",,,,,,,,18,2,"Sinker",0,1,1,0,1,0,1,0,"Infield shade","Standard",221,"-0.007","0.054",,,,,"-0.054",,-1,1,0.382,0.618,28,28,29,29,2,1,6,1,6,3,"2.03","1.1","1.1","37.8",,,,,
"FC","2023-05-16","91","-2.27","5.51","Dunning, Dane",669221,641540,,"ball",,,,,14,,"R","R","R","TEX","ATL","B",,,0,0,2023,"-0.07","1.18",1.1610390652889937,2.13581136067905,,,621566,1,3,"Top",,,,,,,8.878240858049312,-132.20031457000573,-5.131027661028202,-2.738393963169376,28.11974360481022,-17.443165197514922,3.54223277504713,1.65979705328187,,,,"92.2",2207,"7.1",718148,641680,663993,543760,673962,677649,543257,665750,666969,"53.43",,,,,,,,18,1,"Cutter",0,1,1,0,1,0,1,0,"Standard","Standard",206,"-0.004","0.036",,,,,"-0.036",,-1,1,0.386,0.614,28,28,29,29,2,1,6,1,6,3,"1.58","0.07","0.07","44.5",,,,,
"SI","2023-05-16","92.3","-2.47","5.45","Dunning, Dane",656541,641540,"field_out","hit_into_play",,,,,5,"Sam Hilliard flies out to center fielder Leody Taveras.","R","L","R","TEX","ATL","X",8,"fly_ball",1,0,2023,"-0.99","0.58",-0.11657418028584476,2.3924850505113655,,,606115,2,2,"Top",122.68,67.21,,,,,8.26162583075582,-134.26688341369743,-3.3007952801145524,-13.72679202613121,27.105567025365993,-24.577930972446477,3.62,1.76,327,"96",41,"93.9",2074,"7.1",718148,641680,663993,543760,673962,677649,543257,665750,666969,"53.43",0.061,0.103,"0",1,0,0,3,12,2,"Sinker",0,1,1,0,1,0,1,0,"Infield shade","Standard",217,"0.023","-0.316",,,,0.197,"0.316","96.0",-1,1,0.42,0.5800000000000001,28,29,29,29,1,0,6,9,6,7,"2.08","0.99","-0.99","38.5",,,,,
"FC","2023-05-16","90.4","-2.42","5.55","Dunning, Dane",656541,641540,,"ball",,,,,14,,"R","L","R","TEX","ATL","B",,,0,0,2023,"0.11","0.95",1.5059317672633048,2.006112179502458,,,606115,2,2,"Top",,,,,,,9.646597766646343,-131.4220186453096,-5.0107043395152076,-0.5647068373492096,24.698279780811674,-20.251965885551748,3.72495201470774,1.72296045706942,,,,"91.7",2268,"6.9",718148,641680,663993,543760,673962,677649,543257,665750,666969,"53.62",,,,,,,,12,1,"Cutter",0,1,1,0,1,0,1,0,"Standard","Standard",209,"-0.002","0.03",,,,,"-0.03",,-1,1,0.422,0.5780000000000001,28,29,29,29,1,0,6,9,6,7,"1.82","-0.11","0.11","41.4",,,,,
"FC","2023-05-16","90.4","-2.3","5.45","Dunning, Dane",606115,641540,"single","hit_into_play",,,,,14,"Orlando Arcia singles on a line drive to center fielder Leody Taveras. Ozzie Albies scores.","R","R","R","TEX","ATL","X",8,"line_drive",3,1,2023,"0.07","0.91",0.9341636810675468,2.2669493171008446,,645277,,2,2,"Top",125.88,98,,,,,7.987572382805216,-131.5906955220451,-4.042741261131141,-0.6230832625655968,24.2814277366133,-20.953447689457338,3.46,1.66,190,"86.8",11,"91.8",2140,"6.8",718148,641680,663993,543760,673962,677649,543257,665750,666969,"53.66",0.676,0.618,"0.9",1,1,0,4,11,5,"Cutter",0,0,0,0,1,0,1,0,"Standard","Standard",197,"-0.091","0.61",,,,0.737,"-0.61","88.0",0,0,0.513,0.487,28,28,29,29,1,0,6,1,6,1,"1.85","-0.07","-0.07","42.4",,,,,
"SI","2023-05-16","91","-2.52","5.45","Dunning, Dane",606115,641540,,"ball",,,,,12,,"R","R","R","TEX","ATL","B",,,2,1,2023,"-0.73","0.67",1.0013597657845392,3.3280151908692432,,645277,,2,2,"Top",,,,,,,10.518024798100893,-132.22645292133748,-0.8853089584625389,-10.679085446138538,25.531612201123778,-24.263568762463404,3.35926976121018,1.5402981648663,,,,"92.3",2092,"6.9",718148,641680,663993,543760,673962,677649,543257,665750,666969,"53.58",,,,,,,,11,4,"Sinker",0,0,0,0,0,0,0,0,"Standard","Standard",209,"-0.003","0.069",,,,,"-0.069",,0,0,0.516,0.484,28,28,29,29,1,0,6,1,6,1,"2.07","0.73","0.73","39.0",,,,,
"FC","2023-05-16","91.2","-2.36","5.48","Dunning, Dane",606115,641540,,"ball",,,,,14,,"R","R","R","TEX","ATL","B",,,1,1,2023,"0.04","0.88",1.493672357254793,2.4363488611609316,,645277,,2,2,"Top",,,,,,,9.674151237527656,-132.54436570729777,-3.74685025183677,-1.2675896041612904,24.528640544349056,-21.15995724104603,3.44206224413972,1.57926234224892,,,,"92.5",2150,"6.9",718148,641680,663993,543760,673962,677649,543257,665750,666969,"53.65",,,,,,,,11,3,"Cutter",0,0,0,0,0,0,0,0,"Standard","Standard",208,"-0.003","0.021",,,,,"-0.021",,0,0,0.519,0.481,28,28,29,29,1,0,6,1,6,1,"1.84","-0.04","-0.04","38.3",,,,,
"SL","2023-05-16","84","-2.33","5.54","Dunning, Dane",606115,641540,,"ball",,,,,12,,"R","R","R","TEX","ATL","B",,,0,1,2023,"0.54","-0.35",0.26313928810855924,3.5355535408666667,,645277,,2,2,"Top",,,,,,,4.947454707935605,-122.24625125786083,2.422671544461875,4.488148913302957,22.700282801997997,-36.386492183971214,3.32250505297088,1.65674701913346,,,,"84.4",2439,"6.4",718148,641680,663993,543760,673962,677649,543257,665750,666969,"54.08",,,,,,,,11,2,"Slider",0,0,0,0,0,0,0,0,"Standard","Standard",36,"-0.003","0.02",,,,,"-0.02",,0,0,0.522,0.478,28,28,29,29,1,0,6,1,6,1,"3.57","-0.54","-0.54","38.5",,,,,
"SL","2023-05-16","84.2","-2.38","5.48","Dunning, Dane",606115,641540,,"called_strike",,,,,6,,"R","R","R","TEX","ATL","S",,,0,0,2023,"0.44","-0.14",0.7971587286982598,2.5944486072126227,,645277,,2,2,"Top",,,,,,,6.564997345846599,-122.46613582897487,-0.03776492397839726,3.164911856605688,23.812104150514426,-33.74979084533846,3.38131892553274,1.60601137488912,,,,"85",2338,"6.8",718148,641680,663993,543760,673962,677649,543257,665750,666969,"53.7",,,,,,,,11,1,"Slider",0,0,0,0,0,0,0,0,"Standard","Standard",69,"0.005","-0.046",,,,,"0.046",,0,0,0.517,0.483,28,28,29,29,1,0,6,1,6,1,"3.35","-0.44","-0.44","39.3",,,,,
"CH","2023-05-16","87","-2.37","5.57","Dunning, Dane",671739,641540,"field_out","hit_into_play",,,,,11,"Michael Harris II grounds out, third baseman Josh Jung to first baseman Nathaniel Lowe. Ozzie Albies to 2nd.","R","L","R","TEX","ATL","X",5,"ground_ball",2,1,2023,"-1.22","0.54",-0.4113987328445128,3.739030449357623,,,645277,1,2,"Top",112.68,173.28,,,,,7.267741822571692,-126.56480703120808,0.6710933367405241,-14.536838645881893,24.591381783816406,-26.662531912758663,3.45,1.58,3,"67",-50,"87.9",1763,"6.8",718148,641680,663993,543760,673962,677649,543257,665750,666969,"53.73",0.288,0.27,"0",1,0,0,2,10,4,"Changeup",0,0,0,0,0,0,0,0,"Infield shade","Standard",241,"0.024","-0.362",,,,0.292,"0.362","88.0",0,0,0.493,0.507,28,22,29,22,1,0,6,1,6,1,"2.46","1.22","-1.22","39.9",,,,,
"FC","2023-05-16","92","-2.21","5.49","Dunning, Dane",671739,641540,,"ball",,,,,14,,"R","L","R","TEX","ATL","B",,,1,1,2023,"0.09","0.74",2.165586824330752,2.0654216263573106,,,645277,1,2,"Top",,,,,,,10.998991840206276,-133.58912559378987,-4.523003498950243,-1.0939167711450346,26.43678667495093,-22.486940417845666,3.47305360449744,1.58278608862584,,,,"93.2",2197,"6.9",718148,641680,663993,543760,673962,677649,543257,665750,666969,"53.57",,,,,,,,10,3,"Cutter",0,0,0,0,0,0,0,0,"Infield shade","Standard",208,"-0.006","0.046",,,,,"-0.046",,0,0,0.499,0.501,28,22,29,22,1,0,6,1,6,1,"1.95","-0.09","0.09","40.0",,,,,
"CH","2023-05-16","86.6","-2.62","5.46","Dunning, Dane",671739,641540,,"swinging_strike",,,,,4,,"R","L","R","TEX","ATL","S",,,1,0,2023,"-1.36","0.32",-0.5066267767010406,2.167784492594203,,,645277,1,2,"Top",,,,,,,7.926320748372685,-125.99608505582106,-2.3737115900926256,-16.068914345771322,24.288055044113747,-28.44642727183825,3.45,1.58,,,,"87.8",1740,"6.9",718148,641680,663993,543760,673962,677649,543257,665750,666969,"53.57",,,,,,,,10,2,"Changeup",0,0,0,0,0,0,0,0,"Infield shade","Standard",246,"0.006","-0.053",,,,,"0.053",,0,0,0.493,0.507,28,22,29,22,1,0,6,1,6,1,"2.7","1.36","-1.36","35.5",,,,,
"KC","2023-05-16","79.9","-2.35","5.6","Dunning, Dane",671739,641540,,"ball",,,,,14,,"R","L","R","TEX","ATL","B",,,0,0,2023,"0.6","-1.25",1.1139372739648372,2.3827835002634012,,,645277,1,2,"Top",,,,,,,6.555241460765903,-116.16299478005254,2.0884293634352726,4.071074294056514,23.456452622512987,-44.06416304604491,3.4243196944876,1.53396685367372,,,,"80.2",2162,"6.7",718148,641680,663993,543760,673962,677649,543257,665750,666969,"53.77",,,,,,,,10,1,"Knuckle Curve",0,0,0,0,0,0,0,0,"Infield shade","Standard",27,"-0.004","0.036",,,,,"-0.036",,0,0,0.497,0.503,28,22,29,22,1,0,6,1,6,1,"4.85","-0.6","0.6","46.5",,,,,
"SI","2023-05-16","91.5","-2.4","5.59","Dunning, Dane",663586,641540,"force_out","hit_into_play",,,,,4,"Austin Riley grounds into a force out, shortstop Ezequiel Duran to second baseman Marcus Semien. Ronald Acuna Jr. out at 2nd.","R","R","R","TEX","ATL","X",6,"ground_ball",2,2,2023,"-1.14","0.58",-0.739607529883813,2.3503241218658206,,,660670,2,1,"Top",116.24,148.86,,,,,6.687887246070996,-133.14262040747093,-3.581588784236833,-15.017224174289051,29.015017393227215,-24.65939985033393,3.41,1.64,7,"75.5",-18,"92.1",1902,"6.7",718148,641680,663993,543760,673962,677649,543257,665750,666969,"53.84",0.083,0.083,"0",1,0,0,2,4,6,"Sinker",0,0,0,0,0,0,0,0,"Standard","Standard",212,"0.019","-0.24",,,,0.105,"0.24","88.0",0,0,0.529,0.471,28,26,29,26,1,0,6,1,6,1,"2.14","1.14","1.14","40.2",,,,,
"SL","2023-05-16","83.9","-2.28","5.51","Dunning, Dane",663586,641540,,"ball",,,,,14,,"R","R","R","TEX","ATL","B",,,1,2,2023,"0.37","-0.36",1.432031816706679,2.042301391784464,,,660670,2,1,"Top",,,,,,,7.954054267525637,-122.02282459160539,-0.9267592898971034,2.182209403816857,22.956050091496486,-35.83972184239845,3.406541890451,1.45886298772108,,,,"85",2284,"6.9",718148,641680,663993,543760,673962,677649,543257,665750,666969,"53.58",,,,,,,,4,5,"Slider",0,0,0,0,0,0,0,0,"Standard","Standard",57,"-0.004","0.034",,,,,"-0.034",,0,0,0.533,0.46699999999999997,28,26,29,26,1,0,6,1,6,1,"3.59","-0.37","-0.37","43.3",,,,,
"CH","2023-05-16","86.4","-2.48","5.41","Dunning, Dane",663586,641540,,"foul",,,,,7,,"R","R","R","TEX","ATL","S",,,1,2,2023,"-1.49","0.22",-0.5673507066696062,2.1652595963563894,,,660670,2,1,"Top",,,,,,,7.633078930258269,-125.62205131020592,-1.9854676503780273,-17.301917798621954,24.4212787195607,-29.62870995857981,3.41,1.64,,,,"86.9",1753,"6.6",718148,641680,663993,543760,673962,677649,543257,665750,666969,"53.92",,,,,,,,4,4,"Changeup",0,0,0,0,0,0,0,0,"Standard","Standard",248,"0","0",,,,,"0",,0,0,0.533,0.46699999999999997,28,26,29,26,1,0,6,1,6,1,"2.83","1.49","1.49","37.2",,,,,
"SI","2023-05-16","91.8","-2.33","5.48","Dunning, Dane",663586,641540,,"foul",,,,,5,,"R","R","R","TEX","ATL","S",,,1,1,2023,"-1.37","0.42",0.22930241746577762,2.729631202242297,,,660670,2,1,"Top",,,,,,,9.561209618463389,-133.3292736475715,-1.9562251916880795,-18.480727794142943,30.897881484678503,-26.972663304989865,3.41,1.64,93,"78",7,"92.4",2017,"6.9",718148,641680,663993,543760,673962,677649,543257,665750,666969,"53.57",,,,,,,,4,3,"Sinker",0,0,0,0,0,0,0,0,"Standard","Standard",214,"0.006","-0.06",,,,,"0.06","88.0",0,0,0.527,0.473,28,26,29,26,1,0,6,1,6,1,"2.31","1.37","1.37","41.0",,,,,
"SL","2023-05-16","85.3","-2.42","5.53","Dunning, Dane",663586,641540,,"ball",,,,,14,,"R","R","R","TEX","ATL","B",,,0,1,2023,"0.16","0.03",2.5272626131304032,1.0744606366053708,,,660670,2,1,"Top",,,,,,,11.368294837830746,-123.65619663833186,-4.217433956391747,-0.6021775826734811,24.808010054896712,-31.138779847180047,3.41455256237929,1.55390558777125,,,,"85.8",2369,"6.8",718148,641680,663993,543760,673962,677649,543257,665750,666969,"53.68",,,,,,,,4,2,"Slider",0,0,0,0,0,0,0,0,"Standard","Standard",65,"-0.002","0.025",,,,,"-0.025",,0,0,0.529,0.471,28,26,29,26,1,0,6,1,6,1,"3.12","-0.16","-0.16","39.9",,,,,
"FC","2023-05-16","92.3","-2.38","5.52","Dunning, Dane",663586,641540,,"called_strike",,,,,6,,"R","R","R","TEX","ATL","S",,,0,0,2023,"-0.1","1.08",0.7444327598106147,2.358533836243972,,,660670,2,1,"Top",,,,,,,8.261444140065485,-134.21762621564773,-4.612833101951095,-3.0281302601030324,28.93075592178599,-18.25877290499823,3.3732698049516,1.51244270440559,,,,"93.2",2252,"6.8",718148,641680,663993,543760,673962,677649,543257,665750,666969,"53.67",,,,,,,,4,1,"Cutter",0,0,0,0,0,0,0,0,"Standard","Standard",200,"0.003","-0.045",,,,,"0.045",,0,0,0.526,0.474,28,26,29,26,1,0,6,1,6,1,"1.6","0.1","0.1","42.7",,,,,
"SI","2023-05-16","92.9","-2.37","5.34","Dunning, Dane",669221,641540,"strikeout","called_strike",,,,,9,"Sean Murphy called out on strikes.","R","R","R","TEX","ATL","S",2,,2,2,2023,"-1.49","0.47",0.5789316259283015,1.8708249449887056,,,660670,1,1,"Top",,,,,,,10.882250810531708,-134.76231018473433,-4.104623347372865,-20.595554661847075,31.36883878140756,-25.637053999818523,3.40339772257187,1.6691621681873,,,,"93.2",2033,"6.8",718148,641680,663993,543760,673962,677649,543257,665750,666969,"53.71",,0,"0",1,0,0,,3,6,"Sinker",0,0,0,0,0,0,0,0,"Standard","Standard",219,"0.024","-0.23",,,,,"0.23",,0,0,0.502,0.498,28,28,29,29,1,0,6,1,6,3,"2.2","1.49","1.49","38.1",,,,,
"SL","2023-05-16","83.9","-2.35","5.58","Dunning, Dane",669221,641540,,"ball",,,,,12,,"R","R","R","TEX","ATL","B",,,1,2,2023,"0.55","0.05",1.1782261150680857,3.131809379355911,,,660670,1,1,"Top",,,,,,,7.072899666349645,-122.00268430304027,0.6301489379993337,4.163684373597564,23.600000636899818,-31.983359415363292,3.50024086705316,1.67850300542226,,,,"84.2",2375,"6.5",718148,641680,663993,543760,673962,677649,543257,665750,666969,"54.04",,,,,,,,3,5,"Slider",0,0,0,0,0,0,0,0,"Standard","Standard",74,"-0.004","0.047",,,,,"-0.047",,0,0,0.506,0.494,28,28,29,29,1,0,6,1,6,3,"3.18","-0.55","-0.55","41.0",,,,,
"SL","2023-05-16","84.6","-2.22","5.55","Dunning, Dane",669221,641540,,"ball",,,,,14,,"R","R","R","TEX","ATL","B",,,0,2,2023,"0.39","-0.13",0.9614635294113125,1.6138500203284698,,,660670,1,1,"Top",,,,,,,6.684439005442585,-123.09818915336162,-2.5803892339740107,2.690736226200289,24.024418333736026,-33.23675856485129,3.36610937291555,1.58812994555572,,,,"85.1",2440,"6.6",718148,641680,663993,543760,673962,677649,543257,665750,666969,"53.9",,,,,,,,3,4,"Slider",0,0,0,0,0,0,0,0,"Standard","Standard",80,"-0.003","0.023",,,,,"-0.023",,0,0,0.509,0.491,28,28,29,29,1,0,6,1,6,3,"3.31","-0.39","-0.39","40.7",,,,,
"SI","2023-05-16","91.1","-2.49","5.45","Dunning, Dane",669221,641540,,"foul",,,,,4,,"R","R","R","TEX","ATL","S",,,0,2,2023,"-0.83","0.91",-0.7503320812309513,2.7861324077301766,,,660670,1,1,"Top",,,,,,,6.175940748912771,-132.46967808888033,-2.7378671190973796,-11.148546848962322,28.8684474807227,-21.07859637014758,3.4,1.65,99,"67.8",24,"91.2",2016,"6.5",718148,641680,663993,543760,673962,677649,543257,665750,666969,"54.04",,,,,,,,3,3,"Sinker",0,0,0,0,0,0,0,0,"Standard","Standard",216,"0","0",,,,,"0","88.0",0,0,0.509,0.491,28,28,29,29,1,0,6,1,6,3,"1.84","0.83","0.83","37.9",,,,,
"SI","2023-05-16","92.3","-2.44","5.53","Dunning, Dane",669221,641540,,"swinging_strike",,,,,5,,"R","R","R","TEX","ATL","S",,,0,1,2023,"-0.79","0.97",-0.0404078598700468,2.567386423757347,,,660670,1,1,"Top",,,,,,,7.8840414047216125,-134.22515749061458,-3.859178777349554,-11.2572556671775,28.98970243485163,-19.790107027138905,3.4,1.65,,,,"93",2048,"6.7",718148,641680,663993,543760,673962,677649,543257,665750,666969,"53.75",,,,,,,,3,2,"Sinker",0,0,0,0,0,0,0,0,"Standard","Standard",216,"0.007","-0.053",,,,,"0.053",,0,0,0.502,0.498,28,28,29,29,1,0,6,1,6,3,"1.71","0.79","0.79","38.1",,,,,
"FC","2023-05-16","90.4","-2.38","5.52","Dunning, Dane",669221,641540,,"called_strike",,,,,2,,"R","R","R","TEX","ATL","S",,,0,0,2023,"0.05","1.16",-0.2517887823124798,3.152384350281558,,,660670,1,1,"Top",,,,,,,5.27073632385123,-131.6655199444031,-2.5038641443312843,-0.4607908123533827,26.384972213633613,-18.278259400211773,3.42937761608673,1.62697344977983,,,,"91.9",2250,"7",718148,641680,663993,543760,673962,677649,543257,665750,666969,"53.49",,,,,,,,3,1,"Cutter",0,0,0,0,0,0,0,0,"Infield shade","Standard",205,"0.004","-0.042",,,,,"0.042",,0,0,0.498,0.502,28,28,29,29,1,0,6,1,6,3,"1.61","-0.05","-0.05","40.5",,,,,
"SI","2023-05-16","92.5","-2.62","5.45","Dunning, Dane",621566,641540,"field_out","hit_into_play",,,,,7,"Matt Olson lines out sharply to left fielder Robbie Grossman.","R","L","R","TEX","ATL","X",7,"line_drive",2,1,2023,"-0.92","0.65",-0.5478759912172865,1.9245760301820765,,,660670,0,1,"Top",71.06,75.62,,,,,7.350694620917464,-134.56369222947993,-4.644370373579248,-12.822188099257405,29.231897048576194,-23.426756364330583,3.45,1.68,368,"110.6",17,"93.2",1989,"6.7",718148,641680,663993,543760,673962,677649,543257,665750,666969,"53.8",0.673,1.0809230769230767,"0",1,0,0,6,2,4,"Sinker",0,0,0,0,0,0,0,0,"Infield shade","Standard",220,"0.039","-0.271",,,,1.981,"0.271","110.6",0,0,0.459,0.5409999999999999,28,29,29,29,1,0,6,1,6,1,"2.01","0.92","-0.92","38.0",,,,,
"FC","2023-05-16","91.1","-2.37","5.58","Dunning, Dane",621566,641540,,"ball",,,,,14,,"R","L","R","TEX","ATL","B",,,1,1,2023,"-0.15","1.04",1.45749378961272,1.8192042126718262,,,660670,0,1,"Top",,,,,,,10.014002229824067,-132.36657347544713,-5.855936793043915,-3.768435878765118,26.368664902947895,-18.831942059348748,3.29418355248111,1.52317836269216,,,,"92.1",2241,"6.8",718148,641680,663993,543760,673962,677649,543257,665750,666969,"53.65",,,,,,,,2,3,"Cutter",0,0,0,0,0,0,0,0,"Infield shade","Strategic",212,"-0.007","0.042",,,,,"-0.042",,0,0,0.466,0.534,28,29,29,29,1,0,6,1,6,1,"1.7","0.15","-0.15","45.5",,,,,
"SI","2023-05-16","92.7","-2.38","5.54","Dunning, Dane",621566,641540,,"called_strike",,,,,1,,"R","L","R","TEX","ATL","S",,,1,0,2023,"-1.11","0.56",-0.5432403601675384,2.913300616716997,,,660670,0,1,"Top",,,,,,,7.16697756704336,-134.7922745668224,-2.086421558231075,-15.181025937404401,31.903355175449434,-25.15878317837149,3.42045424280285,1.51840239797101,,,,"92.8",1914,"6.6",718148,641680,663993,543760,673962,677649,543257,665750,666969,"53.88",,,,,,,,2,2,"Sinker",0,0,0,0,0,0,0,0,"Infield shade","Standard",223,"0.007","-0.042",,,,,"0.042",,0,0,0.459,0.5409999999999999,28,29,29,29,1,0,6,1,6,1,"2.12","1.11","-1.11","40.2",,,,,
"SI","2023-05-16","91.9","-2.35","5.51","Dunning, Dane",621566,641540,,"ball",,,,,14,,"R","L","R","TEX","ATL","B",,,0,0,2023,"-0.81","0.81",1.5865414451021647,1.711934067722554,,,660670,0,1,"Top",,,,,,,11.80746367090955,-133.32485020787527,-5.528679334257654,-12.23497285490323,28.376414239613965,-21.467671439916618,3.42748774359545,1.65614298913832,,,,"92.4",2017,"6.7",718148,641680,663993,543760,673962,677649,543257,665750,666969,"53.75",,,,,,,,2,1,"Sinker",0,0,0,0,0,0,0,0,"Infield shade","Standard",217,"-0.005","0.03",,,,,"-0.03",,0,0,0.464,0.536,28,29,29,29,1,0,6,1,6,1,"1.9","0.81","-0.81","42.4",,,,,
"SI","2023-05-10","92.1","-2.42","5.56","Dunning, Dane",664034,641540,"field_out","hit_into_play",,,,,11,"Ty France grounds out softly, pitcher Dane Dunning to first baseman Nathaniel Lowe.","R","R","R","SEA","TEX","X",1,"ground_ball",2,1,2023,"-1.12","0.73",-1.0893890238820387,2.8491657289533747,543939,641487,,2,5,"Bot",126.09,184.36,,,,,5.863835939730719,-134.10610936292625,-2.678573394756125,-14.762472664748291,27.345162484117683,-22.995484508743356,3.21,1.45,4,"41.1",-37,"93.2",2044,"6.8",718229,641680,663993,543760,673962,677649,543257,665750,666969,"53.69",0.21,0.191,"0",1,0,0,1,44,4,"Sinker",2,3,2,3,3,2,2,3,"Standard","Standard",210,"-0.091","-0.292",,,,0.21,"0.292","88.0",-1,-1,0.431,0.431,28,28,29,29,3,2,5,1,6,2,"1.94","1.12","1.12","43.2",,,,,
"SI","2023-05-10","90.8","-2.37","5.53","Dunning, Dane",664034,641540,,"called_strike",,,,,1,,"R","R","R","SEA","TEX","S",,,2,0,2023,"-0.83","0.66",-0.5396743597395011,3.0503446866513535,543939,641487,,2,5,"Bot",,,,,,,6.4040526674479885,-132.13561637272835,-1.7614660667441573,-11.01870210870413,25.325050938378972,-24.249528315371666,3.20932466354408,1.44926681190782,,,,"92",2120,"6.8",718229,641680,663993,543760,673962,677649,543257,665750,666969,"53.73",,,,,,,,44,3,"Sinker",2,3,2,3,3,2,2,3,"Standard","Standard",206,"-0.005","-0.052",,,,,"0.052",,-1,-1,0.436,0.436,28,28,29,29,3,2,5,1,6,2,"2.08","0.83","0.83","39.2",,,,,
"CH","2023-05-10","86.8","-2.46","5.54","Dunning, Dane",664034,641540,,"ball",,,,,14,,"R","R","R","SEA","TEX","B",,,1,0,2023,"-1.46","0.4",0.5829619525957801,1.4909457555545385,543939,641487,,2,5,"Bot",,,,,,,10.322190333357247,-125.93666976880988,-4.3237276776029425,-17.61931505326131,24.34470894865921,-27.20005210845421,3.30757962442325,1.62150791334442,,,,"87.3",1816,"6.7",718229,641680,663993,543760,673962,677649,543257,665750,666969,"53.81",,,,,,,,44,2,"Changeup",2,3,2,3,3,2,2,3,"Standard","Standard",241,"0.005","0.037",,,,,"-0.037",,-1,-1,0.431,0.431,28,28,29,29,3,2,5,1,6,2,"2.63","1.46","1.46","39.5",,,,,
"FF","2023-05-10","90.7","-2.62","5.45","Dunning, Dane",664034,641540,,"ball",,,,,11,,"R","R","R","SEA","TEX","B",,,0,0,2023,"-0.58","0.62",-0.8487068719991736,4.006178627869502,543939,641487,,2,5,"Bot",,,,,,,5.714850496477314,-132.08119605744105,0.920966084321523,-7.954914210118761,24.59830416659695,-25.24168063625266,3.15982148961226,1.44926681190782,,,,"91.8",2082,"6.7",718229,641680,663993,543760,673962,677649,543257,665750,666969,"53.85",,,,,,,,44,1,"4-Seam Fastball",2,3,2,3,3,2,2,3,"Standard","Standard",200,"0.002","0.018",,,,,"-0.018",,-1,-1,0.429,0.429,28,28,29,29,3,2,5,1,6,2,"2.12","0.58","0.58","39.2",,,,,
"KC","2023-05-10","80","-2.4","5.53","Dunning, Dane",641487,641540,"single","hit_into_play",,,,,8,"J.P. Crawford singles on a sharp line drive to right fielder Adolis Garcia. Julio Rodriguez scores. Kolten Wong to 3rd. J.P. Crawford to 2nd.","R","L","R","SEA","TEX","X",9,"line_drive",0,2,2023,"0.74","-1.29",0.07949671204085629,1.546987639762543,677594,,543939,2,5,"Bot",202.26,103.2,,,,,4.089551827671976,-116.38992527049236,0.4179526030986678,5.917720807620832,22.702561493915482,-44.19153772938308,3.33,1.62,302,"105.2",15,"80.3",2278,"6.6",718229,641680,663993,543760,673962,677649,543257,665750,666969,"53.9",0.676,0.759,"0.9",1,1,0,5,43,3,"Knuckle Curve",1,3,1,3,3,2,2,3,"Standard","Standard",8,"0.167","0.7",,,,1.104,"-0.7","105.2",-2,-2,0.262,0.262,28,28,29,28,3,2,5,3,6,2,"4.87","-0.74","0.74","45.4",,,,,
"KC","2023-05-10","78.7","-2.53","5.47","Dunning, Dane",641487,641540,,"called_strike",,,,,1,,"R","L","R","SEA","TEX","S",,,0,1,2023,"0.7","-1.18",-0.6294124243764626,2.8838166737273285,677594,,543939,2,5,"Bot",,,,,,,2.8338752288579605,-114.53297464455021,3.3948547450413176,5.734149701594423,19.910771310580692,-43.40579327743863,3.37884086158962,1.61927371045862,,,,"79.3",2226,"6.6",718229,641680,663993,543760,673962,677649,543257,665750,666969,"53.91",,,,,,,,43,2,"Knuckle Curve",1,3,1,3,3,1,1,3,"Standard","Standard",30,"-0.017","-0.054",,,,,"0.054",,-2,-2,0.279,0.279,28,28,29,28,3,2,5,3,6,2,"4.84","-0.7","0.7","40.4",,,,,
"FC","2023-05-10","90.6","-2.44","5.57","Dunning, Dane",641487,641540,,"called_strike",,,,,1,,"R","L","R","SEA","TEX","S",,,0,0,2023,"-0.03","0.97",-0.5655294514968795,2.946048275696535,677594,,543939,2,5,"Bot",,,,,,,4.785563950214019,-132.02993040162715,-2.8245983342428564,-1.167506446943462,22.882260524783995,-20.337407900854885,3.37884086158962,1.61927371045862,,,,"92",2114,"6.6",718229,641680,663993,543760,673962,677649,543257,665750,666969,"53.89",,,,,,,,43,1,"Cutter",1,3,1,3,3,1,1,3,"Standard","Standard",208,"-0.01","-0.052",,,,,"0.052",,-2,-2,0.289,0.289,28,28,29,28,3,2,5,3,6,2,"1.76","0.03","-0.03","40.6",,,,,
"SI","2023-05-10","90.7","-2.47","5.37","Dunning, Dane",543939,641540,"single","hit_into_play",,,,,7,"Kolten Wong singles on a fly ball to left fielder Robbie Grossman. Julio Rodriguez to 3rd.","R","L","R","SEA","TEX","X",7,"fly_ball",0,0,2023,"-1.1","0.72",-0.5369264069011406,1.932604210460114,,,677594,2,5,"Bot",49.82,117.83,,,,,7.268792723884613,-131.9867582879325,-4.301643736895619,-14.367292648547496,24.833272217603355,-23.035250789892256,3.15,1.46,260,"81.9",31,"92",2019,"6.8",718229,641680,663993,543760,673962,677649,543257,665750,666969,"53.69",0.058,0.061,"0.9",1,1,0,3,42,1,"Sinker",1,3,1,3,3,1,1,3,"Standard","Standard",218,"0.037","0.368",,,,0.095,"-0.368","88.0",-2,-2,0.252,0.252,28,32,29,33,2,1,5,2,6,3,"2.02","1.1","-1.1","37.7",,,,,
"SL","2023-05-10","85.8","-2.42","5.48","Dunning, Dane",572041,641540,"strikeout","swinging_strike",,,,,14,"AJ Pollock strikes out swinging.","R","R","R","SEA","TEX","S",2,,1,2,2023,"0.18","0.2",1.490982689151161,2.0096156639047016,,,677594,1,5,"Bot",,,,,,,8.938571370087814,-124.76578345483696,-2.4287575695950365,0.3008344680531538,21.868049278219694,-29.81337947852456,3.46,1.67,,,,"86.6",2384,"6.5",718229,641680,663993,543760,673962,677649,543257,665750,666969,"53.96",,0,"0",1,0,0,,41,4,"Slider",1,3,1,3,3,1,1,3,"Infield shade","Standard",66,"-0.029","-0.183",,,,,"0.183",,-2,-2,0.281,0.281,28,35,29,36,2,1,5,1,6,2,"2.87","-0.18","-0.18","43.5",,,,,
"SI","2023-05-10","90.5","-2.5","5.35","Dunning, Dane",572041,641540,,"swinging_strike",,,,,6,,"R","R","R","SEA","TEX","S",,,1,1,2023,"-1.02","0.71",0.6407881632221037,2.7876240826228456,,,677594,1,5,"Bot",,,,,,,10.063253808526174,-131.45568031522342,-2.013987480976668,-13.892310674109641,25.58649133370384,-23.655876357595346,3.46,1.67,,,,"91.3",2055,"6.7",718229,641680,663993,543760,673962,677649,543257,665750,666969,"53.82",,,,,,,,41,3,"Sinker",1,3,1,3,3,1,1,3,"Standard","Standard",219,"-0.01","-0.055",,,,,"0.055",,-2,-2,0.291,0.291,28,35,29,36,2,1,5,1,6,2,"2.06","1.02","1.02","36.1",,,,,
"FC","2023-05-10","90","-2.4","5.55","Dunning, Dane",572041,641540,,"ball",,,,,11,,"R","R","R","SEA","TEX","B",,,0,1,2023,"-0.14","0.86",-0.22537645644682508,3.7208329781701184,,,677594,1,5,"Bot",,,,,,,5.718810983453016,-131.09699318293977,-0.4699411813549548,-2.7088885436026726,24.723497347050408,-22.26498434295261,3.38506245047832,1.66927589640753,,,,"90.7",2206,"6.4",718229,641680,663993,543760,673962,677649,543257,665750,666969,"54.06",,,,,,,,41,2,"Cutter",1,3,1,3,3,1,1,3,"Standard","Standard",202,"0.004","0.025",,,,,"-0.025",,-2,-2,0.287,0.287,28,35,29,36,2,1,5,1,6,2,"1.92","0.14","0.14","39.4",,,,,
"FC","2023-05-10","89.3","-2.36","5.48","Dunning, Dane",572041,641540,,"swinging_strike",,,,,11,,"R","R","R","SEA","TEX","S",,,0,0,2023,"0.01","0.86",-0.20482099690940025,3.778392823183162,,,677594,1,5,"Bot",,,,,,,5.309451749606959,-130.08360153822076,-0.07161656751224332,-0.8885536020308136,23.542682836453547,-22.499621066031693,3.46,1.67,,,,"90.2",2170,"6.5",718229,641680,663993,543760,673962,677649,543257,665750,666969,"54",,,,,,,,41,1,"Cutter",1,3,1,3,3,1,1,3,"Standard","Standard",203,"-0.006","-0.042",,,,,"0.042",,-2,-2,0.293,0.293,28,35,29,36,2,1,5,1,6,2,"1.96","-0.01","-0.01","42.8",,,,,
"SL","2023-05-10","85.4","-2.35","5.58","Dunning, Dane",606192,641540,"strikeout","swinging_strike",,,,,14,"Teoscar Hernandez strikes out swinging.","R","R","R","SEA","TEX","S",2,,1,2,2023,"0.19","0.01",1.1944662638310635,1.1607667328933804,,,677594,0,5,"Bot",,,,,,,7.952857526548687,-124.32195050404405,-4.257807558306719,0.6560813201417919,20.86648584207964,-31.47098388578863,3.5,1.68,,,,"86",2419,"6.3",718229,641680,663993,543760,673962,677649,543257,665750,666969,"54.22",,0,"0",1,0,0,,40,4,"Slider",1,3,1,3,3,1,1,3,"Standard","Standard",69,"-0.035","-0.165",,,,,"0.165",,-2,-2,0.328,0.328,28,30,29,31,2,1,5,1,6,2,"3.07","-0.19","-0.19","40.8",,,,,
"SL","2023-05-10","85.1","-2.45","5.52","Dunning, Dane",606192,641540,,"swinging_strike",,,,,14,,"R","R","R","SEA","TEX","S",,,1,1,2023,"0.22","0.27",1.346658761315558,2.043546781752281,,,677594,0,5,"Bot",,,,,,,8.518001403598916,-123.7168306781807,-2.41709265001026,0.6206274002136158,23.39431979783691,-29.121775627225833,3.5,1.68,,,,"85.7",2354,"6.6",718229,641680,663993,543760,673962,677649,543257,665750,666969,"53.9",,,,,,,,40,3,"Slider",1,3,1,3,3,1,1,3,"Infield shade","Standard",114,"-0.013","-0.059",,,,,"0.059",,-2,-2,0.341,0.341,28,30,29,31,2,1,5,1,6,2,"2.87","-0.22","-0.22","40.6",,,,,
"FC","2023-05-10","90.4","-2.42","5.54","Dunning, Dane",606192,641540,,"ball",,,,,14,,"R","R","R","SEA","TEX","B",,,0,1,2023,"-0.06","0.98",1.0846731546351513,1.829833878595087,,,677594,0,5,"Bot",,,,,,,8.88320853513989,-131.4190212398409,-5.45002459677548,-2.4095240867909946,24.88618457947078,-19.885490112877353,3.37554762807891,1.67927660968039,,,,"91",2227,"6.5",718229,641680,663993,543760,673962,677649,543257,665750,666969,"54.02",,,,,,,,40,2,"Cutter",1,3,1,3,3,1,1,3,"Infield shade","Standard",209,"0.005","0.024",,,,,"-0.024",,-2,-2,0.336,0.336,28,30,29,31,2,1,5,1,6,2,"1.79","0.06","0.06","45.8",,,,,
"FC","2023-05-10","88.6","-2.48","5.55","Dunning, Dane",606192,641540,,"called_strike",,,,,9,,"R","R","R","SEA","TEX","S",,,0,0,2023,"-0.23","0.93",0.7477768233511708,1.7234353488051632,,,677594,0,5,"Bot",,,,,,,8.409394017134044,-128.78020312483233,-5.2503824559781425,-4.23782463955709,26.44166483032671,-20.915497178092192,3.40030418344508,1.67927660968039,,,,"89.3",2135,"6.8",718229,641680,663993,543760,673962,677649,543257,665750,666969,"53.74",,,,,,,,40,1,"Cutter",1,3,1,3,3,1,1,3,"Infield shade","Standard",206,"-0.007","-0.036",,,,,"0.036",,-2,-2,0.343,0.343,28,30,29,31,2,1,5,1,6,2,"1.98","0.23","0.23","41.4",,,,,
"SI","2023-05-10","89.2","-2.56","5.42","Dunning, Dane",553993,641540,"grounded_into_double_play","hit_into_play",,,,,5,"Eugenio Suarez grounds into a double play, second baseman Marcus Semien to shortstop Ezequiel Duran to first baseman Nathaniel Lowe. Jarred Kelenic out at 2nd. Eugenio Suarez out at 1st.","R","R","R","SEA","TEX","X",4,"ground_ball",0,0,2023,"-0.95","0.81",0.228482813439442,2.42800068018355,,,672284,0,4,"Bot",142.38,152.59,,,,,8.903054551278354,-129.73214643202712,-3.115417950379955,-12.500642410373818,24.4517508545281,-22.485892916390064,3.47,1.64,28,"98.3",-3,"90.1",2051,"6.7",718229,641680,663993,543760,673962,677649,543257,665750,666969,"53.83",0.323,0.295,"0",1,0,0,2,33,1,"Sinker",1,3,1,3,3,1,1,3,"Standard","Standard",215,"-0.097","-0.35",,,,0.44,"0.35","98.3",-2,-2,0.359,0.359,28,31,29,32,2,1,5,1,6,2,"2.03","0.95","0.95","41.9",,,,,
"SL","2023-05-10","84","-2.58","5.63","Dunning, Dane",572041,641540,"field_out","hit_into_play",,,,,6,"AJ Pollock pops out to second baseman Marcus Semien.","R","R","R","SEA","TEX","X",4,"popup",1,1,2023,"0.11","0.04",0.3577782491851804,2.8378874115266197,,,663728,2,2,"Bot",157.09,158.68,,,,,6.591248570583109,-122.292387853687,-0.22279460227800485,-0.0272356425746565,21.308940645513314,-31.904007398345716,3.46,1.67,126,"85.3",67,"84.6",2479,"6.4",718229,641680,663993,543760,673962,677649,543257,665750,666969,"54.09",0.005,0.007,"0",1,0,0,3,17,3,"Slider",1,0,1,0,0,1,1,0,"Standard","Standard",56,"-0.019","-0.266",,,,0.01,"0.266","88.0",1,1,0.631,0.631,28,35,29,36,1,0,5,1,6,2,"3.15","-0.11","-0.11","46.7",,,,,
"FC","2023-05-10","89.4","-2.53","5.66","Dunning, Dane",572041,641540,,"called_strike",,,,,6,,"R","R","R","SEA","TEX","S",,,1,0,2023,"-0.18","1.03",0.3845658349260957,2.8458424907203703,,,663728,2,2,"Bot",,,,,,,7.634320157691252,-130.05218952874074,-3.1792414461135063,-3.5539616810780803,24.796112365219354,-19.957703387148676,3.45933464584081,1.66927589640753,,,,"90.4",2160,"6.7",718229,641680,663993,543760,673962,677649,543257,665750,666969,"53.79",,,,,,,,17,2,"Cutter",1,0,1,0,0,1,1,0,"Standard","Standard",194,"-0.003","-0.05",,,,,"0.05",,1,1,0.634,0.634,28,35,29,36,1,0,5,1,6,2,"1.8","0.18","0.18","43.3",,,,,
"FC","2023-05-10","89.1","-2.52","5.7","Dunning, Dane",572041,641540,,"ball",,,,,11,,"R","R","R","SEA","TEX","B",,,0,0,2023,"0","0.94",-0.44591574890345326,4.332701962189901,,,663728,2,2,"Bot",,,,,,,5.119551833968461,-129.78514347958526,0.6685923414178628,-1.0267145591853846,25.2304533860656,-21.844033030436098,3.45933464584081,1.66927589640753,,,,"89.8",2158,"6.5",718229,641680,663993,543760,673962,677649,543257,665750,666969,"53.97",,,,,,,,17,1,"Cutter",1,0,1,0,0,1,1,0,"Standard","Standard",192,"0.002","0.03",,,,,"-0.03",,1,1,0.632,0.632,28,35,29,36,1,0,5,1,6,2,"1.91","0","0","41.5",,,,,
"SL","2023-05-10","83.6","-2.58","5.64","Dunning, Dane",606192,641540,"field_out","hit_into_play",,,,,5,"Teoscar Hernandez flies out sharply to center fielder Leody Taveras.","R","R","R","SEA","TEX","X",8,"fly_ball",0,0,2023,"0.14","0.14",0.0028821138832839724,2.444765674774505,,,663728,1,2,"Bot",141.06,50.51,,,,,5.679654150577153,-121.82962320224877,-1.3248483561696782,0.5083630305928108,20.186518560285666,-30.722915323025013,3.5,1.68,368,"104.6",38,"84.3",2409,"6.3",718229,641680,663993,543760,673962,677649,543257,665750,666969,"54.16",0.562,1.122,"0",1,0,0,6,16,1,"Slider",1,0,1,0,0,1,1,0,"Standard","Standard",76,"-0.026","-0.257",,,,2.231,"0.257","104.6",1,1,0.658,0.658,28,30,29,31,1,0,5,1,6,2,"3.07","-0.14","-0.14","42.1",,,,,
"SI","2023-05-10","91.2","-2.62","5.5","Dunning, Dane",677594,641540,"field_out","hit_into_play",,,,,2,"Julio Rodriguez lines out sharply to left fielder Robbie Grossman.","R","R","R","SEA","TEX","X",7,"line_drive",0,1,2023,"-1.04","0.59",0.05123169021097329,2.6879838702717125,,,663728,0,2,"Bot",53.07,94.5,,,,,8.992557912795798,-132.5782114921749,-2.460624468495728,-14.117365902092661,27.487811216624717,-24.8442006796355,3.18,1.49,314,"101.9",14,"91.7",2104,"6.6",718229,641680,663993,543760,673962,677649,543257,665750,666969,"53.92",0.766,0.78,"0",1,0,0,4,15,2,"Sinker",1,0,1,0,0,1,1,0,"Standard","Standard",216,"-0.025","-0.205",,,,1.069,"0.205","101.9",1,1,0.683,0.683,28,22,29,23,1,0,5,1,6,2,"2.15","1.04","1.04","36.5",,,,,
"SL","2023-05-10","84.2","-2.57","5.64","Dunning, Dane",677594,641540,,"called_strike",,,,,2,,"R","R","R","SEA","TEX","S",,,0,0,2023,"0.11","0.08",-0.13183039312262038,3.0369053955591423,,,663728,0,2,"Bot",,,,,,,5.445985879633678,-122.68246200322946,0.07522034962670343,0.20493915228124646,20.30145615085206,-31.574292752910452,3.179323047941,1.48926894601992,,,,"84.9",2318,"6.3",718229,641680,663993,543760,673962,677649,543257,665750,666969,"54.19",,,,,,,,15,1,"Slider",1,0,1,0,0,1,1,0,"Standard","Standard",100,"-0.004","-0.036",,,,,"0.036",,1,1,0.687,0.687,28,22,29,23,1,0,5,1,6,2,"3.09","-0.11","-0.11","40.5",,,,,
"SL","2023-05-10","83.2","-2.45","5.57","Dunning, Dane",664034,641540,"single","hit_into_play",,,,,6,"Ty France singles on a sharp line drive to left fielder Robbie Grossman. J.P. Crawford scores. Throwing error by left fielder Robbie Grossman. Ty France out at 2nd, first baseman Nathaniel Lowe to second baseman Marcus Semien.","R","R","R","SEA","TEX","X",7,"line_drive",1,1,2023,"0.37","-0.09",0.3587656504553062,2.4087050772139316,,,641487,0,1,"Bot",47.17,102.39,,,,,5.7385966032144164,-121.15367856085616,-0.7198233571157896,2.725389744973779,20.468327795006104,-33.11680798310052,3.21,1.45,212,"102.4",12,"83.9",2346,"6.4",718229,641680,663993,543760,673962,677649,543257,665750,666969,"54.11",0.955,0.944,"0.9",1,1,0,4,5,3,"Slider",0,0,0,0,0,1,1,0,"Standard","Standard",46,"0.045","0.465",,,,1.215,"-0.465","102.4",0,0,0.581,0.581,28,28,29,29,1,0,5,1,6,2,"3.34","-0.37","-0.37","42.8",,,,,
"FC","2023-05-10","89.7","-2.58","5.53","Dunning, Dane",664034,641540,,"foul",,,,,12,,"R","R","R","SEA","TEX","S",,,1,0,2023,"0.14","0.91",0.8341169340175376,2.7044237416308583,,,641487,0,1,"Bot",,,,,,,8.180353426635222,-130.47861913314023,-2.9657438564680776,0.048079208083115055,25.27262566271879,-21.31897930383481,3.20932466354408,1.44926681190782,287,"91.1",45,"90.4",2226,"6.6",718229,641680,663993,543760,673962,677649,543257,665750,666969,"53.92",,,,,,,,5,2,"Cutter",0,0,0,0,0,0,0,0,"Standard","Standard",222,"-0.007","-0.042",,,,,"0.042","91.1",0,0,0.588,0.588,28,28,29,29,1,0,5,1,6,2,"1.91","-0.14","-0.14","41.0",,,,,
"SI","2023-05-10","89.7","-2.69","5.53","Dunning, Dane",664034,641540,,"ball",,,,,11,,"R","R","R","SEA","TEX","B",,,0,0,2023,"-1.02","0.7",-1.221351057610733,3.0990831590084476,,,641487,0,1,"Bot",,,,,,,5.804561135118027,-130.60045375331873,-1.5288340055717273,-12.825131869006544,26.030452347281653,-24.037376727046396,3.20932466354408,1.44926681190782,,,,"90.2",1968,"6.4",718229,641680,663993,543760,673962,677649,543257,665750,666969,"54.06",,,,,,,,5,1,"Sinker",0,0,0,0,0,0,0,0,"Standard","Standard",211,"0.005","0.03",,,,,"-0.03",,0,0,0.583,0.583,28,28,29,29,1,0,5,1,6,2,"2.12","1.02","1.02","38.4",,,,,
"SI","2023-05-05","88.7","-2.36","5.47","Dunning, Dane",592669,641540,"grounded_into_double_play","hit_into_play",,,,,5,"Hunter Renfroe grounds into a double play, second baseman Marcus Semien to shortstop Ezequiel Duran to first baseman Nathaniel Lowe. Anthony Rendon out at 2nd. Hunter Renfroe out at 1st.","R","R","R","LAA","TEX","X",4,"ground_ball",0,2,2023,"-0.93","0.86",-0.19388554017367288,2.6846841839672853,,,543685,0,4,"Bot",124.63,141.05,,,,,7.341686207534282,-128.9389373933797,-2.573532532119617,-11.887159934533807,26.38892814333295,-22.19938560549056,3.41,1.62,14,"107.9",-10,"89.8",1968,"7",718294,641680,663993,543760,673962,677649,669352,665750,666969,"53.49",0.342,0.309,"0",1,0,0,2,36,3,"Sinker",0,3,0,3,3,0,0,3,"Infield shade","Standard",215,"-0.069","-0.271",,,,0.342,"0.271","107.9",-3,-3,0.243,0.243,28,31,29,31,2,1,7,1,5,2,"2.04","0.93","0.93","41.7",,,,,
"CH","2023-05-05","84.2","-2.38","5.33","Dunning, Dane",592669,641540,,"called_strike",,,,,9,,"R","R","R","LAA","TEX","S",,,0,1,2023,"-1.37","0.59",0.5892551378522959,1.6563984547018413,,,543685,0,4,"Bot",,,,,,,9.761280460302002,-122.22869079721623,-3.3034726245099195,-15.725061992297451,24.98180228581616,-25.73732423461341,3.43572809129838,1.62067096019287,,,,"85.2",1883,"7.1",718294,641680,663993,543760,673962,677649,669352,665750,666969,"53.37",,,,,,,,36,2,"Changeup",0,3,0,3,3,0,0,3,"Infield shade","Standard",242,"-0.01","-0.043",,,,,"0.043",,-3,-3,0.253,0.253,28,31,29,31,2,1,7,1,5,2,"2.65","1.37","1.37","38.4",,,,,
"FC","2023-05-05","88.1","-2.47","5.48","Dunning, Dane",592669,641540,,"foul",,,,,2,,"R","R","R","LAA","TEX","S",,,0,0,2023,"0.13","1.04",-0.19406157996435675,3.1411814326753964,,,543685,0,4,"Bot",,,,,,,5.347047903352622,-128.27224507478192,-1.7837475925204158,0.3064645693715335,26.287814526590434,-20.4865591968673,3.41,1.62,168,"63.8",52,"89.3",2161,"7",718294,641680,663993,543760,673962,677649,669352,665750,666969,"53.5",,,,,,,,36,1,"Cutter",0,3,0,3,3,0,0,3,"Standard","Standard",205,"-0.006","-0.036",,,,,"0.036","88.0",-3,-3,0.259,0.259,28,31,29,31,2,1,7,1,5,2,"1.89","-0.13","-0.13","40.0",,,,,
"FC","2023-05-05","88.6","-2.42","5.49","Dunning, Dane",660271,641540,"field_out","hit_into_play",,,,,12,"Shohei Ohtani grounds out, first baseman Nathaniel Lowe to pitcher Dane Dunning.","R","L","R","LAA","TEX","X",3,"ground_ball",0,0,2023,"0.02","0.8",0.969855127423191,3.0404930712254115,,687263,545361,2,3,"Bot",158.61,162.23,,,,,8.306962492017513,-128.8390614266254,-1.5761030609530198,-1.5170893702017714,27.365077276644456,-23.187882075266113,3.42,1.6,21,"82.5",-6,"89.4",1894,"6.9",718294,641680,663993,543760,673962,677649,669352,665750,666969,"53.63",0.14,0.131,"0",1,0,0,2,27,1,"Cutter",0,1,0,1,1,0,0,1,"Standard","Standard",156,"-0.053","-0.296",,,,0.142,"0.296","88.0",-1,-1,0.43,0.43,28,28,29,29,2,1,7,1,5,1,"2.12","-0.02","0.02","41.5",,,,,
"SI","2023-05-05","90.3","-2.43","5.4","Dunning, Dane",545361,641540,"single","hit_into_play",,,,,4,"Mike Trout singles on a line drive to right fielder Adolis Garcia. Zach Neto to 2nd.","R","R","R","LAA","TEX","X",9,"line_drive",3,2,2023,"-1.26","0.66",-0.38927780038395454,2.789992157315548,,,687263,2,3,"Bot",166.21,110.52,,,,,7.886284713026883,-131.32134949819036,-1.9386887715246375,-16.233213107219296,29.26085915844156,-24.328149788913212,3.41,1.6,197,"89.1",14,"91.6",,"7.2",718294,641680,663993,543760,673962,677649,669352,665750,666969,"53.3",0.976,0.926,"0.9",1,1,0,4,26,6,"Sinker",0,1,0,1,1,0,0,1,"Standard","Strategic",,"0.022","0.349",,,,1.123,"-0.349","89.1",-1,-1,0.408,0.408,28,31,29,32,2,1,7,2,5,1,"2.15","1.26","1.26","38.3",,,,,
"CH","2023-05-05","85.4","-2.35","5.33","Dunning, Dane",545361,641540,,"ball",,,,,14,,"R","R","R","LAA","TEX","B",,,2,2,2023,"-1.2","0.49",1.0752639284904562,1.0707513720136448,,,687263,2,3,"Bot",,,,,,,10.633348130405208,-123.88107038331526,-4.765829799788399,-14.445467073133115,24.19191996276099,-26.363206692152968,3.47840819265777,1.64315895578711,,,,"86.7",1573,"7.2",718294,641680,663993,543760,673962,677649,669352,665750,666969,"53.27",,,,,,,,26,5,"Changeup",0,1,0,1,1,0,0,1,"Infield shade","Strategic",230,"0.008","0.065",,,,,"-0.065",,-1,-1,0.4,0.4,28,31,29,32,2,1,7,2,5,1,"2.65","1.2","1.2","40.0",,,,,
"SI","2023-05-05","90","-2.57","5.32","Dunning, Dane",545361,641540,,"foul",,,,,4,,"R","R","R","LAA","TEX","S",,,2,1,2023,"-0.79","0.59",-0.7847163370345931,2.3945187264500327,,,687263,2,3,"Bot",,,,,,,6.179458961254334,-130.8746231565855,-2.5013989679790622,-10.443623077016468,30.389422089122196,-25.078735060982673,3.41,1.6,3,"70.8",-38,"90.7",2101,"7",718294,641680,663993,543760,673962,677649,669352,665750,666969,"53.55",,,,,,,,26,4,"Sinker",0,1,0,1,1,0,0,1,"Standard","Standard",215,"-0.007","-0.063",,,,,"0.063","88.0",-1,-1,0.407,0.407,28,31,29,32,2,1,7,2,5,1,"2.25","0.79","0.79","39.1",,,,,
"CH","2023-05-05","84.3","-2.47","5.47","Dunning, Dane",545361,641540,,"ball",,,,,14,,"R","R","R","LAA","TEX","B",,,1,1,2023,"-1.31","0.52",0.8750202473683095,2.1576503098081274,,,687263,2,3,"Bot",,,,,,,10.49471319413129,-122.27066215676012,-2.245224650869318,-15.323567628746492,27.520752628078675,-26.708341438624487,3.45595763986705,1.66564605037977,,,,"84.7",1656,"7.1",718294,641680,663993,543760,673962,677649,669352,665750,666969,"53.44",,,,,,,,26,3,"Changeup",0,1,0,1,1,0,0,1,"Infield shade","Standard",238,"0.004","0.036",,,,,"-0.036",,-1,-1,0.403,0.403,28,31,29,32,2,1,7,2,5,1,"2.74","1.31","1.31","45.1",,,,,
"SI","2023-05-05","89.1","-2.33","5.52","Dunning, Dane",545361,641540,,"called_strike",,,,,6,,"R","R","R","LAA","TEX","S",,,1,0,2023,"-0.68","0.7",0.5897062087359759,2.2637546317071098,,,687263,2,3,"Bot",,,,,,,8.73105339524908,-129.41804069888838,-3.398924505388579,-9.625835764156731,29.57884576861329,-23.750564838599477,3.50085851256738,1.68813225390909,,,,"89.9",2027,"7.1",718294,641680,663993,543760,673962,677649,669352,665750,666969,"53.38",,,,,,,,26,2,"Sinker",0,1,0,1,1,0,0,1,"Standard","Standard",211,"-0.004","-0.05",,,,,"0.05",,-1,-1,0.407,0.407,28,31,29,32,2,1,7,2,5,1,"2.2","0.68","0.68","42.1",,,,,
"KC","2023-05-05","77.8","-2.39","5.5","Dunning, Dane",545361,641540,,"ball",,,,,14,,"R","R","R","LAA","TEX","B",,,0,0,2023,"1.27","-1.19",1.511605531834527,0.7888460454133552,,,687263,2,3,"Bot",,,,,,,6.09431439990421,-113.10918102607319,-0.8398996212011615,9.367389168980782,25.255986572817253,-42.284880226820896,3.43572809129838,1.68813225390909,,,,"77.9",2358,"6.9",718294,641680,663993,543760,673962,677649,669352,665750,666969,"53.59",,,,,,,,26,1,"Knuckle Curve",0,1,0,1,1,0,0,1,"Standard","Standard",32,"0.003","0.03",,,,,"-0.03",,-1,-1,0.404,0.404,28,31,29,32,2,1,7,2,5,1,"5.03","-1.27","-1.27","41.5",,,,,
"FC","2023-05-05","88.9","-2.29","5.57","Dunning, Dane",543685,641540,"field_out","hit_into_play",,,,,3,"Anthony Rendon flies out to left fielder Bubba Thompson.","R","R","R","LAA","TEX","X",7,"fly_ball",3,2,2023,"0.19","0.99",0.671256833357407,2.796654434555263,,,660271,2,1,"Bot",81.55,92.27,,,,,6.951822183948616,-129.35129925193925,-2.8393377380565212,0.615452948915901,27.532103279018266,-20.65983638330648,3.29,1.56,293,"86.3",45,"90",2174,"7",718294,641680,663993,543760,673962,677649,669352,665750,666969,"53.5",0.011,0.012,"0",1,0,0,3,9,7,"Cutter",0,0,0,0,0,0,0,0,"Standard","Standard",200,"-0.025","-0.305",,,,0.018,"0.305","88.0",0,0,0.525,0.525,28,33,29,33,1,0,7,1,5,2,"1.9","-0.19","-0.19","41.7",,,,,
"SI","2023-05-05","91.3","-2.39","5.61","Dunning, Dane",543685,641540,,"ball",,,,,11,,"R","R","R","LAA","TEX","B",,,2,2,2023,"-1.06","0.79",-0.8124461659101654,4.145675160610384,,,660271,2,1,"Bot",,,,,,,6.300718021347511,-132.87511928805174,0.5370106947568011,-13.890610865923012,29.535537706872333,-23.189545275166694,3.34574590370239,1.64495796618196,,,,"91.9",2094,"6.8",718294,641680,663993,543760,673962,677649,669352,665750,666969,"53.75",,,,,,,,9,6,"Sinker",0,0,0,0,0,0,0,0,"Standard","Standard",214,"0.006","0.065",,,,,"-0.065",,0,0,0.519,0.519,28,33,29,33,1,0,7,1,5,2,"1.95","1.06","1.06","39.2",,,,,
"SI","2023-05-05","92.1","-2.41","5.52","Dunning, Dane",543685,641540,,"foul",,,,,5,,"R","R","R","LAA","TEX","S",,,2,2,2023,"-0.94","0.73",0.2501338856855789,2.6445868140192736,,,660271,2,1,"Bot",,,,,,,8.891686287912597,-133.85786173268522,-3.073958461895156,-13.244896720849722,28.26910015907509,-22.916966878355478,3.29,1.56,129,"76.7",11,"93.1",2004,"6.9",718294,641680,663993,543760,673962,677649,669352,665750,666969,"53.58",,,,,,,,9,5,"Sinker",0,0,0,0,0,0,0,0,"Standard","Standard",215,"0","0",,,,,"0","88.0",0,0,0.519,0.519,28,33,29,33,1,0,7,1,5,2,"1.96","0.94","0.94","38.8",,,,,
"SI","2023-05-05","90.4","-2.49","5.5","Dunning, Dane",543685,641540,,"swinging_strike",,,,,3,,"R","R","R","LAA","TEX","S",,,2,1,2023,"-1","0.72",0.5869239533876778,2.8847734243987,,,660271,2,1,"Bot",,,,,,,9.938805070949693,-131.22570014940553,-2.072953422185064,-13.710828419287326,28.28087982893019,-23.64940956028825,3.29,1.56,,,,"91.4",2002,"7.1",718294,641680,663993,543760,673962,677649,669352,665750,666969,"53.42",,,,,,,,9,4,"Sinker",0,0,0,0,0,0,0,0,"Infield shade","Standard",219,"-0.005","-0.063",,,,,"0.063",,0,0,0.524,0.524,28,33,29,33,1,0,7,1,5,2,"2.09","1","1","37.2",,,,,
"FC","2023-05-05","88.9","-2.47","5.5","Dunning, Dane",543685,641540,,"ball",,,,,12,,"R","R","R","LAA","TEX","B",,,1,1,2023,"0.12","0.98",1.0523863040490364,3.103876992443163,,,660271,2,1,"Bot",,,,,,,8.46693748551804,-129.26180768483727,-1.9416971278675081,-0.23814884596728939,24.40466380828588,-20.935912815111333,3.31753552554861,1.64495796618196,,,,"90.2",2423,"6.9",718294,641680,663993,543760,673962,677649,669352,665750,666969,"53.58",,,,,,,,9,3,"Cutter",0,0,0,0,0,0,0,0,"Standard","Standard",196,"0.003","0.036",,,,,"-0.036",,0,0,0.521,0.521,28,33,29,33,1,0,7,1,5,2,"1.89","-0.12","-0.12","44.2",,,,,
"SI","2023-05-05","89.9","-2.44","5.46","Dunning, Dane",543685,641540,,"called_strike",,,,,6,,"R","R","R","LAA","TEX","S",,,1,0,2023,"-0.9","0.77",0.716093734789683,2.510330772166497,,,660271,2,1,"Bot",,,,,,,9.862338146675867,-130.58532047388422,-3.019441530595083,-12.291990446658671,25.487500873986594,-22.86123915401444,3.31753552554861,1.66744916376049,,,,"91.4",1992,"7.1",718294,641680,663993,543760,673962,677649,669352,665750,666969,"53.37",,,,,,,,9,2,"Sinker",0,0,0,0,0,0,0,0,"Standard","Standard",220,"-0.003","-0.05",,,,,"0.05",,0,0,0.524,0.524,28,33,29,33,1,0,7,1,5,2,"2.04","0.9","0.9","40.1",,,,,
"FC","2023-05-05","88.1","-2.38","5.53","Dunning, Dane",543685,641540,,"ball",,,,,12,,"R","R","R","LAA","TEX","B",,,0,0,2023,"0.13","1.1",1.3076544041775964,2.567072297724457,,,660271,2,1,"Bot",,,,,,,8.84487761734561,-128.17344219102242,-3.4979761078024856,-0.26217812242033545,23.97289234672079,-19.45444504294577,3.41311344601336,1.66744916376049,,,,"89.8",,"7.1",718294,641680,663993,543760,673962,677649,669352,665750,666969,"53.35",,,,,,,,9,1,"Cutter",0,0,0,0,0,0,0,0,"Standard","Standard",,"0.002","0.03",,,,,"-0.03",,0,0,0.522,0.522,28,33,29,33,1,0,7,1,5,2,"1.81","-0.13","-0.13","39.4",,,,,
"CH","2023-05-05","85.4","-2.44","5.47","Dunning, Dane",660271,641540,"force_out","hit_into_play",,,,,8,"Shohei Ohtani grounds into a force out, first baseman Nathaniel Lowe to second baseman Marcus Semien to shortstop Ezequiel Duran. Mike Trout out at 2nd. Shohei Ohtani to 1st.","R","L","R","LAA","TEX","X",3,"ground_ball",1,0,2023,"-1.6","0.48",-0.15059580872041978,2.1003212127022177,,,545361,1,1,"Bot",153.93,159.75,,,,,8.71376342503773,-124.08477156605282,-2.5825121047057933,-18.28411826814944,25.940957778802286,-26.90622764547379,3.42,1.6,116,"89.6",9,"86.1",1769,"6.9",718294,641680,663993,543760,673962,677649,669352,665750,666969,"53.59",0.592,0.552,"0",1,0,0,4,8,2,"Changeup",0,0,0,0,0,0,0,0,"Infield shade","Standard",242,"-0.033","-0.369",,,,0.669,"0.369","89.6",0,0,0.555,0.555,28,28,29,29,1,0,7,1,5,1,"2.67","1.6","-1.6","37.6",,,,,
"FC","2023-05-05","88.3","-2.46","5.58","Dunning, Dane",660271,641540,,"ball",,,,,12,,"R","L","R","LAA","TEX","B",,,0,0,2023,"0.29","0.94",0.365831955633653,3.7963029916112463,,,545361,1,1,"Bot",,,,,,,6.34995891030857,-128.54373504529858,-0.25060587915705534,1.9595846358438063,24.980097910481255,-21.807663704377106,3.44781189233777,1.66744916376049,,,,"89.5",2246,"6.8",718294,641680,663993,543760,673962,677649,669352,665750,666969,"53.65",,,,,,,,8,1,"Cutter",0,0,0,0,0,0,0,0,"Infield shade","Standard",197,"0.004","0.036",,,,,"-0.036",,0,0,0.551,0.551,28,28,29,29,1,0,7,1,5,1,"1.96","-0.29","0.29","40.0",,,,,
"SI","2023-05-05","90.2","-2.46","5.56","Dunning, Dane",545361,641540,"force_out","hit_into_play",,,,,5,"Mike Trout grounds into a force out, shortstop Ezequiel Duran to second baseman Marcus Semien. Zach Neto out at 2nd. Mike Trout to 1st.","R","R","R","LAA","TEX","X",6,"ground_ball",0,0,2023,"-1.03","0.63",-0.25150056937054255,2.4580032286169793,,,687263,0,1,"Bot",105.88,150.06,,,,,7.77383064834227,-131.1036230277306,-3.0682513569360568,-13.612342224510039,30.110956380944803,-24.45339952110474,3.41,1.6,8,"99.9",-16,"90.7",2068,"6.9",718294,641680,663993,543760,673962,677649,669352,665750,666969,"53.63",0.225,0.204,"0",1,0,0,2,7,1,"Sinker",0,0,0,0,0,0,0,0,"Standard","Standard",213,"-0.032","-0.35",,,,0.229,"0.35","99.9",0,0,0.583,0.583,28,31,29,32,1,0,7,2,5,1,"2.2","1.03","1.03","44.2",,,,,
"CH","2023-04-28","87.1","-2.54","5.36","Dunning, Dane",665828,641540,"field_out","hit_into_play",,,,,13,"Oswaldo Cabrera grounds out, shortstop Ezequiel Duran to first baseman Nathaniel Lowe.","R","L","R","TEX","NYY","X",6,"ground_ball",0,1,2023,"-1.58","0.68",-0.8784775078066007,2.3263719908997387,,672724,,2,6,"Top",118.5,147.26,,,,,7.290286854693264,-126.67086814708657,-2.5149929368457475,-18.499109120371422,26.250134901333784,-24.565466982810303,3.23,1.49,16,"85.7",-7,"87.8",1810,"6.8",718388,641680,663993,543760,673962,677649,608671,665750,666969,"53.73",0.163,0.148,"0",1,0,0,2,51,2,"Changeup",5,2,2,5,2,5,2,5,"Standard","Standard",247,"0.024","-0.248",,,,0.185,"0.248","88.0",3,-3,0.887,0.11299999999999999,28,24,29,24,2,2,4,1,7,1,"2.33","1.58","-1.58","39.8",,,,,
"FC","2023-04-28","89.8","-2.51","5.43","Dunning, Dane",665828,641540,,"called_strike",,,,,4,,"R","L","R","TEX","NYY","S",,,0,0,2023,"-0.34","1.1",-0.41555025915714383,2.455198662734688,,672724,,2,6,"Top",,,,,,,5.9800365872298435,-130.66090644918393,-3.79404071469719,-5.045364292320649,25.280349270461,-18.94517769878307,3.31005171981374,1.42806587543704,,,,"91.4",2212,"7.1",718388,641680,663993,543760,673962,677649,608671,665750,666969,"53.43",,,,,,,,51,1,"Cutter",5,2,2,5,2,5,2,5,"Standard","Standard",210,"0.004","-0.046",,,,,"0.046",,3,-3,0.883,0.11699999999999999,28,24,29,24,2,2,4,1,7,1,"1.71","0.34","-0.34","36.8",,,,,
"SI","2023-04-28","90.7","-2.38","5.44","Dunning, Dane",641432,641540,"sac_fly","hit_into_play",,,,,2,"Willie Calhoun out on a sacrifice fly to center fielder Leody Taveras. Anthony Rizzo scores.","R","L","R","TEX","NYY","X",8,"fly_ball",3,2,2023,"-1.06","0.78",0.11518206866134095,3.155210629637484,519203,,,1,6,"Top",158.05,63.42,,,,,8.629065360943319,-131.8281963249493,-1.4980037418648882,-14.12439972055938,26.519110492316013,-22.885555593442188,3.13,1.52,345,"90.1",33,"92.1",2074,"7.1",718388,641680,663993,543760,673962,677649,608671,665750,666969,"53.41",,0.054,"0",1,0,0,3,49,6,"Sinker",5,1,1,5,2,5,2,5,"Standard","Standard",219,"0.01","-0.109",,,,,"0.109","90.1",4,-4,0.892,0.10799999999999998,28,28,29,29,1,2,4,2,7,1,"1.98","1.06","-1.06","36.6",,,,,
"SL","2023-04-28","85.5","-2.29","5.42","Dunning, Dane",641432,641540,,"blocked_ball",,,,,14,,"R","L","R","TEX","NYY","B",,,2,2,2023,"0.28","-0.12",1.2094619295140383,0.3832257279686617,519203,,,1,6,"Top",,,,,,,7.729606887645737,-124.24163621601438,-5.396108871432293,1.4826643067764347,23.438646919248338,-32.60734457140856,3.1299969965214,1.49901192548008,,,,"86.3",2346,"6.7",718388,641680,663993,543760,673962,677649,608671,665750,666969,"53.76",,,,,,,,49,5,"Slider",5,1,1,5,1,5,1,5,"Standard","Standard",45,"-0.009","0.083",,,,,"-0.083",,4,-4,0.901,0.09899999999999998,28,28,29,29,1,2,4,2,7,1,"3.24","-0.28","0.28","38.3",,,,,
"SI","2023-04-28","91.9","-2.41","5.36","Dunning, Dane",641432,641540,,"ball",,,,,9,,"R","L","R","TEX","NYY","B",,,1,2,2023,"-1.38","0.77",0.39261033410280843,1.7067632703718205,519203,,,1,6,"Top",,,,,,,10.214036740916422,-133.3180195865533,-5.094642062308092,-18.713383221163692,29.146806285018474,-22.02312872486669,3.00676768700901,1.40559873738022,,,,"92.8",2137,"7",718388,641680,663993,543760,673962,677649,608671,665750,666969,"53.48",,,,,,,,49,4,"Sinker",5,1,1,5,1,5,1,5,"Standard","Standard",223,"-0.005","0.026",,,,,"-0.026",,4,-4,0.906,0.09399999999999997,28,28,29,29,1,2,4,2,7,1,"1.95","1.38","-1.38","36.6",,,,,
"SI","2023-04-28","90.9","-2.26","5.38","Dunning, Dane",641432,641540,,"ball",,,,,12,,"R","L","R","TEX","NYY","B",,,0,2,2023,"-1.04","0.79",0.9873856070400291,2.487570545045938,519203,,,1,6,"Top",,,,,,,10.512946397094536,-132.02726572539598,-3.0608153370082154,-14.36908646032275,27.66183968478267,-22.438905892678147,3.00377434467821,1.40239608909233,,,,"92.2",2131,"7.1",718388,641680,663993,543760,673962,677649,608671,665750,666969,"53.35",,,,,,,,49,3,"Sinker",5,1,1,5,1,5,1,5,"Standard","Standard",217,"-0.004","-0.01",,,,,"0.01",,4,-4,0.91,0.08999999999999997,28,28,29,29,1,2,4,2,7,1,"1.97","1.04","-1.04","41.0",,,,,
"SI","2023-04-28","91.6","-2.48","5.39","Dunning, Dane",641432,641540,,"called_strike",,,,,5,,"R","L","R","TEX","NYY","S",,,0,1,2023,"-1.11","0.89",0.15922125948650634,2.1570334286443886,519203,,,1,6,"Top",,,,,,,9.130346334090252,-133.08356737424515,-4.214008013614006,-15.20989468357142,28.7557895813621,-20.85947222773217,3.12999670638892,1.4777563075283,,,,"92.1",2073,"6.7",718388,641680,663993,543760,673962,677649,608671,665750,666969,"53.82",,,,,,,,49,2,"Sinker",5,1,1,5,1,5,1,5,"Standard","Standard",222,"0.009","-0.085",,,,,"0.085",,4,-4,0.901,0.09899999999999998,28,28,29,29,1,2,4,2,7,1,"1.84","1.11","-1.11","36.0",,,,,
"FC","2023-04-28","88.8","-2.53","5.44","Dunning, Dane",641432,641540,,"called_strike",,,,,8,,"R","L","R","TEX","NYY","S",,,0,0,2023,"0.01","1",-0.1182482012582575,1.6305764093967114,519203,,,1,6,"Top",,,,,,,5.93953067644796,-129.15770240669966,-5.456420688969847,-1.0110916589603118,24.91486583205267,-20.075629222043446,3.12701931431223,1.44829452034725,,,,"89.9",2223,"6.8",718388,641680,663993,543760,673962,677649,608671,665750,666969,"53.68",,,,,,,,49,1,"Cutter",5,1,1,5,1,5,1,5,"Standard","Standard",208,"0.005","-0.055",,,,,"0.055",,4,-4,0.896,0.10399999999999998,28,28,29,29,1,2,4,2,7,1,"1.88","-0.01","0.01","37.7",,,,,
"FC","2023-04-28","89.5","-2.52","5.44","Dunning, Dane",650402,641540,"field_out","hit_into_play",,,,,4,"Gleyber Torres grounds out, shortstop Ezequiel Duran to first baseman Nathaniel Lowe. Anthony Rizzo to 3rd.","R","R","R","TEX","NYY","X",6,"ground_ball",3,2,2023,"0.13","0.91",-0.8231241899129402,2.536880971977475,,519203,,0,6,"Top",116.09,165.26,,,,,3.9707440700361643,-130.4553130245798,-3.162552554132049,0.6830594841384848,25.034524034871488,-21.339748699144593,3.11,1.42,9,"76.5",-15,"90.8",2187,"6.8",718388,641680,663993,543760,673962,677649,608671,665750,666969,"53.69",0.061,0.055,"0",1,0,0,2,48,7,"Cutter",5,1,1,5,1,5,1,5,"Standard","Standard",201,"0.027","-0.243",,,,0.061,"0.243","88.0",4,-4,0.869,0.131,28,26,29,27,1,2,4,1,7,1,"1.91","-0.13","-0.13","35.0",,,,,
"CH","2023-04-28","86.2","-2.46","5.4","Dunning, Dane",650402,641540,,"foul",,,,,11,,"R","R","R","TEX","NYY","S",,,3,2,2023,"-1.54","0.7",-0.9346467707213049,2.3565336014054887,,519203,,0,6,"Top",,,,,,,6.863784315451743,-125.39052888795167,-2.429786015803586,-17.682355664485314,25.886036937372808,-24.52558545197688,3.11,1.42,55,"101",1,"87.2",1869,"7",718388,641680,663993,543760,673962,677649,608671,665750,666969,"53.49",,,,,,,,48,6,"Changeup",5,1,1,5,1,5,1,5,"Standard","Standard",246,"0","0",,,,,"0","101.0",4,-4,0.869,0.131,28,26,29,27,1,2,4,1,7,1,"2.38","1.54","1.54","34.4",,,,,
"SL","2023-04-28","84.8","-2.47","5.39","Dunning, Dane",650402,641540,,"blocked_ball",,,,,14,,"R","R","R","TEX","NYY","B",,,2,2,2023,"0.23","0.01",0.9904844731114162,0.5751034732718412,,519203,,0,6,"Top",,,,,,,7.723067989694587,-123.23814888462763,-5.004445700841677,0.8841171101717175,23.889468073269484,-31.259709952241185,2.92087578070991,1.2483518033703,,,,"85.9",2443,"7",718388,641680,663993,543760,673962,677649,608671,665750,666969,"53.52",,,,,,,,48,5,"Slider",5,1,1,5,1,5,1,5,"Standard","Standard",102,"-0.011","0.085",,,,,"-0.085",,4,-4,0.88,0.12,28,26,29,27,1,2,4,1,7,1,"3.16","-0.23","-0.23","36.1",,,,,
"SI","2023-04-28","91.8","-2.44","5.38","Dunning, Dane",650402,641540,,"ball",,,,,12,,"R","R","R","TEX","NYY","B",,,1,2,2023,"-1.04","0.72",1.2457346658394899,2.1784258528797955,,519203,,0,6,"Top",,,,,,,11.698457385704131,-133.18555875570337,-3.8214376048130587,-14.905140913193796,28.067029467726925,-22.920906548824185,2.95941398118878,1.33030282660414,,,,"92.8",2186,"7",718388,641680,663993,543760,673962,677649,608671,665750,666969,"53.51",,,,,,,,48,4,"Sinker",5,1,1,5,1,5,1,5,"Standard","Standard",211,"-0.005","0.034",,,,,"-0.034",,4,-4,0.885,0.11499999999999999,28,26,29,27,1,2,4,1,7,1,"2","1.04","1.04","37.9",,,,,
"CH","2023-04-28","85.8","-2.49","5.37","Dunning, Dane",650402,641540,,"swinging_strike",,,,,7,,"R","R","R","TEX","NYY","S",,,1,1,2023,"-1.4","0.63",-0.363702909811481,1.6146668902472605,,519203,,0,6,"Top",,,,,,,7.934413700012626,-124.66065254944314,-3.9240960829512717,-16.14890494854183,25.17615109238061,-24.947022219499924,3.11,1.42,,,,"86.5",1988,"6.8",718388,641680,663993,543760,673962,677649,608671,665750,666969,"53.68",,,,,,,,48,3,"Changeup",5,1,1,5,1,5,1,5,"Standard","Standard",248,"0.008","-0.066",,,,,"0.066",,4,-4,0.877,0.123,28,26,29,27,1,2,4,1,7,1,"2.47","1.4","1.4","33.4",,,,,
"SI","2023-04-28","90.2","-2.58","5.38","Dunning, Dane",650402,641540,,"foul",,,,,4,,"R","R","R","TEX","NYY","S",,,1,0,2023,"-0.89","0.79",-0.5118825104841339,2.2737266505116693,,519203,,0,6,"Top",,,,,,,7.112086057024886,-131.18778912157234,-3.4688336355009017,-11.798180008529428,27.57046321151507,-22.526455069871613,3.11,1.42,3,"71.6",-43,"91.1",2081,"6.8",718388,641680,663993,543760,673962,677649,608671,665750,666969,"53.67",,,,,,,,48,2,"Sinker",5,1,1,5,1,5,1,5,"Standard","Standard",224,"0.006","-0.061",,,,,"0.061","88.0",4,-4,0.871,0.129,28,26,29,27,1,2,4,1,7,1,"2.01","0.89","0.89","34.9",,,,,
"KC","2023-04-28","79","-2.38","5.43","Dunning, Dane",650402,641540,,"ball",,,,,14,,"R","R","R","TEX","NYY","B",,,0,0,2023,"0.86","-1.22",4.245875960749585,-0.4873155752483811,,,519203,0,6,"Top",,,,,,,12.910038791384872,-114.24184195307777,-3.621822769880664,4.604380496060525,24.70054672686994,-42.170894281990904,3.110003503899,1.34426202060607,,,,"78.9",2377,"6.9",718388,641680,663993,543760,673962,677649,608671,665750,666969,"53.56",,,,,,,,48,1,"Knuckle Curve",5,1,1,5,1,5,1,5,"Standard","Standard",31,"-0.016","0.03",,,,,"-0.03",,4,-4,0.887,0.11299999999999999,28,26,29,27,1,2,4,1,7,1,"4.98","-0.86","-0.86","36.9",,,,,
"SI","2023-04-28","90.3","-2.53","5.32","Dunning, Dane",518934,641540,"field_out","hit_into_play",,,,,4,"DJ LeMahieu grounds out, third baseman Josh Jung to first baseman Nathaniel Lowe.","R","R","R","TEX","NYY","X",5,"ground_ball",0,1,2023,"-1.01","0.64",-0.29083020407024784,2.542786704190108,,,543309,2,5,"Top",110.04,176.16,,,,,7.833486519506235,-131.37518191170082,-2.3825967647066304,-13.285055184897132,26.79131507986809,-24.393888398727025,3.38,1.6,1,"81.2",-65,"91.7",2006,"7",718388,641680,663993,543760,673962,677649,608671,665750,666969,"53.47",0.296,0.272,"0",1,0,0,2,42,2,"Sinker",5,1,1,5,1,5,1,5,"Standard","Standard",218,"0.013","-0.241",,,,0.296,"0.241","88.0",4,-4,0.918,0.08199999999999996,28,34,29,35,1,2,4,1,7,1,"2.14","1.01","1.01","38.7",,,,,
"SI","2023-04-28","89.7","-2.46","5.44","Dunning, Dane",518934,641540,,"foul",,,,,1,,"R","R","R","TEX","NYY","S",,,0,0,2023,"-0.64","0.69",-0.5882382935305871,3.1457506959512775,,,543309,2,5,"Top",,,,,,,6.047661023352344,-130.5189072451143,-1.1644336703693519,-8.610216428311784,26.87816435528828,-24.187473978310862,3.38,1.6,199,"81.7",58,"90.8",1984,"6.9",718388,641680,663993,543760,673962,677649,608671,665750,666969,"53.61",,,,,,,,42,1,"Sinker",5,1,1,5,1,5,1,5,"Standard","Standard",219,"0.002","-0.045",,,,,"0.045","88.0",4,-4,0.916,0.08399999999999996,28,34,29,35,1,2,4,1,7,1,"2.13","0.64","0.64","36.0",,,,,
"SI","2023-04-28","91.1","-2.41","5.47","Dunning, Dane",543309,641540,"single","hit_into_play",,,,,2,"Kyle Higashioka singles on a ground ball to left fielder Travis Jankowski. Oswaldo Cabrera scores.","R","R","R","TEX","NYY","X",7,"ground_ball",2,0,2023,"-0.64","0.67",0.12896155825322386,2.8609010368747976,665828,,,2,5,"Top",87.62,107.11,,,,,7.837270823299757,-132.54952861259179,-2.146738885583997,-9.13744951482945,26.910571572467553,-23.97557947768954,3.4,1.57,72,"107.5",2,"92.3",2019,"6.9",718388,641680,663993,543760,673962,677649,608671,665750,666969,"53.61",0.545,0.494,"0.9",1,1,0,4,41,3,"Sinker",5,0,0,5,1,5,1,5,"Standard","Standard",214,"-0.027","0.659",,,,0.596,"-0.659","107.5",5,-5,0.943,0.05700000000000005,28,33,29,33,1,1,4,2,7,2,"2.06","0.64","0.64","37.2",,,,,
"SL","2023-04-28","83.2","-2.4","5.42","Dunning, Dane",543309,641540,,"ball",,,,,14,,"R","R","R","TEX","NYY","B",,,1,0,2023,"0.35","-0.27",1.0454758032165055,1.8792947664060162,665828,,,2,5,"Top",,,,,,,7.290296656933389,-121.01473917172059,-1.1539424653371049,2.053363644561391,22.739860135017953,-34.839595781561684,3.39999599592392,1.43316885934317,,,,"84.1",2300,"6.8",718388,641680,663993,543760,673962,677649,608671,665750,666969,"53.71",,,,,,,,41,2,"Slider",5,0,0,5,0,5,0,5,"Standard","Standard",75,"-0.002","0.041",,,,,"-0.041",,5,-5,0.945,0.05500000000000005,28,33,29,33,1,1,4,2,7,2,"3.56","-0.35","-0.35","39.5",,,,,
"FC","2023-04-28","90.6","-2.26","5.44","Dunning, Dane",543309,641540,,"ball",,,,,14,,"R","R","R","TEX","NYY","B",,,0,0,2023,"-0.09","1",2.0864121401572415,0.973717502153294,665828,,,2,5,"Top",,,,,,,11.144733555994367,-131.3871939238122,-7.450554602722384,-3.2117041442174368,24.8352892877238,-19.123259818604296,3.39788961127127,1.5561636839112,,,,"91.7",2245,"6.9",718388,641680,663993,543760,673962,677649,608671,665750,666969,"53.61",,,,,,,,41,1,"Cutter",5,0,0,5,0,5,0,5,"Standard","Standard",217,"-0.001","0.028",,,,,"-0.028",,5,-5,0.946,0.05400000000000005,28,33,29,33,1,1,4,2,7,2,"1.77","0.09","0.09","36.5",,,,,
"SI","2023-04-28","92.1","-2.58","5.29","Dunning, Dane",543305,641540,"field_out","hit_into_play",,,,,5,"Aaron Hicks grounds out, second baseman Marcus Semien to first baseman Nathaniel Lowe. Oswaldo Cabrera to 3rd.","R","L","R","TEX","NYY","X",4,"ground_ball",2,2,2023,"-1.34","0.64",-0.2109301415013649,2.429802766693827,,665828,,1,5,"Top",154.86,159.8,,,,,9.027516481038568,-133.7400398402908,-2.787077488271092,-18.10544365620228,30.401540176356388,-24.150406631767183,3.59,1.72,6,"89.1",-23,"92.8",2118,"7",718388,641680,663993,543760,673962,677649,608671,665750,666969,"53.53",0.075,0.08,"0",1,0,0,2,40,5,"Sinker",5,0,0,5,0,5,0,5,"Standard","Standard",226,"0.014","-0.224",,,,0.077,"0.224","89.1",5,-5,0.932,0.06799999999999995,28,33,29,34,1,1,4,1,7,1,"2.08","1.34","-1.34","32.9",,,,,
"CH","2023-04-28","85.1","-2.42","5.46","Dunning, Dane",543305,641540,,"blocked_ball",,,,,14,,"R","L","R","TEX","NYY","B",,,1,2,2023,"-1.4","0.17",0.9612614973521405,0.618396431155757,,665828,,1,5,"Top",,,,,,,11.00100260089788,-123.4890197018159,-5.489346866482343,-16.493946273853542,23.2903346609302,-29.51710906600616,3.59000315861622,1.60992562185595,,,,"87.1",1723,"7.6",718388,641680,663993,543760,673962,677649,608671,665750,666969,"52.9",,,,,,,,40,4,"Changeup",5,0,0,5,0,5,0,5,"Infield shade","Standard",242,"-0.002","0.04",,,,,"-0.04",,5,-5,0.934,0.06599999999999995,28,33,29,34,1,1,4,1,7,1,"2.98","1.4","-1.4","37.3",,,,,
"FC","2023-04-28","89.6","-2.45","5.46","Dunning, Dane",543305,641540,,"foul",,,,,1,,"R","L","R","TEX","NYY","S",,,1,1,2023,"0.06","0.91",-0.38465672323425965,3.24100565411128,,665828,,1,5,"Top",,,,,,,5.0131389053162145,-130.55800913740902,-1.4803342847724803,-0.2803757125593443,25.449883377501827,-21.62556606794295,3.59,1.72,189,"88.4",12,"90.6",2221,"6.7",718388,641680,663993,543760,673962,677649,608671,665750,666969,"53.83",,,,,,,,40,3,"Cutter",5,0,0,5,0,5,0,5,"Standard","Standard",210,"0.004","-0.078",,,,,"0.078","88.4",5,-5,0.93,0.06999999999999995,28,33,29,34,1,1,4,1,7,1,"1.91","-0.06","0.06","37.2",,,,,
"CH","2023-04-28","87.4","-2.52","5.36","Dunning, Dane",543305,641540,,"ball",,,,,13,,"R","L","R","TEX","NYY","B",,,0,1,2023,"-1.45","0.52",-0.2925975836451882,0.8843910276126419,,665828,,1,5,"Top",,,,,,,8.414939078666844,-126.92482351172379,-5.743340060466439,-17.394323078332537,25.609808803882938,-25.523134705760864,3.65521736311425,1.65465665891425,,,,"88",1826,"6.8",718388,641680,663993,543760,673962,677649,608671,665750,666969,"53.74",,,,,,,,40,2,"Changeup",5,0,0,5,0,5,0,5,"Strategic","Standard",246,"-0.002","0.024",,,,,"-0.024",,5,-5,0.932,0.06799999999999995,28,33,29,34,1,1,4,1,7,1,"2.47","1.45","-1.45","35.3",,,,,
"FC","2023-04-28","89.2","-2.68","5.41","Dunning, Dane",543305,641540,,"called_strike",,,,,13,,"R","L","R","TEX","NYY","S",,,0,0,2023,"0.35","0.58",-0.9227788897330755,2.4616799096416218,,665828,,1,5,"Top",,,,,,,3.6131556169611847,-129.88896640994744,-2.474404792567163,3.2834920375746064,26.639285221404737,-25.31687821969998,3.65176582304991,1.78304875669082,,,,"90.2",2261,"6.8",718388,641680,663993,543760,673962,677649,608671,665750,666969,"53.68",,,,,,,,40,1,"Cutter",5,0,0,5,0,5,0,5,"Strategic","Standard",195,"0.003","-0.038",,,,,"0.038",,5,-5,0.929,0.07099999999999995,28,33,29,34,1,1,4,1,7,1,"2.28","-0.35","0.35","33.8",,,,,
"FC","2023-04-28","90.5","-2.63","5.45","Dunning, Dane",614173,641540,"strikeout","called_strike",,,,,4,"Franchy Cordero called out on strikes.","R","L","R","TEX","NYY","S",2,,0,2,2023,"0.17","0.81",-0.49574187173082684,2.52597756339913,,665828,,0,5,"Top",,,,,,,4.973456763942277,-131.79422167977066,-3.134655872374912,1.040896247882099,26.591451020668288,-22.288626740375616,3.58000288094449,1.70915739366877,,,,"91.3",2189,"6.6",718388,641680,663993,543760,673962,677649,608671,665750,666969,"53.9",,0,"0",1,0,0,,39,3,"Cutter",5,0,0,5,0,5,0,5,"Infield shade","Standard",200,"0.014","-0.213",,,,,"0.213",,5,-5,0.915,0.08499999999999996,28,28,29,29,1,1,4,3,7,33,"1.96","-0.17","0.17","35.0",,,,,
"CH","2023-04-28","86.4","-2.64","5.49","Dunning, Dane",614173,641540,,"swinging_strike",,,,,11,,"R","L","R","TEX","NYY","S",,,0,1,2023,"-1.39","0.53",-1.572147913351114,2.696519691330939,,665828,,0,5,"Top",,,,,,,5.438067749829034,-125.72687738721066,-1.507857890646757,-15.88548631270254,25.713024177741744,-26.481069391045736,3.58,1.76,,,,"87.2",1977,"6.8",718388,641680,663993,543760,673962,677649,608671,665750,666969,"53.68",,,,,,,,39,2,"Changeup",5,0,0,5,0,5,0,5,"Standard","Standard",249,"0.006","-0.062",,,,,"0.062",,5,-5,0.909,0.09099999999999997,28,28,29,29,1,1,4,3,7,33,"2.53","1.39","-1.39","40.7",,,,,
"FF","2023-04-28","91.7","-2.47","5.45","Dunning, Dane",614173,641540,,"foul",,,,,9,,"R","L","R","TEX","NYY","S",,,0,0,2023,"-0.74","0.83",0.5455963657967645,2.1092312345557644,,665828,,0,5,"Top",,,,,,,9.293175850928488,-133.2893716068871,-4.454088264604433,-10.709967243549912,26.499621008837003,-21.452440356933373,3.58,1.76,,,,"92.6",2085,"6.7",718388,641680,663993,543760,673962,677649,608671,665750,666969,"53.79",,,,,,,,39,1,"4-Seam Fastball",5,0,0,5,0,5,0,5,"Standard","Standard",223,"0.004","-0.046",,,,,"0.046",,5,-5,0.905,0.09499999999999997,28,28,29,29,1,1,4,3,7,33,"1.87","0.74","-0.74","35.8",,,,,
"SI","2023-04-28","90.9","-2.53","5.43","Dunning, Dane",672724,641540,"force_out","hit_into_play",,,,,5,"Oswald Peraza grounds into a force out, third baseman Josh Jung to second baseman Marcus Semien. Willie Calhoun out at 2nd.","R","R","R","TEX","NYY","X",5,"ground_ball",2,2,2023,"-0.65","0.62",-0.17723792272618444,2.4368759760582916,,519203,641432,2,4,"Top",111.85,172.52,,,,,7.366502497472933,-132.19543971310327,-2.99077584666238,-9.120436459733797,26.45813745927631,-24.404570596595352,3.29,1.48,6,"95.2",-23,"92",2108,"6.9",718388,641680,663993,543760,673962,677649,608671,665750,666969,"53.65",0.147,0.136,"0",1,0,0,2,32,7,"Sinker",5,0,0,5,0,5,0,5,"Infield shade","Standard",204,"0.02","-0.246",,,,0.151,"0.246","95.2",5,-5,0.926,0.07399999999999995,28,23,29,23,1,1,4,1,7,2,"2.12","0.65","0.65","33.5",,,,,
"SL","2023-04-28","82.6","-2.53","5.57","Dunning, Dane",672724,641540,,"foul",,,,,7,,"R","R","R","TEX","NYY","S",,,2,2,2023,"0.23","-0.33",-0.755291186184964,1.7161680124086587,,519203,641432,2,4,"Top",,,,,,,3.6212096090840387,-120.27964814187057,-1.6630375491518896,1.5306407114285752,22.735549187623622,-35.297296314322715,3.29,1.48,109,"111.4",4,"83.1",2330,"6.5",718388,641680,663993,543760,673962,677649,608671,665750,666969,"53.99",,,,,,,,32,6,"Slider",5,0,0,5,0,5,0,5,"Infield shade","Standard",47,"0","0",,,,,"0","111.4",5,-5,0.926,0.07399999999999995,28,23,29,23,1,1,4,1,7,2,"3.66","-0.23","-0.23","37.4",,,,,
"SI","2023-04-28","90.6","-2.69","5.39","Dunning, Dane",672724,641540,,"foul",,,,,1,,"R","R","R","TEX","NYY","S",,,2,2,2023,"-0.81","0.62",-0.3774991654413896,3.2152292164192176,,519203,641432,2,4,"Top",,,,,,,7.590664816919702,-131.69148584197154,-0.8090418327384845,-11.073759633726917,28.385507385081787,-25.021188816879302,3.29,1.48,84,"69.9",17,"91.4",2037,"6.9",718388,641680,663993,543760,673962,677649,608671,665750,666969,"53.63",,,,,,,,32,5,"Sinker",5,0,0,5,0,5,0,5,"Standard","Standard",218,"0","0",,,,,"0","88.0",5,-5,0.926,0.07399999999999995,28,23,29,23,1,1,4,1,7,2,"2.17","0.81","0.81","33.8",,,,,
"FC","2023-04-28","88.7","-2.59","5.49","Dunning, Dane",672724,641540,,"called_strike",,,,,8,,"R","R","R","TEX","NYY","S",,,2,1,2023,"0.07","0.75",-0.21957018240244117,1.7767227527233203,,519203,641432,2,4,"Top",,,,,,,5.692902271378998,-129.0746264439429,-4.656704760041832,-0.27780957474211926,24.541095744089358,-23.068085802196876,3.40793404604965,1.41959695449054,,,,"89.7",2173,"6.7",718388,641680,663993,543760,673962,677649,608671,665750,666969,"53.79",,,,,,,,32,4,"Cutter",5,0,0,5,0,5,0,5,"Standard","Standard",194,"0.005","-0.06",,,,,"0.06",,5,-5,0.921,0.07899999999999996,28,23,29,23,1,1,4,1,7,2,"2.13","-0.07","-0.07","35.0",,,,,
"FF","2023-04-28","90.2","-2.66","5.47","Dunning, Dane",672724,641540,,"foul",,,,,3,,"R","R","R","TEX","NYY","S",,,2,0,2023,"-0.5","0.61",0.3639730446758561,3.0786119524493283,,519203,641432,2,4,"Top",,,,,,,8.620368004115305,-131.113346558623,-1.283681456916619,-7.516207091689481,26.967540964443607,-25.07124766113772,3.29,1.48,219,"69.8",33,"90.8",2158,"6.6",718388,641680,663993,543760,673962,677649,608671,665750,666969,"53.88",,,,,,,,32,3,"4-Seam Fastball",5,0,0,5,0,5,0,5,"Standard","Standard",212,"0.004","-0.041",,,,,"0.041","88.0",5,-5,0.917,0.08299999999999996,28,23,29,23,1,1,4,1,7,2,"2.19","0.5","0.5","34.6",,,,,
"FC","2023-04-28","89.1","-2.6","5.53","Dunning, Dane",672724,641540,,"ball",,,,,11,,"R","R","R","TEX","NYY","B",,,1,0,2023,"0.15","0.98",-1.5230042407040854,3.9573817876260344,,519203,641432,2,4,"Top",,,,,,,2.353123287366338,-129.84160616899052,0.05581385790162641,1.2530449244593689,24.798585529602754,-21.210229844537427,3.42011171592278,1.53993610729915,,,,"89.9",2363,"6.5",718388,641680,663993,543760,673962,677649,608671,665750,666969,"53.97",,,,,,,,32,2,"Cutter",5,0,0,5,0,5,0,5,"Infield shade","Standard",199,"-0.004","0.021",,,,,"-0.021",,5,-5,0.921,0.07899999999999996,28,23,29,23,1,1,4,1,7,2,"1.86","-0.15","-0.15","39.9",,,,,
"SL","2023-04-28","84.1","-2.65","5.53","Dunning, Dane",672724,641540,,"ball",,,,,13,,"R","R","R","TEX","NYY","B",,,0,0,2023,"0.2","-0.18",-0.29776812391158647,1.1615725245697508,,519203,641432,2,4,"Top",,,,,,,5.0903717565918,-122.44673657499108,-3.4479794553048517,1.0853502331466378,23.321147906874337,-33.48601040108356,3.29000126954691,1.42122442803218,,,,"84.7",2463,"6.6",718388,641680,663993,543760,673962,677649,608671,665750,666969,"53.92",,,,,,,,32,1,"Slider",5,0,0,5,0,5,0,5,"Infield shade","Standard",47,"-0.002","0.03",,,,,"-0.03",,5,-5,0.923,0.07699999999999996,28,23,29,23,1,1,4,1,7,2,"3.39","-0.2","-0.2","32.0",,,,,
"SI","2023-04-24","89.4","-2.61","5.45","Dunning, Dane",571976,641540,"walk","ball",,,,,3,"Wil Myers walks. Spencer Steer to 3rd. Stuart Fairchild to 2nd.","R","R","R","CIN","TEX","B",,,3,1,2023,"-1.01","0.71",0.8205545513843504,3.1454931871090226,,668715,656413,2,8,"Bot",,,,,,,10.707736623441871,-129.85427299515476,-1.1396196753230794,-13.70721629087505,26.94595565632231,-24.14073478367732,3.32080002877271,1.48335497386043,,,,"90.4",2045,"7",718445,506702,663993,543760,673962,677649,669352,665750,543257,"53.51",,0.695903,"0.7",1,0,0,,67,5,"Sinker",4,6,4,6,6,4,4,6,"Standard","Standard",223,"0.042","0.14",,,,,"-0.14",,-2,-2,0.192,0.192,28,32,29,33,1,3,7,1,4,12,"2.15","1.01","1.01","32.3",,,,,
"FC","2023-04-24","88.6","-2.56","5.53","Dunning, Dane",571976,641540,,"called_strike",,,,,3,,"R","R","R","CIN","TEX","S",,,3,0,2023,"-0.16","1.4",0.7797841866591284,2.893074931497913,,668715,656413,2,8,"Bot",,,,,,,8.607524566601427,-128.83414730205445,-3.3499282976279128,-3.5736447289892146,25.99190655746166,-16.0791539772476,3.29969085070244,1.49094608850634,,,,"89.9",2240,"7",718445,506702,663993,543760,673962,677649,669352,665750,543257,"53.46",,,,,,,,67,4,"Cutter",4,6,4,6,6,4,4,6,"Standard","Standard",210,"-0.014","-0.056",,,,,"0.056",,-2,-2,0.206,0.206,28,32,29,33,1,3,7,1,4,12,"1.5","0.16","0.16","39.7",,,,,
"FC","2023-04-24","88.5","-2.51","5.5","Dunning, Dane",571976,641540,,"ball",,,,,14,,"R","R","R","CIN","TEX","B",,,2,0,2023,"-0.21","1.44",0.9319726337400233,2.238744447228248,,668715,656413,2,8,"Bot",,,,,,,8.9707136327867,-128.65499670311848,-4.983573746789808,-4.089688800010222,25.264569989568145,-15.302918702654688,3.30331637467655,1.49506104423423,,,,"90",2229,"7.1",718445,506702,663993,543760,673962,677649,669352,665750,543257,"53.39",,,,,,,,67,3,"Cutter",4,6,4,6,6,4,4,6,"Standard","Standard",206,"0.021","0.067",,,,,"-0.067",,-2,-2,0.185,0.185,28,32,29,33,1,3,7,1,4,12,"1.46","0.21","0.21","37.8",,,,,
"SI","2023-04-24","90.5","-2.51","5.5","Dunning, Dane",571976,641540,,"ball",,,,,14,,"R","R","R","CIN","TEX","B",,,1,0,2023,"-0.97","0.76",1.8771579912920981,1.6761304604387068,,668715,656413,2,8,"Bot",,,,,,,13.128189110794883,-131.11081863714676,-5.258507648015897,-13.89763223347257,26.306620907917758,-22.36032125549056,3.34537947566357,1.47953756036926,,,,"91.5",2133,"7",718445,506702,663993,543760,673962,677649,669352,665750,543257,"53.5",,,,,,,,67,2,"Sinker",4,6,4,6,6,4,4,6,"Standard","Standard",216,"0.014","0.021",,,,,"-0.021",,-2,-2,0.171,0.171,28,32,29,33,1,3,7,1,4,12,"2.03","0.97","0.97","40.0",,,,,
"SL","2023-04-24","82.4","-2.44","5.6","Dunning, Dane",571976,641540,,"ball",,,,,14,,"R","R","R","CIN","TEX","B",,,0,0,2023,"0.4","0.13",1.2683914135390715,1.9933920198050332,,668715,656413,2,8,"Bot",,,,,,,7.753110956844867,-119.85661336694756,-1.9545695371873295,2.455765963152304,22.29037923950556,-30.747715976097723,3.33947982745163,1.47375199393619,,,,"83.7",2524,"7.1",718445,506702,663993,543760,673962,677649,669352,665750,543257,"53.4",,,,,,,,67,1,"Slider",4,6,4,6,6,4,4,6,"Standard","Standard",68,"0.007","0.03",,,,,"-0.03",,-2,-2,0.164,0.164,28,32,29,33,1,3,7,1,4,12,"3.22","-0.4","-0.4","38.6",,,,,
"FC","2023-04-24","89.8","-2.47","5.55","Dunning, Dane",641584,641540,"field_out","hit_into_play",,,,,6,"Jake Fraley pops out to shortstop Ezequiel Duran on the infield fly rule.","R","L","R","CIN","TEX","X",6,"popup",1,1,2023,"-0.18","1.31",0.8111931085107819,2.463759636928356,,668715,663886,1,8,"Bot",128.64,142.03,,,,,8.564211897692333,-130.49127347666413,-4.458263771538186,-3.7472539535901936,26.18507468748897,-16.434204737225514,3.29,1.59,148,"54.5",45,"90.6",2248,"6.7",718445,506702,663993,543760,673962,677649,669352,665750,543257,"53.77",0.097,0.088,"0",1,0,0,1,66,3,"Cutter",4,6,4,6,6,4,4,6,"Standard","Standard",203,"-0.094","-0.229",,,,0.097,"0.229","88.0",-2,-2,0.258,0.258,28,28,29,28,1,3,7,1,4,1,"1.51","0.18","-0.18","37.5",,,,,
"CH","2023-04-24","86.1","-2.47","5.52","Dunning, Dane",641584,641540,,"called_strike",,,,,8,,"R","L","R","CIN","TEX","S",,,1,0,2023,"-1.74","0.43",0.04415975488718482,1.9529704479252046,,668715,663886,1,8,"Bot",,,,,,,9.590799765162048,-124.93233805517349,-3.059355884296569,-20.163089537432857,25.749281258514007,-27.254343253945436,3.31280395903126,1.58694353191559,,,,"86.7",1871,"6.9",718445,506702,663993,543760,673962,677649,669352,665750,543257,"53.62",,,,,,,,66,2,"Changeup",4,6,4,6,6,4,4,6,"Standard","Standard",246,"-0.017","-0.051",,,,,"0.051",,-2,-2,0.275,0.275,28,28,29,28,1,3,7,1,4,1,"2.67","1.74","-1.74","34.8",,,,,
"FC","2023-04-24","88.8","-2.35","5.56","Dunning, Dane",641584,641540,,"ball",,,,,12,,"R","L","R","CIN","TEX","B",,,0,0,2023,"-0.16","1.3",1.0384481900993427,3.024990348352744,,668715,663886,1,8,"Bot",,,,,,,8.74196078506034,-129.15964290877918,-2.942086428648264,-3.568255820146093,25.337930850605517,-17.133528262530042,3.30992342734517,1.55611578276167,,,,"89.9",2275,"6.9",718445,506702,663993,543760,673962,677649,669352,665750,543257,"53.63",,,,,,,,66,1,"Cutter",4,6,4,6,6,4,4,6,"Standard","Standard",204,"0.012","0.042",,,,,"-0.042",,-2,-2,0.263,0.263,28,28,29,28,1,3,7,1,4,1,"1.58","0.16","-0.16","43.4",,,,,
"SI","2023-04-24","89.3","-2.62","5.45","Dunning, Dane",663886,641540,"walk","ball",,,,,11,"Tyler Stephenson walks. Spencer Steer to 2nd.","R","R","R","CIN","TEX","B",,,3,2,2023,"-1.1","0.96",-0.03872217541085976,4.032582885767602,,,668715,1,8,"Bot",,,,,,,8.749817476851419,-129.73119360492794,0.5630937460981966,-14.22219488243237,27.387111350523657,-21.720659627011074,3.21724879701165,1.50744614560642,,,,"90.1",2094,"6.9",718445,506702,663993,543760,673962,677649,669352,665750,543257,"53.58",,0.695903,"0.7",1,0,0,,65,7,"Sinker",4,6,4,6,6,4,4,6,"Standard","Standard",213,"0.072","0.266",,,,,"-0.266",,-2,-2,0.191,0.191,28,26,29,27,1,3,7,1,4,1,"1.91","1.1","1.1","35.2",,,,,
"FC","2023-04-24","87","-2.47","5.51","Dunning, Dane",663886,641540,,"foul",,,,,6,,"R","R","R","CIN","TEX","S",,,3,2,2023,"-0.07","0.68",0.6859598139746479,2.167705166265968,,,668715,1,8,"Bot",,,,,,,7.8313286605638766,-126.54549005764461,-3.2937601660448492,-2.3089560018226387,25.47146994164234,-24.372907959866883,3.19,1.56,226,"76.8",39,"88.5",2272,"7.2",718445,506702,663993,543760,673962,677649,669352,665750,543257,"53.3",,,,,,,,65,6,"Cutter",4,6,4,6,6,4,4,6,"Standard","Standard",205,"0","0",,,,,"0","88.0",-2,-2,0.191,0.191,28,26,29,27,1,3,7,1,4,1,"2.33","0.07","0.07","35.6",,,,,
"SI","2023-04-24","89.5","-2.58","5.39","Dunning, Dane",663886,641540,,"foul",,,,,2,,"R","R","R","CIN","TEX","S",,,3,1,2023,"-1.3","0.61",-0.03696238792038775,2.968956970636605,,,668715,1,8,"Bot",,,,,,,9.11054865240975,-129.9653163257368,-1.2033344826668086,-16.713082686206278,28.70907863336268,-25.23545893560853,3.19,1.56,175,"88.4",61,"90.2",1948,"6.9",718445,506702,663993,543760,673962,677649,669352,665750,543257,"53.57",,,,,,,,65,5,"Sinker",4,6,4,6,6,4,4,6,"Standard","Standard",224,"-0.021","-0.069",,,,,"0.069","88.4",-2,-2,0.212,0.212,28,26,29,27,1,3,7,1,4,1,"2.26","1.3","1.3","34.9",,,,,
"FC","2023-04-24","88.1","-2.52","5.51","Dunning, Dane",663886,641540,,"ball",,,,,14,,"R","R","R","CIN","TEX","B",,,2,1,2023,"0.19","0.9",1.2284266451750836,1.8950989855192133,,,668715,1,8,"Bot",,,,,,,8.786114589291653,-128.01348216103437,-4.571429319284663,0.3148152075325795,25.82661790595737,-21.553541585654752,3.27493931324095,1.59345319038362,,,,"89",2211,"6.9",718445,506702,663993,543760,673962,677649,669352,665750,543257,"53.61",,,,,,,,65,4,"Cutter",4,6,4,6,6,4,4,6,"Standard","Standard",195,"0.026","0.1",,,,,"-0.1",,-2,-2,0.186,0.186,28,26,29,27,1,3,7,1,4,1,"2.04","-0.19","-0.19","40.7",,,,,
"FC","2023-04-24","86.5","-2.56","5.58","Dunning, Dane",663886,641540,,"ball",,,,,12,,"R","R","R","CIN","TEX","B",,,1,1,2023,"0.35","0.76",0.1916309060764303,4.050173766793435,,,668715,1,8,"Bot",,,,,,,5.907300696676188,-125.90631366723191,1.0243537432580905,2.4871177912545215,25.386832481540374,-24.538188763150874,3.22391643144863,1.5709312234768,,,,"87.2",2164,"6.7",718445,506702,663993,543760,673962,677649,669352,665750,543257,"53.83",,,,,,,,65,3,"Cutter",4,6,4,6,6,4,4,6,"Standard","Standard",186,"0.011","0.046",,,,,"-0.046",,-2,-2,0.175,0.175,28,26,29,27,1,3,7,1,4,1,"2.29","-0.35","-0.35","36.0",,,,,
"SI","2023-04-24","90.9","-2.57","5.37","Dunning, Dane",663886,641540,,"ball",,,,,14,,"R","R","R","CIN","TEX","B",,,0,1,2023,"-1.45","0.57",0.5101112086214912,1.376899455666857,,,668715,1,8,"Bot",,,,,,,10.944289297845053,-131.8271737449795,-5.273660375004896,-19.357771964996875,30.270943857073917,-24.511909291349525,3.30702693592028,1.55664976459149,,,,"91.4",2023,"6.9",718445,506702,663993,543760,673962,677649,669352,665750,543257,"53.57",,,,,,,,65,2,"Sinker",4,6,4,6,6,4,4,6,"Standard","Standard",227,"0.006","0.025",,,,,"-0.025",,-2,-2,0.169,0.169,28,26,29,27,1,3,7,1,4,1,"2.23","1.45","1.45","32.3",,,,,
"FC","2023-04-24","86.5","-2.54","5.56","Dunning, Dane",663886,641540,,"called_strike",,,,,6,,"R","R","R","CIN","TEX","S",,,0,0,2023,"0.27","0.68",0.5281088887857817,2.6793655476580165,,,668715,1,8,"Bot",,,,,,,6.839948255501818,-125.81474679830072,-2.046634906817477,1.4505568957421757,25.26885370522585,-24.78758227960144,3.31676269358064,1.60050859064347,,,,"87.3",2254,"6.8",718445,506702,663993,543760,673962,677649,669352,665750,543257,"53.7",,,,,,,,65,1,"Cutter",4,6,4,6,6,4,4,6,"Standard","Standard",179,"-0.009","-0.042",,,,,"0.042",,-2,-2,0.178,0.178,28,26,29,27,1,3,7,1,4,1,"2.37","-0.27","-0.27","35.3",,,,,
"SI","2023-04-17","89.7","-2.63","5.27","Dunning, Dane",669004,641540,"field_out","hit_into_play",,,,,13,"MJ Melendez grounds out, shortstop Josh H. Smith to first baseman Nathaniel Lowe. Bobby Witt Jr. to 2nd.","R","L","R","KC","TEX","X",6,"ground_ball",0,1,2023,"-1.28","0.29",-0.9914487162864909,2.011702715279954,,,677951,0,9,"Bot",131.65,143.85,,,,,6.85181703444511,-130.4987369849248,-2.681609538586975,-16.097231148981688,29.01018848973113,-28.4433260668229,3.45,1.71,4,"83.5",-26,"90.7",1949,"7",718539,641680,663993,543760,673962,669701,669352,665750,608671,"53.47",0.068,0.061,"0",1,0,0,2,65,2,"Sinker",0,4,0,4,4,0,0,4,"Infield shade","Standard",224,"-0.018","-0.314",,,,0.07,"0.314","88.0",-4,-4,0.039,0.039,28,24,29,25,2,3,3,1,7,1,"2.55","1.28","-1.28","36.0",,,,,
"SI","2023-04-17","88.2","-2.58","5.28","Dunning, Dane",669004,641540,,"called_strike",,,,,7,,"R","L","R","KC","TEX","S",,,0,0,2023,"-1.2","0.44",-0.5278373290669609,1.5771477379156815,,,677951,0,9,"Bot",,,,,,,7.6221910138691324,-128.28836945929572,-3.882425382694664,-14.83152911409711,25.77883444526785,-26.70646295042256,3.4457984989289,1.57881806685975,,,,"89.6",1949,"7.1",718539,641680,663993,543760,673962,669701,669352,665750,608671,"53.36",,,,,,,,65,1,"Sinker",0,4,0,4,4,0,0,4,"Infield shade","Standard",220,"-0.004","-0.036",,,,,"0.036",,-4,-4,0.043,0.043,28,24,29,25,2,3,3,1,7,1,"2.49","1.2","-1.2","37.0",,,,,
"FC","2023-04-17","89.3","-2.55","5.38","Dunning, Dane",681987,641540,"strikeout","called_strike",,,,,14,"Nate Eaton called out on strikes.","R","R","R","KC","TEX","S",2,,2,2,2023,"-0.03","1.04",0.9642067383201112,2.007626518116181,,622110,,2,5,"Bot",,,,,,,8.822527087479799,-129.9137616868942,-4.599290996602041,-2.0069765962647548,24.064605138833,-19.590398241548957,3.24706404004426,1.56126211756999,,,,"90.8",2233,"7",718539,641680,663993,543760,673962,669701,543257,665750,608671,"53.53",,0,"0",1,0,0,,38,5,"Cutter",0,4,0,4,4,0,0,4,"Standard","Strategic",192,"-0.02","-0.218",,,,,"0.218",,-4,-4,0.102,0.102,28,26,29,27,1,1,3,6,7,2,"1.79","0.03","0.03","36.5",,,,,
"SI","2023-04-17","90.1","-2.66","5.36","Dunning, Dane",681987,641540,,"called_strike",,,,,12,,"R","R","R","KC","TEX","S",,,2,1,2023,"-0.93","0.65",0.9227090201089754,3.1691634551613506,,622110,,2,5,"Bot",,,,,,,10.956521909971114,-130.8226098449587,-0.8509002933313513,-12.891731669549287,26.25807329327854,-24.759174578702154,3.33422455908126,1.64860090086427,,,,"91",2091,"6.9",718539,641680,663993,543760,673962,669701,543257,665750,608671,"53.64",,,,,,,,38,4,"Sinker",0,4,0,4,4,0,0,4,"Standard","Strategic",220,"-0.004","-0.069",,,,,"0.069",,-4,-4,0.106,0.106,28,26,29,27,1,1,3,6,7,2,"2.16","0.93","0.93","32.7",,,,,
"FC","2023-04-17","88.7","-2.54","5.42","Dunning, Dane",681987,641540,,"ball",,,,,12,,"R","R","R","KC","TEX","B",,,1,1,2023,"0.15","0.84",1.5170226520617245,2.5204917295135947,,622110,,2,5,"Bot",,,,,,,9.680870696313075,-128.92207583681432,-2.8695709153882003,-0.046486554369932945,23.60897236382357,-22.32664140582685,3.42121087955351,1.59999781626419,,,,"89.8",2309,"6.8",718539,641680,663993,543760,673962,669701,543257,665750,608671,"53.72",,,,,,,,38,3,"Cutter",0,4,0,4,4,0,0,4,"Standard","Strategic",186,"0.002","0.021",,,,,"-0.021",,-4,-4,0.104,0.104,28,26,29,27,1,1,3,6,7,2,"2.03","-0.15","-0.15","36.2",,,,,
"FC","2023-04-17","88.6","-2.56","5.42","Dunning, Dane",681987,641540,,"swinging_strike",,,,,6,,"R","R","R","KC","TEX","S",,,1,0,2023,"-0.07","1",0.4002228949239247,2.5832669445314154,,622110,,2,5,"Bot",,,,,,,7.47201861203455,-128.9442544436202,-3.062462529010804,-2.1415378969321344,22.938136999469528,-20.523417655712766,3.29,1.6,,,,"90.1",2263,"6.9",718539,641680,663993,543760,673962,669701,543257,665750,608671,"53.61",,,,,,,,38,2,"Cutter",0,4,0,4,4,0,0,4,"Standard","Strategic",192,"-0.002","-0.046",,,,,"0.046",,-4,-4,0.106,0.106,28,26,29,27,1,1,3,6,7,2,"1.87","0.07","0.07","33.1",,,,,
"SL","2023-04-17","81","-2.7","5.44","Dunning, Dane",681987,641540,,"ball",,,,,14,,"R","R","R","KC","TEX","B",,,0,0,2023,"0.26","-0.17",0.7220450135687543,1.4122519255541426,,622110,,2,5,"Bot",,,,,,,7.237110204492997,-117.87034293371181,-2.0966946223389846,1.1466693934440653,20.318491718923585,-33.61184459874172,3.3112061873506,1.59999663294375,,,,"82.2",2433,"6.9",718539,641680,663993,543760,673962,669701,543257,665750,608671,"53.61",,,,,,,,38,1,"Slider",0,4,0,4,4,0,0,4,"Standard","Strategic",82,"0.001","0.02",,,,,"-0.02",,-4,-4,0.105,0.105,28,26,29,27,1,1,3,6,7,2,"3.62","-0.26","-0.26","34.6",,,,,
"SI","2023-04-17","91.4","-2.56","5.31","Dunning, Dane",670032,641540,"field_out","hit_into_play",,,,,9,"Nicky Lopez grounds out, second baseman Marcus Semien to pitcher Dane Dunning. Matt Duffy to 2nd.","R","L","R","KC","TEX","X",4,"ground_ball",1,2,2023,"-1.1","0.31",0.3655941514772514,1.758309723249984,,,622110,1,5,"Bot",155.69,159.35,,,,,9.856290233892702,-132.71854834162107,-3.74550444139806,-15.144900817054092,28.434920523854405,-27.852527999541923,2.97,1.33,2,"88.7",-39,"92.2",1995,"6.9",718539,641680,663993,543760,673962,669701,543257,665750,608671,"53.59",0.052,0.055,"0",1,0,0,2,37,4,"Sinker",0,4,0,4,4,0,0,4,"Infield shade","Strategic",225,"-0.012","-0.261",,,,0.054,"0.261","88.7",-4,-4,0.117,0.117,28,28,29,28,1,1,3,1,7,1,"2.43","1.1","-1.1","32.2",,,,,
"FC","2023-04-17","88.5","-2.64","5.46","Dunning, Dane",670032,641540,,"foul",,,,,12,,"R","L","R","KC","TEX","S",,,1,1,2023,"-0.04","0.89",0.6811422090495796,3.661096554756396,,,622110,1,5,"Bot",,,,,,,8.255903763364556,-128.5919770087422,-0.12383964488446075,-2.146684712418066,27.211583462078803,-22.52676064305817,2.97,1.33,102,"55.3",68,"89.2",2144,"6.9",718539,641680,663993,543760,673962,669701,543257,665750,608671,"53.63",,,,,,,,37,3,"Cutter",0,4,0,4,4,0,0,4,"Infield shade","Strategic",185,"-0.007","-0.055",,,,,"0.055","88.0",-4,-4,0.124,0.124,28,28,29,28,1,1,3,1,7,1,"2.04","0.04","-0.04","35.5",,,,,
"CH","2023-04-17","87.3","-2.57","5.42","Dunning, Dane",670032,641540,,"ball",,,,,14,,"R","L","R","KC","TEX","B",,,0,1,2023,"-1.47","0.6",1.3361971562990658,0.9730051895450222,,,622110,1,5,"Bot",,,,,,,12.497264913283834,-126.39983339655812,-5.782784452585174,-18.3168181541991,24.89218478363453,-24.659332473059738,2.9165610067849,1.33000081953794,,,,"87.9",1722,"6.8",718539,641680,663993,543760,673962,669701,543257,665750,608671,"53.65",,,,,,,,37,2,"Changeup",0,4,0,4,4,0,0,4,"Infield shade","Strategic",245,"0.003","0.025",,,,,"-0.025",,-4,-4,0.121,0.121,28,28,29,28,1,1,3,1,7,1,"2.41","1.47","-1.47","36.2",,,,,
"FC","2023-04-17","86.9","-2.63","5.52","Dunning, Dane",670032,641540,,"called_strike",,,,,9,,"R","L","R","KC","TEX","S",,,0,0,2023,"0.08","0.64",0.3708875240104837,1.8458960895437895,,,622110,1,5,"Bot",,,,,,,7.095288435881358,-126.31753626902761,-3.9362937541465213,-0.6186015453691954,26.073898028142988,-24.72783085393704,3.01812188578863,1.35527655477357,,,,"87.6",2166,"6.8",718539,641680,663993,543760,673962,669701,543257,665750,608671,"53.7",,,,,,,,37,1,"Cutter",0,4,0,4,4,0,0,4,"Infield shade","Strategic",195,"-0.004","-0.042",,,,,"0.042",,-4,-4,0.125,0.125,28,28,29,28,1,1,3,1,7,1,"2.39","-0.08","0.08","36.5",,,,,
"FC","2023-04-14","87.8","-2.46","5.62","Dunning, Dane",608324,641540,"field_out","hit_into_play",,,,,6,"Alex Bregman flies out to center fielder Leody Taveras. Martin Maldonado to 3rd.","R","R","R","HOU","TEX","X",8,"fly_ball",3,2,2023,"0.3","0.9",0.4666269152252105,2.1474681377351983,,455117,,1,7,"Bot",164.71,53.83,,,,,6.518134981113723,-127.82745742810089,-4.23683506661178,2.1139208358696333,24.328350246005375,-21.63481686370738,3.2,1.52,371,"98.1",33,"89",2308,"6.9",718581,641680,663993,543760,673962,669701,608671,665750,666969,"53.64",0.328,0.6220999999999999,"0",1,0,0,5,60,6,"Cutter",2,5,2,5,5,2,2,5,"Standard","Standard",198,"-0.046","-0.329",,,,1.234,"0.329","98.1",-3,-3,0.153,0.153,28,29,29,29,1,3,4,2,3,1,"2.04","-0.3","-0.3","37.7",,,,,
"SL","2023-04-14","82.6","-2.36","5.67","Dunning, Dane",608324,641540,,"ball",,,,,14,,"R","R","R","HOU","TEX","B",,,2,2,2023,"0.34","-0.21",2.5620164321928987,1.1064418126661781,,455117,,1,7,"Bot",,,,,,,10.63132295230716,-119.90615813402071,-3.501440786835409,1.3610861529698477,22.158858109763536,-33.73101780172033,3.08626997485584,1.51923355357935,,,,"83.5",2573,"6.9",718581,641680,663993,543760,673962,669701,608671,665750,666969,"53.62",,,,,,,,60,5,"Slider",2,5,2,5,5,2,2,5,"Standard","Standard",59,"0.013","0.09",,,,,"-0.09",,-3,-3,0.14,0.14,28,29,29,29,1,3,4,2,3,1,"3.56","-0.34","-0.34","38.5",,,,,
"SI","2023-04-14","91.1","-2.4","5.58","Dunning, Dane",608324,641540,,"ball",,,,,12,,"R","R","R","HOU","TEX","B",,,1,2,2023,"-0.91","0.59",1.5079724753013588,3.04678041561467,,455117,,1,7,"Bot",,,,,,,11.848349882286335,-132.17680053930545,-1.7285639460310454,-13.095418818556508,27.206190263453973,-25.07601468903438,3.20023334561147,1.53286696460979,,,,"91.8",2191,"6.8",718581,641680,663993,543760,673962,669701,608671,665750,666969,"53.72",,,,,,,,60,4,"Sinker",2,5,2,5,5,2,2,5,"Standard","Standard",215,"0.007","0.04",,,,,"-0.04",,-3,-3,0.133,0.133,28,29,29,29,1,3,4,2,3,1,"2.17","0.91","0.91","36.4",,,,,
"FC","2023-04-14","87.8","-2.51","5.6","Dunning, Dane",608324,641540,,"called_strike",,,,,6,,"R","R","R","HOU","TEX","S",,,1,1,2023,"0.45","0.77",0.5782612437195676,2.6646242802110276,,455117,,1,7,"Bot",,,,,,,6.612090103026973,-127.77559725687722,-2.6190141909726083,3.643848838969809,24.670142881420972,-23.434697212627665,3.20023334561147,1.53286696460979,,,,"88.8",2339,"6.8",718581,641680,663993,543760,673962,669701,608671,665750,666969,"53.74",,,,,,,,60,3,"Cutter",2,5,2,5,5,2,2,5,"Standard","Standard",178,"-0.011","-0.078",,,,,"0.078",,-3,-3,0.144,0.144,28,29,29,29,1,3,4,2,3,1,"2.18","-0.45","-0.45","36.8",,,,,
"SL","2023-04-14","81.7","-2.48","5.68","Dunning, Dane",608324,641540,,"ball",,,,,14,,"R","R","R","HOU","TEX","B",,,0,1,2023,"0.45","-0.3",1.2167855844991902,1.4992139917268998,,455117,,1,7,"Bot",,,,,,,7.517295735825,-118.87981924173768,-2.3078376547677375,2.916411415394736,21.83089291555412,-34.77746664244039,3.20023334561147,1.53286696460979,,,,"82.5",2530,"6.7",718581,641680,663993,543760,673962,669701,608671,665750,666969,"53.75",,,,,,,,60,2,"Slider",2,5,2,5,5,2,2,5,"Standard","Standard",68,"0.004","0.024",,,,,"-0.024",,-3,-3,0.14,0.14,28,29,29,29,1,3,4,2,3,1,"3.7","-0.45","-0.45","41.4",,,,,
"FC","2023-04-14","87.4","-2.5","5.68","Dunning, Dane",608324,641540,,"called_strike",,,,,3,,"R","R","R","HOU","TEX","S",,,0,0,2023,"0.57","0.56",0.5700869901798308,2.9141085623363296,,455117,,1,7,"Bot",,,,,,,6.269408105129077,-127.24945629572608,-1.6907550163647267,4.919238897266585,25.750865749458313,-25.90383370473389,3.2131654968164,1.56142071361309,,,,"88.2",2307,"6.7",718581,641680,663993,543760,673962,669701,608671,665750,666969,"53.78",,,,,,,,60,1,"Cutter",2,5,2,5,5,2,2,5,"Standard","Standard",178,"-0.006","-0.038",,,,,"0.038",,-3,-3,0.146,0.146,28,29,29,29,1,3,4,2,3,1,"2.41","-0.57","-0.57","37.8",,,,,
"SI","2023-04-14","89","-2.57","5.47","Dunning, Dane",676694,641540,"strikeout","swinging_strike",,,,,1,"Jake Meyers strikes out swinging.","R","R","R","HOU","TEX","S",2,,2,2,2023,"-0.85","0.53",-0.34930473827676845,2.7981721303468294,,455117,,0,7,"Bot",,,,,,,7.312259608999887,-129.41190616639219,-1.6297446271670255,-11.026815288557314,26.936155074075362,-26.118641381032365,3.11,1.43,,,,"90",2132,"6.9",718581,641680,663993,543760,673962,669701,608671,665750,666969,"53.57",,0,"0",1,0,0,,59,5,"Sinker",2,5,2,5,5,2,2,5,"Standard","Standard",218,"-0.045","-0.264",,,,,"0.264",,-3,-3,0.191,0.191,28,27,29,27,1,2,4,3,3,1,"2.35","0.85","0.85","35.4",,,,,
"FC","2023-04-14","88.2","-2.53","5.65","Dunning, Dane",676694,641540,,"called_strike",,,,,6,,"R","R","R","HOU","TEX","S",,,2,1,2023,"0.4","0.78",0.7022602431721775,2.500337126482659,,455117,,0,7,"Bot",,,,,,,7.062304887145451,-128.29197779927316,-3.2256883303158874,3.0728194435527745,25.43286844467836,-23.04389191826324,2.9874411952358,1.429123575239,,,,"89",2323,"6.7",718581,641680,663993,543760,673962,669701,608671,665750,666969,"53.78",,,,,,,,59,4,"Cutter",2,5,2,5,5,2,2,5,"Standard","Standard",191,"-0.015","-0.082",,,,,"0.082",,-3,-3,0.206,0.206,28,27,29,27,1,2,4,3,3,1,"2.14","-0.4","-0.4","39.8",,,,,
"SL","2023-04-14","81.7","-2.48","5.64","Dunning, Dane",676694,641540,,"ball",,,,,14,,"R","R","R","HOU","TEX","B",,,1,1,2023,"0.46","-0.22",1.1078458040303074,1.6189229729531105,,455117,,0,7,"Bot",,,,,,,7.259943937693421,-118.91456001774517,-2.0742066746131207,2.9840994367766,22.132145148874894,-34.09437678658263,2.95918522012339,1.38999145496901,,,,"82.3",2549,"6.6",718581,641680,663993,543760,673962,669701,608671,665750,666969,"53.88",,,,,,,,59,3,"Slider",2,5,2,5,5,2,2,5,"Standard","Standard",73,"0.01","0.05",,,,,"-0.05",,-3,-3,0.196,0.196,28,27,29,27,1,2,4,3,3,1,"3.63","-0.46","-0.46","38.9",,,,,
"FC","2023-04-14","87.7","-2.51","5.57","Dunning, Dane",676694,641540,,"swinging_strike",,,,,6,,"R","R","R","HOU","TEX","S",,,1,0,2023,"0.48","0.67",0.7260529861484197,1.9702608012144611,,455117,,0,7,"Bot",,,,,,,6.880228801499301,-127.65850904994376,-4.017585955769445,3.9281818057563354,25.154025301013878,-24.27079151248965,3.11,1.43,,,,"88.7",2279,"6.8",718581,641680,663993,543760,673962,669701,608671,665750,666969,"53.73",,,,,,,,59,2,"Cutter",2,5,2,5,5,2,2,5,"Standard","Standard",189,"-0.01","-0.061",,,,,"0.061",,-3,-3,0.206,0.206,28,27,29,27,1,2,4,3,3,1,"2.29","-0.48","-0.48","35.1",,,,,
"FC","2023-04-14","86.8","-2.58","5.68","Dunning, Dane",676694,641540,,"ball",,,,,12,,"R","R","R","HOU","TEX","B",,,0,0,2023,"0.57","0.69",0.026448895023624408,4.2545661851035845,,455117,,0,7,"Bot",,,,,,,5.139988504965787,-126.41627024907864,1.3691151259743437,5.076560599145823,24.827081329065653,-25.28851382606565,3.04392644163285,1.41858063469931,,,,"87.8",2301,"6.8",718581,641680,663993,543760,673962,669701,608671,665750,666969,"53.71",,,,,,,,59,1,"Cutter",2,5,2,5,5,2,2,5,"Standard","Standard",181,"0.007","0.036",,,,,"-0.036",,-3,-3,0.199,0.199,28,27,29,27,1,2,4,3,3,1,"2.33","-0.57","-0.57","42.4",,,,,
"SI","2023-04-14","90.5","-2.5","5.54","Dunning, Dane",643289,641540,"field_out","hit_into_play",,,,,7,"Mauricio Dubon grounds out, second baseman Marcus Semien to first baseman Nathaniel Lowe.","R","R","R","HOU","TEX","X",4,"ground_ball",1,2,2023,"-1.12","0.47",-0.5822177346956063,2.1109176199358988,,663656,,2,6,"Bot",142.06,150.64,,,,,7.249925272661303,-131.6374892697685,-3.657801323856349,-14.535129001133138,27.71959976001111,-26.078276001845143,3.41,1.63,42,"74.1",1,"91.3",2111,"6.8",718581,641680,663993,543760,673962,669701,608671,665750,666969,"53.7",0.128,0.116,"0",1,0,0,2,53,4,"Sinker",2,5,2,5,5,2,2,5,"Standard","Standard",217,"-0.023","-0.204",,,,0.13,"0.204","88.0",-3,-3,0.13,0.13,28,28,29,29,1,2,4,2,3,1,"2.31","1.12","1.12","35.8",,,,,
"SI","2023-04-14","90","-2.5","5.59","Dunning, Dane",643289,641540,,"foul",,,,,2,,"R","R","R","HOU","TEX","S",,,1,1,2023,"-0.85","0.62",-0.024592762564712767,3.234741643013468,,663656,,2,6,"Bot",,,,,,,7.999797762859885,-130.80200066056216,-1.1415888117328965,-11.465134771728273,29.071734570553144,-25.05103384168351,3.41,1.63,192,"68.8",48,"90.4",2166,"6.8",718581,641680,663993,543760,673962,669701,608671,665750,666969,"53.75",,,,,,,,53,3,"Sinker",2,5,2,5,5,2,2,5,"Standard","Standard",220,"-0.008","-0.064",,,,,"0.064","88.0",-3,-3,0.138,0.138,28,28,29,29,1,2,4,2,3,1,"2.21","0.85","0.85","35.7",,,,,
"SL","2023-04-14","82.1","-2.37","5.64","Dunning, Dane",643289,641540,,"blocked_ball",,,,,14,,"R","R","R","HOU","TEX","B",,,0,1,2023,"0.45","-0.59",2.288305872557655,0.6891217132495608,,663656,,2,6,"Bot",,,,,,,9.710842146839825,-119.21187558937892,-3.4685588368367597,2.364142501336146,24.050261873375845,-37.31925603697435,3.21316603752086,1.58992271052001,,,,"82.3",2506,"6.7",718581,641680,663993,543760,673962,669701,608671,665750,666969,"53.82",,,,,,,,53,2,"Slider",2,5,2,5,5,2,2,5,"Standard","Standard",44,"0.003","0.02",,,,,"-0.02",,-3,-3,0.135,0.135,28,28,29,29,1,2,4,2,3,1,"4","-0.45","-0.45","41.4",,,,,
"SI","2023-04-14","90.7","-2.37","5.66","Dunning, Dane",643289,641540,,"called_strike",,,,,5,,"R","R","R","HOU","TEX","S",,,0,0,2023,"-1.16","0.58",0.10043357285572796,2.3502689175598475,,663656,,2,6,"Bot",,,,,,,8.765961211616137,-131.74685049663992,-3.547744899691752,-15.504338306067247,30.797270658134504,-24.88359341919438,3.29766458505043,1.61846300769944,,,,"91.1",2105,"6.9",718581,641680,663993,543760,673962,669701,608671,665750,666969,"53.62",,,,,,,,53,1,"Sinker",2,5,2,5,5,2,2,5,"Standard","Standard",208,"-0.005","-0.046",,,,,"0.046",,-3,-3,0.14,0.14,28,28,29,29,1,2,4,2,3,1,"2.23","1.16","1.16","38.6",,,,,
"SL","2023-04-14","81.4","-2.5","5.64","Dunning, Dane",665161,641540,"field_out","hit_into_play",,,,,5,"Jeremy Pena lines out to third baseman Josh Jung.","R","R","R","HOU","TEX","X",5,"line_drive",0,0,2023,"0.46","-0.37",0.19600631709629296,2.6378082958620834,,663656,,1,6,"Bot",105.53,166.4,,,,,5.207361448731315,-118.5359045699837,0.5941078328101814,3.3640113028391245,22.741876398306943,-36.03521872406573,3.54,1.71,108,"94.5",7,"81.9",2511,"6.6",718581,641680,663993,543760,673962,669701,608671,665750,666969,"53.88",0.579,0.545,"0",1,0,0,4,52,1,"Slider",2,5,2,5,5,2,2,5,"Standard","Standard",58,"-0.042","-0.29",,,,0.671,"0.29","94.5",-3,-3,0.182,0.182,28,25,29,26,1,2,4,2,3,1,"3.81","-0.46","-0.46","38.7",,,,,
"SL","2023-04-14","81.4","-2.55","5.7","Dunning, Dane",682073,641540,"field_out","hit_into_play",,,,,1,"David Hensley grounds out, third baseman Josh Jung to first baseman Nathaniel Lowe. Kyle Tucker to 2nd.","R","R","R","HOU","TEX","X",5,"ground_ball",3,2,2023,"0.21","-0.37",-0.8021888695657063,3.2208762472838113,,,663656,0,6,"Bot",108.06,169.96,,,,,3.5385293283169403,-118.46475089082425,1.7489275800263528,1.2881273333282863,22.342222682193164,-36.22314387487045,3.33,1.64,7,"82.1",-26,"81.9",2531,"6.6",718581,641680,663993,543760,673962,669701,608671,665750,666969,"53.94",0.065,0.061,"0",1,0,0,2,51,6,"Slider",2,5,2,5,5,2,2,5,"Standard","Standard",55,"-0.041","-0.412",,,,0.067,"0.412","88.0",-3,-3,0.223,0.223,28,27,29,27,1,2,4,2,3,2,"3.81","-0.21","-0.21","37.2",,,,,
"SI","2023-04-14","90.1","-2.56","5.51","Dunning, Dane",682073,641540,,"ball",,,,,11,,"R","R","R","HOU","TEX","B",,,2,2,2023,"-1.15","0.55",-1.300981014367124,2.856022330970831,,,663656,0,6,"Bot",,,,,,,5.621197006282667,-131.0023188669529,-1.736023126521093,-14.453672451389732,30.530602183357676,-25.68795609658588,3.41019821836707,1.67552158843805,,,,"90.4",2116,"6.7",718581,641680,663993,543760,673962,669701,608671,665750,666969,"53.78",,,,,,,,51,5,"Sinker",2,5,2,5,5,2,2,5,"Standard","Standard",217,"0.019","0.088",,,,,"-0.088",,-3,-3,0.204,0.204,28,27,29,27,1,2,4,2,3,2,"2.28","1.15","1.15","34.0",,,,,
"SI","2023-04-14","90.7","-2.48","5.55","Dunning, Dane",682073,641540,,"foul",,,,,2,,"R","R","R","HOU","TEX","S",,,2,1,2023,"-1.09","0.64",-0.06716208002691659,2.8634648995539362,,,663656,0,6,"Bot",,,,,,,8.419962506183818,-131.8601557035114,-2.131262216259761,-14.519467065316581,29.580297387270775,-24.440091704221437,3.33,1.64,251,"82.2",43,"91.2",2153,"6.7",718581,641680,663993,543760,673962,669701,608671,665750,666969,"53.76",,,,,,,,51,4,"Sinker",2,5,2,5,5,2,2,5,"Standard","Standard",215,"-0.015","-0.056",,,,,"0.056","88.0",-3,-3,0.219,0.219,28,27,29,27,1,2,4,2,3,2,"2.15","1.09","1.09","34.7",,,,,
"SL","2023-04-14","82.6","-2.54","5.63","Dunning, Dane",682073,641540,,"ball",,,,,12,,"R","R","R","HOU","TEX","B",,,1,1,2023,"0.19","0.13",0.6985787170747396,3.4498616524703447,,,663656,0,6,"Bot",,,,,,,7.036445802749747,-120.13416164247383,1.3087912584792054,0.50605187042986,23.20735767826127,-31.407163610628583,3.26950769771722,1.64699598255563,,,,"83",2551,"6.6",718581,641680,663993,543760,673962,669701,608671,665750,666969,"53.92",,,,,,,,51,3,"Slider",2,5,2,5,5,2,2,5,"Standard","Standard",60,"0.01","0.042",,,,,"-0.042",,-3,-3,0.209,0.209,28,27,29,27,1,2,4,2,3,2,"3.21","-0.19","-0.19","35.9",,,,,
"FC","2023-04-14","87.7","-2.58","5.7","Dunning, Dane",682073,641540,,"ball",,,,,11,,"R","R","R","HOU","TEX","B",,,0,1,2023,"0.07","0.55",-0.7515454344893938,3.5498833093020266,,,663656,0,6,"Bot",,,,,,,4.302150233910106,-127.70490390098662,-0.21305967944721615,-0.07050425510272464,26.117120376497976,-26.3734707072801,3.41019821836707,1.7325505071716,,,,"88.5",2287,"6.8",718581,641680,663993,543760,673962,669701,608671,665750,666969,"53.74",,,,,,,,51,2,"Cutter",2,5,2,5,5,2,2,5,"Standard","Standard",192,"0.005","0.024",,,,,"-0.024",,-3,-3,0.204,0.204,28,27,29,27,1,2,4,2,3,2,"2.41","-0.07","-0.07","35.2",,,,,
"SL","2023-04-14","80.9","-2.49","5.63","Dunning, Dane",682073,641540,,"called_strike",,,,,4,,"R","R","R","HOU","TEX","S",,,0,0,2023,"0.18","-0.02",-0.4771623664793971,2.211071232734326,,,663656,0,6,"Bot",,,,,,,4.17674169750266,-117.83966719471455,-0.9605509541517075,0.8989028276691272,22.757070032203497,-32.38454957191672,3.33035618313018,1.61846300769944,,,,"81.4",2495,"6.6",718581,641680,663993,543760,673962,669701,608671,665750,666969,"53.86",,,,,,,,51,1,"Slider",2,5,2,5,5,2,2,5,"Standard","Standard",66,"-0.007","-0.036",,,,,"0.036",,-3,-3,0.211,0.211,28,27,29,27,1,2,4,2,3,2,"3.5","-0.18","-0.18","40.4",,,,,
"SI","2023-04-10","91.8","-2.61","5.33","Dunning, Dane",521692,641540,"field_out","hit_into_play",,,,,5,"Salvador Perez flies out to center fielder Travis Jankowski.","R","R","R","TEX","KC","X",8,"fly_ball",2,0,2023,"-1.33","0.35",-0.03828053868549275,2.6044064822875796,,658668,,2,8,"Top",120.05,81.05,,,,,9.421913961577976,-133.2135316607452,-1.6684412982789172,-17.9797922199856,34.248064829482324,-27.833251182579183,3.51,1.63,294,"80.4",33,"91.5",2109,"6.7",718630,506702,543543,677649,669701,608369,669352,608671,666969,"53.81",0.047,0.043,"0",1,0,0,3,66,3,"Sinker",11,2,2,11,2,11,2,11,"Infield shade","Standard",224,"0","-0.345",,,,0.069,"0.345","88.0",9,-9,0.999,0.0010000000000000009,28,33,29,33,1,3,2,1,4,1,"2.41","1.33","1.33","31.0",,,,,
"CH","2023-04-10","87.1","-2.53","5.39","Dunning, Dane",521692,641540,,"ball",,,,,14,,"R","R","R","TEX","KC","B",,,1,0,2023,"-1.53","0.56",1.3364612022133544,1.5268659269703155,,658668,,2,8,"Top",,,,,,,12.429151521345762,-126.12554523178375,-4.16189736569164,-18.946220715562355,26.760916538576886,-25.519911770795975,3.61369526420563,1.69041391287453,,,,"86.9",1869,"6.5",718630,506702,543543,677649,669701,608369,669352,608671,666969,"53.96",,,,,,,,66,2,"Changeup",11,2,2,11,2,11,2,11,"Standard","Standard",247,"0","0.029",,,,,"-0.029",,9,-9,0.999,0.0010000000000000009,28,33,29,33,1,3,2,1,4,1,"2.49","1.53","1.53","34.6",,,,,
"SL","2023-04-10","80.6","-2.54","5.44","Dunning, Dane",521692,641540,,"ball",,,,,14,,"R","R","R","TEX","KC","B",,,0,0,2023,"0.54","-0.44",0.7564870798773078,1.434362905995091,,658668,,2,8,"Top",,,,,,,6.327993706050987,-117.20742148570278,-1.2800716149732412,3.55114489524477,25.293874183692783,-36.169347475080265,3.60905102890283,1.77407827911915,,,,"80.6",2556,"6.6",718630,506702,543543,677649,669701,608369,669352,608671,666969,"53.87",,,,,,,,66,1,"Slider",11,2,2,11,2,11,2,11,"Standard","Standard",52,"0","0.02",,,,,"-0.02",,9,-9,0.999,0.0010000000000000009,28,33,29,33,1,3,2,1,4,1,"4","-0.54","-0.54","41.1",,,,,
"FC","2023-04-10","89.9","-2.58","5.45","Dunning, Dane",686469,641540,"strikeout","called_strike",,,,,13,"Vinnie Pasquantino called out on strikes.","R","L","R","TEX","KC","S",2,,2,2,2023,"0.21","0.94",-0.7593419420297257,1.41688512925972,,658668,,1,8,"Top",,,,,,,4.069625129818247,-130.80437945282983,-5.999620421846728,1.5704044652887377,28.38200111618832,-20.333216723832024,3.51226274277042,1.70564051896221,,,,"90.1",2350,"6.5",718630,506702,543543,677649,669701,608369,669352,608671,666969,"54.01",,0,"0",1,0,0,,65,5,"Cutter",11,2,2,11,2,11,2,11,"Strategic","Standard",204,"0","-0.245",,,,,"0.245",,9,-9,0.999,0.0010000000000000009,28,25,29,26,1,3,2,1,4,1,"1.89","-0.21","0.21","37.6",,,,,
"SI","2023-04-10","92","-2.4","5.4","Dunning, Dane",686469,641540,,"ball",,,,,14,,"R","L","R","TEX","KC","B",,,1,2,2023,"-0.96","0.34",1.4428165149005328,2.5400353124225608,,658668,,1,8,"Top",,,,,,,11.879411740360169,-133.37538837277805,-2.014636988978923,-14.275698487433145,33.55594175749956,-27.887398854373412,3.56475176864942,1.83704272805166,,,,"91.6",2170,"6.7",718630,506702,543543,677649,669701,608369,669352,608671,666969,"53.83",,,,,,,,65,4,"Sinker",11,2,2,11,2,11,2,11,"Standard","Standard",215,"0","0.04",,,,,"-0.04",,9,-9,0.999,0.0010000000000000009,28,25,29,26,1,3,2,1,4,1,"2.41","0.96","-0.96","34.9",,,,,
"CH","2023-04-10","86.6","-2.64","5.45","Dunning, Dane",686469,641540,,"called_strike",,,,,5,,"R","L","R","TEX","KC","S",,,1,1,2023,"-1.59","0.4",0.270235446493172,2.8155216414104074,,658668,,1,8,"Top",,,,,,,10.20372628265149,-125.57203427590431,-0.7837396734162584,-18.934535251483947,27.809604273226114,-28.056603625566634,3.53542447262708,1.80771635429004,,,,"86.4",1839,"6.6",718630,506702,543543,677649,669701,608369,669352,608671,666969,"53.92",,,,,,,,65,3,"Changeup",11,2,2,11,2,11,2,11,"Standard","Standard",245,"0","-0.078",,,,,"0.078",,9,-9,0.999,0.0010000000000000009,28,25,29,26,1,3,2,1,4,1,"2.69","1.59","-1.59","32.7",,,,,
"FC","2023-04-10","88.8","-2.61","5.47","Dunning, Dane",686469,641540,,"foul",,,,,5,,"R","L","R","TEX","KC","S",,,1,0,2023,"0.2","0.98",0.04601196802041353,2.641869757686335,,658668,,1,8,"Top",,,,,,,6.106839638983738,-129.14517605858023,-2.8993785676777013,0.9001267274526839,27.939840051802,-20.854023450975422,3.48,1.69,117,"72.1",10,"89",2209,"6.5",718630,506702,543543,677649,669701,608369,669352,608671,666969,"53.99",,,,,,,,65,2,"Cutter",11,2,2,11,2,11,2,11,"Standard","Standard",206,"0","-0.049",,,,,"0.049","88.0",9,-9,0.999,0.0010000000000000009,28,25,29,26,1,3,2,1,4,1,"1.93","-0.2","0.2","41.0",,,,,
"CH","2023-04-10","85.8","-2.67","5.45","Dunning, Dane",686469,641540,,"ball",,,,,14,,"R","L","R","TEX","KC","B",,,0,0,2023,"-1.47","0.19",2.274651919737237,1.032063121052282,,,658668,1,8,"Top",,,,,,,14.672268630582249,-123.97887564523069,-4.464461476768111,-18.181387454160514,26.321984974180374,-29.39300567349058,3.63915089646596,1.85844654473326,,,,"85.6",1786,"6.7",718630,506702,543543,677649,669701,608369,669352,608671,666969,"53.8",,,,,,,,65,1,"Changeup",11,2,2,11,2,11,2,11,"Infield shade","Standard",243,"0","0.036",,,,,"-0.036",,9,-9,0.999,0.0010000000000000009,28,25,29,26,1,3,2,1,4,1,"2.97","1.47","-1.47","34.5",,,,,
"SL","2023-04-08","79.8","-2.49","5.59","Dunning, Dane",641820,641540,"field_out","hit_into_play",,,,,9,"Trey Mancini lines out to center fielder Adolis Garcia.","R","R","R","CHC","TEX","X",8,"line_drive",1,2,2023,"0.45","-0.39",0.29340885706386644,1.8845237144463076,,,664023,2,8,"Bot",161.45,61.44,,,,,5.307168200945717,-116.12651507588365,-0.6079775105848508,2.904248467129403,24.0965248641986,-35.75593899706936,3.61,1.69,352,"99.5",23,"79.9",2194,"6.6",718669,641680,663993,543760,673962,608369,669701,666969,543257,"53.87",0.43,0.7305599999999999,"0",1,0,0,5,76,4,"Slider",10,2,10,2,2,10,10,2,"Standard","Standard",36,"0","-0.206",,,,1.354,"0.206","99.5",8,8,0.999,0.999,28,31,29,31,1,4,4,1,2,1,"4","-0.45","-0.45","38.0",,,,,
"SL","2023-04-08","80.3","-2.56","5.64","Dunning, Dane",641820,641540,,"swinging_strike",,,,,14,,"R","R","R","CHC","TEX","S",,,1,1,2023,"0.5","-0.64",1.01930540556748,1.4328333374218136,,,664023,2,8,"Bot",,,,,,,7.02484557923373,-116.6739464230886,-1.3244948781588375,3.035491104316224,24.1342237249912,-37.96647078087805,3.61,1.69,,,,"80.5",2421,"6.7",718669,641680,663993,543760,673962,608369,669701,666969,543257,"53.8",,,,,,,,76,3,"Slider",10,2,10,2,2,10,10,2,"Standard","Standard",36,"0","-0.06",,,,,"0.06",,8,8,0.999,0.999,28,31,29,31,1,4,4,1,2,1,"4.22","-0.5","-0.5","36.3",,,,,
"SL","2023-04-08","79.7","-2.63","5.53","Dunning, Dane",641820,641540,,"ball",,,,,8,,"R","R","R","CHC","TEX","B",,,0,1,2023,"0.37","-0.54",-0.00660324158354314,1.6318484159667932,,,664023,2,8,"Bot",,,,,,,5.109333904544831,-115.93754957182323,-0.7890393002255368,2.319253027845022,22.405507414556617,-37.10055707710016,3.60606374564166,1.6750795012127,,,,"80.1",2339,"6.7",718669,641680,663993,543760,673962,608369,669701,666969,543257,"53.81",,,,,,,,76,2,"Slider",10,2,10,2,2,10,10,2,"Standard","Standard",38,"0","0.025",,,,,"-0.025",,8,8,0.999,0.999,28,31,29,31,1,4,4,1,2,1,"4.14","-0.37","-0.37","35.3",,,,,
"CH","2023-04-08","86.2","-2.56","5.53","Dunning, Dane",664023,641540,"single","hit_into_play",,,,,5,"Ian Happ singles on a ground ball to center fielder Adolis Garcia. Nick Madrigal scores. Nico Hoerner scores. Dansby Swanson scores. Throwing error by center fielder Adolis Garcia.","R","L","R","CHC","TEX","X",8,"ground_ball",0,0,2023,"-1.45","0.53",-0.09172537737986564,2.5471928817564775,663611,663538,621020,2,8,"Bot",138.87,127.08,,,,,8.877956916415277,-125.31845197331478,-1.9289885239461082,-17.03923718205941,24.990815881396728,-26.430563964422984,3.47,1.65,90,"76.1",9,"87",1893,"6.8",718669,641680,663993,543760,673962,608369,669701,666969,543257,"53.71",0.268,0.242,"0.9",1,1,0,2,75,1,"Changeup",7,2,7,2,2,10,10,2,"Standard","Standard",245,"0.004","0.521",,,,0.268,"-0.521","88.0",5,5,0.995,0.995,28,28,29,29,1,4,4,1,2,1,"2.54","1.45","-1.45","35.1",,,,,
"SL","2023-04-08","79.7","-2.59","5.56","Dunning, Dane",621020,641540,"walk","ball",,,,,11,"Dansby Swanson walks. Nick Madrigal to 3rd. Nico Hoerner to 2nd.","R","R","R","CHC","TEX","B",,,3,2,2023,"0.56","-0.2",-1.1925233449892256,2.589619869949043,,663611,663538,2,8,"Bot",,,,,,,2.0300228159859253,-116.01501474993495,0.6222623978427351,4.626025351406973,22.326182106229002,-34.33896953651581,3.27271474678358,1.47635963463004,,,,"79.9",2386,"6.4",718669,641680,663993,543760,673962,608369,669701,666969,543257,"54.06",,0.695903,"0.7",1,0,0,,74,6,"Slider",7,2,7,2,2,7,7,2,"Standard","Standard",37,"0","0.188",,,,,"-0.188",,5,5,0.995,0.995,28,29,29,29,1,4,4,1,2,1,"3.8","-0.56","-0.56","37.8",,,,,
"SI","2023-04-08","91.4","-2.66","5.47","Dunning, Dane",621020,641540,,"foul",,,,,14,,"R","R","R","CHC","TEX","S",,,3,1,2023,"-1.1","0.55",0.18293542717418765,1.203862467008261,,663611,663538,2,8,"Bot",,,,,,,9.591046034366505,-132.75524751490752,-6.061741565430092,-15.07950863216478,28.451592979419992,-24.549898619988905,3.46,1.63,,,,"92",2090,"6.7",718669,641680,663993,543760,673962,608369,669701,666969,543257,"53.77",,,,,,,,74,5,"Sinker",7,2,7,2,2,7,7,2,"Standard","Standard",223,"0","-0.048",,,,,"0.048",,5,5,0.995,0.995,28,29,29,29,1,4,4,1,2,1,"2.19","1.1","1.1","31.7",,,,,
"FC","2023-04-08","89.1","-2.63","5.47","Dunning, Dane",621020,641540,,"ball",,,,,14,,"R","R","R","CHC","TEX","B",,,2,1,2023,"0.07","0.82",1.141212544302906,1.8692176353094478,,663611,663538,2,8,"Bot",,,,,,,9.194395617444435,-129.421732656686,-4.541073568526032,-1.1013253552410494,26.809047704168556,-22.22012418965528,3.33952745446412,1.56498586380773,,,,"89.8",2196,"6.8",718669,641680,663993,543760,673962,608369,669701,666969,543257,"53.69",,,,,,,,74,4,"Cutter",7,2,7,2,2,7,7,2,"Standard","Standard",196,"0","0.052",,,,,"-0.052",,5,5,0.995,0.995,28,29,29,29,1,4,4,1,2,1,"2.06","-0.07","-0.07","35.8",,,,,
"FC","2023-04-08","87.9","-2.72","5.55","Dunning, Dane",621020,641540,,"called_strike",,,,,9,,"R","R","R","CHC","TEX","S",,,2,0,2023,"0.03","0.67",0.3067909118939772,1.855244648209472,,663611,663538,2,8,"Bot",,,,,,,7.318358764478513,-127.78608936980572,-4.263512358791223,-1.1124971634510683,25.523222220436562,-24.13306952082146,3.40635810064488,1.63147264660642,,,,"88.5",2177,"6.7",718669,641680,663993,543760,673962,608369,669701,666969,543257,"53.83",,,,,,,,74,3,"Cutter",7,2,7,2,2,7,7,2,"Standard","Standard",200,"0","-0.041",,,,,"0.041",,5,5,0.995,0.995,28,29,29,29,1,4,4,1,2,1,"2.28","-0.03","-0.03","34.9",,,,,
"FF","2023-04-08","90","-2.53","5.51","Dunning, Dane",621020,641540,,"ball",,,,,14,,"R","R","R","CHC","TEX","B",,,1,0,2023,"-0.28","0.73",1.9639120189635522,2.1505870732407977,,663611,663538,2,8,"Bot",,,,,,,11.805813807186341,-130.56880945756512,-3.9017411086617773,-5.6803084527934,27.41987110971595,-23.184581381066135,3.38407921558809,1.65363819663464,,,,"90.4",2070,"6.7",718669,641680,663993,543760,673962,608369,669701,666969,543257,"53.81",,,,,,,,74,2,"4-Seam Fastball",7,2,7,2,2,7,7,2,"Standard","Standard",220,"0","0.021",,,,,"-0.021",,5,5,0.995,0.995,28,29,29,29,1,4,4,1,2,1,"2.1","0.28","0.28","33.6",,,,,
"FC","2023-04-08","88.6","-2.67","5.58","Dunning, Dane",621020,641540,,"ball",,,,,14,,"R","R","R","CHC","TEX","B",,,0,0,2023,"-0.06","0.8",0.48823233579993647,1.5231218320151405,,663611,663538,2,8,"Bot",,,,,,,7.873135016555016,-128.74340288636816,-5.561118317837459,-2.169644071237419,24.94943537347275,-22.301523012199095,3.47232882016002,1.65291708676874,,,,"89.3",2197,"6.6",718669,641680,663993,543760,673962,608369,669701,666969,543257,"53.86",,,,,,,,74,1,"Cutter",7,2,7,2,2,7,7,2,"Standard","Standard",201,"0","0.03",,,,,"-0.03",,5,5,0.995,0.995,28,29,29,29,1,4,4,1,2,1,"2.1","0.06","0.06","34.7",,,,,
,"2023-04-08",,,,"Dunning, Dane",641820,641540,,"automatic_strike",,,,,,,"R","R","R","CHC","TEX","S",,,0,0,2023,,,,,,,664023,2,8,"Bot",,,,,,,,,,,,,,,,,,,,,718669,641680,663993,543760,673962,608369,669701,666969,543257,,,,,,,,,76,1,,10,2,10,2,2,10,10,2,,,,"0",,,,,,,,8,8,0.999,0.999,28,31,29,31,1,4,4,1,2,1,,,,,,,,,
"SI","2023-04-04","89.6","-2.51","5.39","Dunning, Dane",669720,641540,"field_out","hit_into_play",,,,,1,"Austin Hays flies out to shortstop Corey Seager in foul territory.","R","R","R","TEX","BAL","X",6,"fly_ball",3,1,2023,"-1","0.87",-0.4406031922865803,3.077580572159264,,663624,623993,1,7,"Top",70.6,156.42,,,,,7.294976151141564,-130.32053207724707,-1.5720105857505318,-12.842498721648548,25.997092490595456,-22.14962306152959,3.24,1.51,197,"88.7",60,"90.8",2140,"6.9",718709,641598,663993,543760,673962,608369,677649,666969,543257,"53.57",0.018,0.022,"0",1,0,0,3,54,5,"Sinker",2,7,7,2,7,2,7,2,"Standard","Standard",215,"0.009","-0.372",,,,0.031,"0.372","88.7",-5,5,0.024,0.976,28,27,29,28,2,3,3,2,4,1,"1.96","1","1","36.1",,,,,
"SI","2023-04-04","89.6","-2.42","5.45","Dunning, Dane",669720,641540,,"ball",,,,,12,,"R","R","R","TEX","BAL","B",,,2,1,2023,"-0.88","0.8",0.39814081481883545,4.416547183269509,,663624,623993,1,7,"Top",,,,,,,8.89350327186999,-130.22832479422436,1.7870256321343414,-11.807218325514325,26.007553259252077,-23.65966194546294,3.19527117513793,1.50999835017745,,,,"90.5",2111,"6.8",718709,641598,663993,543760,673962,608369,677649,666969,543257,"53.69",,,,,,,,54,4,"Sinker",2,7,7,2,7,2,7,2,"Standard","Standard",213,"-0.002","0.104",,,,,"-0.104",,-5,5,0.026,0.974,28,27,29,28,2,3,3,2,4,1,"2.04","0.88","0.88","35.7",,,,,
"FC","2023-04-04","88.5","-2.37","5.44","Dunning, Dane",669720,641540,,"ball",,,,,14,,"R","R","R","TEX","BAL","B",,,1,1,2023,"0.02","0.97",1.20518866111899,1.4661158327498465,,663624,623993,1,7,"Top",,,,,,,8.769054897396837,-128.64278029058352,-5.762664262601078,-1.3706709975828055,23.82716296687083,-20.334519984024567,3.18409719303118,1.5099984636076,,,,"89.8",2364,"6.9",718709,641598,663993,543760,673962,608369,677649,666969,543257,"53.62",,,,,,,,54,3,"Cutter",2,7,7,2,7,2,7,2,"Standard","Standard",204,"-0.001","0.039",,,,,"-0.039",,-5,5,0.027,0.973,28,27,29,28,2,3,3,2,4,1,"1.92","-0.02","-0.02","38.4",,,,,
"SL","2023-04-04","82.1","-2.42","5.46","Dunning, Dane",669720,641540,,"blocked_ball",,,,,14,,"R","R","R","TEX","BAL","B",,,0,1,2023,"0.37","-0.43",1.876372204973144,0.38121959170461706,,663624,623993,1,7,"Top",,,,,,,9.10029668157599,-119.25215494623748,-4.145531220816662,1.8191583027219194,22.100875254378934,-35.69121081100025,3.16172465832107,1.50999820413761,,,,"82.9",2550,"6.8",718709,641598,663993,543760,673962,608369,677649,666969,543257,"53.66",,,,,,,,54,2,"Slider",2,7,7,2,7,2,7,2,"Standard","Standard",42,"-0.001","0.031",,,,,"-0.031",,-5,5,0.028,0.972,28,27,29,28,2,3,3,2,4,1,"3.81","-0.37","-0.37","34.2",,,,,
"FC","2023-04-04","87.5","-2.49","5.49","Dunning, Dane",669720,641540,,"swinging_strike",,,,,12,,"R","R","R","TEX","BAL","S",,,0,0,2023,"0.11","0.92",0.030960205687148596,3.555738937833694,,663624,623993,1,7,"Top",,,,,,,5.925535439555033,-127.38764443488466,-0.5082355788143007,0.07729429766287245,23.150528402585174,-22.135238197437676,3.24,1.51,,,,"88.7",2306,"6.7",718709,641598,663993,543760,673962,608369,677649,666969,543257,"53.76",,,,,,,,54,1,"Cutter",2,7,7,2,7,2,7,2,"Standard","Standard",191,"0.001","-0.04",,,,,"0.04",,-5,5,0.027,0.973,28,27,29,28,2,3,3,2,4,1,"2.02","-0.11","-0.11","38.8",,,,,
"FC","2023-04-04","87.5","-2.44","5.41","Dunning, Dane",623993,641540,"walk","ball",,,,,11,"Anthony Santander walks.","R","L","R","TEX","BAL","B",,,3,2,2023,"0.26","0.88",-1.7534569663759243,3.607037409193469,,663624,,1,7,"Top",,,,,,,1.1447236492157136,-127.59329105397276,-0.10363254752661177,2.6017318531564717,23.46137569108712,-22.698641069270984,3.22442422588453,1.63999848033616,,,,"88.8",2336,"6.7",718709,641598,663993,543760,673962,608369,677649,666969,543257,"53.75",,0.695903,"0.7",1,0,0,,53,14,"Cutter",2,7,7,2,7,2,7,2,"Standard","Standard",192,"-0.002","0.184",,,,,"-0.184",,-5,5,0.029,0.971,28,28,29,29,2,3,3,1,4,1,"2.06","-0.26","0.26","39.8",,,,,
"SI","2023-04-04","91.7","-2.35","5.41","Dunning, Dane",623993,641540,,"foul",,,,,14,,"R","L","R","TEX","BAL","S",,,3,2,2023,"-1.1","0.59",0.3453423982536741,1.5172637017917476,,663624,,1,7,"Top",,,,,,,9.276564106962969,-133.24685452881167,-5.296911310083294,-15.09108168209545,28.331386446835065,-24.187695685177896,3.37,1.64,2,"91.4",-37,"92.6",2156,"6.9",718709,641598,663993,543760,673962,608369,677649,666969,543257,"53.61",,,,,,,,53,13,"Sinker",2,7,7,2,7,2,7,2,"Standard","Standard",225,"0","0",,,,,"0","91.4",-5,5,0.029,0.971,28,28,29,29,2,3,3,1,4,1,"2.13","1.1","-1.1","35.6",,,,,
"FC","2023-04-04","89.6","-2.25","5.49","Dunning, Dane",623993,641540,,"foul",,,,,14,,"R","L","R","TEX","BAL","S",,,3,2,2023,"0.29","0.71",1.3201988079198261,2.198385218290547,,663624,,1,7,"Top",,,,,,,8.320101235692665,-130.2114177484463,-3.6747278665980914,1.5637769281209088,27.02156971890207,-23.487705473356417,3.37,1.64,8,"66.3",-15,"90.9",2323,"7.1",718709,641598,663993,543760,673962,608369,677649,666969,543257,"53.36",,,,,,,,53,12,"Cutter",2,7,7,2,7,2,7,2,"Standard","Standard",200,"0","0",,,,,"0","88.0",-5,5,0.029,0.971,28,28,29,29,2,3,3,1,4,1,"2.13","-0.29","0.29","39.4",,,,,
"CH","2023-04-04","86.2","-2.65","5.32","Dunning, Dane",623993,641540,,"ball",,,,,14,,"R","L","R","TEX","BAL","B",,,2,2,2023,"-1.4","0.41",0.5971496011351396,0.675428971781872,,663624,,1,7,"Top",,,,,,,10.664491273952226,-125.08062107993733,-5.709413946387593,-16.752656704393544,23.91950105329795,-26.84980201316166,3.24805376047236,1.64000072496561,,,,"87.2",1788,"7",718709,641598,663993,543760,673962,608369,677649,666969,543257,"53.54",,,,,,,,53,11,"Changeup",2,7,7,2,7,2,7,2,"Standard","Standard",245,"-0.001","0.09",,,,,"-0.09",,-5,5,0.03,0.97,28,28,29,29,2,3,3,1,4,1,"2.66","1.4","-1.4","36.9",,,,,
"FC","2023-04-04","89.7","-2.37","5.4","Dunning, Dane",623993,641540,,"foul",,,,,14,,"R","L","R","TEX","BAL","S",,,2,2,2023,"0.06","0.89",1.2258305081346565,1.5499909950286153,,663624,,1,7,"Top",,,,,,,8.858536702357416,-130.35368153059608,-5.501254878655559,-0.9794862853108085,24.571585475491243,-21.04558112507708,3.37,1.64,,,,"91",2230,"6.9",718709,641598,663993,543760,673962,608369,677649,666969,543257,"53.59",,,,,,,,53,10,"Cutter",2,7,7,2,7,2,7,2,"Standard","Standard",211,"0","0",,,,,"0",,-5,5,0.03,0.97,28,28,29,29,2,3,3,1,4,1,"1.93","-0.06","0.06","38.4",,,,,
"SI","2023-04-04","89.3","-2.28","5.46","Dunning, Dane",623993,641540,,"foul",,,,,6,,"R","L","R","TEX","BAL","S",,,2,2,2023,"-0.93","0.67",0.7338316171643909,2.259368023892059,,663624,,1,7,"Top",,,,,,,9.458045790608555,-129.71176796918968,-3.289381464136205,-12.482681634093407,26.365144086310796,-24.081804765569565,3.37,1.64,,,,"90.1",2080,"6.8",718709,641598,663993,543760,673962,608369,677649,666969,543257,"53.71",,,,,,,,53,9,"Sinker",2,7,7,2,7,2,7,2,"Standard","Standard",222,"0","0",,,,,"0",,-5,5,0.03,0.97,28,28,29,29,2,3,3,1,4,1,"2.19","0.93","-0.93","36.9",,,,,
"SL","2023-04-04","80.4","-2.39","5.43","Dunning, Dane",623993,641540,,"foul",,,,,9,,"R","L","R","TEX","BAL","S",,,2,2,2023,"0.53","-0.2",0.751913912192507,1.5775007614068817,,663624,,1,7,"Top",,,,,,,6.037749297715967,-116.9324824179096,-1.484607795992293,3.7558328539112553,22.036853132762282,-33.931287062004536,3.37,1.64,125,"86.5",8,"81.5",2451,"7",718709,641598,663993,543760,673962,608369,677649,666969,543257,"53.46",,,,,,,,53,8,"Slider",2,7,7,2,7,2,7,2,"Standard","Standard",51,"0","0",,,,,"0","88.0",-5,5,0.03,0.97,28,28,29,29,2,3,3,1,4,1,"3.73","-0.53","0.53","38.2",,,,,
"SI","2023-04-04","90.4","-2.43","5.35","Dunning, Dane",623993,641540,,"foul",,,,,5,,"R","L","R","TEX","BAL","S",,,2,2,2023,"-1.05","0.92",0.11627083563360929,2.8319468595597472,,663624,,1,7,"Top",,,,,,,8.691597421422424,-131.31113203778702,-2.293788139826837,-14.005946296203986,28.111526063441698,-21.27255220249969,3.37,1.64,193,"70.6",24,"91.4",2124,"7",718709,641598,663993,543760,673962,608369,677649,666969,543257,"53.46",,,,,,,,53,7,"Sinker",2,7,7,2,7,2,7,2,"Standard","Standard",224,"0","0",,,,,"0","88.0",-5,5,0.03,0.97,28,28,29,29,2,3,3,1,4,1,"1.88","1.05","-1.05","36.5",,,,,
"FC","2023-04-04","88.9","-2.55","5.46","Dunning, Dane",623993,641540,,"ball",,,,,14,,"R","L","R","TEX","BAL","B",,,1,2,2023,"0.11","0.88",0.217662334425677,1.4904809376203207,,663624,,1,7,"Top",,,,,,,6.601684460515816,-129.41121500443037,-5.6156762345092615,-0.051852905245268185,24.694596949033908,-21.343556858259095,3.30347757925296,1.64000215673431,,,,"89.9",2177,"6.7",718709,641598,663993,543760,673962,608369,677649,666969,543257,"53.83",,,,,,,,53,6,"Cutter",2,7,7,2,7,2,7,2,"Standard","Standard",200,"0","0.04",,,,,"-0.04",,-5,5,0.03,0.97,28,28,29,29,2,3,3,1,4,1,"1.98","-0.11","0.11","37.4",,,,,
"CH","2023-04-04","84.9","-2.54","5.38","Dunning, Dane",623993,641540,,"foul",,,,,11,,"R","L","R","TEX","BAL","S",,,1,2,2023,"-1.41","0.16",-0.9089180170211772,2.7224569357767137,,663624,,1,7,"Top",,,,,,,6.718202835053091,-123.51446105067306,-0.17418377815115504,-15.82058167962233,25.20929044449275,-30.730723392016056,3.37,1.64,134,"63.5",40,"85.7",1801,"6.9",718709,641598,663993,543760,673962,608369,677649,666969,543257,"53.64",,,,,,,,53,5,"Changeup",2,7,7,2,7,2,7,2,"Standard","Standard",241,"0","0",,,,,"0","88.0",-5,5,0.03,0.97,28,28,29,29,2,3,3,1,4,1,"3.01","1.41","-1.41","40.3",,,,,
"SL","2023-04-04","81.1","-2.36","5.41","Dunning, Dane",623993,641540,,"foul",,,,,14,,"R","L","R","TEX","BAL","S",,,1,2,2023,"0.59","-0.51",0.7063841666588693,0.8491599860342967,,663624,,1,7,"Top",,,,,,,5.768474823388051,-117.96194263053881,-2.583220787521334,4.415255538778675,23.029763302575088,-36.60821043692264,3.37,1.64,,,,"81.7",2449,"6.8",718709,641598,663993,543760,673962,608369,677649,666969,543257,"53.72",,,,,,,,53,4,"Slider",2,7,7,2,7,2,7,2,"Standard","Standard",45,"0","0",,,,,"0",,-5,5,0.03,0.97,28,28,29,29,2,3,3,1,4,1,"3.98","-0.59","0.59","37.4",,,,,
"FC","2023-04-04","88.9","-2.5","5.34","Dunning, Dane",623993,641540,,"foul",,,,,9,,"R","L","R","TEX","BAL","S",,,1,1,2023,"-0.03","0.86",0.5431121049499978,1.8321185982338242,,663624,,1,7,"Top",,,,,,,7.64533479034455,-129.3125841941982,-4.446836351095639,-1.78894301498402,25.106690115138118,-21.8255896375368,3.37,1.64,213,"67.1",35,"90.6",2318,"7.2",718709,641598,663993,543760,673962,608369,677649,666969,543257,"53.31",,,,,,,,53,3,"Cutter",2,7,7,2,7,2,7,2,"Standard","Standard",202,"0.001","-0.078",,,,,"0.078","88.0",-5,5,0.029,0.971,28,28,29,29,2,3,3,1,4,1,"2.01","0.03","-0.03","38.4",,,,,
"CH","2023-04-04","85.8","-2.43","5.5","Dunning, Dane",623993,641540,,"blocked_ball",,,,,14,,"R","L","R","TEX","BAL","B",,,0,1,2023,"-1.38","0.34",1.1414899988080172,-0.6339673127603116,,663624,,1,7,"Top",,,,,,,11.28678542171044,-124.15546494435002,-8.922410364654008,-16.566059488026337,25.771790098499043,-26.848300248659744,3.30347647979502,1.64000091146265,,,,"86",1752,"6.8",718709,641598,663993,543760,673962,608369,677649,666969,543257,"53.66",,,,,,,,53,2,"Changeup",2,7,7,2,7,2,7,2,"Standard","Standard",246,"-0.001","0.024",,,,,"-0.024",,-5,5,0.03,0.97,28,28,29,29,2,3,3,1,4,1,"2.8","1.38","-1.38","39.6",,,,,
"CH","2023-04-04","85.4","-2.66","5.32","Dunning, Dane",623993,641540,,"swinging_strike",,,,,14,,"R","L","R","TEX","BAL","S",,,0,0,2023,"-1.52","0.24",0.11690467284439232,0.9449086161407947,,663624,,1,7,"Top",,,,,,,9.689678659260027,-124.00834091251964,-4.50379139191347,-17.61663173087025,25.033845724529993,-28.997916719461244,3.37,1.64,,,,"86.2",1687,"6.9",718709,641598,663993,543760,673962,608369,677649,666969,543257,"53.58",,,,,,,,53,1,"Changeup",2,7,7,2,7,2,7,2,"Standard","Standard",248,"0.001","-0.038",,,,,"0.038",,-5,5,0.029,0.971,28,28,29,29,2,3,3,1,4,1,"2.91","1.52","-1.52","37.3",,,,,
"FC","2023-04-04","88.4","-2.47","5.42","Dunning, Dane",624428,641540,"field_out","hit_into_play",,,,,6,"Adam Frazier flies out to shortstop Corey Seager.","R","L","R","TEX","BAL","X",6,"fly_ball",1,0,2023,"0.29","0.89",0.441385782347142,2.282225252853239,,,602104,2,5,"Top",109.29,106.86,,,,,6.585535413616514,-128.54611456087875,-3.4491693208444376,1.8497130165795552,26.430439724134455,-21.816701088339364,3.07,1.43,223,"71.4",44,"89.6",2277,"7",718709,641598,663993,543760,673962,608369,677649,666969,543257,"53.46",0.279,0.272,"0",1,0,0,3,40,2,"Cutter",1,7,7,1,7,1,7,1,"Infield shade","Standard",203,"0.003","-0.316",,,,0.352,"0.316","88.0",-6,6,0.042,0.958,28,31,29,32,1,2,3,1,4,1,"2.03","-0.29","0.29","42.1",,,,,
"SI","2023-04-04","90.4","-2.49","5.48","Dunning, Dane",624428,641540,,"ball",,,,,14,,"R","L","R","TEX","BAL","B",,,0,0,2023,"-1.03","0.42",0.5223717851616922,1.1418160584077857,,,602104,2,5,"Top",,,,,,,9.705868118410445,-131.22342127312643,-5.738473181320213,-13.921119798278706,27.491094453989117,-26.284672591407634,3.0481865306208,1.42999836046574,,,,"90.4",2207,"6.4",718709,641598,663993,543760,673962,608369,677649,666969,543257,"54.09",,,,,,,,40,1,"Sinker",1,7,7,1,7,1,7,1,"Infield shade","Standard",222,"0","0.03",,,,,"-0.03",,-6,6,0.042,0.958,28,31,29,32,1,2,3,1,4,1,"2.38","1.03","-1.03","42.4",,,,,
"SI","2023-04-01","90.9","-2.37","5.34","Dunning, Dane",681082,641540,"field_out","hit_into_play",,,,,6,"Bryson Stott grounds out, second baseman Marcus Semien to first baseman Nathaniel Lowe.","R","L","R","TEX","PHI","X",4,"ground_ball",2,1,2023,"-1.1","0.59",0.8248681662401127,2.4547442954868934,,592206,,2,8,"Top",150.61,155.67,,,,,10.478207748910881,-131.96229134631764,-2.5837793216599874,-15.147925573001558,28.39556419905523,-24.878725693347974,3.21,1.48,5,"75.1",-24,"91.7",2060,"6.9",718752,641598,663993,543760,673962,608369,669701,608671,669352,"53.6",0.053,0.056,"0",1,0,0,2,74,4,"Sinker",13,3,3,13,3,13,3,13,"Standard","Standard",225,"0","-0.289",,,,0.057,"0.289","88.0",10,-10,0.999,0.0010000000000000009,28,25,29,26,2,3,,2,3,1,"2.18","1.1","-1.1","35.9",,,,,
"CH","2023-04-01","84.1","-2.43","5.4","Dunning, Dane",681082,641540,,"called_strike",,,,,7,,"R","L","R","TEX","PHI","S",,,2,0,2023,"-1.19","0.49",-0.7073791607977462,1.6681124568129366,,592206,,2,8,"Top",,,,,,,6.415131323495083,-122.35433761801572,-3.2701882145200587,-13.176932791562702,23.965863798253828,-26.788505402706928,3.25009008531734,1.58220624724569,,,,"84.9",2037,"6.8",718752,641598,663993,543760,673962,608369,669701,608671,669352,"53.71",,,,,,,,74,3,"Changeup",13,3,3,13,3,13,3,13,"Standard","Standard",241,"0","-0.055",,,,,"0.055",,10,-10,0.999,0.0010000000000000009,28,25,29,26,2,3,,2,3,1,"2.73","1.19","-1.19","35.1",,,,,
"CH","2023-04-01","85.3","-2.25","5.27","Dunning, Dane",681082,641540,,"blocked_ball",,,,,14,,"R","L","R","TEX","PHI","B",,,1,0,2023,"-1.44","0.26",1.4079285651092186,0.22295703295905556,,592206,,2,8,"Top",,,,,,,11.713768655337637,-123.56675301528522,-6.121101506174949,-17.10514704360246,25.791654361984417,-28.380370304627718,3.358040318844,1.60909012185181,,,,"86.7",1759,"7.5",718752,641598,663993,543760,673962,608369,669701,608671,669352,"52.97",,,,,,,,74,2,"Changeup",13,3,3,13,3,13,3,13,"Standard","Standard",243,"0","0.029",,,,,"-0.029",,10,-10,0.999,0.0010000000000000009,28,25,29,26,2,3,,2,3,1,"2.92","1.44","-1.44","36.9",,,,,
"SI","2023-04-01","89","-2.52","5.34","Dunning, Dane",681082,641540,,"ball",,,,,11,,"R","L","R","TEX","PHI","B",,,0,0,2023,"-1.21","0.9",-1.1020412159127757,2.975170635987183,,592206,,2,8,"Top",,,,,,,6.084939544050076,-129.39259157643409,-1.6062145279559883,-14.85644653450457,29.045776702216067,-22.02556833142183,3.38503254706754,1.5284455480743,,,,"89.5",2059,"6.8",718752,641598,663993,543760,673962,608369,669701,608671,669352,"53.65",,,,,,,,74,1,"Sinker",13,3,3,13,3,13,3,13,"Standard","Standard",221,"0","0.02",,,,,"-0.02",,10,-10,0.999,0.0010000000000000009,28,25,29,26,2,3,,2,3,1,"2","1.21","-1.21","33.5",,,,,
"FC","2023-04-01","89.3","-2.4","5.26","Dunning, Dane",656941,641540,"field_out","hit_into_play",,,,,6,"Kyle Schwarber flies out to center fielder Adolis Garcia.","R","L","R","TEX","PHI","X",8,"fly_ball",0,1,2023,"-0.26","1.34",0.3022492134705047,2.410874075370224,,,607208,2,7,"Top",152.16,90.62,,,,,7.2836548081505805,-129.83783149212763,-3.8097282072981287,-4.550286817892478,29.89645611911885,-16.43258667918639,3.21,1.54,278,"99.6",49,"89.9",2202,"6.9",718752,641598,663993,543760,673962,608369,669701,666969,543257,"53.56",0.018,0.025,"0",1,0,0,3,60,2,"Cutter",7,3,3,7,3,7,3,7,"Infield shade","Standard",203,"0.01","-0.241",,,,0.04,"0.241","99.6",4,-4,0.961,0.039000000000000035,28,30,29,30,1,3,,2,3,1,"1.54","0.26","-0.26","36.1",,,,,
"SI","2023-04-01","89.6","-2.49","5.38","Dunning, Dane",656941,641540,,"called_strike",,,,,7,,"R","L","R","TEX","PHI","S",,,0,0,2023,"-1.25","0.61",-0.7461724311910374,1.6974733926155594,,,607208,2,7,"Top",,,,,,,7.004193483407814,-130.1881076581358,-4.333102032698766,-15.753520409660041,30.472482475570573,-24.45943749850768,3.3296311384042,1.71523133062265,,,,"89.7",2030,"6.7",718752,641598,663993,543760,673962,608369,669701,666969,543257,"53.8",,,,,,,,60,1,"Sinker",7,3,3,7,3,7,3,7,"Infield shade","Standard",219,"0.002","-0.045",,,,,"0.045",,4,-4,0.959,0.041000000000000036,28,30,29,30,1,3,,2,3,1,"2.26","1.25","-1.25","42.8",,,,,
"SI","2023-04-01","90.9","-2.54","5.4","Dunning, Dane",664761,641540,"grounded_into_double_play","hit_into_play",,,,,5,"Alec Bohm grounds into a double play, shortstop Corey Seager to second baseman Marcus Semien to first baseman Nathaniel Lowe. Bryson Stott out at 2nd. Alec Bohm out at 1st.","R","R","R","TEX","PHI","X",6,"ground_ball",2,0,2023,"-0.82","0.48",-0.22335652502887338,2.4189231496722696,,,681082,1,6,"Top",116.57,160.85,,,,,7.638239159524619,-132.09919919240136,-2.572059378006643,-11.29942794514717,29.457557787133364,-26.166529943694353,3.45,1.55,10,"104.9",-14,"91.5",2161,"6.8",718752,641598,663993,543760,673962,608369,669701,666969,543257,"53.66",0.228,0.227,"0",1,0,0,2,52,3,"Sinker",7,3,3,7,3,7,3,7,"Standard","Standard",220,"0.045","-0.423",,,,0.228,"0.423","104.9",4,-4,0.906,0.09399999999999997,28,26,29,27,1,2,,2,3,1,"2.29","0.82","0.82","37.7",,,,,
"SI","2023-04-01","90.8","-2.38","5.41","Dunning, Dane",664761,641540,,"ball",,,,,14,,"R","R","R","TEX","PHI","B",,,1,0,2023,"-1.14","0.44",1.3306563566867882,2.0103883321173903,,,681082,1,6,"Top",,,,,,,11.827424821635192,-131.648357727157,-3.4568061773724454,-15.891642279525453,29.97653200509508,-26.52260333100619,3.51813048181297,1.58031802224738,,,,"91.1",2159,"6.9",718752,641598,663993,543760,673962,608369,669701,666969,543257,"53.65",,,,,,,,52,2,"Sinker",7,3,3,7,3,7,3,7,"Standard","Standard",223,"-0.007","0.054",,,,,"-0.054",,4,-4,0.913,0.08699999999999997,28,26,29,27,1,2,,2,3,1,"2.37","1.14","1.14","35.1",,,,,
"SL","2023-04-01","79.1","-2.51","5.38","Dunning, Dane",664761,641540,,"ball",,,,,14,,"R","R","R","TEX","PHI","B",,,0,0,2023,"0.79","-0.48",0.8957309444275896,1.1601894074811305,,,681082,1,6,"Top",,,,,,,6.005404009381537,-114.961492976603,-1.423227252448029,5.673446574575235,23.731169203236423,-36.364112502379456,3.57213863058648,1.60720186950612,,,,"79.3",2377,"6.7",718752,641598,663993,543760,673962,608369,669701,666969,543257,"53.76",,,,,,,,52,1,"Slider",7,3,3,7,3,7,3,7,"Standard","Standard",44,"-0.003","0.036",,,,,"-0.036",,4,-4,0.916,0.08399999999999996,28,26,29,27,1,2,,2,3,1,"4.17","-0.79","-0.79","37.8",,,,,