"pitch_type","game_date","release_speed","release_pos_x","release_pos_z","player_name","batter","pitcher","events","description","spin_dir","spin_rate_deprecated","break_angle_deprecated","break_length_deprecated","zone","des","game_type","stand","p_throws","home_team","away_team","type","hit_location","bb_type","balls","strikes","game_year","pfx_x","pfx_z","plate_x","plate_z","on_3b","on_2b","on_1b","outs_when_up","inning","inning_topbot","hc_x","hc_y","tfs_deprecated","tfs_zulu_deprecated","umpire","sv_id","vx0","vy0","vz0","ax","ay","az","sz_top","sz_bot","hit_distance_sc","launch_speed","launch_angle","effective_speed","release_spin_rate","release_extension","game_pk","fielder_2","fielder_3","fielder_4","fielder_5","fielder_6","fielder_7","fielder_8","fielder_9","release_pos_y","estimated_ba_using_speedangle","estimated_woba_using_speedangle","woba_value","woba_denom","babip_value","iso_value","launch_speed_angle","at_bat_number","pitch_number","pitch_name","home_score","away_score","bat_score","fld_score","post_away_score","post_home_score","post_bat_score","post_fld_score","if_fielding_alignment","of_fielding_alignment","spin_axis","delta_home_win_exp","delta_run_exp","bat_speed","swing_length","miss_distance","estimated_slg_using_speedangle","delta_pitcher_run_exp","hyper_speed","home_score_diff","bat_score_diff","home_win_exp","bat_win_exp","age_pit_legacy","age_bat_legacy","age_pit","age_bat","n_thruorder_pitcher","n_priorpa_thisgame_player_at_bat","pitcher_days_since_prev_game","batter_days_since_prev_game","pitcher_days_until_next_game","batter_days_until_next_game","api_break_z_with_gravity","api_break_x_arm","api_break_x_batter_in","arm_angle","attack_angle","attack_direction","swing_path_tilt","intercept_ball_minus_batter_pos_x_inches","intercept_ball_minus_batter_pos_y_inches"
"FS","2023-09-29","87","-2.38","5.6","Eovaldi, Nathan",668942,543135,"single","hit_into_play",,,,,8,"Josh Rojas singles on a ground ball to center fielder Leody Taveras. Teoscar Hernandez scores. Mike Ford to 3rd. Ty France to 2nd.","R","L","R","SEA","TEX","X",8,"ground_ball",1,2,2023,"-1.05","0.03",-0.20076640867044948,2.0260654113002614,606192,645801,664034,1,4,"Bot",133.77,114.07,,,,,7.493933387011389,-126.53659656349392,-2.5181389953252955,-12.812077965786573,24.298054489625812,-31.522387264576654,3.52,1.68,17,"102.2",-6,"88.3",1450,"7",716379,641680,663993,543760,673962,608369,694497,665750,666969,"53.5",0.342,0.315,"0.9",1,1,0,2,36,4,"Split-Finger",3,0,3,0,0,4,4,0,"Standard","Standard",237,"0.046","0.542","66.5","7.0",,0.414,"-0.542","102.2",3,3,0.894,0.894,33,29,33,29,2,1,5,1,5,1,"2.97","1.05","-1.05","35.8",0.6776701772820745,10.754530847970036,36.68214989007426,42.10520754210775,21.67423714759769
"FF","2023-09-29","95.2","-2.38","5.44","Eovaldi, Nathan",668942,543135,,"ball",,,,,12,,"R","L","R","SEA","TEX","B",,,0,2,2023,"-0.79","1.17",1.2309216781699197,3.0301665228700205,606192,645801,664034,1,4,"Bot",,,,,,,11.340546168045949,-138.20891748664258,-3.3109281939612627,-12.64448547683021,30.76547251245226,-16.59599048862926,3.43713913616036,1.59457699684572,,,,"96",2097,"6.9",716379,641680,663993,543760,673962,608369,694497,665750,666969,"53.62",,,,,,,,36,3,"4-Seam Fastball",3,0,3,0,0,3,3,0,"Standard","Standard",222,"0.004","0.037",,,,,"-0.037",,3,3,0.89,0.89,33,29,33,29,2,1,5,1,5,1,"1.36","0.79","-0.79","35.5",,,,,
"FS","2023-09-29","86.9","-2.43","5.5","Eovaldi, Nathan",668942,543135,,"called_strike",,,,,2,,"R","L","R","SEA","TEX","S",,,0,1,2023,"-0.82","0.01",-0.2740437744280244,3.108564406205697,606192,645801,664034,1,4,"Bot",,,,,,,6.9379478993428325,-126.47586653234895,0.39597494303235314,-10.164996096980339,23.07150963997769,-32.38745552987011,3.50081287000605,1.59457699684572,,,,"88.4",1485,"7",716379,641680,663993,543760,673962,608369,694497,665750,666969,"53.54",,,,,,,,36,2,"Split-Finger",3,0,3,0,0,3,3,0,"Standard","Standard",241,"-0.009","-0.081",,,,,"0.081",,3,3,0.899,0.899,33,29,33,29,2,1,5,1,5,1,"2.99","0.82","-0.82","35.4",,,,,
"FS","2023-09-29","87","-2.44","5.55","Eovaldi, Nathan",668942,543135,,"called_strike",,,,,7,,"R","L","R","SEA","TEX","S",,,0,0,2023,"-0.88","0.07",-0.552062702502792,1.6698032906017266,606192,645801,664034,1,4,"Bot",,,,,,,6.419069001968194,-126.64162216139344,-3.3442371698450133,-10.780400305985191,23.87132328988393,-31.00947927075902,3.50081287000605,1.59457699684572,,,,"88.4",1381,"7",716379,641680,663993,543760,673962,608369,694497,665750,666969,"53.52",,,,,,,,36,1,"Split-Finger",3,0,3,0,0,3,3,0,"Standard","Standard",238,"-0.005","-0.05",,,,,"0.05",,3,3,0.904,0.904,33,29,33,29,2,1,5,1,5,1,"2.92","0.88","-0.88","34.8",,,,,
"FC","2023-09-29","89.3","-2.32","5.46","Eovaldi, Nathan",672284,543135,"strikeout","swinging_strike",,,,,14,"Jarred Kelenic strikes out swinging.","R","L","R","SEA","TEX","S",2,,3,2,2023,"0.11","0.77",0.9585880099031681,1.493653188661982,606192,645801,664034,0,4,"Bot",,,,,,,7.920004382111812,-129.7972159888508,-5.427115098314909,-0.34965561108543664,26.61781056856749,-22.526367822646737,3.61,1.69,,,,"90.4",2123,"7",716379,641680,663993,543760,673962,608369,694497,665750,666969,"53.54",,0,"0",1,0,0,,35,7,"Cutter",3,0,3,0,0,3,3,0,"Infield shade","Standard",189,"-0.028","-0.314","76.6","8.2","3.639809508",,"0.314",,3,3,0.932,0.932,33,23,33,24,2,1,5,2,5,1,"2.09","-0.11","0.11","34.0",29.815183296957617,-31.903623170705433,38.541286647793214,27.642698558319324,49.45139533268967
"FS","2023-09-29","84.5","-2.27","5.65","Eovaldi, Nathan",672284,543135,,"foul",,,,,4,,"R","L","R","SEA","TEX","S",,,3,2,2023,"-1.02","0.19",-0.8225346256420433,2.8203909601776807,606192,645801,664034,0,4,"Bot",,,,,,,5.474389563258726,-123.14888199484575,-0.7046161550556014,-11.475698784752765,21.33582025375263,-30.248161315404904,3.61,1.69,,,,"86",1489,"6.9",716379,641680,663993,543760,673962,608369,694497,665750,666969,"53.6",,,,,,,,35,6,"Split-Finger",3,0,3,0,0,3,3,0,"Infield shade","Standard",231,"0","0","70.4","7.4",,,"0",,3,3,0.932,0.932,33,23,33,24,2,1,5,2,5,1,"2.96","1.02","-1.02","37.7",15.770476927907083,-3.19950995048836,26.132030773423512,48.82162269947521,36.07637002922464
"FS","2023-09-29","88.8","-2.48","5.51","Eovaldi, Nathan",672284,543135,,"ball",,,,,11,,"R","L","R","SEA","TEX","B",,,2,2,2023,"-1.2","-0.03",-2.1077623487996644,2.581590876247288,606192,645801,664034,0,4,"Bot",,,,,,,3.45385250791945,-129.39976809886792,-1.0958553777873081,-14.209462144224965,25.67399333640162,-32.516518239582254,3.50607845205224,1.58331415371193,,,,"89.9",1590,"6.8",716379,641680,663993,543760,673962,608369,694497,665750,666969,"53.72",,,,,,,,35,5,"Split-Finger",3,0,3,0,0,3,3,0,"Strategic","Standard",240,"0.008","0.08",,,,,"-0.08",,3,3,0.924,0.924,33,23,33,24,2,1,5,2,5,1,"2.9","1.2","-1.2","37.9",,,,,
"FF","2023-09-29","93.7","-2.44","5.48","Eovaldi, Nathan",672284,543135,,"ball",,,,,12,,"R","L","R","SEA","TEX","B",,,1,2,2023,"-0.92","1.31",0.8541615522388075,4.092279683609845,606192,645801,664034,0,4,"Bot",,,,,,,10.671642425864441,-136.1202337128999,-0.7391355635813585,-13.757982692018393,28.233763939435036,-15.889937885122198,3.52730077268977,1.60459412316993,,,,"94.9",2086,"7",716379,641680,663993,543760,673962,608369,694497,665750,666969,"53.55",,,,,,,,35,4,"4-Seam Fastball",3,0,3,0,0,3,3,0,"Infield shade","Standard",226,"0.003","0.04",,,,,"-0.04",,3,3,0.921,0.921,33,23,33,24,2,1,5,2,5,1,"1.29","0.92","-0.92","33.9",,,,,
"FC","2023-09-29","91.2","-2.46","5.45","Eovaldi, Nathan",672284,543135,,"called_strike",,,,,6,,"R","L","R","SEA","TEX","S",,,1,1,2023,"0.1","0.83",0.8142122807988671,2.5452801111827617,606192,645801,664034,0,4,"Bot",,,,,,,8.102608538422077,-132.67526592165342,-3.2321840960369483,-0.5382739887881444,27.635381370386142,-21.828440053036946,3.56974236348812,1.58331415371193,,,,"92.2",2302,"6.9",716379,641680,663993,543760,673962,608369,694497,665750,666969,"53.65",,,,,,,,35,3,"Cutter",3,0,3,0,0,3,3,0,"Strategic","Standard",207,"-0.006","-0.051",,,,,"0.051",,3,3,0.927,0.927,33,23,33,24,2,1,5,2,5,1,"1.9","-0.1","0.1","30.2",,,,,
"FS","2023-09-29","87.7","-2.38","5.5","Eovaldi, Nathan",672284,543135,,"swinging_strike",,,,,13,,"R","L","R","SEA","TEX","S",,,1,0,2023,"-1.16","-0.02",-0.3421179399951715,0.9400973639352208,606192,645801,664034,0,4,"Bot",,,,,,,7.389244076167179,-127.56175298799401,-4.950836550398202,-14.096739430168673,24.06114769192935,-31.66592260318191,3.61,1.69,,,,"88.9",1517,"6.9",716379,641680,663993,543760,673962,608369,694497,665750,666969,"53.61",,,,,,,,35,2,"Split-Finger",3,0,3,0,0,3,3,0,"Strategic","Standard",235,"-0.004","-0.043","55.0","7.3","3.8239611",,"0.043",,3,3,0.931,0.931,33,23,33,24,2,1,5,2,5,1,"2.97","1.16","-1.16","33.8",15.09211835634957,10.499247314975173,37.49868184469764,44.111629517683355,25.524046734048987
"FF","2023-09-29","95.2","-2.44","5.41","Eovaldi, Nathan",672284,543135,,"ball",,,,,12,,"R","L","R","SEA","TEX","B",,,0,0,2023,"-1.01","1.18",0.9481380743488426,2.9460278049806137,606192,645801,664034,0,4,"Bot",,,,,,,11.233620346292092,-138.28056524162815,-3.5289648796912276,-15.386071833307478,28.194850691163136,-16.378260568430747,3.61217984668556,1.6471523322088,,,,"96.1",2074,"6.7",716379,641680,663993,543760,673962,608369,694497,665750,666969,"53.8",,,,,,,,35,1,"4-Seam Fastball",3,0,3,0,0,3,3,0,"Strategic","Standard",228,"0.003","0.037",,,,,"-0.037",,3,3,0.928,0.928,33,23,33,24,2,1,5,2,5,1,"1.33","1.01","-1.01","31.4",,,,,
"FF","2023-09-29","94.5","-2.41","5.44","Eovaldi, Nathan",664034,543135,"hit_by_pitch","hit_by_pitch",,,,,11,"Ty France hit by pitch. Teoscar Hernandez to 3rd. Mike Ford to 2nd.","R","R","R","SEA","TEX","B",,,3,2,2023,"-0.95","0.96",-1.2297220902112795,3.8578669495167612,,606192,645801,0,4,"Bot",,,,,,,5.2511413499339445,-137.62610693187264,-0.6337932396261708,-13.265759105728833,26.938584754731277,-19.918681016517418,3.28,1.49,,,,"95.9",1956,"6.8",716379,641680,663993,543760,673962,608369,694497,665750,666969,"53.71",,0.726005,"0.7",1,0,0,,34,9,"4-Seam Fastball",3,0,3,0,0,3,3,0,"Standard","Standard",220,"0.025","0.33",,,,,"-0.33",,3,3,0.903,0.903,33,28,33,29,2,1,5,1,5,1,"1.56","0.95","0.95","35.9",,,,,
"CU","2023-09-29","77.6","-2.18","5.58","Eovaldi, Nathan",664034,543135,,"blocked_ball",,,,,14,,"R","R","R","SEA","TEX","B",,,2,2,2023,"0.89","-0.43",1.9722817069710779,-0.47046871989191086,,606192,645801,0,4,"Bot",,,,,,,7.340124601247055,-112.81699271404142,-5.254748484880626,6.195334453137708,20.991339211408008,-35.08327087953969,3.13299503829986,1.34039744708107,,,,"78.5",1882,"7",716379,641680,663993,543760,673962,608369,694497,665750,666969,"53.51",,,,,,,,34,8,"Curveball",3,0,3,0,0,3,3,0,"Infield shade","Standard",37,"0.007","0.113",,,,,"-0.113",,3,3,0.896,0.896,33,28,33,29,2,1,5,1,5,1,"4.23","-0.89","-0.89","38.9",,,,,
"FF","2023-09-29","93.4","-2.49","5.21","Eovaldi, Nathan",664034,543135,,"foul",,,,,4,,"R","R","R","SEA","TEX","S",,,2,2,2023,"-0.76","0.99",-0.5927705771608933,2.464893731825117,,606192,645801,0,4,"Bot",,,,,,,6.655084559008693,-135.9533654447383,-3.575897115143497,-10.903705537557428,28.053029993394496,-19.255824716342985,3.28,1.49,10,"98.3",-13,"94.9",1893,"7",716379,641680,663993,543760,673962,608369,694497,665750,666969,"53.5",,,,,,,,34,7,"4-Seam Fastball",3,0,3,0,0,3,3,0,"Infield shade","Standard",226,"0","0","75.0","8.4",,,"0","98.3",3,3,0.896,0.896,33,28,33,29,2,1,5,1,5,1,"1.61","0.76","0.76","29.6",22.217180107484168,-19.46540637476687,31.44772744791222,26.320558430255883,36.2457381001405
"FS","2023-09-29","87.2","-2.39","5.53","Eovaldi, Nathan",664034,543135,,"ball",,,,,11,,"R","R","R","SEA","TEX","B",,,1,2,2023,"-0.72","0.51",-1.26243110011616,2.9606746561999397,,606192,645801,0,4,"Bot",,,,,,,4.223906527847325,-127.10493553292065,-1.1447893932048494,-8.597059518667654,23.61076471538625,-26.560671236731732,3.13299503829986,1.38296914160764,,,,"88.5",1489,"6.8",716379,641680,663993,543760,673962,608369,694497,665750,666969,"53.72",,,,,,,,34,6,"Split-Finger",3,0,3,0,0,3,3,0,"Standard","Standard",237,"0.003","0.034",,,,,"-0.034",,3,3,0.893,0.893,33,28,33,29,2,1,5,1,5,1,"2.45","0.72","0.72","33.5",,,,,
"FF","2023-09-29","96.4","-2.39","5.29","Eovaldi, Nathan",664034,543135,,"foul",,,,,5,,"R","R","R","SEA","TEX","S",,,1,2,2023,"-0.88","1.3",0.1618098095876047,2.5313980175631934,,606192,645801,0,4,"Bot",,,,,,,8.879709236456948,-140.05389252593986,-4.735676194475191,-13.61234413677026,31.502622071661982,-14.206707755801302,3.28,1.49,,,,"97.4",2068,"6.9",716379,641680,663993,543760,673962,608369,694497,665750,666969,"53.57",,,,,,,,34,5,"4-Seam Fastball",3,0,3,0,0,3,3,0,"Standard","Standard",229,"0","0","70.3","7.0",,,"0",,3,3,0.893,0.893,33,28,33,29,2,1,5,1,5,1,"1.16","0.88","0.88","29.6",1.90684250602223,19.057679534658572,38.77433873939065,35.8711864268699,16.406708609842205
"FS","2023-09-29","86.7","-2.38","5.48","Eovaldi, Nathan",664034,543135,,"foul",,,,,4,,"R","R","R","SEA","TEX","S",,,1,2,2023,"-1.01","-0.08",-0.713413022751355,2.6138324522278724,,606192,645801,0,4,"Bot",,,,,,,6.1039341491611445,-126.24104662982738,-0.5820259609034272,-11.950006768102629,22.450006167638925,-33.099242909767234,3.28,1.49,4,"68.1",-33,"88",1484,"6.8",716379,641680,663993,543760,673962,608369,694497,665750,666969,"53.7",,,,,,,,34,4,"Split-Finger",3,0,3,0,0,3,3,0,"Standard","Standard",237,"0","0","69.7","7.5",,,"0","88.0",3,3,0.893,0.893,33,28,33,29,2,1,5,1,5,1,"3.08","1.01","1.01","32.0",13.211553018269138,-5.615372798290697,28.21680199079713,24.827276929899117,29.40465226972416
"FF","2023-09-29","94.9","-2.45","5.35","Eovaldi, Nathan",664034,543135,,"foul",,,,,2,,"R","R","R","SEA","TEX","S",,,1,1,2023,"-0.8","1.12",-0.14320012989861353,3.2210039489823403,,606192,645801,0,4,"Bot",,,,,,,7.882531547407019,-138.13348953065415,-2.4888918527229222,-11.915675784336221,28.806458241475266,-17.38445753667011,3.28,1.49,246,"73.9",38,"96",2162,"6.8",716379,641680,663993,543760,673962,608369,694497,665750,666969,"53.74",,,,,,,,34,3,"4-Seam Fastball",3,0,3,0,0,3,3,0,"Standard","Standard",223,"-0.005","-0.076","68.3","6.7",,,"0.076","88.0",3,3,0.898,0.898,33,28,33,29,2,1,5,1,5,1,"1.39","0.8","0.8","35.9",3.196511018716553,22.837266174576687,30.784075469257846,33.72604293617262,17.54168893140627
"FF","2023-09-29","93.5","-2.42","5.39","Eovaldi, Nathan",664034,543135,,"called_strike",,,,,11,,"R","R","R","SEA","TEX","S",,,1,0,2023,"-0.98","1.03",-1.0148145046355572,2.660756670814811,,606192,645801,0,4,"Bot",,,,,,,5.8321066132959585,-136.0236181489725,-3.610174987133846,-13.478229874960457,29.02502011286071,-18.723423597386937,3.17695472534178,1.40354100565802,,,,"94.4",2103,"6.8",716379,641680,663993,543760,673962,608369,694497,665750,666969,"53.73",,,,,,,,34,2,"4-Seam Fastball",3,0,3,0,0,3,3,0,"Standard","Standard",224,"-0.004","-0.055",,,,,"0.055",,3,3,0.902,0.902,33,28,33,29,2,1,5,1,5,1,"1.57","0.98","0.98","30.4",,,,,
"CU","2023-09-29","76.2","-2.12","5.71","Eovaldi, Nathan",664034,543135,,"ball",,,,,14,,"R","R","R","SEA","TEX","B",,,0,0,2023,"0.89","-0.64",0.7712402140489221,1.183293629845064,,606192,645801,0,4,"Bot",,,,,,,4.511911693680627,-111.0243512729641,-1.3343033254539525,6.619748802987224,19.40411641822219,-37.47745143423878,3.13299503829986,1.38296914160764,,,,"77",1891,"6.8",716379,641680,663993,543760,673962,608369,694497,665750,666969,"53.73",,,,,,,,34,1,"Curveball",3,0,3,0,0,3,3,0,"Standard","Standard",37,"0.003","0.042",,,,,"-0.042",,3,3,0.899,0.899,33,28,33,29,2,1,5,1,5,1,"4.55","-0.89","-0.89","40.3",,,,,
"FF","2023-09-29","92.5","-2.57","5.19","Eovaldi, Nathan",645801,543135,"walk","ball",,,,,11,"Mike Ford walks. Teoscar Hernandez to 2nd.","R","L","R","SEA","TEX","B",,,3,0,2023,"-0.93","0.99",-1.2855813454309932,2.3691495800535334,,,606192,0,4,"Bot",,,,,,,5.362472061307434,-134.71313613385064,-3.6269462109085993,-12.492290088370776,26.965332415107778,-19.525136387296538,3.23558183977493,1.45184042951209,,,,"93.6",2096,"6.7",716379,641680,663993,543760,673962,608369,694497,665750,666969,"53.79",,0.695903,"0.7",1,0,0,,33,4,"4-Seam Fastball",3,0,3,0,0,3,3,0,"Infield shade","Standard",230,"0.009","0.172",,,,,"-0.172",,3,3,0.89,0.89,33,30,33,31,2,1,5,1,5,2,"1.65","0.93","-0.93","31.1",,,,,
"FF","2023-09-29","94.6","-2.34","5.49","Eovaldi, Nathan",645801,543135,,"ball",,,,,12,,"R","L","R","SEA","TEX","B",,,2,0,2023,"-0.72","1.2",0.9860382646080497,2.5566733505401693,,,606192,0,4,"Bot",,,,,,,10.354234871977454,-137.39451684555684,-4.707461873871892,-11.200873187599738,27.402976001839807,-16.111742815746158,3.29928318583856,1.4731238149046,,,,"95.8",2203,"6.9",716379,641680,663993,543760,673962,608369,694497,665750,666969,"53.64",,,,,,,,33,3,"4-Seam Fastball",3,0,3,0,0,3,3,0,"Infield shade","Standard",220,"0.007","0.116",,,,,"-0.116",,3,3,0.883,0.883,33,30,33,31,2,1,5,1,5,2,"1.34","0.72","-0.72","35.1",,,,,
"FC","2023-09-29","90.1","-2.36","5.43","Eovaldi, Nathan",645801,543135,,"ball",,,,,14,,"R","L","R","SEA","TEX","B",,,1,0,2023,"0.06","0.8",1.1375213065535996,2.05848867374714,,,606192,0,4,"Bot",,,,,,,8.645573113483486,-131.0375999905498,-4.207672904283343,-0.9118906385850066,24.29721866466571,-22.295126704965053,3.32051507619859,1.45184042951209,,,,"91.5",2252,"6.9",716379,641680,663993,543760,673962,608369,694497,665750,666969,"53.59",,,,,,,,33,2,"Cutter",3,0,3,0,0,3,3,0,"Infield shade","Standard",189,"0.005","0.055",,,,,"-0.055",,3,3,0.878,0.878,33,30,33,31,2,1,5,1,5,2,"1.99","-0.06","0.06","33.2",,,,,
"FS","2023-09-29","88.2","-2.43","5.44","Eovaldi, Nathan",645801,543135,,"ball",,,,,13,,"R","L","R","SEA","TEX","B",,,0,0,2023,"-1.1","0.08",-0.015359431854850225,1.1674713096046339,,,606192,0,4,"Bot",,,,,,,8.232816376758038,-128.32527948831077,-4.595502549745193,-13.722949425963757,22.44764971998324,-30.610321709234476,3.36297598314055,1.45184042951209,,,,"89.6",1526,"6.8",716379,641680,663993,543760,673962,608369,694497,665750,666969,"53.66",,,,,,,,33,1,"Split-Finger",3,0,3,0,0,3,3,0,"Infield shade","Standard",242,"0.002","0.03",,,,,"-0.03",,3,3,0.876,0.876,33,30,33,31,2,1,5,1,5,2,"2.81","1.1","-1.1","32.3",,,,,
"FC","2023-09-29","90.9","-2.47","5.4","Eovaldi, Nathan",663728,543135,"field_out","hit_into_play",,,,,3,"Cal Raleigh flies out to shortstop Corey Seager.","R","L","R","SEA","TEX","X",6,"fly_ball",2,0,2023,"0.05","0.75",0.38604605120622304,3.0055288830073215,,553993,,2,3,"Bot",130.32,119.44,,,,,7.109803247174144,-132.25176548058536,-1.715829150543901,-0.8504631650070971,26.90980588030916,-23.216881742440375,3.48,1.67,203,"65.7",41,"91.8",2334,"6.7",716379,641680,663993,543760,673962,608369,694497,665750,666969,"53.77",0.495,0.485,"0",1,0,0,4,28,3,"Cutter",3,0,3,0,0,3,3,0,"Infield shade","Standard",196,"-0.019","-0.345","75.0","7.1",,0.591,"0.345","88.0",3,3,0.833,0.833,33,26,33,27,2,1,5,1,5,1,"2","-0.05","0.05","31.1",5.840835266762289,5.5718435194365075,31.65522230071183,29.353527720292828,28.282379670954185
"FF","2023-09-29","94.3","-2.44","5.45","Eovaldi, Nathan",663728,543135,,"ball",,,,,12,,"R","L","R","SEA","TEX","B",,,1,0,2023,"-0.87","1.02",0.08343050868942847,3.9322514188608464,,553993,,2,3,"Bot",,,,,,,8.568305810178181,-137.19988275356044,-0.5419392694986652,-12.872096567907032,28.921119890366178,-19.277958475956975,3.48197090554702,1.62711904083729,,,,"95.3",2057,"6.8",716379,641680,663993,543760,673962,608369,694497,665750,666969,"53.73",,,,,,,,28,2,"4-Seam Fastball",3,0,3,0,0,3,3,0,"Infield shade","Standard",227,"0.001","0.029",,,,,"-0.029",,3,3,0.832,0.832,33,26,33,27,2,1,5,1,5,1,"1.53","0.87","-0.87","30.8",,,,,
"FS","2023-09-29","88.2","-2.46","5.5","Eovaldi, Nathan",663728,543135,,"blocked_ball",,,,,14,,"R","L","R","SEA","TEX","B",,,0,0,2023,"-0.89","-0.13",0.10891812678780499,0.5219634682551386,,553993,,2,3,"Bot",,,,,,,8.19020036834255,-128.24488778062792,-5.835033922504765,-11.488946260086504,24.29279176264365,-32.69151639199479,3.48197090554702,1.62711904083729,,,,"89.4",1443,"6.9",716379,641680,663993,543760,673962,608369,694497,665750,666969,"53.61",,,,,,,,28,1,"Split-Finger",3,0,3,0,0,3,3,0,"Infield shade","Standard",243,"0","0.02",,,,,"-0.02",,3,3,0.832,0.832,33,26,33,27,2,1,5,1,5,1,"3.05","0.89","-0.89","32.6",,,,,
"FF","2023-09-29","95.3","-2.41","5.22","Eovaldi, Nathan",553993,543135,"double","hit_into_play",,,,,6,"Eugenio Suarez doubles (29) on a sharp line drive to center fielder Leody Taveras. J.P. Crawford scores.","R","R","R","SEA","TEX","X",8,"line_drive",3,2,2023,"-1.05","1",0.3675220977947078,2.228254105389113,,,641487,2,3,"Bot",129.73,41.16,,,,,9.722541764230515,-138.4657223093178,-4.520046256449645,-15.569421720756116,29.636045499903364,-18.441470026553638,3.4,1.57,341,"108.1",16,"96.1",2138,"6.8",716379,641680,663993,543760,673962,608369,694497,665750,666969,"53.74",0.431,0.595,"1.25",1,1,1,6,27,6,"4-Seam Fastball",2,0,2,0,0,3,3,0,"Standard","Standard",228,"0.084","0.862","75.0","7.4",,1.025,"-0.862","108.1",2,2,0.748,0.748,33,31,33,32,2,1,5,1,5,1,"1.51","1.05","1.05","25.9",8.463219766559009,8.356916222677883,36.759308034128246,39.09298437533394,28.345978808863904
"FF","2023-09-29","95.6","-2.46","5.19","Eovaldi, Nathan",553993,543135,,"called_strike",,,,,6,,"R","R","R","SEA","TEX","S",,,3,1,2023,"-0.96","1.13",0.42482980071879906,2.1155975313807476,,,641487,2,3,"Bot",,,,,,,9.864767576811513,-138.91816228118725,-5.095391348288329,-14.619413292957027,29.912577228500698,-16.481488883409764,3.31692422716961,1.56951706755989,,,,"96.7",2243,"6.9",716379,641680,663993,543760,673962,608369,694497,665750,666969,"53.58",,,,,,,,27,5,"4-Seam Fastball",2,0,2,0,0,2,2,0,"Standard","Standard",228,"-0.004","-0.094",,,,,"0.094",,2,2,0.752,0.752,33,31,33,32,2,1,5,1,5,1,"1.36","0.96","0.96","26.4",,,,,
"FF","2023-09-29","96.5","-2.28","5.3","Eovaldi, Nathan",553993,543135,,"ball",,,,,14,,"R","R","R","SEA","TEX","B",,,2,1,2023,"-0.81","1.15",1.2544203531190736,2.4093146965355787,,,641487,2,3,"Bot",,,,,,,11.324302984591018,-140.11842053917042,-4.785140848441911,-13.125757753534824,30.019295488871574,-16.099173746844077,3.35938545932913,1.59079740633963,,,,"97.5",2132,"6.8",716379,641680,663993,543760,673962,608369,694497,665750,666969,"53.66",,,,,,,,27,4,"4-Seam Fastball",2,0,2,0,0,2,2,0,"Standard","Standard",230,"0.005","0.097",,,,,"-0.097",,2,2,0.747,0.747,33,31,33,32,2,1,5,1,5,1,"1.3","0.81","0.81","31.9",,,,,
"FF","2023-09-29","95.4","-2.42","5.24","Eovaldi, Nathan",553993,543135,,"foul",,,,,2,,"R","R","R","SEA","TEX","S",,,2,0,2023,"-0.93","1.25",-0.20165671963643172,3.074258773666524,,,641487,2,3,"Bot",,,,,,,8.001647933891759,-138.8447800872492,-2.940058876597282,-13.779481971861323,29.02900617364062,-15.474305810317926,3.4,1.57,204,"75.8",21,"96.6",2193,"6.8",716379,641680,663993,543760,673962,608369,694497,665750,666969,"53.66",,,,,,,,27,3,"4-Seam Fastball",2,0,2,0,0,2,2,0,"Standard","Standard",228,"-0.003","-0.051","70.6","7.0",,,"0.051","88.0",2,2,0.75,0.75,33,31,33,32,2,1,5,1,5,1,"1.24","0.93","0.93","26.7",11.057015103372963,11.681296659337718,35.710913194326,32.105949798729114,25.082313757145652
"FS","2023-09-29","88.7","-2.31","5.37","Eovaldi, Nathan",553993,543135,,"ball",,,,,13,,"R","R","R","SEA","TEX","B",,,1,0,2023,"-1.16","-0.3",-0.9361370239825211,0.9123763571178305,,,641487,2,3,"Bot",,,,,,,5.851563656908934,-129.0857114407074,-4.307156575790055,-14.214545524531616,24.367105751585054,-34.87040412146762,3.33815532371626,1.56951706755989,,,,"89.8",1478,"6.8",716379,641680,663993,543760,673962,608369,694497,665750,666969,"53.72",,,,,,,,27,2,"Split-Finger",2,0,2,0,0,2,2,0,"Standard","Standard",243,"0.003","0.037",,,,,"-0.037",,2,2,0.747,0.747,33,31,33,32,2,1,5,1,5,1,"3.17","1.16","1.16","31.3",,,,,
"CU","2023-09-29","74.9","-2.27","5.62","Eovaldi, Nathan",553993,543135,,"ball",,,,,11,,"R","R","R","SEA","TEX","B",,,0,0,2023,"0.64","-0.43",-1.7165449072435277,2.88651194217029,,,641487,2,3,"Bot",,,,,,,0.002297312333445878,-109.13750240132437,2.2371665567189143,5.171146280230129,17.158412140493937,-36.21089909319589,3.2744591754653,1.46310702448924,,,,"75.9",1722,"6.7",716379,641680,663993,543760,673962,608369,694497,665750,666969,"53.8",,,,,,,,27,1,"Curveball",2,0,2,0,0,2,2,0,"Standard","Standard",49,"0.001","0.03",,,,,"-0.03",,2,2,0.746,0.746,33,31,33,32,2,1,5,1,5,1,"4.45","-0.64","-0.64","37.5",,,,,
"FF","2023-09-29","95.1","-2.44","5.31","Eovaldi, Nathan",677594,543135,"strikeout","swinging_strike",,,,,11,"Julio Rodriguez strikes out swinging.","R","R","R","SEA","TEX","S",2,,0,2,2023,"-0.7","1.47",-1.0221811004094827,3.5705628096542057,,,641487,1,3,"Bot",,,,,,,5.35051847503543,-138.48110538029968,-2.25190911671013,-10.19766899505893,29.038912991046143,-12.95023443217604,3.28,1.5,,,,"96.4",2132,"6.9",716379,641680,663993,543760,673962,608369,694497,665750,666969,"53.64",,0,"0",1,0,0,,26,3,"4-Seam Fastball",2,0,2,0,0,2,2,0,"Standard","Standard",226,"-0.012","-0.16","51.6","5.2","1.054398384",,"0.16",,2,2,0.758,0.758,33,22,33,23,2,1,5,1,5,1,"1.04","0.7","0.7","30.2",-20.723626546737286,45.8848469787455,39.63579564900827,25.415363853900057,12.355367164056158
"FS","2023-09-29","88","-2.48","5.37","Eovaldi, Nathan",677594,543135,,"foul",,,,,14,,"R","R","R","SEA","TEX","S",,,0,1,2023,"-0.93","0.04",0.18910893886446467,0.6079303441156214,,,641487,1,3,"Bot",,,,,,,8.503743609926216,-127.99438402116985,-5.642232093946176,-11.842104644596068,23.28989654802482,-30.89651202050539,3.28,1.5,,,,"89.4",1467,"6.9",716379,641680,663993,543760,673962,608369,694497,665750,666969,"53.59",,,,,,,,26,2,"Split-Finger",2,0,2,0,0,2,2,0,"Standard","Standard",243,"-0.005","-0.053","74.5","8.4",,,"0.053",,2,2,0.763,0.763,33,22,33,23,2,1,5,1,5,1,"2.88","0.93","0.93","32.1",6.629467819003653,-2.407247967521034,41.010596506554876,39.08961176659848,30.91038230794246
"FS","2023-09-29","87.6","-2.35","5.51","Eovaldi, Nathan",677594,543135,,"called_strike",,,,,6,,"R","R","R","SEA","TEX","S",,,0,0,2023,"-0.5","0.3",0.4218941411975101,2.341267212219173,,,641487,1,3,"Bot",,,,,,,7.81858700442704,-127.46717724556723,-2.239181980476721,-6.928603165135889,22.67163996744656,-28.599440601543844,3.30288259219253,1.4781224229399,,,,"88.9",1390,"6.8",716379,641680,663993,543760,673962,608369,694497,665750,666969,"53.68",,,,,,,,26,1,"Split-Finger",2,0,2,0,0,2,2,0,"Standard","Standard",244,"-0.003","-0.042",,,,,"0.042",,2,2,0.766,0.766,33,22,33,23,2,1,5,1,5,1,"2.63","0.5","0.5","33.7",,,,,
"FS","2023-09-24","86.3","-2.2","5.63","Eovaldi, Nathan",606192,543135,"walk","blocked_ball",,,,,14,"Teoscar Hernandez walks. Cal Raleigh to 2nd.","R","R","R","TEX","SEA","B",,,3,2,2023,"-1.22","0.19",0.24642126854837088,0.5264215738824967,677594,,663728,0,6,"Top",,,,,,,8.444675217925049,-125.38288946371486,-6.413792718113268,-14.541025469359065,24.212501765980964,-29.037890259501204,3.31865776254383,1.52246604419016,,,,"87.9",1604,"7.3",716446,641680,663993,543760,673962,608369,694497,665750,666969,"53.21",,0.695903,"0.7",1,0,0,,45,8,"Split-Finger",7,2,2,7,2,7,2,7,"Standard","Standard",229,"-0.043","0.213",,,,,"-0.213",,5,-5,0.881,0.119,33,30,33,31,3,2,5,1,5,1,"2.87","1.22","1.22","35.7",,,,,
"FS","2023-09-24","86.7","-2.32","5.6","Eovaldi, Nathan",606192,543135,,"foul",,,,,13,,"R","R","R","TEX","SEA","S",,,3,2,2023,"-1.15","0.43",-0.2671027717320662,1.161649044211034,677594,,663728,0,6,"Top",,,,,,,7.371943357944044,-125.98517397943655,-5.384527472032717,-13.673546368902237,24.159697498149722,-26.704402728320265,3.48,1.63,2,"75.3",-28,"88.2",1646,"7.2",716446,641680,663993,543760,673962,608369,694497,665750,666969,"53.33",,,,,,,,45,7,"Split-Finger",7,2,2,7,2,7,2,7,"Standard","Standard",229,"0","0",,,,,"0","88.0",5,-5,0.881,0.119,33,30,33,31,3,2,5,1,5,1,"2.6","1.15","1.15","34.7",,,,,
"CU","2023-09-24","74.3","-2.12","5.78","Eovaldi, Nathan",606192,543135,,"blocked_ball",,,,,14,,"R","R","R","TEX","SEA","B",,,2,2,2023,"0.97","-0.46",0.27583603781572663,0.5804159425800623,677594,,663728,0,6,"Top",,,,,,,3.2488124712206212,-108.17373688171692,-2.6337081356748326,7.048432787152455,18.752969422642863,-35.56902125523374,3.29193440954019,1.49581699230147,,,,"75.3",1840,"7",716446,641680,663993,543760,673962,608369,694497,665750,666969,"53.54",,,,,,,,45,6,"Curveball",7,2,2,7,2,7,2,7,"Standard","Standard",40,"-0.012","0.1",,,,,"-0.1",,5,-5,0.893,0.10699999999999998,33,30,33,31,3,2,5,1,5,1,"4.59","-0.97","-0.97","40.2",,,,,
"FS","2023-09-24","87.1","-2.34","5.6","Eovaldi, Nathan",606192,543135,,"foul",,,,,13,,"R","R","R","TEX","SEA","S",,,2,2,2023,"-1","0.3",-1.0974671385838053,1.8732673796321313,677594,,663728,0,6,"Top",,,,,,,5.104240174692604,-126.75047234955608,-3.4613970157573086,-11.762356655753855,24.62133579973077,-28.41045707629082,3.48,1.63,,,,"88.4",1568,"7",716446,641680,663993,543760,673962,608369,694497,665750,666969,"53.54",,,,,,,,45,5,"Split-Finger",7,2,2,7,2,7,2,7,"Standard","Standard",232,"0","0","70.2","6.9",,,"0",,5,-5,0.893,0.10699999999999998,33,30,33,31,3,2,5,1,5,1,"2.69","1","1","35.8",2.1560970294306387,14.278165930385981,41.394200051990694,24.09869042990457,20.86868013941436
"FF","2023-09-24","93","-2.35","5.48","Eovaldi, Nathan",606192,543135,,"foul",,,,,7,,"R","R","R","TEX","SEA","S",,,2,1,2023,"-0.79","1.13",-0.4422068836148543,2.1554443459895465,677594,,663728,0,6,"Top",,,,,,,6.754475786215058,-135.22296557192553,-5.3229691080032175,-11.175910741179221,29.105687314725344,-17.308724361203076,3.48,1.63,210,"77.7",54,"94.7",2165,"7.3",716446,641680,663993,543760,673962,608369,694497,665750,666969,"53.21",,,,,,,,45,4,"4-Seam Fastball",7,2,2,7,2,7,2,7,"Standard","Standard",219,"0.01","-0.059","76.9","7.8",,,"0.059","88.0",5,-5,0.883,0.11699999999999999,33,30,33,31,3,2,5,1,5,1,"1.5","0.79","0.79","31.2",8.46018861136654,10.698742130789771,37.78812310030665,32.4195152095406,25.579470890346695
"FC","2023-09-24","90.5","-2.22","5.58","Eovaldi, Nathan",606192,543135,,"ball",,,,,14,,"R","R","R","TEX","SEA","B",,,1,1,2023,"0.16","1.14",0.8513206713666227,1.5998670045690748,677594,,663728,0,6,"Top",,,,,,,7.433912958457434,-131.55726098507358,-6.520266385692309,0.2631481801785382,27.47306359063523,-17.76143419969762,3.34538288969547,1.52246604419016,,,,"91.9",2378,"7.1",716446,641680,663993,543760,673962,608369,694497,665750,666969,"53.38",,,,,,,,45,3,"Cutter",7,2,2,7,2,7,2,7,"Standard","Standard",200,"-0.007","0.024",,,,,"-0.024",,5,-5,0.89,0.10999999999999999,33,30,33,31,3,2,5,1,5,1,"1.65","-0.16","-0.16","33.6",,,,,
"FS","2023-09-24","85.1","-2.3","5.61","Eovaldi, Nathan",606192,543135,,"ball",,,,,14,,"R","R","R","TEX","SEA","B",,,0,1,2023,"-0.82","0.42",0.5864672396146315,0.9094033302247793,677594,,663728,0,6,"Top",,,,,,,8.566254383555998,-123.62654808496464,-5.6560101205131685,-10.046548887041155,23.76480944510878,-26.947653857908847,3.31865776254383,1.52246604419016,,,,"86.7",1651,"7.3",716446,641680,663993,543760,673962,608369,694497,665750,666969,"53.18",,,,,,,,45,2,"Split-Finger",7,2,2,7,2,7,2,7,"Standard","Standard",233,"-0.003","0.005",,,,,"-0.005",,5,-5,0.893,0.10699999999999998,33,30,33,31,3,2,5,1,5,1,"2.73","0.82","0.82","34.1",,,,,
"FS","2023-09-24","84.3","-2.35","5.74","Eovaldi, Nathan",606192,543135,,"called_strike",,,,,2,,"R","R","R","TEX","SEA","S",,,0,0,2023,"-0.58","0.88",0.11158198837744282,2.853045788767864,677594,,663728,0,6,"Top",,,,,,,6.9647972506521105,-122.69708875278792,-2.1142806598289634,-7.245535558738557,23.775555834973694,-23.068787043152426,3.13163068427837,1.46916899781523,,,,"85.5",1544,"7",716446,641680,663993,543760,673962,608369,694497,665750,666969,"53.5",,,,,,,,45,1,"Split-Finger",7,2,2,7,2,7,2,7,"Standard","Standard",235,"0.005","-0.02",,,,,"0.02",,5,-5,0.888,0.11199999999999999,33,30,33,31,3,2,5,1,5,1,"2.32","0.58","0.58","36.6",,,,,
"FS","2023-09-24","84.1","-2.2","5.78","Eovaldi, Nathan",663728,543135,"single","hit_into_play",,,,,8,"Cal Raleigh singles on a sharp ground ball to right fielder Adolis Garcia. Julio Rodriguez to 3rd.","R","L","R","TEX","SEA","X",9,"ground_ball",0,1,2023,"-1.06","0.25",-0.03991103391522954,1.903888701401942,,,677594,0,6,"Top",201.56,114.11,,,,,7.246398033170733,-122.40509663344837,-3.1988903643752225,-12.019487599342748,22.190001951250395,-29.247821802407405,3.48,1.68,16,"102",-6,"86",1450,"7.3",716446,641680,663993,543760,673962,608369,694497,665750,666969,"53.18",0.342,0.315,"0.9",1,1,0,2,44,2,"Split-Finger",7,2,2,7,2,7,2,7,"Infield shade","Standard",232,"-0.047","0.489","78.9","8.1",,0.414,"-0.489","102.0",5,-5,0.935,0.06499999999999995,33,26,33,27,3,2,5,1,5,1,"2.95","1.06","-1.06","38.5",17.447754828339402,-5.3282439888605415,34.69193337037371,36.41344579764669,39.27911940336598
"FC","2023-09-24","88.4","-2.28","5.71","Eovaldi, Nathan",663728,543135,,"called_strike",,,,,6,,"R","L","R","TEX","SEA","S",,,0,0,2023,"0.09","0.59",0.6139134905984561,2.6244931317942255,,,677594,0,6,"Top",,,,,,,6.948037322951094,-128.55506205468092,-2.6965510002839,-0.4013801468181569,26.46911276221167,-25.258936773848895,3.53250978372267,1.67907069681414,,,,"89.7",2105,"7.1",716446,641680,663993,543760,673962,608369,694497,665750,666969,"53.41",,,,,,,,44,1,"Cutter",7,2,2,7,2,7,2,7,"Infield shade","Standard",189,"0.003","-0.036",,,,,"0.036",,5,-5,0.932,0.06799999999999995,33,26,33,27,3,2,5,1,5,1,"2.33","-0.09","0.09","36.1",,,,,
"FF","2023-09-24","93.4","-2.27","5.59","Eovaldi, Nathan",641487,543135,"field_out","hit_into_play",,,,,9,"J.P. Crawford grounds out, shortstop Corey Seager to first baseman Nathaniel Lowe.","R","L","R","TEX","SEA","X",6,"ground_ball",0,0,2023,"-0.89","0.98",0.6061997187372808,1.7964496029498822,664034,,,2,5,"Top",113.92,147.96,,,,,9.485289541646608,-135.67442318817734,-6.242049798002701,-13.024536595159574,29.763856029542676,-18.796404987142534,3.27,1.55,10,"96",-9,"94.6",2047,"7.1",716446,641680,663993,543760,673962,608369,694497,665750,666969,"53.39",0.231,0.208,"0",1,0,0,2,39,1,"4-Seam Fastball",7,2,2,7,2,7,2,7,"Standard","Standard",222,"0.014","-0.293","70.4","6.7",,0.272,"0.293","96.0",5,-5,0.946,0.05400000000000005,33,28,33,28,3,2,5,1,5,1,"1.64","0.89","-0.89","33.6",-14.096221748757316,14.56187033028365,44.06362312214134,32.540327684708174,25.57871128545579
"CU","2023-09-24","71.1","-2.01","5.93","Eovaldi, Nathan",668942,543135,"field_out","hit_into_play",,,,,4,"Josh Rojas grounds out, first baseman Nathaniel Lowe to pitcher Nathan Eovaldi. Ty France to 3rd.","R","L","R","TEX","SEA","X",3,"ground_ball",0,0,2023,"0.66","-0.43",-0.44262567323872903,2.7852634362953603,,664034,,1,5,"Top",159.86,169.12,,,,,1.970436966350461,-103.45782853489808,2.1491105728249007,4.41932358295933,17.315896681340323,-35.80423428912122,3.44,1.66,19,"68.3",-6,"71.7",1746,"6.8",716446,641680,663993,543760,673962,608369,694497,665750,666969,"53.72",0.061,0.058,"0",1,0,0,2,38,1,"Curveball",7,2,2,7,2,7,2,7,"Standard","Standard",42,"0.017","-0.276","67.3","7.7",,0.102,"0.276","88.0",5,-5,0.929,0.07099999999999995,33,29,33,29,2,1,5,2,5,1,"4.94","-0.66","0.66","43.1",25.370956525446715,-15.848799538179925,27.30386070985963,45.06250921118048,39.18049651940925
"SL","2023-09-24","83.4","-2.34","5.71","Eovaldi, Nathan",664034,543135,"single","hit_into_play",,,,,6,"Ty France singles on a sharp ground ball to center fielder Leody Taveras. Jarred Kelenic out at home on the throw, center fielder Leody Taveras to catcher Jonah Heim.","R","R","R","TEX","SEA","X",8,"ground_ball",0,0,2023,"0.49","0.39",0.6786510514762296,2.411170369647951,,672284,,2,2,"Top",124.2,83.29,,,,,6.058953039535298,-121.43624385108657,-1.944617122845477,3.6344635474808924,23.68499507916984,-28.142721950707095,3.27,1.49,109,"102.4",7,"84.6",2083,"7",716446,641680,663993,543760,673962,608369,694497,665750,666969,"53.49",0.639,0.576,"0.9",1,1,0,4,12,1,"Slider",1,1,1,1,1,1,1,1,"Standard","Standard",137,"0.034","0.675","71.9","7.7",,0.678,"-0.675","102.4",0,0,0.517,0.483,33,28,33,29,1,0,5,1,5,1,"2.88","-0.49","-0.49","35.8",11.208900803528413,8.671091379276875,29.33963189594462,42.57572147110534,28.66375144512029
"FS","2023-09-24","84.4","-2.27","5.71","Eovaldi, Nathan",645801,543135,"strikeout","swinging_strike",,,,,7,"Mike Ford strikes out swinging. Jarred Kelenic steals (13) 2nd base.","R","L","R","TEX","SEA","S",2,,2,2,2023,"-1.22","0.04",-0.6354319152129353,1.6490869813868985,,,672284,1,2,"Top",,,,,,,6.307911556637673,-122.73894678897733,-3.190788842824827,-13.561437627016163,23.890784349228813,-31.3451438367156,3.31,1.58,,,,"85.3",1623,"6.9",716446,641680,663993,543760,673962,608369,694497,665750,666969,"53.61",,0,"0",1,0,0,,11,5,"Split-Finger",1,1,1,1,1,1,1,1,"Infield shade","Standard",236,"0.015","-0.23","68.8","8.0","1.6901484",,"0.23",,0,0,0.502,0.498,33,30,33,31,1,0,5,5,5,2,"3.16","1.22","-1.22","36.5",30.94011431636823,-24.849500641639537,31.218507607210125,41.57449145778258,44.7767850592772
"FC","2023-09-24","88.5","-2.31","5.67","Eovaldi, Nathan",645801,543135,,"foul",,,,,5,,"R","L","R","TEX","SEA","S",,,2,1,2023,"0.18","0.87",0.2380566439445613,2.726052720680589,,,672284,1,2,"Top",,,,,,,5.894199951593524,-128.79205807667066,-2.95939137201169,0.781175855829588,26.985461935682974,-22.070054516513697,3.31,1.58,179,"111",11,"89.4",2145,"6.9",716446,641680,663993,543760,673962,608369,694497,665750,666969,"53.63",,,,,,,,11,4,"Cutter",1,1,1,1,1,1,1,1,"Infield shade","Standard",199,"0.009","-0.054","78.7","7.6",,,"0.054","111.0",0,0,0.493,0.507,33,30,33,31,1,0,5,5,5,2,"2.04","-0.18","0.18","35.9",24.772862600755126,-18.41666255788856,27.886663667805262,31.94966567812498,39.82444502993229
"FS","2023-09-24","84.3","-2.32","5.73","Eovaldi, Nathan",645801,543135,,"called_strike",,,,,8,,"R","L","R","TEX","SEA","S",,,2,0,2023,"-0.98","0.07",-0.19170487418501347,1.5509689612715554,,,672284,1,2,"Top",,,,,,,6.976001453593885,-122.66474351113344,-3.5528635253988536,-11.258025202933986,22.70320360625019,-30.944795294749945,3.36248830087987,1.55242391914577,,,,"85.4",1552,"6.8",716446,641680,663993,543760,673962,608369,694497,665750,666969,"53.67",,,,,,,,11,3,"Split-Finger",1,1,1,1,1,1,1,1,"Infield shade","Standard",234,"0.008","-0.061",,,,,"0.061",,0,0,0.485,0.515,33,30,33,31,1,0,5,5,5,2,"3.12","0.98","-0.98","38.3",,,,,
"FS","2023-09-24","84.7","-2.31","5.65","Eovaldi, Nathan",645801,543135,,"blocked_ball",,,,,14,,"R","L","R","TEX","SEA","B",,,1,0,2023,"-1.08","-0.08",0.19017724549713888,0.5803128912221083,,,672284,1,2,"Top",,,,,,,8.088525725421903,-123.0957305567564,-5.406389867500944,-12.522501559902024,22.625941907133345,-32.19105756417119,3.3357620300411,1.57907525410972,,,,"85.9",1651,"7",716446,641680,663993,543760,673962,608369,694497,665750,666969,"53.53",,,,,,,,11,2,"Split-Finger",1,1,1,1,1,1,1,1,"Infield shade","Standard",239,"-0.008","0.054",,,,,"-0.054",,0,0,0.493,0.507,33,30,33,31,1,0,5,5,5,2,"3.25","1.08","-1.08","33.9",,,,,
"FC","2023-09-24","87.9","-2.2","5.72","Eovaldi, Nathan",645801,543135,,"ball",,,,,14,,"R","L","R","TEX","SEA","B",,,0,0,2023,"0.09","0.69",1.5203517832333717,2.4982889682046396,,,672284,1,2,"Top",,,,,,,8.960043261218855,-127.80228552692273,-3.1420355071738113,-0.8408064320622876,26.423628166416393,-24.149605886165357,3.41594625801118,1.6057276814893,,,,"89.2",2111,"7.1",716446,641680,663993,543760,673962,608369,694497,665750,666969,"53.36",,,,,,,,11,1,"Cutter",1,1,1,1,1,1,1,1,"Infield shade","Standard",199,"-0.004","0.036",,,,,"-0.036",,0,0,0.497,0.503,33,30,33,31,1,0,5,5,5,2,"2.27","-0.09","0.09","37.3",,,,,
"FS","2023-09-24","82.7","-2.23","5.62","Eovaldi, Nathan",553993,543135,"strikeout","swinging_strike",,,,,4,"Eugenio Suarez strikes out swinging.","R","R","R","TEX","SEA","S",2,,2,2,2023,"-1.17","-0.15",-0.5861801974375533,2.183467224571947,,,672284,0,2,"Top",,,,,,,6.104930586496795,-120.35431683963948,-1.0784031003080061,-12.513307278494521,22.08779126285504,-33.64775170542619,3.44,1.59,,,,"84",1585,"7",716446,641680,663993,543760,673962,608369,694497,665750,666969,"53.48",,0,"0",1,0,0,,10,5,"Split-Finger",1,1,1,1,1,1,1,1,"Standard","Standard",237,"0.03","-0.21","76.5","8.1","0.536079888",,"0.21",,0,0,0.467,0.5329999999999999,33,31,33,32,1,0,5,1,5,1,"3.47","1.17","1.17","39.7",26.980235479159322,-29.968776854067876,34.7863731756265,29.541266872173185,48.92572015364913
"FF","2023-09-24","92.6","-2.31","5.51","Eovaldi, Nathan",553993,543135,,"foul",,,,,6,,"R","R","R","TEX","SEA","S",,,2,1,2023,"-0.72","1.19",0.3986126579767427,2.42609566469287,,,672284,0,2,"Top",,,,,,,8.604370415254829,-134.53910543720326,-4.696159120281373,-10.600703462542457,29.56765463996524,-16.933433069141316,3.44,1.59,211,"85.7",60,"93.8",2141,"7.1",716446,641680,663993,543760,673962,608369,694497,665750,666969,"53.39",,,,,,,,10,4,"4-Seam Fastball",1,1,1,1,1,1,1,1,"Standard","Standard",218,"0.011","-0.056","76.6","7.8",,,"0.056","88.0",0,0,0.456,0.544,33,31,33,32,1,0,5,1,5,1,"1.48","0.72","0.72","32.1",13.256610076903701,4.981148897867195,40.09184384824493,42.110535765685185,24.56800185544708
"FS","2023-09-24","86.1","-2.29","5.58","Eovaldi, Nathan",553993,543135,,"blocked_ball",,,,,14,,"R","R","R","TEX","SEA","B",,,1,1,2023,"-0.78","0.09",1.1752199070213143,0.5391816350638665,,,672284,0,2,"Top",,,,,,,9.921017520633413,-124.94831141569662,-6.018139698695675,-10.003416160336338,22.764755110880166,-30.201452675713536,3.33212123606858,1.53577226430317,,,,"87.5",1579,"7.1",716446,641680,663993,543760,673962,608369,694497,665750,666969,"53.4",,,,,,,,10,3,"Split-Finger",1,1,1,1,1,1,1,1,"Standard","Standard",237,"-0.008","0.042",,,,,"-0.042",,0,0,0.464,0.536,33,31,33,32,1,0,5,1,5,1,"2.97","0.78","0.78","33.0",,,,,
"SL","2023-09-24","82.6","-2.22","5.71","Eovaldi, Nathan",553993,543135,,"ball",,,,,14,,"R","R","R","TEX","SEA","B",,,0,1,2023,"0.68","0.1",1.7378481826639707,1.526725227381346,,,672284,0,2,"Top",,,,,,,7.83213897358603,-120.08332565186758,-3.2567924641960984,5.0808874310932035,22.692715757802734,-30.772038914430578,3.38557508751905,1.61572750609241,,,,"84.2",2126,"7.3",716446,641680,663993,543760,673962,608369,694497,665750,666969,"53.2",,,,,,,,10,2,"Slider",1,1,1,1,1,1,1,1,"Standard","Standard",130,"-0.003","0.024",,,,,"-0.024",,0,0,0.467,0.5329999999999999,33,31,33,32,1,0,5,1,5,1,"3.24","-0.68","-0.68","37.5",,,,,
"FF","2023-09-24","93.9","-2.41","5.48","Eovaldi, Nathan",553993,543135,,"called_strike",,,,,3,,"R","R","R","TEX","SEA","S",,,0,0,2023,"-0.9","1.25",0.45622589040633743,3.1235136623539486,,,672284,0,2,"Top",,,,,,,9.541193964024481,-136.52823408224177,-3.214529684716105,-13.279416927214513,28.92020088997241,-15.931036990846467,3.41230472564547,1.53577226430317,,,,"95.4",2139,"7.1",716446,641680,663993,543760,673962,608369,694497,665750,666969,"53.37",,,,,,,,10,1,"4-Seam Fastball",1,1,1,1,1,1,1,1,"Standard","Standard",223,"0.005","-0.036",,,,,"0.036",,0,0,0.462,0.538,33,31,33,32,1,0,5,1,5,1,"1.33","0.9","0.9","30.5",,,,,
"FF","2023-09-19","93","-2.24","5.51","Eovaldi, Nathan",646240,543135,"grounded_into_double_play","hit_into_play",,,,,13,"Rafael Devers grounds into a double play, third baseman Josh Jung to shortstop Corey Seager to first baseman Nathaniel Lowe. Alex Verdugo out at 2nd. Rafael Devers out at 1st.","R","L","R","TEX","BOS","X",5,"ground_ball",3,1,2023,"-0.92","0.9",-0.8568450411148143,2.2036710598785154,,,657077,0,5,"Top",116.7,166.47,,,,,5.639261725700862,-135.31997100982522,-4.76531678627678,-12.480899414531793,27.251188123405363,-20.313757989145607,3.43,1.57,7,"96.2",-17,"94.7",2056,"7.1",716519,641680,663993,543760,673962,608369,694497,665750,666969,"53.41",0.141,0.139,"0",1,0,0,2,36,5,"4-Seam Fastball",1,3,3,1,3,1,3,1,"Infield shade","Strategic",223,"0.074","-0.481","72.6","7.3",,0.16,"0.481","96.2",-2,2,0.206,0.794,33,26,33,27,3,2,5,1,5,1,"1.72","0.92","-0.92","38.6",-6.49297090162864,25.876143069271997,27.137700849371544,46.72674162659341,14.954280452358176
"FF","2023-09-19","92","-2.22","5.63","Eovaldi, Nathan",646240,543135,,"ball",,,,,11,,"R","L","R","TEX","BOS","B",,,2,1,2023,"-0.82","1.15",-0.1605222934598306,4.204618022576572,,,657077,0,5,"Top",,,,,,,7.1280498659122165,-133.87529965252764,-0.3191700572675492,-11.387017956265868,26.225733594546547,-18.399335606471627,3.4718098067221,1.6023452349034,,,,"93.7",2122,"7.1",716519,641680,663993,543760,673962,608369,694497,665750,666969,"53.39",,,,,,,,36,4,"4-Seam Fastball",1,3,3,1,3,1,3,1,"Infield shade","Standard",217,"-0.012","0.101",,,,,"-0.101",,-2,2,0.218,0.782,33,26,33,27,3,2,5,1,5,1,"1.52","0.82","-0.82","35.6",,,,,
"CU","2023-09-19","73.8","-2.14","5.8","Eovaldi, Nathan",646240,543135,,"ball",,,,,11,,"R","L","R","TEX","BOS","B",,,1,1,2023,"0.88","-0.12",-1.8755017351720062,3.7327769964027198,,,657077,0,5,"Top",,,,,,,-1.0099323035200807,-107.40369827686631,3.282328037729323,7.009739215511816,17.50593598225807,-33.81864432252283,3.50293487446067,1.52661616122318,,,,"74.6",1643,"6.7",716519,641680,663993,543760,673962,608369,694497,665750,666969,"53.76",,,,,,,,36,3,"Curveball",1,3,3,1,3,1,3,1,"Infield shade","Standard",50,"-0.005","0.042",,,,,"-0.042",,-2,2,0.223,0.777,33,26,33,27,3,2,5,1,5,1,"4.28","-0.88","0.88","39.4",,,,,
"FC","2023-09-19","88.4","-2.23","5.75","Eovaldi, Nathan",646240,543135,,"foul",,,,,2,,"R","L","R","TEX","BOS","S",,,1,0,2023,"0","0.71",0.11759071464140448,3.0662148943700727,,,657077,0,5,"Top",,,,,,,5.8059283031747375,-128.68363943256665,-2.002993488532186,-1.1301371456818277,25.259262719546964,-24.052847811228244,3.43,1.57,70,"76.6",8,"89.8",2193,"7",716519,641680,663993,543760,673962,608369,694497,665750,666969,"53.47",,,,,,,,36,2,"Cutter",1,3,3,1,3,1,3,1,"Infield shade","Standard",190,"0.005","-0.042","73.8","6.9",,,"0.042","88.0",-2,2,0.218,0.782,33,26,33,27,3,2,5,1,5,1,"2.19","0","0","37.5",5.784286399538208,15.103732503643968,22.74382550069426,35.322345442847364,21.574171587439853
"FF","2023-09-19","93","-2.31","5.72","Eovaldi, Nathan",646240,543135,,"ball",,,,,13,,"R","L","R","TEX","BOS","B",,,0,0,2023,"-1","0.97",-1.7179743465424977,1.941747400009081,,,657077,0,5,"Top",,,,,,,3.7699430296202894,-135.42443785580775,-6.146557242982866,-13.131074005155169,27.50852698773964,-19.150444041732374,3.47521138758697,1.57000261196608,,,,"94.4",1946,"6.9",716519,641680,663993,543760,673962,608369,694497,665750,666969,"53.58",,,,,,,,36,1,"4-Seam Fastball",1,3,3,1,3,1,3,1,"Infield shade","Standard",223,"-0.004","0.03",,,,,"-0.03",,-2,2,0.222,0.778,33,26,33,27,3,2,5,1,5,1,"1.65","1","-1","38.3",,,,,
"FS","2023-09-19","84.6","-2.17","5.66","Eovaldi, Nathan",596115,543135,"field_out","hit_into_play",,,,,13,"Trevor Story flies out to left fielder Evan Carter.","R","R","R","TEX","BOS","X",7,"fly_ball",1,0,2023,"-0.98","0.32",-0.3819712455499523,1.4493481394724732,,807799,594807,2,3,"Top",78.44,82.7,,,,,6.219423664257738,-123.14065463543706,-4.234533635314166,-11.11882064140502,21.997717932133796,-28.3302105413114,3.46,1.63,310,"82.4",36,"86.3",1413,"7.2",716519,641680,663993,543760,673962,608369,694497,665750,666969,"53.33",0.024,0.026,"0",1,0,0,3,24,2,"Split-Finger",1,3,3,1,3,1,3,1,"Standard","Standard",235,"0.037","-0.326","74.8","8.1",,0.041,"0.326","88.0",-2,2,0.291,0.7090000000000001,33,30,33,31,2,1,5,1,5,3,"2.84","0.98","0.98","37.6",18.96928778230242,-11.371848015045215,43.97255128023299,33.63646373713422,44.1383306309691
"CU","2023-09-19","73.9","-2.1","5.76","Eovaldi, Nathan",596115,543135,,"ball",,,,,11,,"R","R","R","TEX","BOS","B",,,0,0,2023,"0.86","-0.12",-0.7190428584385987,3.9310965790038703,,807799,594807,2,3,"Top",,,,,,,1.335523169994765,-107.61825686157084,3.7726450026746465,6.458806674186725,17.57047346182358,-33.898702757877295,3.33101259589387,1.58157154318843,,,,"75.4",1745,"7.2",716519,641680,663993,543760,673962,608369,694497,665750,666969,"53.31",,,,,,,,24,1,"Curveball",1,3,3,1,3,1,3,1,"Standard","Standard",46,"-0.002","0.03",,,,,"-0.03",,-2,2,0.293,0.7070000000000001,33,30,33,31,2,1,5,1,5,3,"4.26","-0.86","-0.86","40.2",,,,,
"FC","2023-09-19","89.8","-2.33","5.63","Eovaldi, Nathan",594807,543135,"single","hit_into_play",,,,,8,"Adam Duvall singles on a ground ball to center fielder Leody Taveras. Masataka Yoshida to 2nd.","R","R","R","TEX","BOS","X",8,"ground_ball",0,1,2023,"-0.27","0.6",0.11752897593452066,1.97687553264298,,,807799,2,3,"Top",122.15,85.3,,,,,6.733827196566425,-130.59889100592724,-4.358984640888986,-4.528933386760325,27.903450535178212,-24.61477975187306,3.37,1.57,61,"95.4",3,"90.9",2310,"7",716519,641680,663993,543760,673962,608369,694497,665750,666969,"53.47",0.471,0.449,"0.9",1,1,0,4,23,2,"Cutter",1,3,3,1,3,1,3,1,"Standard","Standard",188,"-0.019","0.413","75.3","7.1",,0.553,"-0.413","95.4",-2,2,0.312,0.688,33,34,33,35,2,1,5,1,5,1,"2.24","0.27","0.27","34.1",5.348313124292108,8.840841008330553,33.95779833738689,38.32821267723049,23.450766777456547
"FF","2023-09-19","93.7","-2.21","5.48","Eovaldi, Nathan",594807,543135,,"called_strike",,,,,8,,"R","R","R","TEX","BOS","S",,,0,0,2023,"-0.99","1.1",0.21585093837598934,1.4358500878675942,,,807799,2,3,"Top",,,,,,,8.555891713152924,-135.98899319833862,-7.182679915860193,-14.156327426268138,30.370087143056654,-17.083375780127174,3.45172578422121,1.54982965720572,,,,"94.6",2133,"7",716519,641680,663993,543760,673962,608369,694497,665750,666969,"53.51",,,,,,,,23,1,"4-Seam Fastball",1,3,3,1,3,1,3,1,"Standard","Standard",226,"0.003","-0.045",,,,,"0.045",,-2,2,0.309,0.6910000000000001,33,34,33,35,2,1,5,1,5,1,"1.51","0.99","0.99","31.0",,,,,
"FS","2023-09-19","87.2","-2.29","5.7","Eovaldi, Nathan",807799,543135,"single","hit_into_play",,,,,4,"Masataka Yoshida singles on a ground ball to center fielder Leody Taveras. Luis Urias scores. Rafael Devers scores.","R","L","R","TEX","BOS","X",8,"ground_ball",2,0,2023,"-1.27","0.17",-0.7467607177143616,2.224277164111273,649966,646240,,2,3,"Top",147.59,83.49,,,,,6.408116629114903,-126.90802128907521,-2.589519908533844,-15.065484321106462,24.930936691695877,-30.069767502728894,3.21,1.43,15,"96.9",-7,"88.4",1632,"6.9",716519,641680,663993,543760,673962,608369,694497,665750,666969,"53.57",0.225,0.212,"0.9",1,1,0,2,22,3,"Split-Finger",1,1,1,1,3,1,3,1,"Standard","Standard",236,"-0.176","0.678","71.3","7.4",,0.225,"-0.678","96.9",0,0,0.485,0.515,33,29,33,30,2,1,5,2,5,1,"2.82","1.27","-1.27","39.2",0.9069649724225244,12.27912842458811,29.86934911619202,42.748924480437395,25.555648224745244
"FF","2023-09-19","92.8","-2.19","5.56","Eovaldi, Nathan",807799,543135,,"ball",,,,,14,,"R","L","R","TEX","BOS","B",,,1,0,2023,"-0.82","1.07",1.1015734645776385,1.6711830653673037,649966,646240,,2,3,"Top",,,,,,,10.303675496122397,-134.65475800554944,-6.5383550599458236,-12.121628094503333,28.56677273892804,-17.889409120413475,3.30683323248579,1.50614541893638,,,,"93.7",2152,"6.9",716519,641680,663993,543760,673962,608369,694497,665750,666969,"53.56",,,,,,,,22,2,"4-Seam Fastball",1,1,1,1,1,1,1,1,"Standard","Standard",218,"-0.003","0.037",,,,,"-0.037",,0,0,0.488,0.512,33,29,33,30,2,1,5,2,5,1,"1.59","0.82","-0.82","35.3",,,,,
"FC","2023-09-19","88.3","-2.22","5.64","Eovaldi, Nathan",807799,543135,,"ball",,,,,14,,"R","L","R","TEX","BOS","B",,,0,0,2023,"-0.04","0.66",0.7308887276230592,1.2872146574308099,649966,646240,,2,3,"Top",,,,,,,7.390089233600546,-128.32884953457057,-5.987116435197215,-1.958451937200451,25.911039621623107,-23.79343860513702,3.30669404840197,1.42999707838598,,,,"89.7",2165,"7.2",716519,641680,663993,543760,673962,608369,694497,665750,666969,"53.34",,,,,,,,22,1,"Cutter",1,1,1,1,1,1,1,1,"Standard","Standard",193,"-0.002","0.018",,,,,"-0.018",,0,0,0.49,0.51,33,29,33,30,2,1,5,2,5,1,"2.26","0.04","-0.04","39.1",,,,,
"FC","2023-09-19","90.1","-2.38","5.5","Eovaldi, Nathan",457759,543135,"field_out","hit_into_play",,,,,5,"Justin Turner grounds out, third baseman Josh Jung to first baseman Nathaniel Lowe. Bobby Dalbec scores. Luis Urias to 3rd. Rafael Devers to 2nd.","R","R","R","TEX","BOS","X",5,"ground_ball",1,0,2023,"-0.08","0.76",-0.0019611343662931102,2.35069062518122,666915,649966,646240,1,3,"Top",111.25,177.37,,,,,6.164792214930239,-131.16246501876634,-3.543972702733484,-2.231399310002002,26.568663198857255,-22.836765921078452,3.34,1.49,52,"100.9",1,"91.5",2306,"7",716519,641680,663993,543760,673962,608369,694497,665750,666969,"53.48",0.463,0.421,"0",1,0,0,4,21,2,"Cutter",1,0,0,1,1,1,1,1,"Standard","Standard",195,"0.008","-0.327","71.9","6.9",,0.512,"0.327","100.9",1,-1,0.482,0.518,33,38,33,39,2,1,5,2,5,1,"2.03","0.08","0.08","32.4",7.505577497217678,-18.01964475258195,36.42661961799543,30.222253114482882,43.30420852832645
"FC","2023-09-19","87.6","-2.34","5.59","Eovaldi, Nathan",457759,543135,,"ball",,,,,14,,"R","R","R","TEX","BOS","B",,,0,0,2023,"0.23","0.54",0.7629269383563411,1.403160477908135,666915,649966,646240,1,3,"Top",,,,,,,7.122477399158523,-127.36437688829479,-5.174847406322154,1.1125767738057941,24.813960567299475,-25.45631124458119,3.39656571289142,1.60727647021859,,,,"89",2229,"7.1",716519,641680,663993,543760,673962,608369,694497,665750,666969,"53.39",,,,,,,,21,1,"Cutter",1,0,0,1,0,1,0,1,"Standard","Standard",187,"-0.01","0.032",,,,,"-0.032",,1,-1,0.492,0.508,33,38,33,39,2,1,5,2,5,1,"2.42","-0.23","-0.23","32.9",,,,,
"FF","2023-09-19","92.6","-2.2","5.63","Eovaldi, Nathan",646240,543135,"walk","ball",,,,,12,"Rafael Devers walks. Bobby Dalbec to 3rd. Luis Urias to 2nd.","R","L","R","TEX","BOS","B",,,3,2,2023,"-0.69","1.29",1.172829131500373,3.784154534785254,,666915,649966,1,3,"Top",,,,,,,10.241873574650118,-134.54215104280073,-1.7224984908405978,-10.562619498636623,29.273893888365503,-16.351716802276815,3.37584458591237,1.56999681086602,,,,"93.7",2077,"7",716519,641680,663993,543760,673962,608369,694497,665750,666969,"53.49",,0.695903,"0.7",1,0,0,,20,8,"4-Seam Fastball",1,0,0,1,0,1,0,1,"Standard","Standard",220,"-0.06","0.318",,,,,"-0.318",,1,-1,0.552,0.44799999999999995,33,26,33,27,2,1,5,1,5,1,"1.38","0.69","-0.69","39.3",,,,,
"FC","2023-09-19","89.6","-2.33","5.53","Eovaldi, Nathan",646240,543135,,"foul",,,,,4,,"R","L","R","TEX","BOS","S",,,3,2,2023,"-0.13","0.77",-0.6658582251059804,2.4901374718909137,,666915,649966,1,3,"Top",,,,,,,4.452862479982586,-130.4297491448991,-3.174911388556378,-2.455218904366592,26.726448286271502,-22.95397720026081,3.43,1.57,,,,"90.9",2278,"7",716519,641680,663993,543760,673962,608369,694497,665750,666969,"53.51",,,,,,,,20,7,"Cutter",1,0,0,1,0,1,0,1,"Standard","Standard",198,"0","0","71.7","7.1",,,"0",,1,-1,0.552,0.44799999999999995,33,26,33,27,2,1,5,1,5,1,"2.06","0.13","-0.13","33.8",0.4605869989384001,26.672606592044584,19.168333104052316,45.31511065165469,18.991477759356897
"FS","2023-09-19","85.9","-2.3","5.72","Eovaldi, Nathan",646240,543135,,"ball",,,,,11,,"R","L","R","TEX","BOS","B",,,2,2,2023,"-0.79","0.13",-1.4440696971058355,2.6518277665891783,,666915,649966,1,3,"Top",,,,,,,3.6770501903502617,-125.1985572835078,-1.3497060442997746,-9.086641936551773,22.909405181330584,-30.720730837245984,3.37292485702461,1.53360618952445,,,,"87.3",1554,"6.9",716519,641680,663993,543760,673962,608369,694497,665750,666969,"53.63",,,,,,,,20,6,"Split-Finger",1,0,0,1,0,1,0,1,"Standard","Standard",233,"-0.019","0.062",,,,,"-0.062",,1,-1,0.571,0.42900000000000005,33,26,33,27,2,1,5,1,5,1,"2.92","0.79","-0.79","38.0",,,,,
"CU","2023-09-19","76.4","-2.15","5.71","Eovaldi, Nathan",646240,543135,,"foul",,,,,14,,"R","L","R","TEX","BOS","S",,,2,2,2023,"0.76","-0.4",0.6207432868757794,0.8786820477931845,,666915,649966,1,3,"Top",,,,,,,4.5390876020456234,-111.22344637965223,-2.4509352215431663,5.453493511050813,20.25017501196141,-35.229318132778644,3.43,1.57,3,"45.6",-26,"77.5",2007,"7.1",716519,641680,663993,543760,673962,608369,694497,665750,666969,"53.41",,,,,,,,20,5,"Curveball",1,0,0,1,0,1,0,1,"Standard","Standard",40,"0","0","68.8","8.1",,,"0","88.0",1,-1,0.571,0.42900000000000005,33,26,33,27,2,1,5,1,5,1,"4.3","-0.76","0.76","37.5",18.277577679985672,-42.56633169561532,31.877146757230534,32.892720010602275,58.28080836842342
"FF","2023-09-19","94.3","-2.12","5.54","Eovaldi, Nathan",646240,543135,,"ball",,,,,12,,"R","L","R","TEX","BOS","B",,,1,2,2023,"-1.08","1.12",1.6502508810507461,2.4662838170000905,,666915,649966,1,3,"Top",,,,,,,12.315947258001847,-136.79423175351602,-4.7952368562301375,-16.229690528110723,30.368025267566892,-17.24069202153733,3.34052730889319,1.50114958297477,,,,"95.1",2161,"7",716519,641680,663993,543760,673962,608369,694497,665750,666969,"53.54",,,,,,,,20,4,"4-Seam Fastball",1,0,0,1,0,1,0,1,"Standard","Standard",222,"-0.008","0.028",,,,,"-0.028",,1,-1,0.579,0.42100000000000004,33,26,33,27,2,1,5,1,5,1,"1.47","1.08","-1.08","32.3",,,,,
"FF","2023-09-19","94.4","-2.23","5.53","Eovaldi, Nathan",646240,543135,,"ball",,,,,14,,"R","L","R","TEX","BOS","B",,,0,2,2023,"-1.02","1.23",1.3573475665023946,1.9771009783458349,,666915,649966,1,3,"Top",,,,,,,11.723455754013466,-136.9062949648516,-6.311462326077245,-15.494725777062913,30.74962420111433,-15.410824438148811,3.40158557328503,1.60537072416934,,,,"95.1",2254,"6.9",716519,641680,663993,543760,673962,608369,694497,665750,666969,"53.59",,,,,,,,20,3,"4-Seam Fastball",1,0,0,1,0,1,0,1,"Standard","Standard",223,"-0.006","0.022",,,,,"-0.022",,1,-1,0.585,0.41500000000000004,33,26,33,27,2,1,5,1,5,1,"1.35","1.02","-1.02","32.4",,,,,
"FF","2023-09-19","93.5","-2.22","5.61","Eovaldi, Nathan",646240,543135,,"foul",,,,,2,,"R","L","R","TEX","BOS","S",,,0,1,2023,"-0.71","1.15",-0.14493699699856344,3.270400680126821,,666915,649966,1,3,"Top",,,,,,,7.020261936608096,-135.99008481527568,-2.875011338723648,-10.33780432889113,28.61087615951564,-17.425028983912174,3.43,1.57,,,,"94.9",1931,"7",716519,641680,663993,543760,673962,608369,694497,665750,666969,"53.47",,,,,,,,20,2,"4-Seam Fastball",1,0,0,1,0,1,0,1,"Standard","Standard",222,"0.014","-0.05","66.8","6.3",,,"0.05",,1,-1,0.571,0.42900000000000005,33,26,33,27,2,1,5,1,5,1,"1.45","0.71","-0.71","35.0",0.5989660517649452,36.48592583333883,21.27580703063676,38.29489490599485,13.36836600089664
"FC","2023-09-19","89.3","-2.3","5.67","Eovaldi, Nathan",646240,543135,,"foul",,,,,6,,"R","L","R","TEX","BOS","S",,,0,0,2023,"-0.2","0.71",0.6533873070384046,2.595171085306447,,666915,649966,1,3,"Top",,,,,,,7.777368013610888,-129.89018448510973,-3.1168645668375867,-3.8171105115721997,25.756609275273057,-23.639241802606218,3.43,1.57,203,"67.6",31,"90.5",2185,"6.9",716519,641680,663993,543760,673962,608369,694497,665750,666969,"53.58",,,,,,,,20,1,"Cutter",1,0,0,1,0,1,0,1,"Standard","Standard",200,"0.008","-0.04","68.3","6.5",,,"0.04","88.0",1,-1,0.563,0.43700000000000006,33,26,33,27,2,1,5,1,5,1,"2.14","0.2","-0.2","35.3",-4.712799188796549,27.340968016738966,31.38110466497797,30.37817636737771,20.448409307435288
"FC","2023-09-19","88.5","-2.23","5.62","Eovaldi, Nathan",657077,543135,"field_out","hit_into_play",,,,,6,"Alex Verdugo lines out to first baseman Nathaniel Lowe.","R","L","R","TEX","BOS","X",3,"line_drive",1,1,2023,"0.03","0.78",0.6214609074280111,2.433475910664516,,666915,649966,0,3,"Top",157.28,171.31,,,,,7.00227973651103,-128.67935254543684,-3.3392341944129464,-1.2358248531133815,28.04137886235285,-23.029678618732998,3.45,1.53,154,"108.8",8,"89.6",2181,"7.1",716519,641680,663993,543760,673962,608369,694497,665750,666969,"53.35",0.766,0.735,"0",1,0,0,4,19,3,"Cutter",1,0,0,1,0,1,0,1,"Standard","Standard",185,"0.057","-0.218","75.3","6.7",,0.936,"0.218","108.8",1,-1,0.506,0.494,33,27,33,27,2,1,5,2,5,1,"2.15","-0.03","0.03","34.5",14.369394238830665,-15.363266727161383,31.54059973796872,28.665529504008607,39.694440649710415
"CU","2023-09-19","75.7","-2.18","5.74","Eovaldi, Nathan",657077,543135,,"blocked_ball",,,,,14,,"R","L","R","TEX","BOS","B",,,0,1,2023,"0.55","-0.53",0.5194376393072131,0.47962215359893756,,666915,649966,0,3,"Top",,,,,,,4.692033491055812,-110.19858566884959,-3.000276750028075,3.7000547074245005,18.74762047350044,-36.164451502383386,3.56639801092214,1.60956035366246,,,,"76.6",1868,"6.8",716519,641680,663993,543760,673962,608369,694497,665750,666969,"53.67",,,,,,,,19,2,"Curveball",1,0,0,1,0,1,0,1,"Standard","Standard",39,"-0.006","0.034",,,,,"-0.034",,1,-1,0.512,0.488,33,27,33,27,2,1,5,2,5,1,"4.49","-0.55","0.55","38.3",,,,,
"FC","2023-09-19","88.7","-2.3","5.66","Eovaldi, Nathan",657077,543135,,"foul",,,,,6,,"R","L","R","TEX","BOS","S",,,0,0,2023,"0.11","0.74",0.39905734408743393,2.597743089305003,,666915,649966,0,3,"Top",,,,,,,6.4562988179235115,-129.01289487007827,-3.0137057648140306,-0.16878377067695455,27.208206338181228,-23.456991429018736,3.45,1.53,193,"66.2",47,"89.8",2244,"7",716519,641680,663993,543760,673962,608369,694497,665750,666969,"53.5",,,,,,,,19,1,"Cutter",1,0,0,1,0,1,0,1,"Standard","Standard",189,"0.009","-0.048","66.2","5.6",,,"0.048","88.0",1,-1,0.503,0.497,33,27,33,27,2,1,5,2,5,1,"2.16","-0.11","0.11","42.1",-5.9315369777185545,9.42830230513024,37.5237626538525,28.84179222913792,27.4467428980542
"FS","2023-09-19","86","-2.29","5.65","Eovaldi, Nathan",649966,543135,"hit_by_pitch","hit_by_pitch",,,,,11,"Luis Urias hit by pitch. Bobby Dalbec to 2nd.","R","R","R","TEX","BOS","B",,,2,2,2023,"-1.05","0.04",-2.153860650593395,3.528936949135417,,,666915,0,3,"Top",,,,,,,2.4925959857414393,-125.25029426427149,1.1241181888467011,-11.543520949549837,23.58111358328802,-32.2154751438126,3.05,1.43,,,,"87.4",1478,"7",716519,641680,663993,543760,673962,608369,694497,665750,666969,"53.5",,0.726005,"0.7",1,0,0,,18,7,"Split-Finger",1,0,0,1,0,1,0,1,"Standard","Standard",237,"-0.072","0.42",,,,,"-0.42",,1,-1,0.575,0.42500000000000004,33,26,33,26,1,0,5,1,5,1,"3.02","1.05","1.05","34.8",,,,,
"FC","2023-09-19","87.8","-2.29","5.58","Eovaldi, Nathan",649966,543135,,"foul",,,,,6,,"R","R","R","TEX","BOS","S",,,2,2,2023,"0.23","0.35",0.6406166152191051,2.5494259518641456,,,666915,0,3,"Top",,,,,,,6.736983092286239,-127.73197793149727,-1.9554583107015397,1.149849150890424,25.730906014979986,-28.173684783464992,3.05,1.43,225,"70.5",37,"89.3",2125,"7.2",716519,641680,663993,543760,673962,608369,694497,665750,666969,"53.3",,,,,,,,18,6,"Cutter",1,0,0,1,0,1,0,1,"Standard","Standard",167,"0","0","68.7","7.7",,,"0","88.0",1,-1,0.575,0.42500000000000004,33,26,33,26,1,0,5,1,5,1,"2.61","-0.23","-0.23","35.5",12.745309249978886,-5.039112074405976,26.185240033429267,42.16519095367285,27.869578507749715
"CU","2023-09-19","76.2","-2.13","5.64","Eovaldi, Nathan",649966,543135,,"foul",,,,,1,,"R","R","R","TEX","BOS","S",,,2,2,2023,"0.71","-0.2",-0.39960128567205366,2.6456434681781857,,,666915,0,3,"Top",,,,,,,2.3961776575215,-110.9965797268715,1.1210813492327893,5.505143620023782,19.068014266642766,-34.23996885759284,3.05,1.43,109,"65.3",75,"77.4",1856,"7",716519,641680,663993,543760,673962,608369,694497,665750,666969,"53.47",,,,,,,,18,5,"Curveball",1,0,0,1,0,1,0,1,"Standard","Standard",50,"0","0","67.4","6.8",,,"0","88.0",1,-1,0.575,0.42500000000000004,33,26,33,26,1,0,5,1,5,1,"4.11","-0.71","-0.71","37.5",5.396373195364753,-18.963550478715366,27.194500227150915,30.156298245226964,28.484755755503947
"FF","2023-09-19","93.9","-2.24","5.69","Eovaldi, Nathan",649966,543135,,"ball",,,,,11,,"R","R","R","TEX","BOS","B",,,1,2,2023,"-0.89","1.04",-0.35197705587700434,4.752300194191756,,,666915,0,3,"Top",,,,,,,6.948039872967267,-136.61598692237172,0.990328849984912,-12.639180827959306,28.45510432578419,-19.571160356288686,3.16249319165279,1.71313281119161,,,,"95.2",2073,"6.9",716519,641680,663993,543760,673962,608369,694497,665750,666969,"53.57",,,,,,,,18,4,"4-Seam Fastball",1,0,0,1,0,1,0,1,"Standard","Standard",214,"-0.006","0.045",,,,,"-0.045",,1,-1,0.581,0.41900000000000004,33,26,33,26,1,0,5,1,5,1,"1.54","0.89","0.89","35.8",,,,,
"FS","2023-09-19","88.2","-2.23","5.58","Eovaldi, Nathan",649966,543135,,"foul",,,,,7,,"R","R","R","TEX","BOS","S",,,1,1,2023,"-1.23","0.19",-0.4184433447560152,1.920907178105535,,,666915,0,3,"Top",,,,,,,7.051735781338916,-128.2982828245133,-3.232580555664311,-15.08719751073563,25.845910027047427,-29.62149831107996,3.05,1.43,26,"22.4",61,"89.3",1592,"7",716519,641680,663993,543760,673962,608369,694497,665750,666969,"53.55",,,,,,,,18,3,"Split-Finger",1,0,0,1,0,1,0,1,"Standard","Standard",233,"0.01","-0.059","78.5","8.7",,,"0.059","88.0",1,-1,0.571,0.42900000000000005,33,26,33,26,1,0,5,1,5,1,"2.74","1.23","1.23","33.8",46.172859534359134,-26.15489775354823,28.606863474901086,29.91484809087094,51.79562033284323
"FF","2023-09-19","93.2","-2.29","5.42","Eovaldi, Nathan",649966,543135,,"ball",,,,,13,,"R","R","R","TEX","BOS","B",,,0,1,2023,"-1.24","1.03",-0.9076203175064459,1.3671777019965985,,,666915,0,3,"Top",,,,,,,6.3449672625345865,-135.50933084968122,-6.971218189778113,-16.622729336147803,29.824446879516117,-18.12672319373952,3.20812360990378,1.62961176563027,,,,"94.2",2206,"6.9",716519,641680,663993,543760,673962,608369,694497,665750,666969,"53.56",,,,,,,,18,2,"4-Seam Fastball",1,0,0,1,0,1,0,1,"Standard","Standard",224,"-0.004","0.024",,,,,"-0.024",,1,-1,0.575,0.42500000000000004,33,26,33,26,1,0,5,1,5,1,"1.6","1.24","1.24","30.7",,,,,
"CU","2023-09-19","75.5","-2.13","5.68","Eovaldi, Nathan",649966,543135,,"called_strike",,,,,6,,"R","R","R","TEX","BOS","S",,,0,0,2023,"0.72","-0.4",0.7645346790005872,2.0741240836408386,,,666915,0,3,"Top",,,,,,,4.825785363115502,-109.90403680610724,0.34311770949912823,5.020239344254572,19.02734026846548,-35.72382309041051,2.90693483072572,1.37137042060796,,,,"76.8",1839,"7.2",716519,641680,663993,543760,673962,608369,694497,665750,666969,"53.32",,,,,,,,18,1,"Curveball",1,0,0,1,0,1,0,1,"Infield shade","Standard",43,"0.006","-0.036",,,,,"0.036",,1,-1,0.569,0.43100000000000005,33,26,33,26,1,0,5,1,5,1,"4.39","-0.72","-0.72","37.2",,,,,
"FF","2023-09-19","94","-2.3","5.5","Eovaldi, Nathan",657136,543135,"grounded_into_double_play","hit_into_play",,,,,4,"Connor Wong grounds into a double play, shortstop Corey Seager to second baseman Marcus Semien to first baseman Nathaniel Lowe. Trevor Story out at 2nd. Connor Wong out at 1st.","R","R","R","TEX","BOS","X",6,"ground_ball",1,1,2023,"-0.99","1.07",-0.7098634030868773,2.027873334446357,,,596115,1,2,"Top",111.84,150.39,,,,,6.4013953251859625,-136.7065731331213,-5.728861544016762,-13.876772634639213,29.733259227821403,-17.6753566054671,3.15,1.38,74,"69.6",7,"95.2",2109,"7",716519,641680,663993,543760,673962,608369,694497,665750,666969,"53.53",0.261,0.235,"0",1,0,0,2,10,3,"4-Seam Fastball",0,0,0,0,0,0,0,0,"Standard","Standard",221,"0.052","-0.316","57.7","6.9",,0.283,"0.316","88.0",0,0,0.499,0.501,33,27,33,27,1,0,5,1,5,1,"1.51","0.99","0.99","33.3",1.8332402552102576,12.54082598749888,45.582593835875684,28.179388976927864,26.320568902201327
"FS","2023-09-19","86.1","-2.32","5.63","Eovaldi, Nathan",657136,543135,,"ball",,,,,1,,"R","R","R","TEX","BOS","B",,,0,1,2023,"-0.76","0.24",-0.6363202505448512,3.4577494462409972,,,596115,1,2,"Top",,,,,,,5.62623209896938,-125.2782874156088,0.5977077537492642,-9.14078440409706,23.805949092984033,-29.947051948183738,3.38516134150507,1.54306265277958,,,,"87.6",1787,"7.1",716519,641680,663993,543760,673962,608369,694497,665750,666969,"53.39",,,,,,,,10,2,"Split-Finger",0,0,0,0,0,0,0,0,"Standard","Standard",234,"-0.003","0.025",,,,,"-0.025",,0,0,0.502,0.498,33,27,33,27,1,0,5,1,5,1,"2.82","0.76","0.76","35.0",,,,,
"CU","2023-09-19","75.2","-2.13","5.66","Eovaldi, Nathan",657136,543135,,"swinging_strike",,,,,14,,"R","R","R","TEX","BOS","S",,,0,0,2023,"0.76","-0.66",0.9339372265549675,1.341472877441511,,,596115,1,2,"Top",,,,,,,5.0676497731589425,-109.43993297676042,-0.5900525051856369,5.185840136816584,20.24271743001359,-37.55343549461751,3.15,1.38,,,,"76.1",2004,"7",716519,641680,663993,543760,673962,608369,694497,665750,666969,"53.45",,,,,,,,10,1,"Curveball",0,0,0,0,0,0,0,0,"Standard","Standard",44,"0.005","-0.042",,,,,"0.042",,0,0,0.497,0.503,33,27,33,27,1,0,5,1,5,1,"4.7","-0.76","-0.76","36.4",,,,,
"FF","2023-09-19","94.3","-2.3","5.54","Eovaldi, Nathan",807799,543135,"field_out","hit_into_play",,,,,5,"Masataka Yoshida grounds out, second baseman Marcus Semien to first baseman Nathaniel Lowe.","R","L","R","TEX","BOS","X",4,"ground_ball",1,2,2023,"-1.07","1.17",0.10897962932737237,2.3187091675046028,,,457759,2,1,"Top",148.19,157.99,,,,,8.758418402075423,-136.89739545857827,-5.293197643360564,-15.41463681709654,31.3945380346127,-16.399614875883625,3.21,1.43,11,"91.8",-11,"95.2",2132,"7",716519,641680,663993,543760,673962,608369,694497,665750,666969,"53.47",0.165,0.149,"0",1,0,0,2,4,4,"4-Seam Fastball",0,0,0,0,0,0,0,0,"Infield shade","Standard",224,"0.015","-0.207","72.3","6.9",,0.165,"0.207","91.8",0,0,0.533,0.46699999999999997,33,29,33,30,1,0,5,2,5,1,"1.41","1.07","-1.07","34.2",-1.919377760165835,10.861256634025015,35.94279106994992,31.271378772578636,22.931279659283202
"FS","2023-09-19","87.2","-2.39","5.67","Eovaldi, Nathan",807799,543135,,"ball",,,,,14,,"R","L","R","TEX","BOS","B",,,0,2,2023,"-0.73","-0.04",0.33058762298749933,0.8948715779231589,,,457759,2,1,"Top",,,,,,,8.134500695376767,-126.79508936190113,-5.312373103324316,-9.510817414793266,24.110188532122372,-31.796591921155507,3.31757067494006,1.50762648755299,,,,"88.3",1642,"6.8",716519,641680,663993,543760,673962,608369,694497,665750,666969,"53.66",,,,,,,,4,3,"Split-Finger",0,0,0,0,0,0,0,0,"Infield shade","Standard",236,"-0.002","0.02",,,,,"-0.02",,0,0,0.535,0.46499999999999997,33,29,33,30,1,0,5,2,5,1,"3.03","0.73","-0.73","34.0",,,,,
"FC","2023-09-19","88.8","-2.27","5.63","Eovaldi, Nathan",807799,543135,,"foul",,,,,2,,"R","L","R","TEX","BOS","S",,,0,1,2023,"0.06","0.85",0.08594412064329479,2.7608572879698183,,,457759,2,1,"Top",,,,,,,5.722311602051242,-129.29209301492065,-2.777078281844302,-0.5684740523380652,27.323279021534958,-22.292949071970057,3.21,1.43,221,"76",32,"89.8",2160,"6.9",716519,641680,663993,543760,673962,608369,694497,665750,666969,"53.57",,,,,,,,4,2,"Cutter",0,0,0,0,0,0,0,0,"Strategic","Standard",186,"0.006","-0.055","65.2","6.1",,,"0.055","88.0",0,0,0.529,0.471,33,29,33,30,1,0,5,2,5,1,"2.04","-0.06","0.06","34.4",-14.524953548034645,28.303211271627227,34.02388894776022,31.310592194052106,13.187861874581913
"FF","2023-09-19","92.7","-2.32","5.6","Eovaldi, Nathan",807799,543135,,"called_strike",,,,,2,,"R","L","R","TEX","BOS","S",,,0,0,2023,"-0.71","1.41",-0.021770998137206066,3.2092452292787916,,,457759,2,1,"Top",,,,,,,7.513707083004328,-134.8325775169005,-3.4286331684067437,-10.302144777785431,28.34094282057473,-14.43137655236749,3.27629239671506,1.42270745405054,,,,"93.8",2061,"6.9",716519,641680,663993,543760,673962,608369,694497,665750,666969,"53.61",,,,,,,,4,1,"4-Seam Fastball",0,0,0,0,0,0,0,0,"Standard","Standard",226,"0.003","-0.045",,,,,"0.045",,0,0,0.526,0.474,33,29,33,30,1,0,5,2,5,1,"1.24","0.71","-0.71","34.9",,,,,
"FS","2023-09-14","90.4","-2.17","5.54","Eovaldi, Nathan",666182,543135,"strikeout","swinging_strike",,,,,14,"Bo Bichette strikes out swinging.","R","R","R","TOR","TEX","S",2,,1,2,2023,"-1.19","0.14",0.49213223390232463,0.9680270897574998,593160,595281,543807,2,2,"Bot",,,,,,,9.315329211006992,-131.24250016121673,-5.819622121661626,-15.69591405508793,27.382848135479545,-29.472554651644995,3.73,1.75,,,,"91.8",1676,"7.2",716587,641680,663993,543760,669701,608369,677649,694497,543257,"53.3",,0,"0",1,0,0,,23,4,"Split-Finger",2,3,2,3,3,2,2,3,"Standard","Standard",236,"-0.059","-0.17","73.4","8.4","0.683491368",,"0.17",,-1,-1,0.447,0.447,33,25,33,25,2,1,5,1,5,1,"2.66","1.19","1.19","33.6",9.682332739872798,-0.7181595328970221,44.08888225497999,39.624888028121255,26.336566222515707
"FF","2023-09-14","94.3","-2.21","5.5","Eovaldi, Nathan",666182,543135,,"foul",,,,,5,,"R","R","R","TOR","TEX","S",,,1,1,2023,"-0.95","1.29",-0.01986847486972243,2.6493370197402157,593160,595281,543807,2,2,"Bot",,,,,,,7.936322591094743,-137.08565335353418,-4.62104108111489,-13.801839289206635,31.61869440501231,-15.09653080666207,3.73,1.75,215,"74.3",42,"95.5",2296,"7.2",716587,641680,663993,543760,669701,608369,677649,694497,543257,"53.35",,,,,,,,23,3,"4-Seam Fastball",2,3,2,3,3,2,2,3,"Standard","Standard",221,"-0.021","-0.079","72.4","7.0",,,"0.079","88.0",-1,-1,0.468,0.468,33,25,33,25,2,1,5,1,5,1,"1.29","0.95","0.95","33.4",-0.5988299625009309,11.962473163463148,41.49915631006303,33.29355328684545,19.560456228350475
"FS","2023-09-14","89.2","-2.22","5.57","Eovaldi, Nathan",666182,543135,,"swinging_strike",,,,,14,,"R","R","R","TOR","TEX","S",,,1,0,2023,"-0.99","0.13",0.023021690426832553,1.1552745410556806,593160,595281,543807,2,2,"Bot",,,,,,,7.705465306738764,-129.6808428521414,-5.18712463462524,-12.724285133369468,26.341981983540695,-29.871692143789467,3.73,1.75,,,,"90.7",1754,"7.2",716587,641680,663993,543760,669701,608369,677649,694497,543257,"53.33",,,,,,,,23,2,"Split-Finger",2,3,2,3,3,2,2,3,"Standard","Standard",229,"-0.015","-0.048","74.4","8.6","1.996071804",,"0.048",,-1,-1,0.483,0.483,33,25,33,25,2,1,5,1,5,1,"2.74","0.99","0.99","34.2",21.48261397976061,-16.30538239654673,42.67685351605678,33.716850253722534,35.19650201704816
"FF","2023-09-14","93.9","-2.21","5.44","Eovaldi, Nathan",666182,543135,,"ball",,,,,12,,"R","R","R","TOR","TEX","B",,,0,0,2023,"-0.89","1.19",1.3276590057692115,3.4383928870957785,593160,595281,543807,2,2,"Bot",,,,,,,11.341854767640768,-136.31721933818116,-2.1010370519159167,-13.551831165372722,30.052189222349107,-17.027632954583403,3.84548691987494,1.81597761203181,,,,"95.5",2291,"7.4",716587,641680,663993,543760,669701,608369,677649,694497,543257,"53.12",,,,,,,,23,1,"4-Seam Fastball",2,3,2,3,3,2,2,3,"Standard","Standard",224,"0.011","0.035",,,,,"-0.035",,-1,-1,0.472,0.472,33,25,33,25,2,1,5,1,5,1,"1.41","0.89","0.89","32.1",,,,,
"FF","2023-09-14","94.8","-2.2","5.46","Eovaldi, Nathan",543807,543135,"walk","ball",,,,,14,"George Springer walks. Kevin Kiermaier to 2nd.","R","R","R","TOR","TEX","B",,,3,0,2023,"-0.86","1.39",1.591480844455192,1.0497899220891784,593160,,595281,2,2,"Bot",,,,,,,11.991849986933214,-137.3397903043094,-9.087788430451425,-13.468474060151214,29.344349452790194,-12.567760857120012,3.68977938391222,1.72605020044658,,,,"96.2",2328,"7.3",716587,641680,663993,543760,669701,608369,677649,694497,543257,"53.24",,0.695903,"0.7",1,0,0,,22,4,"4-Seam Fastball",2,3,2,3,3,2,2,3,"Standard","Standard",220,"0.012","0.029",,,,,"-0.029",,-1,-1,0.46,0.46,33,33,33,34,2,1,5,1,5,1,"1.16","0.86","0.86","32.1",,,,,
"FC","2023-09-14","89.5","-2.17","5.63","Eovaldi, Nathan",543807,543135,,"ball",,,,,14,,"R","R","R","TOR","TEX","B",,,2,0,2023,"0.11","0.71",1.4317143030617805,1.7130632975635667,593160,,595281,2,2,"Bot",,,,,,,8.802025212291657,-130.0411152401447,-5.195945947660668,-0.6032023457200166,27.630682534530546,-23.241035280545137,3.6229932077359,1.65857433540171,,,,"90.9",2352,"7.2",716587,641680,663993,543760,669701,608369,677649,694497,543257,"53.27",,,,,,,,22,3,"Cutter",2,3,2,3,3,2,2,3,"Standard","Standard",190,"0.008","0.057",,,,,"-0.057",,-1,-1,0.452,0.452,33,33,33,34,2,1,5,1,5,1,"2.15","-0.11","-0.11","41.8",,,,,
"FF","2023-09-14","94","-2.26","5.32","Eovaldi, Nathan",543807,543135,,"ball",,,,,14,,"R","R","R","TOR","TEX","B",,,1,0,2023,"-0.99","1.42",1.2185309708499765,1.634703385304451,593160,,595281,2,2,"Bot",,,,,,,11.42605532478587,-136.2403892272507,-7.091219459643149,-14.785840164903707,29.117340486493234,-13.044150427060186,3.60072397051009,1.63607666521544,,,,"95.9",2273,"7.5",716587,641680,663993,543760,669701,608369,677649,694497,543257,"52.99",,,,,,,,22,2,"4-Seam Fastball",2,3,2,3,3,2,2,3,"Standard","Standard",228,"0.006","0.042",,,,,"-0.042",,-1,-1,0.446,0.446,33,33,33,34,2,1,5,1,5,1,"1.18","0.99","0.99","31.5",,,,,
"FC","2023-09-14","90.7","-2.18","5.6","Eovaldi, Nathan",543807,543135,,"ball",,,,,14,,"R","R","R","TOR","TEX","B",,,0,0,2023,"0.05","0.65",1.6935723501946582,1.4262201386338464,593160,,595281,2,2,"Bot",,,,,,,9.761688043628363,-131.6311702454568,-5.94118983924814,-1.5451074567506702,28.644448963603345,-23.540428276737412,3.60072397051009,1.65857433540171,,,,"92.2",2392,"7.4",716587,641680,663993,543760,669701,608369,677649,694497,543257,"53.13",,,,,,,,22,1,"Cutter",2,3,2,3,3,2,2,3,"Standard","Standard",199,"0.003","0.042",,,,,"-0.042",,-1,-1,0.443,0.443,33,33,33,34,2,1,5,1,5,1,"2.15","-0.05","-0.05","36.0",,,,,
"FS","2023-09-14","89.4","-2.26","5.6","Eovaldi, Nathan",595281,543135,"force_out","hit_into_play",,,,,13,"Kevin Kiermaier grounds into a force out, first baseman Nathaniel Lowe to shortstop Corey Seager. Whit Merrifield to 3rd. Alejandro Kirk out at 2nd. Kevin Kiermaier to 1st.","R","L","R","TOR","TEX","X",3,"ground_ball",3,2,2023,"-1.27","0.58",-0.3611029187261976,1.423767562821064,,593160,672386,1,2,"Bot",149.63,166.01,,,,,7.4180448050206556,-129.90875603906315,-5.565524030125218,-15.863269114306032,25.854623493808983,-24.687462692918082,3.44,1.68,4,"70.4",-19,"90.4",1757,"6.8",716587,641680,663993,543760,669701,608369,677649,694497,543257,"53.67",0.05,0.062,"0",1,0,0,2,21,6,"Split-Finger",2,3,2,3,3,2,2,3,"Infield shade","Standard",231,"-0.056","-0.347","73.0","7.6",,0.075,"0.347","88.0",-1,-1,0.499,0.499,33,33,33,33,1,0,5,2,5,1,"2.27","1.27","-1.27","35.4",5.617711568264187,-2.8797196581817937,35.16045421544528,41.55152954494008,30.68170767629151
"FF","2023-09-14","93.1","-2.28","5.41","Eovaldi, Nathan",595281,543135,,"foul",,,,,5,,"R","L","R","TOR","TEX","S",,,3,1,2023,"-0.98","1.3",-0.11478645350285832,2.420533001594303,,593160,672386,1,2,"Bot",,,,,,,7.867037207157024,-135.3932984379931,-4.847910618555112,-13.771893593484723,29.583232433496867,-15.265714774512054,3.44,1.68,198,"71.3",44,"94.8",2152,"7.3",716587,641680,663993,543760,669701,608369,677649,694497,543257,"53.18",,,,,,,,21,5,"4-Seam Fastball",2,3,2,3,3,2,2,3,"Infield shade","Standard",225,"-0.017","-0.111","73.4","7.0",,,"0.111","88.0",-1,-1,0.516,0.516,33,33,33,33,1,0,5,2,5,1,"1.33","0.98","-0.98","34.8",-1.469578219749602,5.2691324069688195,34.45386622258356,38.95611462965219,19.035312864588064
"FC","2023-09-14","90","-2.24","5.66","Eovaldi, Nathan",595281,543135,,"ball",,,,,14,,"R","L","R","TOR","TEX","B",,,2,1,2023,"0.18","0.72",1.5725242148173626,2.5458315885720206,,593160,672386,1,2,"Bot",,,,,,,9.218784969934918,-130.7498543550355,-3.2848319367190886,0.08246799478583415,28.700054089887107,-23.425982249736904,3.46703386004271,1.65857433540171,,,,"91.2",2210,"7.2",716587,641680,663993,543760,669701,608369,677649,694497,543257,"53.28",,,,,,,,21,4,"Cutter",2,3,2,3,3,2,2,3,"Infield shade","Standard",189,"0.02","0.104",,,,,"-0.104",,-1,-1,0.496,0.496,33,33,33,33,1,0,5,2,5,1,"2.11","-0.18","0.18","36.5",,,,,
"FS","2023-09-14","89.5","-2.22","5.61","Eovaldi, Nathan",595281,543135,,"blocked_ball",,,,,14,,"R","L","R","TOR","TEX","B",,,1,1,2023,"-1","0.37",0.1727131219332122,0.7536127083544764,,593160,672386,1,2,"Bot",,,,,,,8.101585688338721,-129.9954528685894,-6.810501509550652,-12.997696074814671,26.385724900145167,-26.78218141575549,3.37783671289228,1.63607666521544,,,,"90.4",1559,"6.9",716587,641680,663993,543760,669701,608369,677649,694497,543257,"53.61",,,,,,,,21,3,"Split-Finger",2,3,2,3,3,2,2,3,"Infield shade","Standard",232,"0.01","0.039",,,,,"-0.039",,-1,-1,0.486,0.486,33,33,33,33,1,0,5,2,5,1,"2.48","1","-1","35.2",,,,,
"FS","2023-09-14","87.6","-2.17","5.58","Eovaldi, Nathan",595281,543135,,"called_strike",,,,,5,,"R","L","R","TOR","TEX","S",,,1,0,2023,"-1.2","0.25",-0.06292771670699371,2.229368748188825,,593160,672386,1,2,"Bot",,,,,,,7.636322605380835,-127.39476397201253,-2.511716019907343,-14.618091037790876,24.894182047860948,-29.151200202136213,3.42244227433356,1.63607666521544,,,,"88.7",1637,"6.9",716587,641680,663993,543760,669701,608369,677649,694497,543257,"53.63",,,,,,,,21,2,"Split-Finger",2,3,2,3,3,2,2,3,"Infield shade","Standard",231,"-0.01","-0.051",,,,,"0.051",,-1,-1,0.496,0.496,33,33,33,33,1,0,5,2,5,1,"2.71","1.2","-1.2","34.8",,,,,
"CU","2023-09-14","75.4","-2.18","5.73","Eovaldi, Nathan",595281,543135,,"ball",,,,,13,,"R","L","R","TOR","TEX","B",,,0,0,2023,"0.66","-0.49",-1.0132049570327593,2.089469068736306,,593160,672386,1,2,"Bot",,,,,,,1.2526812697993235,-109.92579325224128,0.39292563701891514,5.191267569395167,18.607318777392578,-36.445171646705106,3.35552871613379,1.65857433540171,,,,"76.6",1782,"7",716587,641680,663993,543760,669701,608369,677649,694497,543257,"53.53",,,,,,,,21,1,"Curveball",2,3,2,3,3,2,2,3,"Infield shade","Standard",46,"0.007","0.042",,,,,"-0.042",,-1,-1,0.489,0.489,33,33,33,33,1,0,5,2,5,1,"4.47","-0.66","0.66","39.1",,,,,
"FC","2023-09-14","90.5","-2.12","5.55","Eovaldi, Nathan",672386,543135,"walk","ball",,,,,14,"Alejandro Kirk walks. Whit Merrifield to 2nd.","R","R","R","TOR","TEX","B",,,3,1,2023,"0.05","0.86",1.0828851409627853,2.055794821064034,,,593160,1,2,"Bot",,,,,,,8.011595539159993,-131.56067000195804,-4.6824980571039605,-1.081118434471425,27.09942489990624,-21.37600729410076,2.97577096272502,1.38841726860317,,,,"91.9",2294,"7.1",716587,641680,663993,543760,669701,608369,677649,694497,543257,"53.4",,0.695903,"0.7",1,0,0,,20,5,"Cutter",2,3,2,3,3,2,2,3,"Standard","Standard",197,"0.026","0.197",,,,,"-0.197",,-1,-1,0.463,0.463,33,24,33,25,1,0,5,1,5,1,"1.92","-0.05","-0.05","35.1",,,,,
"FF","2023-09-14","94.8","-2.26","5.44","Eovaldi, Nathan",672386,543135,,"ball",,,,,14,,"R","R","R","TOR","TEX","B",,,2,1,2023,"-0.78","1.35",1.1605383525262176,1.6445389294380686,,,593160,1,2,"Bot",,,,,,,10.805318503228648,-137.51730889064453,-7.357877671427607,-12.157265700845521,28.702192933623902,-13.498828956500349,2.99813648047758,1.39965529421078,,,,"96.1",2227,"7.1",716587,641680,663993,543760,669701,608369,677649,694497,543257,"53.43",,,,,,,,20,4,"4-Seam Fastball",2,3,2,3,3,2,2,3,"Standard","Standard",226,"0.013","0.1",,,,,"-0.1",,-1,-1,0.45,0.45,33,24,33,25,1,0,5,1,5,1,"1.19","0.78","0.78","32.1",,,,,
"FC","2023-09-14","89.5","-2.2","5.63","Eovaldi, Nathan",672386,543135,,"foul_tip",,,,,6,,"R","R","R","TOR","TEX","S",,,2,0,2023,"0.13","0.69",0.30544014303755246,2.4431381057440245,,,593160,1,2,"Bot",,,,,,,6.009247971053299,-130.29256639697445,-3.3651939852879247,0.17814860490531736,27.496049673445206,-23.810491183638863,2.96,1.4,,,,"90.9",2283,"7.1",716587,641680,663993,543760,669701,608369,677649,694497,543257,"53.39",,,,,,,,20,3,"Cutter",2,3,2,3,3,2,2,3,"Standard","Standard",186,"-0.009","-0.061",,,,,"0.061",,-1,-1,0.459,0.459,33,24,33,25,1,0,5,1,5,1,"2.15","-0.13","-0.13","38.7",,,,,
"FF","2023-09-14","94.1","-2.18","5.41","Eovaldi, Nathan",672386,543135,,"ball",,,,,14,,"R","R","R","TOR","TEX","B",,,1,0,2023,"-0.86","0.98",0.5992532895518713,1.0129894848454017,,,593160,1,2,"Bot",,,,,,,9.263990725377068,-136.6965929306284,-8.041401586867156,-12.673465284722173,27.849608043509477,-18.228673218248712,2.95340215267482,1.39965529421078,,,,"96",2088,"7.3",716587,641680,663993,543760,669701,608369,677649,694497,543257,"53.22",,,,,,,,20,2,"4-Seam Fastball",2,3,2,3,3,2,2,3,"Standard","Standard",221,"0.009","0.054",,,,,"-0.054",,-1,-1,0.45,0.45,33,24,33,25,1,0,5,1,5,1,"1.58","0.86","0.86","33.1",,,,,
"FF","2023-09-14","94.8","-2.24","5.54","Eovaldi, Nathan",672386,543135,,"ball",,,,,12,,"R","R","R","TOR","TEX","B",,,0,0,2023,"-0.92","1.07",1.0047251722911903,2.3685775548713233,,,593160,1,2,"Bot",,,,,,,10.717116526563379,-137.64248600368998,-5.1089967549644,-13.94544620908465,28.60957004686805,-17.570223926851416,2.95340215267482,1.36588624066878,,,,"96.6",2148,"7.3",716587,641680,663993,543760,669701,608369,677649,694497,543257,"53.2",,,,,,,,20,1,"4-Seam Fastball",2,3,2,3,3,2,2,3,"Standard","Standard",220,"0.004","0.036",,,,,"-0.036",,-1,-1,0.446,0.446,33,24,33,25,1,0,5,1,5,1,"1.46","0.92","0.92","32.0",,,,,
"SL","2023-09-14","83.6","-2.16","5.6","Eovaldi, Nathan",593160,543135,"force_out","hit_into_play",,,,,14,"Whit Merrifield grounds into a force out, first baseman Nathaniel Lowe to shortstop Corey Seager. Matt Chapman out at 2nd. Whit Merrifield to 1st.","R","R","R","TOR","TEX","X",3,"ground_ball",2,2,2023,"0.54","0.05",1.0582848749688778,2.012045440007709,,,656305,0,2,"Bot",147.21,173.29,,,,,6.464137435893976,-121.62156398364121,-1.9809756928338764,4.172898264081579,22.57973345592464,-31.53244268951135,3.32,1.55,78,"82.5",4,"85.3",2135,"7.3",716587,641680,663993,543760,669701,608369,677649,694497,543257,"53.19",0.356,0.321,"0",1,0,0,2,19,5,"Slider",2,3,2,3,3,2,2,3,"Standard","Standard",120,"-0.032","-0.324","57.4","6.5",,0.433,"0.324","88.0",-1,-1,0.478,0.478,33,34,33,34,1,0,5,1,5,2,"3.2","-0.54","-0.54","36.1",-2.65406059011851,27.740986465837103,32.561188967437815,48.99753594608568,17.32316542615245
"FS","2023-09-14","89.2","-2.21","5.61","Eovaldi, Nathan",593160,543135,,"blocked_ball",,,,,14,,"R","R","R","TOR","TEX","B",,,1,2,2023,"-1.14","0.1",0.4316008533498856,0.13914380637768264,,,656305,0,2,"Bot",,,,,,,8.98781494040522,-129.49412837121147,-7.704880067998866,-14.640549969201102,26.51938339745011,-29.642510762829733,3.24393697125597,1.54964875407865,,,,"90.3",1663,"7.1",716587,641680,663993,543760,669701,608369,677649,694497,543257,"53.44",,,,,,,,19,4,"Split-Finger",2,3,2,3,3,2,2,3,"Standard","Standard",234,"0.005","0.045",,,,,"-0.045",,-1,-1,0.473,0.473,33,34,33,34,1,0,5,1,5,2,"2.78","1.14","1.14","35.7",,,,,
"FF","2023-09-14","93.4","-2.13","5.62","Eovaldi, Nathan",593160,543135,,"ball",,,,,12,,"R","R","R","TOR","TEX","B",,,0,2,2023,"-0.77","1.19",0.8112427489452426,3.6056119109548854,,,656305,0,2,"Bot",,,,,,,9.39861183646376,-135.736246980889,-2.072967060937505,-11.54244887285737,29.56731785072504,-17.217668654628355,3.26626218834857,1.56856666049691,,,,"94.6",2149,"7.1",716587,641680,663993,543760,669701,608369,677649,694497,543257,"53.45",,,,,,,,19,3,"4-Seam Fastball",2,3,2,3,3,2,2,3,"Standard","Standard",223,"0.004","0.008",,,,,"-0.008",,-1,-1,0.469,0.469,33,34,33,34,1,0,5,1,5,2,"1.43","0.77","0.77","35.2",,,,,
"FS","2023-09-14","88.3","-2.18","5.51","Eovaldi, Nathan",593160,543135,,"foul",,,,,13,,"R","R","R","TOR","TEX","S",,,0,1,2023,"-1.18","-0.08",-0.13295659065857457,1.0492785096436776,,,656305,0,2,"Bot",,,,,,,7.561436906013934,-128.43447079497594,-4.6997876517613735,-14.59173164060651,25.532637050243036,-32.281188138640154,3.32,1.55,1,"81.7",-37,"89.8",1595,"7.2",716587,641680,663993,543760,669701,608369,677649,694497,543257,"53.34",,,,,,,,19,2,"Split-Finger",2,3,2,3,3,2,2,3,"Standard","Standard",235,"-0.009","-0.043","67.1","7.3",,,"0.043","88.0",-1,-1,0.478,0.478,33,34,33,34,1,0,5,1,5,2,"2.99","1.18","1.18","35.2",3.368788201328191,-1.1955438439311992,41.24038082463297,32.474932515808504,30.895140990021968
"FC","2023-09-14","89.9","-2.31","5.47","Eovaldi, Nathan",593160,543135,,"called_strike",,,,,9,,"R","R","R","TOR","TEX","S",,,0,0,2023,"-0.11","0.72",0.4654772926270345,1.5533780264048238,,,656305,0,2,"Bot",,,,,,,7.232624060668352,-130.6336813789983,-5.318893480235302,-2.726860783405694,27.41343481294917,-23.01521928717215,3.31958852859685,1.56856666049691,,,,"91.5",2255,"7.3",716587,641680,663993,543760,669701,608369,677649,694497,543257,"53.18",,,,,,,,19,1,"Cutter",2,3,2,3,3,2,2,3,"Standard","Standard",196,"-0.006","-0.036",,,,,"0.036",,-1,-1,0.484,0.484,33,34,33,34,1,0,5,1,5,2,"2.11","0.11","0.11","32.4",,,,,
"SL","2023-09-14","81.3","-2.27","5.64","Eovaldi, Nathan",665489,543135,"home_run","hit_into_play",,,,,5,"Vladimir Guerrero Jr. homers (22) on a fly ball to left center field. Bo Bichette scores.","R","R","R","TOR","TEX","X",,"fly_ball",1,1,2023,"0.61","0.1",-0.12364783133875279,2.300741074561094,,,666182,1,1,"Bot",49,44.27,,,,,3.6905553855835285,-118.46846947846845,-1.0950478581939311,5.066932084147168,22.755691716561113,-31.19912952430784,3.65,1.67,426,"108.5",29,"82.6",2077,"7.1",716587,641680,663993,543760,669701,608369,677649,694497,543257,"53.43",0.967,1.9335714285714287,"2",1,0,3,6,9,3,"Slider",0,1,0,1,1,2,2,1,"Standard","Standard",107,"0.177","1.466",,,,3.858,"-1.466","108.5",-1,-1,0.449,0.449,33,24,33,24,1,0,5,1,5,1,"3.34","-0.61","-0.61","35.8",,,,,
"SL","2023-09-14","83.6","-2.1","5.67","Eovaldi, Nathan",665489,543135,,"ball",,,,,14,,"R","R","R","TOR","TEX","B",,,0,1,2023,"0.54","0.31",1.6819831528586313,1.5545004104624622,,,666182,1,1,"Bot",,,,,,,7.778165428133429,-121.6127718961993,-3.730112755141103,3.8108275889702883,23.631470565562246,-28.51380028596488,3.6229932077359,1.63607666521544,,,,"85",2043,"7.2",716587,641680,663993,543760,669701,608369,677649,694497,543257,"53.29",,,,,,,,9,2,"Slider",0,1,0,1,1,0,0,1,"Standard","Standard",115,"0.003","0.025",,,,,"-0.025",,-1,-1,0.446,0.446,33,24,33,24,1,0,5,1,5,1,"2.95","-0.54","-0.54","42.6",,,,,
"SL","2023-09-14","84.1","-2.16","5.68","Eovaldi, Nathan",665489,543135,,"foul",,,,,14,,"R","R","R","TOR","TEX","S",,,0,0,2023,"0.62","-0.13",0.9115986275513601,1.933256073328471,,,666182,1,1,"Bot",,,,,,,5.98762813958791,-122.4177537626557,-2.033229095089533,5.0093790183656175,25.0502757033272,-33.325796896830994,3.65,1.67,4,"61.8",-30,"85.5",1987,"7.3",716587,641680,663993,543760,669701,608369,677649,694497,543257,"53.24",,,,,,,,9,1,"Slider",0,1,0,1,1,0,0,1,"Standard","Standard",122,"-0.004","-0.042","77.5","8.6",,,"0.042","88.0",-1,-1,0.45,0.45,33,24,33,24,1,0,5,1,5,1,"3.36","-0.62","-0.62","42.2",11.786771542202846,-27.720679593428777,23.77425737660573,43.18717288615427,49.47881146959818
"FC","2023-09-09","89.8","-2.1","5.56","Eovaldi, Nathan",680869,543135,"single","hit_into_play",,,,,5,"Zack Gelof singles on a line drive to right fielder Robbie Grossman. Ryan Noda to 3rd.","R","R","R","TEX","ATH","X",9,"line_drive",2,2,2023,"-0.18","0.56",0.26257593681026586,2.541333303323726,,,676116,1,3,"Top",168.98,79.19,,,,,6.350684963153563,-130.6200435849951,-2.692056806141639,-3.4415645675301643,27.52796341156585,-25.424426629794787,3.34,1.54,258,"89.4",17,"91.2",2258,"7.2",716657,595978,663993,543760,669701,608369,677649,665750,543257,"53.34",0.866,0.817,"0.9",1,1,0,4,20,5,"Cutter",0,0,0,0,0,0,0,0,"Standard","Standard",194,"-0.077","0.44","70.5","6.7",,1.012,"-0.44","89.4",0,0,0.502,0.498,33,23,33,24,2,1,4,1,5,1,"2.27","0.18","0.18","34.5",5.120301295234959,15.609001921127106,32.76339923771207,41.63815807312896,19.80002497913305
"FS","2023-09-09","88.5","-2.05","5.58","Eovaldi, Nathan",680869,543135,,"blocked_ball",,,,,14,,"R","R","R","TEX","ATH","B",,,1,2,2023,"-1.29","0.17",1.1023176250258175,0.4676763104226249,,,676116,1,3,"Top",,,,,,,10.536578157273254,-128.37452492618354,-6.825730366825522,-16.390843024266545,25.072489802376804,-29.109828620804965,3.13578322540999,1.53999687852275,,,,"89.9",1636,"7.2",716657,595978,663993,543760,669701,608369,677649,665750,543257,"53.32",,,,,,,,20,4,"Split-Finger",0,0,0,0,0,0,0,0,"Standard","Standard",235,"-0.005","0.047",,,,,"-0.047",,0,0,0.507,0.493,33,23,33,24,2,1,4,1,5,1,"2.75","1.29","1.29","35.5",,,,,
"FS","2023-09-09","85.6","-2.06","5.66","Eovaldi, Nathan",680869,543135,,"called_strike",,,,,1,,"R","R","R","TEX","ATH","S",,,1,1,2023,"-1.28","0.11",-0.46872347013819504,3.274982939084781,,,676116,1,3,"Top",,,,,,,6.444406484705851,-124.54917838708246,0.4194567427862874,-14.63925764046079,24.10026130386336,-31.296627222495314,3.18085899648678,1.499635215927,,,,"86.9",1567,"7",716657,595978,663993,543760,669701,608369,677649,665750,543257,"53.47",,,,,,,,20,3,"Split-Finger",0,0,0,0,0,0,0,0,"Standard","Standard",234,"0.008","-0.055",,,,,"0.055",,0,0,0.499,0.501,33,23,33,24,2,1,4,1,5,1,"2.99","1.28","1.28","37.2",,,,,
"FF","2023-09-09","95.6","-2.11","5.39","Eovaldi, Nathan",680869,543135,,"ball",,,,,14,,"R","R","R","TEX","ATH","B",,,0,1,2023,"-1","1.08",1.8141060184678102,1.9260363305997854,,,676116,1,3,"Top",,,,,,,12.784463862964783,-138.61476075396547,-6.002978207308022,-15.730506712597135,30.673467887108657,-16.973749175703986,3.22525155284421,1.53999740262662,,,,"97.1",2176,"7.3",716657,595978,663993,543760,669701,608369,677649,665750,543257,"53.21",,,,,,,,20,2,"4-Seam Fastball",0,0,0,0,0,0,0,0,"Standard","Standard",227,"-0.003","0.025",,,,,"-0.025",,0,0,0.502,0.498,33,23,33,24,2,1,4,1,5,1,"1.43","1","1","32.3",,,,,
"FS","2023-09-09","88","-2.14","5.58","Eovaldi, Nathan",680869,543135,,"swinging_strike",,,,,14,,"R","R","R","TEX","ATH","S",,,0,0,2023,"-1.11","-0.01",0.026371227836926803,1.33873618361025,,,676116,1,3,"Top",,,,,,,7.673173304407087,-128.00340269055056,-4.247858734408917,-13.723029424411866,24.659940412365422,-31.681517444458986,3.34,1.54,,,,"89.4",1553,"7",716657,595978,663993,543760,669701,608369,677649,665750,543257,"53.46",,,,,,,,20,1,"Split-Finger",0,0,0,0,0,0,0,0,"Standard","Standard",239,"0.005","-0.042","72.4","7.6","0.901577112",,"0.042",,0,0,0.497,0.503,33,23,33,24,2,1,4,1,5,1,"2.94","1.11","1.11","37.2",15.311108795077686,0.8036432258293059,36.6113633947373,39.67129492039068,25.18290685853019
"FS","2023-09-09","88.1","-2.11","5.7","Eovaldi, Nathan",643393,543135,"grounded_into_double_play","hit_into_play",,,,,14,"Tony Kemp grounds into a double play, second baseman Marcus Semien to first baseman Nathaniel Lowe. Kevin Smith out at 2nd. Tony Kemp out at 1st.","R","L","R","TEX","ATH","X",4,"ground_ball",0,1,2023,"-1.31","0.07",0.0650344839303516,1.1353153677842167,,669127,675656,1,2,"Top",137.07,155.05,,,,,8.114578232509052,-127.99791411178708,-5.206479075519824,-16.07470002246574,25.092787548256034,-30.568350124017766,3.15,1.49,3,"71.2",-26,"89.4",1712,"7.1",716657,595978,663993,543760,669701,608369,677649,665750,543257,"53.44",0.038,0.042,"0",1,0,0,2,13,2,"Split-Finger",0,0,0,0,0,0,0,0,"Infield shade","Standard",233,"0.086","-0.284","66.4","7.6",,0.038,"0.284","88.0",0,0,0.465,0.5349999999999999,33,31,33,32,1,0,4,1,5,1,"2.87","1.31","-1.31","36.7",17.252412830422504,-17.956533078386396,40.42273122156375,32.4479220038614,37.25019128302948
"FS","2023-09-09","87.8","-2.2","5.68","Eovaldi, Nathan",643393,543135,,"foul_tip",,,,,13,,"R","L","R","TEX","ATH","S",,,0,0,2023,"-1.11","0.12",-0.07111482348141829,1.328002305521255,,669127,675656,1,2,"Top",,,,,,,7.546737713830903,-127.6911389293206,-4.742238751650626,-13.698447955949238,24.273065675482865,-30.119986940999585,3.15,1.49,,,,"89.1",1559,"7",716657,595978,663993,543760,669701,608369,677649,665750,543257,"53.53",,,,,,,,13,1,"Split-Finger",0,0,0,0,0,0,0,0,"Infield shade","Standard",238,"0.007","-0.04","62.0","8.0",,,"0.04",,0,0,0.458,0.542,33,31,33,32,1,0,4,1,5,1,"2.82","1.11","-1.11","36.0",23.211837002898502,-23.060502824910493,35.7845172964765,34.49517262589785,40.39937519952278
"FF","2023-09-09","95.5","-2.17","5.42","Eovaldi, Nathan",675656,543135,"walk","ball",,,,,14,"Kevin Smith walks.","R","R","R","TEX","ATH","B",,,3,2,2023,"-0.97","1.31",1.7131941550227796,2.0348537099202786,,669127,,1,2,"Top",,,,,,,12.562345679560107,-138.454467068417,-6.304026657151328,-15.25040853782948,29.760638513990216,-13.976977544028228,3.29999749967447,1.63301423654124,,,,"96.8",2312,"7.1",716657,595978,663993,543760,669701,608369,677649,665750,543257,"53.37",,0.695903,"0.7",1,0,0,,12,6,"4-Seam Fastball",0,0,0,0,0,0,0,0,"Standard","Standard",221,"-0.019","0.184",,,,,"-0.184",,0,0,0.477,0.523,33,26,33,27,1,0,4,1,5,1,"1.2","0.97","0.97","32.1",,,,,
"FC","2023-09-09","91.2","-2.07","5.62","Eovaldi, Nathan",675656,543135,,"ball",,,,,14,,"R","R","R","TEX","ATH","B",,,2,2,2023,"0.12","0.87",2.0053277358821617,1.9006780244048123,,669127,,1,2,"Top",,,,,,,10.110527390538545,-132.34870955847416,-5.362316790106913,-0.7664176069097817,28.585399344559832,-20.988536541459656,3.38487832428955,1.67851595994068,,,,"92.3",2388,"7.1",716657,595978,663993,543760,669701,608369,677649,665750,543257,"53.4",,,,,,,,12,5,"Cutter",0,0,0,0,0,0,0,0,"Standard","Standard",193,"-0.009","0.09",,,,,"-0.09",,0,0,0.486,0.514,33,26,33,27,1,0,4,1,5,1,"1.89","-0.12","-0.12","35.4",,,,,
"CU","2023-09-09","77.2","-1.89","5.84","Eovaldi, Nathan",675656,543135,,"blocked_ball",,,,,14,,"R","R","R","TEX","ATH","B",,,1,2,2023,"0.39","-0.5",1.5056490076944964,0.7603672340005412,,669127,,1,2,"Top",,,,,,,6.603578672623223,-112.32641031317769,-2.9591208405643634,2.080080295618532,20.345276770842258,-36.057450787852616,3.23537288914061,1.52636255432013,,,,"78.2",1905,"7",716657,595978,663993,543760,669701,608369,677649,665750,543257,"53.47",,,,,,,,12,4,"Curveball",0,0,0,0,0,0,0,0,"Standard","Standard",37,"-0.005","0.04",,,,,"-0.04",,0,0,0.491,0.509,33,26,33,27,1,0,4,1,5,1,"4.32","-0.39","-0.39","40.7",,,,,
"FF","2023-09-09","94.2","-2.12","5.67","Eovaldi, Nathan",675656,543135,,"ball",,,,,12,,"R","R","R","TEX","ATH","B",,,0,2,2023,"-0.69","1.56",0.9635748563093832,4.444416544301857,,669127,,1,2,"Top",,,,,,,9.675373746457712,-136.83697987368564,-0.9470118009803866,-10.793687244311977,30.02719756180427,-12.498934602553366,3.30000268226244,1.58941045170077,,,,"95.4",2295,"7",716657,595978,663993,543760,669701,608369,677649,665750,543257,"53.46",,,,,,,,12,3,"4-Seam Fastball",0,0,0,0,0,0,0,0,"Standard","Standard",217,"-0.004","0.015",,,,,"-0.015",,0,0,0.495,0.505,33,26,33,27,1,0,4,1,5,1,"1.01","0.69","0.69","43.1",,,,,
"FC","2023-09-09","91.9","-2.19","5.63","Eovaldi, Nathan",675656,543135,,"swinging_strike",,,,,3,,"R","R","R","TEX","ATH","S",,,0,1,2023,"0.2","0.99",0.4873118498698143,2.8450084795100197,,669127,,1,2,"Top",,,,,,,6.45361177215938,-133.7590697063677,-3.396431803203769,1.0135385664310166,28.99355992021371,-19.76110456514091,3.3,1.56,,,,"93.3",2349,"7.1",716657,595978,663993,543760,669701,608369,677649,665750,543257,"53.37",,,,,,,,12,2,"Cutter",0,0,0,0,0,0,0,0,"Standard","Standard",198,"0.009","-0.069","67.4","6.8","1.43293944",,"0.069",,0,0,0.486,0.514,33,26,33,27,1,0,4,1,5,1,"1.71","-0.2","-0.2","34.9",6.908020084511204,23.57572943905526,28.49666623732718,42.37828404186448,18.769896824200394
"FF","2023-09-09","95.5","-2.27","5.53","Eovaldi, Nathan",675656,543135,,"called_strike",,,,,8,,"R","R","R","TEX","ATH","S",,,0,0,2023,"-0.85","1.2",0.10369651841781513,1.8496718912691001,,669127,,1,2,"Top",,,,,,,8.300115643134685,-138.77362521090063,-6.854549735483163,-12.879286065518741,30.479183760443632,-15.306416291032374,3.45536048324904,1.75996795613437,,,,"97",2200,"7.2",716657,595978,663993,543760,669701,608369,677649,665750,543257,"53.32",,,,,,,,12,1,"4-Seam Fastball",0,0,0,0,0,0,0,0,"Standard","Standard",222,"0.006","-0.038",,,,,"0.038",,0,0,0.48,0.52,33,26,33,27,1,0,4,1,5,1,"1.3","0.85","0.85","29.6",,,,,
"FF","2023-09-09","95.1","-2.22","5.56","Eovaldi, Nathan",671732,543135,"strikeout","swinging_strike",,,,,3,"Lawrence Butler strikes out swinging.","R","L","R","TEX","ATH","S",2,,1,2,2023,"-0.69","1.29",0.7383655394318656,3.4622934619418126,,669127,,0,2,"Top",,,,,,,9.397253477188565,-138.23231799247333,-2.7494883633085148,-10.967863021314482,30.63776893743084,-15.263705264950406,3.59,1.7,,,,"96.1",2138,"6.9",716657,595978,663993,543760,669701,608369,677649,665750,543257,"53.6",,0,"0",1,0,0,,11,4,"4-Seam Fastball",0,0,0,0,0,0,0,0,"Infield shade","Standard",230,"0.03","-0.23","67.2","5.4","0.749142276",,"0.23",,0,0,0.45,0.55,33,22,33,23,1,0,4,5,5,1,"1.24","0.69","-0.69","31.7",-7.238382675515686,18.03702829421659,33.99062113279841,29.96582431086081,12.922845995591292
"CU","2023-09-09","75.5","-2.08","5.72","Eovaldi, Nathan",671732,543135,,"called_strike",,,,,4,,"R","L","R","TEX","ATH","S",,,1,1,2023,"0.58","-0.74",-0.5437403373183921,2.7099418355583698,,669127,,0,2,"Top",,,,,,,2.202929173018308,-109.9665077062455,2.206448133738959,4.291634866759469,19.443211180136416,-38.82425538445217,3.59000020675528,1.74643171452614,,,,"76.6",1918,"7",716657,595978,663993,543760,669701,608369,677649,665750,543257,"53.49",,,,,,,,11,3,"Curveball",0,0,0,0,0,0,0,0,"Infield shade","Standard",46,"0.011","-0.066",,,,,"0.066",,0,0,0.439,0.5609999999999999,33,22,33,23,1,0,4,5,5,1,"4.73","-0.58","0.58","40.8",,,,,
"FS","2023-09-09","86.7","-2.28","5.64","Eovaldi, Nathan",671732,543135,,"swinging_strike",,,,,13,,"R","L","R","TEX","ATH","S",,,1,0,2023,"-1.29","0.19",-0.3349960761172084,1.2308891256500232,,669127,,0,2,"Top",,,,,,,7.391746060575359,-126.16564709228692,-4.845960781091481,-15.200112755964668,23.304013118259927,-29.37011493271599,3.59,1.7,,,,"88.4",1522,"7.1",716657,595978,663993,543760,669701,608369,677649,665750,543257,"53.38",,,,,,,,11,2,"Split-Finger",0,0,0,0,0,0,0,0,"Infield shade","Standard",235,"0.005","-0.061","85.1","8.6","5.072938008",,"0.061",,0,0,0.434,0.5660000000000001,33,22,33,23,1,0,4,5,5,1,"2.82","1.29","-1.29","34.5",25.645850673421723,-15.506505226944752,32.295641374013094,45.25695619099747,47.42396230651529
"FS","2023-09-09","87.2","-2.28","5.71","Eovaldi, Nathan",671732,543135,,"ball",,,,,11,,"R","L","R","TEX","ATH","B",,,0,0,2023,"-1.38","0.17",-1.119824942864876,2.819978827677764,,669127,,0,2,"Top",,,,,,,5.663303612100947,-126.94809453678211,-1.189501303073081,-16.076558364856567,24.57481553009242,-30.260497256805692,3.5900012736672,1.74707702669138,,,,"88.1",1518,"6.7",716657,595978,663993,543760,669701,608369,677649,665750,543257,"53.77",,,,,,,,11,1,"Split-Finger",0,0,0,0,0,0,0,0,"Standard","Standard",236,"-0.003","0.036",,,,,"-0.036",,0,0,0.437,0.563,33,22,33,23,1,0,4,5,5,1,"2.81","1.38","-1.38","36.7",,,,,
"SL","2023-09-09","84.6","-2.16","5.55","Eovaldi, Nathan",667670,543135,"strikeout","swinging_strike",,,,,14,"Brent Rooker strikes out swinging.","R","R","R","TEX","ATH","S",2,,2,2,2023,"0.68","0.12",1.1396156783095277,1.2578051565258153,,,676116,2,1,"Top",,,,,,,6.428875382494759,-123.04920664528437,-3.914539546981206,5.582818054963937,25.747750058965707,-30.343208089865765,3.6,1.72,,,,"85.7",2230,"7.2",716657,595978,663993,543760,669701,608369,677649,665750,543257,"53.34",,0,"0",1,0,0,,4,5,"Slider",0,0,0,0,0,0,0,0,"Standard","Standard",131,"0.019","-0.239",,,,,"0.239",,0,0,0.529,0.471,33,28,33,29,1,0,4,1,5,2,"3.08","-0.68","-0.68","39.2",,,,,
"FF","2023-09-09","94.7","-2.34","5.4","Eovaldi, Nathan",667670,543135,,"swinging_strike",,,,,6,,"R","R","R","TEX","ATH","S",,,2,1,2023,"-0.88","1.27",0.6560958557304363,2.5609695906308536,,,676116,2,1,"Top",,,,,,,9.902676327125524,-137.59308136851828,-4.601756991803048,-13.32733963291497,30.419944720093763,-15.221744994674449,3.6,1.72,,,,"95.9",2262,"7.1",716657,595978,663993,543760,669701,608369,677649,665750,543257,"53.43",,,,,,,,4,4,"4-Seam Fastball",0,0,0,0,0,0,0,0,"Standard","Standard",222,"0.005","-0.063","69.8","6.4","1.54093182",,"0.063",,0,0,0.524,0.476,33,28,33,29,1,0,4,1,5,2,"1.28","0.88","0.88","31.9",-5.158707541449104,23.17938943630622,37.01398519133798,44.80054027236099,14.474838449759469
"FC","2023-09-09","89.7","-2.2","5.5","Eovaldi, Nathan",667670,543135,,"ball",,,,,14,,"R","R","R","TEX","ATH","B",,,1,1,2023,"0.05","0.75",0.6421762256944334,1.5125848257751768,,,676116,2,1,"Top",,,,,,,7.021638830678144,-130.42789335052203,-5.552365418431769,-0.8497290626266596,25.77205544376628,-22.629578754070707,3.54153721938854,1.81646358454203,,,,"91.1",2238,"7.1",716657,595978,663993,543760,669701,608369,677649,665750,543257,"53.43",,,,,,,,4,3,"Cutter",0,0,0,0,0,0,0,0,"Standard","Standard",193,"-0.003","0.036",,,,,"-0.036",,0,0,0.527,0.473,33,28,33,29,1,0,4,1,5,2,"2.07","-0.05","-0.05","33.8",,,,,
"FF","2023-09-09","94.4","-2.17","5.43","Eovaldi, Nathan",667670,543135,,"called_strike",,,,,14,,"R","R","R","TEX","ATH","S",,,1,0,2023,"-0.99","1.07",1.0233734037071944,2.2397236812638845,,,676116,2,1,"Top",,,,,,,10.695475777932469,-137.0025672766409,-5.054653153838708,-14.849904991831643,29.572997970771194,-17.69573390640592,3.49882907980159,1.74880522121417,,,,"96",2157,"7.3",716657,595978,663993,543760,669701,608369,677649,665750,543257,"53.18",,,,,,,,4,2,"4-Seam Fastball",0,0,0,0,0,0,0,0,"Standard","Standard",223,"0.003","-0.05",,,,,"0.05",,0,0,0.524,0.476,33,28,33,29,1,0,4,1,5,2,"1.49","0.99","0.99","35.6",,,,,
"FF","2023-09-09","95.3","-2.25","5.41","Eovaldi, Nathan",667670,543135,,"ball",,,,,14,,"R","R","R","TEX","ATH","B",,,0,0,2023,"-0.9","1.13",2.128948011018415,0.9895590419962919,,,676116,2,1,"Top",,,,,,,13.639380712019522,-137.93349729405801,-8.601064234884921,-14.42378078523587,28.640850604019377,-15.836624517491966,3.59999818493523,1.81891749035925,,,,"96.3",2243,"7",716657,595978,663993,543760,669701,608369,677649,665750,543257,"53.49",,,,,,,,4,1,"4-Seam Fastball",0,0,0,0,0,0,0,0,"Standard","Standard",223,"-0.002","0.03",,,,,"-0.03",,0,0,0.526,0.474,33,28,33,29,1,0,4,1,5,2,"1.39","0.9","0.9","30.2",,,,,
"FF","2023-09-09","93.8","-2.2","5.41","Eovaldi, Nathan",664913,543135,"field_out","hit_into_play",,,,,8,"Seth Brown pops out to third baseman Josh H. Smith in foul territory.","R","L","R","TEX","ATH","X",5,"popup",2,1,2023,"-0.94","1.22",0.2525310807167619,2.0315111654744724,,,676116,1,1,"Top",88.23,182.82,,,,,8.602656464940642,-136.29944833412287,-5.796154111434514,-13.62820700211639,29.703382607936756,-15.878688400782798,3.43,1.65,146,"83.8",70,"95.5",2181,"7.4",716657,595978,663993,543760,669701,608369,677649,665750,543257,"53.15",0.001,0,"0",1,0,0,3,3,4,"4-Seam Fastball",0,0,0,0,0,0,0,0,"Infield shade","Standard",224,"0.032","-0.286","79.0","7.1",,0.001,"0.286","88.0",0,0,0.494,0.506,33,30,33,31,1,0,4,1,5,1,"1.38","0.94","-0.94","31.1",15.670872399919592,-14.08572701170844,33.35179010489206,33.20670471728751,39.741074481315536
"FC","2023-09-09","88.6","-2.26","5.59","Eovaldi, Nathan",664913,543135,,"ball",,,,,11,,"R","L","R","TEX","ATH","B",,,1,1,2023,"-0.15","0.59",-0.2906525900396183,3.6687817989780807,,,676116,1,1,"Top",,,,,,,5.1871799842451045,-128.98071293939387,0.13999817844037943,-2.702786515102134,26.72090816385238,-25.814494293994724,3.43000069330456,1.65190568622437,,,,"89.8",2232,"7",716657,595978,663993,543760,669701,608369,677649,665750,543257,"53.48",,,,,,,,3,3,"Cutter",0,0,0,0,0,0,0,0,"Infield shade","Standard",199,"-0.005","0.046",,,,,"-0.046",,0,0,0.499,0.501,33,30,33,31,1,0,4,1,5,1,"2.31","0.15","-0.15","35.0",,,,,
"FS","2023-09-09","87.8","-2.21","5.59","Eovaldi, Nathan",664913,543135,,"swinging_strike",,,,,13,,"R","L","R","TEX","ATH","S",,,1,0,2023,"-0.92","-0.23",-0.0034719932531781517,0.8914268016145019,,,676116,1,1,"Top",,,,,,,7.332627601328819,-127.7114259302616,-4.8702337482945515,-11.52760249909415,24.91421824224402,-33.88559660708258,3.43,1.65,,,,"89.1",1598,"7",716657,595978,663993,543760,669701,608369,677649,665750,543257,"53.49",,,,,,,,3,2,"Split-Finger",0,0,0,0,0,0,0,0,"Infield shade","Standard",232,"0.005","-0.053","79.0","7.5","2.827767828",,"0.053",,0,0,0.494,0.506,33,30,33,31,1,0,4,1,5,1,"3.17","0.92","-0.92","36.3",15.62713822927488,-13.503414632468738,35.721726778087096,36.25870602526963,38.162447864757794
"FC","2023-09-09","88.9","-2.19","5.64","Eovaldi, Nathan",664913,543135,,"ball",,,,,11,,"R","L","R","TEX","ATH","B",,,0,0,2023,"-0.31","0.66",-0.5916718120223845,3.7931032746917985,,,676116,1,1,"Top",,,,,,,4.639822081306387,-129.3952543561128,0.1228916092281852,-4.4275159761765055,26.221093213416314,-24.99054800851888,3.44916891677076,1.68627278016624,,,,"90.2",2208,"7",716657,595978,663993,543760,669701,608369,677649,665750,543257,"53.5",,,,,,,,3,1,"Cutter",0,0,0,0,0,0,0,0,"Infield shade","Standard",190,"-0.004","0.036",,,,,"-0.036",,0,0,0.498,0.502,33,30,33,31,1,0,4,1,5,1,"2.22","0.31","-0.31","35.8",,,,,
"FC","2023-09-09","90.1","-2.22","5.48","Eovaldi, Nathan",680869,543135,"strikeout","swinging_strike",,,,,3,"Zack Gelof strikes out swinging.","R","R","R","TEX","ATH","S",2,,1,2,2023,"0.15","0.73",0.3635352746712695,2.8749202410027923,,,676116,0,1,"Top",,,,,,,6.219014599774325,-131.15244834769987,-2.082628664475008,0.3439215647030815,28.043835551119372,-23.463733335326335,3.34,1.54,,,,"91.5",2279,"7.1",716657,595978,663993,543760,669701,608369,677649,665750,543257,"53.37",,0,"0",1,0,0,,2,4,"Cutter",0,0,0,0,0,0,0,0,"Standard","Standard",189,"0.024","-0.165","72.3","6.9","0.378674112",,"0.165",,0,0,0.474,0.526,33,23,33,24,1,0,4,1,5,1,"2.07","-0.15","-0.15","35.7",11.065065533545823,17.909115710864203,29.15222312194858,42.80628404610472,16.08436207035446
"FS","2023-09-09","87.3","-2.11","5.48","Eovaldi, Nathan",680869,543135,,"blocked_ball",,,,,14,,"R","R","R","TEX","ATH","B",,,0,2,2023,"-1.3","0.06",0.8166923917521738,-0.4776516024118682,,,676116,0,1,"Top",,,,,,,9.844753321385157,-126.5454958638145,-8.408430049464517,-15.893847519216186,24.956613905168663,-29.936068847810244,3.07042092938914,1.52272030136904,,,,"88.6",1604,"7.2",716657,595978,663993,543760,669701,608369,677649,665750,543257,"53.26",,,,,,,,2,3,"Split-Finger",0,0,0,0,0,0,0,0,"Standard","Standard",236,"-0.004","0.008",,,,,"-0.008",,0,0,0.478,0.522,33,23,33,24,1,0,4,1,5,1,"2.94","1.3","1.3","32.9",,,,,
"FS","2023-09-09","87.6","-2.23","5.56","Eovaldi, Nathan",680869,543135,,"swinging_strike",,,,,13,,"R","R","R","TEX","ATH","S",,,0,1,2023,"-1.14","0.08",-0.8385528007924155,1.2424624896510257,,,676116,0,1,"Top",,,,,,,5.806248226471112,-127.44929058414465,-4.524921506669263,-13.614114447121642,25.090986960969573,-30.61369244549458,3.34,1.54,,,,"89",1488,"7.1",716657,595978,663993,543760,669701,608369,677649,665750,543257,"53.43",,,,,,,,2,2,"Split-Finger",0,0,0,0,0,0,0,0,"Standard","Standard",236,"0.009","-0.043","70.8","7.6","1.937242896",,"0.043",,0,0,0.469,0.531,33,23,33,24,1,0,4,1,5,1,"2.88","1.14","1.14","35.2",21.154127300906172,-13.564339729328799,43.138296221546256,28.601853699173823,35.36862997848877
"FC","2023-09-09","89.9","-2.26","5.6","Eovaldi, Nathan",680869,543135,,"called_strike",,,,,6,,"R","R","R","TEX","ATH","S",,,0,0,2023,"0.09","0.69",0.5007632422032575,2.102678098780273,,,676116,0,1,"Top",,,,,,,6.749705041263642,-130.76193760636963,-4.187252231456669,-0.4465292901965604,28.330589748316182,-23.57645599246448,3.12179522178236,1.48729605335714,,,,"91.1",2308,"7.1",716657,595978,663993,543760,669701,608369,677649,665750,543257,"53.39",,,,,,,,2,1,"Cutter",0,0,0,0,0,0,0,0,"Standard","Standard",195,"0.005","-0.036",,,,,"0.036",,0,0,0.464,0.536,33,23,33,24,1,0,4,1,5,1,"2.14","-0.09","-0.09","40.1",,,,,
"FC","2023-09-05","88.8","-2.19","5.67","Eovaldi, Nathan",643289,543135,"field_out","hit_into_play",,,,,14,"Mauricio Dubon lines out to center fielder Leody Taveras.","R","R","R","TEX","HOU","X",8,"line_drive",3,2,2023,"-0.01","0.77",0.4365744346646888,1.1798525337129167,,547989,676801,2,1,"Top",138.91,67.21,,,,,6.548938146377631,-129.10482089039792,-6.625796023046993,-1.4594944197076656,27.10462951052834,-22.36294429297303,3.24,1.55,328,"89.7",23,"90.1",2314,"7.2",716705,641680,663993,543760,677649,608369,543257,665750,666969,"53.33",0.137,0.146,"0",1,0,0,3,8,7,"Cutter",0,3,3,0,3,0,3,0,"Standard","Standard",203,"0.03","-0.31","67.6","8.7",,0.228,"0.31","89.7",-3,3,0.237,0.763,33,28,33,29,1,0,49,1,4,1,"2.13","0.01","0.01","36.1",14.600251308926092,-0.49140478216713335,36.71090101301179,41.320685286091965,32.02585375823527
"FF","2023-09-05","94.7","-2.24","5.52","Eovaldi, Nathan",643289,543135,,"foul",,,,,7,,"R","R","R","TEX","HOU","S",,,3,2,2023,"-1.08","1.21",-0.3713047469642927,1.8803497117833556,,547989,676801,2,1,"Top",,,,,,,7.358967242769331,-137.54130037922425,-6.545293518436967,-15.377201907217994,31.3912190643801,-15.548302258471022,3.24,1.55,242,"72",43,"95.3",2192,"6.8",716705,641680,663993,543760,677649,608369,543257,665750,666969,"53.69",,,,,,,,8,6,"4-Seam Fastball",0,3,3,0,3,0,3,0,"Standard","Standard",224,"0","0","72.5","7.9",,,"0","88.0",-3,3,0.237,0.763,33,28,33,29,1,0,49,1,4,1,"1.35","1.08","1.08","33.2",1.2668566367273082,-4.812761203865493,39.15087909499132,32.9448857803708,28.99281894883596
"FF","2023-09-05","93.7","-2.11","5.6","Eovaldi, Nathan",643289,543135,,"ball",,,,,14,,"R","R","R","TEX","HOU","B",,,2,2,2023,"-0.68","1.02",1.3883669930493077,1.6270485960075938,,547989,676801,2,1,"Top",,,,,,,10.669068111927348,-135.94019900731985,-6.901391658023975,-10.6177538331824,27.874134957380598,-18.096687341962937,3.3325978717472,1.70221512813358,,,,"95.2",2171,"7.1",716705,641680,663993,543760,677649,608369,543257,665750,666969,"53.35",,,,,,,,8,5,"4-Seam Fastball",0,3,3,0,3,0,3,0,"Standard","Standard",218,"-0.007","0.064",,,,,"-0.064",,-3,3,0.244,0.756,33,28,33,29,1,0,49,1,4,1,"1.57","0.68","0.68","36.1",,,,,
"FC","2023-09-05","88.7","-2.18","5.62","Eovaldi, Nathan",643289,543135,,"foul",,,,,12,,"R","R","R","TEX","HOU","S",,,2,1,2023,"0.19","0.82",0.8860854851276307,2.438269960315459,,547989,676801,2,1,"Top",,,,,,,7.199515148940445,-128.9324411277197,-3.425239412003169,0.5030311356859235,29.027499343414753,-22.493874800890175,3.24,1.55,94,"76.6",80,"89.6",2181,"7.1",716705,641680,663993,543760,677649,608369,543257,665750,666969,"53.43",,,,,,,,8,4,"Cutter",0,3,3,0,3,0,3,0,"Standard","Standard",196,"0.006","-0.06","68.0","8.3",,,"0.06","88.0",-3,3,0.238,0.762,33,28,33,29,1,0,49,1,4,1,"2.1","-0.19","-0.19","33.1",12.798616866315403,-8.407991501993852,23.687952010574477,46.31327198726513,42.42786602155293
"FS","2023-09-05","87.5","-2.08","5.76","Eovaldi, Nathan",643289,543135,,"blocked_ball",,,,,14,,"R","R","R","TEX","HOU","B",,,1,1,2023,"-0.91","0.28",0.9139080157258849,0.2764726725269857,,547989,676801,2,1,"Top",,,,,,,9.196695608203312,-127.00137496492256,-7.757903720679141,-11.623762251576132,24.384110837389585,-27.76581924870563,3.35736068428405,1.59787626820096,,,,"88.7",1526,"7",716705,641680,663993,543760,677649,608369,543257,665750,666969,"53.49",,,,,,,,8,3,"Split-Finger",0,3,3,0,3,0,3,0,"Standard","Standard",233,"-0.003","0.025",,,,,"-0.025",,-3,3,0.241,0.759,33,28,33,29,1,0,49,1,4,1,"2.7","0.91","0.91","40.9",,,,,
"FF","2023-09-05","93.5","-2.21","5.51","Eovaldi, Nathan",643289,543135,,"foul",,,,,5,,"R","R","R","TEX","HOU","S",,,1,0,2023,"-0.82","1.26",-0.1226472894377284,2.1675184783727857,,547989,676801,2,1,"Top",,,,,,,7.323185791539816,-135.87649409080132,-5.738138190452142,-11.774434552742086,29.097605514543325,-15.473736171115949,3.24,1.55,220,"73.5",27,"95.1",2198,"7.2",716705,641680,663993,543760,677649,608369,543257,665750,666969,"53.28",,,,,,,,8,2,"4-Seam Fastball",0,3,3,0,3,0,3,0,"Standard","Standard",220,"0.003","-0.045","73.3","8.0",,,"0.045","88.0",-3,3,0.238,0.762,33,28,33,29,1,0,49,1,4,1,"1.35","0.82","0.82","35.3",8.190426096377827,-2.2012356667093913,33.07594524247132,36.9628014617968,34.134762666711126
"FF","2023-09-05","94","-2.18","5.6","Eovaldi, Nathan",643289,543135,,"ball",,,,,14,,"R","R","R","TEX","HOU","B",,,0,0,2023,"-0.93","1.32",1.324513853527682,1.873675411177887,,547989,676801,2,1,"Top",,,,,,,11.235299032205535,-136.3638355167349,-6.902896935872779,-14.0339861097274,29.583386281988723,-14.306020912586522,3.35384727425126,1.62652562696364,,,,"94.9",2132,"6.9",716705,641680,663993,543760,677649,608369,543257,665750,666969,"53.58",,,,,,,,8,1,"4-Seam Fastball",0,3,3,0,3,0,3,0,"Infield shade","Standard",221,"-0.002","0.03",,,,,"-0.03",,-3,3,0.24,0.76,33,28,33,29,1,0,49,1,4,1,"1.27","0.93","0.93","37.0",,,,,
"CU","2023-09-05","76.2","-2.01","5.84","Eovaldi, Nathan",676801,543135,"single","hit_into_play",,,,,14,"Chas McCormick singles on a ground ball to left fielder Robbie Grossman. Alex Bregman scores. Jose Abreu to 2nd.","R","R","R","TEX","HOU","X",7,"ground_ball",0,0,2023,"0.57","-0.53",0.7800307465875945,1.4085499175505505,608324,,547989,2,1,"Top",103.97,115.35,,,,,4.910361744608588,-110.98062022474846,-1.315037391572474,3.852419015542172,19.757146415910864,-36.54784776130853,3.26,1.53,127,"83.7",11,"77.5",1900,"7.1",716705,641680,663993,543760,677649,608369,543257,665750,666969,"53.37",0.534,0.481,"0.9",1,1,0,4,7,1,"Curveball",0,2,2,0,3,0,3,0,"Standard","Standard",45,"-0.074","0.594","61.4","7.9",,0.561,"-0.594","88.0",-2,2,0.314,0.6859999999999999,33,28,33,28,1,0,49,1,4,1,"4.45","-0.57","-0.57","40.8",19.53057441541141,0.8806867183370505,36.552615729743096,52.02199044457444,32.59321726503303
"SL","2023-09-05","84.1","-2.05","5.75","Eovaldi, Nathan",547989,543135,"fielders_choice_out","hit_into_play",,,,,14,"Jose Abreu reaches on a fielder's choice out, shortstop Corey Seager to second baseman Marcus Semien. Jeremy Pena scores. Alex Bregman to 3rd. Kyle Tucker out at 2nd.","R","R","R","TEX","HOU","X",6,"ground_ball",0,2,2023,"0.46","0.17",1.3516127235894635,1.5770891180245434,665161,608324,663656,1,1,"Top",118.29,147.82,,,,,7.087054642790601,-122.34915996677664,-3.6741562055116908,3.248559920312466,23.12543079267909,-29.987525940945456,3.34,1.53,93,"91.3",4,"85.3",2036,"7",716705,641680,663993,543760,677649,608369,543257,665750,666969,"53.49",0.429,0.408,"0",1,0,0,4,6,3,"Slider",0,1,1,0,2,0,2,0,"Standard","Standard",134,"-0.028","-0.164","65.4","8.0",,0.494,"0.164","91.3",-1,1,0.342,0.6579999999999999,33,36,33,36,1,0,49,1,4,1,"3.05","-0.46","-0.46","35.8",8.920890992710879,-2.8552923559934538,28.24907030806134,54.93162340372511,31.094136581779534
"CU","2023-09-05","76.5","-2","5.78","Eovaldi, Nathan",547989,543135,,"swinging_strike",,,,,8,,"R","R","R","TEX","HOU","S",,,0,1,2023,"0.53","-0.46",0.04003841124654384,1.9145632836213773,665161,608324,663656,1,1,"Top",,,,,,,3.3956070949251624,-111.34243024689016,-0.2764248927174182,3.8027245384119284,20.144885836165294,-36.171659139246714,3.34,1.53,,,,"77.8",1840,"7.2",716705,641680,663993,543760,677649,608369,543257,665750,666969,"53.3",,,,,,,,6,2,"Curveball",0,1,1,0,1,0,1,0,"Standard","Standard",46,"0.016","-0.081",,,,,"0.081",,-1,1,0.326,0.6739999999999999,33,36,33,36,1,0,49,1,4,1,"4.36","-0.53","-0.53","43.2",,,,,
"SL","2023-09-05","84.8","-2.21","5.64","Eovaldi, Nathan",547989,543135,,"foul",,,,,5,,"R","R","R","TEX","HOU","S",,,0,0,2023,"0.27","0.19",0.0036554397696106633,2.3433210039720462,665161,608324,663656,1,1,"Top",,,,,,,4.717243503370697,-123.48354875012257,-1.7760112646730255,1.826332830648613,24.5481609674552,-30.04385912270762,3.34,1.53,23,"89.5",-5,"86.2",2091,"7.2",716705,641680,663993,543760,677649,608369,543257,665750,666969,"53.35",,,,,,,,6,1,"Slider",0,1,1,0,1,0,1,0,"Standard","Standard",139,"0.01","-0.05","81.5","8.0",,,"0.05","89.5",-1,1,0.316,0.6839999999999999,33,36,33,36,1,0,49,1,4,1,"2.97","-0.27","-0.27","33.8",14.14823511187585,-25.10530661431345,27.678866180150237,40.119859857577154,53.49196536620593
"FS","2023-09-05","87.3","-2.27","5.66","Eovaldi, Nathan",663656,543135,"walk","ball",,,,,11,"Kyle Tucker walks. Alex Bregman to 2nd.","R","L","R","TEX","HOU","B",,,3,1,2023,"-0.78","0.14",-1.6667816758812646,2.8574053544267985,665161,,608324,1,1,"Top",,,,,,,3.0986502284259907,-127.25938725981212,-0.9585288689913037,-9.139955370470126,23.207683721761846,-30.634211370638525,3.65165757205246,1.71581017978651,,,,"88.6",1569,"6.8",716705,641680,663993,543760,677649,608369,543257,665750,666969,"53.75",,0.695903,"0.7",1,0,0,,5,5,"Split-Finger",0,1,1,0,1,0,1,0,"Infield shade","Strategic",240,"-0.017","0.111",,,,,"-0.111",,-1,1,0.333,0.667,33,26,33,26,1,0,49,1,4,1,"2.81","0.78","-0.78","33.8",,,,,
"FF","2023-09-05","93.8","-2.12","5.56","Eovaldi, Nathan",663656,543135,,"ball",,,,,14,,"R","L","R","TEX","HOU","B",,,2,1,2023,"-0.9","0.81",1.5118581724260238,2.0527275302562225,665161,,608324,1,1,"Top",,,,,,,11.525542155465512,-136.15622901359953,-5.203884120906411,-13.611670114731108,28.133125332756467,-21.151640288972864,3.67379087992119,1.69570066696893,,,,"95.1",2157,"7",716705,641680,663993,543760,677649,608369,543257,665750,666969,"53.45",,,,,,,,5,4,"4-Seam Fastball",0,1,1,0,1,0,1,0,"Infield shade","Standard",222,"-0.008","0.093",,,,,"-0.093",,-1,1,0.341,0.659,33,26,33,26,1,0,49,1,4,1,"1.79","0.9","-0.9","34.4",,,,,
"FC","2023-09-05","89.3","-2.14","5.69","Eovaldi, Nathan",663656,543135,,"ball",,,,,12,,"R","L","R","TEX","HOU","B",,,1,1,2023,"0.13","0.58",1.1944632716446466,3.335204897692509,665161,,608324,1,1,"Top",,,,,,,8.050826308235525,-129.90250950552496,-1.0161978096165885,-0.17472471146814078,26.700667329022444,-25.604093412559397,3.6686572392163,1.73209063418334,,,,"90.7",2210,"7.1",716705,641680,663993,543760,677649,608369,543257,665750,666969,"53.4",,,,,,,,5,3,"Cutter",0,1,1,0,1,0,1,0,"Infield shade","Strategic",193,"-0.006","0.05",,,,,"-0.05",,-1,1,0.347,0.653,33,26,33,26,1,0,49,1,4,1,"2.28","-0.13","0.13","37.8",,,,,
"FS","2023-09-05","87.4","-2.21","5.78","Eovaldi, Nathan",663656,543135,,"ball",,,,,13,,"R","L","R","TEX","HOU","B",,,0,1,2023,"-1.02","0.15",-0.5861969718536907,1.1507953229503145,665161,,608324,1,1,"Top",,,,,,,6.085602690955168,-127.11928029634637,-5.412444893600215,-12.26926810712676,23.64186533821345,-29.74311991131356,3.69229316886838,1.71298254613803,,,,"88.9",1561,"7",716705,641680,663993,543760,677649,608369,543257,665750,666969,"53.47",,,,,,,,5,2,"Split-Finger",0,1,1,0,1,0,1,0,"Infield shade","Strategic",237,"-0.006","0.035",,,,,"-0.035",,-1,1,0.353,0.647,33,26,33,26,1,0,49,1,4,1,"2.82","1.02","-1.02","37.0",,,,,
"FS","2023-09-05","87.3","-2.23","5.76","Eovaldi, Nathan",663656,543135,,"called_strike",,,,,13,,"R","L","R","TEX","HOU","S",,,0,0,2023,"-0.97","0.07",-0.9503525429614635,1.8819635819623763,665161,,608324,1,1,"Top",,,,,,,5.123294357887617,-127.1152323097449,-3.4088054852327434,-11.564548212191715,23.715508976187905,-30.958268561428525,3.66698188048044,1.74055091691638,,,,"88.3",1414,"6.7",716705,641680,663993,543760,677649,608369,543257,665750,666969,"53.8",,,,,,,,5,1,"Split-Finger",0,1,1,0,1,0,1,0,"Infield shade","Strategic",238,"0.009","-0.044",,,,,"0.044",,-1,1,0.344,0.656,33,26,33,26,1,0,49,1,4,1,"2.9","0.97","-0.97","43.0",,,,,
"FF","2023-09-05","94.1","-2.33","5.43","Eovaldi, Nathan",608324,543135,"force_out","hit_into_play",,,,,7,"Alex Bregman grounds into a force out, third baseman Ezequiel Duran to second baseman Marcus Semien. Jeremy Pena to 3rd. Yordan Alvarez out at 2nd. Alex Bregman to 1st.","R","R","R","TEX","HOU","X",5,"ground_ball",0,0,2023,"-1.1","1.04",-0.39777798451873725,1.7710507482578064,,665161,670541,0,1,"Top",113.43,167.24,,,,,7.590303773208246,-136.83513887953737,-6.190539593932003,-15.486530132528575,29.8098403073769,-17.87268675095804,3.05,1.46,1,"82.4",-50,"95.7",2195,"7.2",716705,641680,663993,543760,677649,608369,543257,665750,666969,"53.28",0.146,0.143,"0",1,0,0,2,4,1,"4-Seam Fastball",0,1,1,0,1,0,1,0,"Standard","Standard",223,"0.02","-0.307","67.3","6.3",,0.146,"0.307","88.0",-1,1,0.324,0.6759999999999999,33,29,33,29,1,0,49,1,4,1,"1.53","1.1","1.1","29.3",2.4156419399177005,11.205943832617114,35.91346052357863,29.596697507117415,21.713794308602072
"FS","2023-09-05","87.9","-2.21","5.79","Eovaldi, Nathan",670541,543135,"single","hit_into_play",,,,,4,"Yordan Alvarez singles on a ground ball to right fielder Adolis Garcia. Jeremy Pena to 2nd.","R","L","R","TEX","HOU","X",9,"ground_ball",2,1,2023,"-1.12","0.26",-0.5714971528509394,2.3733402281348432,,,665161,0,1,"Top",186.23,109,,,,,6.343727770472319,-127.84917206988547,-2.7356181287265837,-13.607587208812681,25.690190556390768,-28.929670344872743,3.53,1.75,13,"98.3",-10,"88.6",1737,"6.7",716705,641680,663993,543760,677649,608369,543257,665750,666969,"53.79",0.223,0.208,"0.9",1,1,0,2,3,4,"Split-Finger",0,1,1,0,1,0,1,0,"Infield shade","Strategic",233,"-0.043","0.423","78.3","7.6",,0.24,"-0.423","98.3",-1,1,0.367,0.633,33,26,33,26,1,0,49,1,4,1,"2.68","1.12","-1.12","35.7",15.617193992243745,-0.7273209267496895,27.87366253802379,43.792625877304616,38.61580173280279
"FF","2023-09-05","93.4","-2.04","5.76","Eovaldi, Nathan",670541,543135,,"ball",,,,,14,,"R","L","R","TEX","HOU","B",,,1,1,2023,"-0.82","1.28",1.9676508900993266,1.3978359323487597,,,665161,0,1,"Top",,,,,,,12.265133242769307,-135.2009554450019,-8.364006122572144,-12.731372300264196,29.767490009996678,-14.66821061725668,3.62406772455378,1.83653051195434,,,,"94.4",2157,"7.2",716705,641680,663993,543760,677649,608369,543257,665750,666969,"53.32",,,,,,,,3,3,"4-Seam Fastball",0,1,1,0,1,0,1,0,"Infield shade","Strategic",220,"-0.006","0.042",,,,,"-0.042",,-1,1,0.373,0.627,33,26,33,26,1,0,49,1,4,1,"1.36","0.82","-0.82","43.4",,,,,
"CU","2023-09-05","75.7","-2","5.84","Eovaldi, Nathan",670541,543135,,"called_strike",,,,,8,,"R","L","R","TEX","HOU","S",,,1,0,2023,"0.82","-0.59",0.22716139556855341,1.926411924295297,,,665161,0,1,"Top",,,,,,,3.227851043027235,-110.1561712587399,0.02393413165122804,6.0908233306526585,20.178741412803184,-37.19788410922502,3.45418192166782,1.66646293611284,,,,"76.9",1979,"7.2",716705,641680,663993,543760,677649,608369,543257,665750,666969,"53.28",,,,,,,,3,2,"Curveball",0,1,1,0,1,0,1,0,"Infield shade","Strategic",40,"0.006","-0.042",,,,,"0.042",,-1,1,0.367,0.633,33,26,33,26,1,0,49,1,4,1,"4.58","-0.82","0.82","46.4",,,,,
"FC","2023-09-05","91.9","-2.22","5.65","Eovaldi, Nathan",670541,543135,,"ball",,,,,14,,"R","L","R","TEX","HOU","B",,,0,0,2023,"-0.1","1.12",1.4815649410838827,2.0827880910166408,,,665161,0,1,"Top",,,,,,,9.723043043105987,-133.392185783238,-5.683146502340735,-3.266260530171122,28.533477399982964,-17.69193444700441,3.61697096259508,1.74999765909958,,,,"93",2320,"7.1",716705,641680,663993,543760,677649,608369,543257,665750,666969,"53.41",,,,,,,,3,1,"Cutter",0,1,1,0,1,0,1,0,"Infield shade","Strategic",192,"-0.005","0.03",,,,,"-0.03",,-1,1,0.372,0.628,33,26,33,26,1,0,49,1,4,1,"1.59","0.1","-0.1","35.4",,,,,
"CU","2023-07-18","75.2","-2.16","5.77","Eovaldi, Nathan",664040,543135,"field_out","hit_into_play",,,,,8,"Brandon Lowe grounds out, first baseman Nathaniel Lowe to pitcher Nathan Eovaldi.","R","L","R","TEX","TB","X",3,"ground_ball",1,2,2023,"0.79","-0.61",-0.20294732839497387,1.7882659790130235,,670042,670623,2,6,"Top",159.72,168.51,,,,,2.697800962981618,-109.52732785664153,-0.012568182576639941,5.849355772499954,19.783735089707484,-37.264530215622905,3.36,1.54,44,"81.7",1,"76.3",1852,"7.1",717354,641680,663993,543760,673962,608369,608671,665750,666969,"53.39",0.225,0.202,"0",1,0,0,2,44,4,"Curveball",1,0,0,1,0,1,0,1,"Infield shade","Standard",42,"0.05","-0.213","71.0","7.3",,0.266,"0.213","88.0",1,-1,0.69,0.31000000000000005,33,28,33,29,3,2,12,1,49,1,"4.64","-0.79","0.79","37.2",17.21420851861612,-16.794197869014155,37.077310798377056,36.444720737022834,44.13844888175261
"FF","2023-07-18","92.1","-2.18","5.55","Eovaldi, Nathan",664040,543135,,"foul",,,,,6,,"R","L","R","TEX","TB","S",,,1,1,2023,"-1.01","1.1",0.4507921950250122,2.5577110817843955,,670042,670623,2,6,"Top",,,,,,,8.962751003841541,-133.8838078702081,-4.199581688455639,-14.003334443879254,27.735714511002993,-18.17829281882657,3.36,1.54,137,"61.6",64,"93.3",2198,"6.9",717354,641680,663993,543760,673962,608369,608671,665750,666969,"53.57",,,,,,,,44,3,"4-Seam Fastball",1,0,0,1,0,1,0,1,"Infield shade","Standard",222,"0.018","-0.069","70.5","6.5",,,"0.069","88.0",1,-1,0.672,0.32799999999999996,33,28,33,29,3,2,12,1,49,1,"1.58","1.01","-1.01","39.1",8.581389264692685,4.130191062997052,40.53914154952123,29.336755683842547,29.595031236400246
"CU","2023-07-18","73.9","-2.18","5.79","Eovaldi, Nathan",664040,543135,,"called_strike",,,,,11,,"R","L","R","TEX","TB","S",,,1,0,2023,"0.77","-0.61",-0.8711434940607733,3.1320621876535437,,670042,670623,2,6,"Top",,,,,,,1.335779515095003,-107.54112911660127,2.9676687086381612,5.765377678413607,18.603398098269487,-37.650678937518045,3.4230376369701,1.46678899889839,,,,"74.9",1960,"7",717354,641680,663993,543760,673962,608369,608671,665750,666969,"53.51",,,,,,,,44,2,"Curveball",1,0,0,1,0,1,0,1,"Infield shade","Standard",51,"0.009","-0.045",,,,,"0.045",,1,-1,0.663,0.33699999999999997,33,28,33,29,3,2,12,1,49,1,"4.78","-0.77","0.77","39.2",,,,,
"CU","2023-07-18","75.7","-2.16","5.73","Eovaldi, Nathan",664040,543135,,"blocked_ball",,,,,14,,"R","L","R","TEX","TB","B",,,0,0,2023,"0.72","-0.92",1.0873028216567278,0.796031271835191,,670042,670623,2,6,"Top",,,,,,,5.5342423290407305,-110.13092200523063,-1.4692454259984413,4.727331017811367,21.933912105530084,-39.53957676173447,3.45276122964217,1.60770149145306,,,,"76",1952,"6.8",717354,641680,663993,543760,673962,608369,608671,665750,666969,"53.69",,,,,,,,44,1,"Curveball",1,0,0,1,0,1,0,1,"Infield shade","Standard",41,"-0.005","0.03",,,,,"-0.03",,1,-1,0.668,0.33199999999999996,33,28,33,29,3,2,12,1,49,1,"4.94","-0.72","0.72","37.4",,,,,
"FF","2023-07-18","92.9","-2.16","5.41","Eovaldi, Nathan",670623,543135,"walk","ball",,,,,14,"Isaac Paredes walks. Luke Raley to 2nd.","R","R","R","TEX","TB","B",,,3,0,2023,"-1.05","1.15",1.5215566729949945,1.3904669422864024,,,670042,2,6,"Top",,,,,,,11.83328291667629,-134.62722765600626,-7.066739686597451,-15.30547588198066,29.46635624715913,-16.687118331713958,3.19976379965846,1.63992450215469,,,,"93.6",2177,"7",717354,641680,663993,543760,673962,608369,608671,665750,666969,"53.54",,0.695903,"0.7",1,0,0,,43,4,"4-Seam Fastball",1,0,0,1,0,1,0,1,"Standard","Standard",220,"-0.014","0.106",,,,,"-0.106",,1,-1,0.682,0.31799999999999995,33,24,33,24,3,2,12,1,49,1,"1.51","1.05","1.05","31.7",,,,,
"FC","2023-07-18","89","-2.07","5.47","Eovaldi, Nathan",670623,543135,,"ball",,,,,14,,"R","R","R","TEX","TB","B",,,2,0,2023,"-0.2","0.76",1.2981501865767737,1.917509584639643,,,670042,2,6,"Top",,,,,,,8.83733881211267,-129.32315766165473,-4.337299523296557,-4.012095556994153,26.5945376688337,-22.898186618437354,3.37148832897905,1.72408089558243,,,,"90.6",2254,"7.3",717354,641680,663993,543760,673962,608369,608671,665750,666969,"53.17",,,,,,,,43,3,"Cutter",1,0,0,1,0,1,0,1,"Standard","Standard",201,"-0.01","0.104",,,,,"-0.104",,1,-1,0.692,0.30800000000000005,33,24,33,24,3,2,12,1,49,1,"2.12","0.2","0.2","33.8",,,,,
"FS","2023-07-18","85.6","-2.31","5.57","Eovaldi, Nathan",670623,543135,,"ball",,,,,11,,"R","R","R","TEX","TB","B",,,1,0,2023,"-1.19","0.04",-0.27357775085556857,3.4310893710592825,,,670042,2,6,"Top",,,,,,,7.289586324318711,-124.4470701015969,1.1624156843654367,-13.856180761108646,24.551898265595344,-32.206593539248885,3.28662525806098,1.68297427869735,,,,"86.5",1586,"6.8",717354,641680,663993,543760,673962,608369,608671,665750,666969,"53.65",,,,,,,,43,2,"Split-Finger",1,0,0,1,0,1,0,1,"Standard","Standard",240,"-0.007","0.037",,,,,"-0.037",,1,-1,0.699,0.30100000000000005,33,24,33,24,3,2,12,1,49,1,"3.07","1.19","1.19","36.3",,,,,
"FS","2023-07-18","87.1","-2.18","5.68","Eovaldi, Nathan",670623,543135,,"blocked_ball",,,,,14,,"R","R","R","TEX","TB","B",,,0,0,2023,"-1.13","0.1",0.33906699980334,0.5417722085032457,,,670042,2,6,"Top",,,,,,,8.424817753967275,-126.4138346884933,-6.397023421131131,-13.806740912037547,25.6295267517065,-29.943931886428256,3.28508775968619,1.76916399127786,,,,"87.8",1668,"6.8",717354,641680,663993,543760,673962,608369,608671,665750,666969,"53.67",,,,,,,,43,1,"Split-Finger",1,0,0,1,0,1,0,1,"Standard","Standard",231,"-0.004","0.03",,,,,"-0.03",,1,-1,0.703,0.29700000000000004,33,24,33,24,3,2,12,1,49,1,"2.92","1.13","1.13","36.4",,,,,
"FF","2023-07-18","93.8","-2.36","5.32","Eovaldi, Nathan",668227,543135,"field_out","hit_into_play",,,,,7,"Randy Arozarena flies out to center fielder Leody Taveras.","R","R","R","TEX","TB","X",8,"fly_ball",2,2,2023,"-0.96","1.18",-0.6206434048348595,2.096290220223346,,,670042,1,6,"Top",125.88,63.34,,,,,6.71432632222682,-136.4027188189066,-5.224818548999839,-13.551611260973647,31.979369010793643,-16.52077249076812,3.34,1.61,361,"97.3",24,"94.6",2156,"6.9",717354,641680,663993,543760,673962,608369,608671,665750,666969,"53.57",0.281,0.466,"0",1,0,0,5,42,5,"4-Seam Fastball",1,0,0,1,0,1,0,1,"Standard","Standard",228,"0.041","-0.232","73.9","7.4",,0.856,"0.232","97.3",1,-1,0.662,0.33799999999999997,33,28,33,28,3,2,12,1,49,1,"1.43","0.96","0.96","29.5",11.804672559707194,1.1270168738375939,32.58143624921906,28.70261741237389,29.685750885041095
"FS","2023-07-18","86.1","-2.22","5.67","Eovaldi, Nathan",668227,543135,,"called_strike",,,,,13,,"R","R","R","TEX","TB","S",,,2,1,2023,"-1.17","0.03",-1.0323886210167912,2.2802999740802092,,,670042,1,6,"Top",,,,,,,5.277097860795349,-125.38846198995569,-1.9182662319490444,-13.406815328749662,24.593040568790304,-31.67506160649275,3.26092983266822,1.4104680102915,,,,"87.3",1545,"7",717354,641680,663993,543760,673962,608369,608671,665750,666969,"53.55",,,,,,,,42,4,"Split-Finger",1,0,0,1,0,1,0,1,"Standard","Standard",235,"0.013","-0.054",,,,,"0.054",,1,-1,0.649,0.351,33,28,33,28,3,2,12,1,49,1,"3.03","1.17","1.17","39.3",,,,,
"FF","2023-07-18","93","-2.26","5.45","Eovaldi, Nathan",668227,543135,,"ball",,,,,13,,"R","R","R","TEX","TB","B",,,1,1,2023,"-0.92","1.21",-1.2900021810348576,2.027678638958786,,,670042,1,6,"Top",,,,,,,4.554197614347174,-135.2333218885613,-5.646952092807751,-12.293472367813681,31.75261888260641,-16.314591191179844,3.30685831422609,1.68938797687268,,,,"93.7",2135,"6.9",717354,641680,663993,543760,673962,608369,608671,665750,666969,"53.57",,,,,,,,42,3,"4-Seam Fastball",1,0,0,1,0,1,0,1,"Standard","Standard",223,"-0.008","0.046",,,,,"-0.046",,1,-1,0.657,0.34299999999999997,33,28,33,28,3,2,12,1,49,1,"1.45","0.92","0.92","30.5",,,,,
"FC","2023-07-18","88.6","-2.3","5.56","Eovaldi, Nathan",668227,543135,,"called_strike",,,,,5,,"R","R","R","TEX","TB","S",,,1,0,2023,"0.07","0.67",-0.04029354233710823,2.2332797232325294,,,670042,1,6,"Top",,,,,,,5.432561255656191,-128.91151510386493,-3.4594231006508678,-0.38334633833310383,28.35390696551006,-24.230735927876225,3.17154431164929,1.68729936370625,,,,"89.3",2217,"6.9",717354,641680,663993,543760,673962,608369,608671,665750,666969,"53.62",,,,,,,,42,2,"Cutter",1,0,0,1,0,1,0,1,"Standard","Standard",188,"0.008","-0.053",,,,,"0.053",,1,-1,0.649,0.351,33,28,33,28,3,2,12,1,49,1,"2.25","-0.07","-0.07","32.9",,,,,
"FS","2023-07-18","86.5","-2.16","5.64","Eovaldi, Nathan",668227,543135,,"ball",,,,,14,,"R","R","R","TEX","TB","B",,,0,0,2023,"-1.17","0.15",0.5496764930398828,0.9807613502894839,,,670042,1,6,"Top",,,,,,,8.953562198916634,-125.61093916922657,-5.253621980189032,-14.22484078074761,24.718255381947948,-29.671996940627267,3.30673158157808,1.64503389219144,,,,"87.6",1489,"7",717354,641680,663993,543760,673962,608369,608671,665750,666969,"53.5",,,,,,,,42,1,"Split-Finger",1,0,0,1,0,1,0,1,"Standard","Standard",237,"-0.006","0.036",,,,,"-0.036",,1,-1,0.655,0.345,33,28,33,28,3,2,12,1,49,1,"2.9","1.17","1.17","33.6",,,,,
"FF","2023-07-18","92.8","-2.26","5.47","Eovaldi, Nathan",650490,543135,"field_out","hit_into_play",,,,,11,"Yandy Diaz lines out to third baseman Josh Jung.","R","R","R","TEX","TB","X",5,"line_drive",2,2,2023,"-1.03","1.27",-1.2843583773909824,2.803986976190706,,623912,,2,5,"Top",110.76,159.44,,,,,4.799169870239953,-134.9738306237809,-3.8150534244973473,-13.628639050084209,30.247505925118173,-16.02705180445698,3.49,1.7,136,"49.9",28,"93.5",2184,"6.8",717354,641680,663993,543760,673962,608369,608671,665750,666969,"53.68",0.184,0.166,"0",1,0,0,1,35,5,"4-Seam Fastball",1,0,0,1,0,1,0,1,"Standard","Standard",220,"0.04","-0.22","67.3","6.7",,0.184,"0.22","88.0",1,-1,0.668,0.33199999999999996,33,31,33,32,3,2,12,1,49,1,"1.38","1.03","1.03","32.5",-0.6478379271553748,0.07938654674177356,30.54426124202874,19.799605127186513,28.807248097967012
"FF","2023-07-18","93.1","-2.29","5.46","Eovaldi, Nathan",650490,543135,,"called_strike",,,,,7,,"R","R","R","TEX","TB","S",,,2,1,2023,"-0.91","1.3",-0.5035962581612787,2.187281953380009,,623912,,2,5,"Top",,,,,,,6.650783474295665,-135.28924884685483,-5.5065153363072685,-12.646963071855714,30.70357263472151,-15.148224762384947,3.48999956496674,1.79170973683225,,,,"93.8",2233,"6.9",717354,641680,663993,543760,673962,608369,608671,665750,666969,"53.61",,,,,,,,35,4,"4-Seam Fastball",1,0,0,1,0,1,0,1,"Standard","Standard",223,"0.009","-0.069",,,,,"0.069",,1,-1,0.659,0.34099999999999997,33,31,33,32,3,2,12,1,49,1,"1.34","0.91","0.91","32.5",,,,,
"FS","2023-07-18","87.2","-2.21","5.69","Eovaldi, Nathan",650490,543135,,"ball",,,,,13,,"R","R","R","TEX","TB","B",,,1,1,2023,"-1.24","0.08",-0.38096608180095126,1.178176597859475,,623912,,2,5,"Top",,,,,,,7.005046396996661,-126.870103573666,-4.909753865720413,-14.75590810810107,24.58759073321206,-30.554757704709644,3.52067287614252,1.63272872814771,,,,"88.3",1690,"6.8",717354,641680,663993,543760,673962,608369,608671,665750,666969,"53.66",,,,,,,,35,3,"Split-Finger",1,0,0,1,0,1,0,1,"Standard","Standard",231,"-0.004","0.021",,,,,"-0.021",,1,-1,0.663,0.33699999999999997,33,31,33,32,3,2,12,1,49,1,"2.91","1.24","1.24","36.5",,,,,
"FS","2023-07-18","86.9","-2.24","5.62","Eovaldi, Nathan",650490,543135,,"foul",,,,,14,,"R","R","R","TEX","TB","S",,,1,0,2023,"-1.24","0.27",0.08813322487808106,1.4963489645988934,,623912,,2,5,"Top",,,,,,,8.192379258269845,-126.28708200566354,-4.302061996176659,-14.872002453090142,24.315011397806877,-28.6453076106941,3.49,1.7,,,,"87.8",1580,"6.8",717354,641680,663993,543760,673962,608369,608671,665750,666969,"53.68",,,,,,,,35,2,"Split-Finger",1,0,0,1,0,1,0,1,"Standard","Standard",237,"0.004","-0.046","76.3","8.4",,,"0.046",,1,-1,0.659,0.34099999999999997,33,31,33,32,3,2,12,1,49,1,"2.75","1.24","1.24","33.8",12.943721454527898,-10.280140892946479,30.291470298640814,37.491257416509434,37.71086691780321
"FS","2023-07-18","85.5","-2.15","5.71","Eovaldi, Nathan",650490,543135,,"ball",,,,,13,,"R","R","R","TEX","TB","B",,,0,0,2023,"-1.05","0.2",-0.3428517881911728,1.23516348813772,,623912,,2,5,"Top",,,,,,,6.448435583858815,-124.41591327768336,-4.7553019649327,-12.141917120835867,23.95381203440473,-29.33766446557441,3.49000046321911,1.77092546776574,,,,"86.6",1534,"6.9",717354,641680,663993,543760,673962,608369,608671,665750,666969,"53.58",,,,,,,,35,1,"Split-Finger",1,0,0,1,0,1,0,1,"Standard","Standard",233,"-0.002","0.02",,,,,"-0.02",,1,-1,0.661,0.33899999999999997,33,31,33,32,3,2,12,1,49,1,"2.91","1.05","1.05","39.7",,,,,
"FC","2023-07-18","86.4","-2.23","5.65","Eovaldi, Nathan",642336,543135,"field_out","hit_into_play",,,,,9,"Francisco Mejia grounds out, shortstop Corey Seager to first baseman Nathaniel Lowe. Harold Ramirez to 2nd.","R","L","R","TEX","TB","X",6,"ground_ball",2,0,2023,"0.19","0.59",0.7956954146427098,1.563694020139737,,,623912,1,5,"Top",110.76,152.8,,,,,6.893293999595241,-125.54922311080753,-4.720148772476245,0.5352767284385338,26.552412435006847,-25.125452714434918,3.27,1.51,39,"60.2",4,"87.2",2221,"7",717354,641680,663993,543760,673962,608369,608671,665750,666969,"53.51",0.106,0.095,"0",1,0,0,2,34,3,"Cutter",1,0,0,1,0,1,0,1,"Infield shade","Standard",189,"0.044","-0.423","70.0","7.9",,0.147,"0.423","88.0",1,-1,0.617,0.383,33,27,33,28,2,1,12,2,49,2,"2.48","-0.19","0.19","36.3",29.376698984695043,-37.46056677068184,38.56858597181265,24.46000169905026,52.2478749067566
"FS","2023-07-18","85.1","-2.35","5.74","Eovaldi, Nathan",642336,543135,,"ball",,,,,13,,"R","L","R","TEX","TB","B",,,1,0,2023,"-1.22","0.04",-2.349992978590502,2.365507393224942,,,623912,1,5,"Top",,,,,,,2.4648372084840506,-123.91708223844118,-1.7171563312818585,-13.071622935856684,24.455389477154576,-31.595886453328674,3.27000109764789,1.56923389978125,,,,"85.5",1547,"6.5",717354,641680,663993,543760,673962,608369,608671,665750,666969,"53.99",,,,,,,,34,2,"Split-Finger",1,0,0,1,0,1,0,1,"Infield shade","Standard",232,"-0.011","0.054",,,,,"-0.054",,1,-1,0.628,0.372,33,27,33,28,2,1,12,2,49,2,"3.1","1.22","-1.22","36.2",,,,,
"CU","2023-07-18","74.2","-2.02","5.74","Eovaldi, Nathan",642336,543135,,"ball",,,,,9,,"R","L","R","TEX","TB","B",,,0,0,2023,"0.51","-0.8",0.8278186919533517,1.3040826745960459,,,623912,1,5,"Top",,,,,,,4.979976580571092,-107.9444980966254,-0.3930425567921736,3.0852290640468913,19.432822375205237,-38.567327051372075,3.04630215718375,1.26975692579681,,,,"74.8",1793,"6.8",717354,641680,663993,543760,673962,608369,608671,665750,666969,"53.66",,,,,,,,34,1,"Curveball",1,0,0,1,0,1,0,1,"Standard","Standard",47,"-0.006","0.036",,,,,"-0.036",,1,-1,0.634,0.366,33,27,33,28,2,1,12,2,49,2,"4.95","-0.51","0.51","37.9",,,,,
"FS","2023-07-18","86.1","-2.13","5.65","Eovaldi, Nathan",666139,543135,"field_out","hit_into_play",,,,,8,"Josh Lowe lines out sharply to center fielder Leody Taveras.","R","L","R","TEX","TB","X",8,"line_drive",1,2,2023,"-1.11","0.24",-0.12815087669738356,2.422800153143157,,,623912,0,5,"Top",101.66,46.1,,,,,7.070142030492375,-125.1943411872548,-1.9415243110396265,-13.053662762220574,23.961767410225953,-29.43608212836639,3.77,1.85,382,"106.9",17,"87.2",1425,"6.9",717354,641680,663993,543760,673962,608369,608671,665750,666969,"53.61",0.442,0.6355714285714285,"0",1,0,0,6,33,4,"Split-Finger",1,0,0,1,0,1,0,1,"Infield shade","Standard",234,"0.034","-0.17","73.8","7.0",,1.125,"0.17","106.9",1,-1,0.6,0.4,33,25,33,25,2,1,12,1,49,1,"2.82","1.11","-1.11","33.7",5.405994614727227,1.9414395437647805,36.00077522141822,40.888838761760695,30.497059465823337
"FS","2023-07-18","85.2","-2.24","5.63","Eovaldi, Nathan",666139,543135,,"foul",,,,,8,,"R","L","R","TEX","TB","S",,,1,1,2023,"-0.97","0.08",-0.06202068090712587,2.0186328217428913,,,623912,0,5,"Top",,,,,,,7.15114540241991,-124.006206377382,-2.388068713457569,-11.414568639214908,23.595916408558836,-31.10951256946645,3.77,1.85,138,"60.4",62,"86.2",1572,"6.8",717354,641680,663993,543760,673962,608369,608671,665750,666969,"53.67",,,,,,,,33,3,"Split-Finger",1,0,0,1,0,1,0,1,"Infield shade","Standard",240,"0.013","-0.059","84.6","8.1",,,"0.059","88.0",1,-1,0.587,0.41300000000000003,33,25,33,25,2,1,12,1,49,1,"3.05","0.97","-0.97","33.7",80.53566337143134,69.83521860232156,10.140403208289586,41.89376137062047,42.86337621744693
"FF","2023-07-18","91.9","-2.25","5.65","Eovaldi, Nathan",666139,543135,,"foul",,,,,5,,"R","L","R","TEX","TB","S",,,1,0,2023,"-1.19","0.86",0.1848704847552407,2.6637999444781704,,,623912,0,5,"Top",,,,,,,8.811270294303174,-133.5638884661488,-3.5779926862283125,-16.13874410247274,29.61988806581418,-21.304780979231502,3.77,1.85,196,"70.7",25,"92.6",2040,"6.8",717354,641680,663993,543760,673962,608369,608671,665750,666969,"53.67",,,,,,,,33,2,"4-Seam Fastball",1,0,0,1,0,1,0,1,"Infield shade","Standard",223,"0.01","-0.042","76.9","6.7",,,"0.042","88.0",1,-1,0.577,0.42300000000000004,33,25,33,25,2,1,12,1,49,1,"1.85","1.19","-1.19","34.7",-2.7066155629735102,9.367724512984173,37.41728583523595,37.99406496985682,28.413477456085666
"CU","2023-07-18","72.2","-2.08","5.9","Eovaldi, Nathan",666139,543135,,"ball",,,,,11,,"R","L","R","TEX","TB","B",,,0,0,2023,"0.87","-0.03",-1.764423889901365,4.715469392130485,,,623912,0,5,"Top",,,,,,,-0.8654280061813704,-104.97228937279796,5.19689960293093,6.601498229488864,17.120505055875615,-33.47660259865207,3.72586301534229,1.78353352677463,,,,"73.1",1672,"7",717354,641680,663993,543760,673962,608369,608671,665750,666969,"53.55",,,,,,,,33,1,"Curveball",1,0,0,1,0,1,0,1,"Standard","Standard",57,"-0.008","0.03",,,,,"-0.03",,1,-1,0.585,0.41500000000000004,33,25,33,25,2,1,12,1,49,1,"4.4","-0.87","0.87","41.3",,,,,
"FF","2023-07-18","92.8","-2.27","5.52","Eovaldi, Nathan",642336,543135,"field_out","hit_into_play",,,,,4,"Francisco Mejia grounds out, shortstop Corey Seager to first baseman Nathaniel Lowe.","R","L","R","TEX","TB","X",6,"ground_ball",0,0,2023,"-1.13","0.86",-0.8260130654389803,2.103807296130773,668227,623912,666139,2,2,"Top",126.26,131.03,,,,,6.239231676371305,-134.98734335019503,-4.86133513025217,-15.216505962979358,29.88744125010443,-20.793417711363627,3.27,1.51,118,"76.5",9,"93.7",2121,"6.9",717354,641680,663993,543760,673962,608369,608671,665750,666969,"53.6",0.274,0.246,"0",1,0,0,2,12,1,"4-Seam Fastball",0,0,0,0,0,0,0,0,"Infield shade","Standard",223,"0.077","-0.267","68.5","6.7",,0.274,"0.267","88.0",0,0,0.474,0.526,33,27,33,28,1,0,12,2,49,2,"1.79","1.13","-1.13","30.8",-0.3493404195279622,5.146804804102823,30.790349752633077,45.03690483912031,28.123414356563018
"FC","2023-07-18","89.8","-2.29","5.71","Eovaldi, Nathan",666139,543135,"walk","ball",,,,,13,"Josh Lowe walks. Harold Ramirez to 2nd.","R","L","R","TEX","TB","B",,,3,2,2023,"-0.01","0.97",-0.8910944973236722,2.607331160951821,668227,,623912,2,2,"Top",,,,,,,3.492197703070823,-130.74792542170243,-3.7876012154548535,-0.8287383661730949,25.854389290346454,-20.489326284962495,3.75057554787892,1.84999977849652,,,,"90.2",2183,"6.4",717354,641680,663993,543760,673962,608369,608671,665750,666969,"54.13",,0.695903,"0.7",1,0,0,,11,8,"Cutter",0,0,0,0,0,0,0,0,"Strategic","Standard",199,"-0.022","0.153",,,,,"-0.153",,0,0,0.496,0.504,33,25,33,25,1,0,12,1,49,1,"1.84","0.01","-0.01","33.6",,,,,
"FS","2023-07-18","88.3","-2.13","5.75","Eovaldi, Nathan",666139,543135,,"foul",,,,,14,,"R","L","R","TEX","TB","S",,,3,2,2023,"-1.04","0.11",0.22875440167526007,1.1035602559770186,668227,,623912,2,2,"Top",,,,,,,7.999804840874326,-128.31545804539635,-5.489435575035201,-13.168903274535419,26.698230927444886,-30.01283063464152,3.77,1.85,,,,"89.2",1598,"6.9",717354,641680,663993,543760,673962,608369,608671,665750,666969,"53.59",,,,,,,,11,7,"Split-Finger",0,0,0,0,0,0,0,0,"Standard","Standard",233,"0","0","74.4","8.3",,,"0",,0,0,0.496,0.504,33,25,33,25,1,0,12,1,49,1,"2.82","1.04","-1.04","35.0",18.621516735420716,-12.013676464907872,42.99612525408936,37.83475617998496,37.35811719464613
"FF","2023-07-18","93.6","-2.05","5.57","Eovaldi, Nathan",666139,543135,,"foul",,,,,6,,"R","L","R","TEX","TB","S",,,3,2,2023,"-0.87","1.31",0.4431665476623271,3.0515220080984085,668227,,623912,2,2,"Top",,,,,,,8.402494740916676,-136.04442468472155,-3.630507072757773,-12.681047288427104,32.00510537033973,-15.333421812489147,3.77,1.85,316,"97.8",42,"94",2148,"6.7",717354,641680,663993,543760,673962,608369,608671,665750,666969,"53.78",,,,,,,,11,6,"4-Seam Fastball",0,0,0,0,0,0,0,0,"Standard","Standard",224,"0","0","76.0","7.6",,,"0","97.8",0,0,0.496,0.504,33,25,33,25,1,0,12,1,49,1,"1.31","0.87","-0.87","36.0",20.04258269044763,-17.313112930766014,33.37855304566603,35.24146703855116,45.941757012712905
"CU","2023-07-18","76.4","-1.96","5.79","Eovaldi, Nathan",666139,543135,,"blocked_ball",,,,,14,,"R","L","R","TEX","TB","B",,,2,2,2023,"1","-0.82",1.5246674720687632,0.06393065244033735,668227,,623912,2,2,"Top",,,,,,,5.582858074694085,-111.15457913007083,-3.516374250129335,7.214791147765195,21.34286982309824,-38.488281638243976,3.79338918822724,1.8499997967755,,,,"77.1",2072,"7",717354,641680,663993,543760,673962,608369,608671,665750,666969,"53.54",,,,,,,,11,5,"Curveball",0,0,0,0,0,0,0,0,"Standard","Standard",42,"-0.012","0.08",,,,,"-0.08",,0,0,0.508,0.492,33,25,33,25,1,0,12,1,49,1,"4.75","-1","1","35.3",,,,,
"FC","2023-07-18","90.3","-2.03","5.74","Eovaldi, Nathan",666139,543135,,"foul",,,,,6,,"R","L","R","TEX","TB","S",,,2,1,2023,"0","0.75",0.307732774688544,2.8280113432615837,668227,,623912,2,2,"Top",,,,,,,5.877586974144759,-131.38953339350564,-2.9022732084219127,-1.1966928427156462,27.78342044633224,-23.130589528469216,3.77,1.85,196,"71.3",49,"91.2",2272,"6.9",717354,641680,663993,543760,673962,608369,608671,665750,666969,"53.64",,,,,,,,11,4,"Cutter",0,0,0,0,0,0,0,0,"Standard","Standard",196,"0.011","-0.081","76.2","7.4",,,"0.081","88.0",0,0,0.497,0.503,33,25,33,25,1,0,12,1,49,1,"2.05","0","0","35.1",8.339438914506777,-4.086541587226844,34.91222535137661,36.80047203868793,33.03097533818867
"FF","2023-07-18","93.4","-2.06","5.61","Eovaldi, Nathan",666139,543135,,"ball",,,,,14,,"R","L","R","TEX","TB","B",,,1,1,2023,"-0.89","1.15",1.19550049480796,2.240174392364455,668227,,623912,2,2,"Top",,,,,,,10.411508463631899,-135.50628913737432,-5.466565563597987,-13.211498658358641,29.775021227264265,-16.908676948733614,3.7980137875084,1.85170387129611,,,,"94.1",2090,"6.9",717354,641680,663993,543760,673962,608369,608671,665750,666969,"53.65",,,,,,,,11,3,"4-Seam Fastball",0,0,0,0,0,0,0,0,"Standard","Standard",228,"-0.006","0.031",,,,,"-0.031",,0,0,0.503,0.497,33,25,33,25,1,0,12,1,49,1,"1.48","0.89","-0.89","40.2",,,,,
"FF","2023-07-18","94.2","-2.11","5.58","Eovaldi, Nathan",666139,543135,,"swinging_strike",,,,,6,,"R","L","R","TEX","TB","S",,,1,0,2023,"-1.04","1.13",0.7361350674164835,2.8663614103079404,668227,,623912,2,2,"Top",,,,,,,9.781188576961247,-136.75321106272398,-3.8496530159402105,-15.199410744013727,30.81723007941273,-17.347544393430724,3.77,1.85,,,,"94.9",2127,"6.9",717354,641680,663993,543760,673962,608369,608671,665750,666969,"53.6",,,,,,,,11,2,"4-Seam Fastball",0,0,0,0,0,0,0,0,"Standard","Standard",221,"0.006","-0.055","71.2","6.1","0.951897768",,"0.055",,0,0,0.497,0.503,33,25,33,25,1,0,12,1,49,1,"1.46","1.04","-1.04","32.8",-8.641957585238462,18.294974815282252,42.722817875872465,30.554348091046872,22.66167902687444
"FF","2023-07-18","94","-2.07","5.64","Eovaldi, Nathan",666139,543135,,"ball",,,,,12,,"R","L","R","TEX","TB","B",,,0,0,2023,"-0.85","1.07",1.788129546024301,3.330747023049011,668227,,623912,2,2,"Top",,,,,,,11.980741264065696,-136.4304888526622,-2.6504827308612144,-13.149009990532093,28.70428361965055,-18.375750528291018,3.88628058942778,1.9400732374941,,,,"95",2153,"6.9",717354,641680,663993,543760,673962,608369,608671,665750,666969,"53.61",,,,,,,,11,1,"4-Seam Fastball",0,0,0,0,0,0,0,0,"Strategic","Standard",219,"-0.003","0.042",,,,,"-0.042",,0,0,0.5,0.5,33,25,33,25,1,0,12,1,49,1,"1.51","0.85","-0.85","34.1",,,,,
"CU","2023-07-18","76.9","-1.94","5.82","Eovaldi, Nathan",623912,543135,"walk","ball",,,,,14,"Harold Ramirez walks.","R","R","R","TEX","TB","B",,,3,2,2023,"0.78","-0.4",1.2805695964641985,1.1871232549951558,668227,,,2,2,"Top",,,,,,,5.49789731450718,-111.98083857013536,-2.1817333495381157,5.613441945322905,19.355959903075263,-35.33537660366189,3.19457319513681,1.57487325134563,,,,"78.2",1916,"7.1",717354,641680,663993,543760,673962,608369,608671,665750,666969,"53.43",,0.695903,"0.7",1,0,0,,10,6,"Curveball",0,0,0,0,0,0,0,0,"Standard","Standard",41,"-0.01","0.151",,,,,"-0.151",,0,0,0.51,0.49,33,28,33,29,1,0,12,1,49,2,"4.23","-0.78","-0.78","38.3",,,,,
"FS","2023-07-18","86.9","-2.02","5.74","Eovaldi, Nathan",623912,543135,,"blocked_ball",,,,,14,,"R","R","R","TEX","TB","B",,,2,2,2023,"-1.19","-0.06",0.42500855462897213,0.3298682622450926,668227,,,2,2,"Top",,,,,,,8.419477447786175,-126.22138356730649,-6.70136509932495,-14.451836347885022,26.339273183312244,-31.599927353296724,3.28449760855947,1.6202229595963,,,,"88",1561,"7.1",717354,641680,663993,543760,673962,608369,608671,665750,666969,"53.35",,,,,,,,10,5,"Split-Finger",0,0,0,0,0,0,0,0,"Standard","Standard",236,"-0.008","0.053",,,,,"-0.053",,0,0,0.518,0.482,33,28,33,29,1,0,12,1,49,2,"3.1","1.19","1.19","34.7",,,,,
"CU","2023-07-18","75.4","-1.92","5.9","Eovaldi, Nathan",623912,543135,,"swinging_strike",,,,,5,,"R","R","R","TEX","TB","S",,,2,1,2023,"0.64","-0.64",-0.054684348682911166,2.0502247432646428,668227,,,2,2,"Top",,,,,,,2.7686651685053,-109.71392666314053,0.3322744198847938,4.646683159190904,20.703534561994733,-37.57072888296679,3.25,1.51,,,,"76.4",1798,"7.2",717354,641680,663993,543760,673962,608369,608671,665750,666969,"53.31",,,,,,,,10,4,"Curveball",0,0,0,0,0,0,0,0,"Standard","Standard",49,"0.007","-0.063","76.1","8.2","2.0459121",,"0.063",,0,0,0.511,0.489,33,28,33,29,1,0,12,1,49,2,"4.67","-0.64","-0.64","41.2",23.05578411657077,-34.2013592292582,31.594359815987513,35.941047321044756,46.10319114798905
"FF","2023-07-18","93.7","-2.15","5.71","Eovaldi, Nathan",623912,543135,,"ball",,,,,12,,"R","R","R","TEX","TB","B",,,1,1,2023,"-0.78","1.4",0.21697880572767858,4.588575023821001,668227,,,2,2,"Top",,,,,,,7.918129611144254,-136.17260976760474,-0.18148903627150414,-11.504003754805876,32.60524720700762,-15.103025739401522,3.32491575079843,1.61619663066192,,,,"94.4",2117,"7",717354,641680,663993,543760,673962,608369,608671,665750,666969,"53.51",,,,,,,,10,3,"4-Seam Fastball",0,0,0,0,0,0,0,0,"Standard","Standard",224,"-0.003","0.039",,,,,"-0.039",,0,0,0.514,0.486,33,28,33,29,1,0,12,1,49,2,"1.23","0.78","0.78","39.1",,,,,
"FC","2023-07-18","89","-2.11","5.69","Eovaldi, Nathan",623912,543135,,"foul",,,,,6,,"R","R","R","TEX","TB","S",,,1,0,2023,"0.23","0.7",0.8102233209552869,2.3296297638949186,668227,,,2,2,"Top",,,,,,,6.744056061712992,-129.44273410210693,-3.6865800794129022,1.2084143884464769,26.57200734642481,-23.78414289365484,3.25,1.51,87,"75.9",6,"89.9",2191,"6.8",717354,641680,663993,543760,673962,608369,608671,665750,666969,"53.7",,,,,,,,10,2,"Cutter",0,0,0,0,0,0,0,0,"Standard","Standard",194,"0.003","-0.035","71.3","6.4",,,"0.035","88.0",0,0,0.511,0.489,33,28,33,29,1,0,12,1,49,2,"2.18","-0.23","-0.23","34.8",-12.669840235030168,25.780803885762225,36.033268494517465,49.24823362788004,13.742638615319839
"CU","2023-07-18","74.9","-2","5.82","Eovaldi, Nathan",623912,543135,,"blocked_ball",,,,,14,,"R","R","R","TEX","TB","B",,,0,0,2023,"0.56","-0.81",0.5434097600079026,0.5748978423329536,668227,,,2,2,"Top",,,,,,,4.326303385506125,-108.93245875885991,-2.17418940841078,3.5995455945177066,20.86469879346716,-38.36135267339992,3.11468595659485,1.36119563065166,,,,"75.7",1975,"7.1",717354,641680,663993,543760,673962,608369,608671,665750,666969,"53.4",,,,,,,,10,1,"Curveball",0,0,0,0,0,0,0,0,"Standard","Standard",44,"-0.001","0.028",,,,,"-0.028",,0,0,0.512,0.488,33,28,33,29,1,0,12,1,49,2,"4.9","-0.56","-0.56","42.2",,,,,
"FS","2023-07-18","86.6","-2.17","5.79","Eovaldi, Nathan",664040,543135,"field_out","hit_into_play",,,,,4,"Brandon Lowe grounds out, shortstop Corey Seager to first baseman Nathaniel Lowe. Randy Arozarena to 3rd.","R","L","R","TEX","TB","X",6,"ground_ball",0,1,2023,"-0.87","0.05",-0.499928481260955,2.2200973751227555,,668227,,1,2,"Top",120.44,147.36,,,,,5.816968061655182,-126.04667680720488,-2.471457957186961,-10.468105073351216,24.28505883301327,-31.374377575234462,3.36,1.54,7,"102.9",-17,"87.4",1489,"6.7",717354,641680,663993,543760,673962,608369,608671,665750,666969,"53.85",0.198,0.178,"0",1,0,0,2,9,2,"Split-Finger",0,0,0,0,0,0,0,0,"Standard","Standard",239,"0.026","-0.237","70.9","6.3",,0.217,"0.237","102.9",0,0,0.486,0.514,33,28,33,29,1,0,12,1,49,1,"2.98","0.87","-0.87","35.8",-0.8788599410501098,18.497542877952167,36.014259972001916,39.76320474611475,24.36170483374443
"FC","2023-07-18","87.8","-2.21","5.78","Eovaldi, Nathan",664040,543135,,"foul",,,,,5,,"R","L","R","TEX","TB","S",,,0,0,2023,"0.13","0.48",0.11603613481147976,2.4215110000166598,,668227,,1,2,"Top",,,,,,,5.424494441833788,-127.79831028106872,-3.0177400966366883,0.28374790132936895,27.02548053475636,-26.501233156497474,3.36,1.54,78,"71.2",14,"88.8",2125,"6.9",717354,641680,663993,543760,673962,608369,608671,665750,666969,"53.56",,,,,,,,9,1,"Cutter",0,0,0,0,0,0,0,0,"Infield shade","Standard",193,"0.006","-0.038","74.6","6.1",,,"0.038","88.0",0,0,0.48,0.52,33,28,33,29,1,0,12,1,49,1,"2.48","-0.13","0.13","35.9",0.9234954484994154,16.05168909347688,40.09054320576692,32.38716899066171,25.79105614243361
"CU","2023-07-18","75.7","-2.05","5.81","Eovaldi, Nathan",670623,543135,"field_out","hit_into_play",,,,,5,"Isaac Paredes pops out to first baseman Nathaniel Lowe in foul territory.","R","R","R","TEX","TB","X",3,"popup",0,1,2023,"0.64","-0.59",0.2321784973226741,2.0877293065438836,,668227,,0,2,"Top",171.21,170.32,,,,,3.6741839423087197,-110.14030527422877,0.4347367113274718,4.48750456974832,20.124245269653915,-37.27195701176315,3.23,1.54,142,"86.1",68,"76.7",1885,"7.1",717354,641680,663993,543760,673962,608369,608671,665750,666969,"53.42",0.003,0.002,"0",1,0,0,3,8,2,"Curveball",0,0,0,0,0,0,0,0,"Standard","Standard",46,"0.037","-0.221","73.2","8.1",,0.003,"0.221","88.0",0,0,0.443,0.5569999999999999,33,24,33,24,1,0,12,1,49,1,"4.58","-0.64","-0.64","38.5",22.21427594446289,-7.702150688981924,32.21016769386623,38.863857759750275,42.945856071706764
"CU","2023-07-18","75.4","-2.1","5.75","Eovaldi, Nathan",670623,543135,,"swinging_strike",,,,,9,,"R","R","R","TEX","TB","S",,,0,0,2023,"0.74","-0.34",0.446096717549066,1.518506697939372,,668227,,0,2,"Top",,,,,,,4.021564323975931,-109.85250990686889,-1.0816690991523417,5.277641898105708,19.678030360058024,-34.96000351070911,3.23,1.54,,,,"76.4",1873,"7",717354,641680,663993,543760,673962,608369,608671,665750,666969,"53.53",,,,,,,,8,1,"Curveball",0,0,0,0,0,0,0,0,"Standard","Standard",50,"0.006","-0.046","69.2","8.6","2.76369726",,"0.046",,0,0,0.437,0.563,33,24,33,24,1,0,12,1,49,1,"4.34","-0.74","-0.74","40.4",24.665936977620603,-35.492728198345624,36.866972441629585,40.45791572645585,56.85296192598924
"FC","2023-07-06","90.5","-2.26","5.34","Eovaldi, Nathan",571771,543135,"force_out","hit_into_play",,,,,14,"Enrique Hernandez grounds into a force out, third baseman Josh Jung to second baseman Marcus Semien. Triston Casas out at 2nd. Enrique Hernandez advances to 2nd, on a throwing error by second baseman Marcus Semien.","R","R","R","BOS","TEX","X",5,"ground_ball",3,2,2023,"-0.09","0.81",0.4481930834121157,1.4384258880365703,,,671213,0,6,"Bot",108.11,175.31,,,,,7.0272625653609255,-131.67890712964922,-5.633454689935382,-2.4531823819495484,26.800310190544085,-21.70390240549336,3.34,1.57,17,"73.6",-4,"91.8",2316,"7",717471,641680,663993,543760,673962,608369,543257,665750,666969,"53.49",0.064,0.07,"0",1,0,0,2,53,6,"Cutter",3,5,3,5,5,3,3,5,"Standard","Standard",208,"-0.047","-0.412",,,,0.105,"0.412","88.0",-2,-2,0.334,0.334,33,31,33,32,3,2,5,4,12,1,"1.96","0.09","0.09","31.3",,,,,
"FF","2023-07-06","96.2","-2.15","5.29","Eovaldi, Nathan",571771,543135,,"ball",,,,,14,,"R","R","R","BOS","TEX","B",,,2,2,2023,"-1.03","0.93",1.6188760439695693,1.336899063470755,,,671213,0,6,"Bot",,,,,,,12.515341009428514,-139.47748119260683,-7.133633163771576,-16.075643107449448,29.008303268304537,-18.563066572912984,3.28718072123002,1.638973553836,,,,"97.9",2210,"7.3",717471,641680,663993,543760,673962,608369,543257,665750,666969,"53.24",,,,,,,,53,5,"4-Seam Fastball",3,5,3,5,5,3,3,5,"Standard","Standard",229,"0.022","0.088",,,,,"-0.088",,-2,-2,0.312,0.312,33,31,33,32,3,2,5,4,12,1,"1.54","1.03","1.03","36.5",,,,,
"FC","2023-07-06","89.1","-2.15","5.49","Eovaldi, Nathan",571771,543135,,"foul",,,,,14,,"R","R","R","BOS","TEX","S",,,2,1,2023,"0.01","0.85",0.9136680276507521,1.866823290024386,,,671213,0,6,"Bot",,,,,,,7.593323956276155,-129.55830670668792,-4.733063720103587,-1.3861004592109079,24.850318379085763,-21.84486375440871,3.34,1.57,179,"68.5",57,"90.2",2321,"6.8",717471,641680,663993,543760,673962,608369,543257,665750,666969,"53.65",,,,,,,,53,4,"Cutter",3,5,3,5,5,3,3,5,"Standard","Standard",201,"-0.017","-0.056",,,,,"0.056","88.0",-2,-2,0.329,0.329,33,31,33,32,3,2,5,4,12,1,"2.01","-0.01","-0.01","33.3",,,,,
"FF","2023-07-06","93.5","-2.14","5.31","Eovaldi, Nathan",571771,543135,,"ball",,,,,14,,"R","R","R","BOS","TEX","B",,,1,1,2023,"-1.01","1.22",1.2704708698257179,1.8057645693705486,,,671213,0,6,"Bot",,,,,,,11.132491566383893,-135.70116518542855,-6.02299025944091,-14.944196548794213,29.130885661233986,-15.95862905499976,3.31677949014146,1.66859195742088,,,,"94.5",2135,"7",717471,641680,663993,543760,673962,608369,543257,665750,666969,"53.54",,,,,,,,53,3,"4-Seam Fastball",3,5,3,5,5,3,3,5,"Standard","Standard",227,"0.012","0.042",,,,,"-0.042",,-2,-2,0.317,0.317,33,31,33,32,3,2,5,4,12,1,"1.4","1.01","1.01","37.4",,,,,
"FS","2023-07-06","86.3","-2.1","5.61","Eovaldi, Nathan",571771,543135,,"blocked_ball",,,,,14,,"R","R","R","BOS","TEX","B",,,0,1,2023,"-1.08","0.03",0.3370960618542238,0.3615288213478096,,,671213,0,6,"Bot",,,,,,,8.075451487877569,-125.50465071385635,-6.473575387112003,-12.889278989939102,20.974519588735593,-30.928959622327366,3.27254993819916,1.59470848485839,,,,"87.9",1508,"6.9",717471,641680,663993,543760,673962,608369,543257,665750,666969,"53.57",,,,,,,,53,2,"Split-Finger",3,5,3,5,5,3,3,5,"Standard","Standard",238,"0.005","0.024",,,,,"-0.024",,-2,-2,0.312,0.312,33,31,33,32,3,2,5,4,12,1,"2.99","1.08","1.08","35.0",,,,,
"FC","2023-07-06","89.3","-2.23","5.54","Eovaldi, Nathan",571771,543135,,"called_strike",,,,,9,,"R","R","R","BOS","TEX","S",,,0,0,2023,"-0.18","0.65",0.8029015180135628,1.6892203944057553,,,671213,0,6,"Bot",,,,,,,7.947910866521561,-129.84232722983302,-4.917288219533486,-3.5550487205857175,25.374929056154844,-24.002298125231675,3.33754852582763,1.65394625877524,,,,"90.6",2254,"7",717471,641680,663993,543760,673962,608369,543257,665750,666969,"53.5",,,,,,,,53,1,"Cutter",3,5,3,5,5,3,3,5,"Standard","Standard",189,"-0.008","-0.036",,,,,"0.036",,-2,-2,0.32,0.32,33,31,33,32,3,2,5,4,12,1,"2.2","0.18","0.18","34.0",,,,,
"FF","2023-07-06","93.9","-2.25","5.44","Eovaldi, Nathan",457759,543135,"field_out","hit_into_play",,,,,14,"Justin Turner grounds out, pitcher Nathan Eovaldi to first baseman Nathaniel Lowe.","R","R","R","BOS","TEX","X",1,"ground_ball",3,2,2023,"-1.17","0.86",0.9765313543649792,2.135178282443807,657136,,,2,4,"Bot",124.36,184.98,,,,,11.051307897751602,-136.27902789785693,-4.778765987655285,-16.953635993767193,28.075788361109286,-20.608245233044702,3.31,1.48,1,"68.3",-60,"94.9",2197,"6.9",717471,641680,663993,543760,673962,608369,543257,665750,666969,"53.63",0.225,0.226,"0",1,0,0,2,39,7,"4-Seam Fastball",3,3,3,3,3,3,3,3,"Standard","Standard",228,"-0.05","-0.314",,,,0.225,"0.314","88.0",0,0,0.55,0.55,33,38,33,39,3,2,5,1,12,1,"1.73","1.17","1.17","33.2",,,,,
"SL","2023-07-06","82.4","-2.16","5.59","Eovaldi, Nathan",457759,543135,,"foul",,,,,5,,"R","R","R","BOS","TEX","S",,,3,2,2023,"0.39","0.07",-0.25445231460727824,2.344135807780555,657136,,,2,4,"Bot",,,,,,,3.6129339700661958,-120.09807496387927,-1.083820475499519,3.19652920173424,20.753514170653478,-31.45585191242798,3.31,1.48,171,"101.2",11,"83.6",2036,"6.7",717471,641680,663993,543760,673962,608369,543257,665750,666969,"53.77",,,,,,,,39,6,"Slider",3,3,3,3,3,3,3,3,"Standard","Standard",97,"0","0",,,,,"0","101.2",0,0,0.55,0.55,33,38,33,39,3,2,5,1,12,1,"3.24","-0.39","-0.39","41.8",,,,,
"FS","2023-07-06","87.7","-2.22","5.69","Eovaldi, Nathan",457759,543135,,"blocked_ball",,,,,14,,"R","R","R","BOS","TEX","B",,,2,2,2023,"-1.11","0.11",0.2863298860516301,0.6839868056468275,657136,,,2,4,"Bot",,,,,,,8.411186432904106,-127.43606088023769,-6.294390234131085,-13.6959853183328,23.163391121558153,-29.97076237989793,3.36134581455362,1.53546930131409,,,,"88.8",1622,"6.8",717471,641680,663993,543760,673962,608369,543257,665750,666969,"53.69",,,,,,,,39,5,"Split-Finger",3,3,3,3,3,3,3,3,"Standard","Standard",237,"0.009","0.053",,,,,"-0.053",,0,0,0.541,0.541,33,38,33,39,3,2,5,1,12,1,"2.84","1.11","1.11","39.2",,,,,
"CU","2023-07-06","76.4","-1.99","5.7","Eovaldi, Nathan",457759,543135,,"ball",,,,,14,,"R","R","R","BOS","TEX","B",,,1,2,2023,"0.77","-0.57",2.026264626688375,0.8686490555760646,657136,,,2,4,"Bot",,,,,,,7.135648125760861,-111.1015339433066,-2.170057952097373,5.22470614824608,18.29170575830052,-36.7760333488157,3.39094334111356,1.56508906691771,,,,"77.4",1897,"6.9",717471,641680,663993,543760,673962,608369,543257,665750,666969,"53.65",,,,,,,,39,4,"Curveball",3,3,3,3,3,3,3,3,"Standard","Standard",42,"0.007","0.036",,,,,"-0.036",,0,0,0.534,0.534,33,38,33,39,3,2,5,1,12,1,"4.46","-0.77","-0.77","38.4",,,,,
"FF","2023-07-06","93.7","-2.1","5.53","Eovaldi, Nathan",457759,543135,,"ball",,,,,12,,"R","R","R","BOS","TEX","B",,,0,2,2023,"-0.87","1.11",1.4149897825204987,3.4876624077335094,657136,,,2,4,"Bot",,,,,,,11.072247817079198,-136.04475090356792,-1.9953799602703475,-13.281173947056663,29.572231223903753,-18.129479238339137,3.42054031201917,1.56508906691771,,,,"94.2",2041,"6.7",717471,641680,663993,543760,673962,608369,543257,665750,666969,"53.8",,,,,,,,39,3,"4-Seam Fastball",3,3,3,3,3,3,3,3,"Standard","Standard",233,"0.005","0.018",,,,,"-0.018",,0,0,0.529,0.529,33,38,33,39,3,2,5,1,12,1,"1.5","0.87","0.87","33.5",,,,,
"FF","2023-07-06","92.9","-2.19","5.38","Eovaldi, Nathan",457759,543135,,"foul",,,,,2,,"R","R","R","BOS","TEX","S",,,0,1,2023,"-1.14","0.92",-0.019275616786669003,2.965596889266682,657136,,,2,4,"Bot",,,,,,,8.129655971216614,-135.1560808401618,-2.4308834315972705,-15.70240917223477,28.714736947569467,-20.56460443445459,3.31,1.48,241,"76.3",36,"93.9",2134,"6.8",717471,641680,663993,543760,673962,608369,543257,665750,666969,"53.69",,,,,,,,39,2,"4-Seam Fastball",3,3,3,3,3,3,3,3,"Standard","Standard",231,"-0.012","-0.051",,,,,"0.051","88.0",0,0,0.541,0.541,33,38,33,39,3,2,5,1,12,1,"1.72","1.14","1.14","30.7",,,,,
"FF","2023-07-06","93.8","-2.1","5.47","Eovaldi, Nathan",457759,543135,,"called_strike",,,,,6,,"R","R","R","BOS","TEX","S",,,0,0,2023,"-1.05","0.82",0.38419660728789884,2.319559391415307,657136,,,2,4,"Bot",,,,,,,8.874655132526588,-136.4263661283407,-4.321106938220524,-14.990274287702722,27.612002451511124,-21.11696614201953,3.30754849671656,1.53546930131409,,,,"95.4",2092,"7.1",717471,641680,663993,543760,673962,608369,543257,665750,666969,"53.43",,,,,,,,39,1,"4-Seam Fastball",3,3,3,3,3,3,3,3,"Standard","Standard",228,"-0.007","-0.036",,,,,"0.036",,0,0,0.548,0.548,33,38,33,39,3,2,5,1,12,1,"1.75","1.05","1.05","32.5",,,,,
"FS","2023-07-06","87.8","-2.24","5.58","Eovaldi, Nathan",657077,543135,"field_out","hit_into_play",,,,,8,"Alex Verdugo grounds out, second baseman Marcus Semien to first baseman Nathaniel Lowe. Connor Wong to 3rd.","R","L","R","BOS","TEX","X",4,"ground_ball",3,1,2023,"-1.01","0.08",-0.19886914856374538,1.8547288372482198,,657136,,1,4,"Bot",147.28,158.4,,,,,7.1196685369784145,-127.74347451226541,-3.1454537559395055,-12.49974287803576,24.56817852052524,-30.829921292773086,3.52754870154585,1.5675558585619,3,"81.5",-37,"89.1",1764,"7",717471,641680,663993,543760,673962,608369,543257,665750,666969,"53.55",0.043,0.05,"0",1,0,0,2,38,5,"Split-Finger",3,3,3,3,3,3,3,3,"Standard","Standard",232,"-0.046","-0.376",,,,0.043,"0.376","88.0",0,0,0.594,0.594,33,27,33,27,3,2,5,1,12,1,"2.86","1.01","-1.01","35.2",,,,,
"FS","2023-07-06","87.7","-2.22","5.6","Eovaldi, Nathan",657077,543135,,"ball",,,,,14,,"R","L","R","BOS","TEX","B",,,2,1,2023,"-1.04","0.09",0.6915041535607216,0.8067286023807676,,657136,,1,4,"Bot",,,,,,,9.258150655663755,-127.39988816340052,-5.745495121337402,-13.083544659558923,23.27050902474859,-30.217407201663825,3.64249951430237,1.5675558585619,,,,"88.9",1815,"6.9",717471,641680,663993,543760,673962,608369,543257,665750,666969,"53.63",,,,,,,,38,4,"Split-Finger",3,3,3,3,3,3,3,3,"Standard","Standard",239,"0.007","0.062",,,,,"-0.062",,0,0,0.587,0.587,33,27,33,27,3,2,5,1,12,1,"2.85","1.04","-1.04","34.9",,,,,
"FC","2023-07-06","90.2","-2.36","5.56","Eovaldi, Nathan",657077,543135,,"called_strike",,,,,7,,"R","L","R","BOS","TEX","S",,,2,0,2023,"-0.02","0.67",-0.5549544556166837,2.1643261854913676,,657136,,1,4,"Bot",,,,,,,4.578427109352328,-131.32574187407204,-4.031842499968831,-1.052545521529687,24.652902292778194,-23.72560055272271,3.61290682662516,1.60951806197112,,,,"91.8",2357,"7",717471,641680,663993,543760,673962,608369,543257,665750,666969,"53.52",,,,,,,,38,3,"Cutter",3,3,3,3,3,3,3,3,"Standard","Standard",196,"-0.005","-0.032",,,,,"0.032",,0,0,0.592,0.592,33,27,33,27,3,2,5,1,12,1,"2.1","0.02","-0.02","35.0",,,,,
"FF","2023-07-06","94.8","-2.34","5.38","Eovaldi, Nathan",657077,543135,,"ball",,,,,14,,"R","L","R","BOS","TEX","B",,,1,0,2023,"-1.12","0.93",0.5260887019071183,1.2901602906358878,,657136,,1,4,"Bot",,,,,,,10.123966437200117,-137.66760643136178,-7.215357705321425,-16.40342001973929,29.02518053589051,-18.838125862708402,3.73127404608316,1.69837364142509,,,,"96.2",2198,"7.1",717471,641680,663993,543760,673962,608369,543257,665750,666969,"53.39",,,,,,,,38,2,"4-Seam Fastball",3,3,3,3,3,3,3,3,"Standard","Standard",229,"0.005","0.036",,,,,"-0.036",,0,0,0.587,0.587,33,27,33,27,3,2,5,1,12,1,"1.6","1.12","-1.12","31.9",,,,,
"FF","2023-07-06","93.2","-2.32","5.49","Eovaldi, Nathan",657077,543135,,"ball",,,,,14,,"R","L","R","BOS","TEX","B",,,0,0,2023,"-1.05","0.87",0.8056354430631298,1.5332793975548795,,657136,,1,4,"Bot",,,,,,,10.42285682794488,-135.25750596321265,-6.337277358085711,-15.088834071086875,28.74618904389294,-20.285815523775142,3.61045534320568,1.63669282634726,,,,"94",2088,"6.8",717471,641680,663993,543760,673962,608369,543257,665750,666969,"53.65",,,,,,,,38,1,"4-Seam Fastball",3,3,3,3,3,3,3,3,"Standard","Standard",226,"0.002","0.034",,,,,"-0.034",,0,0,0.585,0.585,33,27,33,27,3,2,5,1,12,1,"1.77","1.05","-1.05","33.1",,,,,
"SL","2023-07-06","82.8","-2.11","5.58","Eovaldi, Nathan",571771,543135,"strikeout","swinging_strike",,,,,14,"Enrique Hernandez strikes out swinging.","R","R","R","BOS","TEX","S",2,,0,2,2023,"0.53","-0.15",1.072555022394308,1.4189085304771551,646240,,,2,3,"Bot",,,,,,,6.27079005237667,-120.58554039349403,-2.780014927807769,4.031532991795433,22.11473439624629,-33.2824561190619,3.34,1.57,,,,"83.6",2131,"6.7",717471,641680,663993,543760,673962,608369,543257,665750,666969,"53.85",,0,"0",1,0,0,,29,3,"Slider",3,1,3,1,1,3,3,1,"Standard","Standard",99,"-0.017","-0.19",,,,,"0.19",,2,2,0.746,0.746,33,31,33,32,2,1,5,4,12,1,"3.45","-0.53","-0.53","35.9",,,,,
"FC","2023-07-06","90","-2.17","5.57","Eovaldi, Nathan",571771,543135,,"foul",,,,,9,,"R","R","R","BOS","TEX","S",,,0,1,2023,"-0.06","0.62",0.6545204754374223,1.8532942844449949,646240,,,2,3,"Bot",,,,,,,7.207789958888765,-130.93568772492645,-4.6625441389890145,-2.092269097218655,24.41070753208474,-24.238590892693892,3.34,1.57,200,"69.5",37,"91.1",2353,"6.7",717471,641680,663993,543760,673962,608369,543257,665750,666969,"53.78",,,,,,,,29,2,"Cutter",3,1,3,1,1,3,3,1,"Standard","Standard",195,"-0.008","-0.051",,,,,"0.051","88.0",2,2,0.754,0.754,33,31,33,32,2,1,5,4,12,1,"2.17","0.06","0.06","33.9",,,,,
"FF","2023-07-06","94.2","-2.23","5.51","Eovaldi, Nathan",571771,543135,,"called_strike",,,,,3,,"R","R","R","BOS","TEX","S",,,0,0,2023,"-0.89","1.09",0.6994912747554153,2.8039042349483525,646240,,,2,3,"Bot",,,,,,,9.676084661446517,-136.8641095550304,-3.809558918966332,-13.27306905669661,27.607008774754686,-17.735084908112903,3.28751844942766,1.56771896124693,,,,"95.4",2236,"6.9",717471,641680,663993,543760,673962,608369,543257,665750,666969,"53.64",,,,,,,,29,1,"4-Seam Fastball",3,1,3,1,1,3,3,1,"Standard","Standard",225,"-0.004","-0.036",,,,,"0.036",,2,2,0.758,0.758,33,31,33,32,2,1,5,4,12,1,"1.47","0.89","0.89","34.8",,,,,
"FF","2023-07-06","93.5","-2.21","5.57","Eovaldi, Nathan",671213,543135,"field_out","hit_into_play",,,,,8,"Triston Casas grounds out, shortstop Corey Seager to first baseman Nathaniel Lowe. Rafael Devers to 3rd.","R","L","R","BOS","TEX","X",6,"ground_ball",2,1,2023,"-0.97","1",0.00992574355190634,1.853205672931122,,646240,,1,3,"Bot",126.14,151.04,,,,,7.90870199893321,-136.00048874996648,-6.1513695210053685,-13.712365153503276,26.640299906292977,-18.565833209602946,3.65,1.71,2,"73.7",-49,"94.6",2191,"6.7",717471,641680,663993,543760,673962,608369,543257,665750,666969,"53.81",0.137,0.142,"0",1,0,0,2,28,4,"4-Seam Fastball",3,1,3,1,1,3,3,1,"Infield shade","Standard",222,"-0.022","-0.314",,,,0.137,"0.314","88.0",2,2,0.78,0.78,33,23,33,23,2,1,5,2,12,1,"1.58","0.97","-0.97","35.8",,,,,
"FS","2023-07-06","86.9","-2.13","5.7","Eovaldi, Nathan",671213,543135,,"ball",,,,,14,,"R","L","R","BOS","TEX","B",,,1,1,2023,"-0.85","0.13",0.8613832045488347,0.9015484604492516,,646240,,1,3,"Bot",,,,,,,9.043044880797806,-126.3268940001115,-5.718278938081806,-10.853166295473358,23.041021600101022,-29.843834398762436,3.79062518053286,1.78738992435019,,,,"88.5",1584,"7.1",717471,641680,663993,543760,673962,608369,543257,665750,666969,"53.37",,,,,,,,28,3,"Split-Finger",3,1,3,1,1,3,3,1,"Infield shade","Standard",235,"0.002","0.052",,,,,"-0.052",,2,2,0.778,0.778,33,23,33,23,2,1,5,2,12,1,"2.87","0.85","-0.85","36.1",,,,,
"FS","2023-07-06","84.7","-2.34","5.7","Eovaldi, Nathan",671213,543135,,"ball",,,,,13,,"R","L","R","BOS","TEX","B",,,0,1,2023,"-1.01","-0.11",-1.388954304838978,2.0585215006982667,,646240,,1,3,"Bot",,,,,,,4.314765132075324,-123.44817821855082,-2.050046940695627,-11.207730057013508,21.753463985602657,-33.14342124689192,3.82021443190503,1.78738992435019,,,,"86.4",1558,"7",717471,641680,663993,543760,673962,608369,543257,665750,666969,"53.49",,,,,,,,28,2,"Split-Finger",3,1,3,1,1,3,3,1,"Infield shade","Standard",241,"0.003","0.024",,,,,"-0.024",,2,2,0.775,0.775,33,23,33,23,2,1,5,2,12,1,"3.25","1.01","-1.01","37.2",,,,,
"CU","2023-07-06","74","-2.12","5.89","Eovaldi, Nathan",671213,543135,,"swinging_strike",,,,,7,,"R","L","R","BOS","TEX","S",,,0,0,2023,"0.45","-0.66",-0.42429255922464676,1.6838183029192244,,646240,,1,3,"Bot",,,,,,,2.686935555607551,-107.83524145814792,-0.19845268451914122,3.09478001121075,17.927521567635463,-37.54232946210578,3.65,1.71,,,,"74.7",1917,"6.6",717471,641680,663993,543760,673962,608369,543257,665750,666969,"53.87",,,,,,,,28,1,"Curveball",3,1,3,1,1,3,3,1,"Infield shade","Standard",42,"-0.004","-0.038",,,,,"0.038",,2,2,0.779,0.779,33,23,33,23,2,1,5,2,12,1,"4.8","-0.45","0.45","40.1",,,,,
"FC","2023-07-06","90.2","-2.16","5.52","Eovaldi, Nathan",594807,543135,"sac_fly","hit_into_play",,,,,6,"Adam Duvall out on a sacrifice fly to right fielder Adolis Garcia. Masataka Yoshida scores.","R","R","R","BOS","TEX","X",9,"fly_ball",2,1,2023,"0.31","0.82",0.688324874363202,2.384111718706852,807799,646240,,0,3,"Bot",187.31,100.03,,,,,6.464713944836987,-131.2562942215848,-3.646698536117803,2.3055612058552097,26.161229573487805,-22.120540950754133,3.31,1.54,305,"93.5",44,"90.9",2359,"6.6",717471,641680,663993,543760,673962,608369,543257,665750,666969,"53.9",,0.024,"0",1,0,0,3,27,4,"Cutter",2,1,2,1,1,3,3,1,"Standard","Standard",189,"-0.014","-0.211",,,,,"0.211","93.5",1,1,0.793,0.793,33,34,33,35,2,1,5,1,12,1,"1.97","-0.31","-0.31","35.6",,,,,
"FS","2023-07-06","87.4","-2.13","5.66","Eovaldi, Nathan",594807,543135,,"ball",,,,,14,,"R","R","R","BOS","TEX","B",,,1,1,2023,"-0.81","-0.06",0.7089260502097561,0.9663829702071234,807799,646240,,0,3,"Bot",,,,,,,8.587858514457007,-127.06437645163405,-5.140643785637093,-10.387908123904863,23.136987023853816,-31.997983136792683,3.43550809770732,1.66891900344048,,,,"88.6",1785,"6.8",717471,641680,663993,543760,673962,608369,543257,665750,666969,"53.68",,,,,,,,27,3,"Split-Finger",2,1,2,1,1,2,2,1,"Standard","Standard",232,"0.004","-0.001",,,,,"0.001",,1,1,0.789,0.789,33,34,33,35,2,1,5,1,12,1,"3.02","0.81","0.81","36.0",,,,,
"FS","2023-07-06","87.7","-2.25","5.74","Eovaldi, Nathan",594807,543135,,"swinging_strike",,,,,13,,"R","R","R","BOS","TEX","S",,,1,0,2023,"-0.95","-0.08",-0.4125333231151921,1.3845633183017436,807799,646240,,0,3,"Bot",,,,,,,6.466529232353675,-127.59177111804637,-4.335060775140542,-11.698867750113036,23.174421985694853,-32.40884488741631,3.31,1.54,,,,"88.8",1557,"6.7",717471,641680,663993,543760,673962,608369,543257,665750,666969,"53.77",,,,,,,,27,2,"Split-Finger",2,1,2,1,1,2,2,1,"Standard","Standard",237,"-0.004","-0.044",,,,,"0.044",,1,1,0.793,0.793,33,34,33,35,2,1,5,1,12,1,"3.01","0.95","0.95","35.4",,,,,
"FC","2023-07-06","89.8","-2.12","5.68","Eovaldi, Nathan",594807,543135,,"ball",,,,,14,,"R","R","R","BOS","TEX","B",,,0,0,2023,"0.28","0.7",1.4125934897950452,1.1544605577650102,807799,646240,,0,3,"Bot",,,,,,,8.23631025242179,-130.46422931853263,-6.796676435613382,1.603146002282317,24.852283252191896,-22.983195509185556,3.42070975640836,1.59487170094141,,,,"91",2237,"6.9",717471,641680,663993,543760,673962,608369,543257,665750,666969,"53.63",,,,,,,,27,1,"Cutter",2,1,2,1,1,2,2,1,"Standard","Standard",194,"0.002","0.032",,,,,"-0.032",,1,1,0.791,0.791,33,34,33,35,2,1,5,1,12,1,"2.12","-0.28","-0.28","34.4",,,,,
"FS","2023-07-06","88.8","-2.19","5.72","Eovaldi, Nathan",646240,543135,"double","hit_into_play",,,,,13,"Rafael Devers doubles (19) on a fly ball to left fielder Robbie Grossman. Justin Turner scores. Masataka Yoshida to 3rd.","R","L","R","BOS","TEX","X",7,"fly_ball",2,1,2023,"-1.08","0.23",-0.4308158446067236,1.0741994077067085,,457759,807799,0,3,"Bot",96.44,75.11,,,,,6.628516507152373,-129.20057443484308,-5.9172288613560635,-13.39205531314137,23.75104618478522,-28.62474984741974,3.34,1.55,356,"95.5",26,"90",1475,"6.8",717471,641680,663993,543760,673962,608369,543257,665750,666969,"53.71",0.245,0.41739999999999994,"1.25",1,1,1,5,26,4,"Split-Finger",1,1,1,1,1,2,2,1,"Standard","Standard",235,"0.13","0.695",,,,0.804,"-0.695","95.5",0,0,0.661,0.661,33,26,33,27,2,1,5,1,12,1,"2.63","1.08","-1.08","35.8",,,,,
"FF","2023-07-06","94.4","-2.11","5.49","Eovaldi, Nathan",646240,543135,,"ball",,,,,12,,"R","L","R","BOS","TEX","B",,,1,1,2023,"-0.57","1.28",1.5036013550885756,2.5889908445034355,,457759,807799,0,3,"Bot",,,,,,,10.775378416646305,-137.11726094945183,-4.798993030948794,-9.413187481890363,26.793143313498156,-15.117054398418903,3.47990227825817,1.53563227013676,,,,"95.7",2162,"6.9",717471,641680,663993,543760,673962,608369,543257,665750,666969,"53.62",,,,,,,,26,3,"4-Seam Fastball",1,1,1,1,1,1,1,1,"Infield shade","Standard",219,"0.01","0.052",,,,,"-0.052",,0,0,0.651,0.651,33,26,33,27,2,1,5,1,12,1,"1.27","0.57","-0.57","33.3",,,,,
"FS","2023-07-06","88","-2.24","5.6","Eovaldi, Nathan",646240,543135,,"foul",,,,,8,,"R","L","R","BOS","TEX","S",,,1,0,2023,"-0.84","-0.02",0.10309551242103432,1.541466567690036,,457759,807799,0,3,"Bot",,,,,,,7.533570909047892,-128.0337191337469,-3.8194684026564456,-10.72475016300523,23.09222115045135,-31.866761923704647,3.34,1.55,,,,"89.5",1550,"6.9",717471,641680,663993,543760,673962,608369,543257,665750,666969,"53.57",,,,,,,,26,2,"Split-Finger",1,1,1,1,1,1,1,1,"Infield shade","Standard",239,"-0.01","-0.055",,,,,"0.055",,0,0,0.661,0.661,33,26,33,27,2,1,5,1,12,1,"2.93","0.84","-0.84","33.7",,,,,
"FF","2023-07-06","94.8","-2.07","5.48","Eovaldi, Nathan",646240,543135,,"ball",,,,,12,,"R","L","R","BOS","TEX","B",,,0,0,2023,"-0.73","1.25",1.6756489608394864,2.849212810400473,,457759,807799,0,3,"Bot",,,,,,,11.528760573985663,-137.7182723917747,-4.07987077582235,-11.707798714367916,27.803573332391363,-15.405660830297256,3.47990227825817,1.54771872348903,,,,"95.9",2142,"6.8",717471,641680,663993,543760,673962,608369,543257,665750,666969,"53.69",,,,,,,,26,1,"4-Seam Fastball",1,1,1,1,1,1,1,1,"Standard","Standard",225,"0.007","0.042",,,,,"-0.042",,0,0,0.654,0.654,33,26,33,27,2,1,5,1,12,1,"1.27","0.73","-0.73","32.7",,,,,
"FF","2023-07-06","94.8","-2.35","5.27","Eovaldi, Nathan",807799,543135,"single","hit_into_play",,,,,8,"Masataka Yoshida singles on a ground ball to left fielder Robbie Grossman. Justin Turner to 2nd.","R","L","R","BOS","TEX","X",7,"ground_ball",1,2,2023,"-0.85","1.06",-0.23061507474184129,1.9469551493509207,,,457759,0,3,"Bot",101.46,123.74,,,,,7.505894169313307,-137.95038489683128,-5.457243850357886,-12.517587104042706,28.244985390989637,-17.574276325031143,3.19,1.44,10,"104.8",-10,"95.7",2064,"6.6",717471,641680,663993,543760,673962,608369,543257,665750,666969,"53.88",0.277,0.269,"0.9",1,1,0,2,25,4,"4-Seam Fastball",1,1,1,1,1,1,1,1,"Infield shade","Standard",232,"0.07","0.523",,,,0.294,"-0.523","104.8",0,0,0.584,0.584,33,29,33,30,2,1,5,1,12,2,"1.46","0.85","-0.85","29.8",,,,,
"FS","2023-07-06","86.1","-2.2","5.59","Eovaldi, Nathan",807799,543135,,"blocked_ball",,,,,14,,"R","L","R","BOS","TEX","B",,,0,2,2023,"-1.03","-0.01",0.38407174651596154,0.3468518474409641,,,457759,0,3,"Bot",,,,,,,8.32050349988647,-125.14475521808114,-6.313388196070734,-12.378805553871839,22.78319183061917,-31.234866669925385,3.36151499786335,1.50601203819293,,,,"87.4",1620,"6.9",717471,641680,663993,543760,673962,608369,543257,665750,666969,"53.56",,,,,,,,25,3,"Split-Finger",1,1,1,1,1,1,1,1,"Infield shade","Standard",240,"0.004","0.008",,,,,"-0.008",,0,0,0.58,0.58,33,29,33,30,2,1,5,1,12,2,"3.06","1.03","-1.03","35.5",,,,,
"FS","2023-07-06","86.9","-2.22","5.68","Eovaldi, Nathan",807799,543135,,"swinging_strike",,,,,4,,"R","L","R","BOS","TEX","S",,,0,1,2023,"-1","-0.08",-0.606323436401265,2.060287136509138,,,457759,0,3,"Bot",,,,,,,5.942745836749274,-126.47990466576474,-2.3713610571268906,-11.973597210993125,24.520374216805898,-32.761435100584634,3.19,1.44,,,,"87.3",1688,"6.4",717471,641680,663993,543760,673962,608369,543257,665750,666969,"54.09",,,,,,,,25,2,"Split-Finger",1,1,1,1,1,1,1,1,"Infield shade","Standard",233,"-0.009","-0.043",,,,,"0.043",,0,0,0.589,0.589,33,29,33,30,2,1,5,1,12,2,"3.08","1","-1","35.6",,,,,
"FC","2023-07-06","89","-2.3","5.63","Eovaldi, Nathan",807799,543135,,"called_strike",,,,,8,,"R","L","R","BOS","TEX","S",,,0,0,2023,"0.21","0.69",-0.1385097400618034,1.8370176629208206,,,457759,0,3,"Bot",,,,,,,4.907617964682041,-129.6139656211084,-4.793057953353578,1.4007977364995414,26.12171962000446,-23.58763735628632,3.33191678905917,1.43771916572139,,,,"89.9",2281,"6.7",717471,641680,663993,543760,673962,608369,543257,665750,666969,"53.79",,,,,,,,25,1,"Cutter",1,1,1,1,1,1,1,1,"Standard","Standard",187,"-0.006","-0.036",,,,,"0.036",,0,0,0.595,0.595,33,29,33,30,2,1,5,1,12,2,"2.17","-0.21","0.21","35.2",,,,,
"CU","2023-07-06","75.6","-2.19","5.74","Eovaldi, Nathan",657077,543135,"field_out","hit_into_play",,,,,5,"Alex Verdugo flies out to right fielder Adolis Garcia.","R","L","R","BOS","TEX","X",9,"fly_ball",0,0,2023,"0.8","-0.51",0.19355641573924043,2.4870125884701855,,571771,657136,2,2,"Bot",213.76,108.03,,,,,3.5567486521371894,-110.12297950112284,1.216027689239614,5.890323939764731,19.198271912133016,-36.771970032274226,3.53,1.57,310,"85.6",36,"76.1",1820,"6.5",717471,641680,663993,543760,673962,608369,543257,665750,666969,"53.95",0.018,0.025,"0",1,0,0,3,20,1,"Curveball",1,1,1,1,1,1,1,1,"Standard","Standard",47,"-0.046","-0.295",,,,0.039,"0.295","88.0",0,0,0.546,0.546,33,27,33,27,2,1,5,1,12,1,"4.49","-0.8","0.8","37.8",,,,,
"FC","2023-07-06","90.1","-2.22","5.5","Eovaldi, Nathan",657136,543135,"single","hit_into_play",,,,,12,"Connor Wong singles on a ground ball to right fielder Adolis Garcia. Enrique Hernandez to 2nd.","R","R","R","BOS","TEX","X",9,"ground_ball",1,2,2023,"0.29","0.67",1.0471596187969332,3.009032435355486,,,571771,2,2,"Bot",179.18,109.19,,,,,7.551224442838625,-131.01012218543042,-1.626543060035055,1.6780686459179912,28.32380630579657,-24.36495329440936,3.2,1.41,19,"94.5",-7,"90.6",2284,"6.7",717471,641680,663993,543760,673962,608369,543257,665750,666969,"53.84",0.264,0.239,"0.9",1,1,0,2,19,6,"Cutter",1,1,1,1,1,1,1,1,"Standard","Standard",191,"0.029","0.448",,,,0.266,"-0.448","94.5",0,0,0.517,0.517,33,27,33,27,1,0,5,1,12,1,"2.15","-0.29","-0.29","32.0",,,,,
"SL","2023-07-06","82.9","-2.17","5.63","Eovaldi, Nathan",657136,543135,,"foul",,,,,14,,"R","R","R","BOS","TEX","S",,,1,2,2023,"0.57","0.02",0.12172482131033258,1.243419910406721,,,571771,2,2,"Bot",,,,,,,4.164492378690108,-120.84455531679447,-3.702820238091282,4.908439448073337,20.571090042355284,-31.554357200094348,3.2,1.41,3,"91.1",-25,"84",2183,"6.6",717471,641680,663993,543760,673962,608369,543257,665750,666969,"53.9",,,,,,,,19,5,"Slider",1,1,1,1,1,1,1,1,"Standard","Standard",117,"0","0",,,,,"0","91.1",0,0,0.517,0.517,33,27,33,27,1,0,5,1,12,1,"3.25","-0.57","-0.57","34.1",,,,,
"FF","2023-07-06","94.2","-2.27","5.51","Eovaldi, Nathan",657136,543135,,"ball",,,,,12,,"R","R","R","BOS","TEX","B",,,0,2,2023,"-1.06","1.07",0.4754849776782364,3.458030322598325,,,571771,2,2,"Bot",,,,,,,9.518230807577762,-136.88570071085698,-1.9976891936885268,-15.359561484550943,29.813307423291786,-18.463245632119293,3.24311888938661,1.44677056514831,,,,"94.6",2178,"6.6",717471,641680,663993,543760,673962,608369,543257,665750,666969,"53.92",,,,,,,,19,4,"4-Seam Fastball",1,1,1,1,1,1,1,1,"Standard","Standard",226,"0.003","0.02",,,,,"-0.02",,0,0,0.514,0.514,33,27,33,27,1,0,5,1,12,1,"1.5","1.06","1.06","35.9",,,,,
"FS","2023-07-06","87.5","-2.22","5.64","Eovaldi, Nathan",657136,543135,,"foul",,,,,13,,"R","R","R","BOS","TEX","S",,,0,2,2023,"-1.04","0.33",-1.058497766430257,1.7768311526744398,,,571771,2,2,"Bot",,,,,,,5.009572435834946,-127.49620254224735,-3.967255554562237,-12.366476118292669,23.456937112626427,-28.03314963756156,3.2,1.41,44,"79.2",2,"88.7",1793,"6.7",717471,641680,663993,543760,673962,608369,543257,665750,666969,"53.75",,,,,,,,19,3,"Split-Finger",1,1,1,1,1,1,1,1,"Standard","Standard",235,"0","0",,,,,"0","88.0",0,0,0.514,0.514,33,27,33,27,1,0,5,1,12,1,"2.62","1.04","1.04","35.3",,,,,
"SL","2023-07-06","82.4","-2.09","5.72","Eovaldi, Nathan",657136,543135,,"swinging_strike",,,,,14,,"R","R","R","BOS","TEX","S",,,0,1,2023,"0.57","-0.22",1.6115129594318958,1.5618954049489444,,,571771,2,2,"Bot",,,,,,,7.348231568277924,-119.86495609862287,-2.5197010570841445,4.1388757637663955,21.93007471393181,-34.051906352255415,3.2,1.41,,,,"82.9",2157,"6.5",717471,641680,663993,543760,673962,608369,543257,665750,666969,"53.97",,,,,,,,19,2,"Slider",1,1,1,1,1,1,1,1,"Standard","Standard",102,"-0.006","-0.055",,,,,"0.055",,0,0,0.52,0.52,33,27,33,27,1,0,5,1,12,1,"3.57","-0.57","-0.57","37.1",,,,,
"CU","2023-07-06","77.1","-2.11","5.73","Eovaldi, Nathan",657136,543135,,"swinging_strike",,,,,14,,"R","R","R","BOS","TEX","S",,,0,0,2023,"0.68","-0.6",1.0135848460353793,0.9251115689803959,,,571771,2,2,"Bot",,,,,,,5.454874720811899,-112.33300112970703,-2.251979096850451,4.938246000597071,18.24144710602786,-37.14711564169664,3.2,1.41,,,,"78.1",1942,"6.7",717471,641680,663993,543760,673962,608369,543257,665750,666969,"53.77",,,,,,,,19,1,"Curveball",1,1,1,1,1,1,1,1,"Standard","Standard",43,"-0.004","-0.045",,,,,"0.045",,0,0,0.524,0.524,33,27,33,27,1,0,5,1,12,1,"4.4","-0.68","-0.68","36.6",,,,,
"FF","2023-07-06","94.5","-2.4","5.31","Eovaldi, Nathan",666152,543135,"strikeout","called_strike",,,,,8,"David Hamilton called out on strikes.","R","L","R","BOS","TEX","S",2,,1,2,2023,"-0.96","1.19",-0.2201733394218084,1.6810935783409233,,,571771,1,2,"Bot",,,,,,,7.870831975488266,-137.35311349205585,-6.498262484912485,-13.839955029758336,28.993237327968107,-15.778204149036798,3.3911126548818,1.53563227013676,,,,"95.3",2265,"6.7",717471,641680,663993,543760,673962,608369,543257,665750,666969,"53.78",,0,"0",1,0,0,,18,4,"4-Seam Fastball",1,1,1,1,1,1,1,1,"Infield shade","Standard",225,"-0.021","-0.183",,,,,"0.183",,0,0,0.545,0.545,33,25,33,26,1,0,5,1,12,53,"1.35","0.96","-0.96","30.0",,,,,
"FS","2023-07-06","87.5","-2.17","5.56","Eovaldi, Nathan",666152,543135,,"ball",,,,,14,,"R","L","R","BOS","TEX","B",,,0,2,2023,"-1.15","0.2",0.49506144701398935,1.1481492139974585,,,571771,1,2,"Bot",,,,,,,8.81354936458243,-127.15716125509728,-4.9667378704147165,-14.189350050152065,23.687525855634664,-29.232791747838064,3.42070975640836,1.5652521593056,,,,"88.1",1711,"6.5",717471,641680,663993,543760,673962,608369,543257,665750,666969,"53.97",,,,,,,,18,3,"Split-Finger",1,1,1,1,1,1,1,1,"Infield shade","Standard",231,"0.003","0.023",,,,,"-0.023",,0,0,0.542,0.542,33,25,33,26,1,0,5,1,12,53,"2.76","1.15","-1.15","35.6",,,,,
"FC","2023-07-06","89.9","-2.2","5.6","Eovaldi, Nathan",666152,543135,,"foul",,,,,14,,"R","L","R","BOS","TEX","S",,,0,1,2023,"0.21","1.04",1.056505438299699,1.734872169150815,,,571771,1,2,"Bot",,,,,,,7.6865521834634,-130.7372191496747,-5.899766366887112,0.9284226421586286,25.2286385994061,-19.179457624155667,3.33,1.5,175,"66.1",56,"90.8",2370,"6.7",717471,641680,663993,543760,673962,608369,543257,665750,666969,"53.8",,,,,,,,18,2,"Cutter",1,1,1,1,1,1,1,1,"Infield shade","Standard",194,"-0.008","-0.053",,,,,"0.053","88.0",0,0,0.55,0.55,33,25,33,26,1,0,5,1,12,53,"1.76","-0.21","0.21","34.5",,,,,
"FS","2023-07-06","87.2","-2.27","5.61","Eovaldi, Nathan",666152,543135,,"swinging_strike",,,,,13,,"R","L","R","BOS","TEX","S",,,0,0,2023,"-1.13","0.16",-0.013940481886381084,1.0924367223597073,,,571771,1,2,"Bot",,,,,,,7.831599292382882,-126.75153475552585,-5.145676150555746,-13.71371705611595,23.325755865206673,-29.59744768714994,3.33,1.5,,,,"88.6",1606,"7",717471,641680,663993,543760,673962,608369,543257,665750,666969,"53.5",,,,,,,,18,1,"Split-Finger",1,1,1,1,1,1,1,1,"Infield shade","Standard",235,"-0.004","-0.042",,,,,"0.042",,0,0,0.554,0.554,33,25,33,26,1,0,5,1,12,53,"2.82","1.13","-1.13","35.3",,,,,
"SL","2023-07-06","83.9","-2.15","5.62","Eovaldi, Nathan",594807,543135,"field_out","hit_into_play",,,,,14,"Adam Duvall grounds out, second baseman Marcus Semien to first baseman Nathaniel Lowe.","R","R","R","BOS","TEX","X",4,"ground_ball",1,1,2023,"0.42","0.17",0.7782396214453592,1.2766751952467579,457759,,,2,1,"Bot",138.07,148.35,,,,,5.950127266247583,-122.10257675309195,-4.002250824694858,3.1463216803285246,22.914820729601104,-29.95140504033527,3.31,1.54,69,"70.8",6,"84.4",2049,"6.5",717471,641680,663993,543760,673962,608369,543257,665750,666969,"54",0.25,0.225,"0",1,0,0,2,8,3,"Slider",1,0,1,0,0,1,1,0,"Infield shade","Standard",130,"-0.031","-0.286",,,,0.324,"0.286","88.0",1,1,0.634,0.634,33,34,33,35,1,0,5,1,12,1,"3.06","-0.42","-0.42","33.8",,,,,
"FS","2023-07-06","86.6","-2.25","5.66","Eovaldi, Nathan",594807,543135,,"blocked_ball",,,,,14,,"R","R","R","BOS","TEX","B",,,0,1,2023,"-1.08","0.15",0.927301618504774,0.6508367412437286,457759,,,2,1,"Bot",,,,,,,9.883578854920614,-125.746354137165,-6.172403691208335,-13.285797174416492,22.101605676065088,-29.633319171292122,3.45030629875506,1.68372819324114,,,,"87.8",1526,"6.9",717471,641680,663993,543760,673962,608369,543257,665750,666969,"53.61",,,,,,,,8,2,"Split-Finger",1,0,1,0,0,1,1,0,"Standard","Standard",238,"0.003","0.028",,,,,"-0.028",,1,1,0.631,0.631,33,34,33,35,1,0,5,1,12,1,"2.87","1.08","1.08","34.8",,,,,
"FC","2023-07-06","90.4","-2.31","5.49","Eovaldi, Nathan",594807,543135,,"called_strike",,,,,6,,"R","R","R","BOS","TEX","S",,,0,0,2023,"0.04","0.6",0.7469371962198189,2.70294053348412,457759,,,2,1,"Bot",,,,,,,7.623188533127721,-131.65335491876786,-2.368190822473939,-0.988264519587693,24.159638546376275,-24.878652719548775,3.45030629875506,1.62449089028888,,,,"91.8",2307,"6.8",717471,641680,663993,543760,673962,608369,543257,665750,666969,"53.73",,,,,,,,8,1,"Cutter",1,0,1,0,0,1,1,0,"Standard","Standard",194,"-0.005","-0.036",,,,,"0.036",,1,1,0.636,0.636,33,34,33,35,1,0,5,1,12,1,"2.16","-0.04","-0.04","38.0",,,,,
"FF","2023-07-06","94.4","-2.22","5.53","Eovaldi, Nathan",646240,543135,"field_out","hit_into_play",,,,,3,"Rafael Devers grounds out, second baseman Marcus Semien to first baseman Nathaniel Lowe. Alex Verdugo scores. Justin Turner to 3rd.","R","L","R","BOS","TEX","X",4,"ground_ball",1,0,2023,"-0.84","1.11",0.5933464582241119,3.2233424789107454,657077,457759,,1,1,"Bot",136.12,173.51,,,,,9.271400125154475,-137.1672399174217,-2.7778022912406115,-12.613275005794929,29.569917960421538,-17.77539784983468,3.34,1.55,19,"77.3",-8,"95.3",2186,"6.8",717471,641680,663993,543760,673962,608369,543257,665750,666969,"53.69",0.068,0.061,"0",1,0,0,2,7,2,"4-Seam Fastball",0,0,0,0,0,1,1,0,"Infield shade","Standard",221,"0.002","-0.228",,,,0.068,"0.228","88.0",0,0,0.634,0.634,33,26,33,27,1,0,5,1,12,1,"1.45","0.84","-0.84","32.7",,,,,
"FF","2023-07-06","96","-2.5","5.36","Eovaldi, Nathan",646240,543135,,"ball",,,,,11,,"R","L","R","BOS","TEX","B",,,0,0,2023,"-1.06","0.87",-0.8991031489698453,3.5199661533007975,657077,457759,,1,1,"Bot",,,,,,,6.688724096066857,-139.77180112996376,-1.2592625326155136,-15.332399956965947,30.24408669416749,-20.72615025889789,3.47990227825817,1.54771872348903,,,,"97",2172,"6.8",717471,641680,663993,543760,673962,608369,543257,665750,666969,"53.74",,,,,,,,7,1,"4-Seam Fastball",0,0,0,0,0,0,0,0,"Infield shade","Standard",221,"0.001","0.017",,,,,"-0.017",,0,0,0.633,0.633,33,26,33,27,1,0,5,1,12,1,"1.6","1.06","-1.06","33.4",,,,,
"FF","2023-07-06","94","-2.43","5.28","Eovaldi, Nathan",807799,543135,"field_out","hit_into_play",,,,,7,"Masataka Yoshida grounds out, second baseman Marcus Semien to first baseman Nathaniel Lowe. Alex Verdugo to 3rd. Justin Turner to 2nd.","R","L","R","BOS","TEX","X",4,"ground_ball",2,1,2023,"-0.98","0.81",-0.49433133217627456,1.4211009785217863,,657077,457759,0,1,"Bot",146.19,164.12,,,,,7.280448541429763,-136.56862557877793,-6.074635093425881,-13.980066467963619,32.64995826847543,-20.839201361804253,3.19,1.44,1,"70.1",-48,"94.6",2111,"6.9",717471,641680,663993,543760,673962,608369,543257,665750,666969,"53.58",0.207,0.186,"0",1,0,0,2,6,4,"4-Seam Fastball",0,0,0,0,0,0,0,0,"Infield shade","Standard",229,"-0.01","-0.346",,,,0.224,"0.346","88.0",0,0,0.643,0.643,33,29,33,30,1,0,5,1,12,2,"1.8","0.98","-0.98","28.1",,,,,
"FC","2023-07-06","89.7","-2.3","5.57","Eovaldi, Nathan",807799,543135,,"ball",,,,,14,,"R","L","R","BOS","TEX","B",,,1,1,2023,"0.31","0.55",1.3487434841165196,2.0238191603053535,,657077,457759,0,1,"Bot",,,,,,,8.401391229044759,-130.41277116147847,-3.9215045541843416,1.6421376396067149,28.995464701374825,-25.265563322690213,3.36151499786335,1.5652521593056,,,,"89.9",2323,"6.6",717471,641680,663993,543760,673962,608369,543257,665750,666969,"53.89",,,,,,,,6,3,"Cutter",0,0,0,0,0,0,0,0,"Infield shade","Standard",186,"0.009","0.052",,,,,"-0.052",,0,0,0.634,0.634,33,29,33,30,1,0,5,1,12,2,"2.3","-0.31","0.31","33.1",,,,,
"FF","2023-07-06","93.1","-2.28","5.44","Eovaldi, Nathan",807799,543135,,"called_strike",,,,,7,,"R","L","R","BOS","TEX","S",,,1,0,2023,"-0.89","1.03",-0.668411605875104,1.9256899405017163,,657077,457759,0,1,"Bot",,,,,,,6.176502180271458,-135.37780806424527,-5.52565286118986,-12.275301475052474,31.01250284554487,-18.53369666701962,3.33191678905917,1.43771916572139,,,,"94.1",2179,"7.1",717471,641680,663993,543760,673962,608369,543257,665750,666969,"53.45",,,,,,,,6,2,"4-Seam Fastball",0,0,0,0,0,0,0,0,"Standard","Standard",225,"-0.009","-0.055",,,,,"0.055",,0,0,0.643,0.643,33,29,33,30,1,0,5,1,12,2,"1.62","0.89","-0.89","30.8",,,,,
"CU","2023-07-06","74.6","-2.12","5.76","Eovaldi, Nathan",807799,543135,,"ball",,,,,14,,"R","L","R","BOS","TEX","B",,,0,0,2023,"0.34","-0.81",1.3275391206603724,1.30295412732002,,657077,457759,0,1,"Bot",,,,,,,6.500025582615603,-108.4388118571315,-0.49389790220107765,1.4756306370182537,19.91388645385282,-38.66810307306785,3.30231803220151,1.41714933368024,,,,"74.6",1862,"6.4",717471,641680,663993,543760,673962,608369,543257,665750,666969,"54.07",,,,,,,,6,1,"Curveball",0,0,0,0,0,0,0,0,"Standard","Standard",43,"0.007","0.042",,,,,"-0.042",,0,0,0.636,0.636,33,29,33,30,1,0,5,1,12,2,"4.93","-0.34","0.34","39.9",,,,,
"FF","2023-07-06","94.2","-2.31","5.41","Eovaldi, Nathan",457759,543135,"single","hit_into_play",,,,,2,"Justin Turner singles on a line drive to left fielder Robbie Grossman. Alex Verdugo to 2nd.","R","R","R","BOS","TEX","X",7,"line_drive",0,0,2023,"-0.94","1.06",0.06379131054113407,3.065673751002401,,,657077,0,1,"Bot",93.58,97.22,,,,,8.325684856558599,-136.91737466284937,-2.7514671164602817,-13.636005095797564,29.847565185311314,-18.45516152965079,3.31,1.48,237,"81.2",20,"95",2212,"6.8",717471,641680,663993,543760,673962,608369,543257,665750,666969,"53.72",0.9,0.854,"0.9",1,1,0,4,5,1,"4-Seam Fastball",0,0,0,0,0,0,0,0,"Standard","Standard",228,"0.053","0.452",,,,1.029,"-0.452","88.0",0,0,0.583,0.583,33,38,33,39,1,0,5,1,12,1,"1.51","0.94","0.94","33.8",,,,,
"SL","2023-07-01","82.8","-2.14","5.51","Eovaldi, Nathan",673237,543135,"grounded_into_double_play","hit_into_play",,,,,14,"Yainer Diaz grounds into a double play, shortstop Corey Seager to second baseman Marcus Semien to first baseman Nathaniel Lowe. Jose Abreu out at 2nd. Yainer Diaz out at 1st.","R","R","R","TEX","HOU","X",6,"ground_ball",1,2,2023,"0.7","-0.24",1.0536774744860027,1.4894067886619884,,,547989,1,7,"Top",120.52,180.52,,,,,6.005849888334845,-120.44545624518388,-2.2056736060950004,5.604079878283567,24.44315377025996,-34.25073123470224,3.2,1.51,21,"66.6",-2,"83.9",2054,"7.1",717542,641680,663993,543760,673962,608369,608671,665750,666969,"53.38",0.083,0.079,"0",1,0,0,2,54,4,"Slider",3,0,0,3,0,3,0,3,"Standard","Standard",107,"0.042","-0.261",,,,0.102,"0.261","88.0",3,-3,0.899,0.10099999999999998,33,24,33,25,3,2,6,1,5,1,"3.58","-0.7","-0.7","34.1",,,,,
"CU","2023-07-01","77.4","-2.15","5.59","Eovaldi, Nathan",673237,543135,,"foul",,,,,11,,"R","R","R","TEX","HOU","S",,,1,1,2023,"0.39","-0.27",-0.7798839414425314,3.2978981422822033,,,547989,1,7,"Top",,,,,,,2.227562490193261,-112.65667098278342,2.593882355387736,2.948093757386041,20.256164967887738,-35.1513433232137,3.2,1.51,4,"57.1",-42,"78.6",1643,"7.1",717542,641680,663993,543760,673962,608369,608671,665750,666969,"53.44",,,,,,,,54,3,"Curveball",3,0,0,3,0,3,0,3,"Standard","Standard",48,"0.007","-0.055",,,,,"0.055","88.0",3,-3,0.892,0.10799999999999998,33,24,33,25,3,2,6,1,5,1,"4.07","-0.39","-0.39","35.6",,,,,
"SL","2023-07-01","84.4","-2.14","5.45","Eovaldi, Nathan",673237,543135,,"blocked_ball",,,,,14,,"R","R","R","TEX","HOU","B",,,0,1,2023,"0.47","0.08",1.0748477936819443,0.4567835117265031,,,547989,1,7,"Top",,,,,,,6.640965292075681,-122.71761915219282,-5.485203244696313,3.4773519880455237,24.24716277762305,-30.44743066924136,3.08580456979522,1.47358073531724,,,,"85.8",2157,"7.2",717542,641680,663993,543760,673962,608369,608671,665750,666969,"53.25",,,,,,,,54,2,"Slider",3,0,0,3,0,3,0,3,"Standard","Standard",141,"-0.003","0.025",,,,,"-0.025",,3,-3,0.895,0.10499999999999998,33,24,33,25,3,2,6,1,5,1,"3.12","-0.47","-0.47","33.5",,,,,
"FC","2023-07-01","89.6","-2.26","5.47","Eovaldi, Nathan",673237,543135,,"swinging_strike",,,,,6,,"R","R","R","TEX","HOU","S",,,0,0,2023,"0.24","1.04",0.42954543012723656,2.511796842241922,,,547989,1,7,"Top",,,,,,,6.2266711374439865,-130.35185303823695,-3.5627220746374766,1.417810794359547,27.137831788390184,-19.748739428266383,3.2,1.51,,,,"91",2228,"7.1",717542,641680,663993,543760,673962,608369,608671,665750,666969,"53.36",,,,,,,,54,1,"Cutter",3,0,0,3,0,3,0,3,"Standard","Standard",196,"0.005","-0.042",,,,,"0.042",,3,-3,0.89,0.10999999999999999,33,24,33,25,3,2,6,1,5,1,"1.8","-0.24","-0.24","32.4",,,,,
"FC","2023-07-01","91.2","-2.28","5.49","Eovaldi, Nathan",676694,543135,"field_out","hit_into_play",,,,,2,"Jake Meyers grounds out, third baseman Josh Jung to first baseman Nathaniel Lowe.","R","R","R","TEX","HOU","X",5,"ground_ball",2,0,2023,"-0.17","1.01",0.00539547179749908,2.955630514372446,,,667452,2,5,"Top",111,181,,,,,6.226187945080908,-132.67849673360425,-2.7278523235754415,-3.2447120189862044,27.445320313846526,-19.802364089487146,3.25,1.56,4,"82.8",-37,"93.1",2317,"7.3",717542,641680,663993,543760,673962,608369,608671,665750,666969,"53.16",0.05,0.057,"0",1,0,0,2,39,3,"Cutter",3,0,0,3,0,3,0,3,"Standard","Standard",204,"0.028","-0.353",,,,0.075,"0.353","88.0",3,-3,0.856,0.14400000000000002,33,27,33,27,2,1,6,1,5,3,"1.72","0.17","0.17","33.8",,,,,
"FF","2023-07-01","94.4","-2.31","5.31","Eovaldi, Nathan",676694,543135,,"ball",,,,,13,,"R","R","R","TEX","HOU","B",,,1,0,2023,"-1.06","1.05",-1.5954163274394526,2.413035388411152,,,667452,2,5,"Top",,,,,,,4.312420332888155,-137.44605981822681,-4.255960057775472,-14.401717844068887,31.608920965426496,-18.14300224986784,3.32129991400735,1.68289804574427,,,,"96.2",2219,"7.4",717542,641680,663993,543760,673962,608369,608671,665750,666969,"53.1",,,,,,,,39,2,"4-Seam Fastball",3,0,0,3,0,3,0,3,"Standard","Standard",224,"-0.005","0.037",,,,,"-0.037",,3,-3,0.861,0.139,33,27,33,27,2,1,6,1,5,3,"1.51","1.06","1.06","30.0",,,,,
"CU","2023-07-01","76.3","-2.29","5.64","Eovaldi, Nathan",676694,543135,,"ball",,,,,14,,"R","R","R","TEX","HOU","B",,,0,0,2023,"0.7","-1.05",0.3703223362807362,0.8970430594797536,,,667452,2,5,"Top",,,,,,,4.409936134138985,-110.95374656134177,-0.9588015307012013,4.885571683250947,21.67720323763106,-40.8113814276957,3.22228444584596,1.54015907136768,,,,"77.3",2176,"7.3",717542,641680,663993,543760,673962,608369,608671,665750,666969,"53.23",,,,,,,,39,1,"Curveball",3,0,0,3,0,3,0,3,"Standard","Standard",42,"-0.002","0.03",,,,,"-0.03",,3,-3,0.863,0.137,33,27,33,27,2,1,6,1,5,3,"5","-0.7","-0.7","34.6",,,,,
"FC","2023-07-01","90.5","-2.43","5.53","Eovaldi, Nathan",663656,543135,"grounded_into_double_play","hit_into_play",,,,,1,"Kyle Tucker grounds into a double play, shortstop Corey Seager to first baseman Nathaniel Lowe. Alex Bregman out at 2nd. Kyle Tucker out at 1st.","R","L","R","TEX","HOU","X",6,"ground_ball",2,1,2023,"0.18","0.68",-0.5815185161426575,3.054632788307348,,,608324,0,4,"Top",120.09,150.11,,,,,4.3215460976176905,-131.79999630708974,-1.7324735777162732,1.144796668156238,27.902630000035053,-24.118365628200024,3.62,1.71,30,"104.5",-4,"92.5",2188,"7.4",717542,641680,663993,543760,673962,608369,608671,665750,666969,"53.1",0.436,0.392,"0",1,0,0,2,27,4,"Cutter",1,0,0,1,0,1,0,1,"Infield shade","Standard",192,"0.103","-0.38",,,,0.455,"0.38","104.5",1,-1,0.569,0.43100000000000005,33,26,33,26,2,1,6,1,5,1,"2.1","-0.18","0.18","31.5",,,,,
"FS","2023-07-01","87.7","-2.28","5.6","Eovaldi, Nathan",663656,543135,,"blocked_ball",,,,,14,,"R","L","R","TEX","HOU","B",,,1,1,2023,"-0.98","0.14",0.0608081976956516,0.7180861028387668,,,608324,0,4,"Top",,,,,,,7.777418136005987,-127.53574226589673,-6.062673885219239,-12.29055657096781,24.833528691239056,-29.599424016324203,3.53215367831269,1.70661689361848,,,,"88.8",1512,"6.9",717542,641680,663993,543760,673962,608369,608671,665750,666969,"53.63",,,,,,,,27,3,"Split-Finger",1,0,0,1,0,1,0,1,"Infield shade","Standard",235,"-0.009","0.042",,,,,"-0.042",,1,-1,0.578,0.42200000000000004,33,26,33,26,2,1,6,1,5,1,"2.81","0.98","-0.98","34.0",,,,,
"FC","2023-07-01","90.4","-2.17","5.6","Eovaldi, Nathan",663656,543135,,"foul",,,,,14,,"R","L","R","TEX","HOU","S",,,1,0,2023,"0.11","0.83",0.5080467072788013,1.4954553932575438,,,608324,0,4,"Top",,,,,,,6.484817675887928,-131.38961542045615,-6.090305474167198,-0.09078781267164963,27.45798289653256,-21.46460179208662,3.62,1.71,9,"89.6",-10,"91",2220,"6.7",717542,641680,663993,543760,673962,608369,608671,665750,666969,"53.82",,,,,,,,27,2,"Cutter",1,0,0,1,0,1,0,1,"Infield shade","Standard",204,"0.009","-0.042",,,,,"0.042","89.6",1,-1,0.569,0.43100000000000005,33,26,33,26,2,1,6,1,5,1,"1.96","-0.11","0.11","34.1",,,,,
"CU","2023-07-01","75.8","-2.06","5.68","Eovaldi, Nathan",663656,543135,,"blocked_ball",,,,,14,,"R","L","R","TEX","HOU","B",,,0,0,2023,"0.7","-0.91",0.9970278738892062,0.8554421649158908,,,608324,0,4,"Top",,,,,,,5.1601572998879135,-110.23129473711349,-1.2620675439866222,4.645082437170851,21.886716625031582,-39.54011517094805,3.48742533169642,1.61785363494644,,,,"76",1995,"6.7",717542,641680,663993,543760,673962,608369,608671,665750,666969,"53.77",,,,,,,,27,1,"Curveball",1,0,0,1,0,1,0,1,"Infield shade","Standard",36,"-0.007","0.03",,,,,"-0.03",,1,-1,0.576,0.42400000000000004,33,26,33,26,2,1,6,1,5,1,"4.92","-0.7","0.7","38.4",,,,,
"FF","2023-07-01","96.5","-2.17","5.31","Eovaldi, Nathan",667452,543135,"grounded_into_double_play","hit_into_play",,,,,6,"Corey Julks grounds into a double play, shortstop Corey Seager to second baseman Marcus Semien to first baseman Nathaniel Lowe. Mauricio Dubon out at 2nd. Corey Julks out at 1st.","R","R","R","TEX","HOU","X",6,"ground_ball",2,2,2023,"-1.2","1.17",0.5881938639820163,2.5781144852815228,,673237,643289,1,2,"Top",115.85,165.86,,,,,10.232169819065614,-140.04994952641428,-4.360257745440515,-18.251496113724258,34.53233404015074,-15.943884366724523,3.31,1.59,9,"96.4",-17,"97.6",2339,"7.2",717542,641680,663993,543760,673962,608369,608671,665750,666969,"53.26",0.154,0.152,"0",1,0,0,2,12,5,"4-Seam Fastball",0,0,0,0,0,0,0,0,"Standard","Standard",230,"0.086","-0.284",,,,0.176,"0.284","96.4",0,0,0.465,0.5349999999999999,33,27,33,27,1,0,6,2,5,1,"1.31","1.2","1.2","28.4",,,,,
"SL","2023-07-01","85.9","-2.16","5.61","Eovaldi, Nathan",667452,543135,,"ball",,,,,14,,"R","R","R","TEX","HOU","B",,,1,2,2023,"0.6","0.1",1.251428052473173,1.4622021711773012,,673237,643289,1,2,"Top",,,,,,,6.95125906629364,-124.96503339338362,-3.804868111841783,4.901171904508402,25.570875756058303,-30.523546535220635,3.22010587022139,1.42924780843077,,,,"87",2209,"7.1",717542,641680,663993,543760,673962,608369,608671,665750,666969,"53.44",,,,,,,,12,4,"Slider",0,0,0,0,0,0,0,0,"Standard","Standard",126,"-0.007","0.028",,,,,"-0.028",,0,0,0.472,0.528,33,27,33,27,1,0,6,2,5,1,"2.99","-0.6","-0.6","33.0",,,,,
"FS","2023-07-01","87.6","-2.13","5.58","Eovaldi, Nathan",667452,543135,,"ball",,,,,14,,"R","R","R","TEX","HOU","B",,,0,2,2023,"-1.25","0.19",0.06997371023532173,0.9170201813401921,,673237,643289,1,2,"Top",,,,,,,8.052979881618022,-127.3506401122592,-5.643830455475017,-15.27413761176834,25.05352264758514,-29.09304961248998,3.30724443078869,1.56065725776112,,,,"89.2",1639,"7.3",717542,641680,663993,543760,673962,608369,608671,665750,666969,"53.24",,,,,,,,12,3,"Split-Finger",0,0,0,0,0,0,0,0,"Standard","Standard",236,"-0.005","0.022",,,,,"-0.022",,0,0,0.477,0.523,33,27,33,27,1,0,6,2,5,1,"2.77","1.25","1.25","33.3",,,,,
"FF","2023-07-01","95.8","-2.29","5.4","Eovaldi, Nathan",667452,543135,,"swinging_strike",,,,,11,,"R","R","R","TEX","HOU","S",,,0,1,2023,"-1.01","1.16",-0.9572980108147293,3.1092376424439445,,673237,643289,1,2,"Top",,,,,,,5.914822610563161,-139.41446872137766,-3.082845809764678,-14.580120488041874,33.18919852880747,-16.57248910524439,3.31,1.59,,,,"97.3",2225,"7.3",717542,641680,663993,543760,673962,608369,608671,665750,666969,"53.24",,,,,,,,12,2,"4-Seam Fastball",0,0,0,0,0,0,0,0,"Standard","Standard",225,"0.012","-0.05",,,,,"0.05",,0,0,0.465,0.5349999999999999,33,27,33,27,1,0,6,2,5,1,"1.33","1.01","1.01","29.2",,,,,
"FC","2023-07-01","90.3","-2.25","5.57","Eovaldi, Nathan",667452,543135,,"called_strike",,,,,9,,"R","R","R","TEX","HOU","S",,,0,0,2023,"0.22","0.74",0.574973155764647,2.064185643933853,,673237,643289,1,2,"Top",,,,,,,6.659729014965881,-131.35311475759843,-4.412224486642846,1.1985840287025025,27.386216101510147,-22.863819174149477,3.26437095302924,1.56188376758984,,,,"91.8",2374,"7.2",717542,641680,663993,543760,673962,608369,608671,665750,666969,"53.31",,,,,,,,12,1,"Cutter",0,0,0,0,0,0,0,0,"Standard","Standard",191,"0.007","-0.04",,,,,"0.04",,0,0,0.458,0.542,33,27,33,27,1,0,6,2,5,1,"2.05","-0.22","-0.22","34.7",,,,,
"FS","2023-07-01","86.3","-2.21","5.59","Eovaldi, Nathan",643289,543135,"walk","ball",,,,,11,"Mauricio Dubon walks. Yainer Diaz to 2nd.","R","R","R","TEX","HOU","B",,,3,2,2023,"-0.9","-0.01",-1.4471954561510607,3.642820951765436,,,673237,1,2,"Top",,,,,,,3.7008798527258144,-125.70996926326619,1.5904902618653114,-10.267588131833016,23.232772928501046,-32.76961271807768,3.21860591926374,1.51669870933922,,,,"87.8",1557,"6.9",717542,641680,663993,543760,673962,608369,608671,665750,666969,"53.55",,0.695903,"0.7",1,0,0,,11,6,"Split-Finger",0,0,0,0,0,0,0,0,"Standard","Standard",230,"-0.033","0.266",,,,,"-0.266",,0,0,0.491,0.509,33,28,33,29,1,0,6,1,5,1,"3.04","0.9","0.9","33.3",,,,,
"SL","2023-07-01","84.3","-2.2","5.52","Eovaldi, Nathan",643289,543135,,"ball",,,,,14,,"R","R","R","TEX","HOU","B",,,2,2,2023,"0.52","0.01",0.826159316862068,1.2013450968737387,,,673237,1,2,"Top",,,,,,,6.114292558263076,-122.66593711878741,-3.7352084461236035,4.043289295012368,23.64550930887904,-31.587668437472033,3.26439081525861,1.60681579943777,,,,"85.7",2132,"7.2",717542,641680,663993,543760,673962,608369,608671,665750,666969,"53.34",,,,,,,,11,5,"Slider",0,0,0,0,0,0,0,0,"Standard","Standard",127,"-0.011","0.084",,,,,"-0.084",,0,0,0.502,0.498,33,28,33,29,1,0,6,1,5,1,"3.19","-0.52","-0.52","33.1",,,,,
"FF","2023-07-01","95.1","-2.2","5.41","Eovaldi, Nathan",643289,543135,,"foul",,,,,11,,"R","R","R","TEX","HOU","S",,,2,1,2023,"-1.22","1.24",-1.0073793643320939,2.453485576625294,,,673237,1,2,"Top",,,,,,,5.984722454087747,-138.19275631479584,-4.880335503503482,-17.03357926676793,34.846032354116126,-15.407770018513258,3.28,1.57,126,"71",68,"96",2348,"7.2",717542,641680,663993,543760,673962,608369,608671,665750,666969,"53.33",,,,,,,,11,4,"4-Seam Fastball",0,0,0,0,0,0,0,0,"Standard","Standard",221,"0.009","-0.054",,,,,"0.054","88.0",0,0,0.493,0.507,33,28,33,29,1,0,6,1,5,1,"1.31","1.22","1.22","29.8",,,,,
"FS","2023-07-01","88.2","-2.21","5.63","Eovaldi, Nathan",643289,543135,,"swinging_strike",,,,,8,,"R","R","R","TEX","HOU","S",,,2,0,2023,"-1.28","0.44",0.15711283011319632,1.4981513828311197,,,673237,1,2,"Top",,,,,,,8.524230167450263,-128.08619651592892,-4.9197354136098275,-15.847616551147652,25.626174354607702,-26.50129918548248,3.28,1.57,,,,"89.4",1539,"7.1",717542,641680,663993,543760,673962,608369,608671,665750,666969,"53.45",,,,,,,,11,3,"Split-Finger",0,0,0,0,0,0,0,0,"Standard","Standard",233,"0.008","-0.061",,,,,"0.061",,0,0,0.485,0.515,33,28,33,29,1,0,6,1,5,1,"2.49","1.28","1.28","32.2",,,,,
"FC","2023-07-01","86.3","-2.18","5.56","Eovaldi, Nathan",643289,543135,,"blocked_ball",,,,,14,,"R","R","R","TEX","HOU","B",,,1,0,2023,"0.24","0.47",0.7953452165313083,0.842850817936919,,,673237,1,2,"Top",,,,,,,6.666099801020572,-125.52955836445838,-6.0563668421488215,1.3329501286703165,23.675739170048505,-26.220889392219792,3.26379708667104,1.56168947899491,,,,"87.7",2107,"7",717542,641680,663993,543760,673962,608369,608671,665750,666969,"53.49",,,,,,,,11,2,"Cutter",0,0,0,0,0,0,0,0,"Standard","Standard",145,"-0.008","0.054",,,,,"-0.054",,0,0,0.493,0.507,33,28,33,29,1,0,6,1,5,1,"2.58","-0.24","-0.24","32.6",,,,,
"FF","2023-07-01","95.6","-2.37","5.36","Eovaldi, Nathan",643289,543135,,"ball",,,,,13,,"R","R","R","TEX","HOU","B",,,0,0,2023,"-1.2","1.04",-0.11117213752299215,1.3129928820255308,,,673237,1,2,"Top",,,,,,,8.795140031815933,-138.76128144461472,-7.480340391046653,-17.46289533473187,30.88877937928503,-17.1547253440159,3.3105045101923,1.65280428472035,,,,"97",2202,"7.2",717542,641680,663993,543760,673962,608369,608671,665750,666969,"53.31",,,,,,,,11,1,"4-Seam Fastball",0,0,0,0,0,0,0,0,"Standard","Standard",227,"-0.004","0.036",,,,,"-0.036",,0,0,0.497,0.503,33,28,33,29,1,0,6,1,5,1,"1.46","1.2","1.2","28.0",,,,,
"CU","2023-07-01","76.6","-1.88","5.68","Eovaldi, Nathan",547989,543135,"truncated_pa","ball",,,,,14,,"R","R","R","TEX","HOU","B",2,,0,2,2023,"0.42","-0.85",2.033085163643448,0.8953217259968325,,,663656,2,1,"Top",,,,,,,7.624289624227118,-111.32594171431904,-1.5052914353168931,2.013573547488598,21.197807688737328,-39.14099555407278,3.27618628135149,1.50160752486826,,,,"77.5",1835,"7.1",717542,641680,663993,543760,673962,608369,608671,665750,666969,"53.38",,,"0",0,0,0,,4,3,"Curveball",0,0,0,0,0,0,0,0,"Standard","Standard",43,"0.013","-0.187",,,,,"0.187",,0,0,0.535,0.46499999999999997,33,36,33,36,1,0,6,1,5,1,"4.76","-0.42","-0.42","38.0",,,,,
"SL","2023-07-01","84","-2.21","5.59","Eovaldi, Nathan",547989,543135,,"swinging_strike",,,,,14,,"R","R","R","TEX","HOU","S",,,0,1,2023,"0.62","0.07",0.9577086174027636,1.832789276995265,,,663656,2,1,"Top",,,,,,,6.198467612834002,-122.1822534406387,-2.438205982189915,4.896979716530937,25.052420431793433,-31.191111755555657,3.41,1.57,,,,"84.9",2086,"7",717542,641680,663993,543760,673962,608369,608671,665750,666969,"53.48",,,,,,,,4,2,"Slider",0,0,0,0,0,0,0,0,"Standard","Standard",120,"0.006","-0.055",,,,,"0.055",,0,0,0.529,0.471,33,36,33,36,1,0,6,1,5,1,"3.17","-0.62","-0.62","33.4",,,,,
"FC","2023-07-01","91.8","-2.22","5.51","Eovaldi, Nathan",547989,543135,,"called_strike",,,,,6,,"R","R","R","TEX","HOU","S",,,0,0,2023,"-0.18","0.75",0.759182927683907,2.563673111456289,,,663656,2,1,"Top",,,,,,,8.058512551315907,-133.49452748786786,-3.2855302772003134,-3.8121656727732187,27.564010688446363,-22.731200321832507,3.22732648023037,1.50365105172217,,,,"93.5",2250,"7.3",717542,641680,663993,543760,673962,608369,608671,665750,666969,"53.24",,,,,,,,4,1,"Cutter",0,0,0,0,0,0,0,0,"Standard","Standard",205,"0.003","-0.045",,,,,"0.045",,0,0,0.526,0.474,33,36,33,36,1,0,6,1,5,1,"1.95","0.18","0.18","31.3",,,,,
"FS","2023-06-25","87.8","-2.36","5.75","Eovaldi, Nathan",519203,543135,"field_out","hit_into_play",,,,,13,"Anthony Rizzo grounds out, first baseman Nathaniel Lowe to pitcher Nathan Eovaldi. Harrison Bader to 3rd.","R","L","R","NYY","TEX","X",3,"ground_ball",3,1,2023,"-0.91","0.02",-0.13549400642392084,1.5195104985042995,,664056,,1,6,"Bot",157.29,175.04,,,,,7.351544589853754,-127.79586079652447,-4.275965689561604,-11.409733024151222,23.718123045829167,-31.301460961607876,3.77,1.8,6,"100.7",-15,"89.2",1708,"6.9",717622,641680,663993,543760,673962,608369,677649,665750,543257,"53.57",0.185,0.166,"0",1,0,0,2,50,5,"Split-Finger",2,3,2,3,3,2,2,3,"Infield shade","Standard",231,"-0.069","-0.376",,,,0.24,"0.376","100.7",-1,-1,0.446,0.446,33,33,33,34,3,2,5,1,6,2,"2.91","0.91","-0.91","36.0",,,,,
"FC","2023-06-25","90.4","-2.29","5.59","Eovaldi, Nathan",519203,543135,,"ball",,,,,14,,"R","L","R","NYY","TEX","B",,,2,1,2023,"0.23","0.8",1.4875128909930424,2.2403529900460586,,664056,,1,6,"Bot",,,,,,,9.019822696398087,-131.4677201376296,-4.174550613280994,0.8704636680738973,26.05562876158818,-22.22614052771254,3.77008468763657,1.75182510588287,,,,"91.6",2381,"6.9",717622,641680,663993,543760,673962,608369,677649,665750,543257,"53.6",,,,,,,,50,4,"Cutter",2,3,2,3,3,2,2,3,"Infield shade","Standard",192,"0.011","0.062",,,,,"-0.062",,-1,-1,0.435,0.435,33,33,33,34,3,2,5,1,6,2,"1.98","-0.23","0.23","33.0",,,,,
"FS","2023-06-25","87","-2.32","5.74","Eovaldi, Nathan",519203,543135,,"called_strike",,,,,7,,"R","L","R","NYY","TEX","S",,,2,0,2023,"-0.87","-0.04",-0.35679366599269025,1.8042708948498891,,664056,,1,6,"Bot",,,,,,,6.591050108921553,-126.60562658174113,-3.268600106644902,-10.63729185450313,24.130759820062313,-32.13579619570241,3.8676440208456,1.69920603007752,,,,"88.6",1782,"7.1",717622,641680,663993,543760,673962,608369,677649,665750,543257,"53.39",,,,,,,,50,3,"Split-Finger",2,3,2,3,3,2,2,3,"Infield shade","Standard",232,"-0.007","-0.032",,,,,"0.032",,-1,-1,0.442,0.442,33,33,33,34,3,2,5,1,6,2,"3.03","0.87","-0.87","33.7",,,,,
"CU","2023-06-25","75.4","-2.19","5.82","Eovaldi, Nathan",519203,543135,,"ball",,,,,14,,"R","L","R","NYY","TEX","B",,,1,0,2023,"0.38","-0.89",0.6816740167831066,0.9783033415472397,,664056,,1,6,"Bot",,,,,,,5.3296979466641625,-109.79890431034991,-1.360940488222075,2.0949421207359973,19.61183306278205,-39.368346151942035,3.99964807017015,1.80005129023736,,,,"76",1936,"6.7",717622,641680,663993,543760,673962,608369,677649,665750,543257,"53.83",,,,,,,,50,2,"Curveball",2,3,2,3,3,2,2,3,"Infield shade","Standard",35,"0.007","0.036",,,,,"-0.036",,-1,-1,0.435,0.435,33,33,33,34,3,2,5,1,6,2,"4.9","-0.38","0.38","39.0",,,,,
"FS","2023-06-25","87.5","-2.35","5.85","Eovaldi, Nathan",519203,543135,,"ball",,,,,14,,"R","L","R","NYY","TEX","B",,,0,0,2023,"-1.17","0.13",0.1887551378478849,0.9845781173327945,,664056,,1,6,"Bot",,,,,,,8.612418889977352,-127.21251661125714,-5.957878934183026,-14.4083685363893,23.854065986661602,-29.76163551431447,3.84114379218103,1.85718657651312,,,,"88.5",1623,"6.8",717622,641680,663993,543760,673962,608369,677649,665750,543257,"53.73",,,,,,,,50,1,"Split-Finger",2,3,2,3,3,2,2,3,"Infield shade","Standard",234,"0.003","0.034",,,,,"-0.034",,-1,-1,0.432,0.432,33,33,33,34,3,2,5,1,6,2,"2.83","1.17","-1.17","41.6",,,,,
"FF","2023-06-25","93.7","-2.44","5.42","Eovaldi, Nathan",518934,543135,"grounded_into_double_play","hit_into_play",,,,,13,"DJ LeMahieu grounds into a double play, second baseman Marcus Semien to shortstop Corey Seager to first baseman Nathaniel Lowe. Jake Bauers out at 2nd. DJ LeMahieu out at 1st.","R","R","R","NYY","TEX","X",4,"ground_ball",0,0,2023,"-0.96","1.06",-0.8945493658093657,2.322649021508594,,,641343,1,4,"Bot",146.12,158.77,,,,,6.2037204396713195,-136.26038296783113,-4.678898328681897,-13.266459580881591,29.085757131901147,-18.179081038432663,3.42,1.67,27,"94.9",-3,"95.1",2082,"7.1",717622,641680,663993,543760,673962,608369,677649,665750,543257,"53.44",0.315,0.284,"0",1,0,0,2,34,1,"4-Seam Fastball",2,3,2,3,3,2,2,3,"Standard","Standard",225,"-0.07","-0.333",,,,0.315,"0.333","94.9",-1,-1,0.432,0.432,33,34,33,35,2,1,5,2,6,2,"1.54","0.96","0.96","34.2",,,,,
"FF","2023-06-25","94","-2.45","5.4","Eovaldi, Nathan",624431,543135,"field_out","hit_into_play",,,,,3,"Jose Trevino grounds out, second baseman Marcus Semien to first baseman Nathaniel Lowe.","R","R","R","NYY","TEX","X",4,"ground_ball",1,0,2023,"-0.89","1.27",0.6029411493797414,2.468747122425821,518934,,,2,2,"Bot",136.99,158.77,,,,,10.011898255111463,-136.48507534755691,-4.741718115874639,-13.27569729491842,30.143234223538773,-15.379825611031059,2.95,1.37,65,"100.9",2,"95.1",2281,"7.1",717622,641680,663993,543760,673962,608369,677649,665750,543257,"53.43",0.511,0.47,"0",1,0,0,4,20,2,"4-Seam Fastball",2,3,2,3,3,2,2,3,"Standard","Standard",227,"-0.043","-0.321",,,,0.575,"0.321","100.9",-1,-1,0.431,0.431,33,30,33,31,1,0,5,2,6,2,"1.32","0.89","0.89","30.2",,,,,
"FF","2023-06-25","95","-2.38","5.51","Eovaldi, Nathan",624431,543135,,"ball",,,,,14,,"R","R","R","NYY","TEX","B",,,0,0,2023,"-0.83","1.08",1.6565837712188485,1.7912011308541431,518934,,,2,2,"Bot",,,,,,,12.559971999137774,-137.60603449341622,-6.523235932147605,-13.403735595670573,30.704276478380596,-17.06114461435424,3.06157792069319,1.47443003572712,,,,"95.9",2233,"7.1",717622,641680,663993,543760,673962,608369,677649,665750,543257,"53.45",,,,,,,,20,1,"4-Seam Fastball",2,3,2,3,3,2,2,3,"Standard","Standard",223,"0.001","0.028",,,,,"-0.028",,-1,-1,0.43,0.43,33,30,33,31,1,0,5,2,6,2,"1.47","0.83","0.83","29.4",,,,,
"FF","2023-06-25","93.5","-2.42","5.4","Eovaldi, Nathan",683011,543135,"strikeout","swinging_strike",,,,,5,"Anthony Volpe strikes out swinging.","R","R","R","NYY","TEX","S",2,,2,2,2023,"-0.88","1.04",-0.1593117376778227,2.576492070432103,518934,,,1,2,"Bot",,,,,,,7.8806005883413945,-136.00033587415223,-3.8781539796556106,-12.684321638882613,30.118606245033888,-18.570905410350928,3.18,1.59,,,,"94.7",2082,"7.1",717622,641680,663993,543760,673962,608369,677649,665750,543257,"53.45",,0,"0",1,0,0,,19,5,"4-Seam Fastball",2,3,2,3,3,2,2,3,"Strategic","Standard",229,"-0.055","-0.321",,,,,"0.321",,-1,-1,0.485,0.485,33,22,33,22,1,0,5,1,6,2,"1.57","0.88","0.88","28.9",,,,,
"FS","2023-06-25","88.1","-2.26","5.66","Eovaldi, Nathan",683011,543135,,"swinging_strike",,,,,13,,"R","R","R","NYY","TEX","S",,,2,1,2023,"-0.95","0.33",-0.23633770463129722,1.0549157623438168,518934,,,1,2,"Bot",,,,,,,6.9839510044268245,-128.14571485605313,-5.8885592317493956,-11.863037551594399,24.381328476565788,-27.509217870635066,3.18,1.59,,,,"89.4",1653,"7",717622,641680,663993,543760,673962,608369,677649,665750,543257,"53.54",,,,,,,,19,4,"Split-Finger",2,3,2,3,3,2,2,3,"Strategic","Standard",238,"-0.012","-0.103",,,,,"0.103",,-1,-1,0.497,0.497,33,22,33,22,1,0,5,1,6,2,"2.59","0.95","0.95","32.7",,,,,
"FF","2023-06-25","93.7","-2.44","5.45","Eovaldi, Nathan",683011,543135,,"ball",,,,,13,,"R","R","R","NYY","TEX","B",,,1,1,2023,"-0.95","1.22",-1.1136749214231858,1.3272476550543517,518934,,,1,2,"Bot",,,,,,,5.5942445585128056,-136.3118635473727,-7.734580984589129,-13.002027272637317,28.082474113510553,-15.49062548305192,3.18002701828005,1.55341532471834,,,,"95.2",2133,"7",717622,641680,663993,543760,673962,608369,677649,665750,543257,"53.49",,,,,,,,19,3,"4-Seam Fastball",2,3,2,3,3,2,2,3,"Strategic","Standard",226,"0.005","0.023",,,,,"-0.023",,-1,-1,0.492,0.492,33,22,33,22,1,0,5,1,6,2,"1.37","0.95","0.95","29.6",,,,,
"FF","2023-06-25","94.1","-2.35","5.41","Eovaldi, Nathan",683011,543135,,"called_strike",,,,,13,,"R","R","R","NYY","TEX","S",,,1,0,2023,"-0.95","1.23",-0.8943141441595054,1.717653695981778,518934,,,1,2,"Bot",,,,,,,5.977111433413885,-136.8880775015029,-6.7386656957528395,-13.192329702756343,27.716270401233718,-15.376780909282676,3.18002701828005,1.63240982129972,,,,"95.7",2163,"7.1",717622,641680,663993,543760,673962,608369,677649,665750,543257,"53.43",,,,,,,,19,2,"4-Seam Fastball",2,3,2,3,3,2,2,3,"Strategic","Standard",231,"-0.005","-0.069",,,,,"0.069",,-1,-1,0.497,0.497,33,22,33,22,1,0,5,1,6,2,"1.33","0.95","0.95","31.0",,,,,
"FF","2023-06-25","94.4","-2.32","5.47","Eovaldi, Nathan",683011,543135,,"ball",,,,,14,,"R","R","R","NYY","TEX","B",,,0,0,2023,"-0.99","1.14",0.7640370822315311,1.1523832480101013,518934,,,1,2,"Bot",,,,,,,10.346519530648289,-137.02082742047185,-8.225353214369102,-14.59575703648102,27.547138108724784,-16.092749026984393,3.18002701828005,1.52708587370353,,,,"95.9",2226,"7.1",717622,641680,663993,543760,673962,608369,677649,665750,543257,"53.42",,,,,,,,19,1,"4-Seam Fastball",2,3,2,3,3,2,2,3,"Strategic","Standard",223,"0.002","0.026",,,,,"-0.026",,-1,-1,0.495,0.495,33,22,33,22,1,0,5,1,6,2,"1.41","0.99","0.99","30.6",,,,,
"FS","2023-06-25","85.7","-2.37","5.81","Eovaldi, Nathan",641856,543135,"field_out","hit_into_play",,,,,4,"Billy McKinney grounds out, first baseman Nathaniel Lowe to pitcher Nathan Eovaldi. DJ LeMahieu to 3rd.","R","L","R","NYY","TEX","X",3,"ground_ball",0,1,2023,"-0.74","0.03",-0.3675616028039759,2.418918340299282,,518934,,0,2,"Bot",151.2,170.47,,,,,6.281870948731912,-124.7720069812014,-1.8484127765097134,-8.920935464381119,23.64327203345786,-31.750610786096484,3.13,1.5,5,"95",-24,"86.7",1651,"6.8",717622,641680,663993,543760,673962,608369,677649,665750,543257,"53.71",0.122,0.111,"0",1,0,0,2,18,2,"Split-Finger",2,3,2,3,3,2,2,3,"Infield shade","Standard",236,"-0.008","-0.169",,,,0.163,"0.169","95.0",-1,-1,0.503,0.503,33,28,33,29,1,0,5,1,6,2,"3.06","0.74","-0.74","43.2",,,,,
"CU","2023-06-25","73.4","-2.21","5.96","Eovaldi, Nathan",641856,543135,,"called_strike",,,,,6,,"R","L","R","NYY","TEX","S",,,0,0,2023,"0.56","-0.73",0.3834286737350333,2.0133617762745306,,518934,,0,2,"Bot",,,,,,,4.29731756026193,-106.87552907996688,0.6518187395076109,3.538803407659613,19.200421981172873,-38.13467853622407,3.06157792069319,1.36913058514052,,,,"73.9",1855,"6.7",717622,641680,663993,543760,673962,608369,677649,665750,543257,"53.77",,,,,,,,18,1,"Curveball",2,3,2,3,3,2,2,3,"Infield shade","Standard",44,"-0.007","-0.046",,,,,"0.046",,-1,-1,0.51,0.51,33,28,33,29,1,0,5,1,6,2,"4.97","-0.56","0.56","39.2",,,,,
"FS","2023-06-25","86.7","-2.38","5.69","Eovaldi, Nathan",518934,543135,"double","hit_into_play",,,,,4,"DJ LeMahieu doubles (12) on a sharp line drive to right fielder Robbie Grossman. Giancarlo Stanton scores. Jake Bauers scores.","R","R","R","NYY","TEX","X",9,"line_drive",0,1,2023,"-0.83","0.09",-0.5855530188892444,2.3668211325349464,519317,641343,,0,2,"Bot",169.24,54.84,,,,,6.068418751383968,-126.1943629573305,-2.030028969433782,-10.047009199592253,22.9346764374549,-30.96927932339382,3.42,1.67,372,"102.2",20,"88.3",1598,"7",717622,641680,663993,543760,673962,608369,677649,665750,543257,"53.46",0.398,0.6239473684210527,"1.25",1,1,1,5,17,2,"Split-Finger",0,3,0,3,3,2,2,3,"Standard","Standard",239,"0.123","0.77",,,,1.121,"-0.77","102.2",-3,-3,0.387,0.387,33,34,33,35,1,0,5,2,6,2,"2.91","0.83","0.83","34.7",,,,,
"FF","2023-06-25","94.4","-2.38","5.54","Eovaldi, Nathan",518934,543135,,"foul",,,,,5,,"R","R","R","NYY","TEX","S",,,0,0,2023,"-0.84","1.14",-0.04365408662877979,2.618241501376211,519317,641343,,0,2,"Bot",,,,,,,8.072087071936682,-137.33239903539922,-4.549415605523176,-12.352976531203948,27.690248986232607,-16.917392491531974,3.42,1.67,290,"88.4",36,"96",2032,"7",717622,641680,663993,543760,673962,608369,677649,665750,543257,"53.45",,,,,,,,17,1,"4-Seam Fastball",0,3,0,3,3,0,0,3,"Standard","Standard",226,"-0.008","-0.049",,,,,"0.049","88.4",-3,-3,0.395,0.395,33,34,33,35,1,0,5,2,6,2,"1.4","0.84","0.84","35.0",,,,,
"FF","2023-06-25","95.5","-2.31","5.58","Eovaldi, Nathan",641343,543135,"double","hit_into_play",,,,,5,"Jake Bauers doubles (10) on a sharp fly ball to center fielder Leody Taveras. Giancarlo Stanton to 3rd.","R","L","R","NYY","TEX","X",8,"fly_ball",2,2,2023,"-0.93","1.28",0.09749218852950592,2.3303125130257674,,,519317,0,2,"Bot",96.67,39.03,,,,,8.52291062145701,-138.7370634498524,-5.909174829613507,-13.814749135362552,29.55912864549982,-14.43665026381774,3.47,1.67,401,"102.2",28,"96.8",2239,"7",717622,641680,663993,543760,673962,608369,677649,665750,543257,"53.47",0.593,1.1182968749999997,"1.25",1,1,1,6,16,8,"4-Seam Fastball",0,3,0,3,3,0,0,3,"Infield shade","Standard",222,"0.109","0.746",,,,2.211,"-0.746","102.2",-3,-3,0.286,0.286,33,27,33,28,1,0,5,1,6,2,"1.22","0.93","-0.93","36.9",,,,,
"FC","2023-06-25","89.6","-2.47","5.66","Eovaldi, Nathan",641343,543135,,"foul",,,,,4,,"R","L","R","NYY","TEX","S",,,2,2,2023,"0.3","0.69",-0.5959266992200212,2.291263982415921,,,519317,0,2,"Bot",,,,,,,4.037198318688802,-130.58190492408883,-3.892587371472652,2.6747858181722326,25.275137001930855,-23.64026760025982,3.47,1.67,204,"79.7",59,"90.9",2301,"6.8",717622,641680,663993,543760,673962,608369,677649,665750,543257,"53.68",,,,,,,,16,7,"Cutter",0,3,0,3,3,0,0,3,"Infield shade","Standard",191,"0","0",,,,,"0","88.0",-3,-3,0.286,0.286,33,27,33,28,1,0,5,1,6,2,"2.12","-0.3","0.3","32.1",,,,,
"FF","2023-06-25","94","-2.42","5.54","Eovaldi, Nathan",641343,543135,,"ball",,,,,13,,"R","L","R","NYY","TEX","B",,,1,2,2023,"-0.85","1.08",-1.6123801784728875,1.4340302516466992,,,519317,0,2,"Bot",,,,,,,4.033655421437822,-136.721674353465,-7.397029877888011,-11.597583137757214,29.299821477321235,-17.22475433165986,3.47002721358789,1.63240982129972,,,,"95.2",2056,"6.9",717622,641680,663993,543760,673962,608369,677649,665750,543257,"53.56",,,,,,,,16,6,"4-Seam Fastball",0,3,0,3,3,0,0,3,"Infield shade","Standard",228,"0.006","0.045",,,,,"-0.045",,-3,-3,0.28,0.28,33,27,33,28,1,0,5,1,6,2,"1.5","0.85","-0.85","30.3",,,,,
"FS","2023-06-25","85.5","-2.31","5.85","Eovaldi, Nathan",641343,543135,,"foul",,,,,8,,"R","L","R","NYY","TEX","S",,,1,2,2023,"-0.67","0.17",0.05840270826430605,2.20666214963114,,,519317,0,2,"Bot",,,,,,,6.994406301125416,-124.50949727304189,-2.7424972920763624,-8.280831665638626,22.290804425315287,-30.089438573237373,3.47,1.67,146,"61.3",56,"86.6",1517,"6.7",717622,641680,663993,543760,673962,608369,677649,665750,543257,"53.8",,,,,,,,16,5,"Split-Finger",0,3,0,3,3,0,0,3,"Infield shade","Standard",235,"0","0",,,,,"0","88.0",-3,-3,0.28,0.28,33,27,33,28,1,0,5,1,6,2,"2.92","0.67","-0.67","36.8",,,,,
"FF","2023-06-25","94.1","-2.28","5.69","Eovaldi, Nathan",641343,543135,,"foul",,,,,3,,"R","L","R","NYY","TEX","S",,,1,2,2023,"-0.92","1.01",0.32086907663557773,3.1589257680886185,,,519317,0,2,"Bot",,,,,,,8.886354690916887,-136.72975239768817,-3.129650123231546,-13.429219513039774,29.488615345239065,-18.991159077276834,3.47,1.67,188,"67.9",51,"95.1",2042,"6.9",717622,641680,663993,543760,673962,608369,677649,665750,543257,"53.58",,,,,,,,16,4,"4-Seam Fastball",0,3,0,3,3,0,0,3,"Infield shade","Standard",225,"0","0",,,,,"0","88.0",-3,-3,0.28,0.28,33,27,33,28,1,0,5,1,6,2,"1.57","0.92","-0.92","35.6",,,,,
"FF","2023-06-25","94.2","-2.43","5.64","Eovaldi, Nathan",641343,543135,,"ball",,,,,11,,"R","L","R","NYY","TEX","B",,,0,2,2023,"-1.08","1.01",-1.0359988259045516,3.741379551833826,,,519317,0,2,"Bot",,,,,,,6.078784925552823,-137.14387368894938,-1.5107718411719988,-14.980814821451455,29.05838815362783,-19.236628370439863,3.47002721358789,1.65874337272284,,,,"95.3",2147,"6.8",717622,641680,663993,543760,673962,608369,677649,665750,543257,"53.72",,,,,,,,16,3,"4-Seam Fastball",0,3,0,3,3,0,0,3,"Infield shade","Standard",229,"0.003","0.008",,,,,"-0.008",,-3,-3,0.277,0.277,33,27,33,28,1,0,5,1,6,2,"1.54","1.08","-1.08","33.3",,,,,
"FS","2023-06-25","86.3","-2.37","5.82","Eovaldi, Nathan",641343,543135,,"called_strike",,,,,7,,"R","L","R","NYY","TEX","S",,,0,1,2023,"-0.74","-0.02",-0.3595847299322995,1.8403668929249442,,,519317,0,2,"Bot",,,,,,,6.3516367382112575,-125.57197582771666,-3.2817679379219182,-9.047212714624182,23.163922392526295,-31.93499340076612,3.47002721358789,1.73775020659549,,,,"87.4",1555,"6.8",717622,641680,663993,543760,673962,608369,677649,665750,543257,"53.74",,,,,,,,16,2,"Split-Finger",0,3,0,3,3,0,0,3,"Infield shade","Standard",238,"-0.009","-0.043",,,,,"0.043",,-3,-3,0.286,0.286,33,27,33,28,1,0,5,1,6,2,"3.06","0.74","-0.74","40.6",,,,,
"CU","2023-06-25","73.5","-2.18","5.88","Eovaldi, Nathan",641343,543135,,"foul",,,,,8,,"R","L","R","NYY","TEX","S",,,0,0,2023,"0.72","-0.98",-0.0364768990953358,2.1788050252548743,,,519317,0,2,"Bot",,,,,,,3.121501241769095,-106.95717535417783,1.5534471930751963,4.99946157924634,18.756616444342654,-40.16199392694177,3.47,1.67,9,"66.2",-14,"74.4",1948,"7",717622,641680,663993,543760,673962,608369,677649,665750,543257,"53.54",,,,,,,,16,1,"Curveball",0,3,0,3,3,0,0,3,"Infield shade","Standard",43,"-0.005","-0.036",,,,,"0.036","88.0",-3,-3,0.291,0.291,33,27,33,28,1,0,5,1,6,2,"5.2","-0.72","0.72","41.5",,,,,
"FC","2023-06-25","90.1","-2.37","5.6","Eovaldi, Nathan",664056,543135,"double_play","hit_into_play",,,,,6,"Harrison Bader flies into a double play, second baseman Marcus Semien to shortstop Corey Seager. Gleyber Torres out at 2nd.","R","R","R","NYY","TEX","X",4,"fly_ball",1,1,2023,"0.16","0.82",0.8004176487019756,2.3399766800969064,,650402,,0,1,"Bot",166.55,131.23,,,,,7.608863563601812,-131.12782762388355,-3.9673691758043423,0.3457126832617904,25.71977012575693,-22.020955532689058,3.04,1.43,199,"66.2",40,"91.2",2273,"6.8",717622,641680,663993,543760,673962,608369,677649,665750,543257,"53.7",0.553,0.543,"0",1,0,0,4,7,3,"Cutter",0,1,0,1,1,0,0,1,"Standard","Standard",199,"-0.101","-0.242",,,,0.659,"0.242","88.0",-1,-1,0.508,0.508,33,29,33,29,1,0,5,1,6,2,"1.97","-0.16","-0.16","30.6",,,,,
"FS","2023-06-25","83.9","-2.42","5.85","Eovaldi, Nathan",664056,543135,,"ball",,,,,11,,"R","R","R","NYY","TEX","B",,,0,1,2023,"-0.7","0.13",-1.5436459078764937,3.6844428018452295,,650402,,0,1,"Bot",,,,,,,3.448370464195147,-122.2590742924883,1.0922764465443888,-7.6413435445967055,21.51662372570454,-31.295496214032138,3.16704347409503,1.4217582386848,,,,"85.1",1624,"6.8",717622,641680,663993,543760,673962,608369,677649,665750,543257,"53.74",,,,,,,,7,2,"Split-Finger",0,1,0,1,1,0,0,1,"Standard","Standard",237,"0.004","0.02",,,,,"-0.02",,-1,-1,0.504,0.504,33,29,33,29,1,0,5,1,6,2,"3.08","0.7","0.7","43.2",,,,,
"FF","2023-06-25","94.2","-2.45","5.57","Eovaldi, Nathan",664056,543135,,"foul",,,,,11,,"R","R","R","NYY","TEX","S",,,0,0,2023,"-0.97","0.92",-0.9262513443435003,2.485708102336817,,650402,,0,1,"Bot",,,,,,,6.192563096960405,-137.0120412007141,-4.419645435825925,-13.550522942013387,29.61345263949361,-19.77639628940601,3.04,1.43,213,"92.8",57,"95.4",2056,"7",717622,641680,663993,543760,673962,608369,677649,665750,543257,"53.52",,,,,,,,7,1,"4-Seam Fastball",0,1,0,1,1,0,0,1,"Standard","Standard",228,"-0.006","-0.046",,,,,"0.046","92.8",-1,-1,0.51,0.51,33,29,33,29,1,0,5,1,6,2,"1.64","0.97","0.97","30.9",,,,,
"FF","2023-06-20","93.7","-2.29","5.58","Eovaldi, Nathan",640449,543135,"field_out","hit_into_play",,,,,1,"Clint Frazier flies out to center fielder Leody Taveras.","R","R","R","CWS","TEX","X",8,"fly_ball",0,1,2023,"-1.07","1.25",-0.577658750326997,2.7149412759024223,,,669394,2,6,"Bot",122.3,48.06,,,,,6.855221024285081,-136.30302477585983,-4.490224572635446,-14.83885949589706,28.838020930978853,-15.731148958267836,3.25,1.5,373,"95.5",27,"94.8",2245,"6.9",717675,641680,663993,543760,673962,608369,608671,665750,666969,"53.63",0.264,0.4763333333333333,"0",1,0,0,5,50,2,"4-Seam Fastball",4,2,4,2,2,4,4,2,"Standard","Standard",219,"-0.012","-0.241",,,,0.902,"0.241","95.5",2,2,0.827,0.827,33,28,33,29,3,2,5,1,5,1,"1.34","1.07","1.07","34.3",,,,,
"FF","2023-06-20","93.6","-2.35","5.43","Eovaldi, Nathan",640449,543135,,"called_strike",,,,,7,,"R","R","R","CWS","TEX","S",,,0,0,2023,"-1.06","1.29",-0.5209892366052231,1.757329655618486,,,669394,2,6,"Bot",,,,,,,7.098102816776357,-136.02354181909558,-6.627616317783484,-14.644910069698398,28.838135934179334,-14.855451736765056,3.20980348518674,1.45363411803208,,,,"94.3",2215,"6.7",717675,641680,663993,543760,673962,608369,608671,665750,666969,"53.79",,,,,,,,50,1,"4-Seam Fastball",4,2,4,2,2,4,4,2,"Infield shade","Standard",230,"-0.002","-0.045",,,,,"0.045",,2,2,0.829,0.829,33,28,33,29,3,2,5,1,5,1,"1.31","1.06","1.06","28.3",,,,,
"FF","2023-06-20","93.1","-2.33","5.54","Eovaldi, Nathan",518735,543135,"field_out","hit_into_play",,,,,11,"Yasmani Grandal flies out to left fielder Travis Jankowski in foul territory.","R","L","R","CWS","TEX","X",7,"fly_ball",1,2,2023,"-0.82","1.27",-0.3608523016731975,3.520833094460278,,,669394,1,6,"Bot",44.15,125.99,,,,,6.935464208732033,-135.5691402791699,-2.291643157508044,-11.585502736088722,26.8619183981868,-16.090897253181033,3.21,1.52,270,"89.6",48,"94.4",2230,"6.8",717675,641680,663993,543760,673962,608369,608671,665750,666969,"53.68",0.005,0.006,"0",1,0,0,3,49,4,"4-Seam Fastball",4,2,4,2,2,4,4,2,"Infield shade","Standard",224,"-0.012","-0.185",,,,0.01,"0.185","89.6",2,2,0.841,0.841,33,34,33,35,3,2,5,1,5,3,"1.33","0.82","-0.82","30.8",,,,,
"FC","2023-06-20","89.9","-2.3","5.57","Eovaldi, Nathan",518735,543135,,"foul",,,,,1,,"R","L","R","CWS","TEX","S",,,1,1,2023,"-0.15","0.68",-0.5404749576745292,3.0304647144414836,,,669394,1,6,"Bot",,,,,,,4.715847796314477,-130.90551866919552,-1.8283945148697756,-2.624349076391246,25.248231805022698,-24.189731504728588,3.21,1.52,223,"75.8",55,"91.1",2374,"6.8",717675,641680,663993,543760,673962,608369,608671,665750,666969,"53.74",,,,,,,,49,3,"Cutter",4,2,4,2,2,4,4,2,"Infield shade","Standard",200,"-0.004","-0.055",,,,,"0.055","88.0",2,2,0.845,0.845,33,34,33,35,3,2,5,1,5,3,"2.12","0.15","-0.15","33.2",,,,,
"FC","2023-06-20","88.8","-2.41","5.51","Eovaldi, Nathan",518735,543135,,"ball",,,,,13,,"R","L","R","CWS","TEX","B",,,0,1,2023,"-0.16","0.6",-0.5074549870829421,1.2167725683276844,,,669394,1,6,"Bot",,,,,,,5.0209033294640335,-129.16772083825592,-5.795975769962092,-2.7355530733381754,25.402167288105414,-24.444467420592478,3.03873641118782,1.36698774520603,,,,"89.8",2297,"6.8",717675,641680,663993,543760,673962,608369,608671,665750,666969,"53.7",,,,,,,,49,2,"Cutter",4,2,4,2,2,4,4,2,"Infield shade","Standard",204,"0.002","0.025",,,,,"-0.025",,2,2,0.843,0.843,33,34,33,35,3,2,5,1,5,3,"2.28","0.16","-0.16","31.4",,,,,
"FS","2023-06-20","88","-2.22","5.71","Eovaldi, Nathan",518735,543135,,"called_strike",,,,,7,,"R","L","R","CWS","TEX","S",,,0,0,2023,"-1.22","0.36",-0.5675497254899395,1.5920045597001269,,,669394,1,6,"Bot",,,,,,,6.6264432460861915,-128.05477789094476,-4.7676839722405955,-14.770132508754061,23.315376454231068,-27.417737928978788,3.16977823607183,1.45363411803208,,,,"89.5",1442,"6.9",717675,641680,663993,543760,673962,608369,608671,665750,666969,"53.55",,,,,,,,49,1,"Split-Finger",4,2,4,2,2,4,4,2,"Infield shade","Standard",233,"-0.003","-0.042",,,,,"0.042",,2,2,0.846,0.846,33,34,33,35,3,2,5,1,5,3,"2.55","1.22","-1.22","38.7",,,,,
"FF","2023-06-20","94.2","-2.28","5.55","Eovaldi, Nathan",657757,543135,"strikeout","swinging_strike",,,,,2,"Gavin Sheets strikes out swinging.","R","L","R","CWS","TEX","S",2,,2,2,2023,"-0.96","1.27",-0.142857808384801,2.9477889110481783,,,669394,0,6,"Bot",,,,,,,7.727059518929219,-136.94054508356732,-3.8960001377123974,-13.78542461807897,29.656871779295916,-15.534712890722147,3.42,1.66,,,,"94.9",2154,"6.7",717675,641680,663993,543760,673962,608369,608671,665750,666969,"53.79",,0,"0",1,0,0,,48,6,"4-Seam Fastball",4,2,4,2,2,4,4,2,"Infield shade","Standard",227,"-0.016","-0.21",,,,,"0.21",,2,2,0.862,0.862,33,27,33,27,3,2,5,2,5,1,"1.3","0.96","-0.96","32.0",,,,,
"FC","2023-06-20","89.8","-2.26","5.7","Eovaldi, Nathan",657757,543135,,"foul",,,,,14,,"R","L","R","CWS","TEX","S",,,2,2,2023,"0.15","0.78",1.3239613696199541,1.330739278858447,,,669394,0,6,"Bot",,,,,,,8.611063683068943,-130.3835658313013,-6.4950414093395175,-0.09874001496470122,27.66983965088292,-22.106920377916712,3.42,1.66,85,"92.6",5,"90.5",2333,"6.8",717675,641680,663993,543760,673962,608369,608671,665750,666969,"53.67",,,,,,,,48,5,"Cutter",4,2,4,2,2,4,4,2,"Infield shade","Standard",187,"0","0",,,,,"0","92.6",2,2,0.862,0.862,33,27,33,27,3,2,5,2,5,1,"2.07","-0.15","0.15","36.4",,,,,
"FS","2023-06-20","87.5","-2.38","5.7","Eovaldi, Nathan",657757,543135,,"ball",,,,,13,,"R","L","R","CWS","TEX","B",,,1,2,2023,"-1.21","0.18",-1.2810386698158,1.1562955609754488,,,669394,0,6,"Bot",,,,,,,5.1857156642311395,-127.29569250573269,-5.222326320113025,-14.242449186778439,25.879360002428534,-29.34760510522102,3.37992819042149,1.6051960539601,,,,"88.2",1477,"6.7",717675,641680,663993,543760,673962,608369,608671,665750,666969,"53.79",,,,,,,,48,4,"Split-Finger",4,2,4,2,2,4,4,2,"Infield shade","Standard",241,"0.003","0.045",,,,,"-0.045",,2,2,0.859,0.859,33,27,33,27,3,2,5,2,5,1,"2.8","1.21","-1.21","32.9",,,,,
"FC","2023-06-20","89.7","-2.31","5.62","Eovaldi, Nathan",657757,543135,,"foul",,,,,14,,"R","L","R","CWS","TEX","S",,,1,1,2023,"0.19","0.8",1.2415951091183506,2.521934977583255,,,669394,0,6,"Bot",,,,,,,8.450787739350513,-130.49066572017077,-3.4103573042800477,0.46241436954651643,25.9946680078065,-22.525159331537026,3.42,1.66,165,"65.6",22,"90.6",2280,"6.7",717675,641680,663993,543760,673962,608369,608671,665750,666969,"53.76",,,,,,,,48,3,"Cutter",4,2,4,2,2,4,4,2,"Infield shade","Standard",188,"-0.005","-0.059",,,,,"0.059","88.0",2,2,0.864,0.864,33,27,33,27,3,2,5,2,5,1,"2.02","-0.19","0.19","38.2",,,,,
"FS","2023-06-20","87.9","-2.39","5.63","Eovaldi, Nathan",657757,543135,,"ball",,,,,13,,"R","L","R","CWS","TEX","B",,,0,1,2023,"-1.03","0.18",-0.9497456064155885,1.412455070651856,,,669394,0,6,"Bot",,,,,,,5.651060964352448,-127.86009796054108,-4.518082406532479,-12.428305232570365,25.978534462129804,-29.45580936663454,3.37992819042149,1.64848334539602,,,,"88.6",1553,"6.7",717675,641680,663993,543760,673962,608369,608671,665750,666969,"53.79",,,,,,,,48,2,"Split-Finger",4,2,4,2,2,4,4,2,"Infield shade","Standard",241,"0.002","0.024",,,,,"-0.024",,2,2,0.862,0.862,33,27,33,27,3,2,5,2,5,1,"2.77","1.03","-1.03","29.6",,,,,
"FS","2023-06-20","87.3","-2.16","5.72","Eovaldi, Nathan",657757,543135,,"called_strike",,,,,13,,"R","L","R","CWS","TEX","S",,,0,0,2023,"-1.05","0.37",-0.017987549248570822,1.420536994470846,,,669394,0,6,"Bot",,,,,,,7.397503356723587,-126.93229660183158,-5.026256057807465,-12.830656970674193,24.313049605174267,-27.391184529201492,3.47266106246372,1.62983005133957,,,,"88.4",1501,"6.8",717675,641680,663993,543760,673962,608369,608671,665750,666969,"53.65",,,,,,,,48,1,"Split-Finger",4,2,4,2,2,4,4,2,"Infield shade","Standard",240,"-0.003","-0.036",,,,,"0.036",,2,2,0.865,0.865,33,27,33,27,3,2,5,2,5,1,"2.61","1.05","-1.05","35.5",,,,,
"SL","2023-06-20","82.2","-2.36","5.73","Eovaldi, Nathan",650391,543135,"field_out","hit_into_play",,,,,5,"Eloy Jimenez flies out sharply to center fielder Leody Taveras.","R","R","R","CWS","TEX","X",8,"fly_ball",0,0,2023,"0.52","-0.05",0.23615383842617604,2.7587085904875384,,643217,,2,5,"Bot",83.7,65.27,,,,,4.9335581460896965,-119.80109519733043,-0.21418683221963752,4.335364883913622,19.015983249079845,-32.82137210918652,3.48,1.69,345,"102.1",37,"84",2158,"7",717675,641680,663993,543760,673962,608369,608671,665750,666969,"53.5",0.402,0.7964166666666667,"0",1,0,0,5,43,1,"Slider",4,2,4,2,2,4,4,2,"Standard","Standard",107,"-0.024","-0.295",,,,1.572,"0.295","102.1",2,2,0.803,0.803,33,26,33,27,3,2,5,1,5,1,"3.37","-0.52","-0.52","36.1",,,,,
"FS","2023-06-20","85.5","-2.18","5.76","Eovaldi, Nathan",683734,543135,"field_out","hit_into_play",,,,,8,"Andrew Vaughn grounds out, third baseman Josh Jung to first baseman Nathaniel Lowe. Zach Remillard scores. Andrew Benintendi to 2nd.","R","R","R","CWS","TEX","X",5,"ground_ball",0,2,2023,"-1.05","0.13",0.08814442383936649,1.9706086610082525,621545,,643217,1,5,"Bot",103.02,172.22,,,,,7.53020358801118,-124.36127732945334,-3.013766960199858,-12.321923592352231,21.74093910703984,-30.411322873273676,3.11,1.48,2,"81.6",-41,"86.7",1544,"6.8",717675,641680,663993,543760,673962,608369,608671,665750,666969,"53.71",0.062,0.06,"0",1,0,0,2,42,3,"Split-Finger",3,2,3,2,2,4,4,2,"Standard","Standard",232,"0.056","-0.23",,,,0.062,"0.23","88.0",1,1,0.747,0.747,33,25,33,25,3,2,5,1,5,1,"2.95","1.05","1.05","36.3",,,,,
"FS","2023-06-20","84.7","-2.26","5.75","Eovaldi, Nathan",683734,543135,,"foul",,,,,4,,"R","R","R","CWS","TEX","S",,,0,1,2023,"-1.18","0.38",-0.44419925839346286,2.301073822101784,621545,,643217,1,5,"Bot",,,,,,,6.654213506280504,-123.26595443888739,-2.5548836228251375,-13.288409877336846,21.87998873775868,-27.96994040555285,3.11,1.48,10,"78.8",-13,"86",1684,"6.9",717675,641680,663993,543760,673962,608369,608671,665750,666969,"53.64",,,,,,,,42,2,"Split-Finger",3,2,3,2,2,3,3,2,"Standard","Standard",236,"-0.016","-0.065",,,,,"0.065","88.0",1,1,0.763,0.763,33,25,33,25,3,2,5,1,5,1,"2.77","1.18","1.18","35.6",,,,,
"FC","2023-06-20","89.5","-2.42","5.53","Eovaldi, Nathan",683734,543135,,"swinging_strike",,,,,5,,"R","R","R","CWS","TEX","S",,,0,0,2023,"0.08","0.65",-0.16511357675820537,2.535149846593536,621545,,643217,1,5,"Bot",,,,,,,5.449050917540446,-130.3169140430995,-2.8562218204450818,-0.1342929481483999,24.062695004386466,-24.301642758998458,3.11,1.48,,,,"90.7",2292,"6.7",717675,641680,663993,543760,673962,608369,608671,665750,666969,"53.76",,,,,,,,42,1,"Cutter",3,2,3,2,2,3,3,2,"Standard","Standard",191,"-0.01","-0.044",,,,,"0.044",,1,1,0.773,0.773,33,25,33,25,3,2,5,1,5,1,"2.16","-0.08","-0.08","31.3",,,,,
"FF","2023-06-20","94.1","-2.27","5.7","Eovaldi, Nathan",643217,543135,"single","hit_into_play",,,,,1,"Andrew Benintendi singles on a ground ball to center fielder Leody Taveras. Zach Remillard to 3rd.","R","L","R","CWS","TEX","X",8,"ground_ball",0,2,2023,"-0.96","1.3",-0.3135598764445817,2.993034996138822,,,621545,1,5,"Bot",139.41,103.09,,,,,7.269589299960414,-136.81475533078088,-4.241506162383543,-13.662429254636683,29.547011099886713,-15.055863215594327,3.31,1.53,54,"97.3",0,"95.1",2276,"6.9",717675,641680,663993,543760,673962,608369,608671,665750,666969,"53.64",0.396,0.356,"0.9",1,1,0,2,41,3,"4-Seam Fastball",3,2,3,2,2,3,3,2,"Infield shade","Standard",215,"0.074","0.51",,,,0.47,"-0.51","97.3",1,1,0.699,0.699,33,28,33,29,3,2,5,1,5,1,"1.27","0.96","-0.96","35.2",,,,,
"FF","2023-06-20","93.8","-2.31","5.6","Eovaldi, Nathan",643217,543135,,"swinging_strike",,,,,1,,"R","L","R","CWS","TEX","S",,,0,1,2023,"-1","1.34",-0.3672658153106414,3.3725789733403806,,,621545,1,5,"Bot",,,,,,,7.299630130917817,-136.40853181989024,-2.9783981585686465,-14.158628490434618,31.298924280090784,-15.009794763010454,3.31,1.53,,,,"94.2",2188,"6.6",717675,641680,663993,543760,673962,608369,608671,665750,666969,"53.87",,,,,,,,41,2,"4-Seam Fastball",3,2,3,2,2,3,3,2,"Infield shade","Standard",224,"-0.007","-0.053",,,,,"0.053",,1,1,0.706,0.706,33,28,33,29,3,2,5,1,5,1,"1.26","1","-1","34.2",,,,,
"FF","2023-06-20","93.9","-2.26","5.62","Eovaldi, Nathan",643217,543135,,"swinging_strike",,,,,1,,"R","L","R","CWS","TEX","S",,,0,0,2023,"-0.97","1.36",-0.4399594597815125,3.0162382178200233,,,621545,1,5,"Bot",,,,,,,6.914325889229497,-136.58275152584815,-4.058499114338567,-13.667137375306721,29.346713166223036,-14.418250433692013,3.31,1.53,,,,"94.7",2145,"6.7",717675,641680,663993,543760,673962,608369,608671,665750,666969,"53.76",,,,,,,,41,1,"4-Seam Fastball",3,2,3,2,2,3,3,2,"Infield shade","Standard",220,"-0.004","-0.042",,,,,"0.042",,1,1,0.71,0.71,33,28,33,29,3,2,5,1,5,1,"1.22","0.97","-0.97","35.9",,,,,
"FS","2023-06-20","86.2","-2.35","5.73","Eovaldi, Nathan",621545,543135,"strikeout","swinging_strike",,,,,14,"Zach Remillard strikes out swinging.","R","R","R","CWS","TEX","S",2,,1,2,2023,"-1.28","0.18",0.8121530609836249,1.3776412207798576,640449,,,2,2,"Bot",,,,,,,10.234935247789027,-125.11630408627829,-4.482908343894048,-15.513832102699151,25.343262188154768,-29.519350161183375,3.371,1.535,,,,"87.1",1575,"7",717675,641680,663993,543760,673962,608369,608671,665750,666969,"53.46",,0,"0",1,0,0,,17,4,"Split-Finger",2,0,2,0,0,2,2,0,"Standard","Standard",237,"-0.02","-0.208",,,,,"0.208",,2,2,0.732,0.732,33,29,33,29,1,0,5,1,5,1,"2.9","1.28","1.28","33.6",,,,,
"FS","2023-06-20","86.9","-2.33","5.61","Eovaldi, Nathan",621545,543135,,"swinging_strike",,,,,13,,"R","R","R","CWS","TEX","S",,,1,1,2023,"-1.28","0.56",-0.07319211510425827,1.3461296625508754,640449,,,2,2,"Bot",,,,,,,8.165426468275934,-126.18797542524484,-5.232486288969481,-15.370871671482112,26.13842430616213,-25.23775636666783,3.371,1.535,,,,"88.1",1654,"7.2",717675,641680,663993,543760,673962,608369,608671,665750,666969,"53.33",,,,,,,,17,3,"Split-Finger",2,0,2,0,0,2,2,0,"Standard","Standard",234,"-0.007","-0.061",,,,,"0.061",,2,2,0.739,0.739,33,29,33,29,1,0,5,1,5,1,"2.47","1.28","1.28","33.2",,,,,
"FF","2023-06-20","93.3","-2.39","5.56","Eovaldi, Nathan",621545,543135,,"ball",,,,,11,,"R","R","R","CWS","TEX","B",,,0,1,2023,"-1.2","0.97",-1.3330269240873804,2.614399352941155,640449,,,2,2,"Bot",,,,,,,5.432238495099973,-135.7628926676101,-3.9724270482089654,-16.095733430271522,31.021793351305227,-19.543886447962993,3.42660388653594,1.56190161049994,,,,"94.2",2107,"6.9",717675,641680,663993,543760,673962,608369,608671,665750,666969,"53.57",,,,,,,,17,2,"4-Seam Fastball",2,0,2,0,0,2,2,0,"Standard","Standard",226,"0.003","0.028",,,,,"-0.028",,2,2,0.736,0.736,33,29,33,29,1,0,5,1,5,1,"1.66","1.2","1.2","35.9",,,,,
"FC","2023-06-20","86.8","-2.43","5.58","Eovaldi, Nathan",621545,543135,,"called_strike",,,,,6,,"R","R","R","CWS","TEX","S",,,0,0,2023,"0.19","0.72",0.547659483402515,2.731158304787901,,,640449,2,2,"Bot",,,,,,,6.755992963630817,-126.27095528907356,-2.116284985762299,0.745683671945206,25.125517997217877,-24.255890971465547,3.33088924669681,1.45363411803208,,,,"87.4",2300,"6.6",717675,641680,663993,543760,673962,608369,608671,665750,666969,"53.9",,,,,,,,17,1,"Cutter",2,0,2,0,0,2,2,0,"Infield shade","Standard",185,"0.008","-0.045",,,,,"0.045",,2,2,0.728,0.728,33,29,33,29,1,0,5,1,5,1,"2.3","-0.19","-0.19","31.4",,,,,
"FF","2023-06-20","94.6","-2.4","5.44","Eovaldi, Nathan",462101,543135,"strikeout","called_strike",,,,,4,"Elvis Andrus called out on strikes.","R","R","R","CWS","TEX","S",2,,0,2,2023,"-1.19","1",-0.5767948156032225,1.9053982688743774,,,640449,1,2,"Bot",,,,,,,7.459214102804398,-137.6065468357855,-5.882630553526316,-16.673987829971658,27.081671466765723,-18.381242850853905,3.0797272410995,1.36698774520603,,,,"95.9",2193,"6.8",717675,641680,663993,543760,673962,608369,608671,665750,666969,"53.68",,0,"0",1,0,0,,16,3,"4-Seam Fastball",2,0,2,0,0,2,2,0,"Standard","Standard",225,"-0.013","-0.16",,,,,"0.16",,2,2,0.741,0.741,33,34,33,35,1,0,5,1,5,1,"1.53","1.19","1.19","32.3",,,,,
"SL","2023-06-20","82.9","-2.31","5.69","Eovaldi, Nathan",462101,543135,,"foul",,,,,6,,"R","R","R","CWS","TEX","S",,,0,1,2023,"0.5","0.23",0.6863648603929624,2.1499493539254964,,,640449,1,2,"Bot",,,,,,,5.94651974778017,-120.66380909655533,-2.0787568539640073,3.688884531624158,23.400770735226914,-29.69016306403606,3.12,1.43,,,,"83.8",2189,"6.8",717675,641680,663993,543760,673962,608369,608671,665750,666969,"53.66",,,,,,,,16,2,"Slider",2,0,2,0,0,2,2,0,"Standard","Standard",118,"-0.005","-0.053",,,,,"0.053",,2,2,0.746,0.746,33,34,33,35,1,0,5,1,5,1,"3.08","-0.5","-0.5","35.3",,,,,
"SL","2023-06-20","83.2","-2.37","5.72","Eovaldi, Nathan",462101,543135,,"called_strike",,,,,2,,"R","R","R","CWS","TEX","S",,,0,0,2023,"0.49","0.14",0.15175379081600376,2.4841422706136607,,,640449,1,2,"Bot",,,,,,,4.863892521920496,-121.10871482402736,-1.2353667043923202,3.8852605772055124,23.82288802712549,-30.777534504021716,2.95247568666322,1.21528711501497,,,,"83.8",2200,"6.7",717675,641680,663993,543760,673962,608369,608671,665750,666969,"53.79",,,,,,,,16,1,"Slider",2,0,2,0,0,2,2,0,"Standard","Standard",119,"-0.003","-0.042",,,,,"0.042",,2,2,0.749,0.749,33,34,33,35,1,0,5,1,5,1,"3.15","-0.49","-0.49","34.6",,,,,
"FF","2023-06-20","94.3","-2.37","5.38","Eovaldi, Nathan",650391,543135,"home_run","hit_into_play",,,,,6,"Eloy Jimenez homers (9) on a fly ball to right center field. Andrew Vaughn scores.","R","R","R","CWS","TEX","X",,"fly_ball",1,1,2023,"-1.1","1.19",0.34750069253004057,2.268284274978207,,,683734,1,1,"Bot",207.38,58.49,,,,,9.604138708067204,-136.92816038404843,-5.09436469338844,-15.966426713736718,28.913622154281875,-16.206256804301223,3.48,1.69,400,"105.6",24,"95.2",2201,"6.8",717675,641680,663993,543760,673962,608369,608671,665750,666969,"53.67",0.834,1.6079264705882348,"2",1,0,3,6,8,3,"4-Seam Fastball",0,0,0,0,0,2,2,0,"Standard","Standard",228,"0.167","1.466",,,,3.171,"-1.466","105.6",0,0,0.55,0.55,33,26,33,27,1,0,5,1,5,1,"1.37","1.1","1.1","28.2",,,,,
"FS","2023-06-20","86.6","-2.4","5.71","Eovaldi, Nathan",650391,543135,,"foul",,,,,7,,"R","R","R","CWS","TEX","S",,,1,0,2023,"-1.37","0.21",-0.7541943060245573,2.1913515972064124,,,683734,1,1,"Bot",,,,,,,6.789427485497485,-125.98121140765494,-2.663275244942509,-15.998266655595234,25.32660198899511,-29.547785983206527,3.48,1.69,3,"105.3",-36,"87.4",1706,"6.8",717675,641680,663993,543760,673962,608369,608671,665750,666969,"53.72",,,,,,,,8,2,"Split-Finger",0,0,0,0,0,0,0,0,"Standard","Standard",234,"-0.005","-0.053",,,,,"0.053","105.3",0,0,0.555,0.555,33,26,33,27,1,0,5,1,5,1,"2.82","1.37","1.37","33.5",,,,,
"FF","2023-06-20","95","-2.32","5.44","Eovaldi, Nathan",650391,543135,,"ball",,,,,14,,"R","R","R","CWS","TEX","B",,,0,0,2023,"-1.11","1.2",1.2823918112817416,1.9450961624788408,,,683734,1,1,"Bot",,,,,,,12.027224933819964,-137.69030522014546,-6.2052288231293415,-16.76650035794002,29.7996871291616,-15.691539130252638,3.44025458684334,1.67040036214264,,,,"95.9",2319,"7",717675,641680,663993,543760,673962,608369,608671,665750,666969,"53.52",,,,,,,,8,1,"4-Seam Fastball",0,0,0,0,0,0,0,0,"Standard","Standard",227,"0.004","0.036",,,,,"-0.036",,0,0,0.551,0.551,33,26,33,27,1,0,5,1,5,1,"1.35","1.11","1.11","27.9",,,,,
"FS","2023-06-15","88.1","-2.37","5.47","Eovaldi, Nathan",665120,543135,"field_out","hit_into_play",,,,,4,"Jared Walsh grounds out, first baseman Nathaniel Lowe to pitcher Nathan Eovaldi.","R","L","R","TEX","LAA","X",3,"ground_ball",0,1,2023,"-1.16","0.09",-0.6428588885200415,2.326118624016195,,,660271,2,6,"Top",146.76,173.95,,,,,6.751680640507869,-128.2278426912337,-1.7982392210668159,-14.204746787643936,24.062502659628695,-31.046820578047136,3.42,1.56,1,"81",-62,"90",1603,"7.3",717751,641680,663993,543760,669701,608369,608671,665750,666969,"53.24",0.301,0.271,"0",1,0,0,2,45,2,"Split-Finger",2,2,2,2,2,2,2,2,"Infield shade","Standard",234,"0.031","-0.241",,,,0.301,"0.241","88.0",0,0,0.545,0.45499999999999996,33,29,33,30,3,1,5,1,5,1,"2.83","1.16","-1.16","37.6",,,,,
"FS","2023-06-15","88.7","-2.45","5.53","Eovaldi, Nathan",665120,543135,,"called_strike",,,,,1,,"R","L","R","TEX","LAA","S",,,0,0,2023,"-1.12","0.02",-0.7980646443779142,3.035628082137058,,,660271,2,6,"Top",,,,,,,6.496047419839581,-129.10280844640144,-0.10477873412098193,-13.826825692621739,24.82402263775906,-32.14707862322219,3.39799220292841,1.48291400970854,,,,"90.4",1634,"7.2",717751,641680,663993,543760,669701,608369,608671,665750,666969,"53.33",,,,,,,,45,1,"Split-Finger",2,2,2,2,2,2,2,2,"Infield shade","Standard",239,"0.005","-0.045",,,,,"0.045",,0,0,0.54,0.45999999999999996,33,29,33,30,3,1,5,1,5,1,"2.86","1.12","-1.12","32.8",,,,,
"FF","2023-06-15","95","-2.45","5.42","Eovaldi, Nathan",543685,543135,"strikeout","foul_bunt",,,,,12,"Anthony Rendon strikes out on a foul bunt.","R","R","R","TEX","LAA","S",2,,1,2,2023,"-1.1","1.1",0.31453022977663814,3.633698815568697,,,660271,1,6,"Top",,,,,,,9.828191635946057,-137.98051390077953,-1.4695204181743358,-16.19908750809212,30.933980088127814,-18.003282264387906,3.34,1.6,,,,"96.2",2226,"7.1",717751,641680,663993,543760,669701,608369,608671,665750,666969,"53.4",,0,"0",1,0,0,,44,4,"4-Seam Fastball",2,2,2,2,2,2,2,2,"Standard","Standard",219,"0.03","0.088",,,,,"-0.088",,0,0,0.51,0.49,33,33,33,33,3,2,5,1,5,15,"1.44","1.1","1.1","32.8",,,,,
"FF","2023-06-15","96.6","-2.38","5.23","Eovaldi, Nathan",543685,543135,,"ball",,,,,12,,"R","R","R","TEX","LAA","B",,,0,2,2023,"-1.23","1.05",1.481378506583199,2.6334908400582266,,,660271,1,6,"Top",,,,,,,13.298475171775593,-140.0224894723212,-3.764101496564797,-19.228952226181164,31.95571501508116,-17.606157717333872,3.24244302309914,1.55660773850635,,,,"97.9",2280,"7.3",717751,641680,663993,543760,669701,608369,608671,665750,666969,"53.22",,,,,,,,44,3,"4-Seam Fastball",2,2,2,2,2,2,2,2,"Standard","Standard",229,"-0.004","0.023",,,,,"-0.023",,0,0,0.514,0.486,33,33,33,33,3,2,5,1,5,15,"1.41","1.23","1.23","25.4",,,,,
"FF","2023-06-15","93.7","-2.37","5.46","Eovaldi, Nathan",543685,543135,,"missed_bunt",,,,,4,,"R","R","R","TEX","LAA","S",,,0,1,2023,"-1.03","1.18",-0.3459647112366915,2.595716447586704,,,660271,1,6,"Top",,,,,,,7.656200670050384,-136.2376016473669,-4.339149130431947,-14.51136559694521,30.39976660337649,-16.761787007867273,3.34,1.6,,,,"95.5",2193,"7.4",717751,641680,663993,543760,669701,608369,608671,665750,666969,"53.11",,,,,,,,44,2,"4-Seam Fastball",2,2,2,2,2,2,2,2,"Standard","Standard",222,"0.011","-0.053",,,,,"0.053",,0,0,0.503,0.497,33,33,33,33,3,2,5,1,5,15,"1.43","1.03","1.03","30.6",,,,,
"FF","2023-06-15","96.2","-2.39","5.23","Eovaldi, Nathan",543685,543135,,"called_strike",,,,,9,,"R","R","R","TEX","LAA","S",,,0,0,2023,"-1.16","1.21",0.5343725208078984,1.8933094082577253,,,660271,1,6,"Top",,,,,,,10.573709244589097,-139.58628396188755,-6.074393796866406,-17.596014753747976,32.06409498217561,-15.15391797488378,3.08251875681083,1.58915862323521,,,,"97.6",2241,"7.3",717751,641680,663993,543760,669701,608369,608671,665750,666969,"53.2",,,,,,,,44,1,"4-Seam Fastball",2,2,2,2,2,2,2,2,"Standard","Standard",229,"0.006","-0.042",,,,,"0.042",,0,0,0.497,0.503,33,33,33,33,3,2,5,1,5,15,"1.27","1.16","1.16","32.8",,,,,
"FF","2023-06-15","96.1","-2.34","5.52","Eovaldi, Nathan",545361,543135,"strikeout","swinging_strike",,,,,2,"Mike Trout strikes out swinging.","R","R","R","TEX","LAA","S",2,,1,2,2023,"-1.1","1.29",-0.24695441934421924,3.267958706237622,,,660271,0,6,"Top",,,,,,,8.181310219316856,-139.78170637541336,-3.349238759720952,-16.29943147837735,31.886469410160938,-14.673961187016346,3.53,1.66,,,,"97.5",2247,"7.1",717751,641680,663993,543760,669701,608369,608671,665750,666969,"53.37",,0,"0",1,0,0,,43,4,"4-Seam Fastball",2,2,2,2,2,2,2,2,"Infield shade","Standard",221,"0.035","-0.165",,,,,"0.165",,0,0,0.462,0.538,33,31,33,32,3,2,5,1,5,1,"1.18","1.1","1.1","33.0",,,,,
"FS","2023-06-15","88.3","-2.35","5.46","Eovaldi, Nathan",545361,543135,,"foul_tip",,,,,8,,"R","R","R","TEX","LAA","S",,,1,1,2023,"-1.09","0.1",0.16871069520814652,2.048770546585357,,,660271,0,6,"Top",,,,,,,8.564047825185202,-128.3393190489033,-2.4993456522519457,-13.796484758045539,24.434306898059457,-30.766828247004668,3.53,1.66,,,,"90.2",1628,"7.3",717751,641680,663993,543760,669701,608369,608671,665750,666969,"53.19",,,,,,,,43,3,"Split-Finger",2,2,2,2,2,2,2,2,"Infield shade","Standard",239,"0.013","-0.059",,,,,"0.059",,0,0,0.449,0.5509999999999999,33,31,33,32,3,2,5,1,5,1,"2.81","1.09","1.09","32.8",,,,,
"FF","2023-06-15","95.2","-2.43","5.3","Eovaldi, Nathan",545361,543135,,"ball",,,,,13,,"R","R","R","TEX","LAA","B",,,0,1,2023,"-1.15","1.16",-1.7719480052616072,1.9064741431112024,,,660271,0,6,"Top",,,,,,,4.373998015791951,-138.44010674823753,-5.96253173425586,-15.709817968131722,31.04750876790928,-16.066591519327385,3.54074211660598,1.65999826955191,,,,"96.8",2234,"7.2",717751,641680,663993,543760,669701,608369,608671,665750,666969,"53.26",,,,,,,,43,2,"4-Seam Fastball",2,2,2,2,2,2,2,2,"Infield shade","Standard",228,"-0.006","0.024",,,,,"-0.024",,0,0,0.455,0.5449999999999999,33,31,33,32,3,2,5,1,5,1,"1.35","1.15","1.15","30.6",,,,,
"FS","2023-06-15","89.2","-2.35","5.48","Eovaldi, Nathan",545361,543135,,"called_strike",,,,,9,,"R","R","R","TEX","LAA","S",,,0,0,2023,"-1.16","0.23",0.2777210395302734,1.81103274365947,,,660271,0,6,"Top",,,,,,,9.053526496424668,-129.72568527681088,-3.57114832813213,-14.898624510876845,24.864612669368594,-29.008791976249746,3.45529195896416,1.66000380601464,,,,"91.1",1578,"7.3",717751,641680,663993,543760,669701,608369,608671,665750,666969,"53.25",,,,,,,,43,1,"Split-Finger",2,2,2,2,2,2,2,2,"Infield shade","Standard",241,"0.008","-0.036",,,,,"0.036",,0,0,0.447,0.5529999999999999,33,31,33,32,3,2,5,1,5,1,"2.62","1.16","1.16","32.0",,,,,
"FC","2023-06-15","88.3","-2.36","5.59","Eovaldi, Nathan",595453,543135,"grounded_into_double_play","hit_into_play",,,,,9,"Chad Wallach grounds into a double play, shortstop Corey Seager to second baseman Marcus Semien to first baseman Nathaniel Lowe. Mickey Moniak out at 2nd. Chad Wallach out at 1st.","R","R","R","TEX","LAA","X",6,"ground_ball",0,0,2023,"0.09","0.57",0.6565861735147097,1.7894972831347866,,,666160,1,4,"Top",108.08,154,,,,,7.23497555792322,-128.36132455402077,-4.3847481304956455,-0.5750398898262543,27.079814306152628,-25.12847792106298,3.74,1.81,5,"81.8",-22,"89.1",2254,"6.9",717751,641680,663993,543760,669701,608369,608671,665750,666969,"53.59",0.045,0.04,"0",1,0,0,2,31,1,"Cutter",2,2,2,2,2,2,2,2,"Standard","Standard",193,"0.063","-0.333",,,,0.045,"0.333","88.0",0,0,0.497,0.503,33,31,33,32,2,1,5,1,5,2,"2.36","-0.09","-0.09","36.7",,,,,
"CU","2023-06-15","76.5","-2.37","5.58","Eovaldi, Nathan",666160,543135,"single","hit_into_play",,,,,4,"Mickey Moniak singles on a line drive to center fielder Leody Taveras. Jared Walsh scores.","R","L","R","TEX","LAA","X",8,"line_drive",2,2,2023,"0.64","-0.8",-0.4207996844116067,2.267734434010034,,665120,,1,4,"Top",143.1,96.23,,,,,3.0086366514761442,-111.29357763945671,1.5420234130841268,4.707863076278531,20.78323988536518,-39.283829729160324,3.3,1.59,153,"98.2",10,"77.5",1915,"7.1",717751,641680,663993,543760,669701,608369,608671,665750,666969,"53.37",0.75,0.696,"0.9",1,1,0,4,30,5,"Curveball",2,1,1,2,2,2,2,2,"Infield shade","Standard",47,"-0.109","0.596",,,,0.863,"-0.596","98.2",1,-1,0.606,0.394,33,25,33,25,2,1,5,2,5,1,"4.71","-0.64","0.64","36.2",,,,,
"FF","2023-06-15","95.1","-2.43","5.58","Eovaldi, Nathan",666160,543135,,"ball",,,,,11,,"R","L","R","TEX","LAA","B",,,1,2,2023,"-0.94","1.36",-0.5370491522821935,3.916192411924183,,665120,,1,4,"Top",,,,,,,7.173412384731077,-138.3164339791409,-1.7567264304546713,-13.61410767850161,30.919607162061773,-14.574652089958388,3.32110437687322,1.57944229609148,,,,"96.4",2208,"7",717751,641680,663993,543760,669701,608369,608671,665750,666969,"53.46",,,,,,,,30,4,"4-Seam Fastball",2,1,1,2,1,2,1,2,"Infield shade","Standard",224,"-0.006","0.04",,,,,"-0.04",,1,-1,0.612,0.388,33,25,33,25,2,1,5,2,5,1,"1.17","0.94","-0.94","33.8",,,,,
"CU","2023-06-15","75.8","-2.3","5.55","Eovaldi, Nathan",666160,543135,,"blocked_ball",,,,,14,,"R","L","R","TEX","LAA","B",,,0,2,2023,"0.72","-0.92",0.4812133462571868,0.45778799738749676,,665120,,1,4,"Top",,,,,,,4.609198297316309,-110.35171670355479,-1.8779314080677072,4.956695590336933,20.833317435749287,-39.51313955529858,3.31054694833158,1.54777162570737,,,,"76.8",1976,"7.1",717751,641680,663993,543760,669701,608369,608671,665750,666969,"53.41",,,,,,,,30,3,"Curveball",2,1,1,2,1,2,1,2,"Standard","Standard",44,"-0.005","0.015",,,,,"-0.015",,1,-1,0.617,0.383,33,25,33,25,2,1,5,2,5,1,"4.9","-0.72","0.72","38.9",,,,,
"CU","2023-06-15","76.2","-2.27","5.58","Eovaldi, Nathan",666160,543135,,"swinging_strike",,,,,9,,"R","L","R","TEX","LAA","S",,,0,1,2023,"0.67","-0.87",0.2768743102259209,1.5520806853841949,,665120,,1,4,"Top",,,,,,,4.214213987300795,-110.94960020277925,0.20119484786496322,4.680982432296222,20.900799692397523,-39.56196329547085,3.3,1.59,,,,"77",1977,"7",717751,641680,663993,543760,669701,608369,608671,665750,666969,"53.52",,,,,,,,30,2,"Curveball",2,1,1,2,1,2,1,2,"Standard","Standard",48,"0.011","-0.069",,,,,"0.069",,1,-1,0.606,0.394,33,25,33,25,2,1,5,2,5,1,"4.8","-0.67","0.67","34.9",,,,,
"FF","2023-06-15","94.7","-2.59","5.33","Eovaldi, Nathan",666160,543135,,"called_strike",,,,,8,,"R","L","R","TEX","LAA","S",,,0,0,2023,"-0.98","1.15",0.02619833954606221,1.5578008228904074,,665120,,1,4,"Top",,,,,,,9.214141515021154,-137.49896774982156,-6.88414861964735,-14.434086233522134,29.621006784544065,-16.14607619191549,3.33165373122366,1.55832775241029,,,,"96.8",2140,"7.5",717751,641680,663993,543760,669701,608369,608671,665750,666969,"52.96",,,,,,,,30,1,"4-Seam Fastball",2,1,1,2,1,2,1,2,"Standard","Standard",228,"0.007","-0.038",,,,,"0.038",,1,-1,0.599,0.401,33,25,33,25,2,1,5,2,5,1,"1.39","0.98","-0.98","28.9",,,,,
"FF","2023-06-15","94.5","-2.32","5.59","Eovaldi, Nathan",570482,543135,"grounded_into_double_play","hit_into_play",,,,,12,"Gio Urshela grounds into a double play, second baseman Marcus Semien to shortstop Corey Seager to first baseman Nathaniel Lowe. Anthony Rendon out at 2nd. Gio Urshela out at 1st.","R","R","R","TEX","LAA","X",4,"ground_ball",0,2,2023,"-0.85","1.17",1.0642521950738324,3.5196918927652674,621493,660271,543685,1,1,"Top",138.9,150.38,,,,,10.805151269381435,-137.1771566644516,-2.3099012076316114,-13.120513684830629,29.63729772730571,-17.09363224084358,3.46,1.68,7,"86.7",-25,"95.4",2186,"6.9",717751,641680,663993,543760,669701,608369,608671,665750,666969,"53.6",0.064,0.059,"0",1,0,0,2,5,3,"4-Seam Fastball",0,0,0,0,0,0,0,0,"Standard","Standard",220,"0.117","-0.164",,,,0.081,"0.164","88.0",0,0,0.431,0.569,33,31,33,32,1,0,5,3,5,,"1.39","0.85","0.85","34.1",,,,,
"FS","2023-06-15","87.4","-2.37","5.55","Eovaldi, Nathan",570482,543135,,"foul",,,,,9,,"R","R","R","TEX","LAA","S",,,0,1,2023,"-0.99","0.11",0.49164418281286115,1.8078778020814426,621493,660271,543685,1,1,"Top",,,,,,,9.058232970681068,-126.97916930185828,-3.14942549094017,-12.453003557005415,24.088505267506957,-30.562096584463486,3.46,1.68,,,,"88.9",1565,"7.2",717751,641680,663993,543760,669701,608369,608671,665750,666969,"53.35",,,,,,,,5,2,"Split-Finger",0,0,0,0,0,0,0,0,"Standard","Standard",236,"0.019","-0.081",,,,,"0.081",,0,0,0.412,0.5880000000000001,33,31,33,32,1,0,5,3,5,,"2.87","0.99","0.99","34.1",,,,,
"FS","2023-06-15","86.2","-2.41","5.6","Eovaldi, Nathan",570482,543135,,"swinging_strike",,,,,14,,"R","R","R","TEX","LAA","S",,,0,0,2023,"-1.01","0.02",0.31122329992808273,0.8679408163912088,621493,660271,543685,1,1,"Top",,,,,,,8.629849341650885,-125.33886657868064,-5.160227091619669,-12.305873833321355,23.390836396851732,-31.17838367578134,3.46,1.68,,,,"87.7",1554,"7.1",717751,641680,663993,543760,669701,608369,608671,665750,666969,"53.42",,,,,,,,5,1,"Split-Finger",0,0,0,0,0,0,0,0,"Standard","Standard",243,"0.011","-0.05",,,,,"0.05",,0,0,0.401,0.599,33,31,33,32,1,0,5,3,5,,"3.04","1.01","1.01","31.3",,,,,
"FS","2023-06-15","84.9","-2.45","5.59","Eovaldi, Nathan",543685,543135,"hit_by_pitch","hit_by_pitch",,,,,11,"Anthony Rendon hit by pitch. Shohei Ohtani to 2nd.","R","R","R","TEX","LAA","B",,,2,1,2023,"-0.76","0.55",-1.364092961901218,3.432938607715031,621493,,660271,1,1,"Top",,,,,,,4.161287752485443,-123.69895839551576,0.1295784996916577,-8.665803430410895,22.85857619414941,-26.718669341872154,3.34,1.6,,,,"86.7",1533,"7.2",717751,641680,663993,543760,669701,608369,608671,665750,666969,"53.3",,0.726005,"0.7",1,0,0,,4,4,"Split-Finger",0,0,0,0,0,0,0,0,"Standard","Standard",236,"-0.031","0.202",,,,,"-0.202",,0,0,0.432,0.5680000000000001,33,33,33,33,1,0,5,1,5,15,"2.59","0.76","0.76","32.8",,,,,
"FF","2023-06-15","95","-2.45","5.48","Eovaldi, Nathan",543685,543135,,"foul",,,,,5,,"R","R","R","TEX","LAA","S",,,2,0,2023,"-0.92","1.28",-0.27482654974921805,2.4172986566971804,621493,,660271,1,1,"Top",,,,,,,7.89629174969005,-138.11221435762485,-5.30458709929122,-13.509435820214,30.77973503036822,-14.837206106411136,3.34,1.6,216,"71.3",31,"96.5",2035,"7.2",717751,641680,663993,543760,669701,608369,608671,665750,666969,"53.29",,,,,,,,4,3,"4-Seam Fastball",0,0,0,0,0,0,0,0,"Infield shade","Standard",226,"0.007","-0.063",,,,,"0.063","88.0",0,0,0.425,0.575,33,33,33,33,1,0,5,1,5,15,"1.25","0.92","0.92","33.3",,,,,
"FC","2023-06-15","91","-2.31","5.43","Eovaldi, Nathan",543685,543135,,"ball",,,,,14,,"R","R","R","TEX","LAA","B",,,1,0,2023,"0.13","0.89",0.8667478910888905,1.300438676018848,621493,,660271,1,1,"Top",,,,,,,7.7962456640971185,-132.1985689694946,-6.469695475825066,-0.09396736793861478,27.54301385400151,-20.497967586110914,3.20973161182197,1.59358973334323,,,,"92.4",2287,"7.2",717751,641680,663993,543760,669701,608369,608671,665750,666969,"53.31",,,,,,,,4,2,"Cutter",0,0,0,0,0,0,0,0,"Infield shade","Standard",200,"-0.007","0.064",,,,,"-0.064",,0,0,0.432,0.5680000000000001,33,33,33,33,1,0,5,1,5,15,"1.86","-0.13","-0.13","30.9",,,,,
"FF","2023-06-15","95.5","-2.33","5.4","Eovaldi, Nathan",543685,543135,,"ball",,,,,12,,"R","R","R","TEX","LAA","B",,,0,0,2023,"-0.96","1.17",1.686594122226098,2.4253324044284774,621493,,660271,1,1,"Top",,,,,,,12.914518012351323,-138.49471742919536,-4.896697423919886,-15.209582577430004,29.45814433126548,-16.073859127629316,3.23524587926537,1.53803455905629,,,,"96.9",2092,"7.2",717751,641680,663993,543760,669701,608369,608671,665750,666969,"53.35",,,,,,,,4,1,"4-Seam Fastball",0,0,0,0,0,0,0,0,"Standard","Standard",230,"-0.003","0.041",,,,,"-0.041",,0,0,0.435,0.565,33,33,33,33,1,0,5,1,5,15,"1.33","0.96","0.96","32.0",,,,,
"FF","2023-06-15","94.4","-2.36","5.45","Eovaldi, Nathan",545361,543135,"field_out","hit_into_play",,,,,6,"Mike Trout flies out to center fielder Leody Taveras. Taylor Ward to 3rd.","R","R","R","TEX","LAA","X",8,"fly_ball",2,0,2023,"-1.17","0.94",0.3407827911023362,2.3985655826054373,,621493,660271,0,1,"Top",124.18,62.35,,,,,9.789836501670582,-137.0217255502981,-4.342605717251272,-16.979238809860547,33.296028881334756,-19.498285511216107,3.53,1.66,339,"95.2",37,"95.4",2182,"7.2",717751,641680,663993,543760,669701,608369,608671,665750,666969,"53.27",0.103,0.196,"0",1,0,0,3,3,3,"4-Seam Fastball",0,0,0,0,0,0,0,0,"Infield shade","Standard",225,"0.046","-0.351",,,,0.382,"0.351","95.2",0,0,0.389,0.611,33,31,33,32,1,0,5,1,5,1,"1.65","1.17","1.17","30.5",,,,,
"FF","2023-06-15","94.8","-2.52","5.43","Eovaldi, Nathan",545361,543135,,"ball",,,,,11,,"R","R","R","TEX","LAA","B",,,1,0,2023,"-1.16","0.99",-1.4222354986792582,2.800559858108621,,621493,660271,0,1,"Top",,,,,,,5.527767891788515,-137.86271357027488,-3.366784197720346,-15.984749192275677,35.42377394341469,-19.03979881719413,3.4455514267469,1.56481458092417,,,,"95.5",2209,"7.1",717751,641680,663993,543760,669701,608369,608671,665750,666969,"53.44",,,,,,,,3,2,"4-Seam Fastball",0,0,0,0,0,0,0,0,"Infield shade","Standard",227,"-0.014","0.078",,,,,"-0.078",,0,0,0.403,0.597,33,31,33,32,1,0,5,1,5,1,"1.58","1.16","1.16","30.2",,,,,
"CU","2023-06-15","76.6","-2.23","5.62","Eovaldi, Nathan",545361,543135,,"ball",,,,,14,,"R","R","R","TEX","LAA","B",,,0,0,2023,"1","-0.27",1.5850146832420942,1.962697430742638,,621493,660271,0,1,"Top",,,,,,,6.299020865521443,-111.34059959053705,-0.13255491905939865,7.025634593473046,21.550242210236757,-34.61825366319552,3.3213094394012,1.49357921906539,,,,"76.9",1872,"6.8",717751,641680,663993,543760,669701,608369,608671,665750,666969,"53.74",,,,,,,,3,1,"Curveball",0,0,0,0,0,0,0,0,"Infield shade","Standard",45,"-0.007","0.042",,,,,"-0.042",,0,0,0.41,0.5900000000000001,33,31,33,32,1,0,5,1,5,1,"4.19","-1","-1","35.3",,,,,
"FS","2023-06-15","87","-2.32","5.44","Eovaldi, Nathan",660271,543135,"walk","ball",,,,,14,"Shohei Ohtani walks. Taylor Ward to 2nd.","R","L","R","TEX","LAA","B",,,3,2,2023,"-0.91","0.06",0.207560287099811,1.0888144514337377,,,621493,0,1,"Top",,,,,,,8.070065973881631,-126.50517024725458,-4.470891700121859,-11.382622509465323,25.044959233680924,-30.784849479710275,3.63818023105246,1.72617182507921,,,,"88.6",1451,"7.3",717751,641680,663993,543760,669701,608369,608671,665750,666969,"53.24",,0.695903,"0.7",1,0,0,,2,7,"Split-Finger",0,0,0,0,0,0,0,0,"Infield shade","Standard",241,"-0.046","0.311",,,,,"-0.311",,0,0,0.456,0.544,33,28,33,29,1,0,5,1,5,1,"2.95","0.91","-0.91","31.4",,,,,
"FS","2023-06-15","86.7","-2.43","5.58","Eovaldi, Nathan",660271,543135,,"foul",,,,,4,,"R","L","R","TEX","LAA","S",,,3,2,2023,"-0.68","0.12",-0.5547004713989234,2.724751706250263,,,621493,0,1,"Top",,,,,,,5.960986207338825,-126.29059424196035,-0.9235436198539719,-8.423417083118144,23.65975456445122,-30.94599592593356,3.54,1.63,272,"86.4",25,"88.3",1658,"7.1",717751,641680,663993,543760,669701,608369,608671,665750,666969,"53.44",,,,,,,,2,6,"Split-Finger",0,0,0,0,0,0,0,0,"Infield shade","Standard",236,"0","0",,,,,"0","88.0",0,0,0.456,0.544,33,28,33,29,1,0,5,1,5,1,"2.89","0.68","-0.68","33.9",,,,,
"FS","2023-06-15","87.1","-2.49","5.49","Eovaldi, Nathan",660271,543135,,"called_strike",,,,,4,,"R","L","R","TEX","LAA","S",,,3,1,2023,"-1.03","-0.03",-0.5398841572245386,2.5749618480579284,,,621493,0,1,"Top",,,,,,,6.907693941684142,-126.7544132476641,-0.8181591850576102,-12.451318734378898,23.622812267635567,-32.51394090348922,3.56761059037732,1.70045019661255,,,,"88.8",1571,"7.2",717751,641680,663993,543760,669701,608369,608671,665750,666969,"53.34",,,,,,,,2,5,"Split-Finger",0,0,0,0,0,0,0,0,"Infield shade","Standard",239,"0.014","-0.068",,,,,"0.068",,0,0,0.442,0.558,33,28,33,29,1,0,5,1,5,1,"3.01","1.03","-1.03","30.6",,,,,
"FF","2023-06-15","96","-2.53","5.35","Eovaldi, Nathan",660271,543135,,"called_strike",,,,,5,,"R","L","R","TEX","LAA","S",,,3,0,2023,"-0.98","1.2",-0.21716143149412315,2.7144783890537374,,,621493,0,1,"Top",,,,,,,8.48036630286342,-139.57091646646865,-4.1529120788666765,-14.741916274734074,31.311394722814878,-15.691209022502118,3.6492606124215,1.70082305869649,,,,"97.4",2235,"7.1",717751,641680,663993,543760,669701,608369,608671,665750,666969,"53.38",,,,,,,,2,4,"4-Seam Fastball",0,0,0,0,0,0,0,0,"Infield shade","Standard",228,"0.01","-0.07",,,,,"0.07",,0,0,0.432,0.5680000000000001,33,28,33,29,1,0,5,1,5,1,"1.27","0.98","-0.98","28.1",,,,,
"FC","2023-06-15","91.4","-2.29","5.54","Eovaldi, Nathan",660271,543135,,"ball",,,,,12,,"R","L","R","TEX","LAA","B",,,2,0,2023,"0.02","0.98",1.134895646046844,3.507327972607423,,,621493,0,1,"Top",,,,,,,8.728153220490833,-132.98685843960376,-1.4102842693762163,-1.54153051181332,26.93780309842918,-20.394852483021364,3.58295649630295,1.68374588407608,,,,"93.1",2270,"7.1",717751,641680,663993,543760,669701,608369,608671,665750,666969,"53.35",,,,,,,,2,3,"Cutter",0,0,0,0,0,0,0,0,"Infield shade","Standard",200,"-0.016","0.116",,,,,"-0.116",,0,0,0.448,0.552,33,28,33,29,1,0,5,1,5,1,"1.74","-0.02","0.02","37.3",,,,,
"FS","2023-06-15","88.3","-2.49","5.49","Eovaldi, Nathan",660271,543135,,"ball",,,,,13,,"R","L","R","TEX","LAA","B",,,1,0,2023,"-0.91","-0.01",-1.3377472190656587,2.4039141113726896,,,621493,0,1,"Top",,,,,,,4.770004198651513,-128.5581373305588,-1.4697744203953873,-11.009502829136325,24.1541386049602,-32.18779837716627,3.57868521553141,1.67304702824135,,,,"90.3",1789,"7.2",717751,641680,663993,543760,669701,608369,608671,665750,666969,"53.26",,,,,,,,2,2,"Split-Finger",0,0,0,0,0,0,0,0,"Infield shade","Standard",240,"-0.011","0.055",,,,,"-0.055",,0,0,0.459,0.5409999999999999,33,28,33,29,1,0,5,1,5,1,"2.91","0.91","-0.91","35.5",,,,,
"FS","2023-06-15","88.4","-2.4","5.54","Eovaldi, Nathan",660271,543135,,"ball",,,,,14,,"R","L","R","TEX","LAA","B",,,0,0,2023,"-0.84","-0.26",0.31636990158757017,1.0026736673097791,,,621493,0,1,"Top",,,,,,,8.497528006688459,-128.48668423193163,-4.5520111285939,-10.969466749369532,23.96201231758883,-34.40121423963559,3.56585444374342,1.64527166369007,,,,"90.1",1543,"7.2",717751,641680,663993,543760,669701,608369,608671,665750,666969,"53.3",,,,,,,,2,1,"Split-Finger",0,0,0,0,0,0,0,0,"Infield shade","Standard",244,"-0.005","0.03",,,,,"-0.03",,0,0,0.464,0.536,33,28,33,29,1,0,5,1,5,1,"3.16","0.84","-0.84","32.2",,,,,
"FC","2023-06-10","90.5","-2.5","5.38","Eovaldi, Nathan",677551,543135,"single","hit_into_play",,,,,12,"Wander Franco singles on a fly ball to left fielder Travis Jankowski. Yandy Diaz to 2nd.","R","L","R","TB","TEX","X",7,"fly_ball",2,1,2023,"0.15","0.85",0.8871921076193711,2.7646583876922324,,,650490,1,7,"Bot",81.68,127.44,,,,,8.292534415568047,-131.54188430432274,-2.4066720649754334,-0.0796894762392811,28.854359552824494,-21.973311299111913,3.3,1.45,193,"70.8",54,"92",2281,"7.3",717813,641680,663993,543760,673962,608369,608671,665750,666969,"53.17",0.068,0.065,"0.9",1,1,0,3,64,4,"Cutter",4,8,4,8,8,4,4,8,"Infield shade","Strategic",199,"0.035","0.387",,,,0.089,"-0.387","88.0",-4,-4,0.077,0.077,33,22,33,22,4,3,6,1,5,1,"1.94","-0.15","0.15","32.9",,,,,
"FF","2023-06-10","93.9","-2.66","5.27","Eovaldi, Nathan",677551,543135,,"ball",,,,,13,,"R","L","R","TB","TEX","B",,,1,1,2023,"-1.13","1.07",-1.2200471808835918,1.8347698560442542,,,650490,1,7,"Bot",,,,,,,6.287507872411623,-136.47393584695524,-5.5636096154156,-15.57005028678908,30.74887679688015,-17.74871803203169,3.41177073384778,1.52203249064914,,,,"94.5",2120,"6.8",717813,641680,663993,543760,673962,608369,608671,665750,666969,"53.75",,,,,,,,64,3,"4-Seam Fastball",4,8,4,8,8,4,4,8,"Infield shade","Strategic",228,"0.005","0.046",,,,,"-0.046",,-4,-4,0.072,0.072,33,22,33,22,4,3,6,1,5,1,"1.53","1.13","-1.13","28.8",,,,,
"FF","2023-06-10","94.4","-2.65","5.24","Eovaldi, Nathan",677551,543135,,"called_strike",,,,,4,,"R","L","R","TB","TEX","S",,,1,0,2023,"-0.88","1.33",-0.29461694167909647,2.71122439830419,,,650490,1,7,"Bot",,,,,,,8.245873831586604,-137.190497575227,-3.8831754939845005,-13.033304209371261,31.348386716593524,-14.742930491551075,3.43706608736319,1.47165675852186,,,,"95.8",2144,"7.2",717813,641680,663993,543760,673962,608369,608671,665750,666969,"53.28",,,,,,,,64,2,"4-Seam Fastball",4,8,4,8,8,4,4,8,"Infield shade","Standard",224,"-0.005","-0.053",,,,,"0.053",,-4,-4,0.077,0.077,33,22,33,22,4,3,6,1,5,1,"1.24","0.88","-0.88","29.6",,,,,
"CU","2023-06-10","75.1","-2.48","5.55","Eovaldi, Nathan",677551,543135,,"ball",,,,,2,,"R","L","R","TB","TEX","B",,,0,0,2023,"0.72","-0.84",-0.011468194957808264,3.454735524354751,,,650490,1,7,"Bot",,,,,,,3.8328406531772465,-109.14018995700525,4.360992103911891,5.066219954791735,19.871364779426024,-39.93449865331924,3.51305619911489,1.54699129103186,,,,"75.1",1861,"6.4",717813,641680,663993,543760,673962,608369,608671,665750,666969,"54.08",,,,,,,,64,1,"Curveball",4,8,4,8,8,4,4,8,"Infield shade","Standard",51,"0.004","0.036",,,,,"-0.036",,-4,-4,0.073,0.073,33,22,33,22,4,3,6,1,5,1,"4.91","-0.72","0.72","39.5",,,,,
"FS","2023-06-10","87","-2.59","5.41","Eovaldi, Nathan",650490,543135,"force_out","hit_into_play",,,,,7,"Yandy Diaz grounds into a force out, third baseman Josh Jung to second baseman Marcus Semien. Vidal Brujan out at 2nd. Yandy Diaz to 1st.","R","R","R","TB","TEX","X",5,"ground_ball",1,0,2023,"-1.3","0.05",-0.3141979723234112,2.0097254771688986,,,660644,0,7,"Bot",101.05,165.56,,,,,8.203819224190314,-126.41493649864198,-2.090152488357644,-15.641725134896152,25.263911794152985,-31.395891839442758,3.34,1.61,7,"105.3",-17,"87.8",1639,"6.8",717813,641680,663993,543760,673962,608369,608671,665750,666969,"53.65",0.191,0.178,"0",1,0,0,2,63,2,"Split-Finger",4,8,4,8,8,4,4,8,"Standard","Strategic",240,"-0.038","-0.38",,,,0.191,"0.38","105.3",-4,-4,0.111,0.111,33,31,33,32,4,3,6,1,5,1,"2.96","1.3","1.3","32.8",,,,,
"FF","2023-06-10","95.1","-2.48","5.3","Eovaldi, Nathan",650490,543135,,"ball",,,,,14,,"R","R","R","TB","TEX","B",,,0,0,2023,"-1.07","1.25",1.4607068977148734,0.9490592719726223,,,660644,0,7,"Bot",,,,,,,12.750880086583505,-137.65548986149773,-8.515500448625636,-16.525617932584332,31.627652151772434,-14.37963195494587,3.48766096151842,1.69841224686127,,,,"95.1",2211,"6.6",717813,641680,663993,543760,673962,608369,608671,665750,666969,"53.86",,,,,,,,63,1,"4-Seam Fastball",4,8,4,8,8,4,4,8,"Standard","Strategic",228,"0.006","0.03",,,,,"-0.03",,-4,-4,0.105,0.105,33,31,33,32,4,3,6,1,5,1,"1.3","1.07","1.07","30.3",,,,,
"FS","2023-06-10","87.8","-2.63","5.33","Eovaldi, Nathan",670623,543135,"strikeout","swinging_strike",,,,,13,"Isaac Paredes strikes out swinging.","R","R","R","TB","TEX","S",2,,1,2,2023,"-1.35","0.14",-0.6240245449548725,1.1739643782416511,,650490,668227,2,5,"Bot",,,,,,,7.713279163045754,-127.56759833503646,-4.234794415096108,-16.271923927547224,26.040753897666278,-29.98947780318716,3.12,1.48,,,,"88.7",1663,"6.9",717813,641680,663993,543760,673962,608369,608671,665750,666969,"53.61",,0,"0",1,0,0,,48,5,"Split-Finger",4,6,4,6,6,4,4,6,"Standard","Strategic",242,"-0.043","-0.213",,,,,"0.213",,-2,-2,0.264,0.264,33,24,33,24,3,2,6,1,5,1,"2.83","1.35","1.35","31.0",,,,,
"FF","2023-06-10","94.7","-2.63","5.24","Eovaldi, Nathan",670623,543135,,"foul",,,,,4,,"R","R","R","TB","TEX","S",,,1,2,2023,"-1","1.18",-0.828339988108356,2.3552553110166747,,650490,668227,2,5,"Bot",,,,,,,6.973440186901831,-137.66153439599236,-4.473931306604408,-14.329617102568694,32.242966201166254,-16.34353640904441,3.12,1.48,348,"100.8",34,"95",2152,"6.6",717813,641680,663993,543760,673962,608369,608671,665750,666969,"53.86",,,,,,,,48,4,"4-Seam Fastball",4,6,4,6,6,4,4,6,"Standard","Strategic",230,"0","0",,,,,"0","100.8",-2,-2,0.264,0.264,33,24,33,24,3,2,6,1,5,1,"1.38","1","1","29.2",,,,,
"FS","2023-06-10","88.9","-2.51","5.31","Eovaldi, Nathan",670623,543135,,"swinging_strike",,,,,14,,"R","R","R","TB","TEX","S",,,1,1,2023,"-1.32","0.15",0.2305124649060868,1.0999853391126142,,650490,668227,2,5,"Bot",,,,,,,9.647445789856535,-129.1312966676912,-4.617123334610809,-16.823898828424024,27.051706326765252,-29.72926298829296,3.12,1.48,,,,"90.2",1655,"7.2",717813,641680,663993,543760,673962,608369,608671,665750,666969,"53.32",,,,,,,,48,3,"Split-Finger",4,6,4,6,6,4,4,6,"Standard","Strategic",240,"-0.016","-0.069",,,,,"0.069",,-2,-2,0.28,0.28,33,24,33,24,3,2,6,1,5,1,"2.75","1.32","1.32","32.8",,,,,
"FF","2023-06-10","95.2","-2.6","5.2","Eovaldi, Nathan",670623,543135,,"called_strike",,,,,6,,"R","R","R","TB","TEX","S",,,1,0,2023,"-0.99","1.27",0.6012483168704894,2.1619063801405187,,650490,668227,2,5,"Bot",,,,,,,10.660381024861161,-138.07117149378462,-5.143655914006375,-15.143320681963793,32.35693657889528,-14.887546348007756,3.20945945570337,1.49684358398619,,,,"95.3",2224,"6.7",717813,641680,663993,543760,673962,608369,608671,665750,666969,"53.84",,,,,,,,48,2,"4-Seam Fastball",4,6,4,6,6,4,4,6,"Standard","Strategic",229,"-0.008","-0.045",,,,,"0.045",,-2,-2,0.288,0.288,33,24,33,24,3,2,6,1,5,1,"1.27","0.99","0.99","29.0",,,,,
"FF","2023-06-10","95.6","-2.49","5.24","Eovaldi, Nathan",670623,543135,,"ball",,,,,14,,"R","R","R","TB","TEX","B",,,0,0,2023,"-1.05","1.09",2.282681008038145,1.2421522907590519,,650490,668227,2,5,"Bot",,,,,,,15.031580056283373,-138.19297090994368,-7.371610308260989,-16.864477128318686,31.48959886360243,-16.526485226738277,3.20945945570337,1.47165675852186,,,,"96",2189,"6.9",717813,641680,663993,543760,673962,608369,608671,665750,666969,"53.59",,,,,,,,48,1,"4-Seam Fastball",4,6,4,6,6,4,4,6,"Standard","Strategic",231,"0.005","0.03",,,,,"-0.03",,-2,-2,0.283,0.283,33,24,33,24,3,2,6,1,5,1,"1.44","1.05","1.05","29.1",,,,,
"FF","2023-06-10","95.4","-2.53","5.18","Eovaldi, Nathan",668227,543135,"walk","ball",,,,,14,"Randy Arozarena walks. Yandy Diaz to 2nd.","R","R","R","TB","TEX","B",,,3,1,2023,"-1.23","1.14",1.1431048700039717,1.5894558470072138,,,650490,2,5,"Bot",,,,,,,12.585300768356513,-138.2749655572616,-6.436002330724003,-18.639758957276545,30.90156602553909,-16.14267628834286,3.31060348350913,1.62280872411486,,,,"96.5",2053,"7.2",717813,641680,663993,543760,673962,608369,608671,665750,666969,"53.35",,0.695903,"0.7",1,0,0,,47,5,"4-Seam Fastball",4,6,4,6,6,4,4,6,"Standard","Strategic",231,"0.019","0.164",,,,,"-0.164",,-2,-2,0.264,0.264,33,28,33,28,3,2,6,1,5,1,"1.38","1.23","1.23","29.3",,,,,
"FS","2023-06-10","87.3","-2.59","5.4","Eovaldi, Nathan",668227,543135,,"ball",,,,,13,,"R","R","R","TB","TEX","B",,,2,1,2023,"-1.38","0.13",-0.9886309325032943,2.0036663393405103,,,650490,2,5,"Bot",,,,,,,6.707865800405067,-127.0393228457818,-2.3033027847421352,-16.272244899683926,25.729170608957595,-30.534576318997335,3.28004141715553,1.59761159533471,,,,"87.8",1519,"6.5",717813,641680,663993,543760,673962,608369,608671,665750,666969,"53.95",,,,,,,,47,4,"Split-Finger",4,6,4,6,6,4,4,6,"Standard","Strategic",243,"0.009","0.097",,,,,"-0.097",,-2,-2,0.255,0.255,33,28,33,28,3,2,6,1,5,1,"2.86","1.38","1.38","36.3",,,,,
"FF","2023-06-10","94.2","-2.68","5.21","Eovaldi, Nathan",668227,543135,,"ball",,,,,13,,"R","R","R","TB","TEX","B",,,1,1,2023,"-1.13","1.29",-1.0930952270923338,2.2110997303005977,,,650490,2,5,"Bot",,,,,,,6.773047266203521,-136.99949138101505,-5.040623130305096,-15.71277106926299,30.68519242104108,-14.976455202977654,3.43706608736319,1.62280872411486,,,,"95.9",2066,"7.3",717813,641680,663993,543760,673962,608369,608671,665750,666969,"53.15",,,,,,,,47,3,"4-Seam Fastball",4,6,4,6,6,4,4,6,"Standard","Strategic",230,"0.005","0.036",,,,,"-0.036",,-2,-2,0.25,0.25,33,28,33,28,3,2,6,1,5,1,"1.28","1.13","1.13","30.0",,,,,
"FF","2023-06-10","95.2","-2.58","5.26","Eovaldi, Nathan",668227,543135,,"ball",,,,,13,,"R","R","R","TB","TEX","B",,,0,1,2023,"-1.04","1.32",-0.27746228945226403,1.239628393408343,,,650490,2,5,"Bot",,,,,,,8.422837083190322,-138.1988850459392,-7.865203923894019,-15.284664456710685,32.284336406859225,-13.581244837880192,3.563563514442,1.74882460450121,,,,"95.5",2199,"6.7",717813,641680,663993,543760,673962,608369,608671,665750,666969,"53.8",,,,,,,,47,2,"4-Seam Fastball",4,6,4,6,6,4,4,6,"Standard","Strategic",227,"0.003","0.025",,,,,"-0.025",,-2,-2,0.247,0.247,33,28,33,28,3,2,6,1,5,1,"1.21","1.04","1.04","28.4",,,,,
"FS","2023-06-10","87.9","-2.52","5.4","Eovaldi, Nathan",668227,543135,,"foul",,,,,14,,"R","R","R","TB","TEX","S",,,0,0,2023,"-1.2","0.5",0.019445705959208803,0.7173284612061566,,,650490,2,5,"Bot",,,,,,,8.669645311810397,-127.59923909076984,-6.267517075543326,-14.901676798443129,26.265262882982782,-25.556162114323143,3.28,1.49,2,"63.3",-29,"88.2",1601,"6.6",717813,641680,663993,543760,673962,608369,608671,665750,666969,"53.86",,,,,,,,47,1,"Split-Finger",4,6,4,6,6,4,4,6,"Standard","Strategic",238,"-0.005","-0.045",,,,,"0.045","88.0",-2,-2,0.252,0.252,33,28,33,28,3,2,6,1,5,1,"2.46","1.2","1.2","30.9",,,,,
"FC","2023-06-10","88.8","-2.51","5.5","Eovaldi, Nathan",666139,543135,"field_out","hit_into_play",,,,,6,"Josh Lowe flies out to left fielder Travis Jankowski.","R","L","R","TB","TEX","X",7,"fly_ball",1,1,2023,"0.3","0.5",0.6689125480294554,2.4412820271132287,,,650490,1,5,"Bot",102.85,93.74,,,,,7.16619326970237,-129.14854723869962,-2.4480176766604353,1.7512952885383675,28.375222127120377,-26.30086657294795,3.67,1.81,269,"90.3",48,"88.8",2126,"6.5",717813,641680,663993,543760,673962,608369,608671,665750,666969,"54.04",0.005,0.006,"0",1,0,0,3,46,3,"Cutter",4,6,4,6,6,4,4,6,"Infield shade","Strategic",195,"-0.039","-0.24",,,,0.01,"0.24","90.3",-2,-2,0.291,0.291,33,25,33,25,3,2,6,2,5,1,"2.41","-0.3","0.3","37.3",,,,,
"FF","2023-06-10","93.5","-2.57","5.49","Eovaldi, Nathan",666139,543135,,"swinging_strike",,,,,2,,"R","L","R","TB","TEX","S",,,1,0,2023,"-0.93","1.32",0.23916547051393122,3.73459927054334,,,650490,1,5,"Bot",,,,,,,9.305183050334044,-135.85654388437388,-1.6019485973820082,-13.652904076690545,32.99605767401721,-15.832637975083014,3.67,1.81,,,,"93.3",2222,"6.5",717813,641680,663993,543760,673962,608369,608671,665750,666969,"54.02",,,,,,,,46,2,"4-Seam Fastball",4,6,4,6,6,4,4,6,"Infield shade","Strategic",224,"-0.008","-0.053",,,,,"0.053",,-2,-2,0.299,0.299,33,25,33,25,3,2,6,2,5,1,"1.32","0.93","-0.93","32.9",,,,,
"CU","2023-06-10","75.3","-2.17","5.61","Eovaldi, Nathan",666139,543135,,"ball",,,,,14,,"R","L","R","TB","TEX","B",,,0,0,2023,"0.66","-0.86",1.5801898783116919,1.2565775726900466,,,650490,1,5,"Bot",,,,,,,6.676274550303841,-109.4563487034742,-0.27162177417617905,3.9226954352580927,21.72226532597805,-39.18179681426505,3.71540432505757,1.79924487126391,,,,"75.6",1923,"6.8",717813,641680,663993,543760,673962,608369,608671,665750,666969,"53.65",,,,,,,,46,1,"Curveball",4,6,4,6,6,4,4,6,"Infield shade","Strategic",45,"0.006","0.036",,,,,"-0.036",,-2,-2,0.293,0.293,33,25,33,25,3,2,6,2,5,1,"4.93","-0.66","0.66","39.2",,,,,
"FS","2023-06-10","87.1","-2.6","5.42","Eovaldi, Nathan",677551,543135,"field_out","hit_into_play",,,,,8,"Wander Franco flies out sharply to center fielder Leody Taveras.","R","L","R","TB","TEX","X",8,"fly_ball",1,1,2023,"-1.34","0.06",0.11212002906493446,1.6072475844007115,,,650490,0,5,"Bot",130.17,35.56,,,,,9.282205124756704,-126.51882121290274,-3.100338902073088,-16.277008119656227,25.829160894873034,-31.097590884858402,3.3,1.45,401,"101.4",26,"87.3",1649,"6.5",717813,641680,663993,543760,673962,608369,608671,665750,666969,"53.99",0.553,1.039657142857143,"0",1,0,0,6,45,3,"Split-Finger",4,6,4,6,6,4,4,6,"Infield shade","Strategic",240,"-0.048","-0.229",,,,2.016,"0.229","101.4",-2,-2,0.341,0.341,33,22,33,22,3,2,6,1,5,1,"2.96","1.34","-1.34","33.0",,,,,
"FC","2023-06-10","89.5","-2.5","5.44","Eovaldi, Nathan",677551,543135,,"called_strike",,,,,8,,"R","L","R","TB","TEX","S",,,1,0,2023,"0.19","0.91",0.21418457746337927,1.8997760254832998,,,650490,0,5,"Bot",,,,,,,6.308233589526273,-130.22403928627435,-4.660622769066101,0.82801202844576,27.530667199317175,-20.975059613434045,3.48766096151842,1.54722346827976,,,,"89.7",2211,"6.4",717813,641680,663993,543760,673962,608369,608671,665750,666969,"54.07",,,,,,,,45,2,"Cutter",4,6,4,6,6,4,4,6,"Infield shade","Strategic",197,"-0.01","-0.042",,,,,"0.042",,-2,-2,0.351,0.351,33,22,33,22,3,2,6,1,5,1,"1.93","-0.19","0.19","34.5",,,,,
"FS","2023-06-10","85.9","-2.6","5.63","Eovaldi, Nathan",677551,543135,,"ball",,,,,11,,"R","L","R","TB","TEX","B",,,0,0,2023,"-1.1","-0.08",-1.1480254092077928,3.4499052441426876,,,650490,0,5,"Bot",,,,,,,5.7268534599838254,-125.0001449174175,1.248244954417562,-12.638189377690304,24.11741521731098,-33.46918845884877,3.38647678500403,1.49684358398619,,,,"86.9",1466,"6.8",717813,641680,663993,543760,673962,608369,608671,665750,666969,"53.66",,,,,,,,45,1,"Split-Finger",4,6,4,6,6,4,4,6,"Standard","Strategic",239,"0.008","0.03",,,,,"-0.03",,-2,-2,0.343,0.343,33,22,33,22,3,2,6,1,5,1,"3.16","1.1","-1.1","34.4",,,,,
"FC","2023-06-10","89.9","-2.5","5.53","Eovaldi, Nathan",642336,543135,"home_run","hit_into_play",,,,,14,"Francisco Mejia homers (2) on a fly ball to right field. Randy Arozarena scores. Luke Raley scores.","R","L","R","TB","TEX","X",,"fly_ball",1,0,2023,"0.2","0.77",1.1504362057180164,1.8039812416608798,668227,670042,,2,4,"Bot",226.31,63.3,,,,,8.667092919905755,-130.5513182763839,-4.884720629625342,0.35806400438988734,28.786409544507492,-22.454529402717498,3.19,1.47,370,"97.7",35,"90.3",2340,"6.7",717813,641680,663993,543760,673962,608369,608671,665750,666969,"53.76",0.285,0.5614545454545454,"2",1,0,3,5,38,2,"Cutter",1,6,1,6,6,4,4,6,"Infield shade","Strategic",199,"0.161","1.253",,,,1.107,"-1.253","97.7",-5,-5,0.101,0.101,33,27,33,28,2,1,6,3,5,3,"2.07","-0.2","0.2","40.3",,,,,
"FC","2023-06-10","92.3","-2.42","5.43","Eovaldi, Nathan",642336,543135,,"ball",,,,,14,,"R","L","R","TB","TEX","B",,,0,0,2023,"0.04","1.29",2.1964874473178577,1.4919387384085276,668227,670042,,2,4,"Bot",,,,,,,11.775544563395227,-133.77660668897587,-7.05389372799489,-2.051923893198097,28.998041562728485,-15.238139242275501,3.19002386928484,1.37093047199126,,,,"93.1",2393,"7",717813,641680,663993,543760,673962,608369,608671,665750,666969,"53.49",,,,,,,,38,1,"Cutter",1,6,1,6,6,1,1,6,"Infield shade","Strategic",204,"0.002","0.018",,,,,"-0.018",,-5,-5,0.099,0.099,33,27,33,28,2,1,6,3,5,3,"1.41","-0.04","0.04","33.5",,,,,
"FF","2023-06-10","94.5","-2.53","5.45","Eovaldi, Nathan",642350,543135,"strikeout","swinging_strike",,,,,2,"Jose Siri strikes out swinging.","R","R","R","TB","TEX","S",2,,1,2,2023,"-0.97","1.38",-0.09534702686263286,3.08409862032692,668227,670042,,1,4,"Bot",,,,,,,8.560727089649532,-137.38833548596384,-3.5408859026774437,-14.171865933419673,31.312658152011338,-14.173412801302288,3.36,1.62,,,,"95.1",2122,"6.8",717813,641680,663993,543760,673962,608369,608671,665750,666969,"53.73",,0,"0",1,0,0,,37,4,"4-Seam Fastball",1,6,1,6,6,1,1,6,"Standard","Standard",224,"-0.036","-0.331",,,,,"0.331",,-5,-5,0.135,0.135,33,27,33,28,2,1,6,1,5,1,"1.19","0.97","0.97","34.0",,,,,
"FS","2023-06-10","87.7","-2.5","5.44","Eovaldi, Nathan",642350,543135,,"foul",,,,,7,,"R","R","R","TB","TEX","S",,,1,1,2023,"-1.15","0.16",-0.41207642253573207,1.5339918112248525,668227,670042,,1,4,"Bot",,,,,,,7.491164160467423,-127.54612599146837,-3.681073277182075,-14.135060142864573,25.867582850756662,-29.86967924288297,3.36,1.62,2,"95.5",-40,"88.3",1571,"6.6",717813,641680,663993,543760,673962,608369,608671,665750,666969,"53.85",,,,,,,,37,3,"Split-Finger",1,6,1,6,6,1,1,6,"Standard","Strategic",238,"-0.012","-0.08",,,,,"0.08","95.5",-5,-5,0.147,0.147,33,27,33,28,2,1,6,1,5,1,"2.8","1.15","1.15","37.0",,,,,
"FS","2023-06-10","87.2","-2.54","5.39","Eovaldi, Nathan",642350,543135,,"swinging_strike",,,,,13,,"R","R","R","TB","TEX","S",,,1,0,2023,"-1.1","0.08",-0.7522040559353129,1.261415341639676,668227,670042,,1,4,"Bot",,,,,,,6.633204525395415,-126.91741142959236,-3.994487837187072,-13.275700686331422,24.945629451081544,-30.706561240292398,3.36,1.62,,,,"88.1",1574,"6.8",717813,641680,663993,543760,673962,608369,608671,665750,666969,"53.74",,,,,,,,37,2,"Split-Finger",1,6,1,6,6,1,1,6,"Standard","Strategic",243,"-0.005","-0.036",,,,,"0.036",,-5,-5,0.152,0.152,33,27,33,28,2,1,6,1,5,1,"2.91","1.1","1.1","30.0",,,,,
"FF","2023-06-10","94.5","-2.6","5.25","Eovaldi, Nathan",642350,543135,,"ball",,,,,13,,"R","R","R","TB","TEX","B",,,0,0,2023,"-1.1","0.98",-1.4331958710911292,2.0477582839551367,668227,670042,,1,4,"Bot",,,,,,,5.532856940984692,-137.41105068138404,-4.850670330561064,-15.166149280530838,30.825291654551613,-18.846473282580437,3.5129604586853,1.62280872411486,,,,"95",2142,"6.7",717813,641680,663993,543760,673962,608369,608671,665750,666969,"53.84",,,,,,,,37,1,"4-Seam Fastball",1,6,1,6,6,1,1,6,"Standard","Strategic",230,"0.002","0.017",,,,,"-0.017",,-5,-5,0.15,0.15,33,27,33,28,2,1,6,1,5,1,"1.58","1.1","1.1","28.3",,,,,
"FS","2023-06-10","88","-2.47","5.55","Eovaldi, Nathan",670042,543135,"double","hit_into_play",,,,,4,"Luke Raley doubles (10) on a sharp fly ball to center fielder Leody Taveras. Josh Lowe scores. Randy Arozarena to 3rd.","R","L","R","TB","TEX","X",8,"fly_ball",1,0,2023,"-1.29","0.19",-0.5078575472787508,2.2816938071053605,,666139,668227,1,4,"Bot",75.66,49.16,,,,,7.508175092363266,-127.95370894269901,-2.2406785727458893,-15.720210579600373,26.380388921672264,-29.7789159092713,3.41,1.55,389,"101",29,"88.7",1574,"6.8",717813,641680,663993,543760,673962,608369,608671,665750,666969,"53.73",0.572,1.0987333333333333,"1.25",1,1,1,6,36,2,"Split-Finger",0,6,0,6,6,1,1,6,"Infield shade","Standard",236,"0.066","0.755",,,,2.182,"-0.755","101.0",-6,-6,0.084,0.084,33,28,33,29,2,1,6,2,5,2,"2.75","1.29","-1.29","34.8",,,,,
"FF","2023-06-10","96.3","-2.43","5.43","Eovaldi, Nathan",670042,543135,,"ball",,,,,14,,"R","L","R","TB","TEX","B",,,0,0,2023,"-1.04","1.17",1.146714468305784,1.8029742049364985,,666139,668227,1,4,"Bot",,,,,,,11.909039149615225,-139.63019681484474,-6.684337699315043,-16.408790936323204,32.73658398991641,-15.463731893161254,3.58886704949717,1.6732090603053,,,,"96.4",2159,"6.6",717813,641680,663993,543760,673962,608369,608671,665750,666969,"53.88",,,,,,,,36,1,"4-Seam Fastball",0,6,0,6,6,0,0,6,"Infield shade","Standard",228,"0.004","0.042",,,,,"-0.042",,-6,-6,0.08,0.08,33,28,33,29,2,1,6,2,5,2,"1.31","1.04","-1.04","34.2",,,,,
"FF","2023-06-10","96.5","-2.6","5.26","Eovaldi, Nathan",670623,543135,"field_out","hit_into_play",,,,,11,"Isaac Paredes pops out to third baseman Josh Jung on the infield fly rule.","R","R","R","TB","TEX","X",5,"popup",2,1,2023,"-1.04","1.19",-0.8636904594660824,2.687593696477638,,666139,668227,0,4,"Bot",110.96,165.7,,,,,7.016091171122888,-140.3685723948685,-3.973933318196496,-15.340200218201014,33.870411323086955,-15.727559769329588,3.12,1.48,98,"72.9",70,"96.8",2238,"6.6",717813,641680,663993,543760,673962,608369,608671,665750,666969,"53.88",0.001,0,"0",1,0,0,3,35,4,"4-Seam Fastball",0,6,0,6,6,0,0,6,"Standard","Standard",226,"-0.035","-0.271",,,,0.001,"0.271","88.0",-6,-6,0.115,0.115,33,24,33,24,2,1,6,1,5,1,"1.27","1.04","1.04","31.0",,,,,
"FF","2023-06-10","97","-2.51","5.3","Eovaldi, Nathan",670623,543135,,"ball",,,,,14,,"R","R","R","TB","TEX","B",,,1,1,2023,"-0.99","1.24",1.1026476620099763,2.304151932118339,,666139,668227,0,4,"Bot",,,,,,,11.972773736592222,-140.62647411285013,-5.265441427694241,-15.970169334366457,34.37201399701316,-14.606314279060747,3.12000917036723,1.49684358398619,,,,"97.1",2238,"6.7",717813,641680,663993,543760,673962,608369,608671,665750,666969,"53.78",,,,,,,,35,3,"4-Seam Fastball",0,6,0,6,6,0,0,6,"Infield shade","Standard",227,"0.007","0.052",,,,,"-0.052",,-6,-6,0.108,0.108,33,24,33,24,2,1,6,1,5,1,"1.21","0.99","0.99","32.5",,,,,
"CU","2023-06-10","77.6","-2.31","5.62","Eovaldi, Nathan",670623,543135,,"ball",,,,,14,,"R","R","R","TB","TEX","B",,,0,1,2023,"0.34","-0.77",1.3427837577057091,1.5786537734228103,,666139,668227,0,4,"Bot",,,,,,,7.202532473924998,-112.76185307315266,-0.21107521684817243,1.4368835934766406,22.636774097278145,-38.92013531032525,3.12000917036723,1.49684358398619,,,,"77.4",1845,"6.4",717813,641680,663993,543760,673962,608369,608671,665750,666969,"54.07",,,,,,,,35,2,"Curveball",0,6,0,6,6,0,0,6,"Standard","Standard",42,"0.003","0.034",,,,,"-0.034",,-6,-6,0.105,0.105,33,24,33,24,2,1,6,1,5,1,"4.6","-0.34","-0.34","35.5",,,,,
"FS","2023-06-10","88.3","-2.41","5.47","Eovaldi, Nathan",670623,543135,,"foul",,,,,8,,"R","R","R","TB","TEX","S",,,0,0,2023,"-1.31","0.09",-0.22111691709772008,1.8862535131362455,,666139,668227,0,4,"Bot",,,,,,,8.141292267040269,-128.4131127874931,-2.8352234867718513,-16.226232173809,26.77821740157877,-30.804381666373516,3.12,1.48,120,"89.1",9,"89",1485,"6.8",717813,641680,663993,543760,673962,608369,608671,665750,666969,"53.73",,,,,,,,35,1,"Split-Finger",0,6,0,6,6,0,0,6,"Standard","Standard",241,"-0.005","-0.048",,,,,"0.048","89.1",-6,-6,0.11,0.11,33,24,33,24,2,1,6,1,5,1,"2.84","1.31","1.31","32.4",,,,,
"FC","2023-06-10","91.9","-2.47","5.43","Eovaldi, Nathan",668227,543135,"single","hit_into_play",,,,,12,"Randy Arozarena singles on a line drive to right fielder Adolis Garcia. Josh Lowe to 2nd.","R","R","R","TB","TEX","X",9,"line_drive",1,1,2023,"0.07","1.26",0.9288277109717231,2.793331695564007,,,666139,0,4,"Bot",158.81,83.09,,,,,8.50107350326357,-133.5237763490907,-3.531107711909433,-1.039744571977732,29.913399349745532,-16.587664044464358,3.28,1.49,251,"81",22,"92.2",2383,"6.6",717813,641680,663993,543760,673962,608369,608671,665750,666969,"53.85",0.695,0.661,"0.9",1,1,0,4,34,3,"Cutter",0,6,0,6,6,0,0,6,"Standard","Strategic",202,"0.034","0.465",,,,0.801,"-0.465","88.0",-6,-6,0.076,0.076,33,28,33,28,2,1,6,1,5,1,"1.46","-0.07","-0.07","31.2",,,,,
"FS","2023-06-10","87","-2.62","5.49","Eovaldi, Nathan",668227,543135,,"ball",,,,,13,,"R","R","R","TB","TEX","B",,,0,1,2023,"-1.15","-0.15",-1.2029557456812396,2.228319550349612,,,666139,0,4,"Bot",,,,,,,5.781233355490782,-126.62988038591055,-1.3524648136172797,-13.519685951566123,25.6824075861543,-33.698402601753,3.31060348350913,1.52203249064914,,,,"87.5",1609,"6.6",717813,641680,663993,543760,673962,608369,608671,665750,666969,"53.9",,,,,,,,34,2,"Split-Finger",0,6,0,6,6,0,0,6,"Standard","Strategic",238,"0.002","0.024",,,,,"-0.024",,-6,-6,0.074,0.074,33,28,33,28,2,1,6,1,5,1,"3.16","1.15","1.15","32.0",,,,,
"FF","2023-06-10","95.1","-2.6","5.26","Eovaldi, Nathan",668227,543135,,"called_strike",,,,,4,,"R","R","R","TB","TEX","S",,,0,0,2023,"-1.17","1.24",-0.6015058765512586,2.4590768331483686,,,666139,0,4,"Bot",,,,,,,7.881466211557606,-138.12895979694625,-4.431885269564134,-16.813169729265276,32.8931798797112,-15.54238568924536,3.43706608736319,1.54722346827976,,,,"94.9",2210,"6.4",717813,641680,663993,543760,673962,608369,608671,665750,666969,"54.07",,,,,,,,34,1,"4-Seam Fastball",0,6,0,6,6,0,0,6,"Standard","Strategic",229,"-0.003","-0.036",,,,,"0.036",,-6,-6,0.077,0.077,33,28,33,28,2,1,6,1,5,1,"1.31","1.17","1.17","29.0",,,,,
"FS","2023-06-10","88.2","-2.61","5.44","Eovaldi, Nathan",677551,543135,"field_out","hit_into_play",,,,,8,"Wander Franco grounds out, first baseman Nathaniel Lowe to pitcher Nathan Eovaldi.","R","L","R","TB","TEX","X",3,"ground_ball",1,0,2023,"-1.13","0.14",0.2069991590193312,1.549702423181237,,642336,,2,3,"Bot",161.56,166.17,,,,,9.189402189847696,-128.15465296540972,-3.6965965692575637,-14.318173101760916,23.99770855942904,-30.052493735829668,3.3,1.45,3,"86.1",-31,"88.5",1525,"6.3",717813,641680,663993,543760,673962,608369,608671,665750,666969,"54.16",0.058,0.054,"0",1,0,0,2,26,2,"Split-Finger",0,3,0,3,3,0,0,3,"Infield shade","Strategic",240,"-0.032","-0.314",,,,0.08,"0.314","88.0",-3,-3,0.218,0.218,33,22,33,22,2,1,6,1,5,1,"2.77","1.13","-1.13","31.0",,,,,
"FC","2023-06-10","92","-2.46","5.43","Eovaldi, Nathan",677551,543135,,"ball",,,,,12,,"R","L","R","TB","TEX","B",,,0,0,2023,"0.04","1.02",1.871390291588638,2.8300141833822012,,642336,,2,3,"Bot",,,,,,,10.91501146251998,-133.56081168848968,-2.9654471257141335,-1.7107567735201255,27.51102757613021,-19.513557270345697,3.29999751509004,1.5381180823358,,,,"92.5",2380,"6.6",717813,641680,663993,543760,673962,608369,608671,665750,666969,"53.91",,,,,,,,26,1,"Cutter",0,3,0,3,3,0,0,3,"Infield shade","Strategic",202,"0.001","0.02",,,,,"-0.02",,-3,-3,0.217,0.217,33,22,33,22,2,1,6,1,5,1,"1.68","-0.04","0.04","31.8",,,,,
"FC","2023-06-10","91.8","-2.6","5.33","Eovaldi, Nathan",650490,543135,"field_out","hit_into_play",,,,,6,"Yandy Diaz lines out sharply to center fielder Leody Taveras.","R","R","R","TB","TEX","X",8,"line_drive",1,1,2023,"0.22","1.09",0.35077139366985305,2.360526453509287,,642336,,1,3,"Bot",142.8,83.87,,,,,7.077885500655588,-133.495467813685,-4.022754914240937,0.9773954944420143,30.401711931740383,-18.54208612496298,3.34,1.61,320,"108.5",15,"92.5",2409,"6.9",717813,641680,663993,543760,673962,608369,608671,665750,666969,"53.62",0.658,0.743,"0",1,0,0,6,25,3,"Cutter",0,3,0,3,3,0,0,3,"Standard","Strategic",203,"-0.035","-0.276",,,,1.145,"0.276","108.5",-3,-3,0.252,0.252,33,31,33,32,2,1,6,1,5,1,"1.64","-0.22","-0.22","29.9",,,,,
"FS","2023-06-10","89.5","-2.51","5.48","Eovaldi, Nathan",650490,543135,,"ball",,,,,14,,"R","R","R","TB","TEX","B",,,0,1,2023,"-1.05","-0.11",0.2543583694113425,0.9845052998713175,,642336,,1,3,"Bot",,,,,,,9.055689359652913,-130.0371645629836,-4.849501590234009,-13.774519556150366,27.044513082182018,-32.59997539172896,3.40982078919422,1.57430105375186,,,,"89.8",1669,"6.5",717813,641680,663993,543760,673962,608369,608671,665750,666969,"53.96",,,,,,,,25,2,"Split-Finger",0,3,0,3,3,0,0,3,"Standard","Standard",240,"0.004","0.024",,,,,"-0.024",,-3,-3,0.248,0.248,33,31,33,32,2,1,6,1,5,1,"2.96","1.05","1.05","32.2",,,,,
"FF","2023-06-10","95.3","-2.59","5.29","Eovaldi, Nathan",650490,543135,,"called_strike",,,,,7,,"R","R","R","TB","TEX","S",,,0,0,2023,"-1.08","1.26",-0.5773135845703405,2.155366840116723,,642336,,1,3,"Bot",,,,,,,7.79275618867698,-138.52638976032213,-5.440399018541144,-15.645441379393004,33.14217912258083,-14.960663346616066,3.46214624899973,1.62698457191658,,,,"96",2169,"6.9",717813,641680,663993,543760,673962,608369,608671,665750,666969,"53.58",,,,,,,,25,1,"4-Seam Fastball",0,3,0,3,3,0,0,3,"Standard","Strategic",226,"-0.006","-0.038",,,,,"0.038",,-3,-3,0.254,0.254,33,31,33,32,2,1,6,1,5,1,"1.27","1.08","1.08","31.9",,,,,
"CU","2023-06-10","76.5","-2.4","5.61","Eovaldi, Nathan",660644,543135,"strikeout","swinging_strike",,,,,5,"Vidal Brujan strikes out swinging.","R","L","R","TB","TEX","S",2,,1,2,2023,"0.55","-0.81",-0.2052252488978626,2.0147720898175328,,642336,,0,3,"Bot",,,,,,,3.663773070609394,-111.32694884813611,0.9708510016408383,3.8927317883165378,21.051094753826394,-39.32131642152337,3.16,1.48,,,,"77.2",1889,"6.9",717813,641680,663993,543760,673962,608369,608671,665750,666969,"53.59",,0,"0",1,0,0,,24,6,"Curveball",0,3,0,3,3,0,0,3,"Standard","Standard",50,"-0.031","-0.23",,,,,"0.23",,-3,-3,0.285,0.285,33,25,33,25,1,0,6,4,5,2,"4.72","-0.55","0.55","36.4",,,,,
"FF","2023-06-10","96.8","-2.57","5.41","Eovaldi, Nathan",660644,543135,,"ball",,,,,14,,"R","L","R","TB","TEX","B",,,0,2,2023,"-0.97","1.39",1.1134947580935532,2.27433507639786,,642336,,0,3,"Bot",,,,,,,12.08640906466734,-140.2718656417069,-5.963871268348582,-15.688860891461422,33.3254072606525,-12.600770979006535,3.29154508443716,1.55900012384819,,,,"96.9",2238,"6.7",717813,641680,663993,543760,673962,608369,608671,665750,666969,"53.81",,,,,,,,24,5,"4-Seam Fastball",0,3,0,3,3,0,0,3,"Standard","Standard",224,"0.005","0.017",,,,,"-0.017",,-3,-3,0.28,0.28,33,25,33,25,1,0,6,4,5,2,"1.07","0.97","-0.97","31.7",,,,,
"FS","2023-06-10","87.9","-2.5","5.56","Eovaldi, Nathan",660644,543135,,"foul",,,,,13,,"R","L","R","TB","TEX","S",,,0,2,2023,"-1.34","0.19",-0.19642847117455675,1.1138152076982748,,642336,,0,3,"Bot",,,,,,,8.419844113910193,-127.71005131638445,-5.077722799831905,-16.415224255102352,26.618148448236962,-29.158178646084735,3.16,1.48,1,"65.1",-47,"88.5",1669,"6.8",717813,641680,663993,543760,673962,608369,608671,665750,666969,"53.71",,,,,,,,24,4,"Split-Finger",0,3,0,3,3,0,0,3,"Standard","Standard",236,"0","0",,,,,"0","88.0",-3,-3,0.28,0.28,33,25,33,25,1,0,6,4,5,2,"2.77","1.34","-1.34","33.4",,,,,
"FF","2023-06-10","96","-2.6","5.44","Eovaldi, Nathan",660644,543135,,"foul",,,,,3,,"R","L","R","TB","TEX","S",,,0,2,2023,"-1.01","1.28",0.36248056870021106,3.1222671536642004,,642336,,0,3,"Bot",,,,,,,10.155160262610844,-139.46609739059133,-3.4539862908404366,-15.418783869804114,30.968462175505884,-14.805285148828625,3.16,1.48,243,"73.9",38,"96.4",2258,"6.6",717813,641680,663993,543760,673962,608369,608671,665750,666969,"53.94",,,,,,,,24,3,"4-Seam Fastball",0,3,0,3,3,0,0,3,"Standard","Standard",227,"0","0",,,,,"0","88.0",-3,-3,0.28,0.28,33,25,33,25,1,0,6,4,5,2,"1.2","1.01","-1.01","30.8",,,,,
"FC","2023-06-10","90.8","-2.6","5.51","Eovaldi, Nathan",660644,543135,,"foul",,,,,5,,"R","L","R","TB","TEX","S",,,0,1,2023,"-0.01","0.82",-0.11070129450084681,2.183682921167585,,642336,,0,3,"Bot",,,,,,,6.267217265439468,-132.02454626602477,-4.1455402273163005,-1.5016804889552764,29.63521564501991,-21.90730589097439,3.16,1.48,215,"78",53,"90.9",2323,"6.5",717813,641680,663993,543760,673962,608369,608671,665750,666969,"53.96",,,,,,,,24,2,"Cutter",0,3,0,3,3,0,0,3,"Standard","Standard",198,"-0.011","-0.062",,,,,"0.062","88.0",-3,-3,0.291,0.291,33,25,33,25,1,0,6,4,5,2,"1.96","0.01","-0.01","32.1",,,,,
"FC","2023-06-10","90.7","-2.56","5.5","Eovaldi, Nathan",660644,543135,,"called_strike",,,,,11,,"R","L","R","TB","TEX","S",,,0,0,2023,"0.12","0.79",-0.05442929951084439,3.4093559595357443,,642336,,0,3,"Bot",,,,,,,6.085262403605095,-132.02877907843614,-0.9824212375710536,0.02557804062398164,29.10989495436296,-22.936489941116168,3.25055977916251,1.50894803710149,,,,"91.6",2290,"6.9",717813,641680,663993,543760,673962,608369,608671,665750,666969,"53.62",,,,,,,,24,1,"Cutter",0,3,0,3,3,0,0,3,"Infield shade","Standard",199,"-0.007","-0.046",,,,,"0.046",,-3,-3,0.298,0.298,33,25,33,25,1,0,6,4,5,2,"1.98","-0.12","0.12","39.0",,,,,
"FF","2023-06-10","96.1","-2.51","5.36","Eovaldi, Nathan",668227,543135,"field_out","hit_into_play",,,,,4,"Randy Arozarena grounds out, shortstop Corey Seager to first baseman Nathaniel Lowe.","R","R","R","TB","TEX","X",6,"ground_ball",0,0,2023,"-1.19","1.03",-0.512722135702155,2.304153977497607,,666139,,2,1,"Bot",103.47,158.91,,,,,8.060500483079553,-139.66032620338444,-4.828117984004296,-17.45823235111316,34.351473135149924,-17.749712030394413,3.28,1.49,11,"90.7",-13,"96.6",2132,"6.8",717813,641680,663993,543760,673962,608369,608671,665750,666969,"53.66",0.165,0.157,"0",1,0,0,2,9,1,"4-Seam Fastball",0,0,0,0,0,0,0,0,"Standard","Standard",229,"-0.033","-0.294",,,,0.187,"0.294","90.7",0,0,0.533,0.533,33,28,33,28,1,0,6,1,5,1,"1.46","1.19","1.19","32.1",,,,,
"FF","2023-06-04","95.8","-2.56","5.34","Eovaldi, Nathan",677594,543135,"field_out","hit_into_play",,,,,11,"Julio Rodriguez grounds out, first baseman Nathaniel Lowe to pitcher Nathan Eovaldi.","R","R","R","TEX","SEA","X",3,"ground_ball",0,1,2023,"-1.09","1.07",-0.89177801768123,3.092489530799697,676609,,,2,3,"Top",148.5,179.79,,,,,6.922728890212917,-139.34616700430638,-2.7543854493220272,-15.743921739010519,32.54971991307541,-17.772390040759365,3.33,1.52,32,"60.6",-1,"96.4",2187,"6.7",717894,641680,663993,543760,673962,608369,543257,608671,666969,"53.78",0.104,0.098,"0",1,0,0,2,21,2,"4-Seam Fastball",2,0,0,2,0,2,0,2,"Standard","Standard",229,"0.032","-0.257",,,,0.129,"0.257","88.0",2,-2,0.732,0.268,33,22,33,23,2,1,6,1,6,2,"1.42","1.09","1.09","26.4",,,,,
"FS","2023-06-04","87.2","-2.37","5.53","Eovaldi, Nathan",677594,543135,,"swinging_strike",,,,,14,,"R","R","R","TEX","SEA","S",,,0,0,2023,"-1.22","-0.12",0.4595780028383494,1.2552114266870018,676609,,,2,3,"Top",,,,,,,9.36110784730345,-126.66676846614163,-3.8702544423282497,-15.041637180855744,25.522457156704178,-32.85857077022316,3.33,1.52,,,,"87.7",1594,"6.7",717894,641680,663993,543760,673962,608369,543257,608671,666969,"53.83",,,,,,,,21,1,"Split-Finger",2,0,0,2,0,2,0,2,"Standard","Standard",236,"0.006","-0.036",,,,,"0.036",,2,-2,0.726,0.274,33,22,33,23,2,1,6,1,6,2,"3.12","1.22","1.22","33.5",,,,,
"FF","2023-06-04","95.2","-2.46","5.49","Eovaldi, Nathan",672284,543135,"strikeout","swinging_strike",,,,,11,"Jarred Kelenic strikes out swinging.","R","L","R","TEX","SEA","S",2,,0,2,2023,"-1.01","1.11",-0.027767233739429686,3.7811151188349417,676609,,,1,3,"Top",,,,,,,8.69252800507179,-138.3817170934459,-1.3041147895543046,-14.924510224701075,31.863277538959277,-17.90253647573683,3.52,1.66,,,,"95.6",2136,"6.7",717894,641680,663993,543760,673962,608369,543257,608671,666969,"53.83",,0,"0",1,0,0,,20,3,"4-Seam Fastball",2,0,0,2,0,2,0,2,"Infield shade","Standard",226,"0.036","-0.305",,,,,"0.305",,2,-2,0.69,0.31000000000000005,33,23,33,24,2,1,6,1,6,2,"1.42","1.01","-1.01","29.5",,,,,
"FS","2023-06-04","88.1","-2.5","5.6","Eovaldi, Nathan",672284,543135,,"swinging_strike",,,,,13,,"R","L","R","TEX","SEA","S",,,0,1,2023,"-1.18","0.13",-0.08523085243418071,0.9048375246059575,676609,,,1,3,"Top",,,,,,,8.36477559975262,-127.99026215061622,-5.5886971888861305,-14.705920798392913,26.29604001118818,-29.76163585921015,3.52,1.66,,,,"88.5",1550,"6.6",717894,641680,663993,543760,673962,608369,543257,608671,666969,"53.87",,,,,,,,20,2,"Split-Finger",2,0,0,2,0,2,0,2,"Infield shade","Standard",239,"0.015","-0.085",,,,,"0.085",,2,-2,0.675,0.32499999999999996,33,23,33,24,2,1,6,1,6,2,"2.82","1.18","-1.18","32.5",,,,,
"CU","2023-06-04","75.2","-2.26","5.8","Eovaldi, Nathan",672284,543135,,"called_strike",,,,,9,,"R","L","R","TEX","SEA","S",,,0,0,2023,"0.58","-0.79",0.6222297874740447,1.998626099782281,676609,,,1,3,"Top",,,,,,,5.0018020255474225,-109.3562017456534,0.7449953495152206,3.706477943161386,20.374673335745186,-38.887381595855935,3.53446147046641,1.71218971676746,,,,"75.8",1993,"6.9",717894,641680,663993,543760,673962,608369,543257,608671,666969,"53.65",,,,,,,,20,1,"Curveball",2,0,0,2,0,2,0,2,"Infield shade","Standard",43,"0.009","-0.055",,,,,"0.055",,2,-2,0.666,0.33399999999999996,33,23,33,24,2,1,6,1,6,2,"4.85","-0.58","0.58","36.8",,,,,
"FS","2023-06-04","86.9","-2.44","5.6","Eovaldi, Nathan",543939,543135,"field_out","hit_into_play",,,,,13,"Kolten Wong grounds out, third baseman Josh Jung to first baseman Nathaniel Lowe. Jose Caballero to 3rd.","R","L","R","TEX","SEA","X",5,"ground_ball",1,2,2023,"-1.22","-0.14",-1.0786726172934606,1.6759228830526434,,,676609,0,3,"Top",112.76,173.13,,,,,5.795594817591302,-126.51484437948852,-3.0019189872999705,-14.283532763922397,24.07924512723659,-33.28429312953363,3.03,1.4,2,"76.9",-40,"87.8",1671,"6.7",717894,641680,663993,543760,673962,608369,543257,608671,666969,"53.84",0.08,0.072,"0",1,0,0,2,19,4,"Split-Finger",2,0,0,2,0,2,0,2,"Infield shade","Standard",243,"-0.016","-0.279",,,,0.08,"0.279","88.0",2,-2,0.682,0.31799999999999995,33,32,33,33,1,0,6,1,6,2,"3.14","1.22","-1.22","34.1",,,,,
"FS","2023-06-04","85.6","-2.4","5.6","Eovaldi, Nathan",543939,543135,,"ball",,,,,11,,"R","L","R","TEX","SEA","B",,,0,2,2023,"-1.19","0.19",-1.1083422955765445,3.562696111902189,,,676609,0,3,"Top",,,,,,,5.50228544299615,-124.6044688250081,1.0487653760700586,-13.499764936586478,23.033136751267808,-30.57820126560082,3.08974711132935,1.46122318589379,,,,"86.8",1567,"6.9",717894,641680,663993,543760,673962,608369,543257,608671,666969,"53.64",,,,,,,,19,3,"Split-Finger",2,0,0,2,0,2,0,2,"Infield shade","Standard",240,"-0.004","0.008",,,,,"-0.008",,2,-2,0.686,0.31399999999999995,33,32,33,33,1,0,6,1,6,2,"2.9","1.19","-1.19","32.3",,,,,
"FF","2023-06-04","95.2","-2.42","5.5","Eovaldi, Nathan",543939,543135,,"foul",,,,,2,,"R","L","R","TEX","SEA","S",,,0,1,2023,"-1.08","1.17",-0.18630407226627277,2.6522792154371713,,,676609,0,3,"Top",,,,,,,8.358774527654074,-138.34844828666712,-4.443409704507003,-15.762247852628015,32.445988524480796,-16.404178702898115,3.03,1.4,204,"72.9",41,"95.7",2214,"6.8",717894,641680,663993,543760,673962,608369,543257,608671,666969,"53.73",,,,,,,,19,2,"4-Seam Fastball",2,0,0,2,0,2,0,2,"Infield shade","Standard",227,"0.01","-0.043",,,,,"0.043","88.0",2,-2,0.676,0.32399999999999995,33,32,33,33,1,0,6,1,6,2,"1.37","1.08","-1.08","29.4",,,,,
"CU","2023-06-04","75.7","-2.41","5.71","Eovaldi, Nathan",543939,543135,,"called_strike",,,,,8,,"R","L","R","TEX","SEA","S",,,0,0,2023,"0.49","-0.6",0.16453485700812265,1.4305552453619237,,,676609,0,3,"Top",,,,,,,4.5132177901541475,-110.20357904180587,-0.750847626350307,3.2039732328156556,19.78713543634196,-37.13464786410354,3.14536942403949,1.46122318589379,,,,"76.2",1930,"6.6",717894,641680,663993,543760,673962,608369,543257,608671,666969,"53.88",,,,,,,,19,1,"Curveball",2,0,0,2,0,2,0,2,"Infield shade","Standard",49,"0.006","-0.036",,,,,"0.036",,2,-2,0.67,0.32999999999999996,33,32,33,33,1,0,6,1,6,2,"4.58","-0.49","0.49","36.9",,,,,
"FS","2023-06-04","88.6","-2.38","5.66","Eovaldi, Nathan",645801,543135,"field_out","hit_into_play",,,,,7,"Mike Ford flies out to shortstop Corey Seager.","R","L","R","TEX","SEA","X",6,"fly_ball",3,2,2023,"-1.27","0.41",-0.5593498934485306,1.7820902073572884,606192,,,2,2,"Top",93.57,120.9,,,,,7.125290955004551,-128.7986447298936,-4.305729590421664,-15.573153497275264,25.261177360957415,-26.952740939829162,3.17,1.54,213,"77.9",54,"89.3",1675,"6.6",717894,641680,663993,543760,673962,608369,543257,608671,666969,"53.86",0.045,0.043,"0",1,0,0,3,14,7,"Split-Finger",2,0,0,2,0,2,0,2,"Infield shade","Standard",237,"0.038","-0.314",,,,0.061,"0.314","88.0",2,-2,0.709,0.29100000000000004,33,30,33,31,1,0,6,2,6,2,"2.49","1.27","-1.27","34.4",,,,,
"FC","2023-06-04","90.4","-2.34","5.68","Eovaldi, Nathan",645801,543135,,"foul",,,,,3,,"R","L","R","TEX","SEA","S",,,3,2,2023,"0.24","1.12",0.5664211043463379,2.9623112952317188,606192,,,2,2,"Top",,,,,,,6.791283613718663,-131.45268869819648,-3.197913856414073,1.2665742417190209,29.146647406793434,-18.72076514193319,3.17,1.54,227,"76.1",58,"91",2331,"6.8",717894,641680,663993,543760,673962,608369,543257,608671,666969,"53.7",,,,,,,,14,6,"Cutter",2,0,0,2,0,2,0,2,"Infield shade","Standard",208,"0","0",,,,,"0","88.0",2,-2,0.709,0.29100000000000004,33,30,33,31,1,0,6,2,6,2,"1.68","-0.24","0.24","31.6",,,,,
"FC","2023-06-04","91.2","-2.56","5.59","Eovaldi, Nathan",645801,543135,,"swinging_strike",,,,,2,,"R","L","R","TEX","SEA","S",,,3,1,2023,"0.19","1",-0.05895113026163952,2.839357056865129,606192,,,2,2,"Top",,,,,,,5.925326489816671,-132.75595237614152,-3.184300055189368,0.9747410735335281,29.061260298871186,-19.872513691856106,3.17,1.54,,,,"91.9",2313,"6.7",717894,641680,663993,543760,673962,608369,543257,608671,666969,"53.78",,,,,,,,14,5,"Cutter",2,0,0,2,0,2,0,2,"Infield shade","Standard",210,"0.004","-0.062",,,,,"0.062",,2,-2,0.705,0.29500000000000004,33,30,33,31,1,0,6,2,6,2,"1.74","-0.19","0.19","31.3",,,,,
"FS","2023-06-04","87.9","-2.36","5.61","Eovaldi, Nathan",645801,543135,,"ball",,,,,14,,"R","L","R","TEX","SEA","B",,,2,1,2023,"-1.34","0.39",0.8374891832764084,1.0768863230338455,606192,,,2,2,"Top",,,,,,,10.579050020609964,-127.459294974132,-5.6690869466746925,-16.743278637903316,26.22623728328989,-26.914373021617166,3.39555476178049,1.68430980881148,,,,"88.3",1744,"6.7",717894,641680,663993,543760,673962,608369,543257,608671,666969,"53.78",,,,,,,,14,4,"Split-Finger",2,0,0,2,0,2,0,2,"Infield shade","Standard",238,"-0.005","0.052",,,,,"-0.052",,2,-2,0.71,0.29000000000000004,33,30,33,31,1,0,6,2,6,2,"2.58","1.34","-1.34","32.1",,,,,
"FC","2023-06-04","90","-2.47","5.64","Eovaldi, Nathan",645801,543135,,"swinging_strike",,,,,2,,"R","L","R","TEX","SEA","S",,,2,0,2023,"-0.5","1.09",0.010764491884507454,3.1431227452552344,606192,,,2,2,"Top",,,,,,,7.2517812578167495,-130.94331656652346,-2.5660870259340687,-7.250068115462546,26.94960246607649,-19.244195180294312,3.17,1.54,,,,"90.7",2294,"6.6",717894,641680,663993,543760,673962,608369,543257,608671,666969,"53.86",,,,,,,,14,3,"Cutter",2,0,0,2,0,2,0,2,"Infield shade","Standard",196,"0.003","-0.037",,,,,"0.037",,2,-2,0.707,0.29300000000000004,33,30,33,31,1,0,6,2,6,2,"1.72","0.5","-0.5","31.8",,,,,
"FS","2023-06-04","88","-2.47","5.73","Eovaldi, Nathan",645801,543135,,"ball",,,,,13,,"R","L","R","TEX","SEA","B",,,1,0,2023,"-1.26","0.54",-0.03255669237576053,1.4051894747105567,606192,,,2,2,"Top",,,,,,,8.548774453558504,-127.78677082296458,-5.504114897164423,-15.633193146213275,26.664565549415567,-25.25445831855523,3.33997472300773,1.62854589513088,,,,"88.1",1702,"6.5",717894,641680,663993,543760,673962,608369,543257,608671,666969,"54",,,,,,,,14,2,"Split-Finger",2,0,0,2,0,2,0,2,"Infield shade","Standard",238,"-0.003","0.041",,,,,"-0.041",,2,-2,0.71,0.29000000000000004,33,30,33,31,1,0,6,2,6,2,"2.42","1.26","-1.26","37.3",,,,,
"CU","2023-06-04","74.8","-2.26","5.83","Eovaldi, Nathan",645801,543135,,"ball",,,,,14,,"R","L","R","TEX","SEA","B",,,0,0,2023,"0.98","-0.58",1.4069427379590262,0.6985328262020136,606192,,,2,2,"Top",,,,,,,5.871541019453746,-108.70695354942485,-2.304694294393455,6.603307274746555,20.88615141229667,-36.51643841130929,3.45112496163161,1.71218971676746,,,,"75.2",1983,"6.8",717894,641680,663993,543760,673962,608369,543257,608671,666969,"53.67",,,,,,,,14,1,"Curveball",2,0,0,2,0,2,0,2,"Infield shade","Standard",43,"-0.001","0.028",,,,,"-0.028",,2,-2,0.711,0.28900000000000003,33,30,33,31,1,0,6,2,6,2,"4.7","-0.98","0.98","35.5",,,,,
"FF","2023-05-29","95.3","-2.62","5.15","Eovaldi, Nathan",682985,543135,"field_out","hit_into_play",,,,,14,"Riley Greene grounds out, second baseman Marcus Semien to first baseman Nathaniel Lowe.","R","L","R","DET","TEX","X",4,"ground_ball",3,2,2023,"-0.98","1.28",0.10927769587462877,1.3916964714642854,,,595879,2,5,"Bot",154.44,149.9,,,,,9.494025517711604,-138.41428518672834,-7.245730231552706,-14.64228696343222,27.234691008244294,-14.296740505742672,3.66,1.74,5,"97.2",-16,"96.9",2190,"7",717979,641680,663993,543760,673962,608369,669352,665750,666969,"53.47",0.177,0.163,"0",1,0,0,2,42,6,"4-Seam Fastball",0,3,0,3,3,0,0,3,"Infield shade","Standard",226,"-0.028","-0.305",,,,0.177,"0.305","97.2",-3,-3,0.165,0.165,33,22,33,23,3,2,6,1,6,1,"1.22","0.98","-0.98","29.2",,,,,
"FF","2023-05-29","95.9","-2.47","5.29","Eovaldi, Nathan",682985,543135,,"ball",,,,,6,,"R","L","R","DET","TEX","B",,,2,2,2023,"-1.04","1.25",0.796072115952865,2.529764688652719,,,595879,2,5,"Bot",,,,,,,11.079387121453296,-139.1590549429141,-4.538596188627818,-15.941770571701626,30.638014257172955,-15.072276414867359,3.60364485986063,1.72816611273992,,,,"96.7",2152,"6.9",717979,641680,663993,543760,673962,608369,669352,665750,666969,"53.64",,,,,,,,42,5,"4-Seam Fastball",0,3,0,3,3,0,0,3,"Infield shade","Standard",227,"0.008","0.065",,,,,"-0.065",,-3,-3,0.157,0.157,33,22,33,23,3,2,6,1,6,1,"1.24","1.04","-1.04","30.3",,,,,
"FC","2023-05-29","89.1","-2.43","5.48","Eovaldi, Nathan",682985,543135,,"swinging_strike",,,,,14,,"R","L","R","DET","TEX","S",,,2,1,2023,"0.23","0.59",1.0403725257470136,1.689058066792672,,,595879,2,5,"Bot",,,,,,,8.076168609170823,-129.4462081401345,-4.516510334363883,0.8979258070777276,27.144175442013506,-24.811329754430634,3.66,1.74,,,,"89.6",2321,"6.7",717979,641680,663993,543760,673962,608369,669352,665750,666969,"53.81",,,,,,,,42,4,"Cutter",0,3,0,3,3,0,0,3,"Infield shade","Standard",176,"-0.007","-0.063",,,,,"0.063",,-3,-3,0.164,0.164,33,22,33,23,3,2,6,1,6,1,"2.29","-0.23","0.23","34.3",,,,,
"FC","2023-05-29","89.5","-2.59","5.33","Eovaldi, Nathan",682985,543135,,"foul",,,,,5,,"R","L","R","DET","TEX","S",,,2,0,2023,"-0.43","0.7",-0.022209100280812466,2.569643163533353,,,595879,2,5,"Bot",,,,,,,7.342049067219192,-130.24182914553757,-2.3357295415613377,-6.427247949047899,25.804733519367296,-23.94912287394531,3.66,1.74,275,"92.3",44,"90.9",2376,"7",717979,641680,663993,543760,673962,608369,669352,665750,666969,"53.51",,,,,,,,42,3,"Cutter",0,3,0,3,3,0,0,3,"Infield shade","Standard",195,"-0.005","-0.051",,,,,"0.051","92.3",-3,-3,0.169,0.169,33,22,33,23,3,2,6,1,6,1,"2.14","0.43","-0.43","30.9",,,,,
"FS","2023-05-29","85.8","-2.45","5.59","Eovaldi, Nathan",682985,543135,,"ball",,,,,11,,"R","L","R","DET","TEX","B",,,1,0,2023,"-0.92","0.17",-1.3324605025351706,2.6941799868173844,,,595879,2,5,"Bot",,,,,,,4.527772737498987,-125.04821176248029,-1.0597566746669935,-10.495727970147627,20.289343279981317,-30.37275835531692,3.58172301728623,1.7229777556448,,,,"87.1",1413,"6.6",717979,641680,663993,543760,673962,608369,669352,665750,666969,"53.93",,,,,,,,42,2,"Split-Finger",0,3,0,3,3,0,0,3,"Infield shade","Standard",247,"0.005","0.037",,,,,"-0.037",,-3,-3,0.164,0.164,33,22,33,23,3,2,6,1,6,1,"2.87","0.92","-0.92","34.8",,,,,
"CU","2023-05-29","74.4","-2.39","5.56","Eovaldi, Nathan",682985,543135,,"blocked_ball",,,,,14,,"R","L","R","DET","TEX","B",,,0,0,2023,"0.76","-0.81",1.4781008618979083,0.3404173444235292,,,595879,2,5,"Bot",,,,,,,6.60739341752788,-108.23616176117379,-2.0372818232232266,4.833971080555897,19.19620626158407,-38.406322234690535,3.59385504919105,1.76315031981311,,,,"74.5",1943,"6.4",717979,641680,663993,543760,673962,608369,669352,665750,666969,"54.11",,,,,,,,42,1,"Curveball",0,3,0,3,3,0,0,3,"Infield shade","Standard",47,"0.003","0.03",,,,,"-0.03",,-3,-3,0.161,0.161,33,22,33,23,3,2,6,1,6,1,"4.94","-0.76","0.76","36.3",,,,,
"CU","2023-05-29","76.2","-2.17","5.45","Eovaldi, Nathan",628451,543135,"strikeout","swinging_strike",,,,,14,"Andy Ibanez strikes out swinging.","R","R","R","DET","TEX","S",2,,0,2,2023,"0.47","-0.65",0.6817130611741756,1.0811994268342477,,,606992,2,4,"Bot",,,,,,,5.1737358180178346,-111.02049530427877,-1.036430537628963,3.0896333933012556,17.8493525743378,-37.64095024628881,2.9,1.38,,,,"76.9",1887,"6.5",717979,641680,663993,543760,673962,608369,669352,665750,666969,"54.03",,0,"0",1,0,0,,32,4,"Curveball",0,0,0,0,0,0,0,0,"Standard","Standard",43,"-0.017","-0.186",,,,,"0.186",,0,0,0.517,0.517,33,30,33,30,2,1,6,2,6,1,"4.54","-0.47","-0.47","35.2",,,,,
"FF","2023-05-29","95.1","-2.57","5.17","Eovaldi, Nathan",628451,543135,,"foul",,,,,7,,"R","R","R","DET","TEX","S",,,0,2,2023,"-0.94","1.11",-0.5997592372206187,1.7221183850815207,,,606992,2,4,"Bot",,,,,,,7.303818564166426,-138.3236361568413,-5.974701378817611,-13.561543123615172,27.553777716599875,-16.7083961127515,2.9,1.38,116,"61.3",16,"96.1",2221,"6.7",717979,641680,663993,543760,673962,608369,669352,665750,666969,"53.85",,,,,,,,32,3,"4-Seam Fastball",0,0,0,0,0,0,0,0,"Standard","Standard",227,"0","0",,,,,"0","88.0",0,0,0.517,0.517,33,30,33,30,2,1,6,2,6,1,"1.39","0.94","0.94","27.0",,,,,
"FC","2023-05-29","90.6","-2.62","5.39","Eovaldi, Nathan",628451,543135,,"foul",,,,,3,,"R","R","R","DET","TEX","S",,,0,1,2023,"0.01","0.72",0.5140469542636324,2.9625477619357987,,,606992,2,4,"Bot",,,,,,,7.839877697944066,-131.84869230440097,-1.7521800522369448,-1.3460925603604912,24.70348370723847,-23.52808251373604,2.9,1.38,278,"84",42,"91.5",2326,"6.6",717979,641680,663993,543760,673962,608369,669352,665750,666969,"53.91",,,,,,,,32,2,"Cutter",0,0,0,0,0,0,0,0,"Standard","Standard",193,"-0.007","-0.055",,,,,"0.055","88.0",0,0,0.524,0.524,33,30,33,30,2,1,6,2,6,1,"2.03","-0.01","-0.01","29.9",,,,,
"FF","2023-05-29","96","-2.49","5.23","Eovaldi, Nathan",628451,543135,,"called_strike",,,,,11,,"R","R","R","DET","TEX","S",,,0,0,2023,"-0.75","1.12",-0.9547470274484284,2.263111983072572,,,606992,2,4,"Bot",,,,,,,5.796681147117416,-139.7611845262214,-4.90666264492999,-11.026901549067563,27.380497197409884,-16.55330156863737,2.94902556261529,1.36923888289936,,,,"97.3",2115,"6.7",717979,641680,663993,543760,673962,608369,669352,665750,666969,"53.78",,,,,,,,32,1,"4-Seam Fastball",0,0,0,0,0,0,0,0,"Standard","Standard",227,"-0.004","-0.045",,,,,"0.045",,0,0,0.528,0.528,33,30,33,30,2,1,6,2,6,1,"1.32","0.75","0.75","27.1",,,,,
"FC","2023-05-29","91","-2.53","5.36","Eovaldi, Nathan",679529,543135,"field_out","hit_into_play",,,,,9,"Spencer Torkelson grounds out, shortstop Corey Seager to first baseman Nathaniel Lowe.","R","R","R","DET","TEX","X",6,"ground_ball",2,0,2023,"-0.11","0.73",0.33422924196790105,1.8588739171400448,656716,,682985,2,3,"Bot",110.25,154.48,,,,,7.462506439559219,-132.34533307537072,-4.518686494187974,-2.804439708106293,26.979440375157473,-22.761013115790004,3.46,1.6,35,"103",-1,"91.8",2246,"6.7",717979,641680,663993,543760,673962,608369,669352,665750,666969,"53.78",0.447,0.403,"0",1,0,0,4,23,3,"Cutter",0,0,0,0,0,0,0,0,"Standard","Standard",205,"-0.063","-0.398",,,,0.478,"0.398","103.0",0,0,0.563,0.563,33,23,33,24,2,1,6,1,6,1,"2.01","0.11","0.11","30.0",,,,,
"FC","2023-05-29","92.1","-2.52","5.32","Eovaldi, Nathan",679529,543135,,"ball",,,,,14,,"R","R","R","DET","TEX","B",,,1,0,2023,"0.11","1.11",1.1325771986818602,1.717710388879936,656716,,682985,2,3,"Bot",,,,,,,9.057095483176337,-133.7481468338231,-5.740980750421681,-0.5845151226360507,28.808416914866303,-17.727346339840633,3.4289825346397,1.60033386675191,,,,"92.5",2352,"6.6",717979,641680,663993,543760,673962,608369,669352,665750,666969,"53.85",,,,,,,,23,2,"Cutter",0,0,0,0,0,0,0,0,"Infield shade","Standard",205,"0.005","0.042",,,,,"-0.042",,0,0,0.558,0.558,33,23,33,24,2,1,6,1,6,1,"1.58","-0.11","-0.11","31.0",,,,,
"FF","2023-05-29","95.2","-2.43","5.25","Eovaldi, Nathan",679529,543135,,"ball",,,,,14,,"R","R","R","DET","TEX","B",,,0,0,2023,"-1.22","0.76",1.4411555088193058,1.3333549357887151,656716,,682985,2,3,"Bot",,,,,,,12.967359435582255,-137.92693354512755,-6.335369038150414,-18.44724954528999,31.377722093831657,-21.119408686799108,3.4496387207114,1.59999902778335,,,,"95.6",2146,"6.8",717979,641680,663993,543760,673962,608369,669352,665750,666969,"53.71",,,,,,,,23,1,"4-Seam Fastball",0,0,0,0,0,0,0,0,"Infield shade","Standard",230,"0.003","0.042",,,,,"-0.042",,0,0,0.555,0.555,33,23,33,24,2,1,6,1,6,1,"1.78","1.22","1.22","31.7",,,,,
"FF","2023-05-29","95.9","-2.43","5.39","Eovaldi, Nathan",682985,543135,"single","hit_into_play",,,,,6,"Riley Greene singles on a line drive to right fielder Adolis Garcia. Zach McKinstry to 3rd.","R","L","R","DET","TEX","X",9,"line_drive",0,0,2023,"-0.98","1.11",0.2947347716484926,2.9282399285603713,,,656716,2,3,"Bot",194.06,114.27,,,,,9.499173319954993,-139.49611107252215,-3.477923326592503,-14.778133163692658,28.41807332884269,-17.067404412950573,3.66,1.74,118,"99.2",7,"97.1",2220,"6.8",717979,641680,663993,543760,673962,608369,669352,665750,666969,"53.72",0.655,0.615,"0.9",1,1,0,4,22,1,"4-Seam Fastball",0,0,0,0,0,0,0,0,"Infield shade","Standard",222,"0.029","0.368",,,,0.747,"-0.368","99.2",0,0,0.526,0.526,33,22,33,23,2,1,6,1,6,1,"1.35","0.98","-0.98","31.2",,,,,
"CU","2023-05-29","77.4","-2.26","5.46","Eovaldi, Nathan",595879,543135,"strikeout","swinging_strike_blocked",,,,,14,"Javier Baez strikes out swinging.","R","R","R","DET","TEX","S",2,,1,2,2023,"0.77","-0.85",1.6863494654777946,0.2707399437482323,,,656716,1,3,"Bot",,,,,,,7.011448929393928,-112.48926279384419,-2.5302527338083705,5.186183509137976,21.147638021532217,-39.12785183049206,3.48,1.64,,,,"77.3",2037,"6.4",717979,641680,663993,543760,673962,608369,669352,665750,666969,"54.13",,0,"0",1,0,0,,21,5,"Curveball",0,0,0,0,0,0,0,0,"Standard","Standard",44,"-0.022","-0.183",,,,,"0.183",,0,0,0.548,0.548,33,30,33,31,2,1,6,1,6,1,"4.68","-0.77","-0.77","34.3",,,,,
"FF","2023-05-29","96.4","-2.46","5.25","Eovaldi, Nathan",595879,543135,,"foul",,,,,9,,"R","R","R","DET","TEX","S",,,1,2,2023,"-0.95","1.05",0.5409177293091517,1.9689857738866654,,,656716,1,3,"Bot",,,,,,,10.209478921954648,-139.95893131640457,-5.567214593333131,-14.760384915914043,30.257100305904185,-17.25191744998309,3.48,1.64,246,"83.7",24,"97.2",2095,"6.8",717979,641680,663993,543760,673962,608369,669352,665750,666969,"53.74",,,,,,,,21,4,"4-Seam Fastball",0,0,0,0,0,0,0,0,"Standard","Standard",228,"0","0",,,,,"0","88.0",0,0,0.548,0.548,33,30,33,31,2,1,6,1,6,1,"1.4","0.95","0.95","28.4",,,,,
"FC","2023-05-29","92.7","-2.53","5.31","Eovaldi, Nathan",595879,543135,,"swinging_strike",,,,,9,,"R","R","R","DET","TEX","S",,,1,1,2023,"-0.16","1.23",0.6602275717046694,1.5786596157506791,,,656716,1,3,"Bot",,,,,,,8.566064960332529,-134.6979342728549,-6.5206901193770355,-3.61513382671757,26.6984360077759,-15.909408931053314,3.48,1.64,,,,"93.7",2322,"6.8",717979,641680,663993,543760,673962,608369,669352,665750,666969,"53.74",,,,,,,,21,3,"Cutter",0,0,0,0,0,0,0,0,"Standard","Standard",208,"-0.008","-0.055",,,,,"0.055",,0,0,0.556,0.556,33,30,33,31,2,1,6,1,6,1,"1.41","0.16","0.16","30.2",,,,,
"FF","2023-05-29","95.3","-2.65","5.1","Eovaldi, Nathan",595879,543135,,"called_strike",,,,,9,,"R","R","R","DET","TEX","S",,,1,0,2023,"-1.24","0.96",0.3896822900026835,2.0779316684084232,,,656716,1,3,"Bot",,,,,,,10.855779333350757,-138.45895564587445,-4.537778559474245,-18.209556463336725,27.82473621395042,-18.995466923202418,3.61748695577642,1.68491148433306,,,,"96.4",2171,"6.8",717979,641680,663993,543760,673962,608369,669352,665750,666969,"53.69",,,,,,,,21,2,"4-Seam Fastball",0,0,0,0,0,0,0,0,"Standard","Standard",233,"-0.006","-0.053",,,,,"0.053",,0,0,0.562,0.562,33,30,33,31,2,1,6,1,6,1,"1.54","1.24","1.24","31.9",,,,,
"FF","2023-05-29","97.2","-2.55","5.16","Eovaldi, Nathan",595879,543135,,"ball",,,,,14,,"R","R","R","DET","TEX","B",,,0,0,2023,"-1.04","1.01",1.3238892412089147,2.625728962893783,,,656716,1,3,"Bot",,,,,,,12.789836504131237,-140.96650064734487,-3.5824298284817386,-16.7521205539113,30.53448143664862,-18.04560598350999,3.61497732106763,1.66661904202636,,,,"97.5",2193,"6.5",717979,641680,663993,543760,673962,608369,669352,665750,666969,"53.97",,,,,,,,21,1,"4-Seam Fastball",0,0,0,0,0,0,0,0,"Infield shade","Standard",234,"0.004","0.036",,,,,"-0.036",,0,0,0.558,0.558,33,30,33,31,2,1,6,1,6,1,"1.41","1.04","1.04","25.2",,,,,
"FF","2023-05-29","96","-2.63","5.17","Eovaldi, Nathan",628451,543135,"grounded_into_double_play","hit_into_play",,,,,13,"Rangers challenged (play at 1st), call on the field was overturned: Andy Ibanez grounds into a double play, shortstop Corey Seager to second baseman Marcus Semien to first baseman Nathaniel Lowe. Eric Haase out at 2nd. Andy Ibanez out at 1st.","R","R","R","DET","TEX","X",6,"ground_ball",1,0,2023,"-1.12","0.98",-1.0227118980647913,2.117331067455466,665155,668731,606992,1,2,"Bot",111.1,166.49,,,,,6.864254624328582,-139.6605465890483,-4.755644003122608,-16.213940456196436,30.602379517734597,-18.473573246155773,2.9,1.38,33,"63.5",0,"96.9",2265,"6.8",717979,641680,663993,543760,673962,608369,669352,665750,666969,"53.74",0.083,0.078,"0",1,0,0,2,14,2,"4-Seam Fastball",0,0,0,0,0,0,0,0,"Standard","Standard",226,"-0.163","-0.327",,,,0.085,"0.327","88.0",0,0,0.663,0.663,33,30,33,30,1,0,6,2,6,1,"1.49","1.12","1.12","27.3",,,,,
"FF","2023-05-29","96.1","-2.53","5.11","Eovaldi, Nathan",628451,543135,,"ball",,,,,14,,"R","R","R","DET","TEX","B",,,0,0,2023,"-1.05","1.1",0.08345443244171835,1.195523385205932,665155,668731,606992,1,2,"Bot",,,,,,,9.382871579514203,-139.5882399708292,-7.3413551794033225,-15.822148818858814,29.56337192545137,-16.351630552625245,2.96676829090371,1.45751418527469,,,,"97",2214,"6.8",717979,641680,663993,543760,673962,608369,669352,665750,666969,"53.75",,,,,,,,14,1,"4-Seam Fastball",0,0,0,0,0,0,0,0,"Standard","Standard",230,"0.009","0.032",,,,,"-0.032",,0,0,0.654,0.654,33,30,33,30,1,0,6,2,6,1,"1.37","1.05","1.05","26.4",,,,,
"FF","2023-05-29","97","-2.63","5.11","Eovaldi, Nathan",606992,543135,"force_out","hit_into_play",,,,,5,"Eric Haase grounds into a force out, first baseman Nathaniel Lowe to catcher Jonah Heim. Spencer Torkelson out at home. Nick Maton to 3rd. Akil Baddoo to 2nd. Eric Haase to 1st.","R","R","R","DET","TEX","X",3,"ground_ball",2,1,2023,"-1.19","0.91",0.14486026484614634,2.5918906762436293,679529,665155,668731,0,2,"Bot",152.92,170.76,,,,,10.22118580545322,-140.75341728344645,-3.2274893709347174,-18.203786826887615,34.726740102593254,-19.588397714603833,3.23,1.49,3,"96",-39,"97.3",2269,"6.8",717979,641680,663993,543760,673962,608369,669352,665750,666969,"53.69",0.065,0.064,"0",1,0,0,2,13,4,"4-Seam Fastball",0,0,0,0,0,0,0,0,"Standard","Standard",235,"-0.069","-0.285",,,,0.087,"0.285","96.0",0,0,0.723,0.723,33,30,33,31,1,0,6,1,6,1,"1.55","1.19","1.19","24.7",,,,,
"FC","2023-05-29","92.7","-2.34","5.32","Eovaldi, Nathan",606992,543135,,"ball",,,,,14,,"R","R","R","DET","TEX","B",,,1,1,2023,"0.09","1.08",1.3030574085110989,1.2818216037311436,679529,665155,668731,0,2,"Bot",,,,,,,9.188519691979684,-134.70382910727238,-6.9735324143992425,-0.6997704639984221,27.155864719160924,-17.670030791020142,3.13901767371539,1.4863496032213,,,,"93.8",2429,"6.9",717979,641680,663993,543760,673962,608369,669352,665750,666969,"53.63",,,,,,,,13,3,"Cutter",0,0,0,0,0,0,0,0,"Standard","Standard",204,"0.011","0.044",,,,,"-0.044",,0,0,0.712,0.712,33,30,33,31,1,0,6,1,6,1,"1.56","-0.09","-0.09","37.0",,,,,
"FF","2023-05-29","95.8","-2.69","5.15","Eovaldi, Nathan",606992,543135,,"foul",,,,,11,,"R","R","R","DET","TEX","S",,,1,0,2023,"-1.18","1.15",-1.6309836978233376,3.2456389382377804,679529,665155,668731,0,2,"Bot",,,,,,,5.496849656572025,-139.4578078508356,-2.033473836450028,-16.60717646966624,30.500169291742594,-16.910757771408605,3.23,1.49,90,"64.5",23,"96.7",2225,"6.7",717979,641680,663993,543760,673962,608369,669352,665750,666969,"53.79",,,,,,,,13,2,"4-Seam Fastball",0,0,0,0,0,0,0,0,"Standard","Standard",230,"-0.011","-0.043",,,,,"0.043","88.0",0,0,0.723,0.723,33,30,33,31,1,0,6,1,6,1,"1.33","1.18","1.18","25.2",,,,,
"FC","2023-05-29","92.4","-2.47","5.37","Eovaldi, Nathan",606992,543135,,"ball",,,,,12,,"R","R","R","DET","TEX","B",,,0,0,2023,"0.09","0.96",1.2475301985241662,2.5031339382107474,679529,665155,668731,0,2,"Bot",,,,,,,9.341785056452075,-134.36498664804614,-3.6555943470023657,-0.7273358194118881,25.504034068524376,-19.901322372059344,3.22999884065887,1.50533674074978,,,,"93.4",2335,"6.6",717979,641680,663993,543760,673962,608369,669352,665750,666969,"53.88",,,,,,,,13,1,"Cutter",0,0,0,0,0,0,0,0,"Standard","Standard",206,"0.008","0.037",,,,,"-0.037",,0,0,0.715,0.715,33,30,33,31,1,0,6,1,6,1,"1.69","-0.09","-0.09","30.1",,,,,
"FS","2023-05-29","88.5","-2.59","5.43","Eovaldi, Nathan",668731,543135,"single","hit_into_play",,,,,5,"Akil Baddoo singles on a line drive to right fielder Adolis Garcia. Spencer Torkelson to 3rd. Nick Maton to 2nd.","R","L","R","DET","TEX","X",9,"line_drive",0,1,2023,"-1.3","0.25",-0.2614682219728446,2.244902664589969,,679529,665155,0,2,"Bot",183.39,122.41,,,,,8.430320149728484,-128.7750768455107,-2.279647864193842,-16.158076518366354,24.335931074791517,-29.109402506934252,3.32,1.62,171,"106.2",7,"89.3",1692,"6.6",717979,641680,663993,543760,673962,608369,669352,665750,666969,"53.94",0.666,0.614,"0.9",1,1,0,4,12,2,"Split-Finger",0,0,0,0,0,0,0,0,"Standard","Standard",245,"0.079","0.508",,,,0.748,"-0.508","106.2",0,0,0.636,0.636,33,24,33,25,1,0,6,1,6,1,"2.64","1.3","-1.3","31.8",,,,,
"CU","2023-05-29","75.3","-2.35","5.63","Eovaldi, Nathan",668731,543135,,"foul",,,,,9,,"R","L","R","DET","TEX","S",,,0,0,2023,"0.73","-0.52",0.5113155602748115,2.023806481231955,,679529,665155,0,2,"Bot",,,,,,,4.667831239133221,-109.61702184337487,0.5479867864448198,5.075509132546496,18.593026749507686,-36.649050489188255,3.32,1.62,16,"73.9",-7,"75.8",1895,"6.5",717979,641680,663993,543760,673962,608369,669352,665750,666969,"53.96",,,,,,,,12,1,"Curveball",0,0,0,0,0,0,0,0,"Standard","Standard",48,"-0.008","-0.048",,,,,"0.048","88.0",0,0,0.644,0.644,33,24,33,25,1,0,6,1,6,1,"4.52","-0.73","0.73","36.8",,,,,
"FC","2023-05-29","91.9","-2.46","5.4","Eovaldi, Nathan",665155,543135,"walk","ball",,,,,14,"Nick Maton walks. Spencer Torkelson to 2nd.","R","L","R","DET","TEX","B",,,3,2,2023,"-0.08","1.1",1.0632428136861676,1.446344552593613,,,679529,0,2,"Bot",,,,,,,9.181153536661846,-133.4879594891259,-6.618681663331059,-2.878071452827567,27.419221662187333,-17.764184660580625,3.03801830921993,1.40645607069396,,,,"92.7",2358,"6.8",717979,641680,663993,543760,673962,608369,669352,665750,666969,"53.72",,0.695903,"0.7",1,0,0,,11,7,"Cutter",0,0,0,0,0,0,0,0,"Infield shade","Standard",203,"0.047","0.311",,,,,"-0.311",,0,0,0.597,0.597,33,26,33,26,1,0,6,1,6,1,"1.6","0.08","-0.08","30.9",,,,,
"FS","2023-05-29","85.8","-2.47","5.51","Eovaldi, Nathan",665155,543135,,"foul",,,,,13,,"R","L","R","DET","TEX","S",,,3,2,2023,"-1.12","0.1",-1.0794147120115773,2.1646441813926423,,,679529,0,2,"Bot",,,,,,,5.599094635871754,-124.97096342728605,-1.9744262999810744,-12.860086325426636,20.821401976201912,-30.9365182524366,3.24,1.54,5,"37.6",-23,"87",1557,"6.6",717979,641680,663993,543760,673962,608369,669352,665750,666969,"53.89",,,,,,,,11,6,"Split-Finger",0,0,0,0,0,0,0,0,"Infield shade","Standard",244,"0","0",,,,,"0","88.0",0,0,0.597,0.597,33,26,33,26,1,0,6,1,6,1,"2.95","1.12","-1.12","32.5",,,,,
"FS","2023-05-29","87.3","-2.49","5.5","Eovaldi, Nathan",665155,543135,,"ball",,,,,14,,"R","L","R","DET","TEX","B",,,2,2,2023,"-1.02","0.17",0.25705106004791245,1.1556021095055353,,,679529,0,2,"Bot",,,,,,,8.749067283648944,-126.88555770726221,-4.773538080569605,-12.626006742016749,21.72466963328098,-29.58967639751366,3.06934229940024,1.47108052008385,,,,"88.4",1615,"6.7",717979,641680,663993,543760,673962,608369,669352,665750,666969,"53.82",,,,,,,,11,5,"Split-Finger",0,0,0,0,0,0,0,0,"Infield shade","Standard",243,"0.013","0.088",,,,,"-0.088",,0,0,0.584,0.584,33,26,33,26,1,0,6,1,6,1,"2.78","1.02","-1.02","34.1",,,,,
"FC","2023-05-29","91.2","-2.49","5.45","Eovaldi, Nathan",665155,543135,,"swinging_strike",,,,,9,,"R","L","R","DET","TEX","S",,,2,1,2023,"0.04","0.76",0.6384073145451847,1.993309112327655,,,679529,0,2,"Bot",,,,,,,7.82197775382371,-132.7312128821248,-4.533905157084091,-1.0300642874440014,25.296384987163535,-22.38347247810024,3.24,1.54,,,,"92.1",2313,"6.6",717979,641680,663993,543760,673962,608369,669352,665750,666969,"53.9",,,,,,,,11,4,"Cutter",0,0,0,0,0,0,0,0,"Infield shade","Standard",200,"-0.011","-0.056",,,,,"0.056",,0,0,0.595,0.595,33,26,33,26,1,0,6,1,6,1,"1.95","-0.04","0.04","32.8",,,,,
"FS","2023-05-29","84.9","-2.51","5.62","Eovaldi, Nathan",665155,543135,,"ball",,,,,11,,"R","L","R","DET","TEX","B",,,1,1,2023,"-0.9","0.27",-1.8376997970372742,3.799040246945435,,,679529,0,2,"Bot",,,,,,,3.3890544313118767,-123.65862073986767,1.4529530325454811,-9.934039529170834,21.51820750083039,-29.779491647509914,3.17613412905527,1.49367629514824,,,,"85.7",1575,"6.5",717979,641680,663993,543760,673962,608369,669352,665750,666969,"54.03",,,,,,,,11,3,"Split-Finger",0,0,0,0,0,0,0,0,"Infield shade","Standard",235,"0.008","0.042",,,,,"-0.042",,0,0,0.587,0.587,33,26,33,26,1,0,6,1,6,1,"2.85","0.9","-0.9","36.2",,,,,
"FS","2023-05-29","84.6","-2.44","5.69","Eovaldi, Nathan",665155,543135,,"ball",,,,,11,,"R","L","R","DET","TEX","B",,,0,1,2023,"-1.18","0.01",-1.1009882581497712,3.897388711087982,,,679529,0,2,"Bot",,,,,,,5.509103155527299,-123.20681344615548,2.0832868066877204,-13.101678471489624,22.231169956897674,-32.622049384096755,3.17176211517466,1.5908136132711,,,,"85.3",1545,"6.5",717979,641680,663993,543760,673962,608369,669352,665750,666969,"54.01",,,,,,,,11,2,"Split-Finger",0,0,0,0,0,0,0,0,"Infield shade","Standard",241,"0.003","0.024",,,,,"-0.024",,0,0,0.584,0.584,33,26,33,26,1,0,6,1,6,1,"3.14","1.18","-1.18","38.1",,,,,
"FS","2023-05-29","87.4","-2.48","5.45","Eovaldi, Nathan",665155,543135,,"swinging_strike",,,,,1,,"R","L","R","DET","TEX","S",,,0,0,2023,"-1.03","0.08",-0.7189711786073272,2.7392514327435635,,,679529,0,2,"Bot",,,,,,,6.385005172240529,-127.32548894108737,-0.6249833898394002,-12.423993829276908,22.989485274122682,-31.41629741367525,3.24,1.54,,,,"88.3",1585,"6.5",717979,641680,663993,543760,673962,608369,669352,665750,666969,"53.98",,,,,,,,11,1,"Split-Finger",0,0,0,0,0,0,0,0,"Infield shade","Standard",243,"-0.005","-0.036",,,,,"0.036",,0,0,0.589,0.589,33,26,33,26,1,0,6,1,6,1,"2.87","1.03","-1.03","31.8",,,,,
"FF","2023-05-23","96.4","-2.45","5.31","Eovaldi, Nathan",457705,543135,"single","hit_into_play",,,,,6,"Umpire reviewed (tag play), call on the field was upheld: Andrew McCutchen singles on a sharp line drive to right fielder Adolis Garcia. Ji Hwan Bae out at 3rd on the throw, right fielder Adolis Garcia to second baseman Marcus Semien.","R","R","R","PIT","TEX","X",9,"line_drive",0,0,2023,"-1.06","1.05",0.4932850364084902,2.7485197147699623,,,678225,2,8,"Bot",161.07,90.98,,,,,10.297541528303734,-140.01152435560988,-3.6189476494862856,-16.228854362462144,31.76772713163749,-17.6770047771724,3.32,1.59,188,"105.8",11,"96.9",2136,"6.7",718065,641680,663993,543760,673962,608369,669352,665750,666969,"53.79",0.932,0.934,"0.9",1,1,0,4,62,1,"4-Seam Fastball",1,6,1,6,6,1,1,6,"Standard","Standard",229,"-0.005","0.368",,,,1.241,"-0.368","105.8",-5,-5,0.011,0.011,33,36,33,37,4,3,6,1,6,1,"1.41","1.06","1.06","26.8",,,,,
"CU","2023-05-23","75","-2.19","5.73","Eovaldi, Nathan",666801,543135,"field_out","hit_into_play",,,,,5,"Rodolfo Castro flies out sharply to center fielder Leody Taveras.","R","L","R","PIT","TEX","X",8,"fly_ball",0,0,2023,"0.89","-0.59",-0.03926342874079625,2.4529216494057327,,,678225,1,8,"Bot",119.72,40.49,,,,,2.877421651045841,-109.16641910537672,1.392999264843899,6.660209553743724,18.379281429604365,-37.33237922070703,3.25,1.49,391,"100.3",25,"75",1918,"6.2",718065,641680,663993,543760,673962,608369,669352,665750,666969,"54.31",0.491,0.8879428571428575,"0",1,0,0,6,61,1,"Curveball",1,6,1,6,6,1,1,6,"Infield shade","Standard",46,"-0.011","-0.257",,,,1.686,"0.257","100.3",-5,-5,0.022,0.022,33,24,33,24,3,0,6,2,6,1,"4.62","-0.89","0.89","37.9",,,,,
"FF","2023-05-23","96.6","-2.46","5.22","Eovaldi, Nathan",595978,543135,"grounded_into_double_play","hit_into_play",,,,,5,"Austin Hedges grounds into a double play, third baseman Josh Jung to second baseman Marcus Semien to first baseman Nathaniel Lowe. Josh Palacios out at 2nd. Austin Hedges out at 1st.","R","R","R","PIT","TEX","X",5,"ground_ball",0,1,2023,"-0.96","0.95",-0.022912307857466563,2.3947333146082914,,,641943,1,5,"Bot",110.85,165.41,,,,,8.731330378034468,-140.38386665353374,-4.147523213911109,-14.624963430150881,31.1088150553153,-18.900786537737826,3.28,1.57,7,"90.2",-19,"97.3",2198,"6.7",718065,641680,663993,543760,673962,608369,543257,665750,666969,"53.8",0.088,0.083,"0",1,0,0,2,38,2,"4-Seam Fastball",1,2,1,2,2,1,1,2,"Standard","Standard",232,"-0.073","-0.291",,,,0.088,"0.291","90.2",-1,-1,0.413,0.413,33,30,33,31,2,1,6,1,6,3,"1.5","0.96","0.96","24.3",,,,,
"FC","2023-05-23","91.3","-2.35","5.44","Eovaldi, Nathan",595978,543135,,"swinging_strike",,,,,14,,"R","R","R","PIT","TEX","S",,,0,0,2023,"0.15","0.56",1.0543566620415967,1.4072935884287388,,,641943,1,5,"Bot",,,,,,,8.310572077044892,-132.63930512293607,-5.46898988364163,-0.05770895571828386,29.6388279445197,-24.52046946194259,3.28,1.57,,,,"91.9",2358,"6.8",718065,641680,663993,543760,673962,608369,543257,665750,666969,"53.68",,,,,,,,38,1,"Cutter",1,2,1,2,2,1,1,2,"Standard","Standard",191,"-0.007","-0.042",,,,,"0.042",,-1,-1,0.42,0.42,33,30,33,31,2,1,6,1,6,3,"2.19","-0.15","-0.15","29.2",,,,,
"FC","2023-05-23","90.5","-2.47","5.46","Eovaldi, Nathan",678225,543135,"field_out","hit_into_play",,,,,14,"Ji Hwan Bae lines out to center fielder Leody Taveras.","R","L","R","PIT","TEX","X",8,"line_drive",2,0,2023,"0.25","0.53",0.8613147704443292,1.9657728298083565,,,641943,0,5,"Bot",97,56.07,,,,,7.81424075071402,-131.57930342769697,-3.890581345192839,1.1948470081761984,29.44695733849683,-25.35427329133767,2.95,1.39,361,"97.3",23,"90.9",2343,"6.7",718065,641680,663993,543760,673962,608369,543257,665750,666969,"53.78",0.248,0.386,"0",1,0,0,5,37,3,"Cutter",1,2,1,2,2,1,1,2,"Infield shade","Standard",199,"-0.075","-0.326",,,,0.715,"0.326","97.3",-1,-1,0.495,0.495,33,23,33,24,2,1,6,1,6,3,"2.27","-0.25","0.25","31.2",,,,,
"FF","2023-05-23","96.9","-2.55","5.32","Eovaldi, Nathan",678225,543135,,"ball",,,,,14,,"R","L","R","PIT","TEX","B",,,1,0,2023,"-0.9","0.99",0.9463675726580368,2.0763982220087898,,,641943,0,5,"Bot",,,,,,,11.472602673013787,-140.58958522575276,-5.405747566818996,-14.465008789381097,31.70131722393722,-17.910574451871025,2.9529327654588,1.44662273391383,,,,"97.6",2185,"6.8",718065,641680,663993,543760,673962,608369,543257,665750,666969,"53.67",,,,,,,,37,2,"4-Seam Fastball",1,2,1,2,2,1,1,2,"Infield shade","Standard",235,"0.016","0.055",,,,,"-0.055",,-1,-1,0.479,0.479,33,23,33,24,2,1,6,1,6,3,"1.45","0.9","-0.9","27.8",,,,,
"CU","2023-05-23","75.6","-2.3","5.71","Eovaldi, Nathan",678225,543135,,"blocked_ball",,,,,14,,"R","L","R","PIT","TEX","B",,,0,0,2023,"0.7","-0.87",0.4296457544693575,0.6446351394609362,,,641943,0,5,"Bot",,,,,,,4.453207923807816,-109.90238260206148,-1.804664613468141,4.702289006098649,21.953993148735314,-39.013878776492824,3.00433554809164,1.39518381558164,,,,"75.5",1864,"6.6",718065,641680,663993,543760,673962,608369,543257,665750,666969,"53.94",,,,,,,,37,1,"Curveball",1,2,1,2,2,1,1,2,"Standard","Standard",46,"0.008","0.03",,,,,"-0.03",,-1,-1,0.471,0.471,33,23,33,24,2,1,6,1,6,3,"4.9","-0.7","0.7","36.0",,,,,
"FS","2023-05-23","87.3","-2.52","5.5","Eovaldi, Nathan",663647,543135,"grounded_into_double_play","hit_into_play",,,,,7,"Ke'Bryan Hayes grounds into a double play, third baseman Josh Jung to second baseman Marcus Semien to first baseman Nathaniel Lowe. Carlos Santana out at 2nd. Ke'Bryan Hayes out at 1st.","R","R","R","PIT","TEX","X",5,"ground_ball",0,1,2023,"-1.12","-0.07",-0.49377155380794213,1.978444274785729,,,467793,0,4,"Bot",100.83,163.64,,,,,7.228114692727675,-126.90980699336448,-2.1568010096305184,-13.599902573068297,25.76497668847723,-32.735741680050054,3.13,1.5,14,"96.8",-7,"87.8",1548,"6.6",718065,641680,663993,543760,673962,608369,543257,665750,666969,"53.86",0.244,0.23,"0",1,0,0,2,31,2,"Split-Finger",1,2,1,2,2,1,1,2,"Standard","Standard",248,"-0.094","-0.314",,,,0.244,"0.314","96.8",-1,-1,0.47,0.47,33,26,33,26,2,1,6,1,6,1,"3.07","1.12","1.12","29.6",,,,,
"FC","2023-05-23","92.1","-2.58","5.43","Eovaldi, Nathan",663647,543135,,"called_strike",,,,,5,,"R","R","R","PIT","TEX","S",,,0,0,2023,"-0.07","0.58",-0.08459264695151772,2.1914046365181665,,,467793,0,4,"Bot",,,,,,,6.516984256083986,-134.02284317906938,-3.692839559320089,-2.2385581818543603,28.301545917358713,-24.531843595416245,3.12965287383764,1.47234182371778,,,,"92.5",2202,"6.5",718065,641680,663993,543760,673962,608369,543257,665750,666969,"54.01",,,,,,,,31,1,"Cutter",1,2,1,2,2,1,1,2,"Standard","Standard",199,"-0.007","-0.036",,,,,"0.036",,-1,-1,0.477,0.477,33,26,33,26,2,1,6,1,6,1,"2.1","0.07","0.07","31.0",,,,,
"FS","2023-05-23","89.6","-2.42","5.64","Eovaldi, Nathan",669261,543135,"strikeout","swinging_strike",,,,,13,"Jack Suwinski strikes out swinging.","R","L","R","PIT","TEX","S",2,,1,2,2023,"-0.88","-0.01",-0.10969804368454117,1.1614938514296402,,668804,,2,3,"Bot",,,,,,,7.587901464298047,-130.34198413852266,-5.1200383121813475,-11.485284872774091,24.532440928942076,-31.43789924340898,3.42,1.57,,,,"90.3",1636,"6.5",718065,641680,663993,543760,673962,608369,543257,665750,666969,"54",,0,"0",1,0,0,,26,4,"Split-Finger",1,2,1,2,2,1,1,2,"Infield shade","Standard",238,"-0.028","-0.203",,,,,"0.203",,-1,-1,0.405,0.405,33,24,33,25,2,1,6,1,6,1,"2.82","0.88","-0.88","32.4",,,,,
"FF","2023-05-23","97.1","-2.33","5.44","Eovaldi, Nathan",669261,543135,,"ball",,,,,12,,"R","L","R","PIT","TEX","B",,,0,2,2023,"-0.89","1.15",1.4067729990373952,3.315342124100902,,668804,,2,3,"Bot",,,,,,,12.108186613186914,-140.91500044086362,-2.743280496736117,-14.676276541071989,32.71151368530774,-16.442684473719417,3.28701118871642,1.54949753191662,,,,"97.4",2174,"6.7",718065,641680,663993,543760,673962,608369,543257,665750,666969,"53.85",,,,,,,,26,3,"4-Seam Fastball",1,2,1,2,2,1,1,2,"Infield shade","Standard",229,"0.004","0.018",,,,,"-0.018",,-1,-1,0.401,0.401,33,24,33,25,2,1,6,1,6,1,"1.29","0.89","-0.89","30.6",,,,,
"FF","2023-05-23","96.3","-2.34","5.42","Eovaldi, Nathan",669261,543135,,"foul",,,,,3,,"R","L","R","PIT","TEX","S",,,0,1,2023,"-1.2","0.93",0.35570668754680446,3.2585738944373626,,668804,,2,3,"Bot",,,,,,,9.921434480132504,-139.91486350938249,-2.2608569155917384,-17.98379204647936,32.39930135779018,-19.607419133632558,3.42,1.57,171,"78.3",15,"96.5",2285,"6.6",718065,641680,663993,543760,673962,608369,543257,665750,666969,"53.93",,,,,,,,26,2,"4-Seam Fastball",1,2,1,2,2,1,1,2,"Infield shade","Strategic",229,"-0.01","-0.061",,,,,"0.061","88.0",-1,-1,0.411,0.411,33,24,33,25,2,1,6,1,6,1,"1.54","1.2","-1.2","34.3",,,,,
"CU","2023-05-23","76.7","-2.34","5.64","Eovaldi, Nathan",669261,543135,,"called_strike",,,,,7,,"R","L","R","PIT","TEX","S",,,0,0,2023,"0.73","-0.34",-0.6737913240230721,1.994678526705123,,668804,,2,3,"Bot",,,,,,,2.2141080438891416,-111.75688324803626,-0.14673321270577455,5.729067212524332,19.009935909969087,-35.190298169920325,3.31270549604423,1.54949753191662,,,,"77.2",1998,"6.5",718065,641680,663993,543760,673962,608369,543257,665750,666969,"54.04",,,,,,,,26,1,"Curveball",1,2,1,2,2,1,1,2,"Infield shade","Strategic",46,"-0.006","-0.046",,,,,"0.046",,-1,-1,0.417,0.417,33,24,33,25,2,1,6,1,6,1,"4.18","-0.73","0.73","35.6",,,,,
"CU","2023-05-23","76.8","-2.28","5.64","Eovaldi, Nathan",668804,543135,"double","hit_into_play",,,,,4,"Bryan Reynolds doubles (16) on a fly ball to center fielder Leody Taveras. Andrew McCutchen scores.","R","L","R","PIT","TEX","X",8,"fly_ball",1,2,2023,"0.48","-0.62",-0.6112664509689878,2.3059482331074457,,,457705,2,3,"Bot",173.94,59.04,,,,,2.6692654376874643,-111.80441044738886,1.0779952705267695,3.5620239746670257,20.640812788918474,-37.77542870104875,3.03,1.48,365,"97.9",25,"77",1956,"6.5",718065,641680,663993,543760,673962,608369,543257,665750,666969,"54.05",0.358,0.62585,"1.25",1,1,1,5,25,5,"Curveball",0,2,0,2,2,1,1,2,"Infield shade","Standard",44,"0.128","0.961",,,,1.171,"-0.961","97.9",-2,-2,0.289,0.289,33,28,33,28,2,1,6,1,6,1,"4.49","-0.48","0.48","34.8",,,,,
"FF","2023-05-23","96.8","-2.45","5.42","Eovaldi, Nathan",668804,543135,,"ball",,,,,11,,"R","L","R","PIT","TEX","B",,,0,2,2023,"-1.07","1.1",-0.2463065328491243,4.308831949885175,,,457705,2,3,"Bot",,,,,,,8.331321548985336,-140.66313543715228,0.11817604394421266,-16.114147241728258,33.72078644108755,-17.922679505872186,2.90152787375616,1.44662273391383,,,,"96.8",2203,"6.5",718065,641680,663993,543760,673962,608369,543257,665750,666969,"53.99",,,,,,,,25,4,"4-Seam Fastball",0,2,0,2,2,0,0,2,"Infield shade","Standard",232,"0.002","0.02",,,,,"-0.02",,-2,-2,0.287,0.287,33,28,33,28,2,1,6,1,6,1,"1.35","1.07","-1.07","26.8",,,,,
"FS","2023-05-23","89.1","-2.43","5.58","Eovaldi, Nathan",668804,543135,,"foul",,,,,13,,"R","L","R","PIT","TEX","S",,,0,2,2023,"-1.31","-0.01",-0.8085479867228964,1.1493437913976572,,,457705,2,3,"Bot",,,,,,,6.7546542060572525,-129.57529104756298,-4.792198802276903,-16.178275686155946,28.330094549715813,-31.490555418736413,3.03,1.48,,,,"89.2",1701,"6.5",718065,641680,663993,543760,673962,608369,543257,665750,666969,"53.99",,,,,,,,25,3,"Split-Finger",0,2,0,2,2,0,0,2,"Infield shade","Standard",241,"0","0",,,,,"0",,-2,-2,0.287,0.287,33,28,33,28,2,1,6,1,6,1,"2.9","1.31","-1.31","30.8",,,,,
"FS","2023-05-23","87.8","-2.46","5.55","Eovaldi, Nathan",668804,543135,,"swinging_strike",,,,,7,,"R","L","R","PIT","TEX","S",,,0,1,2023,"-1.38","0.07",-0.2839000738873352,1.7156718552429844,,,457705,2,3,"Bot",,,,,,,8.1472108514581,-127.57378714979522,-3.2912531252654897,-16.805852876411045,26.749123370118088,-30.934781314522855,3.03,1.48,,,,"87.9",1730,"6.5",718065,641680,663993,543760,673962,608369,543257,665750,666969,"54",,,,,,,,25,2,"Split-Finger",0,2,0,2,2,0,0,2,"Infield shade","Standard",237,"-0.006","-0.055",,,,,"0.055","88.0",-2,-2,0.293,0.293,33,28,33,28,2,1,6,1,6,1,"2.9","1.38","-1.38","32.1",,,,,
"FF","2023-05-23","96.6","-2.53","5.31","Eovaldi, Nathan",668804,543135,,"called_strike",,,,,7,,"R","L","R","PIT","TEX","S",,,0,0,2023,"-1.25","0.93",-0.4799381043929738,1.4270856097992457,,,457705,2,3,"Bot",,,,,,,8.388668271282594,-140.38096649083778,-6.917198636594264,-18.47290740841866,32.074635106776576,-18.499407393255,2.90152787375616,1.47234182371778,,,,"97.3",2236,"6.8",718065,641680,663993,543760,673962,608369,543257,665750,666969,"53.73",,,,,,,,25,1,"4-Seam Fastball",0,2,0,2,2,0,0,2,"Infield shade","Standard",229,"-0.004","-0.045",,,,,"0.045",,-2,-2,0.297,0.297,33,28,33,28,2,1,6,1,6,1,"1.52","1.25","-1.25","26.6",,,,,
"FC","2023-05-23","91.9","-2.49","5.41","Eovaldi, Nathan",595978,543135,"field_out","hit_into_play",,,,,9,"Austin Hedges flies out to right fielder Adolis Garcia.","R","R","R","PIT","TEX","X",9,"fly_ball",1,2,2023,"0.27","0.8",0.6271463277299449,1.9182669491604143,,,678225,0,3,"Bot",189.63,112.08,,,,,7.359912480959948,-133.72826977910825,-4.826807257029127,1.8256940990828925,25.60137376581624,-21.69947972723498,3.28,1.57,256,"83.2",28,"92.8",2413,"6.6",718065,641680,663993,543760,673962,608369,543257,665750,666969,"53.92",0.087,0.086,"0",1,0,0,3,23,4,"Cutter",0,2,0,2,2,0,0,2,"Standard","Standard",196,"-0.029","-0.17",,,,0.132,"0.17","88.0",-2,-2,0.36,0.36,33,30,33,31,1,0,6,1,6,3,"1.87","-0.27","-0.27","27.8",,,,,
"FF","2023-05-23","96.9","-2.32","5.41","Eovaldi, Nathan",595978,543135,,"ball",,,,,12,,"R","R","R","PIT","TEX","B",,,0,2,2023,"-1.03","1.22",1.785005584229021,3.143288863644491,,,678225,0,3,"Bot",,,,,,,13.354348600179119,-140.50899105218397,-3.320068509882254,-16.455907145633788,29.28292584376246,-15.412851070110447,3.27967007218711,1.54949753191662,,,,"97.6",2245,"6.7",718065,641680,663993,543760,673962,608369,543257,665750,666969,"53.8",,,,,,,,23,3,"4-Seam Fastball",0,2,0,2,2,0,0,2,"Standard","Standard",235,"0.004","0.008",,,,,"-0.008",,-2,-2,0.356,0.356,33,30,33,31,1,0,6,1,6,3,"1.21","1.03","1.03","26.9",,,,,
"FC","2023-05-23","89.5","-2.44","5.47","Eovaldi, Nathan",595978,543135,,"foul",,,,,6,,"R","R","R","PIT","TEX","S",,,0,1,2023,"0.37","0.61",0.7701387536706306,2.6710248849356732,,,678225,0,3,"Bot",,,,,,,7.17243577347335,-130.27518183685518,-2.241356542721179,2.7964200877813483,25.158471547223694,-24.916853369003825,3.28,1.57,162,"78.1",64,"90.2",2364,"6.5",718065,641680,663993,543760,673962,608369,543257,665750,666969,"53.98",,,,,,,,23,2,"Cutter",0,2,0,2,2,0,0,2,"Standard","Standard",185,"-0.01","-0.043",,,,,"0.043","88.0",-2,-2,0.366,0.366,33,30,33,31,1,0,6,1,6,3,"2.21","-0.37","-0.37","26.9",,,,,
"FF","2023-05-23","97.1","-2.46","5.37","Eovaldi, Nathan",595978,543135,,"called_strike",,,,,3,,"R","R","R","PIT","TEX","S",,,0,0,2023,"-1","1.13",0.521285613954944,2.800867757387138,,,678225,0,3,"Bot",,,,,,,10.293048761874218,-140.98988868756106,-3.8981594626231137,-15.738223652619864,33.57466565849872,-16.342349855545002,3.27967007218711,1.62665075311318,,,,"97.2",2232,"6.5",718065,641680,663993,543760,673962,608369,543257,665750,666969,"53.96",,,,,,,,23,1,"4-Seam Fastball",0,2,0,2,2,0,0,2,"Standard","Standard",230,"-0.006","-0.036",,,,,"0.036",,-2,-2,0.372,0.372,33,30,33,31,1,0,6,1,6,3,"1.3","1","1","27.4",,,,,
"FF","2023-05-23","95.7","-2.45","5.48","Eovaldi, Nathan",467793,543135,"field_out","hit_into_play",,,,,3,"Carlos Santana pops out to third baseman Josh Jung.","R","L","R","PIT","TEX","X",5,"popup",0,2,2023,"-0.98","1.12",0.6053009884362857,3.226613355305836,457705,,,2,1,"Bot",78.93,150.71,,,,,10.32949495747198,-139.01715193166632,-2.879696511034526,-15.000980311908185,30.287981929906156,-17.130276921569358,3.4,1.62,170,"65.4",55,"96.3",2096,"6.6",718065,641680,663993,543760,673962,608369,543257,665750,666969,"53.86",0.021,0.019,"0",1,0,0,3,10,3,"4-Seam Fastball",0,2,0,2,2,0,0,2,"Infield shade","Standard",234,"-0.022","-0.206",,,,0.021,"0.206","88.0",-2,-2,0.324,0.324,33,37,33,37,1,0,6,1,6,1,"1.37","0.98","-0.98","27.5",,,,,
"FF","2023-05-23","97.5","-2.59","5.34","Eovaldi, Nathan",467793,543135,,"foul",,,,,9,,"R","L","R","PIT","TEX","S",,,0,1,2023,"-0.93","1.05",0.30348499079880586,1.9893313083760424,457705,,,2,1,"Bot",,,,,,,9.95920434836037,-141.59913143432152,-5.9240105061492665,-14.80099820405985,32.70618109141426,-16.85000699091165,3.4,1.62,193,"71.5",48,"97.9",2247,"6.6",718065,641680,663993,543760,673962,608369,543257,665750,666969,"53.86",,,,,,,,10,2,"4-Seam Fastball",0,2,0,2,2,0,0,2,"Infield shade","Standard",235,"-0.009","-0.051",,,,,"0.051","88.0",-2,-2,0.333,0.333,33,37,33,37,1,0,6,1,6,1,"1.36","0.93","-0.93","25.5",,,,,
"CU","2023-05-23","77.9","-2.45","5.65","Eovaldi, Nathan",467793,543135,,"foul",,,,,4,,"R","L","R","PIT","TEX","S",,,0,0,2023,"0.48","-0.86",-0.34168579799109744,2.534064063700702,457705,,,2,1,"Bot",,,,,,,3.655523796733992,-113.46846913546402,1.7539872140271209,3.490369013895917,19.817565675132926,-40.14511576466003,3.4,1.62,169,"65.7",42,"78.3",1882,"6.4",718065,641680,663993,543760,673962,608369,543257,665750,666969,"54.12",,,,,,,,10,1,"Curveball",0,2,0,2,2,0,0,2,"Infield shade","Standard",51,"-0.006","-0.036",,,,,"0.036","88.0",-2,-2,0.339,0.339,33,37,33,37,1,0,6,1,6,1,"4.59","-0.48","0.48","34.9",,,,,
"FC","2023-05-23","91","-2.46","5.6","Eovaldi, Nathan",669261,543135,"field_out","hit_into_play",,,,,2,"Jack Suwinski pops out to shortstop Corey Seager.","R","L","R","PIT","TEX","X",6,"popup",2,0,2023,"0.19","0.58",0.2252687935655367,2.9059862496184845,457705,,,1,1,"Bot",99.24,132.56,,,,,6.382314007439074,-132.54115968659067,-2.1656452287119117,0.9521923823519124,26.012172068408876,-25.112169898012223,3.42,1.57,183,"66.1",50,"92",2330,"6.6",718065,641680,663993,543760,673962,608369,543257,665750,666969,"53.87",0.15,0.143,"0",1,0,0,3,9,3,"Cutter",0,2,0,2,2,0,0,2,"Infield shade","Standard",200,"-0.065","-0.218",,,,0.197,"0.218","88.0",-2,-2,0.404,0.404,33,24,33,25,1,0,6,1,6,1,"2.15","-0.19","0.19","31.3",,,,,
"FS","2023-05-23","89.9","-2.56","5.52","Eovaldi, Nathan",669261,543135,,"ball",,,,,14,,"R","L","R","PIT","TEX","B",,,1,0,2023,"-1.18","0.25",1.286573038992598,0.9039629488218099,457705,,,1,1,"Bot",,,,,,,12.062767731997063,-130.27705795723327,-6.00769507957858,-15.854458100689978,25.824540247626786,-28.166934016899283,3.209924704452,1.42090339553278,,,,"90.4",1761,"6.7",718065,641680,663993,543760,673962,608369,543257,665750,666969,"53.82",,,,,,,,9,2,"Split-Finger",0,2,0,2,2,0,0,2,"Infield shade","Standard",242,"0.005","0.043",,,,,"-0.043",,-2,-2,0.399,0.399,33,24,33,25,1,0,6,1,6,1,"2.58","1.18","-1.18","31.6",,,,,
"CU","2023-05-23","77.4","-2.37","5.69","Eovaldi, Nathan",669261,543135,,"ball",,,,,14,,"R","L","R","PIT","TEX","B",,,0,0,2023,"1.07","-0.73",1.6324654547718156,1.2693803152056078,457705,,,1,1,"Bot",,,,,,,6.594657803680946,-112.5429699051572,-1.1522701910490403,7.934889871143011,20.4068482308722,-38.350898402674105,3.08143567010553,1.36946400110436,,,,"77.7",2084,"6.5",718065,641680,663993,543760,673962,608369,543257,665750,666969,"53.96",,,,,,,,9,1,"Curveball",0,2,0,2,2,0,0,2,"Standard","Standard",49,"0.002","0.026",,,,,"-0.026",,-2,-2,0.397,0.397,33,24,33,25,1,0,6,1,6,1,"4.54","-1.07","1.07","35.3",,,,,
"FS","2023-05-23","89.1","-2.47","5.62","Eovaldi, Nathan",668804,543135,"field_out","hit_into_play",,,,,5,"Bryan Reynolds grounds out, first baseman Nathaniel Lowe to pitcher Nathan Eovaldi. Andrew McCutchen to 3rd.","R","L","R","PIT","TEX","X",3,"ground_ball",0,0,2023,"-1.2","0.17",0.17045015987764356,2.360431539817056,,457705,,0,1,"Bot",156.9,167.83,,,,,9.023659523645243,-129.4350045102245,-2.3236763514599956,-15.37679573523634,26.637818302843783,-30.02091397752544,3.03,1.48,17,"97.9",-8,"89.3",1750,"6.5",718065,641680,663993,543760,673962,608369,543257,665750,666969,"54.01",0.283,0.262,"0",1,0,0,2,8,1,"Split-Finger",0,2,0,2,2,0,0,2,"Standard","Standard",241,"-0.016","-0.215",,,,0.305,"0.215","97.9",-2,-2,0.413,0.413,33,28,33,28,1,0,6,1,6,1,"2.71","1.2","-1.2","30.9",,,,,
"CU","2023-05-17","75.5","-2.25","5.65","Eovaldi, Nathan",671739,543135,"field_out","hit_into_play",,,,,8,"Michael Harris II lines out sharply to right fielder Adolis Garcia.","R","L","R","TEX","ATL","X",9,"line_drive",0,0,2023,"0.79","-0.66",0.010229441448224352,1.8880756339076994,,542303,606115,2,7,"Top",180.75,98.53,,,,,3.3419939700198995,-109.84313659442654,0.5330867231649039,5.742037125279437,20.55207777321436,-37.806179401409075,3.46,1.58,284,"101.8",17,"76.3",1977,"7",718126,641680,663993,543760,669701,677649,543257,665750,666969,"53.52",0.439,0.485,"0",1,0,0,5,53,1,"Curveball",4,3,3,4,3,4,3,4,"Standard","Standard",46,"0.087","-0.295",,,,0.753,"0.295","101.8",1,-1,0.702,0.29800000000000004,33,22,33,22,3,2,6,1,6,2,"4.68","-0.79","0.79","35.7",,,,,
"FC","2023-05-17","91.8","-2.39","5.45","Eovaldi, Nathan",606115,543135,"walk","ball",,,,,14,"Orlando Arcia walks. Marcell Ozuna to 2nd.","R","R","R","TEX","ATL","B",,,3,1,2023,"-0.16","1.23",0.49442366528673254,1.3355872983195323,,,542303,2,7,"Top",,,,,,,7.73085453945491,-133.42956929043604,-7.310448927450314,-3.5074296390567357,28.013680005063208,-16.069493669422023,3.29994789462755,1.53121081864475,,,,"93.1",2322,"7",718126,641680,663993,543760,669701,677649,543257,665750,666969,"53.46",,0.695903,"0.7",1,0,0,,52,5,"Cutter",4,3,3,4,3,4,3,4,"Standard","Standard",204,"-0.025","0.164",,,,,"-0.164",,1,-1,0.727,0.273,33,28,33,29,3,2,6,1,6,2,"1.48","0.16","0.16","31.9",,,,,
"FS","2023-05-17","87.7","-2.35","5.51","Eovaldi, Nathan",606115,543135,,"ball",,,,,13,,"R","R","R","TEX","ATL","B",,,2,1,2023,"-1.2","0.06",-0.8808956704431212,1.6559447285919902,,,542303,2,7,"Top",,,,,,,6.103846682029776,-127.65571987049155,-3.3680953445293484,-14.339418597143984,25.40061901683787,-30.998286642890196,3.38052399327113,1.58471531263368,,,,"88.9",1640,"7",718126,641680,663993,543760,669701,677649,543257,665750,666969,"53.54",,,,,,,,52,4,"Split-Finger",4,3,3,4,3,4,3,4,"Standard","Standard",239,"-0.012","0.097",,,,,"-0.097",,1,-1,0.739,0.261,33,28,33,29,3,2,6,1,6,2,"2.89","1.2","1.2","39.5",,,,,
"FC","2023-05-17","92.4","-2.34","5.44","Eovaldi, Nathan",606115,543135,,"swinging_strike",,,,,6,,"R","R","R","TEX","ATL","S",,,2,0,2023,"-0.33","1.21",0.6345307033540479,2.572531592303662,,,542303,2,7,"Top",,,,,,,8.41408062668327,-134.28466497542195,-4.153036448820485,-5.798420744460317,28.712067480644784,-16.851838605705773,3.42,1.64,,,,"93.6",2402,"7.1",718126,641680,663993,543760,669701,677649,543257,665750,666969,"53.44",,,,,,,,52,3,"Cutter",4,3,3,4,3,4,3,4,"Standard","Standard",206,"0.008","-0.051",,,,,"0.051",,1,-1,0.731,0.269,33,28,33,29,3,2,6,1,6,2,"1.47","0.33","0.33","34.4",,,,,
"FC","2023-05-17","92.6","-2.34","5.35","Eovaldi, Nathan",606115,543135,,"ball",,,,,14,,"R","R","R","TEX","ATL","B",,,1,0,2023,"-0.06","0.87",2.009666637823571,1.060030408651638,,,542303,2,7,"Top",,,,,,,11.347925009414032,-134.34089717185822,-7.1434225898327055,-2.9933212204621644,27.521831794816514,-20.211453537218112,3.46111878514276,1.58471531263368,,,,"93.8",2386,"7",718126,641680,663993,543760,669701,677649,543257,665750,666969,"53.48",,,,,,,,52,2,"Cutter",4,3,3,4,3,4,3,4,"Standard","Standard",202,"-0.008","0.037",,,,,"-0.037",,1,-1,0.739,0.261,33,28,33,29,3,2,6,1,6,2,"1.79","0.06","0.06","36.4",,,,,
"FF","2023-05-17","96.4","-2.47","5.3","Eovaldi, Nathan",606115,543135,,"ball",,,,,14,,"R","R","R","TEX","ATL","B",,,0,0,2023,"-1.07","1.17",1.746016683066052,0.9234383783796623,,,542303,2,7,"Top",,,,,,,13.711422467434154,-139.4300238573048,-8.641957884156978,-17.326937399647253,35.703443106693264,-14.954771532961946,3.5148590689349,1.63822781965359,,,,"96.3",2276,"6.9",718126,641680,663993,543760,669701,677649,543257,665750,666969,"53.62",,,,,,,,52,1,"4-Seam Fastball",4,3,3,4,3,4,3,4,"Standard","Standard",231,"-0.004","0.03",,,,,"-0.03",,1,-1,0.743,0.257,33,28,33,29,3,2,6,1,6,2,"1.35","1.07","1.07","28.0",,,,,
"FS","2023-05-17","87.8","-2.4","5.61","Eovaldi, Nathan",671739,543135,"field_out","hit_into_play",,,,,8,"Michael Harris II grounds out, first baseman Nathaniel Lowe to pitcher Nathan Eovaldi.","R","L","R","TEX","ATL","X",3,"ground_ball",0,1,2023,"-1.04","0.29",-0.05636236789533555,1.7057891433574408,518595,,,2,2,"Top",162.57,159.35,,,,,7.9121593471546365,-127.58470375384618,-3.9627193595229837,-13.003957097253437,25.109909262855826,-28.43833527922698,3.46,1.58,40,"109.3",-1,"88.8",1625,"6.9",718126,641680,663993,543760,669701,677649,543257,665750,666969,"53.63",0.497,0.462,"0",1,0,0,4,12,2,"Split-Finger",0,2,2,0,2,0,2,0,"Standard","Standard",233,"0.025","-0.257",,,,0.544,"0.257","109.3",-2,2,0.316,0.6839999999999999,33,22,33,22,1,0,6,1,6,2,"2.67","1.04","-1.04","33.6",,,,,
"CU","2023-05-17","75.2","-2.3","5.66","Eovaldi, Nathan",671739,543135,,"foul",,,,,8,,"R","L","R","TEX","ATL","S",,,0,0,2023,"0.66","-0.68",-0.010202339703860863,1.9596195716791556,518595,,,2,2,"Top",,,,,,,3.596353349838407,-109.45343399954545,0.6970581423954885,4.607604062838156,19.814316500877915,-37.970025516874294,3.46,1.58,3,"89.4",-34,"75.2",2017,"6.3",718126,641680,663993,543760,669701,677649,543257,665750,666969,"54.17",,,,,,,,12,1,"Curveball",0,2,2,0,2,0,2,0,"Standard","Standard",43,"0.005","-0.036",,,,,"0.036","89.4",-2,2,0.311,0.6890000000000001,33,22,33,22,1,0,6,1,6,2,"4.72","-0.66","0.66","36.0",,,,,
"FF","2023-05-17","95.3","-2.51","5.24","Eovaldi, Nathan",606115,543135,"grounded_into_double_play","hit_into_play",,,,,9,"Orlando Arcia grounds into a double play, third baseman Josh H. Smith to second baseman Marcus Semien to first baseman Nathaniel Lowe. Travis d'Arnaud to 3rd. Marcell Ozuna out at 2nd. Orlando Arcia out at 1st.","R","R","R","TEX","ATL","X",5,"ground_ball",2,1,2023,"-1.12","0.95",0.3031554195678161,2.073862147478299,,518595,542303,0,2,"Top",101.3,153.28,,,,,9.972197458873241,-138.34236644641925,-4.785820424343107,-16.680852279726473,34.11737003145907,-19.016074961997358,3.42,1.64,4,"103.4",-27,"95.6",2195,"6.8",718126,641680,663993,543760,669701,677649,543257,665750,666969,"53.67",0.119,0.108,"0",1,0,0,2,11,4,"4-Seam Fastball",0,2,2,0,2,0,2,0,"Standard","Standard",233,"0.081","-0.346",,,,0.119,"0.346","103.4",-2,2,0.23,0.77,33,28,33,29,1,0,6,1,6,2,"1.59","1.12","1.12","29.9",,,,,
"FS","2023-05-17","88.4","-2.53","5.4","Eovaldi, Nathan",606115,543135,,"ball",,,,,13,,"R","R","R","TEX","ATL","B",,,1,1,2023,"-1.19","0.14",-0.7062796754305471,0.9295219710920017,,518595,542303,0,2,"Top",,,,,,,7.014552134295499,-128.54310416714503,-5.1108382027387735,-14.72078618144235,28.02489417167233,-29.74456321644589,3.43471113927139,1.63766102519584,,,,"89.1",1705,"6.9",718126,641680,663993,543760,669701,677649,543257,665750,666969,"53.61",,,,,,,,11,3,"Split-Finger",0,2,2,0,2,0,2,0,"Standard","Standard",241,"-0.007","0.052",,,,,"-0.052",,-2,2,0.237,0.763,33,28,33,29,1,0,6,1,6,2,"2.8","1.19","1.19","29.4",,,,,
"FC","2023-05-17","91.3","-2.33","5.47","Eovaldi, Nathan",606115,543135,,"ball",,,,,14,,"R","R","R","TEX","ATL","B",,,0,1,2023,"0.28","0.94",1.8026822926157726,1.1079953199454886,,518595,542303,0,2,"Top",,,,,,,9.89061939811907,-132.51806314356094,-7.137347177513461,1.0848187033322207,30.011275174546434,-19.711534919723952,3.46157853930236,1.63766102519584,,,,"92",2408,"7",718126,641680,663993,543760,669701,677649,543257,665750,666969,"53.52",,,,,,,,11,2,"Cutter",0,2,2,0,2,0,2,0,"Standard","Standard",197,"-0.004","0.034",,,,,"-0.034",,-2,2,0.241,0.759,33,28,33,29,1,0,6,1,6,2,"1.82","-0.28","-0.28","31.9",,,,,
"FF","2023-05-17","95.4","-2.46","5.4","Eovaldi, Nathan",606115,543135,,"called_strike",,,,,14,,"R","R","R","TEX","ATL","S",,,0,0,2023,"-0.96","1.06",0.8446104178367122,2.168284635020687,,518595,542303,0,2,"Top",,,,,,,10.943375797684453,-138.26099060673388,-5.16453110883455,-15.013538577301437,35.298878388393064,-17.60762741133902,3.53868799496086,1.68796388011548,,,,"95.4",2173,"6.8",718126,641680,663993,543760,669701,677649,543257,665750,666969,"53.66",,,,,,,,11,1,"4-Seam Fastball",0,2,2,0,2,0,2,0,"Standard","Standard",226,"0.006","-0.048",,,,,"0.048",,-2,2,0.235,0.765,33,28,33,29,1,0,6,1,6,2,"1.5","0.96","0.96","33.0",,,,,
"FF","2023-05-17","94.9","-2.51","5.3","Eovaldi, Nathan",542303,543135,"single","hit_into_play",,,,,11,"Marcell Ozuna singles on a fly ball to right fielder Adolis Garcia. Travis d'Arnaud to 2nd.","R","R","R","TEX","ATL","X",9,"fly_ball",0,0,2023,"-1.05","1.07",-0.9220668640669583,2.966883552653429,,,518595,0,2,"Top",167.9,122.24,,,,,6.594112150434643,-138.03964920913506,-2.829609498276588,-14.890142172011705,32.20334235064303,-18.099429997455605,3.51,1.74,206,"66.4",35,"95.9",2033,"7",718126,641680,663993,543760,669701,677649,543257,665750,666969,"53.52",0.766,0.741,"0.9",1,1,0,4,10,1,"4-Seam Fastball",0,2,2,0,2,0,2,0,"Standard","Standard",230,"-0.04","0.452",,,,0.877,"-0.452","88.0",-2,2,0.275,0.725,33,32,33,33,1,0,6,2,6,2,"1.47","1.05","1.05","27.3",,,,,
"FS","2023-05-17","89.6","-2.39","5.46","Eovaldi, Nathan",592696,543135,"home_run","hit_into_play",,,,,9,"Eddie Rosario homers (4) on a fly ball to right field. Austin Riley scores.","R","L","R","TEX","ATL","X",,"fly_ball",0,0,2023,"-1.27","0.2",0.7277695189762832,1.5723459573682104,,,663586,0,2,"Top",217.12,76.41,,,,,10.488991987318558,-130.10222745128317,-4.057614437919119,-16.56504816949108,25.823273682345718,-29.28870903182821,3.36,1.63,376,"96.5",30,"90.7",1650,"7",718126,641680,663993,543760,669701,677649,543257,665750,666969,"53.54",0.326,0.6025652173913043,"2",1,0,3,5,8,1,"Split-Finger",0,0,0,0,2,0,2,0,"Standard","Strategic",241,"-0.16","1.061",,,,1.171,"-1.061","96.5",0,0,0.462,0.538,33,31,33,32,1,0,6,1,6,2,"2.64","1.27","-1.27","33.3",,,,,
"FF","2023-05-11","96","-2.6","5.36","Eovaldi, Nathan",676116,543135,"walk","ball",,,,,14,"Ryan Noda walks.","R","L","R","ATH","TEX","B",,,3,1,2023,"-1.09","1.24",0.3806112781592259,1.1077356663896305,,665923,,2,9,"Bot",,,,,,,10.418667330353147,-139.2363324990638,-8.452154590015201,-16.51235963598845,32.334858918740736,-14.288337124776643,3.3357580394668,1.6577588911308,,,,"96.4",2203,"6.8",718217,641680,663993,543760,673962,677649,543257,665750,666969,"53.74",,0.695903,"0.7",1,0,0,,65,5,"4-Seam Fastball",0,4,0,4,4,0,0,4,"Infield shade","Standard",226,"0.005","0.075",,,,,"-0.075",,-4,-4,0.009,0.009,33,27,33,27,4,3,5,1,6,1,"1.26","1.09","-1.09","29.4",,,,,
"FC","2023-05-11","91.1","-2.68","5.58","Eovaldi, Nathan",676116,543135,,"ball",,,,,11,,"R","L","R","ATH","TEX","B",,,2,1,2023,"0.06","0.95",-1.060847531100578,2.665190171753745,,665923,,2,9,"Bot",,,,,,,3.951170653149244,-132.62520430183034,-3.461564771913869,-0.15525948795207517,29.66320465276633,-20.4172812519554,3.39149619629216,1.60205901217335,,,,"91.5",2301,"6.6",718217,641680,663993,543760,673962,677649,543257,665750,666969,"53.89",,,,,,,,65,4,"Cutter",0,4,0,4,4,0,0,4,"Infield shade","Standard",190,"0.003","0.069",,,,,"-0.069",,-4,-4,0.006,0.006,33,27,33,27,4,3,5,1,6,1,"1.8","-0.06","0.06","31.5",,,,,
"FC","2023-05-11","91","-2.75","5.53","Eovaldi, Nathan",676116,543135,,"ball",,,,,13,,"R","L","R","ATH","TEX","B",,,1,1,2023,"0.07","0.9",-1.0936930854538869,2.1343696033749886,,665923,,2,9,"Bot",,,,,,,4.015324847938374,-132.46388035684922,-4.541001738177302,-0.04438130040213572,29.43229515990227,-20.841755665293988,3.25216052179189,1.6577588911308,,,,"91.4",2374,"6.6",718217,641680,663993,543760,673962,677649,543257,665750,666969,"53.92",,,,,,,,65,3,"Cutter",0,4,0,4,4,0,0,4,"Infield shade","Standard",201,"0.001","0.021",,,,,"-0.021",,-4,-4,0.005,0.005,33,27,33,27,4,3,5,1,6,1,"1.86","-0.07","0.07","35.1",,,,,
"FS","2023-05-11","87.8","-2.79","5.58","Eovaldi, Nathan",676116,543135,,"ball",,,,,13,,"R","L","R","ATH","TEX","B",,,0,1,2023,"-1.02","-0.1",-1.8887133220525856,1.9244400810405593,,665923,,2,9,"Bot",,,,,,,4.301342577742254,-127.88621185927678,-2.5550140640937506,-12.033113017772418,26.05281638461008,-32.96614162259184,3.28002511589172,1.62990924160291,,,,"88.1",1412,"6.4",718217,641680,663993,543760,673962,677649,543257,665750,666969,"54.11",,,,,,,,65,2,"Split-Finger",0,4,0,4,4,0,0,4,"Infield shade","Standard",244,"0","0.02",,,,,"-0.02",,-4,-4,0.005,0.005,33,27,33,27,4,3,5,1,6,1,"3.05","1.02","-1.02","33.0",,,,,
"FF","2023-05-11","95.5","-2.58","5.51","Eovaldi, Nathan",676116,543135,,"called_strike",,,,,9,,"R","L","R","ATH","TEX","S",,,0,0,2023,"-1.02","1.25",0.616103587034571,2.0871343357222543,,665923,,2,9,"Bot",,,,,,,10.764415279894514,-138.51788749220376,-6.168464108818119,-15.62969383557638,32.63910744350801,-14.877440356246778,3.41936733149793,1.62990924160291,,,,"95.7",2052,"6.7",718217,641680,663993,543760,673962,677649,543257,665750,666969,"53.79",,,,,,,,65,1,"4-Seam Fastball",0,4,0,4,4,0,0,4,"Standard","Standard",228,"0","-0.046",,,,,"0.046",,-4,-4,0.005,0.005,33,27,33,27,4,3,5,1,6,1,"1.28","1.02","-1.02","29.5",,,,,
"FF","2023-05-11","97.1","-2.63","5.55","Eovaldi, Nathan",668709,543135,"strikeout","foul_tip",,,,,4,"JJ Bleday strikes out on a foul tip.","R","L","R","ATH","TEX","S",2,,0,2,2023,"-1.1","1.24",-0.45396937960391504,2.50903899302017,,667670,,2,7,"Bot",,,,,,,8.407145872035375,-141.18702196457804,-5.4982469304568315,-16.55951589589771,31.10546919142318,-14.521646843881658,3.48,1.71,,,,"97.9",2260,"6.7",718217,641680,663993,543760,673962,677649,543257,665750,666969,"53.8",,0,"0",1,0,0,,51,4,"4-Seam Fastball",0,4,0,4,4,0,0,4,"Standard","Standard",223,"-0.011","-0.185",,,,,"0.185",,-4,-4,0.047,0.047,33,25,33,26,3,2,5,1,6,1,"1.18","1.1","-1.1","33.8",,,,,
"FS","2023-05-11","87.6","-2.56","5.67","Eovaldi, Nathan",668709,543135,,"foul",,,,,13,,"R","L","R","ATH","TEX","S",,,0,2,2023,"-1.11","-0.09",-0.6790315752221956,1.5127229364879144,,667670,,2,7,"Bot",,,,,,,6.879100272935706,-127.54470823763425,-3.8010497466226405,-13.455312492489552,23.56578865302093,-32.66293769237238,3.48,1.71,5,"58.5",-15,"88.6",1551,"6.6",718217,641680,663993,543760,673962,677649,543257,665750,666969,"53.86",,,,,,,,51,3,"Split-Finger",0,4,0,4,4,0,0,4,"Infield shade","Standard",239,"0","0",,,,,"0","88.0",-4,-4,0.047,0.047,33,25,33,26,3,2,5,1,6,1,"3.03","1.11","-1.11","33.1",,,,,
"FS","2023-05-11","89.3","-2.63","5.61","Eovaldi, Nathan",668709,543135,,"swinging_strike",,,,,13,,"R","L","R","ATH","TEX","S",,,0,1,2023,"-1.09","0.21",-0.24330509335293482,1.394054512487763,,667670,,2,7,"Bot",,,,,,,8.240463688291692,-129.84964169139465,-4.89013677543706,-14.034493989540968,24.564021400066355,-29.00268364460122,3.48,1.71,,,,"90.4",1472,"6.8",718217,641680,663993,543760,673962,677649,543257,665750,666969,"53.74",,,,,,,,51,2,"Split-Finger",0,4,0,4,4,0,0,4,"Standard","Standard",236,"-0.004","-0.061",,,,,"0.061",,-4,-4,0.051,0.051,33,25,33,26,3,2,5,1,6,1,"2.63","1.09","-1.09","32.7",,,,,
"FS","2023-05-11","88.6","-2.58","5.68","Eovaldi, Nathan",668709,543135,,"called_strike",,,,,13,,"R","L","R","ATH","TEX","S",,,0,0,2023,"-1.08","0.21",-0.8503084120179276,2.590734824824352,,667670,,2,7,"Bot",,,,,,,6.534827968091426,-128.9068858689124,-1.9566049278733888,-13.399928261682303,24.4606248746927,-29.68113485562627,3.50527274155921,1.70957612285255,,,,"89.5",1375,"6.7",718217,641680,663993,543760,673962,677649,543257,665750,666969,"53.82",,,,,,,,51,1,"Split-Finger",0,4,0,4,4,0,0,4,"Standard","Standard",239,"-0.003","-0.046",,,,,"0.046",,-4,-4,0.054,0.054,33,25,33,26,3,2,5,1,6,1,"2.68","1.08","-1.08","33.7",,,,,
"FF","2023-05-11","96.1","-2.59","5.54","Eovaldi, Nathan",676116,543135,,"ball",,,,,11,,"R","L","R","ATH","TEX","B",,,0,1,2023,"-1.07","1.22",-0.23085803703025265,3.9531211273015363,,,665923,0,4,"Bot",,,,,,,8.716753926438976,-139.7724574084462,-1.3715678306343584,-15.943011180934965,31.34932108119383,-16.11691263263994,3.28002511589172,1.60205901217335,,,,"96.7",2007,"6.6",718217,641680,663993,543760,673962,677649,543257,665750,666969,"53.86",,,,,,,,25,2,"4-Seam Fastball",0,0,0,0,0,0,0,0,"Infield shade","Standard",225,"-0.065","0.024",,,,,"-0.024",,0,0,0.597,0.597,33,27,33,27,2,1,5,1,6,1,"1.25","1.07","-1.07","29.9",,,,,
"FF","2023-05-11","96.5","-2.85","5.32","Eovaldi, Nathan",676116,543135,,"called_strike",,,,,13,,"R","L","R","ATH","TEX","S",,,0,0,2023,"-1.21","0.96",-0.9150826859116359,2.1985331396522825,,,665923,0,4,"Bot",,,,,,,7.957456592623427,-140.2063881156366,-4.944952784992542,-17.80653043153323,31.847036395555516,-18.532287760637633,3.52893012351042,1.82447463110107,,,,"97",2187,"6.7",718217,641680,663993,543760,673962,677649,543257,665750,666969,"53.84",,,,,,,,25,1,"4-Seam Fastball",0,0,0,0,0,0,0,0,"Infield shade","Standard",231,"-0.006","-0.036",,,,,"0.036",,0,0,0.603,0.603,33,27,33,27,2,1,5,1,6,1,"1.49","1.21","-1.21","24.5",,,,,
"FS","2023-05-11","88","-2.55","5.55","Eovaldi, Nathan",672478,543135,"truncated_pa","swinging_strike",,,,,8,,"R","R","R","ATH","TEX","S",2,,0,1,2023,"-1.08","-0.08",-0.07200239361446004,1.3511778550310236,,,669127,2,2,"Bot",,,,,,,8.335647781985312,-127.94086488962219,-3.9594822780547143,-13.57857352579481,25.11161492078294,-32.415919234143004,3.14,1.46,,,,"88.9",1519,"6.8",718217,641680,663993,543760,673962,677649,543257,665750,666969,"53.69",,,"0",0,0,0,,13,2,"Split-Finger",0,0,0,0,0,0,0,0,"Standard","Standard",241,"-0.02","-0.241",,,,,"0.241",,0,0,0.52,0.52,33,22,33,23,1,0,5,1,6,1,"3.01","1.08","1.08","32.3",,,,,
"FF","2023-05-11","95","-2.57","5.32","Eovaldi, Nathan",672478,543135,,"called_strike",,,,,13,,"R","R","R","ATH","TEX","S",,,0,0,2023,"-1.25","1.13",-0.9820066630470421,1.7230725125376558,,,669127,2,2,"Bot",,,,,,,7.018224549789078,-138.0192394737565,-6.312924041271554,-17.579311776976652,31.21423628341214,-16.550219767937627,3.29178341015961,1.51558896493598,,,,"95.6",2199,"6.8",718217,641680,663993,543760,673962,677649,543257,665750,666969,"53.72",,,,,,,,13,1,"4-Seam Fastball",0,0,0,0,0,0,0,0,"Standard","Standard",231,"-0.004","-0.045",,,,,"0.045",,0,0,0.524,0.524,33,22,33,23,1,0,5,1,6,1,"1.41","1.25","1.25","28.8",,,,,
"FF","2023-05-11","96","-2.65","5.41","Eovaldi, Nathan",607054,543135,"field_out","hit_into_play",,,,,5,"Jace Peterson lines out to right fielder Adolis Garcia.","R","L","R","ATH","TEX","X",9,"line_drive",2,0,2023,"-1.14","1.06",-0.1676340221514927,2.2732944787509943,,,669127,1,2,"Bot",195.02,102.97,,,,,9.232228592776368,-139.4934551853098,-5.159755259594289,-16.871547873859825,30.194631728336194,-17.34669902347292,3.17,1.46,292,"89.5",22,"97",2266,"6.8",718217,641680,663993,543760,673962,677649,543257,665750,666969,"53.66",0.174,0.179,"0",1,0,0,3,12,3,"4-Seam Fastball",0,0,0,0,0,0,0,0,"Infield shade","Standard",226,"-0.042","-0.347",,,,0.279,"0.347","89.5",0,0,0.566,0.566,33,33,33,33,1,0,5,1,6,1,"1.41","1.14","-1.14","27.6",,,,,
"FS","2023-05-11","88.4","-2.59","5.6","Eovaldi, Nathan",607054,543135,,"blocked_ball",,,,,14,,"R","L","R","ATH","TEX","B",,,1,0,2023,"-1.23","0.2",0.3493780561656019,0.44179253130326845,,,669127,1,2,"Bot",,,,,,,9.786853692146188,-128.34792165367062,-6.960300031017073,-15.53522977162917,24.847728714451808,-28.760641134588422,3.17,1.46,,,,"89.2",1638,"6.8",718217,641680,663993,543760,673962,677649,543257,665750,666969,"53.71",,,,,,,,12,2,"Split-Finger",0,0,0,0,0,0,0,0,"Infield shade","Standard",234,"0.008","0.054",,,,,"-0.054",,0,0,0.558,0.558,33,33,33,33,1,0,5,1,6,1,"2.72","1.23","-1.23","31.6",,,,,
"FC","2023-05-11","91.6","-2.6","5.64","Eovaldi, Nathan",607054,543135,,"ball",,,,,14,,"R","L","R","ATH","TEX","B",,,0,0,2023,"-0.05","0.74",0.9339719137171347,1.1056845296236328,,,669127,1,2,"Bot",,,,,,,9.094048367406945,-132.98849744568025,-7.248161540333167,-2.501721529883946,27.927704941030264,-21.954242125558014,3.14159536901238,1.43212439889927,,,,"92.4",2298,"6.8",718217,641680,663993,543760,673962,677649,543257,665750,666969,"53.66",,,,,,,,12,1,"Cutter",0,0,0,0,0,0,0,0,"Standard","Standard",207,"0.004","0.036",,,,,"-0.036",,0,0,0.554,0.554,33,33,33,33,1,0,5,1,6,1,"1.98","0.05","-0.05","32.0",,,,,
"FS","2023-05-06","86.7","-2.41","5.6","Eovaldi, Nathan",571875,543135,"field_out","hit_into_play",,,,,7,"Jake Lamb grounds out softly, pitcher Nathan Eovaldi to first baseman Nathaniel Lowe.","R","L","R","LAA","TEX","X",1,"ground_ball",1,0,2023,"-1.22","0.23",-0.7304237465764949,1.533962557516046,,,592273,2,6,"Bot",124.39,186.77,,,,,6.582628739118406,-126.07314462137228,-4.015199097326411,-14.309825902667843,25.714405909243403,-29.134148671927004,3.42,1.61,0,"46.5",-77,"87.8",1666,"7",718275,641680,663993,543760,673962,677649,608671,665750,666969,"53.5",0.206,0.185,"0",1,0,0,1,51,2,"Split-Finger",0,3,0,3,3,0,0,3,"Infield shade","Standard",222,"-0.027","-0.316",,,,0.206,"0.316","88.0",-3,-3,0.134,0.134,33,32,33,33,3,2,7,2,5,,"2.81","1.22","-1.22","34.3",,,,,
"FC","2023-05-06","90.2","-2.34","5.56","Eovaldi, Nathan",571875,543135,,"ball",,,,,14,,"R","L","R","LAA","TEX","B",,,0,0,2023,"0.24","0.85",1.83138246351762,2.136889221595778,,,592273,2,6,"Bot",,,,,,,9.974089001920433,-130.9576472919594,-4.334764333138288,0.49151373703889206,29.39979296970389,-21.684071035095446,3.3428831354427,1.66492339517674,,,,"90.9",2362,"7",718275,641680,663993,543760,673962,677649,608671,665750,666969,"53.51",,,,,,,,51,1,"Cutter",0,3,0,3,3,0,0,3,"Infield shade","Standard",166,"0.003","0.03",,,,,"-0.03",,-3,-3,0.131,0.131,33,32,33,33,3,2,7,2,5,,"1.98","-0.24","0.24","32.7",,,,,
"FS","2023-05-06","88.4","-2.42","5.45","Eovaldi, Nathan",545361,543135,"force_out","hit_into_play",,,,,9,"Mike Trout grounds into a force out, shortstop Ezequiel Duran to second baseman Marcus Semien. Zach Neto out at 2nd.","R","R","R","LAA","TEX","X",6,"ground_ball",1,0,2023,"-1.13","0",0.4053152707091745,2.0674773571694103,,570482,687263,2,5,"Bot",100.59,152.65,,,,,9.367939465098576,-128.46849910978702,-2.1786236259914453,-14.41216580157903,25.89828564878942,-31.926515721764098,3.44,1.61,100,"83.2",8,"89.6",1569,"7.1",718275,641680,663993,543760,673962,677649,608671,665750,666969,"53.44",0.437,0.422,"0",1,0,0,4,44,2,"Split-Finger",0,3,0,3,3,0,0,3,"Standard","Standard",278,"-0.054","-0.326",,,,0.517,"0.326","88.0",-3,-3,0.191,0.191,33,31,33,32,3,2,7,1,5,1,"2.92","1.13","1.13","32.0",,,,,
"SI","2023-05-06","95.2","-2.48","5.34","Eovaldi, Nathan",545361,543135,,"ball",,,,,11,,"R","R","R","LAA","TEX","B",,,0,0,2023,"-1.21","1.24",-1.3959346175810188,3.0242102999598908,,570482,687263,2,5,"Bot",,,,,,,5.642060162849236,-138.54099008903958,-3.211618515781117,-16.869078843746408,33.116760131651034,-15.754957485537025,3.58982132208831,1.68740798210918,,,,"95.9",2445,"6.9",718275,641680,663993,543760,673962,677649,608671,665750,666969,"53.64",,,,,,,,44,1,"Sinker",0,3,0,3,3,0,0,3,"Standard","Standard",183,"0.004","0.03",,,,,"-0.03",,-3,-3,0.187,0.187,33,31,33,32,3,2,7,1,5,1,"1.29","1.21","1.21","27.2",,,,,
"FC","2023-05-06","90.1","-2.6","5.57","Eovaldi, Nathan",687263,543135,"walk","ball",,,,,11,"Zach Neto walks. Gio Urshela to 2nd.","R","R","R","LAA","TEX","B",,,3,2,2023,"0.11","0.9",-0.8494740978671103,2.8245875695923237,,,570482,2,5,"Bot",,,,,,,4.164803031365366,-131.18165430126854,-2.7930725700959096,0.36250470080471925,28.80937911048682,-21.372506378719088,3.24409869426986,1.58846920720243,,,,"91.1",2256,"7",718275,641680,663993,543760,673962,677649,608671,665750,666969,"53.53",,0.695903,"0.7",1,0,0,,43,8,"Cutter",0,3,0,3,3,0,0,3,"Standard","Standard",192,"0.022","0.258",,,,,"-0.258",,-3,-3,0.165,0.165,33,22,33,22,3,2,7,1,5,2,"1.91","-0.11","-0.11","31.6",,,,,
"FF","2023-05-06","95","-2.4","5.42","Eovaldi, Nathan",687263,543135,,"foul",,,,,9,,"R","R","R","LAA","TEX","S",,,3,2,2023,"-0.87","1",0.2920800776581909,1.7932811752707196,,,570482,2,5,"Bot",,,,,,,9.117335916810244,-137.94823639769194,-6.107736314803908,-13.213951066504816,32.57022293539171,-18.134910581434145,3.47,1.6,210,"86.1",17,"95.9",1911,"7.1",718275,641680,663993,543760,673962,677649,608671,665750,666969,"53.44",,,,,,,,43,7,"4-Seam Fastball",0,3,0,3,3,0,0,3,"Standard","Standard",230,"0","0",,,,,"0","88.0",-3,-3,0.165,0.165,33,22,33,22,3,2,7,1,5,2,"1.55","0.87","0.87","30.0",,,,,
"FS","2023-05-06","85.3","-2.42","5.59","Eovaldi, Nathan",687263,543135,,"ball",,,,,14,,"R","R","R","LAA","TEX","B",,,2,2,2023,"-1.03","0.32",0.06040361230307845,1.2091946128839854,,,570482,2,5,"Bot",,,,,,,7.997158126629103,-123.91669015146051,-4.649902787540689,-12.22610974952482,25.290911884263384,-28.13890640779605,3.18693204380063,1.59854063904714,,,,"86.2",1688,"7",718275,641680,663993,543760,673962,677649,608671,665750,666969,"53.52",,,,,,,,43,6,"Split-Finger",0,3,0,3,3,0,0,3,"Infield shade","Standard",229,"0.008","0.065",,,,,"-0.065",,-3,-3,0.157,0.157,33,22,33,22,3,2,7,1,5,2,"2.83","1.03","1.03","35.1",,,,,
"FF","2023-05-06","96.1","-2.44","5.25","Eovaldi, Nathan",687263,543135,,"ball",,,,,14,,"R","R","R","LAA","TEX","B",,,1,2,2023,"-1.22","1.06",1.279810553909229,1.9804820669446694,,,570482,2,5,"Bot",,,,,,,12.688752758332264,-139.22521671576607,-5.443848803091292,-18.800354957967365,33.69144893880512,-17.234988105475022,3.27674998552429,1.57604999922613,,,,"96.3",2232,"6.8",718275,641680,663993,543760,673962,677649,608671,665750,666969,"53.69",,,,,,,,43,5,"4-Seam Fastball",0,3,0,3,3,0,0,3,"Standard","Standard",232,"0.003","0.034",,,,,"-0.034",,-3,-3,0.154,0.154,33,22,33,22,3,2,7,1,5,2,"1.44","1.22","1.22","24.6",,,,,
"CU","2023-05-06","77.6","-2.09","5.76","Eovaldi, Nathan",687263,543135,,"blocked_ball",,,,,14,,"R","R","R","LAA","TEX","B",,,0,2,2023,"0.86","-0.82",1.8224270356451266,0.974896431337787,,,570482,2,5,"Bot",,,,,,,6.885687383782473,-112.73607069965982,-1.727117895114638,5.9471807216,22.203696350166734,-39.02777728953368,3.18693204380063,1.57604999922613,,,,"78.3",2063,"7.1",718275,641680,663993,543760,673962,677649,608671,665750,666969,"53.43",,,,,,,,43,4,"Curveball",0,3,0,3,3,0,0,3,"Standard","Standard",37,"0.003","0.02",,,,,"-0.02",,-3,-3,0.151,0.151,33,22,33,22,3,2,7,1,5,2,"4.65","-0.86","-0.86","43.1",,,,,
"FF","2023-05-06","95.3","-2.43","5.56","Eovaldi, Nathan",687263,543135,,"foul",,,,,2,,"R","R","R","LAA","TEX","S",,,0,2,2023,"-0.85","1.21",0.20286263362282064,2.9966391614239973,,,570482,2,5,"Bot",,,,,,,8.922643735854722,-138.453492746849,-3.7727420236729237,-13.071776599928137,34.17329779837755,-16.005869616676698,3.47,1.6,163,"78.6",14,"95.7",2157,"6.9",718275,641680,663993,543760,673962,677649,608671,665750,666969,"53.64",,,,,,,,43,3,"4-Seam Fastball",0,3,0,3,3,0,0,3,"Standard","Standard",228,"0","0",,,,,"0","88.0",-3,-3,0.151,0.151,33,22,33,22,3,2,7,1,5,2,"1.33","0.85","0.85","30.1",,,,,
"FS","2023-05-06","87.2","-2.41","5.62","Eovaldi, Nathan",687263,543135,,"swinging_strike_blocked",,,,,13,,"R","R","R","LAA","TEX","S",,,0,1,2023,"-1.12","0.01",-0.047529411769036356,0.755251928920444,,,570482,2,5,"Bot",,,,,,,8.065980473747992,-126.74770865094467,-5.608273813104423,-13.739025958410586,25.153147865480005,-31.162474625281725,3.47,1.6,,,,"88.2",1551,"6.9",718275,641680,663993,543760,673962,677649,608671,665750,666969,"53.59",,,,,,,,43,2,"Split-Finger",0,3,0,3,3,0,0,3,"Standard","Standard",243,"-0.006","-0.055",,,,,"0.055",,-3,-3,0.157,0.157,33,22,33,22,3,2,7,1,5,2,"2.99","1.12","1.12","33.5",,,,,
"FC","2023-05-06","91.5","-2.51","5.55","Eovaldi, Nathan",687263,543135,,"called_strike",,,,,5,,"R","R","R","LAA","TEX","S",,,0,0,2023,"-0.08","0.78",0.15584079218373506,2.2538118402487726,,,570482,2,5,"Bot",,,,,,,6.971674359546628,-133.11704375200696,-4.1672934337231196,-2.5267223957060514,29.296343253159314,-22.145827655182885,3.49625874500685,1.66600707486564,,,,"92.4",2292,"6.9",718275,641680,663993,543760,673962,677649,608671,665750,666969,"53.62",,,,,,,,43,1,"Cutter",0,3,0,3,3,0,0,3,"Infield shade","Standard",199,"-0.004","-0.045",,,,,"0.045",,-3,-3,0.161,0.161,33,22,33,22,3,2,7,1,5,2,"1.95","0.08","0.08","30.6",,,,,
"FC","2023-05-06","90.3","-2.41","5.55","Eovaldi, Nathan",650859,543135,"field_out","hit_into_play",,,,,5,"Luis Rengifo lines out sharply to shortstop Ezequiel Duran.","R","L","R","LAA","TEX","X",6,"line_drive",0,1,2023,"-0.2","0.8",-0.06135033186341149,2.2950890541187494,,,570482,1,5,"Bot",114.08,146.3,,,,,6.335063551984682,-131.4610222839162,-3.9273810675703995,-3.6361358403309016,27.169674183333875,-22.202893564730264,3.11,1.45,202,"103.3",8,"91.3",2322,"6.8",718275,641680,663993,543760,673962,677649,608671,665750,666969,"53.68",0.724,0.675,"0",1,0,0,4,42,2,"Cutter",0,3,0,3,3,0,0,3,"Infield shade","Standard",219,"-0.029","-0.215",,,,0.825,"0.215","103.3",-3,-3,0.19,0.19,33,26,33,26,2,1,7,1,5,1,"1.98","0.2","-0.2","33.2",,,,,
"FS","2023-05-06","86.1","-2.44","5.63","Eovaldi, Nathan",650859,543135,,"foul",,,,,7,,"R","L","R","LAA","TEX","S",,,0,0,2023,"-1.2","0.21",-0.77712189604876,1.8241956571154692,,,570482,1,5,"Bot",,,,,,,6.486150894929668,-125.34240819617874,-3.306127263574826,-13.945246092876546,24.20010383019063,-29.451791499417105,3.11,1.45,2,"64.6",-52,"87.6",1593,"7.1",718275,641680,663993,543760,673962,677649,608671,665750,666969,"53.39",,,,,,,,42,1,"Split-Finger",0,3,0,3,3,0,0,3,"Standard","Standard",231,"-0.005","-0.042",,,,,"0.042","88.0",-3,-3,0.195,0.195,33,26,33,26,2,1,7,1,5,1,"2.85","1.2","-1.2","33.2",,,,,
"CU","2023-05-06","77.2","-2.21","5.73","Eovaldi, Nathan",595453,543135,"strikeout","swinging_strike",,,,,14,"Chad Wallach strikes out swinging.","R","R","R","LAA","TEX","S",2,,2,2,2023,"0.9","-0.79",1.1131835687513907,1.7037601067360963,,,570482,0,5,"Bot",,,,,,,5.467826719969098,-112.30253801104276,-0.06473742597698307,6.434793387961031,23.077133208049826,-38.99809939850125,3.7,1.72,,,,"77.5",2018,"6.8",718275,641680,663993,543760,673962,677649,608671,665750,666969,"53.68",,0,"0",1,0,0,,41,6,"Curveball",0,3,0,3,3,0,0,3,"Standard","Standard",38,"-0.036","-0.21",,,,,"0.21",,-3,-3,0.231,0.231,33,31,33,32,2,1,7,1,5,9,"4.66","-0.9","-0.9","33.3",,,,,
"FF","2023-05-06","94.5","-2.51","5.38","Eovaldi, Nathan",595453,543135,,"foul",,,,,7,,"R","R","R","LAA","TEX","S",,,2,2,2023,"-0.95","1.02",-0.5680151665806434,2.2815588891615923,,,570482,0,5,"Bot",,,,,,,7.268673888954254,-137.36313779822353,-4.72312020198968,-13.640805875042595,29.794726642185058,-18.353359934166296,3.7,1.72,2,"79.6",-53,"95.6",2097,"7",718275,641680,663993,543760,673962,677649,608671,665750,666969,"53.54",,,,,,,,41,5,"4-Seam Fastball",0,3,0,3,3,0,0,3,"Standard","Standard",224,"0","0",,,,,"0","88.0",-3,-3,0.231,0.231,33,31,33,32,2,1,7,1,5,9,"1.53","0.95","0.95","28.0",,,,,
"FC","2023-05-06","91.5","-2.64","5.46","Eovaldi, Nathan",595453,543135,,"foul",,,,,1,,"R","R","R","LAA","TEX","S",,,2,1,2023,"0.07","1.07",-0.4958907734318357,3.105172288692924,,,570482,0,5,"Bot",,,,,,,5.3146699637885835,-133.2553102431689,-2.415492624386516,-0.2968776690162288,28.24609767640351,-19.06366174511708,3.7,1.72,220,"75",46,"92.7",2252,"6.9",718275,641680,663993,543760,673962,677649,608671,665750,666969,"53.57",,,,,,,,41,4,"Cutter",0,3,0,3,3,0,0,3,"Standard","Standard",218,"-0.013","-0.056",,,,,"0.056","88.0",-3,-3,0.244,0.244,33,31,33,32,2,1,7,1,5,9,"1.64","-0.07","-0.07","29.3",,,,,
"FS","2023-05-06","87.4","-2.42","5.63","Eovaldi, Nathan",595453,543135,,"ball",,,,,13,,"R","R","R","LAA","TEX","B",,,1,1,2023,"-1.24","0.24",-0.1589696129782603,1.0117670109275854,,,570482,0,5,"Bot",,,,,,,8.138103659162045,-126.97108439502213,-5.571763099986234,-15.085698528583302,24.093904843592988,-28.696816789296644,3.72671664275769,1.7334654943788,,,,"88.9",1571,"7.1",718275,641680,663993,543760,673962,677649,608671,665750,666969,"53.38",,,,,,,,41,3,"Split-Finger",0,3,0,3,3,0,0,3,"Standard","Standard",229,"0.009","0.042",,,,,"-0.042",,-3,-3,0.235,0.235,33,31,33,32,2,1,7,1,5,9,"2.74","1.24","1.24","35.2",,,,,
"FF","2023-05-06","95.4","-2.53","5.41","Eovaldi, Nathan",595453,543135,,"called_strike",,,,,8,,"R","R","R","LAA","TEX","S",,,1,0,2023,"-1.03","1.15",-0.20959887177817182,1.6877275256962927,,,570482,0,5,"Bot",,,,,,,8.545821744684073,-138.50898118832262,-6.794300627791079,-15.231914479021352,31.681754133242798,-15.961341501238714,3.72671664275769,1.80091616700034,,,,"96.5",2173,"7.1",718275,641680,663993,543760,673962,677649,608671,665750,666969,"53.38",,,,,,,,41,2,"4-Seam Fastball",0,3,0,3,3,0,0,3,"Standard","Standard",225,"-0.009","-0.042",,,,,"0.042",,-3,-3,0.244,0.244,33,31,33,32,2,1,7,1,5,9,"1.37","1.03","1.03","35.2",,,,,
"FC","2023-05-06","92","-2.46","5.51","Eovaldi, Nathan",595453,543135,,"ball",,,,,14,,"R","R","R","LAA","TEX","B",,,0,0,2023,"0.08","0.89",0.6593010801430272,1.2898979210786459,,,570482,0,5,"Bot",,,,,,,7.80205473591875,-133.59736564809276,-6.813840353383394,-0.7464928216889654,29.25583403975886,-20.235266017296517,3.6584259394059,1.7334654943788,,,,"92.8",2312,"6.9",718275,641680,663993,543760,673962,677649,608671,665750,666969,"53.6",,,,,,,,41,1,"Cutter",0,3,0,3,3,0,0,3,"Standard","Standard",230,"0.007","0.03",,,,,"-0.03",,-3,-3,0.237,0.237,33,31,33,32,2,1,7,1,5,9,"1.82","-0.08","-0.08","31.4",,,,,
"FF","2023-05-06","95.8","-2.38","5.42","Eovaldi, Nathan",571875,543135,"strikeout","swinging_strike",,,,,12,"Jake Lamb strikes out swinging.","R","L","R","LAA","TEX","S",2,,3,2,2023,"-0.94","1.24",1.2026381666623545,2.766719859311312,,592273,,2,4,"Bot",,,,,,,11.695022931721846,-138.9839396810489,-4.20373896679898,-14.765337113506853,30.81216524135231,-15.330346686896341,3.42,1.61,,,,"96.8",2209,"7",718275,641680,663993,543760,673962,677649,608671,665750,666969,"53.51",,0,"0",1,0,0,,35,8,"4-Seam Fastball",0,3,0,3,3,0,0,3,"Standard","Standard",228,"-0.034","-0.27",,,,,"0.27",,-3,-3,0.198,0.198,33,32,33,33,2,1,7,2,5,,"1.26","0.94","-0.94","29.3",,,,,
"FS","2023-05-06","89","-2.37","5.61","Eovaldi, Nathan",571875,543135,,"ball",,,,,14,,"R","L","R","LAA","TEX","B",,,2,2,2023,"-1.36","0.33",0.9842495623420218,1.2273843544310683,,592273,,2,4,"Bot",,,,,,,11.209020304015567,-129.07184125716594,-5.47829554509301,-17.4816585151249,25.11542137870033,-27.48086438584729,3.34410996280376,1.57604999922613,,,,"90.2",1671,"7",718275,641680,663993,543760,673962,677649,608671,665750,666969,"53.45",,,,,,,,35,7,"Split-Finger",0,3,0,3,3,0,0,3,"Standard","Standard",240,"0.007","0.051",,,,,"-0.051",,-3,-3,0.191,0.191,33,32,33,33,2,1,7,2,5,,"2.55","1.36","-1.36","33.4",,,,,
"CU","2023-05-06","77.7","-2.22","5.68","Eovaldi, Nathan",571875,543135,,"blocked_ball",,,,,14,,"R","L","R","LAA","TEX","B",,,1,2,2023,"0.59","-0.8",1.7384194614073523,0.7718500179521572,,592273,,2,4,"Bot",,,,,,,7.520625656367634,-112.91242057184802,-2.0379783061257495,3.423536291248531,23.182326677132863,-38.77652903905689,3.32165694725102,1.53106591811962,,,,"78.5",2063,"7.2",718275,641680,663993,543760,673962,677649,608671,665750,666969,"53.32",,,,,,,,35,6,"Curveball",0,3,0,3,3,0,0,3,"Standard","Standard",38,"0.005","0.015",,,,,"-0.015",,-3,-3,0.186,0.186,33,32,33,33,2,1,7,2,5,,"4.63","-0.59","0.59","37.3",,,,,
"FF","2023-05-06","95.7","-2.44","5.42","Eovaldi, Nathan",571875,543135,,"foul",,,,,6,,"R","L","R","LAA","TEX","S",,,1,2,2023,"-1.16","1.3",0.521690927111625,2.749899645973453,,592273,,2,4,"Bot",,,,,,,10.558388154876567,-138.83379826334598,-4.329160047333046,-17.447632032319238,34.65659887222506,-14.574554465452962,3.42,1.61,191,"70.8",55,"96.4",2166,"7.1",718275,641680,663993,543760,673962,677649,608671,665750,666969,"53.4",,,,,,,,35,5,"4-Seam Fastball",0,3,0,3,3,0,0,3,"Standard","Standard",227,"0","0",,,,,"0","88.0",-3,-3,0.186,0.186,33,32,33,33,2,1,7,2,5,,"1.23","1.16","-1.16","26.9",,,,,
"FS","2023-05-06","87.9","-2.49","5.61","Eovaldi, Nathan",571875,543135,,"foul",,,,,13,,"R","L","R","LAA","TEX","S",,,1,2,2023,"-1.38","0.32",-0.18038384843769162,1.3038056444862907,,592273,,2,4,"Bot",,,,,,,8.536987274154678,-127.63892456510608,-5.001494546338557,-16.815567798539384,26.670523508342413,-27.793032147925608,3.42,1.61,,,,"88.7",1782,"6.9",718275,641680,663993,543760,673962,677649,608671,665750,666969,"53.57",,,,,,,,35,4,"Split-Finger",0,3,0,3,3,0,0,3,"Standard","Standard",232,"0","0",,,,,"0",,-3,-3,0.186,0.186,33,32,33,33,2,1,7,2,5,,"2.64","1.38","-1.38","32.5",,,,,
"FC","2023-05-06","91.6","-2.49","5.56","Eovaldi, Nathan",571875,543135,,"swinging_strike",,,,,9,,"R","L","R","LAA","TEX","S",,,1,1,2023,"-0.08","0.93",0.4460905158468989,2.0087485174985513,,592273,,2,4,"Bot",,,,,,,7.695203351679102,-133.1202864734722,-5.128664620831992,-2.68920095182564,29.901826572577757,-20.201320799842705,3.42,1.61,,,,"92.6",2418,"7.1",718275,641680,663993,543760,673962,677649,608671,665750,666969,"53.44",,,,,,,,35,3,"Cutter",0,3,0,3,3,0,0,3,"Standard","Standard",187,"-0.008","-0.064",,,,,"0.064",,-3,-3,0.194,0.194,33,32,33,33,2,1,7,2,5,,"1.8","0.08","-0.08","31.8",,,,,
"FF","2023-05-06","95.4","-2.56","5.43","Eovaldi, Nathan",571875,543135,,"called_strike",,,,,9,,"R","L","R","LAA","TEX","S",,,1,0,2023,"-1.08","1.19",0.7596292546865615,2.0594600404549026,,592273,,2,4,"Bot",,,,,,,11.289493335696799,-138.4418618056191,-5.938489520672198,-16.425842106051437,31.759145276337378,-15.641548831798726,3.36656268226808,1.59854063904714,,,,"96.3",2278,"7",718275,641680,663993,543760,673962,677649,608671,665750,666969,"53.46",,,,,,,,35,2,"4-Seam Fastball",0,3,0,3,3,0,0,3,"Standard","Standard",230,"-0.004","-0.046",,,,,"0.046",,-3,-3,0.198,0.198,33,32,33,33,2,1,7,2,5,,"1.33","1.08","-1.08","30.7",,,,,
"FF","2023-05-06","92.7","-2.46","5.54","Eovaldi, Nathan",571875,543135,,"ball",,,,,12,,"R","L","R","LAA","TEX","B",,,0,0,2023,"-1.07","1.36",0.884121599794002,4.154972970177754,,592273,,2,4,"Bot",,,,,,,10.975951780496944,-134.5611985156215,-0.6174605553757844,-15.49393057041103,32.12263873093882,-15.90217422969138,3.43391917033169,1.53106591811962,,,,"93.1",2114,"6.9",718275,641680,663993,543760,673962,677649,608671,665750,666969,"53.63",,,,,,,,35,1,"4-Seam Fastball",0,3,0,3,3,0,0,3,"Standard","Standard",240,"0.002","0.02",,,,,"-0.02",,-3,-3,0.196,0.196,33,32,33,33,2,1,7,2,5,,"1.33","1.07","-1.07","33.5",,,,,
"FC","2023-05-06","90.7","-2.45","5.52","Eovaldi, Nathan",595453,543135,"strikeout_double_play","called_strike",,,,,9,"Chad Wallach called out on strikes and Gio Urshela caught stealing 2nd, catcher Jonah Heim to second baseman Marcus Semien to catcher Jonah Heim.","R","R","R","LAA","TEX","S",2,,3,2,2023,"0.23","0.88",0.7228618121821647,2.261291986245984,,,570482,1,2,"Bot",,,,,,,7.544133977183252,-131.81013019161736,-4.115177078466071,0.9618199498918621,29.485162594627397,-21.267987006884717,3.77194890301814,1.80201282716557,,,,"91.7",2434,"7.1",718275,641680,663993,543760,673962,677649,608671,665750,666969,"53.44",,0,"0",1,0,0,,16,6,"Cutter",0,0,0,0,0,0,0,0,"Standard","Standard",189,"-0.06","-0.314",,,,,"0.314",,0,0,0.56,0.56,33,31,33,32,1,0,7,1,5,9,"1.91","-0.23","-0.23","32.1",,,,,
"FS","2023-05-06","89.4","-2.38","5.55","Eovaldi, Nathan",595453,543135,,"ball",,,,,13,,"R","R","R","LAA","TEX","B",,,2,2,2023,"-1.2","0.1",-0.8726042159262672,1.3226319267343798,,,570482,1,2,"Bot",,,,,,,6.314828094856145,-130.05011357365126,-4.676801840175566,-14.900303891051237,27.51360814055584,-30.19136573717094,3.7279873111243,1.77952764546252,,,,"90.5",1775,"7",718275,641680,663993,543760,673962,677649,608671,665750,666969,"53.51",,,,,,,,16,5,"Split-Finger",0,0,0,0,0,0,0,0,"Standard","Standard",245,"0.01","0.084",,,,,"-0.084",,0,0,0.55,0.55,33,31,33,32,1,0,7,1,5,9,"2.75","1.2","1.2","30.6",,,,,
"FS","2023-05-06","88.3","-2.51","5.58","Eovaldi, Nathan",595453,543135,,"swinging_strike",,,,,11,,"R","R","R","LAA","TEX","S",,,2,1,2023,"-1.04","0.18",-1.082948365844628,3.3415679884409126,,,570482,1,2,"Bot",,,,,,,5.7092134638191405,-128.4967012779623,0.28679057228341054,-12.713368317309925,26.618285247834695,-30.508895425062615,3.7,1.72,,,,"89.4",1632,"6.9",718275,641680,663993,543760,673962,677649,608671,665750,666969,"53.55",,,,,,,,16,4,"Split-Finger",0,0,0,0,0,0,0,0,"Standard","Standard",245,"-0.008","-0.054",,,,,"0.054",,0,0,0.558,0.558,33,31,33,32,1,0,7,1,5,9,"2.75","1.04","1.04","32.5",,,,,
"FC","2023-05-06","90.3","-2.34","5.58","Eovaldi, Nathan",595453,543135,,"ball",,,,,14,,"R","R","R","LAA","TEX","B",,,1,1,2023,"0.26","0.97",1.4635917386562622,2.142951443204213,,,570482,1,2,"Bot",,,,,,,9.043148611901954,-131.09715984267922,-4.663235145863768,0.976340317355161,29.46619489993736,-20.214720502691616,3.70459317097198,1.73455475307934,,,,"91.3",2326,"7.2",718275,641680,663993,543760,673962,677649,608671,665750,666969,"53.35",,,,,,,,16,3,"Cutter",0,0,0,0,0,0,0,0,"Standard","Standard",193,"0.006","0.046",,,,,"-0.046",,0,0,0.552,0.552,33,31,33,32,1,0,7,1,5,9,"1.86","-0.26","-0.26","31.7",,,,,
"FC","2023-05-06","89.7","-2.55","5.54","Eovaldi, Nathan",595453,543135,,"foul",,,,,6,,"R","R","R","LAA","TEX","S",,,1,0,2023,"0.04","0.84",0.530217496428925,2.750241752295066,,,570482,1,2,"Bot",,,,,,,7.6213325504182095,-130.46123150701072,-2.702627593417088,-1.1051322723574641,26.671004703260287,-22.235599622072762,3.7,1.72,5,"68.7",-29,"90.7",2381,"6.9",718275,641680,663993,543760,673962,677649,608671,665750,666969,"53.63",,,,,,,,16,2,"Cutter",0,0,0,0,0,0,0,0,"Standard","Standard",192,"-0.006","-0.053",,,,,"0.053","88.0",0,0,0.558,0.558,33,31,33,32,1,0,7,1,5,9,"1.99","-0.04","-0.04","33.6",,,,,
"CU","2023-05-06","76.8","-2.32","5.66","Eovaldi, Nathan",595453,543135,,"ball",,,,,12,,"R","R","R","LAA","TEX","B",,,0,0,2023,"1.08","-0.69",1.1621882598313915,2.7996551966952135,,,570482,1,2,"Bot",,,,,,,5.479375402437478,-111.63241319904621,2.3281288177854678,7.827934920335617,22.40640724821033,-38.622645798614215,3.61478376559025,1.71206702236524,,,,"77.2",2121,"6.9",718275,641680,663993,543760,673962,677649,608671,665750,666969,"53.6",,,,,,,,16,1,"Curveball",0,0,0,0,0,0,0,0,"Standard","Standard",48,"0.004","0.036",,,,,"-0.036",,0,0,0.554,0.554,33,31,33,32,1,0,7,1,5,9,"4.6","-1.08","-1.08","35.1",,,,,
"FF","2023-05-06","95.5","-2.5","5.39","Eovaldi, Nathan",592273,543135,"field_out","hit_into_play",,,,,4,"Brandon Drury flies out sharply to center fielder Leody Taveras.","R","R","R","LAA","TEX","X",8,"fly_ball",0,0,2023,"-0.81","1.04",-0.32415152103725475,2.7451500630054246,545361,,621493,2,1,"Bot",137.88,48.33,,,,,7.640809556902107,-138.78125451970777,-3.671922534582853,-12.174191957939575,32.93447982824701,-18.126544340651925,3.5,1.68,373,"103",36,"96.3",2040,"6.9",718275,641680,663993,543760,673962,677649,608671,665750,666969,"53.56",0.497,0.9800476190476192,"0",1,0,0,6,9,1,"4-Seam Fastball",0,0,0,0,0,0,0,0,"Standard","Standard",229,"-0.048","-0.309",,,,1.947,"0.309","103.0",0,0,0.548,0.548,33,30,33,31,1,0,7,1,5,1,"1.48","0.81","0.81","29.7",,,,,
"CU","2023-05-06","77.5","-2.38","5.61","Eovaldi, Nathan",621493,543135,"single","hit_into_play",,,,,6,"Taylor Ward singles on a sharp line drive to left fielder Travis Jankowski. Mike Trout to 3rd.","R","R","R","LAA","TEX","X",7,"line_drive",3,2,2023,"0.81","-0.82",0.33586487480191685,2.260839324145625,,,545361,2,1,"Bot",78.38,107.43,,,,,4.387965532303798,-112.81778837401022,1.322975539367458,6.02263716185405,21.38117589365419,-39.61660960744395,3.4,1.65,284,"102.7",15,"78.2",2148,"6.9",718275,641680,663993,543760,673962,677649,608671,665750,666969,"53.62",0.661,0.723,"0.9",1,1,0,4,8,6,"Curveball",0,0,0,0,0,0,0,0,"Standard","Standard",48,"0.023","0.349",,,,1.042,"-0.349","102.7",0,0,0.525,0.525,33,29,33,30,1,0,7,1,5,1,"4.62","-0.81","-0.81","33.4",,,,,
"SL","2023-05-06","85","-2.35","5.63","Eovaldi, Nathan",621493,543135,,"ball",,,,,14,,"R","R","R","LAA","TEX","B",,,2,2,2023,"0.64","-0.08",1.5143246687786207,1.4975558228571,,,545361,2,1,"Bot",,,,,,,7.869293428597868,-123.58047903207323,-3.229449313399225,5.0264134674269325,24.238376027887583,-32.58943604260564,3.34533689769347,1.64459857215819,,,,"86.2",2213,"7.1",718275,641680,663993,543760,673962,677649,608671,665750,666969,"53.42",,,,,,,,8,5,"Slider",0,0,0,0,0,0,0,0,"Standard","Standard",126,"0.006","0.065",,,,,"-0.065",,0,0,0.519,0.519,33,29,33,30,1,0,7,1,5,1,"3.24","-0.64","-0.64","33.7",,,,,
"FF","2023-05-06","95.6","-2.52","5.44","Eovaldi, Nathan",621493,543135,,"ball",,,,,13,,"R","R","R","LAA","TEX","B",,,1,2,2023,"-1.13","1.33",-1.7806700571118246,1.8672812241118648,,,545361,2,1,"Bot",,,,,,,4.553722045645853,-139.00603780362565,-6.839684809286122,-15.668052608780085,32.68318699691488,-13.574320168532484,3.42735676773884,1.73455475307934,,,,"96.5",2211,"6.9",718275,641680,663993,543760,673962,677649,608671,665750,666969,"53.55",,,,,,,,8,4,"4-Seam Fastball",0,0,0,0,0,0,0,0,"Standard","Standard",225,"0.004","0.034",,,,,"-0.034",,0,0,0.515,0.515,33,29,33,30,1,0,7,1,5,1,"1.18","1.13","1.13","33.6",,,,,
"FF","2023-05-06","95","-2.42","5.45","Eovaldi, Nathan",621493,543135,,"ball",,,,,13,,"R","R","R","LAA","TEX","B",,,0,2,2023,"-1.14","1.29",-1.1263518417103855,2.4766972560176486,,,545361,2,1,"Bot",,,,,,,6.022616914131474,-138.2307977272265,-5.080534816156698,-16.012075889560244,31.608502783861518,-14.703562327358654,3.42735676773884,1.68957842196876,,,,"96.1",2204,"7",718275,641680,663993,543760,673962,677649,608671,665750,666969,"53.5",,,,,,,,8,3,"4-Seam Fastball",0,0,0,0,0,0,0,0,"Standard","Standard",230,"0.002","0.02",,,,,"-0.02",,0,0,0.513,0.513,33,29,33,30,1,0,7,1,5,1,"1.24","1.14","1.14","28.9",,,,,
"FS","2023-05-06","87.4","-2.4","5.52","Eovaldi, Nathan",621493,543135,,"foul",,,,,9,,"R","R","R","LAA","TEX","S",,,0,1,2023,"-1.19","0.26",0.42719782315450816,1.6088904525794785,,,545361,2,1,"Bot",,,,,,,9.375558779309996,-126.92025667423022,-3.830338749652678,-14.760474024049822,25.851119009786494,-28.75961587759266,3.4,1.65,,,,"88.3",1635,"7",718275,641680,663993,543760,673962,677649,608671,665750,666969,"53.54",,,,,,,,8,2,"Split-Finger",0,0,0,0,0,0,0,0,"Standard","Standard",244,"-0.006","-0.055",,,,,"0.055",,0,0,0.519,0.519,33,29,33,30,1,0,7,1,5,1,"2.74","1.19","1.19","32.7",,,,,
"CU","2023-05-06","77.6","-2.29","5.76","Eovaldi, Nathan",621493,543135,,"swinging_strike",,,,,14,,"R","R","R","LAA","TEX","S",,,0,0,2023,"0.67","-0.76",0.40424960476566685,1.4028815670107622,,,545361,2,1,"Bot",,,,,,,4.589197821530295,-112.84616198809803,-0.8898230675512225,4.731750625650126,23.338459113100207,-38.6968415207555,3.4,1.65,,,,"78.2",2028,"7",718275,641680,663993,543760,673962,677649,608671,665750,666969,"53.47",,,,,,,,8,1,"Curveball",0,0,0,0,0,0,0,0,"Standard","Standard",49,"-0.003","-0.045",,,,,"0.045",,0,0,0.522,0.522,33,29,33,30,1,0,7,1,5,1,"4.6","-0.67","-0.67","34.4",,,,,
"FS","2023-05-06","88.5","-2.42","5.5","Eovaldi, Nathan",660271,543135,"field_out","hit_into_play",,,,,8,"Shohei Ohtani flies out to left fielder Travis Jankowski.","R","L","R","LAA","TEX","X",7,"fly_ball",3,2,2023,"-1.28","0.18",-0.11642506053291357,1.4963645161692067,,,545361,1,1,"Bot",57.87,86.11,,,,,8.379459869140799,-128.5619853540291,-4.116905461886262,-15.871398264144945,26.033950782905436,-29.508294180593083,3.41,1.59,326,"93.7",27,"89.6",1680,"7",718275,641680,663993,543760,673962,677649,608671,665750,666969,"53.49",0.139,0.18,"0",1,0,0,3,7,6,"Split-Finger",0,0,0,0,0,0,0,0,"Infield shade","Standard",266,"-0.034","-0.316",,,,0.311,"0.316","93.7",0,0,0.556,0.556,33,28,33,29,1,0,7,1,5,1,"2.73","1.28","-1.28","31.1",,,,,
"FC","2023-05-06","93.2","-2.43","5.54","Eovaldi, Nathan",660271,543135,,"called_strike",,,,,14,,"R","L","R","LAA","TEX","S",,,3,1,2023,"0","0.94",0.9020578048450358,2.4976673482035086,,,545361,1,1,"Bot",,,,,,,8.67913264333178,-135.48488620057,-4.142857335431239,-1.9927753776182262,31.11581894387488,-19.818840216085817,3.42617470380678,1.6356023101988,,,,"94.1",2392,"7",718275,641680,663993,543760,673962,677649,608671,665750,666969,"53.49",,,,,,,,7,5,"Cutter",0,0,0,0,0,0,0,0,"Infield shade","Standard",211,"-0.009","-0.069",,,,,"0.069",,0,0,0.565,0.565,33,28,33,29,1,0,7,1,5,1,"1.7","0","0","32.6",,,,,
"FS","2023-05-06","89","-2.43","5.56","Eovaldi, Nathan",660271,543135,,"ball",,,,,14,,"R","L","R","LAA","TEX","B",,,2,1,2023,"-1.23","0.43",0.1371919514735327,1.3400008179617595,,,545361,1,1,"Bot",,,,,,,8.973612301408608,-129.32804755411317,-5.2842488542937325,-15.623988096681398,26.200110942592374,-26.393655604657255,3.43737790056674,1.66708894189735,,,,"90.1",1806,"7",718275,641680,663993,543760,673962,677649,608671,665750,666969,"53.5",,,,,,,,7,4,"Split-Finger",0,0,0,0,0,0,0,0,"Infield shade","Standard",198,"0.01","0.1",,,,,"-0.1",,0,0,0.555,0.555,33,28,33,29,1,0,7,1,5,1,"2.45","1.23","-1.23","31.8",,,,,
"FF","2023-05-06","96.7","-2.42","5.47","Eovaldi, Nathan",660271,543135,,"ball",,,,,14,,"R","L","R","LAA","TEX","B",,,1,1,2023,"-1.24","1.08",1.3148643583856587,1.3959938164303989,,,545361,1,1,"Bot",,,,,,,12.855980200124346,-139.99648478125195,-7.754017841270167,-19.238339761329502,32.58848498027717,-16.308679146923865,3.43737790056674,1.5771220252165,,,,"97.2",,"6.9",718275,641680,663993,543760,673962,677649,608671,665750,666969,"53.6",,,,,,,,7,3,"4-Seam Fastball",0,0,0,0,0,0,0,0,"Infield shade","Standard",,"0.005","0.046",,,,,"-0.046",,0,0,0.55,0.55,33,28,33,29,1,0,7,1,5,1,"1.39","1.24","-1.24","27.2",,,,,
"FS","2023-05-06","89.2","-2.62","5.57","Eovaldi, Nathan",660271,543135,,"ball",,,,,7,,"R","L","R","LAA","TEX","B",,,0,1,2023,"-1.1","0.23",-0.5229539176939564,1.5570126407414384,,,545361,1,1,"Bot",,,,,,,7.551220795097013,-129.70547908149527,-4.3746991434141105,-13.964802306437353,26.522069160853054,-28.843329608068235,3.40372014953223,1.62407312856516,,,,"90.4",1627,"7",718275,641680,663993,543760,673962,677649,608671,665750,666969,"53.52",,,,,,,,7,2,"Split-Finger",0,0,0,0,0,0,0,0,"Infield shade","Standard",239,"0.003","0.025",,,,,"-0.025",,0,0,0.547,0.547,33,28,33,29,1,0,7,1,5,1,"2.63","1.1","-1.1","31.0",,,,,
"FS","2023-05-06","88.9","-2.43","5.67","Eovaldi, Nathan",660271,543135,,"called_strike",,,,,14,,"R","L","R","LAA","TEX","S",,,0,0,2023,"-1.08","0.29",0.8521140556952693,2.3472075087050177,,,545361,1,1,"Bot",,,,,,,10.415101308806802,-129.13230617881757,-2.7225971557087254,-14.199049809186581,26.42769429226532,-28.50381328512015,3.49353687448841,1.65809303858475,,,,"89.9",,"6.9",718275,641680,663993,543760,673962,677649,608671,665750,666969,"53.56",,,,,,,,7,1,"Split-Finger",0,0,0,0,0,0,0,0,"Infield shade","Standard",,"-0.004","-0.042",,,,,"0.042",,0,0,0.551,0.551,33,28,33,29,1,0,7,1,5,1,"2.6","1.08","-1.08","33.3",,,,,
"FS","2023-04-29","88.8","-2.51","5.56","Eovaldi, Nathan",543305,543135,"field_out","hit_into_play",,,,,8,"Aaron Hicks grounds out, second baseman Marcus Semien to first baseman Nathaniel Lowe.","R","L","R","TEX","NYY","X",4,"ground_ball",0,1,2023,"-0.92","0.26",-0.12407954775788499,2.2370039468181573,,641432,,2,5,"Top",162.55,136.87,,,,,7.864281448669315,-129.24090492583377,-2.6945653517406485,-11.882844326128664,24.99389421110141,-28.894277282988476,3.59,1.72,121,"105.2",6,"90.1",1475,"6.9",718374,641680,663993,543760,673962,677649,669352,608671,666969,"53.58",0.642,0.59,"0",1,0,0,4,32,2,"Split-Finger",0,0,0,0,0,0,0,0,"Standard","Standard",242,"0.039","-0.248",,,,0.717,"0.248","105.2",0,0,0.528,0.472,33,33,33,34,2,1,5,1,7,1,"2.61","0.92","-0.92","33.2",,,,,
"FC","2023-04-29","92.5","-2.55","5.38","Eovaldi, Nathan",543305,543135,,"called_strike",,,,,8,,"R","L","R","TEX","NYY","S",,,0,0,2023,"0.16","0.98",0.06537677908154446,2.0633772752995325,,641432,,2,5,"Top",,,,,,,6.385136486794144,-134.55629928886984,-4.848617575534307,0.6315828462173322,27.772876549072414,-19.380863463361248,3.63087703345208,1.51293192549944,,,,"93.4",2358,"6.8",718374,641680,663993,543760,673962,677649,669352,608671,666969,"53.74",,,,,,,,32,1,"Cutter",0,0,0,0,0,0,0,0,"Standard","Standard",201,"0.007","-0.046",,,,,"0.046",,0,0,0.521,0.479,33,33,33,34,2,1,5,1,7,1,"1.67","-0.16","0.16","30.0",,,,,
"FC","2023-04-29","91.1","-2.6","5.32","Eovaldi, Nathan",624431,543135,"field_out","hit_into_play",,,,,4,"Jose Trevino lines out to right fielder Adolis Garcia.","R","R","R","TEX","NYY","X",9,"line_drive",0,2,2023,"0.05","0.8",-0.5261131088511686,2.1936518234826208,,641432,,1,5,"Top",179.96,105.48,,,,,5.143743851873081,-132.63584598227362,-3.712937810505969,-0.4527985812047111,28.218335323706597,-22.168842088340647,2.93,1.37,269,"83.9",25,"92",2327,"6.8",718374,641680,663993,543760,673962,677649,669352,608671,666969,"53.7",0.179,0.176,"0",1,0,0,3,31,4,"Cutter",0,0,0,0,0,0,0,0,"Standard","Standard",204,"0.029","-0.183",,,,0.252,"0.183","88.0",0,0,0.492,0.508,33,30,33,31,2,1,5,2,7,2,"1.94","-0.05","-0.05","31.2",,,,,
"FF","2023-04-29","96.6","-2.62","5.17","Eovaldi, Nathan",624431,543135,,"foul",,,,,13,,"R","R","R","TEX","NYY","S",,,0,2,2023,"-1.11","0.96",-0.939337097035845,2.0473961323159005,,641432,,1,5,"Top",,,,,,,7.084359329644104,-140.4758510951936,-4.975184131431499,-16.347280930523546,32.953205650651775,-18.515965093020288,2.93,1.37,170,"63.5",33,"97.5",2111,"6.9",718374,641680,663993,543760,673962,677649,669352,608671,666969,"53.58",,,,,,,,31,3,"4-Seam Fastball",0,0,0,0,0,0,0,0,"Standard","Standard",232,"0","0",,,,,"0","88.0",0,0,0.492,0.508,33,30,33,31,2,1,5,2,7,2,"1.49","1.11","1.11","26.5",,,,,
"FF","2023-04-29","96.4","-2.62","5.05","Eovaldi, Nathan",624431,543135,,"foul",,,,,13,,"R","R","R","TEX","NYY","S",,,0,1,2023,"-1.14","1.17",-1.0194457554465328,2.088984372492828,,641432,,1,5,"Top",,,,,,,6.92866264125652,-140.07508117270046,-4.970213598409062,-16.58544121277059,33.243828083174414,-15.865396773522546,2.93,1.37,178,"67.1",25,"97.3",2074,"7",718374,641680,663993,543760,673962,677649,669352,608671,666969,"53.52",,,,,,,,31,2,"4-Seam Fastball",0,0,0,0,0,0,0,0,"Standard","Standard",235,"0.012","-0.069",,,,,"0.069","88.0",0,0,0.48,0.52,33,30,33,31,2,1,5,2,7,2,"1.3","1.14","1.14","22.1",,,,,
"CU","2023-04-29","77.4","-2.37","5.6","Eovaldi, Nathan",624431,543135,,"foul",,,,,6,,"R","R","R","TEX","NYY","S",,,0,0,2023,"0.82","-0.74",0.4657165771672218,2.214436109298723,,641432,,1,5,"Top",,,,,,,4.602997150573038,-112.5534264208135,1.205114066676578,6.004892721848911,22.916597997507612,-38.9123761968233,2.93,1.37,2,"58.4",-47,"78.1",1944,"7.1",718374,641680,663993,543760,673962,677649,669352,608671,666969,"53.44",,,,,,,,31,1,"Curveball",0,0,0,0,0,0,0,0,"Standard","Standard",49,"0.007","-0.038",,,,,"0.038","88.0",0,0,0.473,0.527,33,30,33,31,2,1,5,2,7,2,"4.59","-0.82","-0.82","34.3",,,,,
"FC","2023-04-29","91.5","-2.42","5.39","Eovaldi, Nathan",665828,543135,"sac_bunt","hit_into_play",,,,,6,"Oswaldo Cabrera out on a sacrifice bunt, third baseman Josh Jung to first baseman Nathaniel Lowe. Willie Calhoun to 2nd.","R","L","R","TEX","NYY","X",5,"ground_ball",0,1,2023,"0.03","0.85",0.3343126188061735,2.401993060942215,,,641432,0,5,"Top",122.17,193.61,,,,,6.909066051560653,-133.1175340245399,-3.498247233035536,-1.149533815927618,28.86118134331422,-21.558309113461355,3.23,1.49,15,"28.6",-1,"91.7",2362,"6.4",718374,641680,663993,543760,673962,677649,669352,608671,666969,"54.05",,,"0.2",0,0,0,1,30,2,"Cutter",0,0,0,0,0,0,0,0,"Standard","Standard",203,"0.014","0.001",,,,,"-0.001","88.0",0,0,0.459,0.5409999999999999,33,24,33,24,2,1,5,1,7,1,"1.88","-0.03","0.03","29.5",,,,,
"FS","2023-04-29","89.1","-2.37","5.54","Eovaldi, Nathan",665828,543135,,"foul",,,,,6,,"R","L","R","TEX","NYY","S",,,0,0,2023,"-1.15","0.04",0.3235062736443246,2.1472946009062777,,,641432,0,5,"Top",,,,,,,9.143905864438533,-129.56080723215285,-2.423681110115356,-14.880589859760933,26.09514450505588,-31.390563365562524,3.23,1.49,7,"95.4",-19,"90.2",1515,"6.9",718374,641680,663993,543760,673962,677649,669352,608671,666969,"53.6",,,,,,,,30,1,"Split-Finger",0,0,0,0,0,0,0,0,"Standard","Standard",244,"0.007","-0.036",,,,,"0.036","95.4",0,0,0.452,0.548,33,24,33,24,2,1,5,1,7,1,"2.82","1.15","-1.15","31.4",,,,,
"FS","2023-04-29","88.1","-2.5","5.49","Eovaldi, Nathan",650402,543135,"grounded_into_double_play","hit_into_play",,,,,11,"Gleyber Torres grounds into a double play, shortstop Ezequiel Duran to second baseman Marcus Semien to first baseman Nathaniel Lowe. Anthony Rizzo out at 2nd. Gleyber Torres out at 1st.","R","R","R","TEX","NYY","X",6,"ground_ball",0,1,2023,"-1.08","0.15",-1.2196442403973387,2.7389629829145683,,,519203,0,4,"Top",106.63,152.71,,,,,5.421245166861737,-128.21005344104864,-0.917755116632558,-12.986642674152009,25.14811487091677,-30.579850737028185,3.11,1.42,10,"70.2",-14,"89.4",1711,"7",718374,641680,663993,543760,673962,677649,669352,608671,666969,"53.52",0.053,0.049,"0",1,0,0,2,24,2,"Split-Finger",0,0,0,0,0,0,0,0,"Standard","Standard",242,"0.085","-0.314",,,,0.053,"0.314","88.0",0,0,0.462,0.538,33,26,33,27,2,1,5,1,7,1,"2.78","1.08","1.08","30.5",,,,,
"SL","2023-04-29","85.9","-2.43","5.48","Eovaldi, Nathan",650402,543135,,"foul",,,,,2,,"R","R","R","TEX","NYY","S",,,0,0,2023,"0.44","0.4",0.0049951541204549255,2.698828780809646,,,519203,0,4,"Top",,,,,,,4.954138467521944,-125.01426546107771,-1.1378328460084055,3.6235145489709524,25.695039975133728,-27.93035527812373,3.11,1.42,71,"73.4",10,"87.2",2179,"7.2",718374,641680,663993,543760,673962,677649,669352,608671,666969,"53.33",,,,,,,,24,1,"Slider",0,0,0,0,0,0,0,0,"Standard","Standard",151,"0.006","-0.036",,,,,"0.036","88.0",0,0,0.456,0.544,33,26,33,27,2,1,5,1,7,1,"2.69","-0.44","-0.44","33.1",,,,,
"FF","2023-04-29","98.1","-2.46","5.22","Eovaldi, Nathan",683011,543135,"strikeout","called_strike",,,,,6,"Anthony Volpe called out on strikes.","R","R","R","TEX","NYY","S",2,,1,2,2023,"-1.14","1.18",0.6020511337709165,2.530571776402831,,,643396,2,3,"Top",,,,,,,11.063005913686045,-142.44518986185975,-4.565876186906972,-18.06098165504975,32.969470582157335,-15.233960027925843,3.06012018398397,1.42600865411346,,,,"99.3",2096,"7.1",718374,641680,663993,543760,673962,677649,669352,608671,666969,"53.39",,0,"0",1,0,0,,17,4,"4-Seam Fastball",0,0,0,0,0,0,0,0,"Standard","Standard",231,"0.018","-0.206",,,,,"0.206",,0,0,0.537,0.46299999999999997,33,22,33,22,2,1,5,1,7,1,"1.2","1.14","1.14","27.4",,,,,
"CU","2023-04-29","78.1","-2.1","5.61","Eovaldi, Nathan",683011,543135,,"blocked_ball",,,,,14,,"R","R","R","TEX","NYY","B",,,0,2,2023,"0.82","-0.68",1.5136879155970089,0.1301665577843325,,,643396,2,3,"Top",,,,,,,6.362502889968664,-113.54644249170495,-3.6786374573917415,5.898178026623529,21.62815534555995,-37.52981436318858,3.03328400453996,1.45275202366003,,,,"79.1",2006,"7.2",718374,641680,663993,543760,673962,677649,669352,608671,666969,"53.35",,,,,,,,17,3,"Curveball",0,0,0,0,0,0,0,0,"Standard","Standard",42,"-0.003","0.02",,,,,"-0.02",,0,0,0.54,0.45999999999999996,33,22,33,22,2,1,5,1,7,1,"4.43","-0.82","-0.82","36.8",,,,,
"FF","2023-04-29","97.2","-2.43","5.29","Eovaldi, Nathan",683011,543135,,"foul",,,,,11,,"R","R","R","TEX","NYY","S",,,0,1,2023,"-0.98","1.05",-0.8825201077087615,2.8594906658829293,,,643396,2,3,"Top",,,,,,,6.45172235523158,-141.37542010677333,-3.380293602069364,-14.610000506175512,33.33761581273723,-17.599489514293968,3.1,1.48,80,"79.1",12,"98",2054,"6.8",718374,641680,663993,543760,673962,677649,669352,608671,666969,"53.65",,,,,,,,17,2,"4-Seam Fastball",0,0,0,0,0,0,0,0,"Standard","Standard",232,"0.006","-0.055",,,,,"0.055","88.0",0,0,0.534,0.46599999999999997,33,22,33,22,2,1,5,1,7,1,"1.38","0.98","0.98","27.4",,,,,
"FS","2023-04-29","88.8","-2.39","5.45","Eovaldi, Nathan",683011,543135,,"foul",,,,,4,,"R","R","R","TEX","NYY","S",,,0,0,2023,"-1.31","0.26",-0.34102346158488506,2.205905006577782,,,643396,2,3,"Top",,,,,,,7.859435326805588,-129.17906339820777,-2.450468026322892,-16.262343366185103,26.804318410590906,-28.982777097774893,3.1,1.48,197,"69.9",46,"90.1",1618,"7.1",718374,641680,663993,543760,673962,677649,669352,608671,666969,"53.43",,,,,,,,17,1,"Split-Finger",0,0,0,0,0,0,0,0,"Standard","Standard",238,"0.004","-0.045",,,,,"0.045","88.0",0,0,0.53,0.47,33,22,33,22,2,1,5,1,7,1,"2.63","1.31","1.31","31.4",,,,,
"FF","2023-04-24","94.2","-2.56","5.55","Eovaldi, Nathan",592656,543135,"grounded_into_double_play","hit_into_play",,,,,3,"Henry Ramos grounds into a double play, pitcher Nathan Eovaldi to shortstop Ezequiel Duran to first baseman Nathaniel Lowe. Wil Myers out at 2nd. Henry Ramos out at 1st.","R","L","R","CIN","TEX","X",1,"ground_ball",0,1,2023,"-1.04","1.15",0.6705204008252323,2.8684048350852143,,,571976,1,6,"Bot",127.24,175.62,,,,,10.790457504898418,-136.60204804056687,-3.769977048642573,-15.575245283065005,32.76717113412219,-17.100389276966567,3.43,1.6,8,"64.7",-18,"94.5",2276,"6.9",718445,506702,663993,543760,673962,677649,669352,665750,543257,"53.63",0.038,0.049,"0",1,0,0,2,53,2,"4-Seam Fastball",4,6,4,6,6,4,4,6,"Infield shade","Standard",230,"-0.074","-0.291",,,,0.038,"0.291","88.0",-2,-2,0.259,0.259,33,31,33,31,3,2,6,,5,1,"1.45","1.04","-1.04","29.8",,,,,
"CU","2023-04-24","74.9","-2.42","5.73","Eovaldi, Nathan",592656,543135,,"called_strike",,,,,8,,"R","L","R","CIN","TEX","S",,,0,0,2023,"0.95","-0.83",0.2642312030011065,1.8810393383500967,,,571976,1,6,"Bot",,,,,,,3.856121725811903,-109.00369844978991,0.7642019191275702,6.812965091882807,20.89334046077553,-39.16140609789645,3.58096827496633,1.63194844279937,,,,"74.8",2068,"6.4",718445,506702,663993,543760,673962,677649,669352,665750,543257,"54.12",,,,,,,,53,1,"Curveball",4,6,4,6,6,4,4,6,"Infield shade","Standard",49,"-0.007","-0.042",,,,,"0.042",,-2,-2,0.266,0.266,33,31,33,31,3,2,6,,5,1,"4.93","-0.95","0.95","34.3",,,,,
"FS","2023-04-24","87.2","-2.55","5.69","Eovaldi, Nathan",663886,543135,"field_out","hit_into_play",,,,,4,"Tyler Stephenson lines out sharply to left fielder Bubba Thompson.","R","R","R","CIN","TEX","X",7,"line_drive",3,2,2023,"-1.27","-0.08",-0.47169355564829485,2.3443265823685517,670770,,,2,5,"Bot",59.13,73.33,,,,,7.670038694476124,-126.75668157623797,-1.7325185773692178,-15.29200163804361,24.99955463238198,-32.86423706470206,3.19,1.56,350,"105.5",17,"88",1687,"6.8",718445,506702,663993,543760,673962,677649,669352,665750,543257,"53.74",0.436,0.64,"0",1,0,0,5,47,6,"Split-Finger",4,6,4,6,6,4,4,6,"Standard","Standard",238,"-0.052","-0.314",,,,1.137,"0.314","105.5",-2,-2,0.273,0.273,33,26,33,27,3,2,6,1,5,1,"3.07","1.27","1.27","26.2",,,,,
"FC","2023-04-24","91.3","-2.62","5.6","Eovaldi, Nathan",663886,543135,,"called_strike",,,,,9,,"R","R","R","CIN","TEX","S",,,3,1,2023,"-0.08","1.1",0.819955080640052,1.9062926382431198,670770,,,2,5,"Bot",,,,,,,8.887004133885252,-132.6030888326608,-5.783031185161513,-2.8428079000685074,29.04488778364542,-18.158038198568352,3.25482757255534,1.53891195154182,,,,"91.9",2423,"6.8",718445,506702,663993,543760,673962,677649,669352,665750,543257,"53.71",,,,,,,,47,5,"Cutter",4,6,4,6,6,4,4,6,"Standard","Standard",203,"-0.005","-0.062",,,,,"0.062",,-2,-2,0.278,0.278,33,26,33,27,3,2,6,1,5,1,"1.65","0.08","0.08","29.7",,,,,
"FS","2023-04-24","87.5","-2.45","5.68","Eovaldi, Nathan",663886,543135,,"blocked_ball",,,,,14,,"R","R","R","CIN","TEX","B",,,2,1,2023,"-1.24","0.14",0.3754491841791392,0.9326773638488213,670770,,,2,5,"Bot",,,,,,,9.463970159913886,-127.01738480426079,-5.620406284095889,-15.379967708682557,26.046937569663328,-29.670480153767606,3.24999396918859,1.59002575243331,,,,"88.2",1639,"6.9",718445,506702,663993,543760,673962,677649,669352,665750,543257,"53.65",,,,,,,,47,4,"Split-Finger",4,6,4,6,6,4,4,6,"Standard","Standard",240,"0.006","0.052",,,,,"-0.052",,-2,-2,0.272,0.272,33,26,33,27,3,2,6,1,5,1,"2.85","1.24","1.24","31.2",,,,,
"FC","2023-04-24","89.6","-2.56","5.55","Eovaldi, Nathan",663886,543135,,"swinging_strike",,,,,6,,"R","R","R","CIN","TEX","S",,,2,0,2023,"0.14","0.72",0.3299179536509666,2.1616788178851882,670770,,,2,5,"Bot",,,,,,,6.9038971253745185,-130.19448226129228,-3.812294710832798,-0.030254454411381915,30.957870389394735,-23.434120997818102,3.19,1.56,,,,"89.9",2342,"6.8",718445,506702,663993,543760,673962,677649,669352,665750,543257,"53.67",,,,,,,,47,3,"Cutter",4,6,4,6,6,4,4,6,"Standard","Standard",190,"-0.004","-0.037",,,,,"0.037",,-2,-2,0.276,0.276,33,26,33,27,3,2,6,1,5,1,"2.16","-0.14","-0.14","29.0",,,,,
"FC","2023-04-24","91.1","-2.45","5.53","Eovaldi, Nathan",663886,543135,,"blocked_ball",,,,,14,,"R","R","R","CIN","TEX","B",,,1,0,2023,"-0.17","0.97",2.460456823367973,1.0600030602288941,670770,,,2,5,"Bot",,,,,,,12.818203664168335,-131.96235914709575,-7.448391700788126,-4.7830552544944975,28.919033761074502,-19.29826137728735,3.22037205384651,1.56000167409477,,,,"91.9",2332,"7.1",718445,506702,663993,543760,673962,677649,669352,665750,543257,"53.42",,,,,,,,47,2,"Cutter",4,6,4,6,6,4,4,6,"Standard","Standard",205,"0.004","0.041",,,,,"-0.041",,-2,-2,0.272,0.272,33,26,33,27,3,2,6,1,5,1,"1.81","0.17","0.17","33.6",,,,,
"CU","2023-04-24","75.9","-2.36","5.84","Eovaldi, Nathan",663886,543135,,"blocked_ball",,,,,14,,"R","R","R","CIN","TEX","B",,,0,0,2023,"0.65","-0.96",1.0288095775336739,0.854697628878494,670770,,,2,5,"Bot",,,,,,,5.963499800904155,-110.30745543646687,-1.5030659732154932,4.009564552349627,22.758864382662537,-39.85981803331948,3.2766918275361,1.56000051285541,,,,"75.8",2061,"6.6",718445,506702,663993,543760,673962,677649,669352,665750,543257,"53.86",,,,,,,,47,1,"Curveball",4,6,4,6,6,4,4,6,"Standard","Standard",42,"0.002","0.028",,,,,"-0.028",,-2,-2,0.27,0.27,33,26,33,27,3,2,6,1,5,1,"4.98","-0.65","-0.65","36.5",,,,,
"FS","2023-04-24","87.1","-2.45","5.72","Eovaldi, Nathan",668715,543135,"field_out","hit_into_play",,,,,8,"Spencer Steer lines out sharply to center fielder Leody Taveras. TJ Friedl to 3rd.","R","R","R","CIN","TEX","X",8,"line_drive",1,2,2023,"-0.82","-0.04",0.1277553067819095,2.0570133337170535,,670770,,1,5,"Bot",139.86,63.61,,,,,7.93926804554584,-126.75742666387788,-2.5960154667617235,-10.342959487623935,23.633660580686684,-32.35890347666482,3.32,1.59,337,"101.7",17,"88.1",1552,"6.7",718445,506702,663993,543760,673962,677649,669352,665750,543257,"53.76",0.439,0.485,"0",1,0,0,5,46,5,"Split-Finger",4,6,4,6,6,4,4,6,"Standard","Standard",232,"-0.029","-0.198",,,,0.753,"0.198","101.7",-2,-2,0.299,0.299,33,25,33,26,3,2,6,1,5,1,"3.03","0.82","0.82","36.9",,,,,
"FF","2023-04-24","95.3","-2.51","5.55","Eovaldi, Nathan",668715,543135,,"foul",,,,,2,,"R","R","R","CIN","TEX","S",,,1,2,2023,"-1.08","1.24",0.0640104005709532,3.1384014805451974,,670770,,1,5,"Bot",,,,,,,9.26249497204537,-138.5002493948575,-3.4988914172509507,-15.922136657950391,30.42903108223813,-15.593491466744375,3.32,1.59,237,"78",27,"96.2",2130,"6.8",718445,506702,663993,543760,673962,677649,669352,665750,543257,"53.68",,,,,,,,46,4,"4-Seam Fastball",4,6,4,6,6,4,4,6,"Standard","Standard",229,"0","0",,,,,"0","88.0",-2,-2,0.299,0.299,33,25,33,26,3,2,6,1,5,1,"1.27","1.08","1.08","28.5",,,,,
"SL","2023-04-24","84.4","-2.42","5.79","Eovaldi, Nathan",668715,543135,,"foul",,,,,4,,"R","R","R","CIN","TEX","S",,,1,1,2023,"0.58","0.21",-0.7711444062152963,2.1992873512255384,,670770,,1,5,"Bot",,,,,,,2.702155989571436,-123.04734964917373,-2.485944041012936,5.437153913479203,22.98892560473077,-29.760246819725904,3.32,1.59,155,"62.3",32,"85.5",2204,"6.8",718445,506702,663993,543760,673962,677649,669352,665750,543257,"53.73",,,,,,,,46,3,"Slider",4,6,4,6,6,4,4,6,"Standard","Standard",141,"-0.013","-0.078",,,,,"0.078","88.0",-2,-2,0.312,0.312,33,25,33,26,3,2,6,1,5,1,"2.96","-0.58","-0.58","31.6",,,,,
"FF","2023-04-24","95.1","-2.63","5.45","Eovaldi, Nathan",668715,543135,,"ball",,,,,11,,"R","R","R","CIN","TEX","B",,,0,1,2023,"-0.96","1.38",-1.484383629868999,2.9811022788867585,,,670770,1,5,"Bot",,,,,,,5.200518518217661,-138.31529350849877,-3.9068225665546645,-13.539112286262297,32.183272127275316,-13.821424030753384,3.46919832226844,1.67059566674125,,,,"95.7",2204,"6.8",718445,506702,663993,543760,673962,677649,669352,665750,543257,"53.74",,,,,,,,46,2,"4-Seam Fastball",4,6,4,6,6,4,4,6,"Standard","Standard",224,"0.025","0.025",,,,,"-0.025",,-2,-2,0.287,0.287,33,25,33,26,3,2,6,1,5,1,"1.15","0.96","0.96","28.6",,,,,
"SL","2023-04-24","84.3","-2.61","5.79","Eovaldi, Nathan",668715,543135,,"called_strike",,,,,2,,"R","R","R","CIN","TEX","S",,,0,0,2023,"0.56","0.19",-0.0707973025616212,3.0224118785379677,,,670770,1,5,"Bot",,,,,,,4.783827223249724,-122.6571607378689,-0.4066949519680495,4.716181058218362,24.687030712247743,-30.411228459490683,3.35589482155833,1.58487310595611,,,,"84.4",2105,"6.4",718445,506702,663993,543760,673962,677649,669352,665750,543257,"54.08",,,,,,,,46,1,"Slider",4,6,4,6,6,4,4,6,"Standard","Standard",135,"-0.006","-0.042",,,,,"0.042",,-2,-2,0.293,0.293,33,25,33,26,3,2,6,1,5,1,"3.02","-0.56","-0.56","33.2",,,,,
"FS","2023-04-24","87.4","-2.46","5.65","Eovaldi, Nathan",669222,543135,"grounded_into_double_play","hit_into_play",,,,,8,"Nick Senzel grounds into a double play, third baseman Josh Jung to second baseman Marcus Semien to first baseman Nathaniel Lowe. Henry Ramos out at 2nd. Nick Senzel out at 1st.","R","R","R","CIN","TEX","X",5,"ground_ball",1,1,2023,"-1.03","-0.03",-0.19261701376355378,1.8456070608094284,,,592656,0,4,"Bot",98.17,167.52,,,,,7.642414048485289,-127.1733509378897,-3.0182826515339274,-12.6613801202586,24.385620683040877,-32.07360992260579,3.18,1.55,13,"95.9",-8,"88.5",1749,"6.8",718445,506702,663993,543760,673962,677649,669352,665750,543257,"53.7",0.282,0.261,"0",1,0,0,2,38,3,"Split-Finger",4,6,4,6,6,4,4,6,"Standard","Standard",230,"-0.095","-0.338",,,,0.286,"0.338","95.9",-2,-2,0.357,0.357,33,28,33,28,2,1,6,2,5,1,"3","1.03","1.03","33.0",,,,,
"FF","2023-04-24","93.2","-2.59","5.59","Eovaldi, Nathan",669222,543135,,"ball",,,,,11,,"R","R","R","CIN","TEX","B",,,0,1,2023,"-1.22","1.16",-1.0808972264339958,3.7288507650804465,,,592656,0,4,"Bot",,,,,,,6.60195353295256,-135.55589945210127,-1.5495391524981388,-16.445273644491095,31.333458579841636,-17.740788869717548,3.27267779066021,1.56296413058232,,,,"93.6",2225,"6.7",718445,506702,663993,543760,673962,677649,669352,665750,543257,"53.8",,,,,,,,38,2,"4-Seam Fastball",4,6,4,6,6,4,4,6,"Standard","Standard",225,"0.005","0.024",,,,,"-0.024",,-2,-2,0.352,0.352,33,28,33,28,2,1,6,2,5,1,"1.47","1.22","1.22","29.0",,,,,
"FF","2023-04-24","94","-2.45","5.58","Eovaldi, Nathan",669222,543135,,"called_strike",,,,,9,,"R","R","R","CIN","TEX","S",,,0,0,2023,"-1.26","1.25",0.6699675706738644,1.8215830423828956,,,592656,0,4,"Bot",,,,,,,10.955057478514295,-136.28289883267195,-6.774814733540524,-18.14338757411926,32.219554415054944,-15.179684132762729,3.31968773755156,1.52648622727859,,,,"94.4",2283,"6.9",718445,506702,663993,543760,673962,677649,669352,665750,543257,"53.59",,,,,,,,38,1,"4-Seam Fastball",4,6,4,6,6,4,4,6,"Standard","Standard",220,"-0.007","-0.036",,,,,"0.036",,-2,-2,0.359,0.359,33,28,33,28,2,1,6,2,5,1,"1.36","1.26","1.26","29.6",,,,,
"FF","2023-04-24","92.7","-2.45","5.63","Eovaldi, Nathan",663886,543135,"field_out","hit_into_play",,,,,2,"Tyler Stephenson grounds out, third baseman Josh Jung to first baseman Nathaniel Lowe. Spencer Steer scores.","R","R","R","CIN","TEX","X",5,"ground_ball",0,2,2023,"-1.06","1.3",0.2584922368850966,3.1833003742508534,668715,,,0,3,"Bot",113,176.49,,,,,9.313574769863916,-134.62591989885328,-3.2583023698429048,-15.008522245509747,30.699680324022612,-15.918083230960436,3.19,1.56,2,"63.9",-54,"93.1",2122,"6.8",718445,506702,663993,543760,673962,677649,669352,665750,543257,"53.75",0.285,0.256,"0",1,0,0,2,30,3,"4-Seam Fastball",3,5,3,5,5,4,4,5,"Standard","Standard",225,"0.005","-0.121",,,,0.285,"0.121","88.0",-2,-2,0.404,0.404,33,26,33,27,2,1,6,1,5,1,"1.38","1.06","1.06","32.5",,,,,
"FS","2023-04-24","86.8","-2.58","5.73","Eovaldi, Nathan",663886,543135,,"called_strike",,,,,7,,"R","R","R","CIN","TEX","S",,,0,1,2023,"-1.2","0.15",-0.7608215681488975,1.8995249949579884,668715,,,0,3,"Bot",,,,,,,6.84932313787556,-126.21376911288002,-3.284718016633746,-14.245332823880151,25.265409475779773,-30.12341783341576,3.28042965506296,1.59100315263796,,,,"87.3",1629,"6.6",718445,506702,663993,543760,673962,677649,669352,665750,543257,"53.86",,,,,,,,30,2,"Split-Finger",3,5,3,5,5,3,3,5,"Standard","Standard",238,"-0.011","-0.08",,,,,"0.08",,-2,-2,0.415,0.415,33,26,33,27,2,1,6,1,5,1,"2.88","1.2","1.2","31.5",,,,,
"FF","2023-04-24","94","-2.57","5.56","Eovaldi, Nathan",663886,543135,,"called_strike",,,,,6,,"R","R","R","CIN","TEX","S",,,0,0,2023,"-1.03","1.2",0.5398399058629215,2.492846339049091,668715,,,0,3,"Bot",,,,,,,10.400078760276294,-136.38125503632628,-4.87330782432923,-15.18052519263295,31.515859732159694,-16.276409878603637,3.27897948268589,1.56126882656516,,,,"94.4",2189,"6.8",718445,506702,663993,543760,673962,677649,669352,665750,543257,"53.72",,,,,,,,30,1,"4-Seam Fastball",3,5,3,5,5,3,3,5,"Standard","Standard",230,"-0.007","-0.045",,,,,"0.045",,-2,-2,0.422,0.422,33,26,33,27,2,1,6,1,5,1,"1.4","1.03","1.03","28.8",,,,,
"FC","2023-04-24","90.2","-2.49","5.6","Eovaldi, Nathan",668715,543135,"triple","hit_into_play",,,,,5,"Spencer Steer triples (1) on a sharp fly ball to center fielder Leody Taveras. Jonathan India scores. TJ Friedl scores.","R","R","R","CIN","TEX","X",8,"fly_ball",1,0,2023,"0.12","0.78",0.07131162476177484,2.5312845161457993,,663697,670770,0,3,"Bot",131.51,39.55,,,,,6.145760524257095,-131.24060496996844,-3.369282775253641,0.1412661258356168,26.505164859656364,-22.67156836357979,3.32,1.59,393,"106.4",23,"91",2313,"6.7",718445,506702,663993,543760,673962,677649,669352,665750,543257,"53.84",0.803,1.5207096774193547,"1.6",1,1,2,6,29,2,"Cutter",1,5,1,5,5,3,3,5,"Standard","Standard",191,"0.162","0.899",,,,2.977,"-0.899","106.4",-4,-4,0.26,0.26,33,25,33,26,2,1,6,1,5,1,"2.01","-0.12","-0.12","30.4",,,,,
"CU","2023-04-24","75.7","-2.39","5.88","Eovaldi, Nathan",668715,543135,,"ball",,,,,14,,"R","R","R","CIN","TEX","B",,,0,0,2023,"1.13","-0.81",1.2238993158178952,1.4933613848086926,,663697,670770,0,3,"Bot",,,,,,,5.5549275243458,-110.06543205833701,-0.5031897831172589,8.011620483704757,21.840629275951457,-38.832475728236275,3.32281897689737,1.60326788825041,,,,"75.7",2006,"6.6",718445,506702,663993,543760,673962,677649,669352,665750,543257,"53.89",,,,,,,,29,1,"Curveball",1,5,1,5,5,1,1,5,"Standard","Standard",45,"0.008","0.042",,,,,"-0.042",,-4,-4,0.252,0.252,33,25,33,26,2,1,6,1,5,1,"4.83","-1.13","-1.13","40.0",,,,,
"FF","2023-04-24","94.3","-2.5","5.58","Eovaldi, Nathan",670770,543135,"hit_by_pitch","hit_by_pitch",,,,,12,"TJ Friedl hit by pitch. Jonathan India to 2nd.","R","L","R","CIN","TEX","B",,,0,1,2023,"-1.13","1.38",1.4168606436480913,3.64927753608101,,,663697,0,3,"Bot",,,,,,,12.757333071013711,-136.77168809244813,-2.324673552587461,-17.079093837039366,31.582898938311665,-14.605804957249504,3.17,1.5,,,,"94.6",2270,"6.7",718445,506702,663993,543760,673962,677649,669352,665750,543257,"53.78",,0.726005,"0.7",1,0,0,,28,2,"4-Seam Fastball",1,5,1,5,5,1,1,5,"Standard","Standard",226,"0.06","0.431",,,,,"-0.431",,-4,-4,0.192,0.192,33,27,33,28,2,1,6,1,5,1,"1.21","1.13","-1.13","28.3",,,,,
"CU","2023-04-24","75.5","-2.46","5.83","Eovaldi, Nathan",670770,543135,,"called_strike",,,,,2,,"R","L","R","CIN","TEX","S",,,0,0,2023,"1.13","-0.84",-0.082547819987985,2.7917838362179905,,,663697,0,3,"Bot",,,,,,,2.9363006491902,-109.895480207935,2.3820253931236453,8.550304974828348,21.396415274434954,-39.628837144801835,3.16675341474289,1.45181663998918,,,,"75.6",2067,"6.6",718445,506702,663993,543760,673962,677649,669352,665750,543257,"53.9",,,,,,,,28,1,"Curveball",1,5,1,5,5,1,1,5,"Standard","Standard",48,"-0.005","-0.036",,,,,"0.036",,-4,-4,0.197,0.197,33,27,33,28,2,1,6,1,5,1,"4.87","-1.13","1.13","39.8",,,,,
"FF","2023-04-24","95.4","-2.49","5.61","Eovaldi, Nathan",571976,543135,"strikeout","swinging_strike",,,,,11,"Wil Myers strikes out swinging.","R","R","R","CIN","TEX","S",2,,2,2,2023,"-1.08","1.37",-0.0955255974313427,3.667252266423156,,663886,641584,2,1,"Bot",,,,,,,8.767979379971647,-138.64714990580194,-2.5650126692804145,-15.860357483913846,31.44242944727697,-14.131954951627238,3.37,1.53,,,,"95.9",2312,"6.7",718445,506702,663993,543760,673962,677649,669352,665750,543257,"53.83",,0,"0",1,0,0,,9,5,"4-Seam Fastball",1,0,1,0,0,1,1,0,"Standard","Standard",218,"-0.032","-0.246",,,,,"0.246",,1,1,0.635,0.635,33,32,33,33,1,0,6,1,5,12,"1.14","1.08","1.08","27.5",,,,,
"FF","2023-04-24","95.7","-2.6","5.44","Eovaldi, Nathan",571976,543135,,"swinging_strike",,,,,4,,"R","R","R","CIN","TEX","S",,,2,1,2023,"-1.08","1.25",-0.5878120369387538,2.741217747014818,,663886,641584,2,1,"Bot",,,,,,,7.777186485598605,-139.0999904191671,-4.300173037588367,-15.754016132640519,32.88730907267854,-15.227482755564152,3.37,1.53,,,,"96.1",2251,"6.7",718445,506702,663993,543760,673962,677649,669352,665750,543257,"53.82",,,,,,,,9,4,"4-Seam Fastball",1,0,1,0,0,1,1,0,"Standard","Standard",227,"-0.009","-0.06",,,,,"0.06",,1,1,0.644,0.644,33,32,33,33,1,0,6,1,5,12,"1.26","1.08","1.08","26.5",,,,,
"FC","2023-04-24","89.7","-2.55","5.67","Eovaldi, Nathan",571976,543135,,"called_strike",,,,,6,,"R","R","R","CIN","TEX","S",,,2,0,2023,"0.27","0.95",0.5457315730193221,2.743774098539493,,663886,641584,2,1,"Bot",,,,,,,7.157214953837149,-130.5075545790003,-3.2677741867518626,1.5074064047727889,27.70694325975757,-20.81346728535927,3.42783928555314,1.57342667681877,,,,"90.3",2344,"6.7",718445,506702,663993,543760,673962,677649,669352,665750,543257,"53.81",,,,,,,,9,3,"Cutter",1,0,1,0,0,1,1,0,"Standard","Standard",188,"-0.004","-0.041",,,,,"0.041",,1,1,0.648,0.648,33,32,33,33,1,0,6,1,5,12,"1.88","-0.27","-0.27","31.5",,,,,
"FC","2023-04-24","90.8","-2.51","5.69","Eovaldi, Nathan",571976,543135,,"ball",,,,,14,,"R","R","R","CIN","TEX","B",,,1,0,2023,"-0.1","0.99",0.981543777097489,1.8890923507896995,,663886,641584,2,1,"Bot",,,,,,,9.029003680388175,-132.01644022286604,-5.810765355475621,-2.953924025504601,26.027874353075315,-19.493607220519163,3.37256153640224,1.54619368314778,,,,"91.9",2430,"6.9",718445,506702,663993,543760,673962,677649,669352,665750,543257,"53.64",,,,,,,,9,2,"Cutter",1,0,1,0,0,1,1,0,"Standard","Standard",201,"0.004","0.021",,,,,"-0.021",,1,1,0.644,0.644,33,32,33,33,1,0,6,1,5,12,"1.76","0.1","0.1","31.5",,,,,
"FC","2023-04-24","89.8","-2.61","5.65","Eovaldi, Nathan",571976,543135,,"ball",,,,,14,,"R","R","R","CIN","TEX","B",,,0,0,2023,"0.19","1.15",0.9495991364872314,2.437810893420134,,663886,641584,2,1,"Bot",,,,,,,8.437531584975938,-130.52412950360875,-4.4357689724336575,0.43747607020522183,26.417203049914676,-18.204557600043668,3.36978328343842,1.5719298626971,,,,"90.3",2340,"6.6",718445,506702,663993,543760,673962,677649,669352,665750,543257,"53.94",,,,,,,,9,1,"Cutter",1,0,1,0,0,1,1,0,"Standard","Standard",200,"0.003","0.03",,,,,"-0.03",,1,1,0.641,0.641,33,32,33,33,1,0,6,1,5,12,"1.67","-0.19","-0.19","30.0",,,,,
"FC","2023-04-24","91.4","-2.46","5.7","Eovaldi, Nathan",641584,543135,"single","hit_into_play",,,,,6,"Jake Fraley singles on a soft ground ball to second baseman Marcus Semien. Tyler Stephenson to 2nd.","R","L","R","CIN","TEX","X",4,"ground_ball",1,0,2023,"-0.15","1",0.5052909827466745,2.6598130975782803,,,663886,2,1,"Bot",132.83,167.61,,,,,7.884245713055269,-132.9570975315926,-3.973223807082992,-3.514350455572804,28.282317845721337,-19.63083268786882,3.29,1.59,35,"50.3",2,"92.3",2386,"6.8",718445,506702,663993,543760,673962,677649,669352,665750,543257,"53.66",0.146,0.132,"0.9",1,1,0,1,8,2,"Cutter",1,0,1,0,0,1,1,0,"Infield shade","Standard",199,"0.016","0.338",,,,0.148,"-0.338","88.0",1,1,0.625,0.625,33,28,33,28,1,0,6,1,5,1,"1.73","0.15","-0.15","33.8",,,,,
"FF","2023-04-24","96.2","-2.79","5.54","Eovaldi, Nathan",641584,543135,,"ball",,,,,11,,"R","L","R","CIN","TEX","B",,,0,0,2023,"-1.16","1.13",-1.6309883886612513,2.586459627198896,,,663886,2,1,"Bot",,,,,,,5.750422737066004,-139.79953813215792,-4.782826191711055,-16.583590460884484,34.84006279595318,-16.526724688650553,3.28778579234441,1.5643255610939,,,,"96.4",2193,"6.7",718445,506702,663993,543760,673962,677649,669352,665750,543257,"53.76",,,,,,,,8,1,"4-Seam Fastball",1,0,1,0,0,1,1,0,"Infield shade","Standard",227,"0.002","0.03",,,,,"-0.03",,1,1,0.623,0.623,33,28,33,28,1,0,6,1,5,1,"1.36","1.16","-1.16","29.0",,,,,
"FF","2023-04-24","95.9","-2.56","5.45","Eovaldi, Nathan",663886,543135,"field_error","hit_into_play",,,,,5,"Tyler Stephenson reaches on a throwing error by third baseman Josh Jung. Jonathan India scores.","R","R","R","CIN","TEX","X",5,"ground_ball",1,0,2023,"-1.13","1.16",0.06723361123413296,2.557582408859896,663697,,,2,1,"Bot",111.51,176.62,,,,,9.591839092248874,-139.27818578623803,-4.647661693114576,-16.95990265968703,32.67081189350917,-16.231542809584283,3.19,1.56,3,"76.4",-38,"96.5",2266,"6.8",718445,506702,663993,543760,673962,677649,669352,665750,543257,"53.68",0.08,0.079,"0.9",1,0,0,2,7,2,"4-Seam Fastball",0,0,0,0,0,1,1,0,"Standard","Standard",227,"0.085","0.659",,,,0.08,"-0.659","88.0",0,0,0.538,0.538,33,26,33,27,1,0,6,1,5,1,"1.34","1.13","1.13","28.5",,,,,
"CU","2023-04-24","75.3","-2.41","5.77","Eovaldi, Nathan",663886,543135,,"ball",,,,,11,,"R","R","R","CIN","TEX","B",,,0,0,2023,"0.84","-0.88",-1.6382319089147597,3.250755020327798,663697,,,2,1,"Bot",,,,,,,0.11769105591610807,-109.55957162931345,3.4987963018103656,6.731996670097513,19.49668561437273,-40.063033333609326,3.28169525069717,1.50869840957238,,,,"75.6",1890,"6.5",718445,506702,663993,543760,673962,677649,669352,665750,543257,"53.98",,,,,,,,7,1,"Curveball",0,0,0,0,0,0,0,0,"Standard","Standard",54,"0.001","0.028",,,,,"-0.028",,0,0,0.537,0.537,33,26,33,27,1,0,6,1,5,1,"4.9","-0.84","-0.84","33.9",,,,,
"FS","2023-04-24","88.7","-2.56","5.71","Eovaldi, Nathan",668715,543135,"strikeout","swinging_strike",,,,,13,"Spencer Steer strikes out swinging.","R","R","R","CIN","TEX","S",2,,2,2,2023,"-1.2","0.31",-0.7186323188810124,1.3226723974663686,663697,,,1,1,"Bot",,,,,,,7.0427530176950714,-128.91093175231038,-5.305595877562577,-14.832493365192605,27.294876283098766,-27.812883996493465,3.32,1.59,,,,"89.1",1743,"6.6",718445,506702,663993,543760,673962,677649,669352,665750,543257,"53.85",,0,"0",1,0,0,,6,5,"Split-Finger",0,0,0,0,0,0,0,0,"Strategic","Standard",235,"-0.049","-0.321",,,,,"0.321",,0,0,0.586,0.586,33,25,33,26,1,0,6,1,5,1,"2.6","1.2","1.2","29.8",,,,,
"FS","2023-04-24","88.4","-2.54","5.64","Eovaldi, Nathan",668715,543135,,"blocked_ball",,,,,13,,"R","R","R","CIN","TEX","B",,,1,2,2023,"-1.27","0.06",-0.49733046458032315,0.6990916458082368,663697,,,1,1,"Bot",,,,,,,7.690196352466377,-128.51637249443345,-6.14472480207037,-15.70282920655464,25.5330723920782,-30.41488132786868,3.25555102579552,1.62827457860777,,,,"89.1",1622,"6.7",718445,506702,663993,543760,673962,677649,669352,665750,543257,"53.8",,,,,,,,6,4,"Split-Finger",0,0,0,0,0,0,0,0,"Strategic","Standard",242,"0.008","0.026",,,,,"-0.026",,0,0,0.578,0.578,33,25,33,26,1,0,6,1,5,1,"2.85","1.27","1.27","30.0",,,,,
"CU","2023-04-24","76.9","-2.4","5.79","Eovaldi, Nathan",668715,543135,,"swinging_strike",,,,,8,,"R","R","R","CIN","TEX","S",,,1,1,2023,"0.84","-0.98",0.07268030763602018,2.095963665085508,663697,,,1,1,"Bot",,,,,,,3.749158165387648,-111.88202753822257,0.9801373142349012,6.279287874241937,21.504205176197093,-40.752820457232175,3.32,1.59,,,,"77.2",2079,"6.6",718445,506702,663993,543760,673962,677649,669352,665750,543257,"53.86",,,,,,,,6,3,"Curveball",0,0,0,0,0,0,0,0,"Strategic","Standard",49,"-0.014","-0.107",,,,,"0.107",,0,0,0.592,0.592,33,25,33,26,1,0,6,1,5,1,"4.85","-0.84","-0.84","33.8",,,,,
"FF","2023-04-24","94.9","-2.54","5.48","Eovaldi, Nathan",668715,543135,,"foul_tip",,,,,1,,"R","R","R","CIN","TEX","S",,,1,0,2023,"-0.98","1",-0.5499283168693535,3.202679198099336,663697,,,1,1,"Bot",,,,,,,7.455817050562918,-138.03283407033416,-2.5563695344413055,-14.166403946088959,29.914217878771034,-19.065675565596667,3.32,1.59,,,,"95.7",2160,"6.7",718445,506702,663993,543760,673962,677649,669352,665750,543257,"53.78",,,,,,,,6,2,"4-Seam Fastball",0,0,0,0,0,0,0,0,"Strategic","Standard",225,"-0.005","-0.069",,,,,"0.069",,0,0,0.597,0.597,33,25,33,26,1,0,6,1,5,1,"1.53","0.98","0.98","28.0",,,,,
"FC","2023-04-24","92.1","-2.4","5.7","Eovaldi, Nathan",668715,543135,,"ball",,,,,14,,"R","R","R","CIN","TEX","B",,,0,0,2023,"0.09","1.12",1.3420735490140974,2.375960326956716,663697,,,1,1,"Bot",,,,,,,9.371736277686564,-133.75275715424218,-5.05748736132069,-0.9523348760695053,28.641548800694245,-17.76798507591922,3.3037428863196,1.59340963522665,,,,"92.8",2320,"6.8",718445,506702,663993,543760,673962,677649,669352,665750,543257,"53.73",,,,,,,,6,1,"Cutter",0,0,0,0,0,0,0,0,"Strategic","Standard",204,"0.002","0.026",,,,,"-0.026",,0,0,0.595,0.595,33,25,33,26,1,0,6,1,5,1,"1.57","-0.09","-0.09","32.1",,,,,
"FF","2023-04-24","94.8","-2.62","5.59","Eovaldi, Nathan",670770,543135,"strikeout","swinging_strike",,,,,1,"TJ Friedl strikes out swinging.","R","L","R","CIN","TEX","S",2,,3,2,2023,"-0.97","1.27",-0.6363115303136002,2.7836021871584435,663697,,,0,1,"Bot",,,,,,,7.414691879853117,-137.85078353087724,-4.558618120952439,-13.975166626327912,29.74960521877161,-15.097876905976369,3.17,1.5,,,,"95.6",2038,"6.7",718445,506702,663993,543760,673962,677649,669352,665750,543257,"53.76",,0,"0",1,0,0,,5,7,"4-Seam Fastball",0,0,0,0,0,0,0,0,"Strategic","Standard",226,"-0.041","-0.392",,,,,"0.392",,0,0,0.636,0.636,33,27,33,28,1,0,6,1,5,1,"1.26","0.97","-0.97","35.2",,,,,
"FC","2023-04-24","90.3","-2.61","5.71","Eovaldi, Nathan",670770,543135,,"foul",,,,,14,,"R","L","R","CIN","TEX","S",,,3,2,2023,"-0.03","0.99",0.14112490532862507,1.348810039365883,663697,,,0,1,"Bot",,,,,,,6.966458958834338,-131.21172943709715,-7.027070306012973,-1.875552572318229,28.579996131756936,-19.400952997956114,3.17,1.5,3,"75.4",-30,"90.8",2252,"6.7",718445,506702,663993,543760,673962,677649,669352,665750,543257,"53.77",,,,,,,,5,6,"Cutter",0,0,0,0,0,0,0,0,"Strategic","Standard",201,"0","0",,,,,"0","88.0",0,0,0.636,0.636,33,27,33,28,1,0,6,1,5,1,"1.82","0.03","-0.03","33.9",,,,,
"FS","2023-04-24","87","-2.45","5.73","Eovaldi, Nathan",670770,543135,,"blocked_ball",,,,,14,,"R","L","R","CIN","TEX","B",,,2,2,2023,"-1.19","0.27",0.3777611236448153,0.40994199134492293,663697,,,0,1,"Bot",,,,,,,9.323553911947057,-126.30757135505792,-7.188680124558884,-14.66066964650962,25.21089254066256,-28.000881145361152,3.16796967524542,1.54576651780207,,,,"87.8",1613,"6.9",718445,506702,663993,543760,673962,677649,669352,665750,543257,"53.63",,,,,,,,5,5,"Split-Finger",0,0,0,0,0,0,0,0,"Strategic","Standard",242,"0.01","0.104",,,,,"-0.104",,0,0,0.626,0.626,33,27,33,28,1,0,6,1,5,1,"2.75","1.19","-1.19","32.2",,,,,
"FF","2023-04-24","94.3","-2.63","5.71","Eovaldi, Nathan",670770,543135,,"swinging_strike",,,,,11,,"R","L","R","CIN","TEX","S",,,2,1,2023,"-0.86","1.32",-0.5873553138789748,3.7347002231741264,663697,,,0,1,"Bot",,,,,,,7.294115848081252,-137.21228334974668,-2.369064260000193,-12.51021174290901,31.204069051094898,-15.190197127145298,3.17,1.5,,,,"95",2171,"6.7",718445,506702,663993,543760,673962,677649,669352,665750,543257,"53.77",,,,,,,,5,4,"4-Seam Fastball",0,0,0,0,0,0,0,0,"Strategic","Standard",222,"-0.008","-0.049",,,,,"0.049",,0,0,0.634,0.634,33,27,33,28,1,0,6,1,5,1,"1.25","0.86","-0.86","35.5",,,,,
"FS","2023-04-24","87.8","-2.44","5.79","Eovaldi, Nathan",670770,543135,,"ball",,,,,14,,"R","L","R","CIN","TEX","B",,,1,1,2023,"-1.26","0.18",0.4381938555955265,0.5839630639780822,,663697,,0,1,"Bot",,,,,,,9.634877018811533,-127.34238479343067,-6.863728888015372,-15.678899570623608,26.627744373414643,-28.86698793407265,3.30570688933445,1.54135897979783,,,,"88.2",1725,"6.8",718445,506702,663993,543760,673962,677649,669352,665750,543257,"53.74",,,,,,,,5,3,"Split-Finger",0,0,0,0,0,0,0,0,"Standard","Standard",234,"0.029","0.05",,,,,"-0.05",,0,0,0.605,0.605,33,27,33,28,1,0,6,1,5,1,"2.8","1.26","-1.26","33.8",,,,,
"FF","2023-04-24","94.3","-2.47","5.69","Eovaldi, Nathan",670770,543135,,"ball",,,,,12,,"R","L","R","CIN","TEX","B",,,0,1,2023,"-0.96","1.39",1.526341763102332,2.69929529246269,,663697,,0,1,"Bot",,,,,,,12.5786240962175,-136.57071683649477,-5.116850998795975,-14.874118617454526,32.13882039971085,-13.731840308824106,3.29293956759826,1.52841403291467,,,,"94.5",2154,"6.8",718445,506702,663993,543760,673962,677649,669352,665750,543257,"53.7",,,,,,,,5,2,"4-Seam Fastball",0,0,0,0,0,0,0,0,"Standard","Standard",226,"0.004","0.02",,,,,"-0.02",,0,0,0.601,0.601,33,27,33,28,1,0,6,1,5,1,"1.21","0.96","-0.96","30.7",,,,,
"FF","2023-04-24","93.2","-2.62","5.69","Eovaldi, Nathan",670770,543135,,"foul_bunt",,,,,6,,"R","L","R","CIN","TEX","S",,,0,0,2023,"-0.85","1.25",0.30848637830801984,2.6340464777948682,,663697,,0,1,"Bot",,,,,,,9.445712832620478,-135.34239237974637,-4.838562232469324,-12.51958357246011,29.9240945490134,-15.962415884567251,3.17,1.5,,,,"93.7",2077,"6.7",718445,506702,663993,543760,673962,677649,669352,665750,543257,"53.77",,,,,,,,5,1,"4-Seam Fastball",0,0,0,0,0,0,0,0,"Standard","Standard",224,"-0.006","-0.046",,,,,"0.046","88.0",0,0,0.607,0.607,33,27,33,28,1,0,6,1,5,1,"1.39","0.85","-0.85","31.8",,,,,
"FS","2023-04-18","88.7","-2.47","5.56","Eovaldi, Nathan",658668,543135,"strikeout","swinging_strike",,,,,13,"Edward Olivares strikes out swinging.","R","R","R","KC","TEX","S",2,,2,2,2023,"-1.05","0.01",-0.2312261742240478,1.4704112636208082,614177,,,2,6,"Bot",,,,,,,7.7126715389978235,-129.01190345925698,-4.067916643382029,-13.236115979622584,22.955670552624458,-31.49940337201624,3.52,1.73,,,,"89.7",1649,"6.6",718522,506702,663993,543760,673962,677649,543257,608671,666969,"53.87",,0,"0",1,0,0,,57,5,"Split-Finger",2,8,2,8,8,2,2,8,"Standard","Standard",239,"-0.007","-0.245",,,,,"0.245",,-6,-6,0.024,0.024,33,27,33,27,3,2,6,2,6,1,"2.86","1.05","1.05","31.4",,,,,
"CU","2023-04-18","77.6","-2.24","5.66","Eovaldi, Nathan",658668,543135,,"ball",,,,,14,,"R","R","R","KC","TEX","B",,,1,2,2023,"0.83","-0.99",2.3786835255518093,0.49398408014505346,,614177,,2,6,"Bot",,,,,,,8.416835077201778,-112.7683151614653,-2.310061827520997,5.552859790153528,20.531672742091047,-40.38643005531437,3.40349736482796,1.60661859298796,,,,"78",2225,"6.7",718522,506702,663993,543760,673962,677649,543257,608671,666969,"53.83",,,,,,,,57,4,"Curveball",2,8,2,8,8,2,2,8,"Standard","Standard",43,"0.002","0.015",,,,,"-0.015",,-6,-6,0.022,0.022,33,27,33,27,3,2,6,2,6,1,"4.78","-0.83","-0.83","35.9",,,,,
"FF","2023-04-18","95","-2.69","5.23","Eovaldi, Nathan",658668,543135,,"called_strike",,,,,8,,"R","R","R","KC","TEX","S",,,1,1,2023,"-0.99","1.14",-0.20533115896639553,1.767436368577755,,614177,,2,6,"Bot",,,,,,,8.802345364814032,-138.08019083042242,-6.035500665952074,-14.576800559979983,28.94338359434952,-16.421121880051327,3.43254074707651,1.66460323062019,,,,"96",2202,"6.8",718522,506702,663993,543760,673962,677649,543257,608671,666969,"53.7",,,,,,,,57,3,"4-Seam Fastball",2,8,2,8,8,2,2,8,"Standard","Standard",235,"-0.002","-0.064",,,,,"0.064",,-6,-6,0.024,0.024,33,27,33,27,3,2,6,2,6,1,"1.38","0.99","0.99","33.6",,,,,
"FF","2023-04-18","94.8","-2.49","5.47","Eovaldi, Nathan",658668,543135,,"ball",,,,,11,,"R","R","R","KC","TEX","B",,,0,1,2023,"-0.78","1.22",-0.09577227521547449,4.014202071340556,,614177,,2,6,"Bot",,,,,,,8.026742125914339,-137.9599201729674,-0.8966179655127589,-11.675631033121135,29.831915047023355,-16.51057309508583,3.46158507164412,1.66460323062019,,,,"95.4",2176,"6.6",718522,506702,663993,543760,673962,677649,543257,608671,666969,"53.95",,,,,,,,57,2,"4-Seam Fastball",2,8,2,8,8,2,2,8,"Standard","Standard",227,"0.001","0.02",,,,,"-0.02",,-6,-6,0.023,0.023,33,27,33,27,3,2,6,2,6,1,"1.31","0.78","0.78","30.4",,,,,
"FS","2023-04-18","87.7","-2.54","5.55","Eovaldi, Nathan",658668,543135,,"called_strike",,,,,7,,"R","R","R","KC","TEX","S",,,0,0,2023,"-1.1","0.12",-0.5266515045907054,2.0290168339395604,,614177,,2,6,"Bot",,,,,,,7.1642689035774625,-127.65538030984992,-2.7153235343316444,-13.411542068094878,23.727422619337542,-30.473301464027106,3.49063033414107,1.66460323062019,,,,"88.4",1600,"6.5",718522,506702,663993,543760,673962,677649,543257,608671,666969,"54",,,,,,,,57,1,"Split-Finger",2,8,2,8,8,2,2,8,"Standard","Standard",240,"-0.001","-0.046",,,,,"0.046",,-6,-6,0.024,0.024,33,27,33,27,3,2,6,2,6,1,"2.81","1.1","1.1","32.0",,,,,
"FC","2023-04-18","90.9","-2.63","5.48","Eovaldi, Nathan",686681,543135,"field_out","hit_into_play",,,,,13,"Michael Massey grounds out to first baseman Nathaniel Lowe. Franmil Reyes to 2nd.","R","L","R","KC","TEX","X",3,"ground_ball",1,0,2023,"0.04","0.91",-0.07534389050903631,1.3531566475262427,,,614177,1,6,"Bot",167.77,161.53,,,,,6.323279102160402,-132.1940181334476,-6.435829773384473,-0.6931313385722545,25.56247539016852,-20.39082209544204,3.49,1.7,5,"81.7",-16,"91.7",2370,"6.6",718522,506702,663993,543760,673962,677649,543257,608671,666969,"53.93",0.078,0.075,"0",1,0,0,2,56,2,"Cutter",2,8,2,8,8,2,2,8,"Infield shade","Standard",203,"-0.011","-0.369",,,,0.078,"0.369","88.0",-6,-6,0.035,0.035,33,25,33,25,3,2,6,3,6,1,"1.83","-0.04","0.04","33.1",,,,,
"CU","2023-04-18","76.1","-2.21","5.66","Eovaldi, Nathan",686681,543135,,"ball",,,,,14,,"R","L","R","KC","TEX","B",,,0,0,2023,"0.51","-0.75",1.6271917180153348,1.4157197002129562,,,614177,1,6,"Bot",,,,,,,7.204141247379028,-110.76188700336206,-0.5529371791638716,2.990191697646169,18.37830161302289,-38.48083749511659,3.46158507164412,1.66460323062019,,,,"76.9",2008,"6.7",718522,506702,663993,543760,673962,677649,543257,608671,666969,"53.81",,,,,,,,56,1,"Curveball",2,8,2,8,8,2,2,8,"Infield shade","Standard",49,"0.002","0.036",,,,,"-0.036",,-6,-6,0.033,0.033,33,25,33,25,3,2,6,3,6,1,"4.66","-0.51","0.51","37.1",,,,,
"FS","2023-04-18","87.5","-2.36","5.56","Eovaldi, Nathan",670032,543135,"strikeout","swinging_strike",,,,,7,"Nicky Lopez strikes out swinging.","R","L","R","KC","TEX","S",2,,2,2,2023,"-0.93","-0.07",-0.3013974013945232,1.2420645392629042,,664728,,2,4,"Bot",,,,,,,6.933382459782908,-127.39661185024727,-4.213039669661281,-11.499838296788429,23.51554673644956,-32.37312810990344,2.97,1.31,,,,"88.3",1619,"6.6",718522,506702,663993,543760,673962,677649,543257,608671,666969,"53.95",,0,"0",1,0,0,,36,6,"Split-Finger",2,3,2,3,3,2,2,3,"Infield shade","Standard",238,"-0.037","-0.218",,,,,"0.218",,-1,-1,0.399,0.399,33,28,33,28,2,1,6,1,6,3,"3.02","0.93","-0.93","31.2",,,,,
"CU","2023-04-18","76.8","-2.06","5.77","Eovaldi, Nathan",670032,543135,,"foul",,,,,14,,"R","L","R","KC","TEX","S",,,2,2,2023,"0.81","-1",0.5880038719516574,1.1149530026247305,,664728,,2,4,"Bot",,,,,,,4.1581409008447405,-111.83768653928739,-0.9870922414784963,5.94034422155454,21.74257263620307,-40.594008670919045,2.97,1.31,,,,"77",1972,"6.6",718522,506702,663993,543760,673962,677649,543257,608671,666969,"53.9",,,,,,,,36,5,"Curveball",2,3,2,3,3,2,2,3,"Standard","Standard",48,"0","0",,,,,"0",,-1,-1,0.399,0.399,33,28,33,28,2,1,6,1,6,3,"4.89","-0.81","0.81","37.8",,,,,
"FC","2023-04-18","91.6","-2.47","5.49","Eovaldi, Nathan",670032,543135,,"swinging_strike",,,,,12,,"R","L","R","KC","TEX","S",,,2,1,2023,"0.24","0.97",1.1228634379716749,3.0893091509960486,,664728,,2,4,"Bot",,,,,,,8.6404214406716,-133.292174727508,-2.3967788810868633,1.2711546265176896,24.68997045765419,-20.161927094441545,2.97,1.31,,,,"92.9",2430,"6.8",718522,506702,663993,543760,673962,677649,543257,608671,666969,"53.73",,,,,,,,36,4,"Cutter",2,3,2,3,3,2,2,3,"Infield shade","Standard",199,"-0.009","-0.069",,,,,"0.069",,-1,-1,0.408,0.408,33,28,33,28,2,1,6,1,6,3,"1.71","-0.24","0.24","30.1",,,,,
"CU","2023-04-18","77.1","-2.15","5.63","Eovaldi, Nathan",670032,543135,,"ball",,,,,14,,"R","L","R","KC","TEX","B",,,1,1,2023,"0.46","-0.84",1.02215614993327,2.007712740244921,,,664728,2,4,"Bot",,,,,,,5.93456359530141,-112.25915540964591,0.714606196169262,2.9973333400579873,17.98513505567897,-39.63635054153171,2.82214629679303,1.25814995739935,,,,"77.9",1971,"6.5",718522,506702,663993,543760,673962,677649,543257,608671,666969,"53.96",,,,,,,,36,3,"Curveball",2,3,2,3,3,2,2,3,"Infield shade","Standard",47,"0.017","0.036",,,,,"-0.036",,-1,-1,0.391,0.391,33,28,33,28,2,1,6,1,6,3,"4.63","-0.46","0.46","35.2",,,,,
"FF","2023-04-18","95.8","-2.43","5.38","Eovaldi, Nathan",670032,543135,,"ball",,,,,12,,"R","L","R","KC","TEX","B",,,0,1,2023,"-0.93","1.13",1.1623837276313385,2.161399166597054,,,664728,2,4,"Bot",,,,,,,11.590872552908584,-139.11685374230163,-5.5140681839710535,-14.371032070110825,26.614928659076266,-16.347905263062668,2.88019315629378,1.40304584708751,,,,"96.6",2220,"6.5",718522,506702,663993,543760,673962,677649,543257,608671,666969,"53.97",,,,,,,,36,2,"4-Seam Fastball",2,3,2,3,3,2,2,3,"Infield shade","Standard",225,"0.003","0.025",,,,,"-0.025",,-1,-1,0.388,0.388,33,28,33,28,2,1,6,1,6,3,"1.33","0.93","-0.93","27.5",,,,,
"CU","2023-04-18","76.3","-2.24","5.7","Eovaldi, Nathan",670032,543135,,"called_strike",,,,,1,,"R","L","R","KC","TEX","S",,,0,0,2023,"0.48","-0.77",-0.7941636965762717,2.4118592208826524,,,664728,2,4,"Bot",,,,,,,2.1768513517041073,-111.24805749643778,1.4180149358204874,3.667229092087835,17.954938727711692,-39.028112967907745,2.88019315629378,1.34508386056137,,,,"76.9",1913,"6.4",718522,506702,663993,543760,673962,677649,543257,608671,666969,"54.14",,,,,,,,36,1,"Curveball",2,3,2,3,3,2,2,3,"Infield shade","Standard",47,"-0.004","-0.045",,,,,"0.045",,-1,-1,0.392,0.392,33,28,33,28,2,1,6,1,6,3,"4.64","-0.48","0.48","39.1",,,,,
"FS","2023-04-18","88.1","-2.37","5.69","Eovaldi, Nathan",664728,543135,"force_out","hit_into_play",,,,,8,"Kyle Isbel grounds into a force out, first baseman Nathaniel Lowe to shortstop Ezequiel Duran. Michael Massey scores. Edward Olivares out at 2nd. Kyle Isbel to 1st.","R","L","R","KC","TEX","X",3,"ground_ball",0,1,2023,"-0.94","-0.08",-0.2710776168222372,1.8712988528679855,686681,,658668,1,4,"Bot",145.09,172.97,,,,,7.054289853861184,-128.1923313671961,-3.1099767447023225,-11.683030862028703,22.394416694929326,-32.65802827966363,3.39,1.65,3,"79.6",-33,"89",1640,"6.5",718522,506702,663993,543760,673962,677649,543257,608671,666969,"54.02",0.046,0.05,"0",1,0,0,2,35,2,"Split-Finger",1,3,1,3,3,2,2,3,"Strategic","Strategic",239,"0.01","-0.295",,,,0.048,"0.295","88.0",-2,-2,0.382,0.382,33,26,33,26,2,1,6,1,6,3,"2.98","0.94","-0.94","33.7",,,,,
"CU","2023-04-18","76.4","-2.19","5.82","Eovaldi, Nathan",664728,543135,,"swinging_strike",,,,,8,,"R","L","R","KC","TEX","S",,,0,0,2023,"0.61","-0.83",0.0330645899278556,1.724228356878851,686681,,658668,1,4,"Bot",,,,,,,3.6062779193328987,-111.3212510110658,-0.17965026018187213,4.504168602214797,17.824926166510405,-39.326697158617606,3.39,1.65,,,,"76.9",1958,"6.3",718522,506702,663993,543760,673962,677649,543257,608671,666969,"54.18",,,,,,,,35,1,"Curveball",1,3,1,3,3,1,1,3,"Standard","Strategic",43,"-0.013","-0.044",,,,,"0.044",,-2,-2,0.395,0.395,33,26,33,26,2,1,6,1,6,3,"4.69","-0.61","0.61","37.4",,,,,
"FC","2023-04-18","90.7","-2.36","5.57","Eovaldi, Nathan",658668,543135,"single","hit_into_play",,,,,8,"Edward Olivares singles on a line drive to left fielder Robbie Grossman. Michael Massey to 3rd.","R","R","R","KC","TEX","X",7,"line_drive",0,0,2023,"-0.02","0.89",0.2673834201236389,2.274265627276409,,,686681,1,4,"Bot",89.35,87.04,,,,,6.631735976760015,-131.98059334843865,-4.287041540739526,-1.4150717630334837,24.38414104735127,-21.090214419630296,3.52,1.73,233,"88.5",16,"91.4",2367,"6.4",718522,506702,663993,543760,673962,677649,543257,608671,666969,"54.06",0.974,0.925,"0.9",1,1,0,4,34,1,"Cutter",1,3,1,3,3,1,1,3,"Standard","Standard",196,"0.08","0.415",,,,1.121,"-0.415","88.5",-2,-2,0.315,0.315,33,27,33,27,2,1,6,2,6,1,"1.86","0.02","0.02","32.0",,,,,
"FS","2023-04-18","89.1","-2.32","5.46","Eovaldi, Nathan",686469,543135,"grounded_into_double_play","hit_into_play",,,,,7,"Vinnie Pasquantino grounds into a double play, first baseman Nathaniel Lowe to shortstop Ezequiel Duran to first baseman Nathaniel Lowe. Salvador Perez out at 2nd. Vinnie Pasquantino out at 1st.","R","L","R","KC","TEX","X",3,"ground_ball",3,2,2023,"-1.12","0.16",-0.3071550212935694,1.5830891250852752,,,521692,1,3,"Bot",155.72,167.91,,,,,7.3574656756613805,-129.66090537358622,-3.9288207994225393,-14.094461283593347,23.235043096187432,-29.83300116176621,3.5,1.7,6,"101",-14,"90.3",1613,"6.7",718522,506702,663993,543760,673962,677649,543257,608671,666969,"53.79",0.205,0.184,"0",1,0,0,2,25,8,"Split-Finger",1,1,1,1,1,1,1,1,"Infield shade","Standard",241,"-0.064","-0.392",,,,0.222,"0.392","101.0",0,0,0.564,0.564,33,25,33,26,2,1,6,1,6,1,"2.68","1.12","-1.12","32.1",,,,,
"FC","2023-04-18","91.1","-2.46","5.48","Eovaldi, Nathan",686469,543135,,"foul",,,,,8,,"R","L","R","KC","TEX","S",,,3,2,2023,"0.06","0.91",0.2066278854368013,2.0136355612661054,,,521692,1,3,"Bot",,,,,,,6.637089864779289,-132.64987133790487,-4.891599184124177,-0.5208975447226337,24.552728546430295,-20.5519454755265,3.5,1.7,199,"73.6",23,"92.4",2394,"6.7",718522,506702,663993,543760,673962,677649,543257,608671,666969,"53.79",,,,,,,,25,7,"Cutter",1,1,1,1,1,1,1,1,"Infield shade","Standard",192,"0","0",,,,,"0","88.0",0,0,0.564,0.564,33,25,33,26,2,1,6,1,6,1,"1.8","-0.06","0.06","33.6",,,,,
"FS","2023-04-18","88.4","-2.34","5.5","Eovaldi, Nathan",686469,543135,,"foul",,,,,7,,"R","L","R","KC","TEX","S",,,3,2,2023,"-1.2","-0.03",-0.4016385327580636,2.1626026144368296,,,521692,1,3,"Bot",,,,,,,7.2676629192137785,-128.7139576225356,-2.117610816733891,-14.76916533016107,21.797517649181557,-32.361390887823994,3.5,1.7,,,,"89.7",1734,"6.6",718522,506702,663993,543760,673962,677649,543257,608671,666969,"53.87",,,,,,,,25,6,"Split-Finger",1,1,1,1,1,1,1,1,"Infield shade","Standard",232,"0","0",,,,,"0",,0,0,0.564,0.564,33,25,33,26,2,1,6,1,6,1,"2.9","1.2","-1.2","31.7",,,,,
"CU","2023-04-18","77","-2.18","5.57","Eovaldi, Nathan",686469,543135,,"ball",,,,,9,,"R","L","R","KC","TEX","B",,,2,2,2023,"0.88","-0.71",0.7210943472693531,1.6236416398710771,,,521692,1,3,"Bot",,,,,,,4.575574588294298,-112.10485108029789,-0.09775547543001784,6.615816711349116,20.2179167697403,-38.37447323014655,3.39262994533469,1.53430183441857,,,,"77.5",2058,"6.6",718522,506702,663993,543760,673962,677649,543257,608671,666969,"53.9",,,,,,,,25,5,"Curveball",1,1,1,1,1,1,1,1,"Infield shade","Standard",54,"0.011","0.084",,,,,"-0.084",,0,0,0.553,0.553,33,25,33,26,2,1,6,1,6,1,"4.55","-0.88","0.88","34.0",,,,,
"FF","2023-04-18","95.6","-2.59","5.41","Eovaldi, Nathan",686469,543135,,"ball",,,,,11,,"R","L","R","KC","TEX","B",,,1,2,2023,"-0.89","1.13",-1.1300954666162855,4.066081285206903,,,521692,1,3,"Bot",,,,,,,5.866331064156397,-139.11670406218008,-0.4937038546341179,-12.834909314968643,30.155578046994385,-17.553120994854027,3.37721221952854,1.577242215553,,,,"96.1",2065,"6.5",718522,506702,663993,543760,673962,677649,543257,608671,666969,"53.99",,,,,,,,25,4,"4-Seam Fastball",1,1,1,1,1,1,1,1,"Infield shade","Standard",231,"0.005","0.047",,,,,"-0.047",,0,0,0.548,0.548,33,25,33,26,2,1,6,1,6,1,"1.36","0.89","-0.89","27.1",,,,,
"FS","2023-04-18","88.3","-2.38","5.49","Eovaldi, Nathan",686469,543135,,"swinging_strike_blocked",,,,,14,,"R","L","R","KC","TEX","S",,,1,1,2023,"-1.2","-0.08",0.029076154069304527,0.49507653232301774,,,521692,1,3,"Bot",,,,,,,8.416896678273545,-128.33875453622574,-5.964823291672465,-14.947947215376054,24.43627871730506,-32.11644673328294,3.5,1.7,,,,"89.1",1706,"6.7",718522,506702,663993,543760,673962,677649,543257,608671,666969,"53.81",,,,,,,,25,3,"Split-Finger",1,1,1,1,1,1,1,1,"Infield shade","Standard",236,"-0.008","-0.055",,,,,"0.055",,0,0,0.556,0.556,33,25,33,26,2,1,6,1,6,1,"3","1.2","-1.2","30.9",,,,,
"FC","2023-04-18","90.7","-2.49","5.41","Eovaldi, Nathan",686469,543135,,"called_strike",,,,,7,,"R","L","R","KC","TEX","S",,,1,0,2023,"0","0.69",-0.7211403222069198,1.9362679043149964,,,521692,1,3,"Bot",,,,,,,4.4572606582225704,-132.14190614805133,-4.309486676499589,-0.8606175466171196,25.92690624015315,-23.438574825773966,3.40625406283606,1.63522319283111,,,,"91.6",2400,"6.6",718522,506702,663993,543760,673962,677649,543257,608671,666969,"53.92",,,,,,,,25,2,"Cutter",1,1,1,1,1,1,1,1,"Infield shade","Standard",194,"-0.006","-0.053",,,,,"0.053",,0,0,0.562,0.562,33,25,33,26,2,1,6,1,6,1,"2.06","0","0","30.7",,,,,
"FC","2023-04-18","91.1","-2.31","5.59","Eovaldi, Nathan",686469,543135,,"ball",,,,,14,,"R","L","R","KC","TEX","B",,,0,0,2023,"0.05","0.67",1.445861116269571,2.411813336304572,,,521692,1,3,"Bot",,,,,,,9.334970028326254,-132.4014431746757,-3.564317887750433,-1.2050209286735252,25.14030573475749,-23.75077426169191,3.43183795567302,1.54797172164965,,,,"91.6",2335,"6.4",718522,506702,663993,543760,673962,677649,543257,608671,666969,"54.08",,,,,,,,25,1,"Cutter",1,1,1,1,1,1,1,1,"Infield shade","Standard",201,"0.004","0.036",,,,,"-0.036",,0,0,0.558,0.558,33,25,33,26,2,1,6,1,6,1,"2.06","-0.05","0.05","32.7",,,,,
"FF","2023-04-18","96.2","-2.57","5.33","Eovaldi, Nathan",677951,543135,"field_out","hit_into_play",,,,,11,"Bobby Witt Jr. grounds out, second baseman Marcus Semien to first baseman Nathaniel Lowe.","R","R","R","KC","TEX","X",4,"ground_ball",2,1,2023,"-1.12","1.04",-0.8596198706477398,3.192149129372737,658668,,,2,2,"Bot",134.97,146.15,,,,,7.136100965885049,-139.99575335878907,-2.492841035388193,-16.27611289685023,31.248876663658574,-18.066970915456803,3.51,1.67,70,"75.8",4,"97.2",2054,"6.8",718522,506702,663993,543760,673962,677649,543257,608671,666969,"53.69",0.244,0.243,"0",1,0,0,2,17,4,"4-Seam Fastball",1,0,1,0,0,1,1,0,"Standard","Strategic",230,"-0.035","-0.324",,,,0.293,"0.324","88.0",1,1,0.647,0.647,33,23,33,23,2,1,6,1,6,1,"1.42","1.12","1.12","27.0",,,,,
"FF","2023-04-18","96.5","-2.49","5.41","Eovaldi, Nathan",677951,543135,,"ball",,,,,11,,"R","R","R","KC","TEX","B",,,1,1,2023,"-0.93","0.86",-1.524539638693628,3.4079748284069304,658668,,,2,2,"Bot",,,,,,,4.721629002644421,-140.59113466938686,-1.778081079819803,-13.377652249892279,29.81473998643407,-20.4907527133054,3.46088157379362,1.57696044379946,,,,"97.4",1954,"6.6",718522,506702,663993,543760,673962,677649,543257,608671,666969,"53.91",,,,,,,,17,3,"4-Seam Fastball",1,0,1,0,0,1,1,0,"Standard","Strategic",232,"0.003","0.039",,,,,"-0.039",,1,1,0.644,0.644,33,23,33,23,2,1,6,1,6,1,"1.57","0.93","0.93","29.0",,,,,
"FS","2023-04-18","88.7","-2.38","5.58","Eovaldi, Nathan",677951,543135,,"ball",,,,,14,,"R","R","R","KC","TEX","B",,,0,1,2023,"-1.06","0.27",0.17723324661686557,0.974289702708055,658668,,,2,2,"Bot",,,,,,,8.486880015980148,-129.0012635723953,-5.889175776781167,-13.415096152380997,22.74694658656563,-28.175927230385728,3.48992612918551,1.60595033758997,,,,"89.7",1689,"6.6",718522,506702,663993,543760,673962,677649,543257,608671,666969,"53.92",,,,,,,,17,2,"Split-Finger",1,0,1,0,0,1,1,0,"Standard","Strategic",231,"0.003","0.028",,,,,"-0.028",,1,1,0.641,0.641,33,23,33,23,2,1,6,1,6,1,"2.59","1.06","1.06","32.1",,,,,
"FF","2023-04-18","96.9","-2.52","5.4","Eovaldi, Nathan",677951,543135,,"called_strike",,,,,2,,"R","R","R","KC","TEX","S",,,0,0,2023,"-0.84","1.2",-0.10054588142447507,2.9037150972687558,658668,,,2,2,"Bot",,,,,,,8.446213119100413,-140.94152147562318,-3.940443747485572,-12.98695518899074,29.15759343840831,-15.459448348144225,3.48992612918551,1.54797172164965,,,,"98",2207,"6.7",718522,506702,663993,543760,673962,677649,543257,608671,666969,"53.77",,,,,,,,17,1,"4-Seam Fastball",1,0,1,0,0,1,1,0,"Standard","Strategic",225,"-0.005","-0.036",,,,,"0.036",,1,1,0.646,0.646,33,23,33,23,2,1,6,1,6,1,"1.22","0.84","0.84","29.1",,,,,
"FS","2023-04-18","89.5","-2.48","5.68","Eovaldi, Nathan",670032,543135,"field_out","hit_into_play",,,,,8,"Nicky Lopez grounds out, first baseman Nathaniel Lowe to pitcher Nathan Eovaldi. Edward Olivares to 3rd.","R","L","R","KC","TEX","X",3,"ground_ball",0,2,2023,"-1.09","0.14",0.22023758552692096,1.4123660133758569,,658668,,1,2,"Bot",156.73,164.87,,,,,8.944412737667104,-130.04102284849088,-4.8840453916988285,-14.121411913927197,24.42225138493031,-29.765327956217483,2.97,1.31,2,"97.9",-32,"89.9",1491,"6.4",718522,506702,663993,543760,673962,677649,543257,608671,666969,"54.14",0.083,0.082,"0",1,0,0,2,16,4,"Split-Finger",1,0,1,0,0,1,1,0,"Infield shade","Standard",235,"-0.015","-0.168",,,,0.127,"0.168","97.9",1,1,0.661,0.661,33,28,33,28,1,0,6,1,6,3,"2.69","1.09","-1.09","33.8",,,,,
"CU","2023-04-18","77","-2.1","5.75","Eovaldi, Nathan",670032,543135,,"foul",,,,,14,,"R","L","R","KC","TEX","S",,,0,2,2023,"0.84","-0.86",1.2458902473142515,1.4873210862732016,,658668,,1,2,"Bot",,,,,,,5.57125888969492,-112.07771363777667,-0.5476318448759012,6.152545537229266,19.69176492681556,-39.522614829811666,2.97,1.31,30,"91",-2,"77.2",2062,"6.3",718522,506702,663993,543760,673962,677649,543257,608671,666969,"54.17",,,,,,,,16,3,"Curveball",1,0,1,0,0,1,1,0,"Standard","Standard",44,"0","0",,,,,"0","91.0",1,1,0.661,0.661,33,28,33,28,1,0,6,1,6,3,"4.69","-0.84","0.84","36.5",,,,,
"FF","2023-04-18","96.1","-2.38","5.4","Eovaldi, Nathan",670032,543135,,"foul",,,,,5,,"R","L","R","KC","TEX","S",,,0,1,2023,"-0.85","1",0.12688630809274448,1.8287133921625989,,658668,,1,2,"Bot",,,,,,,8.616246813178726,-139.74182613966576,-6.199730036789563,-13.073357138696629,29.444058379124424,-17.792571370980237,2.97,1.31,273,"85.7",39,"96.8",2040,"6.6",718522,506702,663993,543760,673962,677649,543257,608671,666969,"53.93",,,,,,,,16,2,"4-Seam Fastball",1,0,1,0,0,1,1,0,"Standard","Standard",231,"-0.008","-0.069",,,,,"0.069","88.0",1,1,0.669,0.669,33,28,33,28,1,0,6,1,6,3,"1.45","0.85","-0.85","33.3",,,,,
"CU","2023-04-18","75.7","-2.23","5.76","Eovaldi, Nathan",670032,543135,,"called_strike",,,,,1,,"R","L","R","KC","TEX","S",,,0,0,2023,"0.66","-0.55",-0.53899695367632,3.045406793963434,,658668,,1,2,"Bot",,,,,,,2.3437356715199402,-110.31754824814709,2.3420632547955416,5.02729481229339,18.255555903867048,-37.25269706559471,2.99629915081926,1.40304584708751,,,,"75.9",1837,"6.2",718522,506702,663993,543760,673962,677649,543257,608671,666969,"54.32",,,,,,,,16,1,"Curveball",1,0,1,0,0,1,1,0,"Standard","Standard",48,"-0.005","-0.038",,,,,"0.038",,1,1,0.674,0.674,33,28,33,28,1,0,6,1,6,3,"4.49","-0.66","0.66","36.5",,,,,
"FS","2023-04-18","89.7","-2.26","5.66","Eovaldi, Nathan",664728,543135,"field_out","hit_into_play",,,,,9,"Kyle Isbel flies out to right fielder Adolis Garcia.","R","L","R","KC","TEX","X",9,"fly_ball",2,2,2023,"-1.14","0.37",0.5625266166230989,1.5587829462820335,,658668,,0,2,"Bot",177.98,121.35,,,,,9.390114335046489,-130.3930498355462,-5.043459645966855,-14.8159929370337,22.266726640509198,-27.127021039356645,3.39,1.65,237,"75.4",46,"90.4",1806,"6.4",718522,506702,663993,543760,673962,677649,543257,608671,666969,"54.14",0.108,0.097,"0",1,0,0,3,15,6,"Split-Finger",1,0,1,0,0,1,1,0,"Standard","Strategic",237,"-0.031","-0.21",,,,0.121,"0.21","88.0",1,1,0.705,0.705,33,26,33,26,1,0,6,1,6,3,"2.42","1.14","-1.14","32.8",,,,,
"FF","2023-04-18","96.5","-2.48","5.41","Eovaldi, Nathan",664728,543135,,"foul",,,,,4,,"R","L","R","KC","TEX","S",,,2,2,2023,"-1.1","1.02",-0.6267808049678654,2.759056377979066,,658668,,0,2,"Bot",,,,,,,7.496019440817178,-140.41950620642115,-3.866007855614457,-16.261289354744324,29.42750767316169,-17.970253617814222,3.39,1.65,225,"75.6",50,"97.4",2184,"6.6",718522,506702,663993,543760,673962,677649,543257,608671,666969,"53.87",,,,,,,,15,5,"4-Seam Fastball",1,0,1,0,0,1,1,0,"Standard","Strategic",232,"0","0",,,,,"0","88.0",1,1,0.705,0.705,33,26,33,26,1,0,6,1,6,3,"1.41","1.1","-1.1","28.4",,,,,
"FC","2023-04-18","92.3","-2.38","5.64","Eovaldi, Nathan",664728,543135,,"swinging_strike",,,,,4,,"R","L","R","KC","TEX","S",,,2,1,2023,"-0.23","1.01",-0.3779528053586899,2.6564492669385382,,658668,,0,2,"Bot",,,,,,,5.593142264211431,-134.41287393851627,-4.022494884972806,-3.914186187452895,27.03731969474741,-19.251141486915895,3.39,1.65,,,,"92.7",2380,"6.3",718522,506702,663993,543760,673962,677649,543257,608671,666969,"54.19",,,,,,,,15,4,"Cutter",1,0,1,0,0,1,1,0,"Standard","Strategic",202,"-0.007","-0.082",,,,,"0.082",,1,1,0.712,0.712,33,26,33,26,1,0,6,1,6,3,"1.65","0.23","-0.23","32.7",,,,,
"FF","2023-04-18","95.3","-2.4","5.51","Eovaldi, Nathan",664728,543135,,"ball",,,,,11,,"R","L","R","KC","TEX","B",,,1,1,2023,"-1.05","1.12",-0.9489123879410892,4.691724124083844,,658668,,0,2,"Bot",,,,,,,6.181233062632407,-138.68870780181402,0.9794613099551464,-14.974617417516916,31.00253087683266,-18.113081410191736,3.37375354881873,1.51898417574467,,,,"95.5",2188,"6.4",718522,506702,663993,543760,673962,677649,543257,608671,666969,"54.08",,,,,,,,15,3,"4-Seam Fastball",1,0,1,0,0,1,1,0,"Standard","Strategic",224,"0.004","0.05",,,,,"-0.05",,1,1,0.708,0.708,33,26,33,26,1,0,6,1,6,3,"1.39","1.05","-1.05","35.5",,,,,
"FS","2023-04-18","88.7","-2.36","5.75","Eovaldi, Nathan",664728,543135,,"ball",,,,,14,,"R","L","R","KC","TEX","B",,,0,1,2023,"-1.2","0.22",0.4317025059089181,1.0869235365259882,,,658668,0,2,"Bot",,,,,,,9.315884872735126,-128.87953745794303,-5.848817760000301,-15.171884045581914,24.20634141629871,-28.78884477262783,3.37375354881873,1.60595033758997,,,,"89.1",1728,"6.4",718522,506702,663993,543760,673962,677649,543257,608671,666969,"54.12",,,,,,,,15,2,"Split-Finger",1,0,1,0,0,1,1,0,"Standard","Standard",242,"0.025","0.024",,,,,"-0.024",,1,1,0.683,0.683,33,26,33,26,1,0,6,1,6,3,"2.67","1.2","-1.2","35.4",,,,,
"FC","2023-04-18","91.2","-2.33","5.62","Eovaldi, Nathan",664728,543135,,"called_strike",,,,,9,,"R","L","R","KC","TEX","S",,,0,0,2023,"-0.34","0.91",0.5887622957565142,1.7370040394832524,,,658668,0,2,"Bot",,,,,,,8.057888616168247,-132.6165154454716,-5.857110648481868,-5.57226197725615,26.215727376754163,-20.396054910738204,3.40279527921807,1.51898417574467,,,,"91.6",2472,"6.4",718522,506702,663993,543760,673962,677649,543257,608671,666969,"54.09",,,,,,,,15,1,"Cutter",1,0,1,0,0,1,1,0,"Standard","Strategic",198,"-0.004","-0.036",,,,,"0.036",,1,1,0.687,0.687,33,26,33,26,1,0,6,1,6,3,"1.82","0.34","-0.34","28.8",,,,,
"CU","2023-04-18","77.1","-2.19","5.68","Eovaldi, Nathan",686681,543135,"field_out","hit_into_play",,,,,14,"Michael Massey grounds out, first baseman Nathaniel Lowe to pitcher Nathan Eovaldi.","R","L","R","KC","TEX","X",3,"ground_ball",2,2,2023,"0.75","-0.85",0.5913940310449568,1.1402159732582091,,521692,614177,2,1,"Bot",143.27,166.79,,,,,4.5488705377300995,-112.24967199890156,-1.2166822681813032,5.60490944840167,18.43303434818717,-39.36952447392931,3.49,1.7,1,"55.2",-46,"77.4",2029,"6.3",718522,506702,663993,543760,673962,677649,543257,608671,666969,"54.22",0.185,0.179,"0",1,0,0,1,10,5,"Curveball",1,0,1,0,0,1,1,0,"Infield shade","Standard",44,"-0.032","-0.246",,,,0.185,"0.246","88.0",1,1,0.635,0.635,33,25,33,25,1,0,6,3,6,1,"4.65","-0.75","0.75","36.8",,,,,
"FF","2023-04-18","95.1","-2.34","5.5","Eovaldi, Nathan",686681,543135,,"ball",,,,,12,,"R","L","R","KC","TEX","B",,,1,2,2023,"-0.98","1.21",0.006637185868586304,4.424349923863987,,521692,614177,2,1,"Bot",,,,,,,8.380140539636855,-138.276833618758,0.0996475902061763,-14.398157672161117,28.67709745855404,-16.853122197999145,3.40279527921807,1.51898417574467,,,,"95.8",2174,"6.6",718522,506702,663993,543760,673962,677649,543257,608671,666969,"53.92",,,,,,,,10,4,"4-Seam Fastball",1,0,1,0,0,1,1,0,"Infield shade","Standard",223,"0.005","0.033",,,,,"-0.033",,1,1,0.63,0.63,33,25,33,25,1,0,6,3,6,1,"1.3","0.98","-0.98","30.2",,,,,
"FF","2023-04-18","95.6","-2.59","5.42","Eovaldi, Nathan",686681,543135,,"foul",,,,,4,,"R","L","R","KC","TEX","S",,,1,1,2023,"-1.12","1.1",-0.7640518185221623,2.413184443524238,,521692,614177,2,1,"Bot",,,,,,,7.380781057631036,-139.15628680640273,-4.870899954478968,-16.189937759557903,28.135600365878997,-17.008851567552515,3.49,1.7,265,"77.2",40,"96.6",2185,"6.6",718522,506702,663993,543760,673962,677649,543257,608671,666969,"53.88",,,,,,,,10,3,"4-Seam Fastball",1,0,1,0,0,1,1,0,"Infield shade","Standard",227,"-0.009","-0.069",,,,,"0.069","88.0",1,1,0.639,0.639,33,25,33,25,1,0,6,3,6,1,"1.38","1.12","-1.12","31.4",,,,,
"FC","2023-04-18","91.5","-2.48","5.61","Eovaldi, Nathan",686681,543135,,"foul",,,,,12,,"R","L","R","KC","TEX","S",,,1,0,2023,"0.05","0.75",1.3051010829942045,2.611409289612908,,521692,614177,2,1,"Bot",,,,,,,9.430816542628136,-133.0608396008946,-3.332748808746855,-1.2843985290388218,27.118471723745607,-22.735102116075023,3.49,1.7,226,"89.8",18,"91.7",2359,"6.4",718522,506702,663993,543760,673962,677649,543257,608671,666969,"54.14",,,,,,,,10,2,"Cutter",1,0,1,0,0,1,1,0,"Infield shade","Standard",191,"-0.005","-0.045",,,,,"0.045","89.8",1,1,0.644,0.644,33,25,33,25,1,0,6,3,6,1,"1.97","-0.05","0.05","33.7",,,,,
"CU","2023-04-18","77","-2.24","5.78","Eovaldi, Nathan",686681,543135,,"ball",,,,,14,,"R","L","R","KC","TEX","B",,,0,0,2023,"0.64","-0.94",1.213165927554057,2.3094100231524157,,521692,614177,2,1,"Bot",,,,,,,6.16378658493492,-112.04700896344247,1.330355763963889,4.254955870276411,20.553175024459396,-40.56750591180946,3.40279527921807,1.72192153683279,,,,"76.9",2089,"6.2",718522,506702,663993,543760,673962,677649,543257,608671,666969,"54.26",,,,,,,,10,1,"Curveball",1,0,1,0,0,1,1,0,"Standard","Standard",46,"0.003","0.03",,,,,"-0.03",,1,1,0.641,0.641,33,25,33,25,1,0,6,3,6,1,"4.79","-0.64","0.64","36.8",,,,,
"FF","2023-04-18","96.6","-2.42","5.33","Eovaldi, Nathan",614177,543135,"walk","ball",,,,,14,"Franmil Reyes walks.","R","R","R","KC","TEX","B",,,3,2,2023,"-1.12","1.08",1.3910002421229972,2.0499394037128806,,521692,,2,1,"Bot",,,,,,,12.769877149545797,-140.13564019883424,-5.6875319111036715,-17.523483470625955,28.650117851812933,-16.74880411761917,3.48992612918551,1.60595033758997,,,,"97.4",2176,"6.7",718522,506702,663993,543760,673962,677649,543257,608671,666969,"53.8",,0.695903,"0.7",1,0,0,,9,6,"4-Seam Fastball",1,0,1,0,0,1,1,0,"Standard","Standard",233,"0.008","0.162",,,,,"-0.162",,1,1,0.633,0.633,33,27,33,28,1,0,6,2,6,1,"1.36","1.12","1.12","27.2",,,,,
"FS","2023-04-18","88.1","-2.43","5.58","Eovaldi, Nathan",614177,543135,,"blocked_ball",,,,,14,,"R","R","R","KC","TEX","B",,,2,2,2023,"-1.12","-0.05",0.26935710861707673,0.6496305618496891,,521692,,2,1,"Bot",,,,,,,8.892329134843578,-128.10038036828757,-5.84503145614691,-14.092866472711371,23.484201349712354,-31.822054725466284,3.48992612918551,1.60595033758997,,,,"88.7",1640,"6.4",718522,506702,663993,543760,673962,677649,543257,608671,666969,"54.07",,,,,,,,9,5,"Split-Finger",1,0,1,0,0,1,1,0,"Standard","Standard",243,"0.005","0.051",,,,,"-0.051",,1,1,0.628,0.628,33,27,33,28,1,0,6,2,6,1,"2.97","1.12","1.12","31.1",,,,,
"FS","2023-04-18","88.3","-2.43","5.64","Eovaldi, Nathan",614177,543135,,"blocked_ball",,,,,13,,"R","R","R","KC","TEX","B",,,1,2,2023,"-1.04","0.07",-0.033580865231018775,0.765472994347741,,521692,,2,1,"Bot",,,,,,,7.991146679850374,-128.36592092575322,-6.009761321410516,-13.015005334507299,23.350934225490104,-30.43264463328941,3.54801803429844,1.60595033758997,,,,"88.8",1638,"6.4",718522,506702,663993,543760,673962,677649,543257,608671,666969,"54.09",,,,,,,,9,4,"Split-Finger",1,0,1,0,0,1,1,0,"Standard","Standard",235,"0.005","0.015",,,,,"-0.015",,1,1,0.623,0.623,33,27,33,28,1,0,6,2,6,1,"2.83","1.04","1.04","32.7",,,,,
"FF","2023-04-18","94.9","-2.42","5.5","Eovaldi, Nathan",614177,543135,,"foul",,,,,2,,"R","R","R","KC","TEX","S",,,1,1,2023,"-0.97","1.09",0.04434850029774984,3.645256144800159,,521692,,2,1,"Bot",,,,,,,8.689517015750063,-137.96756309063935,-1.6257073601947205,-14.307908414703745,30.440574961548904,-18.140931804474377,3.77,1.83,307,"89.6",27,"95.6",2171,"6.7",718522,506702,663993,543760,673962,677649,543257,608671,666969,"53.77",,,,,,,,9,3,"4-Seam Fastball",1,0,1,0,0,1,1,0,"Standard","Standard",226,"-0.008","-0.064",,,,,"0.064","89.6",1,1,0.631,0.631,33,27,33,28,1,0,6,2,6,1,"1.45","0.97","0.97","30.9",,,,,
"FS","2023-04-18","87.2","-2.44","5.61","Eovaldi, Nathan",614177,543135,,"foul",,,,,7,,"R","R","R","KC","TEX","S",,,1,0,2023,"-1.34","0.12",-0.4631470138012246,1.8431095924572718,,521692,,2,1,"Bot",,,,,,,7.535055653928242,-126.90819180043341,-3.2478094578178736,-15.93586345344204,22.235773387045562,-30.459057693956577,3.77,1.83,6,"84.5",-20,"88.1",1817,"6.5",718522,506702,663993,543760,673962,677649,543257,608671,666969,"54",,,,,,,,9,2,"Split-Finger",1,0,1,0,0,1,1,0,"Standard","Standard",241,"-0.002","-0.046",,,,,"0.046","88.0",1,1,0.633,0.633,33,27,33,28,1,0,6,2,6,1,"2.84","1.34","1.34","36.8",,,,,
"FC","2023-04-18","92","-2.44","5.54","Eovaldi, Nathan",614177,543135,,"ball",,,,,14,,"R","R","R","KC","TEX","B",,,0,0,2023,"0.01","0.89",1.589437564784472,1.9511184164845867,,521692,,2,1,"Bot",,,,,,,10.219562469710596,-133.69125755758287,-5.279062462456034,-1.720639150580373,24.49168417291588,-20.482163517652463,3.54801803429844,1.63494139839457,,,,"92.9",2383,"6.6",718522,506702,663993,543760,673962,677649,543257,608671,666969,"53.93",,,,,,,,9,1,"Cutter",1,0,1,0,0,1,1,0,"Standard","Standard",208,"0.001","0.02",,,,,"-0.02",,1,1,0.632,0.632,33,27,33,28,1,0,6,2,6,1,"1.77","-0.01","-0.01","30.4",,,,,
"FF","2023-04-18","95.9","-2.51","5.48","Eovaldi, Nathan",686469,543135,"field_out","hit_into_play",,,,,1,"Vinnie Pasquantino lines out sharply to center fielder Travis Jankowski.","R","L","R","KC","TEX","X",8,"line_drive",0,1,2023,"-0.91","0.94",-0.279241182706207,3.0315356727066236,,521692,,1,1,"Bot",149.66,57.41,,,,,7.968806781601602,-139.57937681936943,-3.066924877994611,-13.543504721823673,28.303282852478915,-19.320682402505035,3.5,1.7,355,"103.4",16,"96.6",2165,"6.4",718522,506702,663993,543760,673962,677649,543257,608671,666969,"54.05",0.539,0.603,"0",1,0,0,5,8,2,"4-Seam Fastball",1,0,1,0,0,1,1,0,"Standard","Standard",233,"-0.025","-0.252",,,,0.899,"0.252","103.4",1,1,0.657,0.657,33,25,33,26,1,0,6,1,6,1,"1.52","0.91","-0.91","29.3",,,,,
"FC","2023-04-18","92.4","-2.61","5.53","Eovaldi, Nathan",686469,543135,,"called_strike",,,,,8,,"R","L","R","KC","TEX","S",,,0,0,2023,"0.16","0.98",-0.2708049445782786,1.818580395330617,,521692,,1,1,"Bot",,,,,,,5.657309056401736,-134.5405446151926,-5.900575772928227,0.8682001264080405,24.86373768706024,-19.208838787455516,3.43183795567302,1.60595033758997,,,,"93.5",2338,"6.6",718522,506702,663993,543760,673962,677649,543257,608671,666969,"53.92",,,,,,,,8,1,"Cutter",1,0,1,0,0,1,1,0,"Standard","Standard",200,"-0.005","-0.038",,,,,"0.038",,1,1,0.662,0.662,33,25,33,26,1,0,6,1,6,1,"1.65","-0.16","0.16","30.9",,,,,
"FF","2023-04-18","96.9","-2.61","5.38","Eovaldi, Nathan",669004,543135,"sac_fly","hit_into_play",,,,,1,"MJ Melendez out on a sacrifice fly to left fielder Robbie Grossman. Bobby Witt Jr. scores.","R","L","R","KC","TEX","X",7,"fly_ball",2,2,2023,"-0.94","0.96",-0.7078071935655389,3.1329399937531184,677951,,,0,1,"Bot",42.99,99.12,,,,,7.259747848452129,-141.05263251619846,-2.719710769854486,-14.145551019628277,29.54397522573632,-18.86875739545635,3.45,1.71,320,"94.1",37,"97.7",2334,"6.6",718522,506702,663993,543760,673962,677649,543257,608671,666969,"53.93",,0.13,"0",1,0,0,3,6,5,"4-Seam Fastball",0,0,0,0,0,1,1,0,"Strategic","Strategic",229,"0","-0.178",,,,,"0.178","94.1",0,0,0.626,0.626,33,24,33,25,1,0,6,1,6,1,"1.45","0.94","-0.94","28.2",,,,,
"FF","2023-04-18","95.1","-2.53","5.43","Eovaldi, Nathan",669004,543135,,"ball",,,,,12,,"R","L","R","KC","TEX","B",,,1,2,2023,"-1.01","1.17",0.06663738701533428,4.304300681199023,677951,,,0,1,"Bot",,,,,,,9.119066315747975,-138.3135607492209,0.09143088966542368,-15.019671336815803,30.243300070735824,-17.393398424117905,3.43183795567302,1.66393362160942,,,,"95.5",2296,"6.5",718522,506702,663993,543760,673962,677649,543257,608671,666969,"54.01",,,,,,,,6,4,"4-Seam Fastball",0,0,0,0,0,0,0,0,"Strategic","Strategic",227,"0.006","0.056",,,,,"-0.056",,0,0,0.62,0.62,33,24,33,25,1,0,6,1,6,1,"1.35","1.01","-1.01","28.0",,,,,
"FF","2023-04-18","96.5","-2.57","5.44","Eovaldi, Nathan",669004,543135,,"swinging_strike",,,,,11,,"R","L","R","KC","TEX","S",,,1,1,2023,"-1.03","1.13",-0.9089104667716482,2.972614774863356,677951,,,0,1,"Bot",,,,,,,6.807382416070855,-140.34456350802068,-3.569934263429498,-15.129080063615604,31.58422088866107,-16.632506490179342,3.45,1.71,,,,"97",2279,"6.6",718522,506702,663993,543760,673962,677649,543257,608671,666969,"53.89",,,,,,,,6,3,"4-Seam Fastball",0,0,0,0,0,0,0,0,"Strategic","Strategic",227,"-0.009","-0.069",,,,,"0.069",,0,0,0.629,0.629,33,24,33,25,1,0,6,1,6,1,"1.32","1.03","-1.03","29.1",,,,,
"FC","2023-04-18","91.6","-2.42","5.6","Eovaldi, Nathan",669004,543135,,"ball",,,,,12,,"R","L","R","KC","TEX","B",,,0,1,2023,"0.04","0.9",1.3405734054025709,2.7045011409764537,677951,,,0,1,"Bot",,,,,,,9.453039516964816,-133.1920393005459,-3.4089416512377926,-1.5229029814008175,27.48040740242374,-20.918187495415772,3.40279527921807,1.60595033758997,,,,"92.1",2485,"6.5",718522,506702,663993,543760,673962,677649,543257,608671,666969,"53.96",,,,,,,,6,2,"Cutter",0,0,0,0,0,0,0,0,"Strategic","Standard",190,"0.003","0.017",,,,,"-0.017",,0,0,0.626,0.626,33,24,33,25,1,0,6,1,6,1,"1.81","-0.04","0.04","34.8",,,,,
"FC","2023-04-18","92.1","-2.38","5.7","Eovaldi, Nathan",669004,543135,,"foul",,,,,14,,"R","L","R","KC","TEX","S",,,0,0,2023,"-0.22","0.95",1.0459933783133262,2.0639347297837487,677951,,,0,1,"Bot",,,,,,,9.196180938087188,-133.90470877134575,-5.524570715510421,-4.470258018130456,26.515327148578876,-19.704142954296934,3.45,1.71,4,"73.5",-29,"92.7",2382,"6.5",718522,506702,663993,543760,673962,677649,543257,608671,666969,"53.99",,,,,,,,6,1,"Cutter",0,0,0,0,0,0,0,0,"Strategic","Strategic",201,"-0.005","-0.045",,,,,"0.045","88.0",0,0,0.631,0.631,33,24,33,25,1,0,6,1,6,1,"1.72","0.22","-0.22","33.8",,,,,
"FC","2023-04-12","90.2","-2.53","5.37","Eovaldi, Nathan",686681,543135,"field_out","hit_into_play",,,,,8,"Michael Massey grounds out, second baseman Marcus Semien to first baseman Nathaniel Lowe.","R","L","R","TEX","KC","X",4,"ground_ball",2,0,2023,"0.03","0.75",-0.14042695405233008,1.934410800706147,,,664728,2,5,"Top",145.55,150.38,,,,,5.913235065234147,-131.21889447481644,-4.210592811327165,-0.8557649459454142,27.44171888407955,-22.759674923277448,3.5,1.71,9,"95.7",-12,"90.8",2287,"6.7",718595,506702,663993,543760,673962,669701,543257,665750,666969,"53.83",0.18,0.173,"0",1,0,0,2,41,3,"Cutter",1,6,6,1,6,1,6,1,"Infield shade","Standard",198,"0.006","-0.353",,,,0.18,"0.353","95.7",-5,5,0.069,0.931,33,25,33,25,3,2,5,1,6,2,"2.05","-0.03","0.03","30.9",,,,,
"FS","2023-04-12","89.2","-2.41","5.45","Eovaldi, Nathan",686681,543135,,"blocked_ball",,,,,14,,"R","L","R","TEX","KC","B",,,1,0,2023,"-1.24","0.36",1.7455323795960487,0.7072446205914238,,,664728,2,5,"Top",,,,,,,12.877201469657866,-129.2511605868064,-6.416313176364368,-16.48737980633733,25.653572964119853,-26.94947742951859,3.65255822026818,1.75891832891018,,,,"89.7",1751,"6.7",718595,506702,663993,543760,673962,669701,543257,665750,666969,"53.81",,,,,,,,41,2,"Split-Finger",1,6,6,1,6,1,6,1,"Infield shade","Standard",238,"-0.001","0.037",,,,,"-0.037",,-5,5,0.07,0.9299999999999999,33,25,33,25,3,2,5,1,6,2,"2.52","1.24","-1.24","30.3",,,,,
"FC","2023-04-12","91","-2.36","5.46","Eovaldi, Nathan",686681,543135,,"ball",,,,,14,,"R","L","R","TEX","KC","B",,,0,0,2023,"-0.02","1.1",1.3736240157328208,2.0481215185762527,,,664728,2,5,"Top",,,,,,,9.451173637636812,-132.2505147522895,-5.076689001630085,-2.067721796017436,26.250004768901043,-18.30702431281797,3.55075877509655,1.74382040575748,,,,"91.7",2455,"6.6",718595,506702,663993,543760,673962,669701,543257,665750,666969,"53.87",,,,,,,,41,1,"Cutter",1,6,6,1,6,1,6,1,"Infield shade","Standard",213,"0","0.03",,,,,"-0.03",,-5,5,0.07,0.9299999999999999,33,25,33,25,3,2,5,1,6,2,"1.64","0.02","-0.02","30.5",,,,,
"FF","2023-04-12","94.9","-2.42","5.37","Eovaldi, Nathan",614177,543135,"strikeout","swinging_strike",,,,,11,"Franmil Reyes strikes out swinging.","R","R","R","TEX","KC","S",2,,0,2,2023,"-1.06","1.34",-0.057163086549498976,4.200712903081045,,,664728,1,5,"Top",,,,,,,8.618286709444751,-137.9309787431881,-0.3648385455510146,-15.468248757823057,31.41904860568998,-15.203040333726587,3.75,1.79,,,,"95.5",2199,"6.7",718595,506702,663993,543760,673962,669701,543257,665750,666969,"53.77",,0,"0",1,0,0,,40,3,"4-Seam Fastball",1,6,6,1,6,1,6,1,"Standard","Standard",231,"0.004","-0.16",,,,,"0.16",,-5,5,0.066,0.9339999999999999,33,27,33,28,3,2,5,1,6,2,"1.2","1.06","1.06","28.7",,,,,
"FS","2023-04-12","87.9","-2.58","5.47","Eovaldi, Nathan",614177,543135,,"foul",,,,,7,,"R","R","R","TEX","KC","S",,,0,1,2023,"-1.25","0.14",-0.30432477283823856,2.3144978606603837,,,664728,1,5,"Top",,,,,,,8.161733573176978,-127.78316719580755,-1.8333364261589233,-15.332888641260132,24.828036570544818,-30.52385744837197,3.75,1.79,4,"71",-32,"88.8",1697,"6.8",718595,506702,663993,543760,673962,669701,543257,665750,666969,"53.74",,,,,,,,40,2,"Split-Finger",1,6,6,1,6,1,6,1,"Standard","Standard",235,"0.002","-0.053",,,,,"0.053","88.0",-5,5,0.064,0.9359999999999999,33,27,33,28,3,2,5,1,6,2,"2.81","1.25","1.25","29.6",,,,,
"FF","2023-04-12","95.9","-2.54","5.28","Eovaldi, Nathan",614177,543135,,"called_strike",,,,,9,,"R","R","R","TEX","KC","S",,,0,0,2023,"-0.96","1.21",0.3169363341953253,2.0352312282364275,,,664728,1,5,"Top",,,,,,,9.733016381589584,-139.2318212066203,-5.684396916114571,-14.680741696413648,31.88378816783878,-15.355848895306119,3.7053611505079,1.8861845045394,,,,"96",2286,"6.5",718595,506702,663993,543760,673962,669701,543257,665750,666969,"53.96",,,,,,,,40,1,"4-Seam Fastball",1,6,6,1,6,1,6,1,"Standard","Standard",230,"0.001","-0.042",,,,,"0.042",,-5,5,0.063,0.937,33,27,33,28,3,2,5,1,6,2,"1.29","0.96","0.96","25.7",,,,,
"FS","2023-04-12","87.4","-2.53","5.49","Eovaldi, Nathan",686469,543135,"field_out","hit_into_play",,,,,4,"Vinnie Pasquantino lines out sharply to right fielder Adolis Garcia.","R","L","R","TEX","KC","X",9,"line_drive",0,1,2023,"-1.05","0.19",-0.3241202445307454,2.515044264721456,677951,,,2,4,"Top",181.29,86.14,,,,,7.567930164548514,-127.13863708632358,-1.4653206892693407,-12.924997529144104,23.767508899175084,-30.03924978201168,3.49,1.7,311,"107",15,"88.6",1767,"6.8",718595,506702,663993,543760,673962,669701,543257,665750,666969,"53.66",0.639,0.711,"0",1,0,0,5,33,2,"Split-Finger",1,6,6,1,6,1,6,1,"Infield shade","Standard",234,"0.009","-0.258",,,,1.076,"0.258","107.0",-5,5,0.084,0.916,33,25,33,26,3,2,5,1,6,2,"2.78","1.05","-1.05","31.4",,,,,
"FC","2023-04-12","89.2","-2.67","5.51","Eovaldi, Nathan",686469,543135,,"called_strike",,,,,4,,"R","L","R","TEX","KC","S",,,0,0,2023,"0.09","0.73",-0.8261096159704125,2.841184717152414,677951,,,2,4,"Top",,,,,,,4.385112249518883,-129.9827628583525,-2.1431594648235195,0.15381047130067999,26.2242499823216,-23.605965891823608,3.49000059826693,1.77848579917843,,,,"90.1",2399,"6.7",718595,506702,663993,543760,673962,669701,543257,665750,666969,"53.84",,,,,,,,33,1,"Cutter",1,6,6,1,6,1,6,1,"Standard","Standard",188,"0.002","-0.036",,,,,"0.036",,-5,5,0.082,0.918,33,25,33,26,3,2,5,1,6,2,"2.11","-0.09","0.09","33.9",,,,,
"FF","2023-04-12","94.6","-2.55","5.37","Eovaldi, Nathan",677951,543135,"triple","hit_into_play",,,,,6,"Bobby Witt Jr. triples (1) on a line drive to right fielder Adolis Garcia. MJ Melendez scores.","R","R","R","TEX","KC","X",9,"line_drive",1,2,2023,"-1.04","1.42",0.7154701630881186,2.430526412595206,,,669004,2,4,"Top",215.06,103.84,,,,,10.905658239741825,-137.38865735243098,-5.182881180557555,-15.539010437804851,29.38847883873795,-13.218748498989441,3.5,1.66,255,"103.6",11,"95.3",2334,"6.7",718595,506702,663993,543760,673962,669701,543257,665750,666969,"53.78",0.924,0.914,"1.6",1,1,2,4,32,4,"4-Seam Fastball",1,5,5,1,6,1,6,1,"Standard","Standard",226,"-0.055","1.414",,,,1.192,"-1.414","103.6",-4,4,0.137,0.863,33,23,33,23,3,2,5,1,6,2,"1.13","1.04","1.04","27.9",,,,,
"FS","2023-04-12","88.4","-2.43","5.61","Eovaldi, Nathan",677951,543135,,"called_strike",,,,,9,,"R","R","R","TEX","KC","S",,,1,1,2023,"-1.11","0.18",0.7404536306851965,2.1423699093469675,,,669004,2,4,"Top",,,,,,,10.088762657659668,-128.37634531858373,-2.7859450859767696,-14.233962782949328,23.922396261360326,-29.81535736460214,3.50000091988407,1.70772480110814,,,,"89.2",1551,"6.7",718595,506702,663993,543760,673962,669701,543257,665750,666969,"53.81",,,,,,,,32,3,"Split-Finger",1,5,5,1,5,1,5,1,"Standard","Standard",236,"0.002","-0.06",,,,,"0.06",,-4,4,0.135,0.865,33,23,33,23,3,2,5,1,6,2,"2.72","1.11","1.11","32.4",,,,,
"FC","2023-04-12","91.6","-2.61","5.45","Eovaldi, Nathan",677951,543135,,"foul",,,,,7,,"R","R","R","TEX","KC","S",,,1,0,2023,"-0.16","0.81",-0.372790423614377,2.082279419079616,,,669004,2,4,"Top",,,,,,,6.042181250620921,-133.36321800213258,-4.438165478414806,-3.202170516912471,27.61923365709534,-21.780429096313732,3.5,1.66,90,"77.2",84,"92.5",2311,"6.7",718595,506702,663993,543760,673962,669701,543257,665750,666969,"53.77",,,,,,,,32,2,"Cutter",1,5,5,1,5,1,5,1,"Standard","Standard",209,"0.002","-0.05",,,,,"0.05","88.0",-4,4,0.133,0.867,33,23,33,23,3,2,5,1,6,2,"1.9","0.16","0.16","29.5",,,,,
"FC","2023-04-12","92","-2.47","5.54","Eovaldi, Nathan",677951,543135,,"ball",,,,,14,,"R","R","R","TEX","KC","B",,,0,0,2023,"-0.02","0.82",0.8273524399237973,1.0493369892477653,,,669004,2,4,"Top",,,,,,,8.452334237857645,-133.55457716214744,-7.360260413327658,-1.9787600747628253,28.381473431367585,-20.900229860607503,3.49251437541982,1.73231074948335,,,,"92.6",2389,"6.7",718595,506702,663993,543760,673962,669701,543257,665750,666969,"53.78",,,,,,,,32,1,"Cutter",1,5,5,1,5,1,5,1,"Standard","Standard",196,"-0.001","0.03",,,,,"-0.03",,-4,4,0.134,0.866,33,23,33,23,3,2,5,1,6,2,"1.88","0.02","0.02","32.2",,,,,
"CU","2023-04-12","77.7","-2.43","5.58","Eovaldi, Nathan",669004,543135,"single","hit_into_play",,,,,4,"MJ Melendez singles on a ground ball to right fielder Adolis Garcia. Nicky Lopez scores.","R","L","R","TEX","KC","X",9,"ground_ball",0,2,2023,"0.87","-0.6",-0.6942499053102152,2.820658863075486,,670032,,2,4,"Top",185.44,109.28,,,,,2.1392222406029417,-113.24048493745222,2.0833785967728207,7.171219833894597,19.817864152787823,-37.91833375388441,3.45,1.7,77,"93.5",4,"78.7",1804,"6.8",718595,506702,663993,543760,673962,669701,543257,665750,666969,"53.68",0.468,0.425,"0.9",1,1,0,4,31,3,"Curveball",1,4,4,1,5,1,5,1,"Standard","Standard",46,"-0.069","0.782",,,,0.514,"-0.782","93.5",-3,3,0.203,0.7969999999999999,33,24,33,25,3,2,5,1,6,2,"4.35","-0.87","0.87","33.7",,,,,
"FF","2023-04-12","95.3","-2.51","5.41","Eovaldi, Nathan",669004,543135,,"foul",,,,,2,,"R","L","R","TEX","KC","S",,,0,1,2023,"-0.89","1.11",-0.19796409762542677,3.5614309076873667,,670032,,2,4,"Top",,,,,,,8.123560187504092,-138.5736353132221,-1.7089949079545415,-13.212179602618104,30.225730152538937,-17.69870756367246,3.45,1.7,234,"82.7",53,"96.1",2100,"6.7",718595,506702,663993,543760,673962,669701,543257,665750,666969,"53.79",,,,,,,,31,2,"4-Seam Fastball",1,4,4,1,4,1,4,1,"Standard","Standard",229,"0.005","-0.061",,,,,"0.061","88.0",-3,3,0.198,0.802,33,24,33,25,3,2,5,1,6,2,"1.4","0.89","-0.89","30.9",,,,,
"FC","2023-04-12","92.2","-2.46","5.45","Eovaldi, Nathan",669004,543135,,"called_strike",,,,,9,,"R","L","R","TEX","KC","S",,,0,0,2023,"0.11","0.77",0.445886139192328,1.7369398477499045,,670032,,2,4,"Top",,,,,,,7.176247198114001,-134.02774911863165,-5.307298005287867,-0.13555197397880714,27.991777677836446,-21.941772964067457,3.42857572715943,1.72721661993914,,,,"92.8",2390,"6.6",718595,506702,663993,543760,673962,669701,543257,665750,666969,"53.86",,,,,,,,31,1,"Cutter",1,4,4,1,4,1,4,1,"Standard","Standard",199,"0.003","-0.046",,,,,"0.046",,-3,3,0.195,0.8049999999999999,33,24,33,25,3,2,5,1,6,2,"1.91","-0.11","0.11","29.1",,,,,
"CU","2023-04-12","77.6","-2.38","5.53","Eovaldi, Nathan",677951,543135,"field_out","hit_into_play",,,,,14,"Bobby Witt Jr. grounds out, third baseman Josh Jung to first baseman Nathaniel Lowe.","R","R","R","TEX","KC","X",5,"ground_ball",1,2,2023,"0.75","-0.76",0.7750110081374953,1.4553118143372474,,669004,,2,2,"Top",96.47,158.19,,,,,5.416062397380974,-112.98192910211792,-0.38888084324006744,5.367316897524444,21.07933511869042,-38.811894594788626,3.5,1.66,6,"72.7",-16,"78.1",2025,"6.7",718595,506702,663993,543760,673962,669701,543257,665750,666969,"53.81",0.079,0.076,"0",1,0,0,2,15,4,"Curveball",1,3,3,1,3,1,3,1,"Standard","Standard",51,"0.019","-0.204",,,,0.086,"0.204","88.0",-2,2,0.322,0.6779999999999999,33,23,33,23,2,1,5,1,6,2,"4.55","-0.75","-0.75","39.4",,,,,
"FF","2023-04-12","94.7","-2.64","5.48","Eovaldi, Nathan",677951,543135,,"ball",,,,,11,,"R","R","R","TEX","KC","B",,,0,2,2023,"-1.05","1.24",-0.49443201925262525,4.1275896610298615,,669004,,2,2,"Top",,,,,,,7.95166374874592,-137.6892375081638,-0.5950704233032128,-15.144500924935631,30.96978088423847,-16.54492371957465,3.65697418146266,1.82820318240491,,,,"94.8",2227,"6.4",718595,506702,663993,543760,673962,669701,543257,665750,666969,"54.11",,,,,,,,15,3,"4-Seam Fastball",1,3,3,1,3,1,3,1,"Standard","Standard",229,"-0.003","0.018",,,,,"-0.018",,-2,2,0.325,0.675,33,23,33,23,2,1,5,1,6,2,"1.31","1.05","1.05","29.3",,,,,
"FF","2023-04-12","95.9","-2.49","5.49","Eovaldi, Nathan",677951,543135,,"called_strike",,,,,9,,"R","R","R","TEX","KC","S",,,0,1,2023,"-1.04","1.11",0.7624646861933275,2.1781356567892214,,669004,,2,2,"Top",,,,,,,11.012444018569397,-139.17634391322892,-5.703565361741033,-15.927964964644152,30.288002750504187,-16.54039054765151,3.61398356433727,1.74101983723405,,,,"96.7",2175,"6.8",718595,506702,663993,543760,673962,669701,543257,665750,666969,"53.7",,,,,,,,15,2,"4-Seam Fastball",1,3,3,1,3,1,3,1,"Standard","Standard",221,"0.007","-0.061",,,,,"0.061",,-2,2,0.318,0.6819999999999999,33,23,33,23,2,1,5,1,6,2,"1.37","1.04","1.04","32.4",,,,,
"FC","2023-04-12","89.2","-2.52","5.65","Eovaldi, Nathan",677951,543135,,"called_strike",,,,,8,,"R","R","R","TEX","KC","S",,,0,0,2023,"0.29","0.93",0.008365461505522365,2.0176591740793426,,669004,,2,2,"Top",,,,,,,5.618502339787805,-129.74172840348743,-4.899049855490685,2.1407338593141834,26.762393532522598,-20.841997863857195,3.5779281815728,1.74889180168982,,,,"89.6",2336,"6.6",718595,506702,663993,543760,673962,669701,543257,665750,666969,"53.94",,,,,,,,15,1,"Cutter",1,3,3,1,3,1,3,1,"Standard","Standard",192,"0.004","-0.046",,,,,"0.046",,-2,2,0.314,0.6859999999999999,33,23,33,23,2,1,5,1,6,2,"1.93","-0.29","-0.29","35.3",,,,,
"FS","2023-04-12","88.3","-2.42","5.7","Eovaldi, Nathan",669004,543135,"double","hit_into_play",,,,,4,"MJ Melendez doubles (3) on a sharp line drive to center fielder Leody Taveras. Edward Olivares scores. Nicky Lopez scores.","R","L","R","TEX","KC","X",8,"line_drive",0,0,2023,"-0.98","-0.01",-0.5928727469427204,2.4466076823038283,,658668,670032,2,2,"Top",175.77,52.25,,,,,6.53684462319297,-128.501983249086,-1.8583523335593348,-12.15578518838181,25.130212604371074,-32.07631410849251,3.45,1.7,320,"107.7",15,"89.1",1615,"6.6",718595,506702,663993,543760,673962,669701,543257,665750,666969,"53.85",0.663,0.741,"1.25",1,1,1,5,14,1,"Split-Finger",1,1,1,1,3,1,3,1,"Standard","Standard",237,"-0.192","0.975",,,,1.116,"-0.975","107.7",0,0,0.506,0.494,33,24,33,25,2,1,5,1,6,2,"2.92","0.98","-0.98","33.7",,,,,
"FS","2023-04-12","89.7","-2.49","5.66","Eovaldi, Nathan",670032,543135,"single","hit_into_play",,,,,9,"Nicky Lopez singles on a line drive to center fielder Leody Taveras. Franmil Reyes scores. Edward Olivares to 2nd.","R","L","R","TEX","KC","X",8,"line_drive",1,1,2023,"-1.4","0.39",0.38126131286188514,1.6568675268691395,,614177,658668,2,2,"Top",116.23,89.05,,,,,10.107951038095685,-130.2688805745707,-4.813670146401943,-18.002666193241346,24.4317392883799,-26.885991015699062,2.92,1.33,196,"89.2",11,"90.5",1804,"6.6",718595,506702,663993,543760,673962,669701,543257,665750,666969,"53.86",0.697,0.628,"0.9",1,1,0,4,13,3,"Split-Finger",1,0,0,1,1,1,1,1,"Standard","Standard",239,"-0.105","0.563",,,,0.739,"-0.563","89.2",1,-1,0.611,0.389,33,28,33,28,1,0,5,1,6,2,"2.43","1.4","-1.4","31.6",,,,,
"FF","2023-04-12","96.7","-2.46","5.37","Eovaldi, Nathan",670032,543135,,"ball",,,,,12,,"R","L","R","TEX","KC","B",,,0,1,2023,"-1.09","1.31",1.471450882754219,2.8868317024946757,,614177,658668,2,2,"Top",,,,,,,13.022270915645556,-140.24962787164006,-4.078171762382334,-17.27050975600036,30.515013099125277,-14.043850631599017,2.90092472751543,1.33000029531645,,,,"97.3",2366,"6.7",718595,506702,663993,543760,673962,669701,543257,665750,666969,"53.77",,,,,,,,13,2,"4-Seam Fastball",1,0,0,1,0,1,0,1,"Standard","Standard",231,"-0.005","0.025",,,,,"-0.025",,1,-1,0.616,0.384,33,28,33,28,1,0,5,1,6,2,"1.13","1.09","-1.09","31.9",,,,,
"CU","2023-04-12","76.7","-2.3","5.75","Eovaldi, Nathan",670032,543135,,"called_strike",,,,,2,,"R","L","R","TEX","KC","S",,,0,0,2023,"0.85","-0.83",0.19262289467786642,2.4944963454629265,,614177,658668,2,2,"Top",,,,,,,3.7276458794753307,-111.56448816740411,1.6523422670906915,6.384856356076129,20.857193192586777,-39.60346214864583,2.91999783167554,1.31149068367358,,,,"76.6",2044,"6.3",718595,506702,663993,543760,673962,669701,543257,665750,666969,"54.17",,,,,,,,13,1,"Curveball",1,0,0,1,0,1,0,1,"Standard","Standard",46,"0.007","-0.04",,,,,"0.04",,1,-1,0.609,0.391,33,28,33,28,1,0,5,1,6,2,"4.72","-0.85","0.85","36.6",,,,,
"CU","2023-04-12","77.1","-2.47","5.61","Eovaldi, Nathan",658668,543135,"single","hit_into_play",,,,,9,"Edward Olivares singles on a ground ball to shortstop Josh H. Smith, deflected by third baseman Josh Jung. Franmil Reyes to 2nd.","R","R","R","TEX","KC","X",5,"ground_ball",0,0,2023,"0.96","-1.1",0.6923614956365699,2.0170154770495277,,,614177,2,2,"Top",110.5,155.82,,,,,4.98479641436484,-112.06329691302274,1.4426906799473658,6.9954236067524835,22.90755447643473,-41.87622599589107,3.51,1.71,4,"86.5",-28,"77",2165,"6.6",718595,506702,663993,543760,673962,669701,543257,665750,666969,"53.92",0.064,0.066,"0.9",1,1,0,2,12,1,"Curveball",1,0,0,1,0,1,0,1,"Standard","Standard",46,"-0.023","0.368",,,,0.068,"-0.368","88.0",1,-1,0.632,0.368,33,27,33,27,1,0,5,1,6,2,"4.98","-0.96","-0.96","33.6",,,,,
"FS","2023-04-12","87.9","-2.44","5.57","Eovaldi, Nathan",686681,543135,"strikeout","swinging_strike",,,,,7,"Michael Massey strikes out swinging.","R","L","R","TEX","KC","S",2,,1,2,2023,"-1.08","0.1",-0.5648656221347101,2.010694968593432,,,614177,1,2,"Top",,,,,,,6.830697279154355,-127.97213958239084,-2.7932139682804986,-13.212656092942776,23.766141542656616,-30.77994340016233,3.5,1.71,,,,"88.8",1749,"6.6",718595,506702,663993,543760,673962,669701,543257,665750,666969,"53.89",,0,"0",1,0,0,,11,4,"Split-Finger",1,0,0,1,0,1,0,1,"Infield shade","Standard",237,"0.022","-0.183",,,,,"0.183",,1,-1,0.61,0.39,33,25,33,25,1,0,5,1,6,2,"2.83","1.08","-1.08","31.6",,,,,
"FS","2023-04-12","89.5","-2.5","5.58","Eovaldi, Nathan",686681,543135,,"swinging_strike",,,,,8,,"R","L","R","TEX","KC","S",,,1,1,2023,"-1.17","0.09",0.13478606988664632,1.7543695422741963,,,614177,1,2,"Top",,,,,,,9.0143483447887,-130.01893384284654,-3.6577548374398785,-15.159633708818646,26.030242545758785,-30.57560041713705,3.5,1.71,,,,"89.9",1781,"6.6",718595,506702,663993,543760,673962,669701,543257,665750,666969,"53.95",,,,,,,,11,3,"Split-Finger",1,0,0,1,0,1,0,1,"Standard","Standard",237,"0.008","-0.055",,,,,"0.055",,1,-1,0.602,0.398,33,25,33,25,1,0,5,1,6,2,"2.75","1.17","-1.17","33.0",,,,,
"FS","2023-04-12","90.1","-2.51","5.62","Eovaldi, Nathan",686681,543135,,"swinging_strike",,,,,13,,"R","L","R","TEX","KC","S",,,1,0,2023,"-1.2","0.31",-1.188610078936983,2.227305079232945,,,614177,1,2,"Top",,,,,,,5.868342737529782,-131.1668372539058,-3.161119124409471,-15.134357813413764,27.28898571501244,-28.117055553583928,3.5,1.71,,,,"90.7",1689,"6.6",718595,506702,663993,543760,673962,669701,543257,665750,666969,"53.92",,,,,,,,11,2,"Split-Finger",1,0,0,1,0,1,0,1,"Standard","Standard",233,"0.006","-0.053",,,,,"0.053",,1,-1,0.596,0.404,33,25,33,25,1,0,5,1,6,2,"2.49","1.2","-1.2","32.7",,,,,
"FC","2023-04-12","92","-2.65","5.47","Eovaldi, Nathan",686681,543135,,"ball",,,,,11,,"R","L","R","TEX","KC","B",,,0,0,2023,"0.04","0.98",-1.3002324337041016,3.092840280727926,,,614177,1,2,"Top",,,,,,,3.351315056406257,-133.98999240937763,-2.3243744178204206,-0.25950449543449805,29.975907899257077,-20.072681030143258,3.57306615535416,1.75630238618865,,,,"92.2",2369,"6.5",718595,506702,663993,543760,673962,669701,543257,665750,666969,"54.04",,,,,,,,11,1,"Cutter",1,0,0,1,0,1,0,1,"Standard","Standard",198,"-0.004","0.036",,,,,"-0.036",,1,-1,0.6,0.4,33,25,33,25,1,0,5,1,6,2,"1.71","-0.04","0.04","28.9",,,,,
"FS","2023-04-12","90.3","-2.5","5.55","Eovaldi, Nathan",521692,543135,"strikeout","swinging_strike",,,,,9,"Salvador Perez strikes out swinging.","R","R","R","TEX","KC","S",2,,2,2,2023,"-1.15","0.12",0.6516473457158405,1.5668975716098434,,677951,,2,1,"Top",,,,,,,10.377096519042103,-131.06465755046744,-4.236693969944771,-15.435309578101712,26.39868221280682,-30.124372461998142,3.52,1.65,,,,"91.1",1711,"6.8",718595,506702,663993,543760,673962,669701,543257,665750,666969,"53.72",,0,"0",1,0,0,,4,5,"Split-Finger",0,0,0,0,0,0,0,0,"Standard","Standard",240,"0.027","-0.218",,,,,"0.218",,0,0,0.521,0.479,33,33,33,33,1,0,5,1,6,2,"2.68","1.15","1.15","30.4",,,,,
"FS","2023-04-12","89.8","-2.49","5.48","Eovaldi, Nathan",521692,543135,,"blocked_ball",,,,,14,,"R","R","R","TEX","KC","B",,,1,2,2023,"-1.26","0.18",0.3844459996542877,0.5138828453654658,,677951,,2,1,"Top",,,,,,,9.855128213253264,-130.38513240577257,-6.721914081038509,-16.422585859001725,27.041030285490336,-28.81142392573856,3.50559404669367,1.82383687100976,,,,"90.4",1710,"6.8",718595,506702,663993,543760,673962,669701,543257,665750,666969,"53.73",,,,,,,,4,4,"Split-Finger",0,0,0,0,0,0,0,0,"Infield shade","Standard",238,"-0.005","0.015",,,,,"-0.015",,0,0,0.526,0.474,33,33,33,33,1,0,5,1,6,2,"2.65","1.26","1.26","30.1",,,,,
"FF","2023-04-12","95","-2.53","5.5","Eovaldi, Nathan",521692,543135,,"ball",,,,,11,,"R","R","R","TEX","KC","B",,,0,2,2023,"-1.02","1.21",-0.45050396986024865,4.294401648677967,,677951,,2,1,"Top",,,,,,,7.735920359914199,-138.13002191380733,-0.22035986276254138,-14.757546882898644,30.76108778133039,-16.79695346967503,3.52000439981081,1.74120862392657,,,,"95.2",2190,"6.5",718595,506702,663993,543760,673962,669701,543257,665750,666969,"54.03",,,,,,,,4,3,"4-Seam Fastball",0,0,0,0,0,0,0,0,"Infield shade","Standard",226,"-0.003","0.018",,,,,"-0.018",,0,0,0.529,0.471,33,33,33,33,1,0,5,1,6,2,"1.32","1.02","1.02","29.2",,,,,
"FS","2023-04-12","88","-2.47","5.72","Eovaldi, Nathan",521692,543135,,"swinging_strike",,,,,4,,"R","R","R","TEX","KC","S",,,0,1,2023,"-1.24","0.14",-0.40519988928126316,2.252249906085641,,677951,,2,1,"Top",,,,,,,7.646393357986151,-127.99500239968097,-2.6641504361038004,-15.197374671019679,24.093497149291537,-30.292280571657336,3.52,1.65,,,,"89.1",1644,"6.8",718595,506702,663993,543760,673962,669701,543257,665750,666969,"53.71",,,,,,,,4,2,"Split-Finger",0,0,0,0,0,0,0,0,"Standard","Standard",232,"0.008","-0.061",,,,,"0.061",,0,0,0.521,0.479,33,33,33,33,1,0,5,1,6,2,"2.78","1.24","1.24","36.8",,,,,
"CU","2023-04-12","77.1","-2.36","5.7","Eovaldi, Nathan",521692,543135,,"swinging_strike",,,,,14,,"R","R","R","TEX","KC","S",,,0,0,2023,"0.61","-0.74",1.022450161264702,2.4386658595817967,,,677951,2,1,"Top",,,,,,,6.109673736536891,-112.06512988147408,1.4447447894070518,3.9749292597484205,20.86537308476185,-38.90747541906469,3.52,1.65,,,,"77.4",2072,"6.6",718595,506702,663993,543760,673962,669701,543257,665750,666969,"53.85",,,,,,,,4,1,"Curveball",0,0,0,0,0,0,0,0,"Standard","Standard",48,"-0.005","-0.045",,,,,"0.045",,0,0,0.526,0.474,33,33,33,33,1,0,5,1,6,2,"4.59","-0.61","-0.61","35.6",,,,,
"FS","2023-04-12","88.8","-2.47","5.62","Eovaldi, Nathan",686469,543135,"field_out","hit_into_play",,,,,7,"Vinnie Pasquantino lines out to center fielder Leody Taveras.","R","L","R","TEX","KC","X",8,"line_drive",2,1,2023,"-0.9","0.42",-0.673386207566766,2.112998779445632,,,677951,1,1,"Top",146.76,72.41,,,,,6.319105252070727,-129.26227995018687,-3.452966183095715,-11.391794333549894,26.6830786249233,-26.92338469370579,3.49,1.7,363,"97.8",22,"89.3",1732,"6.6",718595,506702,663993,543760,673962,669701,543257,665750,666969,"53.93",0.332,0.408,"0",1,0,0,5,3,4,"Split-Finger",0,0,0,0,0,0,0,0,"Infield shade","Standard",234,"0.032","-0.286",,,,0.671,"0.286","97.8",0,0,0.494,0.506,33,25,33,26,1,0,5,1,6,2,"2.46","0.9","-0.9","32.9",,,,,
"FS","2023-04-12","87.7","-2.48","5.62","Eovaldi, Nathan",686469,543135,,"ball",,,,,14,,"R","L","R","TEX","KC","B",,,1,1,2023,"-1.33","-0.03",0.34634701262129575,1.1152155672954422,,,677951,1,1,"Top",,,,,,,9.581916099415063,-127.33740270581035,-4.673963331790874,-16.3912572180318,25.990455178816646,-31.75198362670384,3.46741645472927,1.65377004174923,,,,"87.8",1776,"6.5",718595,506702,663993,543760,673962,669701,543257,665750,666969,"54.02",,,,,,,,3,3,"Split-Finger",0,0,0,0,0,0,0,0,"Infield shade","Standard",237,"-0.005","0.046",,,,,"-0.046",,0,0,0.499,0.501,33,25,33,26,1,0,5,1,6,2,"3.01","1.33","-1.33","35.1",,,,,
"FC","2023-04-12","92.3","-2.62","5.49","Eovaldi, Nathan",686469,543135,,"called_strike",,,,,7,,"R","L","R","TEX","KC","S",,,1,0,2023,"0.1","1.21",-0.3579396694817427,1.8035910746279993,,,677951,1,1,"Top",,,,,,,5.555616918865041,-134.19809651423793,-6.15956585517918,-0.09704947270957211,30.83815893331998,-16.462925318469004,3.48999532144428,1.6910929955157,,,,"92.4",2487,"6.6",718595,506702,663993,543760,673962,669701,543257,665750,666969,"53.95",,,,,,,,3,2,"Cutter",0,0,0,0,0,0,0,0,"Infield shade","Standard",203,"0.005","-0.053",,,,,"0.053",,0,0,0.494,0.506,33,25,33,26,1,0,5,1,6,2,"1.49","-0.1","0.1","31.1",,,,,
"FC","2023-04-12","91.3","-2.62","5.52","Eovaldi, Nathan",686469,543135,,"ball",,,,,11,,"R","L","R","TEX","KC","B",,,0,0,2023,"-0.09","0.79",-1.217802865435924,3.0179790350794535,,,677951,1,1,"Top",,,,,,,3.792413221274427,-132.88170563064253,-2.1074907784754195,-1.9640164144096655,29.86435957022929,-22.652878915860565,3.44327591783808,1.75646817861845,,,,"92.7",2348,"7.2",718595,506702,663993,543760,673962,669701,543257,665750,666969,"53.28",,,,,,,,3,1,"Cutter",0,0,0,0,0,0,0,0,"Infield shade","Standard",197,"-0.004","0.036",,,,,"-0.036",,0,0,0.498,0.502,33,25,33,26,1,0,5,1,6,2,"1.96","0.09","-0.09","31.0",,,,,
"FC","2023-04-07","91.1","-2.58","5.4","Eovaldi, Nathan",664023,543135,"double","hit_into_play",,,,,9,"Ian Happ doubles (3) on a sharp line drive to center fielder Adolis Garcia. Tucker Barnhart scores.","R","L","R","CHC","TEX","X",8,"line_drive",2,0,2023,"0","0.93",0.40067567333703913,1.590305363494224,571466,,,2,6,"Bot",136.85,52,,,,,7.507566155227292,-132.3303151781461,-5.606206246207869,-1.7230702370638047,30.818683884719903,-20.233689479609865,3.45,1.64,365,"106.1",16,"91",2405,"6.6",718675,641598,663993,543760,673962,608369,669701,666969,543257,"53.95",0.587,0.679,"1.25",1,1,1,5,44,3,"Cutter",1,0,1,0,0,2,2,0,"Infield shade","Standard",198,"0.103","0.737",,,,1.059,"-0.737","106.1",1,1,0.734,0.734,33,28,33,29,3,2,6,3,5,1,"1.85","0","0","30.2",,,,,
"FC","2023-04-07","91.4","-2.5","5.44","Eovaldi, Nathan",664023,543135,,"ball",,,,,14,,"R","L","R","CHC","TEX","B",,,1,0,2023,"-0.01","1.09",1.519962395733153,1.9974358410364068,571466,,,2,6,"Bot",,,,,,,10.16980099951651,-132.74888456539816,-5.124627430697588,-2.2568563619639033,28.613976311621272,-18.37448186427139,3.37688716152484,1.51345985640665,,,,"91.7",2440,"6.6",718675,641598,663993,543760,673962,608369,669701,666969,543257,"53.93",,,,,,,,44,2,"Cutter",1,0,1,0,0,1,1,0,"Infield shade","Standard",204,"0.001","0.041",,,,,"-0.041",,1,1,0.733,0.733,33,28,33,29,3,2,6,3,5,1,"1.65","0.01","-0.01","32.2",,,,,
"FF","2023-04-07","96","-2.61","5.34","Eovaldi, Nathan",664023,543135,,"ball",,,,,14,,"R","L","R","CHC","TEX","B",,,0,0,2023,"-0.96","1.26",0.8807756226390373,1.897790170241497,571466,,,2,6,"Bot",,,,,,,11.480079758411229,-139.17612738824607,-6.359536053055065,-15.103446978336512,31.869427301119508,-14.47602177465449,3.42144736722024,1.57993776172268,,,,"96.4",2148,"6.8",718675,641598,663993,543760,673962,608369,669701,666969,543257,"53.71",,,,,,,,44,1,"4-Seam Fastball",1,0,1,0,0,1,1,0,"Infield shade","Standard",219,"0.001","0.028",,,,,"-0.028",,1,1,0.732,0.732,33,28,33,29,3,2,6,3,5,1,"1.24","0.96","-0.96","27.1",,,,,
"FF","2023-04-07","94.9","-2.67","5.18","Eovaldi, Nathan",621020,543135,"grounded_into_double_play","hit_into_play",,,,,4,"Dansby Swanson grounds into a double play, third baseman Josh Jung to second baseman Marcus Semien to first baseman Nathaniel Lowe. Tucker Barnhart to 3rd. Nico Hoerner out at 2nd. Dansby Swanson out at 1st.","R","R","R","CHC","TEX","X",5,"ground_ball",2,2,2023,"-1.14","0.75",-0.5966707817249208,2.7838620144929784,,571466,663538,0,6,"Bot",99.26,155.36,,,,,8.046321247582487,-137.9616925647631,-2.2778127406913176,-16.37428305117301,31.44067992855151,-22.28295030254904,3.47,1.62,3,"57.9",-42,"95.7",2167,"6.9",718675,641598,663993,543760,673962,608369,669701,666969,543257,"53.65",0.159,0.153,"0",1,0,0,1,43,7,"4-Seam Fastball",1,0,1,0,0,1,1,0,"Standard","Standard",229,"-0.079","-0.252",,,,0.163,"0.252","88.0",1,1,0.811,0.811,33,29,33,29,3,2,6,3,5,1,"1.79","1.14","1.14","27.5",,,,,
"FC","2023-04-07","91.9","-2.56","5.35","Eovaldi, Nathan",621020,543135,,"foul",,,,,5,,"R","R","R","CHC","TEX","S",,,2,2,2023,"-0.18","0.83",0.09277922636409891,2.511091011776316,,571466,663538,0,6,"Bot",,,,,,,7.176116275855459,-133.71692998001222,-3.223930765023556,-3.6421139786855354,26.667891900508877,-21.672139788124582,3.47,1.62,244,"77.7",42,"92.9",2380,"6.7",718675,641598,663993,543760,673962,608369,669701,666969,543257,"53.75",,,,,,,,43,6,"Cutter",1,0,1,0,0,1,1,0,"Standard","Standard",206,"0","0",,,,,"0","88.0",1,1,0.811,0.811,33,29,33,29,3,2,6,3,5,1,"1.85","0.18","0.18","29.1",,,,,
"FS","2023-04-07","90","-2.5","5.43","Eovaldi, Nathan",621020,543135,,"blocked_ball",,,,,14,,"R","R","R","CHC","TEX","B",,,1,2,2023,"-1.31","0.23",0.08788664211051489,0.29870195627720575,,571466,663538,0,6,"Bot",,,,,,,9.267238203095522,-130.66278492321217,-7.29612013236244,-16.8846419134706,26.09286061050513,-28.217464427437047,3.31006186453546,1.55777683181346,,,,"90.8",1628,"6.8",718675,641598,663993,543760,673962,608369,669701,666969,543257,"53.73",,,,,,,,43,5,"Split-Finger",1,0,1,0,0,1,1,0,"Standard","Standard",247,"0.006","0.034",,,,,"-0.034",,1,1,0.805,0.805,33,29,33,29,3,2,6,3,5,1,"2.59","1.31","1.31","30.6",,,,,
"FF","2023-04-07","95.8","-2.58","5.23","Eovaldi, Nathan",621020,543135,,"foul",,,,,6,,"R","R","R","CHC","TEX","S",,,1,2,2023,"-1.04","1.09",0.4574931387552059,2.559554892624735,,571466,663538,0,6,"Bot",,,,,,,10.427501605945526,-139.10641247097428,-3.9231048570638887,-15.823704560210246,30.459836396808726,-17.24297508550852,3.47,1.62,247,"85.8",41,"96.4",2154,"6.7",718675,641598,663993,543760,673962,608369,669701,666969,543257,"53.81",,,,,,,,43,4,"4-Seam Fastball",1,0,1,0,0,1,1,0,"Standard","Standard",224,"0","0",,,,,"0","88.0",1,1,0.805,0.805,33,29,33,29,3,2,6,3,5,1,"1.4","1.04","1.04","25.8",,,,,
"SL","2023-04-07","85.5","-2.45","5.46","Eovaldi, Nathan",621020,543135,,"ball",,,,,14,,"R","R","R","CHC","TEX","B",,,0,2,2023,"0.78","0.28",0.9582381462584285,0.7970263818097605,,571466,663538,0,6,"Bot",,,,,,,6.517447014579271,-124.3945053778653,-5.3725128971934595,6.928918886189965,22.63395836941214,-28.39895978425258,3.26552160544705,1.55777683181346,,,,"86.4",2190,"6.7",718675,641598,663993,543760,673962,608369,669701,666969,543257,"53.83",,,,,,,,43,3,"Slider",1,0,1,0,0,1,1,0,"Standard","Standard",134,"0.005","0.025",,,,,"-0.025",,1,1,0.8,0.8,33,29,33,29,3,2,6,3,5,1,"2.81","-0.78","-0.78","31.7",,,,,
"FF","2023-04-07","95.4","-2.57","5.21","Eovaldi, Nathan",621020,543135,,"called_strike",,,,,6,,"R","R","R","CHC","TEX","S",,,0,1,2023,"-0.98","1.23",0.4994077290787604,2.2610331679872853,,571466,663538,0,6,"Bot",,,,,,,10.354253829463712,-138.42825779976522,-4.882218088714723,-14.95496140811638,32.14441015476241,-15.449878982480735,3.35461006688943,1.55777683181346,,,,"95.9",2264,"6.8",718675,641598,663993,543760,673962,608369,669701,666969,543257,"53.7",,,,,,,,43,2,"4-Seam Fastball",1,0,1,0,0,1,1,0,"Standard","Standard",228,"-0.011","-0.066",,,,,"0.066",,1,1,0.811,0.811,33,29,33,29,3,2,6,3,5,1,"1.3","0.98","0.98","26.2",,,,,
"SL","2023-04-07","84.8","-2.56","5.57","Eovaldi, Nathan",621020,543135,,"called_strike",,,,,9,,"R","R","R","CHC","TEX","S",,,0,0,2023,"0.68","0.13",0.5321929705216779,1.628495299718462,,571466,663538,0,6,"Bot",,,,,,,5.891206801055953,-123.40955168527879,-3.101520287778274,5.6333928099265815,26.560614445324227,-30.379746596093042,3.35461006688943,1.51345985640665,,,,"84.9",2148,"6.6",718675,641598,663993,543760,673962,608369,669701,666969,543257,"53.94",,,,,,,,43,1,"Slider",1,0,1,0,0,1,1,0,"Standard","Standard",136,"-0.007","-0.048",,,,,"0.048",,1,1,0.818,0.818,33,29,33,29,3,2,6,3,5,1,"3.06","-0.68","-0.68","31.6",,,,,
"FS","2023-04-07","88.6","-2.51","5.42","Eovaldi, Nathan",663538,543135,"single","hit_into_play",,,,,7,"Nico Hoerner singles on a line drive to center fielder Adolis Garcia. Tucker Barnhart to 2nd.","R","R","R","CHC","TEX","X",8,"line_drive",1,2,2023,"-1.38","0.36",-0.4270798000545517,1.5821032872315248,,,571466,0,6,"Bot",143.45,96.68,,,,,8.031260215800382,-128.83737391928224,-4.10500821571817,-17.032950903445663,26.272892609613276,-27.482719415853392,3.16,1.52,165,"101.6",6,"89.3",1723,"6.7",718675,641598,663993,543760,673962,608369,669701,666969,543257,"53.78",0.637,0.591,"0.9",1,1,0,4,42,4,"Split-Finger",1,0,1,0,0,1,1,0,"Standard","Standard",242,"0.055","0.523",,,,0.708,"-0.523","101.6",1,1,0.763,0.763,33,26,33,26,3,2,6,3,5,1,"2.54","1.38","1.38","31.0",,,,,
"FF","2023-04-07","93.6","-2.58","5.5","Eovaldi, Nathan",663538,543135,,"ball",,,,,11,,"R","R","R","CHC","TEX","B",,,0,2,2023,"-0.9","1.17",-0.4548564684032773,4.281433090411917,,,571466,0,6,"Bot",,,,,,,7.507152542417693,-136.26470429569406,-0.028230737273380768,-12.791210138829168,28.092669206570278,-17.72563185590635,3.04293781423477,1.46914935628937,,,,"94.5",2101,"6.6",718675,641598,663993,543760,673962,608369,669701,666969,543257,"53.86",,,,,,,,42,3,"4-Seam Fastball",1,0,1,0,0,1,1,0,"Standard","Standard",220,"0.003","0.008",,,,,"-0.008",,1,1,0.76,0.76,33,26,33,26,3,2,6,3,5,1,"1.42","0.9","0.9","30.3",,,,,
"FS","2023-04-07","87.1","-2.49","5.48","Eovaldi, Nathan",663538,543135,,"foul",,,,,9,,"R","R","R","CHC","TEX","S",,,0,1,2023,"-1.14","0.18",0.560069430279861,1.4273010230144312,,,571466,0,6,"Bot",,,,,,,9.730677630328989,-126.53569689657371,-3.957855998023719,-14.19161547555465,24.565913083366006,-29.64912563175255,3.16,1.52,4,"65.6",-19,"87.9",1515,"6.8",718675,641598,663993,543760,673962,608369,669701,666969,543257,"53.74",,,,,,,,42,2,"Split-Finger",1,0,1,0,0,1,1,0,"Standard","Standard",236,"-0.007","-0.043",,,,,"0.043","88.0",1,1,0.767,0.767,33,26,33,26,3,2,6,3,5,1,"2.82","1.14","1.14","32.0",,,,,
"FF","2023-04-07","93.6","-2.58","5.33","Eovaldi, Nathan",663538,543135,,"called_strike",,,,,6,,"R","R","R","CHC","TEX","S",,,0,0,2023,"-1.02","1.21",0.4286482833740364,1.9560494941225492,,,571466,0,6,"Bot",,,,,,,10.06405963362144,-135.86842014283306,-5.655528606210467,-14.813339486010703,29.91535913661884,-16.10106596926952,3.04293781423477,1.33625626105324,,,,"94.1",2092,"6.7",718675,641598,663993,543760,673962,608369,669701,666969,543257,"53.77",,,,,,,,42,1,"4-Seam Fastball",1,0,1,0,0,1,1,0,"Standard","Standard",213,"-0.005","-0.036",,,,,"0.036",,1,1,0.772,0.772,33,26,33,26,3,2,6,3,5,1,"1.41","1.02","1.02","29.7",,,,,
"SL","2023-04-07","84.2","-2.6","5.43","Eovaldi, Nathan",641820,543135,"field_out","hit_into_play",,,,,4,"Trey Mancini grounds out, shortstop Corey Seager to first baseman Nathaniel Lowe.","R","R","R","CHC","TEX","X",6,"ground_ball",0,1,2023,"0.49","0.46",-0.6416695339595879,2.409702375695648,,,641355,2,4,"Bot",103.82,154.32,,,,,3.5933653043903613,-122.67913233341096,-1.5882394146820196,4.289502024068634,24.026259509406845,-27.390759417585564,3.61,1.69,54,"86.2",2,"85",2060,"6.7",718675,641598,663993,543760,673962,608369,669701,666969,543257,"53.81",0.301,0.276,"0",1,0,0,2,28,2,"Slider",1,0,1,0,0,1,1,0,"Standard","Standard",135,"-0.019","-0.241",,,,0.301,"0.241","88.0",1,1,0.657,0.657,33,31,33,31,2,1,6,3,5,1,"2.74","-0.49","-0.49","30.2",,,,,
"FC","2023-04-07","88.8","-2.47","5.48","Eovaldi, Nathan",641820,543135,,"called_strike",,,,,9,,"R","R","R","CHC","TEX","S",,,0,0,2023,"0.06","0.72",0.8077911029149336,1.9540555129506552,,,641355,2,4,"Bot",,,,,,,7.969131989472298,-129.08260654346762,-4.094566981535505,-1.072573653657683,27.84656825763685,-23.404870720094433,3.599851563743,1.64649183002452,,,,"89.4",2276,"6.8",718675,641598,663993,543760,673962,608369,669701,666969,543257,"53.72",,,,,,,,28,1,"Cutter",1,0,1,0,0,1,1,0,"Standard","Standard",190,"-0.003","-0.045",,,,,"0.045",,1,1,0.66,0.66,33,31,33,31,2,1,6,3,5,1,"2.18","-0.06","-0.06","32.5",,,,,
"CU","2023-04-07","76","-2.45","5.64","Eovaldi, Nathan",641355,543135,"single","hit_into_play",,,,,7,"Cody Bellinger singles on a line drive to right fielder Robbie Grossman. Dansby Swanson scores.","R","L","R","CHC","TEX","X",9,"line_drive",1,1,2023,"0.9","-0.65",-0.6054173749020646,2.347427986571999,,621020,,2,4,"Bot",173.8,130.08,,,,,2.25963253922374,-110.61059861238802,1.3716774279450576,6.953250879629604,20.353376131285483,-37.98707523058427,3.75,1.75,154,"96",9,"76.5",1968,"6.7",718675,641598,663993,543760,673962,608369,669701,666969,543257,"53.81",0.658,0.605,"0.9",1,1,0,4,27,3,"Curveball",0,0,0,0,0,1,1,0,"Infield shade","Standard",48,"0.12","0.701",,,,0.739,"-0.701","96.0",0,0,0.54,0.54,33,27,33,28,2,1,6,3,5,1,"4.61","-0.9","0.9","35.2",,,,,
"FC","2023-04-07","90.7","-2.43","5.54","Eovaldi, Nathan",641355,543135,,"foul",,,,,14,,"R","L","R","CHC","TEX","S",,,1,0,2023,"-0.01","0.83",1.1728952271885271,2.4856995683643017,,621020,,2,4,"Bot",,,,,,,9.078866213932658,-131.8118446640109,-3.4523150074710016,-2.1339355360998535,30.044731634299065,-22.012929343717133,3.75,1.75,220,"102.8",14,"91.1",,"6.8",718675,641598,663993,543760,673962,608369,669701,666969,543257,"53.73",,,,,,,,27,2,"Cutter",0,0,0,0,0,0,0,0,"Infield shade","Standard",,"-0.003","-0.046",,,,,"0.046","102.8",0,0,0.543,0.543,33,27,33,28,2,1,6,3,5,1,"1.97","0.01","-0.01","33.4",,,,,
"FF","2023-04-07","94.4","-2.52","5.39","Eovaldi, Nathan",641355,543135,,"ball",,,,,12,,"R","L","R","CHC","TEX","B",,,0,0,2023,"-1.06","1.27",1.1592611927078085,2.8180970151988216,,621020,,2,4,"Bot",,,,,,,11.992316884033366,-136.89626574887066,-3.7634930962955195,-16.156605951169926,33.21122229864686,-15.6269986934352,3.68906303549664,1.60216119356607,,,,"94.4",2206,"6.7",718675,641598,663993,543760,673962,608369,669701,666969,543257,"53.79",,,,,,,,27,1,"4-Seam Fastball",0,0,0,0,0,0,0,0,"Standard","Standard",273,"0.001","0.02",,,,,"-0.02",,0,0,0.542,0.542,33,27,33,28,2,1,6,3,5,1,"1.33","1.06","-1.06","33.7",,,,,
"FC","2023-04-07","90.8","-2.56","5.44","Eovaldi, Nathan",664023,543135,"strikeout","swinging_strike",,,,,6,"Ian Happ strikes out swinging. Dansby Swanson steals (1) 2nd base.","R","L","R","CHC","TEX","S",2,,3,2,2023,"0.18","1.09",0.3697728731330408,2.49768654963587,,,621020,1,4,"Bot",,,,,,,6.997757243260289,-132.09301583883246,-3.77979843135115,0.5351665608939268,29.211660066587335,-18.835578553675752,3.45,1.64,,,,"91.2",2328,"6.6",718675,641598,663993,543760,673962,608369,669701,666969,543257,"53.87",,0,"0",1,0,0,,26,6,"Cutter",0,0,0,0,0,0,0,0,"Infield shade","Standard",202,"-0.028","-0.314",,,,,"0.314",,0,0,0.57,0.57,33,28,33,29,2,1,6,3,5,1,"1.69","-0.18","0.18","31.5",,,,,
"FF","2023-04-07","94.2","-2.64","5.34","Eovaldi, Nathan",664023,543135,,"called_strike",,,,,5,,"R","L","R","CHC","TEX","S",,,3,1,2023,"-1.01","1.23",0.061152650294416855,2.220538942646711,,,621020,1,4,"Bot",,,,,,,9.279936460946102,-136.76233089406418,-5.084577289873148,-14.835575313406691,32.022552319363676,-15.818760066366059,3.42152726400345,1.55783712252352,,,,"94.2",2164,"6.6",718675,641598,663993,543760,673962,608369,669701,666969,543257,"53.95",,,,,,,,26,5,"4-Seam Fastball",0,0,0,0,0,0,0,0,"Infield shade","Standard",225,"-0.011","-0.069",,,,,"0.069",,0,0,0.581,0.581,33,28,33,29,2,1,6,3,5,1,"1.37","1.01","-1.01","29.2",,,,,
"FS","2023-04-07","88.9","-2.58","5.52","Eovaldi, Nathan",664023,543135,,"ball",,,,,13,,"R","L","R","CHC","TEX","B",,,2,1,2023,"-1.47","0.15",-0.8020971984717076,1.2869751699254146,,,621020,1,4,"Bot",,,,,,,7.492146107780419,-129.26408417804927,-4.669095634074796,-18.049343911789684,27.112110509074284,-29.643186073508843,3.42152726400345,1.62432568831488,,,,"89.5",1613,"6.7",718675,641598,663993,543760,673962,608369,669701,666969,543257,"53.78",,,,,,,,26,4,"Split-Finger",0,0,0,0,0,0,0,0,"Infield shade","Standard",233,"0.014","0.1",,,,,"-0.1",,0,0,0.567,0.567,33,28,33,29,2,1,6,3,5,1,"2.74","1.47","-1.47","31.3",,,,,
"FC","2023-04-07","90.3","-2.63","5.55","Eovaldi, Nathan",664023,543135,,"ball",,,,,1,,"R","L","R","CHC","TEX","B",,,1,1,2023,"-0.21","0.86",-0.3899852388136489,3.330280698496181,,,621020,1,4,"Bot",,,,,,,6.068341280849544,-131.31835795144164,-1.3301674852004413,-3.85235906080896,30.83635562721113,-22.278888843558946,3.44325269076523,1.6016853594707,,,,"90.4",2309,"6.7",718675,641598,663993,543760,673962,608369,669701,666969,543257,"53.84",,,,,,,,26,3,"Cutter",0,0,0,0,0,0,0,0,"Infield shade","Standard",197,"0.006","0.046",,,,,"-0.046",,0,0,0.561,0.561,33,28,33,29,2,1,6,3,5,1,"1.97","0.21","-0.21","32.9",,,,,
"FC","2023-04-07","91","-2.53","5.47","Eovaldi, Nathan",664023,543135,,"called_strike",,,,,3,,"R","L","R","CHC","TEX","S",,,1,0,2023,"-0.19","1",0.6558510273931386,2.8787896499527053,,,621020,1,4,"Bot",,,,,,,8.467676749165047,-132.19572600127128,-2.710611935536648,-4.120922195436521,30.545902082276125,-20.074144773338308,3.37696646263261,1.53567753501822,,,,"91.4",2235,"6.8",718675,641598,663993,543760,673962,608369,669701,666969,543257,"53.66",,,,,,,,26,2,"Cutter",0,0,0,0,0,0,0,0,"Infield shade","Standard",196,"-0.006","-0.053",,,,,"0.053",,0,0,0.567,0.567,33,28,33,29,2,1,6,3,5,1,"1.78","0.19","-0.19","36.1",,,,,
"FS","2023-04-07","87.7","-2.56","5.58","Eovaldi, Nathan",664023,543135,,"ball",,,,,13,,"R","L","R","CHC","TEX","B",,,0,0,2023,"-1.33","0.24",-1.3509085413739552,1.8417683725724845,,,621020,1,4,"Bot",,,,,,,5.705980619517929,-127.59555386366303,-3.420461446862557,-15.683615607543494,26.462652910539177,-29.031198905215888,3.37696646263261,1.51351957205823,,,,"88.3",1538,"6.7",718675,641598,663993,543760,673962,608369,669701,666969,543257,"53.82",,,,,,,,26,1,"Split-Finger",0,0,0,0,0,0,0,0,"Infield shade","Standard",235,"0.004","0.036",,,,,"-0.036",,0,0,0.563,0.563,33,28,33,29,2,1,6,3,5,1,"2.73","1.33","-1.33","34.4",,,,,
"FS","2023-04-07","88.2","-2.61","5.57","Eovaldi, Nathan",621020,543135,"force_out","hit_into_play",,,,,13,"Dansby Swanson grounds into a force out, third baseman Josh Jung to second baseman Marcus Semien. Nico Hoerner out at 2nd. Dansby Swanson to 1st.","R","R","R","CHC","TEX","X",5,"ground_ball",2,2,2023,"-1.3","0.25",-0.4413344330406592,1.2954562929114002,,,663538,0,4,"Bot",99.58,170.07,,,,,8.04781357364567,-128.20772628736506,-4.842669257318226,-16.029843836421946,26.239898629148833,-28.645367283530202,3.47,1.62,7,"77.6",-11,"88.9",1700,"6.7",718675,641598,663993,543760,673962,608369,669701,666969,543257,"53.75",0.089,0.086,"0",1,0,0,2,25,6,"Split-Finger",0,0,0,0,0,0,0,0,"Standard","Standard",237,"-0.034","-0.324",,,,0.114,"0.324","88.0",0,0,0.597,0.597,33,29,33,29,2,1,6,3,5,1,"2.69","1.3","1.3","34.7",,,,,
"FF","2023-04-07","94.7","-2.56","5.27","Eovaldi, Nathan",621020,543135,,"foul",,,,,13,,"R","R","R","CHC","TEX","S",,,2,2,2023,"-1.11","0.97",-1.2048700789438969,2.332122791383938,,,663538,0,4,"Bot",,,,,,,6.05260762245169,-137.75651551855734,-4.158905984058362,-15.497057578725773,31.735282364669672,-19.16146325373609,3.47,1.62,6,"102.1",-20,"95.2",2162,"6.7",718675,641598,663993,543760,673962,608369,669701,666969,543257,"53.82",,,,,,,,25,5,"4-Seam Fastball",0,0,0,0,0,0,0,0,"Standard","Standard",228,"0","0",,,,,"0","102.1",0,0,0.597,0.597,33,29,33,29,2,1,6,3,5,1,"1.59","1.11","1.11","25.7",,,,,
"FS","2023-04-07","89.2","-2.59","5.45","Eovaldi, Nathan",621020,543135,,"ball",,,,,13,,"R","R","R","CHC","TEX","B",,,1,2,2023,"-1.09","0.09",-0.4932520209843956,1.207402552334186,,,663538,0,4,"Bot",,,,,,,7.5261585611439275,-129.62275035664422,-4.608372799194182,-13.920645373472794,27.406045421749326,-30.372355037034925,3.37696646263261,1.53567753501822,,,,"89.8",1624,"6.8",718675,641598,663993,543760,673962,608369,669701,666969,543257,"53.72",,,,,,,,25,4,"Split-Finger",0,0,0,0,0,0,0,0,"Standard","Standard",221,"0.006","0.045",,,,,"-0.045",,0,0,0.591,0.591,33,29,33,29,2,1,6,3,5,1,"2.79","1.09","1.09","33.0",,,,,
"FS","2023-04-07","88.4","-2.55","5.54","Eovaldi, Nathan",621020,543135,,"swinging_strike",,,,,13,,"R","R","R","CHC","TEX","S",,,1,1,2023,"-1.26","0.32",-1.0810481447621354,1.9742329621906007,,,663538,0,4,"Bot",,,,,,,6.236262485520247,-128.56888158689333,-3.281708101996599,-15.228281934976106,27.776636614335736,-28.10692274624083,3.47,1.62,,,,"88.8",1800,"6.7",718675,641598,663993,543760,673962,608369,669701,666969,543257,"53.82",,,,,,,,25,3,"Split-Finger",0,0,0,0,0,0,0,0,"Infield shade","Standard",236,"-0.01","-0.059",,,,,"0.059",,0,0,0.601,0.601,33,29,33,29,2,1,6,3,5,1,"2.61","1.26","1.26","31.2",,,,,
"FC","2023-04-07","91","-2.62","5.43","Eovaldi, Nathan",621020,543135,,"foul",,,,,5,,"R","R","R","CHC","TEX","S",,,1,0,2023,"0.29","0.71",0.16098501363233694,2.4113404359558652,,,663538,0,4,"Bot",,,,,,,6.401543313844623,-132.3744843302966,-3.1585171381102874,1.939434596030304,30.029615053367234,-23.37455489279912,3.47,1.62,2,"72.5",-49,"91.4",2255,"6.7",718675,641598,663993,543760,673962,608369,669701,666969,543257,"53.82",,,,,,,,25,2,"Cutter",0,0,0,0,0,0,0,0,"Standard","Standard",207,"-0.008","-0.042",,,,,"0.042","88.0",0,0,0.609,0.609,33,29,33,29,2,1,6,3,5,1,"2.06","-0.29","-0.29","28.9",,,,,
"FC","2023-04-07","92","-2.63","5.43","Eovaldi, Nathan",621020,543135,,"ball",,,,,14,,"R","R","R","CHC","TEX","B",,,0,0,2023,"0.11","0.76",2.057008319306504,1.6907920529284828,,,663538,0,4,"Bot",,,,,,,11.706340527819211,-133.40627835544797,-5.214780140428766,-1.532011532240129,31.67613862301269,-22.132518547333852,3.33241367598092,1.53567753501822,,,,"91.9",2249,"6.6",718675,641598,663993,543760,673962,608369,669701,666969,543257,"53.85",,,,,,,,25,1,"Cutter",0,0,0,0,0,0,0,0,"Standard","Standard",191,"0.006","0.03",,,,,"-0.03",,0,0,0.603,0.603,33,29,33,29,2,1,6,3,5,1,"1.98","-0.11","-0.11","30.5",,,,,
"FC","2023-04-07","89.1","-2.69","5.52","Eovaldi, Nathan",571466,543135,"grounded_into_double_play","hit_into_play",,,,,6,"Tucker Barnhart grounds into a double play, second baseman Marcus Semien to shortstop Corey Seager to first baseman Nathaniel Lowe. Eric Hosmer out at 2nd. Tucker Barnhart out at 1st.","R","L","R","CHC","TEX","X",4,"ground_ball",0,1,2023,"0.2","0.9",0.3048900278148025,2.5455123188907693,,,543333,1,3,"Bot",152.31,157.95,,,,,6.962005110727559,-129.51479287301768,-3.1242022283822495,0.6771884175219783,28.96341355967366,-21.603008895566045,3.1,1.44,87,"96.8",6,"89.1",2297,"6.5",718675,641598,663993,543760,673962,608369,669701,666969,543257,"53.98",0.618,0.578,"0",1,0,0,4,20,2,"Cutter",0,0,0,0,0,0,0,0,"Infield shade","Standard",183,"-0.053","-0.291",,,,0.693,"0.291","96.8",0,0,0.553,0.553,33,32,33,32,1,0,6,4,5,2,"1.99","-0.2","0.2","31.0",,,,,
"FS","2023-04-07","87.1","-2.6","5.57","Eovaldi, Nathan",571466,543135,,"called_strike",,,,,5,,"R","L","R","CHC","TEX","S",,,0,0,2023,"-1.22","0.14",-0.03402436892088234,1.9306605581542278,,,543333,1,3,"Bot",,,,,,,8.718351685491127,-126.63210004547119,-2.8891080651344825,-14.871940565887082,24.70276517898293,-30.235067992567,3.04316440787834,1.35857596865461,,,,"87.8",1659,"6.7",718675,641598,663993,543760,673962,608369,669701,666969,543257,"53.8",,,,,,,,20,1,"Split-Finger",0,0,0,0,0,0,0,0,"Infield shade","Standard",229,"-0.005","-0.042",,,,,"0.042",,0,0,0.558,0.558,33,32,33,32,1,0,6,4,5,2,"2.85","1.22","-1.22","33.1",,,,,
"FS","2023-04-07","88.8","-2.58","5.52","Eovaldi, Nathan",670156,543135,"strikeout","swinging_strike",,,,,13,"Miles Mastrobuoni strikes out swinging.","R","L","R","CHC","TEX","S",2,,2,2,2023,"-1.06","0.04",-0.45639130913994275,1.015958962835544,,,543333,0,3,"Bot",,,,,,,7.474871274255146,-129.0712948710355,-5.125017580797017,-13.332163409239921,24.882505426201288,-30.925286623250425,2.92,1.45,,,,"89.7",2090,"6.7",718675,641598,663993,543760,673962,608369,669701,666969,543257,"53.75",,0,"0",1,0,0,,19,6,"Split-Finger",0,0,0,0,0,0,0,0,"Infield shade","Standard",192,"-0.031","-0.21",,,,,"0.21",,0,0,0.589,0.589,33,27,33,28,1,0,6,3,5,3,"2.84","1.06","-1.06","31.9",,,,,
"FS","2023-04-07","88","-2.54","5.47","Eovaldi, Nathan",670156,543135,,"blocked_ball",,,,,14,,"R","L","R","CHC","TEX","B",,,1,2,2023,"-1.23","0.13",0.5418648718216719,0.6609176551987299,,,543333,0,3,"Bot",,,,,,,10.11663033280398,-127.84157062416011,-5.9186961806413185,-15.45626257932679,23.501466236603303,-29.776972808674486,2.73185518513457,1.33643022287337,,,,"89.1",,"6.8",718675,641598,663993,543760,673962,608369,669701,666969,543257,"53.65",,,,,,,,19,5,"Split-Finger",0,0,0,0,0,0,0,0,"Infield shade","Standard",,"0.005","0.045",,,,,"-0.045",,0,0,0.584,0.584,33,27,33,28,1,0,6,3,5,3,"2.8","1.23","-1.23","39.1",,,,,
"FF","2023-04-07","94.9","-2.56","5.54","Eovaldi, Nathan",670156,543135,,"ball",,,,,11,,"R","L","R","CHC","TEX","B",,,0,2,2023,"-0.89","1.38",-0.29748376567508383,3.9264771321160303,,,543333,0,3,"Bot",,,,,,,7.9455865604118525,-138.00578808080243,-1.6427485995754352,-13.088305160272538,30.31250758807931,-14.400662144123352,2.91961137802983,1.44965289107322,,,,"95.5",,"6.7",718675,641598,663993,543760,673962,608369,669701,666969,543257,"53.83",,,,,,,,19,4,"4-Seam Fastball",0,0,0,0,0,0,0,0,"Infield shade","Standard",,"0.004","0.008",,,,,"-0.008",,0,0,0.58,0.58,33,27,33,28,1,0,6,3,5,3,"1.15","0.89","-0.89","37.6",,,,,
"CU","2023-04-07","76.2","-2.41","5.72","Eovaldi, Nathan",670156,543135,,"foul",,,,,8,,"R","L","R","CHC","TEX","S",,,0,2,2023,"0.91","-0.96",0.15142493241120147,1.7551005301979954,,,543333,0,3,"Bot",,,,,,,3.7536211937050425,-110.95224591735162,0.5325125504744135,6.763366008939906,21.683456185811995,-40.42903156627515,2.92,1.45,8,"75.5",-13,"76.4",2042,"6.6",718675,641598,663993,543760,673962,608369,669701,666969,543257,"53.92",,,,,,,,19,3,"Curveball",0,0,0,0,0,0,0,0,"Infield shade","Standard",42,"0","0",,,,,"0","88.0",0,0,0.58,0.58,33,27,33,28,1,0,6,3,5,3,"4.92","-0.91","0.91","35.0",,,,,
"FS","2023-04-07","87.7","-2.66","5.49","Eovaldi, Nathan",670156,543135,,"foul",,,,,1,,"R","L","R","CHC","TEX","S",,,0,1,2023,"-1.21","0.25",-0.4755582463536603,2.5019395383725476,,,543333,0,3,"Bot",,,,,,,7.823757730408656,-127.53914418037112,-1.6304682609722154,-14.729069640006754,24.737087789508852,-29.36302207049461,2.92,1.45,265,"87.5",43,"88.6",1677,"6.7",718675,641598,663993,543760,673962,608369,669701,666969,543257,"53.76",,,,,,,,19,2,"Split-Finger",0,0,0,0,0,0,0,0,"Standard","Standard",240,"-0.009","-0.043",,,,,"0.043","88.0",0,0,0.589,0.589,33,27,33,28,1,0,6,3,5,3,"2.71","1.21","-1.21","31.5",,,,,
"FF","2023-04-07","95.7","-2.74","5.37","Eovaldi, Nathan",670156,543135,,"called_strike",,,,,2,,"R","L","R","CHC","TEX","S",,,0,0,2023,"-1.12","1.28",0.02798682013783038,2.5852187115528142,,,543333,0,3,"Bot",,,,,,,9.917052014777205,-138.93427090341805,-4.63418019759459,-16.76221226177201,30.455990318967874,-14.744411375012623,2.73185518513457,1.31428605171297,,,,"96.4",2270,"6.8",718675,641598,663993,543760,673962,608369,669701,666969,543257,"53.75",,,,,,,,19,1,"4-Seam Fastball",0,0,0,0,0,0,0,0,"Standard","Standard",215,"-0.006","-0.036",,,,,"0.036",,0,0,0.595,0.595,33,27,33,28,1,0,6,3,5,3,"1.22","1.12","-1.12","30.0",,,,,
"FC","2023-04-01","90.9","-2.39","5.55","Eovaldi, Nathan",656941,543135,"field_out","hit_into_play",,,,,3,"Kyle Schwarber grounds out, second baseman Marcus Semien to first baseman Nathaniel Lowe. Trea Turner scores.","R","L","R","TEX","PHI","X",4,"ground_ball",0,0,2023,"0.18","0.7",0.49864679419805175,2.9999993491101176,607208,,,0,5,"Top",150.53,158.43,,,,,6.885633242722035,-132.26574842607383,-2.033964493390282,0.788529771075393,25.998974424883034,-23.666372309656204,3.21,1.54,20,"84.3",-7,"91.7",2360,"6.6",718752,641598,663993,543760,673962,608369,669701,666969,543257,"53.91",0.119,0.108,"0",1,0,0,2,40,1,"Cutter",4,2,2,4,3,4,3,4,"Infield shade","Standard",196,"0.019","-0.247",,,,0.174,"0.247","88.0",2,-2,0.651,0.349,33,30,33,30,3,2,,2,6,1,"2.04","-0.18","0.18","31.4",,,,,
"FF","2023-04-01","95.8","-2.28","5.28","Eovaldi, Nathan",669016,543135,"strikeout","called_strike",,,,,14,"Brandon Marsh called out on strikes.","R","L","R","TEX","PHI","S",2,,3,2,2023,"-0.91","1.24",0.9910552748397856,2.042188321005738,592206,681082,,2,4,"Top",,,,,,,10.734899213295915,-138.93667674171678,-5.699422073460467,-14.39178977543637,33.98459745103741,-14.941402009562497,3.1402801264194,1.54994524866127,,,,"95.6",2312,"6.6",718752,641598,663993,543760,673962,608369,669701,666969,543257,"53.92",,0,"0",1,0,0,,35,6,"4-Seam Fastball",4,2,2,4,2,4,2,4,"Standard","Standard",224,"0.071","-0.263",,,,,"0.263",,2,-2,0.715,0.28500000000000003,33,25,33,26,2,1,,2,6,2,"1.28","0.91","-0.91","27.5",,,,,
"FC","2023-04-01","91.1","-2.22","5.45","Eovaldi, Nathan",669016,543135,,"foul",,,,,5,,"R","L","R","TEX","PHI","S",,,3,1,2023,"0.25","0.94",0.057561693010633824,2.2448265906456406,592206,681082,,2,4,"Top",,,,,,,5.232863027708823,-132.45971309930573,-4.140869032706254,1.6816543294309618,30.381412940622976,-20.409845995429674,3.11,1.46,16,"91.4",-7,"91.4",2420,"6.7",718752,641598,663993,543760,673962,608369,669701,666969,543257,"53.8",,,,,,,,35,5,"Cutter",4,2,2,4,2,4,2,4,"Standard","Standard",192,"0.006","-0.055",,,,,"0.055","91.4",2,-2,0.709,0.29100000000000004,33,25,33,26,2,1,,2,6,2,"1.83","-0.25","0.25","31.8",,,,,
"FC","2023-04-01","91.9","-2.43","5.47","Eovaldi, Nathan",669016,543135,,"ball",,,,,11,,"R","L","R","TEX","PHI","B",,,2,1,2023,"0.04","1.01",-0.9876719855862347,3.7790301394583965,592206,681082,,2,4,"Top",,,,,,,3.59420294064604,-133.72115057054475,-0.584600824175792,-0.36877387187053495,31.75600154084736,-20.206360254294108,3.1942361893144,1.52655737651011,,,,"91.9",2426,"6.5",718752,641598,663993,543760,673962,608369,669701,666969,543257,"53.96",,,,,,,,35,4,"Cutter",4,2,2,4,2,4,2,4,"Standard","Standard",201,"-0.007","0.023",,,,,"-0.023",,2,-2,0.716,0.28400000000000003,33,25,33,26,2,1,,2,6,2,"1.71","-0.04","0.04","29.7",,,,,
"FF","2023-04-01","97.4","-2.49","5.33","Eovaldi, Nathan",669016,543135,,"ball",,,,,11,,"R","L","R","TEX","PHI","B",,,1,1,2023,"-1.16","1.11",-1.3245650469011023,2.589621812347023,592206,681082,,2,4,"Top",,,,,,,5.781379609966578,-141.56916115538917,-4.345585843506385,-16.910272721105898,35.232055482973514,-16.418873051044503,3.22121708299976,1.55343652094994,,,,"96.9",2324,"6.3",718752,641598,663993,543760,673962,608369,669701,666969,543257,"54.21",,,,,,,,35,3,"4-Seam Fastball",4,2,2,4,2,4,2,4,"Standard","Standard",231,"-0.005","0.038",,,,,"-0.038",,2,-2,0.721,0.279,33,25,33,26,2,1,,2,6,2,"1.31","1.16","-1.16","28.5",,,,,
"FF","2023-04-01","95.6","-2.43","5.31","Eovaldi, Nathan",669016,543135,,"ball",,,,,12,,"R","L","R","TEX","PHI","B",,,0,1,2023,"-0.91","1.09",0.5889914091734735,3.8408578548442835,592206,681082,,2,4,"Top",,,,,,,10.002578976874537,-138.88585277817248,-0.6556367800002175,-14.102395697008138,33.218970411031705,-18.189212385705034,3.1942361893144,1.52655737651011,,,,"95.2",2246,"6.3",718752,641598,663993,543760,673962,608369,669701,666969,543257,"54.21",,,,,,,,35,2,"4-Seam Fastball",4,2,2,4,2,4,2,4,"Standard","Standard",231,"-0.007","0.001",,,,,"-0.001",,2,-2,0.728,0.272,33,25,33,26,2,1,,2,6,2,"1.42","0.91","-0.91","29.9",,,,,
"CU","2023-04-01","75.3","-2.27","5.69","Eovaldi, Nathan",669016,543135,,"called_strike",,,,,5,,"R","L","R","TEX","PHI","S",,,0,0,2023,"1.34","-1.05",0.17093771413140812,2.331145475771895,592206,681082,,2,4,"Top",,,,,,,2.6772820879687007,-109.51821201876069,2.1592179179069175,10.092759580666296,22.549045599245513,-41.24537381343851,3.1942361893144,1.52655737651011,,,,"74.8",2230,"6.3",718752,641598,663993,543760,673962,608369,669701,666969,543257,"54.15",,,,,,,,35,1,"Curveball",4,2,2,4,2,4,2,4,"Standard","Standard",48,"0.01","-0.037",,,,,"0.037",,2,-2,0.718,0.28200000000000003,33,25,33,26,2,1,,2,6,2,"5.13","-1.34","1.34","38.7",,,,,
"CU","2023-04-01","76.8","-2.2","5.64","Eovaldi, Nathan",595909,543135,"strikeout","swinging_strike",,,,,8,"Jake Cave strikes out swinging.","R","L","R","TEX","PHI","S",2,,1,2,2023,"0.97","-1.04",0.12211042953600981,1.7334270923868837,592206,681082,,1,4,"Top",,,,,,,3.171119646983757,-111.78288426959065,0.7133706424197981,7.395667838078776,23.194183460822863,-41.159982604869946,3.29,1.63,,,,"76.7",2170,"6.5",718752,641598,663993,543760,673962,608369,669701,666969,543257,"53.95",,0,"0",1,0,0,,34,4,"Curveball",4,2,2,4,2,4,2,4,"Infield shade","Standard",44,"0.064","-0.331",,,,,"0.331",,2,-2,0.654,0.346,33,30,33,31,2,1,,2,6,3,"4.95","-0.97","0.97","34.2",,,,,
"FC","2023-04-01","92.4","-2.24","5.5","Eovaldi, Nathan",595909,543135,,"foul",,,,,14,,"R","L","R","TEX","PHI","S",,,1,1,2023,"-0.08","1.26",1.2758875740089188,2.1417342013541756,592206,681082,,1,4,"Top",,,,,,,9.189818364799645,-134.1579847470422,-5.462299395044951,-3.0972656110195693,30.379103451394165,-15.909966296416581,3.29,1.63,17,"91.3",-6,"92.6",2503,"6.6",718752,641598,663993,543760,673962,608369,669701,666969,543257,"53.86",,,,,,,,34,3,"Cutter",4,2,2,4,2,4,2,4,"Infield shade","Standard",205,"0.023","-0.08",,,,,"0.08","91.3",2,-2,0.631,0.369,33,30,33,31,2,1,,2,6,3,"1.43","0.08","-0.08","30.0",,,,,
"FF","2023-04-01","95.8","-2.4","5.36","Eovaldi, Nathan",595909,543135,,"foul",,,,,6,,"R","L","R","TEX","PHI","S",,,1,0,2023,"-0.93","1.42",0.7860101240569207,2.5115886084099213,592206,681082,,1,4,"Top",,,,,,,10.586936758565885,-139.07903403982675,-5.114436109327185,-14.542283518121664,31.867416424795184,-12.712542703993748,3.29,1.63,159,"76.9",15,"96.2",2173,"6.7",718752,641598,663993,543760,673962,608369,669701,666969,543257,"53.79",,,,,,,,34,2,"4-Seam Fastball",4,2,2,4,2,4,2,4,"Infield shade","Standard",229,"0.007","-0.036",,,,,"0.036","88.0",2,-2,0.624,0.376,33,30,33,31,2,1,,2,6,3,"1.08","0.93","-0.93","29.1",,,,,
"FS","2023-04-01","89.9","-2.2","5.56","Eovaldi, Nathan",595909,543135,,"blocked_ball",,,,,14,,"R","L","R","TEX","PHI","B",,,0,0,2023,"-1.14","0.23",0.7903112610905034,0.19521064703807767,592206,681082,,1,4,"Top",,,,,,,9.895682931566025,-130.38171227013495,-7.790733478801837,-15.186928378004106,28.70781518778851,-28.000891099843958,3.38314202456087,1.66097655854822,,,,"90.2",1801,"6.8",718752,641598,663993,543760,673962,608369,669701,666969,543257,"53.72",,,,,,,,34,1,"Split-Finger",4,2,2,4,2,4,2,4,"Infield shade","Standard",233,"-0.002","0.017",,,,,"-0.017",,2,-2,0.626,0.374,33,30,33,31,2,1,,2,6,3,"2.62","1.14","-1.14","34.0",,,,,
"SL","2023-04-01","84.5","-2.17","5.5","Eovaldi, Nathan",664761,543135,"field_out","hit_into_play",,,,,14,"Alec Bohm grounds out, third baseman Josh Jung to first baseman Nathaniel Lowe.","R","R","R","TEX","PHI","X",5,"ground_ball",1,1,2023,"0.83","-0.22",0.6363732117373814,1.3710447787748228,592206,681082,,0,4,"Top",114.76,182.08,,,,,4.929833442167574,-122.9762360963945,-2.792145331645136,7.370950406376528,26.242429299278477,-33.98906173473422,3.45,1.55,4,"71.9",-20,"85.1",2280,"6.8",718752,641598,663993,543760,673962,608369,669701,666969,543257,"53.67",0.045,0.048,"0",1,0,0,2,33,3,"Slider",4,2,2,4,2,4,2,4,"Standard","Standard",115,"0.063","-0.215",,,,0.064,"0.215","88.0",2,-2,0.563,0.43700000000000006,33,26,33,27,2,1,,2,6,1,"3.43","-0.83","-0.83","33.7",,,,,
"FF","2023-04-01","96.1","-2.43","5.25","Eovaldi, Nathan",664761,543135,,"ball",,,,,13,,"R","R","R","TEX","PHI","B",,,0,1,2023,"-0.99","1",-1.2171805333377517,2.2072848091518997,592206,681082,,0,4,"Top",,,,,,,5.473166596141871,-139.76698534575056,-4.7606012325481455,-14.178583669813465,31.689789887811585,-18.127137811793578,3.51813048181297,1.55343652094994,,,,"96.6",2267,"6.6",718752,641598,663993,543760,673962,608369,669701,666969,543257,"53.86",,,,,,,,33,2,"4-Seam Fastball",4,2,2,4,2,4,2,4,"Standard","Standard",224,"-0.007","0.037",,,,,"-0.037",,2,-2,0.57,0.43000000000000005,33,26,33,27,2,1,,2,6,1,"1.47","0.99","0.99","28.7",,,,,
"FF","2023-04-01","97","-2.61","5.32","Eovaldi, Nathan",664761,543135,,"foul",,,,,4,,"R","R","R","TEX","PHI","S",,,0,0,2023,"-1.15","1.28",-0.8027924942990625,2.567387739670031,592206,681082,,0,4,"Top",,,,,,,7.507780484584402,-141.0403005776067,-4.766562613692582,-17.010452454209155,31.753770244047086,-14.213859011774131,3.45,1.55,158,"59.3",38,"97.7",2294,"6.7",718752,641598,663993,543760,673962,608369,669701,666969,543257,"53.81",,,,,,,,33,1,"4-Seam Fastball",4,2,2,4,2,4,2,4,"Standard","Standard",229,"0.01","-0.049",,,,,"0.049","88.0",2,-2,0.56,0.43999999999999995,33,26,33,27,2,1,,2,6,1,"1.15","1.15","1.15","26.3",,,,,
"FF","2023-04-01","95.6","-2.28","5.41","Eovaldi, Nathan",681082,543135,"double","hit_into_play",,,,,12,"Bryson Stott doubles (1) on a sharp line drive to right fielder Robbie Grossman. Nick Castellanos to 3rd.","R","L","R","TEX","PHI","X",9,"line_drive",1,2,2023,"-0.78","1.13",0.13376217601420692,3.3371151900851777,,592206,,0,4,"Top",178.5,60.92,,,,,8.177390012242354,-139.02429869030382,-2.3923352927536863,-11.891527754757504,31.351852128756583,-17.155613969164314,3.21,1.48,364,"101.7",20,"96.3",2260,"6.7",718752,641598,663993,543760,673962,608369,669701,666969,543257,"53.78",0.398,0.6239473684210527,"1.25",1,1,1,5,32,4,"4-Seam Fastball",4,2,2,4,2,4,2,4,"Standard","Standard",225,"-0.114","0.809",,,,1.121,"-0.809","101.7",2,-2,0.674,0.32599999999999996,33,25,33,26,2,1,,2,6,1,"1.37","0.78","-0.78","31.1",,,,,
"FF","2023-04-01","95.5","-2.45","5.21","Eovaldi, Nathan",681082,543135,,"foul",,,,,2,,"R","L","R","TEX","PHI","S",,,1,1,2023,"-0.82","0.94",-0.08797189958239937,2.780506752703607,,592206,,0,4,"Top",,,,,,,8.126377349649028,-138.84387726955768,-2.916266739848001,-12.415079884006817,29.849288576320124,-19.478862996457888,3.21,1.48,229,"76.7",44,"96.3",2161,"6.7",718752,641598,663993,543760,673962,608369,669701,666969,543257,"53.81",,,,,,,,32,3,"4-Seam Fastball",4,2,2,4,2,4,2,4,"Standard","Standard",229,"0.013","-0.066",,,,,"0.066","88.0",2,-2,0.661,0.33899999999999997,33,25,33,26,2,1,,2,6,1,"1.55","0.82","-0.82","27.7",,,,,
"CU","2023-04-01","76.6","-2.06","5.7","Eovaldi, Nathan",681082,543135,,"ball",,,,,14,,"R","L","R","TEX","PHI","B",,,0,1,2023,"0.87","-0.96",1.9247928325183532,1.570063040514599,,592206,,0,4,"Top",,,,,,,6.879505013399836,-111.31861295671261,0.1118730458869126,5.921427636611762,21.294048228905726,-40.392942280717925,3.38314202456087,1.71476050178487,,,,"76.8",2110,"6.7",718752,641598,663993,543760,673962,608369,669701,666969,543257,"53.84",,,,,,,,32,2,"Curveball",4,2,2,4,2,4,2,4,"Standard","Standard",45,"-0.005","0.02",,,,,"-0.02",,2,-2,0.666,0.33399999999999996,33,25,33,26,2,1,,2,6,1,"4.88","-0.87","0.87","39.7",,,,,
"FS","2023-04-01","88.5","-2.37","5.51","Eovaldi, Nathan",681082,543135,,"called_strike",,,,,8,,"R","L","R","TEX","PHI","S",,,0,0,2023,"-0.94","0.16",-0.2017645609400749,1.791855986223526,,592206,,0,4,"Top",,,,,,,7.324596752933883,-128.83162381505377,-3.4441557578208046,-11.910188218219215,23.601763801679727,-29.949373213256674,3.41013604060282,1.63408805187578,,,,"89.9",1653,"6.9",718752,641598,663993,543760,673962,608369,669701,666969,543257,"53.62",,,,,,,,32,1,"Split-Finger",4,2,2,4,2,4,2,4,"Standard","Standard",237,"0.007","-0.046",,,,,"0.046",,2,-2,0.659,0.34099999999999997,33,25,33,26,2,1,,2,6,1,"2.72","0.94","-0.94","32.2",,,,,
"FF","2023-04-01","95.1","-2.38","5.23","Eovaldi, Nathan",592206,543135,"double","hit_into_play",,,,,6,"Nick Castellanos doubles (2) on a sharp ground ball to right fielder Robbie Grossman, deflected by pitcher Nathan Eovaldi. J.T. Realmuto scores. Darick Hall scores.","R","R","R","TEX","PHI","X",1,"ground_ball",1,2,2023,"-0.97","0.98",0.37341647968907266,2.4397136867569915,592663,669742,,0,4,"Top",169,130,,,,,9.486200366371431,-138.08384124136356,-3.8260190475730242,-14.686854808214122,33.641935175053355,-18.923918186903908,3.59,1.71,32,"101.6",-3,"95.4",2227,"6.8",718752,641598,663993,543760,673962,608369,669701,666969,543257,"53.71",0.431,0.388,"1.25",1,1,1,2,31,4,"4-Seam Fastball",4,0,0,4,2,4,2,4,"Standard","Standard",231,"-0.116","0.814",,,,0.521,"-0.814","101.6",4,-4,0.775,0.22499999999999998,33,31,33,31,2,1,,2,6,1,"1.57","0.97","0.97","30.3",,,,,
"FS","2023-04-01","90.4","-2.37","5.46","Eovaldi, Nathan",592206,543135,,"swinging_strike",,,,,7,,"R","R","R","TEX","PHI","S",,,1,1,2023,"-1.03","0.23",-0.3601196946091728,1.67918238950383,592663,669742,,0,4,"Top",,,,,,,7.2399691032561515,-131.47843824567727,-4.007157002113654,-13.449694737155685,27.35820019181146,-28.814296297489523,3.59,1.71,,,,"91.1",1840,"6.7",718752,641598,663993,543760,673962,608369,669701,666969,543257,"53.83",,,,,,,,31,3,"Split-Finger",4,0,0,4,0,4,0,4,"Standard","Standard",235,"0.012","-0.081",,,,,"0.081",,4,-4,0.763,0.237,33,31,33,31,2,1,,2,6,1,"2.55","1.03","1.03","30.1",,,,,
"FC","2023-04-01","91.6","-2.3","5.42","Eovaldi, Nathan",592206,543135,,"called_strike",,,,,14,,"R","R","R","TEX","PHI","S",,,1,0,2023,"-0.01","0.83",1.2033838964614352,1.9705823487534089,592663,669742,,0,4,"Top",,,,,,,8.91775722133764,-133.02653401028735,-4.6288897649415555,-2.083353291322147,29.03124066819226,-21.523777955870447,3.78447778922819,1.76855361363405,,,,"92.1",2421,"6.7",718752,641598,663993,543760,673962,608369,669701,666969,543257,"53.76",,,,,,,,31,2,"Cutter",4,0,0,4,0,4,0,4,"Standard","Standard",189,"0.006","-0.044",,,,,"0.044",,4,-4,0.757,0.243,33,31,33,31,2,1,,2,6,1,"1.9","0.01","0.01","31.8",,,,,
"FF","2023-04-01","96.6","-2.33","5.27","Eovaldi, Nathan",592206,543135,,"ball",,,,,14,,"R","R","R","TEX","PHI","B",,,0,0,2023,"-1","1.07",1.669428256540892,2.034657631893219,592663,669742,,0,4,"Top",,,,,,,13.0342461933874,-139.9816454713421,-5.4374597308028045,-16.30180652614127,34.25429691006716,-17.010594684456297,3.73420614780311,1.82235580926455,,,,"96.9",2198,"6.9",718752,641598,663993,543760,673962,608369,669701,666969,543257,"53.64",,,,,,,,31,1,"4-Seam Fastball",4,0,0,4,0,4,0,4,"Standard","Standard",233,"-0.004","0.032",,,,,"-0.032",,4,-4,0.761,0.239,33,31,33,31,2,1,,2,6,1,"1.41","1","1","30.9",,,,,
"FS","2023-04-01","88","-2.27","5.61","Eovaldi, Nathan",669742,543135,"double","hit_into_play",,,,,8,"Darick Hall doubles (1) on a line drive to right fielder Robbie Grossman. J.T. Realmuto to 3rd.","R","L","R","TEX","PHI","X",9,"line_drive",2,0,2023,"-1.21","0.23",0.11093715449749908,2.1518056936656818,,,592663,0,4,"Top",207.03,96.55,,,,,8.32222579148208,-127.90987267148408,-2.746696076808583,-14.962930324416595,26.843954256478554,-29.252081867003756,3.54,1.74,334,"97.7",22,"88.3",1709,"6.6",718752,641598,663993,543760,673962,608369,669701,666969,543257,"53.91",0.332,0.408,"1.25",1,1,1,5,30,3,"Split-Finger",4,0,0,4,0,4,0,4,"Infield shade","Standard",241,"-0.07","0.635",,,,0.671,"-0.635","97.7",4,-4,0.831,0.16900000000000004,33,27,33,28,2,1,,2,6,1,"2.72","1.21","-1.21","32.7",,,,,
"FC","2023-04-01","92.8","-2.23","5.48","Eovaldi, Nathan",669742,543135,,"ball",,,,,14,,"R","L","R","TEX","PHI","B",,,1,0,2023,"-0.09","0.86",1.4748925182673582,1.89757663917451,,,592663,0,4,"Top",,,,,,,9.730172239892891,-134.59878171256346,-5.1650408113743005,-3.5089674745352033,33.03911827818265,-20.789072685099356,3.59914541318036,1.79545358124929,,,,"92.8",2427,"6.8",718752,641598,663993,543760,673962,608369,669701,666969,543257,"53.75",,,,,,,,30,2,"Cutter",4,0,0,4,0,4,0,4,"Standard","Standard",204,"-0.01","0.055",,,,,"-0.055",,4,-4,0.841,0.15900000000000003,33,27,33,28,2,1,,2,6,1,"1.84","0.09","-0.09","32.0",,,,,
"FF","2023-04-01","95.2","-2.51","5.29","Eovaldi, Nathan",669742,543135,,"ball",,,,,11,,"R","L","R","TEX","PHI","B",,,0,0,2023,"-1.01","1.33",-0.9953757276888108,3.7477423668791436,,,592663,0,4,"Top",,,,,,,6.289308198209076,-138.41054300615653,-1.2820818962463711,-14.529039025508574,37.63264623190609,-15.280648594956672,3.59914541318036,1.79545358124929,,,,"94.9",2265,"6.7",718752,641598,663993,543760,673962,608369,669701,666969,543257,"53.81",,,,,,,,30,1,"4-Seam Fastball",4,0,0,4,0,4,0,4,"Infield shade","Standard",230,"-0.005","0.03",,,,,"-0.03",,4,-4,0.846,0.15400000000000003,33,27,33,28,2,1,,2,6,1,"1.24","1.01","-1.01","26.0",,,,,
"FF","2023-04-01","95.9","-2.31","5.36","Eovaldi, Nathan",656941,543135,"field_out","hit_into_play",,,,,2,"Kyle Schwarber pops out to shortstop Corey Seager.","R","L","R","TEX","PHI","X",6,"popup",1,1,2023,"-0.71","1.12",0.19978935198453018,3.0806486492756404,595909,,,2,3,"Top",119.61,160.25,,,,,8.282699678712548,-139.50635153468434,-2.9675842808001542,-11.088615503210274,31.25823473451469,-17.10215172375945,3.21,1.54,97,"89.2",71,"96.4",2188,"6.6",718752,641598,663993,543760,673962,608369,669701,666969,543257,"53.93",0.001,0,"0",1,0,0,3,22,3,"4-Seam Fastball",2,0,0,2,0,2,0,2,"Infield shade","Standard",228,"0.036","-0.286",,,,0.001,"0.286","89.2",2,-2,0.728,0.272,33,30,33,30,2,1,,2,6,1,"1.36","0.71","-0.71","29.6",,,,,
"CU","2023-04-01","76.7","-2.11","5.73","Eovaldi, Nathan",656941,543135,,"blocked_ball",,,,,14,,"R","L","R","TEX","PHI","B",,,0,1,2023,"1.45","-0.73",1.3747054827324234,1.0560946271440934,595909,,,2,3,"Top",,,,,,,4.775190493167547,-111.57854486945365,-1.5221172272697951,11.188644447342872,20.77827403977379,-38.18741789536117,3.43713190147319,1.68786737875784,,,,"77",2102,"6.6",718752,641598,663993,543760,673962,608369,669701,666969,543257,"53.87",,,,,,,,22,2,"Curveball",2,0,0,2,0,2,0,2,"Infield shade","Standard",44,"-0.004","0.028",,,,,"-0.028",,2,-2,0.732,0.268,33,30,33,30,2,1,,2,6,1,"4.62","-1.45","1.45","36.7",,,,,
"FS","2023-04-01","88.2","-2.46","5.61","Eovaldi, Nathan",656941,543135,,"swinging_strike",,,,,7,,"R","L","R","TEX","PHI","S",,,0,0,2023,"-1.12","0.13",-0.41696264547852113,1.8257323728169643,595909,,,2,3,"Top",,,,,,,7.3423056259748165,-128.33448514822695,-3.442251547337355,-13.815824541533999,25.19537781356066,-30.190875271785796,3.21,1.54,,,,"88.9",1796,"6.6",718752,641598,663993,543760,673962,608369,669701,666969,543257,"53.88",,,,,,,,22,1,"Split-Finger",2,0,0,2,0,2,0,2,"Infield shade","Standard",236,"0.006","-0.036",,,,,"0.036",,2,-2,0.726,0.274,33,30,33,30,2,1,,2,6,1,"2.78","1.12","-1.12","31.2",,,,,
"SL","2023-04-01","84.3","-2.22","5.62","Eovaldi, Nathan",607208,543135,"field_out","hit_into_play",,,,,3,"Trea Turner grounds out, second baseman Marcus Semien to first baseman Nathaniel Lowe. Jake Cave to 3rd.","R","R","R","TEX","PHI","X",4,"ground_ball",0,1,2023,"0.96","0.2",0.4406116447806844,3.1070904849443095,,595909,,1,3,"Top",146.9,152.36,,,,,4.316320710666906,-122.75506019023477,0.1874158182891308,8.706569179403166,25.975230073190076,-30.420793569636377,3.33,1.61,55,"97",1,"84.8",2274,"6.7",718752,641598,663993,543760,673962,608369,669701,666969,543257,"53.76",0.421,0.392,"0",1,0,0,4,21,2,"Slider",2,0,0,2,0,2,0,2,"Standard","Standard",117,"0.028","-0.237",,,,0.48,"0.237","97.0",2,-2,0.698,0.30200000000000005,33,30,33,30,2,1,,2,6,1,"3.02","-0.96","-0.96","33.8",,,,,
"FC","2023-04-01","92.4","-2.48","5.44","Eovaldi, Nathan",607208,543135,,"swinging_strike",,,,,6,,"R","R","R","TEX","PHI","S",,,0,0,2023,"-0.11","0.85",0.3990102277700576,2.6494642401542343,,595909,,1,3,"Top",,,,,,,7.63448131626051,-134.3033360279218,-3.136899885528046,-3.0577589415954654,30.284800921065592,-21.4311785869156,3.33,1.61,,,,"92.8",2362,"6.7",718752,641598,663993,543760,673962,608369,669701,666969,543257,"53.8",,,,,,,,21,1,"Cutter",2,0,0,2,0,2,0,2,"Standard","Standard",202,"0.006","-0.038",,,,,"0.038",,2,-2,0.692,0.30800000000000005,33,30,33,30,2,1,,2,6,1,"1.84","0.11","0.11","29.1",,,,,
"FC","2023-04-01","91.9","-2.22","5.65","Eovaldi, Nathan",669016,543135,"strikeout","called_strike",,,,,11,"Brandon Marsh called out on strikes. Jake Cave steals (1) 2nd base.","R","L","R","TEX","PHI","S",2,,3,2,2023,"0.21","1.27",-0.16344472483861544,3.4570426371953045,,,595909,0,3,"Top",,,,,,,4.770290127982331,-133.6694079794195,-2.407707204394021,1.4147047862574558,30.91540247154725,-16.714939507298276,3.22121708299976,1.63408805187578,,,,"91.9",2443,"6.5",718752,641598,663993,543760,673962,608369,669701,666969,543257,"54.03",,0,"0",1,0,0,,20,6,"Cutter",2,0,0,2,0,2,0,2,"Infield shade","Standard",199,"0.032","-0.298",,,,,"0.298",,2,-2,0.66,0.33999999999999997,33,25,33,26,1,0,,2,6,2,"1.45","-0.21","0.21","33.9",,,,,
"FF","2023-04-01","94.9","-2.34","5.47","Eovaldi, Nathan",669016,543135,,"ball",,,,,11,,"R","L","R","TEX","PHI","B",,,2,2,2023,"-0.89","1.33",-0.5491491743011381,4.509729176709337,,,595909,0,3,"Top",,,,,,,6.711084505006977,-137.92287803893305,0.23901243456788107,-12.950750381908584,33.727753554407215,-15.604929028775066,3.1942361893144,1.52655737651011,,,,"95",2194,"6.6",718752,641598,663993,543760,673962,608369,669701,666969,543257,"53.88",,,,,,,,20,5,"4-Seam Fastball",2,0,0,2,0,2,0,2,"Infield shade","Standard",226,"-0.016","0.088",,,,,"-0.088",,2,-2,0.676,0.32399999999999995,33,25,33,26,1,0,,2,6,2,"1.23","0.89","-0.89","30.6",,,,,
"FS","2023-04-01","86.7","-2.34","5.63","Eovaldi, Nathan",669016,543135,,"swinging_strike",,,,,13,,"R","L","R","TEX","PHI","S",,,2,1,2023,"-1.32","0.1",-0.883429941208661,0.9380471159821409,,,595909,0,3,"Top",,,,,,,6.205318095178442,-126.02915072517165,-5.1565250249676655,-15.36523194626642,27.683073643951776,-30.212537835022776,3.11,1.46,,,,"86.5",1800,"6.4",718752,641598,663993,543760,673962,608369,669701,666969,543257,"54.09",,,,,,,,20,4,"Split-Finger",2,0,0,2,0,2,0,2,"Infield shade","Standard",235,"0.012","-0.056",,,,,"0.056",,2,-2,0.664,0.33599999999999997,33,25,33,26,1,0,,2,6,2,"2.96","1.32","-1.32","34.1",,,,,
"FC","2023-04-01","90.1","-2.33","5.63","Eovaldi, Nathan",669016,543135,,"foul",,,,,2,,"R","L","R","TEX","PHI","S",,,2,0,2023,"0.19","0.89",0.04604122652682316,3.0366265307858575,,,595909,0,3,"Top",,,,,,,5.513071778478359,-131.16442467300692,-2.3955667628292128,1.1003203144308762,27.057850791216918,-21.597277611388634,3.11,1.46,214,"72",27,"90.5",2405,"6.4",718752,641598,663993,543760,673962,608369,669701,666969,543257,"54.06",,,,,,,,20,3,"Cutter",2,0,0,2,0,2,0,2,"Infield shade","Standard",196,"0.013","-0.055",,,,,"0.055","88.0",2,-2,0.651,0.349,33,25,33,26,1,0,,2,6,2,"1.91","-0.19","0.19","34.4",,,,,
"FS","2023-04-01","84.5","-2.31","5.72","Eovaldi, Nathan",669016,543135,,"ball",,,,,11,,"R","L","R","TEX","PHI","B",,,1,0,2023,"-1.15","0.11",-1.3703622626468965,3.511540371470761,,,595909,0,3,"Top",,,,,,,4.499432838343744,-122.94493830051691,1.0245293467379486,-12.58555147720472,25.0512087229934,-31.47482067250273,3.22121708299976,1.58031802224738,,,,"84.8",1756,"6.6",718752,641598,663993,543760,673962,608369,669701,666969,543257,"53.94",,,,,,,,20,2,"Split-Finger",2,0,0,2,0,2,0,2,"Standard","Standard",228,"-0.013","0.055",,,,,"-0.055",,2,-2,0.664,0.33599999999999997,33,25,33,26,1,0,,2,6,2,"3.09","1.15","-1.15","36.7",,,,,
"CU","2023-04-01","74.4","-2.26","5.78","Eovaldi, Nathan",669016,543135,,"ball",,,,,11,,"R","L","R","TEX","PHI","B",,,0,0,2023,"0.98","-1.02",-0.44409255385111446,3.4191398852243564,,,595909,0,3,"Top",,,,,,,1.9967888681787205,-108.1497085023831,4.3195301140931495,7.210222078851344,22.15314652418685,-41.203262791368154,3.22121708299976,1.63408805187578,,,,"74",2091,"6.5",718752,641598,663993,543760,673962,608369,669701,666969,543257,"54.02",,,,,,,,20,1,"Curveball",2,0,0,2,0,2,0,2,"Standard","Standard",49,"-0.006","0.03",,,,,"-0.03",,2,-2,0.67,0.32999999999999996,33,25,33,26,1,0,,2,6,2,"5.21","-0.98","0.98","41.1",,,,,
"FS","2023-04-01","86.8","-2.37","5.55","Eovaldi, Nathan",669742,543135,"single","hit_into_play",,,,,4,"Darick Hall singles on a line drive to left fielder Josh H. Smith. J.T. Realmuto out at 2nd on the throw, left fielder Josh H. Smith to second baseman Marcus Semien.","R","L","R","TEX","PHI","X",7,"line_drive",1,0,2023,"-0.78","-0.1",-0.7778999056427826,2.690872733619413,,,592663,2,1,"Top",47.12,100.55,,,,,5.450834897436401,-126.39575887254118,-0.4541460960353896,-9.415492026070599,25.242179636999943,-33.35851855920233,3.54,1.74,271,"97.8",14,"87.7",1704,"6.8",718752,641598,663993,543760,673962,608369,669701,666969,543257,"53.74",0.861,0.842,"0.9",1,1,0,4,4,2,"Split-Finger",0,0,0,0,0,0,0,0,"Infield shade","Standard",233,"0.024","0.338",,,,1.066,"-0.338","97.8",0,0,0.524,0.476,33,27,33,28,1,0,,2,6,1,"3.11","0.78","-0.78","33.0",,,,,
"CU","2023-04-01","75.8","-2.28","5.68","Eovaldi, Nathan",669742,543135,,"ball",,,,,13,,"R","L","R","TEX","PHI","B",,,0,0,2023,"1","-0.93",-0.9841895669439799,2.4799460423779616,,,592663,2,1,"Top",,,,,,,0.9340648497212407,-110.37499276681572,2.0218772983734734,8.020460990834914,18.51773827900116,-40.324616201238214,3.5390447604521,1.68907196255609,,,,"76.2",1974,"6.4",718752,641598,663993,543760,673962,608369,669701,666969,543257,"54.07",,,,,,,,4,1,"Curveball",0,0,0,0,0,0,0,0,"Infield shade","Standard",47,"-0.002","0.03",,,,,"-0.03",,0,0,0.526,0.474,33,27,33,28,1,0,,2,6,1,"4.87","-1","1","36.5",,,,,