"pitch_type","game_date","release_speed","release_pos_x","release_pos_z","player_name","batter","pitcher","events","description","spin_dir","spin_rate_deprecated","break_angle_deprecated","break_length_deprecated","zone","des","game_type","stand","p_throws","home_team","away_team","type","hit_location","bb_type","balls","strikes","game_year","pfx_x","pfx_z","plate_x","plate_z","on_3b","on_2b","on_1b","outs_when_up","inning","inning_topbot","hc_x","hc_y","tfs_deprecated","tfs_zulu_deprecated","umpire","sv_id","vx0","vy0","vz0","ax","ay","az","sz_top","sz_bot","hit_distance_sc","launch_speed","launch_angle","effective_speed","release_spin_rate","release_extension","game_pk","fielder_2","fielder_3","fielder_4","fielder_5","fielder_6","fielder_7","fielder_8","fielder_9","release_pos_y","estimated_ba_using_speedangle","estimated_woba_using_speedangle","woba_value","woba_denom","babip_value","iso_value","launch_speed_angle","at_bat_number","pitch_number","pitch_name","home_score","away_score","bat_score","fld_score","post_away_score","post_home_score","post_bat_score","post_fld_score","if_fielding_alignment","of_fielding_alignment","spin_axis","delta_home_win_exp","delta_run_exp","bat_speed","swing_length","miss_distance","estimated_slg_using_speedangle","delta_pitcher_run_exp","hyper_speed","home_score_diff","bat_score_diff","home_win_exp","bat_win_exp","age_pit_legacy","age_bat_legacy","age_pit","age_bat","n_thruorder_pitcher","n_priorpa_thisgame_player_at_bat","pitcher_days_since_prev_game","batter_days_since_prev_game","pitcher_days_until_next_game","batter_days_until_next_game","api_break_z_with_gravity","api_break_x_arm","api_break_x_batter_in","arm_angle","attack_angle","attack_direction","swing_path_tilt","intercept_ball_minus_batter_pos_x_inches","intercept_ball_minus_batter_pos_y_inches"
"CU","2023-09-28","80.9","1.49","6.74","Montgomery, Jordan",664238,656756,"strikeout","swinging_strike",,,,,13,"Dylan Moore strikes out swinging.","R","R","L","SEA","TEX","S",2,,2,2,2023,"-0.21","-0.69",-0.23406523413734248,1.3184498796968924,,553993,,2,6,"Bot",,,,,,,-3.4537751915450583,-117.86821584594641,-4.213823056295972,-1.3338748152843414,20.489226352588734,-38.070595131182486,3.42,1.58,,,,"81.4",2388,"6.4",716397,641680,663993,543760,673962,608369,694497,665750,666969,"54.12",,0,"0",1,0,0,,45,5,"Curveball",1,2,1,2,2,1,1,2,"Standard","Standard",314,"-0.051","-0.218","61.9","7.0","2.091075144",,"0.218",,-1,-1,0.359,0.359,30,30,31,31,3,2,5,1,5,2,"4.14","-0.21","0.21","50.0",9.561213042215662,-2.677631423441511,38.2554156467245,33.720938215294055,32.39839189148334
"FF","2023-09-28","92.6","1.64","6.71","Montgomery, Jordan",664238,656756,,"swinging_strike",,,,,11,,"R","R","L","SEA","TEX","S",,,2,1,2023,"0.39","1.21",-0.8653481996541151,3.273692424307291,,553993,,2,6,"Bot",,,,,,,-7.26717412639302,-134.73360838350789,-5.7251978604356575,6.101354469147306,24.711900164276994,-16.41220673202696,3.42,1.58,,,,"93.7",2183,"6.6",716397,641680,663993,543760,673962,608369,694497,665750,666969,"53.92",,,,,,,,45,4,"4-Seam Fastball",1,2,1,2,2,1,1,2,"Standard","Standard",147,"-0.011","-0.069","72.5","6.5","0.370741092",,"0.069",,-1,-1,0.37,0.37,30,30,31,31,3,2,5,1,5,2,"1.42","0.39","-0.39","46.8",7.475964887822162,-4.757262223379486,32.74055257233729,27.063876130689664,23.634978480370023
"CH","2023-09-28","82.9","1.5","6.71","Montgomery, Jordan",664238,656756,,"called_strike",,,,,14,,"R","R","L","SEA","TEX","S",,,2,0,2023,"0.43","1.14",0.873461309927405,2.325707025095602,,553993,,2,6,"Bot",,,,,,,-2.2725964369750047,-120.65680768942939,-5.821097025560018,4.592810155084853,22.103055211325547,-20.11312345002503,3.48156476109795,1.63769525992301,,,,"83.4",1530,"6.5",716397,641680,663993,543760,673962,608369,694497,665750,666969,"54.02",,,,,,,,45,3,"Changeup",1,2,1,2,2,1,1,2,"Standard","Standard",135,"-0.003","-0.055",,,,,"0.055",,-1,-1,0.373,0.373,30,30,31,31,3,2,5,1,5,2,"2.16","0.43","-0.43","49.6",,,,,
"CU","2023-09-28","80.3","1.64","6.79","Montgomery, Jordan",664238,656756,,"blocked_ball",,,,,14,,"R","R","L","SEA","TEX","B",,,1,0,2023,"-0.27","-0.46",0.28497125379911237,0.670259853333377,,553993,,2,6,"Bot",,,,,,,-2.4796216473070998,-116.92352609326579,-5.996248116589277,-2.008540751654862,22.046397632152164,-35.49416535522728,3.40076581870986,1.57411779806314,,,,"80.3",2377,"6.2",716397,641680,663993,543760,673962,608369,694497,665750,666969,"54.27",,,,,,,,45,2,"Curveball",1,2,1,2,2,1,1,2,"Standard","Standard",322,"0.003","0.029",,,,,"-0.029",,-1,-1,0.37,0.37,30,30,31,31,3,2,5,1,5,2,"3.99","-0.27","0.27","52.0",,,,,
"CH","2023-09-28","83.8","1.49","6.69","Montgomery, Jordan",664238,656756,,"ball",,,,,14,,"R","R","L","SEA","TEX","B",,,0,0,2023,"0.63","1.29",1.113848327722606,2.434589239289208,,553993,,2,6,"Bot",,,,,,,-2.134350371997239,-122.00813717399222,-6.01103835912572,6.72060612507093,22.946208502670505,-18.330930528017653,3.45825188572298,1.57411779806314,,,,"84.3",1589,"6.5",716397,641680,663993,543760,673962,608369,694497,665750,666969,"54.01",,,,,,,,45,1,"Changeup",1,2,1,2,2,1,1,2,"Standard","Standard",134,"0.002","0.02",,,,,"-0.02",,-1,-1,0.368,0.368,30,30,31,31,3,2,5,1,5,2,"1.94","0.63","-0.63","48.5",,,,,
"FF","2023-09-28","93.6","1.56","6.74","Montgomery, Jordan",663728,656756,"field_out","hit_into_play",,,,,7,"Cal Raleigh flies out to left fielder Evan Carter.","R","R","L","SEA","TEX","X",7,"fly_ball",2,2,2023,"0.5","1.42",-0.816555040408383,1.954965078141567,,553993,,1,6,"Bot",66.68,70.43,,,,,-7.24403328525122,-135.93569949074572,-9.758420980435824,7.6832053223714105,28.25978000288956,-12.635126544358643,3.48,1.66,349,"91.9",29,"94",2215,"6.5",716397,641680,663993,543760,673962,608369,694497,665750,666969,"54.01",0.076,0.111,"0",1,0,0,3,44,5,"4-Seam Fastball",1,2,1,2,2,1,1,2,"Standard","Standard",143,"-0.054","-0.238","71.5","7.6",,0.211,"0.238","91.9",-1,-1,0.422,0.422,30,26,31,27,3,2,5,1,5,1,"1.18","0.5","-0.5","47.2",13.850564394036336,-11.583346091031329,41.201239096359735,26.6936229766388,33.44641027128549
"CH","2023-09-28","83.2","1.44","6.73","Montgomery, Jordan",663728,656756,,"foul",,,,,12,,"R","R","L","SEA","TEX","S",,,2,1,2023,"0.69","1.15",1.2026813945615134,2.6464307003469902,,553993,,1,6,"Bot",,,,,,,-1.9130075052184528,-121.12750185939052,-5.2389866171224995,7.190083691404949,21.874751005668962,-20.01105023084167,3.48,1.66,170,"66.9",22,"83.8",1603,"6.5",716397,641680,663993,543760,673962,608369,694497,665750,666969,"53.99",,,,,,,,44,4,"Changeup",1,2,1,2,2,1,1,2,"Standard","Standard",135,"-0.013","-0.09","71.9","7.2",,,"0.09","88.0",-1,-1,0.435,0.435,30,26,31,27,3,2,5,1,5,1,"2.12","0.69","-0.69","48.3",-0.3661544318179286,24.088367431376145,21.97819763676955,51.02506152241739,18.104697048333723
"FF","2023-09-28","92.2","1.72","6.72","Montgomery, Jordan",663728,656756,,"ball",,,,,12,,"R","R","L","SEA","TEX","B",,,1,1,2023,"0.35","1.38",0.37776629554979446,4.584440880042309,,553993,,1,6,"Bot",,,,,,,-4.187680988929137,-134.3110717030795,-2.6596270149749186,5.161809713502518,27.02591509584185,-15.010846610434543,3.46086486346439,1.70179086459614,,,,"92.7",2225,"6.4",716397,641680,663993,543760,673962,608369,694497,665750,666969,"54.11",,,,,,,,44,3,"4-Seam Fastball",1,2,1,2,2,1,1,2,"Standard","Standard",152,"0.006","0.052",,,,,"-0.052",,-1,-1,0.429,0.429,30,26,31,27,3,2,5,1,5,1,"1.28","0.35","-0.35","46.1",,,,,
"FF","2023-09-28","92.2","1.66","6.74","Montgomery, Jordan",663728,656756,,"ball",,,,,11,,"R","R","L","SEA","TEX","B",,,0,1,2023,"0.24","1.45",-0.11205621319436188,4.754567308647811,,553993,,1,6,"Bot",,,,,,,-5.051293669614755,-134.1937954978568,-2.400650228112523,4.007711476668318,27.758087042133052,-14.313058617486549,3.35211376429006,1.61667781521513,,,,"92.6",2309,"6.4",716397,641680,663993,543760,673962,608369,694497,665750,666969,"54.07",,,,,,,,44,2,"4-Seam Fastball",1,2,1,2,2,1,1,2,"Standard","Standard",150,"0.007","0.024",,,,,"-0.024",,-1,-1,0.422,0.422,30,26,31,27,3,2,5,1,5,1,"1.22","0.24","-0.24","45.6",,,,,
"FF","2023-09-28","91.9","1.69","6.71","Montgomery, Jordan",663728,656756,,"swinging_strike",,,,,11,,"R","R","L","SEA","TEX","S",,,0,0,2023,"0.28","1.17",-0.25110468549076465,4.263514493345997,,553993,,1,6,"Bot",,,,,,,-5.537471725879667,-133.73090505195663,-2.918745109127138,4.519242382830332,27.69642911874496,-17.670354801642354,3.48,1.66,,,,"92.4",2270,"6.5",716397,641680,663993,543760,673962,608369,694497,665750,666969,"54.03",,,,,,,,44,1,"4-Seam Fastball",1,2,1,2,2,1,1,2,"Standard","Standard",154,"-0.01","-0.038","38.8","5.1","0.308289756",,"0.038",,-1,-1,0.432,0.432,30,26,31,27,3,2,5,1,5,1,"1.52","0.28","-0.28","47.4",6.124079156933002,43.70870907056007,21.9845520508587,33.173891639477695,9.722169556508014
"CH","2023-09-28","81.6","1.37","6.8","Montgomery, Jordan",606192,656756,"field_out","hit_into_play",,,,,6,"Teoscar Hernandez grounds out, third baseman Josh Jung to first baseman Nathaniel Lowe.","R","R","L","SEA","TEX","X",5,"ground_ball",1,0,2023,"0.61","1.08",0.4587960650302533,2.624426056157401,,553993,,0,6,"Bot",91.71,162.73,,,,,-3.2351473528902073,-118.92714512135355,-5.015873348417214,6.397717132291499,19.487286789557785,-21.15729774380839,3.41,1.59,18,"86.6",-8,"82.4",1492,"6.4",716397,641680,663993,543760,673962,608369,694497,665750,666969,"54.12",0.168,0.158,"0",1,0,0,2,43,2,"Changeup",1,2,1,2,2,1,1,2,"Standard","Standard",130,"-0.077","-0.25","76.8","8.3",,0.215,"0.25","88.0",-1,-1,0.509,0.509,30,30,31,31,3,2,5,1,5,1,"2.29","0.61","-0.61","53.3",20.9089850270012,-11.006096299097498,30.40690547577796,41.54428587450647,37.34538923698281
"FF","2023-09-28","91.9","1.64","6.81","Montgomery, Jordan",606192,656756,,"ball",,,,,11,,"R","R","L","SEA","TEX","B",,,0,0,2023,"0.32","1.37",-0.013874592565165988,4.074096027203633,,553993,,0,6,"Bot",,,,,,,-4.915098942763907,-133.90865140263404,-4.158667002792577,4.8048306740166655,25.43430768539089,-14.909839557948441,3.45825188572298,1.61667781521513,,,,"92.8",2144,"6.5",716397,641680,663993,543760,673962,608369,694497,665750,666969,"54.02",,,,,,,,43,1,"4-Seam Fastball",1,2,1,2,2,1,1,2,"Standard","Standard",151,"0.005","0.036",,,,,"-0.036",,-1,-1,0.504,0.504,30,30,31,31,3,2,5,1,5,1,"1.29","0.32","-0.32","47.7",,,,,
"FF","2023-09-28","93.6","1.75","6.69","Montgomery, Jordan",677594,656756,"field_out","hit_into_play",,,,,13,"Julio Rodriguez grounds out to first baseman Nathaniel Lowe.","R","R","L","SEA","TEX","X",3,"ground_ball",2,0,2023,"0.47","1.36",-0.8676594936176568,2.0143207285386033,,,641487,2,5,"Bot",157.13,169.31,,,,,-7.8076952431455755,-135.9287857295919,-9.387964158551778,7.383766389525713,27.318499077701215,-13.404775535134213,3.26,1.49,73,"61.4",7,"94.1",2318,"6.5",716397,641680,663993,543760,673962,608369,694497,665750,666969,"54",0.15,0.15,"0",1,0,0,2,37,3,"4-Seam Fastball",1,2,1,2,2,1,1,2,"Standard","Standard",144,"-0.045","-0.353","71.4","7.2",,0.197,"0.353","88.0",-1,-1,0.385,0.385,30,22,31,23,3,2,5,1,5,1,"1.23","0.47","-0.47","46.2",-14.122142660297413,17.762404886945443,41.574157965927185,27.980785101878382,21.614752631888454
"FF","2023-09-28","93.7","1.67","6.71","Montgomery, Jordan",677594,656756,,"ball",,,,,11,,"R","R","L","SEA","TEX","B",,,1,0,2023,"0.24","1.31",-0.6637364582146053,3.5153654406408883,,,641487,2,5,"Bot",,,,,,,-6.590046659494517,-136.39098952131002,-5.4914100388871985,4.353523075867769,27.163098713985768,-14.82197379741335,3.35211376429006,1.59539809264588,,,,"94.6",2317,"6.6",716397,641680,663993,543760,673962,608369,694497,665750,666969,"53.92",,,,,,,,37,2,"4-Seam Fastball",1,2,1,2,2,1,1,2,"Standard","Standard",151,"0.007","0.037",,,,,"-0.037",,-1,-1,0.378,0.378,30,22,31,23,3,2,5,1,5,1,"1.27","0.24","-0.24","48.5",,,,,
"FF","2023-09-28","92.9","1.69","6.76","Montgomery, Jordan",677594,656756,,"ball",,,,,12,,"R","R","L","SEA","TEX","B",,,0,0,2023,"0.62","1.31",0.332281947285481,4.148507213708789,,,641487,2,5,"Bot",,,,,,,-4.85933090543353,-135.31616775914134,-3.8260803679173754,8.597274820058747,27.393228681688125,-15.449598635309005,3.39457194998882,1.63795695973369,,,,"93.6",2337,"6.5",716397,641680,663993,543760,673962,608369,694497,665750,666969,"54.01",,,,,,,,37,1,"4-Seam Fastball",1,2,1,2,2,1,1,2,"Standard","Standard",152,"0.003","0.03",,,,,"-0.03",,-1,-1,0.375,0.375,30,22,31,23,3,2,5,1,5,1,"1.31","0.62","-0.62","45.2",,,,,
"SI","2023-09-28","91.7","1.45","6.79","Montgomery, Jordan",641487,656756,"single","hit_into_play",,,,,4,"J.P. Crawford singles on a line drive to left fielder Evan Carter. Jose Caballero out at 3rd on the throw, left fielder Evan Carter to third baseman Josh Jung.","R","L","L","SEA","TEX","X",7,"line_drive",1,2,2023,"1.35","0.88",-0.3361866756821512,2.360527253403966,,,676609,1,5,"Bot",64.32,121.67,,,,,-7.446698769620253,-133.23381191533244,-7.216840826293777,17.644621249445528,29.042411373257423,-20.335130373883736,3.24,1.53,234,"79.5",21,"91.8",2214,"6.5",716397,641680,663993,543760,673962,608369,694497,665750,666969,"54.05",0.876,0.813,"0.9",1,1,0,4,36,4,"Sinker",1,2,1,2,2,1,1,2,"Infield shade","Standard",148,"-0.031","0.487","72.7","7.2",,0.958,"-0.487","88.0",-1,-1,0.406,0.406,30,28,31,28,3,2,5,1,5,1,"1.85","1.35","1.35","45.9",-6.706689855569614,10.267778941731947,33.52399052699174,42.86736506907235,25.883295495169286
"SI","2023-09-28","89.9","1.42","6.83","Montgomery, Jordan",641487,656756,,"called_strike",,,,,3,,"R","L","L","SEA","TEX","S",,,1,1,2023,"1.38","0.82",0.30309489531503986,3.050714288926593,,,676609,1,5,"Bot",,,,,,,-5.7328017407827865,-130.7614598980793,-5.152094844335213,17.08885406389775,27.10643470540926,-21.89745038211497,3.22046816794264,1.53155551701897,,,,"90.4",2127,"6.6",716397,641680,663993,543760,673962,608369,694497,665750,666969,"53.94",,,,,,,,36,3,"Sinker",1,2,1,2,2,1,1,2,"Standard","Standard",146,"-0.012","-0.055",,,,,"0.055",,-1,-1,0.418,0.418,30,28,31,28,3,2,5,1,5,1,"2","1.38","1.38","51.2",,,,,
"SI","2023-09-28","91","1.42","6.8","Montgomery, Jordan",641487,656756,,"called_strike",,,,,1,,"R","L","L","SEA","TEX","S",,,1,0,2023,"1.31","0.84",-0.7385881522264697,2.8370792517626806,,,676609,1,5,"Bot",,,,,,,-8.24164837474315,-132.29867773036383,-5.851109552526131,17.118761953185874,27.334214125806277,-21.267559167722688,3.22046816794264,1.51027354263251,,,,"91.3",2071,"6.4",716397,641680,663993,543760,673962,608369,694497,665750,666969,"54.05",,,,,,,,36,2,"Sinker",1,2,1,2,2,1,1,2,"Standard","Standard",150,"-0.008","-0.053",,,,,"0.053",,-1,-1,0.426,0.426,30,28,31,28,3,2,5,1,5,1,"1.91","1.31","1.31","48.6",,,,,
"SI","2023-09-28","89.2","1.45","6.84","Montgomery, Jordan",641487,656756,,"ball",,,,,11,,"R","L","L","SEA","TEX","B",,,0,0,2023,"1.11","1.1",-0.3966834675205788,3.7922096439798327,,,676609,1,5,"Bot",,,,,,,-6.89899435934852,-129.77716137001275,-3.812476590808123,13.944963136727981,25.93513124698264,-19.127421139917253,3.24595151954682,1.51027354263251,,,,"89.6",2032,"6.4",716397,641680,663993,543760,673962,608369,694497,665750,666969,"54.07",,,,,,,,36,1,"Sinker",1,2,1,2,2,1,1,2,"Standard","Standard",144,"0.006","0.036",,,,,"-0.036",,-1,-1,0.42,0.42,30,28,31,28,3,2,5,1,5,1,"1.76","1.11","1.11","47.3",,,,,
"FF","2023-09-28","92.9","1.64","6.69","Montgomery, Jordan",664034,656756,"field_out","hit_into_play",,,,,2,"Ty France pops out to second baseman Marcus Semien.","R","R","L","SEA","TEX","X",4,"popup",2,2,2023,"0.86","1.42",-0.14780634369229262,2.791058254039206,,663728,664238,2,4,"Bot",132.89,124.12,,,,,-6.481704308587197,-135.0699295753905,-7.378473671325268,11.846870717569656,27.782886770649686,-13.31791184844754,3.28,1.49,191,"96.4",62,"93.5",2330,"6.6",716397,641680,663993,543760,673962,608369,694497,665750,666969,"53.93",0.029,0.034,"0",1,0,0,3,30,5,"4-Seam Fastball",1,2,1,2,2,1,1,2,"Standard","Standard",145,"-0.05","-0.246","72.6","7.8",,0.042,"0.246","96.4",-1,-1,0.412,0.412,30,28,31,29,2,1,5,1,5,1,"1.21","0.86","-0.86","49.3",24.87930301887493,-7.9152907520641955,31.651114023094383,32.60071363111362,32.09286379043796
"CH","2023-09-28","84.9","1.55","6.56","Montgomery, Jordan",664034,656756,,"blocked_ball",,,,,14,,"R","R","L","SEA","TEX","B",,,1,2,2023,"0.85","1.21",1.0225472817497898,0.1634099086780132,,663728,664238,2,4,"Bot",,,,,,,-2.9460978551481403,-123.26984011292271,-11.121040455771972,9.208788979266608,24.266910622943136,-17.83184554061771,3.11852604734768,1.40385557352149,,,,"85.5",1742,"6.8",716397,641680,663993,543760,673962,608369,694497,665750,666969,"53.75",,,,,,,,30,4,"Changeup",1,2,1,2,2,1,1,2,"Standard","Standard",137,"0.009","0.033",,,,,"-0.033",,-1,-1,0.403,0.403,30,28,31,29,2,1,5,1,5,1,"1.96","0.85","-0.85","47.7",,,,,
"FF","2023-09-28","93.2","1.55","6.73","Montgomery, Jordan",664034,656756,,"ball",,,,,11,,"R","R","L","SEA","TEX","B",,,0,2,2023,"0.57","1.34",-0.12478909805400762,3.9302311745408716,,663728,664238,2,4,"Bot",,,,,,,-5.563982185763493,-135.6940822316503,-4.422802971127327,8.238758772853254,28.60397172175539,-14.81813854636715,3.26053403042624,1.57411779806314,,,,"93.6",2328,"6.4",716397,641680,663993,543760,673962,608369,694497,665750,666969,"54.08",,,,,,,,30,3,"4-Seam Fastball",1,2,1,2,2,1,1,2,"Standard","Standard",149,"0.006","0.018",,,,,"-0.018",,-1,-1,0.397,0.397,30,28,31,29,2,1,5,1,5,1,"1.27","0.57","-0.57","46.6",,,,,
"FF","2023-09-28","93.1","1.52","6.74","Montgomery, Jordan",664034,656756,,"foul",,,,,11,,"R","R","L","SEA","TEX","S",,,0,1,2023,"0.78","1.3",-0.8494365791372638,2.692283648664078,,663728,664238,2,4,"Bot",,,,,,,-7.830706183576885,-135.32229740360478,-7.519924453919831,11.268400541108894,27.53390438709102,-14.708607126207706,3.28,1.49,2,"63.5",-47,"93.6",2357,"6.5",716397,641680,663993,543760,673962,608369,694497,665750,666969,"53.99",,,,,,,,30,2,"4-Seam Fastball",1,2,1,2,2,1,1,2,"Standard","Standard",145,"-0.015","-0.061","38.1","5.5",,,"0.061","88.0",-1,-1,0.412,0.412,30,28,31,29,2,1,5,1,5,1,"1.32","0.78","-0.78","47.5",-29.136331611597804,42.36766067575293,47.775898484073664,23.677384507141937,10.431161630960094
"FF","2023-09-28","92.1","1.49","6.75","Montgomery, Jordan",664034,656756,,"called_strike",,,,,1,,"R","R","L","SEA","TEX","S",,,0,0,2023,"0.56","1.37",-0.4972748502795854,2.9189119513744597,,663728,664238,2,4,"Bot",,,,,,,-6.304961491134556,-133.95603319901053,-6.928383870582571,8.035590170519065,27.133216160935334,-14.373973557760076,3.26053403042624,1.48899102038433,,,,"92.9",2395,"6.6",716397,641680,663993,543760,673962,608369,694497,665750,666969,"53.86",,,,,,,,30,1,"4-Seam Fastball",1,2,1,2,2,1,1,2,"Standard","Standard",150,"-0.009","-0.04",,,,,"0.04",,-1,-1,0.421,0.421,30,28,31,29,2,1,5,1,5,1,"1.31","0.56","-0.56","48.0",,,,,
"SI","2023-09-28","94","1.6","6.77","Montgomery, Jordan",664238,656756,"walk","ball",,,,,13,"Dylan Moore walks.","R","R","L","SEA","TEX","B",,,3,2,2023,"1.14","1.03",-0.20642171471928328,1.3657855621922266,,663728,,2,4,"Bot",,,,,,,-7.242953117793039,-136.46848972287702,-10.594833518809715,15.866907876438015,28.5226891065705,-17.22128530898605,3.45825188572298,1.57411779806314,,,,"94.5",2181,"6.6",716397,641680,663993,543760,673962,608369,694497,665750,666969,"53.91",,0.695903,"0.7",1,0,0,,29,9,"Sinker",1,2,1,2,2,1,1,2,"Standard","Standard",142,"0.013","0.162",,,,,"-0.162",,-1,-1,0.408,0.408,30,30,31,31,2,1,5,1,5,2,"1.56","1.14","-1.14","47.3",,,,,
"SI","2023-09-28","92.9","1.56","6.84","Montgomery, Jordan",664238,656756,,"foul",,,,,12,,"R","R","L","SEA","TEX","S",,,3,2,2023,"1.39","0.71",1.1287105619595874,2.8361021176025645,,663728,,2,4,"Bot",,,,,,,-4.168438298967192,-135.27978195350912,-6.092206630765967,18.048452074194927,27.063266332633244,-22.414254775020208,3.42,1.58,217,"73.3",44,"93.5",2078,"6.4",716397,641680,663993,543760,673962,608369,694497,665750,666969,"54.09",,,,,,,,29,8,"Sinker",1,2,1,2,2,1,1,2,"Standard","Standard",149,"0","0","69.1","6.4",,,"0","88.0",-1,-1,0.408,0.408,30,30,31,31,2,1,5,1,5,2,"1.91","1.39","-1.39","49.0",-2.0682657994325333,18.512620566846753,25.514955512720668,50.493847324268955,18.44234589152225
"CU","2023-09-28","78.6","1.59","6.76","Montgomery, Jordan",664238,656756,,"foul",,,,,6,,"R","R","L","SEA","TEX","S",,,3,2,2023,"-0.31","-0.63",0.7821166020680733,2.4176820071340157,,663728,,2,4,"Bot",,,,,,,-1.1740287623763805,-114.56025686435677,-1.5051910514932647,-2.5980365850078293,18.797844595309975,-37.74384054046915,3.42,1.58,188,"68.3",43,"79",2250,"6.2",716397,641680,663993,543760,673962,608369,694497,665750,666969,"54.26",,,,,,,,29,7,"Curveball",1,2,1,2,2,1,1,2,"Standard","Standard",314,"0","0","64.0","6.6",,,"0","88.0",-1,-1,0.408,0.408,30,30,31,31,2,1,5,1,5,2,"4.28","-0.31","0.31","49.1",0.38648759378214775,14.665924665036119,32.791504659350544,46.794245366167466,20.74058892043604
"SI","2023-09-28","92.5","1.31","6.83","Montgomery, Jordan",664238,656756,,"ball",,,,,14,,"R","R","L","SEA","TEX","B",,,2,2,2023,"1.27","0.87",1.243251795528955,1.0985237904950211,,663728,,2,4,"Bot",,,,,,,-2.9426293197564064,-134.37397638719912,-10.713518368251828,16.078003124522954,26.80441742263095,-19.60156401498176,3.40076581870986,1.59539809264588,,,,"92.7",2061,"6.3",716397,641680,663993,543760,673962,608369,694497,665750,666969,"54.16",,,,,,,,29,6,"Sinker",1,2,1,2,2,1,1,2,"Standard","Standard",146,"0.009","0.051",,,,,"-0.051",,-1,-1,0.399,0.399,30,30,31,31,2,1,5,1,5,2,"1.78","1.27","-1.27","47.4",,,,,
"CU","2023-09-28","80.5","1.43","6.78","Montgomery, Jordan",664238,656756,,"ball",,,,,13,,"R","R","L","SEA","TEX","B",,,1,2,2023,"-0.33","-0.64",-0.30960196523845895,1.3468828636599617,,663728,,2,4,"Bot",,,,,,,-3.2331773343700267,-117.24023394936636,-4.198843903955371,-2.4752641216228652,21.663472469178313,-37.495762319764665,3.40076581870986,1.57411779806314,,,,"80.7",2303,"6.3",716397,641680,663993,543760,673962,608369,694497,665750,666969,"54.18",,,,,,,,29,5,"Curveball",1,2,1,2,2,1,1,2,"Standard","Standard",326,"0.006","0.015",,,,,"-0.015",,-1,-1,0.393,0.393,30,30,31,31,2,1,5,1,5,2,"4.14","-0.33","0.33","50.7",,,,,
"CH","2023-09-28","84.6","1.29","6.63","Montgomery, Jordan",664238,656756,,"ball",,,,,13,,"R","R","L","SEA","TEX","B",,,0,2,2023,"0.93","1.13",-0.3661988894586523,-0.31082241918383713,,,663728,2,4,"Bot",,,,,,,-5.739514451359581,-122.74507429943667,-12.208058688240452,10.497717220577144,21.219724605303554,-18.64648667484021,3.47947654870065,1.59539809264588,,,,"85.5",1726,"6.7",716397,641680,663993,543760,673962,608369,694497,665750,666969,"53.76",,,,,,,,29,4,"Changeup",1,2,1,2,2,1,1,2,"Standard","Standard",135,"0.013","0.02",,,,,"-0.02",,-1,-1,0.38,0.38,30,30,31,31,2,1,5,1,5,2,"2.04","0.93","-0.93","52.6",,,,,
"CU","2023-09-28","79.9","1.42","6.81","Montgomery, Jordan",664238,656756,,"foul",,,,,9,,"R","R","L","SEA","TEX","S",,,0,2,2023,"-0.36","-0.8",0.7747069710340919,1.6115585721824597,,,663728,2,4,"Bot",,,,,,,-0.7496956633979457,-116.40401554003108,-3.319270519782795,-3.1847524139102137,19.53628362450237,-39.11219135887326,3.42,1.58,134,"66.6",21,"80.4",2260,"6.3",716397,641680,663993,543760,673962,608369,694497,665750,666969,"54.15",,,,,,,,29,3,"Curveball",1,2,1,2,2,1,1,2,"Standard","Standard",323,"0","0","49.9","6.3",,,"0","88.0",-1,-1,0.38,0.38,30,30,31,31,2,1,5,1,5,2,"4.33","-0.36","0.36","50.3",-3.550170788717176,37.547287041573114,33.73058271009563,45.943867207427914,9.117676330134172
"CU","2023-09-28","79.2","1.47","6.73","Montgomery, Jordan",664238,656756,,"called_strike",,,,,7,,"R","R","L","SEA","TEX","S",,,0,1,2023,"-0.39","-0.7",-0.3951050196112669,1.7957621623679803,,,663728,2,4,"Bot",,,,,,,-3.3497391494356994,-115.37417644275642,-2.7519548581468136,-2.955141385764408,19.633321839481887,-38.19040828417719,3.47947654870065,1.61667781521513,,,,"79.8",2283,"6.4",716397,641680,663993,543760,673962,608369,694497,665750,666969,"54.06",,,,,,,,29,2,"Curveball",1,2,1,2,2,1,1,2,"Standard","Standard",323,"-0.008","-0.055",,,,,"0.055",,-1,-1,0.388,0.388,30,30,31,31,2,1,5,1,5,2,"4.3","-0.39","0.39","50.1",,,,,
"CU","2023-09-28","79.7","1.52","6.75","Montgomery, Jordan",664238,656756,,"called_strike",,,,,8,,"R","R","L","SEA","TEX","S",,,0,0,2023,"-0.43","-0.61",-0.027732047928378856,2.0110551569732267,,,663728,2,4,"Bot",,,,,,,-2.5935156790602414,-116.19313969844725,-2.61853226884239,-3.5129675545727017,19.881321279279184,-37.43718653421513,3.43702622758181,1.59539809264588,,,,"80.3",2346,"6.4",716397,641680,663993,543760,673962,608369,694497,665750,666969,"54.13",,,,,,,,29,1,"Curveball",1,2,1,2,2,1,1,2,"Standard","Standard",314,"-0.004","-0.045",,,,,"0.045",,-1,-1,0.392,0.392,30,30,31,31,2,1,5,1,5,2,"4.15","-0.43","0.43","47.9",,,,,
"CH","2023-09-28","84.4","1.35","6.73","Montgomery, Jordan",641487,656756,"field_out","hit_into_play",,,,,8,"J.P. Crawford flies out to shortstop Corey Seager.","R","L","L","SEA","TEX","X",6,"fly_ball",2,1,2023,"0.86","1.23",-0.16023948643901065,1.8302707636920497,,664059,,2,3,"Bot",100.98,120.22,,,,,-5.250241997920239,-122.66821602933028,-7.540947962114312,9.669563517528283,22.69402764992926,-18.453769274096118,3.24,1.53,208,"70.6",48,"85",1668,"6.6",716397,641680,663993,543760,673962,608369,694497,665750,666969,"53.92",0.179,0.188,"0",1,0,0,3,20,4,"Changeup",0,1,0,1,1,0,0,1,"Standard","Standard",136,"-0.041","-0.29","76.8","8.7",,0.252,"0.29","88.0",-1,-1,0.418,0.418,30,28,31,28,2,1,5,1,5,1,"1.96","0.86","0.86","48.9",23.71003112231716,-24.44279060198968,30.23683563652252,42.319742139474315,53.716989583229584
"SI","2023-09-28","93.6","1.45","6.86","Montgomery, Jordan",641487,656756,,"ball",,,,,13,,"R","L","L","SEA","TEX","B",,,1,1,2023,"1.07","0.95",-1.0887833338262496,1.610925663102622,,664059,,2,3,"Bot",,,,,,,-8.928352885057038,-135.80510063716633,-9.922270508018496,15.193562821657462,28.415151685790875,-18.444263856692427,3.22046816794264,1.51027354263251,,,,"93.9",2077,"6.5",716397,641680,663993,543760,673962,608369,694497,665750,666969,"53.98",,,,,,,,20,3,"Sinker",0,1,0,1,1,0,0,1,"Standard","Standard",145,"0.003","0.021",,,,,"-0.021",,-1,-1,0.415,0.415,30,28,31,28,2,1,5,1,5,1,"1.66","1.07","1.07","50.2",,,,,
"SI","2023-09-28","91.4","1.49","6.85","Montgomery, Jordan",641487,656756,,"foul",,,,,6,,"R","L","L","SEA","TEX","S",,,1,0,2023,"1.21","0.97",0.5641922703399469,2.6104481272290987,,664059,,2,3,"Bot",,,,,,,-4.936781349006708,-132.94841200713446,-6.942742818339606,15.382954802490831,26.712218871096425,-19.42098252254516,3.24,1.53,370,"105.8",27,"91.8",2128,"6.4",716397,641680,663993,543760,673962,608369,694497,665750,666969,"54.09",,,,,,,,20,2,"Sinker",0,1,0,1,1,0,0,1,"Standard","Standard",150,"-0.003","-0.046","75.9","8.2",,,"0.046","105.8",-1,-1,0.418,0.418,30,28,31,28,2,1,5,1,5,1,"1.75","1.21","1.21","49.3",18.34958195012214,-18.89732774627919,30.29786745838359,34.52166019961929,44.692132849914096
"CU","2023-09-28","80.3","1.64","6.74","Montgomery, Jordan",641487,656756,,"blocked_ball",,,,,13,,"R","L","L","SEA","TEX","B",,,0,0,2023,"-0.58","-0.64",-0.2236448783882911,0.4685258025771115,,664059,,2,3,"Bot",,,,,,,-3.031063554404602,-116.94103187638386,-6.04872173075304,-4.809700819059258,20.92027461816217,-37.16906190915257,3.18224290795036,1.48899102038433,,,,"80.8",2319,"6.5",716397,641680,663993,543760,673962,608369,694497,665750,666969,"54.02",,,,,,,,20,1,"Curveball",0,1,0,1,1,0,0,1,"Standard","Standard",318,"0.001","0.02",,,,,"-0.02",,-1,-1,0.417,0.417,30,28,31,28,2,1,5,1,5,1,"4.15","-0.58","-0.58","49.3",,,,,
"CU","2023-09-28","80.6","1.52","6.63","Montgomery, Jordan",676609,656756,"field_out","hit_into_play",,,,,13,"Jose Caballero flies out to right fielder Adolis Garcia.","R","R","L","SEA","TEX","X",9,"fly_ball",2,2,2023,"-0.26","-0.51",-0.2610084331011606,1.1331276627392053,,664059,,1,3,"Bot",151.75,111.65,,,,,-3.4909751741634207,-117.38557510631226,-4.621213445724663,-1.7521018207528065,21.260878262740025,-36.310203496976186,3,1.35,227,"73.9",39,"81.2",2260,"6.5",716397,641680,663993,543760,673962,608369,694497,665750,666969,"53.95",0.221,0.21,"0",1,0,0,3,19,5,"Curveball",0,1,0,1,1,0,0,1,"Standard","Standard",320,"-0.037","-0.238","54.0","6.6",,0.285,"0.238","88.0",-1,-1,0.454,0.454,30,26,31,27,1,0,5,1,5,3,"4.01","-0.26","0.26","49.8",6.741944531181043,-7.183392285929372,40.01090159960261,29.097532249542407,39.01742929278099
"SI","2023-09-28","92.8","1.55","6.87","Montgomery, Jordan",676609,656756,,"foul",,,,,3,,"R","R","L","SEA","TEX","S",,,2,1,2023,"1.14","0.94",0.6955324522440365,3.1173502351445155,,664059,,1,3,"Bot",,,,,,,-4.671756170960635,-135.03727601519307,-5.92650297705659,14.926742973690065,26.213697966946462,-19.625618855902584,3,1.35,312,"94.6",25,"93.3",2179,"6.3",716397,641680,663993,543760,673962,608369,694497,665750,666969,"54.16",,,,,,,,19,4,"Sinker",0,1,0,1,1,0,0,1,"Standard","Standard",150,"-0.009","-0.09","64.5","5.7",,,"0.09","94.6",-1,-1,0.463,0.463,30,26,31,27,1,0,5,1,5,3,"1.69","1.14","-1.14","48.3",4.816659377300547,22.950995673463623,24.565691817691345,40.47732279303076,23.91166001391362
"SI","2023-09-28","92.5","1.68","6.76","Montgomery, Jordan",676609,656756,,"ball",,,,,14,,"R","R","L","SEA","TEX","B",,,1,1,2023,"1.19","0.92",0.8568690885320298,1.6954339602686117,,664059,,1,3,"Bot",,,,,,,-4.698062576270152,-134.5091470048292,-9.189022249753446,15.53093917957718,25.929748279344416,-19.330005482367074,3.11852604734768,1.36128471987127,,,,"93.1",2139,"6.4",716397,641680,663993,543760,673962,608369,694497,665750,666969,"54.07",,,,,,,,19,3,"Sinker",0,1,0,1,1,0,0,1,"Standard","Standard",149,"0.005","0.052",,,,,"-0.052",,-1,-1,0.458,0.458,30,26,31,27,1,0,5,1,5,3,"1.73","1.19","-1.19","49.2",,,,,
"CU","2023-09-28","78.7","1.63","6.73","Montgomery, Jordan",676609,656756,,"ball",,,,,12,,"R","R","L","SEA","TEX","B",,,0,1,2023,"-0.37","-0.73",1.2975593591183727,2.9823728353928485,,664059,,1,3,"Bot",,,,,,,-0.029871523528917074,-114.75586520083722,-0.048865888636564714,-3.32948697476981,18.881104891965197,-38.830233287013876,3.01231339202472,1.38257040251827,,,,"79.3",2297,"6.4",716397,641680,663993,543760,673962,608369,694497,665750,666969,"54.12",,,,,,,,19,2,"Curveball",0,1,0,1,1,0,0,1,"Infield shade","Standard",320,"0.004","0.024",,,,,"-0.024",,-1,-1,0.454,0.454,30,26,31,27,1,0,5,1,5,3,"4.36","-0.37","0.37","50.0",,,,,
"SI","2023-09-28","93.1","1.5","6.78","Montgomery, Jordan",676609,656756,,"called_strike",,,,,5,,"R","R","L","SEA","TEX","S",,,0,0,2023,"1.18","0.75",-0.0025500423905406855,2.3115928774378656,,,664059,1,3,"Bot",,,,,,,-6.462644752453308,-135.36146355444043,-7.429226030353455,15.843592557738999,25.242038314980046,-21.563766129919316,3.35211376429006,1.40385557352149,,,,"93.9",2088,"6.5",716397,641680,663993,543760,673962,608369,694497,665750,666969,"54.05",,,,,,,,19,1,"Sinker",0,1,0,1,1,0,0,1,"Standard","Standard",149,"0.014","-0.042",,,,,"0.042",,-1,-1,0.44,0.44,30,26,31,27,1,0,5,1,5,3,"1.85","1.18","-1.18","48.4",,,,,
"SI","2023-09-23","92.8","1.57","6.7","Montgomery, Jordan",663728,656756,"field_out","hit_into_play",,,,,5,"Cal Raleigh flies out to center fielder Leody Taveras.","R","R","L","TEX","SEA","X",8,"fly_ball",3,1,2023,"1.29","0.97",-0.08094700469978355,2.4956551829433877,,,606192,2,5,"Top",145.35,37.95,,,,,-7.064935056566077,-134.97758146747384,-7.177742253781148,17.233036732311515,27.003968732910145,-18.934874042638306,3.48,1.67,406,"101.1",25,"93.6",2231,"6.6",716461,641680,663993,543760,673962,608369,694497,665750,666969,"53.91",0.571,1.0440256410256414,"0",1,0,0,6,39,5,"Sinker",2,0,0,2,0,2,0,2,"Standard","Standard",146,"0.039","-0.399","75.3","7.4",,2.022,"0.399","101.1",2,-2,0.773,0.22699999999999998,30,26,31,27,3,2,5,1,5,1,"1.66","1.29","-1.29","44.1",8.9105284257504,3.0036753986594094,34.60663442323793,37.86561265023147,30.574261838426914
"CH","2023-09-23","83","1.51","6.56","Montgomery, Jordan",663728,656756,,"ball",,,,,14,,"R","R","L","TEX","SEA","B",,,2,1,2023,"1.04","0.93",1.2346340651593333,1.5630934462816308,,,606192,2,5,"Top",,,,,,,-2.693143674951806,-120.78433125574675,-6.879821221078262,10.67315402551506,22.26485250272143,-21.929920340204628,3.49918161244304,1.80140276324467,,,,"84",1615,"6.8",716461,641680,663993,543760,673962,608369,694497,665750,666969,"53.7",,,,,,,,39,4,"Changeup",2,0,0,2,0,2,0,2,"Standard","Standard",134,"-0.008","0.097",,,,,"-0.097",,2,-2,0.781,0.21899999999999997,30,26,31,27,3,2,5,1,5,1,"2.36","1.04","-1.04","46.8",,,,,
"FF","2023-09-23","91.9","1.67","6.71","Montgomery, Jordan",663728,656756,,"ball",,,,,11,,"R","R","L","TEX","SEA","B",,,1,1,2023,"0.38","1.5",-0.10612951959508454,4.247984522355731,,,606192,2,5,"Top",,,,,,,-5.350747160343635,-133.84672526868886,-3.7036759033934317,5.669981139183362,26.558935742163563,-13.510906735449352,3.48000295011596,1.66921429888642,,,,"92.8",2401,"6.6",716461,641680,663993,543760,673962,608369,694497,665750,666969,"53.92",,,,,,,,39,3,"4-Seam Fastball",2,0,0,2,0,2,0,2,"Standard","Standard",148,"-0.004","0.036",,,,,"-0.036",,2,-2,0.785,0.21499999999999997,30,26,31,27,3,2,5,1,5,1,"1.18","0.38","-0.38","44.9",,,,,
"CU","2023-09-23","79.6","1.61","6.62","Montgomery, Jordan",663728,656756,,"swinging_strike",,,,,7,,"R","R","L","TEX","SEA","S",,,1,0,2023,"-0.29","-0.71",-0.5907463142165768,1.5800667586272055,,,606192,2,5,"Top",,,,,,,-4.319230289142558,-115.93299824311295,-3.0499789713987315,-1.8839775810083825,20.480147271546397,-38.255995675269894,3.48,1.67,,,,"80.3",2309,"6.6",716461,641680,663993,543760,673962,608369,694497,665750,666969,"53.88",,,,,,,,39,2,"Curveball",2,0,0,2,0,2,0,2,"Standard","Standard",321,"0.004","-0.05","69.7","9.2","6.699961164",,"0.05",,2,-2,0.781,0.21899999999999997,30,26,31,27,3,2,5,1,5,1,"4.28","-0.29","0.29","48.3",33.31385689983612,-53.48217752353143,32.64967217073061,32.851132366837234,62.686727829840166
"FF","2023-09-23","92.2","1.62","6.69","Montgomery, Jordan",663728,656756,,"ball",,,,,11,,"R","R","L","TEX","SEA","B",,,0,0,2023,"0.51","1.43",-1.4476541546957853,3.2141537023191393,,,606192,2,5,"Top",,,,,,,-8.997276648390967,-134.01521229973983,-6.202520982339913,7.923214450536146,26.477433307752523,-13.768192691967919,3.54393092307102,1.71378226499157,,,,"93.5",2352,"6.9",716461,641680,663993,543760,673962,608369,694497,665750,666969,"53.58",,,,,,,,39,1,"4-Seam Fastball",2,0,0,2,0,2,0,2,"Standard","Standard",154,"-0.003","0.03",,,,,"-0.03",,2,-2,0.784,0.21599999999999997,30,26,31,27,3,2,5,1,5,1,"1.24","0.51","-0.51","45.2",,,,,
"CU","2023-09-23","81.7","1.37","6.57","Montgomery, Jordan",676609,656756,"strikeout","swinging_strike_blocked",,,,,13,"Jose Caballero strikes out swinging, catcher Jonah Heim to first baseman Nathaniel Lowe.","R","R","L","TEX","SEA","S",2,,0,2,2023,"-0.14","-0.83",-1.2889384461764182,-0.15031394807427745,,664238,664059,2,4,"Top",,,,,,,-5.760877635244665,-118.62745078653111,-6.897975245987807,-0.11775136756044645,25.00149475742613,-38.7273423204964,2.96,1.34,,,,"82",2436,"6.8",716461,641680,663993,543760,673962,608369,694497,665750,666969,"53.66",,0,"0",1,0,0,,29,3,"Curveball",1,0,0,1,0,1,0,1,"Standard","Standard",327,"0.034","-0.195",,,,,"0.195",,1,-1,0.651,0.349,30,26,31,27,2,1,5,5,5,4,"4.29","-0.14","0.14","48.4",,,,,
"CU","2023-09-23","80.8","1.61","6.57","Montgomery, Jordan",676609,656756,,"called_strike",,,,,9,,"R","R","L","TEX","SEA","S",,,0,1,2023,"-0.24","-0.44",0.43310008156572366,1.4134327946837497,,664238,664059,2,4,"Top",,,,,,,-2.1843001438076155,-117.66173821228081,-4.010428452397643,-1.8017808479917394,22.827660910119977,-35.70155925065541,2.98104149156105,1.33312907153917,,,,"81.3",2339,"6.6",716461,641680,663993,543760,673962,608369,694497,665750,666969,"53.85",,,,,,,,29,2,"Curveball",1,0,0,1,0,1,0,1,"Standard","Standard",321,"0.014","-0.061",,,,,"0.061",,1,-1,0.637,0.363,30,26,31,27,2,1,5,5,5,4,"3.93","-0.24","0.24","48.5",,,,,
"SI","2023-09-23","93.6","1.57","6.66","Montgomery, Jordan",676609,656756,,"foul",,,,,8,,"R","R","L","TEX","SEA","S",,,0,0,2023,"1.15","1.15",-0.06685264203411623,1.4001707877640563,,664238,664059,2,4,"Top",,,,,,,-6.8016323626669095,-135.84201576478029,-10.400891070279753,15.762281929257046,29.89686254996483,-15.809703790128692,2.96,1.34,17,"100.1",-5,"94.1",2198,"6.7",716461,641680,663993,543760,673962,608369,694497,665750,666969,"53.77",,,,,,,,29,1,"Sinker",1,0,0,1,0,1,0,1,"Standard","Standard",148,"0.008","-0.04",,,,,"0.04","100.1",1,-1,0.629,0.371,30,26,31,27,2,1,5,5,5,4,"1.47","1.15","-1.15","44.8",,,,,
"SI","2023-09-23","90.1","1.61","6.65","Montgomery, Jordan",664059,656756,"walk","ball",,,,,14,"Sam Haggerty walks.","R","R","L","TEX","SEA","B",,,3,1,2023,"1.45","0.96",0.7365444656614237,1.045994483719398,,664238,,2,4,"Top",,,,,,,-5.2917107506616095,-130.86896555763954,-10.06653111670684,17.727382125098295,27.893424398026415,-19.219855209117558,3.15106284365045,1.48633147527906,,,,"91",2162,"6.9",716461,641680,663993,543760,673962,608369,694497,665750,666969,"53.55",,0.695903,"0.7",1,0,0,,28,5,"Sinker",1,0,0,1,0,1,0,1,"Standard","Standard",143,"-0.009","0.075",,,,,"-0.075",,1,-1,0.638,0.362,30,29,31,29,2,1,5,1,5,1,"1.86","1.45","-1.45","43.4",,,,,
"CU","2023-09-23","80.2","1.59","6.62","Montgomery, Jordan",664059,656756,,"ball",,,,,13,,"R","R","L","TEX","SEA","B",,,2,1,2023,"-0.48","-0.48",-0.4460812696303783,1.2032446587630625,,664238,,2,4,"Top",,,,,,,-3.624605927032038,-116.75514058484792,-4.422349664799472,-3.7200254326936864,21.26000109625109,-35.97855373677476,3.15206024202299,1.48739770053081,,,,"81",2335,"6.7",716461,641680,663993,543760,673962,608369,694497,665750,666969,"53.79",,,,,,,,28,4,"Curveball",1,0,0,1,0,1,0,1,"Standard","Standard",318,"-0.004","0.069",,,,,"-0.069",,1,-1,0.642,0.358,30,29,31,29,2,1,5,1,5,1,"4.01","-0.48","0.48","48.8",,,,,
"CH","2023-09-23","84.1","1.52","6.48","Montgomery, Jordan",664059,656756,,"ball",,,,,14,,"R","R","L","TEX","SEA","B",,,1,1,2023,"0.93","0.89",1.1435159870483544,1.4708422469214169,,664238,,2,4,"Top",,,,,,,-2.7619548597777785,-122.24356917931414,-7.034416057283866,9.90792097044076,24.694038127966092,-22.011331650662846,3.20000347745631,1.53209212333432,,,,"84.8",1672,"6.9",716461,641680,663993,543760,673962,608369,694497,665750,666969,"53.63",,,,,,,,28,3,"Changeup",1,0,0,1,0,1,0,1,"Standard","Standard",137,"-0.004","0.021",,,,,"-0.021",,1,-1,0.646,0.354,30,29,31,29,2,1,5,1,5,1,"2.34","0.93","-0.93","46.8",,,,,
"CH","2023-09-23","83.7","1.47","6.6","Montgomery, Jordan",664059,656756,,"swinging_strike",,,,,8,,"R","R","L","TEX","SEA","S",,,1,0,2023,"0.99","0.83",0.24940199473493563,1.6400841117183877,,664238,,2,4,"Top",,,,,,,-4.8176647372447485,-121.76995052515726,-6.7088044746541575,10.828743241017545,23.84545375011969,-22.812154646172974,3.2,1.49,,,,"84.5",1649,"6.8",716461,641680,663993,543760,673962,608369,694497,665750,666969,"53.7",,,,,,,,28,2,"Changeup",1,0,0,1,0,1,0,1,"Standard","Standard",134,"0.004","-0.046",,,,,"0.046",,1,-1,0.642,0.358,30,29,31,29,2,1,5,1,5,1,"2.43","0.99","-0.99","48.2",,,,,
"CU","2023-09-23","80.3","1.7","6.64","Montgomery, Jordan",664059,656756,,"ball",,,,,14,,"R","R","L","TEX","SEA","B",,,0,0,2023,"-0.32","-0.6",1.118971830311488,1.8944069283217395,,664238,,2,4,"Top",,,,,,,-0.6768674234536158,-117.00383330970399,-2.683234894069405,-2.7974841225505256,22.855534921940674,-37.381890396414704,3.28834679740347,1.57912025407455,,,,"80.8",2330,"6.6",716461,641680,663993,543760,673962,608369,694497,665750,666969,"53.89",,,,,,,,28,1,"Curveball",1,0,0,1,0,1,0,1,"Standard","Standard",320,"-0.002","0.02",,,,,"-0.02",,1,-1,0.644,0.356,30,29,31,29,2,1,5,1,5,1,"4.14","-0.32","0.32","52.4",,,,,
"FF","2023-09-23","94.2","1.68","6.55","Montgomery, Jordan",663728,656756,"strikeout","swinging_strike",,,,,13,"Cal Raleigh strikes out swinging.","R","R","L","TEX","SEA","S",2,,3,2,2023,"0.51","1.32",-1.054352811696232,1.1078378431246647,,641487,606192,2,3,"Top",,,,,,,-8.273167708941227,-136.5874159052374,-11.417101756574244,8.194323612954244,30.182660422909127,-13.215766649459788,3.48,1.67,,,,"94.7",2246,"6.8",716461,641680,663993,543760,673962,608369,694497,665750,666969,"53.69",,0,"0",1,0,0,,21,6,"4-Seam Fastball",1,0,0,1,0,1,0,1,"Standard","Standard",146,"0.057","-0.311","70.1","8.5","0.634156404",,"0.311",,1,-1,0.612,0.388,30,26,31,27,2,1,5,1,5,1,"1.27","0.51","-0.51","43.0",18.759543823420433,-22.318250336891598,43.065796640618174,26.069148110655455,38.36443317020867
"CU","2023-09-23","82.2","1.5","6.49","Montgomery, Jordan",663728,656756,,"blocked_ball",,,,,13,,"R","R","L","TEX","SEA","B",,,2,2,2023,"-0.17","-0.11",-2.310437457471045,-0.7793414134952994,,641487,606192,2,3,"Top",,,,,,,-8.39005373237022,-119.18135653288536,-9.786243714771357,-0.026006392180866776,23.080012548250835,-31.471867601845474,3.47999800123785,1.59315106148868,,,,"83",2316,"7.1",716461,641680,663993,543760,673962,608369,694497,665750,666969,"53.43",,,,,,,,21,5,"Curveball",1,0,0,1,0,1,0,1,"Standard","Standard",331,"-0.014","0.064",,,,,"-0.064",,1,-1,0.626,0.374,30,26,31,27,2,1,5,1,5,1,"3.51","-0.17","0.17","47.4",,,,,
"CH","2023-09-23","83.7","1.43","6.56","Montgomery, Jordan",663728,656756,,"foul",,,,,14,,"R","R","L","TEX","SEA","S",,,2,1,2023,"1.02","1.06",1.0511871067564997,2.0069763475367868,,641487,606192,2,3,"Top",,,,,,,-2.929500152755959,-121.76232089023802,-6.192946150658368,10.752949530468529,24.733864996523305,-20.637585815823435,3.48,1.67,2,"59.8",-42,"84.3",1668,"6.8",716461,641680,663993,543760,673962,608369,694497,665750,666969,"53.7",,,,,,,,21,4,"Changeup",1,0,0,1,0,1,0,1,"Standard","Standard",138,"0.012","-0.06","70.0","8.8",,,"0.06","88.0",1,-1,0.614,0.386,30,26,31,27,2,1,5,1,5,1,"2.21","1.02","-1.02","47.5",17.83835748582713,-14.85563492127725,29.364376917381865,50.62808410004918,41.65657748818717
"FF","2023-09-23","93.1","1.64","6.63","Montgomery, Jordan",663728,656756,,"ball",,,,,11,,"R","R","L","TEX","SEA","B",,,1,1,2023,"0.59","1.4",-0.9919014565109509,2.6472953547193554,,641487,606192,2,3,"Top",,,,,,,-8.131294876418721,-135.10418979777458,-7.580372481615764,9.046484583676982,30.288631916294467,-13.47439518451881,3.56951147938553,1.72180500719934,,,,"93.9",2324,"7",716461,641680,663993,543760,673962,608369,694497,665750,666969,"53.52",,,,,,,,21,3,"4-Seam Fastball",1,0,0,1,0,1,0,1,"Standard","Standard",150,"-0.007","0.025",,,,,"-0.025",,1,-1,0.621,0.379,30,26,31,27,2,1,5,1,5,1,"1.25","0.59","-0.59","45.1",,,,,
"FF","2023-09-23","92.8","1.66","6.65","Montgomery, Jordan",663728,656756,,"foul",,,,,4,,"R","R","L","TEX","SEA","S",,,1,0,2023,"0.46","1.33",-0.3778725990960413,2.404136103091516,,641487,606192,2,3,"Top",,,,,,,-6.246858513743299,-134.9706951355848,-8.058177424011182,6.949845168906591,27.37751844837085,-14.347414775272004,3.48,1.67,196,"71",24,"93.5",2383,"6.6",716461,641680,663993,543760,673962,608369,694497,665750,666969,"53.94",,,,,,,,21,2,"4-Seam Fastball",1,0,0,1,0,1,0,1,"Standard","Standard",147,"0.007","-0.045","68.5","6.1",,,"0.045","88.0",1,-1,0.614,0.386,30,26,31,27,2,1,5,1,5,1,"1.3","0.46","-0.46","44.3",-9.521397181734287,27.958265607128045,43.089214494191154,32.589473419288105,14.271997170441365
"FF","2023-09-23","93.7","1.58","6.7","Montgomery, Jordan",663728,656756,,"ball",,,,,11,,"R","R","L","TEX","SEA","B",,,0,0,2023,"0.56","1.27",-0.6780692960055336,3.9951859395976665,,641487,606192,2,3,"Top",,,,,,,-7.098323085404999,-136.31195350137526,-4.0949869211045815,8.446299231878763,28.580892953766874,-15.604577063509794,3.5704698532658,1.76733575555085,,,,"94.4",2354,"6.6",716461,641680,663993,543760,673962,608369,694497,665750,666969,"53.86",,,,,,,,21,1,"4-Seam Fastball",1,0,0,1,0,1,0,1,"Standard","Standard",149,"-0.004","0.03",,,,,"-0.03",,1,-1,0.618,0.382,30,26,31,27,2,1,5,1,5,1,"1.32","0.56","-0.56","47.9",,,,,
"SI","2023-09-23","92.8","1.6","6.68","Montgomery, Jordan",606192,656756,"walk","ball",,,,,12,"Teoscar Hernandez walks.","R","R","L","TEX","SEA","B",,,3,0,2023,"1.29","0.85",1.3468221670894727,2.7641675497949656,,641487,,2,3,"Top",,,,,,,-3.477129154066664,-135.03526481237316,-6.115798203478286,16.513116372493368,29.387258502858508,-20.613936907110816,3.34806969720707,1.67746800437298,,,,"93.2",2125,"6.6",716461,641680,663993,543760,673962,608369,694497,665750,666969,"53.95",,0.695903,"0.7",1,0,0,,20,4,"Sinker",1,0,0,1,0,1,0,1,"Standard","Standard",142,"-0.005","0.052",,,,,"-0.052",,1,-1,0.623,0.377,30,30,31,31,2,1,5,1,5,1,"1.79","1.29","-1.29","43.6",,,,,
"CH","2023-09-23","83.9","1.52","6.54","Montgomery, Jordan",606192,656756,,"ball",,,,,12,,"R","R","L","TEX","SEA","B",,,2,0,2023,"0.81","1.27",1.6845354349842503,2.586176715836607,,641487,,2,3,"Top",,,,,,,-1.2276974412194481,-122.18543230408989,-5.3513405865149375,8.330796630679552,22.922463474373746,-18.58952994888382,3.34629617330475,1.58629819902046,,,,"84.9",1645,"6.8",716461,641680,663993,543760,673962,608369,694497,665750,666969,"53.72",,,,,,,,20,3,"Changeup",1,0,0,1,0,1,0,1,"Standard","Standard",136,"-0.004","0.037",,,,,"-0.037",,1,-1,0.627,0.373,30,30,31,31,2,1,5,1,5,1,"1.95","0.81","-0.81","47.9",,,,,
"CU","2023-09-23","79.6","1.6","6.63","Montgomery, Jordan",606192,656756,,"ball",,,,,13,,"R","R","L","TEX","SEA","B",,,1,0,2023,"-0.25","-0.68",-0.04026752044116466,1.0933518077483706,,641487,,2,3,"Top",,,,,,,-3.165587334620292,-115.86187927593583,-4.134116808254552,-1.6288345540663833,22.02489907938063,-37.749844110393205,3.34970841893356,1.58969703370483,,,,"80.2",2391,"6.7",716461,641680,663993,543760,673962,608369,694497,665750,666969,"53.78",,,,,,,,20,2,"Curveball",1,0,0,1,0,1,0,1,"Standard","Standard",327,"-0.003","0.029",,,,,"-0.029",,1,-1,0.63,0.37,30,30,31,31,2,1,5,1,5,1,"4.28","-0.25","0.25","47.2",,,,,
"CH","2023-09-23","83.2","1.53","6.56","Montgomery, Jordan",606192,656756,,"ball",,,,,12,,"R","R","L","TEX","SEA","B",,,0,0,2023,"0.78","1.05",1.1364872504766768,2.996514006054123,,641487,,2,3,"Top",,,,,,,-2.4626117556902023,-121.22259502762375,-3.841646882507722,8.20826845004887,22.905445975154503,-21.22356607376251,3.34877500280294,1.63346422877239,,,,"84.1",1535,"6.8",716461,641680,663993,543760,673962,608369,694497,665750,666969,"53.75",,,,,,,,20,1,"Changeup",1,0,0,1,0,1,0,1,"Standard","Standard",131,"-0.001","0.02",,,,,"-0.02",,1,-1,0.631,0.369,30,30,31,31,2,1,5,1,5,1,"2.22","0.78","-0.78","46.0",,,,,
"CH","2023-09-23","83.8","1.5","6.59","Montgomery, Jordan",677594,656756,"field_out","hit_into_play",,,,,12,"Julio Rodriguez grounds out, third baseman Josh Jung to first baseman Nathaniel Lowe. J.P. Crawford to 2nd.","R","R","L","TEX","SEA","X",5,"ground_ball",2,2,2023,"0.78","1.07",1.3271374226370705,2.914658015779641,,,641487,1,3,"Top",107.27,164.88,,,,,-1.9569765603532208,-121.99479320238247,-4.186758763359715,8.151419770893833,25.370215809366734,-20.92265511503764,3.26,1.5,3,"66.6",-48,"84.3",1611,"6.7",716461,641680,663993,543760,673962,608369,694497,665750,666969,"53.78",0.252,0.235,"0",1,0,0,2,19,5,"Changeup",1,0,0,1,0,1,0,1,"Standard","Standard",136,"0.017","-0.308","79.6","8.4",,0.277,"0.308","88.0",1,-1,0.614,0.386,30,22,31,23,2,1,5,1,5,1,"2.19","0.78","-0.78","48.1",18.110555195350326,-4.092708181299927,21.293924693804847,52.66939434166241,38.44671237907741
"CU","2023-09-23","82.4","1.56","6.54","Montgomery, Jordan",677594,656756,,"blocked_ball",,,,,13,,"R","R","L","TEX","SEA","B",,,1,2,2023,"-0.11","-0.6",-1.3676924014050762,0.6577112307636694,,,641487,1,3,"Top",,,,,,,-6.492473645172719,-119.77224244487917,-5.714095372806633,0.1954903752306504,22.84850852538657,-37.05182945212261,3.36776808676208,1.58641262927549,,,,"83",2417,"6.7",716461,641680,663993,543760,673962,608369,694497,665750,666969,"53.77",,,,,,,,19,4,"Curveball",1,0,0,1,0,1,0,1,"Standard","Standard",326,"-0.005","0.047",,,,,"-0.047",,1,-1,0.619,0.381,30,22,31,23,2,1,5,1,5,1,"3.96","-0.11","0.11","48.7",,,,,
"CH","2023-09-23","82.9","1.56","6.55","Montgomery, Jordan",677594,656756,,"swinging_strike",,,,,14,,"R","R","L","TEX","SEA","S",,,1,1,2023,"0.83","1.15",1.004356676741864,1.559439235112294,,,641487,1,3,"Top",,,,,,,-2.9259125798504404,-120.66606368604683,-7.284775584246725,8.703198313229025,22.29471133305117,-19.696614248672056,3.26,1.5,,,,"84",1707,"6.9",716461,641680,663993,543760,673962,608369,694497,665750,666969,"53.62",,,,,,,,19,3,"Changeup",1,0,0,1,0,1,0,1,"Standard","Standard",137,"0.008","-0.055","74.8","9.7","2.679414948",,"0.055",,1,-1,0.611,0.389,30,22,31,23,2,1,5,1,5,1,"2.15","0.83","-0.83","46.3",19.39927276063638,-35.66391071858306,33.54242097098581,49.40500957114786,51.41914369231709
"FF","2023-09-23","92.1","1.61","6.63","Montgomery, Jordan",677594,656756,,"swinging_strike",,,,,13,,"R","R","L","TEX","SEA","S",,,1,0,2023,"0.33","1.43",-1.54835562746104,1.9931110750240992,,,641487,1,3,"Top",,,,,,,-8.798285254262225,-133.7136608922134,-9.130297918072193,5.770234030021721,27.43920284816265,-13.164490943175144,3.26,1.5,,,,"93",2340,"6.9",716461,641680,663993,543760,673962,608369,694497,665750,666969,"53.64",,,,,,,,19,2,"4-Seam Fastball",1,0,0,1,0,1,0,1,"Standard","Standard",143,"0.007","-0.053","42.8","6.5","9.7061085",,"0.053",,1,-1,0.604,0.396,30,22,31,23,2,1,5,1,5,1,"1.26","0.33","-0.33","44.1",-1.4259286161092328,18.33375410104804,31.134154224769404,19.30749037612101,27.86133231191858
"FF","2023-09-23","93.3","1.63","6.69","Montgomery, Jordan",677594,656756,,"ball",,,,,11,,"R","R","L","TEX","SEA","B",,,0,0,2023,"0.37","1.41",-1.090997861183384,3.579471722220779,,,641487,1,3,"Top",,,,,,,-7.8653921998683245,-135.68151198430166,-5.413395871498478,6.257246705022416,27.963545159865724,-13.665705652551516,3.32201637521165,1.54083699627221,,,,"94",2377,"6.6",716461,641680,663993,543760,673962,608369,694497,665750,666969,"53.87",,,,,,,,19,1,"4-Seam Fastball",1,0,0,1,0,1,0,1,"Standard","Standard",149,"-0.005","0.036",,,,,"-0.036",,1,-1,0.609,0.391,30,22,31,23,2,1,5,1,5,1,"1.19","0.37","-0.37","45.6",,,,,
"CU","2023-09-23","80.3","1.47","6.62","Montgomery, Jordan",664059,656756,"strikeout","swinging_strike",,,,,14,"Sam Haggerty strikes out swinging.","R","R","L","TEX","SEA","S",2,,0,2,2023,"-0.25","-0.63",0.14688805525500453,1.2738344845018439,,,664034,2,2,"Top",,,,,,,-2.4962510482352407,-117.02202005564641,-4.0292902810472215,-1.826793702466712,21.271973825734534,-37.477374059100924,3.2,1.49,,,,"81.4",2299,"6.9",716461,641680,663993,543760,673962,608369,694497,665750,666969,"53.63",,0,"0",1,0,0,,11,3,"Curveball",0,0,0,0,0,0,0,0,"Standard","Standard",325,"0.014","-0.186","81.0","8.5","3.802238064",,"0.186",,0,0,0.537,0.46299999999999997,30,29,31,29,1,0,5,1,5,1,"4.15","-0.25","0.25","47.9",23.725443661110816,-39.31660662754695,25.63511344106204,41.69805861703026,48.87684793112523
"CH","2023-09-23","82.6","1.52","6.63","Montgomery, Jordan",664059,656756,,"swinging_strike",,,,,12,,"R","R","L","TEX","SEA","S",,,0,1,2023,"0.49","1.06",1.2363202284237276,2.6885604066366127,,,664034,2,2,"Top",,,,,,,-1.6090944194620334,-120.28805382230281,-4.5903766259464565,5.077558339662695,22.617081241537026,-21.211651669462263,3.2,1.49,,,,"83.5",1445,"6.8",716461,641680,663993,543760,673962,608369,694497,665750,666969,"53.7",,,,,,,,11,2,"Changeup",0,0,0,0,0,0,0,0,"Standard","Standard",132,"0.006","-0.055","62.6","6.5","1.7438538",,"0.055",,0,0,0.531,0.469,30,29,31,29,1,0,5,1,5,1,"2.27","0.49","-0.49","47.1",-1.8138140203426905,21.999006538533916,23.1325872414728,53.24399766708123,12.865016952167007
"CU","2023-09-23","80","1.54","6.64","Montgomery, Jordan",664059,656756,,"called_strike",,,,,7,,"R","R","L","TEX","SEA","S",,,0,0,2023,"-0.06","-0.59",-0.49023705027731135,1.5845479347449496,,,664034,2,2,"Top",,,,,,,-4.377756980445781,-116.4045100908272,-3.3240449548886986,0.26374859891035024,22.228727042073903,-37.146898730681976,3.28967462236745,1.52025824747968,,,,"80.4",2250,"6.6",716461,641680,663993,543760,673962,608369,694497,665750,666969,"53.87",,,,,,,,11,1,"Curveball",0,0,0,0,0,0,0,0,"Standard","Standard",316,"0.003","-0.045",,,,,"0.045",,0,0,0.528,0.472,30,29,31,29,1,0,5,1,5,1,"4.16","-0.06","0.06","48.0",,,,,
"CU","2023-09-23","80.8","1.61","6.68","Montgomery, Jordan",664238,656756,"strikeout","swinging_strike_blocked",,,,,14,"Dylan Moore strikes out swinging.","R","R","L","TEX","SEA","S",2,,1,2,2023,"0.04","-0.57",0.4530304819706393,0.6799435598339789,,,664034,1,2,"Top",,,,,,,-2.6767049414468285,-117.68107659536095,-5.68378845339727,0.9194344867305234,22.30070563044813,-36.56579318507953,3.43000054617092,1.58999948107399,,,,"81.5",2287,"6.7",716461,641680,663993,543760,673962,608369,694497,665750,666969,"53.82",,0,"0",1,0,0,,10,4,"Curveball",0,0,0,0,0,0,0,0,"Standard","Standard",317,"0.022","-0.183","71.2","8.7","4.031481348",,"0.183",,0,0,0.506,0.494,30,30,31,31,1,0,5,1,5,1,"4.05","0.04","-0.04","46.8",19.534748560195485,-30.23188135642732,39.425812553073925,42.64685349620878,43.11507642834549
"CH","2023-09-23","83.8","1.48","6.63","Montgomery, Jordan",664238,656756,,"swinging_strike",,,,,9,,"R","R","L","TEX","SEA","S",,,1,1,2023,"0.63","1.25",0.48537480900543084,1.8277517899893323,,,664034,1,2,"Top",,,,,,,-3.572064910642557,-121.87835605030098,-7.251044103710788,6.926289617635006,22.61595635070011,-18.510425020322703,3.43,1.59,,,,"84.9",1530,"6.9",716461,641680,663993,543760,673962,608369,694497,665750,666969,"53.6",,,,,,,,10,3,"Changeup",0,0,0,0,0,0,0,0,"Standard","Standard",129,"0.007","-0.055","77.3","8.4","3.105556752",,"0.055",,0,0,0.499,0.501,30,30,31,31,1,0,5,1,5,1,"1.98","0.63","-0.63","46.9",23.47689507914292,-29.956402250556824,36.7925452414186,42.653748422484355,47.70082230059502
"CH","2023-09-23","83.5","1.55","6.6","Montgomery, Jordan",664238,656756,,"foul",,,,,14,,"R","R","L","TEX","SEA","S",,,1,0,2023,"0.69","1.29",0.9212024962554731,2.3636471560278967,,,664034,1,2,"Top",,,,,,,-2.8314206684699066,-121.4880978396985,-5.8995479754497895,7.353793953864472,23.418936318339295,-18.478065875066154,3.43,1.59,,,,"84.4",1586,"6.8",716461,641680,663993,543760,673962,608369,694497,665750,666969,"53.68",,,,,,,,10,2,"Changeup",0,0,0,0,0,0,0,0,"Standard","Standard",133,"0.006","-0.053","28.2","6.2",,,"0.053",,0,0,0.493,0.507,30,30,31,31,1,0,5,1,5,1,"1.98","0.69","-0.69","47.8",12.53550016977425,27.62498457678782,30.13056301626861,48.066780303694934,16.162421934083536
"SI","2023-09-23","92.5","1.56","6.62","Montgomery, Jordan",664238,656756,,"blocked_ball",,,,,14,,"R","R","L","TEX","SEA","B",,,0,0,2023,"1.55","0.81",0.6489540830050786,0.5374496772449462,,,664034,1,2,"Top",,,,,,,-5.743360110320269,-134.26077620495914,-11.533960981620023,19.96191700971574,28.696584052011207,-20.04891599578994,3.52527192540243,1.77394063546245,,,,"93.2",2122,"6.8",716461,641680,663993,543760,673962,608369,694497,665750,666969,"53.66",,,,,,,,10,1,"Sinker",0,0,0,0,0,0,0,0,"Standard","Standard",137,"-0.004","0.036",,,,,"-0.036",,0,0,0.497,0.503,30,30,31,31,1,0,5,1,5,1,"1.86","1.55","-1.55","43.8",,,,,
"CH","2023-09-23","83.3","1.48","6.61","Montgomery, Jordan",663728,656756,"field_out","hit_into_play",,,,,6,"Cal Raleigh pops out to first baseman Nathaniel Lowe in foul territory.","R","R","L","TEX","SEA","X",3,"popup",1,0,2023,"0.72","1.11",0.7498937042759397,2.359891054383254,,,606192,2,1,"Top",174.97,182.41,,,,,-3.1077028141993024,-121.22486203095251,-5.522184475047377,7.678099603706812,23.779195772215157,-20.345325383667095,3.48,1.67,125,"75.4",70,"83.8",1396,"6.6",716461,641680,663993,543760,673962,608369,694497,665750,666969,"53.86",0.001,0,"0",1,0,0,3,4,2,"Changeup",0,0,0,0,0,0,0,0,"Standard","Standard",131,"0.024","-0.316","68.7","7.6",,0.001,"0.316","88.0",0,0,0.524,0.476,30,26,31,27,1,0,5,1,5,1,"2.17","0.72","-0.72","46.2",14.874226087372863,2.1712135364479077,25.14659429835998,46.205874500899796,37.020645147288086
"FF","2023-09-23","91.9","1.64","6.74","Montgomery, Jordan",663728,656756,,"ball",,,,,12,,"R","R","L","TEX","SEA","B",,,0,0,2023,"0.57","1.04",0.4466476033346658,4.566865589160982,,,606192,2,1,"Top",,,,,,,-4.27499877964629,-133.74371333492618,-1.898127425036063,7.7495126923277695,29.608519258556832,-19.53437076762472,3.5441218671921,1.74060366698488,,,,"92.3",2051,"6.6",716461,641680,663993,543760,673962,608369,694497,665750,666969,"53.91",,,,,,,,4,1,"4-Seam Fastball",0,0,0,0,0,0,0,0,"Standard","Standard",148,"-0.002","0.03",,,,,"-0.03",,0,0,0.526,0.474,30,26,31,27,1,0,5,1,5,1,"1.67","0.57","-0.57","46.8",,,,,
"CU","2023-09-23","80.9","1.65","6.7","Montgomery, Jordan",606192,656756,"fielders_choice_out","hit_into_play",,,,,8,"Teoscar Hernandez reaches on a fielder's choice out, shortstop Corey Seager to third baseman Josh Jung. Julio Rodriguez out at 3rd.","R","R","L","TEX","SEA","X",6,"ground_ball",0,1,2023,"-0.22","-0.44",0.24558752079048093,1.9146065646198607,,677594,,1,1,"Top",110.29,147.36,,,,,-2.733036399847982,-117.77667876501388,-3.1628582140905332,-1.466883037940713,23.64623804571682,-35.85429134028822,3.49,1.63,64,"103.1",3,"81.1",2244,"6.5",716461,641680,663993,543760,673962,608369,694497,665750,666969,"53.98",0.589,0.568,"0",1,0,0,4,3,2,"Curveball",0,0,0,0,0,0,0,0,"Standard","Standard",320,"0.04","-0.237","74.5","8.3",,0.694,"0.237","103.1",0,0,0.486,0.514,30,30,31,31,1,0,5,1,5,1,"3.94","-0.22","0.22","45.6",41.68617553761323,8.20697304196144,23.29870138355372,41.30744554973105,35.9261153835445
"CU","2023-09-23","79.2","1.6","6.64","Montgomery, Jordan",606192,656756,,"called_strike",,,,,7,,"R","R","L","TEX","SEA","S",,,0,0,2023,"0","-0.45",-0.4374228330150002,1.621389767680665,,677594,,1,1,"Top",,,,,,,-4.486680634755302,-115.25626086033286,-3.314435024875577,0.8973896132362514,22.214751643889674,-35.75298315156762,3.33410027011129,1.59464136337413,,,,"79.6",2200,"6.7",716461,641680,663993,543760,673962,608369,694497,665750,666969,"53.83",,,,,,,,3,1,"Curveball",0,0,0,0,0,0,0,0,"Standard","Standard",325,"0.005","-0.038",,,,,"0.038",,0,0,0.481,0.519,30,30,31,31,1,0,5,1,5,1,"4.09","0","0","46.4",,,,,
"SI","2023-09-18","94.5","1.72","6.68","Montgomery, Jordan",678882,656756,"field_out","hit_into_play",,,,,2,"Ceddanne Rafaela flies out to right fielder Adolis Garcia.","R","R","L","TEX","BOS","X",9,"fly_ball",3,2,2023,"1.22","0.92",-0.09117724206822442,2.7783156722072526,,649966,,2,5,"Top",212.89,107.84,,,,,-7.496036973531031,-137.27411008554867,-6.588805864792027,17.069557589221176,30.228470976387253,-19.192300689702865,3.3,1.52,311,"92.5",28,"95.2",2197,"6.8",716533,641680,663993,543760,673962,608369,694497,665750,666969,"53.69",0.071,0.089,"0",1,0,0,3,33,7,"Sinker",1,1,1,1,1,1,1,1,"Standard","Standard",146,"0.048","-0.272","68.3","6.2",,0.165,"0.272","92.5",0,0,0.519,0.481,30,22,31,23,3,2,5,1,5,2,"1.64","1.22","-1.22","43.9",5.642019520913495,19.388264255198706,31.561382464606062,35.86640116846627,21.530754277301615
"CU","2023-09-18","80.5","1.59","6.66","Montgomery, Jordan",678882,656756,,"foul",,,,,8,,"R","R","L","TEX","BOS","S",,,3,2,2023,"-0.08","-0.67",0.13539052095331072,1.6385696287693605,,649966,,2,5,"Top",,,,,,,-3.089622576990912,-117.20044174852306,-3.2120534552159166,-0.17988859469116528,21.90813956471343,-38.00707104112843,3.3,1.52,,,,"81",2315,"6.6",716533,641680,663993,543760,673962,608369,694497,665750,666969,"53.94",,,,,,,,33,6,"Curveball",1,1,1,1,1,1,1,1,"Standard","Standard",319,"0","0","68.7","8.1",,,"0",,0,0,0.519,0.481,30,22,31,23,3,2,5,1,5,2,"4.19","-0.08","0.08","50.0",24.517126866235774,-23.41008603077966,31.71447607206871,38.810354568635525,47.41269963407942
"SI","2023-09-18","94.5","1.61","6.7","Montgomery, Jordan",678882,656756,,"ball",,,,,11,,"R","R","L","TEX","BOS","B",,,2,2,2023,"1.25","0.68",-0.8011805702215125,3.5246516545986153,,649966,,2,5,"Top",,,,,,,-9.149530190866619,-137.434777259819,-4.157163545736538,17.77446627737436,28.551633056446416,-22.87103608566084,3.24902329758313,1.48664361060325,,,,"95.7",2153,"6.9",716533,641680,663993,543760,673962,608369,694497,665750,666969,"53.65",,,,,,,,33,5,"Sinker",1,1,1,1,1,1,1,1,"Standard","Standard",152,"-0.009","0.051",,,,,"-0.051",,0,0,0.528,0.472,30,22,31,23,3,2,5,1,5,2,"1.87","1.25","-1.25","45.8",,,,,
"FF","2023-09-18","93.6","1.64","6.63","Montgomery, Jordan",678882,656756,,"ball",,,,,11,,"R","R","L","TEX","BOS","B",,,1,2,2023,"0.32","1.24",-1.5879618734510783,2.8381613795751024,,649966,,2,5,"Top",,,,,,,-9.125822024429267,-136.0098066020218,-6.9044787771640905,5.829886176435528,26.446673977050903,-15.4055139052912,3.27574323323224,1.45999656249183,,,,"95",2216,"6.9",716533,641680,663993,543760,673962,608369,694497,665750,666969,"53.6",,,,,,,,33,4,"4-Seam Fastball",1,1,1,1,1,1,1,1,"Standard","Standard",149,"-0.007","0.015",,,,,"-0.015",,0,0,0.535,0.46499999999999997,30,22,31,23,3,2,5,1,5,2,"1.34","0.32","-0.32","46.6",,,,,
"CU","2023-09-18","80","1.65","6.65","Montgomery, Jordan",678882,656756,,"blocked_ball",,,,,13,,"R","R","L","TEX","BOS","B",,,0,2,2023,"-0.35","-0.59",-0.9749682905154637,-0.25853008702988545,,649966,,2,5,"Top",,,,,,,-5.13608419618893,-116.26018505580186,-7.452433106868468,-2.2896275638771186,21.02919910479878,-36.35115009097076,3.24902329758313,1.48664361060325,,,,"80.5",2279,"6.6",716533,641680,663993,543760,673962,608369,694497,665750,666969,"53.91",,,,,,,,33,3,"Curveball",1,1,1,1,1,1,1,1,"Standard","Standard",314,"-0.004","0.018",,,,,"-0.018",,0,0,0.539,0.46099999999999997,30,22,31,23,3,2,5,1,5,2,"4.15","-0.35","0.35","49.5",,,,,
"CU","2023-09-18","80.7","1.68","6.64","Montgomery, Jordan",678882,656756,,"swinging_strike",,,,,9,,"R","R","L","TEX","BOS","S",,,0,1,2023,"-0.18","-0.1",0.5778768927061817,1.5557010375376898,,649966,,2,5,"Top",,,,,,,-2.1222762174932135,-117.57118819279576,-4.538792077589967,-1.3101632089098372,21.55580226902267,-32.48093570941021,3.3,1.52,,,,"81.5",2176,"6.7",716533,641680,663993,543760,673962,608369,694497,665750,666969,"53.83",,,,,,,,33,2,"Curveball",1,1,1,1,1,1,1,1,"Standard","Standard",323,"0.011","-0.061","70.0","8.5","5.390598576",,"0.061",,0,0,0.528,0.472,30,22,31,23,3,2,5,1,5,2,"3.58","-0.18","0.18","53.1",19.060737782246488,-30.351424078184664,27.952214950642098,43.655941888472185,55.470148001497634
"SI","2023-09-18","93.7","1.6","6.65","Montgomery, Jordan",678882,656756,,"foul_bunt",,,,,5,,"R","R","L","TEX","BOS","S",,,0,0,2023,"1.28","0.83",0.11846820201107411,2.299679125983369,,649966,,2,5,"Top",,,,,,,-6.700849469785117,-136.13709598398415,-7.365221630397255,17.34021499839821,30.088630838536307,-20.369647746898178,3.3,1.52,,,,"94.3",2143,"6.7",716533,641680,663993,543760,673962,608369,694497,665750,666969,"53.75",,,,,,,,33,1,"Sinker",1,1,1,1,1,1,1,1,"Standard","Standard",147,"0.007","-0.046","8.8","1.9",,,"0.046","88.0",0,0,0.521,0.479,30,22,31,23,3,2,5,1,5,2,"1.77","1.28","-1.28","44.3",37.50871268044579,19.94222205917418,71.25105476297158,36.85336528091572,34.315220694369614
"SI","2023-09-18","93","1.68","6.65","Montgomery, Jordan",657136,656756,"field_out","hit_into_play",,,,,6,"Connor Wong grounds out, third baseman Josh Jung to first baseman Nathaniel Lowe. Luis Urias to 2nd.","R","R","L","TEX","BOS","X",5,"ground_ball",1,2,2023,"1.34","0.79",0.7769096876793693,2.2125907714705706,,,649966,1,5,"Top",110.64,179.19,,,,,-5.302246551647616,-135.170796272951,-7.397342363603083,17.611899414699213,28.879756587290974,-21.022939824468924,3.19,1.41,2,"79.1",-47,"93.7",2118,"6.7",716533,641680,663993,543760,673962,608369,694497,665750,666969,"53.79",0.143,0.144,"0",1,0,0,2,32,4,"Sinker",1,1,1,1,1,1,1,1,"Standard","Standard",146,"0.012","-0.261","71.4","7.1",,0.145,"0.261","88.0",0,0,0.509,0.491,30,27,31,27,2,1,5,2,5,1,"1.84","1.34","-1.34","44.5",16.671065736645563,9.136753378641723,29.857392990100625,42.28981055714186,32.28385884728067
"SI","2023-09-18","94.4","1.68","6.65","Montgomery, Jordan",657136,656756,,"ball",,,,,11,,"R","R","L","TEX","BOS","B",,,0,2,2023,"1.21","0.77",-0.8433246881039038,3.1030235430887165,,,649966,1,5,"Top",,,,,,,-9.35193659661439,-137.09670074015295,-5.285408459494306,17.351683766931824,29.16678715824225,-21.431556220947066,3.22230509533925,1.48664361060325,,,,"95.2",2140,"6.8",716533,641680,663993,543760,673962,608369,694497,665750,666969,"53.71",,,,,,,,32,3,"Sinker",1,1,1,1,1,1,1,1,"Standard","Standard",148,"-0.004","0.023",,,,,"-0.023",,0,0,0.513,0.487,30,27,31,27,2,1,5,2,5,1,"1.79","1.21","-1.21","48.5",,,,,
"SI","2023-09-18","93.4","1.57","6.72","Montgomery, Jordan",657136,656756,,"called_strike",,,,,1,,"R","R","L","TEX","BOS","S",,,0,1,2023,"1.36","0.77",-0.296052454971935,3.0590385036653176,,,649966,1,5,"Top",,,,,,,-7.863338421073009,-135.81698609738953,-5.409060975784194,18.565122551253907,29.625142603744433,-21.667667296798246,3.32918836643617,1.43335055666503,,,,"94.2",2092,"6.8",716533,641680,663993,543760,673962,608369,694497,665750,666969,"53.7",,,,,,,,32,2,"Sinker",1,1,1,1,1,1,1,1,"Standard","Standard",146,"0.01","-0.053",,,,,"0.053",,0,0,0.503,0.497,30,27,31,27,2,1,5,2,5,1,"1.85","1.36","-1.36","47.3",,,,,
"CU","2023-09-18","78.1","1.61","6.73","Montgomery, Jordan",657136,656756,,"called_strike",,,,,6,,"R","R","L","TEX","BOS","S",,,0,0,2023,"-0.5","-0.52",0.39876403775334196,2.3744301356058712,,,649966,1,5,"Top",,,,,,,-1.7072994118533855,-113.86070492946634,-1.611877678531397,-4.046561612635935,19.70699574132591,-36.6381587027895,3.24902329758313,1.43335055666503,,,,"78.6",2164,"6.4",716533,641680,663993,543760,673962,608369,694497,665750,666969,"54.06",,,,,,,,32,1,"Curveball",1,1,1,1,1,1,1,1,"Standard","Standard",315,"0.006","-0.042",,,,,"0.042",,0,0,0.497,0.503,30,27,31,27,2,1,5,2,5,1,"4.23","-0.5","0.5","49.1",,,,,
"CH","2023-09-18","83.6","1.7","6.53","Montgomery, Jordan",649966,656756,"single","hit_into_play",,,,,12,"Luis Urias singles on a ground ball to center fielder Leody Taveras. Bobby Dalbec scores.","R","R","L","TEX","BOS","X",8,"ground_ball",2,2,2023,"0.67","0.97",1.215275315480226,2.835453987024226,,666915,,1,5,"Top",125.18,83.49,,,,,-2.452853147337212,-121.84006377177003,-4.092787465069074,7.149309553731445,22.218658181933648,-21.893888988732694,3.05,1.43,62,"92.1",3,"84.7",1413,"6.7",716533,641680,663993,543760,673962,608369,694497,665750,666969,"53.77",0.429,0.399,"0.9",1,1,0,4,31,5,"Changeup",1,0,0,1,1,1,1,1,"Standard","Standard",134,"-0.121","0.596","68.2","7.8",,0.489,"-0.596","92.1",1,-1,0.618,0.382,30,26,31,26,2,1,5,2,5,1,"2.26","0.67","-0.67","46.9",23.677749360802736,6.160016798948106,25.788020898305778,51.5866663876262,23.81374641072172
"SI","2023-09-18","94.8","1.65","6.68","Montgomery, Jordan",649966,656756,,"ball",,,,,11,,"R","R","L","TEX","BOS","B",,,1,2,2023,"1.28","0.7",-0.9574147761868248,2.2747894984087766,,666915,,1,5,"Top",,,,,,,-9.777946696125142,-137.63647865292077,-7.471103101519139,18.44384303837723,29.545848363296948,-21.828048498893715,3.11544931596502,1.43335055666503,,,,"95.7",2184,"6.9",716533,641680,663993,543760,673962,608369,694497,665750,666969,"53.62",,,,,,,,31,4,"Sinker",1,0,0,1,0,1,0,1,"Standard","Standard",147,"-0.008","0.04",,,,,"-0.04",,1,-1,0.626,0.374,30,26,31,26,2,1,5,2,5,1,"1.85","1.28","-1.28","50.5",,,,,
"CU","2023-09-18","80.6","1.67","6.62","Montgomery, Jordan",649966,656756,,"blocked_ball",,,,,14,,"R","R","L","TEX","BOS","B",,,0,2,2023,"-0.24","-0.36",0.0920107025649829,0.38789927409485125,,666915,,1,5,"Top",,,,,,,-3.0775532003259882,-117.2889147581646,-6.579300323609447,-1.6623395846252726,20.948441959728147,-34.54554902903591,3.19558861121054,1.51329171203839,,,,"81.4",2315,"6.7",716533,641680,663993,543760,673962,608369,694497,665750,666969,"53.79",,,,,,,,31,3,"Curveball",1,0,0,1,0,1,0,1,"Infield shade","Standard",325,"-0.005","0.015",,,,,"-0.015",,1,-1,0.631,0.369,30,26,31,26,2,1,5,2,5,1,"3.85","-0.24","0.24","44.7",,,,,
"SI","2023-09-18","94.9","1.72","6.68","Montgomery, Jordan",649966,656756,,"called_strike",,,,,7,,"R","R","L","TEX","BOS","S",,,0,1,2023,"1.28","0.51",-0.6584164373944768,1.4217601528038444,,666915,,1,5,"Top",,,,,,,-9.139212474367556,-137.71668340344132,-9.320128817539578,18.275595780789356,28.63352863242905,-23.751592797017533,3.16887382998885,1.48664361060325,,,,"95.6",2162,"6.7",716533,641680,663993,543760,673962,608369,694497,665750,666969,"53.78",,,,,,,,31,2,"Sinker",1,0,0,1,0,1,0,1,"Standard","Standard",147,"0.013","-0.069",,,,,"0.069",,1,-1,0.618,0.382,30,26,31,26,2,1,5,2,5,1,"2.02","1.28","-1.28","45.4",,,,,
"CU","2023-09-18","80.1","1.55","6.59","Montgomery, Jordan",649966,656756,,"called_strike",,,,,7,,"R","R","L","TEX","BOS","S",,,0,0,2023,"-0.05","-0.46",-0.5085398259146675,1.6373793491614679,,666915,,1,5,"Top",,,,,,,-4.523433148286308,-116.6290006460405,-3.439557495735752,0.38205668890754985,20.821033880325214,-35.94033186178585,3.11544931596502,1.43335055666503,,,,"81.2",2197,"6.9",716533,641680,663993,543760,673962,608369,694497,665750,666969,"53.6",,,,,,,,31,1,"Curveball",1,0,0,1,0,1,0,1,"Standard","Standard",327,"0.007","-0.038",,,,,"0.038",,1,-1,0.611,0.389,30,26,31,26,2,1,5,2,5,1,"3.99","-0.05","0.05","46.8",,,,,
"CH","2023-09-18","83.2","1.56","6.6","Montgomery, Jordan",622569,656756,"field_out","hit_into_play",,,,,3,"Pablo Reyes grounds out, third baseman Josh Jung to first baseman Nathaniel Lowe.","R","R","L","TEX","BOS","X",5,"ground_ball",3,2,2023,"0.87","0.99",0.653641892088916,3.069168093843488,646240,,,2,4,"Top",106.4,170.71,,,,,-3.8244266953778823,-121.08165332624338,-3.5897196972343886,9.280821064310754,24.530411702875742,-21.98008295789568,3.27,1.57,5,"78.6",-30,"83.8",1516,"6.8",716533,641680,663993,543760,673962,608369,694497,665750,666969,"53.75",0.044,0.051,"0",1,0,0,2,25,6,"Changeup",1,0,0,1,0,1,0,1,"Standard","Standard",136,"0.049","-0.314","76.1","7.7",,0.046,"0.314","88.0",1,-1,0.636,0.364,30,29,31,30,2,1,5,1,5,2,"2.32","0.87","-0.87","49.0",24.719613438558525,-10.70217037917028,20.88873800742051,43.03406229362204,34.27452327843653
"SI","2023-09-18","94.3","1.59","6.64","Montgomery, Jordan",622569,656756,,"ball",,,,,13,,"R","R","L","TEX","BOS","B",,,2,2,2023,"1.24","0.71",-1.4766579802059308,1.107809947134142,646240,,,2,4,"Top",,,,,,,-10.821398353685405,-136.58586843979717,-10.292773814269177,17.985615531862585,30.828997303327654,-21.05390078437863,3.38264061929875,1.64654841030136,,,,"94.8",2109,"6.9",716533,641680,663993,543760,673962,608369,694497,665750,666969,"53.61",,,,,,,,25,5,"Sinker",1,0,0,1,0,1,0,1,"Standard","Standard",151,"-0.009","0.053",,,,,"-0.053",,1,-1,0.645,0.355,30,29,31,30,2,1,5,1,5,2,"1.88","1.24","-1.24","46.5",,,,,
"CU","2023-09-18","80.2","1.48","6.67","Montgomery, Jordan",622569,656756,,"blocked_ball",,,,,13,,"R","R","L","TEX","BOS","B",,,1,2,2023,"-0.26","-0.56",-0.2601898890002807,-0.44377317744648437,646240,,,2,4,"Top",,,,,,,-3.388603764556786,-116.57983096870154,-8.00377469474184,-1.7340524375516824,22.427361136482585,-35.96143679387219,3.40936945489666,1.64654841030136,,,,"80.8",2384,"6.8",716533,641680,663993,543760,673962,608369,694497,665750,666969,"53.7",,,,,,,,25,4,"Curveball",1,0,0,1,0,1,0,1,"Standard","Standard",315,"-0.007","0.036",,,,,"-0.036",,1,-1,0.652,0.348,30,29,31,30,2,1,5,1,5,2,"4.12","-0.26","0.26","47.4",,,,,
"SI","2023-09-18","92.5","1.73","6.73","Montgomery, Jordan",622569,656756,,"called_strike",,,,,8,,"R","R","L","TEX","BOS","S",,,1,1,2023,"1.37","0.82",0.05094869283935721,2.1855890454710414,646240,,,2,4,"Top",,,,,,,-7.303312661144692,-134.3099275922382,-7.597848315796098,18.11807913989973,28.84396921115189,-20.7541390897677,3.48956698939238,1.6732030673748,,,,"92.9",2087,"6.6",716533,641680,663993,543760,673962,608369,694497,665750,666969,"53.87",,,,,,,,25,3,"Sinker",1,0,0,1,0,1,0,1,"Standard","Standard",145,"0.012","-0.061",,,,,"0.061",,1,-1,0.64,0.36,30,29,31,30,2,1,5,1,5,2,"1.85","1.37","-1.37","47.3",,,,,
"SI","2023-09-18","92.9","1.54","6.75","Montgomery, Jordan",622569,656756,,"called_strike",,,,,11,,"R","R","L","TEX","BOS","S",,,1,0,2023,"1.21","0.94",-0.8636769303779743,2.7420651248005052,646240,,,2,4,"Top",,,,,,,-8.874762256316576,-134.92412930244478,-6.5786346327753815,16.712902759070662,29.347148793807712,-19.460073338020425,3.43490010262506,1.59211189125175,,,,"93.7",2122,"6.8",716533,641680,663993,543760,673962,608369,694497,665750,666969,"53.66",,,,,,,,25,2,"Sinker",1,0,0,1,0,1,0,1,"Standard","Standard",147,"0.003","-0.035",,,,,"0.035",,1,-1,0.637,0.363,30,29,31,30,2,1,5,1,5,2,"1.72","1.21","-1.21","46.4",,,,,
"CU","2023-09-18","80.5","1.57","6.57","Montgomery, Jordan",622569,656756,,"ball",,,,,13,,"R","R","L","TEX","BOS","B",,,0,0,2023,"-0.18","-0.27",-0.8984042614854322,-0.0764614328511457,,646240,,2,4,"Top",,,,,,,-5.197396350308043,-117.01481098692136,-7.609263796581896,-0.5942346063991056,23.291909522773885,-33.32765511860292,3.27574323323224,1.61989487423734,,,,"81.3",2336,"7",716533,641680,663993,543760,673962,608369,694497,665750,666969,"53.46",,,,,,,,25,1,"Curveball",1,0,0,1,0,1,0,1,"Standard","Standard",324,"-0.007","0.02",,,,,"-0.02",,1,-1,0.644,0.356,30,29,31,30,2,1,5,1,5,2,"3.81","-0.18","0.18","46.4",,,,,
"SI","2023-09-18","93.6","1.61","6.69","Montgomery, Jordan",594807,656756,"field_out","hit_into_play",,,,,5,"Adam Duvall lines out to shortstop Corey Seager.","R","R","L","TEX","BOS","X",6,"line_drive",0,0,2023,"1.29","0.6",-0.03784700759554771,2.7465187307907817,,646240,,1,4,"Top",110.64,154.35,,,,,-7.14921440863331,-136.04632122293322,-5.763798784831729,17.555338021192966,29.991492727193812,-23.6829400669905,3.38,1.57,149,"107.6",8,"94.1",2105,"6.7",716533,641680,663993,543760,673962,608369,694497,665750,666969,"53.82",0.734,0.69,"0",1,0,0,4,24,1,"Sinker",1,0,0,1,0,1,0,1,"Standard","Standard",146,"0.045","-0.29",,,,0.857,"0.29","107.6",1,-1,0.599,0.401,30,34,31,35,2,1,5,1,5,1,"2.01","1.29","-1.29","44.7",,,,,
"CH","2023-09-18","81.2","1.56","6.65","Montgomery, Jordan",608701,656756,"strikeout","swinging_strike",,,,,14,"Rob Refsnyder strikes out swinging.","R","R","L","TEX","BOS","S",2,,1,2,2023,"0.66","1",1.4500347316704842,2.30599742109378,,646240,,0,4,"Top",,,,,,,-1.5405205308905483,-118.31795299366088,-5.114265529634631,6.545728690263019,21.544045653537662,-21.99531811665234,3.47,1.57,,,,"82",1346,"6.7",716533,641680,663993,543760,673962,608369,694497,665750,666969,"53.83",,0,"0",1,0,0,,23,4,"Changeup",1,0,0,1,0,1,0,1,"Infield shade","Standard",130,"0.037","-0.23","67.5","8.2","2.6856621",,"0.23",,1,-1,0.562,0.43799999999999994,30,32,31,32,2,1,5,1,5,2,"2.43","0.66","-0.66","53.2",24.11489488605418,-5.409580823441769,25.041467944032895,54.503813038299306,31.357193068883923
"CU","2023-09-18","81.1","1.62","6.69","Montgomery, Jordan",608701,656756,,"ball",,,,,14,,"R","R","L","TEX","BOS","B",,,0,2,2023,"-0.22","-0.79",0.9393793507418412,0.3365351663195728,,,646240,0,4,"Top",,,,,,,-1.09939660718921,-118.018843729675,-6.084180200101719,-1.882195651651295,22.604928085981292,-38.593631013511526,3.38264061929875,1.59324244772843,,,,"81.5",2451,"6.6",716533,641680,663993,543760,673962,608369,694497,665750,666969,"53.92",,,,,,,,23,3,"Curveball",1,0,0,1,0,1,0,1,"Infield shade","Standard",325,"-0.031","0.008",,,,,"-0.008",,1,-1,0.593,0.40700000000000003,30,32,31,32,2,1,5,1,5,2,"4.26","-0.22","0.22","48.5",,,,,
"CU","2023-09-18","80","1.6","6.75","Montgomery, Jordan",608701,656756,,"swinging_strike",,,,,8,,"R","R","L","TEX","BOS","S",,,0,1,2023,"-0.22","-0.63",-0.035196970823426765,1.5492887049017474,,,646240,0,4,"Top",,,,,,,-3.2173681367722615,-116.52377285496554,-3.598090657684107,-1.380591847870955,21.800267115019075,-37.42160559927753,3.47,1.57,,,,"80.4",2272,"6.5",716533,641680,663993,543760,673962,608369,694497,665750,666969,"53.99",,,,,,,,23,2,"Curveball",1,0,0,1,0,1,0,1,"Standard","Standard",324,"0.011","-0.043","85.3","8.5","0.755094948",,"0.043",,1,-1,0.582,0.41800000000000004,30,32,31,32,2,1,5,1,5,2,"4.18","-0.22","0.22","47.5",56.80132580441813,14.884949053486013,17.89496117764559,37.01895789051177,49.313656112708074
"CU","2023-09-18","80.2","1.54","6.7","Montgomery, Jordan",608701,656756,,"swinging_strike",,,,,13,,"R","R","L","TEX","BOS","S",,,0,0,2023,"-0.22","-0.74",-0.003680673791303296,1.1748805225781873,,,646240,0,4,"Top",,,,,,,-3.022800082184988,-116.83470115842817,-4.1482563761781766,-1.396773433930978,22.457393826350884,-38.37876238634943,3.47,1.57,,,,"80.8",2376,"6.7",716533,641680,663993,543760,673962,608369,694497,665750,666969,"53.83",,,,,,,,23,1,"Curveball",1,0,0,1,0,1,0,1,"Infield shade","Standard",321,"0.006","-0.036","36.4","7.1","4.664648004",,"0.036",,1,-1,0.576,0.42400000000000004,30,32,31,32,2,1,5,1,5,2,"4.28","-0.22","0.22","48.7",8.580833194197195,14.548624063509747,35.47403484147976,36.81602306938897,19.74603756604868
"CU","2023-09-18","81","1.47","6.63","Montgomery, Jordan",678882,656756,"strikeout","swinging_strike_blocked",,,,,13,"Ceddanne Rafaela strikes out swinging, catcher Jonah Heim to first baseman Nathaniel Lowe.","R","R","L","TEX","BOS","S",2,,1,2,2023,"-0.19","-0.49",-0.6964792163903182,0.5157115520365916,,,666915,2,3,"Top",,,,,,,-4.503699346782797,-117.84726741318511,-6.1160778058314955,-0.8704772282475666,22.669905132356927,-35.72503699437543,3.3,1.52,,,,"81.4",2338,"6.6",716533,641680,663993,543760,673962,608369,694497,665750,666969,"53.89",,0,"0",1,0,0,,18,5,"Curveball",1,0,0,1,0,1,0,1,"Standard","Standard",322,"0.018","-0.206","65.7","8.3","3.099783312",,"0.206",,1,-1,0.651,0.349,30,22,31,23,2,1,5,1,5,2,"3.96","-0.19","0.19","47.5",27.588589523649883,-31.732775719689695,42.65081912682381,28.81026909758663,55.957987487341725
"FF","2023-09-18","94","1.68","6.74","Montgomery, Jordan",678882,656756,,"foul",,,,,11,,"R","R","L","TEX","BOS","S",,,1,2,2023,"0.41","1.21",-1.1325529333246362,2.825083625090377,,,666915,2,3,"Top",,,,,,,-8.234574630207051,-136.61582500611914,-7.143928026054142,6.878325528868259,28.780194902795106,-15.664135612436096,3.3,1.52,113,"62.6",73,"94.6",2290,"6.6",716533,641680,663993,543760,673962,608369,694497,665750,666969,"53.9",,,,,,,,18,4,"4-Seam Fastball",1,0,0,1,0,1,0,1,"Standard","Standard",151,"0","0",,,,,"0","88.0",1,-1,0.651,0.349,30,22,31,23,2,1,5,1,5,2,"1.37","0.41","-0.41","46.7",,,,,
"CU","2023-09-18","79.7","1.45","6.68","Montgomery, Jordan",678882,656756,,"blocked_ball",,,,,13,,"R","R","L","TEX","BOS","B",,,0,2,2023,"-0.43","-0.55",-0.3853147231333124,-0.040217240734452986,,,666915,2,3,"Top",,,,,,,-3.2426804925435917,-115.98031830085054,-7.0433479280552715,-3.301061416646127,21.850650659573283,-35.977215050279085,3.32918836643617,1.53994087791001,,,,"80.2",2306,"6.7",716533,641680,663993,543760,673962,608369,694497,665750,666969,"53.84",,,,,,,,18,3,"Curveball",1,0,0,1,0,1,0,1,"Standard","Standard",324,"-0.002","0.02",,,,,"-0.02",,1,-1,0.653,0.347,30,22,31,23,2,1,5,1,5,2,"4.14","-0.43","0.43","48.5",,,,,
"CU","2023-09-18","79.1","1.52","6.7","Montgomery, Jordan",678882,656756,,"swinging_strike_blocked",,,,,13,,"R","R","L","TEX","BOS","S",,,0,1,2023,"-0.19","-0.43",-0.5257739198185073,-0.649122369385958,,,666915,2,3,"Top",,,,,,,-4.123370545700333,-114.9281322813716,-8.44792546170902,-0.9273424640853769,21.403360340719512,-34.59662088715427,3.3,1.52,,,,"79.5",2379,"6.7",716533,641680,663993,543760,673962,608369,694497,665750,666969,"53.85",,,,,,,,18,2,"Curveball",1,0,0,1,0,1,0,1,"Standard","Standard",325,"0.006","-0.055",,,,,"0.055",,1,-1,0.647,0.353,30,22,31,23,2,1,5,1,5,2,"4.08","-0.19","0.19","48.4",,,,,
"CU","2023-09-18","82","1.52","6.68","Montgomery, Jordan",678882,656756,,"swinging_strike",,,,,13,,"R","R","L","TEX","BOS","S",,,0,0,2023,"-0.09","-0.56",-0.3728339845143031,1.2686611185025778,,,666915,2,3,"Top",,,,,,,-4.145685204715103,-119.29445353085862,-4.633264275966984,-0.059141401771561845,22.86533165111181,-36.827152766254926,3.3,1.52,,,,"82.7",2412,"6.8",716533,641680,663993,543760,673962,608369,694497,665750,666969,"53.73",,,,,,,,18,1,"Curveball",1,0,0,1,0,1,0,1,"Standard","Standard",319,"0.004","-0.045","72.6","8.4","0.319413588",,"0.045",,1,-1,0.643,0.357,30,22,31,23,2,1,5,1,5,2,"3.95","-0.09","0.09","45.1",22.10239113611189,-23.764489356804912,38.37746798055485,32.67644022591326,45.99248779511825
"CU","2023-09-18","81.3","1.48","6.8","Montgomery, Jordan",657136,656756,"field_out","hit_into_play",,,,,5,"Connor Wong lines out to third baseman Josh Jung.","R","R","L","TEX","BOS","X",5,"line_drive",1,1,2023,"-0.35","-0.59",-0.22098572687461665,2.2378727493048354,,,666915,1,3,"Top",97.83,161.39,,,,,-3.156634193625942,-118.40564203949823,-2.5170943922015603,-2.7388576216146476,22.09279376641158,-37.48799735338128,3.19,1.41,122,"80",11,"81.7",2301,"6.5",716533,641680,663993,543760,673962,608369,694497,665750,666969,"54.03",0.463,0.421,"0",1,0,0,4,17,3,"Curveball",1,0,0,1,0,1,0,1,"Standard","Standard",330,"0.032","-0.24","73.7","7.6",,0.501,"0.24","88.0",1,-1,0.611,0.389,30,27,31,27,1,0,5,2,5,1,"4.03","-0.35","0.35","48.1",37.09195004277637,8.373439595951066,20.349626186003558,31.789217757691958,36.08160878764811
"SI","2023-09-18","94.1","1.51","6.8","Montgomery, Jordan",657136,656756,,"foul",,,,,5,,"R","R","L","TEX","BOS","S",,,1,0,2023,"1.27","0.57",0.15026706673712908,2.392874496150331,,,666915,1,3,"Top",,,,,,,-6.3779505608429155,-136.90301428116484,-7.025109071276363,17.33523956972307,28.719619954800944,-23.725662762664236,3.19,1.41,270,"87.1",47,"94.7",2094,"6.5",716533,641680,663993,543760,673962,608369,694497,665750,666969,"53.95",,,,,,,,17,2,"Sinker",1,0,0,1,0,1,0,1,"Standard","Standard",146,"0.007","-0.053","73.3","6.8",,,"0.053","88.0",1,-1,0.604,0.396,30,27,31,27,1,0,5,2,5,1,"2","1.27","-1.27","47.2",2.230538513676191,9.580509052898822,36.205026377072265,35.44592764640883,26.768386202018636
"CU","2023-09-18","81.4","1.64","6.61","Montgomery, Jordan",657136,656756,,"blocked_ball",,,,,13,,"R","R","L","TEX","BOS","B",,,0,0,2023,"-0.22","-0.68",-0.344901094991274,-0.47704649057305915,,,666915,1,3,"Top",,,,,,,-4.061796014627367,-118.3387425412051,-8.0193429222886,-1.2899080268881613,23.357541653405516,-37.18753567053645,3.35591359507512,1.45999656249183,,,,"82",2402,"6.8",716533,641680,663993,543760,673962,608369,694497,665750,666969,"53.67",,,,,,,,17,1,"Curveball",1,0,0,1,0,1,0,1,"Standard","Standard",322,"-0.005","0.036",,,,,"-0.036",,1,-1,0.609,0.391,30,27,31,27,1,0,5,2,5,1,"4.14","-0.22","0.22","46.0",,,,,
"CH","2023-09-18","83.7","1.54","6.52","Montgomery, Jordan",649966,656756,"strikeout","swinging_strike",,,,,14,"Luis Urias strikes out swinging.","R","R","L","TEX","BOS","S",2,,0,2,2023,"0.93","1.05",1.016270063949426,1.3148603227200604,,,666915,0,3,"Top",,,,,,,-3.0823299010601,-121.63300711977597,-7.706820245579546,9.827817698916084,24.078436890698114,-20.454584065328476,3.05,1.43,,,,"84.4",1597,"6.8",716533,641680,663993,543760,673962,608369,694497,665750,666969,"53.66",,0,"0",1,0,0,,16,3,"Changeup",1,0,0,1,0,1,0,1,"Standard","Standard",134,"0.024","-0.156","69.3","8.6","3.017305344",,"0.156",,1,-1,0.585,0.41500000000000004,30,26,31,26,1,0,5,2,5,1,"2.22","0.93","-0.93","45.8",27.05946477793236,-13.101504683901565,31.24483797155875,48.349630423061946,37.98355878754251
"CH","2023-09-18","82.9","1.38","6.63","Montgomery, Jordan",649966,656756,,"swinging_strike",,,,,9,,"R","R","L","TEX","BOS","S",,,0,1,2023,"0.94","0.87",0.7507258516420007,1.804515726649928,,,666915,0,3,"Top",,,,,,,-3.3033203090586536,-120.58844788772879,-6.312439026350753,9.77183958724506,22.62178834897332,-22.67339067008757,3.05,1.43,,,,"83.8",1597,"6.8",716533,641680,663993,543760,673962,608369,694497,665750,666969,"53.67",,,,,,,,16,2,"Changeup",1,0,0,1,0,1,0,1,"Standard","Standard",133,"0.01","-0.043","66.3","9.2","9.87142734",,"0.043",,1,-1,0.575,0.42500000000000004,30,26,31,26,1,0,5,2,5,1,"2.44","0.94","-0.94","47.1",26.217037088393013,-52.70090875779661,31.798309345260137,45.0078408555014,60.22124403077295
"CU","2023-09-18","79.7","1.56","6.68","Montgomery, Jordan",649966,656756,,"called_strike",,,,,5,,"R","R","L","TEX","BOS","S",,,0,0,2023,"-0.3","-0.72",-0.09436436290214695,2.374112505327132,,,666915,0,3,"Top",,,,,,,-3.098632194509285,-116.0253669416626,-1.3679179493172289,-2.122967227120776,21.728128144019056,-38.62755142625512,3.22230509533925,1.51329171203839,,,,"80.4",2273,"6.8",716533,641680,663993,543760,673962,608369,694497,665750,666969,"53.72",,,,,,,,16,1,"Curveball",1,0,0,1,0,1,0,1,"Standard","Standard",320,"0.006","-0.036",,,,,"0.036",,1,-1,0.569,0.43100000000000005,30,26,31,26,1,0,5,2,5,1,"4.3","-0.3","0.3","52.1",,,,,
"CU","2023-09-18","80.4","1.68","6.71","Montgomery, Jordan",608701,656756,"grounded_into_double_play","hit_into_play",,,,,9,"Rob Refsnyder grounds into a double play, shortstop Corey Seager to second baseman Marcus Semien to first baseman Nathaniel Lowe. Rafael Devers out at 2nd. Rob Refsnyder out at 1st.","R","R","L","TEX","BOS","X",6,"ground_ball",0,1,2023,"-0.13","-0.52",0.5631078065280124,1.8286926253119842,,,646240,1,1,"Top",110.64,158.59,,,,,-2.256845848224309,-117.07412938437605,-3.147583460412191,-0.7167000365761106,22.511634321025632,-36.58178884441002,3.47,1.57,21,"87.6",-4,"80.7",2277,"6.5",716533,641680,663993,543760,673962,608369,694497,665750,666969,"53.97",0.204,0.184,"0",1,0,0,2,3,2,"Curveball",0,0,0,0,0,0,0,0,"Infield shade","Standard",326,"0.046","-0.291","77.2","7.9",,0.223,"0.291","88.0",0,0,0.502,0.498,30,32,31,32,1,0,5,1,5,2,"4.05","-0.13","0.13","46.3",2.6633264232578213,-10.996618020382124,41.16921656036303,44.47243417574716,31.89286391796052
"SI","2023-09-18","94.1","1.48","6.75","Montgomery, Jordan",608701,656756,,"called_strike",,,,,8,,"R","R","L","TEX","BOS","S",,,0,0,2023,"1.4","0.88",-0.17919990718016798,1.9594413814152236,,,646240,1,1,"Top",,,,,,,-7.458551677710424,-136.62025654234918,-8.694530876789582,19.124356316639563,30.814527356434184,-19.32152815563477,3.56978140459936,1.56659111939086,,,,"94.6",2276,"6.8",716533,641680,663993,543760,673962,608369,694497,665750,666969,"53.72",,,,,,,,3,1,"Sinker",0,0,0,0,0,0,0,0,"Infield shade","Standard",144,"0.004","-0.042",,,,,"0.042",,0,0,0.498,0.502,30,32,31,32,1,0,5,1,5,2,"1.71","1.4","-1.4","45.2",,,,,
"SI","2023-09-13","91.5","1.5","6.7","Montgomery, Jordan",672386,656756,"field_out","hit_into_play",,,,,6,"Alejandro Kirk lines out to third baseman Josh H. Smith.","R","R","L","TOR","TEX","X",5,"line_drive",2,0,2023,"1.43","0.58",0.2966931186994768,1.9662936450765158,,,669289,2,7,"Bot",125.85,198.49,,,,,-6.17676162669342,-132.7965391625919,-7.242797757763098,18.274575264610117,32.72830014292293,-23.827765336964596,2.97,1.4,148,"80.9",11,"91.4",2071,"6.7",716594,641680,663993,543760,669701,608369,608671,694497,543257,"53.81",0.482,0.433,"0",1,0,0,4,57,3,"Sinker",0,7,0,7,7,0,0,7,"Standard","Standard",144,"-0.003","-0.353","78.9","8.2",,0.502,"0.353","88.0",-7,-7,0.007,0.007,30,24,31,25,3,2,5,1,5,1,"2.19","1.43","-1.43","47.1",7.741312483343239,-31.105182864607475,22.975268238415296,41.76499045224476,42.84767629388672
"SI","2023-09-13","92","1.7","6.74","Montgomery, Jordan",672386,656756,,"ball",,,,,12,,"R","R","L","TOR","TEX","B",,,1,0,2023,"1.44","0.92",1.2988452901631677,3.6241666554289673,,,669289,2,7,"Bot",,,,,,,-4.183679175406388,-133.7185337143389,-3.980212630974008,18.18107089288835,33.08841173411706,-20.47699940605733,3.0106827538487,1.3785220254281,,,,"91.9",2089,"6.6",716594,641680,663993,543760,669701,608369,608671,694497,543257,"53.86",,,,,,,,57,2,"Sinker",0,7,0,7,7,0,0,7,"Standard","Standard",148,"0.001","0.037",,,,,"-0.037",,-7,-7,0.006,0.006,30,24,31,25,3,2,5,1,5,1,"1.81","1.44","-1.44","46.0",,,,,
"CH","2023-09-13","82.8","1.5","6.59","Montgomery, Jordan",672386,656756,,"ball",,,,,14,,"R","R","L","TOR","TEX","B",,,0,0,2023,"1.02","1.61",0.367995583913578,1.1595163386790834,,,669289,2,7,"Bot",,,,,,,-4.6032694364134175,-120.19461010045508,-8.980280251056572,10.768961583792704,26.8502497239445,-15.00041979987913,2.9435816051281,1.35598971266069,,,,"82.9",1714,"6.8",716594,641680,663993,543760,669701,608369,608671,694497,543257,"53.68",,,,,,,,57,1,"Changeup",0,7,0,7,7,0,0,7,"Standard","Standard",137,"0","0.03",,,,,"-0.03",,-7,-7,0.006,0.006,30,24,31,25,3,2,5,1,5,1,"1.78","1.02","-1.02","50.2",,,,,
"SI","2023-09-13","93.9","1.72","6.78","Montgomery, Jordan",662139,656756,"field_out","hit_into_play",,,,,5,"Daulton Varsho grounds out, second baseman Marcus Semien to first baseman Nathaniel Lowe.","R","L","L","TOR","TEX","X",4,"ground_ball",2,1,2023,"1.42","1.09",0.09190800442012992,2.4278069866760146,,,672386,2,5,"Bot",148.85,166.46,,,,,-7.3770068049220825,-136.26683579492942,-7.911041840224112,19.297486085410558,32.06046280453937,-17.00060517954783,3.29,1.47,,,,"93.8",2378,"6.6",716594,641680,663993,543760,680716,608369,677649,694497,543257,"53.94",,,"0",,0,0,,40,4,"Sinker",0,6,0,6,6,0,0,6,"Standard","Standard",147,"-0.008","-0.303","78.8","7.4",,,"0.303",,-6,-6,0.035,0.035,30,26,31,27,2,1,5,1,5,1,"1.53","1.42","1.42","48.3",7.844081236400237,7.9923490716063545,29.7330948730368,34.217032606668305,22.36107301391999
"SI","2023-09-13","93.1","1.68","6.73","Montgomery, Jordan",662139,656756,,"foul",,,,,3,,"R","L","L","TOR","TEX","S",,,2,0,2023,"1.45","0.8",0.6311823936950538,2.767042333105443,,,672386,2,5,"Bot",,,,,,,-5.900131410593535,-135.29633298361392,-6.143106637827832,19.089392799735723,31.897913269060307,-21.154025160638504,3.29,1.47,6,"91",-25,"93.3",2232,"6.6",716594,641680,663993,543760,680716,608369,677649,694497,543257,"53.85",,,,,,,,40,3,"Sinker",0,6,0,6,6,0,0,6,"Standard","Standard",148,"-0.002","-0.051","73.3","8.0",,,"0.051","91.0",-6,-6,0.037,0.037,30,26,31,27,2,1,5,1,5,1,"1.85","1.45","1.45","46.6",9.226911456518334,-21.38668671436106,25.917899226900744,28.23118067462352,34.32189560437253
"SI","2023-09-13","93.2","1.66","6.78","Montgomery, Jordan",662139,656756,,"ball",,,,,13,,"R","L","L","TOR","TEX","B",,,1,0,2023,"1.35","0.73",-1.0146818379201445,1.7294887517847446,,,672386,2,5,"Bot",,,,,,,-9.85602439981382,-135.041683824231,-8.773759517167262,18.765292187795932,31.187857253673567,-21.317245365808354,3.23413666478546,1.33345469576175,,,,"93.1",2342,"6.6",716594,641680,663993,543760,680716,608369,677649,694497,543257,"53.91",,,,,,,,40,2,"Sinker",0,6,0,6,6,0,0,6,"Standard","Standard",154,"0.002","0.037",,,,,"-0.037",,-6,-6,0.035,0.035,30,26,31,27,2,1,5,1,5,1,"1.93","1.35","1.35","48.4",,,,,
"CU","2023-09-13","80.6","1.61","6.7","Montgomery, Jordan",662139,656756,,"ball",,,,,7,,"R","L","L","TOR","TEX","B",,,0,0,2023,"-0.18","-0.44",-0.5868921523506437,1.6389790669683695,,,672386,2,5,"Bot",,,,,,,-4.550924134504985,-117.17884519840521,-3.6849924745813283,-0.7401911217933558,24.234570019984275,-35.6216546892267,3.27837549727935,1.4007037432703,,,,"80.8",2310,"6.7",716594,641680,663993,543760,680716,608369,677649,694497,543257,"53.83",,,,,,,,40,1,"Curveball",0,6,0,6,6,0,0,6,"Standard","Standard",327,"0.001","0.03",,,,,"-0.03",,-6,-6,0.034,0.034,30,26,31,27,2,1,5,1,5,1,"3.98","-0.18","-0.18","48.8",,,,,
"SI","2023-09-13","93.3","1.67","6.72","Montgomery, Jordan",676391,656756,"field_out","hit_into_play",,,,,3,"Ernie Clement lines out to center fielder Evan Carter.","R","R","L","TOR","TEX","X",8,"line_drive",2,1,2023,"1.41","0.93",0.4045606088928009,3.236120859327972,,,672386,1,5,"Bot",97.29,75.84,,,,,-6.4139959918497444,-135.47774232719178,-5.127507468735832,18.845831781219204,35.59742670539607,-19.83526586095484,3.28,1.51,313,"88.6",23,"93",2176,"6.7",716594,641680,663993,543760,680716,608369,677649,694497,543257,"53.81",0.158,0.167,"0",1,0,0,3,39,4,"Sinker",0,6,0,6,6,0,0,6,"Strategic","Standard",155,"-0.014","-0.286","65.5","6.3",,0.244,"0.286","88.6",-6,-6,0.048,0.048,30,27,31,27,2,1,5,1,5,3,"1.75","1.41","-1.41","46.6",20.99303515945693,2.067752277850686,21.88706203004238,39.75939730581152,32.52896695213482
"FF","2023-09-13","93.2","1.65","6.72","Montgomery, Jordan",676391,656756,,"ball",,,,,11,,"R","R","L","TOR","TEX","B",,,1,1,2023,"0.14","1.47",-1.182796630612682,2.8731154450306398,,,672386,1,5,"Bot",,,,,,,-7.622447970838966,-135.2266543266448,-7.268078983267018,3.6050059428032353,34.13042431120732,-12.72193388460488,3.21180645068166,1.49114264383115,,,,"92.9",2445,"6.7",716594,641680,663993,543760,680716,608369,677649,694497,543257,"53.84",,,,,,,,39,3,"4-Seam Fastball",0,6,0,6,6,0,0,6,"Strategic","Standard",145,"0.003","0.046",,,,,"-0.046",,-6,-6,0.045,0.045,30,27,31,27,2,1,5,1,5,3,"1.2","0.14","-0.14","46.4",,,,,
"CU","2023-09-13","81","1.69","6.67","Montgomery, Jordan",676391,656756,,"ball",,,,,14,,"R","R","L","TOR","TEX","B",,,0,1,2023,"-0.24","-0.48",0.14180239441490602,0.9452518417773961,,,672386,1,5,"Bot",,,,,,,-3.027517917818903,-117.75477567659408,-5.132941025694378,-1.4983083655088794,26.345380607643897,-35.64242524918507,3.10010458775555,1.46862401600102,,,,"81",2401,"6.8",716594,641680,663993,543760,680716,608369,677649,694497,543257,"53.74",,,,,,,,39,2,"Curveball",0,6,0,6,6,0,0,6,"Strategic","Standard",327,"0.001","0.025",,,,,"-0.025",,-6,-6,0.044,0.044,30,27,31,27,2,1,5,1,5,3,"4.01","-0.24","0.24","48.4",,,,,
"FF","2023-09-13","93","1.77","6.66","Montgomery, Jordan",676391,656756,,"called_strike",,,,,7,,"R","R","L","TOR","TEX","S",,,0,0,2023,"0.38","1.34",-0.3012358474293849,1.7922346079654157,,,672386,1,5,"Bot",,,,,,,-6.1770681249870005,-134.99625669253726,-9.6202479557069,6.0982844865346495,32.3269363317251,-13.84081042961734,3.18947283696248,1.49114264383115,,,,"93.1",2324,"6.7",716594,641680,663993,543760,680716,608369,677649,694497,543257,"53.77",,,,,,,,39,1,"4-Seam Fastball",0,6,0,6,6,0,0,6,"Strategic","Standard",148,"-0.002","-0.042",,,,,"0.042",,-6,-6,0.046,0.046,30,27,31,27,2,1,5,1,5,3,"1.33","0.38","-0.38","44.6",,,,,
"FF","2023-09-13","94.3","1.69","6.67","Montgomery, Jordan",666182,656756,"field_out","hit_into_play",,,,,4,"Bo Bichette grounds out, second baseman Marcus Semien to first baseman Nathaniel Lowe.","R","R","L","TOR","TEX","X",4,"ground_ball",3,2,2023,"0.39","1.59",-0.7557726559039519,2.7133826794677027,,,676391,2,3,"Bot",134.48,152.81,,,,,-7.262225969258897,-136.87776779505302,-8.087849193342748,6.668341899745255,33.61512581107705,-10.510731863881116,3.74,1.75,53,"52.6",4,"94.4",2464,"6.7",716594,641680,663993,543760,680716,608369,677649,694497,543257,"53.78",0.133,0.121,"0",1,0,0,1,21,7,"4-Seam Fastball",0,0,0,0,0,0,0,0,"Standard","Standard",143,"-0.029","-0.305","65.7","6.2",,0.152,"0.305","88.0",0,0,0.529,0.529,30,25,31,25,2,1,5,1,5,1,"1.01","0.39","-0.39","46.4",-5.777828251480086,15.444310877580454,49.58745179898686,22.230639175535774,19.276190159150687
"SI","2023-09-13","94","1.63","6.75","Montgomery, Jordan",666182,656756,,"ball",,,,,13,,"R","R","L","TOR","TEX","B",,,2,2,2023,"1.43","0.91",-1.1647706370410953,1.5316895487027127,,,676391,2,3,"Bot",,,,,,,-10.434140133956111,-136.09478667905202,-9.738034172058082,20.12604510751374,33.58144919843243,-18.690126789168257,3.41242337522706,1.60345497941857,,,,"93.8",2282,"6.7",716594,641680,663993,543760,680716,608369,677649,694497,543257,"53.76",,,,,,,,21,6,"Sinker",0,0,0,0,0,0,0,0,"Standard","Standard",154,"0.007","0.065",,,,,"-0.065",,0,0,0.522,0.522,30,25,31,25,2,1,5,1,5,1,"1.72","1.43","-1.43","47.0",,,,,
"CU","2023-09-13","80.4","1.64","6.75","Montgomery, Jordan",666182,656756,,"foul",,,,,14,,"R","R","L","TOR","TEX","S",,,2,2,2023,"-0.3","-0.42",0.8329222199745363,1.5688507404293897,,,676391,2,3,"Bot",,,,,,,-1.2291197770468654,-117.02114514455994,-3.892486485539228,-2.4486068798284366,26.176065455458847,-35.40350872294475,3.74,1.75,2,"68.4",-32,"80.2",2429,"6.6",716594,641680,663993,543760,680716,608369,677649,694497,543257,"53.93",,,,,,,,21,5,"Curveball",0,0,0,0,0,0,0,0,"Standard","Standard",316,"0","0","66.2","7.4",,,"0","88.0",0,0,0.522,0.522,30,25,31,25,2,1,5,1,5,1,"4","-0.3","0.3","48.9",-1.486446960242207,18.787824615045142,42.47851744891608,41.11547596800294,12.217461565121404
"SI","2023-09-13","93.4","1.67","6.76","Montgomery, Jordan",666182,656756,,"foul",,,,,6,,"R","R","L","TOR","TEX","S",,,2,1,2023,"1.49","0.99",0.7932819949108134,2.393186344147403,,,676391,2,3,"Bot",,,,,,,-5.574594804440508,-135.57462733615097,-7.577056237907041,19.601006274592685,34.93078157802827,-18.387810074157453,3.74,1.75,,,,"93.1",2258,"6.7",716594,641680,663993,543760,680716,608369,677649,694497,543257,"53.83",,,,,,,,21,4,"Sinker",0,0,0,0,0,0,0,0,"Standard","Standard",153,"-0.006","-0.063","76.9","7.2",,,"0.063",,0,0,0.528,0.528,30,25,31,25,2,1,5,1,5,1,"1.67","1.49","-1.49","46.6",-2.826594924352936,14.641423540722093,39.77633038316988,41.86945957988185,14.145213012520824
"FF","2023-09-13","93.8","1.69","6.79","Montgomery, Jordan",666182,656756,,"ball",,,,,11,,"R","R","L","TOR","TEX","B",,,1,1,2023,"0.33","1.46",-1.0990888960708927,3.650066545771776,,,676391,2,3,"Bot",,,,,,,-7.9816417911522874,-136.20450418921178,-5.583933994497459,6.060945462276069,33.271899118711374,-12.931146803747144,3.63525756104665,1.73842402982203,,,,"93.8",2419,"6.6",716594,641680,663993,543760,680716,608369,677649,694497,543257,"53.86",,,,,,,,21,3,"4-Seam Fastball",0,0,0,0,0,0,0,0,"Standard","Standard",153,"0.003","0.036",,,,,"-0.036",,0,0,0.525,0.525,30,25,31,25,2,1,5,1,5,1,"1.16","0.33","-0.33","45.5",,,,,
"FF","2023-09-13","92.9","1.75","6.7","Montgomery, Jordan",666182,656756,,"foul",,,,,4,,"R","R","L","TOR","TEX","S",,,1,0,2023,"0.62","1.4",-0.4140754546172004,2.500716997292556,,,676391,2,3,"Bot",,,,,,,-6.935698982262838,-134.85406612428682,-7.973723165421204,9.164358309866907,33.90558166523367,-13.431902388164207,3.74,1.75,135,"73.1",13,"92.8",2429,"6.7",716594,641680,663993,543760,680716,608369,677649,694497,543257,"53.78",,,,,,,,21,2,"4-Seam Fastball",0,0,0,0,0,0,0,0,"Standard","Standard",148,"-0.003","-0.05","70.3","6.9",,,"0.05","88.0",0,0,0.528,0.528,30,25,31,25,2,1,5,1,5,1,"1.28","0.62","-0.62","45.7",3.2213154028122353,12.806372846907133,49.418983540401214,26.31560675202059,16.67307468437585
"SI","2023-09-13","91.1","1.6","6.79","Montgomery, Jordan",666182,656756,,"ball",,,,,14,,"R","R","L","TOR","TEX","B",,,0,0,2023,"1.42","1.11",1.1231025686011906,1.9949206478458765,,,676391,2,3,"Bot",,,,,,,-4.2478583383640505,-132.14625372053828,-8.357987031890245,17.40105531631653,35.90699330784387,-17.390522626832684,3.70203829150305,1.71593634738516,,,,"90.1",2117,"6.5",716594,641680,663993,543760,680716,608369,677649,694497,543257,"54.01",,,,,,,,21,1,"Sinker",0,0,0,0,0,0,0,0,"Standard","Standard",143,"0.002","0.03",,,,,"-0.03",,0,0,0.526,0.526,30,25,31,25,2,1,5,1,5,1,"1.72","1.42","-1.42","46.3",,,,,
"SI","2023-09-13","90.6","1.56","6.78","Montgomery, Jordan",543807,656756,"field_out","hit_into_play",,,,,3,"George Springer flies out to right fielder Robbie Grossman.","R","R","L","TOR","TEX","X",9,"fly_ball",0,0,2023,"1.5","0.95",0.3794255645187121,3.0703322590950783,,,676391,1,3,"Bot",205.2,101.42,,,,,-6.194393722932061,-131.591914648725,-5.259452507353917,18.701382381839473,33.41054190240605,-20.136062274904972,3.68,1.68,311,"90.3",38,"90.3",2076,"6.7",716594,641680,663993,543760,680716,608369,677649,694497,543257,"53.84",0.011,0.01,"0",1,0,0,3,20,1,"Sinker",0,0,0,0,0,0,0,0,"Standard","Standard",147,"-0.032","-0.257","71.6","7.2",,0.019,"0.257","90.3",0,0,0.558,0.558,30,33,31,34,2,1,5,1,5,1,"1.88","1.5","-1.5","46.9",9.149123856732217,7.9386162773811675,28.47136855776279,42.62302294627028,16.54673383465095
"CU","2023-09-13","80.7","1.74","6.69","Montgomery, Jordan",662139,656756,"strikeout","swinging_strike",,,,,8,"Daulton Varsho strikes out swinging.","R","L","L","TOR","TEX","S",2,,2,2,2023,"-0.27","-0.26",-0.1731897043084582,1.355829874412339,,,676391,0,3,"Bot",,,,,,,-3.7558863339132254,-117.30054615634567,-4.599432831483718,-1.6612864642347722,26.083337472079815,-33.77963412900535,3.29,1.47,,,,"80.7",2303,"6.8",716594,641680,663993,543760,680716,608369,677649,694497,543257,"53.75",,0,"0",1,0,0,,19,5,"Curveball",0,0,0,0,0,0,0,0,"Infield shade","Standard",323,"-0.031","-0.21",,,,,"0.21",,0,0,0.589,0.589,30,26,31,27,1,0,5,1,5,1,"3.82","-0.27","-0.27","50.6",,,,,
"SI","2023-09-13","94.2","1.52","6.77","Montgomery, Jordan",662139,656756,,"ball",,,,,11,,"R","L","L","TOR","TEX","B",,,1,2,2023,"1.47","0.75",-1.137510724995507,2.8421505575862875,,,676391,0,3,"Bot",,,,,,,-10.209259771385971,-136.6482779855004,-6.07675114756829,20.76194524843917,34.5088139748151,-21.49765903567508,3.27855472696004,1.4233385045914,,,,"93.9",2197,"6.6",716594,641680,663993,543760,680716,608369,677649,694497,543257,"53.87",,,,,,,,19,4,"Sinker",0,0,0,0,0,0,0,0,"Infield shade","Standard",143,"0.005","0.045",,,,,"-0.045",,0,0,0.584,0.584,30,26,31,27,1,0,5,1,5,1,"1.87","1.47","1.47","46.5",,,,,
"CU","2023-09-13","79.2","1.58","6.75","Montgomery, Jordan",662139,656756,,"called_strike",,,,,7,,"R","L","L","TOR","TEX","S",,,1,1,2023,"-0.3","-0.52",-0.8122607779790025,1.9523241280148809,,,676391,0,3,"Bot",,,,,,,-4.675713854493171,-115.08204472328906,-2.5068489971545405,-1.4615482141071432,27.310647381587142,-36.39644474629552,3.30087480115877,1.44586275796721,,,,"78.4",2328,"6.5",716594,641680,663993,543760,680716,608369,677649,694497,543257,"54.04",,,,,,,,19,3,"Curveball",0,0,0,0,0,0,0,0,"Standard","Standard",322,"-0.009","-0.059",,,,,"0.059",,0,0,0.593,0.593,30,26,31,27,1,0,5,1,5,1,"4.25","-0.3","-0.3","48.3",,,,,
"SI","2023-09-13","93.7","1.56","6.81","Montgomery, Jordan",662139,656756,,"foul",,,,,6,,"R","L","L","TOR","TEX","S",,,1,0,2023,"1.52","1.03",0.44679327995739193,2.4838241580564504,,,676391,0,3,"Bot",,,,,,,-6.266509788290865,-136.11714089307736,-7.674111957613521,20.275134648573854,33.304063489929376,-17.826216814193128,3.29,1.47,286,"103.9",21,"93.7",2263,"6.6",716594,641680,663993,543760,680716,608369,677649,694497,543257,"53.85",,,,,,,,19,2,"Sinker",0,0,0,0,0,0,0,0,"Standard","Standard",146,"-0.008","-0.042","78.5","8.5",,,"0.042","103.9",0,0,0.601,0.601,30,26,31,27,1,0,5,1,5,1,"1.6","1.52","1.52","46.4",16.243463904359892,-22.516105540715863,28.26273139589006,30.497536497789042,37.27543776000596
"SI","2023-09-13","94","1.64","6.76","Montgomery, Jordan",662139,656756,,"ball",,,,,13,,"R","L","L","TOR","TEX","B",,,0,0,2023,"1.56","1.07",-0.47078575363612374,1.2087174487417522,,,676391,0,3,"Bot",,,,,,,-8.974133091251884,-136.15303774179026,-10.950523293544334,21.466099175119272,33.932034120901605,-16.44743778555512,3.30087480115877,1.37828179784396,,,,"93.7",2229,"6.7",716594,641680,663993,543760,680716,608369,677649,694497,543257,"53.83",,,,,,,,19,1,"Sinker",0,0,0,0,0,0,0,0,"Standard","Standard",145,"0.006","0.03",,,,,"-0.03",,0,0,0.595,0.595,30,26,31,27,1,0,5,1,5,1,"1.57","1.56","1.56","47.9",,,,,
"SI","2023-09-13","93.8","1.7","6.77","Montgomery, Jordan",672386,656756,"grounded_into_double_play","hit_into_play",,,,,14,"Alejandro Kirk grounds into a double play, first baseman Nathaniel Lowe to shortstop Corey Seager to first baseman Nathaniel Lowe. Santiago Espinal out at 2nd. Alejandro Kirk out at 1st.","R","R","L","TOR","TEX","X",3,"ground_ball",0,0,2023,"1.45","0.75",0.9175078570708834,2.1270150527587735,,,669289,1,2,"Bot",146.52,178.3,,,,,-5.270164174779266,-136.3474733293412,-7.950323432074681,19.21268548080524,31.50333981960055,-21.18213541994786,2.97,1.4,5,"62.1",-21,"94.2",2224,"6.7",716594,641680,663993,543760,680716,608369,677649,694497,543257,"53.82",0.032,0.032,"0",1,0,0,2,14,1,"Sinker",0,0,0,0,0,0,0,0,"Standard","Standard",145,"-0.054","-0.333","58.3","6.6",,0.032,"0.333","88.0",0,0,0.554,0.554,30,24,31,25,1,0,5,1,5,1,"1.85","1.45","-1.45","45.0",4.2949046922074805,28.620692152423604,20.046950097664375,51.91562695320295,10.482967641531134
"SI","2023-09-13","92.9","1.67","6.78","Montgomery, Jordan",676914,656756,"field_out","hit_into_play",,,,,5,"Davis Schneider flies out to left fielder Ezequiel Duran.","R","R","L","TOR","TEX","X",7,"fly_ball",1,1,2023,"1.39","1.05",-0.005690936338210051,2.037619792809342,,,665489,2,1,"Bot",125.33,181.33,,,,,-7.399456297087843,-134.7518834437991,-8.619963429369422,18.608079643424038,31.63605474772376,-17.65082182773763,2.9,1.4,327,"92.9",41,"93.1",2256,"6.8",716594,641680,663993,543760,680716,608369,677649,694497,543257,"53.73",0.011,0.009,"0",1,0,0,3,7,3,"Sinker",0,0,0,0,0,0,0,0,"Standard","Standard",146,"-0.021","-0.266","73.6","7.3",,0.021,"0.266","92.9",0,0,0.521,0.521,30,24,31,24,1,0,5,1,5,1,"1.63","1.39","-1.39","47.6",21.733392544268945,-11.353671676554777,37.76686602967405,32.58423230199905,35.98532003657085
"CH","2023-09-13","84.3","1.55","6.63","Montgomery, Jordan",676914,656756,,"blocked_ball",,,,,14,,"R","R","L","TOR","TEX","B",,,0,1,2023,"0.83","1.46",0.7238534980628057,0.034702665971631186,,,665489,2,1,"Bot",,,,,,,-3.598655969556915,-122.09928659175584,-11.772039560232386,9.045438490520322,26.907186474602504,-15.316950957886089,2.9433476887307,1.44586275796721,,,,"84.3",1713,"6.8",716594,641680,663993,543760,680716,608369,677649,694497,543257,"53.71",,,,,,,,7,2,"Changeup",0,0,0,0,0,0,0,0,"Standard","Standard",136,"0.002","0.025",,,,,"-0.025",,0,0,0.519,0.519,30,24,31,24,1,0,5,1,5,1,"1.81","0.83","-0.83","46.8",,,,,
"SI","2023-09-13","94.2","1.55","6.76","Montgomery, Jordan",676914,656756,,"foul",,,,,2,,"R","R","L","TOR","TEX","S",,,0,0,2023,"1.39","1.12",0.06505580095849561,2.4701321336090034,,,665489,2,1,"Bot",,,,,,,-6.978632679715544,-136.80050216123288,-7.895676455115924,18.974418860745146,33.623196633420235,-16.506385141790897,2.9,1.4,211,"79.5",58,"94.2",2279,"6.7",716594,641680,663993,543760,680716,608369,677649,694497,543257,"53.82",,,,,,,,7,1,"Sinker",0,0,0,0,0,0,0,0,"Standard","Standard",147,"-0.003","-0.045","69.7","6.8",,,"0.045","88.0",0,0,0.522,0.522,30,24,31,24,1,0,5,1,5,1,"1.49","1.39","-1.39","47.5",17.29420152123619,2.9549665480759817,37.66939846420435,32.8987910161364,25.89105407372645
"CH","2023-09-08","84.2","1.56","6.55","Montgomery, Jordan",669127,656756,"home_run","hit_into_play",,,,,3,"Shea Langeliers homers (17) on a fly ball to center field. Kevin Smith scores.","R","R","L","TEX","ATH","X",,"fly_ball",0,0,2023,"0.6","1.26",0.5540701396983291,2.8292142136983234,,675656,,2,6,"Top",90.5,25.89,,,,,-3.5500383016968473,-122.5543505896915,-4.825219803211208,6.700081936588209,23.268505391817897,-18.704331190472878,3.21,1.49,436,"108.4",23,"85.1",1542,"6.7",716665,641680,663993,543760,669701,608369,677649,665750,694497,"53.76",1,2,"2",1,0,3,6,53,1,"Changeup",3,3,3,3,5,3,5,3,"Standard","Standard",138,"-0.272","1.604","76.2","7.1",,4,"-1.604","108.4",0,0,0.523,0.477,30,25,31,26,3,2,6,3,5,1,"1.94","0.6","-0.6","48.9",13.62315704975836,1.2049572728071476,25.791736384518437,43.546932134737006,37.63155220946133
"CH","2023-09-08","84.5","1.58","6.54","Montgomery, Jordan",672478,656756,"force_out","hit_into_play",,,,,14,"Jordan Diaz grounds into a force out, third baseman Josh H. Smith to second baseman Marcus Semien. Aledmys Diaz out at 2nd.","R","R","L","TEX","ATH","X",5,"ground_ball",1,1,2023,"0.78","1.14",1.0688315094309495,2.3955636310048423,,667670,649557,2,3,"Top",114.88,176.76,,,,,-2.76652225973061,-123.05593648803429,-5.64680784326862,8.457816596670687,23.363078527200173,-19.686749039199107,3.27,1.56,3,"71.2",-37,"85.5",1625,"6.8",716665,641680,663993,543760,669701,608369,677649,665750,694497,"53.68",0.064,0.059,"0",1,0,0,2,28,3,"Changeup",2,2,2,2,2,2,2,2,"Standard","Standard",134,"0.047","-0.281","76.2","7.8",,0.064,"0.281","88.0",0,0,0.508,0.492,30,22,31,23,2,1,6,2,5,1,"2.04","0.78","-0.78","48.3",8.129641859595568,2.38246630913554,20.30323963928062,46.79629211396512,32.658662195444386
"SI","2023-09-08","95.1","1.74","6.71","Montgomery, Jordan",672478,656756,,"ball",,,,,11,,"R","R","L","TEX","ATH","B",,,0,1,2023,"1.07","1.11",-0.13925658093391924,4.346276004614454,,667670,649557,2,3,"Top",,,,,,,-7.390671473949047,-138.42571231963836,-3.0893979072739013,15.411582460548942,29.224022168804474,-17.43548683923035,3.18841862062722,1.53201897548657,,,,"96",2215,"6.7",716665,641680,663993,543760,669701,608369,677649,665750,694497,"53.81",,,,,,,,28,2,"Sinker",2,2,2,2,2,2,2,2,"Standard","Standard",150,"-0.005","0.025",,,,,"-0.025",,0,0,0.513,0.487,30,22,31,23,2,1,6,2,5,1,"1.4","1.07","-1.07","45.7",,,,,
"SI","2023-09-08","94.1","1.61","6.73","Montgomery, Jordan",672478,656756,,"called_strike",,,,,2,,"R","R","L","TEX","ATH","S",,,0,0,2023,"1.26","0.89",-0.18607361558081892,2.83416777094227,,667670,649557,2,3,"Top",,,,,,,-7.519317680668779,-136.8267946428819,-6.4299880608254805,17.524001254987105,28.80625944903226,-19.724668708658985,3.18841862062722,1.50537070939059,,,,"94.8",2075,"6.7",716665,641680,663993,543760,669701,608369,677649,665750,694497,"53.84",,,,,,,,28,1,"Sinker",2,2,2,2,2,2,2,2,"Standard","Standard",152,"0.007","-0.04",,,,,"0.04",,0,0,0.506,0.494,30,22,31,23,2,1,6,2,5,1,"1.68","1.26","-1.26","44.0",,,,,
"CH","2023-09-08","84.8","1.66","6.53","Montgomery, Jordan",649557,656756,"single","hit_into_play",,,,,9,"Aledmys Diaz singles on a line drive to left fielder Ezequiel Duran. Brent Rooker to 2nd.","R","R","L","TEX","ATH","X",7,"line_drive",1,2,2023,"0.8","0.97",0.7411212433746797,2.1933454328089788,,,667670,2,3,"Top",53.84,119.15,,,,,-3.785030925749486,-123.46154629070439,-5.831543056631013,8.941989440985278,23.446961508770446,-21.256259579877806,3.44,1.67,197,"80.9",15,"85.8",1670,"6.8",716665,641680,663993,543760,669701,608369,677649,665750,694497,"53.7",0.866,0.8,"0.9",1,1,0,4,27,4,"Changeup",2,2,2,2,2,2,2,2,"Infield shade","Standard",128,"-0.031","0.448","71.7","8.1",,0.964,"-0.448","88.0",0,0,0.537,0.46299999999999997,30,32,31,33,2,1,6,4,5,1,"2.18","0.8","-0.8","50.1",11.71539127863847,-15.375309926980954,27.87559292179501,46.544155753444784,39.722882113265115
"CU","2023-09-08","82.6","1.59","6.56","Montgomery, Jordan",649557,656756,,"blocked_ball",,,,,13,,"R","R","L","TEX","ATH","B",,,0,2,2023,"-0.11","-0.21",-1.0087263848808155,0.42011086150801,,,667670,2,3,"Top",,,,,,,-5.764136628541015,-120.02612830534618,-7.1416111061307,0.009949747492030142,22.44577265835772,-33.01386242484184,3.25148651916273,1.56204998103498,,,,"83.5",2275,"6.9",716665,641680,663993,543760,669701,608369,677649,665750,694497,"53.59",,,,,,,,27,3,"Curveball",2,2,2,2,2,2,2,2,"Infield shade","Standard",324,"-0.003","0.02",,,,,"-0.02",,0,0,0.54,0.45999999999999996,30,32,31,33,2,1,6,4,5,1,"3.55","-0.11","0.11","46.6",,,,,
"CH","2023-09-08","85","1.53","6.63","Montgomery, Jordan",649557,656756,,"swinging_strike",,,,,9,,"R","R","L","TEX","ATH","S",,,0,1,2023,"0.77","1.15",0.4192880961498118,1.635336984591362,,,667670,2,3,"Top",,,,,,,-4.196238335025187,-123.65084518233888,-7.793043216601982,8.75393049886441,22.44299240672794,-19.01498577772803,3.44,1.67,,,,"86",1622,"6.7",716665,641680,663993,543760,669701,608369,677649,665750,694497,"53.76",,,,,,,,27,2,"Changeup",2,2,2,2,2,2,2,2,"Infield shade","Standard",138,"0.006","-0.055","70.7","8.6","2.151492228",,"0.055",,0,0,0.534,0.46599999999999997,30,32,31,33,2,1,6,4,5,1,"1.98","0.77","-0.77","46.0",22.136868684193264,-29.89554373136938,33.861164941493335,43.639769090610805,42.738732421057094
"CH","2023-09-08","84.6","1.61","6.53","Montgomery, Jordan",649557,656756,,"called_strike",,,,,3,,"R","R","L","TEX","ATH","S",,,0,0,2023,"0.74","0.98",0.46911448433061864,3.4542723694567434,,,667670,2,3,"Top",,,,,,,-4.180741858137663,-123.25971525161698,-2.8688989019888957,8.35245676207754,22.215342186762047,-21.80081230766435,3.41039931473251,1.61401747258137,,,,"85.8",1463,"6.8",716665,641680,663993,543760,669701,608369,677649,665750,694497,"53.7",,,,,,,,27,1,"Changeup",2,2,2,2,2,2,2,2,"Standard","Standard",130,"0.004","-0.045",,,,,"0.045",,0,0,0.53,0.47,30,32,31,33,2,1,6,4,5,1,"2.17","0.74","-0.74","46.6",,,,,
"SI","2023-09-08","95.5","1.62","6.65","Montgomery, Jordan",676116,656756,"strikeout","swinging_strike",,,,,13,"Ryan Noda strikes out swinging.","R","L","L","TEX","ATH","S",2,,1,2,2023,"1.29","0.75",-0.9641166117178579,1.9312952620848263,,,667670,1,3,"Top",,,,,,,-9.755050660452175,-138.62387334045962,-8.561672247051332,18.706782826397152,28.19040918280442,-20.82552399433965,3.43,1.66,,,,"96.4",2171,"6.8",716665,641680,663993,543760,669701,608369,677649,665750,694497,"53.74",,0,"0",1,0,0,,26,4,"Sinker",2,2,2,2,2,2,2,2,"Infield shade","Standard",150,"0.023","-0.183","47.1","6.9","1.862890596",,"0.183",,0,0,0.507,0.493,30,27,31,27,2,1,6,2,5,1,"1.75","1.29","1.29","44.6",3.067075627468844,24.86028527204481,29.38427351639834,49.12367680563353,11.837453795319067
"CU","2023-09-08","81.9","1.7","6.7","Montgomery, Jordan",676116,656756,,"swinging_strike_blocked",,,,,13,,"R","L","L","TEX","ATH","S",,,1,1,2023,"0.06","-0.63",-0.12891969102614118,0.5575054596712574,,,667670,1,3,"Top",,,,,,,-4.2735902894560995,-119.08320621677865,-6.091346328577986,1.4357961465095865,23.396551625643433,-37.19536598249899,3.43,1.66,,,,"82.3",2403,"6.7",716665,641680,663993,543760,669701,608369,677649,665750,694497,"53.85",,,,,,,,26,3,"Curveball",2,2,2,2,2,2,2,2,"Infield shade","Standard",319,"0.008","-0.055",,,,,"0.055",,0,0,0.499,0.501,30,27,31,27,2,1,6,2,5,1,"4.04","0.06","0.06","50.7",,,,,
"SI","2023-09-08","94.8","1.58","6.71","Montgomery, Jordan",676116,656756,,"ball",,,,,13,,"R","L","L","TEX","ATH","B",,,0,1,2023,"1.12","0.92",-1.6232792598601613,2.244519342553976,,,667670,1,3,"Top",,,,,,,-10.942575085881083,-137.5811921348456,-8.139894917537617,16.55656820318393,26.90188157382646,-18.85604574369585,3.42856072720507,1.63200597575695,,,,"95.8",2202,"6.7",716665,641680,663993,543760,669701,608369,677649,665750,694497,"53.77",,,,,,,,26,2,"Sinker",2,2,2,2,2,2,2,2,"Infield shade","Standard",145,"-0.003","0.025",,,,,"-0.025",,0,0,0.502,0.498,30,27,31,27,2,1,6,2,5,1,"1.61","1.12","1.12","49.2",,,,,
"SI","2023-09-08","94","1.67","6.7","Montgomery, Jordan",676116,656756,,"called_strike",,,,,7,,"R","L","L","TEX","ATH","S",,,0,0,2023,"1.29","0.96",-0.36328502786363615,2.0120617207281883,,,667670,1,3,"Top",,,,,,,-8.200596356830415,-136.51700678179975,-8.63437033950725,17.94530688289972,28.52864316765825,-18.47239232072748,3.29493105748931,1.60535362954596,,,,"94.8",2158,"6.7",716665,641680,663993,543760,669701,608369,677649,665750,694497,"53.76",,,,,,,,26,1,"Sinker",2,2,2,2,2,2,2,2,"Standard","Standard",149,"0.005","-0.042",,,,,"0.042",,0,0,0.497,0.503,30,27,31,27,2,1,6,2,5,1,"1.62","1.29","1.29","47.3",,,,,
"SI","2023-09-08","94.4","1.55","6.65","Montgomery, Jordan",665923,656756,"single","hit_into_play",,,,,8,"Esteury Ruiz singles on a line drive to right fielder Evan Carter. Nick Allen scores. Esteury Ruiz out at 2nd on the throw, right fielder Evan Carter to catcher Jonah Heim to shortstop Corey Seager.","R","R","L","TEX","ATH","X",9,"line_drive",1,2,2023,"1.36","0.71",-0.16429907798972065,1.9726391320668795,,669397,,2,2,"Top",173.05,115.12,,,,,-7.539901058744767,-137.16960112368037,-8.129924556559276,18.813135954963307,29.15867787463714,-21.552797458076938,3.13,1.58,161,"92.5",9,"95.3",2136,"6.8",716665,641680,663993,543760,669701,608369,677649,665750,694497,"53.7",0.637,0.592,"0.9",1,1,0,4,17,4,"Sinker",2,1,1,2,2,2,2,2,"Infield shade","Standard",142,"-0.08","0.764","71.6","6.6",,0.712,"-0.764","92.5",1,-1,0.631,0.369,30,24,31,24,1,0,6,2,5,1,"1.84","1.36","-1.36","44.2",-7.87757695038764,8.89544106744507,44.28474372830988,34.976467499176636,14.935864020123171
"CU","2023-09-08","81.4","1.57","6.47","Montgomery, Jordan",665923,656756,,"ball",,,,,13,,"R","R","L","TEX","ATH","B",,,0,2,2023,"-0.41","-0.41",-1.3890947937801874,-1.1563780944689674,,,669397,2,2,"Top",,,,,,,-5.90252456940373,-118.18231517949911,-9.811089725007395,-2.829619076324373,21.29205581949608,-34.439701509285754,3.02174830174367,1.47207243872155,,,,"82.3",2419,"6.9",716665,641680,663993,543760,669701,608369,677649,665750,694497,"53.63",,,,,,,,17,3,"Curveball",2,1,1,2,1,2,1,2,"Infield shade","Standard",330,"-0.011","0.02",,,,,"-0.02",,1,-1,0.642,0.358,30,24,31,24,1,0,6,2,5,1,"3.85","-0.41","0.41","47.4",,,,,
"CU","2023-09-08","81.4","1.75","6.66","Montgomery, Jordan",665923,656756,,"foul",,,,,8,,"R","R","L","TEX","ATH","S",,,0,1,2023,"-0.23","-0.36",0.14261433717611313,1.7626811220779834,,,669397,2,2,"Top",,,,,,,-3.2021428269689096,-118.58370154603048,-3.776104328212673,-1.6002411307806041,21.638943026546876,-35.12447163908561,3.13,1.58,7,"87.2",-13,"82.4",2336,"6.8",716665,641680,663993,543760,669701,608369,677649,665750,694497,"53.74",,,,,,,,17,2,"Curveball",2,1,1,2,1,2,1,2,"Standard","Standard",323,"0.006","-0.055","75.9","8.4",,,"0.055","88.0",1,-1,0.636,0.364,30,24,31,24,1,0,6,2,5,1,"3.78","-0.23","0.23","45.5",18.522227506387257,-7.152120413472175,37.9078254117778,38.227773367882655,31.96754505944601
"CU","2023-09-08","81.4","1.65","6.61","Montgomery, Jordan",665923,656756,,"called_strike",,,,,5,,"R","R","L","TEX","ATH","S",,,0,0,2023,"-0.02","-0.62",0.06950731030322109,2.360893532820848,,,669397,2,2,"Top",,,,,,,-3.5521134360364757,-118.51825198107635,-1.768917581204234,0.4674754687612412,22.023572897230036,-37.918754278662924,3.15529002997621,1.5786666005658,,,,"82.4",2345,"6.9",716665,641680,663993,543760,669701,608369,677649,665750,694497,"53.61",,,,,,,,17,1,"Curveball",2,1,1,2,1,2,1,2,"Standard","Standard",316,"0.004","-0.045",,,,,"0.045",,1,-1,0.632,0.368,30,24,31,24,1,0,6,2,5,1,"4.05","-0.02","0.02","48.7",,,,,
"CU","2023-09-08","80.9","1.67","6.66","Montgomery, Jordan",672478,656756,"field_out","hit_into_play",,,,,5,"Jordan Diaz lines out to right fielder Evan Carter.","R","R","L","TEX","ATH","X",9,"line_drive",0,1,2023,"-0.33","-0.36",0.07084124090736049,2.673369422967766,,649557,,2,1,"Top",161.25,79.22,,,,,-2.9745357934757903,-117.82763215425568,-1.627401777912092,-2.514238931340924,21.265218709575453,-35.404158321778425,3.27,1.56,310,"91.2",22,"81.6",2313,"6.6",716665,641680,663993,543760,669701,608369,677649,665750,694497,"53.9",0.187,0.224,"0",1,0,0,3,5,2,"Curveball",0,1,1,0,1,0,1,0,"Standard","Standard",316,"0.026","-0.249","73.7","7.0",,0.348,"0.249","91.2",-1,1,0.422,0.5780000000000001,30,22,31,23,1,0,6,2,5,1,"3.82","-0.33","0.33","46.3",6.5097173030943285,7.11374087493235,26.44351440308587,35.38334485035302,27.203745104974693
"FF","2023-09-08","92.6","1.75","6.73","Montgomery, Jordan",672478,656756,,"foul",,,,,8,,"R","R","L","TEX","ATH","S",,,0,0,2023,"0.32","1.09",0.06738387218479419,1.91756179333696,,649557,,2,1,"Top",,,,,,,-5.027431083108436,-134.68195894512414,-8.92988433379554,4.942670685512892,27.61874382851115,-17.23556976675773,3.27,1.56,1,"83.7",-52,"93.4",2219,"6.7",716665,641680,663993,543760,669701,608369,677649,665750,694497,"53.85",,,,,,,,5,1,"4-Seam Fastball",0,1,1,0,1,0,1,0,"Standard","Standard",142,"0.004","-0.046","76.3","7.5",,,"0.046","88.0",-1,1,0.418,0.5820000000000001,30,22,31,23,1,0,6,2,5,1,"1.56","0.32","-0.32","43.3",2.070897325833337,5.326545418361495,34.43410955248114,34.85483126330507,22.565229975450038
"SI","2023-09-08","93.8","1.71","6.68","Montgomery, Jordan",676116,656756,"field_out","hit_into_play",,,,,5,"Ryan Noda grounds out, first baseman Nathaniel Lowe to pitcher Jordan Montgomery. Zack Gelof scores.","R","L","L","TEX","ATH","X",3,"ground_ball",0,2,2023,"1.16","1",-0.2733228351619734,2.399474099730837,,680869,,1,1,"Top",143.35,176.76,,,,,-7.762621124044407,-136.3611701383935,-7.635889190274376,16.150986827573817,27.897842368428435,-18.23128077167977,3.43,1.66,4,"86.5",-34,"94.7",2190,"6.7",716665,641680,663993,543760,669701,608369,677649,665750,694497,"53.77",0.045,0.046,"0",1,0,0,2,3,4,"Sinker",0,0,0,0,1,0,1,0,"Standard","Standard",147,"-0.057","-0.168","70.2","6.9",,0.045,"0.168","88.0",0,0,0.495,0.505,30,27,31,27,1,0,6,2,5,1,"1.58","1.16","1.16","43.8",6.208427820028418,7.902936055631449,33.544437237650726,37.23126811197782,23.296267069849247
"FF","2023-09-08","94.2","1.69","6.66","Montgomery, Jordan",676116,656756,,"foul",,,,,4,,"R","L","L","TEX","ATH","S",,,0,2,2023,"0.4","1.28",-0.6474827036044062,2.696452005894073,,680869,,1,1,"Top",,,,,,,-7.044567665035035,-136.997516862838,-7.528860858400206,6.576621023419035,28.253454445293094,-14.600839514738237,3.43,1.66,153,"79.7",12,"95.3",2273,"6.8",716665,641680,663993,543760,669701,608369,677649,665750,694497,"53.68",,,,,,,,3,3,"4-Seam Fastball",0,0,0,0,0,0,0,0,"Standard","Standard",149,"0","0","56.4","5.8",,,"0","88.0",0,0,0.495,0.505,30,27,31,27,1,0,6,2,5,1,"1.28","0.4","0.4","42.6",-6.336986853870069,35.70251725306212,28.926575360629183,42.46042820929172,5.760837943152136
"FF","2023-09-08","93.9","1.78","6.71","Montgomery, Jordan",676116,656756,,"swinging_strike",,,,,5,,"R","L","L","TEX","ATH","S",,,0,1,2023,"0.46","1.36",0.05637808295063945,2.791174768214262,,680869,,1,1,"Top",,,,,,,-5.5191670139168725,-136.58133708150348,-7.5167632711565435,6.984562876314081,28.360183576544184,-13.664981589258817,3.43,1.66,,,,"94.8",2198,"6.7",716665,641680,663993,543760,669701,608369,677649,665750,694497,"53.78",,,,,,,,3,2,"4-Seam Fastball",0,0,0,0,0,0,0,0,"Standard","Standard",150,"0.009","-0.069","75.0","7.0","0.487127916",,"0.069",,0,0,0.486,0.514,30,27,31,27,1,0,6,2,5,1,"1.21","0.46","0.46","43.4",9.363349281653303,7.966750412883522,38.95014036129684,36.2486356995072,22.776659691945028
"SI","2023-09-08","94.4","1.6","6.73","Montgomery, Jordan",676116,656756,,"foul",,,,,5,,"R","L","L","TEX","ATH","S",,,0,0,2023,"1.28","0.92",0.14573201738616315,2.2538617620472596,,680869,,1,1,"Top",,,,,,,-6.694981847969793,-137.18324810527128,-8.066066204013353,17.66977077820943,29.15118846017062,-18.938268307442424,3.43,1.66,,,,"95.2",2264,"6.7",716665,641680,663993,543760,669701,608369,677649,665750,694497,"53.78",,,,,,,,3,1,"Sinker",0,0,0,0,0,0,0,0,"Standard","Standard",149,"0.005","-0.038","73.7","7.3",,,"0.038",,0,0,0.481,0.519,30,27,31,27,1,0,6,2,5,1,"1.63","1.28","1.28","44.9",10.806490733765182,11.2666757047687,34.754047036588425,35.93349603789088,19.491674229219758
"SI","2023-09-08","93.8","1.63","6.75","Montgomery, Jordan",667670,656756,"field_out","hit_into_play",,,,,14,"Brent Rooker grounds out, shortstop Corey Seager to first baseman Nathaniel Lowe.","R","R","L","TEX","ATH","X",6,"ground_ball",3,1,2023,"1.23","0.79",0.05731160662353507,1.3663861776364117,,680869,,0,1,"Top",112.46,165.86,,,,,-6.825398071415965,-136.17824120472412,-10.01522233184896,16.82886800415944,27.27737671359898,-20.375539867214965,3.6,1.72,8,"98.9",-10,"94.6",2202,"6.7",716665,641680,663993,543760,669701,608369,677649,665750,694497,"53.81",0.247,0.229,"0",1,0,0,2,2,5,"Sinker",0,0,0,0,0,0,0,0,"Standard","Standard",153,"0.052","-0.342","75.1","7.3",,0.288,"0.342","98.9",0,0,0.429,0.571,30,28,31,29,1,0,6,2,5,1,"1.79","1.23","-1.23","47.5",12.501185286580903,12.437487543741858,43.81447792150289,37.1719998450273,27.373245945600384
"CH","2023-09-08","82.8","1.64","6.68","Montgomery, Jordan",667670,656756,,"ball",,,,,12,,"R","R","L","TEX","ATH","B",,,2,1,2023,"0.54","1.19",1.0580811001349049,3.318764830992894,,680869,,0,1,"Top",,,,,,,-2.3907015536535217,-120.63848507030262,-3.5801528091301087,5.708848454106753,22.044782464282452,-20.069298933290103,3.43813121253956,1.63869038415812,,,,"83.7",1623,"6.7",716665,641680,663993,543760,669701,608369,677649,665750,694497,"53.8",,,,,,,,2,4,"Changeup",0,0,0,0,0,0,0,0,"Standard","Standard",136,"-0.009","0.102",,,,,"-0.102",,0,0,0.438,0.562,30,28,31,29,1,0,6,2,5,1,"2.11","0.54","-0.54","46.5",,,,,
"FF","2023-09-08","93.9","1.59","6.69","Montgomery, Jordan",667670,656756,,"ball",,,,,13,,"R","R","L","TEX","ATH","B",,,1,1,2023,"0.38","1.28",-1.0659923941414837,1.802327849818865,,680869,,0,1,"Top",,,,,,,-7.769040154541706,-136.3088659568912,-9.864907680029551,6.322208175226094,26.588780514287638,-14.274987538060543,3.49159716769089,1.69199899704046,,,,"94.8",2307,"6.7",716665,641680,663993,543760,669701,608369,677649,665750,694497,"53.78",,,,,,,,2,3,"4-Seam Fastball",0,0,0,0,0,0,0,0,"Infield shade","Standard",142,"-0.005","0.05",,,,,"-0.05",,0,0,0.443,0.5569999999999999,30,28,31,29,1,0,6,2,5,1,"1.29","0.38","-0.38","44.2",,,,,
"CU","2023-09-08","81.3","1.78","6.74","Montgomery, Jordan",667670,656756,,"ball",,,,,14,,"R","R","L","TEX","ATH","B",,,0,1,2023,"-0.11","-0.5",1.49117921054343,1.8518678299190885,,680869,,0,1,"Top",,,,,,,-0.4410556516314841,-118.55507499858645,-3.4737194582821402,-0.9676237378681961,20.942278709349495,-36.52970528009378,3.46486326002587,1.61203775951191,,,,"81.8",2363,"6.4",716665,641680,663993,543760,669701,608369,677649,665750,694497,"54.15",,,,,,,,2,2,"Curveball",0,0,0,0,0,0,0,0,"Standard","Standard",320,"-0.004","0.02",,,,,"-0.02",,0,0,0.447,0.5529999999999999,30,28,31,29,1,0,6,2,5,1,"3.92","-0.11","0.11","45.1",,,,,
"CU","2023-09-08","80.4","1.67","6.62","Montgomery, Jordan",667670,656756,,"swinging_strike",,,,,7,,"R","R","L","TEX","ATH","S",,,0,0,2023,"-0.31","-0.27",-0.45473488850814153,1.9365826628823903,,680869,,0,1,"Top",,,,,,,-4.159371608743614,-117.08954892703608,-3.301944587386183,-2.2089110672112544,19.4522537116058,-34.30942577536126,3.6,1.72,,,,"81.6",2241,"6.8",716665,641680,663993,543760,669701,608369,677649,665750,694497,"53.71",,,,,,,,2,1,"Curveball",0,0,0,0,0,0,0,0,"Infield shade","Standard",328,"0.006","-0.046","75.2","7.0","1.132500996",,"0.046",,0,0,0.441,0.5589999999999999,30,28,31,29,1,0,6,2,5,1,"3.76","-0.31","0.31","48.2",11.854717823726332,-4.533875516133494,39.483043029743136,31.09011001760959,36.2618691092689
"FF","2023-09-02","93.5","1.63","6.71","Montgomery, Jordan",456781,656756,"single","hit_into_play",,,,,13,"Donovan Solano singles on a ground ball to left fielder Robbie Grossman. Matt Wallner scores. Michael A. Taylor scores.","R","R","L","TEX","MIN","X",7,"ground_ball",0,1,2023,"0.27","1.24",-0.9263145933068875,2.362451873432607,670242,572191,,2,4,"Top",72.99,117.76,,,,,-7.229355883807496,-135.92720486681094,-8.28091094143781,4.861341261092015,28.14277002694049,-15.11992173923313,3.24,1.5,136,"85.6",10,"94.2",2208,"6.6",716752,641598,663993,543760,677649,608369,543257,665750,666969,"53.87",0.534,0.481,"0.9",1,1,0,4,32,2,"4-Seam Fastball",4,4,4,4,6,4,6,4,"Standard","Standard",149,"-0.208","0.769","61.4","6.8",,0.572,"-0.769","88.0",0,0,0.5,0.5,30,35,31,36,3,2,6,3,6,1,"1.36","0.27","-0.27","45.6",2.7538133706109105,-1.8843763529321462,38.506985125733785,24.76054342518028,22.160209010882426
"CU","2023-09-02","80.8","1.58","6.67","Montgomery, Jordan",456781,656756,,"swinging_strike_blocked",,,,,13,,"R","R","L","TEX","MIN","S",,,0,0,2023,"-0.14","-0.71",-0.1327858900043009,0.8187922754053067,670242,572191,,2,4,"Top",,,,,,,-3.5806405434268003,-117.5516594043299,-4.993873057260115,-0.5372184667595992,24.247804385648646,-37.86749526523353,3.24,1.5,,,,"81",2289,"6.6",716752,641598,663993,543760,677649,608369,543257,665750,666969,"53.87",,,,,,,,32,1,"Curveball",4,4,4,4,4,4,4,4,"Standard","Standard",323,"0.01","-0.037","26.4","6.4","8.942773728",,"0.037",,0,0,0.49,0.51,30,35,31,36,3,2,6,3,6,1,"4.22","-0.14","0.14","45.7",65.48648126990753,77.13184183526515,35.01448195723895,33.767856358253816,22.092227955102096
"CH","2023-09-02","83.4","1.61","6.65","Montgomery, Jordan",572191,656756,"double","hit_into_play",,,,,3,"Michael A. Taylor doubles (14) on a line drive to left fielder Robbie Grossman. Kyle Farmer scores. Ryan Jeffers scores. Matt Wallner to 3rd.","R","R","L","TEX","MIN","X",7,"line_drive",2,1,2023,"0.62","1.12",0.8163928289734307,3.1432688048528044,571657,680777,670242,2,4,"Top",58.47,118.05,,,,,-3.0794269849774194,-121.46026073543523,-3.8954788555211453,6.745243674325534,22.133244674104766,-20.55288089463402,3.44,1.59,261,"98.4",18,"84.2",1450,"6.6",716752,641598,663993,543760,677649,608369,543257,665750,666969,"53.88",0.387,0.422,"1.25",1,1,1,4,31,4,"Changeup",4,2,2,4,4,4,4,4,"Standard","Standard",135,"-0.194","0.715","75.7","7.9",,0.644,"-0.715","98.4",2,-2,0.684,0.31599999999999995,30,32,31,32,2,1,6,3,6,16,"2.14","0.62","-0.62","51.3",20.0476299367278,-11.333158652709761,25.125094001545115,48.18864199493872,36.147326281485405
"CU","2023-09-02","81.3","1.48","6.67","Montgomery, Jordan",572191,656756,,"ball",,,,,13,,"R","R","L","TEX","MIN","B",,,1,1,2023,"-0.22","-0.48",-1.459179549752621,1.6506496454208408,571657,680777,670242,2,4,"Top",,,,,,,-6.20197016726827,-118.30354344154908,-3.744183306812198,-0.8939898768859289,21.921285378329237,-36.19105413526585,3.43999763193234,1.61938951259659,,,,"81.8",2348,"6.5",716752,641598,663993,543760,677649,608369,543257,665750,666969,"53.95",,,,,,,,31,3,"Curveball",4,2,2,4,2,4,2,4,"Standard","Standard",315,"-0.016","0.047",,,,,"-0.047",,2,-2,0.7,0.30000000000000004,30,32,31,32,2,1,6,3,6,16,"3.92","-0.22","0.22","46.1",,,,,
"FF","2023-09-02","92.1","1.68","6.69","Montgomery, Jordan",572191,656756,,"swinging_strike",,,,,12,,"R","R","L","TEX","MIN","S",,,1,0,2023,"0.31","1.54",0.013305611649008231,3.941159471451745,571657,680777,670242,2,4,"Top",,,,,,,-4.923117840327559,-134.0526224254463,-4.530335005708304,4.7137137039123544,27.67633669928446,-12.819452383662359,3.44,1.59,,,,"92.7",2180,"6.5",716752,641598,663993,543760,677649,608369,543257,665750,666969,"53.97",,,,,,,,31,2,"4-Seam Fastball",4,2,2,4,2,4,2,4,"Standard","Standard",143,"0.016","-0.048","46.9","4.6","5.4845559",,"0.048",,2,-2,0.684,0.31599999999999995,30,32,31,32,2,1,6,3,6,16,"1.14","0.31","-0.31","44.3",-5.128477165512941,53.93347256776096,34.23395062323914,39.238816071845434,2.206226965284096
"FF","2023-09-02","93.1","1.6","6.7","Montgomery, Jordan",572191,656756,,"ball",,,,,11,,"R","R","L","TEX","MIN","B",,,0,0,2023,"0.44","1.3",-0.9430018235189206,4.0972757296376505,571657,680777,670242,2,4,"Top",,,,,,,-7.527950207523008,-135.41403188264007,-3.8163577760935175,7.0075051320608255,27.01043226856773,-15.530267586063168,3.54428276891551,1.73417707994847,,,,"93.8",2267,"6.5",716752,641598,663993,543760,677649,608369,543257,665750,666969,"53.96",,,,,,,,31,1,"4-Seam Fastball",4,2,2,4,2,4,2,4,"Standard","Standard",150,"-0.011","0.035",,,,,"-0.035",,2,-2,0.695,0.30500000000000005,30,32,31,32,2,1,6,3,6,16,"1.32","0.44","-0.44","43.8",,,,,
"SI","2023-09-02","93","1.58","6.74","Montgomery, Jordan",670242,656756,"walk","ball",,,,,11,"Matt Wallner walks. Kyle Farmer to 3rd. Ryan Jeffers to 2nd.","R","L","L","TEX","MIN","B",,,3,2,2023,"0.97","0.89",-0.11585663933651791,4.367979979900307,,571657,680777,2,4,"Top",,,,,,,-6.51765181620226,-135.46685680171552,-2.344571828244987,13.273364113109107,26.769842339337465,-20.863208861200963,3.80668416703389,1.94620839472303,,,,"94.2",1959,"6.7",716752,641598,663993,543760,677649,608369,543257,665750,666969,"53.79",,0.695903,"0.7",1,0,0,,30,6,"Sinker",4,2,2,4,2,4,2,4,"Infield shade","Standard",145,"-0.034","0.188",,,,,"-0.188",,2,-2,0.729,0.271,30,25,31,26,2,1,6,1,6,1,"1.72","0.97","0.97","44.1",,,,,
"FF","2023-09-02","93.6","1.67","6.76","Montgomery, Jordan",670242,656756,,"ball",,,,,12,,"R","L","L","TEX","MIN","B",,,2,2,2023,"0.15","1.31",0.29804172221516734,4.862357089492756,,571657,680777,2,4,"Top",,,,,,,-3.872172520899486,-136.40308782517656,-2.09923639892576,2.6625946364850104,28.14245622755426,-15.494285225917588,3.84066485545546,1.94574532251838,,,,"94.3",2201,"6.5",716752,641598,663993,543760,677649,608369,543257,665750,666969,"54.04",,,,,,,,30,5,"4-Seam Fastball",4,2,2,4,2,4,2,4,"Standard","Standard",146,"-0.014","0.064",,,,,"-0.064",,2,-2,0.743,0.257,30,25,31,26,2,1,6,1,6,1,"1.27","0.15","0.15","45.0",,,,,
"CU","2023-09-02","81.5","1.62","6.65","Montgomery, Jordan",670242,656756,,"ball",,,,,13,,"R","L","L","TEX","MIN","B",,,1,2,2023,"-0.26","-0.56",-0.556864185868425,1.5377036857778124,,571657,680777,2,4,"Top",,,,,,,-4.4470955119874604,-118.64759575664144,-3.8637881499537166,-1.5710582178150223,22.53042297305195,-36.95150820839338,3.73999761404883,1.88019190554263,,,,"82.4",2308,"6.9",716752,641598,663993,543760,677649,608369,543257,665750,666969,"53.63",,,,,,,,30,4,"Curveball",4,2,2,4,2,4,2,4,"Standard","Standard",311,"-0.007","0.033",,,,,"-0.033",,2,-2,0.75,0.25,30,25,31,26,2,1,6,1,6,1,"3.99","-0.26","-0.26","47.7",,,,,
"SI","2023-09-02","92.7","1.68","6.79","Montgomery, Jordan",670242,656756,,"called_strike",,,,,3,,"R","L","L","TEX","MIN","S",,,1,1,2023,"1.06","0.93",0.7697228098581143,3.3816543329546134,,571657,680777,2,4,"Top",,,,,,,-4.674392140012065,-134.92256245375856,-5.014340199713271,13.987583897276274,27.277427873897665,-19.972405227453187,3.77653279234315,1.95075474526275,,,,"93.5",1996,"6.6",716752,641598,663993,543760,677649,608369,543257,665750,666969,"53.94",,,,,,,,30,3,"Sinker",4,2,2,4,2,4,2,4,"Standard","Standard",149,"0.012","-0.069",,,,,"0.069",,2,-2,0.738,0.262,30,25,31,26,2,1,6,1,6,1,"1.71","1.06","1.06","46.0",,,,,
"FF","2023-09-02","93.6","1.71","6.81","Montgomery, Jordan",670242,656756,,"foul",,,,,5,,"R","L","L","TEX","MIN","S",,,1,0,2023,"0.54","1.2",-0.14705745447593133,2.98002020416068,,571657,680777,2,4,"Top",,,,,,,-6.001679938840467,-136.1057396994927,-6.8367160663076545,7.938241894294572,27.787989542217986,-15.917772635820281,3.74,1.86,211,"88.3",63,"94.1",2234,"6.5",716752,641598,663993,543760,677649,608369,543257,665750,666969,"54.01",,,,,,,,30,2,"4-Seam Fastball",4,2,2,4,2,4,2,4,"Standard","Standard",145,"0.007","-0.045","76.5","6.9",,,"0.045","88.3",2,-2,0.731,0.269,30,25,31,26,2,1,6,1,6,1,"1.39","0.54","0.54","44.7",18.362421648614653,16.130617103482237,28.17821343787023,42.287808364696346,28.49380864863568
"SI","2023-09-02","93.9","1.67","6.8","Montgomery, Jordan",670242,656756,,"ball",,,,,12,,"R","L","L","TEX","MIN","B",,,0,0,2023,"1.2","0.9",1.2254189157834534,3.8502687467833985,,571657,680777,2,4,"Top",,,,,,,-3.8283909157482903,-136.76181043626667,-3.9518516819439418,15.952794967790709,29.321194261955895,-20.255022399873695,3.84264151677107,2.01671418301807,,,,"94.5",2127,"6.5",716752,641598,663993,543760,677649,608369,543257,665750,666969,"53.98",,,,,,,,30,1,"Sinker",4,2,2,4,2,4,2,4,"Standard","Standard",146,"-0.004","0.03",,,,,"-0.03",,2,-2,0.735,0.265,30,25,31,26,2,1,6,1,6,1,"1.68","1.2","1.2","44.5",,,,,
"CH","2023-09-02","84.1","1.61","6.6","Montgomery, Jordan",680777,656756,"single","hit_into_play",,,,,14,"Ryan Jeffers singles on a ground ball to left fielder Robbie Grossman. Jordan Luplow scores. Kyle Farmer to 2nd.","R","R","L","TEX","MIN","X",7,"ground_ball",1,2,2023,"0.8","1.38",1.001820360585951,1.6841029833334036,,656669,571657,2,4,"Top",88.23,128.91,,,,,-3.039861563953803,-122.24152932511308,-7.799914317113013,8.641114562388609,24.757845570789108,-16.944020986679263,3.3,1.58,71,"76.8",5,"84.7",1593,"6.8",716752,641598,663993,543760,677649,608369,543257,665750,666969,"53.67",0.185,0.182,"0.9",1,1,0,2,29,4,"Changeup",4,1,1,4,2,4,2,4,"Infield shade","Standard",127,"-0.096","0.632","58.7","7.9",,0.185,"-0.632","88.0",3,-3,0.831,0.16900000000000004,30,26,31,26,2,1,6,1,6,2,"1.85","0.8","-0.8","45.7",15.841196515318652,-6.785630077302225,34.11721282256638,48.92904445534079,32.62802231050503
"FF","2023-09-02","93.6","1.61","6.73","Montgomery, Jordan",680777,656756,,"swinging_strike",,,,,11,,"R","R","L","TEX","MIN","S",,,1,1,2023,"0.36","1.19",-1.1137195794053147,2.821364765997341,,656669,571657,2,4,"Top",,,,,,,-7.870669769075584,-135.9928208916651,-6.998409488180271,6.151639791280955,30.026673633359188,-16.060441306644087,3.3,1.58,,,,"94.2",2348,"6.7",716752,641598,663993,543760,677649,608369,543257,665750,666969,"53.76",,,,,,,,29,3,"4-Seam Fastball",4,1,1,4,1,4,1,4,"Standard","Standard",149,"0.011","-0.069","40.8","4.6","3.327324444",,"0.069",,3,-3,0.82,0.18000000000000005,30,26,31,26,2,1,6,1,6,2,"1.42","0.36","-0.36","45.8",-32.85491399539591,64.35532241710996,41.73699673071748,22.763482262621014,-6.423503281701217
"FF","2023-09-02","93.4","1.68","6.72","Montgomery, Jordan",680777,656756,,"swinging_strike",,,,,1,,"R","R","L","TEX","MIN","S",,,1,0,2023,"0.54","1.46",-0.3539760991131362,3.1932891564852603,,656669,571657,2,4,"Top",,,,,,,-6.436649589911871,-135.84767450260347,-6.563254857222503,8.072458002264064,29.797834523292597,-12.817434357914495,3.3,1.58,,,,"93.7",2441,"6.5",716752,641598,663993,543760,677649,608369,543257,665750,666969,"54.03",,,,,,,,29,2,"4-Seam Fastball",4,1,1,4,1,4,1,4,"Standard","Standard",142,"0.005","-0.045","74.8","6.5","0.974151852",,"0.045",,3,-3,0.815,0.18500000000000005,30,26,31,26,2,1,6,1,6,2,"1.15","0.54","-0.54","44.6",1.3054150637691664,15.556328807911314,28.896535332864687,32.499645925589434,22.003977821195775
"FF","2023-09-02","94.1","1.61","6.68","Montgomery, Jordan",680777,656756,,"ball",,,,,13,,"R","R","L","TEX","MIN","B",,,0,0,2023,"0.41","1.35",-1.867530263541442,1.7441822359033856,,656669,571657,2,4,"Top",,,,,,,-9.971177261001037,-136.33489943399684,-10.105605577607525,7.26164900856036,30.066077617714964,-13.16901801071094,3.42722646599619,1.7245754417323,,,,"94.4",2443,"6.7",716752,641598,663993,543760,677649,608369,543257,665750,666969,"53.77",,,,,,,,29,1,"4-Seam Fastball",4,1,1,4,1,4,1,4,"Standard","Standard",147,"-0.003","0.03",,,,,"-0.03",,3,-3,0.818,0.18200000000000005,30,26,31,26,2,1,6,1,6,2,"1.25","0.41","-0.41","44.1",,,,,
"SI","2023-09-02","93.7","1.67","6.81","Montgomery, Jordan",571657,656756,"walk","ball",,,,,12,"Kyle Farmer walks. Jordan Luplow to 2nd.","R","R","L","TEX","MIN","B",,,3,1,2023,"1.34","0.91",1.2959201321882121,2.769508543589077,,,656669,2,4,"Top",,,,,,,-3.948516597547245,-136.24849885879107,-6.702338302518105,17.60729198090302,30.17023861362638,-19.590330386322194,3.49087276904429,1.60408820979073,,,,"93.8",2186,"6.4",716752,641598,663993,543760,677649,608369,543257,665750,666969,"54.12",,0.695903,"0.7",1,0,0,,28,5,"Sinker",4,1,1,4,1,4,1,4,"Standard","Standard",142,"-0.013","0.164",,,,,"-0.164",,3,-3,0.831,0.16900000000000004,30,32,31,33,2,1,6,6,6,1,"1.69","1.34","-1.34","46.0",,,,,
"SI","2023-09-02","93.7","1.64","6.74","Montgomery, Jordan",571657,656756,,"ball",,,,,13,,"R","R","L","TEX","MIN","B",,,2,1,2023,"1.17","0.97",-0.45554994300939167,1.1712351188898766,,,656669,2,4,"Top",,,,,,,-8.012549652801116,-135.88633102350923,-10.841789697220614,16.182857609333276,29.163114713691694,-17.889591545579847,3.46613021696343,1.50911071368739,,,,"94.2",2207,"6.7",716752,641598,663993,543760,677649,608369,543257,665750,666969,"53.8",,,,,,,,28,4,"Sinker",4,1,1,4,1,4,1,4,"Standard","Standard",149,"-0.007","0.097",,,,,"-0.097",,3,-3,0.838,0.16200000000000003,30,32,31,33,2,1,6,6,6,1,"1.64","1.17","-1.17","47.2",,,,,
"SI","2023-09-02","94.2","1.62","6.74","Montgomery, Jordan",571657,656756,,"called_strike",,,,,9,,"R","R","L","TEX","MIN","S",,,2,0,2023,"1.27","0.92",0.3322413508449955,2.164498746147415,,,656669,2,4,"Top",,,,,,,-6.185570979476339,-136.8694570279687,-8.258809029987066,17.348419647157325,29.760387811043596,-18.941398191307666,3.46096456860781,1.60930021176068,,,,"94.5",2208,"6.5",716752,641598,663993,543760,677649,608369,543257,665750,666969,"53.96",,,,,,,,28,3,"Sinker",4,1,1,4,1,4,1,4,"Standard","Standard",145,"0.005","-0.051",,,,,"0.051",,3,-3,0.833,0.16700000000000004,30,32,31,33,2,1,6,6,6,1,"1.65","1.27","-1.27","47.1",,,,,
"SI","2023-09-02","93.6","1.64","6.66","Montgomery, Jordan",571657,656756,,"ball",,,,,14,,"R","R","L","TEX","MIN","B",,,1,0,2023,"1.5","0.94",0.7344170010371727,1.2250578442033206,,,656669,2,4,"Top",,,,,,,-5.678759874857132,-135.78018423388207,-10.37506659504034,19.82346059050915,31.088218348178586,-18.362974833388964,3.47022033390486,1.54843872803115,,,,"93.9",2220,"6.8",716752,641598,663993,543760,677649,608369,543257,665750,666969,"53.74",,,,,,,,28,2,"Sinker",4,1,1,4,1,4,1,4,"Standard","Standard",142,"-0.005","0.037",,,,,"-0.037",,3,-3,0.838,0.16200000000000003,30,32,31,33,2,1,6,6,6,1,"1.69","1.5","-1.5","46.0",,,,,
"SI","2023-09-02","94.4","1.67","6.71","Montgomery, Jordan",571657,656756,,"ball",,,,,14,,"R","R","L","TEX","MIN","B",,,0,0,2023,"1.5","0.92",0.15981766554599108,1.3843181824207793,,,656669,2,4,"Top",,,,,,,-7.295613726910427,-137.0144733085436,-10.219974322235624,20.479400625298283,31.29811007079259,-18.396805071882017,3.47182957694233,1.54976015057046,,,,"94.5",2153,"6.6",716752,641598,663993,543760,677649,608369,543257,665750,666969,"53.94",,,,,,,,28,1,"Sinker",4,1,1,4,1,4,1,4,"Standard","Standard",145,"-0.002","0.03",,,,,"-0.03",,3,-3,0.84,0.16000000000000003,30,32,31,33,2,1,6,6,6,1,"1.66","1.5","-1.5","43.0",,,,,
"SI","2023-09-02","93.2","1.58","6.79","Montgomery, Jordan",621043,656756,"field_out","hit_into_play",,,,,9,"Carlos Correa grounds out, shortstop Corey Seager to first baseman Nathaniel Lowe.","R","R","L","TEX","MIN","X",6,"ground_ball",1,0,2023,"1.22","0.9",0.6922519436891086,2.252734972299021,456781,,,2,1,"Top",117.3,150.72,,,,,-4.960738733315807,-135.4513151802295,-7.878615247752286,16.099040899366546,29.050144705237056,-19.557742708860218,3.63,1.72,10,"94.5",-13,"93.4",2113,"6.5",716752,641598,663993,543760,677649,608369,543257,665750,666969,"54.04",0.151,0.136,"0",1,0,0,2,4,2,"Sinker",0,0,0,0,0,0,0,0,"Standard","Standard",150,"0.038","-0.321","80.7","7.1",,0.151,"0.321","94.5",0,0,0.51,0.49,30,28,31,29,1,0,6,1,6,1,"1.73","1.22","-1.22","44.9",-0.1825958190478551,11.033831033146928,32.73797573282447,45.69212122185445,20.77379123808261
"SI","2023-09-02","93.7","1.59","6.78","Montgomery, Jordan",621043,656756,,"ball",,,,,13,,"R","R","L","TEX","MIN","B",,,0,0,2023,"1.28","0.87",-1.0798132215150489,2.1153444356685727,456781,,,2,1,"Top",,,,,,,-9.782555519315736,-135.9762497156857,-8.279801272392513,17.952303244765815,28.693969169793366,-19.671192858819584,3.53800831089223,1.68387262512372,,,,"94.4",2151,"6.7",716752,641598,663993,543760,677649,608369,543257,665750,666969,"53.76",,,,,,,,4,1,"Sinker",0,0,0,0,0,0,0,0,"Standard","Standard",145,"-0.001","0.028",,,,,"-0.028",,0,0,0.511,0.489,30,28,31,29,1,0,6,1,6,1,"1.73","1.28","-1.28","44.4",,,,,
"CU","2023-09-02","81.6","1.78","6.66","Montgomery, Jordan",668904,656756,"grounded_into_double_play","hit_into_play",,,,,8,"Royce Lewis grounds into a double play, shortstop Corey Seager to second baseman Marcus Semien to first baseman Nathaniel Lowe. Donovan Solano to 3rd. Jorge Polanco out at 2nd. Royce Lewis out at 1st.","R","R","L","TEX","MIN","X",6,"ground_ball",1,2,2023,"-0.15","-0.39",0.20562700124540706,1.840732793863081,,456781,593871,0,1,"Top",111.85,159.8,,,,,-3.2632396761807856,-118.94165982193917,-3.5887454092838644,-0.8830782209424511,21.162773535596124,-35.442477012425876,3.44,1.58,7,"93.1",-15,"82.3",2351,"6.5",716752,641598,663993,543760,677649,608369,543257,665750,666969,"53.99",0.104,0.114,"0",1,0,0,2,3,4,"Curveball",0,0,0,0,0,0,0,0,"Standard","Standard",327,"0.086","-0.218","77.6","7.7",,0.123,"0.218","93.1",0,0,0.425,0.575,30,24,31,24,1,0,6,1,6,1,"3.78","-0.15","0.15","45.9",8.18459645944905,-7.722003469061918,27.471793244301804,38.794712485705396,32.77487786111714
"CH","2023-09-02","84.3","1.65","6.65","Montgomery, Jordan",668904,656756,,"foul",,,,,6,,"R","R","L","TEX","MIN","S",,,1,1,2023,"0.55","1.34",0.27921057153778817,2.380237811411055,,456781,593871,0,1,"Top",,,,,,,-4.312232940645934,-122.5552216198622,-6.2390469217209015,6.426508902804349,23.95890504111823,-17.623688301485146,3.44,1.58,5,"65",-26,"84.7",1578,"6.6",716752,641598,663993,543760,677649,608369,543257,665750,666969,"53.93",,,,,,,,3,3,"Changeup",0,0,0,0,0,0,0,0,"Standard","Standard",133,"0.013","-0.076","77.7","8.6",,,"0.076","88.0",0,0,0.412,0.5880000000000001,30,24,31,24,1,0,6,1,6,1,"1.87","0.55","-0.55","46.7",22.778610745100785,-22.54915080114142,26.6768536485349,40.600985754919094,42.39246706373913
"CU","2023-09-02","81.7","1.61","6.67","Montgomery, Jordan",668904,656756,,"ball",,,,,13,,"R","R","L","TEX","MIN","B",,,0,1,2023,"-0.13","-0.51",-0.8978080571192808,0.9154609254679857,,456781,593871,0,1,"Top",,,,,,,-5.427466094613121,-118.77509556731472,-5.414022783882553,-0.14742451890827968,23.65028826415143,-36.07762287199267,3.43999823938359,1.55584146726402,,,,"82.1",2413,"6.7",716752,641598,663993,543760,677649,608369,543257,665750,666969,"53.77",,,,,,,,3,2,"Curveball",0,0,0,0,0,0,0,0,"Standard","Standard",324,"-0.005","0.034",,,,,"-0.034",,0,0,0.417,0.583,30,24,31,24,1,0,6,1,6,1,"3.94","-0.13","0.13","45.3",,,,,
"CU","2023-09-02","80.8","1.75","6.66","Montgomery, Jordan",668904,656756,,"called_strike",,,,,8,,"R","R","L","TEX","MIN","S",,,0,0,2023,"-0.02","-0.44",-0.15571135655730645,1.600335166821397,,456781,593871,0,1,"Top",,,,,,,-4.232272422992602,-117.56080941314664,-3.804705269752133,0.638231313221844,21.99311324904307,-35.77285164537817,3.43856030733681,1.60442051653574,,,,"81.2",2273,"6.5",716752,641598,663993,543760,677649,608369,543257,665750,666969,"53.97",,,,,,,,3,1,"Curveball",0,0,0,0,0,0,0,0,"Standard","Standard",330,"0.007","-0.048",,,,,"0.048",,0,0,0.41,0.5900000000000001,30,24,31,24,1,0,6,1,6,1,"3.93","-0.02","0.02","47.2",,,,,
"CH","2023-09-02","83.7","1.62","6.61","Montgomery, Jordan",593871,656756,"single","hit_into_play",,,,,14,"Jorge Polanco singles on a line drive to right fielder Adolis Garcia. Donovan Solano to 2nd.","R","R","L","TEX","MIN","X",9,"line_drive",0,1,2023,"0.75","0.96",0.6985146775304119,1.3413858378286858,,,456781,0,1,"Top",153.37,112.08,,,,,-3.6204767107713036,-121.73936164123052,-7.7191019563386964,8.147618672834195,21.663080803948613,-21.39918174736676,3.32,1.59,159,"72.4",14,"84.5",1554,"6.6",716752,641598,663993,543760,677649,608369,543257,665750,666969,"53.86",0.45,0.405,"0.9",1,1,0,4,2,2,"Changeup",0,0,0,0,0,0,0,0,"Standard","Standard",133,"-0.059","0.489","67.1","7.3",,0.454,"-0.489","88.0",0,0,0.469,0.531,30,29,31,30,1,0,6,1,6,1,"2.28","0.75","-0.75","48.3",8.818126397145155,2.8859778986451823,39.87390688308067,44.05545703899645,30.839603827403526
"SI","2023-09-02","93.4","1.69","6.77","Montgomery, Jordan",593871,656756,,"called_strike",,,,,8,,"R","R","L","TEX","MIN","S",,,0,0,2023,"1.34","1.08",0.18964661382714842,1.7940676007155127,,,456781,0,1,"Top",,,,,,,-6.835315694731039,-135.6830846295204,-9.485257541592874,18.056976550498455,28.407905214266478,-16.96716111865798,3.38962336452432,1.59140472732503,,,,"93.9",2116,"6.6",716752,641598,663993,543760,677649,608369,543257,665750,666969,"53.94",,,,,,,,2,1,"Sinker",0,0,0,0,0,0,0,0,"Standard","Standard",141,"0.005","-0.036",,,,,"0.036",,0,0,0.464,0.536,30,29,31,30,1,0,6,1,6,1,"1.53","1.34","-1.34","44.8",,,,,
"CH","2023-08-27","82.1","1.55","6.69","Montgomery, Jordan",621043,656756,"walk","ball",,,,,14,"Carlos Correa walks. Donovan Solano to 3rd. Jorge Polanco to 2nd.","R","R","L","MIN","TEX","B",,,3,2,2023,"0.81","1.23",0.829280663927809,1.0980973437367199,,456781,593871,1,6,"Bot",,,,,,,-3.2085252095695314,-119.44010155876873,-8.596136520041728,8.331087708979284,20.715916702455146,-19.019081545030893,3.61240807262613,1.74208284163675,,,,"82.9",1724,"6.6",716824,641680,663993,543760,669701,608369,543257,665750,679881,"53.89",,0.695903,"0.7",1,0,0,,47,6,"Changeup",0,5,0,5,5,0,0,5,"Standard","Standard",135,"0.04","0.318",,,,,"-0.318",,-5,-5,0.091,0.091,30,28,31,29,3,2,6,1,6,1,"2.13","0.81","-0.81","47.7",,,,,
"SI","2023-08-27","94.2","1.65","6.83","Montgomery, Jordan",621043,656756,,"ball",,,,,11,,"R","R","L","MIN","TEX","B",,,2,2,2023,"1.45","0.88",-0.7875943347974945,3.751613377032964,,456781,593871,1,6,"Bot",,,,,,,-9.53799267971095,-136.93403631113893,-4.273042071863146,20.332804641817262,28.975175194535304,-20.290860449993644,3.61240807262613,1.68397808314535,,,,"94.3",2270,"6.3",716824,641680,663993,543760,669701,608369,543257,665750,679881,"54.16",,,,,,,,47,5,"Sinker",0,5,0,5,5,0,0,5,"Standard","Standard",138,"0.011","0.062",,,,,"-0.062",,-5,-5,0.08,0.08,30,28,31,29,3,2,6,1,6,1,"1.68","1.45","-1.45","46.0",,,,,
"CU","2023-08-27","82.9","1.7","6.67","Montgomery, Jordan",621043,656756,,"blocked_ball",,,,,13,,"R","R","L","MIN","TEX","B",,,1,2,2023,"-0.12","-0.32",-0.36169423566915104,-0.06484888350823237,,456781,593871,1,6,"Bot",,,,,,,-4.48974199556267,-120.48258031380485,-8.30813666804619,-0.3170782420034568,22.770762922529364,-33.92784050523242,3.61240807262613,1.68397808314535,,,,"83.4",2403,"6.6",716824,641680,663993,543760,669701,608369,543257,665750,679881,"53.89",,,,,,,,47,4,"Curveball",0,5,0,5,5,0,0,5,"Standard","Standard",327,"0.005","0.028",,,,,"-0.028",,-5,-5,0.075,0.075,30,28,31,29,3,2,6,1,6,1,"3.64","-0.12","0.12","46.6",,,,,
"SI","2023-08-27","93.7","1.66","6.79","Montgomery, Jordan",621043,656756,,"called_strike",,,,,7,,"R","R","L","MIN","TEX","S",,,1,1,2023,"1.33","1.03",-0.41512918976117175,1.787673926317938,,456781,593871,1,6,"Bot",,,,,,,-8.28778896598346,-135.97760826310167,-9.47814909259569,18.235822354992006,27.32655643215393,-17.459571286706748,3.61240807262613,1.74208284163675,,,,"93.9",2202,"6.4",716824,641680,663993,543760,669701,608369,543257,665750,679881,"54.11",,,,,,,,47,3,"Sinker",0,5,0,5,5,0,0,5,"Standard","Standard",141,"-0.007","-0.059",,,,,"0.059",,-5,-5,0.082,0.082,30,28,31,29,3,2,6,1,6,1,"1.56","1.33","-1.33","46.9",,,,,
"CH","2023-08-27","83.2","1.56","6.67","Montgomery, Jordan",621043,656756,,"foul",,,,,9,,"R","R","L","MIN","TEX","S",,,1,0,2023,"0.82","1.11",0.6553976314128661,2.136965324571376,,456781,593871,1,6,"Bot",,,,,,,-3.696550979827238,-121.07082026389513,-6.174261312150911,8.755942056127175,23.389258319433697,-20.2129640771201,3.61,1.69,104,"77.3",77,"83.8",1640,"6.6",716824,641680,663993,543760,669701,608369,543257,665750,679881,"53.87",,,,,,,,47,2,"Changeup",0,5,0,5,5,0,0,5,"Standard","Standard",131,"-0.007","-0.051",,,,,"0.051","88.0",-5,-5,0.089,0.089,30,28,31,29,3,2,6,1,6,1,"2.18","0.82","-0.82","49.0",,,,,
"CH","2023-08-27","83.5","1.45","6.61","Montgomery, Jordan",621043,656756,,"blocked_ball",,,,,13,,"R","R","L","MIN","TEX","B",,,0,0,2023,"0.37","1.25",-0.8420865000385609,0.23990151672699622,,456781,593871,1,6,"Bot",,,,,,,-6.030157745918314,-121.21464684274167,-10.767186622843965,4.69295089505895,21.443765173862513,-18.012060363752084,3.61240807262613,1.68397808314535,,,,"84.3",1732,"6.7",716824,641680,663993,543760,669701,608369,543257,665750,679881,"53.8",,,,,,,,47,1,"Changeup",0,5,0,5,5,0,0,5,"Standard","Standard",137,"0.005","0.042",,,,,"-0.042",,-5,-5,0.084,0.084,30,28,31,29,3,2,6,1,6,1,"2.01","0.37","-0.37","48.5",,,,,
"SI","2023-08-27","94.2","1.67","6.77","Montgomery, Jordan",656669,656756,"field_out","hit_into_play",,,,,5,"Jordan Luplow flies out to right fielder J.P. Martínez.","R","R","L","MIN","TEX","X",9,"fly_ball",3,2,2023,"1.32","0.92",0.25856252573948835,2.253437711216931,,456781,593871,0,6,"Bot",173.94,95.2,,,,,-6.592568074208202,-136.9548777520299,-8.119416754130485,18.01167751648109,27.72497573636453,-18.984902321546386,3.32,1.56,284,"98.4",48,"94.6",2303,"6.4",716824,641680,663993,543760,669701,608369,543257,665750,679881,"54.12",0.013,0.014,"0",1,0,0,3,46,6,"Sinker",0,5,0,5,5,0,0,5,"Standard","Standard",141,"-0.049","-0.29",,,,0.022,"0.29","98.4",-5,-5,0.133,0.133,30,29,31,30,3,2,6,1,6,3,"1.63","1.32","-1.32","47.3",,,,,
"SI","2023-08-27","94.7","1.65","6.8","Montgomery, Jordan",656669,656756,,"ball",,,,,11,,"R","R","L","MIN","TEX","B",,,2,2,2023,"1.3","1",-1.1319147474038536,3.565346057294109,,456781,593871,0,6,"Bot",,,,,,,-10.174875582473641,-137.5744300530126,-5.061116268883298,18.62778482880041,27.422939144867268,-18.473789597405418,3.32238466008401,1.56778637207162,,,,"95.3",2293,"6.5",716824,641680,663993,543760,669701,608369,543257,665750,679881,"54",,,,,,,,46,5,"Sinker",0,5,0,5,5,0,0,5,"Infield shade","Standard",147,"0.016","0.113",,,,,"-0.113",,-5,-5,0.117,0.117,30,29,31,30,3,2,6,1,6,3,"1.53","1.3","-1.3","47.0",,,,,
"CU","2023-08-27","81.3","1.55","6.72","Montgomery, Jordan",656669,656756,,"blocked_ball",,,,,13,,"R","R","L","MIN","TEX","B",,,1,2,2023,"-0.25","-0.27",-1.3205974388419246,-0.546011584228471,,456781,593871,0,6,"Bot",,,,,,,-5.995716545363874,-118.1165706363808,-9.235742023333739,-1.2901966492084016,20.749696345231328,-33.24836403121276,3.10585079526368,1.48065784406898,,,,"81.9",2437,"6.6",716824,641680,663993,543760,669701,608369,543257,665750,679881,"53.87",,,,,,,,46,4,"Curveball",0,5,0,5,5,0,0,5,"Standard","Standard",324,"0.006","0.034",,,,,"-0.034",,-5,-5,0.111,0.111,30,29,31,30,3,2,6,1,6,3,"3.71","-0.25","0.25","50.9",,,,,
"SI","2023-08-27","94","1.7","6.79","Montgomery, Jordan",656669,656756,,"foul",,,,,12,,"R","R","L","MIN","TEX","S",,,1,1,2023,"1.19","1.01",0.7307327073360745,3.4966395189524677,,456781,593871,0,6,"Bot",,,,,,,-5.163793521279598,-136.83129731595315,-5.08128642211892,16.120503899469053,29.251198148927784,-18.618294109982696,3.32,1.56,,,,"94.2",2191,"6.3",716824,641680,663993,543760,669701,608369,543257,665750,679881,"54.15",,,,,,,,46,3,"Sinker",0,5,0,5,5,0,0,5,"Standard","Standard",146,"-0.01","-0.076",,,,,"0.076",,-5,-5,0.121,0.121,30,29,31,30,3,2,6,1,6,3,"1.57","1.19","-1.19","45.4",,,,,
"SI","2023-08-27","92.9","1.65","6.81","Montgomery, Jordan",656669,656756,,"called_strike",,,,,1,,"R","R","L","MIN","TEX","S",,,1,0,2023,"1.25","1.06",-0.682981049990341,2.882446621613066,,456781,593871,0,6,"Bot",,,,,,,-8.762839004997062,-135.03075830554786,-6.665396201231948,17.126743994811335,27.18678686413854,-17.925094754731667,3.32238466008401,1.50969925469788,,,,"93.9",2189,"6.7",716824,641680,663993,543760,669701,608369,543257,665750,679881,"53.75",,,,,,,,46,2,"Sinker",0,5,0,5,5,0,0,5,"Standard","Strategic",146,"-0.009","-0.055",,,,,"0.055",,-5,-5,0.13,0.13,30,29,31,30,3,2,6,1,6,3,"1.57","1.25","-1.25","49.5",,,,,
"SL","2023-08-27","86.7","1.88","6.71","Montgomery, Jordan",656669,656756,,"ball",,,,,14,,"R","R","L","MIN","TEX","B",,,0,0,2023,"0.33","0.69",1.2163671631481079,2.3583001354698676,,456781,593871,0,6,"Bot",,,,,,,-2.2532348342590858,-126.2557506594841,-5.703158982010688,3.9230852131636667,22.819112891199346,-23.917745089848285,3.32238466008401,1.48065784406898,,,,"87.3",2494,"6.4",716824,641680,663993,543760,669701,608369,543257,665750,679881,"54.1",,,,,,,,46,1,"Slider",0,5,0,5,5,0,0,5,"Standard","Strategic",182,"0.007","0.042",,,,,"-0.042",,-5,-5,0.123,0.123,30,29,31,30,3,2,6,1,6,3,"2.31","0.33","-0.33","47.6",,,,,
"CH","2023-08-27","84.1","1.57","6.7","Montgomery, Jordan",593871,656756,"single","hit_into_play",,,,,9,"Jorge Polanco singles on a line drive to center fielder Leody Taveras. Donovan Solano to 2nd.","R","R","L","MIN","TEX","X",8,"line_drive",2,2,2023,"0.67","1.21",0.3848784767223994,2.0558024023055035,,,456781,0,6,"Bot",121.38,78.44,,,,,-4.099926805129592,-122.375708627487,-6.8658161944527025,7.558622906011042,21.689968879417684,-18.853661082003942,3.39,1.65,241,"96.5",10,"84.8",1756,"6.5",716824,641680,663993,543760,669701,608369,543257,665750,679881,"53.96",0.755,0.716,"0.9",1,1,0,4,45,5,"Changeup",0,5,0,5,5,0,0,5,"Standard","Strategic",131,"0.045","0.478",,,,0.884,"-0.478","96.5",-5,-5,0.078,0.078,30,29,31,30,3,2,6,1,6,1,"1.98","0.67","-0.67","45.4",,,,,
"SI","2023-08-27","94.3","1.69","6.82","Montgomery, Jordan",593871,656756,,"ball",,,,,11,,"R","R","L","MIN","TEX","B",,,1,2,2023,"1.13","1.1",-0.42873926039492494,4.051691473803146,,,456781,0,6,"Bot",,,,,,,-8.028320735303147,-137.14705983730482,-3.9749785251766268,15.957639981006647,28.702786479169813,-17.5532597990466,3.13496237862927,1.48065784406898,,,,"94.7",2196,"6.4",716824,641680,663993,543760,669701,608369,543257,665750,679881,"54.07",,,,,,,,45,4,"Sinker",0,5,0,5,5,0,0,5,"Standard","Strategic",149,"0.004","0.045",,,,,"-0.045",,-5,-5,0.074,0.074,30,29,31,30,3,2,6,1,6,1,"1.45","1.13","-1.13","46.4",,,,,
"SI","2023-08-27","93.3","1.69","6.76","Montgomery, Jordan",593871,656756,,"swinging_strike",,,,,9,,"R","R","L","MIN","TEX","S",,,1,1,2023,"1.25","0.96",0.4979179900661006,1.980203028093129,,,456781,0,6,"Bot",,,,,,,-5.824306683267039,-135.59525335975025,-8.702085062622647,16.72453973568906,27.36575664893986,-18.645077458482255,3.39,1.65,,,,"93.8",2178,"6.5",716824,641680,663993,543760,669701,608369,543257,665750,679881,"54.02",,,,,,,,45,3,"Sinker",0,5,0,5,5,0,0,5,"Standard","Strategic",143,"-0.006","-0.059",,,,,"0.059",,-5,-5,0.08,0.08,30,29,31,30,3,2,6,1,6,1,"1.65","1.25","-1.25","45.1",,,,,
"CH","2023-08-27","83.8","1.57","6.67","Montgomery, Jordan",593871,656756,,"ball",,,,,14,,"R","R","L","MIN","TEX","B",,,0,1,2023,"0.97","1.09",1.0898382457255118,1.352760950080094,,,456781,0,6,"Bot",,,,,,,-3.0566391572824747,-121.94290752180477,-8.1381188725824,10.34058725366007,20.615969853907103,-19.989247152315986,3.22230810839127,1.48065784406898,,,,"84.8",1739,"6.6",716824,641680,663993,543760,669701,608369,543257,665750,679881,"53.89",,,,,,,,45,2,"Changeup",0,5,0,5,5,0,0,5,"Standard","Strategic",134,"0.002","0.024",,,,,"-0.024",,-5,-5,0.078,0.078,30,29,31,30,3,2,6,1,6,1,"2.12","0.97","-0.97","48.1",,,,,
"CU","2023-08-27","78.8","1.73","6.75","Montgomery, Jordan",593871,656756,,"called_strike",,,,,6,,"R","R","L","MIN","TEX","S",,,0,0,2023,"-0.41","-0.29",0.4329360672862482,2.52281672563769,,,456781,0,6,"Bot",,,,,,,-2.073439783598598,-114.93147807751521,-1.9607701076984438,-3.3191133207019283,17.869251042679174,-34.672368599653005,3.16407578679836,1.45161785143009,,,,"79.9",2308,"6.5",716824,641680,663993,543760,669701,608369,543257,665750,679881,"53.97",,,,,,,,45,1,"Curveball",0,5,0,5,5,0,0,5,"Standard","Strategic",315,"-0.003","-0.036",,,,,"0.036",,-5,-5,0.081,0.081,30,29,31,30,3,2,6,1,6,1,"3.9","-0.41","0.41","47.2",,,,,
"CH","2023-08-27","84.1","1.49","6.64","Montgomery, Jordan",572191,656756,"strikeout","swinging_strike",,,,,14,"Michael A. Taylor strikes out swinging.","R","R","L","MIN","TEX","S",2,,3,2,2023,"0.89","1.16",0.8814498973784294,1.0216344325373752,680777,,571657,2,5,"Bot",,,,,,,-3.182181345597288,-122.26263795783177,-9.034494463714495,9.59094647075924,21.008210012996972,-19.07759186209854,3.43,1.58,,,,"84.9",1619,"6.6",716824,641680,663993,543760,669701,608369,543257,665750,679881,"53.92",,0,"0",1,0,0,,39,6,"Changeup",0,5,0,5,5,0,0,5,"Strategic","Standard",134,"-0.03","-0.321",,,,,"0.321",,-5,-5,0.078,0.078,30,32,31,32,2,1,6,3,6,1,"2.04","0.89","-0.89","46.5",,,,,
"SI","2023-08-27","95.3","1.7","6.7","Montgomery, Jordan",572191,656756,,"ball",,,,,13,,"R","R","L","MIN","TEX","B",,,2,2,2023,"1.27","0.85",-0.868373335424466,1.1797264288374638,680777,,571657,2,5,"Bot",,,,,,,-9.625518319361753,-138.23736366624232,-10.88774734762159,18.28746303854466,26.442928092472243,-19.089748329094387,3.43239316902761,1.59683209974504,,,,"96.2",2142,"6.7",716824,641680,663993,543760,669701,608369,543257,665750,679881,"53.82",,,,,,,,39,5,"Sinker",0,5,0,5,5,0,0,5,"Standard","Standard",142,"0.007","0.08",,,,,"-0.08",,-5,-5,0.071,0.071,30,32,31,32,2,1,6,3,6,1,"1.64","1.27","-1.27","44.6",,,,,
"SI","2023-08-27","93.8","1.5","6.77","Montgomery, Jordan",572191,656756,,"called_strike",,,,,4,,"R","R","L","MIN","TEX","S",,,2,1,2023,"1.31","0.66",-0.30212405195056147,2.3706484885124857,680777,,571657,2,5,"Bot",,,,,,,-7.594433674561503,-136.4217801842418,-7.212862457899728,18.032556741738286,26.11305365126532,-22.62193231370187,3.43239316902761,1.56778637207162,,,,"94.7",2150,"6.5",716824,641680,663993,543760,669701,608369,543257,665750,679881,"53.96",,,,,,,,39,4,"Sinker",0,5,0,5,5,0,0,5,"Standard","Standard",146,"-0.006","-0.081",,,,,"0.081",,-5,-5,0.077,0.077,30,32,31,32,2,1,6,3,6,1,"1.91","1.31","-1.31","47.0",,,,,
"FF","2023-08-27","92.9","1.8","6.75","Montgomery, Jordan",572191,656756,,"ball",,,,,12,,"R","R","L","MIN","TEX","B",,,1,1,2023,"0.59","1.32",0.12321807865961076,3.950746729136477,680777,,571657,2,5,"Bot",,,,,,,-5.6088409386128815,-135.26262113832266,-4.342643456337794,8.44969837201669,26.709290737586304,-15.230644589182068,3.43239316902761,1.62587928727427,,,,"93.6",2320,"6.5",716824,641680,663993,543760,669701,608369,543257,665750,679881,"54.03",,,,,,,,39,3,"4-Seam Fastball",0,5,0,5,5,0,0,5,"Standard","Standard",147,"0.003","0.031",,,,,"-0.031",,-5,-5,0.074,0.074,30,32,31,32,2,1,6,3,6,1,"1.3","0.59","-0.59","48.5",,,,,
"CH","2023-08-27","83","1.49","6.73","Montgomery, Jordan",572191,656756,,"called_strike",,,,,14,,"R","R","L","MIN","TEX","S",,,1,0,2023,"0.69","1.12",1.1754082329913553,2.372015188555002,680777,,571657,2,5,"Bot",,,,,,,-2.083894506224345,-120.95298090570894,-5.796302993230166,7.231779994651346,21.173253923962,-20.28980791993589,3.3176823486266,1.48862694031367,,,,"83.7",1538,"6.4",716824,641680,663993,543760,669701,608369,543257,665750,679881,"54.07",,,,,,,,39,2,"Changeup",0,5,0,5,5,0,0,5,"Standard","Standard",136,"-0.003","-0.055",,,,,"0.055",,-5,-5,0.077,0.077,30,32,31,32,2,1,6,3,6,1,"2.15","0.69","-0.69","48.4",,,,,
"SI","2023-08-27","94.8","1.66","6.83","Montgomery, Jordan",572191,656756,,"ball",,,,,12,,"R","R","L","MIN","TEX","B",,,0,0,2023,"1.53","0.71",1.1368103302296924,2.5888526298624894,680777,,571657,2,5,"Bot",,,,,,,-4.7790346449483945,-137.9781428323661,-7.034488860036996,20.629725321377364,29.11206892755179,-21.7622915782248,3.43239316902761,1.63233455871722,,,,"95",2228,"6.3",716824,641680,663993,543760,669701,608369,543257,665750,679881,"54.21",,,,,,,,39,1,"Sinker",0,5,0,5,5,0,0,5,"Standard","Standard",143,"0.002","0.042",,,,,"-0.042",,-5,-5,0.075,0.075,30,32,31,32,2,1,6,3,6,1,"1.81","1.53","-1.53","45.2",,,,,
"SI","2023-08-27","93.3","1.66","6.82","Montgomery, Jordan",670242,656756,"field_out","hit_into_play",,,,,6,"Matt Wallner flies out to right fielder J.P. Martínez. Ryan Jeffers to 3rd.","R","L","L","MIN","TEX","X",9,"fly_ball",1,0,2023,"1.46","1.06",0.5892494324922357,3.023332542960273,,680777,571657,1,5,"Bot",207.81,104.07,,,,,-5.971436365313362,-135.6675329782501,-6.339448854663466,19.301144885252413,29.03955121297811,-17.894959709945823,3.72,1.86,293,"91.1",51,"93.4",2192,"6.4",716824,641680,663993,543760,669701,608369,543257,665750,679881,"54.15",0.003,0.002,"0",1,0,0,3,38,2,"Sinker",0,5,0,5,5,0,0,5,"Standard","Strategic",148,"-0.035","-0.281",,,,0.004,"0.281","91.1",-5,-5,0.11,0.11,30,25,31,26,2,1,6,1,6,1,"1.56","1.46","1.46","46.1",,,,,
"SI","2023-08-27","93.7","1.6","6.81","Montgomery, Jordan",670242,656756,,"ball",,,,,14,,"R","L","L","MIN","TEX","B",,,0,0,2023,"1.29","1.04",0.40437006786433227,1.299090757301175,,680777,571657,1,5,"Bot",,,,,,,-5.9356944637644515,-136.02512696264083,-10.785616108078827,17.346462138427082,29.203572447597388,-17.06449986851351,3.86984423000862,2.0391589445475,,,,"93.8",2154,"6.5",716824,641680,663993,543760,669701,608369,543257,665750,679881,"54.05",,,,,,,,38,1,"Sinker",0,5,0,5,5,0,0,5,"Standard","Standard",141,"0.005","0.042",,,,,"-0.042",,-5,-5,0.105,0.105,30,25,31,26,2,1,6,1,6,1,"1.56","1.29","1.29","45.5",,,,,
"SI","2023-08-27","93.4","1.63","6.81","Montgomery, Jordan",571657,656756,"single","hit_into_play",,,,,8,"Kyle Farmer singles on a line drive to right fielder J.P. Martínez. Ryan Jeffers to 2nd.","R","R","L","MIN","TEX","X",9,"line_drive",0,0,2023,"1.41","1.09",-0.05031762786438354,1.9267336058736968,,,680777,1,5,"Bot",171.84,81,,,,,-7.436724153061652,-135.59757392390935,-9.23155521432491,18.972153582789026,27.82881771433927,-16.949112908363055,3.36,1.52,260,"99.7",14,"93.7",2109,"6.5",716824,641680,663993,543760,669701,608369,543257,665750,679881,"54.03",0.808,0.795,"0.9",1,1,0,4,37,1,"Sinker",0,5,0,5,5,0,0,5,"Standard","Strategic",143,"0.028","0.415",,,,1.05,"-0.415","99.7",-5,-5,0.077,0.077,30,32,31,33,2,1,6,1,6,6,"1.53","1.41","-1.41","49.4",,,,,
"CH","2023-08-27","84.1","1.42","6.73","Montgomery, Jordan",621043,656756,"field_out","hit_into_play",,,,,9,"Carlos Correa pops out to first baseman Nathaniel Lowe in foul territory.","R","R","L","MIN","TEX","X",3,"popup",2,2,2023,"0.79","1.18",0.43770046208029056,1.6282737728627963,,,593871,2,4,"Bot",155.46,195.39,,,,,-3.8499522742129137,-122.32791416351682,-7.849838132682307,8.687671458187598,22.367399788520434,-19.01186579259173,3.61,1.69,73,"79.9",80,"84.7",1612,"6.5",716824,641680,663993,543760,669701,608369,543257,665750,679881,"53.95",0.003,0.003,"0",1,0,0,3,31,6,"Changeup",0,5,0,5,5,0,0,5,"Standard","Standard",133,"-0.01","-0.24",,,,0.003,"0.24","88.0",-5,-5,0.074,0.074,30,28,31,29,2,1,6,1,6,1,"2.03","0.79","-0.79","49.4",,,,,
"CU","2023-08-27","81.7","1.51","6.69","Montgomery, Jordan",621043,656756,,"blocked_ball",,,,,13,,"R","R","L","MIN","TEX","B",,,1,2,2023,"-0.07","-0.35",-0.8861659127330643,-0.30601047240592516,,,593871,2,4,"Bot",,,,,,,-5.26605634032698,-118.78126022797491,-8.559221236870636,0.22988952028104084,20.987214173900828,-34.1824628346988,3.70139286077875,1.69688990593513,,,,"82.2",2407,"6.5",716824,641680,663993,543760,669701,608369,543257,665750,679881,"54",,,,,,,,31,5,"Curveball",0,5,0,5,5,0,0,5,"Standard","Standard",323,"0.002","0.034",,,,,"-0.034",,-5,-5,0.072,0.072,30,28,31,29,2,1,6,1,6,1,"3.75","-0.07","0.07","48.3",,,,,
"CU","2023-08-27","81.5","1.48","6.84","Montgomery, Jordan",621043,656756,,"foul",,,,,13,,"R","R","L","MIN","TEX","S",,,1,2,2023,"-0.16","-0.45",-0.03686775420299915,1.5081657316101467,,,593871,2,4,"Bot",,,,,,,-3.099723937743192,-118.6553392259645,-4.600041540488888,-1.012698923202856,20.908567205219715,-35.79132187681323,3.61,1.69,198,"90.9",16,"82",2440,"6.5",716824,641680,663993,543760,669701,608369,543257,665750,679881,"54.05",,,,,,,,31,4,"Curveball",0,5,0,5,5,0,0,5,"Standard","Standard",324,"0","0",,,,,"0","90.9",-5,-5,0.072,0.072,30,28,31,29,2,1,6,1,6,1,"3.85","-0.16","0.16","51.7",,,,,
"SI","2023-08-27","93.9","1.63","6.87","Montgomery, Jordan",621043,656756,,"foul",,,,,5,,"R","R","L","MIN","TEX","S",,,1,1,2023,"1.41","0.78",-0.18478410526348754,2.736132886773851,,,593871,2,4,"Bot",,,,,,,-7.83248659727607,-136.5075539330062,-6.76414842512289,19.32226039428694,26.48479352239996,-21.14678434141843,3.61,1.69,213,"75.9",54,"94.4",2213,"6.4",716824,641680,663993,543760,669701,608369,543257,665750,679881,"54.1",,,,,,,,31,3,"Sinker",0,5,0,5,5,0,0,5,"Standard","Standard",144,"-0.003","-0.06",,,,,"0.06","88.0",-5,-5,0.075,0.075,30,28,31,29,2,1,6,1,6,1,"1.78","1.41","-1.41","51.2",,,,,
"CH","2023-08-27","84.4","1.59","6.65","Montgomery, Jordan",621043,656756,,"ball",,,,,14,,"R","R","L","MIN","TEX","B",,,0,1,2023,"0.92","1.07",1.155985854169054,0.9378888121965254,,,593871,2,4,"Bot",,,,,,,-2.8351701764098816,-122.710124913934,-9.154721517007511,9.862081969191996,20.590044475678376,-19.906053712816355,3.61240807262613,1.75499600050902,,,,"85.3",1734,"6.6",716824,641680,663993,543760,669701,608369,543257,665750,679881,"53.94",,,,,,,,31,2,"Changeup",0,5,0,5,5,0,0,5,"Standard","Standard",128,"0.001","0.025",,,,,"-0.025",,-5,-5,0.074,0.074,30,28,31,29,2,1,6,1,6,1,"2.1","0.92","-0.92","47.9",,,,,
"CH","2023-08-27","83.2","1.48","6.72","Montgomery, Jordan",621043,656756,,"called_strike",,,,,9,,"R","R","L","MIN","TEX","S",,,0,0,2023,"0.72","1.15",0.6111573393619306,1.8690825617091358,,,593871,2,4,"Bot",,,,,,,-3.4336642976139933,-121.17343150047546,-7.045760802701773,7.789842639174085,20.56925972515591,-19.703262995472407,3.61240807262613,1.72594220055823,,,,"84.2",1811,"6.6",716824,641680,663993,543760,669701,608369,543257,665750,679881,"53.9",,,,,,,,31,1,"Changeup",0,5,0,5,5,0,0,5,"Standard","Standard",134,"-0.002","-0.045",,,,,"0.045",,-5,-5,0.076,0.076,30,28,31,29,2,1,6,1,6,1,"2.1","0.72","-0.72","49.4",,,,,
"SI","2023-08-27","94.4","1.65","6.82","Montgomery, Jordan",656669,656756,"field_out","hit_into_play",,,,,3,"Jordan Luplow flies out to right fielder J.P. Martínez.","R","R","L","MIN","TEX","X",9,"fly_ball",0,1,2023,"1.07","0.86",0.3521556501448382,3.087362838356097,,,593871,1,4,"Bot",191.92,129.49,,,,,-5.790614581977168,-137.39167782300143,-6.022646167544607,14.814589666195848,28.187174350237033,-20.129068763730213,3.32,1.56,211,"94.1",60,"95.1",2150,"6.5",716824,641680,663993,543760,669701,608369,543257,665750,679881,"53.96",0.016,0.014,"0",1,0,0,3,30,2,"Sinker",0,5,0,5,5,0,0,5,"Standard","Strategic",143,"-0.016","-0.215",,,,0.019,"0.215","94.1",-5,-5,0.092,0.092,30,29,31,30,2,1,6,1,6,3,"1.68","1.07","-1.07","46.4",,,,,
"SI","2023-08-27","93.1","1.64","6.86","Montgomery, Jordan",656669,656756,,"called_strike",,,,,2,,"R","R","L","MIN","TEX","S",,,0,0,2023,"1.14","0.81",-0.21067291066287375,3.388124895380148,,,593871,1,4,"Bot",,,,,,,-7.269324026426997,-135.43959831276896,-4.965708782633907,15.536117373258755,27.527844311175155,-21.364440238845443,3.32238466008401,1.60974195238884,,,,"93.6",2253,"6.4",716824,641680,663993,543760,669701,608369,543257,665750,679881,"54.07",,,,,,,,30,1,"Sinker",0,5,0,5,5,0,0,5,"Standard","Strategic",145,"-0.003","-0.042",,,,,"0.042",,-5,-5,0.095,0.095,30,29,31,30,2,1,6,1,6,3,"1.81","1.14","-1.14","47.6",,,,,
"CU","2023-08-21","81.2","1.75","6.73","Montgomery, Jordan",672515,656756,"grounded_into_double_play","hit_into_play",,,,,14,"Gabriel Moreno grounds into a double play, shortstop Corey Seager to second baseman Marcus Semien to first baseman Nathaniel Lowe. Jace Peterson out at 2nd. Gabriel Moreno out at 1st.","R","R","L","AZ","TEX","X",6,"ground_ball",1,2,2023,"-0.15","-0.26",0.2379599148647329,0.8586009630071092,,,607054,0,8,"Bot",112.28,147.62,,,,,-3.1034757439052783,-118.16239127300923,-6.040307236347228,-0.7808670601756035,22.68463243098547,-33.61560640057951,3.3,1.51,6,"96.9",-9,"81.3",2370,"6.4",716906,641680,663993,543760,677649,608369,608671,665750,666969,"54.11",0.244,0.241,"0",1,0,0,2,54,4,"Curveball",0,1,0,1,1,0,0,1,"Standard","Standard",318,"-0.182","-0.279","70.2","7.9",,0.244,"0.279","96.9",-1,-1,0.379,0.379,30,23,31,23,3,2,6,2,6,1,"3.71","-0.15","0.15","47.4",2.3741563661213556,6.411561489625425,45.07680837101841,37.65072009754224,31.52700691984556
"SI","2023-08-21","91","1.58","6.77","Montgomery, Jordan",672515,656756,,"foul",,,,,2,,"R","R","L","AZ","TEX","S",,,1,1,2023,"1.38","0.96",0.24013231652535527,2.868193730034246,,,607054,0,8,"Bot",,,,,,,-6.333857445967228,-132.24533949171567,-5.922096997353563,17.49405763815233,28.914731210160344,-19.86559927222895,3.3,1.51,163,"76.6",15,"91.1",2117,"6.5",716906,641680,663993,543760,677649,608369,608671,665750,666969,"54.03",,,,,,,,54,3,"Sinker",0,1,0,1,1,0,0,1,"Standard","Standard",146,"-0.022","-0.059","66.5","5.6",,,"0.059","88.0",-1,-1,0.401,0.401,30,23,31,23,3,2,6,2,6,1,"1.81","1.38","-1.38","48.1",-9.717087012587147,34.67224809215378,33.66369244045802,38.45759325917016,14.2028684824194
"CH","2023-08-21","81.3","1.55","6.77","Montgomery, Jordan",672515,656756,,"called_strike",,,,,8,,"R","R","L","AZ","TEX","S",,,1,0,2023,"0.64","1.43",-0.11905576012541108,2.1588214440041806,,,607054,0,8,"Bot",,,,,,,-4.973953544229782,-118.13716559341437,-6.451231764014678,6.975464769398142,22.436312638513243,-17.75883749418769,3.45503754166604,1.6335331508172,,,,"81.2",1705,"6.3",716906,641680,663993,543760,677649,608369,608671,665750,666969,"54.2",,,,,,,,54,2,"Changeup",0,1,0,1,1,0,0,1,"Standard","Standard",133,"-0.018","-0.042",,,,,"0.042",,-1,-1,0.419,0.419,30,23,31,23,3,2,6,2,6,1,"2.03","0.64","-0.64","49.3",,,,,
"CH","2023-08-21","82.4","1.59","6.58","Montgomery, Jordan",672515,656756,,"blocked_ball",,,,,14,,"R","R","L","AZ","TEX","B",,,0,0,2023,"1.05","1.07",0.0013312637450073606,-0.1436014241623058,,,607054,0,8,"Bot",,,,,,,-5.676188922225463,-119.39269945525166,-10.804649729799957,11.173163404919793,23.540098330766703,-19.98034463278727,3.45206391505063,1.65832855505707,,,,"82.6",1673,"6.7",716906,641680,663993,543760,677649,608369,608671,665750,666969,"53.79",,,,,,,,54,1,"Changeup",0,1,0,1,1,0,0,1,"Standard","Standard",137,"0.013","0.03",,,,,"-0.03",,-1,-1,0.406,0.406,30,23,31,23,3,2,6,2,6,1,"2.32","1.05","-1.05","48.7",,,,,
"SI","2023-08-21","93.2","1.58","6.81","Montgomery, Jordan",671083,656756,"field_out","hit_into_play",,,,,1,"Buddy Kennedy lines out to center fielder Leody Taveras.","R","R","L","AZ","TEX","X",8,"line_drive",0,0,2023,"1.34","0.87",-0.28979583442531687,2.622696826972299,,,677950,2,6,"Bot",119.81,42.76,,,,,-7.734365562344789,-135.40799490539771,-6.867102632459578,18.137554650684898,30.492350886694194,-20.143619231906502,3.1,1.46,386,"98.9",23,"93.2",2184,"6.4",716906,641680,663993,543760,677649,608369,543257,665750,666969,"54.08",0.348,0.5539333333333333,"0",1,0,0,5,41,1,"Sinker",0,0,0,0,0,0,0,0,"Standard","Standard",146,"-0.035","-0.286","72.6","6.8",,1.034,"0.286","98.9",0,0,0.535,0.535,30,24,31,25,3,2,6,3,6,1,"1.77","1.34","-1.34","47.9",-1.1222782865050582,-3.4556077202144335,34.59829435705409,33.02524750778355,28.456458600164712
"SI","2023-08-21","92.9","1.68","6.73","Montgomery, Jordan",606466,656756,"field_out","hit_into_play",,,,,9,"Ketel Marte lines out sharply to right fielder Adolis Garcia.","R","R","L","AZ","TEX","X",9,"line_drive",3,0,2023,"1.47","0.78",0.7251648605231782,2.2232469573662144,,,677950,1,6,"Bot",198.13,91.64,,,,,-5.650672145759396,-135.06547188258816,-7.423134993554153,19.188653430308516,30.71619354134765,-21.217031291620383,3.54,1.67,345,"102.6",18,"92.7",2120,"6.3",716906,641680,663993,543760,677649,608369,543257,665750,666969,"54.17",0.442,0.528,"0",1,0,0,5,40,4,"Sinker",0,0,0,0,0,0,0,0,"Standard","Standard",144,"-0.074","-0.457","80.6","7.4",,0.837,"0.457","102.6",0,0,0.609,0.609,30,29,31,30,3,2,6,2,6,1,"1.88","1.47","-1.47","48.3",-4.440736573636191,10.056265008200707,31.873215218967683,42.08974098843511,24.18260519225194
"SI","2023-08-21","93.1","1.64","6.8","Montgomery, Jordan",606466,656756,,"ball",,,,,14,,"R","R","L","AZ","TEX","B",,,2,0,2023,"1.5","0.97",1.4154496433346229,2.4927148287758314,,,677950,1,6,"Bot",,,,,,,-3.894631061105497,-135.31080832521525,-7.337625430243209,19.293004263884836,32.039136076994,-18.860435629878516,3.63740001274219,1.74407995148472,,,,"92.8",2207,"6.4",716906,641680,663993,543760,677649,608369,543257,665750,666969,"54.14",,,,,,,,40,3,"Sinker",0,0,0,0,0,0,0,0,"Infield shade","Standard",146,"0.015","0.11",,,,,"-0.11",,0,0,0.594,0.594,30,29,31,30,3,2,6,2,6,1,"1.69","1.5","-1.5","46.7",,,,,
"SI","2023-08-21","92.1","1.64","6.78","Montgomery, Jordan",606466,656756,,"ball",,,,,2,,"R","R","L","AZ","TEX","B",,,1,0,2023,"1.37","0.86",-0.21561839220652668,3.7119114285522237,,,677950,1,6,"Bot",,,,,,,-7.6966827762794505,-133.92300879744758,-3.810319225886368,18.109005635318947,29.070822034571098,-21.19370307076603,3.63438817094653,1.71301762741324,,,,"92.2",2071,"6.4",716906,641680,663993,543760,677649,608369,543257,665750,666969,"54.09",,,,,,,,40,2,"Sinker",0,0,0,0,0,0,0,0,"Infield shade","Standard",142,"0.011","0.054",,,,,"-0.054",,0,0,0.583,0.583,30,29,31,30,3,2,6,2,6,1,"1.83","1.37","-1.37","47.0",,,,,
"CH","2023-08-21","83.3","1.44","6.66","Montgomery, Jordan",606466,656756,,"ball",,,,,13,,"R","R","L","AZ","TEX","B",,,0,0,2023,"0.65","1.14",-0.5209811019535165,-0.18402839090657008,,,677950,1,6,"Bot",,,,,,,-5.77359983781099,-120.65620620101117,-11.45045070457941,7.484379361113631,24.102202829298022,-18.89080622661685,3.65844234136587,1.75852789026884,,,,"83.2",1579,"6.6",716906,641680,663993,543760,677649,608369,543257,665750,666969,"53.95",,,,,,,,40,1,"Changeup",0,0,0,0,0,0,0,0,"Standard","Strategic",132,"0.005","0.036",,,,,"-0.036",,0,0,0.578,0.578,30,29,31,30,3,2,6,2,6,1,"2.18","0.65","-0.65","50.1",,,,,
"SI","2023-08-21","91.8","1.63","6.74","Montgomery, Jordan",672515,656756,"grounded_into_double_play","hit_into_play",,,,,8,"Gabriel Moreno grounds into a double play, shortstop Corey Seager to second baseman Marcus Semien to first baseman Nathaniel Lowe. Lourdes Gurriel Jr. out at 2nd. Gabriel Moreno out at 1st.","R","R","L","AZ","TEX","X",6,"ground_ball",0,0,2023,"1.22","0.87",-0.16674425961040695,1.8367631953563013,,,666971,1,5,"Bot",113.8,151.19,,,,,-7.234317408652299,-133.30891813430728,-8.44806809158787,16.139187394506205,29.027481115427854,-20.116547927120333,3.3,1.51,52,"107.3",1,"92.1",2136,"6.6",716906,641680,663993,543760,677649,608369,543257,665750,666969,"53.87",0.524,0.476,"0",1,0,0,4,34,1,"Sinker",0,0,0,0,0,0,0,0,"Standard","Standard",139,"-0.069","-0.333","80.4","7.3",,0.572,"0.333","107.3",0,0,0.569,0.569,30,23,31,23,2,1,6,2,6,1,"1.85","1.22","-1.22","48.0",5.469195811011099,1.2535346417142272,42.01581409832469,32.40768618967308,30.280881525567796
"CU","2023-08-21","83","1.76","6.67","Montgomery, Jordan",446334,656756,"strikeout","swinging_strike",,,,,14,"Evan Longoria strikes out swinging.","R","R","L","AZ","TEX","S",2,,1,2,2023,"-0.11","-0.23",0.7686083749642442,1.4495022992749682,,,666971,0,5,"Bot",,,,,,,-2.0591714791967575,-120.86630428673429,-5.066236381228897,-0.6824659791329397,22.165912607909497,-33.7126329004631,3.59,1.68,,,,"83.4",2428,"6.4",716906,641680,663993,543760,677649,608369,543257,665750,666969,"54.15",,0,"0",1,0,0,,33,4,"Curveball",0,0,0,0,0,0,0,0,"Standard","Standard",315,"-0.031","-0.165","68.5","8.2","3.559488828",,"0.165",,0,0,0.6,0.6,30,37,31,38,2,1,6,27,6,3,"3.52","-0.11","0.11","47.7",21.286060967984525,-9.866902003114932,37.263251634264904,47.22157370222092,40.65950387104019
"CH","2023-08-21","83.3","1.65","6.56","Montgomery, Jordan",446334,656756,,"ball",,,,,14,,"R","R","L","AZ","TEX","B",,,0,2,2023,"0.76","1.13",1.14392357524213,0.4871787788517292,,,666971,0,5,"Bot",,,,,,,-2.6728065776872194,-121.03622875759639,-9.717893706616923,8.027953513578126,22.71862187483804,-19.429252365593147,3.71945922286163,1.69331041071247,,,,"83.5",1612,"6.4",716906,641680,663993,543760,677649,608369,543257,665750,666969,"54.05",,,,,,,,33,3,"Changeup",0,0,0,0,0,0,0,0,"Standard","Standard",131,"0.005","0.008",,,,,"-0.008",,0,0,0.595,0.595,30,37,31,38,2,1,6,27,6,3,"2.16","0.76","-0.76","46.3",,,,,
"SI","2023-08-21","91.3","1.54","6.81","Montgomery, Jordan",446334,656756,,"called_strike",,,,,14,,"R","R","L","AZ","TEX","S",,,0,1,2023,"1.23","1.13",0.8940826095740468,1.7727333128323564,,,666971,0,5,"Bot",,,,,,,-4.285920893700155,-132.70790131535952,-9.234562998927666,15.459017316507309,27.813298374589323,-17.09193778190532,3.73160846793581,1.76731269241126,,,,"91.4",1997,"6.4",716906,641680,663993,543760,677649,608369,543257,665750,666969,"54.11",,,,,,,,33,2,"Sinker",0,0,0,0,0,0,0,0,"Standard","Standard",143,"-0.011","-0.043",,,,,"0.043",,0,0,0.606,0.606,30,37,31,38,2,1,6,27,6,3,"1.61","1.23","-1.23","49.5",,,,,
"SI","2023-08-21","91.9","1.6","6.71","Montgomery, Jordan",446334,656756,,"foul",,,,,14,,"R","R","L","AZ","TEX","S",,,0,0,2023,"1.42","0.94",0.0862915527221284,1.2623202808849778,,,666971,0,5,"Bot",,,,,,,-6.926670050679208,-133.31325816863887,-9.95531030993932,18.414174882972965,29.20373810817877,-18.992677428512707,3.59,1.68,,,,"91.9",2038,"6.5",716906,641680,663993,543760,677649,608369,543257,665750,666969,"54.01",,,,,,,,33,1,"Sinker",0,0,0,0,0,0,0,0,"Standard","Standard",145,"-0.007","-0.036","74.5","8.0",,,"0.036",,0,0,0.613,0.613,30,37,31,38,2,1,6,27,6,3,"1.78","1.42","-1.42","47.9",14.898534848178679,6.716245358513144,46.19618958800929,38.76610124507348,27.41679261014267
"CU","2023-08-21","79.9","1.62","6.73","Montgomery, Jordan",572233,656756,"field_out","hit_into_play",,,,,9,"Christian Walker flies out sharply to center fielder Leody Taveras.","R","R","L","AZ","TEX","X",8,"fly_ball",1,0,2023,"0.05","-0.36",0.7075850450264176,1.918976922256701,606466,,,2,4,"Bot",122.41,190.89,,,,,-2.113712779153327,-116.35203576314179,-3.170104647581267,0.895421758009603,23.46087395955929,-34.99729851466854,3.47,1.61,394,"100.8",24,"79.8",2215,"6.3",716906,641680,663993,543760,677649,608369,543257,665750,666969,"54.16",0.497,0.8759310344827588,"0",1,0,0,6,28,2,"Curveball",0,0,0,0,0,0,0,0,"Standard","Standard",314,"-0.049","-0.321","80.6","7.6",,1.666,"0.321","100.8",0,0,0.549,0.549,30,32,31,32,2,1,6,2,6,1,"3.95","0.05","-0.05","52.0",2.520755420144979,1.0589757024528403,32.829766413034406,43.24596981206206,30.1635557829478
"SI","2023-08-21","93.1","1.7","6.82","Montgomery, Jordan",572233,656756,,"ball",,,,,12,,"R","R","L","AZ","TEX","B",,,0,0,2023,"1.32","0.61",0.790140828577375,3.615309561018668,606466,,,2,4,"Bot",,,,,,,-5.234832382810691,-135.49352513690567,-3.7935197504570617,17.370560794884636,29.652014805834035,-24.08085550608284,3.47032851899176,1.57285484938375,,,,"93.3",2130,"6.4",716906,641680,663993,543760,677649,608369,543257,665750,666969,"54.12",,,,,,,,28,1,"Sinker",0,0,0,0,0,0,0,0,"Standard","Standard",144,"0.001","0.028",,,,,"-0.028",,0,0,0.548,0.548,30,32,31,32,2,1,6,2,6,1,"2.02","1.32","-1.32","46.9",,,,,
"CU","2023-08-21","78.9","1.54","6.68","Montgomery, Jordan",502054,656756,"field_out","hit_into_play",,,,,5,"Tommy Pham flies out to center fielder Leody Taveras. Ketel Marte to 3rd.","R","R","L","AZ","TEX","X",8,"fly_ball",1,1,2023,"-0.1","-0.55",-0.06644739068672845,2.912804473951049,,606466,,1,4,"Bot",141.9,66.65,,,,,-3.2908973361634333,-114.92358460152646,-0.3212707931484444,-0.27047864378404957,22.52408272622462,-37.23270195968271,3.51,1.69,330,"96.2",41,"78.7",2254,"6.3",716906,641680,663993,543760,677649,608369,543257,665750,666969,"54.25",0.061,0.103,"0",1,0,0,3,27,3,"Curveball",0,0,0,0,0,0,0,0,"Standard","Standard",322,"-0.035","-0.276","75.2","6.8",,0.197,"0.276","96.2",0,0,0.583,0.583,30,35,31,35,2,1,6,2,6,1,"4.23","-0.1","0.1","48.3",13.256016698719854,-6.008901900929857,28.750060490699592,34.84008691189547,33.07470405277195
"CH","2023-08-21","85.1","1.65","6.65","Montgomery, Jordan",502054,656756,,"ball",,,,,14,,"R","R","L","AZ","TEX","B",,,0,1,2023,"0.87","1.22",0.7331606308949099,0.9309344109750035,,,606466,1,4,"Bot",,,,,,,-3.9170054721654206,-123.53122455562779,-9.53293336942333,9.730353439047466,25.185415746917926,-17.956858712197906,3.56961275356973,1.81854940492989,,,,"85.3",1850,"6.6",716906,641680,663993,543760,677649,608369,543257,665750,666969,"53.91",,,,,,,,27,2,"Changeup",0,0,0,0,0,0,0,0,"Standard","Standard",134,"0.025","0.025",,,,,"-0.025",,0,0,0.558,0.558,30,35,31,35,2,1,6,2,6,1,"1.95","0.87","-0.87","47.7",,,,,
"CH","2023-08-21","83","1.59","6.65","Montgomery, Jordan",502054,656756,,"swinging_strike",,,,,14,,"R","R","L","AZ","TEX","S",,,0,0,2023,"1.06","0.9",0.9578803554668524,2.413594232594379,,,606466,1,4,"Bot",,,,,,,-3.5275961582833357,-120.76745924513743,-4.936620525879878,11.079771292428035,25.114135202060645,-22.626759467813372,3.51,1.69,,,,"82.9",1620,"6.4",716906,641680,663993,543760,677649,608369,543257,665750,666969,"54.13",,,,,,,,27,1,"Changeup",0,0,0,0,0,0,0,0,"Standard","Standard",133,"-0.005","-0.042",,,,,"0.042",,0,0,0.563,0.563,30,35,31,35,2,1,6,2,6,1,"2.43","1.06","-1.06","46.8",,,,,
"SI","2023-08-21","93.7","1.63","6.7","Montgomery, Jordan",671083,656756,"strikeout","swinging_strike",,,,,13,"Buddy Kennedy strikes out swinging.","R","R","L","AZ","TEX","S",2,,2,2,2023,"1.49","0.76",-0.17692642885839271,0.8239649682282928,,,606466,0,4,"Bot",,,,,,,-7.974095846348017,-135.76869652190356,-11.077872844231155,20.21911638433586,30.84653192512325,-20.40436603024343,3.1,1.46,,,,"93.6",2120,"6.5",716906,641680,663993,543760,677649,608369,543257,665750,666969,"53.95",,0,"0",1,0,0,,26,6,"Sinker",0,0,0,0,0,0,0,0,"Standard","Standard",143,"-0.034","-0.21","71.0","7.9","3.202019076",,"0.21",,0,0,0.597,0.597,30,24,31,25,2,1,6,3,6,1,"1.87","1.49","-1.49","46.1",11.047760315924913,-11.784062895497794,45.37143377781761,35.13127839691049,33.84062044722999
"CH","2023-08-21","82.8","1.48","6.59","Montgomery, Jordan",671083,656756,,"foul",,,,,6,,"R","R","L","AZ","TEX","S",,,2,2,2023,"0.84","1.29",0.5957936346757647,2.1613567581613498,,,606466,0,4,"Bot",,,,,,,-3.6845687980125286,-120.4912095341196,-6.184922814334913,8.887216825728805,23.405171946474205,-18.64153848273593,3.1,1.46,143,"60.1",61,"83.4",1741,"6.7",716906,641680,663993,543760,677649,608369,543257,665750,666969,"53.8",,,,,,,,26,5,"Changeup",0,0,0,0,0,0,0,0,"Standard","Standard",134,"0","0","69.6","8.1",,,"0","88.0",0,0,0.597,0.597,30,24,31,25,2,1,6,3,6,1,"2.04","0.84","-0.84","49.1",10.877074142281025,-17.335995149940036,29.103192026911948,44.678076032277474,38.32260147135824
"SI","2023-08-21","92.3","1.49","6.75","Montgomery, Jordan",671083,656756,,"ball",,,,,13,,"R","R","L","AZ","TEX","B",,,1,2,2023,"1.41","0.89",-1.5301529978103257,1.312160964599041,,,606466,0,4,"Bot",,,,,,,-10.742561790679606,-133.72292439348286,-9.912190700979089,19.275224707370768,28.251360005720272,-19.47073503904537,3.1772819894688,1.45300120990643,,,,"92.2",2100,"6.4",716906,641680,663993,543760,677649,608369,543257,665750,666969,"54.06",,,,,,,,26,4,"Sinker",0,0,0,0,0,0,0,0,"Standard","Standard",143,"0.006","0.045",,,,,"-0.045",,0,0,0.591,0.591,30,24,31,25,2,1,6,3,6,1,"1.81","1.41","-1.41","45.9",,,,,
"CH","2023-08-21","83.1","1.57","6.64","Montgomery, Jordan",671083,656756,,"blocked_ball",,,,,14,,"R","R","L","AZ","TEX","B",,,0,2,2023,"0.83","1.16",0.3544367550603402,-0.17648039109342872,,,606466,0,4,"Bot",,,,,,,-4.413643915696455,-120.53154606899105,-11.366529247504424,8.945639744616983,23.653867034791997,-18.867915540133467,3.18488315135297,1.46000049073892,,,,"83.1",1788,"6.5",716906,641680,663993,543760,677649,608369,543257,665750,666969,"54.03",,,,,,,,26,3,"Changeup",0,0,0,0,0,0,0,0,"Standard","Standard",130,"0.004","0.008",,,,,"-0.008",,0,0,0.587,0.587,30,24,31,25,2,1,6,3,6,1,"2.17","0.83","-0.83","46.7",,,,,
"CH","2023-08-21","80.8","1.4","6.76","Montgomery, Jordan",671083,656756,,"foul",,,,,6,,"R","R","L","AZ","TEX","S",,,0,1,2023,"0.8","1.31",0.36893672558017165,2.5163051998581443,,,606466,0,4,"Bot",,,,,,,-3.8365512544620244,-117.47127537059114,-5.269021452792178,8.16337364903975,23.25796124174149,-19.251960300699725,3.1,1.46,67,"61",6,"80.8",1716,"6.4",716906,641680,663993,543760,677649,608369,543257,665750,666969,"54.07",,,,,,,,26,2,"Changeup",0,0,0,0,0,0,0,0,"Standard","Standard",136,"-0.01","-0.043","69.6","8.3",,,"0.043","88.0",0,0,0.597,0.597,30,24,31,25,2,1,6,3,6,1,"2.2","0.8","-0.8","50.6",15.105347137344106,-31.261556915989704,26.14716664711452,40.82688265009885,43.411160603795395
"SI","2023-08-21","92","1.6","6.86","Montgomery, Jordan",671083,656756,,"called_strike",,,,,3,,"R","R","L","AZ","TEX","S",,,0,0,2023,"1.3","0.93",0.3143716136718897,2.801160218063179,,,606466,0,4,"Bot",,,,,,,-6.071780561713824,-133.6678462088331,-6.4376421836077276,16.87330718791846,29.6547393176953,-19.782630339974904,3.13453438362849,1.46631492368501,,,,"91.9",2082,"6.4",716906,641680,663993,543760,677649,608369,543257,665750,666969,"54.13",,,,,,,,26,1,"Sinker",0,0,0,0,0,0,0,0,"Standard","Standard",147,"-0.006","-0.036",,,,,"0.036",,0,0,0.603,0.603,30,24,31,25,2,1,6,3,6,1,"1.78","1.3","-1.3","50.5",,,,,
"SI","2023-08-21","92.8","1.58","6.88","Montgomery, Jordan",502054,656756,"grounded_into_double_play","hit_into_play",,,,,9,"Tommy Pham grounds into a double play, shortstop Corey Seager to second baseman Marcus Semien to first baseman Nathaniel Lowe. Buddy Kennedy out at 2nd. Tommy Pham out at 1st.","R","R","L","AZ","TEX","X",6,"ground_ball",2,2,2023,"1.54","0.78",0.6147993217983028,1.6141736518260223,,,671083,1,1,"Bot",112.28,152.71,,,,,-5.836522413791281,-134.87335968935022,-9.401538430560771,20.06455141077225,28.13601543800979,-20.78066411306506,3.51,1.69,3,"101.6",-29,"92.9",2228,"6.3",716906,641680,663993,543760,677649,608369,543257,665750,666969,"54.18",0.12,0.109,"0",1,0,0,2,7,5,"Sinker",0,0,0,0,0,0,0,0,"Standard","Standard",147,"-0.047","-0.308","74.3","6.8",,0.122,"0.308","101.6",0,0,0.547,0.547,30,35,31,35,1,0,6,2,6,1,"1.86","1.54","-1.54","51.7",-5.639222751371159,13.231420305168173,35.990934763433486,41.035198984624216,24.68610712455164
"CH","2023-08-21","82.9","1.54","6.65","Montgomery, Jordan",502054,656756,,"swinging_strike",,,,,14,,"R","R","L","AZ","TEX","S",,,2,1,2023,"0.99","1.16",1.2382565045528364,2.4797192257919143,,,671083,1,1,"Bot",,,,,,,-2.6391211801081567,-120.7253963409814,-5.391409204875606,10.182238638387934,22.363756125058014,-19.9546949021804,3.51,1.69,,,,"83.6",1727,"6.6",716906,641680,663993,543760,677649,608369,543257,665750,666969,"53.93",,,,,,,,7,4,"Changeup",0,0,0,0,0,0,0,0,"Standard","Standard",132,"-0.008","-0.054","76.5","7.7","2.263216812",,"0.054",,0,0,0.555,0.555,30,35,31,35,1,0,6,2,6,1,"2.14","0.99","-0.99","48.6",19.882149749212253,-13.669979212424218,18.420741760383947,48.887899333243276,42.992212317741874
"CH","2023-08-21","83.4","1.53","6.6","Montgomery, Jordan",502054,656756,,"ball",,,,,13,,"R","R","L","AZ","TEX","B",,,1,1,2023,"0.74","1.23",-0.16321244334356377,1.3130487276350356,,,671083,1,1,"Bot",,,,,,,-5.367261317177612,-121.18818344956037,-8.139791000201331,8.294308763620862,23.44419714558104,-18.68262177942646,3.48865029911676,1.74599145987543,,,,"83.8",1640,"6.6",716906,641680,663993,543760,677649,608369,543257,665750,666969,"53.92",,,,,,,,7,3,"Changeup",0,0,0,0,0,0,0,0,"Standard","Standard",136,"0.005","0.046",,,,,"-0.046",,0,0,0.55,0.55,30,35,31,35,1,0,6,2,6,1,"2.06","0.74","-0.74","48.4",,,,,
"SI","2023-08-21","93.3","1.73","6.74","Montgomery, Jordan",502054,656756,,"called_strike",,,,,14,,"R","R","L","AZ","TEX","S",,,1,0,2023,"1.6","0.85",0.9782675866005579,2.0973095306300813,,,671083,1,1,"Bot",,,,,,,-5.476352181365203,-135.58265155410254,-8.087923490186029,20.979877552542394,28.944973552967237,-20.08695475936381,3.5670610588639,1.72187664860762,,,,"93.7",2091,"6.5",716906,641680,663993,543760,677649,608369,543257,665750,666969,"53.97",,,,,,,,7,2,"Sinker",0,0,0,0,0,0,0,0,"Standard","Standard",146,"-0.005","-0.053",,,,,"0.053",,0,0,0.555,0.555,30,35,31,35,1,0,6,2,6,1,"1.77","1.6","-1.6","47.0",,,,,
"CU","2023-08-21","78.5","1.63","6.79","Montgomery, Jordan",502054,656756,,"ball",,,,,12,,"R","R","L","AZ","TEX","B",,,0,0,2023,"-0.12","-0.56",1.1385468767775497,3.090810963617334,,,671083,1,1,"Bot",,,,,,,-0.8469348890485571,-114.43418572830483,-0.17621623557390187,-0.9104011077566447,20.468328041176367,-37.24648988259558,3.53660755977678,1.76608703416019,,,,"78.6",2315,"6.2",716906,641680,663993,543760,677649,608369,543257,665750,666969,"54.29",,,,,,,,7,1,"Curveball",0,0,0,0,0,0,0,0,"Standard","Standard",310,"0.004","0.036",,,,,"-0.036",,0,0,0.551,0.551,30,35,31,35,1,0,6,2,6,1,"4.23","-0.12","0.12","50.0",,,,,
"FF","2023-08-15","93.5","1.85","6.67","Montgomery, Jordan",592669,656756,"strikeout","called_strike",,,,,7,"Hunter Renfroe called out on strikes.","R","R","L","TEX","LAA","S",2,,3,2,2023,"0.55","1.39",-0.5476257726930643,1.867859491511156,,,545341,2,6,"Top",,,,,,,-7.403239165751769,-135.6910910481775,-9.6968999758136,8.399677383414389,30.127482113673068,-13.055270844393474,3.60180585717529,1.9030345786875,,,,"93.7",2217,"6.6",716985,641680,663993,543760,677649,608369,608671,679881,666969,"53.91",,0,"0",1,0,0,,49,6,"4-Seam Fastball",4,1,1,4,1,4,1,4,"Standard","Strategic",143,"0.025","-0.304",,,,,"0.304",,3,-3,0.886,0.11399999999999999,30,31,31,31,3,2,6,1,6,1,"1.24","0.55","-0.55","46.0",,,,,
"CU","2023-08-15","80.6","1.74","6.73","Montgomery, Jordan",592669,656756,,"blocked_ball",,,,,13,,"R","R","L","TEX","LAA","B",,,2,2,2023,"-0.21","-0.12",-0.7186589638949177,0.5189216613165617,,,545341,2,6,"Top",,,,,,,-5.0777403089783375,-117.14131839563957,-6.936482758881564,-0.9669499639273424,21.377626951335547,-32.22902678823716,3.49204744532305,1.7491143518461,,,,"80.9",2345,"6.5",716985,641680,663993,543760,677649,608369,608671,679881,666969,"53.99",,,,,,,,49,5,"Curveball",4,1,1,4,1,4,1,4,"Standard","Strategic",328,"-0.007","0.065",,,,,"-0.065",,3,-3,0.893,0.10699999999999998,30,31,31,31,3,2,6,1,6,1,"3.63","-0.21","0.21","48.6",,,,,
"FF","2023-08-15","92.9","1.82","6.71","Montgomery, Jordan",592669,656756,,"foul",,,,,4,,"R","R","L","TEX","LAA","S",,,2,1,2023,"0.57","1.19",-0.7835369213710063,2.3979347346603763,,,545341,2,6,"Top",,,,,,,-7.967602191025807,-134.93088716198,-7.9197947748848865,8.689966517730062,28.61294319140818,-16.047618960030444,3.42,1.66,76,"87.3",5,"93.6",2204,"6.7",716985,641680,663993,543760,677649,608369,608671,679881,666969,"53.75",,,,,,,,49,4,"4-Seam Fastball",4,1,1,4,1,4,1,4,"Standard","Strategic",147,"0.005","-0.063","78.3","7.7",,,"0.063","88.0",3,-3,0.888,0.11199999999999999,30,31,31,31,3,2,6,1,6,1,"1.45","0.57","-0.57","46.7",8.232009429927485,-8.083640903678697,33.62313477698015,28.897355690633592,34.330426637888664
"FF","2023-08-15","93.2","1.83","6.67","Montgomery, Jordan",592669,656756,,"ball",,,,,13,,"R","R","L","TEX","LAA","B",,,1,1,2023,"0.56","1.08",-1.1807613043406744,2.4047526248670925,,,545341,2,6,"Top",,,,,,,-9.045779421873068,-135.36177513137193,-7.626132464232202,8.844718601024391,28.307260796293534,-17.433254217490433,3.57799834231864,1.83507373340478,,,,"94.1",2122,"6.8",716985,641680,663993,543760,677649,608369,608671,679881,666969,"53.66",,,,,,,,49,3,"4-Seam Fastball",4,1,1,4,1,4,1,4,"Standard","Strategic",147,"-0.003","0.036",,,,,"-0.036",,3,-3,0.891,0.10899999999999999,30,31,31,31,3,2,6,1,6,1,"1.55","0.56","-0.56","45.8",,,,,
"CU","2023-08-15","82.5","1.85","6.6","Montgomery, Jordan",592669,656756,,"blocked_ball",,,,,13,,"R","R","L","TEX","LAA","B",,,0,1,2023,"-0.05","-0.25",-0.9742780976290839,-0.9981287987178651,,,545341,2,6,"Top",,,,,,,-6.338969688688898,-119.64429943805823,-10.20058209981589,0.8493460870193357,24.454165506137752,-32.700495617251235,3.57769452888111,1.79065265020527,,,,"82.4",2312,"6.6",716985,641680,663993,543760,677649,608369,608671,679881,666969,"53.94",,,,,,,,49,2,"Curveball",4,1,1,4,1,4,1,4,"Standard","Strategic",329,"-0.002","0.025",,,,,"-0.025",,3,-3,0.893,0.10699999999999998,30,31,31,31,3,2,6,1,6,1,"3.64","-0.05","0.05","49.6",,,,,
"FF","2023-08-15","93.3","1.9","6.66","Montgomery, Jordan",592669,656756,,"called_strike",,,,,6,,"R","R","L","TEX","LAA","S",,,0,0,2023,"0.61","1.4",0.3152831226662647,2.6354981879323,,,545341,2,6,"Top",,,,,,,-5.463264210057686,-135.64296818537989,-7.733086550316429,8.744404121148813,28.993105678487453,-13.391031855223634,3.71287994563514,1.83751464523755,,,,"94",2062,"6.7",716985,641680,663993,543760,677649,608369,608671,679881,666969,"53.82",,,,,,,,49,1,"4-Seam Fastball",4,1,1,4,1,4,1,4,"Standard","Strategic",147,"0.003","-0.045",,,,,"0.045",,3,-3,0.89,0.10999999999999999,30,31,31,31,3,2,6,1,6,1,"1.22","0.61","-0.61","44.5",,,,,
"SI","2023-08-15","92.8","1.8","6.7","Montgomery, Jordan",660271,656756,"strikeout","called_strike",,,,,8,"Shohei Ohtani called out on strikes.","R","L","L","TEX","LAA","S",2,,0,2,2023,"1.2","0.94",0.18953812911407542,2.0742408705457143,,595453,650859,2,5,"Top",,,,,,,-6.781389654762643,-134.80406205422716,-8.143886062631514,16.142234392508264,27.51403257155338,-19.20149379160421,3.64092334597838,1.69487899197083,,,,"93.4",2060,"6.6",716985,641680,663993,543760,677649,608369,608671,679881,666969,"53.88",,0,"0",1,0,0,,40,3,"Sinker",4,1,1,4,1,4,1,4,"Strategic","Standard",147,"0.026","-0.195",,,,,"0.195",,3,-3,0.858,0.14200000000000002,30,28,31,29,3,2,6,1,6,1,"1.71","1.2","1.2","44.9",,,,,
"CU","2023-08-15","82.7","1.77","6.67","Montgomery, Jordan",660271,656756,,"swinging_strike",,,,,13,,"R","L","L","TEX","LAA","S",,,0,1,2023,"-0.24","-0.41",-0.7260799486034806,0.8715069507934907,,595453,650859,2,5,"Top",,,,,,,-5.238574238361183,-120.25401481085431,-5.9268272113796625,-1.2970078060658188,23.549875132671172,-35.18671328686072,3.45,1.61,,,,"83",2470,"6.6",716985,641680,663993,543760,677649,608369,608671,679881,666969,"53.93",,,,,,,,40,2,"Curveball",4,1,1,4,1,4,1,4,"Strategic","Standard",329,"0.011","-0.061","36.0","7.8","9.722519004",,"0.061",,3,-3,0.847,0.15300000000000002,30,28,31,29,3,2,6,1,6,1,"3.75","-0.24","-0.24","47.6",13.753761127671561,6.632983432695905,32.6479237943828,48.39478748111648,26.45546155104995
"CU","2023-08-15","82.1","1.72","6.73","Montgomery, Jordan",660271,656756,,"swinging_strike",,,,,13,,"R","L","L","TEX","LAA","S",,,0,0,2023,"0.01","-0.31",-0.4305028142494792,1.4636671704823065,,595453,650859,2,5,"Top",,,,,,,-4.915113786743242,-119.34917165480425,-4.7417454664366065,1.1117079357469961,24.834229845438475,-34.34166192841128,3.45,1.61,,,,"82.2",2375,"6.6",716985,641680,663993,543760,677649,608369,608671,679881,666969,"53.9",,,,,,,,40,1,"Curveball",4,1,1,4,1,4,1,4,"Standard","Standard",312,"0.007","-0.04","66.3","9.2","2.933751636",,"0.04",,3,-3,0.84,0.16000000000000003,30,28,31,29,3,2,6,1,6,1,"3.72","0.01","0.01","49.4",22.921088712868237,-36.321145198139504,33.02327548301491,43.980445646051514,44.91552420853068
"CH","2023-08-15","82.6","1.63","6.65","Montgomery, Jordan",650859,656756,"single","hit_into_play",,,,,5,"Luis Rengifo singles on a ground ball to center fielder J. P. Martinez. Eduardo Escobar scores. Chad Wallach to 2nd.","R","R","L","TEX","LAA","X",8,"ground_ball",1,0,2023,"0.37","1.33",0.18146531147545314,2.533807867790086,,500871,595453,2,5,"Top",133.45,92.62,,,,,-4.036269516935091,-120.19857857537355,-5.458573873976237,4.399972786507847,24.1600037685191,-18.415238785784098,3.12,1.47,107,"80.2",7,"82.9",1450,"6.6",716985,641680,663993,543760,677649,608369,608671,679881,666969,"53.91",0.341,0.314,"0.9",1,1,0,2,39,2,"Changeup",4,0,0,4,1,4,1,4,"Standard","Strategic",130,"-0.057","0.518","74.2","7.4",,0.401,"-0.518","88.0",4,-4,0.897,0.10299999999999998,30,26,31,26,3,2,6,1,6,1,"2.02","0.37","-0.37","47.2",7.32821332907424,12.469460478573259,28.594591745856622,37.076228839213535,23.05715598695229
"CU","2023-08-15","81.5","1.68","6.67","Montgomery, Jordan",650859,656756,,"blocked_ball",,,,,13,,"R","R","L","TEX","LAA","B",,,0,0,2023,"-0.15","-0.65",-0.9469871427017603,-0.3456580485446117,,500871,595453,2,5,"Top",,,,,,,-5.642468829344809,-118.3831829327881,-7.903444189945024,-0.24972896499540992,23.479169734531034,-36.86847831444818,3.20722051865977,1.55755904635807,,,,"81.8",2439,"6.7",716985,641680,663993,543760,677649,608369,608671,679881,666969,"53.85",,,,,,,,39,1,"Curveball",4,0,0,4,0,4,0,4,"Standard","Strategic",324,"-0.003","0.03",,,,,"-0.03",,4,-4,0.9,0.09999999999999998,30,26,31,26,3,2,6,1,6,1,"4.1","-0.15","0.15","47.0",,,,,
"CU","2023-08-15","82.6","1.73","6.67","Montgomery, Jordan",677941,656756,"strikeout","swinging_strike_blocked",,,,,13,"Jordyn Adams strikes out swinging.","R","R","L","TEX","LAA","S",2,,0,2,2023,"-0.4","-0.24",-0.9842757346475913,-0.26914378228885294,,500871,595453,1,5,"Top",,,,,,,-5.420564374205246,-120.00936686149971,-8.814861461404755,-2.7526060814616473,24.00473507148403,-32.92095405676241,3.467,1.589,,,,"82.7",2475,"6.5",716985,641680,663993,543760,677649,608369,608671,679881,666969,"53.95",,0,"0",1,0,0,,38,3,"Curveball",4,0,0,4,0,4,0,4,"Standard","Strategic",334,"0.024","-0.151","27.8","7.8","14.904831384",,"0.151",,4,-4,0.876,0.124,30,23,31,24,2,1,6,1,6,4,"3.6","-0.4","0.4","47.0",27.611399184975348,-11.97820817597846,41.39975973777687,27.030071317762797,33.727964096809934
"CH","2023-08-15","82.8","1.66","6.57","Montgomery, Jordan",677941,656756,,"swinging_strike",,,,,14,,"R","R","L","TEX","LAA","S",,,0,1,2023,"0.83","1.06",0.9915440755196026,2.1061306337361527,,500871,595453,1,5,"Top",,,,,,,-3.1703671234515354,-120.44876205448847,-5.849808225261324,8.699118938194315,22.565654772257528,-20.88119232175457,3.467,1.589,,,,"83.7",1513,"6.8",716985,641680,663993,543760,677649,608369,608671,679881,666969,"53.67",,,,,,,,38,2,"Changeup",4,0,0,4,0,4,0,4,"Infield shade","Strategic",128,"0.01","-0.05","70.6","8.8","4.539311088",,"0.05",,4,-4,0.866,0.134,30,23,31,24,2,1,6,1,6,4,"2.25","0.83","-0.83","47.3",23.958753530745888,-17.629280805939953,30.41916062440679,50.07916872836414,43.63159437324329
"CH","2023-08-15","81.1","1.63","6.59","Montgomery, Jordan",677941,656756,,"foul",,,,,14,,"R","R","L","TEX","LAA","S",,,0,0,2023,"0.74","1.17",0.2656404873326502,1.4678657708642724,,500871,595453,1,5,"Top",,,,,,,-4.491518578575041,-117.96245268595213,-7.099372597506131,7.750315642010876,22.489374435780867,-20.122839350506656,3.467,1.589,90,"51.2",69,"81.7",1532,"6.8",716985,641680,663993,543760,677649,608369,608671,679881,666969,"53.75",,,,,,,,38,1,"Changeup",4,0,0,4,0,4,0,4,"Standard","Strategic",132,"0.006","-0.04","36.3","8.2",,,"0.04","88.0",4,-4,0.86,0.14,30,23,31,24,2,1,6,1,6,4,"2.3","0.74","-0.74","44.7",9.703010724111662,-10.615069102339298,40.78472182192895,41.11384244211326,31.466647889479106
"CH","2023-08-15","83","1.74","6.57","Montgomery, Jordan",595453,656756,"single","hit_into_play",,,,,12,"Chad Wallach singles on a ground ball to right fielder Adolis Garcia. Eduardo Escobar to 2nd.","R","R","L","TEX","LAA","X",9,"ground_ball",3,2,2023,"0.55","1.23",1.0402137023526055,3.015856401272861,,,500871,1,5,"Top",178.35,109,,,,,-2.6978672411992743,-120.83925587180829,-4.100327565740045,5.915144023989638,23.400377022905726,-19.555892328503962,3.69,1.74,12,"66.3",-14,"83.9",1530,"6.8",716985,641680,663993,543760,677649,608369,608671,679881,666969,"53.69",0.032,0.044,"0.9",1,1,0,2,37,10,"Changeup",4,0,0,4,0,4,0,4,"Standard","Standard",134,"-0.029","0.356","72.5","8.1",,0.032,"-0.356","88.0",4,-4,0.889,0.11099999999999999,30,31,31,32,2,1,6,2,6,12,"2.08","0.55","-0.55","47.3",20.80020306216725,-10.915531772310572,23.79885353883349,51.67272881925458,42.81224745376026
"FF","2023-08-15","94.2","1.8","6.72","Montgomery, Jordan",595453,656756,,"foul",,,,,4,,"R","R","L","TEX","LAA","S",,,3,2,2023,"0.47","1.33",-0.7876441208141143,2.3653078644666707,,,500871,1,5,"Top",,,,,,,-7.790691406659345,-136.74927468483656,-8.580738605648303,7.617205765309381,29.217174228913105,-13.787202078189509,3.69,1.74,3,"82.2",-35,"94.5",2227,"6.6",716985,641680,663993,543760,677649,608369,608671,679881,666969,"53.95",,,,,,,,37,9,"4-Seam Fastball",4,0,0,4,0,4,0,4,"Standard","Standard",145,"0","0","69.5","7.1",,,"0","88.0",4,-4,0.889,0.11099999999999999,30,31,31,32,2,1,6,2,6,12,"1.25","0.47","-0.47","45.6",4.521611692494096,3.0944589140064047,34.29596134038046,29.82682898899587,26.746839469953365
"FF","2023-08-15","93","1.77","6.76","Montgomery, Jordan",595453,656756,,"foul",,,,,4,,"R","R","L","TEX","LAA","S",,,3,2,2023,"0.64","1.26",-0.6012283931179631,2.97215538301771,,,500871,1,5,"Top",,,,,,,-7.505720551537164,-135.23227471590167,-6.756182117582425,9.396337521868992,27.960513034217062,-15.348261665054757,3.69,1.74,97,"70.7",21,"93.6",2171,"6.6",716985,641680,663993,543760,677649,608369,608671,679881,666969,"53.91",,,,,,,,37,8,"4-Seam Fastball",4,0,0,4,0,4,0,4,"Standard","Standard",153,"0","0","71.9","7.4",,,"0","88.0",4,-4,0.889,0.11099999999999999,30,31,31,32,2,1,6,2,6,12,"1.36","0.64","-0.64","48.4",5.901444628262762,-1.1733885985729329,32.20223069298201,31.953885455345706,25.04225165563126
"SI","2023-08-15","93.5","1.79","6.74","Montgomery, Jordan",595453,656756,,"foul",,,,,6,,"R","R","L","TEX","LAA","S",,,3,2,2023,"1.22","0.93",0.37817229515855155,2.5354449044026306,,,500871,1,5,"Top",,,,,,,-6.348789150192936,-135.9495402462061,-7.169275143356329,16.500938032088047,29.266471435675626,-19.27110012759502,3.69,1.74,67,"77.7",9,"93.9",2104,"6.5",716985,641680,663993,543760,677649,608369,608671,679881,666969,"53.99",,,,,,,,37,7,"Sinker",4,0,0,4,0,4,0,4,"Standard","Standard",147,"0","0","75.2","7.1",,,"0","88.0",4,-4,0.889,0.11099999999999999,30,31,31,32,2,1,6,2,6,12,"1.68","1.22","-1.22","48.0",-6.206216705863079,17.632869298725282,30.732881183513708,44.147985223580854,16.400322592608095
"CH","2023-08-15","83.1","1.69","6.64","Montgomery, Jordan",595453,656756,,"foul",,,,,6,,"R","R","L","TEX","LAA","S",,,3,2,2023,"0.42","1.2",0.6627107706895848,2.3580111215208905,,,500871,1,5,"Top",,,,,,,-3.1951623665338857,-121.0449094212488,-5.80299074025887,4.700515409850764,21.848005555413295,-19.40958586360356,3.69,1.74,76,"71.7",6,"84",1349,"6.7",716985,641680,663993,543760,677649,608369,608671,679881,666969,"53.82",,,,,,,,37,6,"Changeup",4,0,0,4,0,4,0,4,"Standard","Standard",130,"0","0","72.7","8.1",,,"0","88.0",4,-4,0.889,0.11099999999999999,30,31,31,32,2,1,6,2,6,12,"2.07","0.42","-0.42","47.1",12.564360731579477,-0.6463047673598736,31.32665679383779,47.39729802101209,26.749619651145842
"SI","2023-08-15","93.7","1.76","6.75","Montgomery, Jordan",595453,656756,,"ball",,,,,13,,"R","R","L","TEX","LAA","B",,,2,2,2023,"1.36","0.93",-1.7062945782290866,2.2603897584384582,,,500871,1,5,"Top",,,,,,,-11.982943843392729,-135.80683772258095,-7.9376165519719875,19.41431139558317,27.93657598481206,-19.023079843424924,3.75265635797913,1.88956445087538,,,,"94.1",2113,"6.6",716985,641680,663993,543760,677649,608369,608671,679881,666969,"53.92",,,,,,,,37,5,"Sinker",4,0,0,4,0,4,0,4,"Standard","Standard",144,"-0.008","0.084",,,,,"-0.084",,4,-4,0.897,0.10299999999999998,30,31,31,32,2,1,6,2,6,12,"1.67","1.36","-1.36","46.7",,,,,
"CU","2023-08-15","81.6","1.72","6.77","Montgomery, Jordan",595453,656756,,"ball",,,,,13,,"R","R","L","TEX","LAA","B",,,1,2,2023,"-0.34","-0.43",-0.23043005455358057,0.985633077712218,,,500871,1,5,"Top",,,,,,,-3.7282943527079793,-118.71461138809165,-5.612521652216508,-2.52383627180239,22.459949493303103,-35.39047168449229,3.83769728506927,1.97463767777499,,,,"81.7",2383,"6.4",716985,641680,663993,543760,677649,608369,608671,679881,666969,"54.13",,,,,,,,37,4,"Curveball",4,0,0,4,0,4,0,4,"Standard","Standard",324,"-0.004","0.047",,,,,"-0.047",,4,-4,0.901,0.09899999999999998,30,31,31,32,2,1,6,2,6,12,"3.85","-0.34","0.34","50.8",,,,,
"SI","2023-08-15","93.7","1.77","6.82","Montgomery, Jordan",595453,656756,,"ball",,,,,11,,"R","R","L","TEX","LAA","B",,,0,2,2023,"1.22","0.96",-0.6237016423634711,4.046355577732665,,,500871,1,5,"Top",,,,,,,-8.920439545132293,-136.27064668571066,-3.5926650147238717,17.114677983170925,28.148641166425314,-19.56572473983849,3.84074868866993,1.93382093268078,,,,"94.2",2169,"6.5",716985,641680,663993,543760,677649,608369,608671,679881,666969,"54",,,,,,,,37,3,"Sinker",4,0,0,4,0,4,0,4,"Standard","Standard",149,"-0.002","0.023",,,,,"-0.023",,4,-4,0.903,0.09699999999999998,30,31,31,32,2,1,6,2,6,12,"1.63","1.22","-1.22","48.2",,,,,
"CH","2023-08-15","83.2","1.69","6.58","Montgomery, Jordan",595453,656756,,"called_strike",,,,,14,,"R","R","L","TEX","LAA","S",,,0,1,2023,"0.61","1.15",0.9907361874838245,2.0314606828236412,,,500871,1,5,"Top",,,,,,,-2.815372850441024,-121.12920237305285,-6.3405863304236485,6.528830312630224,22.013930765102746,-19.788501802296715,3.83266878383086,1.90370952898705,,,,"84.3",1533,"6.8",716985,641680,663993,543760,677649,608369,608671,679881,666969,"53.69",,,,,,,,37,2,"Changeup",4,0,0,4,0,4,0,4,"Standard","Standard",131,"0.006","-0.053",,,,,"0.053",,4,-4,0.897,0.10299999999999998,30,31,31,32,2,1,6,2,6,12,"2.12","0.61","-0.61","48.0",,,,,
"CH","2023-08-15","82.8","1.6","6.63","Montgomery, Jordan",595453,656756,,"swinging_strike",,,,,5,,"R","R","L","TEX","LAA","S",,,0,0,2023,"0.55","1.13",0.05493139842735206,2.9769500715938317,,,500871,1,5,"Top",,,,,,,-4.643063388366765,-120.59166389174645,-4.125641322633163,6.217652339378408,21.938011832457978,-20.52757609233451,3.69,1.74,,,,"83.7",1591,"6.7",716985,641680,663993,543760,677649,608369,608671,679881,666969,"53.84",,,,,,,,37,1,"Changeup",4,0,0,4,0,4,0,4,"Infield shade","Standard",136,"0.003","-0.042","76.5","8.9","1.656732432",,"0.042",,4,-4,0.894,0.10599999999999998,30,31,31,32,2,1,6,2,6,12,"2.17","0.55","-0.55","48.2",20.930532588267436,-38.463742376289225,25.640745960391037,40.73724358954492,52.11760510890733
"SI","2023-08-15","93.8","1.76","6.76","Montgomery, Jordan",595453,656756,"strikeout","called_strike",,,,,4,"Chad Wallach called out on strikes.","R","R","L","TEX","LAA","S",2,,2,2,2023,"1.39","0.83",-0.6299416822299879,3.092939703897838,543068,,500871,2,2,"Top",,,,,,,-9.31555269135213,-136.22350482744423,-5.616856122798843,19.26541410480988,28.512836831735765,-20.82135231603904,3.83277041132862,1.9820591076589,,,,"94.6",2098,"6.7",716985,641680,663993,543760,677649,608369,608671,679881,666969,"53.77",,0,"0",1,0,0,,12,5,"Sinker",0,0,0,0,0,0,0,0,"Standard","Standard",144,"0.043","-0.241",,,,,"0.241",,0,0,0.508,0.492,30,31,31,32,1,0,6,2,6,12,"1.76","1.39","-1.39","46.5",,,,,
"CH","2023-08-15","84","1.62","6.66","Montgomery, Jordan",595453,656756,,"foul",,,,,5,,"R","R","L","TEX","LAA","S",,,2,1,2023,"0.65","1.09",0.2361809663995893,2.8353445336656966,543068,,500871,2,2,"Top",,,,,,,-4.523350048886851,-122.21119066375068,-4.657699762694351,7.385889076226398,23.340114060263776,-20.54956110149381,3.69,1.74,165,"70.7",64,"84.8",1602,"6.7",716985,641680,663993,543760,677649,608369,608671,679881,666969,"53.76",,,,,,,,12,4,"Changeup",0,0,0,0,0,0,0,0,"Standard","Standard",136,"0.011","-0.081","69.0","7.4",,,"0.081","88.0",0,0,0.497,0.503,30,31,31,32,1,0,6,2,6,12,"2.14","0.65","-0.65","47.9",7.764546190200958,7.739813463515084,27.42854962969688,42.315225083856994,26.609817829439976
"SI","2023-08-15","94","1.78","6.78","Montgomery, Jordan",595453,656756,,"foul",,,,,1,,"R","R","L","TEX","LAA","S",,,2,0,2023,"1.24","0.94",-0.35059514063427333,3.3697324353690945,543068,,500871,2,2,"Top",,,,,,,-8.318579144826868,-136.65231767996593,-5.228445465750394,17.419424222950916,29.560693364702253,-19.414912735618838,3.69,1.74,84,"76.6",14,"94.6",2183,"6.7",716985,641680,663993,543760,677649,608369,608671,679881,666969,"53.84",,,,,,,,12,3,"Sinker",0,0,0,0,0,0,0,0,"Standard","Standard",148,"0.005","-0.066","71.9","6.8",,,"0.066","88.0",0,0,0.492,0.508,30,31,31,32,1,0,6,2,6,12,"1.64","1.24","-1.24","47.5",0.8078503201877093,14.652672731028739,27.370176847877936,35.31721626768136,18.950814872428268
"FF","2023-08-15","94.3","1.73","6.72","Montgomery, Jordan",595453,656756,,"ball",,,,,13,,"R","R","L","TEX","LAA","B",,,1,0,2023,"0.51","1.23",-1.3715842696242904,2.0206125643284865,543068,,500871,2,2,"Top",,,,,,,-9.252973609578154,-136.85354620518183,-9.278799770346433,8.43991901431125,29.35500164998002,-14.835176617495634,3.7497514367976,1.89894128957392,,,,"94.8",2309,"6.7",716985,641680,663993,543760,677649,608369,608671,679881,666969,"53.81",,,,,,,,12,2,"4-Seam Fastball",0,0,0,0,0,0,0,0,"Standard","Standard",145,"-0.005","0.042",,,,,"-0.042",,0,0,0.497,0.503,30,31,31,32,1,0,6,2,6,12,"1.34","0.51","-0.51","46.2",,,,,
"FF","2023-08-15","93.9","1.75","6.71","Montgomery, Jordan",595453,656756,,"ball",,,,,11,,"R","R","L","TEX","LAA","B",,,0,0,2023,"0.46","1.28",-0.9438795384750949,3.039466046405642,543068,,500871,2,2,"Top",,,,,,,-8.006181857746158,-136.4011143643563,-6.655234511315388,7.425897590914447,28.660463319691022,-14.835887900998637,3.83473971152758,1.89707111047404,,,,"94.3",2184,"6.5",716985,641680,663993,543760,677649,608369,608671,679881,666969,"53.98",,,,,,,,12,1,"4-Seam Fastball",0,0,0,0,0,0,0,0,"Infield shade","Standard",141,"-0.003","0.042",,,,,"-0.042",,0,0,0.5,0.5,30,31,31,32,1,0,6,2,6,12,"1.3","0.46","-0.46","45.2",,,,,
"CU","2023-08-15","80.7","1.82","6.69","Montgomery, Jordan",500871,656756,"force_out","hit_into_play",,,,,14,"Eduardo Escobar grounds into a force out, third baseman Ezequiel Duran to second baseman Marcus Semien. C.J. Cron to 3rd. Hunter Renfroe out at 2nd. Eduardo Escobar to 1st.","R","R","L","TEX","LAA","X",5,"ground_ball",0,1,2023,"-0.17","-0.27",0.14659731982404262,0.9260655384982193,,543068,592669,1,2,"Top",124.33,201.61,,,,,-3.404968719149543,-117.48576775709807,-5.6989486396268525,-0.9967472273857746,21.31475771355624,-33.81150022146262,3.03,1.47,6,"70",-9,"81.1",2390,"6.4",716985,641680,663993,543760,677649,608369,608671,679881,666969,"54.07",0.068,0.063,"0",1,0,0,2,11,2,"Curveball",0,0,0,0,0,0,0,0,"Standard","Strategic",328,"0.035","-0.284","71.7","8.2",,0.07,"0.284","88.0",0,0,0.465,0.5349999999999999,30,34,31,34,1,0,6,2,6,1,"3.75","-0.17","0.17","48.1",11.790676015211838,-19.061735691651947,38.11923635030032,38.51093441132292,41.91874374278721
"CU","2023-08-15","79.7","1.91","6.66","Montgomery, Jordan",500871,656756,,"swinging_strike",,,,,8,,"R","R","L","TEX","LAA","S",,,0,0,2023,"-0.05","-0.35",0.08608243447599472,1.8606911137463578,,543068,592669,1,2,"Top",,,,,,,-3.9228944326528494,-116.02654936599987,-3.1568021956806818,0.27649545060884895,22.009916335389413,-34.927423580846096,3.03,1.47,,,,"80",2328,"6.5",716985,641680,663993,543760,677649,608369,608671,679881,666969,"53.98",,,,,,,,11,1,"Curveball",0,0,0,0,0,0,0,0,"Infield shade","Strategic",326,"0.007","-0.04","71.4","8.2","2.275554936",,"0.04",,0,0,0.458,0.542,30,34,31,34,1,0,6,2,6,1,"3.94","-0.05","0.05","47.9",21.10318630008898,-37.70666342164056,22.616184181282694,37.95937347964568,53.60767356317572
"SI","2023-08-15","93.8","1.81","6.69","Montgomery, Jordan",592669,656756,"field_error","hit_into_play",,,,,4,"Hunter Renfroe reaches on a fielding error by third baseman Ezequiel Duran. C.J. Cron to 2nd.","R","R","L","TEX","LAA","X",5,"ground_ball",1,2,2023,"1.43","0.48",-0.41893106456303575,2.508557352708257,,,543068,1,2,"Top",86.32,149.85,,,,,-8.95358004121546,-136.198490900666,-6.166904541941994,19.726124781811638,28.855148223811252,-25.081231520889403,3.42,1.66,8,"93.8",-18,"94.2",2050,"6.6",716985,641680,663993,543760,677649,608369,608671,679881,666969,"53.94",0.143,0.129,"0.9",1,0,0,2,10,4,"Sinker",0,0,0,0,0,0,0,0,"Standard","Strategic",144,"-0.048","0.51","75.5","7.4",,0.184,"-0.51","93.8",0,0,0.506,0.494,30,31,31,31,1,0,6,1,6,1,"2.12","1.43","-1.43","45.9",8.3779598477528,-9.600312880951927,28.08332706714503,34.96518241146415,38.13973791972428
"CH","2023-08-15","83.1","1.87","6.5","Montgomery, Jordan",592669,656756,,"ball",,,,,14,,"R","R","L","TEX","LAA","B",,,0,2,2023,"0.62","1.15",1.6013483355243552,1.6227591709558096,,,543068,1,2,"Top",,,,,,,-1.8575881355064983,-120.92012412072785,-7.039781265158071,6.484138035544284,22.27122229925828,-19.763469835751774,3.57833695585029,1.77927280499306,,,,"84",1692,"6.8",716985,641680,663993,543760,677649,608369,608671,679881,666969,"53.74",,,,,,,,10,3,"Changeup",0,0,0,0,0,0,0,0,"Standard","Strategic",133,"-0.003","0.023",,,,,"-0.023",,0,0,0.509,0.491,30,31,31,31,1,0,6,1,6,1,"2.14","0.62","-0.62","45.6",,,,,
"FF","2023-08-15","90.2","1.99","6.64","Montgomery, Jordan",592669,656756,,"called_strike",,,,,7,,"R","R","L","TEX","LAA","S",,,0,1,2023,"0.41","0.89",-0.7192736805831537,1.6767534410343627,,,543068,1,2,"Top",,,,,,,-7.67844262508118,-130.99415266723372,-8.343372873663299,6.2942899623642266,26.45518140973377,-20.372816563255405,3.55646982807989,1.69243688869106,,,,"91.1",2373,"6.8",716985,641680,663993,543760,677649,608369,608671,679881,666969,"53.68",,,,,,,,10,2,"4-Seam Fastball",0,0,0,0,0,0,0,0,"Standard","Strategic",158,"0.007","-0.053",,,,,"0.053",,0,0,0.502,0.498,30,31,31,31,1,0,6,1,6,1,"1.91","0.41","-0.41","45.0",,,,,
"FF","2023-08-15","94.6","1.84","6.75","Montgomery, Jordan",592669,656756,,"foul",,,,,4,,"R","R","L","TEX","LAA","S",,,0,0,2023,"0.4","1.38",-0.7645079862684642,2.7842419691579017,,,543068,1,2,"Top",,,,,,,-7.710540008254937,-137.34420137820052,-7.752272544727497,6.73434612352214,30.646865017786723,-13.1902209879185,3.42,1.66,66,"72.1",86,"95",2222,"6.7",716985,641680,663993,543760,677649,608369,608671,679881,666969,"53.83",,,,,,,,10,1,"4-Seam Fastball",0,0,0,0,0,0,0,0,"Standard","Strategic",143,"0.005","-0.042","83.9","7.9",,,"0.042","88.0",0,0,0.497,0.503,30,31,31,31,1,0,6,1,6,1,"1.18","0.4","-0.4","45.7",14.015399741362566,-10.012836917642145,33.510356434710175,30.14555400810051,34.2591004773016
"SI","2023-08-15","93.6","1.82","6.73","Montgomery, Jordan",545341,656756,"strikeout","called_strike",,,,,8,"Randal Grichuk called out on strikes.","R","R","L","TEX","LAA","S",2,,2,2,2023,"1.32","0.77",-0.0639697179354104,1.497907041548304,,,543068,0,2,"Top",,,,,,,-7.817962978597927,-135.7699573133583,-9.480271022351767,17.98781398411758,29.70228568132346,-20.687416266222957,3.255066737582,1.58285974043729,,,,"94",2089,"6.7",716985,641680,663993,543760,677649,608369,608671,679881,666969,"53.79",,0,"0",1,0,0,,9,5,"Sinker",0,0,0,0,0,0,0,0,"Standard","Standard",145,"0.03","-0.21",,,,,"0.21",,0,0,0.467,0.5329999999999999,30,31,31,32,1,0,6,1,6,1,"1.85","1.32","-1.32","48.3",,,,,
"CH","2023-08-15","82.5","1.68","6.71","Montgomery, Jordan",545341,656756,,"swinging_strike",,,,,12,,"R","R","L","TEX","LAA","S",,,2,1,2023,"1","1.03",1.3795270971682199,2.6907589658684294,,,543068,0,2,"Top",,,,,,,-2.6590126517950057,-120.10494457840458,-4.6521556012500245,10.187066314759857,23.696157766906992,-21.553345893129347,3.15,1.53,,,,"83.1",1641,"6.7",716985,641680,663993,543760,677649,608369,608671,679881,666969,"53.76",,,,,,,,9,4,"Changeup",0,0,0,0,0,0,0,0,"Standard","Strategic",131,"0.011","-0.056","74.6","7.9","1.660466532",,"0.056",,0,0,0.456,0.544,30,31,31,32,1,0,6,1,6,1,"2.33","1","-1","51.3",15.037958564740757,-4.68166357499212,21.03205587882833,50.5248516860034,34.60320031024264
"FF","2023-08-15","93.7","1.81","6.7","Montgomery, Jordan",545341,656756,,"called_strike",,,,,4,,"R","R","L","TEX","LAA","S",,,2,0,2023,"0.51","1.36",-0.2891920181425437,2.0331742704310054,,,543068,0,2,"Top",,,,,,,-6.589209360414998,-136.04895490977472,-9.363037281343912,7.748601521817077,30.03972277681482,-13.332540845646374,3.09568166611955,1.52999954688612,,,,"94.2",2269,"6.7",716985,641680,663993,543760,677649,608369,608671,679881,666969,"53.81",,,,,,,,9,3,"4-Seam Fastball",0,0,0,0,0,0,0,0,"Standard","Strategic",147,"0.011","-0.055",,,,,"0.055",,0,0,0.445,0.5549999999999999,30,31,31,32,1,0,6,1,6,1,"1.24","0.51","-0.51","45.6",,,,,
"CH","2023-08-15","83.9","1.74","6.66","Montgomery, Jordan",545341,656756,,"ball",,,,,12,,"R","R","L","TEX","LAA","B",,,1,0,2023,"0.75","0.89",1.2041973044302936,3.0522502773205122,,,543068,0,2,"Top",,,,,,,-2.7591189214676954,-122.11596731973926,-3.735509689695509,8.067120882061666,23.9438045143251,-22.73102872279607,3.22871851751828,1.42684321801295,,,,"84.7",1495,"6.8",716985,641680,663993,543760,677649,608369,608671,679881,666969,"53.72",,,,,,,,9,2,"Changeup",0,0,0,0,0,0,0,0,"Infield shade","Strategic",133,"-0.011","0.055",,,,,"-0.055",,0,0,0.456,0.544,30,31,31,32,1,0,6,1,6,1,"2.34","0.75","-0.75","46.5",,,,,
"SI","2023-08-15","94.1","1.8","6.84","Montgomery, Jordan",545341,656756,,"ball",,,,,12,,"R","R","L","TEX","LAA","B",,,0,0,2023,"1.42","0.92",1.12888924762533,3.322601883810446,,,543068,0,2,"Top",,,,,,,-4.905339506058805,-136.951490555681,-5.445268622477993,18.91087586222262,31.253827815422554,-19.573261632918754,3.14216073657758,1.53994087791001,,,,"94.2",2131,"6.4",716985,641680,663993,543760,677649,608369,608671,679881,666969,"54.08",,,,,,,,9,1,"Sinker",0,0,0,0,0,0,0,0,"Infield shade","Strategic",150,"-0.006","0.03",,,,,"-0.03",,0,0,0.462,0.538,30,31,31,32,1,0,6,1,6,1,"1.66","1.42","-1.42","45.4",,,,,
"SI","2023-08-15","94.4","1.68","6.8","Montgomery, Jordan",543068,656756,,"called_strike",,,,,14,,"R","R","L","TEX","LAA","S",,,2,0,2023,"1.33","0.93",0.9688785718004138,1.8223992005566862,,,660271,2,1,"Top",,,,,,,-4.822524296114741,-137.11458665227963,-9.348691163047876,17.900728192756112,29.56783218866415,-18.592719466458647,3.77127607149009,1.70863255921225,,,,"94.6",2233,"6.5",716985,641680,663993,543760,677649,608369,608671,679881,666969,"54.03",,,,,,,,4,3,"Sinker",0,0,0,0,0,0,0,0,"Standard","Standard",148,"0.004","-0.051",,,,,"0.051",,0,0,0.52,0.48,30,33,31,33,1,0,6,3,6,37,"1.63","1.33","-1.33","47.1",,,,,
"FF","2023-08-15","94.7","1.68","6.82","Montgomery, Jordan",543068,656756,,"ball",,,,,11,,"R","R","L","TEX","LAA","B",,,1,0,2023,"0.48","1.26",-0.8566161123494568,3.5218917207535894,,,660271,2,1,"Top",,,,,,,-7.740728638914406,-137.70180277403486,-5.7792520210346074,7.8083520193239355,29.70046039895509,-15.010718224127427,3.81602513524387,1.81899542909737,,,,"95.2",2256,"6.5",716985,641680,663993,543760,677649,608369,608671,679881,666969,"53.95",,,,,,,,4,2,"4-Seam Fastball",0,0,0,0,0,0,0,0,"Standard","Standard",148,"-0.004","0.037",,,,,"-0.037",,0,0,0.524,0.476,30,33,31,33,1,0,6,3,6,37,"1.28","0.48","-0.48","50.8",,,,,
"CH","2023-08-15","83.4","1.63","6.59","Montgomery, Jordan",543068,656756,,"ball",,,,,14,,"R","R","L","TEX","LAA","B",,,0,0,2023,"0.78","1.24",0.4709034059916768,1.1642790091283315,,,660271,2,1,"Top",,,,,,,-4.225272406906155,-121.20336511055294,-8.538966701970088,8.469160607331805,23.10484283947298,-18.442861588609283,3.85715925265146,1.81635267750559,,,,"84.1",1724,"6.8",716985,641680,663993,543760,677649,608369,608671,679881,666969,"53.71",,,,,,,,4,1,"Changeup",0,0,0,0,0,0,0,0,"Standard","Standard",133,"-0.002","0.03",,,,,"-0.03",,0,0,0.526,0.474,30,33,31,33,1,0,6,3,6,37,"2.03","0.78","-0.78","48.6",,,,,
"SI","2023-08-15","94","1.74","6.84","Montgomery, Jordan",592273,656756,"strikeout","swinging_strike",,,,,5,"Brandon Drury strikes out swinging.","R","R","L","TEX","LAA","S",2,,2,2,2023,"1.39","0.88",0.12467633139538448,2.6254293657222267,,,660271,1,1,"Top",,,,,,,-7.278246821066012,-136.65172766764124,-7.176274367335373,19.035671287029672,29.716817320067793,-19.688742131739602,3.58,1.76,,,,"94.3",2097,"6.5",716985,641680,663993,543760,677649,608369,608671,679881,666969,"54.01",,0,"0",1,0,0,,3,5,"Sinker",0,0,0,0,0,0,0,0,"Standard","Standard",145,"0.024","-0.23","73.6","6.7","0.262369404",,"0.23",,0,0,0.502,0.498,30,30,31,31,1,0,6,1,6,1,"1.7","1.39","-1.39","48.1",2.415115672857852,8.964250527353853,34.105649898833846,35.33168344724875,23.326139573968234
"CH","2023-08-15","85.1","1.71","6.63","Montgomery, Jordan",592273,656756,,"blocked_ball",,,,,14,,"R","R","L","TEX","LAA","B",,,1,2,2023,"0.72","1.22",1.3397588264192999,0.9544422852340433,,,660271,1,1,"Top",,,,,,,-2.3463319465783607,-123.73328193562729,-9.566205619959387,7.838849653245146,23.67829070237227,-17.970190598433366,3.57999865591696,1.81231524602393,,,,"86.3",1600,"7",716985,641680,663993,543760,677649,608369,608671,679881,666969,"53.49",,,,,,,,3,4,"Changeup",0,0,0,0,0,0,0,0,"Standard","Standard",134,"-0.004","0.047",,,,,"-0.047",,0,0,0.506,0.494,30,30,31,31,1,0,6,1,6,1,"1.92","0.72","-0.72","48.0",,,,,
"SI","2023-08-15","94.3","1.64","6.85","Montgomery, Jordan",592273,656756,,"called_strike",,,,,4,,"R","R","L","TEX","LAA","S",,,1,1,2023,"1.15","0.93",-0.30117941816908256,2.691654657427302,,,660271,1,1,"Top",,,,,,,-7.632593069710071,-137.04848406376928,-7.216138655079699,16.184829458383124,28.691005050568137,-19.080651681695223,3.74322570552886,1.81286882134664,,,,"94.8",2102,"6.5",716985,641680,663993,543760,677649,608369,608671,679881,666969,"53.96",,,,,,,,3,3,"Sinker",0,0,0,0,0,0,0,0,"Standard","Strategic",149,"0.007","-0.055",,,,,"0.055",,0,0,0.499,0.501,30,30,31,31,1,0,6,1,6,1,"1.63","1.15","-1.15","48.3",,,,,
"FF","2023-08-15","93.8","1.69","6.83","Montgomery, Jordan",592273,656756,,"swinging_strike",,,,,3,,"R","R","L","TEX","LAA","S",,,1,0,2023,"0.92","1.21",0.5667620590124481,3.3401262576117743,,,660271,1,1,"Top",,,,,,,-4.971375309517746,-136.43740635130942,-6.0299420454374335,12.629406145613352,29.045411958125886,-15.87332619579951,3.58,1.76,,,,"94.3",2190,"6.5",716985,641680,663993,543760,677649,608369,608671,679881,666969,"53.96",,,,,,,,3,2,"4-Seam Fastball",0,0,0,0,0,0,0,0,"Standard","Strategic",143,"0.005","-0.053","77.4","7.3","0.707105448",,"0.053",,0,0,0.494,0.506,30,30,31,31,1,0,6,1,6,1,"1.37","0.92","-0.92","47.6",16.533420084426705,9.019000968499823,26.702300273001423,41.689389978605256,24.148597938103897
"CU","2023-08-15","81.1","1.69","6.71","Montgomery, Jordan",592273,656756,,"ball",,,,,13,,"R","R","L","TEX","LAA","B",,,0,0,2023,"-0.23","-0.46",-1.3887850723186925,1.78062583594925,,,660271,1,1,"Top",,,,,,,-6.467324174714013,-117.97102414978299,-3.5256892481827595,-0.8997921556820089,22.15503517309622,-36.03687856550416,3.62316699899005,1.82227810624118,,,,"81.4",2248,"6.5",716985,641680,663993,543760,677649,608369,608671,679881,666969,"54.01",,,,,,,,3,1,"Curveball",0,0,0,0,0,0,0,0,"Standard","Strategic",325,"-0.004","0.036",,,,,"-0.036",,0,0,0.498,0.502,30,30,31,31,1,0,6,1,6,1,"3.93","-0.23","0.23","50.3",,,,,
"FC","2023-08-09","90.1","1.76","6.85","Montgomery, Jordan",668709,656756,"strikeout","called_strike",,,,,1,"JJ Bleday called out on strikes.","R","L","L","ATH","TEX","S",2,,1,2,2023,"-0.22","0.74",-0.36995937569656057,3.4954069575296147,,672478,649557,2,6,"Bot",,,,,,,-4.84942919691744,-131.2402429697225,-4.030703723542911,-1.610128654547196,24.98720044112335,-22.931511295613504,3.47499538026214,1.66913278013105,,,,"90.8",2450,"6.5",717063,669087,663993,543760,669701,677649,608671,665750,666969,"54.04",,0,"0",1,0,0,,49,4,"Cutter",2,0,2,0,0,2,2,0,"Infield shade","Standard",160,"-0.018","-0.213",,,,,"0.213",,2,2,0.833,0.833,30,25,31,26,3,2,5,1,6,2,"2.04","-0.22","-0.22","47.9",,,,,
"CU","2023-08-09","80.1","1.67","6.74","Montgomery, Jordan",668709,656756,,"blocked_ball",,,,,13,,"R","L","L","ATH","TEX","B",,,0,2,2023,"-0.21","-0.8",-0.039296279894961456,-0.6095679627135504,,672478,649557,2,6,"Bot",,,,,,,-3.404573561002925,-116.50294115293578,-8.12081518171649,-1.3745752283940602,18.71246680085304,-38.451838506893424,3.39251439350527,1.63085353126114,,,,"81",2317,"6.6",717063,669087,663993,543760,669701,677649,608671,665750,666969,"53.92",,,,,,,,49,3,"Curveball",2,0,2,0,0,2,2,0,"Infield shade","Standard",336,"0.002","0.018",,,,,"-0.018",,2,2,0.831,0.831,30,25,31,26,3,2,5,1,6,2,"4.32","-0.21","-0.21","50.8",,,,,
"SI","2023-08-09","94.1","1.8","6.86","Montgomery, Jordan",668709,656756,,"foul",,,,,3,,"R","L","L","ATH","TEX","S",,,0,1,2023,"1.23","0.79",0.4724693447963524,2.9642076882193757,,672478,649557,2,6,"Bot",,,,,,,-6.175268899566541,-136.8287824070107,-6.136045254250821,16.80583586254709,30.98040011529115,-21.048701989253665,3.49,1.76,174,"68",60,"94.2",2154,"6.5",717063,669087,663993,543760,669701,677649,608671,665750,666969,"54.05",,,,,,,,49,2,"Sinker",2,0,2,0,0,2,2,0,"Infield shade","Standard",147,"-0.006","-0.061","67.5","6.8",,,"0.061","88.0",2,2,0.837,0.837,30,25,31,26,3,2,5,1,6,2,"1.79","1.23","1.23","48.3",8.772202873073349,5.680797142921605,32.838658127219134,36.57759511427636,26.146905950769625
"FC","2023-08-09","88.4","1.91","6.78","Montgomery, Jordan",668709,656756,,"foul",,,,,2,,"R","L","L","ATH","TEX","S",,,0,0,2023,"-0.06","0.71",0.16891885674498258,3.0344843583137333,,672478,649557,2,6,"Bot",,,,,,,-4.144504249978657,-128.70803809496806,-4.598975484066513,0.09674613609191621,24.625323382646357,-23.5294242226039,3.49,1.76,197,"74.9",62,"89.1",2391,"6.5",717063,669087,663993,543760,669701,677649,608671,665750,666969,"53.98",,,,,,,,49,1,"Cutter",2,0,2,0,0,2,2,0,"Standard","Standard",166,"-0.004","-0.04","67.0","7.3",,,"0.04","88.0",2,2,0.841,0.841,30,25,31,26,3,2,5,1,6,2,"2.18","-0.06","-0.06","46.5",19.6402648153082,-4.788594796428838,33.760302828441375,37.81376385970744,32.02376909180195
"CH","2023-08-09","84.1","1.64","6.68","Montgomery, Jordan",669127,656756,"strikeout","swinging_strike",,,,,3,"Shea Langeliers strikes out swinging.","R","R","L","ATH","TEX","S",2,,2,2,2023,"0.8","1.04",0.6265274007322326,3.1307621831890255,,672478,649557,1,6,"Bot",,,,,,,-3.9529764461097257,-122.39364727862588,-3.9561186198951352,8.81110021343841,23.353862271599134,-21.119460660188818,3.26,1.5,,,,"84.8",1404,"6.6",717063,669087,663993,543760,669701,677649,608671,665750,666969,"53.86",,0,"0",1,0,0,,48,7,"Changeup",2,0,2,0,0,2,2,0,"Standard","Strategic",132,"-0.021","-0.201","76.5","6.9","0.26958984",,"0.201",,2,2,0.862,0.862,30,25,31,26,3,2,5,2,6,2,"2.17","0.8","-0.8","54.0",9.790184306761999,14.365795867316693,22.217968168322827,45.27958878184643,26.427077628804188
"FF","2023-08-09","93.1","1.77","6.83","Montgomery, Jordan",669127,656756,,"ball",,,,,12,,"R","R","L","ATH","TEX","B",,,1,2,2023,"0.48","1.28",0.32472964759418166,4.106449522012618,,672478,649557,1,6,"Bot",,,,,,,-4.787120792667223,-135.48218505022524,-4.005204806256528,7.00932801406043,31.29681457844467,-15.825968495511342,3.16252569884561,1.33920862360465,,,,"93.1",2276,"6.4",717063,669087,663993,543760,669701,677649,608671,665750,666969,"54.08",,,,,,,,48,6,"4-Seam Fastball",2,0,2,0,0,2,2,0,"Standard","Strategic",152,"0.004","0.028",,,,,"-0.028",,2,2,0.858,0.858,30,25,31,26,3,2,5,2,6,2,"1.37","0.48","-0.48","48.1",,,,,
"CU","2023-08-09","81.9","1.63","6.82","Montgomery, Jordan",669127,656756,,"foul",,,,,14,,"R","R","L","ATH","TEX","S",,,1,2,2023,"-0.28","-0.44",0.22257844929464746,1.357565134391829,,672478,649557,1,6,"Bot",,,,,,,-2.637926870705598,-119.33084022435447,-5.029416649573671,-2.2895860158590637,20.379836958312023,-35.742846855890335,3.26,1.5,,,,"82.6",2296,"6.5",717063,669087,663993,543760,669701,677649,608671,665750,666969,"54.03",,,,,,,,48,5,"Curveball",2,0,2,0,0,2,2,0,"Standard","Strategic",313,"0","0","75.9","7.7",,,"0",,2,2,0.858,0.858,30,25,31,26,3,2,5,2,6,2,"3.8","-0.28","0.28","54.3",13.978767010230987,-4.843221951366421,32.8687200506317,41.55362510797226,39.41088031061429
"SI","2023-08-09","94.7","1.67","6.88","Montgomery, Jordan",669127,656756,,"foul",,,,,6,,"R","R","L","ATH","TEX","S",,,1,2,2023,"1.13","0.95",0.7845600817237572,2.4200493717017206,,672478,649557,1,6,"Bot",,,,,,,-4.834745593632152,-137.69786371236842,-8.146527244225833,15.491349985311418,27.451908802704708,-18.514444504512976,3.26,1.5,150,"80.1",13,"95.2",2354,"6.4",717063,669087,663993,543760,669701,677649,608671,665750,666969,"54.09",,,,,,,,48,4,"Sinker",2,0,2,0,0,2,2,0,"Standard","Strategic",152,"0","0","73.0","6.9",,,"0","88.0",2,2,0.858,0.858,30,25,31,26,3,2,5,2,6,2,"1.57","1.13","-1.13","48.2",3.6554293876514072,19.27012958022781,30.444051468053047,47.57400585873438,22.0119209656739
"CH","2023-08-09","84.8","1.72","6.66","Montgomery, Jordan",669127,656756,,"ball",,,,,14,,"R","R","L","ATH","TEX","B",,,0,2,2023,"0.73","1.12",0.06064708723372392,1.2967077270829006,,672478,649557,1,6,"Bot",,,,,,,-5.3654137439641145,-123.22658754506448,-8.481993109680705,8.46739097098945,24.21509777953744,-19.275587234261856,3.16252569884561,1.43426314417403,,,,"85.4",1792,"6.7",717063,669087,663993,543760,669701,677649,608671,665750,666969,"53.77",,,,,,,,48,3,"Changeup",2,0,2,0,0,2,2,0,"Standard","Strategic",135,"0.002","0.022",,,,,"-0.022",,2,2,0.856,0.856,30,25,31,26,3,2,5,2,6,2,"2.06","0.73","-0.73","50.9",,,,,
"FF","2023-08-09","93.8","1.8","6.76","Montgomery, Jordan",669127,656756,,"called_strike",,,,,4,,"R","R","L","ATH","TEX","S",,,0,1,2023,"0.64","1.06",-0.8262239046199708,2.432253077394627,,672478,649557,1,6,"Bot",,,,,,,-8.224004952727045,-136.35986986631164,-7.896711060584199,9.642189160498067,26.672987253289076,-17.468312969808405,3.13068637196348,1.40257474639158,,,,"94.6",2317,"6.6",717063,669087,663993,543760,669701,677649,608671,665750,666969,"53.94",,,,,,,,48,2,"4-Seam Fastball",2,0,2,0,0,2,2,0,"Standard","Strategic",145,"-0.006","-0.05",,,,,"0.05",,2,2,0.862,0.862,30,25,31,26,3,2,5,2,6,2,"1.52","0.64","-0.64","46.8",,,,,
"SI","2023-08-09","93","1.75","6.84","Montgomery, Jordan",669127,656756,,"foul",,,,,9,,"R","R","L","ATH","TEX","S",,,0,0,2023,"1.24","0.83",0.7767204739173827,1.9483719089613363,,672478,649557,1,6,"Bot",,,,,,,-5.240499188873804,-135.17741052047302,-8.592710360315497,16.384634502803575,30.2723324698855,-20.285242918214355,3.26,1.5,202,"74.6",55,"93.2",2130,"6.5",717063,669087,663993,543760,669701,677649,608671,665750,666969,"53.97",,,,,,,,48,1,"Sinker",2,0,2,0,0,2,2,0,"Standard","Strategic",144,"-0.004","-0.04","69.5","7.4",,,"0.04","88.0",2,2,0.866,0.866,30,25,31,26,3,2,5,2,6,2,"1.82","1.24","-1.24","47.0",2.229905669584333,3.243742569000815,34.64110954870712,47.23679456378184,29.703488604861462
"SI","2023-08-09","93","1.79","6.78","Montgomery, Jordan",649557,656756,"walk","ball",,,,,14,"Aledmys Diaz walks.","R","R","L","ATH","TEX","B",,,3,0,2023,"1.17","1.01",1.2958792708119773,1.55294033115839,,672478,,1,6,"Bot",,,,,,,-3.8542764975657438,-135.1552058433471,-9.883516397359273,15.178417847966909,29.19515875911956,-17.837722632612216,3.4143816937861,1.66770318598174,,,,"93.5",2146,"6.6",717063,669087,663993,543760,669701,677649,608671,665750,666969,"53.89",,0.695903,"0.7",1,0,0,,47,4,"Sinker",2,0,2,0,0,2,2,0,"Standard","Strategic",139,"0.003","0.081",,,,,"-0.081",,2,2,0.863,0.863,30,32,31,33,3,2,5,2,6,4,"1.63","1.17","-1.17","47.1",,,,,
"CH","2023-08-09","83.2","1.65","6.71","Montgomery, Jordan",649557,656756,,"ball",,,,,14,,"R","R","L","ATH","TEX","B",,,2,0,2023,"0.65","1.11",0.44390700732347477,1.0142012852934885,,672478,,1,6,"Bot",,,,,,,-4.043610500569607,-120.88039059825718,-8.842211149017393,7.10858808965269,21.597640775050177,-19.836627647720533,3.28693386583856,1.54086622965544,,,,"83.9",1696,"6.6",717063,669087,663993,543760,669701,677649,608671,665750,666969,"53.87",,,,,,,,47,3,"Changeup",2,0,2,0,0,2,2,0,"Infield shade","Strategic",136,"0.003","0.072",,,,,"-0.072",,2,2,0.86,0.86,30,32,31,33,3,2,5,2,6,4,"2.17","0.65","-0.65","47.9",,,,,
"SI","2023-08-09","94.1","1.81","6.85","Montgomery, Jordan",649557,656756,,"ball",,,,,13,,"R","R","L","ATH","TEX","B",,,1,0,2023,"1.21","0.82",-0.821189200300616,1.3837597571464397,,672478,,1,6,"Bot",,,,,,,-9.500108021644108,-136.38803169370416,-10.276908484978465,17.170612790831903,28.138622295866476,-19.887479246517067,3.31879052453209,1.57257013981071,,,,"94.2",2121,"6.4",717063,669087,663993,543760,669701,677649,608671,665750,666969,"54.09",,,,,,,,47,2,"Sinker",2,0,2,0,0,2,2,0,"Infield shade","Strategic",144,"0.001","0.036",,,,,"-0.036",,2,2,0.859,0.859,30,32,31,33,3,2,5,2,6,4,"1.76","1.21","-1.21","50.1",,,,,
"SI","2023-08-09","94.2","1.62","6.78","Montgomery, Jordan",649557,656756,,"ball",,,,,13,,"R","R","L","ATH","TEX","B",,,0,0,2023,"1.21","1",-0.27513580316275,1.0166082123880718,,672478,,1,6,"Bot",,,,,,,-7.60305725639725,-136.61528247799055,-11.483248748724735,16.752528622559876,28.034757333884738,-17.35206785879634,3.4143816937861,1.63598861873463,,,,"94.5",2226,"6.5",717063,669087,663993,543760,669701,677649,608671,665750,666969,"54.03",,,,,,,,47,1,"Sinker",2,0,2,0,0,2,2,0,"Infield shade","Strategic",142,"0.001","0.034",,,,,"-0.034",,2,2,0.858,0.858,30,32,31,33,3,2,5,2,6,4,"1.57","1.21","-1.21","48.5",,,,,
"SI","2023-08-09","93.6","1.76","6.89","Montgomery, Jordan",681146,656756,"field_out","hit_into_play",,,,,6,"Jonah Bride flies out to right fielder Adolis Garcia.","R","R","L","ATH","TEX","X",9,"fly_ball",0,0,2023,"1.38","0.93",0.5635423354178182,2.2878347623812973,,669397,,2,5,"Bot",202.48,113.38,,,,,-6.152593183151015,-135.94489049890424,-8.156582527072688,18.51085410388857,30.547842926153596,-19.06068638543753,3.14,1.45,283,"90",49,"93.6",2098,"6.5",717063,669087,663993,543760,669701,677649,608671,665750,666969,"54.05",0.008,0.012,"0",1,0,0,3,39,1,"Sinker",1,0,1,0,0,1,1,0,"Standard","Strategic",143,"-0.034","-0.295","69.4","7.0",,0.018,"0.295","90.0",1,1,0.694,0.694,30,27,31,28,3,2,5,1,6,4,"1.69","1.38","-1.38","48.3",12.953699457134784,10.390448447859715,34.54788340574146,41.232378952527064,31.538213141329944
"SI","2023-08-09","93.9","1.75","6.84","Montgomery, Jordan",665923,656756,"strikeout","called_strike",,,,,4,"Esteury Ruiz called out on strikes. Nick Allen steals (3) 2nd base.","R","R","L","ATH","TEX","S",2,,3,2,2023,"1.14","0.88",-0.718009129908098,2.3050319760257114,,,669397,1,5,"Bot",,,,,,,-8.929063376517478,-136.39518201565286,-8.049944263845807,16.046279816393216,26.098112906580635,-19.59875580974195,2.917074996738,1.39088783992097,,,,"94.7",2168,"6.6",717063,669087,663993,543760,669701,677649,608671,665750,666969,"53.93",,0,"0",1,0,0,,38,6,"Sinker",1,0,1,0,0,1,1,0,"Infield shade","Standard",145,"-0.021","-0.314",,,,,"0.314",,1,1,0.715,0.715,30,24,31,24,3,2,5,1,6,2,"1.68","1.14","-1.14","49.8",,,,,
"CH","2023-08-09","83.9","1.65","6.71","Montgomery, Jordan",665923,656756,,"foul",,,,,2,,"R","R","L","ATH","TEX","S",,,3,1,2023,"0.68","0.99",-0.038262989151883975,2.7029690701046554,,,669397,1,5,"Bot",,,,,,,-5.279610188323641,-122.0690142990175,-4.924470541504586,7.732406817464748,21.366550609114828,-21.475301907338892,3.11,1.52,,,,"84.8",1762,"6.6",717063,669087,663993,543760,669701,677649,608671,665750,666969,"53.85",,,,,,,,38,5,"Changeup",1,0,1,0,0,1,1,0,"Standard","Strategic",137,"-0.009","-0.069","70.9","7.4",,,"0.069",,1,1,0.724,0.724,30,24,31,24,3,2,5,1,6,2,"2.22","0.68","-0.68","50.5",22.318029050050587,-12.215414650684208,29.80883039990522,37.20366185916286,37.4025673664388
"SI","2023-08-09","91.8","1.76","6.9","Montgomery, Jordan",665923,656756,,"ball",,,,,12,,"R","R","L","ATH","TEX","B",,,2,1,2023,"1.19","0.89",0.40365897693190567,3.7365044945750334,,,669397,1,5,"Bot",,,,,,,-6.008660338111021,-133.63347103681255,-4.114378200418404,15.53801554769014,26.755570375046815,-20.85392693959238,2.917074996738,1.16917789779338,,,,"92.3",2200,"6.4",717063,669087,663993,543760,669701,677649,608671,665750,666969,"54.1",,,,,,,,38,4,"Sinker",1,0,1,0,0,1,1,0,"Standard","Strategic",145,"0.011","0.1",,,,,"-0.1",,1,1,0.713,0.713,30,24,31,24,3,2,5,1,6,2,"1.8","1.19","-1.19","48.1",,,,,
"SI","2023-08-09","92","1.65","6.93","Montgomery, Jordan",665923,656756,,"swinging_strike",,,,,5,,"R","R","L","ATH","TEX","S",,,2,0,2023,"1.02","1.02",-0.24460706000109367,2.3811600832439495,,,669397,1,5,"Bot",,,,,,,-7.038426131315784,-133.6906506858518,-7.927263099670641,13.781410752261836,27.531081903111428,-18.466189272191833,3.11,1.52,,,,"92.3",2195,"6.5",717063,669087,663993,543760,669701,677649,608671,665750,666969,"54.05",,,,,,,,38,3,"Sinker",1,0,1,0,0,1,1,0,"Standard","Strategic",151,"-0.007","-0.061","75.1","6.6","1.017536064",,"0.061",,1,1,0.72,0.72,30,24,31,24,3,2,5,1,6,2,"1.67","1.02","-1.02","49.5",3.3868002078430304,15.239416079933818,43.41679073655839,34.302740406482286,18.431383502210487
"SI","2023-08-09","90.9","1.71","6.82","Montgomery, Jordan",665923,656756,,"blocked_ball",,,,,13,,"R","R","L","ATH","TEX","B",,,1,0,2023,"1.15","0.79",-0.18328936747600522,0.18666996912693157,,,669397,1,5,"Bot",,,,,,,-7.203230562654518,-131.8403588190707,-12.411686605859026,14.917086265082888,25.854137170428167,-20.61422172403987,2.94889060515732,1.26417508092972,,,,"91.2",2126,"6.5",717063,669087,663993,543760,669701,677649,608671,665750,666969,"54.05",,,,,,,,38,2,"Sinker",1,0,1,0,0,1,1,0,"Infield shade","Strategic",144,"0.007","0.054",,,,,"-0.054",,1,1,0.713,0.713,30,24,31,24,3,2,5,1,6,2,"1.97","1.15","-1.15","48.9",,,,,
"CU","2023-08-09","80.6","1.7","6.78","Montgomery, Jordan",665923,656756,,"ball",,,,,7,,"R","R","L","ATH","TEX","B",,,0,0,2023,"-0.35","-0.53",-0.5779273201260275,1.4378383435957178,,,669397,1,5,"Bot",,,,,,,-4.434126609012105,-117.40489381410575,-4.320202911155889,-2.54241147098664,19.003601885987095,-36.621917805150865,3.04271157779255,1.20734428045156,,,,"81.5",2358,"6.5",717063,669087,663993,543760,669701,677649,608671,665750,666969,"53.95",,,,,,,,38,1,"Curveball",1,0,1,0,0,1,1,0,"Infield shade","Strategic",315,"0.003","0.036",,,,,"-0.036",,1,1,0.71,0.71,30,24,31,24,3,2,5,1,6,2,"3.99","-0.35","0.35","48.2",,,,,
"CH","2023-08-09","84.5","1.59","6.73","Montgomery, Jordan",669127,656756,"field_out","hit_into_play",,,,,6,"Shea Langeliers grounds out, second baseman Marcus Semien to first baseman Nathaniel Lowe.","R","R","L","ATH","TEX","X",4,"ground_ball",1,0,2023,"0.51","1.18",0.4480544905936352,2.4933837548101807,,,667670,2,4,"Bot",138.57,147.85,,,,,-3.709863082033331,-122.94884495715141,-5.975733727877651,5.9007261132898865,21.978451542278354,-19.186311674752396,3.26,1.5,18,"64.3",-6,"85.5",1693,"6.7",717063,669087,663993,543760,669701,677649,608671,665750,666969,"53.77",0.054,0.066,"0",1,0,0,2,31,2,"Changeup",1,0,1,0,0,1,1,0,"Standard","Strategic",135,"-0.024","-0.316","81.1","8.0",,0.056,"0.316","88.0",1,1,0.662,0.662,30,25,31,26,2,1,5,2,6,2,"1.98","0.51","-0.51","51.9",17.050112392888575,-21.659768164819337,29.49746862334305,42.47515274481439,49.354078369786336
"CH","2023-08-09","83.5","1.64","6.7","Montgomery, Jordan",669127,656756,,"ball",,,,,13,,"R","R","L","ATH","TEX","B",,,0,0,2023,"0.38","1.21",-0.10764722553139894,1.099774314462628,,,667670,2,4,"Bot",,,,,,,-4.789666659074126,-121.33261352200132,-8.92369246761812,4.62220955497223,21.548142689388783,-18.751817991432183,3.22621495098604,1.27585673654082,,,,"84.3",1609,"6.7",717063,669087,663993,543760,669701,677649,608671,665750,666969,"53.82",,,,,,,,31,1,"Changeup",1,0,1,0,0,1,1,0,"Standard","Strategic",136,"0.002","0.03",,,,,"-0.03",,1,1,0.66,0.66,30,25,31,26,2,1,5,2,6,2,"2.05","0.38","-0.38","50.0",,,,,
"CH","2023-08-09","83.9","1.7","6.75","Montgomery, Jordan",649557,656756,"field_out","hit_into_play",,,,,6,"Aledmys Diaz lines out to left fielder Travis Jankowski.","R","R","L","ATH","TEX","X",7,"line_drive",0,1,2023,"0.55","1.15",0.41339817397333667,2.7245837684183485,,,667670,1,4,"Bot",43.1,113.88,,,,,-4.069667075275412,-122.0548146316479,-5.244557409157967,6.27180354989634,23.014811652219148,-19.805139353044208,3.48,1.67,293,"94.1",19,"84.4",1696,"6.6",717063,669087,663993,543760,669701,677649,608671,665750,666969,"53.94",0.416,0.457,"0",1,0,0,4,30,2,"Changeup",1,0,1,0,0,1,1,0,"Standard","Strategic",133,"-0.023","-0.215","76.8","8.0",,0.673,"0.215","94.1",1,1,0.683,0.683,30,32,31,33,2,1,5,2,6,4,"2.07","0.55","-0.55","49.4",10.58430850306834,-13.588676935628875,24.52932935676871,42.27847310509343,40.634948056891254
"SI","2023-08-09","93","1.76","6.91","Montgomery, Jordan",649557,656756,,"called_strike",,,,,3,,"R","R","L","ATH","TEX","S",,,0,0,2023,"1.08","0.72",0.7870990591907852,3.2019582177090715,,,667670,1,4,"Bot",,,,,,,-4.856752135417308,-135.3450550730051,-5.3284519764743905,14.34771826549614,28.01578423892361,-22.414509447724953,3.38251443854584,1.66770318598174,,,,"93.3",2127,"6.4",717063,669087,663993,543760,669701,677649,608671,665750,666969,"54.14",,,,,,,,30,1,"Sinker",1,0,1,0,0,1,1,0,"Standard","Strategic",145,"-0.004","-0.042",,,,,"0.042",,1,1,0.687,0.687,30,32,31,33,2,1,5,2,6,4,"1.91","1.08","-1.08","48.4",,,,,
"CH","2023-08-09","83.7","1.7","6.73","Montgomery, Jordan",672478,656756,"field_out","hit_into_play",,,,,6,"Jordan Diaz flies out to right fielder Adolis Garcia.","R","R","L","ATH","TEX","X",9,"fly_ball",1,1,2023,"0.8","1.36",0.5698508863461071,2.0924729863216713,,,667670,0,4,"Bot",186.96,134.78,,,,,-4.193343345238207,-121.70561358916684,-6.973068155003228,8.76668913546449,24.79623858142704,-17.45968666186794,3.21,1.56,220,"85.3",59,"83.9",1709,"6.5",717063,669087,663993,543760,669701,677649,608671,665750,666969,"53.97",0.016,0.018,"0",1,0,0,3,29,3,"Changeup",1,0,1,0,0,1,1,0,"Standard","Strategic",133,"-0.029","-0.229","76.6","7.7",,0.025,"0.229","88.0",1,1,0.716,0.716,30,22,31,23,2,1,5,1,6,2,"1.91","0.8","-0.8","48.2",12.183983231515663,0.8609145626724989,30.34003899236394,40.32520389772427,33.112300491241115
"CH","2023-08-09","83.6","1.65","6.74","Montgomery, Jordan",672478,656756,,"ball",,,,,12,,"R","R","L","ATH","TEX","B",,,0,1,2023,"0.64","1.11",0.7841394262681927,3.742718002016465,,,667670,0,4,"Bot",,,,,,,-3.2825364365116703,-121.68493132407774,-2.6705725655532313,7.04915399535004,23.8550016789673,-20.842756590712675,3.14436592819558,1.43088215684936,,,,"84.1",1652,"6.6",717063,669087,663993,543760,669701,677649,608671,665750,666969,"53.92",,,,,,,,29,2,"Changeup",1,0,1,0,0,1,1,0,"Standard","Strategic",135,"0.003","0.024",,,,,"-0.024",,1,1,0.713,0.713,30,22,31,23,2,1,5,1,6,2,"2.15","0.64","-0.64","54.0",,,,,
"SI","2023-08-09","93.5","1.59","6.82","Montgomery, Jordan",672478,656756,,"called_strike",,,,,7,,"R","R","L","ATH","TEX","S",,,0,0,2023,"1.27","0.81",-0.5102588685259775,1.7415620097230595,,,667670,0,4,"Bot",,,,,,,-8.257267514078949,-135.6670184798407,-9.182835792252982,17.455762722872677,28.01901940179972,-20.367526670362754,3.27175050347118,1.46257373175402,,,,"94.2",2138,"6.7",717063,669087,663993,543760,669701,677649,608671,665750,666969,"53.8",,,,,,,,29,1,"Sinker",1,0,1,0,0,1,1,0,"Standard","Strategic",138,"-0.005","-0.036",,,,,"0.036",,1,1,0.718,0.718,30,22,31,23,2,1,5,1,6,2,"1.8","1.27","-1.27","49.2",,,,,
"CU","2023-08-09","81.9","1.66","6.93","Montgomery, Jordan",681146,656756,"sac_fly","hit_into_play",,,,,6,"Jonah Bride out on a sacrifice fly to left fielder Travis Jankowski. Esteury Ruiz scores.","R","R","L","ATH","TEX","X",7,"fly_ball",3,2,2023,"-0.22","-0.31",0.2841908476374533,2.3261812502092716,665923,,,1,3,"Bot",48.72,88.84,,,,,-2.7208228795869007,-119.30451311174322,-3.244445379029899,-1.5185080892313723,23.547533192095916,-34.73843727164858,3.14,1.45,344,"100",39,"82.8",2388,"6.9",717063,669087,663993,543760,669701,677649,608671,665750,666969,"53.59",,0.37966666666666665,"0",1,0,0,5,23,9,"Curveball",0,0,0,0,0,1,1,0,"Strategic","Strategic",328,"0.019","-0.109","76.9","7.6",,,"0.109","100.0",0,0,0.614,0.614,30,27,31,28,2,1,5,1,6,4,"3.71","-0.22","0.22","48.9",19.782081097907092,-11.864939332964397,33.06662089956848,39.6653912988249,44.4787968716024
"SI","2023-08-09","93.2","1.73","6.91","Montgomery, Jordan",681146,656756,,"foul",,,,,5,,"R","R","L","ATH","TEX","S",,,3,2,2023,"1.21","0.95",-0.04454951608960811,2.531170456283196,665923,,,1,3,"Bot",,,,,,,-7.207140173342281,-135.42132596125717,-7.54714581583541,16.485419154992083,28.622178807961458,-19.070884827281564,3.14,1.45,191,"91.7",15,"93.1",2077,"6.2",717063,669087,663993,543760,669701,677649,608671,665750,666969,"54.26",,,,,,,,23,8,"Sinker",0,0,0,0,0,0,0,0,"Strategic","Strategic",143,"0","0","74.2","7.7",,,"0","91.7",0,0,0.614,0.614,30,27,31,28,2,1,5,1,6,4,"1.68","1.21","-1.21","47.8",26.304423827946685,-16.77881552061841,32.105482778253666,35.25480701449017,45.027182247992485
"SI","2023-08-09","92.9","1.7","6.88","Montgomery, Jordan",681146,656756,,"foul",,,,,5,,"R","R","L","ATH","TEX","S",,,3,2,2023,"1.34","0.79",0.12469840181273839,2.2520307289127866,665923,,,1,3,"Bot",,,,,,,-6.987705687966434,-134.97037409815678,-7.774195257088339,17.913145840438702,29.40807464106815,-21.033802316985046,3.14,1.45,241,"85.4",52,"93",2156,"6.4",717063,669087,663993,543760,669701,677649,608671,665750,666969,"54.06",,,,,,,,23,7,"Sinker",0,0,0,0,0,0,0,0,"Strategic","Strategic",142,"0","0","65.6","6.8",,,"0","88.0",0,0,0.614,0.614,30,27,31,28,2,1,5,1,6,4,"1.86","1.34","-1.34","44.2",11.213232897959376,10.03002680011934,39.524676704400065,38.69984192960908,27.81946383595115
"CU","2023-08-09","80","1.8","6.81","Montgomery, Jordan",681146,656756,,"foul",,,,,5,,"R","R","L","ATH","TEX","S",,,3,2,2023,"-0.04","-0.1",0.02187463679951063,2.4648364279372768,665923,,,1,3,"Bot",,,,,,,-3.846229069055824,-116.51005261297857,-2.733394737388597,0.27626305156707026,20.698809148547497,-32.83771597755651,3.14,1.45,356,"103.1",40,"80.5",2218,"6.4",717063,669087,663993,543760,669701,677649,608671,665750,666969,"54.07",,,,,,,,23,6,"Curveball",0,0,0,0,0,0,0,0,"Strategic","Strategic",323,"0","0","70.9","8.0",,,"0","103.1",0,0,0.614,0.614,30,27,31,28,2,1,5,1,6,4,"3.64","-0.04","0.04","47.9",24.152568706910824,-29.592932905772045,33.4104043221263,36.94091361356618,51.76373721570112
"SI","2023-08-09","93.5","1.62","6.89","Montgomery, Jordan",681146,656756,,"called_strike",,,,,6,,"R","R","L","ATH","TEX","S",,,3,1,2023,"1.19","0.91",0.7391521940134218,2.240335540090432,,665923,,1,3,"Bot",,,,,,,-4.958523135353391,-135.84408694140393,-8.301521943847014,15.82829782391329,31.309900857688046,-19.281419314277493,3.07436114544672,1.41594478953241,,,,"94.5",2014,"7.1",717063,669087,663993,543760,669701,677649,608671,665750,666969,"53.43",,,,,,,,23,5,"Sinker",0,0,0,0,0,0,0,0,"Standard","Strategic",146,"0.028","-0.062",,,,,"0.062",,0,0,0.586,0.586,30,27,31,28,2,1,5,1,6,4,"1.72","1.19","-1.19","46.9",,,,,
"SI","2023-08-09","91.4","1.64","6.89","Montgomery, Jordan",681146,656756,,"ball",,,,,11,,"R","R","L","ATH","TEX","B",,,2,1,2023,"1.01","0.9",-0.9329292660277082,2.4579828752203765,,,665923,1,3,"Bot",,,,,,,-8.631445406258958,-132.70929609708597,-7.203050023016261,13.73547702144248,27.202057542571712,-20.208736207070046,3.20171464648806,1.41594478953241,,,,"91.4",1997,"6.3",717063,669087,663993,543760,669701,677649,608671,665750,666969,"54.21",,,,,,,,23,4,"Sinker",0,0,0,0,0,0,0,0,"Standard","Strategic",147,"0.024","0.1",,,,,"-0.1",,0,0,0.562,0.562,30,27,31,28,2,1,5,1,6,4,"1.83","1.01","-1.01","46.1",,,,,
"CH","2023-08-09","83.4","1.64","6.76","Montgomery, Jordan",681146,656756,,"called_strike",,,,,6,,"R","R","L","ATH","TEX","S",,,2,0,2023,"0.54","1.27",0.572618961916343,2.471142470530764,,,665923,1,3,"Bot",,,,,,,-3.5283287402101653,-121.29911030751036,-5.9452152730864345,6.029007747864401,23.401545547247075,-18.64574180799854,3.16987097181623,1.38425844801443,,,,"83.8",1524,"6.6",717063,669087,663993,543760,669701,677649,608671,665750,666969,"53.95",,,,,,,,23,3,"Changeup",0,0,0,0,0,0,0,0,"Standard","Strategic",131,"-0.008","-0.061",,,,,"0.061",,0,0,0.57,0.57,30,27,31,28,2,1,5,1,6,4,"2","0.54","-0.54","48.1",,,,,
"SI","2023-08-09","91.2","1.53","6.96","Montgomery, Jordan",681146,656756,,"ball",,,,,9,,"R","R","L","ATH","TEX","B",,,1,0,2023,"1.24","0.83",0.43477684183358,1.780839431850416,,,665923,1,3,"Bot",,,,,,,-5.439305185412279,-132.4667100927297,-8.884597729394605,15.817984414502599,29.54387607777286,-20.59148111525798,3.29742018186439,1.52413316446504,,,,"91",2059,"6.4",717063,669087,663993,543760,669701,677649,608671,665750,666969,"54.15",,,,,,,,23,2,"Sinker",0,0,0,0,0,0,0,0,"Standard","Strategic",146,"0.008","0.054",,,,,"-0.054",,0,0,0.562,0.562,30,27,31,28,2,1,5,1,6,4,"1.93","1.24","-1.24","47.6",,,,,
"SI","2023-08-09","91.3","1.54","6.92","Montgomery, Jordan",681146,656756,,"ball",,,,,13,,"R","R","L","ATH","TEX","B",,,0,0,2023,"1.02","1.01",-0.888599322383417,1.1169671552436982,,,665923,1,3,"Bot",,,,,,,-8.27989430633573,-132.44071158449003,-10.884612783388194,13.690903338257307,26.639750858748503,-18.110536676203914,3.2972668657835,1.41594478953241,,,,"91.4",1996,"6.4",717063,669087,663993,543760,669701,677649,608671,665750,666969,"54.12",,,,,,,,23,1,"Sinker",0,0,0,0,0,0,0,0,"Standard","Strategic",146,"0.004","0.036",,,,,"-0.036",,0,0,0.558,0.558,30,27,31,28,2,1,5,1,6,4,"1.73","1.02","-1.02","48.3",,,,,
"SI","2023-08-09","92","1.7","6.86","Montgomery, Jordan",668709,656756,"strikeout","foul_tip",,,,,9,"JJ Bleday strikes out on a foul tip.","R","L","L","ATH","TEX","S",2,,3,2,2023,"1.37","0.75",0.34413890378530754,1.7543940052115505,,672478,649557,2,2,"Bot",,,,,,,-6.449305637667052,-133.5429783804774,-8.711922442604127,17.80856428873323,30.435638494957615,-21.480388251045824,3.49,1.76,,,,"92.2",2082,"6.7",717063,669087,663993,543760,669701,677649,608671,665750,666969,"53.83",,0,"0",1,0,0,,15,6,"Sinker",0,0,0,0,0,0,0,0,"Infield shade","Strategic",146,"-0.051","-0.311","74.4","7.5",,,"0.311",,0,0,0.551,0.551,30,25,31,26,1,0,5,1,6,2,"1.97","1.37","1.37","51.2",17.954063275797896,-3.182646415031849,38.14010087899533,36.86163219539328,32.710537191405145
"SI","2023-08-09","92.8","1.74","6.89","Montgomery, Jordan",668709,656756,,"ball",,,,,14,,"R","L","L","ATH","TEX","B",,,2,2,2023,"1.15","0.94",0.1057090293820564,1.3983996635254754,,672478,649557,2,2,"Bot",,,,,,,-6.711578549076591,-134.6318958852042,-10.287154072220808,15.469743461956165,29.646739245935372,-18.664073668140468,3.45625465299851,1.6625675234619,,,,"92.9",2182,"6.5",717063,669087,663993,543760,669701,677649,608671,665750,666969,"53.97",,,,,,,,15,5,"Sinker",0,0,0,0,0,0,0,0,"Infield shade","Strategic",145,"0.012","0.064",,,,,"-0.064",,0,0,0.539,0.539,30,25,31,26,1,0,5,1,6,2,"1.73","1.15","1.15","48.5",,,,,
"FC","2023-08-09","89.4","1.9","6.78","Montgomery, Jordan",668709,656756,,"ball",,,,,13,,"R","L","L","ATH","TEX","B",,,1,2,2023,"-0.32","0.67",-1.0069685515017655,1.3323824268042936,,672478,649557,2,2,"Bot",,,,,,,-6.499893244261324,-129.76281070191664,-8.802078759822033,-2.1890466364128867,27.891795705153203,-22.85175293625679,3.42438275717505,1.59914309078778,,,,"89.4",2419,"6.5",717063,669087,663993,543760,669701,677649,608671,665750,666969,"54.04",,,,,,,,15,4,"Cutter",0,0,0,0,0,0,0,0,"Infield shade","Strategic",162,"0.007","0.033",,,,,"-0.033",,0,0,0.532,0.532,30,25,31,26,1,0,5,1,6,2,"2.2","-0.32","-0.32","45.3",,,,,
"CU","2023-08-09","82.4","1.56","6.78","Montgomery, Jordan",668709,656756,,"blocked_ball",,,,,13,,"R","L","L","ATH","TEX","B",,,0,2,2023,"-0.14","-0.7",-1.2814919793754949,-0.8576831757141767,,672478,649557,2,2,"Bot",,,,,,,-6.18538590383727,-119.54946281591606,-9.390996628075982,-0.04144880515098567,24.943671199800995,-37.114245388886665,3.48813008101166,1.69428506664134,,,,"82.2",2412,"6.5",717063,669087,663993,543760,669701,677649,608671,665750,666969,"53.97",,,,,,,,15,3,"Curveball",0,0,0,0,0,0,0,0,"Infield shade","Strategic",331,"0.004","0.018",,,,,"-0.018",,0,0,0.528,0.528,30,25,31,26,1,0,5,1,6,2,"4.1","-0.14","-0.14","51.8",,,,,
"SI","2023-08-09","92.8","1.79","6.99","Montgomery, Jordan",668709,656756,,"foul",,,,,14,,"R","L","L","ATH","TEX","S",,,0,1,2023,"1.08","0.73",1.1612034857195277,2.398802670819552,,672478,649557,2,2,"Bot",,,,,,,-3.9845228263709553,-134.95574608323312,-7.54673816564728,14.111516383601709,29.51603350620808,-21.824935452616927,3.49,1.76,3,"54.2",-34,"92.8",2045,"6.3",717063,669087,663993,543760,669701,677649,608671,665750,666969,"54.19",,,,,,,,15,2,"Sinker",0,0,0,0,0,0,0,0,"Infield shade","Strategic",145,"-0.011","-0.061","67.5","6.3",,,"0.061","88.0",0,0,0.539,0.539,30,25,31,26,1,0,5,1,6,2,"1.92","1.08","1.08","47.6",2.147274019625312,4.7658213234875415,40.65937806502351,25.721928510704878,25.283834727078894
"FC","2023-08-09","88.7","1.9","6.8","Montgomery, Jordan",668709,656756,,"foul",,,,,7,,"R","L","L","ATH","TEX","S",,,0,0,2023,"-0.3","0.62",-0.4963141896696186,1.7901977362818475,,672478,649557,2,2,"Bot",,,,,,,-5.248430393168224,-128.97519179443222,-7.5246822939394935,-2.2792615134134495,26.261427001028697,-23.83865330250449,3.49,1.76,57,"62.5",5,"89",2331,"6.5",717063,669087,663993,543760,669701,677649,608671,665750,666969,"54",,,,,,,,15,1,"Cutter",0,0,0,0,0,0,0,0,"Infield shade","Strategic",162,"-0.007","-0.04","46.6","7.0",,,"0.04","88.0",0,0,0.546,0.546,30,25,31,26,1,0,5,1,6,2,"2.27","-0.3","-0.3","48.1",7.644030892987819,15.923971252064016,37.303527763354836,46.92569121164356,19.130963819843828
"CH","2023-08-09","83.1","1.68","6.79","Montgomery, Jordan",669127,656756,"field_out","hit_into_play",,,,,6,"Shea Langeliers flies out to right fielder Adolis Garcia.","R","R","L","ATH","TEX","X",9,"fly_ball",1,1,2023,"0.52","1.25",0.669389524125867,2.5350335891887035,,672478,649557,1,2,"Bot",163.76,86.01,,,,,-3.353110805521254,-120.97446188830858,-5.80371874565751,5.727756689234491,22.74993293465608,-18.927844518986408,3.26,1.5,295,"96.2",48,"83.6",1570,"6.5",717063,669087,663993,543760,669701,677649,608671,665750,666969,"53.97",0.005,0.007,"0",1,0,0,3,14,3,"Changeup",0,0,0,0,0,0,0,0,"Standard","Strategic",131,"-0.045","-0.229","77.8","7.4",,0.014,"0.229","96.2",0,0,0.591,0.591,30,25,31,26,1,0,5,2,6,2,"2.03","0.52","-0.52","48.4",10.88220478987312,-0.8106797899274434,29.570492993935574,46.71930631131749,35.47657514387492
"SI","2023-08-09","90.9","1.65","6.91","Montgomery, Jordan",669127,656756,,"ball",,,,,14,,"R","R","L","ATH","TEX","B",,,0,1,2023,"1.21","0.88",0.028478274027565753,0.9090300639392501,,672478,649557,1,2,"Bot",,,,,,,-6.67588070980765,-131.8855503846518,-10.99726963193183,15.544396899327952,28.069530131573405,-19.666948796555392,3.19436855857763,1.33920862360465,,,,"91",2083,"6.5",717063,669087,663993,543760,669701,677649,608671,665750,666969,"53.99",,,,,,,,14,2,"Sinker",0,0,0,0,0,0,0,0,"Standard","Strategic",149,"0.005","0.031",,,,,"-0.031",,0,0,0.586,0.586,30,25,31,26,1,0,5,2,6,2,"1.89","1.21","-1.21","48.4",,,,,
"CH","2023-08-09","83.8","1.6","6.73","Montgomery, Jordan",669127,656756,,"called_strike",,,,,8,,"R","R","L","ATH","TEX","S",,,0,0,2023,"0.77","1.14",0.09757892085564146,1.8515696425749557,,672478,649557,1,2,"Bot",,,,,,,-5.02356907452659,-121.85958374991094,-7.155428707547256,8.67223070310143,23.42452905035268,-19.64706386559902,3.22621495098604,1.37088990593568,,,,"84.5",1671,"6.7",717063,669087,663993,543760,669701,677649,608671,665750,666969,"53.79",,,,,,,,14,1,"Changeup",0,0,0,0,0,0,0,0,"Standard","Strategic",134,"-0.007","-0.04",,,,,"0.04",,0,0,0.593,0.593,30,25,31,26,1,0,5,2,6,2,"2.11","0.77","-0.77","49.1",,,,,
"FC","2023-08-09","88.9","1.81","6.88","Montgomery, Jordan",649557,656756,"single","hit_into_play",,,,,8,"Aledmys Diaz singles on a ground ball to left fielder Travis Jankowski. Jordan Diaz to 2nd.","R","R","L","ATH","TEX","X",7,"ground_ball",0,2,2023,"0.1","0.59",0.13570294146501932,1.8639106202875584,,,672478,1,2,"Bot",73.6,107.66,,,,,-4.314738933809043,-129.4224105743784,-7.579209466359465,1.9108623838756063,24.224738222435885,-24.256448084347678,3.48,1.67,47,"100.4",1,"89.6",2409,"6.4",717063,669087,663993,543760,669701,677649,608671,665750,666969,"54.06",0.445,0.406,"0.9",1,1,0,4,13,3,"Cutter",0,0,0,0,0,0,0,0,"Standard","Strategic",169,"0.051","0.51","71.3","7.8",,0.493,"-0.51","100.4",0,0,0.542,0.542,30,32,31,33,1,0,5,2,6,4,"2.27","0.1","-0.1","48.4",9.658914314601663,-8.290356282727421,37.23636450173088,36.729996550430855,30.706514062331394
"SI","2023-08-09","93.3","1.75","6.92","Montgomery, Jordan",649557,656756,,"foul_tip",,,,,14,,"R","R","L","ATH","TEX","S",,,0,1,2023,"1.36","0.82",1.1449217575158541,2.067315094198527,,,672478,1,2,"Bot",,,,,,,-4.540204233169185,-135.69928365790685,-8.558974486417238,17.806923086269922,28.463474661119037,-20.387177265334,3.48,1.67,,,,"93.6",2056,"6.4",717063,669087,663993,543760,669701,677649,608671,665750,666969,"54.11",,,,,,,,13,2,"Sinker",0,0,0,0,0,0,0,0,"Standard","Strategic",145,"-0.008","-0.053","72.8","8.1",,,"0.053",,0,0,0.55,0.55,30,32,31,33,1,0,5,2,6,4,"1.79","1.36","-1.36","48.6",8.832775869038388,0.7487716238056354,30.52100140865799,51.25047291256288,22.21536262888648
"SI","2023-08-09","93.8","1.67","6.9","Montgomery, Jordan",649557,656756,,"called_strike",,,,,2,,"R","R","L","ATH","TEX","S",,,0,0,2023,"1.22","0.95",0.10139917705012103,3.067681264490854,,,672478,1,2,"Bot",,,,,,,-6.768596224756702,-136.3854448519195,-6.358654325880291,16.67092621923062,26.49145165285209,-19.100676802015013,3.47812680073556,1.6042776030929,,,,"94.5",2157,"6.5",717063,669087,663993,543760,669701,677649,608671,665750,666969,"53.99",,,,,,,,13,1,"Sinker",0,0,0,0,0,0,0,0,"Standard","Strategic",149,"-0.004","-0.042",,,,,"0.042",,0,0,0.554,0.554,30,32,31,33,1,0,5,2,6,4,"1.62","1.22","-1.22","49.7",,,,,
"SI","2023-08-04","90.2","1.74","6.69","Montgomery, Jordan",669394,656756,"walk","ball",,,,,14,"Jake Burger walks. Avisail Garcia to 2nd.","R","R","L","TEX","MIA","B",,,3,0,2023,"1.12","0.99",0.7049454709991421,0.8869514481427616,,,541645,0,7,"Top",,,,,,,-4.981250159968549,-130.97403839132144,-10.610107135325737,13.97894775712944,27.27982708422457,-18.71953580920326,3.28559764987268,1.6406704854015,,,,"90.7",2105,"6.7",717133,641598,663993,543760,673962,608369,608671,665750,666969,"53.81",,0.695903,"0.7",1,0,0,,50,4,"Sinker",4,2,2,4,2,4,2,4,"Standard","Strategic",149,"-0.038","0.172",,,,,"-0.172",,2,-2,0.698,0.30200000000000005,30,27,31,27,3,2,7,1,5,1,"1.82","1.12","-1.12","43.7",,,,,
"FF","2023-08-04","88.8","1.99","6.61","Montgomery, Jordan",669394,656756,,"ball",,,,,13,,"R","R","L","TEX","MIA","B",,,2,0,2023,"-0.12","0.62",-0.969645273400175,1.0033340264697996,,,541645,0,7,"Top",,,,,,,-7.015646358571967,-128.95417814586378,-8.991421298602067,0.11214440462065439,26.989077937037624,-23.548285926392296,3.3196024660984,1.58728975494455,,,,"89.2",2328,"6.6",717133,641598,663993,543760,673962,608369,608671,665750,666969,"53.86",,,,,,,,50,3,"4-Seam Fastball",4,2,2,4,2,4,2,4,"Standard","Strategic",158,"-0.028","0.116",,,,,"-0.116",,2,-2,0.726,0.274,30,27,31,27,3,2,7,1,5,1,"2.28","-0.12","0.12","43.3",,,,,
"FF","2023-08-04","88.3","1.87","6.66","Montgomery, Jordan",669394,656756,,"ball",,,,,13,,"R","R","L","TEX","MIA","B",,,1,0,2023,"-0.24","0.76",-1.170610972310389,1.4210248187676102,,,541645,0,7,"Top",,,,,,,-6.924008197516808,-128.27736792547103,-8.279472617424993,-1.2691560128404706,25.88964400994448,-22.227098917093553,3.31154246161123,1.66678825025993,,,,"88.6",2310,"6.5",717133,641598,663993,543760,673962,608369,608671,665750,666969,"53.99",,,,,,,,50,2,"4-Seam Fastball",4,2,2,4,2,4,2,4,"Standard","Standard",158,"-0.019","0.055",,,,,"-0.055",,2,-2,0.745,0.255,30,27,31,27,3,2,7,1,5,1,"2.16","-0.24","0.24","42.6",,,,,
"CH","2023-08-04","82.2","1.59","6.59","Montgomery, Jordan",669394,656756,,"ball",,,,,14,,"R","R","L","TEX","MIA","B",,,0,0,2023,"0.86","0.99",0.1541475823672639,1.275812314737925,,,541645,0,7,"Top",,,,,,,-4.956032250277242,-119.43466968476662,-7.466731204397592,9.132582366736287,22.406661493129825,-21.477150357203158,3.30048505836624,1.56757774926498,,,,"83",1557,"6.8",717133,641598,663993,543760,673962,608369,608671,665750,666969,"53.69",,,,,,,,50,1,"Changeup",4,2,2,4,2,4,2,4,"Standard","Standard",130,"-0.009","0.03",,,,,"-0.03",,2,-2,0.754,0.246,30,27,31,27,3,2,7,1,5,1,"2.39","0.86","-0.86","47.5",,,,,
"CU","2023-08-04","81.6","1.7","6.71","Montgomery, Jordan",605137,656756,"grounded_into_double_play","hit_into_play",,,,,14,"Josh Bell grounds into a double play, shortstop Corey Seager to second baseman Marcus Semien to first baseman Nathaniel Lowe. Jorge Soler out at 2nd. Josh Bell out at 1st.","R","R","L","TEX","MIA","X",6,"ground_ball",1,2,2023,"-0.22","-0.56",0.09537244475608175,1.5900122045220497,,,624585,0,3,"Top",114.58,159.8,,,,,-3.2011982363868285,-118.8172828215617,-3.8764374677815194,-1.4524760441741578,23.551212401319326,-36.88439074727198,3.66,1.74,6,"82.9",-13,"82",2379,"6.6",717133,641598,663993,543760,673962,608369,677649,665750,666969,"53.91",0.078,0.07,"0",1,0,0,2,22,4,"Curveball",2,2,2,2,2,2,2,2,"Standard","Standard",325,"0.073","-0.279","64.9","8.2",,0.117,"0.279","88.0",0,0,0.47,0.53,30,30,31,31,2,1,7,1,5,1,"3.99","-0.22","0.22","48.7",11.046183322513965,1.398212366222421,38.665664430135806,42.44615969678187,22.239621810349966
"SI","2023-08-04","93.8","1.67","6.81","Montgomery, Jordan",605137,656756,,"foul",,,,,2,,"R","R","L","TEX","MIA","S",,,1,1,2023,"1.24","0.89",-0.07547485020508171,3.4961747002489854,,,624585,0,3,"Top",,,,,,,-7.291559693024824,-136.3720759714331,-4.838122817118522,17.038945090503088,29.747654948506895,-20.189043820869596,3.66,1.74,236,"73.3",34,"94.3",2156,"6.6",717133,641598,663993,543760,673962,608369,677649,665750,666969,"53.87",,,,,,,,22,3,"Sinker",2,2,2,2,2,2,2,2,"Standard","Standard",146,"0.009","-0.059","57.6","6.3",,,"0.059","88.0",0,0,0.461,0.5389999999999999,30,30,31,31,2,1,7,1,5,1,"1.7","1.24","-1.24","46.9",-4.850687892583828,29.047996714434273,29.50455240544593,39.35128051867627,3.9997230163454267
"CH","2023-08-04","84.7","1.57","6.56","Montgomery, Jordan",605137,656756,,"blocked_ball",,,,,13,,"R","R","L","TEX","MIA","B",,,0,1,2023,"0.74","1.26",-0.22219700514652718,0.26325478160640214,,,624585,0,3,"Top",,,,,,,-5.717415097895279,-122.91295440530493,-11.00178788316019,8.614151314729304,22.293219281202003,-17.44260561109797,3.74544082788312,1.84097741185801,,,,"85.7",1701,"6.9",717133,641598,663993,543760,673962,608369,677649,665750,666969,"53.58",,,,,,,,22,2,"Changeup",2,2,2,2,2,2,2,2,"Standard","Standard",137,"-0.004","0.024",,,,,"-0.024",,0,0,0.465,0.5349999999999999,30,30,31,31,2,1,7,1,5,1,"1.91","0.74","-0.74","46.1",,,,,
"CH","2023-08-04","83","1.47","6.61","Montgomery, Jordan",605137,656756,,"called_strike",,,,,8,,"R","R","L","TEX","MIA","S",,,0,0,2023,"0.56","1.07",-0.03716661621109729,2.2579878721018822,,,624585,0,3,"Top",,,,,,,-4.587044284651777,-120.872781997626,-5.707500950276083,6.356281153089343,21.250944116123968,-20.758515591843036,3.8270408732959,1.88052568390706,,,,"84.2",1487,"6.8",717133,641598,663993,543760,673962,608369,677649,665750,666969,"53.68",,,,,,,,22,1,"Changeup",2,2,2,2,2,2,2,2,"Standard","Standard",133,"0.006","-0.036",,,,,"0.036",,0,0,0.459,0.5409999999999999,30,30,31,31,2,1,7,1,5,1,"2.21","0.56","-0.56","48.3",,,,,
"FF","2023-08-04","89.3","1.93","6.64","Montgomery, Jordan",650333,656756,"field_out","hit_into_play",,,,,7,"Luis Arraez grounds out, second baseman Marcus Semien to first baseman Nathaniel Lowe.","R","L","L","TEX","MIA","X",4,"ground_ball",0,0,2023,"-0.29","0.46",-0.6892488552741152,1.4860033403230948,,663743,,2,2,"Top",132.71,134.15,,,,,-5.877296471243149,-129.8641291422834,-7.724012557347572,-2.1587185244891702,25.29458130017752,-25.618359393913387,3.14,1.48,136,"59.1",19,"90.2",2413,"6.7",717133,641598,663993,543760,673962,608369,677649,665750,666969,"53.79",0.276,0.249,"0",1,0,0,1,15,1,"4-Seam Fastball",1,2,2,1,2,1,2,1,"Standard","Standard",162,"0.032","-0.294","71.2","7.0",,0.276,"0.294","88.0",-1,1,0.411,0.589,30,26,31,26,2,1,7,1,5,1,"2.39","-0.29","-0.29","45.2",17.710570687107253,-8.71870939375033,40.35449807654499,40.805929019173504,42.25121744170283
"FF","2023-08-04","88.7","1.84","6.68","Montgomery, Jordan",541645,656756,"strikeout","swinging_strike",,,,,4,"Avisail Garcia strikes out swinging.","R","R","L","TEX","MIA","S",2,,2,2,2023,"-0.34","0.71",-0.3275255105516247,2.378275458308205,,605137,,2,1,"Top",,,,,,,-4.607215909862855,-129.1151801419744,-6.040475489172394,-2.983512904093549,24.206470441689763,-23.215867665073233,3.4,1.75,,,,"89.6",2326,"6.6",717133,641598,663993,543760,673962,608369,677649,665750,666969,"53.9",,0,"0",1,0,0,,5,5,"4-Seam Fastball",0,1,1,0,1,0,1,0,"Standard","Standard",157,"0.026","-0.218","73.9","8.3","1.274583204",,"0.218",,-1,1,0.422,0.5780000000000001,30,32,31,32,1,0,7,2,5,1,"2.16","-0.34","0.34","45.6",29.516151725047,-29.370030687225462,30.43003412047203,35.74972609359891,41.55618421295472
"FF","2023-08-04","93.7","1.72","6.77","Montgomery, Jordan",541645,656756,,"foul",,,,,11,,"R","R","L","TEX","MIA","S",,,2,1,2023,"0.46","1.3",-1.0626014183841415,2.9259952493899366,,605137,,2,1,"Top",,,,,,,-8.232440593687498,-136.18033727000775,-7.132115984960134,7.326352687028912,26.32374557517712,-14.643549606257952,3.4,1.75,3,"63.9",-42,"94.5",2247,"6.5",717133,641598,663993,543760,673962,608369,677649,665750,666969,"53.97",,,,,,,,5,4,"4-Seam Fastball",0,1,1,0,1,0,1,0,"Standard","Standard",145,"0.005","-0.069","63.5","6.3",,,"0.069","88.0",-1,1,0.417,0.583,30,32,31,32,1,0,7,2,5,1,"1.28","0.46","-0.46","47.6",8.402082302136776,7.171612262048428,34.77787313473468,26.288259501662992,22.54623531005697
"SI","2023-08-04","93.1","1.66","6.75","Montgomery, Jordan",541645,656756,,"blocked_ball",,,,,13,,"R","R","L","TEX","MIA","B",,,1,1,2023,"1.32","0.94",-0.029741612906168724,0.6047391223940002,,605137,,2,1,"Top",,,,,,,-7.264681210115697,-134.91440239999733,-12.070233305246491,17.731113080082952,28.246254063809854,-18.275175534181805,3.38405578452696,1.80908852927104,,,,"93.5",2156,"6.7",717133,641598,663993,543760,673962,608369,677649,665750,666969,"53.81",,,,,,,,5,3,"Sinker",0,1,1,0,1,0,1,0,"Standard","Standard",141,"-0.002","0.021",,,,,"-0.021",,-1,1,0.419,0.581,30,32,31,32,1,0,7,2,5,1,"1.71","1.32","-1.32","47.1",,,,,
"CU","2023-08-04","80.5","1.71","6.67","Montgomery, Jordan",541645,656756,,"swinging_strike",,,,,13,,"R","R","L","TEX","MIA","S",,,1,0,2023,"-0.13","-0.54",-0.953839801876563,1.2718006378757276,,605137,,2,1,"Top",,,,,,,-5.702900400273336,-117.04888609457774,-4.280193561711766,-0.11264364811412386,22.351927594175226,-36.54134137850406,3.4,1.75,,,,"81.1",2321,"6.8",717133,641598,663993,543760,673962,608369,677649,665750,666969,"53.74",,,,,,,,5,2,"Curveball",0,1,1,0,1,0,1,0,"Standard","Standard",327,"0.002","-0.046","66.9","8.2","6.725907984",,"0.046",,-1,1,0.417,0.583,30,32,31,32,1,0,7,2,5,1,"4.07","-0.13","0.13","47.2",26.347073445993733,-32.48334858275829,34.46200704798834,30.810111824859916,53.05907477271316
"CU","2023-08-04","80.6","1.72","6.68","Montgomery, Jordan",541645,656756,,"ball",,,,,13,,"R","R","L","TEX","MIA","B",,,0,0,2023,"-0.31","-0.22",-1.2456059830359398,1.9447500980769208,,605137,,2,1,"Top",,,,,,,-6.039921693202771,-117.27456318856558,-3.470702845494011,-1.7912134719518127,21.520548524662974,-33.77095439634968,3.44670273688737,1.79459830356144,,,,"81.3",2277,"6.7",717133,641598,663993,543760,673962,608369,677649,665750,666969,"53.81",,,,,,,,5,1,"Curveball",0,1,1,0,1,0,1,0,"Standard","Standard",322,"-0.001","0.02",,,,,"-0.02",,-1,1,0.418,0.5820000000000001,30,32,31,32,1,0,7,2,5,1,"3.72","-0.31","0.31","50.8",,,,,
"FF","2023-08-04","93.9","1.7","6.8","Montgomery, Jordan",650559,656756,"field_out","hit_into_play",,,,,5,"Bryan De La Cruz lines out sharply to right fielder Adolis Garcia.","R","R","L","TEX","MIA","X",9,"line_drive",2,2,2023,"0.66","1.21",-0.19628369343227037,2.6909550492608134,,605137,,1,1,"Top",183.5,63.04,,,,,-6.378147098292838,-136.57839285070153,-7.633505252105255,9.595877277544329,27.90439444567712,-15.605641181326646,3.4,1.66,365,"100.7",22,"94.4",2110,"6.5",717133,641598,663993,543760,673962,608369,677649,665750,666969,"54.03",0.405,0.654047619047619,"0",1,0,0,5,4,6,"4-Seam Fastball",0,1,1,0,1,0,1,0,"Standard","Standard",148,"0.027","-0.238","69.4","7.0",,1.218,"0.238","100.7",-1,1,0.391,0.609,30,26,31,27,1,0,7,1,5,1,"1.37","0.66","-0.66","45.9",4.219197397548678,2.973217826938957,37.64942969715738,32.79566182977127,21.892903781803604
"CH","2023-08-04","83.3","1.72","6.55","Montgomery, Jordan",650559,656756,,"foul",,,,,14,,"R","R","L","TEX","MIA","S",,,2,2,2023,"0.69","1.07",1.0612638233823397,2.4084282331000884,,605137,,1,1,"Top",,,,,,,-2.897767984676326,-121.26116911104175,-5.205715615616663,7.345683571019762,23.69617330502768,-20.852494021287548,3.4,1.66,180,"67.7",56,"84",1507,"6.7",717133,641598,663993,543760,673962,608369,677649,665750,666969,"53.79",,,,,,,,4,5,"Changeup",0,1,1,0,1,0,1,0,"Standard","Standard",132,"0","0","59.2","8.2",,,"0","88.0",-1,1,0.391,0.609,30,26,31,27,1,0,7,1,5,1,"2.22","0.69","-0.69","46.3",10.742736300874004,2.4247058863202913,34.227843828631165,48.22097695480272,27.98277433452334
"CU","2023-08-04","80.9","1.73","6.69","Montgomery, Jordan",650559,656756,,"blocked_ball",,,,,13,,"R","R","L","TEX","MIA","B",,,1,2,2023,"-0.11","-0.39",-0.9853020544774482,0.40948879111388026,,605137,,1,1,"Top",,,,,,,-5.889288935839206,-117.64928347977182,-6.646479512770312,0.13570989738407832,22.28252567498584,-34.75022253272003,3.31520604848266,1.81578167118775,,,,"81.5",2427,"6.7",717133,641598,663993,543760,673962,608369,677649,665750,666969,"53.8",,,,,,,,4,4,"Curveball",0,1,1,0,1,0,1,0,"Standard","Standard",329,"-0.005","0.04",,,,,"-0.04",,-1,1,0.396,0.604,30,26,31,27,1,0,7,1,5,1,"3.88","-0.11","0.11","48.6",,,,,
"SI","2023-08-04","93.2","1.77","6.79","Montgomery, Jordan",650559,656756,,"foul",,,,,14,,"R","R","L","TEX","MIA","S",,,1,1,2023,"1.34","0.85",0.3670226466700497,1.465573189869642,,605137,,1,1,"Top",,,,,,,-6.585581075263196,-135.379483557595,-9.81983596770998,17.930522123855937,28.28092986123503,-19.799320739526326,3.4,1.66,149,"63.4",21,"93.7",2161,"6.6",717133,641598,663993,543760,673962,608369,677649,665750,666969,"53.94",,,,,,,,4,3,"Sinker",0,1,1,0,1,0,1,0,"Standard","Standard",141,"0.008","-0.078","76.3","7.9",,,"0.078","88.0",-1,1,0.388,0.612,30,26,31,27,1,0,7,1,5,1,"1.78","1.34","-1.34","46.1",6.421083756935325,-0.059394215553297214,47.90736488344385,41.38914649570251,29.53779250938488
"CU","2023-08-04","80.7","1.8","6.69","Montgomery, Jordan",650559,656756,,"ball",,,,,6,,"R","R","L","TEX","MIA","B",,,0,1,2023,"-0.35","-0.38",0.809808030039345,2.886268695226678,,605137,,1,1,"Top",,,,,,,-1.561641647771986,-117.60718435271912,-1.1011370061909003,-2.9228168197402593,22.095523818622834,-35.74958986384455,3.51008820101203,1.7746430853394,,,,"81.4",2442,"6.6",717133,641598,663993,543760,673962,608369,677649,665750,666969,"53.86",,,,,,,,4,2,"Curveball",0,1,1,0,1,0,1,0,"Standard","Standard",317,"-0.003","0.024",,,,,"-0.024",,-1,1,0.391,0.609,30,26,31,27,1,0,7,1,5,1,"3.87","-0.35","0.35","47.5",,,,,
"CU","2023-08-04","80","1.74","6.73","Montgomery, Jordan",650559,656756,,"called_strike",,,,,7,,"R","R","L","TEX","MIA","S",,,0,0,2023,"-0.23","-0.14",-0.48458886102879684,2.337394356904031,,605137,,1,1,"Top",,,,,,,-4.495501707399805,-116.47726132595137,-2.723709902593353,-1.2857126924686892,21.541867132157602,-33.17234849096128,3.59183196838794,1.91031708798901,,,,"80.5",2362,"6.6",717133,641598,663993,543760,673962,608369,677649,665750,666969,"53.92",,,,,,,,4,1,"Curveball",0,1,1,0,1,0,1,0,"Standard","Standard",327,"0.005","-0.038",,,,,"0.038",,-1,1,0.386,0.614,30,26,31,27,1,0,7,1,5,1,"3.69","-0.23","0.23","47.3",,,,,
"FF","2023-08-04","93.7","1.8","6.78","Montgomery, Jordan",605137,656756,"double","hit_into_play",,,,,2,"Josh Bell doubles (20) on a sharp line drive to center fielder Leody Taveras. Luis Arraez scores.","R","R","L","TEX","MIA","X",8,"line_drive",0,1,2023,"0.63","1.32",-0.1645947326374111,3.36062318556083,,,650333,1,1,"Top",83.74,69.65,,,,,-6.483222916513271,-136.22841688903893,-6.065944304516559,9.184364009058976,28.502859653989184,-14.547004097892353,3.66,1.74,247,"106",11,"94.2",2331,"6.5",717133,641598,663993,543760,673962,608369,677649,665750,666969,"54",0.932,0.934,"1.25",1,1,1,4,3,2,"4-Seam Fastball",0,0,0,0,1,0,1,0,"Standard","Standard",151,"-0.116","0.843","71.8","7.3",,1.241,"-0.843","106.0",0,0,0.502,0.498,30,30,31,31,1,0,7,1,5,1,"1.27","0.63","-0.63","43.7",12.097791603147462,-0.9420905901870472,28.615542519762965,36.33275616993435,23.668494836648865
"SI","2023-08-04","94.4","1.75","6.75","Montgomery, Jordan",605137,656756,,"called_strike",,,,,8,,"R","R","L","TEX","MIA","S",,,0,0,2023,"1.16","0.89",-0.01911067473478134,2.541950695758511,,,650333,1,1,"Top",,,,,,,-7.222169459374651,-137.1700354482247,-7.294063025130121,16.176726037980277,28.924217666684445,-19.546702826751854,3.88773201609775,1.93191573046524,,,,"95.1",2204,"6.7",717133,641598,663993,543760,673962,608369,677649,665750,666969,"53.83",,,,,,,,3,1,"Sinker",0,0,0,0,0,0,0,0,"Standard","Standard",151,"0.004","-0.042",,,,,"0.042",,0,0,0.498,0.502,30,30,31,31,1,0,7,1,5,1,"1.67","1.16","-1.16","43.8",,,,,
"FF","2023-08-04","92.8","1.83","6.76","Montgomery, Jordan",624585,656756,"strikeout","swinging_strike",,,,,2,"Jorge Soler strikes out swinging.","R","R","L","TEX","MIA","S",2,,1,2,2023,"0.41","1.68",0.1739302188108034,3.2522235094692453,,,650333,0,1,"Top",,,,,,,-5.16561030803964,-134.95693682051035,-6.8962224215359,6.126698535216544,28.80652011268555,-10.288169637120362,3.48,1.67,,,,"93.3",2323,"6.6",717133,641598,663993,543760,673962,608369,677649,665750,666969,"53.92",,0,"0",1,0,0,,2,4,"4-Seam Fastball",0,0,0,0,0,0,0,0,"Standard","Strategic",148,"0.024","-0.165","76.2","6.3","0.988061196",,"0.165",,0,0,0.474,0.526,30,31,31,31,1,0,7,1,5,1,"0.96","0.41","-0.41","46.0",-4.79996859292936,30.00635393195887,31.98459832793096,40.778436853262804,9.14304408769014
"CH","2023-08-04","83.9","1.64","6.59","Montgomery, Jordan",624585,656756,,"foul",,,,,8,,"R","R","L","TEX","MIA","S",,,1,1,2023,"0.75","0.84",0.09842361977986369,2.111492235041977,,,650333,0,1,"Top",,,,,,,-5.0858663561447575,-121.98687273162648,-5.652325108982954,8.510832645212767,23.625449054970204,-22.902987378711796,3.48,1.67,19,"81.2",-5,"84.5",1528,"6.7",717133,641598,663993,543760,673962,608369,677649,665750,666969,"53.81",,,,,,,,2,3,"Changeup",0,0,0,0,0,0,0,0,"Standard","Strategic",131,"0.008","-0.059","87.4","8.3",,,"0.059","88.0",0,0,0.466,0.534,30,31,31,31,1,0,7,1,5,1,"2.4","0.75","-0.75","50.7",9.193053432698306,-15.40729821976951,37.92476865054307,41.040084107562286,44.32370392412271
"CH","2023-08-04","83.8","1.79","6.62","Montgomery, Jordan",624585,656756,,"ball",,,,,12,,"R","R","L","TEX","MIA","B",,,0,1,2023,"0.88","0.88",1.2175322749618747,3.231972235925337,,,650333,0,1,"Top",,,,,,,-3.0704737738975756,-122.05232814330756,-3.1769963729696973,9.353898029356937,23.739604352578265,-22.98431403528154,3.53115729252677,1.80124528247129,,,,"84.4",1583,"6.6",717133,641598,663993,543760,673962,608369,677649,665750,666969,"53.9",,,,,,,,2,2,"Changeup",0,0,0,0,0,0,0,0,"Standard","Strategic",128,"-0.003","0.024",,,,,"-0.024",,0,0,0.469,0.531,30,31,31,31,1,0,7,1,5,1,"2.36","0.88","-0.88","45.4",,,,,
"CU","2023-08-04","79.5","1.79","6.7","Montgomery, Jordan",624585,656756,,"foul",,,,,5,,"R","R","L","TEX","MIA","S",,,0,0,2023,"-0.43","-0.32",-0.17465929987870088,2.339446827765505,,,650333,0,1,"Top",,,,,,,-3.5393611739877446,-115.70532795320463,-2.1943791428622705,-3.134889814815454,22.360650777293667,-34.84414951856454,3.48000539362395,1.66999622012086,18,"100",-7,"80",2298,"6.7",717133,641598,663993,543760,673962,608369,677649,665750,666969,"53.83",,,,,,,,2,1,"Curveball",0,0,0,0,0,0,0,0,"Standard","Strategic",330,"0.005","-0.036","71.6","8.3",,,"0.036","100.0",0,0,0.464,0.536,30,31,31,31,1,0,7,1,5,1,"3.94","-0.43","0.43","48.2",20.646930186677523,-12.347106327049584,31.959281323059553,37.27814712545601,40.733113280002215
"SI","2023-07-28","92.4","1.66","6.67","Montgomery, Jordan",641820,656756,"single","hit_into_play",,,,,8,"Trey Mancini singles on a line drive to left fielder Tyler O'Neill. Ian Happ scores. Cody Bellinger out at home on the throw, left fielder Tyler O'Neill to catcher Andrew Knizner. Yan Gomes to 2nd.","R","R","L","STL","CHC","X",7,"line_drive",3,1,2023,"1.36","0.86",0.11419624819662544,1.7902547510696762,664023,641355,543228,2,6,"Top",72.97,99.1,,,,,-6.918606983212624,-134.2676292021533,-8.519591844689746,17.996203957856533,27.78406744907738,-20.080804080838647,3.53,1.65,240,"86.5",19,"92.7",2112,"6.4",717226,668800,502671,669357,571448,657557,641933,663457,691023,"54.05",0.732,0.698,"0.9",1,1,0,4,44,5,"Sinker",2,2,2,2,3,2,3,2,"Strategic","Standard",145,"-0.01","0.4","76.9","8.1",,0.857,"-0.4","88.0",0,0,0.406,0.594,30,31,31,31,3,2,5,1,7,2,"1.8","1.36","-1.36","46.2",19.57327390615174,-7.427292465773132,39.420509603198106,38.62864935571382,33.757027339535874
"SI","2023-07-28","93","1.74","6.69","Montgomery, Jordan",641820,656756,,"called_strike",,,,,6,,"R","R","L","STL","CHC","S",,,3,0,2023,"1.27","0.95",0.4617837894186809,2.3839478120884556,664023,641355,543228,2,6,"Top",,,,,,,-6.065886079101317,-135.21847248555005,-7.387681665674768,16.871098910103573,27.87557481392803,-19.08981610375731,3.52781531738087,1.62275825916048,,,,"93.3",2143,"6.4",717226,668800,502671,669357,571448,657557,641933,663457,691023,"54.13",,,,,,,,44,4,"Sinker",2,2,2,2,2,2,2,2,"Standard","Standard",147,"0.029","-0.08",,,,,"0.08",,0,0,0.377,0.623,30,31,31,31,3,2,5,1,7,2,"1.68","1.27","-1.27","46.2",,,,,
"SI","2023-07-28","93.5","1.73","6.69","Montgomery, Jordan",641820,656756,,"ball",,,,,13,,"R","R","L","STL","CHC","B",,,2,0,2023,"1.33","0.85",-0.2553842982924155,1.0550046335139893,664023,641355,543228,2,6,"Top",,,,,,,-8.071704213680315,-135.65354005786503,-10.713670841668286,18.148203640906708,27.2639368571692,-19.503767376301163,3.57719739755199,1.6965727718655,,,,"94",2040,"6.6",717226,668800,502671,669357,571448,657557,641933,663457,691023,"53.93",,,,,,,,44,3,"Sinker",2,2,2,2,2,2,2,2,"Standard","Standard",145,"-0.044","0.108",,,,,"-0.108",,0,0,0.421,0.579,30,31,31,31,3,2,5,1,7,2,"1.75","1.33","-1.33","49.7",,,,,
"FF","2023-07-28","91.5","1.73","6.73","Montgomery, Jordan",641820,656756,,"ball",,,,,12,,"R","R","L","STL","CHC","B",,,1,0,2023,"0.47","1.18",0.1028834864242778,4.947061603902515,664023,641355,543228,2,6,"Top",,,,,,,-5.140696236424285,-133.244825808261,-1.2158017433292694,6.6427791448788165,26.654823320422135,-17.943167912008327,3.57719739755199,1.62275825916048,,,,"92",2200,"6.4",717226,668800,502671,669357,571448,657557,641933,663457,691023,"54.09",,,,,,,,44,2,"4-Seam Fastball",2,2,2,2,2,2,2,2,"Strategic","Standard",147,"-0.03","0.058",,,,,"-0.058",,0,0,0.451,0.5489999999999999,30,31,31,31,3,2,5,1,7,2,"1.52","0.47","-0.47","45.8",,,,,
"CH","2023-07-28","81.6","1.75","6.57","Montgomery, Jordan",641820,656756,,"ball",,,,,12,,"R","R","L","STL","CHC","B",,,0,0,2023,"0.91","0.88",1.4751210040076401,2.8888102644326175,664023,641355,543228,2,6,"Top",,,,,,,-2.389050486453529,-118.94559786930267,-3.475887448316518,9.124195055200682,21.163072893548662,-23.306146153152543,3.62658483852895,1.64736166196211,,,,"82.3",1537,"6.5",717226,668800,502671,669357,571448,657557,641933,663457,691023,"53.99",,,,,,,,44,1,"Changeup",2,2,2,2,2,2,2,2,"Standard","Standard",135,"-0.015","0.035",,,,,"-0.035",,0,0,0.466,0.534,30,31,31,31,3,2,5,1,7,2,"2.51","0.91","-0.91","47.1",,,,,
"SI","2023-07-28","93.9","1.78","6.69","Montgomery, Jordan",543228,656756,"walk","ball",,,,,12,"Yan Gomes walks.","R","R","L","STL","CHC","B",,,3,2,2023,"1.28","0.85",0.9990144048079947,3.87834546396829,664023,641355,,2,6,"Top",,,,,,,-4.880494084394157,-136.8204809511915,-3.5276922773171075,17.205445671247137,27.23369893063653,-20.890712524525675,3.28240028233418,1.51732857884792,,,,"94.7",2026,"6.5",717226,668800,502671,669357,571448,657557,641933,663457,691023,"54.04",,0.695903,"0.7",1,0,0,,43,7,"Sinker",2,2,2,2,2,2,2,2,"Standard","Standard",145,"-0.02","0.149",,,,,"-0.149",,0,0,0.486,0.514,30,35,31,36,3,2,5,1,7,1,"1.71","1.28","-1.28","46.5",,,,,
"SI","2023-07-28","93.8","1.71","6.75","Montgomery, Jordan",543228,656756,,"foul",,,,,9,,"R","R","L","STL","CHC","S",,,3,2,2023,"1.35","0.78",0.360397869976923,1.851947897811313,664023,641355,,2,6,"Top",,,,,,,-6.468243284751898,-136.27911947634834,-8.704162183369071,18.189735412693537,27.249184069174007,-20.846675825708104,3.26,1.52,2,"69.7",-45,"94.3",2077,"6.4",717226,668800,502671,669357,571448,657557,641933,663457,691023,"54.06",,,,,,,,43,6,"Sinker",2,2,2,2,2,2,2,2,"Standard","Standard",146,"0","0","71.1","7.5",,,"0","88.0",0,0,0.486,0.514,30,35,31,36,3,2,5,1,7,1,"1.8","1.35","-1.35","47.6",9.975853032387656,-3.1707472506463343,36.036453315737596,40.43849006811102,32.18993061155537
"SI","2023-07-28","92.9","1.74","6.74","Montgomery, Jordan",543228,656756,,"foul_tip",,,,,3,,"R","R","L","STL","CHC","S",,,3,1,2023,"1.18","0.97",0.6707263229189597,3.009117615108078,664023,641355,,2,6,"Top",,,,,,,-5.322761025111277,-135.1332897096267,-5.949712622937853,15.59388828233876,27.41564815651742,-19.188076692993906,3.26,1.52,,,,"93.3",2105,"6.4",717226,668800,502671,669357,571448,657557,641933,663457,691023,"54.09",,,,,,,,43,5,"Sinker",2,2,2,2,2,2,2,2,"Standard","Standard",146,"0.006","-0.055","61.2","6.3",,,"0.055",,0,0,0.48,0.52,30,35,31,36,3,2,5,1,7,1,"1.66","1.18","-1.18","48.2",-0.023357634418532724,25.104077388620937,30.723410046496102,45.05980709565783,16.779021741162197
"CH","2023-07-28","82.8","1.59","6.58","Montgomery, Jordan",543228,656756,,"ball",,,,,14,,"R","R","L","STL","CHC","B",,,2,1,2023,"0.63","0.99",0.04886426143900724,1.1095656943564511,664023,641355,,2,6,"Top",,,,,,,-4.775109536892127,-120.41796987373752,-8.01004879427065,7.008855363312231,22.002269398759353,-21.195436937556565,3.30707716396931,1.51732857884792,,,,"83.4",1613,"6.6",717226,668800,502671,669357,571448,657557,641933,663457,691023,"53.9",,,,,,,,43,4,"Changeup",2,2,2,2,2,2,2,2,"Standard","Standard",136,"-0.007","0.023",,,,,"-0.023",,0,0,0.487,0.513,30,35,31,36,3,2,5,1,7,1,"2.32","0.63","-0.63","48.0",,,,,
"CH","2023-07-28","83.2","1.67","6.57","Montgomery, Jordan",543228,656756,,"ball",,,,,12,,"R","R","L","STL","CHC","B",,,1,1,2023,"0.72","1.03",1.1948109616487343,2.5652451366382767,664023,641355,,2,6,"Top",,,,,,,-2.501398931231909,-121.21924531473604,-4.818506209266218,7.551426377098113,22.231901237425685,-21.297844107163087,3.30707716396931,1.49273276743266,,,,"83.9",1593,"6.5",717226,668800,502671,669357,571448,657557,641933,663457,691023,"53.98",,,,,,,,43,3,"Changeup",2,2,2,2,2,2,2,2,"Standard","Standard",135,"-0.006","0.038",,,,,"-0.038",,0,0,0.493,0.507,30,35,31,36,3,2,5,1,7,1,"2.24","0.72","-0.72","47.8",,,,,
"SI","2023-07-28","93.2","1.73","6.69","Montgomery, Jordan",543228,656756,,"ball",,,,,14,,"R","R","L","STL","CHC","B",,,0,1,2023,"1.23","0.96",1.578923668636779,1.9126307776245766,664023,641355,,2,6,"Top",,,,,,,-3.0832628532147957,-135.55917416581377,-8.690885468496601,15.846432075764369,26.83888136168201,-18.72486900747865,3.28240028233418,1.51732857884792,,,,"93.8",2113,"6.4",717226,668800,502671,669357,571448,657557,641933,663457,691023,"54.05",,,,,,,,43,2,"Sinker",2,2,2,2,2,2,2,2,"Strategic","Standard",144,"-0.009","0.001",,,,,"-0.001",,0,0,0.502,0.498,30,35,31,36,3,2,5,1,7,1,"1.65","1.23","-1.23","44.1",,,,,
"CH","2023-07-28","82.8","1.66","6.58","Montgomery, Jordan",543228,656756,,"called_strike",,,,,8,,"R","R","L","STL","CHC","S",,,0,0,2023,"0.81","1.03",-0.22223334885513202,1.6047973905531998,664023,641355,,2,6,"Top",,,,,,,-5.898109715662695,-120.3645921776782,-6.957433836391197,8.972091203187189,21.472166196899476,-21.02946533893321,3.28240028233418,1.49273276743266,,,,"83.5",1667,"6.6",717226,668800,502671,669357,571448,657557,641933,663457,691023,"53.89",,,,,,,,43,1,"Changeup",2,2,2,2,2,2,2,2,"Standard","Standard",134,"0.013","-0.037",,,,,"0.037",,0,0,0.489,0.511,30,35,31,36,3,2,5,1,7,1,"2.28","0.81","-0.81","49.4",,,,,
"SI","2023-07-28","93.2","1.79","6.69","Montgomery, Jordan",621020,656756,"sac_fly","hit_into_play",,,,,7,"Dansby Swanson out on a sacrifice fly to right fielder Jordan Walker. Seiya Suzuki scores. Ian Happ to 3rd. Cody Bellinger to 2nd.","R","R","L","STL","CHC","X",9,"fly_ball",1,1,2023,"1.42","0.84",-0.3204911590344248,2.09955098556373,673548,664023,641355,1,6,"Top",197.29,121.52,,,,,-8.527378453058274,-135.2612477565464,-7.86310617562177,19.309745584625194,29.411317611615274,-20.265532530625773,3.42,1.58,261,"83.4",48,"93.2",2109,"6.4",717226,668800,502671,669357,571448,657557,641933,663457,691023,"54.1",,0.023,"0",1,0,0,3,42,3,"Sinker",2,1,1,2,2,2,2,2,"Standard","Standard",145,"-0.014","-0.137","72.4","6.7",,,"0.137","88.0",1,-1,0.503,0.497,30,29,31,29,3,2,5,1,7,1,"1.8","1.42","-1.42","46.0",8.517993367038311,7.613216200919454,42.56615396905036,30.54465242952063,28.727860382044575
"SI","2023-07-28","93.4","1.71","6.75","Montgomery, Jordan",621020,656756,,"swinging_strike",,,,,5,,"R","R","L","STL","CHC","S",,,1,0,2023,"1.39","0.86",0.1672695850738215,2.5148591257162503,673548,664023,641355,1,6,"Top",,,,,,,-7.017448013562248,-135.80377105399117,-7.037125895284656,18.723540678176587,28.96489611885208,-20.196396388839513,3.42,1.58,,,,"93.3",2162,"6.2",717226,668800,502671,669357,571448,657557,641933,663457,691023,"54.3",,,,,,,,42,2,"Sinker",2,1,1,2,1,2,1,2,"Standard","Standard",145,"0.02","-0.056","68.1","6.5","1.58879088",,"0.056",,1,-1,0.483,0.517,30,29,31,29,3,2,5,1,7,1,"1.75","1.39","-1.39","47.6",4.391114060595284,16.18418877926791,38.57581302076754,36.013521748265056,17.206188194135194
"SI","2023-07-28","93","1.68","6.72","Montgomery, Jordan",621020,656756,,"ball",,,,,14,,"R","R","L","STL","CHC","B",,,0,0,2023,"1.2","0.91",1.038028743968409,1.896698373872664,673548,664023,641355,1,6,"Top",,,,,,,-4.252295783420791,-135.15696454261467,-8.551466763757173,15.597766467564465,29.022309505663745,-19.337588327811027,3.34373353123727,1.50355030384001,,,,"92.8",2126,"6.2",717226,668800,502671,669357,571448,657557,641933,663457,691023,"54.32",,,,,,,,42,1,"Sinker",2,1,1,2,1,2,1,2,"Standard","Standard",149,"-0.014","0.032",,,,,"-0.032",,1,-1,0.497,0.503,30,29,31,29,3,2,5,1,7,1,"1.73","1.2","-1.2","45.6",,,,,
"SI","2023-07-28","89.7","2","6.67","Montgomery, Jordan",641355,656756,"hit_by_pitch","hit_by_pitch",,,,,12,"Cody Bellinger hit by pitch. Seiya Suzuki to 3rd. Ian Happ to 2nd.","R","L","L","STL","CHC","B",,,0,0,2023,"1.22","0.75",1.8317715137518351,3.8044794862082068,,673548,664023,1,6,"Top",,,,,,,-2.9978775914356337,-130.69785616336185,-2.711711704759671,14.620239370056984,27.016129318741207,-23.251168218401016,3.67,1.7,,,,"90.2",1931,"6.5",717226,668800,502671,669357,571448,657557,641933,663457,691023,"54.05",,0.726005,"0.7",1,0,0,,41,1,"Sinker",2,1,1,2,1,2,1,2,"Standard","Standard",147,"-0.096","0.34",,,,,"-0.34",,1,-1,0.593,0.40700000000000003,30,27,31,28,3,2,5,1,7,1,"2.07","1.22","1.22","44.0",,,,,
"CH","2023-07-28","82","1.65","6.61","Montgomery, Jordan",664023,656756,"walk","ball",,,,,12,"Ian Happ walks.","R","R","L","STL","CHC","B",,,3,2,2023,"0.78","0.92",0.9653986316376874,2.5805810040105137,,673548,,1,6,"Top",,,,,,,-3.05953818385972,-119.40533723272166,-4.408406607300674,8.068949431964718,21.329565141370107,-22.760068891384293,3.34905766106795,1.55815037837608,,,,"82.6",1574,"6.5",717226,668800,502671,669357,571448,657557,641933,663457,691023,"54.03",,0.695903,"0.7",1,0,0,,40,6,"Changeup",2,1,1,2,1,2,1,2,"Infield shade","Standard",132,"-0.03","0.184",,,,,"-0.184",,1,-1,0.623,0.377,30,28,31,29,3,2,5,1,7,1,"2.45","0.78","-0.78","48.8",,,,,
"SI","2023-07-28","92.3","1.74","6.7","Montgomery, Jordan",664023,656756,,"foul",,,,,11,,"R","R","L","STL","CHC","S",,,3,1,2023,"1.12","0.94",-0.36977043805233056,3.64823012194476,,673548,,1,6,"Top",,,,,,,-7.799800308819045,-134.21467290409907,-4.050926064211927,15.152984081605041,26.589719446417217,-20.059219522097628,3.45,1.61,267,"83.4",30,"92.7",1936,"6.4",717226,668800,502671,669357,571448,657557,641933,663457,691023,"54.13",,,,,,,,40,5,"Sinker",2,1,1,2,1,2,1,2,"Standard","Standard",148,"0.009","-0.062","51.1","4.8",,,"0.062","88.0",1,-1,0.614,0.386,30,28,31,29,3,2,5,1,7,1,"1.72","1.12","-1.12","46.0",2.3572920736326313,45.41311015066397,19.813301503897627,39.948397715922994,5.173612840961237
"SI","2023-07-28","92","1.75","6.68","Montgomery, Jordan",664023,656756,,"called_strike",,,,,5,,"R","R","L","STL","CHC","S",,,3,0,2023,"1.23","0.83",0.20323864370144062,2.0815587517465657,,673548,,1,6,"Top",,,,,,,-6.58709019853754,-133.79864304755174,-7.666081918928333,16.141070016011728,27.125551148926807,-20.735727341893178,3.29970061511975,1.48436010105038,,,,"92.4",1952,"6.4",717226,668800,502671,669357,571448,657557,641933,663457,691023,"54.09",,,,,,,,40,4,"Sinker",2,1,1,2,1,2,1,2,"Standard","Standard",148,"0.007","-0.042",,,,,"0.042",,1,-1,0.607,0.393,30,28,31,29,3,2,5,1,7,1,"1.85","1.23","-1.23","45.9",,,,,
"SI","2023-07-28","92.2","1.7","6.76","Montgomery, Jordan",664023,656756,,"ball",,,,,12,,"R","R","L","STL","CHC","B",,,2,0,2023,"1.29","0.87",1.1678888392364535,2.531942228294212,,673548,,1,6,"Top",,,,,,,-4.177247645356629,-134.1508077048298,-6.836812770750392,16.507895816788444,27.861492994088472,-20.38461987200665,3.39842015961148,1.55815037837608,,,,"92.5",1979,"6.4",717226,668800,502671,669357,571448,657557,641933,663457,691023,"54.11",,,,,,,,40,3,"Sinker",2,1,1,2,1,2,1,2,"Standard","Standard",144,"-0.01","0.072",,,,,"-0.072",,1,-1,0.617,0.383,30,28,31,29,3,2,5,1,7,1,"1.8","1.29","-1.29","47.0",,,,,
"CH","2023-07-28","80.8","1.63","6.59","Montgomery, Jordan",664023,656756,,"ball",,,,,14,,"R","R","L","STL","CHC","B",,,1,0,2023,"0.5","1.12",0.6111654690941066,1.3354221480603115,,673548,,1,6,"Top",,,,,,,-3.239171588230115,-117.5874185636563,-7.253518661870219,5.273149423346781,20.73432746451888,-20.67156429497169,3.44778809204519,1.60735107901567,,,,"81.4",1598,"6.5",717226,668800,502671,669357,571448,657557,641933,663457,691023,"53.99",,,,,,,,40,2,"Changeup",2,1,1,2,1,2,1,2,"Standard","Standard",131,"-0.008","0.036",,,,,"-0.036",,1,-1,0.625,0.375,30,28,31,29,3,2,5,1,7,1,"2.35","0.5","-0.5","49.7",,,,,
"FF","2023-07-28","92.1","1.84","6.66","Montgomery, Jordan",664023,656756,,"ball",,,,,11,,"R","R","L","STL","CHC","B",,,0,0,2023,"0.35","1.32",-1.4810925423079468,3.688869110215199,,673548,,1,6,"Top",,,,,,,-9.213382119511719,-133.8868111721727,-4.589086158430355,6.1472514116892665,27.390788166630653,-15.49879542986615,3.52185013674996,1.58275001068516,,,,"92.5",2203,"6.5",717226,668800,502671,669357,571448,657557,641933,663457,691023,"54.02",,,,,,,,40,1,"4-Seam Fastball",2,1,1,2,1,2,1,2,"Standard","Standard",145,"-0.003","0.034",,,,,"-0.034",,1,-1,0.628,0.372,30,28,31,29,3,2,5,1,7,1,"1.36","0.35","-0.35","47.0",,,,,
"SI","2023-07-28","93.5","1.71","6.72","Montgomery, Jordan",621020,656756,"grounded_into_double_play","hit_into_play",,,,,4,"Dansby Swanson grounds into a double play, second baseman Nolan Gorman to shortstop Paul DeJong to first baseman Paul Goldschmidt. Cody Bellinger out at 2nd. Dansby Swanson out at 1st.","R","R","L","STL","CHC","X",4,"ground_ball",3,2,2023,"1.28","0.61",-0.5532072662600198,2.2906114902793986,,,641355,1,4,"Top",138.07,145.81,,,,,-8.681645782534238,-135.83440141873234,-7.0702536203112025,17.728493553861046,26.609252665215287,-23.28515730303664,3.42,1.58,53,"96.9",1,"94.2",1990,"6.5",717226,668800,502671,669357,571448,657557,641933,663457,691023,"53.97",0.421,0.392,"0",1,0,0,4,27,6,"Sinker",2,0,0,2,0,2,0,2,"Standard","Standard",148,"0.067","-0.392","65.9","5.8",,0.48,"0.392","96.9",2,-2,0.719,0.281,30,29,31,29,2,1,5,1,7,1,"1.98","1.28","-1.28","47.9",-3.556392019479776,15.494387333124752,40.854730328148676,28.275632139191245,23.50996977357406
"SI","2023-07-28","94.3","1.73","6.73","Montgomery, Jordan",621020,656756,,"ball",,,,,11,,"R","R","L","STL","CHC","B",,,2,2,2023,"1.34","0.68",-0.6637352677366626,3.62331574558429,,,641355,1,4,"Top",,,,,,,-9.20718449894617,-137.08368069652693,-3.959752304777127,18.86129073361585,27.24194344487048,-22.850404582417312,3.2697008972869,1.55274462750723,,,,"94.9",2069,"6.5",717226,668800,502671,669357,571448,657557,641933,663457,691023,"54.04",,,,,,,,27,5,"Sinker",2,0,0,2,0,2,0,2,"Standard","Standard",152,"-0.012","0.084",,,,,"-0.084",,2,-2,0.731,0.269,30,29,31,29,2,1,5,1,7,1,"1.86","1.34","-1.34","49.8",,,,,
"CU","2023-07-28","80.3","1.47","6.7","Montgomery, Jordan",621020,656756,,"blocked_ball",,,,,13,,"R","R","L","STL","CHC","B",,,1,2,2023,"-0.08","-0.43",-0.8829400063081293,-0.5665770758394242,,,641355,1,4,"Top",,,,,,,-5.061668841950879,-116.71367983930007,-8.62032784139589,0.1405811925848293,21.176035743123407,-34.69544163769295,3.39309544252955,1.57734394419135,,,,"80.6",2404,"6.5",717226,668800,502671,669357,571448,657557,641933,663457,691023,"54.05",,,,,,,,27,4,"Curveball",2,0,0,2,0,2,0,2,"Standard","Standard",324,"-0.005","0.047",,,,,"-0.047",,2,-2,0.736,0.264,30,29,31,29,2,1,5,1,7,1,"3.96","-0.08","0.08","49.0",,,,,
"CU","2023-07-28","80.2","1.62","6.71","Montgomery, Jordan",621020,656756,,"blocked_ball",,,,,13,,"R","R","L","STL","CHC","B",,,0,2,2023,"-0.32","-0.24",-0.1593226146633238,0.7318224162872133,,,641355,1,4,"Top",,,,,,,-3.3224007576738055,-116.80599217887791,-6.14323526120955,-2.406534565905092,19.79903881574357,-33.5697655564786,3.36841380621387,1.57734394419135,,,,"80.6",2302,"6.3",717226,668800,502671,669357,571448,657557,641933,663457,691023,"54.21",,,,,,,,27,3,"Curveball",2,0,0,2,0,2,0,2,"Standard","Standard",321,"-0.004","0.023",,,,,"-0.023",,2,-2,0.74,0.26,30,29,31,29,2,1,5,1,7,1,"3.75","-0.32","0.32","48.0",,,,,
"SI","2023-07-28","91.3","1.6","6.8","Montgomery, Jordan",621020,656756,,"called_strike",,,,,4,,"R","R","L","STL","CHC","S",,,0,1,2023,"1.03","1.03",-0.3134630507164863,2.4014681638143154,,,641355,1,4,"Top",,,,,,,-7.014064978017807,-132.69912277593116,-7.40397927736664,13.58586605325589,26.07964253323145,-18.65879786772977,3.46714849585147,1.65115050927491,,,,"91.4",1948,"6.2",717226,668800,502671,669357,571448,657557,641933,663457,691023,"54.29",,,,,,,,27,2,"Sinker",2,0,0,2,0,2,0,2,"Standard","Standard",146,"0.009","-0.053",,,,,"0.053",,2,-2,0.731,0.269,30,29,31,29,2,1,5,1,7,1,"1.7","1.03","-1.03","45.7",,,,,
"SI","2023-07-28","92.6","1.67","6.73","Montgomery, Jordan",621020,656756,,"called_strike",,,,,14,,"R","R","L","STL","CHC","S",,,0,0,2023,"0.69","1.19",0.907579123472426,2.485382384260471,,,641355,1,4,"Top",,,,,,,-3.4303707785386597,-134.74970064307604,-7.677665542991932,9.09588462249867,27.707838554564624,-16.170885014613734,3.56231499503153,1.68370326030539,,,,"92.8",2062,"6.3",717226,668800,502671,669357,571448,657557,641933,663457,691023,"54.22",,,,,,,,27,1,"Sinker",2,0,0,2,0,2,0,2,"Standard","Standard",147,"0.005","-0.042",,,,,"0.042",,2,-2,0.726,0.274,30,29,31,29,2,1,5,1,7,1,"1.45","0.69","-0.69","45.5",,,,,
"SI","2023-07-28","94.6","1.68","6.69","Montgomery, Jordan",621550,656756,"grounded_into_double_play","hit_into_play",,,,,14,"Patrick Wisdom grounds into a double play, second baseman Nolan Gorman to shortstop Paul DeJong to first baseman Paul Goldschmidt. Yan Gomes out at 2nd. Patrick Wisdom out at 1st.","R","R","L","STL","CHC","X",4,"ground_ball",0,2,2023,"1.21","0.84",0.9406086904910484,2.1915919433269524,,,543228,1,2,"Top",131.82,144.78,,,,,-4.697365473302666,-137.62562403723226,-8.070480109652703,16.47126334030718,28.235920001058116,-19.90635757074825,3.37,1.57,142,"76.1",12,"95.9",2036,"6.9",717226,668800,502671,669357,571448,657557,641933,663457,691023,"53.59",0.411,0.369,"0",1,0,0,4,12,3,"Sinker",1,0,0,1,0,1,0,1,"Standard","Standard",150,"0.043","-0.238","73.8","8.0",,0.427,"0.238","88.0",1,-1,0.613,0.387,30,31,31,32,1,0,5,1,7,4,"1.69","1.21","-1.21","48.9",16.624762894023494,4.884266194723952,29.086856606445533,50.886030023257774,24.723714877782314
"SI","2023-07-28","94.2","1.71","6.7","Montgomery, Jordan",621550,656756,,"foul",,,,,13,,"R","R","L","STL","CHC","S",,,0,1,2023,"1.18","0.93",-0.2379118468140251,1.3072215763671102,,,543228,1,2,"Top",,,,,,,-7.685287546165952,-136.74901661844223,-10.40273531947309,16.417016343177508,27.838249038234796,-18.38918292112417,3.37,1.57,1,"73.7",-41,"94.6",2018,"6.5",717226,668800,502671,669357,571448,657557,641933,663457,691023,"54.03",,,,,,,,12,2,"Sinker",1,0,0,1,0,1,0,1,"Standard","Standard",148,"0.008","-0.053","75.6","8.0",,,"0.053","88.0",1,-1,0.605,0.395,30,31,31,32,1,0,5,1,7,4,"1.63","1.18","-1.18","45.2",10.55193119923502,3.6939109347670085,39.57288325270321,36.993932562264774,24.034665267665353
"SI","2023-07-28","94.5","1.75","6.76","Montgomery, Jordan",621550,656756,,"called_strike",,,,,3,,"R","R","L","STL","CHC","S",,,0,0,2023,"1.38","0.72",0.7839542151077459,3.200786332005318,,,543228,1,2,"Top",,,,,,,-5.591449768465174,-137.46003614997042,-5.222275464630361,18.747332474871413,28.834942333493757,-22.046046994523277,3.49118310122265,1.64114610386336,,,,"94.6",2048,"6.2",717226,668800,502671,669357,571448,657557,641933,663457,691023,"54.25",,,,,,,,12,1,"Sinker",1,0,0,1,0,1,0,1,"Standard","Standard",145,"0.005","-0.042",,,,,"0.042",,1,-1,0.6,0.4,30,31,31,32,1,0,5,1,7,4,"1.82","1.38","-1.38","45.4",,,,,
"CU","2023-07-28","80.9","1.71","6.69","Montgomery, Jordan",641820,656756,"field_out","hit_into_play",,,,,5,"Trey Mancini flies out to left fielder Tyler O'Neill.","R","R","L","STL","CHC","X",7,"fly_ball",2,2,2023,"-0.15","-0.4",0.07586142093077887,2.286438769700907,,,543228,0,2,"Top",76.62,52.52,,,,,-3.363724766855835,-117.88145906475806,-2.523244757319107,-0.8571388994419639,19.7278701496912,-35.70871857619027,3.53,1.65,381,"96",30,"81.6",2332,"6.4",717226,668800,502671,669357,571448,657557,641933,663457,691023,"54.05",0.278,0.5075714285714286,"0",1,0,0,5,11,5,"Curveball",1,0,0,1,0,1,0,1,"Standard","Standard",321,"0.031","-0.215","74.8","8.1",,0.993,"0.215","96.0",1,-1,0.569,0.43100000000000005,30,31,31,31,1,0,5,1,7,2,"3.84","-0.15","0.15","46.9",12.793763702493083,-19.189903291176194,35.54133206356452,40.22258894621895,36.38669895273115
"FF","2023-07-28","93.4","1.75","6.73","Montgomery, Jordan",641820,656756,,"foul",,,,,4,,"R","R","L","STL","CHC","S",,,2,1,2023,"0.58","1.28",-0.29466191170643385,2.6406821288323705,,,543228,0,2,"Top",,,,,,,-6.562260211968854,-135.84183971898452,-7.7049273559199225,8.458648182140657,25.655834923191986,-14.841189737055329,3.53,1.65,196,"70.6",53,"94.5",2298,"6.6",717226,668800,502671,669357,571448,657557,641933,663457,691023,"53.86",,,,,,,,11,4,"4-Seam Fastball",1,0,0,1,0,1,0,1,"Standard","Standard",147,"0.012","-0.056","71.1","7.1",,,"0.056","88.0",1,-1,0.557,0.44299999999999995,30,31,31,31,1,0,5,1,7,2,"1.31","0.58","-0.58","53.2",0.800273176152186,13.485912735419928,37.1217155623593,35.09036929535456,18.201758350405626
"SI","2023-07-28","94.3","1.64","6.78","Montgomery, Jordan",641820,656756,,"ball",,,,,13,,"R","R","L","STL","CHC","B",,,1,1,2023,"1.31","0.88",-1.2133959997315904,2.1456533684731114,,,543228,0,2,"Top",,,,,,,-10.354593971305164,-136.85777091074868,-8.389125517406328,18.692056719977103,27.09920004827356,-19.37989931188655,3.72537571548778,1.72118047799393,,,,"95",2089,"6.6",717226,668800,502671,669357,571448,657557,641933,663457,691023,"53.92",,,,,,,,11,3,"Sinker",1,0,0,1,0,1,0,1,"Standard","Standard",146,"-0.008","0.042",,,,,"-0.042",,1,-1,0.565,0.43500000000000005,30,31,31,31,1,0,5,1,7,2,"1.67","1.31","-1.31","48.9",,,,,
"CU","2023-07-28","80.7","1.77","6.68","Montgomery, Jordan",641820,656756,,"swinging_strike",,,,,5,,"R","R","L","STL","CHC","S",,,1,0,2023,"-0.1","-0.46",-0.13858279297716872,2.278618013749878,,,543228,0,2,"Top",,,,,,,-4.055081377139918,-117.51108582839265,-2.2893601179364578,-0.23563989129298796,21.182068456368974,-36.27747432919571,3.53,1.65,,,,"81.2",2339,"6.5",717226,668800,502671,669357,571448,657557,641933,663457,691023,"54.02",,,,,,,,11,2,"Curveball",1,0,0,1,0,1,0,1,"Standard","Standard",319,"0.008","-0.042","76.5","8.4","0.1",,"0.042",,1,-1,0.557,0.44299999999999995,30,31,31,31,1,0,5,1,7,2,"3.95","-0.1","0.1","46.8",21.39354962716081,-28.397405604190407,31.473817997234832,37.399569070064736,43.61248901187464
"CU","2023-07-28","80.3","1.62","6.7","Montgomery, Jordan",641820,656756,,"ball",,,,,7,,"R","R","L","STL","CHC","B",,,0,0,2023,"-0.23","-0.45",-0.7187794270270813,2.1597529019170603,,,543228,0,2,"Top",,,,,,,-4.770749250312416,-116.9367922317937,-2.585159106917051,-1.344850953531265,20.150410585061444,-36.116976420785114,3.599730658123,1.65909773830218,,,,"81.1",2318,"6.6",717226,668800,502671,669357,571448,657557,641933,663457,691023,"53.92",,,,,,,,11,1,"Curveball",1,0,0,1,0,1,0,1,"Standard","Standard",321,"-0.006","0.03",,,,,"-0.03",,1,-1,0.563,0.43700000000000006,30,31,31,31,1,0,5,1,7,2,"3.96","-0.23","0.23","52.9",,,,,
"CU","2023-07-28","82.8","1.72","6.67","Montgomery, Jordan",621020,656756,"strikeout","swinging_strike_blocked",,,,,13,"Dansby Swanson strikes out swinging.","R","R","L","STL","CHC","S",2,,0,2,2023,"-0.05","-0.17",-0.20359283132788944,1.0388402051310148,,664023,641355,2,1,"Top",,,,,,,-4.307209384979518,-120.5285508876732,-6.124126998719556,0.24629954856327835,20.349308850901732,-33.0222378820587,3.42,1.58,,,,"83.5",2395,"6.4",717226,668800,502671,669357,571448,657557,641933,663457,691023,"54.09",,0,"0",1,0,0,,5,3,"Curveball",0,0,0,0,0,0,0,0,"Standard","Standard",327,"0.026","-0.195","69.6","8.4","2.707844904",,"0.195",,0,0,0.522,0.478,30,29,31,29,1,0,5,1,7,1,"3.46","-0.05","0.05","46.0",25.686526169624134,-19.8601740303279,43.394348305940134,35.145868063974916,50.19680644640207
"SI","2023-07-28","93.9","1.68","6.74","Montgomery, Jordan",621020,656756,,"called_strike",,,,,7,,"R","R","L","STL","CHC","S",,,0,1,2023,"1.29","0.87",-0.4193584472185721,1.721023785672439,,664023,641355,2,1,"Top",,,,,,,-8.283736047964595,-136.2667583224408,-9.211214987781954,17.839977955779705,27.86551842573084,-19.51881794022056,3.44246278975781,1.52814674728133,,,,"94.1",2153,"6.4",717226,668800,502671,669357,571448,657557,641933,663457,691023,"54.07",,,,,,,,5,2,"Sinker",0,0,0,0,0,0,0,0,"Standard","Standard",145,"0.011","-0.061",,,,,"0.061",,0,0,0.511,0.489,30,29,31,29,1,0,5,1,7,1,"1.72","1.29","-1.29","46.0",,,,,
"CU","2023-07-28","80.6","1.69","6.65","Montgomery, Jordan",621020,656756,,"called_strike",,,,,5,,"R","R","L","STL","CHC","S",,,0,0,2023,"-0.09","-0.56",-0.14981796340490458,2.669333539971545,,664023,641355,2,1,"Top",,,,,,,-3.92686857405944,-117.39201783866541,-1.183485948338551,-0.1540083851187557,20.380759012667827,-37.38994062797846,3.36841380621387,1.50355030384001,,,,"81.1",2380,"6.4",717226,668800,502671,669357,571448,657557,641933,663457,691023,"54.09",,,,,,,,5,1,"Curveball",0,0,0,0,0,0,0,0,"Infield shade","Standard",321,"0.006","-0.04",,,,,"0.04",,0,0,0.505,0.495,30,29,31,29,1,0,5,1,7,1,"4.04","-0.09","0.09","46.9",,,,,
"SI","2023-07-28","94.3","1.7","6.79","Montgomery, Jordan",641355,656756,"single","hit_into_play",,,,,4,"Cody Bellinger singles on a line drive to left fielder Tyler O'Neill. Ian Happ to 2nd.","R","L","L","STL","CHC","X",7,"line_drive",1,2,2023,"1.27","0.75",-0.3967343098915883,2.721986292829315,,,664023,2,1,"Top",72.57,103.66,,,,,-8.310236630754805,-137.0559177567269,-6.556481069097548,17.880279071332627,29.521842603414278,-21.46556489721257,3.67,1.7,245,"79.6",20,"94.7",2054,"6.5",717226,668800,502671,669357,571448,657557,641933,663457,691023,"53.96",0.924,0.862,"0.9",1,1,0,4,4,4,"Sinker",0,0,0,0,0,0,0,0,"Infield shade","Standard",148,"-0.028","0.448","64.2","7.2",,1.025,"-0.448","88.0",0,0,0.533,0.46699999999999997,30,27,31,28,1,0,5,1,7,1,"1.82","1.27","1.27","46.7",3.4193136260879267,18.622216547016855,28.226265589619945,37.72807897868638,20.727463098830782
"SI","2023-07-28","93.9","1.64","6.71","Montgomery, Jordan",641355,656756,,"blocked_ball",,,,,14,,"R","L","L","STL","CHC","B",,,0,2,2023,"1.39","0.76",0.8149828302696487,0.8447383392935575,,,664023,2,1,"Top",,,,,,,-5.259332193318788,-136.28159714164187,-11.229963062452565,18.48683572758992,28.990109043919553,-20.410752472976295,3.74196177801907,1.72198253550972,,,,"94.8",2030,"6.9",717226,668800,502671,669357,571448,657557,641933,663457,691023,"53.59",,,,,,,,4,3,"Sinker",0,0,0,0,0,0,0,0,"Infield shade","Standard",141,"-0.002","0.02",,,,,"-0.02",,0,0,0.535,0.46499999999999997,30,27,31,28,1,0,5,1,7,1,"1.83","1.39","1.39","46.5",,,,,
"SI","2023-07-28","92.9","1.74","6.85","Montgomery, Jordan",641355,656756,,"foul",,,,,3,,"R","L","L","STL","CHC","S",,,0,1,2023,"1.06","1.05",0.2872884268082203,3.638289264987791,,,664023,2,1,"Top",,,,,,,-6.025108736595893,-135.21529368953125,-4.817686864364559,14.23584009000813,25.839969107722712,-18.36360450907348,3.67,1.7,103,"77.8",11,"93.4",2105,"6.3",717226,668800,502671,669357,571448,657557,641933,663457,691023,"54.19",,,,,,,,4,2,"Sinker",0,0,0,0,0,0,0,0,"Infield shade","Standard",151,"0.006","-0.055","65.9","6.7",,,"0.055","88.0",0,0,0.529,0.471,30,27,31,28,1,0,5,1,7,1,"1.56","1.06","1.06","47.7",7.997089396501337,15.602243091524716,29.152943034697785,29.5794082971218,21.818940352132607
"CU","2023-07-28","80.6","1.78","6.63","Montgomery, Jordan",641355,656756,,"called_strike",,,,,8,,"R","L","L","STL","CHC","S",,,0,0,2023,"-0.09","-0.49",0.20467675173198233,2.1552906465935764,,,664023,2,1,"Top",,,,,,,-3.3625708600348396,-117.4821975305316,-2.415780416281675,-0.20707843083383598,20.82851639472037,-36.50420434166451,3.64316733356143,1.64816357924518,,,,"81.3",2198,"6.5",717226,668800,502671,669357,571448,657557,641933,663457,691023,"53.99",,,,,,,,4,1,"Curveball",0,0,0,0,0,0,0,0,"Infield shade","Standard",324,"0.003","-0.045",,,,,"0.045",,0,0,0.526,0.474,30,27,31,28,1,0,5,1,7,1,"3.97","-0.09","-0.09","45.8",,,,,
"SI","2023-07-23","94.2","1.68","6.7","Montgomery, Jordan",663538,656756,"field_out","hit_into_play",,,,,4,"Nico Hoerner grounds out sharply, shortstop Paul DeJong to first baseman Alec Burleson.","R","R","L","CHC","STL","X",6,"ground_ball",2,1,2023,"1.22","0.84",-0.2931313055128135,2.484986593324235,,665804,,2,6,"Bot",110.79,152.03,,,,,-7.8722638837192545,-136.95272200790745,-7.208761743848642,17.008958577154225,26.7658792562403,-20.20411631195357,3.14,1.52,18,"100.6",-7,"95.1",2111,"6.6",717286,671056,676475,600301,571448,657557,641933,666185,663457,"53.9",0.327,0.295,"0",1,0,0,2,55,4,"Sinker",7,1,7,1,1,7,7,1,"Standard","Standard",147,"-0.002","-0.289","68.4","6.5",,0.331,"0.289","100.6",6,6,0.985,0.985,30,26,31,26,4,3,5,1,5,2,"1.71","1.22","-1.22","47.2",4.6034842106425025,9.772933228650171,31.56527408370752,35.02256265624351,26.04747444531698
"SI","2023-07-23","94.1","1.78","6.74","Montgomery, Jordan",663538,656756,,"foul",,,,,5,,"R","R","L","CHC","STL","S",,,2,0,2023,"1.29","0.86",0.22711057548343017,2.083839304219513,,665804,,2,6,"Bot",,,,,,,-6.873560178687792,-136.7285537174934,-8.287703257741116,17.681832789899477,28.863554784572816,-19.758037180107507,3.14,1.52,258,"83.1",40,"94.1",2093,"6.3",717286,671056,676475,600301,571448,657557,641933,666185,663457,"54.2",,,,,,,,55,3,"Sinker",7,1,7,1,1,7,7,1,"Standard","Standard",145,"0","-0.055","67.8","6.8",,,"0.055","88.0",6,6,0.985,0.985,30,26,31,26,4,3,5,1,5,2,"1.71","1.29","-1.29","46.4",-0.7512682434463739,16.644520837777304,35.98554305068966,41.48881579774071,22.27992113389524
"FC","2023-07-23","89.3","1.84","6.55","Montgomery, Jordan",663538,656756,,"blocked_ball",,,,,13,,"R","R","L","CHC","STL","B",,,1,0,2023,"-0.17","0.53",-0.7125280027280947,0.758667721308451,,665804,,2,6,"Bot",,,,,,,-5.967840931035387,-129.8322226395128,-9.478095099234677,-0.8632550337156601,23.870743247073275,-24.549878321498447,3.06312746104206,1.46722025913331,,,,"90.3",2443,"6.7",717286,671056,676475,600301,571448,657557,641933,666185,663457,"53.83",,,,,,,,55,2,"Cutter",7,1,7,1,1,7,7,1,"Standard","Standard",156,"0","0.029",,,,,"-0.029",,6,6,0.985,0.985,30,26,31,26,4,3,5,1,5,2,"2.31","-0.17","0.17","45.1",,,,,
"CH","2023-07-23","81.4","1.57","6.58","Montgomery, Jordan",663538,656756,,"ball",,,,,12,,"R","R","L","CHC","STL","B",,,0,0,2023,"0.7","0.79",1.0406970276634135,4.272111747034674,,665804,,2,6,"Bot",,,,,,,-2.5300397976857623,-118.61287656992565,-0.13257307662065754,7.0798987200134595,22.13325530297914,-24.905168463537816,3.15213567607631,1.48937236263209,,,,"81.7",1531,"6.3",717286,671056,676475,600301,571448,657557,641933,666185,663457,"54.16",,,,,,,,55,1,"Changeup",7,1,7,1,1,7,7,1,"Standard","Standard",127,"0","0.02",,,,,"-0.02",,6,6,0.985,0.985,30,26,31,26,4,3,5,1,5,2,"2.64","0.7","-0.7","46.4",,,,,
"FF","2023-07-23","93.2","1.64","6.69","Montgomery, Jordan",621550,656756,"strikeout","swinging_strike",,,,,12,"Patrick Wisdom strikes out swinging.","R","R","L","CHC","STL","S",2,,3,2,2023,"0.3","1.33",0.07121325883366031,3.6813202187448697,,665804,,1,6,"Bot",,,,,,,-4.713671685509311,-135.61173321256175,-4.918131388960639,4.744405715823947,28.42886285496446,-14.902825914682014,3.36,1.59,,,,"93.4",2186,"6.3",717286,671056,676475,600301,571448,657557,641933,666185,663457,"54.15",,0,"0",1,0,0,,54,6,"4-Seam Fastball",7,1,7,1,1,7,7,1,"Standard","Standard",148,"-0.002","-0.336","73.4","6.7","2.149229952",,"0.336",,6,6,0.987,0.987,30,31,31,32,3,2,5,1,5,2,"1.29","0.3","-0.3","46.7",7.121024449207009,23.4152975280856,23.619492652631823,40.50187919121892,14.141787932791045
"CU","2023-07-23","83","1.77","6.64","Montgomery, Jordan",621550,656756,,"ball",,,,,14,,"R","R","L","CHC","STL","B",,,2,2,2023,"-0.32","-0.46",0.18987970745926716,1.3588438662288946,,665804,,1,6,"Bot",,,,,,,-2.9933990374067445,-120.8984458330741,-4.829213667627038,-2.697855890002783,20.728198459900852,-36.090424298990605,3.35875303233634,1.53368141065907,,,,"83.9",2366,"6.5",717286,671056,676475,600301,571448,657557,641933,666185,663457,"53.96",,,,,,,,54,5,"Curveball",7,1,7,1,1,7,7,1,"Standard","Standard",328,"0","0.09",,,,,"-0.09",,6,6,0.987,0.987,30,31,31,32,3,2,5,1,5,2,"3.73","-0.32","0.32","48.7",,,,,
"CH","2023-07-23","82.7","1.77","6.59","Montgomery, Jordan",621550,656756,,"ball",,,,,12,,"R","R","L","CHC","STL","B",,,1,2,2023,"0.71","0.95",2.0216317073816663,2.9996870435272913,,665804,,1,6,"Bot",,,,,,,-0.7956848552903253,-120.53688283104673,-3.617549829376946,7.059082076040698,21.498398533894342,-22.428338655205568,3.41934835371593,1.60015716909825,,,,"83.4",1632,"6.4",717286,671056,676475,600301,571448,657557,641933,666185,663457,"54.05",,,,,,,,54,4,"Changeup",7,1,7,1,1,7,7,1,"Standard","Standard",131,"0.001","0.04",,,,,"-0.04",,6,6,0.986,0.986,30,31,31,32,3,2,5,1,5,2,"2.35","0.71","-0.71","45.2",,,,,
"SI","2023-07-23","94.5","1.5","6.7","Montgomery, Jordan",621550,656756,,"ball",,,,,13,,"R","R","L","CHC","STL","B",,,0,2,2023,"1.19","0.81",-1.3060366098892078,0.025156701882514287,,,665804,1,6,"Bot",,,,,,,-9.994392003401483,-136.7987551704544,-13.57176664431239,17.0757812208298,26.992604533857534,-19.200042854839552,3.37479304670818,1.57799695064258,,,,"95.1",2157,"6.7",717286,671056,676475,600301,571448,657557,641933,666185,663457,"53.82",,,,,,,,54,3,"Sinker",7,1,7,1,1,7,7,1,"Standard","Standard",144,"0","0.023",,,,,"-0.023",,6,6,0.986,0.986,30,31,31,32,3,2,5,1,5,2,"1.74","1.19","-1.19","47.7",,,,,
"CH","2023-07-23","83.4","1.69","6.53","Montgomery, Jordan",621550,656756,,"foul",,,,,6,,"R","R","L","CHC","STL","S",,,0,1,2023,"0.55","0.98",0.6036048909933416,2.6455836165736724,,,665804,1,6,"Bot",,,,,,,-3.586148558234135,-121.41906848352491,-4.490757535212055,6.071767822359142,21.533055769640487,-21.816128368296376,3.36,1.59,,,,"84.2",1640,"6.6",717286,671056,676475,600301,571448,657557,641933,666185,663457,"53.9",,,,,,,,54,2,"Changeup",7,1,7,1,1,7,7,1,"Standard","Standard",130,"0","-0.053","76.9","8.5",,,"0.053",,6,6,0.986,0.986,30,31,31,32,3,2,5,1,5,2,"2.27","0.55","-0.55","49.4",23.07173912813018,-21.964531192112283,26.568957213696248,46.70317076634616,41.97811473374317
"CH","2023-07-23","83.2","1.56","6.6","Montgomery, Jordan",621550,656756,,"swinging_strike",,,,,14,,"R","R","L","CHC","STL","S",,,0,0,2023,"0.59","1.19",0.028666351117586975,1.459828710772123,,,665804,1,6,"Bot",,,,,,,-4.6767462160848,-121.01371434115444,-7.7774825604403865,6.635860957243007,20.3524253009764,-19.18817416419733,3.36,1.59,,,,"84",1663,"6.6",717286,671056,676475,600301,571448,657557,641933,666185,663457,"53.95",,,,,,,,54,1,"Changeup",7,1,7,1,1,7,7,1,"Standard","Standard",131,"0","-0.042","77.1","9.2","1.910802012",,"0.042",,6,6,0.986,0.986,30,31,31,32,3,2,5,1,5,2,"2.07","0.59","-0.59","49.0",24.625081582718686,-30.210760030003126,37.66003648991564,39.957169860581615,43.87636825873305
"CU","2023-07-23","82","1.86","6.63","Montgomery, Jordan",664023,656756,"field_out","hit_into_play",,,,,8,"Ian Happ grounds out softly to first baseman Alec Burleson.","R","R","L","CHC","STL","X",3,"ground_ball",0,0,2023,"-0.09","-0.39",-0.1036784954722082,1.7736172836644921,,663538,,2,4,"Bot",140.54,185.38,,,,,-4.268427426476668,-119.50050542465468,-3.783112323485397,-0.1839114106037415,20.30518863313897,-35.46168333465101,3.45,1.61,1,"52.6",-63,"82.7",2352,"6.4",717286,671056,676475,600301,571448,657557,641933,666185,663457,"54.09",0.267,0.248,"0",1,0,0,1,36,1,"Curveball",7,0,7,0,0,7,7,0,"Standard","Standard",324,"-0.003","-0.294","64.7","8.3",,0.269,"0.294","88.0",7,7,0.981,0.981,30,28,31,29,3,2,5,1,5,2,"3.74","-0.09","0.09","46.3",21.96800521624394,-24.008793856418098,29.90561655143392,44.640833407064505,45.1636345184331
"SI","2023-07-23","93.2","1.6","6.79","Montgomery, Jordan",673548,656756,"field_out","hit_into_play",,,,,4,"Seiya Suzuki grounds out sharply, third baseman Nolan Arenado to first baseman Alec Burleson.","R","R","L","CHC","STL","X",5,"ground_ball",1,0,2023,"1.17","0.97",-0.6974432671104993,2.131795806429577,,663538,,1,4,"Bot",95.64,168.38,,,,,-8.458898533570087,-135.44070987605278,-8.391476103502375,16.084838506242384,24.899420186218695,-18.697762470778144,3.12,1.42,23,"100.1",-4,"93.7",2151,"6.3",717286,671056,676475,600301,571448,657557,641933,666185,663457,"54.21",0.347,0.313,"0",1,0,0,2,35,2,"Sinker",7,0,7,0,0,7,7,0,"Standard","Standard",146,"-0.002","-0.31","76.2","7.1",,0.407,"0.31","100.1",7,7,0.983,0.983,30,28,31,29,3,2,5,1,5,2,"1.63","1.17","-1.17","46.5",4.06048613188003,-8.444578851381983,34.267231323804175,28.72888068835026,33.94517562991435
"CH","2023-07-23","83.5","1.54","6.48","Montgomery, Jordan",673548,656756,,"blocked_ball",,,,,13,,"R","R","L","CHC","STL","B",,,0,0,2023,"0.94","0.98",-0.6352804608543668,0.6578096763086245,,663538,,1,4,"Bot",,,,,,,-6.899556614121043,-121.20040426053018,-8.981523238581687,10.602752847839596,21.546884398613194,-20.967915085661932,3.06316223398081,1.41905658392792,,,,"84.2",1715,"6.7",717286,671056,676475,600301,571448,657557,641933,666185,663457,"53.81",,,,,,,,35,1,"Changeup",7,0,7,0,0,7,7,0,"Standard","Standard",132,"0","0.034",,,,,"-0.034",,7,7,0.983,0.983,30,28,31,29,3,2,5,1,5,2,"2.28","0.94","-0.94","45.6",,,,,
"CH","2023-07-23","83.3","1.65","6.61","Montgomery, Jordan",665804,656756,"field_out","hit_into_play",,,,,4,"Miguel Amaya grounds out softly, first baseman Alec Burleson to pitcher Jordan Montgomery.","R","R","L","CHC","STL","X",3,"ground_ball",0,0,2023,"0.65","1.05",-0.3960757704747203,2.3246764270772493,,641820,,2,3,"Bot",147.08,162.02,,,,,-6.020169456084145,-121.21559879615812,-5.547748125551312,7.5083820932617895,21.00341325304237,-20.9634108404186,3.1,1.48,51,"59.1",5,"84.3",1569,"6.7",717286,671056,676475,600301,571448,657557,641933,666185,663457,"53.82",0.09,0.092,"0",1,0,0,1,27,1,"Changeup",7,0,7,0,0,7,7,0,"Standard","Standard",133,"-0.003","-0.294","76.1","8.0",,0.129,"0.294","88.0",7,7,0.973,0.973,30,24,31,24,2,1,5,2,5,4,"2.21","0.65","-0.65","46.4",20.143722890809485,-27.67002322887388,30.279476516596986,35.962116683049445,51.73733889200077
"SI","2023-07-23","92.1","1.73","6.69","Montgomery, Jordan",641820,656756,"double","hit_into_play",,,,,8,"Trey Mancini doubles (12) on a ground ball to left fielder Tyler O'Neill. Yan Gomes scores.","R","R","L","CHC","STL","X",7,"ground_ball",1,0,2023,"1.22","0.62",-0.24424132784618924,1.8302133280762085,,543228,,2,3,"Bot",65.96,139.92,,,,,-7.714780773202779,-133.8671310932465,-7.927634699440035,16.32028988635554,26.998641415691548,-23.22491141338112,3.52,1.64,67,"85.4",4,"92.8",2174,"6.6",717286,671056,676475,600301,571448,657557,641933,666185,663457,"53.86",0.364,0.334,"1.25",1,1,1,2,26,2,"Sinker",6,0,6,0,0,7,7,0,"Standard","Standard",145,"0.017","0.88","75.0","8.1",,0.436,"-0.88","88.0",6,6,0.956,0.956,30,31,31,31,2,1,5,3,5,4,"2.06","1.22","-1.22","46.9",13.323603763603145,-16.52381299487474,40.861705219178695,35.44828412346317,36.30790496208412
"CH","2023-07-23","82.3","1.68","6.6","Montgomery, Jordan",641820,656756,,"ball",,,,,14,,"R","R","L","CHC","STL","B",,,0,0,2023,"0.85","0.93",0.3897270319657965,0.9757616611130471,,543228,,2,3,"Bot",,,,,,,-4.59263613465393,-119.65705643273571,-8.109473266620755,9.060194911948042,21.152845549100924,-21.933712169501003,3.56428503854583,1.63345713149989,,,,"82.8",1635,"6.5",717286,671056,676475,600301,571448,657557,641933,666185,663457,"53.99",,,,,,,,26,1,"Changeup",6,0,6,0,0,6,6,0,"Standard","Standard",133,"0","0.02",,,,,"-0.02",,6,6,0.956,0.956,30,31,31,31,2,1,5,3,5,4,"2.42","0.85","-0.85","45.6",,,,,
"CU","2023-07-23","81.9","1.69","6.62","Montgomery, Jordan",543228,656756,"double","hit_into_play",,,,,8,"Yan Gomes doubles (5) on a line drive to left fielder Tyler O'Neill. Ian Happ scores. Dansby Swanson scores.","R","R","L","CHC","STL","X",7,"line_drive",0,2,2023,"-0.2","-0.68",0.16985655850129572,1.5415903308147598,,664023,621020,2,3,"Bot",86.47,73.49,,,,,-3.0479317527313023,-119.34915290929152,-3.6764466118320662,-1.405419703993082,21.491570579228988,-38.21000205467262,3.24,1.55,326,"97.2",19,"82.6",2316,"6.5",717286,671056,676475,600301,571448,657557,641933,666185,663457,"53.95",0.347,0.372,"1.25",1,1,1,4,25,3,"Curveball",4,0,4,0,0,6,6,0,"Standard","Strategic",323,"0.07","1.076","65.5","8.1",,0.578,"-1.076","97.2",4,4,0.886,0.886,30,35,31,36,2,1,5,1,5,2,"4.05","-0.2","0.2","51.5",7.391655938429907,-6.499350674874197,38.33321187276232,38.512740625346744,33.46460727878385
"SI","2023-07-23","93.8","1.72","6.71","Montgomery, Jordan",543228,656756,,"foul",,,,,1,,"R","R","L","CHC","STL","S",,,0,1,2023,"1.18","0.89",-0.5033354149633569,3.133498707281076,,664023,621020,2,3,"Bot",,,,,,,-8.436113318741397,-136.4092075518751,-5.585529654071582,16.539342570092202,27.152486706163717,-19.950459577659398,3.24,1.55,211,"72",43,"94.9",2242,"6.7",717286,671056,676475,600301,571448,657557,641933,666185,663457,"53.76",,,,,,,,25,2,"Sinker",4,0,4,0,0,4,4,0,"Standard","Standard",148,"-0.004","-0.061","61.4","6.2",,,"0.061","88.0",4,4,0.89,0.89,30,35,31,36,2,1,5,1,5,2,"1.68","1.18","-1.18","46.0",-9.069162829787134,16.84633340895408,31.681135471892123,30.829849639141102,19.332063708757858
"SI","2023-07-23","92.9","1.73","6.74","Montgomery, Jordan",543228,656756,,"foul",,,,,4,,"R","R","L","CHC","STL","S",,,0,0,2023,"1.14","0.86",-0.3723068551036197,2.5449925317176048,,664023,621020,2,3,"Bot",,,,,,,-7.885043643933781,-135.02212522867728,-6.872760417527211,15.625328300072656,27.716418240817287,-20.394136876835777,3.24,1.55,227,"82.1",57,"93.2",2266,"6.4",717286,671056,676475,600301,571448,657557,641933,666185,663457,"54.1",,,,,,,,25,1,"Sinker",4,0,4,0,0,4,4,0,"Standard","Standard",150,"-0.002","-0.04","74.4","7.4",,,"0.04","88.0",4,4,0.892,0.892,30,35,31,36,2,1,5,1,5,2,"1.78","1.14","-1.14","46.7",3.4273264160736847,-2.087320880676137,34.07962965904787,32.977339327513306,29.68915439703694
"CU","2023-07-23","81.7","1.62","6.64","Montgomery, Jordan",621020,656756,"single","hit_into_play",,,,,8,"Dansby Swanson singles on a line drive to center fielder Dylan Carlson. Seiya Suzuki scores. Ian Happ to 2nd.","R","R","L","CHC","STL","X",8,"line_drive",1,2,2023,"-0.28","-0.2",0.2698387394276037,1.514917495034001,673548,,664023,2,3,"Bot",135.29,90.58,,,,,-2.529896999088792,-119.11330210721698,-4.716009769632923,-2.235574287460728,20.470556516424928,-33.4396950350319,3.4,1.57,234,"88.7",16,"82.7",2450,"6.6",717286,671056,676475,600301,571448,657557,641933,666185,663457,"53.89",0.958,0.911,"0.9",1,1,0,4,24,4,"Curveball",3,0,3,0,0,4,4,0,"Standard","Strategic",321,"0.061","0.681","66.2","7.5",,1.112,"-0.681","88.7",3,3,0.831,0.831,30,29,31,29,2,1,5,1,5,2,"3.57","-0.28","0.28","53.1",4.573851037984198,7.959794253455136,36.88997080203663,40.60490814515266,32.60073318793742
"SI","2023-07-23","93.9","1.82","6.73","Montgomery, Jordan",621020,656756,,"swinging_strike",,,,,3,,"R","R","L","CHC","STL","S",,,1,1,2023,"1.21","0.92",0.5973410632780627,3.391419814489592,673548,,664023,2,3,"Bot",,,,,,,-5.891019629083008,-136.65767183976197,-5.013783754527758,16.442424599779848,28.19001127916641,-19.794171742697134,3.4,1.57,,,,"94.9",2202,"6.7",717286,671056,676475,600301,571448,657557,641933,666185,663457,"53.78",,,,,,,,24,3,"Sinker",3,0,3,0,0,3,3,0,"Standard","Strategic",145,"-0.007","-0.074","66.2","5.6","3.194302212",,"0.074",,3,3,0.838,0.838,30,29,31,29,2,1,5,1,5,2,"1.66","1.21","-1.21","46.2",-5.697537715885452,44.79795681537904,28.791536132086463,43.49970427768982,6.818655224280867
"CU","2023-07-23","80.3","1.62","6.57","Montgomery, Jordan",621020,656756,,"blocked_ball",,,,,13,,"R","R","L","CHC","STL","B",,,0,1,2023,"-0.21","-0.3",-1.0876932520415301,0.7012727140921045,673548,,664023,2,3,"Bot",,,,,,,-5.649635903084705,-116.67743831415183,-5.7474490096335895,-0.8105892468237856,22.763828042160036,-33.96202797817001,3.40828285536527,1.56697319252461,,,,"81",2359,"7",717286,671056,676475,600301,571448,657557,641933,666185,663457,"53.54",,,,,,,,24,2,"Curveball",3,0,3,0,0,3,3,0,"Standard","Strategic",331,"0.003","0.039",,,,,"-0.039",,3,3,0.835,0.835,30,29,31,29,2,1,5,1,5,2,"3.85","-0.21","0.21","48.7",,,,,
"SI","2023-07-23","92.1","1.6","6.7","Montgomery, Jordan",621020,656756,,"swinging_strike",,,,,14,,"R","R","L","CHC","STL","S",,,0,0,2023,"1.16","1.13",0.1647636435285551,1.4377472631894381,673548,,664023,2,3,"Bot",,,,,,,-6.174475862127429,-133.68754979080543,-10.025663257596142,15.17571239083472,27.38642706995659,-16.718047374358157,3.4,1.57,,,,"92.6",2315,"6.6",717286,671056,676475,600301,571448,657557,641933,666185,663457,"53.86",,,,,,,,24,1,"Sinker",3,0,3,0,0,3,3,0,"Standard","Standard",148,"-0.004","-0.052","45.3","6.6","0.662212932",,"0.052",,3,3,0.839,0.839,30,29,31,29,2,1,5,1,5,2,"1.56","1.16","-1.16","47.1",-7.552516764921452,24.8505853350641,43.98308335619093,39.55121227310069,13.003000101684044
"CU","2023-07-23","81.5","1.74","6.66","Montgomery, Jordan",641355,656756,"sac_fly","hit_into_play",,,,,5,"Cody Bellinger out on a sacrifice fly to center fielder Dylan Carlson. Patrick Wisdom scores. Seiya Suzuki to 3rd.","R","L","L","CHC","STL","X",8,"fly_ball",0,1,2023,"-0.12","-0.36",0.0962996860334307,2.646699214406957,621550,673548,664023,1,3,"Bot",154.05,69.9,,,,,-3.471864606127811,-118.70851271210817,-1.7492783774508844,-0.4462849027809132,23.056408597338905,-35.44861501268736,3.7,1.75,328,"95.2",42,"81.7",2436,"6.4",717286,671056,676475,600301,571448,657557,641933,666185,663457,"54.11",,0.038,"0",1,0,0,3,23,2,"Curveball",2,0,2,0,0,3,3,0,"Standard","Standard",325,"0.017","-0.111","75.3","7.7",,,"0.111","95.2",2,2,0.822,0.822,30,27,31,28,2,1,5,1,5,2,"3.79","-0.12","-0.12","49.4",14.366806639774234,-6.146714927670594,29.68713920116477,33.29896217183011,35.09476095227005
"CU","2023-07-23","81.2","1.75","6.66","Montgomery, Jordan",641355,656756,,"called_strike",,,,,2,,"R","L","L","CHC","STL","S",,,0,0,2023,"-0.28","-0.42",0.09801566484103111,3.332465180463514,621550,673548,664023,1,3,"Bot",,,,,,,-3.168070273195082,-118.3460077135369,-0.0813425266172767,-2.1108951052577796,20.902785704426908,-36.34098503201785,3.63117378262352,1.74902715529666,,,,"81.8",2400,"6.4",717286,671056,676475,600301,571448,657557,641933,666185,663457,"54.06",,,,,,,,23,1,"Curveball",2,0,2,0,0,2,2,0,"Standard","Standard",320,"-0.008","-0.05",,,,,"0.05",,2,2,0.83,0.83,30,27,31,28,2,1,5,1,5,2,"3.85","-0.28","-0.28","49.1",,,,,
"SI","2023-07-23","91.6","1.75","6.69","Montgomery, Jordan",664023,656756,"single","hit_into_play",,,,,9,"Ian Happ singles on a line drive to right fielder Lars Nootbaar. Patrick Wisdom to 3rd. Seiya Suzuki to 2nd.","R","R","L","CHC","STL","X",9,"line_drive",0,1,2023,"1.13","0.78",0.5805914743212428,1.9553625494837856,,621550,673548,1,3,"Bot",171.59,114.56,,,,,-5.406237872060146,-133.27190732123478,-7.831491150291049,14.664132695613219,25.672831257253442,-21.470216163360693,3.45,1.61,164,"87.8",10,"92.1",2233,"6.4",717286,671056,676475,600301,571448,657557,641933,666185,663457,"54.12",0.611,0.553,"0.9",1,1,0,4,22,2,"Sinker",2,0,2,0,0,2,2,0,"Standard","Standard",144,"0.044","0.525","68.3","7.2",,0.66,"-0.525","88.0",2,2,0.786,0.786,30,28,31,29,2,1,5,1,5,2,"1.92","1.13","-1.13","46.9",-3.278692253774588,7.941165545118477,33.403357825756125,53.68060633960205,18.181385419985745
"SI","2023-07-23","91.8","1.74","6.72","Montgomery, Jordan",664023,656756,,"missed_bunt",,,,,13,,"R","R","L","CHC","STL","S",,,0,0,2023,"1.18","0.85",-0.2877765665439138,1.3782371753312996,,621550,673548,1,3,"Bot",,,,,,,-7.686148803488322,-133.3755956463755,-9.584174731533805,15.649859271251062,25.424524183796816,-20.165825272748428,3.45,1.61,,,,"92.3",2332,"6.4",717286,671056,676475,600301,571448,657557,641933,666185,663457,"54.1",,,,,,,,22,1,"Sinker",2,0,2,0,0,2,2,0,"Standard","Standard",145,"-0.005","-0.04","16.5","2.1",,,"0.04",,2,2,0.791,0.791,30,28,31,29,2,1,5,1,5,2,"1.83","1.18","-1.18","46.0",-39.333703446536724,-38.500633563093295,36.05338993542867,39.95622021875123,22.370518808527933
"SI","2023-07-23","91.7","1.7","6.68","Montgomery, Jordan",673548,656756,"walk","ball",,,,,13,"Seiya Suzuki walks.","R","R","L","CHC","STL","B",,,3,2,2023,"1.11","0.84",-1.4876477695300168,1.5254836562971903,,621550,,1,3,"Bot",,,,,,,-10.504137794433573,-133.1309411594436,-9.136639850100346,15.214435290087994,23.098718322865658,-20.45507539287603,3.02982661352137,1.38975406518103,,,,"92.9",2223,"6.7",717286,671056,676475,600301,571448,657557,641933,666185,663457,"53.8",,0.695903,"0.7",1,0,0,,21,6,"Sinker",2,0,2,0,0,2,2,0,"Strategic","Strategic",143,"0.01","0.184",,,,,"-0.184",,2,2,0.781,0.781,30,28,31,29,2,1,5,1,5,2,"1.84","1.11","-1.11","45.5",,,,,
"SI","2023-07-23","94.2","1.85","6.71","Montgomery, Jordan",673548,656756,,"foul",,,,,14,,"R","R","L","CHC","STL","S",,,3,1,2023,"1.01","0.99",0.8377862590940347,1.9901440028323323,,621550,,1,3,"Bot",,,,,,,-4.881974897083783,-137.0317332696744,-8.853052791227805,13.794316733332673,26.759288666099543,-18.077035265514546,3.12,1.42,278,"84.9",44,"95.1",2273,"6.6",717286,671056,676475,600301,571448,657557,641933,666185,663457,"53.94",,,,,,,,21,5,"Sinker",2,0,2,0,0,2,2,0,"Standard","Strategic",143,"-0.003","-0.062","75.1","7.2",,,"0.062","88.0",2,2,0.784,0.784,30,28,31,29,2,1,5,1,5,2,"1.56","1.01","-1.01","47.6",-1.380180931367124,10.601494787893245,32.63652555885213,46.57159787460882,22.954418426553346
"SI","2023-07-23","91.7","1.85","6.65","Montgomery, Jordan",673548,656756,,"ball",,,,,9,,"R","R","L","CHC","STL","B",,,2,1,2023,"1.27","0.9",0.8286172011680448,1.6525143805426783,,621550,,1,3,"Bot",,,,,,,-5.313537248853798,-133.2744761916647,-8.726097006762316,16.271493410459474,27.534531899872704,-19.835797598296733,3.05094817434082,1.35173083679479,,,,"91.8",2233,"6.3",717286,671056,676475,600301,571448,657557,641933,666185,663457,"54.19",,,,,,,,21,4,"Sinker",2,0,2,0,0,2,2,0,"Standard","Strategic",140,"0.004","0.062",,,,,"-0.062",,2,2,0.78,0.78,30,28,31,29,2,1,5,1,5,2,"1.81","1.27","-1.27","44.3",,,,,
"SI","2023-07-23","93.2","1.69","6.65","Montgomery, Jordan",673548,656756,,"ball",,,,,13,,"R","R","L","CHC","STL","B",,,1,1,2023,"1.23","0.87",-0.12140350439089564,1.0737980583459592,,621550,,1,3,"Bot",,,,,,,-7.387844326476808,-135.33480527672856,-10.55472435529634,16.703228375042524,27.067727648343006,-19.407428449354665,3.00758196194798,1.41908361366529,,,,"93.9",2313,"6.6",717286,671056,676475,600301,571448,657557,641933,666185,663457,"53.86",,,,,,,,21,3,"Sinker",2,0,2,0,0,2,2,0,"Standard","Strategic",144,"0.002","0.052",,,,,"-0.052",,2,2,0.778,0.778,30,28,31,29,2,1,5,1,5,2,"1.75","1.23","-1.23","47.0",,,,,
"CH","2023-07-23","84.2","1.68","6.51","Montgomery, Jordan",673548,656756,,"ball",,,,,9,,"R","R","L","CHC","STL","B",,,0,1,2023,"0.69","1.1",0.5253009410616031,1.455852449370198,,621550,,1,3,"Bot",,,,,,,-4.065179012560095,-122.56750809823501,-7.666961361625712,7.707425024428064,20.500926085198717,-19.786694918508623,3.05094817434082,1.35173083679479,,,,"85.2",1705,"6.6",717286,671056,676475,600301,571448,657557,641933,666185,663457,"53.95",,,,,,,,21,2,"Changeup",2,0,2,0,0,2,2,0,"Standard","Strategic",135,"0.003","0.024",,,,,"-0.024",,2,2,0.775,0.775,30,28,31,29,2,1,5,1,5,2,"2.07","0.69","-0.69","47.3",,,,,
"CU","2023-07-23","79.5","1.76","6.61","Montgomery, Jordan",673548,656756,,"called_strike",,,,,6,,"R","R","L","CHC","STL","S",,,0,0,2023,"-0.16","-0.35",0.5392780788800243,2.299926199357502,,621550,,1,3,"Bot",,,,,,,-2.37721342760685,-115.91874621310974,-2.16945243300844,-1.1002836489098948,18.58651541138859,-35.17571570469846,2.94085941563065,1.30118276466048,,,,"80.2",2363,"6.4",717286,671056,676475,600301,571448,657557,641933,666185,663457,"54.14",,,,,,,,21,1,"Curveball",2,0,2,0,0,2,2,0,"Standard","Strategic",315,"-0.004","-0.038",,,,,"0.038",,2,2,0.779,0.779,30,28,31,29,2,1,5,1,5,2,"3.9","-0.16","0.16","49.6",,,,,
"CH","2023-07-23","83.5","1.64","6.52","Montgomery, Jordan",663538,656756,"field_out","hit_into_play",,,,,9,"Nico Hoerner flies out to right fielder Lars Nootbaar.","R","R","L","CHC","STL","X",9,"fly_ball",0,1,2023,"0.91","1.11",0.4111370861888016,1.895427246327904,,621550,,0,3,"Bot",172.57,130.23,,,,,-4.645175171277881,-121.4219100480229,-6.471432442850216,9.903070271478006,21.62568374118502,-20.13281177715299,3.14,1.52,214,"74.5",49,"84.3",1861,"6.6",717286,671056,676475,600301,571448,657557,641933,666185,663457,"53.88",0.089,0.092,"0",1,0,0,3,20,2,"Changeup",2,0,2,0,0,2,2,0,"Standard","Standard",134,"-0.024","-0.221","68.2","7.9",,0.117,"0.221","88.0",2,2,0.803,0.803,30,26,31,26,2,1,5,1,5,2,"2.14","0.91","-0.91","48.0",8.447461969696386,-10.518527271563107,35.682550340998276,43.605614916869605,34.80652669399535
"SI","2023-07-23","94.1","1.85","6.67","Montgomery, Jordan",663538,656756,,"called_strike",,,,,5,,"R","R","L","CHC","STL","S",,,0,0,2023,"1.39","0.69",-0.1710036398661814,2.338954353134224,,,621550,0,3,"Bot",,,,,,,-8.318317242734512,-136.6838969631888,-7.07294706567406,19.18403786019973,29.041324563170473,-22.134469495259083,3.38600491970528,1.47835075559377,,,,"94.3",2211,"6.4",717286,671056,676475,600301,571448,657557,641933,666185,663457,"54.09",,,,,,,,20,1,"Sinker",2,0,2,0,0,2,2,0,"Standard","Standard",144,"0.014","-0.036",,,,,"0.036",,2,2,0.789,0.789,30,26,31,26,2,1,5,1,5,2,"1.89","1.39","-1.39","47.0",,,,,
"SI","2023-07-23","94.4","1.79","6.74","Montgomery, Jordan",641355,656756,"home_run","hit_into_play",,,,,5,"Cody Bellinger homers (14) on a fly ball to center field. Ian Happ scores.","R","L","L","CHC","STL","X",,"fly_ball",1,1,2023,"1.26","0.86",-0.2371684820052402,2.692648158928419,,,664023,2,1,"Bot",116,36.53,,,,,-8.109984656334394,-137.15567384059372,-6.791583973253705,17.709224317221818,28.242827614461287,-20.064792537630602,3.7,1.75,403,"100.9",30,"94.8",2209,"6.5",717286,671056,676475,600301,571448,657557,641933,666185,663457,"54.04",0.544,1.0439117647058824,"2",1,0,3,6,8,3,"Sinker",0,0,0,0,0,2,2,0,"Infield shade","Strategic",147,"0.184","2.237","70.7","7.8",,2.071,"-2.237","100.9",0,0,0.521,0.521,30,27,31,28,1,0,5,1,5,2,"1.7","1.26","1.26","45.0",13.513741927472319,2.4506373245897075,29.370597312088684,38.50090251434084,26.426022517912966
"SI","2023-07-23","94","1.72","6.74","Montgomery, Jordan",641355,656756,,"called_strike",,,,,4,,"R","L","L","CHC","STL","S",,,1,0,2023,"1.35","0.86",-0.7054087660286605,2.8343912404730993,,,664023,2,1,"Bot",,,,,,,-9.29907246888614,-136.51623114282913,-6.336942855147625,18.922192751511815,29.176949451212014,-20.215908520469537,3.63129051965316,1.72221308648184,,,,"94.4",2287,"6.6",717286,671056,676475,600301,571448,657557,641933,666185,663457,"53.92",,,,,,,,8,2,"Sinker",0,0,0,0,0,0,0,0,"Infield shade","Strategic",147,"-0.003","-0.05",,,,,"0.05",,0,0,0.524,0.524,30,27,31,28,1,0,5,1,5,2,"1.73","1.35","1.35","47.3",,,,,
"SI","2023-07-23","93.8","1.87","6.72","Montgomery, Jordan",641355,656756,,"ball",,,,,14,,"R","L","L","CHC","STL","B",,,0,0,2023,"1.16","0.57",1.3557860760355929,2.54299717243563,,,664023,2,1,"Bot",,,,,,,-3.924616055988569,-136.6090654996149,-6.428862981181915,15.47271228364226,26.920078651586806,-23.851874300457283,3.58669510290067,1.70004309110045,,,,"94.5",2163,"6.4",717286,671056,676475,600301,571448,657557,641933,666185,663457,"54.1",,,,,,,,8,1,"Sinker",0,0,0,0,0,0,0,0,"Infield shade","Strategic",146,"0.002","0.03",,,,,"-0.03",,0,0,0.522,0.522,30,27,31,28,1,0,5,1,5,2,"1.99","1.16","1.16","46.1",,,,,
"SI","2023-07-18","93.2","1.77","6.77","Montgomery, Jordan",667472,656756,"field_out","hit_into_play",,,,,12,"Dane Myers grounds out, second baseman Nolan Gorman to first baseman Paul Goldschmidt.","R","R","L","STL","MIA","X",4,"ground_ball",2,2,2023,"1.15","0.9",1.5046356456314847,2.7380727818146386,,643265,493329,2,6,"Top",146.19,156.49,,,,,-3.214716763998017,-135.7114065797275,-6.6392197967908455,14.916017052370375,28.50438146307961,-19.768571678346337,3.55,1.62,7,"69.9",-20,"93.6",2079,"6.4",717357,575929,502671,669357,571448,657557,676475,663457,691023,"54.1",0.05,0.046,"0",1,0,0,2,43,5,"Sinker",0,1,1,0,1,0,1,0,"Infield shade","Standard",140,"0.042","-0.246","73.3","7.6",,0.052,"0.246","88.0",-1,1,0.354,0.646,30,27,31,27,3,2,11,1,5,1,"1.71","1.15","-1.15","45.7",6.878981505644654,16.0118300169034,22.475175634653443,51.459237913449115,17.221667410144462
"FC","2023-07-18","87.1","1.86","6.63","Montgomery, Jordan",667472,656756,,"blocked_ball",,,,,13,,"R","R","L","STL","MIA","B",,,1,2,2023,"-0.4","0.46",-1.1776311323566329,0.8988276585536665,,643265,493329,2,6,"Top",,,,,,,-6.495817234671234,-126.56231033098602,-8.604039380066014,-3.0828570202625007,23.468252489887583,-25.731682491915446,3.60878340394547,1.61911020593375,,,,"87.7",2291,"6.5",717357,575929,502671,669357,571448,657557,676475,663457,691023,"53.98",,,,,,,,43,4,"Cutter",0,1,1,0,1,0,1,0,"Infield shade","Standard",164,"-0.008","0.033",,,,,"-0.033",,-1,1,0.362,0.638,30,27,31,27,3,2,11,1,5,1,"2.53","-0.4","0.4","45.4",,,,,
"SI","2023-07-18","92.7","1.75","6.82","Montgomery, Jordan",667472,656756,,"called_strike",,,,,6,,"R","R","L","STL","MIA","S",,,1,1,2023,"1.08","1.03",0.44309931479906917,2.3080365270502767,,643265,493329,2,6,"Top",,,,,,,-5.711652091173442,-134.84358474811438,-8.087598443170057,14.343566549119007,25.97136216313475,-18.0412846138028,3.60878340394547,1.61911020593375,,,,"93.4",2023,"6.5",717357,575929,502671,669357,571448,657557,676475,663457,691023,"54.01",,,,,,,,43,3,"Sinker",0,1,1,0,1,0,1,0,"Infield shade","Standard",150,"0.013","-0.069",,,,,"0.069",,-1,1,0.349,0.651,30,27,31,27,3,2,11,1,5,1,"1.6","1.08","-1.08","46.6",,,,,
"SI","2023-07-18","92.5","1.71","6.8","Montgomery, Jordan",667472,656756,,"swinging_strike",,,,,5,,"R","R","L","STL","MIA","S",,,1,0,2023,"1.1","0.91",0.1789994515539186,2.858327111207697,,643265,493329,2,6,"Top",,,,,,,-6.305439956463349,-134.57522859501978,-6.2641582272341605,14.708102028982584,27.659135290541563,-19.954937177013687,3.55,1.62,,,,"92.7",2129,"6.3",717357,575929,502671,669357,571448,657557,676475,663457,691023,"54.2",,,,,,,,43,2,"Sinker",0,1,1,0,1,0,1,0,"Infield shade","Standard",149,"0.005","-0.045","72.5","6.7","0.484144824",,"0.045",,-1,1,0.344,0.656,30,27,31,27,3,2,11,1,5,1,"1.74","1.1","-1.1","46.9",1.818022033913482,16.190582357846207,31.78084834888061,35.566680571621745,19.009924775604958
"CU","2023-07-18","80.3","1.88","6.71","Montgomery, Jordan",667472,656756,,"ball",,,,,12,,"R","R","L","STL","MIA","B",,,0,0,2023,"-0.23","-0.55",1.2115577607377475,3.1270232430575926,,643265,493329,2,6,"Top",,,,,,,-1.0365006254255225,-117.01835325463414,-0.2494902262060934,-1.943742717446431,21.197234490396053,-37.36804589153194,3.5113478821796,1.61911020593375,,,,"80.8",2350,"6.4",717357,575929,502671,669357,571448,657557,676475,663457,691023,"54.07",,,,,,,,43,1,"Curveball",0,1,1,0,1,0,1,0,"Infield shade","Standard",318,"-0.003","0.03",,,,,"-0.03",,-1,1,0.347,0.653,30,27,31,27,3,2,11,1,5,1,"4.06","-0.23","0.23","52.1",,,,,
"SI","2023-07-18","92.2","1.73","6.77","Montgomery, Jordan",516416,656756,"field_out","hit_into_play",,,,,3,"Jean Segura lines out sharply to center fielder Lars Nootbaar.","R","R","L","STL","MIA","X",8,"line_drive",0,0,2023,"0.99","0.79",0.6213493323790272,2.9899435036468462,,643265,493329,1,6,"Top",137.13,74.37,,,,,-4.97209200883228,-134.13134154661842,-5.514732883164476,12.98292995585753,27.84140043581372,-21.70546719426354,3.08,1.49,311,"107.7",13,"92.5",2011,"6.4",717357,575929,502671,669357,571448,657557,676475,663457,691023,"54.12",0.85,0.904,"0",1,0,0,5,42,1,"Sinker",0,1,1,0,1,0,1,0,"Standard","Standard",142,"0.048","-0.238","72.0","6.2",,1.265,"0.238","107.7",-1,1,0.299,0.7010000000000001,30,33,31,33,3,2,11,1,5,3,"1.89","0.99","-0.99","45.3",4.746296434413736,15.71610686618379,23.14478504499162,42.17336306990275,27.016245456156057
"CH","2023-07-18","83.1","1.61","6.69","Montgomery, Jordan",493329,656756,"single","hit_into_play",,,,,9,"Yuli Gurriel singles on a line drive to left fielder Alec Burleson. Garrett Cooper to 2nd.","R","R","L","STL","MIA","X",7,"line_drive",2,2,2023,"0.95","0.95",0.6749592978330695,2.082057168969915,,,643265,1,6,"Top",79.68,103.26,,,,,-4.018594357579511,-120.97300695324034,-6.0214335757003035,10.13734872233653,22.280119500138994,-21.86101460696477,3.4,1.64,151,"95.3",8,"83.6",1590,"6.4",717357,575929,502671,669357,571448,657557,676475,663457,691023,"54.05",0.611,0.561,"0.9",1,1,0,4,41,6,"Changeup",0,1,1,0,1,0,1,0,"Standard","Standard",134,"-0.044","0.44","74.6","8.3",,0.683,"-0.44","95.3",-1,1,0.343,0.657,30,39,31,39,3,2,11,2,5,1,"2.33","0.95","-0.95","48.5",8.861821197713512,-12.089159574378197,27.103243961763994,43.65976910343561,33.77485212633427
"CU","2023-07-18","82.4","1.67","6.71","Montgomery, Jordan",493329,656756,,"blocked_ball",,,,,13,,"R","R","L","STL","MIA","B",,,1,2,2023,"-0.01","-0.54",-0.738330321846648,-0.5329292537776689,,,643265,1,6,"Top",,,,,,,-5.481507531305207,-119.67218945651251,-8.890256222062957,0.9861515066123973,23.92901316818285,-35.730905760612195,3.38951773217076,1.63911869506484,,,,"82.7",2333,"6.6",717357,575929,502671,669357,571448,657557,676475,663457,691023,"53.85",,,,,,,,41,5,"Curveball",0,1,1,0,1,0,1,0,"Standard","Standard",338,"-0.005","0.047",,,,,"-0.047",,-1,1,0.348,0.652,30,39,31,39,3,2,11,2,5,1,"3.92","-0.01","0.01","48.3",,,,,
"CH","2023-07-18","84.3","1.55","6.6","Montgomery, Jordan",493329,656756,,"ball",,,,,14,,"R","R","L","STL","MIA","B",,,0,2,2023,"0.58","1.11",0.009024463239773017,0.6547540081962668,,,643265,1,6,"Top",,,,,,,-4.74794488455139,-122.3219670687331,-9.613910688285461,6.748374545024596,24.909872775556448,-19.337660367397767,3.31640086562334,1.50084386568101,,,,"84.4",1519,"6.6",717357,575929,502671,669357,571448,657557,676475,663457,691023,"53.91",,,,,,,,41,4,"Changeup",0,1,1,0,1,0,1,0,"Standard","Standard",135,"-0.003","0.023",,,,,"-0.023",,-1,1,0.351,0.649,30,39,31,39,3,2,11,2,5,1,"2.13","0.58","-0.58","48.4",,,,,
"FC","2023-07-18","86.9","1.9","6.67","Montgomery, Jordan",493329,656756,,"foul",,,,,5,,"R","R","L","STL","MIA","S",,,0,2,2023,"-0.22","0.46",0.11816556468859452,2.599579667508962,,,643265,1,6,"Top",,,,,,,-3.8311288865992257,-126.59980743436502,-4.606528854274892,-1.729830279041444,22.301739024791697,-26.581262130835828,3.4,1.64,140,"68.4",70,"87.5",2273,"6.3",717357,575929,502671,669357,571448,657557,676475,663457,691023,"54.18",,,,,,,,41,3,"Cutter",0,1,1,0,1,0,1,0,"Standard","Standard",184,"0","0","83.6","7.7",,,"0","88.0",-1,1,0.351,0.649,30,39,31,39,3,2,11,2,5,1,"2.52","-0.22","0.22","44.7",37.645274179193414,23.970780273195157,15.305014478815062,38.15926147842214,27.552866599811765
"FC","2023-07-18","87","1.85","6.62","Montgomery, Jordan",493329,656756,,"foul",,,,,13,,"R","R","L","STL","MIA","S",,,0,1,2023,"-0.06","0.41",-0.7140440194247875,0.8972057284772186,,,643265,1,6,"Top",,,,,,,-6.044667198260271,-126.55546894806746,-8.538342156068513,0.2943328009979316,19.557102212236256,-26.46951656502164,3.4,1.64,2,"100",-34,"88",2419,"6.4",717357,575929,502671,669357,571448,657557,676475,663457,691023,"54.09",,,,,,,,41,2,"Cutter",0,1,1,0,1,0,1,0,"Standard","Standard",178,"0.008","-0.053","67.2","8.6",,,"0.053","100.0",-1,1,0.343,0.657,30,39,31,39,3,2,11,2,5,1,"2.54","-0.06","0.06","47.2",11.780893316103874,-14.223053755583784,44.0013860984097,28.600421008813033,30.683597435497195
"SI","2023-07-18","92.9","1.81","6.76","Montgomery, Jordan",493329,656756,,"foul",,,,,8,,"R","R","L","STL","MIA","S",,,0,0,2023,"1.15","0.77",0.23760714152888474,1.8976813954096101,,,643265,1,6,"Top",,,,,,,-6.537603817867247,-135.0181924003025,-8.405371837392503,15.39970069853423,26.55006207928775,-21.11967968462993,3.4,1.64,250,"93",13,"93.3",2151,"6.4",717357,575929,502671,669357,571448,657557,676475,663457,691023,"54.11",,,,,,,,41,1,"Sinker",0,1,1,0,1,0,1,0,"Standard","Standard",145,"0.005","-0.042","71.7","7.2",,,"0.042","93.0",-1,1,0.338,0.6619999999999999,30,39,31,39,3,2,11,2,5,1,"1.85","1.15","-1.15","44.5",-12.04996462370421,25.19673532351119,33.486715591582445,39.086495129669025,7.810441450980329
"CH","2023-07-18","82.5","1.61","6.63","Montgomery, Jordan",650559,656756,"field_out","hit_into_play",,,,,5,"Bryan De La Cruz flies out to center fielder Lars Nootbaar.","R","R","L","STL","MIA","X",8,"fly_ball",1,0,2023,"0.53","1.03",0.24506624918194875,2.4050692832809943,,,643265,0,6,"Top",132.21,88.08,,,,,-4.14418566873819,-120.16536570134356,-5.220136097878616,5.846523273343504,20.336106946564783,-21.3834860588246,3.43,1.68,277,"87.2",45,"83.5",1614,"6.6",717357,575929,502671,669357,571448,657557,676475,663457,691023,"53.89",0.005,0.005,"0",1,0,0,3,40,2,"Changeup",0,1,1,0,1,0,1,0,"Standard","Standard",132,"0.041","-0.271","74.3","8.1",,0.005,"0.271","88.0",-1,1,0.297,0.7030000000000001,30,26,31,27,3,2,11,1,5,1,"2.28","0.53","-0.53","48.1",17.98176590194892,-3.173458798574695,42.451005834785605,40.854428895485626,38.53680662753537
"CH","2023-07-18","83.1","1.7","6.58","Montgomery, Jordan",650559,656756,,"blocked_ball",,,,,13,,"R","R","L","STL","MIA","B",,,0,0,2023,"0.91","0.93",-0.4425371811105928,0.7565742935923272,,,643265,0,6,"Top",,,,,,,-6.708994250538843,-120.63579524452159,-8.770864850571904,10.136586103808746,21.75648276387073,-21.557531274453055,3.56006884832814,1.67913556522359,,,,"83.7",1702,"6.6",717357,575929,502671,669357,571448,657557,676475,663457,691023,"53.86",,,,,,,,40,1,"Changeup",0,1,1,0,1,0,1,0,"Standard","Standard",132,"-0.005","0.03",,,,,"-0.03",,-1,1,0.302,0.698,30,26,31,27,3,2,11,1,5,1,"2.36","0.91","-0.91","51.7",,,,,
"SI","2023-07-18","92.4","1.69","6.88","Montgomery, Jordan",650333,656756,"sac_fly","hit_into_play",,,,,3,"Luis Arraez out on a sacrifice fly to center fielder Lars Nootbaar. Jon Berti scores.","R","L","L","STL","MIA","X",8,"fly_ball",0,0,2023,"1.34","0.88",0.3420519511045996,2.855315225579381,542932,,,1,5,"Top",92.11,68.96,,,,,-6.358420721158993,-134.41941787045215,-6.43914544780164,17.590080103605743,25.60069554802174,-20.315047270379463,3.18,1.52,333,"96.1",39,"93.2",2195,"6.5",717357,575929,502671,669357,571448,657557,676475,663457,691023,"53.98",,0.15,"0",1,0,0,3,33,1,"Sinker",0,0,0,0,1,0,1,0,"Strategic","Standard",150,"-0.028","-0.149","66.9","5.7",,,"0.149","96.1",0,0,0.432,0.5680000000000001,30,26,31,26,3,2,11,1,5,1,"1.76","1.34","1.34","47.2",15.439113027734752,6.178486887730239,35.68164096511921,30.322857012132726,34.55629057364258
"CU","2023-07-18","80.7","1.74","6.77","Montgomery, Jordan",607732,656756,"strikeout","swinging_strike",,,,,5,"Jacob Stallings strikes out swinging.","R","R","L","STL","MIA","S",2,,3,2,2023,"-0.22","-0.09",0.020967119249095417,2.380028207937655,542932,,,0,5,"Top",,,,,,,-3.430945725447284,-117.57653656255464,-3.0481076916992835,-1.4629076503500134,19.094146071713727,-32.70728523390594,3.22,1.48,,,,"81.5",2386,"6.4",717357,575929,502671,669357,571448,657557,676475,663457,691023,"54.09",,0,"0",1,0,0,,32,6,"Curveball",0,0,0,0,0,0,0,0,"Strategic","Standard",320,"0.054","-0.392","68.5","6.7","0.329534652",,"0.392",,0,0,0.378,0.622,30,33,31,34,2,1,11,2,5,1,"3.54","-0.22","0.22","49.0",9.510619240354758,10.969341498368387,32.89560023199027,36.645736099148806,30.57967725513624
"SI","2023-07-18","92.5","1.72","6.8","Montgomery, Jordan",607732,656756,,"called_strike",,,,,3,,"R","R","L","STL","MIA","S",,,3,1,2023,"1.31","0.84",0.7352536540826844,2.9918706623815137,542932,,,0,5,"Top",,,,,,,-5.383466894120702,-134.69400053869043,-5.837215255501638,17.16399902799202,26.350266803856755,-20.844277177388353,3.21889014910068,1.47905018430299,,,,"93.2",2172,"6.4",717357,575929,502671,669357,571448,657557,676475,663457,691023,"54.07",,,,,,,,32,5,"Sinker",0,0,0,0,0,0,0,0,"Strategic","Standard",146,"0.011","-0.029",,,,,"0.029",,0,0,0.367,0.633,30,33,31,34,2,1,11,2,5,1,"1.79","1.31","-1.31","44.9",,,,,
"SI","2023-07-18","92.2","1.83","6.86","Montgomery, Jordan",607732,656756,,"ball",,,,,12,,"R","R","L","STL","MIA","B",,,2,1,2023,"0.99","0.89",1.2429798708293216,3.6324250240831795,542932,,,0,5,"Top",,,,,,,-3.65720743979767,-134.3434318941323,-4.396567114693263,12.824029168407627,25.384217816625906,-20.634845123877184,3.24327011959475,1.47905018430299,,,,"92.8",2246,"6.3",717357,575929,502671,669357,571448,657557,676475,663457,691023,"54.24",,,,,,,,32,4,"Sinker",0,0,0,0,0,0,0,0,"Strategic","Standard",146,"-0.013","0.085",,,,,"-0.085",,0,0,0.38,0.62,30,33,31,34,2,1,11,2,5,1,"1.76","0.99","-0.99","46.4",,,,,
"CH","2023-07-18","82.6","1.61","6.64","Montgomery, Jordan",607732,656756,,"ball",,,,,12,,"R","R","L","STL","MIA","B",,,1,1,2023,"0.6","1.13",1.7309778038300592,2.7143226631302704,542932,,,0,5,"Top",,,,,,,-0.9039944314976318,-120.33761564689519,-4.7414530881830865,6.015883221637854,20.79313770516527,-20.507507180811096,3.21889014910068,1.47905018430299,,,,"83.5",1607,"6.6",717357,575929,502671,669357,571448,657557,676475,663457,691023,"53.93",,,,,,,,32,3,"Changeup",0,0,0,0,0,0,0,0,"Strategic","Standard",135,"-0.006","0.036",,,,,"-0.036",,0,0,0.386,0.614,30,33,31,34,2,1,11,2,5,1,"2.18","0.6","-0.6","47.9",,,,,
"CU","2023-07-18","81.6","1.66","6.75","Montgomery, Jordan",607732,656756,,"blocked_ball",,,,,13,,"R","R","L","STL","MIA","B",,,0,1,2023,"0.02","-0.54",-0.7248343930373584,-0.5200735331774462,542932,,,0,5,"Top",,,,,,,-5.424939278731062,-118.54402565107682,-8.794795662514153,1.1586318296517049,20.39903789735914,-35.925101829998205,3.24327011959475,1.47905018430299,,,,"82",2416,"6.4",717357,575929,502671,669357,571448,657557,676475,663457,691023,"54.07",,,,,,,,32,2,"Curveball",0,0,0,0,0,0,0,0,"Strategic","Standard",330,"-0.005","0.017",,,,,"-0.017",,0,0,0.391,0.609,30,33,31,34,2,1,11,2,5,1,"3.94","0.02","-0.02","49.2",,,,,
"CH","2023-07-18","82.4","1.57","6.72","Montgomery, Jordan",607732,656756,,"swinging_strike",,,,,8,,"R","R","L","STL","MIA","S",,,0,0,2023,"0.56","1.13",0.2652233845806071,1.9163836959859852,542932,,,0,5,"Top",,,,,,,-4.062372486770393,-119.99603724143965,-6.7201633895449255,6.116421273727961,19.81460342907775,-20.237874856448126,3.22,1.48,,,,"83.4",1618,"6.6",717357,575929,502671,669357,571448,657557,676475,663457,691023,"53.9",,,,,,,,32,1,"Changeup",0,0,0,0,0,0,0,0,"Strategic","Standard",135,"0.007","-0.045","71.0","8.5","1.388923452",,"0.045",,0,0,0.384,0.616,30,33,31,34,2,1,11,2,5,1,"2.19","0.56","-0.56","49.8",32.90301588667623,-32.60849815083664,39.33093535553586,38.89528529319902,50.09503251855064
"SI","2023-07-18","92","1.76","6.77","Montgomery, Jordan",667472,656756,"field_out","hit_into_play",,,,,6,"Dane Myers grounds out, second baseman Nolan Gorman to first baseman Paul Goldschmidt.","R","R","L","STL","MIA","X",4,"ground_ball",0,0,2023,"1.19","0.72",0.7601524124933055,2.4752587657735994,,,516416,2,4,"Top",120.81,143.78,,,,,-5.155886453459202,-133.89038079176768,-6.671987514243223,15.468663346962266,27.5962915549631,-22.336522717993223,3.55,1.62,100,"87.5",7,"92.8",2078,"6.7",717357,575929,502671,669357,571448,657557,676475,663457,691023,"53.84",0.461,0.429,"0",1,0,0,4,26,1,"Sinker",0,0,0,0,0,0,0,0,"Infield shade","Standard",148,"0.028","-0.286","78.1","7.6",,0.523,"0.286","88.0",0,0,0.532,0.46799999999999997,30,27,31,27,2,1,11,1,5,1,"1.97","1.19","-1.19","45.3",8.429406502611078,5.462314813203029,30.118674292723934,42.546066845737855,26.56934720058981
"SI","2023-07-18","91.2","1.69","6.88","Montgomery, Jordan",493329,656756,"grounded_into_double_play","hit_into_play",,,,,2,"Yuli Gurriel grounds into a double play, shortstop Paul DeJong to second baseman Nolan Gorman to first baseman Paul Goldschmidt. Bryan De La Cruz out at 2nd. Yuli Gurriel out at 1st.","R","R","L","STL","MIA","X",6,"ground_ball",0,1,2023,"1.16","0.9",0.23673195990456364,3.060242056651534,,,650559,0,4,"Top",110.15,151.91,,,,,-6.133431849316037,-132.61918957228065,-5.585720889977822,15.053979790440135,30.057772107206528,-20.579802447384377,3.4,1.64,19,"103.6",-9,"90.8",2075,"6.2",717357,575929,502671,669357,571448,657557,676475,663457,691023,"54.29",0.321,0.289,"0",1,0,0,2,24,2,"Sinker",0,0,0,0,0,0,0,0,"Standard","Standard",148,"0.085","-0.314","70.2","7.6",,0.34,"0.314","103.6",0,0,0.462,0.538,30,39,31,39,2,1,11,2,5,1,"1.86","1.16","-1.16","46.7",7.548249664540297,-3.3464205691541853,18.044668977511304,39.04420980548198,29.179520178154277
"CU","2023-07-18","78.2","1.81","6.81","Montgomery, Jordan",493329,656756,,"called_strike",,,,,12,,"R","R","L","STL","MIA","S",,,0,0,2023,"-0.08","-0.31",1.0527153727277359,2.440024194239275,,,650559,0,4,"Top",,,,,,,-1.4822945909324374,-113.99668898619153,-2.008419056797339,-0.40483878378008953,20.541411796838446,-34.769516183380404,3.23514375572255,1.46707794727282,,,,"78.4",2247,"6.3",717357,575929,502671,669357,571448,657557,676475,663457,691023,"54.21",,,,,,,,24,1,"Curveball",0,0,0,0,0,0,0,0,"Standard","Standard",333,"0.006","-0.036",,,,,"0.036",,0,0,0.456,0.544,30,39,31,39,2,1,11,2,5,1,"4.02","-0.08","0.08","45.9",,,,,
"CU","2023-07-18","80.1","1.68","6.74","Montgomery, Jordan",643265,656756,"strikeout","swinging_strike_blocked",,,,,13,"Garrett Cooper strikes out swinging, catcher Willson Contreras to first baseman Paul Goldschmidt.","R","R","L","STL","MIA","S",2,,1,2,2023,"-0.22","-0.58",-0.10767360014999391,0.42734343734432967,,,650333,2,3,"Top",,,,,,,-3.528893578931038,-116.5681334313681,-6.117780856052969,-1.3472467208658232,22.7369549934305,-36.441933404172886,3.49,1.72,,,,"80",2418,"6.3",717357,575929,502671,669357,571448,657557,676475,663457,691023,"54.2",,0,"0",1,0,0,,19,4,"Curveball",0,0,0,0,0,0,0,0,"Standard","Standard",323,"0.018","-0.206","68.2","9.1","2.052702828",,"0.206",,0,0,0.537,0.46299999999999997,30,32,31,33,2,1,11,1,5,1,"4.14","-0.22","0.22","47.5",25.80386349283916,-18.85488374799077,46.662057400196126,38.62484706089167,44.90502171683273
"SI","2023-07-18","92.3","1.69","6.84","Montgomery, Jordan",643265,656756,,"swinging_strike",,,,,12,,"R","R","L","STL","MIA","S",,,1,1,2023,"1.32","0.95",1.8127164428024494,2.640491121430295,,,650333,2,3,"Top",,,,,,,-2.5562542004265207,-134.4012314014733,-6.954182395682505,16.59365062996748,27.92481410496581,-19.409067470295298,3.49,1.72,,,,"92.6",2112,"6.3",717357,575929,502671,669357,571448,657557,676475,663457,691023,"54.16",,,,,,,,19,3,"Sinker",0,0,0,0,0,0,0,0,"Standard","Standard",145,"0.006","-0.06","69.9","7.6","1.827966516",,"0.06",,0,0,0.531,0.469,30,32,31,33,2,1,11,1,5,1,"1.72","1.32","-1.32","44.1",2.1444174983842754,25.017136403152772,34.23692879706657,62.69006799851722,8.206835425792235
"CH","2023-07-18","82.5","1.59","6.65","Montgomery, Jordan",643265,656756,,"ball",,,,,14,,"R","R","L","STL","MIA","B",,,0,1,2023,"0.72","1.12",0.8998160272027659,0.9049658026670628,,,650333,2,3,"Top",,,,,,,-2.9824220091467666,-119.94214311582913,-8.761940792125602,7.546934433639459,22.0155716945111,-19.945473470644124,3.65749150235404,1.71915226211836,,,,"82.9",1660,"6.5",717357,575929,502671,669357,571448,657557,676475,663457,691023,"54.04",,,,,,,,19,2,"Changeup",0,0,0,0,0,0,0,0,"Standard","Standard",136,"-0.003","0.025",,,,,"-0.025",,0,0,0.534,0.46599999999999997,30,32,31,33,2,1,11,1,5,1,"2.23","0.72","-0.72","46.4",,,,,
"CH","2023-07-18","82.5","1.63","6.56","Montgomery, Jordan",643265,656756,,"swinging_strike",,,,,14,,"R","R","L","STL","MIA","S",,,0,0,2023,"0.77","0.85",1.042054202745696,1.6335094525489922,,,650333,2,3,"Top",,,,,,,-2.8439699377430885,-120.10219827811986,-6.415503826998176,8.047683090472711,22.055810601726392,-22.930049084133767,3.49,1.72,,,,"83",1581,"6.5",717357,575929,502671,669357,571448,657557,676475,663457,691023,"54.01",,,,,,,,19,1,"Changeup",0,0,0,0,0,0,0,0,"Standard","Standard",128,"0.004","-0.045","71.7","8.8","0.651804684",,"0.045",,0,0,0.53,0.47,30,32,31,33,2,1,11,1,5,1,"2.48","0.77","-0.77","45.9",22.625503943709266,-10.77719371580672,37.14256702768113,53.151310286735374,36.47554725259002
"CH","2023-07-18","82.8","1.64","6.61","Montgomery, Jordan",624585,656756,"strikeout","swinging_strike",,,,,14,"Jorge Soler strikes out swinging.","R","R","L","STL","MIA","S",2,,1,2,2023,"0.72","1.05",1.3820411928801124,1.7612810242360015,,,650333,1,3,"Top",,,,,,,-2.0235457779443715,-120.60400836596295,-6.724751157617547,7.464247498429849,21.447370965037603,-20.854167884351394,3.52,1.71,,,,"83.6",1558,"6.6",717357,575929,502671,669357,571448,657557,676475,663457,691023,"53.92",,0,"0",1,0,0,,18,5,"Changeup",0,0,0,0,0,0,0,0,"Standard","Standard",135,"0.023","-0.183","66.9","9.0","0.324496704",,"0.183",,0,0,0.507,0.493,30,31,31,31,2,1,11,1,5,1,"2.25","0.72","-0.72","50.1",17.406178050895964,-16.22140532923147,28.74024799862285,55.94777268482815,33.229908778576345
"CH","2023-07-18","82.9","1.67","6.66","Montgomery, Jordan",624585,656756,,"ball",,,,,14,,"R","R","L","STL","MIA","B",,,0,2,2023,"0.7","1.05",1.7880357437905192,2.5096849079218395,,,650333,1,3,"Top",,,,,,,-1.115936485835509,-120.72925008198936,-5.069987724983385,7.098261194809742,23.56624137640783,-21.174539855075547,3.48698500989596,1.64754548401243,,,,"83.1",1565,"6.4",717357,575929,502671,669357,571448,657557,676475,663457,691023,"54.11",,,,,,,,18,4,"Changeup",0,0,0,0,0,0,0,0,"Standard","Standard",133,"-0.003","0.023",,,,,"-0.023",,0,0,0.51,0.49,30,31,31,31,2,1,11,1,5,1,"2.27","0.7","-0.7","48.9",,,,,
"CU","2023-07-18","81.3","1.75","6.68","Montgomery, Jordan",624585,656756,,"foul",,,,,13,,"R","R","L","STL","MIA","S",,,0,2,2023,"-0.23","-0.41",-0.05067633701376173,0.9660069672971745,,,650333,1,3,"Top",,,,,,,-3.5998744513000296,-118.2627948845931,-5.3825834504421,-1.4369836289139766,24.16851877752193,-35.09832912981675,3.52,1.71,4,"85.9",-17,"81.2",2342,"6.4",717357,575929,502671,669357,571448,657557,676475,663457,691023,"54.11",,,,,,,,18,3,"Curveball",0,0,0,0,0,0,0,0,"Standard","Standard",317,"0","0","73.4","9.0",,,"0","88.0",0,0,0.51,0.49,30,31,31,31,2,1,11,1,5,1,"3.88","-0.23","0.23","46.2",16.076815326360638,-16.213409812757988,44.18202198098775,39.11121380839907,35.57914475119078
"SI","2023-07-18","94.5","1.73","6.79","Montgomery, Jordan",624585,656756,,"called_strike",,,,,13,,"R","R","L","STL","MIA","S",,,0,1,2023,"1.18","0.93",-0.8767307438492156,2.483946419615415,,,650333,1,3,"Top",,,,,,,-9.478754388602736,-137.11292539757594,-7.597761548146549,17.07601081670054,32.10097664493824,-18.87517017234295,3.48652455159735,1.59750827166943,,,,"94.8",2274,"6.7",717357,575929,502671,669357,571448,657557,676475,663457,691023,"53.76",,,,,,,,18,2,"Sinker",0,0,0,0,0,0,0,0,"Standard","Standard",148,"0.008","-0.053",,,,,"0.053",,0,0,0.502,0.498,30,31,31,31,2,1,11,1,5,1,"1.65","1.18","-1.18","46.9",,,,,
"CH","2023-07-18","81.9","1.62","6.67","Montgomery, Jordan",624585,656756,,"called_strike",,,,,8,,"R","R","L","STL","MIA","S",,,0,0,2023,"0.65","0.6",-0.26522751976329595,2.1093640507742264,,,650333,1,3,"Top",,,,,,,-5.531037882385366,-119.15980007896415,-4.904967072565845,7.22996610098097,23.61705254574685,-25.661450228900303,3.5113478821796,1.69643676252427,,,,"82.2",1578,"6.6",717357,575929,502671,669357,571448,657557,676475,663457,691023,"53.92",,,,,,,,18,1,"Changeup",0,0,0,0,0,0,0,0,"Standard","Standard",127,"0.005","-0.042",,,,,"0.042",,0,0,0.497,0.503,30,31,31,31,2,1,11,1,5,1,"2.8","0.65","-0.65","47.6",,,,,
"SI","2023-07-18","94.9","1.64","6.83","Montgomery, Jordan",542932,656756,"field_out","hit_into_play",,,,,4,"Jon Berti grounds out, pitcher Jordan Montgomery to first baseman Paul Goldschmidt.","R","R","L","STL","MIA","X",1,"ground_ball",3,2,2023,"1.24","0.8",-0.341424904790514,2.1173022812789926,,650559,493329,2,2,"Top",124.87,184.98,,,,,-7.95761979914577,-137.92069982027417,-8.497297208261207,17.53587879098816,28.07638562927915,-20.329000786018025,3.33,1.52,21,"90.5",-4,"95.3",2072,"6.4",717357,575929,502671,669357,571448,657557,676475,663457,691023,"54.11",0.26,0.238,"0",1,0,0,2,12,6,"Sinker",0,0,0,0,0,0,0,0,"Standard","Standard",142,"0.05","-0.31","69.8","7.1",,0.267,"0.31","90.5",0,0,0.501,0.499,30,33,31,33,1,0,11,2,5,1,"1.72","1.24","-1.24","47.0",-4.1734806346031865,4.942773631594524,34.507769528450424,33.15765954786214,22.161189394111066
"SI","2023-07-18","93.2","1.73","6.84","Montgomery, Jordan",542932,656756,,"foul",,,,,9,,"R","R","L","STL","MIA","S",,,3,1,2023,"1.1","0.92",0.4073930618622552,2.005163604772323,,650559,493329,2,2,"Top",,,,,,,-5.793635529415267,-135.43980833974086,-8.69070027837289,14.792914243526544,27.496848520176066,-19.13818019972372,3.33,1.52,171,"69.6",36,"93.3",2165,"6.3",717357,575929,502671,669357,571448,657557,676475,663457,691023,"54.25",,,,,,,,12,5,"Sinker",0,0,0,0,0,0,0,0,"Standard","Standard",146,"0.008","-0.048","75.0","7.5",,,"0.048","88.0",0,0,0.493,0.507,30,33,31,33,1,0,11,2,5,1,"1.69","1.1","-1.1","44.2",-11.609775899958866,13.721418966762647,32.26099903389583,42.02542255747629,18.070692956137492
"SI","2023-07-18","92.7","1.74","6.79","Montgomery, Jordan",542932,656756,,"ball",,,,,14,,"R","R","L","STL","MIA","B",,,2,1,2023,"1.08","1.02",0.4452839798773265,1.0436786123323525,,650559,493329,2,2,"Top",,,,,,,-5.674589046726993,-134.5460111739732,-11.103004024111641,14.33973041768382,27.762743981703267,-17.635689605608032,3.36514699582274,1.47638962729519,,,,"92.8",2100,"6.4",717357,575929,502671,669357,571448,657557,676475,663457,691023,"54.11",,,,,,,,12,4,"Sinker",0,0,0,0,0,0,0,0,"Standard","Strategic",145,"-0.01","0.052",,,,,"-0.052",,0,0,0.503,0.497,30,33,31,33,1,0,11,2,5,1,"1.64","1.08","-1.08","46.2",,,,,
"SI","2023-07-18","94.1","1.71","6.86","Montgomery, Jordan",542932,656756,,"ball",,,,,11,,"R","R","L","STL","MIA","B",,,1,1,2023,"1.08","1.02",-1.3684669305366084,2.523539249542678,,650559,493329,2,2,"Top",,,,,,,-10.377310818609033,-136.50834617113276,-7.800579335517546,15.701834510865432,28.577784097592367,-17.8374561991852,3.38951773217076,1.5986495330592,,,,"94.3",2136,"6.4",717357,575929,502671,669357,571448,657557,676475,663457,691023,"54.06",,,,,,,,12,3,"Sinker",0,0,0,0,0,0,0,0,"Standard","Standard",146,"-0.005","0.025",,,,,"-0.025",,0,0,0.508,0.492,30,33,31,33,1,0,11,2,5,1,"1.56","1.08","-1.08","47.8",,,,,
"CH","2023-07-18","82","1.47","6.75","Montgomery, Jordan",542932,656756,,"foul",,,,,5,,"R","R","L","STL","MIA","S",,,1,0,2023,"0.42","1.18",0.05634914987897288,2.1793255100111937,,650559,493329,2,2,"Top",,,,,,,-4.0227293241744455,-119.28785567955282,-6.098611410683311,4.783966725991346,22.2773293928979,-19.909560865086643,3.33,1.52,113,"90.3",8,"82.4",1554,"6.5",717357,575929,502671,669357,571448,657557,676475,663457,691023,"54",,,,,,,,12,2,"Changeup",0,0,0,0,0,0,0,0,"Standard","Standard",134,"0.005","-0.045","78.3","8.7",,,"0.045","90.3",0,0,0.503,0.497,30,33,31,33,1,0,11,2,5,1,"2.2","0.42","-0.42","48.7",13.315633419188096,-20.044757921769126,27.13332692157548,40.041161080642325,45.32000725571753
"CU","2023-07-18","79.8","1.72","6.75","Montgomery, Jordan",542932,656756,,"ball",,,,,14,,"R","R","L","STL","MIA","B",,,0,0,2023,"-0.27","-0.7",0.9784604073759391,2.1125545101655097,,650559,493329,2,2,"Top",,,,,,,-1.116376137948643,-116.28291160628372,-2.1912097130398065,-2.2945074150319353,21.231246942891143,-38.314897938694834,3.24327011959475,1.4030202683509,,,,"80.1",2336,"6.4",717357,575929,502671,669357,571448,657557,676475,663457,691023,"54.13",,,,,,,,12,1,"Curveball",0,0,0,0,0,0,0,0,"Standard","Standard",314,"-0.003","0.03",,,,,"-0.03",,0,0,0.506,0.494,30,33,31,33,1,0,11,2,5,1,"4.26","-0.27","0.27","49.9",,,,,
"SI","2023-07-18","93","1.63","6.85","Montgomery, Jordan",667472,656756,"field_out","hit_into_play",,,,,6,"Dane Myers lines out to center fielder Lars Nootbaar.","R","R","L","STL","MIA","X",8,"line_drive",1,0,2023,"1.29","0.68",0.5596697652122133,2.3172360497762314,,650559,493329,1,2,"Top",155.72,82.13,,,,,-5.559076968237834,-135.30083120032464,-7.340231113056852,17.055271822143247,28.258996027720187,-22.472871518644784,3.55,1.62,300,"99.8",14,"93.1",2120,"6.3",717357,575929,502671,669357,571448,657557,676475,663457,691023,"54.23",0.808,0.795,"0",1,0,0,4,11,2,"Sinker",0,0,0,0,0,0,0,0,"Standard","Standard",143,"0.054","-0.281","72.1","7.6",,1.05,"0.281","99.8",0,0,0.452,0.548,30,27,31,27,1,0,11,1,5,1,"1.95","1.29","-1.29","46.5",5.991624626569462,11.26055703595987,32.437931745665566,40.2458372387943,24.619618844311134
"SI","2023-07-18","91.7","1.58","6.83","Montgomery, Jordan",667472,656756,,"ball",,,,,14,,"R","R","L","STL","MIA","B",,,0,0,2023,"1.26","0.83",0.38165545142720436,0.8902832037257244,,650559,493329,1,2,"Top",,,,,,,-5.744865121303306,-133.1821334570476,-10.94990324756762,16.25887562070108,27.194059843669017,-20.21044982539519,3.56006884832814,1.62309808867504,,,,"91.8",2014,"6.4",717357,575929,502671,669357,571448,657557,676475,663457,691023,"54.13",,,,,,,,11,1,"Sinker",0,0,0,0,0,0,0,0,"Standard","Standard",145,"-0.006","0.042",,,,,"-0.042",,0,0,0.458,0.542,30,27,31,27,1,0,11,1,5,1,"1.88","1.26","-1.26","47.3",,,,,
"CU","2023-07-18","78.9","1.65","6.77","Montgomery, Jordan",516416,656756,"field_out","hit_into_play",,,,,12,"Jean Segura bunt pops out to catcher Willson Contreras in foul territory.","R","R","L","STL","MIA","X",2,"popup",0,0,2023,"-0.31","-0.37",0.4006407649116922,3.398209079469312,,650559,493329,0,2,"Top",120.89,200.61,,,,,-2.153396829501811,-114.94545367252204,0.06653520788579215,-2.444228601345068,18.942614096262236,-35.64211829549427,3.08,1.49,15,"29.5",81,"79.6",2218,"6.4",717357,575929,502671,669357,571448,657557,676475,663457,691023,"54.06",0.026,0.024,"0",1,0,0,1,10,1,"Curveball",0,0,0,0,0,0,0,0,"Standard","Standard",325,"0.053","-0.004",,,,0.027,"0.004","88.0",0,0,0.405,0.595,30,33,31,33,1,0,11,1,5,3,"3.99","-0.31","0.31","48.6",,,,,
"SI","2023-07-18","94.1","1.73","6.79","Montgomery, Jordan",493329,656756,"single","hit_into_play",,,,,13,"Yuli Gurriel singles on a ground ball to left fielder Alec Burleson. Bryan De La Cruz to 2nd.","R","R","L","STL","MIA","X",7,"ground_ball",2,2,2023,"1.15","0.95",-0.8486811351203496,1.8980444775772674,,,650559,0,2,"Top",90.07,125.65,,,,,-9.252843416440237,-136.56987534920515,-9.114465502301844,16.35492076094525,28.42303888452033,-18.444102512396714,3.4,1.64,135,"76.7",9,"94.6",2220,"6.6",717357,575929,502671,669357,571448,657557,676475,663457,691023,"53.92",0.274,0.246,"0.9",1,1,0,2,9,8,"Sinker",0,0,0,0,0,0,0,0,"Standard","Standard",146,"-0.062","0.478","68.8","7.8",,0.274,"-0.478","88.0",0,0,0.467,0.5329999999999999,30,39,31,39,1,0,11,2,5,1,"1.63","1.15","-1.15","45.1",-0.5440598725385647,-9.410377025248245,39.55071988676529,26.12358627400849,22.22840471074196
"FF","2023-07-18","93.9","1.66","6.82","Montgomery, Jordan",493329,656756,,"ball",,,,,13,,"R","R","L","STL","MIA","B",,,1,2,2023,"0.71","1.18",-0.06113778792684166,1.1861983589940461,,,650559,0,2,"Top",,,,,,,-6.014719371423519,-136.2225682174063,-11.43585163288021,10.148488028179434,28.600953447826477,-15.175139433611596,3.43825451671582,1.62309808867504,,,,"93.9",2222,"6.4",717357,575929,502671,669357,571448,657557,676475,663457,691023,"54.15",,,,,,,,9,7,"4-Seam Fastball",0,0,0,0,0,0,0,0,"Standard","Standard",135,"-0.006","0.045",,,,,"-0.045",,0,0,0.473,0.527,30,39,31,39,1,0,11,2,5,1,"1.41","0.71","-0.71","47.6",,,,,
"CU","2023-07-18","81.3","1.65","6.83","Montgomery, Jordan",493329,656756,,"foul",,,,,14,,"R","R","L","STL","MIA","S",,,1,2,2023,"0.14","-0.73",0.2822857200738099,1.0663292503532267,,,650559,0,2,"Top",,,,,,,-3.340885014769142,-118.35739101904684,-4.900672863364206,1.9941830141618064,23.31377208316104,-38.27983737528951,3.4,1.64,2,"83.7",-34,"81.2",2377,"6.3",717357,575929,502671,669357,571448,657557,676475,663457,691023,"54.23",,,,,,,,9,6,"Curveball",0,0,0,0,0,0,0,0,"Standard","Standard",330,"0","0","64.8","8.8",,,"0","88.0",0,0,0.473,0.527,30,39,31,39,1,0,11,2,5,1,"4.19","0.14","-0.14","48.6",13.78649113367286,-19.120152801203268,28.562512548155365,40.16062170516963,40.6417209863338
"SI","2023-07-18","94.2","1.79","6.78","Montgomery, Jordan",493329,656756,,"foul",,,,,3,,"R","R","L","STL","MIA","S",,,1,2,2023,"1.25","0.79",0.6567574341630915,3.381364280780942,,,650559,0,2,"Top",,,,,,,-5.724935913617495,-137.01571799834585,-4.880849893720818,17.02986069860667,29.700659316016377,-21.338162940094055,3.4,1.64,,"90.5",35,,2116,"6.3",717357,575929,502671,669357,571448,657557,676475,663457,691023,"54.15",,,,,,,,9,5,"Sinker",0,0,0,0,0,0,0,0,"Standard","Standard",149,"0","0","67.8","6.8",,,"0","90.5",0,0,0.473,0.527,30,39,31,39,1,0,11,2,5,1,"1.78","1.25","-1.25","45.2",-3.646504657207041,31.535026189072383,17.414689012458084,44.77836232844288,10.998170622241485
"CU","2023-07-18","79.8","1.67","6.84","Montgomery, Jordan",493329,656756,,"foul",,,,,13,,"R","R","L","STL","MIA","S",,,1,2,2023,"-0.24","-0.28",-0.1567092135629551,0.9111801895392144,,,650559,0,2,"Top",,,,,,,-3.5556784507736108,-116.12839566537905,-5.789956165449306,-1.554677816859482,21.598586035319446,-33.80453525097828,3.4,1.64,22,"91.2",-3,"79.6",2347,"6.1",717357,575929,502671,669357,571448,657557,676475,663457,691023,"54.36",,,,,,,,9,4,"Curveball",0,0,0,0,0,0,0,0,"Standard","Standard",319,"0","0","72.0","8.5",,,"0","91.2",0,0,0.473,0.527,30,39,31,39,1,0,11,2,5,1,"3.85","-0.24","0.24","46.9",13.665521411992898,-19.270448306675405,34.6039116509575,36.17652614956495,40.156331433170074
"SI","2023-07-18","94","1.7","6.82","Montgomery, Jordan",493329,656756,,"called_strike",,,,,9,,"R","R","L","STL","MIA","S",,,1,1,2023,"1.29","0.74",0.4050474635342136,1.5689113119363722,,,650559,0,2,"Top",,,,,,,-6.20321418667821,-136.48479949230438,-9.499500198272315,17.434724896908353,30.34978390061396,-20.98039121737504,3.43825451671582,1.62309808867504,,,,"93.9",2136,"6.4",717357,575929,502671,669357,571448,657557,676475,663457,691023,"54.14",,,,,,,,9,3,"Sinker",0,0,0,0,0,0,0,0,"Standard","Standard",142,"0.009","-0.059",,,,,"0.059",,0,0,0.464,0.536,30,39,31,39,1,0,11,2,5,1,"1.85","1.29","-1.29","46.2",,,,,
"CH","2023-07-18","80.6","1.49","6.75","Montgomery, Jordan",493329,656756,,"ball",,,,,12,,"R","R","L","STL","MIA","B",,,0,1,2023,"0.67","0.98",2.0942198555650737,2.89106658105319,,,650559,0,2,"Top",,,,,,,0.07766825087917112,-117.35674159856408,-3.78488604333703,6.190143086838221,21.85131354422771,-22.59371731833774,3.41388690783579,1.5986495330592,,,,"80.7",1399,"6.3",717357,575929,502671,669357,571448,657557,676475,663457,691023,"54.22",,,,,,,,9,2,"Changeup",0,0,0,0,0,0,0,0,"Standard","Standard",129,"-0.003","0.024",,,,,"-0.024",,0,0,0.467,0.5329999999999999,30,39,31,39,1,0,11,2,5,1,"2.52","0.67","-0.67","46.1",,,,,
"SI","2023-07-18","91.2","1.6","6.9","Montgomery, Jordan",493329,656756,,"called_strike",,,,,8,,"R","R","L","STL","MIA","S",,,0,0,2023,"1.14","0.94",-0.07036799340678157,1.8965491590155834,,,650559,0,2,"Top",,,,,,,-6.652061258450089,-132.4522618513407,-8.712344915471308,14.833269113209841,26.88060825678685,-19.505903332462296,3.46262055274381,1.63911869506484,,,,"91.4",2169,"6.4",717357,575929,502671,669357,571448,657557,676475,663457,691023,"54.11",,,,,,,,9,1,"Sinker",0,0,0,0,0,0,0,0,"Standard","Standard",149,"0.005","-0.036",,,,,"0.036",,0,0,0.462,0.538,30,39,31,39,1,0,11,2,5,1,"1.8","1.14","-1.14","47.9",,,,,
"SI","2023-07-07","90.1","1.66","6.72","Montgomery, Jordan",462101,656756,,"ball",,,,,13,,"R","R","L","CWS","STL","B",,,1,1,2023,"1.16","0.93",-2.011470838141304,1.399032127016286,,621545,,1,5,"Bot",,,,,,,-11.641656176775387,-130.58750561554982,-9.296744322822251,15.611486796379118,24.810099472138106,-19.70350559925093,2.97978258310427,1.34151074297806,,,,"90.8",2200,"6.7",717455,671056,502671,669357,571448,657557,663457,666185,691023,"53.77",,,,,,,,43,3,"Sinker",1,5,1,5,5,1,1,5,"Standard","Standard",145,"0.004","0.052",,,,,"-0.052",,-4,-4,0.134,0.134,30,34,31,35,1,1,5,1,11,2,"1.88","1.16","-1.16","45.0",,,,,
"CH","2023-07-07","83.3","1.68","6.65","Montgomery, Jordan",462101,656756,,"ball",,,,,9,,"R","R","L","CWS","STL","B",,,0,1,2023,"0.91","0.88",0.493414793477425,1.4131195326314296,,621545,,1,5,"Bot",,,,,,,-4.548806079528995,-121.08800892826099,-7.362443792748227,9.859110038292835,22.253189544124133,-22.28430996378169,3.03149509844518,1.38135246874071,,,,"84",1719,"6.7",717455,671056,502671,669357,571448,657557,663457,666185,691023,"53.85",,,,,,,,43,2,"Changeup",1,5,1,5,5,1,1,5,"Infield shade","Standard",136,"0.003","0.024",,,,,"-0.024",,-4,-4,0.131,0.131,30,34,31,35,1,1,5,1,11,2,"2.39","0.91","-0.91","51.8",,,,,
"SI","2023-07-07","92.9","1.73","6.7","Montgomery, Jordan",462101,656756,,"called_strike",,,,,4,,"R","R","L","CWS","STL","S",,,0,0,2023,"1.09","0.77",-0.5514995979822663,2.0875975632502524,,621545,,1,5,"Bot",,,,,,,-8.325816892566666,-135.0490382902054,-7.862049759186664,15.12425576592514,26.14355463004827,-21.224684226932894,3.15226048972218,1.34151074297806,,,,"94.3",2213,"6.9",717455,671056,502671,669357,571448,657557,663457,666185,691023,"53.6",,,,,,,,43,1,"Sinker",1,5,1,5,5,1,1,5,"Standard","Standard",144,"-0.004","-0.038",,,,,"0.038",,-4,-4,0.135,0.135,30,34,31,35,1,1,5,1,11,2,"1.85","1.09","-1.09","45.2",,,,,
"CH","2023-07-07","84.1","1.57","6.7","Montgomery, Jordan",641313,656756,"field_out","hit_into_play",,,,,6,"Tim Anderson flies out to center fielder Dylan Carlson.","R","R","L","CWS","STL","X",8,"fly_ball",2,2,2023,"0.63","1.05",0.5996862792946919,2.7647672195846553,669394,,643217,2,3,"Bot",143.44,59.27,,,,,-3.526148781769006,-122.4096941526029,-4.86564578790056,6.984873702779074,23.978897624155024,-20.89123163284902,3.38,1.52,348,"93.9",36,"84.8",1812,"6.7",717455,671056,502671,669357,571448,657557,663457,666185,691023,"53.76",0.089,0.174,"0",1,0,0,3,29,5,"Changeup",0,5,0,5,5,0,0,5,"Standard","Strategic",137,"-0.025","-0.245",,,,0.332,"0.245","93.9",-5,-5,0.104,0.104,30,30,31,30,2,1,5,1,11,1,"2.17","0.63","-0.63","52.9",,,,,
"CU","2023-07-07","81.2","1.63","6.78","Montgomery, Jordan",641313,656756,,"blocked_ball",,,,,13,,"R","R","L","CWS","STL","B",,,1,2,2023,"-0.7","-0.48",-1.272280989915243,0.7061182609218886,669394,,643217,2,3,"Bot",,,,,,,-5.222837296804461,-118.1588970984179,-6.124706161947116,-5.591854767676179,22.048377304190243,-35.74322619243427,3.21228037875366,1.48142689000015,,,,"82.2",2442,"6.9",717455,671056,502671,669357,571448,657557,663457,666185,691023,"53.6",,,,,,,,29,4,"Curveball",0,5,0,5,5,0,0,5,"Standard","Strategic",324,"0.004","0.023",,,,,"-0.023",,-5,-5,0.1,0.1,30,30,31,30,2,1,5,1,11,1,"3.93","-0.7","0.7","47.4",,,,,
"SI","2023-07-07","93.7","1.71","6.82","Montgomery, Jordan",641313,656756,,"called_strike",,,,,11,,"R","R","L","CWS","STL","S",,,1,1,2023,"1.23","0.89",-0.8839866183025353,2.4869783878026928,669394,,643217,2,3,"Bot",,,,,,,-9.490584043808571,-135.9768685004028,-7.44675810071362,17.378089566145203,30.323406680101236,-19.671781247444372,3.20421778931775,1.46827043414495,,,,"94.3",2322,"6.8",717455,671056,502671,669357,571448,657557,663457,666185,691023,"53.65",,,,,,,,29,3,"Sinker",0,5,0,5,5,0,0,5,"Infield shade","Standard",146,"-0.007","-0.074",,,,,"0.074",,-5,-5,0.107,0.107,30,30,31,30,2,1,5,1,11,1,"1.73","1.23","-1.23","47.9",,,,,
"CH","2023-07-07","82.7","1.57","6.67","Montgomery, Jordan",641313,656756,,"blocked_ball",,,,,13,,"R","R","L","CWS","STL","B",,,0,1,2023,"0.42","1.16",-0.23594459615642238,0.1877584352738002,669394,,643217,2,3,"Bot",,,,,,,-4.970005023788828,-120.09676538568442,-10.631699131127021,4.972258043574452,21.49051361724457,-19.132476766952422,3.1476262244289,1.48142689000015,,,,"83.5",1774,"6.8",717455,671056,502671,669357,571448,657557,663457,666185,691023,"53.73",,,,,,,,29,2,"Changeup",0,5,0,5,5,0,0,5,"Standard","Standard",129,"0.003","0.039",,,,,"-0.039",,-5,-5,0.104,0.104,30,30,31,30,2,1,5,1,11,1,"2.16","0.42","-0.42","48.8",,,,,
"CU","2023-07-07","79.5","1.72","6.73","Montgomery, Jordan",641313,656756,,"called_strike",,,,,9,,"R","R","L","CWS","STL","S",,,0,0,2023,"-0.29","-0.53",0.4600542761587615,1.4385131674911489,669394,,643217,2,3,"Bot",,,,,,,-2.2294264095065897,-115.75652934220489,-3.918055838575359,-2.2400528137887727,20.499812901470825,-36.45045123986553,3.12607170994566,1.48142689000015,,,,"80.4",2380,"6.8",717455,671056,502671,669357,571448,657557,663457,666185,691023,"53.73",,,,,,,,29,1,"Curveball",0,5,0,5,5,0,0,5,"Standard","Standard",323,"-0.005","-0.052",,,,,"0.052",,-5,-5,0.109,0.109,30,30,31,30,2,1,5,1,11,1,"4.12","-0.29","0.29","48.5",,,,,
"CU","2023-07-07","80.8","1.74","6.81","Montgomery, Jordan",643217,656756,"single","hit_into_play",,,,,8,"Andrew Benintendi singles on a fly ball to right fielder Jordan Walker. Jake Burger to 3rd.","R","L","L","CWS","STL","X",9,"fly_ball",0,0,2023,"-0.29","-0.88",0.008743200190010791,1.519640436765107,,,669394,2,3,"Bot",188.5,111.31,,,,,-3.319746510357092,-117.6424075826043,-3.50012584320078,-2.0943241205967094,21.874666551057857,-39.877542343305166,3.24,1.49,246,"74.3",29,"81.5",2458,"6.7",717455,671056,502671,669357,571448,657557,663457,666185,691023,"53.84",0.539,0.488,"0.9",1,1,0,4,28,1,"Curveball",0,5,0,5,5,0,0,5,"Infield shade","Standard",330,"0.017","0.368",,,,0.58,"-0.368","88.0",-5,-5,0.092,0.092,30,28,31,29,2,1,5,1,11,7,"4.36","-0.29","-0.29","48.0",,,,,
"CU","2023-07-07","81","1.7","6.79","Montgomery, Jordan",462101,656756,"strikeout","swinging_strike_blocked",,,,,13,"Elvis Andrus strikes out swinging.","R","R","L","CWS","STL","S",2,,1,2,2023,"-0.44","-0.89",-1.1366192687098446,0.39248825041995383,,,669394,1,3,"Bot",,,,,,,-5.535149308109563,-117.81445001985972,-5.992156325820502,-3.0204982321431277,22.455061322023607,-39.474946985418704,3.04,1.38,,,,"81.4",2463,"6.6",717455,671056,502671,669357,571448,657557,663457,666185,691023,"53.88",,0,"0",1,0,0,,27,4,"Curveball",0,5,0,5,5,0,0,5,"Standard","Standard",324,"-0.014","-0.183",,,,,"0.183",,-5,-5,0.106,0.106,30,34,31,35,1,0,5,1,11,2,"4.36","-0.44","0.44","49.7",,,,,
"SI","2023-07-07","93.8","1.65","6.81","Montgomery, Jordan",462101,656756,,"called_strike",,,,,9,,"R","R","L","CWS","STL","S",,,1,1,2023,"1.17","0.87",0.6671785857053625,1.5629602067848534,,,669394,1,3,"Bot",,,,,,,-5.147192427797839,-136.21352769431454,-9.79838661557737,15.714667467788495,30.31527173127748,-19.29573982699376,2.93664701390386,1.34151074297806,,,,"94.1",2300,"6.6",717455,671056,502671,669357,571448,657557,663457,666185,691023,"53.87",,,,,,,,27,3,"Sinker",0,5,0,5,5,0,0,5,"Standard","Standard",144,"-0.005","-0.055",,,,,"0.055",,-5,-5,0.111,0.111,30,34,31,35,1,0,5,1,11,2,"1.73","1.17","-1.17","48.5",,,,,
"SI","2023-07-07","93.7","1.65","6.84","Montgomery, Jordan",462101,656756,,"swinging_strike",,,,,12,,"R","R","L","CWS","STL","S",,,1,0,2023,"1.19","0.92",0.8191933173097039,3.4774401052957975,,,669394,1,3,"Bot",,,,,,,-4.7954094300974095,-136.3071059827547,-4.993982542355123,15.83085765833031,29.475821313419413,-19.855464643604122,3.04,1.38,,,,"94.1",2250,"6.5",717455,671056,502671,669357,571448,657557,663457,666185,691023,"53.98",,,,,,,,27,2,"Sinker",0,5,0,5,5,0,0,5,"Standard","Standard",146,"-0.004","-0.053",,,,,"0.053",,-5,-5,0.115,0.115,30,34,31,35,1,0,5,1,11,2,"1.68","1.19","-1.19","46.3",,,,,
"SI","2023-07-07","93.4","1.62","6.82","Montgomery, Jordan",462101,656756,,"ball",,,,,14,,"R","R","L","CWS","STL","B",,,0,0,2023,"1.28","0.87",0.846836083023889,0.8735866182911134,,,669394,1,3,"Bot",,,,,,,-4.838953191672135,-135.57870271841895,-11.483865182828074,16.878365990299944,30.346851647789848,-19.022848538939524,3.04447378493033,1.34151074297806,,,,"93.7",2261,"6.6",717455,671056,502671,669357,571448,657557,663457,666185,691023,"53.86",,,,,,,,27,1,"Sinker",0,5,0,5,5,0,0,5,"Standard","Standard",146,"0.003","0.036",,,,,"-0.036",,-5,-5,0.112,0.112,30,34,31,35,1,0,5,1,11,2,"1.76","1.28","-1.28","46.0",,,,,
"CH","2023-07-07","82.8","1.65","6.74","Montgomery, Jordan",621545,656756,"field_out","hit_into_play",,,,,3,"Zach Remillard pops out to third baseman Nolan Arenado in foul territory.","R","R","L","CWS","STL","X",5,"popup",0,1,2023,"0.6","0.89",0.7383229143372195,3.1514913560026705,,,669394,0,3,"Bot",96.39,188.32,,,,,-3.2925674234064934,-120.58758656667837,-3.456341466746511,6.518309809148117,23.883660759451892,-23.06875864058873,3.49,1.56,84,"80.9",73,"83.4",1606,"6.7",717455,671056,502671,669357,571448,657557,663457,666185,691023,"53.79",0.005,0.007,"0",1,0,0,3,26,2,"Changeup",0,5,0,5,5,0,0,5,"Standard","Standard",133,"-0.02","-0.205",,,,0.008,"0.205","88.0",-5,-5,0.132,0.132,30,29,31,29,1,0,5,1,11,1,"2.44","0.6","-0.6","49.1",,,,,
"CU","2023-07-07","78.2","1.78","6.8","Montgomery, Jordan",621545,656756,,"called_strike",,,,,5,,"R","R","L","CWS","STL","S",,,0,0,2023,"-0.44","-0.81",-0.011630915992394575,2.216071261263738,,,669394,0,3,"Bot",,,,,,,-3.076944566201864,-113.90374655070516,-1.4892942687360295,-3.190652025958064,22.31903357510106,-39.13296412891574,3.30087181460596,1.52140567748635,,,,"78.8",2284,"6.8",717455,671056,502671,669357,571448,657557,663457,666185,691023,"53.71",,,,,,,,26,1,"Curveball",0,5,0,5,5,0,0,5,"Standard","Standard",325,"-0.004","-0.036",,,,,"0.036",,-5,-5,0.136,0.136,30,29,31,29,1,0,5,1,11,1,"4.55","-0.44","0.44","50.5",,,,,
"CU","2023-07-02","80.6","1.94","6.66","Montgomery, Jordan",641343,656756,"double","hit_into_play",,,,,5,"Jake Bauers doubles (11) on a sharp fly ball to left fielder Alec Burleson. Isiah Kiner-Falefa scores.","R","L","L","STL","NYY","X",7,"fly_ball",0,0,2023,"-0.41","-0.61",0.0051847420918949005,2.5459360203261925,,643396,,2,7,"Top",113.99,50.52,,,,,-3.5238788952023357,-117.34481725159503,-1.3336848079873749,-3.129104447937865,22.363894460241035,-37.733716659600056,3.48,1.64,401,"105",27,"80.6",2353,"6.3",717524,668800,502671,669357,571448,669242,676475,663457,666185,"54.21",0.842,1.6668333333333336,"1.25",1,1,1,6,51,1,"Curveball",2,0,0,2,1,2,1,2,"Strategic","Standard",326,"-0.12","0.9",,,,3.309,"-0.9","105.0",2,-2,0.843,0.15700000000000003,30,27,31,28,3,2,5,1,5,2,"4.11","-0.41","-0.41","46.4",,,,,
"SI","2023-07-02","90.6","1.76","6.71","Montgomery, Jordan",683011,656756,"sac_bunt","hit_into_play",,,,,6,"Anthony Volpe out on a sacrifice bunt, pitcher Jordan Montgomery to first baseman Paul Goldschmidt. Isiah Kiner-Falefa to 2nd.","R","R","L","STL","NYY","X",1,"ground_ball",0,0,2023,"1.23","0.9",0.4217740490428683,2.580394845268586,,,643396,1,7,"Top",126.57,203.33,,,,,-5.991606755130158,-131.8115100019216,-6.3898290879723545,15.653679548583952,25.563425403333973,-20.514511305322294,3.24,1.58,2,"49.3",-59,"91.2",2085,"6.5",717524,668800,502671,669357,571448,669242,676475,663457,666185,"54.02",,,"0.2",0,0,0,1,50,1,"Sinker",2,0,0,2,0,2,0,2,"Standard","Standard",96,"0.034","0.016",,,,,"-0.016","88.0",2,-2,0.809,0.19099999999999995,30,22,31,22,3,2,5,1,5,1,"1.86","1.23","-1.23","45.1",,,,,
"SI","2023-07-02","92.8","1.7","6.61","Montgomery, Jordan",519317,656756,"field_out","hit_into_play",,,,,9,"Giancarlo Stanton flies out to right fielder Alec Burleson.","R","R","L","STL","NYY","X",9,"fly_ball",3,1,2023,"1.26","0.86",0.6545994863363458,2.062240250361497,650402,,,2,6,"Top",210.72,104.54,,,,,-5.479704480484441,-134.95625823882276,-7.836843607737612,16.616492884120227,26.415414390289243,-20.18056887662717,3.65,1.78,313,"91.1",39,"94",2189,"6.8",717524,668800,502671,669357,571448,669242,691023,663457,676475,"53.72",0.016,0.017,"0",1,0,0,3,43,5,"Sinker",2,0,0,2,0,2,0,2,"Standard","Standard",148,"0.054","-0.377",,,,0.03,"0.377","91.1",2,-2,0.791,0.20899999999999996,30,33,31,34,3,2,5,1,5,1,"1.77","1.26","-1.26","45.5",,,,,
"FF","2023-07-02","93.5","1.89","6.68","Montgomery, Jordan",519317,656756,,"ball",,,,,11,,"R","R","L","STL","NYY","B",,,2,1,2023,"0.46","1.33",-0.5408441128653338,4.386925123307455,650402,,,2,6,"Top",,,,,,,-7.354621926970435,-136.121434615688,-3.188089893408973,7.215006321217723,27.76268931693994,-15.024171677407026,3.44811993645422,1.63314088791823,,,,"94.6",2238,"6.8",717524,668800,502671,669357,571448,669242,691023,663457,676475,"53.73",,,,,,,,43,4,"4-Seam Fastball",2,0,0,2,0,2,0,2,"Infield shade","Standard",146,"-0.006","0.052",,,,,"-0.052",,2,-2,0.797,0.20299999999999996,30,33,31,34,3,2,5,1,5,1,"1.26","0.46","-0.46","44.1",,,,,
"SI","2023-07-02","93.9","1.66","6.75","Montgomery, Jordan",519317,656756,,"called_strike",,,,,4,,"R","R","L","STL","NYY","S",,,2,0,2023,"1.43","0.9",-0.4176785123819453,2.7364228021938195,650402,,,2,6,"Top",,,,,,,-8.565047612215597,-136.4059992239265,-6.710063629501542,19.633379963219067,26.644205533798974,-19.71586256025886,3.52120560384294,1.68202779152288,,,,"94.6",2188,"6.5",717524,668800,502671,669357,571448,669242,691023,663457,676475,"53.98",,,,,,,,43,3,"Sinker",2,0,0,2,0,2,0,2,"Standard","Standard",146,"0.004","-0.037",,,,,"0.037",,2,-2,0.793,0.20699999999999996,30,33,31,34,3,2,5,1,5,1,"1.68","1.43","-1.43","45.8",,,,,
"SI","2023-07-02","93.2","1.73","6.66","Montgomery, Jordan",519317,656756,,"ball",,,,,11,,"R","R","L","STL","NYY","B",,,1,0,2023,"1.12","0.81",-0.48558865606612645,3.8027895132254805,650402,,,2,6,"Top",,,,,,,-8.181698940495414,-135.695762605013,-3.466542386622976,15.555214821205125,25.228423194137395,-21.51620073589649,3.5942770994272,1.68202779152288,,,,"94.1",2085,"6.4",717524,668800,502671,669357,571448,669242,691023,663457,676475,"54.06",,,,,,,,43,2,"Sinker",2,0,0,2,0,2,0,2,"Infield shade","Standard",145,"-0.004","0.041",,,,,"-0.041",,2,-2,0.797,0.20299999999999996,30,33,31,34,3,2,5,1,5,1,"1.78","1.12","-1.12","44.7",,,,,
"CU","2023-07-02","81.4","1.79","6.64","Montgomery, Jordan",519317,656756,,"ball",,,,,14,,"R","R","L","STL","NYY","B",,,0,0,2023,"-0.31","-0.76",1.3012692727149728,1.6320139655422792,,650402,,2,6,"Top",,,,,,,-0.5193145780892221,-118.70397549965661,-3.2980011189661482,-2.840885075956446,20.192860578430118,-39.008687551693704,3.61863108818728,1.68202779152288,,,,"82.3",2415,"6.5",717524,668800,502671,669357,571448,669242,691023,663457,676475,"53.96",,,,,,,,43,1,"Curveball",2,0,0,2,0,2,0,2,"Standard","Standard",315,"-0.007","0.02",,,,,"-0.02",,2,-2,0.804,0.19599999999999995,30,33,31,34,3,2,5,1,5,1,"4.15","-0.31","0.31","47.0",,,,,
"SI","2023-07-02","95.1","1.6","6.71","Montgomery, Jordan",643396,656756,"grounded_into_double_play","hit_into_play",,,,,5,"Isiah Kiner-Falefa grounds into a double play, shortstop Tommy Edman to second baseman Nolan Gorman to first baseman Paul Goldschmidt. Giancarlo Stanton out at 2nd. Isiah Kiner-Falefa out at 1st.","R","R","L","STL","NYY","X",6,"ground_ball",0,0,2023,"1.19","0.84",-0.07115058129061613,2.630043523595967,,,519317,1,4,"Top",108.11,152.42,,,,,-7.0677409178052715,-138.3521968146071,-7.039585967105287,16.82247371922493,26.13468415763212,-20.097110994589702,3.28,1.51,9,"97.7",-15,"96.1",2198,"6.5",717524,668800,502671,669357,571448,669242,691023,663457,676475,"53.97",0.227,0.216,"0",1,0,0,2,26,1,"Sinker",0,0,0,0,0,0,0,0,"Standard","Standard",142,"0.063","-0.333",,,,0.271,"0.333","97.7",0,0,0.497,0.503,30,28,31,28,2,1,5,1,5,1,"1.65","1.19","-1.19","45.2",,,,,
"CU","2023-07-02","81.4","1.62","6.67","Montgomery, Jordan",664056,656756,"field_out","hit_into_play",,,,,5,"Harrison Bader flies out to center fielder Lars Nootbaar.","R","R","L","STL","NYY","X",8,"fly_ball",0,1,2023,"-0.07","-0.43",-0.043755998771024734,2.0334948621127715,,,519317,0,4,"Top",134.43,92.48,,,,,-3.609042516780264,-118.44270411263959,-2.938662351603088,0.09045689058301133,24.073173110273576,-35.81324347135014,3.02,1.43,267,"90.3",49,"81.2",2356,"6.3",717524,668800,502671,669357,571448,669242,691023,663457,676475,"54.17",0.008,0.012,"0",1,0,0,3,25,2,"Curveball",0,0,0,0,0,0,0,0,"Standard","Standard",321,"0.035","-0.205",,,,0.018,"0.205","90.3",0,0,0.462,0.538,30,29,31,29,2,1,5,1,5,1,"3.89","-0.07","0.07","46.1",,,,,
"CH","2023-07-02","83","1.72","6.53","Montgomery, Jordan",664056,656756,,"swinging_strike",,,,,5,,"R","R","L","STL","NYY","S",,,0,0,2023,"0.59","1.17",0.07322013824797546,2.3985650377638583,,,519317,0,4,"Top",,,,,,,-4.9701214496921455,-120.81315769938169,-5.359295115981363,6.663162216382077,21.54458009024419,-19.90394157582475,3.02,1.43,,,,"84.1",1609,"6.8",717524,668800,502671,669357,571448,669242,691023,663457,676475,"53.69",,,,,,,,25,1,"Changeup",0,0,0,0,0,0,0,0,"Standard","Standard",128,"0.006","-0.036",,,,,"0.036",,0,0,0.456,0.544,30,29,31,29,2,1,5,1,5,1,"2.12","0.59","-0.59","46.3",,,,,
"CH","2023-07-02","83.5","1.51","6.47","Montgomery, Jordan",650402,656756,"strikeout","swinging_strike",,,,,14,"Gleyber Torres strikes out swinging.","R","R","L","STL","NYY","S",2,,2,2,2023,"0.74","0.92",0.22034287080397996,1.2218606879463578,,,665828,2,3,"Top",,,,,,,-4.481826327406293,-121.45389811438015,-7.561449893800354,8.224101240675772,22.640554181903223,-21.7721232351368,3.18,1.48,,,,"84.5",1620,"6.9",717524,668800,502671,669357,571448,669242,691023,663457,676475,"53.63",,0,"0",1,0,0,,19,7,"Changeup",0,0,0,0,0,0,0,0,"Standard","Standard",130,"0.021","-0.239",,,,,"0.239",,0,0,0.534,0.46599999999999997,30,26,31,27,2,1,5,1,5,1,"2.34","0.74","-0.74","46.9",,,,,
"SI","2023-07-02","94.4","1.68","6.72","Montgomery, Jordan",650402,656756,,"foul",,,,,2,,"R","R","L","STL","NYY","S",,,2,2,2023,"1.3","0.99",-0.19308282545911548,2.7073556303308224,,,665828,2,3,"Top",,,,,,,-7.7765338176443635,-137.17764550968883,-6.993007467774492,18.045351758876837,28.503396008842795,-18.356272683865235,3.18,1.48,210,"74",51,"94.9",2292,"6.5",717524,668800,502671,669357,571448,669242,691023,663457,676475,"54.01",,,,,,,,19,6,"Sinker",0,0,0,0,0,0,0,0,"Standard","Standard",143,"0","0",,,,,"0","88.0",0,0,0.534,0.46599999999999997,30,26,31,27,2,1,5,1,5,1,"1.57","1.3","-1.3","45.3",,,,,
"SI","2023-07-02","94","1.64","6.73","Montgomery, Jordan",650402,656756,,"foul",,,,,12,,"R","R","L","STL","NYY","S",,,2,2,2023,"1.33","0.79",1.2860225079223782,2.7632763491419503,,,665828,2,3,"Top",,,,,,,-3.8670982921603057,-136.7209698135323,-6.310437753813346,17.48321679312432,30.846443081519666,-21.0718959072786,3.18,1.48,111,"79.1",7,"94.2",2236,"6.5",717524,668800,502671,669357,571448,669242,691023,663457,676475,"54.03",,,,,,,,19,5,"Sinker",0,0,0,0,0,0,0,0,"Standard","Standard",145,"0","0",,,,,"0","88.0",0,0,0.534,0.46599999999999997,30,26,31,27,2,1,5,1,5,1,"1.8","1.33","-1.33","46.0",,,,,
"CH","2023-07-02","83.2","1.62","6.54","Montgomery, Jordan",650402,656756,,"ball",,,,,12,,"R","R","L","STL","NYY","B",,,1,2,2023,"0.81","0.66",1.6232702965069206,2.804723462251379,,,665828,2,3,"Top",,,,,,,-1.5934023358158762,-121.17835547682513,-3.4320873294871603,8.329218613762666,23.028785029412873,-25.25029209266704,3.09951472190421,1.40567798255606,,,,"83.8",1519,"6.6",717524,668800,502671,669357,571448,669242,691023,663457,676475,"53.94",,,,,,,,19,4,"Changeup",0,0,0,0,0,0,0,0,"Infield shade","Standard",131,"-0.003","0.034",,,,,"-0.034",,0,0,0.537,0.46299999999999997,30,26,31,27,2,1,5,1,5,1,"2.62","0.81","-0.81","48.4",,,,,
"CU","2023-07-02","80.9","1.67","6.62","Montgomery, Jordan",650402,656756,,"blocked_ball",,,,,13,,"R","R","L","STL","NYY","B",,,0,2,2023,"-0.12","-0.51",-0.6225046361196672,0.8911171716231725,,,665828,2,3,"Top",,,,,,,-4.891126951468186,-117.75712140158183,-5.190012327267733,-0.24318679660011192,21.99951006946102,-36.15221151034617,3.09951472190421,1.43013322866017,,,,"81.3",2367,"6.5",717524,668800,502671,669357,571448,669242,691023,663457,676475,"53.99",,,,,,,,19,3,"Curveball",0,0,0,0,0,0,0,0,"Infield shade","Standard",314,"-0.003","0.02",,,,,"-0.02",,0,0,0.54,0.45999999999999996,30,26,31,27,2,1,5,1,5,1,"3.99","-0.12","0.12","47.2",,,,,
"SI","2023-07-02","94.2","1.7","6.75","Montgomery, Jordan",650402,656756,,"swinging_strike",,,,,12,,"R","R","L","STL","NYY","S",,,0,1,2023,"1.24","1.02",0.9047140188999363,3.4800583119081594,,,665828,2,3,"Top",,,,,,,-4.854823893709786,-137.1311810823132,-5.123589535421707,16.738353728926988,29.043098020103933,-18.304257042502453,3.18,1.48,,,,"94.9",2130,"6.6",717524,668800,502671,669357,571448,669242,691023,663457,676475,"53.9",,,,,,,,19,2,"Sinker",0,0,0,0,0,0,0,0,"Infield shade","Standard",141,"0.006","-0.055",,,,,"0.055",,0,0,0.534,0.46599999999999997,30,26,31,27,2,1,5,1,5,1,"1.53","1.24","-1.24","45.1",,,,,
"CU","2023-07-02","81.3","1.69","6.52","Montgomery, Jordan",650402,656756,,"called_strike",,,,,5,,"R","R","L","STL","NYY","S",,,0,0,2023,"-0.19","-0.4",-0.04817578485580125,2.1396302590194707,,,665828,2,3,"Top",,,,,,,-3.5361136852175545,-118.43359196322425,-2.5035048969632867,-1.1756532175291627,21.196744954032802,-35.68076795449086,3.09951472190421,1.43013322866017,,,,"81.8",2283,"6.4",717524,668800,502671,669357,571448,669242,691023,663457,676475,"54.07",,,,,,,,19,1,"Curveball",0,0,0,0,0,0,0,0,"Standard","Standard",313,"0.004","-0.045",,,,,"0.045",,0,0,0.53,0.47,30,26,31,27,2,1,5,1,5,1,"3.82","-0.19","0.19","48.5",,,,,
"CH","2023-07-02","83.8","1.55","6.55","Montgomery, Jordan",518934,656756,"field_out","hit_into_play",,,,,3,"DJ LeMahieu pops out to second baseman Nolan Gorman.","R","R","L","STL","NYY","X",4,"popup",3,2,2023,"0.69","0.89",0.6225942751415894,3.0344407551510164,,,665828,1,3,"Top",155.32,145.81,,,,,-3.5406476760130894,-121.9679107119336,-3.5123411730451632,7.563406430809278,23.32542938643032,-22.84958061321424,3.37,1.59,161,"80.8",64,"84.6",1549,"6.7",717524,668800,502671,669357,571448,669242,691023,663457,676475,"53.79",0.011,0.014,"0",1,0,0,3,18,6,"Changeup",0,0,0,0,0,0,0,0,"Standard","Standard",127,"0.039","-0.316",,,,0.02,"0.316","88.0",0,0,0.491,0.509,30,34,31,35,2,1,5,1,5,1,"2.35","0.69","-0.69","46.0",,,,,
"CH","2023-07-02","83.8","1.51","6.61","Montgomery, Jordan",518934,656756,,"called_strike",,,,,11,,"R","R","L","STL","NYY","S",,,3,1,2023,"0.84","0.93",-0.4147669672093983,3.7554726079740015,,,665828,1,3,"Top",,,,,,,-6.127181403571103,-121.956438211711,-2.0585774119863176,9.589411227533745,22.962937523540024,-22.668349929365853,3.3426398557526,1.64880641756781,,,,"84.3",1587,"6.5",717524,668800,502671,669357,571448,669242,691023,663457,676475,"54",,,,,,,,18,5,"Changeup",0,0,0,0,0,0,0,0,"Standard","Standard",131,"0.011","-0.069",,,,,"0.069",,0,0,0.48,0.52,30,34,31,35,2,1,5,1,5,1,"2.3","0.84","-0.84","48.1",,,,,
"SI","2023-07-02","94.7","1.65","6.69","Montgomery, Jordan",518934,656756,,"ball",,,,,13,,"R","R","L","STL","NYY","B",,,2,1,2023,"1.19","1.07",-1.305222565996279,1.5468809486692054,,,665828,1,3,"Top",,,,,,,-10.380152370119868,-137.31754013159812,-10.160599392961227,17.320343415941338,29.06431350892432,-16.485620099749877,3.3696841906886,1.60128904316176,,,,"94.9",2298,"6.5",717524,668800,502671,669357,571448,669242,691023,663457,676475,"53.97",,,,,,,,18,4,"Sinker",0,0,0,0,0,0,0,0,"Standard","Standard",143,"-0.013","0.1",,,,,"-0.1",,0,0,0.493,0.507,30,34,31,35,2,1,5,1,5,1,"1.48","1.19","-1.19","45.7",,,,,
"CH","2023-07-02","82.2","1.53","6.51","Montgomery, Jordan",518934,656756,,"blocked_ball",,,,,13,,"R","R","L","STL","NYY","B",,,1,1,2023,"0.85","1.13",-0.7590959237494782,0.7756400589208832,,,665828,1,3,"Top",,,,,,,-6.879996685611097,-119.34978789037228,-8.67033679390297,9.480768127133821,22.64528838979896,-19.91010485316739,3.34330477507592,1.60128904316176,,,,"82.6",1656,"6.6",717524,668800,502671,669357,571448,669242,691023,663457,676475,"53.86",,,,,,,,18,3,"Changeup",0,0,0,0,0,0,0,0,"Standard","Standard",134,"-0.006","0.046",,,,,"-0.046",,0,0,0.499,0.501,30,34,31,35,2,1,5,1,5,1,"2.26","0.85","-0.85","47.3",,,,,
"SI","2023-07-02","91.2","1.6","6.66","Montgomery, Jordan",518934,656756,,"called_strike",,,,,12,,"R","R","L","STL","NYY","S",,,1,0,2023,"1.06","0.97",0.021675894430622122,3.461999804487422,,,665828,1,3,"Top",,,,,,,-6.2730516049200835,-132.68086549922586,-4.290091964255092,13.877762844019664,26.688907756874574,-19.963118499588305,3.31860604906282,1.56413767125846,,,,"91.7",2104,"6.5",717524,668800,502671,669357,571448,669242,691023,663457,676475,"54.04",,,,,,,,18,2,"Sinker",0,0,0,0,0,0,0,0,"Standard","Standard",143,"0.006","-0.053",,,,,"0.053",,0,0,0.493,0.507,30,34,31,35,2,1,5,1,5,1,"1.76","1.06","-1.06","45.2",,,,,
"CH","2023-07-02","82.6","1.59","6.54","Montgomery, Jordan",518934,656756,,"ball",,,,,14,,"R","R","L","STL","NYY","B",,,0,0,2023,"0.94","0.83",0.4687907855051229,1.3602927119305486,,,665828,1,3,"Top",,,,,,,-4.394646671671852,-120.14749466343699,-6.926044464779182,9.919271777293329,23.140438017082605,-22.96228756600461,3.31893257905135,1.65018053244739,,,,"82.9",1647,"6.5",717524,668800,502671,669357,571448,669242,691023,663457,676475,"54.01",,,,,,,,18,1,"Changeup",0,0,0,0,0,0,0,0,"Standard","Standard",136,"-0.004","0.036",,,,,"-0.036",,0,0,0.497,0.503,30,34,31,35,2,1,5,1,5,1,"2.51","0.94","-0.94","44.7",,,,,
"CU","2023-07-02","82","1.73","6.65","Montgomery, Jordan",641343,656756,"field_out","hit_into_play",,,,,13,"Jake Bauers lines out to shortstop Tommy Edman.","R","L","L","STL","NYY","X",6,"line_drive",0,2,2023,"-0.12","-0.55",-0.4070092706876892,1.1523074803900606,,643396,,2,2,"Top",113.79,133.06,,,,,-4.606101947682598,-119.40545928308045,-4.856524111492531,-0.3488520116200629,21.928196518154877,-36.774238116910354,3.48,1.64,172,"68.2",19,"82.5",2417,"6.5",717524,668800,502671,669357,571448,669242,691023,663457,676475,"54.01",0.713,0.645,"0",1,0,0,4,11,3,"Curveball",0,0,0,0,0,0,0,0,"Strategic","Standard",323,"0.02","-0.187",,,,0.752,"0.187","88.0",0,0,0.531,0.469,30,27,31,28,1,0,5,1,5,2,"3.92","-0.12","-0.12","47.5",,,,,
"CU","2023-07-02","80.7","1.87","6.65","Montgomery, Jordan",641343,656756,,"swinging_strike",,,,,2,,"R","L","L","STL","NYY","S",,,0,1,2023,"-0.16","-0.43",0.16320104578188974,2.951416943020158,,643396,,2,2,"Top",,,,,,,-3.495686589414968,-117.59745377026593,-0.826731695806193,-0.8654687550403757,20.59624415664784,-36.21904581533113,3.48,1.64,,,,"81.1",2359,"6.3",717524,668800,502671,669357,571448,669242,691023,663457,676475,"54.21",,,,,,,,11,2,"Curveball",0,0,0,0,0,0,0,0,"Strategic","Standard",317,"0.009","-0.061",,,,,"0.061",,0,0,0.522,0.478,30,27,31,28,1,0,5,1,5,2,"3.9","-0.16","-0.16","46.0",,,,,
"SI","2023-07-02","93.8","1.71","6.83","Montgomery, Jordan",641343,656756,,"called_strike",,,,,3,,"R","L","L","STL","NYY","S",,,0,0,2023,"1.2","0.98",0.626276499193561,3.2561448941842617,,643396,,2,2,"Top",,,,,,,-5.466402656266258,-136.49698365005042,-5.755148570934459,16.22856999359871,26.698484571282883,-18.796923298741074,3.51386680106354,1.69906738601239,,,,"94.4",2237,"6.4",717524,668800,502671,669357,571448,669242,691023,663457,676475,"54.12",,,,,,,,11,1,"Sinker",0,0,0,0,0,0,0,0,"Strategic","Standard",145,"0.005","-0.046",,,,,"0.046",,0,0,0.517,0.483,30,27,31,28,1,0,5,1,5,2,"1.58","1.2","1.2","45.9",,,,,
"CU","2023-07-02","81.2","1.7","6.64","Montgomery, Jordan",683011,656756,"field_out","hit_into_play",,,,,9,"Anthony Volpe pops out to shortstop Tommy Edman.","R","R","L","STL","NYY","X",6,"popup",2,2,2023,"0","-0.52",0.3656647530496004,1.9500720055154734,,643396,,1,2,"Top",102.1,122.16,,,,,-2.989492578924643,-118.23965211218827,-2.8795619629538036,0.555274329204724,23.744553618059008,-36.636860592825705,3.24,1.58,203,"76.1",50,"81.2",2361,"6.4",717524,668800,502671,669357,571448,669242,691023,663457,676475,"54.1",0.071,0.082,"0",1,0,0,3,10,7,"Curveball",0,0,0,0,0,0,0,0,"Infield shade","Standard",312,"0.031","-0.238",,,,0.11,"0.238","88.0",0,0,0.486,0.514,30,22,31,22,1,0,5,1,5,1,"3.98","0","0","45.8",,,,,
"SI","2023-07-02","93.9","1.7","6.69","Montgomery, Jordan",683011,656756,,"foul",,,,,4,,"R","R","L","STL","NYY","S",,,2,2,2023,"1.25","0.84",-0.6299620454468569,2.49710339929059,,643396,,1,2,"Top",,,,,,,-8.795538069848087,-136.47835664253466,-7.044166713464292,17.46830858678246,27.75079627794643,-20.29520999772673,3.24,1.58,192,"65.7",35,"94.3",2229,"6.4",717524,668800,502671,669357,571448,669242,691023,663457,676475,"54.08",,,,,,,,10,6,"Sinker",0,0,0,0,0,0,0,0,"Infield shade","Standard",140,"0","0",,,,,"0","88.0",0,0,0.486,0.514,30,22,31,22,1,0,5,1,5,1,"1.73","1.25","-1.25","44.7",,,,,
"CU","2023-07-02","81.7","1.71","6.69","Montgomery, Jordan",683011,656756,,"foul",,,,,7,,"R","R","L","STL","NYY","S",,,2,2,2023,"-0.3","-0.4",-0.27732383973235286,1.6701282459394107,,643396,,1,2,"Top",,,,,,,-3.922169571701127,-118.94483617121338,-4.00891732056817,-2.1353733372303396,21.43177199857981,-35.44973920957971,3.24,1.58,3,,-37,"82.2",2472,"6.5",717524,668800,502671,669357,571448,669242,691023,663457,676475,"54.04",,,,,,,,10,5,"Curveball",0,0,0,0,0,0,0,0,"Infield shade","Standard",320,"0","0",,,,,"0",,0,0,0.486,0.514,30,22,31,22,1,0,5,1,5,1,"3.79","-0.3","0.3","46.0",,,,,
"SI","2023-07-02","93","1.7","6.71","Montgomery, Jordan",683011,656756,,"ball",,,,,11,,"R","R","L","STL","NYY","B",,,1,2,2023,"1.22","1",-1.2263029341127918,2.638640376974944,,643396,,1,2,"Top",,,,,,,-10.195191292842852,-135.0639732009129,-6.912897172913903,17.090608875604882,26.214254009762723,-18.622134288240773,3.19704877591099,1.55239298053525,,,,"93.6",2295,"6.5",717524,668800,502671,669357,571448,669242,691023,663457,676475,"53.99",,,,,,,,10,4,"Sinker",0,0,0,0,0,0,0,0,"Infield shade","Standard",147,"-0.005","0.04",,,,,"-0.04",,0,0,0.491,0.509,30,22,31,22,1,0,5,1,5,1,"1.63","1.22","-1.22","45.4",,,,,
"CH","2023-07-02","83","1.71","6.58","Montgomery, Jordan",683011,656756,,"swinging_strike",,,,,12,,"R","R","L","STL","NYY","S",,,1,1,2023,"0.71","0.98",0.9324431517499652,2.966151318651614,,643396,,1,2,"Top",,,,,,,-3.195267359640681,-120.94834844200368,-3.8055523162662723,7.563994431307778,21.412369402010324,-22.009720482401303,3.24,1.58,,,,"83.9",1722,"6.6",717524,668800,502671,669357,571448,669242,691023,663457,676475,"53.92",,,,,,,,10,3,"Changeup",0,0,0,0,0,0,0,0,"Infield shade","Standard",137,"0.009","-0.078",,,,,"0.078",,0,0,0.482,0.518,30,22,31,22,1,0,5,1,5,1,"2.3","0.71","-0.71","45.2",,,,,
"SI","2023-07-02","93.1","1.6","6.66","Montgomery, Jordan",683011,656756,,"called_strike",,,,,7,,"R","R","L","STL","NYY","S",,,1,0,2023,"1.11","0.98",-0.39821271076507414,1.8656332702102743,,643396,,1,2,"Top",,,,,,,-7.58649379642989,-135.35639900549648,-8.793169018393995,15.179551578086524,25.49240859641981,-18.422395854534813,3.17266749438718,1.55239298053525,,,,"94",2256,"6.6",717524,668800,502671,669357,571448,669242,691023,663457,676475,"53.93",,,,,,,,10,2,"Sinker",0,0,0,0,0,0,0,0,"Infield shade","Standard",148,"0.004","-0.049",,,,,"0.049",,0,0,0.478,0.522,30,22,31,22,1,0,5,1,5,1,"1.62","1.11","-1.11","45.1",,,,,
"SI","2023-07-02","93.6","1.65","6.69","Montgomery, Jordan",683011,656756,,"ball",,,,,13,,"R","R","L","STL","NYY","B",,,0,0,2023,"1.44","0.77",-1.0292097238683136,1.1060999474728337,,,643396,1,2,"Top",,,,,,,-10.073502778657295,-135.71805146993324,-10.3631361631943,19.902514306699178,28.297594840876627,-20.55734402997919,2.83117581436785,1.33230579680261,,,,"93.6",2250,"6.4",717524,668800,502671,669357,571448,669242,691023,663457,676475,"54.1",,,,,,,,10,1,"Sinker",0,0,0,0,0,0,0,0,"Standard","Standard",141,"-0.019","0.036",,,,,"-0.036",,0,0,0.497,0.503,30,22,31,22,1,0,5,1,5,1,"1.84","1.44","-1.44","47.7",,,,,
"CH","2023-06-27","83","1.64","6.63","Montgomery, Jordan",676801,656756,"walk","ball",,,,,12,"Chas McCormick walks. Jeremy Pena to 2nd.","R","R","L","STL","HOU","B",,,3,0,2023,"0.89","0.81",1.4983178118678635,2.7466592901590783,667452,,665161,2,7,"Top",,,,,,,-2.056627618261818,-120.96514729042846,-4.132011622834658,9.138874608030706,20.079955180663454,-23.575518183399748,3.29639680305417,1.62456581645175,,,,"84",1583,"6.5",717598,668800,502671,680977,571448,657557,691023,669242,666185,"53.99",,0.695903,"0.7",1,0,0,,54,4,"Changeup",4,2,2,4,2,4,2,4,"Standard","Standard",133,"-0.019","0.029",,,,,"-0.029",,2,-2,0.785,0.21499999999999997,30,28,31,28,3,2,7,2,5,1,"2.44","0.89","-0.89","45.0",,,,,
"CH","2023-06-27","81.3","1.52","6.62","Montgomery, Jordan",676801,656756,,"blocked_ball",,,,,14,,"R","R","L","STL","HOU","B",,,2,0,2023,"0.56","1.15",0.510921341996929,0.816132327015691,667452,,665161,2,7,"Top",,,,,,,-3.3573000931092567,-118.14331742074035,-8.656120011580075,5.910415534136833,21.139590370941676,-20.015737518193447,3.25096533930347,1.57948330062163,,,,"81.8",1608,"6.6",717598,668800,502671,680977,571448,657557,691023,669242,666185,"53.92",,,,,,,,54,3,"Changeup",4,2,2,4,2,4,2,4,"Standard","Standard",132,"-0.015","0.057",,,,,"-0.057",,2,-2,0.8,0.19999999999999996,30,28,31,28,3,2,7,2,5,1,"2.29","0.56","-0.56","46.6",,,,,
"SI","2023-06-27","91.6","1.7","6.78","Montgomery, Jordan",676801,656756,,"ball",,,,,14,,"R","R","L","STL","HOU","B",,,1,0,2023,"1.15","0.85",1.1389042049099831,2.3687593980848853,667452,,665161,2,7,"Top",,,,,,,-3.897329757589677,-133.24561324402472,-7.098788086043026,14.601333216422296,27.445560284619493,-20.78930839348884,3.33294271914875,1.66080903014263,,,,"91.5",2210,"6.2",717598,668800,502671,680977,571448,657557,691023,669242,666185,"54.33",,,,,,,,54,2,"Sinker",4,2,2,4,2,4,2,4,"Standard","Standard",141,"-0.009","0.042",,,,,"-0.042",,2,-2,0.809,0.19099999999999995,30,28,31,28,3,2,7,2,5,1,"1.86","1.15","-1.15","44.6",,,,,
"SI","2023-06-27","91.6","1.74","6.79","Montgomery, Jordan",676801,656756,,"ball",,,,,12,,"R","R","L","STL","HOU","B",,,0,0,2023,"1.26","0.85",1.6027696871170831,2.637708430897786,667452,,665161,2,7,"Top",,,,,,,-3.079088716966257,-133.3402770102824,-6.440487407743439,15.7219373127359,29.252278370633682,-20.8211397575902,3.33613790360508,1.60293998329821,,,,"91.4",2168,"6.2",717598,668800,502671,680977,571448,657557,691023,669242,666185,"54.28",,,,,,,,54,1,"Sinker",4,2,2,4,2,4,2,4,"Standard","Standard",148,"-0.005","0.042",,,,,"-0.042",,2,-2,0.814,0.18600000000000005,30,28,31,28,3,2,7,2,5,1,"1.87","1.26","-1.26","46.3",,,,,
"SI","2023-06-27","94.1","1.78","6.81","Montgomery, Jordan",665161,656756,"single","hit_into_play",,,,,14,"Jeremy Pena singles on a line drive to right fielder Dylan Carlson. Corey Julks to 3rd.","R","R","L","STL","HOU","X",9,"line_drive",0,1,2023,"1.32","0.98",0.8335202971704447,2.5592725615956557,,667452,,2,7,"Top",186.43,115.13,,,,,-5.356036106816193,-136.7845886092649,-7.447888749131069,17.70833141175385,31.087532718488895,-18.412020476578395,3.61,1.76,212,"97",12,"93.8",2144,"6.2",717598,668800,502671,680977,571448,657557,691023,669242,666185,"54.29",0.937,0.906,"0.9",1,1,0,4,53,2,"Sinker",4,2,2,4,2,4,2,4,"Infield shade","Standard",142,"-0.036","0.721",,,,1.136,"-0.721","97.0",2,-2,0.85,0.15000000000000002,30,25,31,26,3,2,7,2,5,1,"1.61","1.32","-1.32","45.6",,,,,
"CU","2023-06-27","79.9","1.71","6.7","Montgomery, Jordan",665161,656756,,"foul",,,,,8,,"R","R","L","STL","HOU","S",,,0,0,2023,"-0.15","-0.27",-0.13232198019838443,1.868870514551967,,667452,,2,7,"Top",,,,,,,-3.782647958424337,-116.29246350824857,-3.396127955302312,-0.638710393456218,22.570713222972646,-34.14959818893318,3.61,1.76,141,"98.9",9,"80",2364,"6.4",717598,668800,502671,680977,571448,657557,691023,669242,666185,"54.06",,,,,,,,53,1,"Curveball",4,2,2,4,2,4,2,4,"Infield shade","Standard",316,"0.007","-0.046",,,,,"0.046","98.9",2,-2,0.843,0.15700000000000003,30,25,31,26,3,2,7,2,5,1,"3.85","-0.15","0.15","46.5",,,,,
"SI","2023-06-27","93.6","1.61","6.81","Montgomery, Jordan",667452,656756,"grounded_into_double_play","hit_into_play",,,,,6,"Corey Julks grounds into a double play, third baseman Nolan Arenado to second baseman Brendan Donovan to first baseman Paul Goldschmidt. Yainer Diaz out at 2nd. Corey Julks out at 1st.","R","R","L","STL","HOU","X",5,"ground_ball",0,1,2023,"1.21","0.72",0.3388333078492618,2.210607156325635,,,673237,1,4,"Top",104.56,168.19,,,,,-5.9455156033108825,-136.00635030632665,-7.711679744547817,16.28811951410082,28.722674219289186,-21.804793568718544,3.28,1.57,30,"82.3",-2,"93.8",2140,"6.4",717598,668800,502671,680977,571448,657557,691023,669242,666185,"54.12",0.171,0.169,"0",1,0,0,2,27,2,"Sinker",1,2,2,1,2,1,2,1,"Standard","Standard",139,"0.049","-0.291",,,,0.215,"0.291","88.0",-1,1,0.379,0.621,30,27,31,27,2,1,7,2,5,2,"1.89","1.21","-1.21","46.0",,,,,
"CU","2023-06-27","79.4","1.69","6.71","Montgomery, Jordan",667452,656756,,"called_strike",,,,,6,,"R","R","L","STL","HOU","S",,,0,0,2023,"-0.29","-0.56",0.35156479820050995,2.3755243986120576,,,673237,1,4,"Top",,,,,,,-2.4016821869564966,-115.62651168515426,-1.6979571640868827,-2.1374315876900813,20.82455142249801,-37.131396912473804,3.36661276732346,1.6979763933395,,,,"79.9",2149,"6.5",717598,668800,502671,680977,571448,657557,691023,669242,666185,"53.96",,,,,,,,27,1,"Curveball",1,2,2,1,2,1,2,1,"Standard","Standard",335,"0.004","-0.042",,,,,"0.042",,-1,1,0.375,0.625,30,27,31,27,2,1,7,2,5,2,"4.16","-0.29","0.29","46.3",,,,,
"CH","2023-06-27","83.9","1.6","6.67","Montgomery, Jordan",673237,656756,"force_out","hit_into_play",,,,,6,"Yainer Diaz grounds into a force out, shortstop Paul DeJong to second baseman Brendan Donovan. Jose Abreu out at 2nd. Yainer Diaz to 1st.","R","R","L","STL","HOU","X",6,"ground_ball",1,1,2023,"0.91","1.07",0.7863708473561265,2.4562206069764203,,,547989,0,4,"Top",115.73,148.86,,,,,-3.705506725455422,-122.07709909923818,-5.456319836996353,9.87838817372411,24.32185422650307,-20.649697002707036,3.13,1.48,84,"81.9",7,"84.1",1683,"6.4",717598,668800,502671,680977,571448,657557,691023,669242,666185,"54.05",0.368,0.345,"0",1,0,0,4,26,3,"Changeup",1,2,2,1,2,1,2,1,"Standard","Standard",132,"0.032","-0.338",,,,0.424,"0.338","88.0",-1,1,0.343,0.657,30,24,31,25,2,1,7,3,5,1,"2.18","0.91","-0.91","47.9",,,,,
"SI","2023-06-27","92.9","1.74","6.82","Montgomery, Jordan",673237,656756,,"called_strike",,,,,5,,"R","R","L","STL","HOU","S",,,1,0,2023,"1.21","0.86",-0.14607672289519735,2.58367166760525,,,547989,0,4,"Top",,,,,,,-7.489433074280525,-135.02547164145432,-6.963561875457065,16.42751874241951,28.151044735022523,-20.277865940467773,3.24298426539098,1.60716845570754,,,,"93.1",2222,"6.3",717598,668800,502671,680977,571448,657557,691023,669242,666185,"54.15",,,,,,,,26,2,"Sinker",1,2,2,1,2,1,2,1,"Standard","Standard",145,"0.007","-0.042",,,,,"0.042",,-1,1,0.336,0.6639999999999999,30,24,31,25,2,1,7,3,5,1,"1.77","1.21","-1.21","45.6",,,,,
"CH","2023-06-27","83.9","1.49","6.64","Montgomery, Jordan",673237,656756,,"ball",,,,,7,,"R","R","L","STL","HOU","B",,,0,0,2023,"0.48","1.3",-0.5705447200653988,1.5360385587342662,,,547989,0,4,"Top",,,,,,,-5.738439949889851,-121.88567603217109,-8.011173216947988,5.865411284645327,22.511163626763974,-17.80834453870773,3.25410282201616,1.37030154315146,,,,"84.3",1587,"6.5",717598,668800,502671,680977,571448,657557,691023,669242,666185,"53.96",,,,,,,,26,1,"Changeup",1,2,2,1,2,1,2,1,"Standard","Standard",130,"-0.005","0.03",,,,,"-0.03",,-1,1,0.341,0.659,30,24,31,25,2,1,7,3,5,1,"1.93","0.48","-0.48","46.9",,,,,
"CU","2023-06-27","81.5","1.72","6.6","Montgomery, Jordan",676801,656756,"strikeout","swinging_strike_blocked",,,,,13,"Chas McCormick strikes out swinging.","R","R","L","STL","HOU","S",2,,0,2,2023,"-0.27","-0.55",-0.5220135116170512,0.5247945710706419,,,673237,2,2,"Top",,,,,,,-4.537373971289333,-118.69360082414832,-6.111083544567119,-1.7857316376765497,20.842065576250512,-36.47941311219016,3.17,1.51,,,,"82.2",2339,"6.5",717598,668800,502671,680977,571448,657557,691023,669242,666185,"53.97",,0,"0",1,0,0,,12,3,"Curveball",0,1,1,0,1,0,1,0,"Infield shade","Standard",328,"0.013","-0.186",,,,,"0.186",,-1,1,0.43,0.5700000000000001,30,28,31,28,1,0,7,2,5,1,"3.95","-0.27","0.27","47.4",,,,,
"CH","2023-06-27","84.1","1.67","6.57","Montgomery, Jordan",676801,656756,,"swinging_strike",,,,,9,,"R","R","L","STL","HOU","S",,,0,1,2023,"0.8","0.87",0.756339502561938,1.7486786591582755,,,673237,2,2,"Top",,,,,,,-3.7235265957499015,-122.35144117223211,-6.60042319086736,8.804837755741817,21.334365439989437,-22.384844928787924,3.17,1.51,,,,"84.8",1592,"6.5",717598,668800,502671,680977,571448,657557,691023,669242,666185,"53.98",,,,,,,,12,2,"Changeup",0,1,1,0,1,0,1,0,"Standard","Standard",132,"0.005","-0.055",,,,,"0.055",,-1,1,0.425,0.575,30,28,31,28,1,0,7,2,5,1,"2.32","0.8","-0.8","45.3",,,,,
"SI","2023-06-27","95.2","1.73","6.74","Montgomery, Jordan",676801,656756,,"foul",,,,,5,,"R","R","L","STL","HOU","S",,,0,0,2023,"1.18","0.82",0.08505076056926208,2.1684767126154294,,,673237,2,2,"Top",,,,,,,-6.947031999447369,-138.39081563612862,-8.222879990756134,16.61905595076312,28.191887137110022,-20.034223052539826,3.17,1.51,260,"80.2",32,"95.5",2170,"6.3",717598,668800,502671,680977,571448,657557,691023,669242,666185,"54.18",,,,,,,,12,1,"Sinker",0,1,1,0,1,0,1,0,"Standard","Standard",139,"0.003","-0.045",,,,,"0.045","88.0",-1,1,0.422,0.5780000000000001,30,28,31,28,1,0,7,2,5,1,"1.68","1.18","-1.18","45.9",,,,,
"CU","2023-06-27","81.7","1.58","6.65","Montgomery, Jordan",665161,656756,"strikeout","swinging_strike",,,,,13,"Jeremy Pena strikes out swinging.","R","R","L","STL","HOU","S",2,,0,2,2023,"-0.2","-0.53",-0.6467691973975603,0.8627254588309534,,,673237,1,2,"Top",,,,,,,-4.644732961638235,-118.98369226078901,-5.517024928413205,-1.0455222993951911,20.987046148501054,-36.492572900125516,3.61,1.76,,,,"82.2",2472,"6.4",717598,668800,502671,680977,571448,657557,691023,669242,666185,"54.08",,0,"0",1,0,0,,11,3,"Curveball",0,1,1,0,1,0,1,0,"Standard","Standard",321,"0.016","-0.16",,,,,"0.16",,-1,1,0.406,0.594,30,25,31,26,1,0,7,2,5,1,"3.92","-0.2","0.2","46.7",,,,,
"SI","2023-06-27","94.8","1.77","6.72","Montgomery, Jordan",665161,656756,,"called_strike",,,,,8,,"R","R","L","STL","HOU","S",,,0,1,2023,"1.46","0.75",-0.03173742233946264,1.9579497509079344,,,673237,1,2,"Top",,,,,,,-7.956417259761894,-137.63414113011373,-8.474065268110232,20.247970155659953,28.570811757265005,-20.97781285916439,3.91403083389949,1.90882990818152,,,,"95.1",2255,"6.5",717598,668800,502671,680977,571448,657557,691023,669242,666185,"54.04",,,,,,,,11,2,"Sinker",0,1,1,0,1,0,1,0,"Standard","Standard",140,"0.007","-0.053",,,,,"0.053",,-1,1,0.399,0.601,30,25,31,26,1,0,7,2,5,1,"1.79","1.46","-1.46","43.3",,,,,
"CH","2023-06-27","83.8","1.63","6.64","Montgomery, Jordan",665161,656756,,"swinging_strike",,,,,14,,"R","R","L","STL","HOU","S",,,0,0,2023,"0.98","0.76",0.9462294147570139,1.5970792108004628,,,673237,1,2,"Top",,,,,,,-3.534859910590266,-121.93708453325215,-6.840348489691747,10.47610049021424,20.919271144068773,-23.557436651652186,3.61,1.76,,,,"84.6",1649,"6.5",717598,668800,502671,680977,571448,657557,691023,669242,666185,"53.96",,,,,,,,11,1,"Changeup",0,1,1,0,1,0,1,0,"Standard","Standard",132,"0.004","-0.042",,,,,"0.042",,-1,1,0.395,0.605,30,25,31,26,1,0,7,2,5,1,"2.46","0.98","-0.98","48.7",,,,,
"CU","2023-06-27","80.6","1.72","6.67","Montgomery, Jordan",667452,656756,"strikeout","swinging_strike",,,,,14,"Corey Julks strikes out swinging.","R","R","L","STL","HOU","S",2,,0,2,2023,"-0.23","-0.4",0.3868976880747167,1.0068028508962361,,,673237,0,2,"Top",,,,,,,-2.5315207116282545,-117.41811784756209,-5.269671741623766,-1.6735523007041562,19.96845264817036,-35.16867447379121,3.28,1.57,,,,"81.2",2352,"6.4",717598,668800,502671,680977,571448,657557,691023,669242,666185,"54.1",,0,"0",1,0,0,,10,5,"Curveball",0,1,1,0,1,0,1,0,"Standard","Standard",326,"0.019","-0.156",,,,,"0.156",,-1,1,0.376,0.624,30,27,31,27,1,0,7,2,5,2,"3.87","-0.23","0.23","47.1",,,,,
"SI","2023-06-27","95.2","1.8","6.77","Montgomery, Jordan",667452,656756,,"foul",,,,,12,,"R","R","L","STL","HOU","S",,,0,2,2023,"1.53","0.96",1.2765725364534621,3.685697637357099,,,673237,0,2,"Top",,,,,,,-4.813102573003744,-138.57750400046143,-4.6052190645434825,20.824070290029898,30.36696716884114,-19.032050687776838,3.28,1.57,110,"82.5",7,"95.3",2315,"6.3",717598,668800,502671,680977,571448,657557,691023,669242,666185,"54.21",,,,,,,,10,4,"Sinker",0,1,1,0,1,0,1,0,"Standard","Standard",143,"0","0",,,,,"0","88.0",-1,1,0.376,0.624,30,27,31,27,1,0,7,2,5,2,"1.55","1.53","-1.53","45.3",,,,,
"CU","2023-06-27","79.3","1.69","6.65","Montgomery, Jordan",667452,656756,,"foul",,,,,14,,"R","R","L","STL","HOU","S",,,0,2,2023,"-0.15","-0.47",1.0798416922970122,2.0526017351564385,,,673237,0,2,"Top",,,,,,,-1.0706738937426812,-115.51403397246729,-2.4377316123056545,-1.1259626567892416,21.278234884856886,-36.10360608014657,3.27999919882689,1.5699985832317,210,"70.4",45,"79.6",2241,"6.4",717598,668800,502671,680977,571448,657557,691023,669242,666185,"54.1",,,,,,,,10,3,"Curveball",0,1,1,0,1,0,1,0,"Standard","Standard",329,"0","0",,,,,"0","88.0",-1,1,0.376,0.624,30,27,31,27,1,0,7,2,5,2,"4.08","-0.15","0.15","46.7",,,,,
"SI","2023-06-27","91.9","1.65","6.74","Montgomery, Jordan",667452,656756,,"called_strike",,,,,3,,"R","R","L","STL","HOU","S",,,0,1,2023,"1.25","0.86",0.3839127168916323,3.1800341877860197,,,673237,0,2,"Top",,,,,,,-5.899730075880952,-133.75002978912957,-5.120014155747623,16.207644315691343,25.17109015812167,-20.893774204065803,3.49091340808364,1.73678424233658,,,,"92.5",2117,"6.3",717598,668800,502671,680977,571448,657557,691023,669242,666185,"54.18",,,,,,,,10,2,"Sinker",0,1,1,0,1,0,1,0,"Standard","Standard",144,"0.008","-0.043",,,,,"0.043",,-1,1,0.368,0.632,30,27,31,27,1,0,7,2,5,2,"1.81","1.25","-1.25","42.8",,,,,
"CU","2023-06-27","80","1.71","6.61","Montgomery, Jordan",667452,656756,,"called_strike",,,,,4,,"R","R","L","STL","HOU","S",,,0,0,2023,"-0.21","-0.51",-0.3649134334388121,2.4952774733009018,,,673237,0,2,"Top",,,,,,,-4.204649118401438,-116.53497657638283,-1.4550352171302263,-1.220770085092857,20.617859106779164,-36.81746522359035,3.31767597464085,1.65526937198428,,,,"80.7",2283,"6.6",717598,668800,502671,680977,571448,657557,691023,669242,666185,"53.91",,,,,,,,10,1,"Curveball",0,1,1,0,1,0,1,0,"Standard","Standard",324,"0.005","-0.036",,,,,"0.036",,-1,1,0.363,0.637,30,27,31,27,1,0,7,2,5,2,"4.05","-0.21","0.21","46.2",,,,,
"CH","2023-06-27","84.2","1.67","6.6","Montgomery, Jordan",547989,656756,"grounded_into_double_play","hit_into_play",,,,,9,"Jose Abreu grounds into a double play, shortstop Paul DeJong to second baseman Brendan Donovan to first baseman Paul Goldschmidt. Kyle Tucker out at 2nd. Jose Abreu out at 1st.","R","R","L","STL","HOU","X",6,"ground_ball",2,2,2023,"0.81","1.08",0.6596199421685855,1.5000177298742379,,,663656,1,1,"Top",106.59,150.9,,,,,-3.9574621840417934,-122.48011963022084,-7.6360531813208485,8.89492162148837,23.555229766127717,-20.01283266083152,3.34,1.52,5,"91.9",-17,"84.6",1636,"6.5",717598,668800,502671,680977,571448,657557,691023,669242,666185,"54.01",0.133,0.122,"0",1,0,0,2,4,5,"Changeup",0,1,1,0,1,0,1,0,"Standard","Standard",129,"0.042","-0.308",,,,0.15,"0.308","91.9",-1,1,0.406,0.594,30,36,31,36,1,0,7,2,5,1,"2.13","0.81","-0.81","45.9",,,,,
"CH","2023-06-27","84","1.72","6.66","Montgomery, Jordan",547989,656756,,"foul",,,,,12,,"R","R","L","STL","HOU","S",,,2,1,2023,"0.76","0.92",0.8946394622034278,2.8201717785625653,,,663656,1,1,"Top",,,,,,,-3.418050759676453,-122.3334502167424,-4.410486686100227,8.247337726968237,21.242380441147063,-22.232018022257733,3.34,1.52,138,"80.7",73,"84.8",1529,"6.5",717598,668800,502671,680977,571448,657557,691023,669242,666185,"54.03",,,,,,,,4,4,"Changeup",0,1,1,0,1,0,1,0,"Standard","Standard",128,"0.007","-0.054",,,,,"0.054","88.0",-1,1,0.399,0.601,30,36,31,36,1,0,7,2,5,1,"2.27","0.76","-0.76","49.6",,,,,
"SI","2023-06-27","93.5","1.62","6.64","Montgomery, Jordan",547989,656756,,"blocked_ball",,,,,13,,"R","R","L","STL","HOU","B",,,1,1,2023,"1.26","0.84",-0.8155299792420356,0.6221604798551572,,,663656,1,1,"Top",,,,,,,-9.141752020010681,-135.46556030483154,-11.719885220161233,17.44651600455753,27.003781981744407,-19.539796777971354,3.51367592469606,1.67590855434221,,,,"94.5",2202,"6.9",717598,668800,502671,680977,571448,657557,691023,669242,666185,"53.56",,,,,,,,4,3,"Sinker",0,1,1,0,1,0,1,0,"Standard","Standard",143,"-0.004","0.046",,,,,"-0.046",,-1,1,0.403,0.597,30,36,31,36,1,0,7,2,5,1,"1.78","1.26","-1.26","44.8",,,,,
"SI","2023-06-27","92.7","1.69","6.81","Montgomery, Jordan",547989,656756,,"swinging_strike",,,,,3,,"R","R","L","STL","HOU","S",,,1,0,2023,"1.1","0.91",0.5456287980495229,3.256232654135118,,,663656,1,1,"Top",,,,,,,-5.31947451739233,-134.92016335555272,-5.322800322592236,14.562015389682482,27.194529836647945,-20.098216492186193,3.34,1.52,,,,"93",2169,"6.3",717598,668800,502671,680977,571448,657557,691023,669242,666185,"54.19",,,,,,,,4,2,"Sinker",0,1,1,0,1,0,1,0,"Standard","Standard",146,"0.004","-0.053",,,,,"0.053",,-1,1,0.399,0.601,30,36,31,36,1,0,7,2,5,1,"1.73","1.1","-1.1","46.1",,,,,
"CU","2023-06-27","79.1","1.77","6.66","Montgomery, Jordan",547989,656756,,"blocked_ball",,,,,13,,"R","R","L","STL","HOU","B",,,0,0,2023,"-0.18","-0.72",-0.14335918621783517,0.43507286527401856,,,663656,1,1,"Top",,,,,,,-3.8315164204929983,-115.16934774342944,-5.510716574736481,-1.0038567446075297,19.382197983821364,-37.90893989097951,3.68549829325919,1.69171171754686,,,,"79.6",2247,"6.4",717598,668800,502671,680977,571448,657557,691023,669242,666185,"54.13",,,,,,,,4,1,"Curveball",0,1,1,0,1,0,1,0,"Standard","Standard",330,"-0.003","0.036",,,,,"-0.036",,-1,1,0.402,0.598,30,36,31,36,1,0,7,2,5,1,"4.33","-0.18","0.18","47.1",,,,,
"FF","2023-06-27","94.6","1.78","6.78","Montgomery, Jordan",663656,656756,"force_out","hit_into_play",,,,,8,"Kyle Tucker grounds into a force out, first baseman Paul Goldschmidt to shortstop Paul DeJong. Mauricio Dubon scores. Alex Bregman out at 2nd. Kyle Tucker to 1st.","R","L","L","STL","HOU","X",3,"ground_ball",0,0,2023,"0.51","1.35",-0.12166504235634412,2.0656865303358876,643289,,608324,0,1,"Top",149.23,168.19,,,,,-6.092922643425709,-137.44563994999197,-9.656638926301584,7.772340270958182,28.96162558681807,-13.085808385936756,3.54,1.68,4,"69.8",-28,"94.8",2280,"6.4",717598,668800,502671,680977,571448,657557,691023,669242,666185,"54.11",0.04,0.047,"0",1,0,0,2,3,1,"4-Seam Fastball",0,0,0,0,1,0,1,0,"Standard","Standard",142,"0.019","-0.304",,,,0.04,"0.304","88.0",0,0,0.383,0.617,30,26,31,26,1,0,7,2,5,1,"1.19","0.51","0.51","44.3",,,,,
"SI","2023-06-27","93.5","1.89","6.77","Montgomery, Jordan",608324,656756,"single","hit_into_play",,,,,6,"Alex Bregman singles on a ground ball to right fielder Dylan Carlson. Mauricio Dubon to 3rd.","R","R","L","STL","HOU","X",9,"ground_ball",1,0,2023,"1.24","0.66",0.7257108485294252,2.1806291447634236,,,643289,0,1,"Top",189.34,125.47,,,,,-5.739719074651493,-136.06300054865983,-7.624306169443339,16.71273873397414,26.431002348387942,-22.519839115791168,3.23,1.55,83,"92.8",3,"94",2244,"6.3",717598,668800,502671,680977,571448,657557,691023,669242,666185,"54.17",0.461,0.448,"0.9",1,1,0,4,2,2,"Sinker",0,0,0,0,0,0,0,0,"Standard","Standard",136,"-0.076","0.422",,,,0.548,"-0.422","92.8",0,0,0.459,0.5409999999999999,30,29,31,29,1,0,7,2,5,1,"1.92","1.24","-1.24","43.0",,,,,
"SI","2023-06-27","93.3","1.75","6.7","Montgomery, Jordan",608324,656756,,"ball",,,,,13,,"R","R","L","STL","HOU","B",,,0,0,2023,"1.1","0.68",-0.3284307358257297,0.9942984346173611,,,643289,0,1,"Top",,,,,,,-7.748303903094454,-135.37589171104852,-10.453440761799282,15.15042035023091,26.607804548349797,-21.778303444353433,3.52152157883179,1.65261736737428,,,,"93.7",2269,"6.4",717598,668800,502671,680977,571448,657557,691023,669242,666185,"54.06",,,,,,,,2,1,"Sinker",0,0,0,0,0,0,0,0,"Standard","Standard",146,"-0.005","0.03",,,,,"-0.03",,0,0,0.464,0.536,30,29,31,29,1,0,7,2,5,1,"1.93","1.1","-1.1","45.5",,,,,
"CU","2023-06-20","82.8","1.76","6.61","Montgomery, Jordan",656180,656756,"strikeout","swinging_strike",,,,,13,"Riley Adams strikes out swinging.","R","R","L","WSH","STL","S",2,,1,2,2023,"-0.26","-0.6",-0.8448125453413882,1.0783742632549296,,,656448,2,7,"Bot",,,,,,,-5.469766134198119,-120.43971642615108,-4.974779705633832,-1.4959088191692802,23.77291041408506,-37.19842185889992,3.33,1.64,,,,"83.3",2479,"6.7",717691,668800,502671,680977,571448,657557,663457,669242,666185,"53.83",,0,"0",1,0,0,,58,5,"Curveball",1,6,1,6,6,1,1,6,"Standard","Standard",327,"-0.006","-0.206",,,,,"0.206",,-5,-5,0.024,0.024,30,27,31,27,3,2,6,3,7,2,"3.93","-0.26","0.26","46.2",,,,,
"FF","2023-06-20","94","1.66","6.73","Montgomery, Jordan",656180,656756,,"ball",,,,,11,,"R","R","L","WSH","STL","B",,,0,2,2023,"0.49","1.13",-1.003030434644557,3.9792503696598898,,,656448,2,7,"Bot",,,,,,,-8.02501069001211,-136.6747419654133,-3.9463289810570505,7.873874201016506,30.16247069837898,-17.264802327241807,3.31246378399257,1.66725259059393,,,,"94.5",2405,"6.6",717691,668800,502671,680977,571448,657557,663457,669242,666185,"53.88",,,,,,,,58,4,"4-Seam Fastball",1,6,1,6,6,1,1,6,"Infield shade","Standard",150,"0.001","0.02",,,,,"-0.02",,-5,-5,0.023,0.023,30,27,31,27,3,2,6,3,7,2,"1.45","0.49","-0.49","43.0",,,,,
"CU","2023-06-20","82.4","1.69","6.64","Montgomery, Jordan",656180,656756,,"foul",,,,,13,,"R","R","L","WSH","STL","S",,,0,2,2023,"-0.17","-0.59",-0.5797183147924452,1.4445090656565736,,,656448,2,7,"Bot",,,,,,,-4.850941251302272,-120.02071208441198,-4.21566352780086,-0.760929495547278,22.11290834793079,-37.27700457445056,3.33,1.64,,,,"83",2426,"6.5",717691,668800,502671,680977,571448,657557,663457,669242,666185,"53.95",,,,,,,,58,3,"Curveball",1,6,1,6,6,1,1,6,"Strategic","Standard",329,"0","0",,,,,"0",,-5,-5,0.023,0.023,30,27,31,27,3,2,6,3,7,2,"3.92","-0.17","0.17","44.9",,,,,
"CU","2023-06-20","80.5","1.65","6.66","Montgomery, Jordan",656180,656756,,"swinging_strike_blocked",,,,,13,,"R","R","L","WSH","STL","S",,,0,1,2023,"-0.15","-0.52",-0.8946085314801954,0.3556148396370369,,,656448,2,7,"Bot",,,,,,,-5.3746910698692405,-117.03362522105375,-6.3012789671062155,-0.3356416529164004,23.221707254996367,-35.89674804386554,3.33,1.64,,,,"80.6",2380,"6.5",717691,668800,502671,680977,571448,657557,663457,669242,666185,"53.96",,,,,,,,58,2,"Curveball",1,6,1,6,6,1,1,6,"Standard","Standard",328,"-0.002","-0.055",,,,,"0.055",,-5,-5,0.025,0.025,30,27,31,27,3,2,6,3,7,2,"4.06","-0.15","0.15","43.7",,,,,
"SI","2023-06-20","94.1","1.39","6.88","Montgomery, Jordan",656180,656756,,"called_strike",,,,,8,,"R","R","L","WSH","STL","S",,,0,0,2023,"1.63","0.96",-0.13153645037117556,1.5779238577412298,,,656448,2,7,"Bot",,,,,,,-7.546274051809987,-136.40732157768912,-10.094001940285638,21.989600725559338,32.110893820001756,-17.967726965865715,3.36462667942823,1.64147626576764,,,,"93.7",2297,"6.5",717691,668800,502671,680977,571448,657557,663457,669242,666185,"54.05",,,,,,,,58,1,"Sinker",1,6,1,6,6,1,1,6,"Strategic","Standard",145,"-0.001","-0.045",,,,,"0.045",,-5,-5,0.026,0.026,30,27,31,27,3,2,6,3,7,2,"1.64","1.63","-1.63","48.1",,,,,
"CU","2023-06-20","82.1","1.64","6.67","Montgomery, Jordan",642086,656756,"strikeout","swinging_strike_blocked",,,,,13,"Dominic Smith strikes out swinging.","R","L","L","WSH","STL","S",2,,1,2,2023,"-0.12","-0.72",-1.3136479002915784,0.3276540643663304,,,656448,1,7,"Bot",,,,,,,-6.498276408420663,-119.29102543570261,-6.367791355639437,0.250121562410605,25.078622340439583,-37.908295605764984,3.19,1.53,,,,"82.3",2358,"6.7",717691,668800,502671,680977,571448,657557,663457,669242,666185,"53.78",,0,"0",1,0,0,,57,5,"Curveball",1,6,1,6,6,1,1,6,"Infield shade","Standard",329,"-0.009","-0.183",,,,,"0.183",,-5,-5,0.035,0.035,30,28,31,28,3,2,6,1,7,1,"4.14","-0.12","-0.12","49.5",,,,,
"FF","2023-06-20","93.6","1.62","6.84","Montgomery, Jordan",642086,656756,,"foul",,,,,12,,"R","L","L","WSH","STL","S",,,1,2,2023,"0.34","1.38",0.07095967541966952,3.7711086505519624,,,656448,1,7,"Bot",,,,,,,-4.759471103879901,-136.18430318870736,-5.25528301897077,5.245580848470079,29.07156305701758,-14.02705818061344,3.19,1.53,125,"78.3",78,"93.8",2394,"6.4",717691,668800,502671,680977,571448,657557,663457,669242,666185,"54.13",,,,,,,,57,4,"4-Seam Fastball",1,6,1,6,6,1,1,6,"Standard","Standard",150,"0","0",,,,,"0","88.0",-5,-5,0.035,0.035,30,28,31,28,3,2,6,1,7,1,"1.22","0.34","0.34","48.6",,,,,
"SI","2023-06-20","91.3","1.56","6.79","Montgomery, Jordan",642086,656756,,"called_strike",,,,,7,,"R","L","L","WSH","STL","S",,,1,1,2023,"1.29","0.95",-0.7092780717679115,1.9138835778117214,,,656448,1,7,"Bot",,,,,,,-8.50475195462019,-132.5247667918988,-8.491457405378886,16.903224084424416,25.120470966792997,-19.408006089276597,3.26032718470273,1.53842578630725,,,,"92",2146,"6.6",717691,668800,502671,680977,571448,657557,663457,669242,666185,"53.88",,,,,,,,57,3,"Sinker",1,6,1,6,6,1,1,6,"Standard","Standard",142,"-0.003","-0.055",,,,,"0.055",,-5,-5,0.038,0.038,30,28,31,28,3,2,6,1,7,1,"1.78","1.29","1.29","44.3",,,,,
"SI","2023-06-20","92.4","1.6","6.7","Montgomery, Jordan",642086,656756,,"ball",,,,,13,,"R","L","L","WSH","STL","B",,,0,1,2023,"1.46","0.53",-0.5503385697397254,1.0136486439988919,,,656448,1,7,"Bot",,,,,,,-8.681635356070224,-133.97468170086208,-9.831142924064505,19.46024786622477,28.043835764048065,-23.83684358064754,3.31246378399257,1.53842578630725,,,,"92.8",2141,"6.6",717691,668800,502671,680977,571448,657557,663457,669242,666185,"53.87",,,,,,,,57,2,"Sinker",1,6,1,6,6,1,1,6,"Strategic","Standard",145,"0.001","0.025",,,,,"-0.025",,-5,-5,0.037,0.037,30,28,31,28,3,2,6,1,7,1,"2.15","1.46","1.46","44.0",,,,,
"SI","2023-06-20","94.5","1.59","6.81","Montgomery, Jordan",642086,656756,,"foul",,,,,9,,"R","L","L","WSH","STL","S",,,0,0,2023,"1.32","0.67",0.4490008578061362,1.6950741151471627,,,656448,1,7,"Bot",,,,,,,-5.929249647906755,-137.24413727339615,-9.165846085895852,17.97561378918886,28.967501347720486,-21.91517634675965,3.19,1.53,3,"76.1",-31,"94.9",2328,"6.5",717691,668800,502671,680977,571448,657557,663457,669242,666185,"53.96",,,,,,,,57,1,"Sinker",1,6,1,6,6,1,1,6,"Standard","Standard",147,"-0.002","-0.042",,,,,"0.042","88.0",-5,-5,0.039,0.039,30,28,31,28,3,2,6,1,7,1,"1.88","1.32","1.32","45.8",,,,,
"SI","2023-06-20","93.7","1.67","6.73","Montgomery, Jordan",671277,656756,"grounded_into_double_play","hit_into_play",,,,,5,"Luis Garcia grounds into a double play, shortstop Paul DeJong to first baseman Paul Goldschmidt. Lane Thomas out at 2nd. Luis Garcia out at 1st.","R","L","L","WSH","STL","X",6,"ground_ball",0,0,2023,"1.28","0.89",0.06518690855172538,2.6499413536291345,,,657041,0,6,"Bot",121.23,150.59,,,,,-7.0069179284445475,-136.26971278243897,-6.873053814613719,17.468339733558693,27.44906022475916,-19.734005349144358,3.46,1.7,3,"86.1",-36,"94.6",2154,"6.6",717691,668800,502671,680977,571448,657557,691023,669242,666185,"53.85",0.04,0.047,"0",1,0,0,2,48,1,"Sinker",1,5,1,5,5,1,1,5,"Standard","Standard",144,"-0.067","-0.35",,,,0.04,"0.35","88.0",-4,-4,0.133,0.133,30,23,31,23,3,2,6,1,7,1,"1.69","1.28","1.28","46.0",,,,,
"CH","2023-06-20","84.3","1.41","6.71","Montgomery, Jordan",642086,656756,"strikeout","swinging_strike",,,,,7,"Dominic Smith strikes out swinging.","R","L","L","WSH","STL","S",2,,1,2,2023,"0.58","0.92",-0.6503612687198413,1.782435510741368,,656448,,2,4,"Bot",,,,,,,-5.96904184179176,-122.5689071846752,-6.93320649491864,7.044428976058822,23.821129729569087,-21.752224537718366,3.19,1.53,,,,"84.7",1612,"6.5",717691,668800,502671,680977,571448,657557,691023,669242,666185,"53.97",,0,"0",1,0,0,,32,7,"Changeup",1,2,1,2,2,1,1,2,"Strategic","Standard",136,"-0.031","-0.203",,,,,"0.203",,-1,-1,0.393,0.393,30,28,31,28,2,1,6,1,7,1,"2.29","0.58","0.58","48.7",,,,,
"SI","2023-06-20","93.5","1.56","6.85","Montgomery, Jordan",642086,656756,,"foul",,,,,14,,"R","L","L","WSH","STL","S",,,1,2,2023,"1.05","0.87",1.2300152754554792,2.116843301040091,,656448,,2,4,"Bot",,,,,,,-3.1799825325840034,-135.99344010141613,-8.444812522043657,13.707915442570785,29.4591114177377,-19.767881187875222,3.19,1.53,7,"89.2",-19,"94.4",2158,"6.8",717691,668800,502671,680977,571448,657557,691023,669242,666185,"53.7",,,,,,,,32,6,"Sinker",1,2,1,2,2,1,1,2,"Strategic","Standard",148,"0","0",,,,,"0","89.2",-1,-1,0.393,0.393,30,28,31,28,2,1,6,1,7,1,"1.74","1.05","1.05","48.4",,,,,
"SI","2023-06-20","94.2","1.6","6.76","Montgomery, Jordan",642086,656756,,"foul",,,,,9,,"R","L","L","WSH","STL","S",,,1,2,2023,"1.21","0.75",0.6076745442895948,2.0068776313513306,,656448,,2,4,"Bot",,,,,,,-5.295491635204509,-137.04648775224464,-8.43085268890606,16.36279701482544,26.079718064390725,-21.143441048861483,3.19,1.53,,,,"95.3",2171,"6.6",717691,668800,502671,680977,571448,657557,691023,669242,666185,"53.87",,,,,,,,32,5,"Sinker",1,2,1,2,2,1,1,2,"Strategic","Standard",147,"0","0",,,,,"0",,-1,-1,0.393,0.393,30,28,31,28,2,1,6,1,7,1,"1.79","1.21","1.21","45.6",,,,,
"SI","2023-06-20","94.5","1.5","6.88","Montgomery, Jordan",642086,656756,,"foul",,,,,11,,"R","L","L","WSH","STL","S",,,1,2,2023,"1.02","0.84",-0.9140719986518294,3.541156078224499,,656448,,2,4,"Bot",,,,,,,-8.543989842922443,-137.34488778417443,-4.919141621801883,14.703555876810071,28.965100794749382,-20.576506639498483,3.19,1.53,10,"90.6",-18,"94.7",2327,"6.4",717691,668800,502671,680977,571448,657557,691023,669242,666185,"54.11",,,,,,,,32,4,"Sinker",1,2,1,2,2,1,1,2,"Strategic","Standard",148,"0","0",,,,,"0","90.6",-1,-1,0.393,0.393,30,28,31,28,2,1,6,1,7,1,"1.7","1.02","1.02","47.8",,,,,
"FF","2023-06-20","93.5","1.57","6.76","Montgomery, Jordan",642086,656756,,"called_strike",,,,,7,,"R","L","L","WSH","STL","S",,,1,1,2023,"0.5","1.27",-0.5056126806631446,2.0432052993307277,,656448,,2,4,"Bot",,,,,,,-6.520716451839646,-135.82715716167553,-9.315280563866331,7.535959451338485,27.8200814916178,-14.667354231087653,3.23426868879091,1.58994010202118,,,,"94.7",2454,"6.9",717691,668800,502671,680977,571448,657557,691023,669242,666185,"53.59",,,,,,,,32,3,"4-Seam Fastball",1,2,1,2,2,1,1,2,"Strategic","Standard",143,"-0.011","-0.064",,,,,"0.064",,-1,-1,0.404,0.404,30,28,31,28,2,1,6,1,7,1,"1.34","0.5","0.5","48.4",,,,,
"CU","2023-06-20","82.6","1.52","6.63","Montgomery, Jordan",642086,656756,,"blocked_ball",,,,,13,,"R","L","L","WSH","STL","B",,,0,1,2023,"-0.28","-0.29",-1.6660411621242177,0.5638533211580801,,656448,,2,4,"Bot",,,,,,,-6.755154436369419,-119.97693190927322,-6.786450545805409,-1.4273095585974602,22.789047209978893,-33.816180968786846,3.33854193319635,1.61570544291445,,,,"83.3",2443,"6.8",717691,668800,502671,680977,571448,657557,691023,669242,666185,"53.66",,,,,,,,32,2,"Curveball",1,2,1,2,2,1,1,2,"Strategic","Standard",328,"0.005","0.02",,,,,"-0.02",,-1,-1,0.399,0.399,30,28,31,28,2,1,6,1,7,1,"3.63","-0.28","-0.28","46.6",,,,,
"SI","2023-06-20","92.4","1.64","6.73","Montgomery, Jordan",642086,656756,,"foul",,,,,12,,"R","L","L","WSH","STL","S",,,0,0,2023,"1.17","0.83",1.4264320748202124,4.010405885328718,,656448,,2,4,"Bot",,,,,,,-3.1190116569345703,-134.63581803372728,-3.006484494679251,14.898714720135091,26.234392735879386,-21.628744562365593,3.19,1.53,3,"31.3",-51,"93.8",2205,"6.8",717691,668800,502671,680977,571448,657557,691023,669242,666185,"53.67",,,,,,,,32,1,"Sinker",1,2,1,2,2,1,1,2,"Strategic","Standard",145,"-0.007","-0.046",,,,,"0.046","88.0",-1,-1,0.406,0.406,30,28,31,28,2,1,6,1,7,1,"1.81","1.17","1.17","46.5",,,,,
"CH","2023-06-20","84.5","1.36","6.7","Montgomery, Jordan",656448,656756,"double","hit_into_play",,,,,5,"Stone Garrett doubles (6) on a line drive to left fielder Jordan Walker. Luis Garcia scores.","R","R","L","WSH","STL","X",7,"line_drive",0,0,2023,"1.07","1.34",0.1546577678770067,2.5992659474971047,671277,,,2,4,"Bot",48.95,102.19,,,,,-4.978811021378781,-122.93911182397649,-5.8743962845538515,11.868488309550646,24.7998583138427,-17.65843025423996,3.5,1.71,202,"99.5",13,"85.1",1777,"6.7",717691,668800,502671,680977,571448,657557,691023,669242,666185,"53.8",0.937,0.901,"1.25",1,1,1,4,31,1,"Changeup",0,2,0,2,2,1,1,2,"Standard","Standard",135,"0.112","0.805",,,,1.119,"-0.805","99.5",-2,-2,0.294,0.294,30,27,31,28,2,1,6,2,7,1,"1.86","1.07","-1.07","50.1",,,,,
"FF","2023-06-20","94.2","1.55","6.71","Montgomery, Jordan",608841,656756,"field_out","hit_into_play",,,,,1,"Joey Meneses pops out to first baseman Paul Goldschmidt in foul territory.","R","R","L","WSH","STL","X",3,"popup",2,0,2023,"0.5","1.36",-0.42342996385367326,3.3458904472304374,671277,,,1,4,"Bot",170.47,181.05,,,,,-6.279004400034689,-137.10731097934826,-6.181891500085406,7.57862978567571,27.525168066644873,-13.757914696490163,3.52,1.7,104,"82",72,"95.4",2445,"6.8",717691,668800,502671,680977,571448,657557,691023,669242,666185,"53.75",0.003,0.005,"0",1,0,0,3,30,3,"4-Seam Fastball",0,2,0,2,2,0,0,2,"Standard","Standard",145,"-0.08","-0.218",,,,0.005,"0.218","88.0",-2,-2,0.374,0.374,30,31,31,31,2,1,6,1,7,1,"1.18","0.5","-0.5","48.7",,,,,
"FF","2023-06-20","93.4","1.59","6.83","Montgomery, Jordan",608841,656756,,"ball",,,,,11,,"R","R","L","WSH","STL","B",,,1,0,2023,"0.32","1.29",-0.05200333202385948,4.6216469206482165,671277,,,1,4,"Bot",,,,,,,-4.969188717836177,-136.07107961488737,-2.822137713272067,5.058154768699062,27.904722534808197,-15.731987689021885,3.65200094165554,1.71882182646023,,,,"94",2392,"6.4",717691,668800,502671,680977,571448,657557,691023,669242,666185,"54.07",,,,,,,,30,2,"4-Seam Fastball",0,2,0,2,2,0,0,2,"Infield shade","Standard",150,"0.006","0.043",,,,,"-0.043",,-2,-2,0.368,0.368,30,31,31,31,2,1,6,1,7,1,"1.31","0.32","-0.32","49.1",,,,,
"CH","2023-06-20","85.4","1.39","6.64","Montgomery, Jordan",608841,656756,,"ball",,,,,13,,"R","R","L","WSH","STL","B",,,0,0,2023,"0.4","0.99",-0.9182847820348108,1.1543019707660809,671277,,,1,4,"Bot",,,,,,,-6.2910570473335525,-124.13033602764686,-8.709590071128499,5.3485981256581105,22.483599864704377,-20.458919225502044,3.75670537439591,1.66725259059393,,,,"86.3",1782,"6.7",717691,668800,502671,680977,571448,657557,691023,669242,666185,"53.77",,,,,,,,30,1,"Changeup",0,2,0,2,2,0,0,2,"Standard","Standard",135,"0.003","0.026",,,,,"-0.026",,-2,-2,0.365,0.365,30,31,31,31,2,1,6,1,7,1,"2.12","0.4","-0.4","48.7",,,,,
"CH","2023-06-20","84.3","1.38","6.7","Montgomery, Jordan",600869,656756,"field_out","hit_into_play",,,,,9,"Jeimer Candelario grounds out, third baseman Nolan Arenado to first baseman Paul Goldschmidt.","R","R","L","WSH","STL","X",5,"ground_ball",2,0,2023,"0.92","1.05",0.39127616143509814,1.6742519031707135,671277,,,0,4,"Bot",97.88,167.85,,,,,-4.153248422874387,-122.59439190743781,-7.430794965355228,10.141953786024416,24.123029218962355,-20.324729707077925,3.27,1.56,56,"97",2,"84.8",1771,"6.6",717691,668800,502671,680977,571448,657557,691023,669242,666185,"53.86",0.471,0.463,"0",1,0,0,4,29,3,"Changeup",0,2,0,2,2,0,0,2,"Infield shade","Standard",135,"-0.064","-0.304",,,,0.558,"0.304","97.0",-2,-2,0.429,0.429,30,29,31,30,2,1,6,1,7,1,"2.16","0.92","-0.92","49.0",,,,,
"FF","2023-06-20","93.2","1.55","6.85","Montgomery, Jordan",600869,656756,,"ball",,,,,11,,"R","R","L","WSH","STL","B",,,1,0,2023,"0.57","1.31",-1.5123439578289726,2.8911662564634186,671277,,,0,4,"Bot",,,,,,,-9.117641964948525,-135.32655474186512,-7.301818362557984,8.880162361875968,28.34250387667937,-14.604625201565954,3.39071804576731,1.61570544291445,,,,"93.5",2431,"6.5",717691,668800,502671,680977,571448,657557,691023,669242,666185,"54.01",,,,,,,,29,2,"4-Seam Fastball",0,2,0,2,2,0,0,2,"Infield shade","Standard",147,"0.011","0.03",,,,,"-0.03",,-2,-2,0.418,0.418,30,29,31,30,2,1,6,1,7,1,"1.32","0.57","-0.57","46.0",,,,,
"SI","2023-06-20","93.7","1.45","6.97","Montgomery, Jordan",600869,656756,,"ball",,,,,11,,"R","R","L","WSH","STL","B",,,0,0,2023,"1.19","1.08",-1.0899799588104193,3.1263862732017333,671277,,,0,4,"Bot",,,,,,,-9.15387092802763,-136.0223251866947,-6.542147895639668,16.726267524540994,29.45752629263752,-17.524599261549263,3.54740656714056,1.69303443745078,,,,"93.5",2221,"6.3",717691,668800,502671,680977,571448,657557,691023,669242,666185,"54.22",,,,,,,,29,1,"Sinker",0,2,0,2,2,0,0,2,"Standard","Standard",149,"0.005","0.028",,,,,"-0.028",,-2,-2,0.413,0.413,30,29,31,30,2,1,6,1,7,1,"1.53","1.19","-1.19","50.6",,,,,
"SI","2023-06-20","93","1.52","6.82","Montgomery, Jordan",657041,656756,"field_out","hit_into_play",,,,,3,"Lane Thomas lines out to right fielder Dylan Carlson.","R","R","L","WSH","STL","X",9,"line_drive",1,0,2023,"1.38","0.79",0.4016239114227069,2.774758557808539,,,682928,2,3,"Bot",184.1,94.54,,,,,-5.915812533762685,-135.29422804553388,-6.393282235408858,18.237080820860545,27.503282727364493,-21.2720421916063,3.02,1.43,296,"89.2",26,"93.8",2211,"6.6",717691,668800,502671,680977,571448,657557,691023,669242,666185,"53.89",0.068,0.075,"0",1,0,0,3,21,2,"Sinker",0,2,0,2,2,0,0,2,"Standard","Standard",146,"-0.028","-0.316",,,,0.123,"0.316","89.2",-2,-2,0.299,0.299,30,27,31,28,2,1,6,1,7,1,"1.83","1.38","-1.38","48.7",,,,,
"CU","2023-06-20","79.8","1.47","6.72","Montgomery, Jordan",657041,656756,,"blocked_ball",,,,,13,,"R","R","L","WSH","STL","B",,,0,0,2023,"-0.31","-0.5",-0.9099224508923043,0.8160048168238814,,,682928,2,3,"Bot",,,,,,,-4.670201594233746,-116.14311867841975,-5.323372733158351,-1.931709511803882,21.79656318464582,-35.932622132694895,3.13009953188981,1.4611949300127,,,,"80.1",2402,"6.5",717691,668800,502671,680977,571448,657557,691023,669242,666185,"54",,,,,,,,21,1,"Curveball",0,2,0,2,2,0,0,2,"Standard","Standard",335,"0.002","0.03",,,,,"-0.03",,-2,-2,0.297,0.297,30,27,31,28,2,1,6,1,7,1,"4.08","-0.31","0.31","48.4",,,,,
"SI","2023-06-20","94.9","1.62","6.83","Montgomery, Jordan",682928,656756,"force_out","hit_into_play",,,,,9,"CJ Abrams grounds into a force out, first baseman Paul Goldschmidt to shortstop Paul DeJong. Victor Robles out at 2nd. CJ Abrams to 1st.","R","L","L","WSH","STL","X",3,"ground_ball",1,1,2023,"1.44","0.99",0.4055269777529318,2.147187600995598,,,645302,1,3,"Bot",151.18,168.36,,,,,-6.4361525166129105,-137.8670150103488,-8.858797238418708,19.760426192845706,29.229521558998602,-17.785932722810447,3.46,1.57,4,"90",-31,"95.7",2229,"6.7",717691,668800,502671,680977,571448,657557,691023,669242,666185,"53.78",0.089,0.086,"0",1,0,0,2,20,3,"Sinker",0,2,0,2,2,0,0,2,"Standard","Standard",143,"-0.032","-0.316",,,,0.136,"0.316","90.0",-2,-2,0.329,0.329,30,22,31,23,1,0,6,1,7,1,"1.54","1.44","1.44","45.8",,,,,
"FF","2023-06-20","94.8","1.62","6.73","Montgomery, Jordan",682928,656756,,"foul",,,,,5,,"R","L","L","WSH","STL","S",,,1,0,2023,"0.52","1.1",0.17285813934339522,2.5578493578414765,,,645302,1,3,"Bot",,,,,,,-4.994407244212098,-137.85180245957676,-7.77455014175725,7.694709358834786,28.225182807340605,-16.6558089876814,3.46,1.57,204,"73.9",55,"95.8",2373,"6.7",717691,668800,502671,680977,571448,657557,691023,669242,666185,"53.77",,,,,,,,20,2,"4-Seam Fastball",0,2,0,2,2,0,0,2,"Standard","Standard",148,"-0.007","-0.053",,,,,"0.053","88.0",-2,-2,0.336,0.336,30,22,31,23,1,0,6,1,7,1,"1.42","0.52","0.52","45.6",,,,,
"FF","2023-06-20","94.8","1.56","6.71","Montgomery, Jordan",682928,656756,,"ball",,,,,13,,"R","L","L","WSH","STL","B",,,0,0,2023,"0.43","1.27",-0.7899335234854357,0.6968483228724633,,,645302,1,3,"Bot",,,,,,,-7.125381356702634,-137.45611956143682,-12.943787842726719,6.988555128297259,28.044548041588254,-13.472860317996462,3.45829206231879,1.71882182646023,,,,"95.4",2414,"6.7",717691,668800,502671,680977,571448,657557,691023,669242,666185,"53.83",,,,,,,,20,1,"4-Seam Fastball",0,2,0,2,2,0,0,2,"Standard","Standard",150,"0.005","0.036",,,,,"-0.036",,-2,-2,0.331,0.331,30,22,31,23,1,0,6,1,7,1,"1.27","0.43","0.43","44.0",,,,,
"SI","2023-06-14","94.4","1.7","6.76","Montgomery, Jordan",573262,656756,"single","hit_into_play",,,,,4,"Mike Yastrzemski singles on a line drive to left fielder Jordan Walker. David Villar scores.","R","L","L","STL","SF","X",7,"line_drive",2,2,2023,"1.11","0.78",-0.5134288671905356,2.8486238085654714,,681584,,1,7,"Top",49.31,93.7,,,,,-8.23318758138862,-137.2537643449991,-6.26696809806466,15.8284267536057,28.74541531352681,-21.0547226807201,3.43,1.64,285,"99.5",17,"94.7",2202,"6.4",717767,668800,502671,680977,669357,657557,691023,669242,666185,"54.12",0.476,0.506,"0.9",1,1,0,4,54,5,"Sinker",5,2,2,5,3,5,3,5,"Strategic","Standard",137,"-0.075","0.596",,,,0.76,"-0.596","99.5",3,-3,0.884,0.11599999999999999,30,32,31,33,3,2,5,1,6,2,"1.77","1.11","1.11","47.1",,,,,
"CU","2023-06-14","79.2","1.86","6.64","Montgomery, Jordan",573262,656756,,"blocked_ball",,,,,14,,"R","L","L","STL","SF","B",,,1,2,2023,"-0.3","-0.72",0.06656589654555953,0.5502111692328984,,681584,,1,7,"Top",,,,,,,-3.3686886429534413,-115.37339862477954,-5.248112124927477,-2.116853306651337,19.784041921984223,-37.93775965398398,3.47473979094946,1.63517891108847,,,,"79.8",2230,"6.4",717767,668800,502671,680977,669357,657557,691023,669242,666185,"54.06",,,,,,,,54,4,"Curveball",5,2,2,5,2,5,2,5,"Strategic","Standard",324,"-0.005","0.04",,,,,"-0.04",,3,-3,0.889,0.11099999999999999,30,32,31,33,3,2,5,1,6,2,"4.32","-0.3","-0.3","45.1",,,,,
"CU","2023-06-14","79.9","1.72","6.61","Montgomery, Jordan",573262,656756,,"swinging_strike_blocked",,,,,13,,"R","L","L","STL","SF","S",,,1,1,2023,"-0.82","-0.74",-0.4278706832603538,0.691763276190724,,681584,,1,7,"Top",,,,,,,-3.1908645580166395,-116.23648096120114,-4.905953194813105,-6.823985261350009,22.840744302198672,-38.0718288078157,3.43,1.64,,,,"80.1",2277,"6.6",717767,668800,502671,680977,669357,657557,691023,669242,666185,"53.93",,,,,,,,54,3,"Curveball",5,2,2,5,2,5,2,5,"Strategic","Standard",316,"0.009","-0.078",,,,,"0.078",,3,-3,0.88,0.12,30,32,31,33,3,2,5,1,6,2,"4.32","-0.82","-0.82","47.8",,,,,
"SI","2023-06-14","91.2","1.77","6.61","Montgomery, Jordan",573262,656756,,"called_strike",,,,,5,,"R","L","L","STL","SF","S",,,1,0,2023,"1.26","0.96",-0.11868612743345852,2.4985198286080816,,681584,,1,7,"Top",,,,,,,-7.491359987033535,-132.50824796002695,-6.466993915818635,16.46334468505123,30.77047722559819,-19.63022549474604,3.56000929849917,1.76963033114888,,,,"91.2",2194,"6.5",717767,668800,502671,680977,669357,657557,691023,669242,666185,"53.96",,,,,,,,54,2,"Sinker",5,2,2,5,2,5,2,5,"Strategic","Standard",138,"0.006","-0.049",,,,,"0.049",,3,-3,0.874,0.126,30,32,31,33,3,2,5,1,6,2,"1.81","1.26","1.26","43.3",,,,,
"CU","2023-06-14","80.6","1.87","6.6","Montgomery, Jordan",573262,656756,,"ball",,,,,13,,"R","L","L","STL","SF","B",,,0,0,2023,"-0.2","-0.68",-0.7590321952644268,1.296532793579726,,681584,,1,7,"Top",,,,,,,-5.495860998190022,-117.24607464496175,-3.826560378279162,-0.7845401913344625,22.46775162260349,-37.932792406615135,3.53564858683908,1.63897591934809,,,,"81",2410,"6.6",717767,668800,502671,680977,669357,657557,691023,669242,666185,"53.86",,,,,,,,54,1,"Curveball",5,2,2,5,2,5,2,5,"Strategic","Standard",324,"-0.004","0.034",,,,,"-0.034",,3,-3,0.878,0.122,30,32,31,33,3,2,5,1,6,2,"4.2","-0.2","-0.2","48.4",,,,,
"FF","2023-06-14","93.7","1.76","6.65","Montgomery, Jordan",664774,656756,"field_out","hit_into_play",,,,,5,"LaMonte Wade Jr. pops out to catcher Andrew Knizner in foul territory.","R","L","L","STL","SF","X",2,"popup",1,0,2023,"0.17","1.33",-0.25719315458450975,2.6075246940451917,527038,,672275,2,6,"Top",118.78,207.87,,,,,-5.612649456945939,-136.15299233829734,-7.644551937234303,3.428147188759612,31.166049205310884,-14.138280790897511,3.16,1.56,28,"86.7",82,"93.9",2207,"6.6",717767,668800,502671,680977,669357,657557,691023,669242,666185,"53.9",0.001,0,"0",1,0,0,3,48,2,"4-Seam Fastball",5,2,2,5,2,5,2,5,"Standard","Standard",146,"0.052","-0.35",,,,0.001,"0.35","88.0",3,-3,0.859,0.14100000000000001,30,29,31,29,3,2,5,1,6,2,"1.28","0.17","0.17","46.7",,,,,
"FF","2023-06-14","93.9","1.6","6.72","Montgomery, Jordan",664774,656756,,"blocked_ball",,,,,13,,"R","L","L","STL","SF","B",,,0,0,2023,"0.31","1.16",-1.1416145244404314,0.7665852217363931,527038,,672275,2,6,"Top",,,,,,,-7.820641301435866,-136.14560421158532,-12.293979190670306,5.502773894876499,27.720314841703562,-15.278408376407455,3.26757603872684,1.52514678484204,,,,"94.4",2422,"6.6",717767,668800,502671,680977,669357,657557,691023,669242,666185,"53.88",,,,,,,,48,1,"4-Seam Fastball",5,2,2,5,2,5,2,5,"Standard","Standard",148,"-0.003","0.042",,,,,"-0.042",,3,-3,0.862,0.138,30,29,31,29,3,2,5,1,6,2,"1.43","0.31","0.31","48.0",,,,,
"SI","2023-06-14","93.7","1.79","6.65","Montgomery, Jordan",672275,656756,"single","hit_into_play",,,,,8,"Patrick Bailey singles on a line drive to right fielder Dylan Carlson. Wilmer Flores to 3rd.","R","R","L","STL","SF","X",9,"line_drive",2,1,2023,"1.06","0.75",0.0670956228428401,2.0353379191392067,,,527038,2,6,"Top",206.89,105.56,,,,,-6.815639093780695,-136.23715099184793,-7.938864530910176,14.59296694760333,26.60340347410536,-21.38913036125305,3.26,1.6,264,"98.7",15,"94.6",2072,"6.6",717767,668800,502671,680977,669357,657557,691023,669242,666185,"53.9",0.729,0.738,"0.9",1,1,0,4,47,4,"Sinker",5,2,2,5,2,5,2,5,"Strategic","Standard",143,"-0.026","0.351",,,,0.976,"-0.351","98.7",3,-3,0.888,0.11199999999999999,30,24,31,24,3,2,5,1,6,2,"1.83","1.06","-1.06","45.3",,,,,
"SI","2023-06-14","93.6","1.73","6.71","Montgomery, Jordan",672275,656756,,"ball",,,,,13,,"R","R","L","STL","SF","B",,,1,1,2023,"1.24","0.78",-0.22721841157840683,1.328474759802973,,,527038,2,6,"Top",,,,,,,-7.795952365149478,-135.898933185063,-9.894038433411705,17.003432927486358,27.975373204652346,-20.60464473542744,3.25999901342754,1.58389088635203,,,,"93.9",2086,"6.5",717767,668800,502671,680977,669357,657557,691023,669242,666185,"54.02",,,,,,,,47,3,"Sinker",5,2,2,5,2,5,2,5,"Strategic","Standard",143,"-0.003","0.036",,,,,"-0.036",,3,-3,0.891,0.10899999999999999,30,24,31,24,3,2,5,1,6,2,"1.83","1.24","-1.24","47.2",,,,,
"CU","2023-06-14","80.3","1.82","6.58","Montgomery, Jordan",672275,656756,,"ball",,,,,14,,"R","R","L","STL","SF","B",,,0,1,2023,"-0.35","-0.62",0.4777399166229491,1.4388864885565407,,,527038,2,6,"Top",,,,,,,-2.322394487115695,-117.03513887439799,-3.635463898360716,-2.9007370947998354,19.420772376081104,-37.549960739205986,3.21858572317899,1.59284148305249,,,,"81.2",2335,"6.5",717767,668800,502671,680977,669357,657557,691023,669242,666185,"53.96",,,,,,,,47,2,"Curveball",5,2,2,5,2,5,2,5,"Strategic","Standard",328,"-0.002","0.025",,,,,"-0.025",,3,-3,0.893,0.10699999999999998,30,24,31,24,3,2,5,1,6,2,"4.11","-0.35","0.35","45.3",,,,,
"CH","2023-06-14","84.1","1.77","6.49","Montgomery, Jordan",672275,656756,,"called_strike",,,,,14,,"R","R","L","STL","SF","S",,,0,0,2023,"0.9","0.52",0.9357738475522853,1.6976589500373631,,,527038,2,6,"Top",,,,,,,-3.768632660046946,-122.44274993982236,-5.8864952807645565,9.825271294666473,21.33893083746715,-26.044590343778033,3.21433571497277,1.49258266097816,,,,"85.4",1666,"6.9",717767,668800,502671,680977,669357,657557,691023,669242,666185,"53.63",,,,,,,,47,1,"Changeup",5,2,2,5,2,5,2,5,"Standard","Standard",135,"0.003","-0.045",,,,,"0.045",,3,-3,0.89,0.10999999999999999,30,24,31,24,3,2,5,1,6,2,"2.67","0.9","-0.9","45.0",,,,,
"SI","2023-06-14","92.8","1.76","6.72","Montgomery, Jordan",669477,656756,"grounded_into_double_play","hit_into_play",,,,,5,"Casey Schmitt grounds into a double play, shortstop Paul DeJong to second baseman Brendan Donovan to first baseman Paul Goldschmidt. LaMonte Wade Jr. out at 2nd. Casey Schmitt out at 1st.","R","R","L","STL","SF","X",6,"ground_ball",2,1,2023,"1.05","0.59",0.2612274928452102,2.09394656110321,527038,672275,664774,1,1,"Top",108.62,150.9,,,,,-6.175725375361523,-134.86003706335373,-7.387764695617595,14.180017641579047,28.408232550905325,-23.597436891732322,3.15000023006112,1.51000019489373,6,"101.6",-18,"93.6",2171,"6.7",717767,668800,502671,680977,669357,657557,691023,669242,666185,"53.75",0.202,0.188,"0",1,0,0,2,7,4,"Sinker",0,2,2,0,2,0,2,0,"Standard","Standard",142,"0.118","-0.293",,,,0.246,"0.293","101.6",-2,2,0.234,0.766,30,24,31,24,1,0,5,1,6,2,"2.06","1.05","-1.05","43.9",,,,,
"CH","2023-06-14","83.4","1.65","6.6","Montgomery, Jordan",669477,656756,,"called_strike",,,,,9,,"R","R","L","STL","SF","S",,,2,0,2023,"0.52","0.81",0.5280568183352524,1.8545394014554155,527038,672275,664774,1,1,"Top",,,,,,,-3.618144151630459,-121.39622808956888,-6.15520724460753,5.8055162981372606,22.34305935785234,-23.17548534432788,3.42531236803918,1.68664023465459,,,,"84.3",1742,"6.7",717767,668800,502671,680977,669357,657557,691023,669242,666185,"53.8",,,,,,,,7,3,"Changeup",0,2,2,0,2,0,2,0,"Standard","Standard",132,"0.013","-0.101",,,,,"0.101",,-2,2,0.221,0.779,30,24,31,24,1,0,5,1,6,2,"2.45","0.52","-0.52","45.4",,,,,
"CU","2023-06-14","78.7","1.85","6.71","Montgomery, Jordan",669477,656756,,"ball",,,,,12,,"R","R","L","STL","SF","B",,,1,0,2023,"-0.33","-0.65",1.558758971208283,3.5778362444228793,527038,672275,664774,1,1,"Top",,,,,,,-0.013240169930284276,-114.6756210682082,1.16268653776718,-2.9590591016574113,18.90133879314308,-38.33364421401725,3.27083790450163,1.50999908771178,,,,"79.5",2305,"6.5",717767,668800,502671,680977,669357,657557,691023,669242,666185,"53.99",,,,,,,,7,2,"Curveball",0,2,2,0,2,0,2,0,"Standard","Standard",305,"-0.013","0.068",,,,,"-0.068",,-2,2,0.234,0.766,30,24,31,24,1,0,5,1,6,2,"4.29","-0.33","0.33","47.3",,,,,
"CH","2023-06-14","83.7","1.55","6.61","Montgomery, Jordan",669477,656756,,"ball",,,,,13,,"R","R","L","STL","SF","B",,,0,0,2023,"0.59","1.07",-0.40455762359949465,1.4334703143233374,527038,672275,664774,1,1,"Top",,,,,,,-5.724380193199755,-121.6557661861306,-7.71819966345708,6.983761953109372,22.574899067757407,-20.23449597582831,3.38185028649882,1.66192284029785,,,,"84.5",1820,"6.7",717767,668800,502671,680977,669357,657557,691023,669242,666185,"53.78",,,,,,,,7,1,"Changeup",0,2,2,0,2,0,2,0,"Standard","Standard",133,"-0.006","0.032",,,,,"-0.032",,-2,2,0.24,0.76,30,24,31,24,1,0,5,1,6,2,"2.18","0.59","-0.59","46.7",,,,,
"SI","2023-06-14","94.2","1.73","6.77","Montgomery, Jordan",664774,656756,"force_out","hit_into_play",,,,,2,"LaMonte Wade Jr. grounds into a force out, first baseman Paul Goldschmidt to catcher Andrew Knizner. Thairo Estrada out at home. Wilmer Flores to 3rd. Patrick Bailey to 2nd. LaMonte Wade Jr. to 1st.","R","L","L","STL","SF","X",3,"ground_ball",0,2,2023,"1.12","0.78",0.2656219937878739,2.760840357025545,642731,527038,672275,0,1,"Top",148.73,170.23,,,,,-6.324008476494156,-137.07772889748983,-6.5212186597595565,15.51285357334362,26.86772979582484,-21.19021454778819,3.15942928424974,1.55888737308064,11,"96.2",-14,"95",2204,"6.5",717767,668800,502671,680977,669357,657557,691023,669242,666185,"53.98",0.19,0.171,"0",1,0,0,2,6,3,"Sinker",0,2,2,0,2,0,2,0,"Standard","Standard",149,"0.026","-0.149",,,,0.245,"0.149","96.2",-2,2,0.214,0.786,30,29,31,29,1,0,5,1,6,2,"1.77","1.12","1.12","44.1",,,,,
"CU","2023-06-14","79.9","1.73","6.69","Montgomery, Jordan",664774,656756,,"foul",,,,,1,,"R","L","L","STL","SF","S",,,0,1,2023,"-0.37","-0.78",-0.3892880439850442,2.8269654685663537,642731,527038,672275,0,1,"Top",,,,,,,-3.9926814829035457,-116.37520613856023,-0.3648939728515843,-2.706941153896451,20.165263694310312,-39.47662030580654,3.16,1.56,191,"67.8",47,"80.8",2364,"6.7",717767,668800,502671,680977,669357,657557,691023,669242,666185,"53.84",,,,,,,,6,2,"Curveball",0,2,2,0,2,0,2,0,"Standard","Standard",320,"0.011","-0.057",,,,,"0.057","88.0",-2,2,0.203,0.7969999999999999,30,29,31,29,1,0,5,1,6,2,"4.33","-0.37","-0.37","46.3",,,,,
"CU","2023-06-14","80.5","1.8","6.69","Montgomery, Jordan",664774,656756,,"called_strike",,,,,11,,"R","L","L","STL","SF","S",,,0,0,2023,"-0.32","-0.56",-0.4586721775998535,3.316577658477173,642731,527038,672275,0,1,"Top",,,,,,,-4.435863551129124,-117.2755722461347,0.22729261753215657,-2.1621702911749225,21.046783949171616,-37.64724948491292,2.87807669750889,1.29127527707507,,,,"81.2",2400,"6.6",717767,668800,502671,680977,669357,657557,691023,669242,666185,"53.92",,,,,,,,6,1,"Curveball",0,2,2,0,2,0,2,0,"Standard","Standard",320,"0.006","-0.041",,,,,"0.041",,-2,2,0.197,0.8029999999999999,30,29,31,29,1,0,5,1,6,2,"4.06","-0.32","-0.32","49.7",,,,,
"SI","2023-06-14","93.7","1.75","6.67","Montgomery, Jordan",672275,656756,"single","hit_into_play",,,,,6,"Patrick Bailey singles on a ground ball to second baseman Brendan Donovan. Luis Matos scores. Thairo Estrada to 3rd. Wilmer Flores to 2nd.","R","R","L","STL","SF","X",4,"ground_ball",3,2,2023,"1.06","0.71",0.6370818774819842,2.6359946047142393,682641,642731,527038,0,1,"Top",144.05,147.05,,,,,-5.254039398277402,-136.4173315336551,-6.337246383340762,14.342192180238017,28.007929034666727,-22.106090685166222,3.26,1.6,44,"89.6",0,"94.7",2159,"6.7",717767,668800,502671,680977,669357,657557,691023,669242,666185,"53.82",0.272,0.245,"0.9",1,1,0,2,5,7,"Sinker",0,1,1,0,2,0,2,0,"Standard","Standard",142,"-0.056","0.367",,,,0.327,"-0.367","89.6",-1,1,0.253,0.747,30,24,31,24,1,0,5,1,6,2,"1.87","1.06","-1.06","45.3",,,,,
"CH","2023-06-14","83.4","1.65","6.61","Montgomery, Jordan",672275,656756,,"ball",,,,,14,,"R","R","L","STL","SF","B",,,2,2,2023,"0.51","0.96",0.3998828336206977,1.386088443988001,682641,642731,527038,0,1,"Top",,,,,,,-3.8940161967339497,-121.38492409296029,-7.5381212598474345,5.769609283346359,21.86743310085326,-21.493384793998093,3.29541440607012,1.54238728180393,,,,"84.2",1706,"6.6",717767,668800,502671,680977,669357,657557,691023,669242,666185,"53.88",,,,,,,,5,6,"Changeup",0,1,1,0,1,0,1,0,"Standard","Standard",131,"-0.018","0.08",,,,,"-0.08",,-1,1,0.271,0.729,30,24,31,24,1,0,5,1,6,2,"2.3","0.51","-0.51","46.9",,,,,
"CU","2023-06-14","79.9","1.7","6.65","Montgomery, Jordan",672275,656756,,"blocked_ball",,,,,13,,"R","R","L","STL","SF","B",,,1,2,2023,"-0.23","-0.52",-0.2419898841305595,0.9398001170767909,682641,642731,527038,0,1,"Top",,,,,,,-3.860198822319522,-116.31409227700148,-4.9542288497479525,-1.429656257177107,20.38900957725161,-36.27093749325064,3.26000053296868,1.54680462790733,,,,"80.7",2300,"6.7",717767,668800,502671,680977,669357,657557,691023,669242,666185,"53.84",,,,,,,,5,5,"Curveball",0,1,1,0,1,0,1,0,"Standard","Standard",326,"-0.008","0.04",,,,,"-0.04",,-1,1,0.279,0.721,30,24,31,24,1,0,5,1,6,2,"4.07","-0.23","0.23","47.3",,,,,
"SI","2023-06-14","93.5","1.81","6.81","Montgomery, Jordan",672275,656756,,"foul",,,,,12,,"R","R","L","STL","SF","S",,,1,2,2023,"1.14","0.76",1.0394770301435106,3.0659555484907344,682641,642731,527038,0,1,"Top",,,,,,,-4.504646248447992,-135.9893727725853,-5.573731358317845,15.151008852082851,29.47139831958747,-21.71861419135746,3.26,1.6,23,"80",-5,"93.6",2145,"6.4",717767,668800,502671,680977,669357,657557,691023,669242,666185,"54.14",,,,,,,,5,4,"Sinker",0,1,1,0,1,0,1,0,"Standard","Standard",144,"0","0",,,,,"0","88.0",-1,1,0.279,0.721,30,24,31,24,1,0,5,1,6,2,"1.85","1.14","-1.14","46.9",,,,,
"CU","2023-06-14","80.4","1.85","6.71","Montgomery, Jordan",672275,656756,,"ball",,,,,12,,"R","R","L","STL","SF","B",,,0,2,2023,"-0.31","-0.76",1.8813431195243417,2.843348123974149,682641,642731,527038,0,1,"Top",,,,,,,0.6688510888526847,-117.07973072545794,-0.4311001421341787,-2.9702953505701992,22.44940652291069,-39.29621937775261,3.26000025883692,1.51498760927599,,,,"80.7",2365,"6.5",717767,668800,502671,680977,669357,657557,691023,669242,666185,"53.98",,,,,,,,5,3,"Curveball",0,1,1,0,1,0,1,0,"Standard","Standard",322,"-0.005","0.041",,,,,"-0.041",,-1,1,0.284,0.716,30,24,31,24,1,0,5,1,6,2,"4.29","-0.31","0.31","46.2",,,,,
"SI","2023-06-14","93","1.71","6.72","Montgomery, Jordan",672275,656756,,"foul",,,,,12,,"R","R","L","STL","SF","S",,,0,1,2023,"1.31","0.95",0.7731292868641542,3.5000641830895582,682641,642731,527038,0,1,"Top",,,,,,,-5.299090055421989,-135.30749503488408,-4.587341746250627,17.20206939355712,29.804570025445948,-19.69939261735317,3.26,1.6,,,,"93.5",2051,"6.6",717767,668800,502671,680977,669357,657557,691023,669242,666185,"53.89",,,,,,,,5,2,"Sinker",0,1,1,0,1,0,1,0,"Standard","Standard",140,"0.013","-0.057",,,,,"0.057",,-1,1,0.271,0.729,30,24,31,24,1,0,5,1,6,2,"1.69","1.31","-1.31","44.6",,,,,
"SI","2023-06-14","93.2","1.7","6.69","Montgomery, Jordan",672275,656756,,"foul",,,,,13,,"R","R","L","STL","SF","S",,,0,0,2023,"1.05","0.78",-0.059554411836942656,1.4273829877517867,682641,642731,527038,0,1,"Top",,,,,,,-6.886090342288808,-135.34844177901772,-9.502288109867967,14.462659099155895,29.42347638219771,-20.683363576760545,3.25946536930771,1.59890796472337,184,"69.3",52,"93.7",2198,"6.7",717767,668800,502671,680977,669357,657557,691023,669242,666185,"53.81",,,,,,,,5,1,"Sinker",0,1,1,0,1,0,1,0,"Standard","Standard",142,"0.008","-0.041",,,,,"0.041","88.0",-1,1,0.263,0.737,30,24,31,24,1,0,5,1,6,2,"1.86","1.05","-1.05","44.9",,,,,
"CH","2023-06-14","83.3","1.69","6.57","Montgomery, Jordan",527038,656756,"walk","ball",,,,,14,"Wilmer Flores walks. Luis Matos to 3rd. Thairo Estrada to 2nd.","R","R","L","STL","SF","B",,,3,1,2023,"0.73","0.91",0.47400165913276215,1.0461671407399826,,682641,642731,0,1,"Top",,,,,,,-4.261367461948758,-121.14539162195507,-8.095724754316686,8.050765869323445,22.493916010674294,-21.89979573888124,3.18026513028284,1.64244097736406,,,,"84.2",1778,"6.8",717767,668800,502671,680977,669357,657557,691023,669242,666185,"53.72",,0.695903,"0.7",1,0,0,,4,5,"Changeup",0,1,1,0,1,0,1,0,"Standard","Standard",137,"-0.037","0.217",,,,,"-0.217",,-1,1,0.3,0.7,30,31,31,32,1,0,5,1,6,2,"2.37","0.73","-0.73","44.7",,,,,
"SI","2023-06-14","93.1","1.69","6.77","Montgomery, Jordan",527038,656756,,"blocked_ball",,,,,13,,"R","R","L","STL","SF","B",,,2,1,2023,"1.06","0.71",-0.1349758913355077,0.5586678046215254,,682641,642731,0,1,"Top",,,,,,,-7.009295550128787,-135.05192658436798,-11.751080891273848,14.435924762563143,26.997696673156913,-21.20442426733035,3.24699949089947,1.64713060075519,,,,"93.5",2250,"6.5",717767,668800,502671,680977,669357,657557,691023,669242,666185,"53.96",,,,,,,,4,4,"Sinker",0,1,1,0,1,0,1,0,"Standard","Standard",152,"-0.018","0.131",,,,,"-0.131",,-1,1,0.318,0.6819999999999999,30,31,31,32,1,0,5,1,6,2,"1.92","1.06","-1.06","46.2",,,,,
"CH","2023-06-14","82.7","1.74","6.62","Montgomery, Jordan",527038,656756,,"called_strike",,,,,12,,"R","R","L","STL","SF","S",,,2,0,2023,"0.35","0.95",0.872524866966845,2.8462709845998404,,682641,642731,0,1,"Top",,,,,,,-2.6694074687629477,-120.52234491807157,-4.048422058502632,3.863084012388422,21.57926332389993,-22.368544639051073,3.21980966597041,1.58891031097498,,,,"83.6",1765,"6.6",717767,668800,502671,680977,669357,657557,691023,669242,666185,"53.86",,,,,,,,4,3,"Changeup",0,1,1,0,1,0,1,0,"Standard","Standard",131,"0.012","-0.08",,,,,"0.08",,-1,1,0.306,0.694,30,31,31,32,1,0,5,1,6,2,"2.36","0.35","-0.35","48.0",,,,,
"CU","2023-06-14","79.4","1.86","6.68","Montgomery, Jordan",527038,656756,,"ball",,,,,14,,"R","R","L","STL","SF","B",,,1,0,2023,"-0.13","-0.67",1.1614872117692345,2.3739988140091706,,682641,642731,0,1,"Top",,,,,,,-1.2974277181900318,-115.74852321702758,-1.4637881005900077,-0.9687959144788529,20.632504729792185,-38.16427890000942,3.23472938169311,1.60275669800683,,,,"80.4",2305,"6.8",717767,668800,502671,680977,669357,657557,691023,669242,666185,"53.75",,,,,,,,4,2,"Curveball",0,1,1,0,1,0,1,0,"Standard","Standard",320,"-0.012","0.078",,,,,"-0.078",,-1,1,0.318,0.6819999999999999,30,31,31,32,1,0,5,1,6,2,"4.26","-0.13","0.13","46.7",,,,,
"CU","2023-06-14","78.3","1.81","6.68","Montgomery, Jordan",527038,656756,,"ball",,,,,12,,"R","R","L","STL","SF","B",,,0,0,2023,"-0.37","-0.87",1.6010653879064596,4.045527160540395,,682641,642731,0,1,"Top",,,,,,,0.23026657810860596,-114.07235722102074,2.728219956097198,-3.263644548778785,19.394181835521835,-40.461812979908714,3.28345097139194,1.68151530975602,,,,"78.8",2242,"6.4",717767,668800,502671,680977,669357,657557,691023,669242,666185,"54.1",,,,,,,,4,1,"Curveball",0,1,1,0,1,0,1,0,"Standard","Standard",321,"-0.006","0.042",,,,,"-0.042",,-1,1,0.324,0.6759999999999999,30,31,31,32,1,0,5,1,6,2,"4.55","-0.37","0.37","45.9",,,,,
"SI","2023-06-14","92.9","1.78","6.74","Montgomery, Jordan",642731,656756,"single","hit_into_play",,,,,13,"Thairo Estrada singles on a fly ball to left fielder Jordan Walker. Austin Slater scores. Luis Matos to 2nd.","R","R","L","STL","SF","X",7,"fly_ball",0,2,2023,"0.99","0.9",-0.8341757959877137,2.436922639256995,,596103,682641,0,1,"Top",34.8,98.5,,,,,-8.884918693190142,-135.06348207144077,-7.297655088939292,13.904821353546772,25.404716929869743,-19.83329736974708,3.28947532506526,1.60891281404539,316,"89.2",30,"93.6",2170,"6.5",717767,668800,502671,680977,669357,657557,691023,669242,666185,"54.04",0.066,0.082,"0.9",1,1,0,3,3,3,"Sinker",0,0,0,0,1,0,1,0,"Standard","Standard",140,"-0.106","0.574",,,,0.137,"-0.574","89.2",0,0,0.43,0.5700000000000001,30,27,31,27,1,0,5,1,6,2,"1.72","0.99","-0.99","44.4",,,,,
"CU","2023-06-14","78.5","1.74","6.74","Montgomery, Jordan",642731,656756,,"called_strike",,,,,12,,"R","R","L","STL","SF","S",,,0,1,2023,"-0.33","-0.69",0.9964509034563449,2.7391806322151107,,596103,682641,0,1,"Top",,,,,,,-1.009660163508253,-114.36741342703564,-0.5929989148944756,-2.722713185441567,19.388551693100915,-38.40345174585351,3.44081517482034,1.68794704273746,,,,"79.1",2300,"6.5",717767,668800,502671,680977,669357,657557,691023,669242,666185,"54.04",,,,,,,,3,2,"Curveball",0,0,0,0,0,0,0,0,"Standard","Standard",313,"0.013","-0.066",,,,,"0.066",,0,0,0.417,0.583,30,27,31,27,1,0,5,1,6,2,"4.36","-0.33","0.33","50.1",,,,,
"SI","2023-06-14","93.3","1.82","6.79","Montgomery, Jordan",642731,656756,,"foul_bunt",,,,,12,,"R","R","L","STL","SF","S",,,0,0,2023,"1.29","0.81",1.4690614820990213,2.6380317001666187,,596103,682641,0,1,"Top",,,,,,,-3.7371846017151977,-135.82874907038243,-6.781317169668041,16.88248408665545,25.89975856488341,-20.906685531718885,3.29,1.61,,,,"93.8",2247,"6.3",717767,668800,502671,680977,669357,657557,691023,669242,666185,"54.22",,,,,,,,3,1,"Sinker",0,0,0,0,0,0,0,0,"Standard","Standard",141,"0.007","-0.048",,,,,"0.048","88.0",0,0,0.41,0.5900000000000001,30,27,31,27,1,0,5,1,6,2,"1.78","1.29","-1.29","45.3",,,,,
"SI","2023-06-14","93.7","1.71","6.8","Montgomery, Jordan",682641,656756,"single","hit_into_play",,,,,2,"Luis Matos singles on a ground ball to left fielder Jordan Walker. Austin Slater to 2nd.","R","R","L","STL","SF","X",7,"ground_ball",1,0,2023,"1.22","0.86",0.07790048051454623,2.9923688136747577,,,596103,0,1,"Top",81.72,93.42,,,,,-6.945781275823523,-136.27510692673926,-6.07504266265452,16.659141769639376,28.42442048314074,-20.285619105880976,3.319,1.513,68,"91.3",1,"94.5",2292,"6.7",717767,668800,502671,680977,669357,657557,691023,669242,666185,"53.84",0.347,0.327,"0.9",1,1,0,2,2,2,"Sinker",0,0,0,0,0,0,0,0,"Standard","Standard",144,"-0.049","0.422",,,,0.407,"-0.422","91.3",0,0,0.459,0.5409999999999999,30,21,31,21,1,0,5,,6,2,"1.73","1.22","-1.22","45.5",,,,,
"SI","2023-06-14","93.4","1.82","6.81","Montgomery, Jordan",682641,656756,,"ball",,,,,14,,"R","R","L","STL","SF","B",,,0,0,2023,"1.2","0.77",0.7872331610386432,1.6073688995043731,,,596103,0,1,"Top",,,,,,,-5.30103943246002,-135.72970020249593,-9.35323559177762,15.983331654974505,26.845829457939292,-20.902630315372406,3.61969004806205,1.77298217135098,,,,"93.6",2326,"6.3",717767,668800,502671,680977,669357,657557,691023,669242,666185,"54.21",,,,,,,,2,1,"Sinker",0,0,0,0,0,0,0,0,"Standard","Standard",145,"-0.005","0.03",,,,,"-0.03",,0,0,0.464,0.536,30,21,31,21,1,0,5,,6,2,"1.83","1.2","-1.2","43.7",,,,,
"CH","2023-06-09","84.3","1.62","6.55","Montgomery, Jordan",682829,656756,"strikeout","swinging_strike",,,,,5,"Elly De La Cruz strikes out swinging.","R","R","L","STL","CIN","S",2,,3,2,2023,"0.36","1.2",-0.13076685395560256,2.9254055526928253,,680574,,2,3,"Top",,,,,,,-4.824238979463422,-122.68243331279109,-4.491848323922742,4.52484791951326,22.828952129664824,-19.374706167782897,3.575,1.681,,,,"85.2",1735,"6.7",717832,575929,502671,680977,571448,657557,691023,669242,666185,"53.8",,0,"0",1,0,0,,24,8,"Changeup",4,0,0,4,0,4,0,4,"Standard","Standard",132,"0.023","-0.27",,,,,"0.27",,4,-4,0.871,0.129,30,21,31,21,2,1,6,1,5,1,"1.99","0.36","-0.36","49.5",,,,,
"SI","2023-06-09","93","1.82","6.56","Montgomery, Jordan",682829,656756,,"ball",,,,,13,,"R","R","L","STL","CIN","B",,,2,2,2023,"1.22","0.99",-0.8312016758558343,1.3672205417453742,,680574,,2,3,"Top",,,,,,,-9.518292055400426,-134.82639339423082,-9.747364065003746,16.873887908791414,27.575650181618315,-18.17824481698936,3.59057235580966,1.68100089747028,,,,"93.6",2297,"6.7",717832,575929,502671,680977,571448,657557,691023,669242,666185,"53.78",,,,,,,,24,7,"Sinker",4,0,0,4,0,4,0,4,"Standard","Standard",142,"-0.005","0.051",,,,,"-0.051",,4,-4,0.876,0.124,30,21,31,21,2,1,6,1,5,1,"1.66","1.22","-1.22","43.5",,,,,
"CH","2023-06-09","84.7","1.6","6.57","Montgomery, Jordan",682829,656756,,"foul",,,,,4,,"R","R","L","STL","CIN","S",,,2,2,2023,"0.74","1.21",-0.5661643213722852,2.445924229721684,,680574,,2,3,"Top",,,,,,,-6.5652370717172746,-123.134590026875,-5.7608658931714665,8.771508002690851,22.55037227518245,-18.90527598385914,3.575,1.681,3,"82.2",-41,"85.4",1767,"6.6",717832,575929,502671,680977,571448,657557,691023,669242,666185,"53.87",,,,,,,,24,6,"Changeup",4,0,0,4,0,4,0,4,"Standard","Standard",133,"0","0",,,,,"0","88.0",4,-4,0.876,0.124,30,21,31,21,2,1,6,1,5,1,"1.95","0.74","-0.74","46.9",,,,,
"SI","2023-06-09","95","1.8","6.62","Montgomery, Jordan",682829,656756,,"ball",,,,,13,,"R","R","L","STL","CIN","B",,,1,2,2023,"1.32","0.75",-0.8791932518135821,2.328885317141789,,680574,,2,3,"Top",,,,,,,-10.024871582828114,-137.9255779304789,-7.319857716167077,18.987275897330154,28.645675825231308,-21.111869791703832,3.5983633641844,1.68100126591323,,,,"95.7",2188,"6.7",717832,575929,502671,680977,571448,657557,691023,669242,666185,"53.8",,,,,,,,24,5,"Sinker",4,0,0,4,0,4,0,4,"Standard","Standard",146,"-0.003","0.015",,,,,"-0.015",,4,-4,0.879,0.121,30,21,31,21,2,1,6,1,5,1,"1.77","1.32","-1.32","47.0",,,,,
"CH","2023-06-09","83.6","1.67","6.48","Montgomery, Jordan",682829,656756,,"foul",,,,,14,,"R","R","L","STL","CIN","S",,,1,2,2023,"0.61","1.11",0.8516031728043536,1.8440341530864799,,680574,,2,3,"Top",,,,,,,-3.1218914946541596,-121.71996872177101,-6.562295233793355,6.708310977527566,21.26667642547421,-20.072184963871898,3.575,1.681,,,,"84.6",1852,"6.7",717832,575929,502671,680977,571448,657557,691023,669242,666185,"53.81",,,,,,,,24,4,"Changeup",4,0,0,4,0,4,0,4,"Standard","Standard",133,"0","0",,,,,"0",,4,-4,0.879,0.121,30,21,31,21,2,1,6,1,5,1,"2.12","0.61","-0.61","45.5",,,,,
"CU","2023-06-09","80","1.82","6.49","Montgomery, Jordan",682829,656756,,"ball",,,,,13,,"R","R","L","STL","CIN","B",,,0,2,2023,"-0.18","-0.69",-0.4482682465360177,1.331034623675917,,680574,,2,3,"Top",,,,,,,-4.705444250142554,-116.57856091884246,-3.4552122134373167,-0.8165458231843188,20.077108799442776,-38.137513324345164,3.60614855292909,1.68099923314769,,,,"80.9",2461,"6.6",717832,575929,502671,680977,571448,657557,691023,669242,666185,"53.86",,,,,,,,24,3,"Curveball",4,0,0,4,0,4,0,4,"Standard","Standard",333,"-0.002","0.018",,,,,"-0.018",,4,-4,0.881,0.119,30,21,31,21,2,1,6,1,5,1,"4.22","-0.18","0.18","46.8",,,,,
"CH","2023-06-09","83.3","1.71","6.57","Montgomery, Jordan",682829,656756,,"called_strike",,,,,8,,"R","R","L","STL","CIN","S",,,0,1,2023,"0.75","1.14",0.022209612786601274,1.810981817936016,,680574,,2,3,"Top",,,,,,,-5.379483156400703,-121.12505828018311,-6.811281005713938,8.377622312126627,21.434191610455702,-19.80266598159315,3.61394148946853,1.68099921556718,,,,"84.1",1943,"6.6",717832,575929,502671,680977,571448,657557,691023,669242,666185,"53.89",,,,,,,,24,2,"Changeup",4,0,0,4,0,4,0,4,"Standard","Standard",131,"0.005","-0.061",,,,,"0.061",,4,-4,0.876,0.124,30,21,31,21,2,1,6,1,5,1,"2.12","0.75","-0.75","44.4",,,,,
"SI","2023-06-09","94.1","1.72","6.63","Montgomery, Jordan",682829,656756,,"called_strike",,,,,7,,"R","R","L","STL","CIN","S",,,0,0,2023,"1.17","0.97",-0.5683660959007644,2.246675275794308,,680574,,2,3,"Top",,,,,,,-8.577961345092257,-136.70944205472057,-7.898882423140006,16.458758624868686,27.24644459164514,-18.47744321676711,3.66841993348563,1.6810005236466,,,,"95.1",2347,"6.8",717832,575929,502671,680977,571448,657557,691023,669242,666185,"53.75",,,,,,,,24,1,"Sinker",4,0,0,4,0,4,0,4,"Standard","Standard",142,"0.003","-0.046",,,,,"0.046",,4,-4,0.873,0.127,30,21,31,21,2,1,6,1,5,1,"1.59","1.17","-1.17","45.8",,,,,
"CH","2023-06-09","83.7","1.66","6.58","Montgomery, Jordan",663697,656756,"strikeout","foul_tip",,,,,6,"Jonathan India strikes out on a foul tip.","R","R","L","STL","CIN","S",2,,1,2,2023,"0.63","1.15",0.6385456300875021,2.5095983893262064,,680574,,1,3,"Top",,,,,,,-3.6111923015843397,-121.8819521035927,-5.311585895261184,6.975233474670572,21.75571641568427,-19.89682102872971,3.13,1.46,,,,"84.3",1756,"6.5",717832,575929,502671,680977,571448,657557,691023,669242,666185,"54.04",,0,"0",1,0,0,,23,5,"Changeup",4,0,0,4,0,4,0,4,"Standard","Standard",133,"0.019","-0.205",,,,,"0.205",,4,-4,0.854,0.14600000000000002,30,26,31,27,2,1,6,1,5,1,"2.08","0.63","-0.63","46.0",,,,,
"FF","2023-06-09","93.4","1.89","6.58","Montgomery, Jordan",663697,656756,,"foul",,,,,3,,"R","R","L","STL","CIN","S",,,1,2,2023,"0.78","1.08",0.47303917394102046,3.1382364620422756,,680574,,1,3,"Top",,,,,,,-5.395445710765356,-135.93807771668864,-5.584463462279581,10.764832242462614,26.7399106854338,-17.7176151498631,3.13,1.46,225,"78",46,"94.3",2386,"6.6",717832,575929,502671,680977,571448,657557,691023,669242,666185,"53.94",,,,,,,,23,4,"4-Seam Fastball",4,0,0,4,0,4,0,4,"Standard","Standard",141,"0","0",,,,,"0","88.0",4,-4,0.854,0.14600000000000002,30,26,31,27,2,1,6,1,5,1,"1.51","0.78","-0.78","41.9",,,,,
"FF","2023-06-09","93.3","1.83","6.56","Montgomery, Jordan",663697,656756,,"called_strike",,,,,4,,"R","R","L","STL","CIN","S",,,1,1,2023,"0.56","1.3",-0.5046329632105567,2.299800898141643,,680574,,1,3,"Top",,,,,,,-7.307026297008694,-135.49462289372298,-8.111636347766437,8.477212396769984,28.107532925201166,-14.60904143731555,3.17537073779566,1.45999969251727,,,,"94.1",2369,"6.8",717832,575929,502671,680977,571448,657557,691023,669242,666185,"53.72",,,,,,,,23,3,"4-Seam Fastball",4,0,0,4,0,4,0,4,"Standard","Standard",137,"0.007","-0.078",,,,,"0.078",,4,-4,0.847,0.15300000000000002,30,26,31,27,2,1,6,1,5,1,"1.32","0.56","-0.56","42.8",,,,,
"SI","2023-06-09","92.3","1.68","6.67","Montgomery, Jordan",663697,656756,,"foul",,,,,5,,"R","R","L","STL","CIN","S",,,1,0,2023,"1.18","1.05",0.0753085544724772,2.283762097738534,,680574,,1,3,"Top",,,,,,,-6.672879443091724,-134.11770294342162,-7.695663921863838,15.64102601340018,26.557093816079938,-18.060303126509208,3.13,1.46,159,"83.3",70,"93.1",2174,"6.7",717832,575929,502671,680977,571448,657557,691023,669242,666185,"53.84",,,,,,,,23,2,"Sinker",4,0,0,4,0,4,0,4,"Standard","Standard",143,"0.003","-0.049",,,,,"0.049","88.0",4,-4,0.844,0.15600000000000003,30,26,31,27,2,1,6,1,5,1,"1.62","1.18","-1.18","46.9",,,,,
"CH","2023-06-09","82.6","1.71","6.49","Montgomery, Jordan",663697,656756,,"ball",,,,,14,,"R","R","L","STL","CIN","B",,,0,0,2023,"0.73","1.16",1.5965041594690357,2.210663830952414,,680574,,1,3,"Top",,,,,,,-1.684662442259806,-120.2185929857035,-5.586468538771246,7.383234897910606,21.691333829707578,-20.08332706380384,3.18294485419565,1.46000060899103,,,,"83.5",1668,"6.7",717832,575929,502671,680977,571448,657557,691023,669242,666185,"53.76",,,,,,,,23,1,"Changeup",4,0,0,4,0,4,0,4,"Standard","Standard",132,"-0.002","0.034",,,,,"-0.034",,4,-4,0.846,0.15400000000000003,30,26,31,27,2,1,6,1,5,1,"2.16","0.73","-0.73","49.1",,,,,
"CU","2023-06-09","79","1.69","6.58","Montgomery, Jordan",676480,656756,"force_out","hit_into_play",,,,,12,"Jose Barrero grounds into a force out, fielded by second baseman Brendan Donovan. Stuart Fairchild out at 2nd.","R","R","L","STL","CIN","X",4,"ground_ball",0,0,2023,"-0.39","-1.06",1.1477583461508634,2.815951325536405,,663886,656413,2,2,"Top",124.87,142.25,,,,,-0.47538469831807023,-115.09772850309469,0.5740153624560704,-3.339942575160919,21.299315940897195,-41.90661956529629,3.38,1.63,14,"88.1",-10,"79.5",2388,"6.6",717832,575929,502671,680977,571448,657557,691023,669242,666185,"53.95",0.154,0.146,"0",1,0,0,2,15,1,"Curveball",2,0,0,2,0,2,0,2,"Infield shade","Standard",325,"0.044","-0.296",,,,0.214,"0.296","88.1",2,-2,0.703,0.29700000000000004,30,25,31,25,1,0,6,1,5,5,"4.7","-0.39","0.39","47.0",,,,,
"SI","2023-06-09","95.1","1.67","6.72","Montgomery, Jordan",686759,656756,"strikeout","called_strike",,,,,1,"TJ Hopkins called out on strikes.","R","R","L","STL","CIN","S",2,,3,2,2023,"1.25","1.06",-0.4756773920341164,3.213106344123706,,663886,656413,1,2,"Top",,,,,,,-8.469610086786023,-138.24115515290623,-5.978018705817976,17.804295038711643,28.24869210075945,-17.44992538318832,3.43450532527881,1.56499964702645,,,,"96",2238,"6.7",717832,575929,502671,680977,571448,657557,691023,669242,666185,"53.84",,0,"0",1,0,0,,14,6,"Sinker",2,0,0,2,0,2,0,2,"Standard","Standard",144,"0.059","-0.264",,,,,"0.264",,2,-2,0.644,0.356,30,26,31,26,1,0,6,1,5,4,"1.45","1.25","-1.25","47.6",,,,,
"CH","2023-06-09","84.6","1.61","6.43","Montgomery, Jordan",686759,656756,,"ball",,,,,14,,"R","R","L","STL","CIN","B",,,2,2,2023,"0.81","1",0.649813212900481,0.7539847217452438,,663886,656413,1,2,"Top",,,,,,,-3.8746070919392768,-123.01767131025974,-8.983474160853877,9.01870140423891,21.5664654277809,-20.56462590412704,3.41100129827703,1.56499950180957,,,,"85.5",1671,"6.6",717832,575929,502671,680977,571448,657557,691023,669242,666185,"53.88",,,,,,,,14,5,"Changeup",2,0,0,2,0,2,0,2,"Standard","Standard",131,"-0.017","0.062",,,,,"-0.062",,2,-2,0.661,0.33899999999999997,30,26,31,26,1,0,6,1,5,4,"2.16","0.81","-0.81","45.7",,,,,
"CU","2023-06-09","79.7","1.73","6.62","Montgomery, Jordan",686759,656756,,"blocked_ball",,,,,13,,"R","R","L","STL","CIN","B",,,1,2,2023,"-0.3","-0.5",-0.43111690689830506,1.245584246255282,,663886,656413,1,2,"Top",,,,,,,-4.212997035441814,-116.0407746413597,-4.178894436121368,-1.9549861346089388,20.995702671481588,-36.109734195240115,3.42667354416991,1.56500089626891,,,,"80.3",2434,"6.6",717832,575929,502671,680977,571448,657557,691023,669242,666185,"53.87",,,,,,,,14,4,"Curveball",2,0,0,2,0,2,0,2,"Standard","Standard",324,"-0.008","0.028",,,,,"-0.028",,2,-2,0.669,0.33099999999999996,30,26,31,26,1,0,6,1,5,4,"4.07","-0.3","0.3","46.8",,,,,
"SI","2023-06-09","94.8","1.73","6.77","Montgomery, Jordan",686759,656756,,"foul",,,,,6,,"R","R","L","STL","CIN","S",,,1,1,2023,"1.46","0.92",0.7408907139787275,2.2011997570280304,,663886,656413,1,2,"Top",,,,,,,-5.857798545678958,-137.78921509208118,-8.334178321299936,19.911576118640653,30.068998609620806,-18.795799947202063,3.411,1.565,180,"71.8",26,"95",2345,"6.4",717832,575929,502671,680977,571448,657557,691023,669242,666185,"54.1",,,,,,,,14,3,"Sinker",2,0,0,2,0,2,0,2,"Standard","Standard",141,"0.013","-0.059",,,,,"0.059","88.0",2,-2,0.656,0.344,30,26,31,26,1,0,6,1,5,4,"1.62","1.46","-1.46","47.7",,,,,
"CH","2023-06-09","84.1","1.58","6.47","Montgomery, Jordan",686759,656756,,"ball",,,,,14,,"R","R","L","STL","CIN","B",,,0,1,2023,"0.85","1.24",1.1856844330019656,2.3265173771343735,,663886,656413,1,2,"Top",,,,,,,-2.6280029882045675,-122.40785644783963,-5.725781705626867,9.068456708769157,23.555326678136826,-18.795463167916118,3.42669300491734,1.56500112752208,,,,"84.8",1832,"6.7",717832,575929,502671,680977,571448,657557,691023,669242,666185,"53.8",,,,,,,,14,2,"Changeup",2,0,0,2,0,2,0,2,"Standard","Standard",133,"-0.005","0.031",,,,,"-0.031",,2,-2,0.661,0.33899999999999997,30,26,31,26,1,0,6,1,5,4,"1.98","0.85","-0.85","46.7",,,,,
"CH","2023-06-09","84","1.59","6.53","Montgomery, Jordan",686759,656756,,"swinging_strike",,,,,14,,"R","R","L","STL","CIN","S",,,0,0,2023,"0.77","1.18",1.046076177329363,2.3303479917687646,,663886,656413,1,2,"Top",,,,,,,-2.8046452372243573,-122.26726011452988,-5.740560807141769,8.241908756574787,22.849064443759275,-19.45849639697612,3.411,1.565,,,,"84.9",1683,"6.7",717832,575929,502671,680977,571448,657557,691023,669242,666185,"53.75",,,,,,,,14,1,"Changeup",2,0,0,2,0,2,0,2,"Standard","Standard",133,"0.007","-0.04",,,,,"0.04",,2,-2,0.654,0.346,30,26,31,26,1,0,6,1,5,4,"2.04","0.77","-0.77","48.7",,,,,
"CH","2023-06-09","83.4","1.73","6.56","Montgomery, Jordan",656413,656756,"walk","ball",,,,,12,"Stuart Fairchild walks. Tyler Stephenson to 2nd.","R","R","L","STL","CIN","B",,,3,2,2023,"0.83","1.15",1.5187754361046262,2.83334524887856,,,663886,1,2,"Top",,,,,,,-2.137605152896,-121.437732697633,-4.436164158988975,8.632597935063096,22.829385530349555,-20.11524231874182,3.39761462620353,1.54000027195315,,,,"84",1765,"6.6",717832,575929,502671,680977,571448,657557,691023,669242,666185,"53.93",,0.695903,"0.7",1,0,0,,13,6,"Changeup",2,0,0,2,0,2,0,2,"Standard","Standard",131,"-0.035","0.266",,,,,"-0.266",,2,-2,0.689,0.31100000000000005,30,27,31,27,1,0,6,2,5,1,"2.11","0.83","-0.83","45.1",,,,,
"CH","2023-06-09","83.9","1.67","6.56","Montgomery, Jordan",656413,656756,,"swinging_strike",,,,,12,,"R","R","L","STL","CIN","S",,,3,1,2023,"0.82","1.25",0.848232573902217,2.66974556505132,,,663886,1,2,"Top",,,,,,,-3.5588396692688367,-122.14799430606631,-5.130781805237511,8.947728360511297,23.043938485567455,-18.879316212643882,3.36,1.54,,,,"84.7",1876,"6.7",717832,575929,502671,680977,571448,657557,691023,669242,666185,"53.83",,,,,,,,13,5,"Changeup",2,0,0,2,0,2,0,2,"Standard","Standard",132,"0.01","-0.069",,,,,"0.069",,2,-2,0.679,0.32099999999999995,30,27,31,27,1,0,6,2,5,1,"1.98","0.82","-0.82","47.1",,,,,
"SI","2023-06-09","92.3","1.65","6.63","Montgomery, Jordan",656413,656756,,"ball",,,,,13,,"R","R","L","STL","CIN","B",,,2,1,2023,"1.38","0.76",-0.926788814926478,1.009818918940682,,,663886,1,2,"Top",,,,,,,-9.590667680136075,-133.81317153626074,-10.170984836123528,18.581892897255344,26.606480968428418,-21.08499803478923,3.43523728336627,1.53999869222899,,,,"92.9",2196,"6.7",717832,575929,502671,680977,571448,657557,691023,669242,666185,"53.83",,,,,,,,13,4,"Sinker",2,0,0,2,0,2,0,2,"Standard","Standard",145,"-0.012","0.1",,,,,"-0.1",,2,-2,0.691,0.30900000000000005,30,27,31,27,1,0,6,2,5,1,"1.92","1.38","-1.38","43.0",,,,,
"SI","2023-06-09","92.1","1.75","6.64","Montgomery, Jordan",656413,656756,,"called_strike",,,,,4,,"R","R","L","STL","CIN","S",,,2,0,2023,"1.25","0.89",-0.5539528693983422,2.411934816625084,,,663886,1,2,"Top",,,,,,,-8.55638966601949,-133.73089695690038,-6.861106687919234,16.77967136924632,26.856713484940965,-20.13593579092504,3.40517615970475,1.54000108186487,,,,"92.4",2267,"6.4",717832,575929,502671,680977,571448,657557,691023,669242,666185,"54.06",,,,,,,,13,3,"Sinker",2,0,0,2,0,2,0,2,"Standard","Standard",137,"0.008","-0.061",,,,,"0.061",,2,-2,0.683,0.31699999999999995,30,27,31,27,1,0,6,2,5,1,"1.79","1.25","-1.25","43.0",,,,,
"SI","2023-06-09","92.1","1.72","6.61","Montgomery, Jordan",656413,656756,,"ball",,,,,14,,"R","R","L","STL","CIN","B",,,1,0,2023,"1.37","0.82",0.09453991166248588,1.5149339879355612,,,663886,1,2,"Top",,,,,,,-7.131151100845374,-133.87313653462186,-8.977189087064932,17.987224895693448,25.879324281191693,-20.669227252065227,3.58743230180794,1.64555549633431,,,,"92.9",2281,"6.6",717832,575929,502671,680977,571448,657557,691023,669242,666185,"53.89",,,,,,,,13,2,"Sinker",2,0,0,2,0,2,0,2,"Standard","Standard",142,"-0.008","0.054",,,,,"-0.054",,2,-2,0.691,0.30900000000000005,30,27,31,27,1,0,6,2,5,1,"1.85","1.37","-1.37","47.0",,,,,
"CU","2023-06-09","79","1.76","6.61","Montgomery, Jordan",656413,656756,,"ball",,,,,12,,"R","R","L","STL","CIN","B",,,0,0,2023,"-0.43","-0.64",1.2790115166577922,3.0245050294055056,,,663886,1,2,"Top",,,,,,,-0.238950588335991,-115.18817620197959,0.13236007366286828,-3.8264355287576204,20.428889609355625,-38.09009119586305,3.42782004289501,1.53999899537341,,,,"79.6",2380,"6.5",717832,575929,502671,680977,571448,657557,691023,669242,666185,"54.01",,,,,,,,13,1,"Curveball",2,0,0,2,0,2,0,2,"Standard","Standard",320,"-0.004","0.036",,,,,"-0.036",,2,-2,0.695,0.30500000000000005,30,27,31,27,1,0,6,2,5,1,"4.26","-0.43","0.43","46.3",,,,,
"CU","2023-06-09","80.8","1.75","6.59","Montgomery, Jordan",682829,656756,"strikeout","swinging_strike_blocked",,,,,13,"Elly De La Cruz strikes out swinging.","R","R","L","STL","CIN","S",2,,0,2,2023,"-0.29","-0.23",-0.417115340549122,0.8044142862460473,621028,,,2,1,"Top",,,,,,,-4.303568156044994,-117.52261298905738,-5.744368982309437,-1.7266164828490491,24.699332723199618,-33.34166119439928,3.575,1.681,,,,"81",2440,"6.7",717832,575929,502671,680977,571448,657557,691023,669242,666185,"53.83",,0,"0",1,0,0,,4,3,"Curveball",0,0,0,0,0,0,0,0,"Standard","Standard",324,"0.022","-0.19",,,,,"0.19",,0,0,0.526,0.474,30,21,31,21,1,0,6,1,5,1,"3.76","-0.29","0.29","45.9",,,,,
"CH","2023-06-09","83.7","1.73","6.54","Montgomery, Jordan",682829,656756,,"swinging_strike",,,,,9,,"R","R","L","STL","CIN","S",,,0,1,2023,"0.74","1.13",0.48148470888599726,1.9276959238000935,621028,,,2,1,"Top",,,,,,,-4.361081432542412,-121.78602486631706,-6.5117601347466945,8.207526096469664,23.20847027035946,-19.88844418361949,3.575,1.681,,,,"84.4",1589,"6.7",717832,575929,502671,680977,571448,657557,691023,669242,666185,"53.84",,,,,,,,4,2,"Changeup",0,0,0,0,0,0,0,0,"Standard","Standard",126,"0.009","-0.051",,,,,"0.051",,0,0,0.517,0.483,30,21,31,21,1,0,6,1,5,1,"2.12","0.74","-0.74","45.9",,,,,
"CU","2023-06-09","80","1.78","6.65","Montgomery, Jordan",682829,656756,,"called_strike",,,,,6,,"R","R","L","STL","CIN","S",,,0,0,2023,"-0.27","-0.7",0.7467211297546064,2.694674771620149,621028,,,2,1,"Top",,,,,,,-1.7811775072019993,-116.58224943210709,-0.6794749597030705,-2.1335153471106914,22.336332993029604,-38.66090382135113,3.59818427945279,1.68100118256078,,,,"80.4",2396,"6.5",717832,575929,502671,680977,571448,657557,691023,669242,666185,"53.96",,,,,,,,4,1,"Curveball",0,0,0,0,0,0,0,0,"Standard","Standard",323,"0.006","-0.036",,,,,"0.036",,0,0,0.511,0.489,30,21,31,21,1,0,6,1,5,1,"4.26","-0.27","0.27","50.5",,,,,
"SI","2023-06-09","94","1.71","6.72","Montgomery, Jordan",663697,656756,"field_out","hit_into_play",,,,,2,"Jonathan India lines out to right fielder Dylan Carlson.","R","R","L","STL","CIN","X",9,"line_drive",3,2,2023,"1.37","0.92",0.26406185705700813,2.7492264722153155,621028,,,1,1,"Top",174.23,97.62,,,,,-6.785312941365868,-136.68376593436693,-6.6709220562989175,18.623685602741585,27.725478235519752,-19.388107573989576,3.13,1.46,279,"95.1",16,"94.6",2280,"6.5",717832,575929,502671,680977,571448,657557,691023,669242,666185,"53.99",0.729,0.716,"0",1,0,0,4,3,6,"Sinker",0,0,0,0,0,0,0,0,"Strategic","Standard",146,"0.06","-0.109",,,,0.925,"0.109","95.1",0,0,0.451,0.5489999999999999,30,26,31,27,1,0,6,1,5,1,"1.65","1.37","-1.37","46.2",,,,,
"CH","2023-06-09","84.5","1.68","6.52","Montgomery, Jordan",663697,656756,,"ball",,,,,13,,"R","R","L","STL","CIN","B",,,2,2,2023,"0.72","1.24",-0.3577655639580244,1.1438031549046057,621028,,,1,1,"Top",,,,,,,-6.232673970591761,-122.81428233389761,-8.729852348800913,8.497378526502018,22.345507480783652,-18.088188153073084,3.05338637825003,1.45999946652206,,,,"85.4",1741,"6.8",717832,575929,502671,680977,571448,657557,691023,669242,666185,"53.74",,,,,,,,3,5,"Changeup",0,0,0,0,0,0,0,0,"Strategic","Standard",131,"-0.012","0.083",,,,,"-0.083",,0,0,0.463,0.5369999999999999,30,26,31,27,1,0,6,1,5,1,"1.94","0.72","-0.72","48.5",,,,,
"FF","2023-06-09","92.9","1.86","6.56","Montgomery, Jordan",663697,656756,,"called_strike",,,,,5,,"R","R","L","STL","CIN","S",,,2,1,2023,"0.77","1.47",-0.06399004628369098,2.059757326525979,621028,,,1,1,"Top",,,,,,,-6.665492076882451,-134.939048445665,-9.065326600214805,10.788847537146422,27.52396850268795,-12.36309344492619,3.18367249057866,1.45999964179914,,,,"94",2432,"6.9",717832,575929,502671,680977,571448,657557,691023,669242,666185,"53.61",,,,,,,,3,4,"4-Seam Fastball",0,0,0,0,0,0,0,0,"Strategic","Standard",143,"0.011","-0.103",,,,,"0.103",,0,0,0.452,0.548,30,26,31,27,1,0,6,1,5,1,"1.16","0.77","-0.77","42.3",,,,,
"CH","2023-06-09","83.9","1.64","6.5","Montgomery, Jordan",663697,656756,,"swinging_strike",,,,,8,,"R","R","L","STL","CIN","S",,,2,0,2023,"0.89","1.15",-0.0759783306778945,1.520473893633058,621028,,,1,1,"Top",,,,,,,-5.772499831910785,-121.91643094332736,-7.462012769324422,9.984840069420475,22.14829636094193,-19.446378681183816,3.13,1.46,,,,"84.7",1800,"6.7",717832,575929,502671,680977,571448,657557,691023,669242,666185,"53.81",,,,,,,,3,3,"Changeup",0,0,0,0,0,0,0,0,"Strategic","Standard",133,"0.004","-0.09",,,,,"0.09",,0,0,0.448,0.552,30,26,31,27,1,0,6,1,5,1,"2.08","0.89","-0.89","46.5",,,,,
"CU","2023-06-09","80.3","1.7","6.58","Montgomery, Jordan",663697,656756,,"ball",,,,,13,,"R","R","L","STL","CIN","B",,,1,0,2023,"-0.14","-0.6",-0.12910618622761927,1.0480098260797766,621028,,,1,1,"Top",,,,,,,-3.7949904670646872,-116.89886463474478,-4.47216439932055,-0.6399049955921076,20.987545458456612,-37.068986473662896,3.16072804086577,1.46000127149929,,,,"80.9",2398,"6.6",717832,575929,502671,680977,571448,657557,691023,669242,666185,"53.92",,,,,,,,3,2,"Curveball",0,0,0,0,0,0,0,0,"Strategic","Standard",322,"-0.004","0.043",,,,,"-0.043",,0,0,0.452,0.548,30,26,31,27,1,0,6,1,5,1,"4.12","-0.14","0.14","47.6",,,,,
"CU","2023-06-09","79.8","1.88","6.63","Montgomery, Jordan",663697,656756,,"ball",,,,,12,,"R","R","L","STL","CIN","B",,,0,0,2023,"-0.39","-0.65",0.9051120857480026,3.4012986976857933,621028,,,1,1,"Top",,,,,,,-1.4223626316002966,-116.22041751208934,0.8050521972241977,-3.2660834194096546,20.322003093685627,-38.457841907497944,3.19155876606421,1.45999945597064,,,,"80.4",2452,"6.5",717832,575929,502671,680977,571448,657557,691023,669242,666185,"54.03",,,,,,,,3,1,"Curveball",0,0,0,0,0,0,0,0,"Strategic","Standard",315,"-0.002","0.026",,,,,"-0.026",,0,0,0.454,0.546,30,26,31,27,1,0,6,1,5,1,"4.21","-0.39","0.39","46.0",,,,,
"SI","2023-06-09","93.5","1.79","6.69","Montgomery, Jordan",680574,656756,"field_out","hit_into_play",,,,,2,"Matt McLain lines out to right fielder Dylan Carlson. Kevin Newman to 3rd.","R","R","L","STL","CIN","X",9,"line_drive",0,2,2023,"1.36","0.95",-0.2687133788917675,2.5413212987440232,,621028,,0,1,"Top",205.19,103.8,,,,,-8.332558937151093,-135.83848540350687,-7.0444711090637915,18.618603031253052,30.30592805443967,-19.023577371891378,3.03,1.33,306,"95",24,"93.8",2232,"6.6",717832,575929,502671,680977,571448,657557,691023,669242,666185,"53.91",0.239,0.344,"0",1,0,0,5,2,3,"Sinker",0,0,0,0,0,0,0,0,"Standard","Standard",140,"-0.003","-0.159",,,,0.57,"0.159","95.0",0,0,0.457,0.5429999999999999,30,23,31,24,1,0,6,1,5,1,"1.67","1.36","-1.36","44.5",,,,,
"CH","2023-06-09","83.9","1.64","6.55","Montgomery, Jordan",680574,656756,,"swinging_strike",,,,,9,,"R","R","L","STL","CIN","S",,,0,1,2023,"0.83","1.05",0.6328327612744854,1.8526860363144968,,621028,,0,1,"Top",,,,,,,-3.996632227026219,-122.03526247772504,-6.541634593581589,9.123917334643457,24.336226766016477,-20.586297490787512,3.03,1.33,,,,"84.2",1786,"6.5",717832,575929,502671,680977,571448,657557,691023,669242,666185,"53.97",,,,,,,,2,2,"Changeup",0,0,0,0,0,0,0,0,"Infield shade","Standard",131,"0.01","-0.062",,,,,"0.062",,0,0,0.447,0.5529999999999999,30,23,31,24,1,0,6,1,5,1,"2.19","0.83","-0.83","44.9",,,,,
"SI","2023-06-09","93.4","1.61","6.67","Montgomery, Jordan",680574,656756,,"called_strike",,,,,4,,"R","R","L","STL","CIN","S",,,0,0,2023,"1.44","1.02",-0.577946459138647,1.9631350490194661,,621028,,0,1,"Top",,,,,,,-8.848335988116466,-135.49048417152468,-8.614855431577825,19.672862240760352,30.65342749828615,-17.762237468482162,3.11894109570464,1.32999906141642,,,,"93.7",2291,"6.7",717832,575929,502671,680977,571448,657557,691023,669242,666185,"53.78",,,,,,,,2,1,"Sinker",0,0,0,0,0,0,0,0,"Infield shade","Standard",144,"0.006","-0.046",,,,,"0.046",,0,0,0.441,0.5589999999999999,30,23,31,24,1,0,6,1,5,1,"1.61","1.44","-1.44","48.5",,,,,
"CH","2023-06-03","84.5","1.77","6.62","Montgomery, Jordan",656582,656756,"double","hit_into_play",,,,,3,"Connor Joe doubles (13) on a sharp line drive to left fielder Brendan Donovan. Ji Hwan Bae scores. Bryan Reynolds scores.","R","R","L","PIT","STL","X",7,"line_drive",3,2,2023,"0.82","1.07",0.46656548399971054,3.167327407787649,,678225,668804,2,6,"Bot",36.58,76.61,,,,,-4.691401019694993,-123.10529318641301,-3.960543341726503,9.240014210906851,20.275782144021445,-20.640770938626638,3.19,1.51,372,"105.6",21,"85.6",1704,"6.6",717907,575929,502671,669357,571448,657557,680977,669242,691023,"53.92",0.694,1.1825400000000001,"1.25",1,1,1,6,44,6,"Changeup",1,1,1,1,1,3,3,1,"Standard","Standard",134,"0.265","0.961",,,,2.232,"-0.961","105.6",0,0,0.572,0.572,30,30,31,31,3,2,6,3,6,1,"2.07","0.82","-0.82","45.4",,,,,
"SI","2023-06-03","93.6","1.79","6.68","Montgomery, Jordan",656582,656756,,"foul",,,,,4,,"R","R","L","PIT","STL","S",,,3,1,2023,"1.31","1",-0.778151989277422,2.2165285985512293,,678225,668804,2,6,"Bot",,,,,,,-9.519664173914355,-136.01304066402912,-8.09150362485966,18.183849349846813,23.41416074729843,-18.229190526351484,3.19,1.51,4,"104.6",-29,"94.4",2129,"6.4",717907,575929,502671,669357,571448,657557,680977,669242,691023,"54.14",,,,,,,,44,5,"Sinker",1,1,1,1,1,1,1,1,"Standard","Standard",140,"-0.01","-0.048",,,,,"0.048","104.6",0,0,0.582,0.582,30,30,31,31,3,2,6,3,6,1,"1.56","1.31","-1.31","44.0",,,,,
"SI","2023-06-03","92.8","1.86","6.69","Montgomery, Jordan",656582,656756,,"ball",,,,,12,,"R","R","L","PIT","STL","B",,,2,1,2023,"1.22","0.79",1.497324058127664,3.3677951980669723,,678225,668804,2,6,"Bot",,,,,,,-3.593820753189053,-135.27599385345766,-4.528894572696357,15.752156778132504,25.674520783027514,-21.672526644551386,3.18870949646141,1.45719922415439,,,,"93.5",2137,"6.3",717907,575929,502671,669357,571448,657557,680977,669242,691023,"54.19",,,,,,,,44,4,"Sinker",1,1,1,1,1,1,1,1,"Standard","Standard",143,"0.012","0.052",,,,,"-0.052",,0,0,0.57,0.57,30,30,31,31,3,2,6,3,6,1,"1.82","1.22","-1.22","44.3",,,,,
"CH","2023-06-03","84.8","1.74","6.59","Montgomery, Jordan",656582,656756,,"foul",,,,,2,,"R","R","L","PIT","STL","S",,,2,0,2023,"0.67","1.2",0.06005066904684275,3.078030371288679,,678225,668804,2,6,"Bot",,,,,,,-5.295685363590307,-123.55040018095123,-4.394866338156127,7.800808201031384,21.199098671583677,-19.155478039820636,3.19,1.51,4,"48.8",-31,"85.7",1643,"6.5",717907,575929,502671,669357,571448,657557,680977,669242,691023,"53.98",,,,,,,,44,3,"Changeup",1,1,1,1,1,1,1,1,"Standard","Standard",131,"-0.008","-0.041",,,,,"0.041","88.0",0,0,0.578,0.578,30,30,31,31,3,2,6,3,6,1,"1.93","0.67","-0.67","47.9",,,,,
"CH","2023-06-03","84.9","1.75","6.53","Montgomery, Jordan",656582,656756,,"ball",,,,,12,,"R","R","L","PIT","STL","B",,,1,0,2023,"0.87","0.7",0.6586310767940936,3.7226028641358773,,678225,668804,2,6,"Bot",,,,,,,-4.307116819660606,-123.61008841799713,-1.7047789316585438,9.734132818581521,22.497572976752053,-24.835801749910797,3.15016589367801,1.45719922415439,,,,"85.5",1662,"6.4",717907,575929,502671,669357,571448,657557,680977,669242,691023,"54.07",,,,,,,,44,2,"Changeup",1,1,1,1,1,1,1,1,"Standard","Standard",130,"0.008","0.021",,,,,"-0.021",,0,0,0.57,0.57,30,30,31,31,3,2,6,3,6,1,"2.44","0.87","-0.87","44.4",,,,,
"FF","2023-06-03","93.4","1.85","6.65","Montgomery, Jordan",656582,656756,,"ball",,,,,1,,"R","R","L","PIT","STL","B",,,0,0,2023,"0.65","1.2",-0.7422034496640533,3.105502469792391,,678225,668804,2,6,"Bot",,,,,,,-8.151977217328126,-135.83533406427293,-6.1149718840720215,9.635895301735522,24.30359734091199,-16.1965816695934,3.16171923181324,1.45582965484494,,,,"94.5",2134,"6.5",717907,575929,502671,669357,571448,657557,680977,669242,691023,"53.95",,,,,,,,44,1,"4-Seam Fastball",1,1,1,1,1,1,1,1,"Standard","Standard",140,"0.004","0.03",,,,,"-0.03",,0,0,0.566,0.566,30,30,31,31,3,2,6,3,6,1,"1.38","0.65","-0.65","49.9",,,,,
"CH","2023-06-03","85.2","1.77","6.47","Montgomery, Jordan",668804,656756,"walk","blocked_ball",,,,,13,"Bryan Reynolds walks.","R","R","L","PIT","STL","B",,,3,0,2023,"1.09","0.98",-0.6380870695866874,0.4986760972308226,,678225,,2,6,"Bot",,,,,,,-7.885921365607164,-123.62647846012955,-9.801384602427275,12.665108402530919,20.571654372161397,-20.439158164245576,3.03439870481769,1.37147536624369,,,,"86.2",1756,"6.7",717907,575929,502671,669357,571448,657557,680977,669242,691023,"53.8",,0.695903,"0.7",1,0,0,,43,4,"Changeup",1,1,1,1,1,1,1,1,"Standard","Standard",131,"0.005","0.052",,,,,"-0.052",,0,0,0.561,0.561,30,28,31,28,3,2,6,1,6,1,"2.13","1.09","-1.09","47.6",,,,,
"CH","2023-06-03","84.3","1.71","6.51","Montgomery, Jordan",668804,656756,,"ball",,,,,8,,"R","R","L","PIT","STL","B",,,2,0,2023,"0.84","0.95",-0.0280899725577054,1.3370114216570865,,678225,,2,6,"Bot",,,,,,,-5.732402212319428,-122.5916307305556,-7.660393440723033,9.491112801683268,20.60409398590203,-21.30589910365591,3.14936772801007,1.40926597385038,,,,"85.2",1630,"6.6",717907,575929,502671,669357,571448,657557,680977,669242,691023,"53.94",,,,,,,,43,3,"Changeup",1,1,1,1,1,1,1,1,"Standard","Standard",132,"0.003","0.037",,,,,"-0.037",,0,0,0.558,0.558,30,28,31,28,3,2,6,1,6,1,"2.22","0.84","-0.84","44.8",,,,,
"CH","2023-06-03","84.3","1.71","6.62","Montgomery, Jordan",668804,656756,,"ball",,,,,13,,"R","R","L","PIT","STL","B",,,1,0,2023,"1.04","0.78",-0.03051074909809004,1.3544990154912286,,678225,,2,6,"Bot",,,,,,,-6.109220747369913,-122.64868163994736,-7.496532827204394,11.673180697970881,20.545594590921517,-23.106150473290914,3.25152507037188,1.57584810546591,,,,"84.8",1801,"6.3",717907,575929,502671,669357,571448,657557,680977,669242,691023,"54.24",,,,,,,,43,2,"Changeup",1,1,1,1,1,1,1,1,"Standard","Standard",128,"0.003","0.029",,,,,"-0.029",,0,0,0.555,0.555,30,28,31,28,3,2,6,1,6,1,"2.39","1.04","-1.04","43.8",,,,,
"CH","2023-06-03","83.4","1.78","6.56","Montgomery, Jordan",668804,656756,,"ball",,,,,14,,"R","R","L","PIT","STL","B",,,0,0,2023,"0.94","0.79",0.8275999566698727,0.793838059653976,,678225,,2,6,"Bot",,,,,,,-4.058133986114198,-121.26566638544406,-8.456927641326121,10.105322928330942,20.27528897540667,-23.023848217807533,3.17573317165269,1.38433478582208,,,,"84",1749,"6.4",717907,575929,502671,669357,571448,657557,680977,669242,691023,"54.08",,,,,,,,43,1,"Changeup",1,1,1,1,1,1,1,1,"Standard","Standard",133,"0.001","0.02",,,,,"-0.02",,0,0,0.554,0.554,30,28,31,28,3,2,6,1,6,1,"2.45","0.94","-0.94","42.8",,,,,
"SI","2023-06-03","92.6","1.77","6.69","Montgomery, Jordan",457705,656756,"field_out","hit_into_play",,,,,14,"Andrew McCutchen grounds out, third baseman Nolan Arenado to first baseman Paul Goldschmidt.","R","R","L","PIT","STL","X",5,"ground_ball",2,2,2023,"1.56","0.67",0.32225975913639315,1.1565570441781878,,678225,,1,6,"Bot",105.53,166.4,,,,,-7.076221782379726,-134.47782091756085,-9.751341890240186,20.467131904217137,28.3668895382052,-22.120089773381395,3.35,1.63,5,"78.5",-11,"92.5",2216,"6.3",717907,575929,502671,669357,571448,657557,680977,669242,691023,"54.25",0.081,0.079,"0",1,0,0,2,42,7,"Sinker",1,1,1,1,1,1,1,1,"Infield shade","Standard",140,"-0.045","-0.224",,,,0.103,"0.224","88.0",0,0,0.599,0.599,30,36,31,37,3,2,6,1,6,2,"1.99","1.56","-1.56","41.8",,,,,
"FF","2023-06-03","93.5","2.02","6.62","Montgomery, Jordan",457705,656756,,"foul",,,,,6,,"R","R","L","PIT","STL","S",,,2,2,2023,"0.69","1.3",0.30169281112962143,2.804282694218876,,678225,,1,6,"Bot",,,,,,,-5.978227027555004,-136.03484359746898,-7.071204782006187,9.836896554068277,25.55519093427035,-14.615726131805083,3.35,1.63,194,"72.2",58,"94.3",2321,"6.5",717907,575929,502671,669357,571448,657557,680977,669242,691023,"54.03",,,,,,,,42,6,"4-Seam Fastball",1,1,1,1,1,1,1,1,"Infield shade","Standard",144,"0","0",,,,,"0","88.0",0,0,0.599,0.599,30,36,31,37,3,2,6,1,6,2,"1.27","0.69","-0.69","40.6",,,,,
"SI","2023-06-03","93.3","1.93","6.68","Montgomery, Jordan",457705,656756,,"foul",,,,,14,,"R","R","L","PIT","STL","S",,,2,2,2023,"1.32","0.79",1.1209617606034035,2.2630834120315537,,678225,,1,6,"Bot",,,,,,,-4.988409359519752,-135.82874942369463,-7.437373753810495,17.396125652963015,25.844717854452703,-21.084918081329434,3.35,1.63,279,"84.4",38,"94.1",2225,"6.4",717907,575929,502671,669357,571448,657557,680977,669242,691023,"54.08",,,,,,,,42,5,"Sinker",1,1,1,1,1,1,1,1,"Infield shade","Standard",138,"0","0",,,,,"0","88.0",0,0,0.599,0.599,30,36,31,37,3,2,6,1,6,2,"1.8","1.32","-1.32","43.5",,,,,
"SI","2023-06-03","94.2","1.77","6.82","Montgomery, Jordan",457705,656756,,"ball",,,,,12,,"R","R","L","PIT","STL","B",,,1,2,2023,"1.22","1.01",1.3574734255484853,3.6975850973833335,,678225,,1,6,"Bot",,,,,,,-3.780615037769933,-137.18370447393536,-4.7093789475124845,16.285641468701684,28.028929472156978,-18.53866002163264,3.27164132569978,1.56435054537563,,,,"94.5",2204,"6.3",717907,575929,502671,669357,571448,657557,680977,669242,691023,"54.23",,,,,,,,42,4,"Sinker",1,1,1,1,1,1,1,1,"Infield shade","Standard",141,"0.008","0.04",,,,,"-0.04",,0,0,0.591,0.591,30,36,31,37,3,2,6,1,6,2,"1.54","1.22","-1.22","44.2",,,,,
"SI","2023-06-03","93.6","1.95","6.71","Montgomery, Jordan",457705,656756,,"called_strike",,,,,12,,"R","R","L","PIT","STL","S",,,1,1,2023,"1.15","1.09",1.1062080448682305,2.889541068396939,,678225,,1,6,"Bot",,,,,,,-4.718316450661486,-136.22024283713495,-6.611527764098474,15.363752870668199,26.26049086283544,-17.312148270747805,3.33480219463414,1.55032001092868,,,,"94.3",2283,"6.4",717907,575929,502671,669357,571448,657557,680977,669242,691023,"54.1",,,,,,,,42,3,"Sinker",1,1,1,1,1,1,1,1,"Infield shade","Standard",144,"-0.013","-0.078",,,,,"0.078",,0,0,0.604,0.604,30,36,31,37,3,2,6,1,6,2,"1.48","1.15","-1.15","44.3",,,,,
"SI","2023-06-03","88.9","1.74","6.67","Montgomery, Jordan",457705,656756,,"called_strike",,,,,4,,"R","R","L","PIT","STL","S",,,1,0,2023,"1.31","1",-0.4238375778270387,2.348275001971131,,678225,,1,6,"Bot",,,,,,,-8.055929937244786,-129.14603079483302,-6.715918696059879,16.213547286826397,23.34634164778892,-19.770933431961804,3.33587284348746,1.56435054537563,,,,"89.5",2124,"6.5",717907,575929,502671,669357,571448,657557,680977,669242,691023,"54.05",,,,,,,,42,2,"Sinker",1,1,1,1,1,1,1,1,"Infield shade","Standard",139,"-0.005","-0.049",,,,,"0.049",,0,0,0.609,0.609,30,36,31,37,3,2,6,1,6,2,"1.86","1.31","-1.31","44.9",,,,,
"SI","2023-06-03","91.9","1.89","6.72","Montgomery, Jordan",457705,656756,,"ball",,,,,14,,"R","R","L","PIT","STL","B",,,0,0,2023,"1.31","0.84",0.06492502876503936,1.38935462755887,,678225,,1,6,"Bot",,,,,,,-7.446865577360805,-133.53066545625066,-9.53855777525525,17.17303543613884,25.15324585152504,-20.332781397284855,3.25793076609515,1.55052003585987,,,,"92.5",2144,"6.4",717907,575929,502671,669357,571448,657557,680977,669242,691023,"54.07",,,,,,,,42,1,"Sinker",1,1,1,1,1,1,1,1,"Infield shade","Standard",142,"0.002","0.034",,,,,"-0.034",,0,0,0.607,0.607,30,36,31,37,3,2,6,1,6,2,"1.84","1.31","-1.31","45.7",,,,,
"CH","2023-06-03","83","1.77","6.66","Montgomery, Jordan",641511,656756,"sac_bunt","hit_into_play",,,,,12,"Jason Delay out on a sacrifice bunt, catcher Willson Contreras to second baseman Nolan Gorman. Ji Hwan Bae to 2nd.","R","R","L","PIT","STL","X",2,"ground_ball",0,0,2023,"0.68","1.11",1.0062182899735264,2.676294860048188,,,678225,0,6,"Bot",130.04,197.87,,,,,-3.0942487615435517,-120.91285990153597,-4.9320843951432805,7.2170112123629995,20.672986462896702,-20.5012804649607,3.32,1.52,14,"15.6",14,"83.8",1676,"6.5",717907,575929,502671,669357,571448,657557,680977,669242,691023,"54",,,"0.2",0,0,0,1,41,1,"Changeup",1,1,1,1,1,1,1,1,"Strategic","Standard",131,"-0.019","-0.035",,,,,"0.035","88.0",0,0,0.626,0.626,30,28,31,28,2,1,6,4,6,4,"2.16","0.68","-0.68","44.7",,,,,
"SI","2023-06-03","93.3","1.81","6.69","Montgomery, Jordan",664029,656756,"grounded_into_double_play","hit_into_play",,,,,5,"Mark Mathias grounds into a double play, shortstop Paul DeJong to second baseman Nolan Gorman to first baseman Paul Goldschmidt. Tucupita Marcano out at 2nd. Mark Mathias out at 1st.","R","R","L","PIT","STL","X",6,"ground_ball",2,0,2023,"1.38","0.82",0.03409504372303562,2.184847693213163,,,672779,0,3,"Bot",115.68,149.62,,,,,-7.607903139624577,-135.59517055498975,-7.701533570622325,18.659551535479334,26.17993844512784,-20.600794675268553,3.27,1.57,6,"89.9",-18,"94",2165,"6.5",717907,575929,502671,669357,571448,657557,680977,669242,691023,"54.02",0.108,0.109,"0",1,0,0,2,19,3,"Sinker",0,1,0,1,1,0,0,1,"Standard","Standard",134,"-0.111","-0.435",,,,0.11,"0.435","89.9",-1,-1,0.501,0.501,30,28,31,29,1,0,6,27,6,2,"1.78","1.38","-1.38","47.6",,,,,
"CH","2023-06-03","83.3","1.8","6.53","Montgomery, Jordan",664029,656756,,"blocked_ball",,,,,13,,"R","R","L","PIT","STL","B",,,1,0,2023,"0.96","0.97",-0.6331848678484276,0.4525442024772457,,,672779,0,3,"Bot",,,,,,,-7.464888050415282,-120.82272073356208,-9.414896668416786,10.765931856323258,21.9615562621927,-21.03272370324667,3.30725375266618,1.53006236168864,,,,"83.5",1645,"6.5",717907,575929,502671,669357,571448,657557,680977,669242,691023,"54.04",,,,,,,,19,2,"Changeup",0,1,0,1,1,0,0,1,"Standard","Standard",130,"0.013","0.055",,,,,"-0.055",,-1,-1,0.488,0.488,30,28,31,29,1,0,6,27,6,2,"2.32","0.96","-0.96","43.0",,,,,
"SI","2023-06-03","94.5","1.87","6.68","Montgomery, Jordan",664029,656756,,"blocked_ball",,,,,13,,"R","R","L","PIT","STL","B",,,0,0,2023,"1.43","0.88",-0.17669455781486243,0.25838570521035353,,,672779,0,3,"Bot",,,,,,,-8.486338356501244,-136.97862952467932,-13.050967273414594,19.794201478656564,25.46508704718255,-18.568322063304233,3.35863757095604,1.56863800409331,,,,"94.9",2185,"6.4",717907,575929,502671,669357,571448,657557,680977,669242,691023,"54.09",,,,,,,,19,1,"Sinker",0,1,0,1,1,0,0,1,"Standard","Standard",139,"0.007","0.03",,,,,"-0.03",,-1,-1,0.481,0.481,30,28,31,29,1,0,6,27,6,2,"1.66","1.43","-1.43","43.4",,,,,
"CH","2023-06-03","83.9","1.77","6.51","Montgomery, Jordan",663647,656756,"grounded_into_double_play","hit_into_play",,,,,13,"Ke'Bryan Hayes grounds into a double play, shortstop Paul DeJong to second baseman Nolan Gorman to first baseman Paul Goldschmidt. Rodolfo Castro out at 2nd. Ke'Bryan Hayes out at 1st.","R","R","L","PIT","STL","X",6,"ground_ball",2,1,2023,"0.72","0.95",-0.603188213850218,1.049756876344929,,,666801,1,2,"Bot",111.62,156.23,,,,,-6.950433465056533,-121.85517061304441,-8.190911513622241,8.445595105081148,20.716490000861114,-21.383201899997744,3.14,1.49,5,"68.1",-15,"84.8",1684,"6.6",717907,575929,502671,669357,571448,657557,680977,669242,691023,"53.85",0.04,0.051,"0",1,0,0,2,14,4,"Changeup",0,1,0,1,1,0,0,1,"Standard","Standard",131,"-0.062","-0.362",,,,0.04,"0.362","88.0",-1,-1,0.45,0.45,30,26,31,26,1,0,6,1,6,1,"2.27","0.72","-0.72","44.0",,,,,
"FF","2023-06-03","95","1.84","6.75","Montgomery, Jordan",663647,656756,,"ball",,,,,11,,"R","R","L","PIT","STL","B",,,1,1,2023,"0.64","1.06",-1.4406243986786094,3.529545747376753,,,666801,1,2,"Bot",,,,,,,-10.009036437313535,-138.03777698383905,-5.221887977768898,10.17943584835431,26.432762832684077,-17.57723097938206,3.06151091211187,1.46281742580972,,,,"95.4",2495,"6.3",717907,575929,502671,669357,571448,657557,680977,669242,691023,"54.2",,,,,,,,14,3,"4-Seam Fastball",0,1,0,1,1,0,0,1,"Standard","Standard",151,"0.006","0.046",,,,,"-0.046",,-1,-1,0.444,0.444,30,26,31,26,1,0,6,1,6,1,"1.44","0.64","-0.64","44.3",,,,,
"SI","2023-06-03","94.9","1.75","6.71","Montgomery, Jordan",663647,656756,,"foul",,,,,8,,"R","R","L","PIT","STL","S",,,1,0,2023,"1.34","0.78",0.059849151740622775,1.7882280473207077,,,666801,1,2,"Bot",,,,,,,-7.423292798283583,-137.92257386556545,-9.03188076972813,18.676218319753577,26.021148916624348,-20.529252727745597,3.14,1.49,237,"77.3",44,"95.5",2265,"6.4",717907,575929,502671,669357,571448,657557,680977,669242,691023,"54.13",,,,,,,,14,2,"Sinker",0,1,0,1,1,0,0,1,"Standard","Standard",138,"-0.006","-0.053",,,,,"0.053","88.0",-1,-1,0.45,0.45,30,26,31,26,1,0,6,1,6,1,"1.73","1.34","-1.34","44.5",,,,,
"SI","2023-06-03","94","1.74","6.63","Montgomery, Jordan",663647,656756,,"blocked_ball",,,,,13,,"R","R","L","PIT","STL","B",,,0,0,2023,"1.4","0.85",-0.7989969687916505,-0.0842087342071014,,,666801,1,2,"Bot",,,,,,,-9.672495427088746,-136.04774322652554,-13.56953723511848,19.44476708901373,27.66861882164078,-18.81327287703289,3.15145033579723,1.51425268634859,,,,"94.2",2278,"6.6",717907,575929,502671,669357,571448,657557,680977,669242,691023,"53.94",,,,,,,,14,1,"Sinker",0,1,0,1,1,0,0,1,"Standard","Standard",143,"0.004","0.036",,,,,"-0.036",,-1,-1,0.446,0.446,30,26,31,26,1,0,6,1,6,1,"1.74","1.4","-1.4","45.2",,,,,
"FF","2023-05-28","93.4","1.91","6.44","Montgomery, Jordan",608070,656756,"field_out","hit_into_play",,,,,2,"Jose Ramirez lines out to left fielder Alec Burleson.","R","R","L","CLE","STL","X",7,"line_drive",1,0,2023,"0.46","1.25",-0.18812360816230356,2.901289484599544,,680757,642708,2,5,"Bot",54.97,90.94,,,,,-6.457371321134117,-135.71522842284412,-6.079714038892284,7.204989745077718,31.488147226759406,-15.615525331566023,3.33,1.56,319,"94.2",21,"93.5",2401,"6.6",717993,668800,502671,669242,669357,657557,676475,663457,680977,"53.94",0.239,0.285,"0",1,0,0,3,43,2,"4-Seam Fastball",2,3,2,3,3,2,2,3,"Standard","Standard",147,"-0.072","-0.326",,,,0.44,"0.326","94.2",-1,-1,0.412,0.412,30,30,31,31,3,2,6,1,6,1,"1.39","0.46","-0.46","40.9",,,,,
"CH","2023-05-28","84.1","1.77","6.41","Montgomery, Jordan",608070,656756,,"ball",,,,,12,,"R","R","L","CLE","STL","B",,,0,0,2023,"0.66","1.36",1.2667173596839976,3.331920591431419,,680757,642708,2,5,"Bot",,,,,,,-2.4893479217364347,-122.35712098683125,-3.4099944002452998,7.154685142988312,25.87374923658126,-18.080885056986684,3.2975053579936,1.56000046170015,,,,"84.4",1649,"6.6",717993,668800,502671,669242,669357,657557,676475,663457,680977,"53.86",,,,,,,,43,1,"Changeup",2,3,2,3,3,2,2,3,"Standard","Standard",131,"0.005","0.03",,,,,"-0.03",,-1,-1,0.407,0.407,30,30,31,31,3,2,6,1,6,1,"1.88","0.66","-0.66","45.6",,,,,
"SI","2023-05-28","94.8","1.9","6.53","Montgomery, Jordan",642708,656756,"walk","ball",,,,,13,"Amed Rosario walks.","R","R","L","CLE","STL","B",,,3,1,2023,"1.36","0.89",-1.176678736644245,2.109767685479693,,680757,,2,5,"Bot",,,,,,,-11.08968040453702,-137.4458818945058,-7.882876123479208,19.646347192343335,30.154782759131827,-19.19205085104451,3.18184642861074,1.55000083067281,,,,"94.9",2256,"6.6",717993,668800,502671,669242,669357,657557,676475,663457,680977,"53.95",,0.695903,"0.7",1,0,0,,42,5,"Sinker",2,3,2,3,3,2,2,3,"Standard","Standard",151,"0.01","0.075",,,,,"-0.075",,-1,-1,0.397,0.397,30,27,31,28,3,2,6,1,6,1,"1.66","1.36","-1.36","45.7",,,,,
"FF","2023-05-28","93.2","1.91","6.45","Montgomery, Jordan",642708,656756,,"ball",,,,,13,,"R","R","L","CLE","STL","B",,,2,1,2023,"0.45","1.15",-1.6066772059742611,2.2513896246333442,,680757,,2,5,"Bot",,,,,,,-10.0784891534231,-135.21647298614084,-7.576832333186614,7.7272741295651235,29.19775905512779,-16.547022550505353,3.14952435782346,1.54353515806304,,,,"93.7",2408,"6.7",717993,668800,502671,669242,669357,657557,676475,663457,680977,"53.76",,,,,,,,42,4,"4-Seam Fastball",2,3,2,3,3,2,2,3,"Standard","Standard",142,"0.004","0.069",,,,,"-0.069",,-1,-1,0.393,0.393,30,27,31,28,3,2,6,1,6,1,"1.49","0.45","-0.45","46.8",,,,,
"SI","2023-05-28","92.9","1.66","6.52","Montgomery, Jordan",642708,656756,,"called_strike",,,,,7,,"R","R","L","CLE","STL","S",,,2,0,2023,"1.52","0.84",-0.8233532803654939,1.6351530405786763,,680757,,2,5,"Bot",,,,,,,-9.787433787128414,-134.76059413686903,-8.628269812340179,20.68830293436056,28.704613840219196,-20.157745867257493,3.05911750114433,1.54999969984349,,,,"93.7",2291,"6.9",717993,668800,502671,669242,669357,657557,676475,663457,680977,"53.6",,,,,,,,42,3,"Sinker",2,3,2,3,3,2,2,3,"Standard","Standard",144,"-0.003","-0.055",,,,,"0.055",,-1,-1,0.396,0.396,30,27,31,28,3,2,6,1,6,1,"1.81","1.52","-1.52","45.1",,,,,
"CH","2023-05-28","84.6","1.72","6.35","Montgomery, Jordan",642708,656756,,"blocked_ball",,,,,13,,"R","R","L","CLE","STL","B",,,1,0,2023,"0.76","0.93",-0.5612687328831445,0.35125878631100727,,680757,,2,5,"Bot",,,,,,,-6.889426027767367,-122.74659947199834,-9.505081953445695,9.085157832623182,25.512499494332232,-20.976308414078765,3.24,1.55,,,,"84.9",1719,"6.8",717993,668800,502671,669242,669357,657557,676475,663457,680977,"53.71",,,,,,,,42,2,"Changeup",2,3,2,3,3,2,2,3,"Standard","Standard",130,"0.003","0.029",,,,,"-0.029",,-1,-1,0.393,0.393,30,27,31,28,3,2,6,1,6,1,"2.28","0.76","-0.76","45.1",,,,,
"CH","2023-05-28","84.3","1.59","6.4","Montgomery, Jordan",642708,656756,,"blocked_ball",,,,,14,,"R","R","L","CLE","STL","B",,,0,0,2023,"0.9","1.04",0.141023146700598,0.6830333134520177,,680757,,2,5,"Bot",,,,,,,-5.1960280633012355,-122.5156888377282,-9.104271913194248,10.078746342263726,21.894745069992844,-20.16989352351194,3.23365673954842,1.54999962726504,,,,"85.4",1793,"6.8",717993,668800,502671,669242,669357,657557,676475,663457,680977,"53.67",,,,,,,,42,1,"Changeup",2,3,2,3,3,2,2,3,"Standard","Standard",136,"0.002","0.02",,,,,"-0.02",,-1,-1,0.391,0.391,30,27,31,28,3,2,6,1,6,1,"2.15","0.9","-0.9","46.4",,,,,
"SI","2023-05-28","93.2","1.86","6.6","Montgomery, Jordan",680757,656756,"double","hit_into_play",,,,,2,"Steven Kwan doubles (12) on a line drive to left fielder Alec Burleson. Mike Zunino scores.","R","L","L","CLE","STL","X",7,"line_drive",1,1,2023,"1.32","0.94",-0.011406744686024206,2.7847179918369664,,572287,,2,5,"Bot",48.06,118.62,,,,,-7.742078862750131,-135.48632302428655,-6.106893378437123,17.96783257231131,29.522166040402475,-19.43017586986473,3.16,1.5,184,"92.9",10,"93.4",2160,"6.5",717993,668800,502671,669242,669357,657557,676475,663457,680977,"54.02",0.708,0.651,"1.25",1,1,1,4,41,3,"Sinker",1,3,1,3,3,2,2,3,"Strategic","Standard",141,"0.128","0.926",,,,0.778,"-0.926","92.9",-2,-2,0.263,0.263,30,25,31,26,3,2,6,1,6,1,"1.69","1.32","1.32","45.3",,,,,
"SI","2023-05-28","94.1","1.88","6.52","Montgomery, Jordan",680757,656756,,"ball",,,,,12,,"R","L","L","CLE","STL","B",,,0,1,2023,"1.36","0.93",0.7015856481130256,3.862153700520242,,572287,,2,5,"Bot",,,,,,,-6.116130972866299,-136.9201383113089,-3.2454344128464108,18.502039979949704,30.685271263992192,-19.95858340997839,3.12744078508729,1.50000062682154,,,,"94.4",2258,"6.5",717993,668800,502671,669242,669357,657557,676475,663457,680977,"54",,,,,,,,41,2,"Sinker",1,3,1,3,3,1,1,3,"Strategic","Standard",151,"0.005","0.02",,,,,"-0.02",,-2,-2,0.258,0.258,30,25,31,26,3,2,6,1,6,1,"1.65","1.36","1.36","44.5",,,,,
"CU","2023-05-28","80.1","1.86","6.47","Montgomery, Jordan",680757,656756,,"called_strike",,,,,8,,"R","L","L","CLE","STL","S",,,0,0,2023,"-0.36","-0.72",-0.2201595002648094,1.7458677913410776,,572287,,2,5,"Bot",,,,,,,-3.939803614210528,-116.59897589520426,-2.374874523116511,-2.5439212362750814,22.186377361317373,-38.49932948613143,3.12836141730299,1.5000011299542,,,,"80.6",2416,"6.6",717993,668800,502671,669242,669357,657557,676475,663457,680977,"53.89",,,,,,,,41,1,"Curveball",1,3,1,3,3,1,1,3,"Strategic","Standard",315,"-0.007","-0.046",,,,,"0.046",,-2,-2,0.265,0.265,30,25,31,26,3,2,6,1,6,1,"4.27","-0.36","-0.36","49.7",,,,,
"SI","2023-05-28","94.8","1.83","6.57","Montgomery, Jordan",664702,656756,"strikeout","swinging_strike",,,,,12,"Myles Straw strikes out swinging.","R","R","L","CLE","STL","S",2,,3,2,2023,"1.29","1.11",0.23994346638249975,4.0460400234773575,,572287,,1,5,"Bot",,,,,,,-7.091831277634557,-137.99268133952188,-3.4764744309451983,18.054678499923078,28.63044156518455,-17.391544608620503,3.34,1.55,,,,"95.6",2356,"6.6",717993,668800,502671,669242,669357,657557,676475,663457,680977,"53.91",,0,"0",1,0,0,,40,10,"Sinker",1,3,1,3,3,1,1,3,"Standard","Standard",155,"-0.054","-0.336",,,,,"0.336",,-2,-2,0.319,0.319,30,28,31,29,2,1,6,1,6,1,"1.41","1.29","-1.29","45.3",,,,,
"CU","2023-05-28","80","1.83","6.48","Montgomery, Jordan",664702,656756,,"foul",,,,,8,,"R","R","L","CLE","STL","S",,,3,2,2023,"-0.2","-0.75",0.09241999828220428,1.7879570124892998,,572287,,1,5,"Bot",,,,,,,-3.475911066580103,-116.57102288516357,-2.2679749606606863,-1.1917274306308088,20.6442260073028,-38.86353100845233,3.34,1.55,3,"62.1",-34,"80.6",2367,"6.5",717993,668800,502671,669242,669357,657557,676475,663457,680977,"54.01",,,,,,,,40,9,"Curveball",1,3,1,3,3,1,1,3,"Standard","Standard",319,"0","0",,,,,"0","88.0",-2,-2,0.319,0.319,30,28,31,29,2,1,6,1,6,1,"4.29","-0.2","0.2","44.6",,,,,
"CH","2023-05-28","84.4","1.7","6.41","Montgomery, Jordan",664702,656756,,"ball",,,,,13,,"R","R","L","CLE","STL","B",,,2,2,2023,"1.13","0.98",-0.7836386689275576,-0.17093630951101457,,,572287,1,5,"Bot",,,,,,,-8.074252745786868,-122.33606690314774,-10.966327134332902,12.916587293426737,22.70856519233328,-20.34028585894199,3.30168482357225,1.55000036880086,,,,"85.1",1772,"6.8",717993,668800,502671,669242,669357,657557,676475,663457,680977,"53.67",,,,,,,,40,8,"Changeup",1,3,1,3,3,1,1,3,"Standard","Standard",133,"0.032","0.084",,,,,"-0.084",,-2,-2,0.287,0.287,30,28,31,29,2,1,6,1,6,1,"2.23","1.13","-1.13","45.7",,,,,
"FF","2023-05-28","95","1.9","6.54","Montgomery, Jordan",664702,656756,,"ball",,,,,11,,"R","R","L","CLE","STL","B",,,1,2,2023,"0.39","1.34",-0.87177717564951,3.8769898708885386,,,572287,1,5,"Bot",,,,,,,-8.157805420953903,-138.17386157611918,-4.362841264653138,6.793436649322757,29.851505737679975,-14.155505214074308,3.28252886263911,1.55000034662629,,,,"95.4",2492,"6.5",717993,668800,502671,669242,669357,657557,676475,663457,680977,"54.02",,,,,,,,40,7,"4-Seam Fastball",1,3,1,3,3,1,1,3,"Standard","Standard",152,"0.006","0.047",,,,,"-0.047",,-2,-2,0.281,0.281,30,28,31,29,2,1,6,1,6,1,"1.18","0.39","-0.39","44.1",,,,,
"FF","2023-05-28","94.4","1.74","6.5","Montgomery, Jordan",664702,656756,,"foul",,,,,13,,"R","R","L","CLE","STL","S",,,1,2,2023,"0.64","1.42",-1.092395709863899,2.106519668712058,,,572287,1,5,"Bot",,,,,,,-8.842245938613289,-137.00263032141316,-8.947557322812266,9.93466053322291,28.527705928486043,-12.503598768754616,3.34,1.55,200,"70",53,"95.2",2476,"6.8",717993,668800,502671,669242,669357,657557,676475,663457,680977,"53.74",,,,,,,,40,6,"4-Seam Fastball",1,3,1,3,3,1,1,3,"Standard","Standard",150,"0","0",,,,,"0","88.0",-2,-2,0.281,0.281,30,28,31,29,2,1,6,1,6,1,"1.14","0.64","-0.64","45.2",,,,,
"CU","2023-05-28","80.4","1.81","6.53","Montgomery, Jordan",664702,656756,,"foul",,,,,14,,"R","R","L","CLE","STL","S",,,1,2,2023,"-0.33","-0.79",0.8784793304116509,2.1345643746195804,,,572287,1,5,"Bot",,,,,,,-1.4529507802337518,-117.16015943755167,-1.6136413684201631,-2.8177989018697405,21.429141928772236,-39.36916066080704,3.34,1.55,160,"62.8",37,"81.1",2388,"6.6",717993,668800,502671,669242,669357,657557,676475,663457,680977,"53.9",,,,,,,,40,5,"Curveball",1,3,1,3,3,1,1,3,"Standard","Standard",335,"0","0",,,,,"0","88.0",-2,-2,0.281,0.281,30,28,31,29,2,1,6,1,6,1,"4.3","-0.33","0.33","50.1",,,,,
"SI","2023-05-28","94.5","1.78","6.55","Montgomery, Jordan",664702,656756,,"foul",,,,,4,,"R","R","L","CLE","STL","S",,,1,2,2023,"1.39","0.9",-0.6787957210577087,2.136051269286075,,,572287,1,5,"Bot",,,,,,,-9.568205487977998,-137.1203771974131,-7.838049638946131,19.719546201652506,30.75254849299715,-19.152010204728793,3.34,1.55,266,"83.7",30,"94.8",2384,"6.7",717993,668800,502671,669242,669357,657557,676475,663457,680977,"53.83",,,,,,,,40,4,"Sinker",1,3,1,3,3,1,1,3,"Standard","Standard",152,"0","0",,,,,"0","88.0",-2,-2,0.281,0.281,30,28,31,29,2,1,6,1,6,1,"1.67","1.39","-1.39","46.7",,,,,
"CU","2023-05-28","79.9","1.79","6.52","Montgomery, Jordan",664702,656756,,"swinging_strike",,,,,9,,"R","R","L","CLE","STL","S",,,1,1,2023,"-0.24","-0.78",0.7580251293828832,1.6585497612290436,,,572287,1,5,"Bot",,,,,,,-1.840181346542432,-116.43434659284208,-2.5475267106963795,-1.8494512010129622,22.01945219924474,-38.9801992672648,3.34,1.55,,,,"80.4",2388,"6.6",717993,668800,502671,669242,669357,657557,676475,663457,680977,"53.94",,,,,,,,40,3,"Curveball",1,3,1,3,3,1,1,3,"Standard","Standard",320,"-0.01","-0.055",,,,,"0.055",,-2,-2,0.291,0.291,30,28,31,29,2,1,6,1,6,1,"4.34","-0.24","0.24","46.2",,,,,
"SI","2023-05-28","95.1","1.92","6.6","Montgomery, Jordan",664702,656756,,"ball",,,,,12,,"R","R","L","CLE","STL","B",,,0,1,2023,"1.41","0.85",1.8830645916094844,2.4739157171300707,,,572287,1,5,"Bot",,,,,,,-3.2632134788895253,-138.36756452812276,-7.081639868801192,18.79755128112556,30.79654097165431,-19.873791231249907,3.28192033609973,1.55000113138214,,,,"95.2",2302,"6.3",717993,668800,502671,669242,669357,657557,676475,663457,680977,"54.17",,,,,,,,40,2,"Sinker",1,3,1,3,3,1,1,3,"Standard","Standard",148,"0.004","0.025",,,,,"-0.025",,-2,-2,0.287,0.287,30,28,31,29,2,1,6,1,6,1,"1.67","1.41","-1.41","43.4",,,,,
"CU","2023-05-28","79.8","1.76","6.62","Montgomery, Jordan",664702,656756,,"called_strike",,,,,2,,"R","R","L","CLE","STL","S",,,0,0,2023,"-0.3","-0.69",0.07700471057103145,3.2556580664843517,,,572287,1,5,"Bot",,,,,,,-3.1560790615674277,-116.31808653706199,0.582577815153031,-2.1893058438615873,20.78498799016477,-38.77597139010883,3.28189759148503,1.54999975581273,,,,"80.6",2377,"6.6",717993,668800,502671,669242,669357,657557,676475,663457,680977,"53.86",,,,,,,,40,1,"Curveball",1,3,1,3,3,1,1,3,"Standard","Standard",319,"-0.006","-0.042",,,,,"0.042",,-2,-2,0.293,0.293,30,28,31,29,2,1,6,1,6,1,"4.24","-0.3","0.3","50.3",,,,,
"CH","2023-05-28","83.5","1.79","6.49","Montgomery, Jordan",681807,656756,"strikeout","swinging_strike",,,,,8,"David Fry strikes out swinging.","R","R","L","CLE","STL","S",2,,3,2,2023,"0.75","1.16",0.24426748693419909,1.5325940807269254,,,572287,0,5,"Bot",,,,,,,-5.062742982546758,-121.393350066406,-7.304985133131191,8.37916638887033,22.852342549660364,-19.457706883548628,3.371,1.535,,,,"84",1746,"6.6",717993,668800,502671,669242,669357,657557,676475,663457,680977,"53.92",,0,"0",1,0,0,,39,7,"Changeup",1,3,1,3,3,1,1,3,"Standard","Standard",134,"-0.062","-0.298",,,,,"0.298",,-2,-2,0.355,0.355,30,27,31,28,2,1,6,1,6,12,"2.1","0.75","-0.75","45.7",,,,,
"CH","2023-05-28","83.4","1.67","6.42","Montgomery, Jordan",681807,656756,,"ball",,,,,13,,"R","R","L","CLE","STL","B",,,2,2,2023,"0.63","0.86",-1.036309693756312,1.3009085443144903,,,572287,0,5,"Bot",,,,,,,-7.519652615990205,-121.13483954974559,-7.125228429548975,7.535784854240958,20.57001606144944,-22.563005099365466,3.26750663573651,1.53500113543166,,,,"84.4",1715,"6.8",717993,668800,502671,669242,669357,657557,676475,663457,680977,"53.72",,,,,,,,39,6,"Changeup",1,3,1,3,3,1,1,3,"Standard","Standard",135,"0.019","0.088",,,,,"-0.088",,-2,-2,0.336,0.336,30,27,31,28,2,1,6,1,6,12,"2.4","0.63","-0.63","46.7",,,,,
"SI","2023-05-28","94.9","1.86","6.65","Montgomery, Jordan",681807,656756,,"foul",,,,,2,,"R","R","L","CLE","STL","S",,,2,2,2023,"1.28","0.94",-0.040587200941848645,3.0086343857154736,,,572287,0,5,"Bot",,,,,,,-7.854422471467648,-137.950887791635,-6.006645982497636,18.116163823755237,28.615089921245186,-18.9609514833588,3.371,1.535,,,,"95.3",2265,"6.4",717993,668800,502671,669242,669357,657557,676475,663457,680977,"54.06",,,,,,,,39,5,"Sinker",1,3,1,3,3,1,1,3,"Standard","Standard",146,"0","0",,,,,"0",,-2,-2,0.336,0.336,30,27,31,28,2,1,6,1,6,12,"1.58","1.28","-1.28","47.7",,,,,
"CU","2023-05-28","78.4","1.86","6.53","Montgomery, Jordan",681807,656756,,"foul",,,,,7,,"R","R","L","CLE","STL","S",,,2,1,2023,"-0.29","-0.65",-0.45583418060080627,1.800455917329589,,,572287,0,5,"Bot",,,,,,,-4.5020286617904715,-114.18689012220952,-2.2144360520756754,-1.7141879329933434,20.38103828942851,-37.69276589770125,3.371,1.535,5,"81.4",-22,"78.9",2340,"6.5",717993,668800,502671,669242,669357,657557,676475,663457,680977,"53.96",,,,,,,,39,4,"Curveball",1,3,1,3,3,1,1,3,"Standard","Standard",317,"-0.015","-0.056",,,,,"0.056","88.0",-2,-2,0.351,0.351,30,27,31,28,2,1,6,1,6,12,"4.34","-0.29","0.29","46.1",,,,,
"SI","2023-05-28","94.1","1.86","6.61","Montgomery, Jordan",681807,656756,,"swinging_strike",,,,,2,,"R","R","L","CLE","STL","S",,,2,0,2023,"1.32","0.9",0.1651787225978809,3.0179595664993393,,,572287,0,5,"Bot",,,,,,,-7.376141125829273,-136.88444179209597,-5.6626063344902855,18.218436357830125,29.15431856091696,-19.77948977548286,3.371,1.535,,,,"94.8",2366,"6.6",717993,668800,502671,669242,669357,657557,676475,663457,680977,"53.88",,,,,,,,39,3,"Sinker",1,3,1,3,3,1,1,3,"Standard","Standard",145,"-0.016","-0.055",,,,,"0.055",,-2,-2,0.367,0.367,30,27,31,28,2,1,6,1,6,12,"1.67","1.32","-1.32","45.8",,,,,
"SI","2023-05-28","93.5","1.82","6.68","Montgomery, Jordan",681807,656756,,"ball",,,,,11,,"R","R","L","CLE","STL","B",,,1,0,2023,"1.17","0.99",-0.02634360736235375,4.152231105078454,,,572287,0,5,"Bot",,,,,,,-7.381584735460667,-136.08088495322048,-3.0076396048980722,16.085823688291093,28.262881274100497,-19.40137012275653,3.31968455461797,1.53500014041581,,,,"94.3",2279,"6.6",717993,668800,502671,669242,669357,657557,676475,663457,680977,"53.88",,,,,,,,39,2,"Sinker",1,3,1,3,3,1,1,3,"Standard","Standard",148,"0.016","0.055",,,,,"-0.055",,-2,-2,0.351,0.351,30,27,31,28,2,1,6,1,6,12,"1.61","1.17","-1.17","46.8",,,,,
"SI","2023-05-28","92.5","1.91","6.6","Montgomery, Jordan",681807,656756,,"ball",,,,,12,,"R","R","L","CLE","STL","B",,,0,0,2023,"1.02","0.89",1.16535221175497,3.291527793265116,,,572287,0,5,"Bot",,,,,,,-4.1614408986350995,-134.68227296407034,-4.5920588366041635,13.37448780858514,29.109445871138885,-20.53203848434259,3.33250538406084,1.53500105560411,,,,"92.9",2152,"6.5",717993,668800,502671,669242,669357,657557,676475,663457,680977,"54.04",,,,,,,,39,1,"Sinker",1,3,1,3,3,1,1,3,"Standard","Standard",144,"0.008","0.03",,,,,"-0.03",,-2,-2,0.343,0.343,30,27,31,28,2,1,6,1,6,12,"1.77","1.02","-1.02","43.6",,,,,
"SI","2023-05-28","94.6","1.8","6.64","Montgomery, Jordan",664702,656756,"grounded_into_double_play","hit_into_play",,,,,5,"Myles Straw grounds into a double play, shortstop Paul DeJong to second baseman Tommy Edman to first baseman Paul Goldschmidt. Mike Zunino out at 2nd. Myles Straw out at 1st.","R","R","L","CLE","STL","X",6,"ground_ball",1,2,2023,"1.29","0.84",-0.0872099012936216,2.214831093819398,,,572287,1,2,"Bot",112.63,159.79,,,,,-7.833075360434631,-137.38685243429555,-7.762115883525494,18.10158390917353,28.889904526392556,-20.033315668673367,3.34,1.55,20,"94.1",-5,"95.2",2144,"6.6",717993,668800,502671,669242,669357,657557,676475,663457,680977,"53.89",0.282,0.263,"0",1,0,0,2,16,4,"Sinker",1,0,1,0,0,1,1,0,"Standard","Standard",147,"-0.038","-0.261",,,,0.307,"0.261","94.1",1,1,0.65,0.65,30,28,31,29,1,0,6,1,6,1,"1.71","1.29","-1.29","46.0",,,,,
"SI","2023-05-28","95.1","1.72","6.7","Montgomery, Jordan",664702,656756,,"called_strike",,,,,1,,"R","R","L","CLE","STL","S",,,1,1,2023,"1.32","0.93",-0.6400936276202904,2.9781544969231755,,,572287,1,2,"Bot",,,,,,,-9.184135699407959,-138.15341086990398,-6.223646527974007,18.877268990275656,29.48923508378093,-19.01111786459485,3.29170196216566,1.55110662222747,,,,"95.6",1857,"6.6",717993,668800,502671,669242,669357,657557,676475,663457,680977,"53.92",,,,,,,,16,3,"Sinker",1,0,1,0,0,1,1,0,"Standard","Standard",176,"-0.007","-0.055",,,,,"0.055",,1,1,0.657,0.657,30,28,31,29,1,0,6,1,6,1,"1.59","1.32","-1.32","49.7",,,,,
"FF","2023-05-28","94.3","1.87","6.56","Montgomery, Jordan",664702,656756,,"ball",,,,,12,,"R","R","L","CLE","STL","B",,,0,1,2023,"0.29","1.21",0.2743139998805954,3.7035230380172925,,,572287,1,2,"Bot",,,,,,,-4.851327874228121,-137.2389727854192,-4.48312793818098,4.730961945735539,28.445370103850696,-16.08023507700873,3.2896326652349,1.55000086231507,,,,"95.4",2444,"6.8",717993,668800,502671,669242,669357,657557,676475,663457,680977,"53.73",,,,,,,,16,2,"4-Seam Fastball",1,0,1,0,0,1,1,0,"Standard","Standard",153,"0.003","0.025",,,,,"-0.025",,1,1,0.654,0.654,30,28,31,29,1,0,6,1,6,1,"1.34","0.29","-0.29","47.7",,,,,
"FF","2023-05-28","94.8","1.84","6.59","Montgomery, Jordan",664702,656756,,"foul",,,,,2,,"R","R","L","CLE","STL","S",,,0,0,2023,"0.37","1.22",-0.12107498683982837,3.253533506371622,,,572287,1,2,"Bot",,,,,,,-6.002373865728163,-137.93105779285858,-5.820877306433026,6.061226507084576,30.104483237817874,-15.543093329532358,3.34,1.55,161,"71.3",65,"95.5",2456,"6.7",717993,668800,502671,669242,669357,657557,676475,663457,680977,"53.84",,,,,,,,16,1,"4-Seam Fastball",1,0,1,0,0,1,1,0,"Standard","Standard",151,"-0.004","-0.042",,,,,"0.042","88.0",1,1,0.658,0.658,30,28,31,29,1,0,6,1,6,1,"1.32","0.37","-0.37","44.3",,,,,
"SI","2023-05-28","95.2","1.85","6.63","Montgomery, Jordan",681807,656756,"field_out","hit_into_play",,,,,12,"David Fry lines out to right fielder Brendan Donovan.","R","R","L","CLE","STL","X",9,"line_drive",0,2,2023,"1.22","0.92",0.8761548605519636,2.52047159522267,,,572287,0,2,"Bot",184.75,84.5,,,,,-5.316167702988632,-138.40448987073188,-7.182865207978381,16.918714053708733,33.04355935522818,-18.898059017904657,3.371,1.535,319,"92.9",21,"95.2",2388,"6.5",717993,668800,502671,669242,669357,657557,676475,663457,680977,"54.02",0.203,0.223,"0",1,0,0,3,15,3,"Sinker",1,0,1,0,0,1,1,0,"Standard","Standard",142,"-0.017","-0.162",,,,0.34,"0.162","92.9",1,1,0.675,0.675,30,27,31,28,1,0,6,1,6,12,"1.61","1.22","-1.22","45.0",,,,,
"SI","2023-05-28","94.3","1.8","6.62","Montgomery, Jordan",681807,656756,,"swinging_strike",,,,,12,,"R","R","L","CLE","STL","S",,,0,1,2023,"1.23","0.87",1.000419432441898,2.6080149357584146,,,572287,0,2,"Bot",,,,,,,-4.832266434086744,-137.1704519289978,-6.703892903236335,16.558198762889823,30.615426949104688,-19.894743981272523,3.371,1.535,,,,"94.8",2397,"6.6",717993,668800,502671,669242,669357,657557,676475,663457,680977,"53.89",,,,,,,,15,2,"Sinker",1,0,1,0,0,1,1,0,"Standard","Standard",139,"-0.008","-0.043",,,,,"0.043",,1,1,0.683,0.683,30,27,31,28,1,0,6,1,6,12,"1.7","1.23","-1.23","44.5",,,,,
"CU","2023-05-28","79.6","1.81","6.51","Montgomery, Jordan",681807,656756,,"called_strike",,,,,4,,"R","R","L","CLE","STL","S",,,0,0,2023,"-0.36","-0.79",-0.601489220541108,2.2326857118245265,,,572287,0,2,"Bot",,,,,,,-4.625418601045328,-115.94874894133545,-1.1831863496209463,-2.4389922392634453,21.083704161863984,-39.342865259816925,3.30098535338966,1.53499939626166,,,,"80",2383,"6.4",717993,668800,502671,669242,669357,657557,676475,663457,680977,"54.08",,,,,,,,15,1,"Curveball",1,0,1,0,0,1,1,0,"Standard","Standard",319,"-0.004","-0.036",,,,,"0.036",,1,1,0.687,0.687,30,27,31,28,1,0,6,1,6,12,"4.38","-0.36","0.36","47.3",,,,,
"CH","2023-05-28","84.5","1.74","6.52","Montgomery, Jordan",671289,656756,"field_out","hit_into_play",,,,,6,"Tyler Freeman grounds out, third baseman Nolan Gorman to first baseman Paul Goldschmidt.","R","R","L","CLE","STL","X",5,"ground_ball",0,0,2023,"1.07","1.22",0.6791969291598228,2.4232119555468596,608070,,605137,2,1,"Bot",104,170.97,,,,,-4.617857858202806,-122.87719495481414,-5.63407312796241,11.712972693472764,23.91422407600179,-18.929946788050856,3.21,1.4,14,"79",-10,"85.1",1814,"6.7",717993,668800,502671,669242,669357,657557,676475,663457,680977,"53.84",0.089,0.081,"0",1,0,0,2,9,1,"Changeup",1,0,1,0,0,1,1,0,"Standard","Standard",134,"-0.043","-0.314",,,,0.091,"0.314","88.0",1,1,0.646,0.646,30,24,31,24,1,0,6,1,6,5,"1.98","1.07","-1.07","46.6",,,,,
"CH","2023-05-28","84.5","1.78","6.5","Montgomery, Jordan",672356,656756,"field_out","hit_into_play",,,,,13,"Gabriel Arias flies out sharply to center fielder Lars Nootbaar. Jose Ramirez to 3rd.","R","R","L","CLE","STL","X",8,"fly_ball",3,2,2023,"0.74","1.22",-0.2068257864517894,1.2375402817109837,,608070,605137,1,1,"Bot",143.23,41.54,,,,,-6.12332082025821,-122.78105764707135,-8.423954529440058,8.60768898801816,22.14560943347409,-18.338967674985984,3.31,1.5,390,"103.4",26,"85.3",1729,"6.7",717993,668800,502671,669242,669357,657557,676475,663457,680977,"53.81",0.691,1.326280487804878,"0",1,0,0,6,8,6,"Changeup",1,0,1,0,0,1,1,0,"Standard","Standard",131,"-0.04","-0.261",,,,2.603,"0.261","103.4",1,1,0.686,0.686,30,23,31,23,1,0,6,1,6,1,"1.95","0.74","-0.74","45.3",,,,,
"SI","2023-05-28","94.3","1.75","6.65","Montgomery, Jordan",672356,656756,,"ball",,,,,11,,"R","R","L","CLE","STL","B",,,2,2,2023,"1.37","1.04",-0.6810285746696845,3.584289648781578,,608070,605137,1,1,"Bot",,,,,,,-9.414294260776472,-137.09202980734176,-4.623063585643861,19.311269103724047,28.77773579681435,-18.193626922614236,3.22269868558908,1.47504796112019,,,,"94.9",2231,"6.6",717993,668800,502671,669242,669357,657557,676475,663457,680977,"53.91",,,,,,,,8,5,"Sinker",1,0,1,0,0,1,1,0,"Standard","Standard",148,"0.013","0.062",,,,,"-0.062",,1,1,0.673,0.673,30,23,31,23,1,0,6,1,6,1,"1.52","1.37","-1.37","47.2",,,,,
"FF","2023-05-28","94.6","1.8","6.58","Montgomery, Jordan",672356,656756,,"ball",,,,,13,,"R","R","L","CLE","STL","B",,,1,2,2023,"0.46","1.5",-1.9761859024165784,2.1521960319173,,608070,605137,1,1,"Bot",,,,,,,-10.870815922313119,-137.0817257638537,-9.197383623641866,8.156909221986025,30.016014527520557,-11.327669141384144,3.23466529893844,1.4685973262472,,,,"94.6",2455,"6.5",717993,668800,502671,669242,669357,657557,676475,663457,680977,"53.98",,,,,,,,8,4,"4-Seam Fastball",1,0,1,0,0,1,1,0,"Standard","Standard",150,"0.005","0.028",,,,,"-0.028",,1,1,0.668,0.668,30,23,31,23,1,0,6,1,6,1,"1.07","0.46","-0.46","46.8",,,,,
"SI","2023-05-28","93.4","1.83","6.57","Montgomery, Jordan",672356,656756,,"foul",,,,,6,,"R","R","L","CLE","STL","S",,,1,1,2023,"1.36","0.97",0.5262650795032977,2.238884640108476,,608070,605137,1,1,"Bot",,,,,,,-6.40119850988162,-135.6789898122705,-7.533031177550795,18.261441084569444,30.943303661946054,-18.73292882741819,3.31,1.5,,,,"93.7",2263,"6.7",717993,668800,502671,669242,669357,657557,676475,663457,680977,"53.85",,,,,,,,8,3,"Sinker",1,0,1,0,0,1,1,0,"Standard","Standard",143,"-0.009","-0.059",,,,,"0.059",,1,1,0.677,0.677,30,23,31,23,1,0,6,1,6,1,"1.66","1.36","-1.36","43.9",,,,,
"CH","2023-05-28","83.8","1.75","6.5","Montgomery, Jordan",672356,656756,,"ball",,,,,12,,"R","R","L","CLE","STL","B",,,0,1,2023,"0.87","1.07",1.3913283491169053,2.4883639108843307,,608070,605137,1,1,"Bot",,,,,,,-2.581336358471517,-122.08934387498299,-5.1039101485846645,9.270939496518285,20.76625104563788,-20.71542816248994,3.28450056467588,1.49999947113968,,,,"85.1",1766,"6.8",717993,668800,502671,669242,669357,657557,676475,663457,680977,"53.74",,,,,,,,8,2,"Changeup",1,0,1,0,0,1,1,0,"Standard","Standard",132,"0.004","0.031",,,,,"-0.031",,1,1,0.673,0.673,30,23,31,23,1,0,6,1,6,1,"2.14","0.87","-0.87","45.5",,,,,
"SI","2023-05-28","95.3","1.83","6.61","Montgomery, Jordan",672356,656756,,"called_strike",,,,,5,,"R","R","L","CLE","STL","S",,,0,0,2023,"1.16","1.01",-0.038906658971333385,2.3751588404171518,,608070,605137,1,1,"Bot",,,,,,,-7.558956819618793,-138.5238622768531,-7.793995792798427,16.65811011847491,29.49640670751689,-17.651422487556435,3.32912436761532,1.49999935969824,,,,"95.8",2368,"6.5",717993,668800,502671,669242,669357,657557,676475,663457,680977,"53.97",,,,,,,,8,1,"Sinker",1,0,1,0,0,1,1,0,"Standard","Standard",144,"-0.006","-0.04",,,,,"0.04",,1,1,0.679,0.679,30,23,31,23,1,0,6,1,6,1,"1.5","1.16","-1.16","44.9",,,,,
"CH","2023-05-28","83.9","1.71","6.54","Montgomery, Jordan",605137,656756,"single","hit_into_play",,,,,9,"Josh Bell singles on a fly ball to center fielder Lars Nootbaar. Steven Kwan scores. Jose Ramirez to 2nd.","R","R","L","CLE","STL","X",8,"fly_ball",2,1,2023,"0.51","1.11",0.4190813083367364,2.282632150098588,680757,,608070,1,1,"Bot",154.12,102.48,,,,,-4.030607168097837,-122.06022994807032,-5.652228983887593,5.931208713920652,24.753858477048606,-20.190590925067912,3.64,1.76,243,"75.1",35,"84.3",1770,"6.6",717993,668800,502671,669242,669357,657557,676475,663457,680977,"53.88",0.2,0.202,"0.9",1,1,0,3,7,4,"Changeup",0,0,0,0,0,1,1,0,"Standard","Standard",131,"0.063","0.441",,,,0.279,"-0.441","88.0",0,0,0.616,0.616,30,30,31,31,1,0,6,1,6,2,"2.14","0.51","-0.51","46.5",,,,,
"SI","2023-05-28","94.5","1.82","6.71","Montgomery, Jordan",605137,656756,,"ball",,,,,12,,"R","R","L","CLE","STL","B",,,1,1,2023,"1.45","0.86",1.4894225270496186,2.7085693602925973,680757,,608070,1,1,"Bot",,,,,,,-4.091438715588659,-137.4333006863482,-6.644516958862538,19.228250988106986,30.67095424414498,-20.04119266119151,3.64636058296819,1.75999922254278,,,,"94.6",2214,"6.4",717993,668800,502671,669242,669357,657557,676475,663457,680977,"54.08",,,,,,,,7,3,"Sinker",0,0,0,0,0,0,0,0,"Standard","Standard",145,"0.006","0.05",,,,,"-0.05",,0,0,0.61,0.61,30,30,31,31,1,0,6,1,6,2,"1.7","1.45","-1.45","44.7",,,,,
"SI","2023-05-28","95.1","1.94","6.66","Montgomery, Jordan",605137,656756,,"ball",,,,,12,,"R","R","L","CLE","STL","B",,,0,1,2023,"1.47","1",1.212961064270091,3.554976809557987,680757,,608070,1,1,"Bot",,,,,,,-5.219187404057336,-138.34778285797336,-4.710913593224671,20.04029005046208,32.43740663347617,-18.457779520562152,3.65271853930408,1.76000029988976,,,,"95.2",2291,"6.5",717993,668800,502671,669242,669357,657557,676475,663457,680977,"54.04",,,,,,,,7,2,"Sinker",0,0,0,0,0,0,0,0,"Standard","Standard",138,"0.007","0.035",,,,,"-0.035",,0,0,0.603,0.603,30,30,31,31,1,0,6,1,6,2,"1.53","1.47","-1.47","44.3",,,,,
"CH","2023-05-28","85","1.75","6.53","Montgomery, Jordan",605137,656756,,"called_strike",,,,,6,,"R","R","L","CLE","STL","S",,,0,0,2023,"1.1","1.21",0.6821772131441466,2.405605045059634,680757,,608070,1,1,"Bot",,,,,,,-4.728341261411569,-123.55001115683656,-5.765355007586955,12.223965598220673,25.39551129002077,-18.827925060966994,3.64635749661132,1.75999999594369,,,,"85.4",1795,"6.6",717993,668800,502671,669242,669357,657557,676475,663457,680977,"53.85",,,,,,,,7,1,"Changeup",0,0,0,0,0,0,0,0,"Standard","Standard",133,"-0.01","-0.044",,,,,"0.044",,0,0,0.613,0.613,30,30,31,31,1,0,6,1,6,2,"1.96","1.1","-1.1","45.6",,,,,
"SI","2023-05-28","94.4","1.89","6.65","Montgomery, Jordan",608070,656756,"force_out","hit_into_play",,,,,6,"Jose Ramirez grounds into a force out, shortstop Paul DeJong to second baseman Tommy Edman. Steven Kwan to 3rd. Amed Rosario out at 2nd. Jose Ramirez to 1st.","R","R","L","CLE","STL","X",6,"ground_ball",0,2,2023,"1.26","0.97",0.7827438022263207,2.6278215416777737,,680757,642708,0,1,"Bot",115.76,146.05,,,,,-5.696910644751901,-137.2935374946794,-6.938267549925681,17.22348959244051,31.29264847434771,-18.571562311547204,3.33,1.56,41,"77.8",0,"94.6",2284,"6.5",717993,668800,502671,669242,669357,657557,676475,663457,680977,"54.02",0.177,0.167,"0",1,0,0,2,6,3,"Sinker",0,0,0,0,0,0,0,0,"Standard","Standard",149,"-0.003","-0.193",,,,0.179,"0.193","88.0",0,0,0.616,0.616,30,30,31,31,1,0,6,1,6,1,"1.6","1.26","-1.26","43.4",,,,,
"CH","2023-05-28","84","1.75","6.54","Montgomery, Jordan",608070,656756,,"foul",,,,,3,,"R","R","L","CLE","STL","S",,,0,1,2023,"0.55","1.15",0.7488424132449426,3.020797547534502,,680757,642708,0,1,"Bot",,,,,,,-3.4182460875520313,-122.27283477834702,-4.023327864417636,6.171270265336814,25.175349282907938,-20.10862149374386,3.33,1.56,4,"58.8",-35,"84.5",1610,"6.7",717993,668800,502671,669242,669357,657557,676475,663457,680977,"53.81",,,,,,,,6,2,"Changeup",0,0,0,0,0,0,0,0,"Standard","Standard",134,"-0.013","-0.066",,,,,"0.066","88.0",0,0,0.629,0.629,30,30,31,31,1,0,6,1,6,1,"2.09","0.55","-0.55","49.5",,,,,
"FF","2023-05-28","93.1","1.99","6.55","Montgomery, Jordan",608070,656756,,"called_strike",,,,,5,,"R","R","L","CLE","STL","S",,,0,0,2023,"0.46","1.43",-0.1047190460679508,2.6351995977754803,,680757,642708,0,1,"Bot",,,,,,,-6.405712514920153,-135.3487631418755,-7.437297983756259,7.0616089433103335,29.156556105966317,-13.18309123482487,3.29202561430222,1.56000023222667,,,,"93.4",2384,"6.5",717993,668800,502671,669242,669357,657557,676475,663457,680977,"54.03",,,,,,,,6,1,"4-Seam Fastball",0,0,0,0,0,0,0,0,"Standard","Standard",143,"-0.007","-0.048",,,,,"0.048",,0,0,0.636,0.636,30,30,31,31,1,0,6,1,6,1,"1.2","0.46","-0.46","43.3",,,,,
"FF","2023-05-28","93.6","1.93","6.63","Montgomery, Jordan",642708,656756,"single","hit_into_play",,,,,11,"Amed Rosario singles on a line drive to right fielder Brendan Donovan. Steven Kwan to 2nd.","R","R","L","CLE","STL","X",9,"line_drive",0,1,2023,"0.36","1.32",-0.07243336728257044,3.753240475281861,,,680757,0,1,"Bot",164.9,120.64,,,,,-5.979127637639864,-136.287430975043,-4.65146503532728,5.714325239790054,28.32884322694058,-14.813259690528009,3.24,1.55,153,"86.2",10,"94.1",2376,"6.4",717993,668800,502671,669242,669357,657557,676475,663457,680977,"54.09",0.534,0.481,"0.9",1,1,0,4,5,2,"4-Seam Fastball",0,0,0,0,0,0,0,0,"Standard","Standard",147,"0.058","0.489",,,,0.572,"-0.489","88.0",0,0,0.578,0.578,30,27,31,28,1,0,6,1,6,1,"1.26","0.36","-0.36","46.4",,,,,
"SI","2023-05-28","93.1","1.87","6.61","Montgomery, Jordan",642708,656756,,"called_strike",,,,,8,,"R","R","L","CLE","STL","S",,,0,0,2023,"1.23","1",0.13644806960364608,1.6109140699325744,,,680757,0,1,"Bot",,,,,,,-7.165253901676696,-135.1526312410193,-9.264169498961117,16.625165171844372,29.60011735851415,-18.06577612360195,3.2273452217409,1.55000023622497,,,,"93.4",2269,"6.6",717993,668800,502671,669242,669357,657557,676475,663457,680977,"53.92",,,,,,,,5,1,"Sinker",0,0,0,0,0,0,0,0,"Standard","Standard",145,"-0.005","-0.036",,,,,"0.036",,0,0,0.583,0.583,30,27,31,28,1,0,6,1,6,1,"1.65","1.23","-1.23","44.8",,,,,
"CU","2023-05-22","81.6","1.88","6.63","Montgomery, Jordan",668715,656756,"field_out","hit_into_play",,,,,7,"Spencer Steer flies out to center fielder Oscar Mercado.","R","R","L","CIN","STL","X",8,"fly_ball",2,1,2023,"-0.28","-0.71",-0.4444671820452042,1.5959059134305762,,676480,663697,2,4,"Bot",104.56,76.71,,,,,-4.741992380122054,-118.67638948570197,-3.3675915217103545,-1.6630281334093127,23.917835174876668,-38.350276377928466,3.23,1.56,308,"96.5",42,"82.1",2504,"6.8",718071,668800,502671,669357,571448,657557,660766,640458,669242,"53.71",0.063,0.107,"0",1,0,0,3,40,4,"Curveball",4,3,4,3,3,4,4,3,"Standard","Standard",318,"-0.045","-0.306",,,,0.207,"0.306","96.5",1,1,0.683,0.683,30,25,31,26,3,2,6,1,6,1,"4.15","-0.28","0.28","45.3",,,,,
"CH","2023-05-22","83.3","1.74","6.5","Montgomery, Jordan",668715,656756,,"swinging_strike",,,,,2,,"R","R","L","CIN","STL","S",,,2,0,2023,"0.51","1.41",-0.09205219731939795,2.910049430901309,,676480,663697,2,4,"Bot",,,,,,,-5.240586586830473,-121.18350174355842,-4.5871169553925215,6.066959489213802,23.686919805813755,-17.55946598538827,3.23,1.56,,,,"83.9",1771,"6.7",718071,668800,502671,669357,571448,657557,660766,640458,669242,"53.82",,,,,,,,40,3,"Changeup",4,3,4,3,3,4,4,3,"Standard","Standard",131,"-0.005","-0.041",,,,,"0.041",,1,1,0.688,0.688,30,25,31,26,3,2,6,1,6,1,"1.87","0.51","-0.51","44.5",,,,,
"CH","2023-05-22","84.1","1.76","6.41","Montgomery, Jordan",668715,656756,,"ball",,,,,13,,"R","R","L","CIN","STL","B",,,1,0,2023,"0.91","1.13",-0.9583185967039815,1.1425313753906372,,676480,663697,2,4,"Bot",,,,,,,-8.167465897546004,-121.94294504514511,-8.084067906583032,10.640735716204881,24.043930953664578,-19.4436496110169,3.25084722652154,1.56069905178123,,,,"84.7",1805,"6.9",718071,668800,502671,669357,571448,657557,660766,640458,669242,"53.65",,,,,,,,40,2,"Changeup",4,3,4,3,3,4,4,3,"Standard","Standard",131,"0.005","0.021",,,,,"-0.021",,1,1,0.683,0.683,30,25,31,26,3,2,6,1,6,1,"2.12","0.91","-0.91","43.5",,,,,
"CH","2023-05-22","83.3","1.86","6.49","Montgomery, Jordan",668715,656756,,"ball",,,,,12,,"R","R","L","CIN","STL","B",,,0,0,2023,"0.7","1.05",0.7595211987591307,4.233419631443207,,676480,663697,2,4,"Bot",,,,,,,-3.928506304876223,-121.32825718413498,-0.7650150503231736,7.660801596280082,24.612579237657908,-21.94249018819538,3.22471367973218,1.56069905178123,,,,"83.7",1646,"6.6",718071,668800,502671,669357,571448,657557,660766,640458,669242,"53.93",,,,,,,,40,1,"Changeup",4,3,4,3,3,4,4,3,"Standard","Standard",133,"0.003","0.03",,,,,"-0.03",,1,1,0.68,0.68,30,25,31,26,3,2,6,1,6,1,"2.24","0.7","-0.7","43.8",,,,,
"CH","2023-05-22","83.8","1.81","6.52","Montgomery, Jordan",680574,656756,"strikeout","swinging_strike",,,,,4,"Matt McLain strikes out swinging.","R","R","L","CIN","STL","S",2,,3,2,2023,"0.74","1.14",-0.4732781171609348,2.049566612886945,,676480,663697,1,4,"Bot",,,,,,,-6.784291275587197,-121.76821341389486,-6.218715249194014,8.703616600904509,22.93338287910547,-19.75250631791047,3.01,1.41,,,,"84.4",1785,"6.7",718071,668800,502671,669357,571448,657557,660766,640458,669242,"53.8",,0,"0",1,0,0,,39,13,"Changeup",4,3,4,3,3,4,4,3,"Standard","Standard",134,"-0.049","-0.264",,,,,"0.264",,1,1,0.729,0.729,30,23,31,24,3,2,6,1,6,1,"2.1","0.74","-0.74","46.1",,,,,
"CH","2023-05-22","84.9","1.87","6.56","Montgomery, Jordan",680574,656756,,"foul",,,,,2,,"R","R","L","CIN","STL","S",,,3,2,2023,"0.89","1.42",-0.2725964844675548,2.95045563732126,,676480,663697,1,4,"Bot",,,,,,,-6.819797255540193,-123.39889441702405,-4.965225694987806,10.437011855811315,24.41652229402473,-16.868630139527934,3.01,1.41,232,"71.6",37,"85.4",1790,"6.6",718071,668800,502671,669357,571448,657557,660766,640458,669242,"53.86",,,,,,,,39,12,"Changeup",4,3,4,3,3,4,4,3,"Standard","Standard",131,"0","0",,,,,"0","88.0",1,1,0.729,0.729,30,23,31,24,3,2,6,1,6,1,"1.75","0.89","-0.89","48.7",,,,,
"FF","2023-05-22","93.2","1.85","6.63","Montgomery, Jordan",680574,656756,,"foul",,,,,11,,"R","R","L","CIN","STL","S",,,3,2,2023,"0.62","1.47",-0.11872881753947562,3.461074424521809,,676480,663697,1,4,"Bot",,,,,,,-6.475530119646374,-135.55144478888033,-5.640754452343621,9.082268405362647,28.461992858773076,-13.037728187428216,3.01,1.41,236,"72.7",48,"93.8",2378,"6.6",718071,668800,502671,669357,571448,657557,660766,640458,669242,"53.9",,,,,,,,39,11,"4-Seam Fastball",4,3,4,3,3,4,4,3,"Standard","Standard",141,"0","0",,,,,"0","88.0",1,1,0.729,0.729,30,23,31,24,3,2,6,1,6,1,"1.15","0.62","-0.62","47.5",,,,,
"SI","2023-05-22","93.5","1.9","6.57","Montgomery, Jordan",680574,656756,,"foul",,,,,5,,"R","R","L","CIN","STL","S",,,3,2,2023,"1.34","0.93",-0.062082011004399584,2.076892190394925,,676480,663697,1,4,"Bot",,,,,,,-8.117235311807521,-135.83072980658125,-8.017961057658122,18.333104746375703,27.744506003346938,-19.049041007080326,3.01,1.41,277,"87",41,"94.9",2246,"7",718071,668800,502671,669357,571448,657557,660766,640458,669242,"53.47",,,,,,,,39,10,"Sinker",4,3,4,3,3,4,4,3,"Standard","Standard",141,"0","0",,,,,"0","88.0",1,1,0.729,0.729,30,23,31,24,3,2,6,1,6,1,"1.67","1.34","-1.34","45.5",,,,,
"CU","2023-05-22","81.3","1.84","6.56","Montgomery, Jordan",680574,656756,,"blocked_ball",,,,,13,,"R","R","L","CIN","STL","B",,,2,2,2023,"-0.32","-0.62",-0.7113413449300399,-0.20660096939097317,,676480,663697,1,4,"Bot",,,,,,,-5.114812225634291,-118.1014588711233,-7.35482518433971,-1.9784724453245643,23.062409641838947,-36.68213807875131,3.06775396957521,1.41068054252968,,,,"81.4",2411,"6.5",718071,668800,502671,669357,571448,657557,660766,640458,669242,"54",,,,,,,,39,9,"Curveball",4,3,4,3,3,4,4,3,"Standard","Standard",326,"0.014","0.062",,,,,"-0.062",,1,1,0.715,0.715,30,23,31,24,3,2,6,1,6,1,"4.08","-0.32","0.32","43.8",,,,,
"CH","2023-05-22","84","1.78","6.52","Montgomery, Jordan",680574,656756,,"foul",,,,,4,,"R","R","L","CIN","STL","S",,,2,2,2023,"0.74","1.41",-0.7348139033678044,1.9294038478751245,,676480,663697,1,4,"Bot",,,,,,,-7.347976901039779,-121.886000151186,-7.032965860466088,8.866642964500755,24.69752793351315,-16.84633274245632,3.01,1.41,176,"71",64,"84.4",1817,"6.7",718071,668800,502671,669357,571448,657557,660766,640458,669242,"53.76",,,,,,,,39,8,"Changeup",4,3,4,3,3,4,4,3,"Standard","Standard",136,"0","0",,,,,"0","88.0",1,1,0.715,0.715,30,23,31,24,3,2,6,1,6,1,"1.84","0.74","-0.74","44.3",,,,,
"CH","2023-05-22","83.8","1.76","6.48","Montgomery, Jordan",680574,656756,,"ball",,,,,13,,"R","R","L","CIN","STL","B",,,1,2,2023,"1","1.43",-0.2940713392030333,1.0530227583254896,,676480,663697,1,4,"Bot",,,,,,,-6.764750074992928,-121.60529839735973,-8.959391280956643,11.288199566791082,24.6084522106492,-16.3813604058758,3.06775396957521,1.41068054252968,,,,"84.2",1864,"6.8",718071,668800,502671,669357,571448,657557,660766,640458,669242,"53.73",,,,,,,,39,7,"Changeup",4,3,4,3,3,4,4,3,"Standard","Standard",132,"0.006","0.028",,,,,"-0.028",,1,1,0.709,0.709,30,23,31,24,3,2,6,1,6,1,"1.84","1","-1","43.8",,,,,
"FF","2023-05-22","92.4","1.81","6.65","Montgomery, Jordan",680574,656756,,"foul",,,,,11,,"R","R","L","CIN","STL","S",,,1,2,2023,"0.69","1.51",-0.6156089730733049,3.5299681879557907,,676480,663697,1,4,"Bot",,,,,,,-7.746043359315816,-134.32889492741052,-5.483280290966098,10.0290253839325,28.176272667278205,-12.820325962012452,3.01,1.41,78,"43.7",19,"93.1",2360,"6.7",718071,668800,502671,669357,571448,657557,660766,640458,669242,"53.8",,,,,,,,39,6,"4-Seam Fastball",4,3,4,3,3,4,4,3,"Standard","Standard",142,"0","0",,,,,"0","88.0",1,1,0.709,0.709,30,23,31,24,3,2,6,1,6,1,"1.15","0.69","-0.69","42.2",,,,,
"SI","2023-05-22","92.6","1.79","6.65","Montgomery, Jordan",680574,656756,,"foul",,,,,5,,"R","R","L","CIN","STL","S",,,1,2,2023,"1.44","0.86",0.26855753358450496,2.373254451332345,,676480,663697,1,4,"Bot",,,,,,,-7.087783173064849,-134.52040994739602,-7.02208259779548,19.076947822079575,29.45970976402977,-20.34701471369954,3.01,1.41,240,"80.5",43,"93.2",2298,"6.7",718071,668800,502671,669357,571448,657557,660766,640458,669242,"53.76",,,,,,,,39,5,"Sinker",4,3,4,3,3,4,4,3,"Standard","Standard",145,"0","0",,,,,"0","88.0",1,1,0.709,0.709,30,23,31,24,3,2,6,1,6,1,"1.81","1.44","-1.44","42.6",,,,,
"CH","2023-05-22","83.8","1.69","6.5","Montgomery, Jordan",680574,656756,,"foul",,,,,9,,"R","R","L","CIN","STL","S",,,1,2,2023,"0.68","1.27",0.6006444432876673,1.8678689388660188,,676480,663697,1,4,"Bot",,,,,,,-3.8945702864256897,-121.85138248389262,-6.842353131094393,7.563488292441685,23.43123521028741,-18.408711630851194,3.01,1.41,4,"67.3",-29,"84.4",1777,"6.7",718071,668800,502671,669357,571448,657557,660766,640458,669242,"53.82",,,,,,,,39,4,"Changeup",4,3,4,3,3,4,4,3,"Standard","Standard",129,"0","0",,,,,"0","88.0",1,1,0.709,0.709,30,23,31,24,3,2,6,1,6,1,"1.98","0.68","-0.68","43.5",,,,,
"SI","2023-05-22","92.2","1.75","6.67","Montgomery, Jordan",680574,656756,,"ball",,,,,7,,"R","R","L","CIN","STL","B",,,0,2,2023,"1.39","0.93",-0.3369448516108873,1.6387647258725182,,676480,663697,1,4,"Bot",,,,,,,-8.312124955633994,-133.74284581066124,-8.928886814892985,18.457954125585772,30.477710291865655,-19.194860420052375,3.09393270690688,1.41068054252968,,,,"92",2284,"6.5",718071,668800,502671,669357,571448,657557,660766,640458,669242,"54.04",,,,,,,,39,3,"Sinker",4,3,4,3,3,4,4,3,"Standard","Standard",147,"0.004","0.022",,,,,"-0.022",,1,1,0.705,0.705,30,23,31,24,3,2,6,1,6,1,"1.78","1.39","-1.39","42.1",,,,,
"FF","2023-05-22","92.2","2.03","6.57","Montgomery, Jordan",680574,656756,,"foul",,,,,3,,"R","R","L","CIN","STL","S",,,0,1,2023,"0.83","1.6",0.7152086985750288,2.918038737402052,,676480,663697,1,4,"Bot",,,,,,,-5.207859367519144,-134.01215352102622,-6.956428356124821,11.192160420697773,30.431688188624534,-11.577385446345213,3.01,1.41,188,"86.1",67,"92.8",2439,"6.8",718071,668800,502671,669357,571448,657557,660766,640458,669242,"53.67",,,,,,,,39,2,"4-Seam Fastball",4,3,4,3,3,4,4,3,"Standard","Standard",142,"-0.01","-0.05",,,,,"0.05","88.0",1,1,0.715,0.715,30,23,31,24,3,2,6,1,6,1,"1.1","0.83","-0.83","42.4",,,,,
"FF","2023-05-22","92.7","1.97","6.54","Montgomery, Jordan",680574,656756,,"called_strike",,,,,1,,"R","R","L","CIN","STL","S",,,0,0,2023,"0.71","1.27",-0.28804435194932465,2.677900359615232,,676480,663697,1,4,"Bot",,,,,,,-7.3540908707144395,-134.6783491274575,-6.8698565545261605,10.263501567399514,28.72801534661097,-15.332932369590196,3.17242389350699,1.41068054252968,,,,"93.1",2291,"6.6",718071,668800,502671,669357,571448,657557,660766,640458,669242,"53.92",,,,,,,,39,1,"4-Seam Fastball",4,3,4,3,3,4,4,3,"Standard","Standard",145,"-0.006","-0.04",,,,,"0.04",,1,1,0.721,0.721,30,23,31,24,3,2,6,1,6,1,"1.38","0.71","-0.71","39.1",,,,,
"CU","2023-05-22","78.5","1.92","6.69","Montgomery, Jordan",663697,656756,"single","hit_into_play",,,,,14,"Jonathan India singles on a line drive to left fielder Juan Yepez, deflected by shortstop Paul DeJong. Jose Barrero to 2nd.","R","R","L","CIN","STL","X",6,"line_drive",2,2,2023,"-0.45","-0.63",0.9452644303071662,2.2343039401035116,,,676480,1,4,"Bot",77.46,126.89,,,,,-1.2840497002188438,-114.42172907798565,-1.6799063539310866,-3.71346174155212,20.579604678215603,-37.587036242603986,3.1,1.46,163,"91.3",10,"78.9",2394,"6.4",718071,668800,502671,669357,571448,657557,660766,640458,669242,"54.08",0.687,0.635,"0.9",1,1,0,4,38,5,"Curveball",4,3,4,3,3,4,4,3,"Standard","Standard",321,"0.038","0.44",,,,0.761,"-0.44","91.3",1,1,0.683,0.683,30,26,31,27,3,2,6,1,6,1,"4.3","-0.45","0.45","43.4",,,,,
"SI","2023-05-22","91.8","1.81","6.69","Montgomery, Jordan",663697,656756,,"ball",,,,,11,,"R","R","L","CIN","STL","B",,,1,2,2023,"1.31","0.84",-1.3598681405347595,2.350902245542783,,,676480,1,4,"Bot",,,,,,,-10.900666201173303,-133.20110969704123,-7.007395812308016,17.838861633640423,25.539068575387446,-20.815303079731244,3.04156775320806,1.37460873312358,,,,"92.6",2262,"6.7",718071,668800,502671,669357,571448,657557,660766,640458,669242,"53.83",,,,,,,,38,4,"Sinker",4,3,4,3,3,4,4,3,"Standard","Standard",141,"0.004","0.047",,,,,"-0.047",,1,1,0.679,0.679,30,26,31,27,3,2,6,1,6,1,"1.86","1.31","-1.31","43.7",,,,,
"CU","2023-05-22","81.4","1.78","6.62","Montgomery, Jordan",663697,656756,,"ball",,,,,13,,"R","R","L","CIN","STL","B",,,0,2,2023,"-0.09","-0.69",-1.485295284869132,1.135960154690081,,,676480,1,4,"Bot",,,,,,,-7.196978937822388,-118.33739177321678,-4.354658842699265,0.6415488894813641,23.880987365986897,-37.91762437882176,3.09393270690688,1.46068693332795,,,,"81.7",2454,"6.6",718071,668800,502671,669357,571448,657557,660766,640458,669242,"53.86",,,,,,,,38,3,"Curveball",4,3,4,3,3,4,4,3,"Standard","Standard",318,"0.003","0.023",,,,,"-0.023",,1,1,0.676,0.676,30,26,31,27,3,2,6,1,6,1,"4.15","-0.09","0.09","45.1",,,,,
"CH","2023-05-22","83","1.8","6.47","Montgomery, Jordan",663697,656756,,"foul",,,,,9,,"R","R","L","CIN","STL","S",,,0,1,2023,"0.83","1.26",0.38335564910720454,1.7260993551608155,,,676480,1,4,"Bot",,,,,,,-4.905260783103795,-120.7100943575378,-6.881505035557666,9.035773310889448,23.942972916754638,-18.660552082952943,3.1,1.46,32,"23.3",54,"83.6",1796,"6.8",718071,668800,502671,669357,571448,657557,660766,640458,669242,"53.73",,,,,,,,38,2,"Changeup",4,3,4,3,3,4,4,3,"Standard","Standard",129,"-0.007","-0.053",,,,,"0.053","88.0",1,1,0.683,0.683,30,26,31,27,3,2,6,1,6,1,"2.05","0.83","-0.83","44.0",,,,,
"CU","2023-05-22","80.2","1.9","6.6","Montgomery, Jordan",663697,656756,,"called_strike",,,,,3,,"R","R","L","CIN","STL","S",,,0,0,2023,"-0.4","-0.58",0.3152751358702048,2.7518333573668463,,,676480,1,4,"Bot",,,,,,,-2.745098486684063,-116.87958562296055,-0.7583970201368848,-3.1676202252484256,21.473092617496693,-37.53957438944684,3.27697318925897,1.53370741619764,,,,"80.5",2404,"6.3",718071,668800,502671,669357,571448,657557,660766,640458,669242,"54.17",,,,,,,,38,1,"Curveball",4,3,4,3,3,4,4,3,"Standard","Standard",318,"-0.004","-0.042",,,,,"0.042",,1,1,0.687,0.687,30,26,31,27,3,2,6,1,6,1,"4.1","-0.4","0.4","44.7",,,,,
"CH","2023-05-22","84.4","1.81","6.61","Montgomery, Jordan",592200,656756,"field_out","hit_into_play",,,,,5,"Curt Casali pops out to catcher Andrew Knizner in foul territory.","R","R","L","CIN","STL","X",2,"popup",2,2,2023,"0.61","1.66",-0.06312770455448469,2.315743929623758,,,676480,0,4,"Bot",123.5,204.07,,,,,-5.603084960680439,-122.63174684130024,-6.912690793689799,7.349915940422863,25.75724727845501,-14.221012484847398,3.39,1.61,6,"61",85,"84.5",1948,"6.6",718071,668800,502671,669357,571448,657557,660766,640458,669242,"53.92",0.005,0.006,"0",1,0,0,3,37,6,"Changeup",4,3,4,3,3,4,4,3,"Standard","Standard",133,"-0.026","-0.215",,,,0.007,"0.215","88.0",1,1,0.713,0.713,30,34,31,35,2,1,6,6,6,4,"1.56","0.61","-0.61","43.0",,,,,
"SI","2023-05-22","93.1","1.73","6.62","Montgomery, Jordan",592200,656756,,"ball",,,,,13,,"R","R","L","CIN","STL","B",,,1,2,2023,"1.6","0.81",-1.37365882761123,1.9757169645050814,,,676480,0,4,"Bot",,,,,,,-11.523581725928498,-134.79434264388505,-7.877734916955384,22.093403540651632,30.787559513271873,-20.680767041794425,3.32920230333559,1.56020027364759,,,,"93.1",2277,"6.7",718071,668800,502671,669357,571448,657557,660766,640458,669242,"53.83",,,,,,,,37,5,"Sinker",4,3,4,3,3,4,4,3,"Standard","Standard",143,"0.004","0.045",,,,,"-0.045",,1,1,0.709,0.709,30,34,31,35,2,1,6,6,6,4,"1.86","1.6","-1.6","42.6",,,,,
"SI","2023-05-22","92.8","1.73","6.62","Montgomery, Jordan",592200,656756,,"ball",,,,,11,,"R","R","L","CIN","STL","B",,,0,2,2023,"1.21","1.15",-0.8306802316125048,3.1762096743179997,,,676480,0,4,"Bot",,,,,,,-9.26640992884962,-134.84614325055222,-5.586547494654992,16.75974341677566,28.971379235388994,-17.045503061436726,3.12067345406512,1.50761189943357,,,,"93.4",2295,"6.7",718071,668800,502671,669357,571448,657557,660766,640458,669242,"53.78",,,,,,,,37,4,"Sinker",4,3,4,3,3,4,4,3,"Standard","Standard",144,"0.003","0.008",,,,,"-0.008",,1,1,0.706,0.706,30,34,31,35,2,1,6,6,6,4,"1.5","1.21","-1.21","42.7",,,,,
"CH","2023-05-22","83.6","1.8","6.53","Montgomery, Jordan",592200,656756,,"foul",,,,,14,,"R","R","L","CIN","STL","S",,,0,2,2023,"0.63","1.36",0.9073775934117247,2.11944937750407,,,676480,0,4,"Bot",,,,,,,-3.3290252754794065,-121.6932492046022,-6.5147299565858985,6.917191348461076,22.180133883570214,-17.605952695287726,3.39,1.61,120,"67.9",20,"84.5",1669,"6.7",718071,668800,502671,669357,571448,657557,660766,640458,669242,"53.79",,,,,,,,37,3,"Changeup",4,3,4,3,3,4,4,3,"Standard","Standard",130,"0","0",,,,,"0","88.0",1,1,0.706,0.706,30,34,31,35,2,1,6,6,6,4,"1.88","0.63","-0.63","46.0",,,,,
"SI","2023-05-22","91.7","1.77","6.77","Montgomery, Jordan",592200,656756,,"called_strike",,,,,11,,"R","R","L","CIN","STL","S",,,0,1,2023,"1.12","0.94",-0.5523214867645818,3.4646999006866688,,,676480,0,4,"Bot",,,,,,,-8.339632452877465,-133.2753571499463,-4.580476546898176,15.12719016951324,25.958210202157748,-20.167459707824634,3.26826551147624,1.52487509351893,,,,"92.5",2175,"6.6",718071,668800,502671,669357,571448,657557,660766,640458,669242,"53.89",,,,,,,,37,2,"Sinker",4,3,4,3,3,4,4,3,"Standard","Standard",144,"-0.007","-0.043",,,,,"0.043",,1,1,0.713,0.713,30,34,31,35,2,1,6,6,6,4,"1.76","1.12","-1.12","43.3",,,,,
"CU","2023-05-22","80.9","1.97","6.6","Montgomery, Jordan",592200,656756,,"called_strike",,,,,1,,"R","R","L","CIN","STL","S",,,0,0,2023,"-0.31","-0.4",-0.6974224329801413,3.19519503400363,,,676480,0,4,"Bot",,,,,,,-5.427701920116315,-117.80007540308897,-0.2269332337015686,-1.931117383448169,21.04970803691937,-36.086365045998015,3.35530542516218,1.56020027364759,,,,"82",2328,"6.9",718071,668800,502671,669357,571448,657557,660766,640458,669242,"53.62",,,,,,,,37,1,"Curveball",4,3,4,3,3,4,4,3,"Standard","Standard",319,"-0.005","-0.036",,,,,"0.036",,1,1,0.718,0.718,30,34,31,35,2,1,6,6,6,4,"3.86","-0.31","0.31","45.7",,,,,
"CH","2023-05-22","84.7","1.76","6.51","Montgomery, Jordan",571976,656756,"field_out","hit_into_play",,,,,5,"Wil Myers grounds out, third baseman Nolan Arenado to first baseman Paul Goldschmidt.","R","R","L","CIN","STL","X",5,"ground_ball",0,2,2023,"0.83","1.22",0.0575250991940256,2.3238106727424466,663886,669222,,2,3,"Bot",100.75,165.55,,,,,-5.683508549321197,-123.24927040452218,-5.9555630269898945,9.541213122134904,23.085755346157097,-18.75704765137594,3.4,1.54,87,"96.4",4,"85.6",1834,"6.7",718071,668800,502671,669357,571448,657557,660766,640458,669242,"53.77",0.529,0.497,"0",1,0,0,4,31,3,"Changeup",4,3,4,3,3,4,4,3,"Standard","Standard",128,"-0.032","-0.178",,,,0.602,"0.178","96.4",1,1,0.655,0.655,30,32,31,33,2,1,6,2,6,1,"1.94","0.83","-0.83","42.7",,,,,
"CH","2023-05-22","83.7","1.82","6.52","Montgomery, Jordan",571976,656756,,"swinging_strike",,,,,12,,"R","R","L","CIN","STL","S",,,0,1,2023,"0.68","1.21",0.635928822714357,3.611562199958538,663886,669222,,2,3,"Bot",,,,,,,-4.134490851761631,-121.84097445326685,-2.7406645855533043,7.626445847652736,23.159285703288656,-19.744528876100144,3.4,1.54,,,,"84.6",1680,"6.8",718071,668800,502671,669357,571448,657557,660766,640458,669242,"53.7",,,,,,,,31,2,"Changeup",4,3,4,3,3,4,4,3,"Standard","Standard",127,"-0.013","-0.075",,,,,"0.075",,1,1,0.668,0.668,30,32,31,33,2,1,6,2,6,1,"2.03","0.68","-0.68","45.0",,,,,
"CU","2023-05-22","80.3","1.93","6.61","Montgomery, Jordan",571976,656756,,"foul",,,,,13,,"R","R","L","CIN","STL","S",,,0,0,2023,"-0.27","-0.24",-0.929355097797629,2.412589047336941,663886,669222,,2,3,"Bot",,,,,,,-5.871962528968405,-116.90456672643506,-2.2167673317679766,-1.5118231088646596,20.21502526373769,-34.23413671036872,3.4,1.54,4,"84.4",-30,"81.3",2338,"6.8",718071,668800,502671,669357,571448,657557,660766,640458,669242,"53.73",,,,,,,,31,1,"Curveball",4,3,4,3,3,4,4,3,"Standard","Standard",321,"-0.008","-0.037",,,,,"0.037","88.0",1,1,0.676,0.676,30,32,31,33,2,1,6,2,6,1,"3.75","-0.27","0.27","46.0",,,,,
"CH","2023-05-22","84.1","1.82","6.52","Montgomery, Jordan",656413,656756,"strikeout","swinging_strike",,,,,9,"Stuart Fairchild strikes out swinging.","R","R","L","CIN","STL","S",2,,2,2,2023,"0.84","1.11",0.6568387690871045,1.76518258826124,663886,669222,,1,3,"Bot",,,,,,,-4.402532605690427,-122.3537804385565,-6.906055399101684,9.315763442812079,23.604998274158657,-19.888606957045543,3.44,1.58,,,,"85",1798,"6.8",718071,668800,502671,669357,571448,657557,660766,640458,669242,"53.68",,0,"0",1,0,0,,30,5,"Changeup",4,3,4,3,3,4,4,3,"Strategic","Standard",130,"-0.061","-0.338",,,,,"0.338",,1,1,0.737,0.737,30,27,31,27,2,1,6,1,6,2,"2.11","0.84","-0.84","45.1",,,,,
"CH","2023-05-22","84.4","1.84","6.58","Montgomery, Jordan",656413,656756,,"swinging_strike",,,,,9,,"R","R","L","CIN","STL","S",,,2,1,2023,"0.72","1.29",0.5819311372823516,1.7881971097742502,663886,669222,,1,3,"Bot",,,,,,,-4.399930126416731,-122.70148258281154,-7.415054010033853,8.181119766666393,23.295506085208114,-17.865048909600286,3.44,1.58,,,,"85.2",1795,"6.8",718071,668800,502671,669357,571448,657557,660766,640458,669242,"53.71",,,,,,,,30,4,"Changeup",4,3,4,3,3,4,4,3,"Strategic","Standard",132,"-0.012","-0.09",,,,,"0.09",,1,1,0.749,0.749,30,27,31,27,2,1,6,1,6,2,"1.9","0.72","-0.72","44.9",,,,,
"SI","2023-05-22","93.2","1.85","6.62","Montgomery, Jordan",656413,656756,,"ball",,,,,13,,"R","R","L","CIN","STL","B",,,1,1,2023,"1.36","0.78",-1.1496768426023072,1.3236809651878236,663886,669222,,1,3,"Bot",,,,,,,-10.743563820221121,-135.10733107735655,-9.607953308834793,18.923086457149648,27.654559892856604,-20.670411857012557,3.40815546858904,1.58128991815509,,,,"93.9",2183,"6.8",718071,668800,502671,669357,571448,657557,660766,640458,669242,"53.74",,,,,,,,30,3,"Sinker",4,3,4,3,3,4,4,3,"Strategic","Standard",146,"0.005","0.018",,,,,"-0.018",,1,1,0.744,0.744,30,27,31,27,2,1,6,1,6,2,"1.85","1.36","-1.36","43.9",,,,,
"SI","2023-05-22","93.2","1.89","6.65","Montgomery, Jordan",656413,656756,,"ball",,,,,14,,"R","R","L","CIN","STL","B",,,0,1,2023,"1.31","0.71",0.19192478291688708,1.1407933998429354,663886,,669222,1,3,"Bot",,,,,,,-7.27508090346879,-135.32063626586955,-9.9800697480624,17.6662145309139,29.478295556003474,-21.356215657715243,3.40815546858904,1.50779204419016,,,,"93.6",2167,"6.7",718071,668800,502671,669357,571448,657557,660766,640458,669242,"53.84",,,,,,,,30,2,"Sinker",4,3,4,3,3,4,4,3,"Standard","Standard",147,"0.023","0.035",,,,,"-0.035",,1,1,0.721,0.721,30,27,31,27,2,1,6,1,6,2,"1.92","1.31","-1.31","42.9",,,,,
"CH","2023-05-22","84","1.86","6.59","Montgomery, Jordan",656413,656756,,"swinging_strike",,,,,8,,"R","R","L","CIN","STL","S",,,0,0,2023,"0.77","1.07",-0.09782893901250811,2.0548056830499153,663886,,669222,1,3,"Bot",,,,,,,-6.116924537571728,-122.07189470738406,-6.295312330055153,8.892919470104045,23.645771414453424,-20.371481501825237,3.44,1.58,,,,"84.8",1796,"6.9",718071,668800,502671,669357,571448,657557,660766,640458,669242,"53.64",,,,,,,,30,1,"Changeup",4,3,4,3,3,4,4,3,"Standard","Standard",131,"-0.009","-0.044",,,,,"0.044",,1,1,0.73,0.73,30,27,31,27,2,1,6,1,6,2,"2.16","0.77","-0.77","48.5",,,,,
"SI","2023-05-22","93.5","1.93","6.71","Montgomery, Jordan",669222,656756,"single","hit_into_play",,,,,6,"Nick Senzel singles on a ground ball to right fielder Tommy Edman. Tyler Stephenson to 3rd.","R","R","L","CIN","STL","X",9,"ground_ball",0,1,2023,"1.29","0.84",0.3493658112178324,2.3022323697670477,,,663886,1,3,"Bot",168.67,107.94,,,,,-6.932923915131543,-135.82270256084476,-7.46836352381756,17.530961127101516,28.578511956725,-20.349392605107845,3.25,1.53,77,"102.4",2,"93.8",2310,"6.5",718071,668800,502671,669357,571448,657557,660766,640458,669242,"54.04",0.534,0.516,"0.9",1,1,0,4,29,2,"Sinker",4,3,4,3,3,4,4,3,"Standard","Standard",151,"0.063","0.457",,,,0.638,"-0.457","102.4",1,1,0.667,0.667,30,28,31,28,2,1,6,1,6,1,"1.77","1.29","-1.29","45.1",,,,,
"SI","2023-05-22","93.2","1.9","6.73","Montgomery, Jordan",669222,656756,,"foul",,,,,6,,"R","R","L","CIN","STL","S",,,0,0,2023,"1.38","1.07",0.36698958407851534,2.238899274644738,,,663886,1,3,"Bot",,,,,,,-7.013510067828669,-135.4340608657887,-8.16815190371917,18.568440502609064,29.43805931932887,-17.389521780278326,3.25,1.53,245,"81.6",41,"93.7",2224,"6.7",718071,668800,502671,669357,571448,657557,660766,640458,669242,"53.84",,,,,,,,29,1,"Sinker",4,3,4,3,3,4,4,3,"Standard","Standard",141,"-0.004","-0.042",,,,,"0.042","88.0",1,1,0.671,0.671,30,28,31,28,2,1,6,1,6,1,"1.56","1.38","-1.38","44.0",,,,,
"CH","2023-05-22","83.4","1.82","6.6","Montgomery, Jordan",668715,656756,"home_run","hit_into_play",,,,,6,"Spencer Steer homers (6) on a fly ball to left field. Matt McLain scores.","R","R","L","CIN","STL","X",,"fly_ball",1,0,2023,"0.71","1.25",0.3193228548322319,2.4872103727780317,,,680574,1,3,"Bot",34.04,82.47,,,,,-4.880644795076955,-121.30249465854887,-5.4748336846111005,8.019111640247868,25.333727287583446,-18.959753642848558,3.23,1.56,352,"101.8",39,"83.8",1874,"6.7",718071,668800,502671,669357,571448,657557,660766,640458,669242,"53.78",0.312,0.6144000000000001,"2",1,0,3,5,27,2,"Changeup",2,3,2,3,3,4,4,3,"Standard","Standard",136,"0.203","1.413",,,,1.224,"-1.413","101.8",-1,-1,0.445,0.445,30,25,31,26,2,1,6,1,6,1,"2.05","0.71","-0.71","44.9",,,,,
"SI","2023-05-22","91.6","1.82","6.63","Montgomery, Jordan",668715,656756,,"ball",,,,,14,,"R","R","L","CIN","STL","B",,,0,0,2023,"1.47","0.84",1.0168964399848068,1.9682804862977514,,,680574,1,3,"Bot",,,,,,,-5.251327900541812,-133.0738416369302,-7.734486890304073,18.610698785974154,29.87138175633033,-20.655772558242056,3.32986497152002,1.56128630401845,,,,"92",2195,"6.7",718071,668800,502671,669357,571448,657557,660766,640458,669242,"53.77",,,,,,,,27,1,"Sinker",2,3,2,3,3,2,2,3,"Standard","Standard",141,"0.005","0.036",,,,,"-0.036",,-1,-1,0.44,0.44,30,25,31,26,2,1,6,1,6,1,"1.89","1.47","-1.47","42.9",,,,,
"CH","2023-05-22","84.1","1.74","6.6","Montgomery, Jordan",592200,656756,"grounded_into_double_play","hit_into_play",,,,,14,"Curt Casali grounds into a double play, second baseman Nolan Gorman to shortstop Paul DeJong to first baseman Paul Goldschmidt. Jose Barrero out at 2nd. Curt Casali out at 1st.","R","R","L","CIN","STL","X",4,"ground_ball",1,2,2023,"0.67","1.25",0.5095942054519204,1.4240730401532726,,,676480,1,2,"Bot",147.44,157.06,,,,,-4.197626455746831,-122.2182857884098,-8.113321633288518,7.516592080085914,24.066330581145138,-18.21060467451965,3.39,1.61,9,"61.6",-10,"84.4",1807,"6.6",718071,668800,502671,669357,571448,657557,660766,640458,669242,"53.92",0.054,0.049,"0",1,0,0,2,20,6,"Changeup",2,3,2,3,3,2,2,3,"Standard","Standard",134,"-0.048","-0.261",,,,0.054,"0.261","88.0",-1,-1,0.436,0.436,30,34,31,35,1,0,6,6,6,4,"1.98","0.67","-0.67","43.9",,,,,
"CU","2023-05-22","80.9","2.06","6.57","Montgomery, Jordan",592200,656756,,"foul",,,,,8,,"R","R","L","CIN","STL","S",,,1,2,2023,"-0.52","-0.47",0.06630325327695186,2.121595609818225,,,676480,1,2,"Bot",,,,,,,-3.471631192935265,-117.80953037711967,-2.4630646672780445,-4.291743028002865,20.968472149611948,-36.30270648035757,3.39,1.61,261,"96.5",18,"81.9",2432,"6.8",718071,668800,502671,669357,571448,657557,660766,640458,669242,"53.74",,,,,,,,20,5,"Curveball",2,3,2,3,3,2,2,3,"Standard","Standard",321,"0","0",,,,,"0","96.5",-1,-1,0.436,0.436,30,34,31,35,1,0,6,6,6,4,"3.93","-0.52","0.52","43.7",,,,,
"SI","2023-05-22","94.1","1.94","6.66","Montgomery, Jordan",592200,656756,,"foul",,,,,2,,"R","R","L","CIN","STL","S",,,1,2,2023,"1.35","0.95",-0.1859688935062791,3.2844862489245124,,,676480,1,2,"Bot",,,,,,,-8.601597870534397,-136.6994273185922,-5.183551268424875,18.89381781264982,30.43707835284061,-19.297398626879605,3.39,1.61,202,"70.4",45,"94.8",2333,"6.8",718071,668800,502671,669357,571448,657557,660766,640458,669242,"53.66",,,,,,,,20,4,"Sinker",2,3,2,3,3,2,2,3,"Standard","Standard",147,"0","0",,,,,"0","88.0",-1,-1,0.436,0.436,30,34,31,35,1,0,6,6,6,4,"1.64","1.35","-1.35","43.8",,,,,
"SI","2023-05-22","92.9","1.85","6.75","Montgomery, Jordan",592200,656756,,"ball",,,,,13,,"R","R","L","CIN","STL","B",,,0,2,2023,"1.22","0.97",-1.5898256803878834,1.8247012482621974,,,676480,1,2,"Bot",,,,,,,-11.409950175221875,-134.58324452643285,-8.90498769839725,17.283588472350456,27.74588518196915,-18.520610839248427,3.32852928850518,1.6101061791241,,,,"92.4",2306,"6.1",718071,668800,502671,669357,571448,657557,660766,640458,669242,"54.37",,,,,,,,20,3,"Sinker",2,3,2,3,3,2,2,3,"Standard","Standard",145,"0.003","0.023",,,,,"-0.023",,-1,-1,0.433,0.433,30,34,31,35,1,0,6,6,6,4,"1.68","1.22","-1.22","43.3",,,,,
"FF","2023-05-22","93","2.08","6.62","Montgomery, Jordan",592200,656756,,"foul",,,,,5,,"R","R","L","CIN","STL","S",,,0,1,2023,"0.9","1.15",0.030166229948359713,2.5719736818514227,,,676480,1,2,"Bot",,,,,,,-7.280426894951185,-135.20257485547987,-7.20515342205492,12.610275769746002,27.596581974588968,-16.64597123681111,3.39,1.61,162,"80.6",67,"93.8",2412,"6.7",718071,668800,502671,669357,571448,657557,660766,640458,669242,"53.83",,,,,,,,20,2,"4-Seam Fastball",2,3,2,3,3,2,2,3,"Standard","Standard",143,"-0.008","-0.053",,,,,"0.053","88.0",-1,-1,0.441,0.441,30,34,31,35,1,0,6,6,6,4,"1.47","0.9","-0.9","39.5",,,,,
"SI","2023-05-22","95.3","1.9","6.69","Montgomery, Jordan",592200,656756,,"foul",,,,,8,,"R","R","L","CIN","STL","S",,,0,0,2023,"1.22","0.99",0.06708764658998168,2.1381584986593367,,,676480,1,2,"Bot",,,,,,,-7.5480176008252435,-138.4025659325729,-8.545529143521915,17.319945485187528,30.63065350075516,-17.63624540038143,3.39,1.61,204,"71",27,"95.4",2329,"6.4",718071,668800,502671,669357,571448,657557,660766,640458,669242,"54.09",,,,,,,,20,1,"Sinker",2,3,2,3,3,2,2,3,"Standard","Standard",147,"-0.005","-0.042",,,,,"0.042","88.0",-1,-1,0.446,0.446,30,34,31,35,1,0,6,6,6,4,"1.52","1.22","-1.22","44.5",,,,,
"SI","2023-05-22","93","1.87","6.72","Montgomery, Jordan",656413,656756,"field_out","hit_into_play",,,,,5,"Stuart Fairchild grounds out, third baseman Nolan Arenado to first baseman Paul Goldschmidt.","R","R","L","CIN","STL","X",5,"ground_ball",0,0,2023,"1.45","0.8",-0.05763970056590684,2.790485909265813,,663886,,2,1,"Bot",98.93,166.77,,,,,-8.185258196814095,-135.11682207494476,-6.107162285605129,19.51326864896911,28.716077674839656,-21.15746394488225,3.44,1.58,34,"92.5",-3,"93.7",2324,"6.7",718071,668800,502671,669357,571448,657557,660766,640458,669242,"53.77",0.273,0.252,"0",1,0,0,2,9,1,"Sinker",2,0,2,0,0,2,2,0,"Standard","Standard",142,"-0.024","-0.294",,,,0.32,"0.294","92.5",2,2,0.722,0.722,30,27,31,27,1,0,6,1,6,2,"1.83","1.45","-1.45","43.7",,,,,
"CH","2023-05-22","82.4","1.77","6.57","Montgomery, Jordan",669222,656756,"field_out","hit_into_play",,,,,9,"Nick Senzel lines out to shortstop Paul DeJong.","R","R","L","CIN","STL","X",6,"line_drive",1,2,2023,"0.75","1",0.6466777101029477,1.9132115946566937,,663886,,1,1,"Bot",109.5,145.05,,,,,-4.029167688757138,-119.91752396706265,-6.062311732690354,7.987677637489681,22.68851491259045,-21.586484187646924,3.25,1.53,147,"93.4",10,"83.1",1737,"6.7",718071,668800,502671,669357,571448,657557,660766,640458,669242,"53.79",0.708,0.651,"0",1,0,0,4,8,4,"Changeup",2,0,2,0,0,2,2,0,"Standard","Standard",130,"-0.017","-0.198",,,,0.778,"0.198","93.4",2,2,0.739,0.739,30,28,31,28,1,0,6,1,6,1,"2.35","0.75","-0.75","44.0",,,,,
"CH","2023-05-22","84.2","1.79","6.51","Montgomery, Jordan",669222,656756,,"ball",,,,,13,,"R","R","L","CIN","STL","B",,,0,2,2023,"0.56","1.29",-0.5970024172324278,-0.313196654476841,,,663886,1,1,"Bot",,,,,,,-6.684347067925883,-122.08453979632348,-12.108558178232489,6.809803178287698,21.121808007947923,-17.20265776384204,3.35496952088,1.5303991785204,,,,"85.1",1774,"6.8",718071,668800,502671,669357,571448,657557,660766,640458,669242,"53.73",,,,,,,,8,3,"Changeup",2,0,2,0,0,2,2,0,"Standard","Standard",132,"0.013","0.023",,,,,"-0.023",,2,2,0.726,0.726,30,28,31,28,1,0,6,1,6,1,"1.92","0.56","-0.56","44.0",,,,,
"CH","2023-05-22","83","1.81","6.54","Montgomery, Jordan",669222,656756,,"swinging_strike",,,,,5,,"R","R","L","CIN","STL","S",,,0,1,2023,"0.78","1.12",0.049509607535362155,2.326500473795671,,,663886,1,1,"Bot",,,,,,,-5.603621966934292,-120.6860806758194,-5.399696477578043,8.656869405485816,22.619844185875056,-20.376360911245058,3.25,1.53,,,,"83.8",1709,"6.8",718071,668800,502671,669357,571448,657557,660766,640458,669242,"53.74",,,,,,,,8,2,"Changeup",2,0,2,0,0,2,2,0,"Standard","Standard",134,"-0.005","-0.053",,,,,"0.053",,2,2,0.731,0.731,30,28,31,28,1,0,6,1,6,1,"2.18","0.78","-0.78","44.4",,,,,
"CH","2023-05-22","82.9","1.83","6.62","Montgomery, Jordan",669222,656756,,"swinging_strike",,,,,3,,"R","R","L","CIN","STL","S",,,0,0,2023,"0.71","1.22",0.43569698258725453,3.1211725671432893,,,663886,1,1,"Bot",,,,,,,-4.612266154672325,-120.60361993200975,-3.9283856959657153,7.808325788343462,23.592601536968544,-19.662452540321706,3.25,1.53,,,,"83.6",1730,"6.8",718071,668800,502671,669357,571448,657557,660766,640458,669242,"53.74",,,,,,,,8,1,"Changeup",2,0,2,0,0,2,2,0,"Standard","Standard",135,"-0.003","-0.042",,,,,"0.042",,2,2,0.734,0.734,30,28,31,28,1,0,6,1,6,1,"2.1","0.71","-0.71","45.0",,,,,
"CH","2023-05-22","83.2","1.79","6.59","Montgomery, Jordan",663886,656756,"single","hit_into_play",,,,,2,"Tyler Stephenson singles on a line drive to left fielder Juan Yepez. Matt McLain scores.","R","R","L","CIN","STL","X",7,"line_drive",0,1,2023,"0.62","1.3",-0.16054666235739945,2.8576349214200505,,680574,,1,1,"Bot",50.48,104.59,,,,,-5.749517209351242,-121.07934836484513,-4.6999476018987165,7.230973046154652,23.439535971458902,-18.626054016981293,3.21,1.56,214,"91.2",17,"83.9",1811,"6.8",718071,668800,502671,669357,571448,657557,660766,640458,669242,"53.75",0.797,0.762,"0.9",1,1,0,4,7,2,"Changeup",1,0,1,0,0,2,2,0,"Standard","Standard",131,"0.077","0.582",,,,0.965,"-0.582","91.2",1,1,0.657,0.657,30,26,31,27,1,0,6,2,6,1,"1.99","0.62","-0.62","45.2",,,,,
"SI","2023-05-22","92.9","1.92","6.75","Montgomery, Jordan",663886,656756,,"foul",,,,,3,,"R","R","L","CIN","STL","S",,,0,0,2023,"1.19","0.84",0.7094876033203985,2.9703102330629263,,680574,,1,1,"Bot",,,,,,,-5.773643325125765,-135.2380257376373,-5.854454522757778,15.902977811610585,25.662729791816062,-20.794532727370623,3.21,1.56,317,"102.1",22,"94.2",2209,"6.7",718071,668800,502671,669357,571448,657557,660766,640458,669242,"53.77",,,,,,,,7,1,"Sinker",1,0,1,0,0,1,1,0,"Standard","Standard",145,"-0.005","-0.038",,,,,"0.038","102.1",1,1,0.662,0.662,30,26,31,27,1,0,6,2,6,1,"1.77","1.19","-1.19","43.3",,,,,
"SI","2023-05-22","90.7","1.84","6.64","Montgomery, Jordan",668715,656756,"strikeout","called_strike",,,,,4,"Spencer Steer called out on strikes.","R","R","L","CIN","STL","S",2,,1,2,2023,"1.32","0.81",-0.5871605076487698,2.2961041944050935,,680574,,0,1,"Bot",,,,,,,-8.92751325436381,-131.79129131808995,-6.709633801700198,17.288494839136504,26.44572822302613,-21.4712638389474,3.1720928409281,1.48040667977565,,,,"91.3",2268,"6.6",718071,668800,502671,669357,571448,657557,660766,640458,669242,"53.91",,0,"0",1,0,0,,6,4,"Sinker",1,0,1,0,0,1,1,0,"Standard","Standard",144,"-0.024","-0.23",,,,,"0.23",,1,1,0.686,0.686,30,25,31,26,1,0,6,1,6,1,"1.96","1.32","-1.32","42.4",,,,,
"CH","2023-05-22","82.6","1.83","6.57","Montgomery, Jordan",668715,656756,,"ball",,,,,14,,"R","R","L","CIN","STL","B",,,0,2,2023,"0.78","1.08",1.7266173247169176,2.3130999688019824,,680574,,0,1,"Bot",,,,,,,-1.7672123367547479,-120.26556323904636,-5.348695681275364,7.9581652093272455,22.423168383679048,-20.855293773809276,3.22438123494553,1.48040667977565,,,,"83.3",1607,"6.7",718071,668800,502671,669357,571448,657557,660766,640458,669242,"53.84",,,,,,,,6,3,"Changeup",1,0,1,0,0,1,1,0,"Standard","Standard",131,"0.003","0.017",,,,,"-0.017",,1,1,0.683,0.683,30,25,31,26,1,0,6,1,6,1,"2.25","0.78","-0.78","43.4",,,,,
"CH","2023-05-22","82.4","1.89","6.59","Montgomery, Jordan",668715,656756,,"foul",,,,,12,,"R","R","L","CIN","STL","S",,,0,1,2023,"0.9","0.93",0.9035555856199287,2.7048307767184627,,680574,,0,1,"Bot",,,,,,,-3.9979051507494625,-119.87658788991438,-4.11487441388497,9.43960057791464,23.230505057591976,-22.65418962537811,3.23,1.56,6,"67",-26,"82.8",1785,"6.6",718071,668800,502671,669357,571448,657557,660766,640458,669242,"53.92",,,,,,,,6,2,"Changeup",1,0,1,0,0,1,1,0,"Standard","Standard",127,"-0.009","-0.062",,,,,"0.062","88.0",1,1,0.692,0.692,30,25,31,26,1,0,6,1,6,1,"2.43","0.9","-0.9","43.0",,,,,
"CU","2023-05-22","77.9","2.08","6.62","Montgomery, Jordan",668715,656756,,"called_strike",,,,,6,,"R","R","L","CIN","STL","S",,,0,0,2023,"-0.35","-0.74",0.6243329488428752,2.567445306661749,,680574,,0,1,"Bot",,,,,,,-2.488868541915136,-113.51841025924017,-0.48282956295333046,-2.6288104577527727,19.816900716649805,-38.71924335834092,3.30275702902193,1.5604020458042,,,,"78.7",2322,"6.7",718071,668800,502671,669357,571448,657557,660766,640458,669242,"53.84",,,,,,,,6,1,"Curveball",1,0,1,0,0,1,1,0,"Standard","Standard",325,"-0.005","-0.046",,,,,"0.046",,1,1,0.697,0.697,30,25,31,26,1,0,6,1,6,1,"4.47","-0.35","0.35","47.3",,,,,
"CU","2023-05-22","80.5","1.94","6.61","Montgomery, Jordan",680574,656756,"double","hit_into_play",,,,,8,"Matt McLain doubles (3) on a line drive to left fielder Juan Yepez. Jonathan India scores.","R","R","L","CIN","STL","X",7,"line_drive",0,1,2023,"-0.26","-0.39",-0.17427678270344343,1.7224760452898327,,663697,,0,1,"Bot",53.07,106.34,,,,,-4.217174159238295,-117.12987665596347,-3.4412655307735966,-1.5949043781421295,22.488009864360965,-35.2814608018222,3.01,1.41,192,"93.6",15,"80.9",2359,"6.6",718071,668800,502671,669357,571448,657557,660766,640458,669242,"53.88",0.874,0.862,"1.25",1,1,1,4,5,2,"Curveball",0,0,0,0,0,1,1,0,"Standard","Standard",323,"0.096","0.763",,,,1.1,"-0.763","93.6",0,0,0.601,0.601,30,23,31,24,1,0,6,1,6,1,"3.91","-0.26","0.26","43.0",,,,,
"FF","2023-05-22","92.2","1.9","6.66","Montgomery, Jordan",680574,656756,,"called_strike",,,,,2,,"R","R","L","CIN","STL","S",,,0,0,2023,"0.77","1.39",-0.23780951080965373,2.7277714510299003,,663697,,0,1,"Bot",,,,,,,-7.146131654290514,-134.00747578185877,-7.243860156001115,10.823472337409482,28.116650304797744,-13.969940647371496,3.09360375159706,1.41038780586865,,,,"92.8",2350,"6.7",718071,668800,502671,669357,571448,657557,660766,640458,669242,"53.84",,,,,,,,5,1,"4-Seam Fastball",0,0,0,0,0,0,0,0,"Standard","Standard",140,"-0.006","-0.046",,,,,"0.046",,0,0,0.607,0.607,30,23,31,24,1,0,6,1,6,1,"1.29","0.77","-0.77","45.8",,,,,
"CU","2023-05-16","81.4","1.89","6.61","Montgomery, Jordan",573131,656756,"field_out","hit_into_play",,,,,3,"Darin Ruf flies out to right fielder Tommy Edman.","R","R","L","STL","MIL","X",9,"fly_ball",0,0,2023,"-0.2","-0.22",0.4597011857603107,2.9456615319377186,680911,661388,642715,2,5,"Top",204.45,104.87,,,,,-2.8258937996891094,-118.54398838170195,-1.1972373489853843,-1.34413565045892,23.234336652583092,-34.2344720200363,3.46,1.67,303,"93.8",42,"81.7",2354,"6.5",718151,668800,502671,669357,571448,657557,680977,663457,669242,"53.99",0.018,0.033,"0",1,0,0,3,41,1,"Curveball",2,2,2,2,2,2,2,2,"Standard","Standard",322,"0.098","-0.267",,,,0.06,"0.267","93.8",0,0,0.469,0.531,30,36,31,37,3,2,6,1,6,1,"3.66","-0.2","0.2","45.3",,,,,
"SI","2023-05-16","93.9","1.64","6.69","Montgomery, Jordan",670712,656756,"strikeout","called_strike",,,,,8,"Mike Brosseau called out on strikes.","R","R","L","STL","MIL","S",2,,1,2,2023,"1.38","0.8",-0.19368322111579195,1.8718916646542272,680911,661388,642715,1,5,"Top",,,,,,,-7.8100558357745,-136.40993035449,-8.540401227294337,18.910221586560684,28.266465989183192,-20.538950095476594,3.35312264192434,1.53787383835759,,,,"94.2",2207,"6.4",718151,668800,502671,669357,571448,657557,680977,663457,669242,"54.05",,0,"0",1,0,0,,40,4,"Sinker",2,2,2,2,2,2,2,2,"Standard","Standard",149,"0.069","-0.199",,,,,"0.199",,0,0,0.4,0.6,30,29,31,29,3,2,6,2,6,3,"1.78","1.38","-1.38","44.4",,,,,
"SI","2023-05-16","93.2","1.81","6.69","Montgomery, Jordan",670712,656756,,"foul",,,,,12,,"R","R","L","STL","MIL","S",,,1,1,2023,"1.36","0.78",0.9319987960645992,3.2998239205507143,680911,661388,642715,1,5,"Top",,,,,,,-5.306529441228725,-135.574512715015,-4.712848578619465,17.91372417211011,29.03950523397524,-21.724373021701087,3.32,1.52,238,"77",28,"94.2",2296,"6.9",718151,668800,502671,669357,571448,657557,680977,663457,669242,"53.63",,,,,,,,40,3,"Sinker",2,2,2,2,2,2,2,2,"Standard","Standard",145,"0.024","-0.071",,,,,"0.071","88.0",0,0,0.376,0.624,30,29,31,29,3,2,6,2,6,3,"1.84","1.36","-1.36","44.5",,,,,
"SI","2023-05-16","93","1.72","6.75","Montgomery, Jordan",670712,656756,,"swinging_strike",,,,,12,,"R","R","L","STL","MIL","S",,,1,0,2023,"1.36","0.78",0.9637639121753381,3.1559945964395153,680911,661388,642715,1,5,"Top",,,,,,,-4.977166293696104,-135.3594456627784,-5.217469792711659,17.798356693323413,28.9516061114159,-21.60261543006989,3.32,1.52,,,,"94.1",2275,"6.9",718151,668800,502671,669357,571448,657557,680977,663457,669242,"53.6",,,,,,,,40,2,"Sinker",2,2,2,2,2,2,2,2,"Standard","Standard",147,"0.016","-0.056",,,,,"0.056",,0,0,0.36,0.64,30,29,31,29,3,2,6,2,6,3,"1.85","1.36","-1.36","45.5",,,,,
"CU","2023-05-16","81.6","1.74","6.59","Montgomery, Jordan",670712,656756,,"blocked_ball",,,,,13,,"R","R","L","STL","MIL","B",,,0,0,2023,"-0.12","-0.77",-1.3300942095788342,0.44524858508563847,680911,661388,642715,1,5,"Top",,,,,,,-6.711642163543264,-118.66675232365783,-5.778407381325215,0.17701933464895586,22.761077308281074,-38.49029214244375,3.31974450146384,1.48897517234983,,,,"82.1",2463,"6.6",718151,668800,502671,669357,571448,657557,680977,663457,669242,"53.86",,,,,,,,40,1,"Curveball",2,2,2,2,2,2,2,2,"Standard","Standard",326,"-0.011","0.032",,,,,"-0.032",,0,0,0.371,0.629,30,29,31,29,3,2,6,2,6,3,"4.19","-0.12","0.12","47.0",,,,,
"SI","2023-05-16","91.9","1.78","6.61","Montgomery, Jordan",642715,656756,"walk","ball",,,,,14,"Willy Adames walks. Owen Miller to 3rd. William Contreras to 2nd.","R","R","L","STL","MIL","B",,,3,1,2023,"1.22","0.88",1.1915044193026059,2.189641238913249,,680911,661388,1,5,"Top",,,,,,,-4.144192238551654,-133.7072446576198,-7.281699940817595,15.56730903216918,27.44788311116797,-20.269177541473166,3.45058917161391,1.70898361872152,,,,"92.1",2232,"6.3",718151,668800,502671,669357,571448,657557,680977,663457,669242,"54.17",,0.695903,"0.7",1,0,0,,39,5,"Sinker",2,2,2,2,2,2,2,2,"Standard","Standard",140,"-0.046","0.206",,,,,"-0.206",,0,0,0.417,0.583,30,27,31,28,3,2,6,1,6,1,"1.81","1.22","-1.22","41.9",,,,,
"CH","2023-05-16","85","1.6","6.54","Montgomery, Jordan",642715,656756,,"ball",,,,,14,,"R","R","L","STL","MIL","B",,,2,1,2023,"1.04","1.07",0.014084972063208578,1.0226724910413714,,680911,661388,1,5,"Top",,,,,,,-5.828529709369222,-123.49049857000429,-8.82089308575737,11.75068420062152,23.23142173508514,-19.663004569355277,3.45058917161391,1.80673506909744,,,,"85.6",1860,"6.6",718151,668800,502671,669357,571448,657557,680977,663457,669242,"53.86",,,,,,,,39,4,"Changeup",2,2,2,2,2,2,2,2,"Standard","Standard",131,"-0.023","0.104",,,,,"-0.104",,0,0,0.44,0.56,30,27,31,28,3,2,6,1,6,1,"2.08","1.04","-1.04","49.4",,,,,
"CH","2023-05-16","84.3","1.63","6.57","Montgomery, Jordan",642715,656756,,"called_strike",,,,,8,,"R","R","L","STL","MIL","S",,,2,0,2023,"0.8","1.1",0.189824617601978,2.053262998608872,,680911,661388,1,5,"Top",,,,,,,-4.961595408130394,-122.71003801396982,-6.385340580551001,9.06442742293572,22.203981602026253,-20.025504892738123,3.42622485305547,1.73342325521433,,,,"85.1",1751,"6.6",718151,668800,502671,669357,571448,657557,680977,663457,669242,"53.91",,,,,,,,39,3,"Changeup",2,2,2,2,2,2,2,2,"Standard","Standard",123,"0.015","-0.079",,,,,"0.079",,0,0,0.425,0.575,30,27,31,28,3,2,6,1,6,1,"2.08","0.8","-0.8","46.0",,,,,
"SI","2023-05-16","93.1","1.81","6.63","Montgomery, Jordan",642715,656756,,"ball",,,,,12,,"R","R","L","STL","MIL","B",,,1,0,2023,"1.34","0.88",1.5261351248166735,3.495912814056922,,680911,661388,1,5,"Top",,,,,,,-3.694099062743019,-135.5261493339601,-4.234082499694967,17.36492266513514,28.795093451806025,-20.630582792067205,3.47495193763864,1.75786171418577,,,,"93.8",2271,"6.6",718151,668800,502671,669357,571448,657557,680977,663457,669242,"53.9",,,,,,,,39,2,"Sinker",2,2,2,2,2,2,2,2,"Standard","Standard",146,"-0.015","0.067",,,,,"-0.067",,0,0,0.44,0.56,30,27,31,28,3,2,6,1,6,1,"1.74","1.34","-1.34","44.6",,,,,
"CU","2023-05-16","81.1","1.86","6.51","Montgomery, Jordan",642715,656756,,"ball",,,,,14,,"R","R","L","STL","MIL","B",,,0,0,2023,"-0.31","-0.53",0.18622471396921497,1.5461429872935684,,680911,661388,1,5,"Top",,,,,,,-3.1637432045377416,-118.18745689576846,-3.5382710752077013,-2.358347906736852,21.047852494254688,-36.71084979849146,3.37749158221365,1.73342325521433,,,,"81.8",2363,"6.5",718151,668800,502671,669357,571448,657557,680977,663457,669242,"53.97",,,,,,,,39,1,"Curveball",2,2,2,2,2,2,2,2,"Standard","Standard",325,"-0.008","0.042",,,,,"-0.042",,0,0,0.448,0.552,30,27,31,28,3,2,6,1,6,1,"3.96","-0.31","0.31","50.3",,,,,
"SI","2023-05-16","92.9","1.83","6.56","Montgomery, Jordan",661388,656756,"single","hit_into_play",,,,,4,"Brewers challenged (play at 1st), call on the field was overturned: William Contreras singles on a ground ball to pitcher Jordan Montgomery. Owen Miller to 2nd.","R","R","L","STL","MIL","X",1,"ground_ball",1,2,2023,"1.48","0.79",-0.4684770549324495,2.3904083235193143,,,680911,1,5,"Top",116.61,189.33,,,,,-9.15308810185855,-134.81177910239666,-6.6133431913215155,20.016558136776624,29.834067317400862,-21.281329918386785,3.28,1.59,1,"51.8",-59,"93.1",2297,"6.6",718151,668800,502671,669357,571448,657557,680977,663457,669242,"53.93",0.235,0.232,"0.9",1,1,0,1,38,4,"Sinker",2,2,2,2,2,2,2,2,"Standard","Standard",139,"-0.061","0.487",,,,0.235,"-0.487","88.0",0,0,0.509,0.491,30,25,31,26,3,2,6,1,6,1,"1.87","1.48","-1.48","42.6",,,,,
"SI","2023-05-16","93.3","1.81","6.53","Montgomery, Jordan",661388,656756,,"swinging_strike",,,,,14,,"R","R","L","STL","MIL","S",,,1,1,2023,"1.47","0.59",0.7221839529657184,1.4091336501026512,,,680911,1,5,"Top",,,,,,,-6.0623713130023615,-135.46714705229473,-8.720567991284405,19.41957333933894,30.54128254633893,-23.13986511303435,3.28,1.59,,,,"93.7",2318,"6.7",718151,668800,502671,669357,571448,657557,680977,663457,669242,"53.76",,,,,,,,38,3,"Sinker",2,2,2,2,2,2,2,2,"Standard","Standard",142,"0.01","-0.055",,,,,"0.055",,0,0,0.499,0.501,30,25,31,26,3,2,6,1,6,1,"2.05","1.47","-1.47","42.2",,,,,
"CH","2023-05-16","83.3","1.67","6.5","Montgomery, Jordan",661388,656756,,"called_strike",,,,,7,,"R","R","L","STL","MIL","S",,,1,0,2023,"0.85","1.22",-0.40914324338585295,1.50028867534938,,,680911,1,5,"Top",,,,,,,-6.500444139725943,-121.04796239212092,-7.4788807145226155,9.626465838062208,23.02628076114746,-18.937157754766073,3.40179161851368,1.53772313009384,,,,"83.9",1851,"6.7",718151,668800,502671,669357,571448,657557,680977,663457,669242,"53.78",,,,,,,,38,2,"Changeup",2,2,2,2,2,2,2,2,"Standard","Standard",130,"0.007","-0.053",,,,,"0.053",,0,0,0.492,0.508,30,25,31,26,3,2,6,1,6,1,"2.07","0.85","-0.85","43.1",,,,,
"CH","2023-05-16","83.1","1.72","6.39","Montgomery, Jordan",661388,656756,,"ball",,,,,14,,"R","R","L","STL","MIL","B",,,0,0,2023,"1.01","0.97",0.16233230525864817,1.211399543425861,,,680911,1,5,"Top",,,,,,,-5.57410511531694,-120.73096349138464,-7.34295646632219,10.947950699689448,22.756302323742432,-21.463112827293813,3.42622485305547,1.63565772070635,,,,"83.6",1682,"6.7",718151,668800,502671,669357,571448,657557,680977,663457,669242,"53.85",,,,,,,,38,1,"Changeup",2,2,2,2,2,2,2,2,"Standard","Standard",125,"-0.005","0.036",,,,,"-0.036",,0,0,0.497,0.503,30,25,31,26,3,2,6,1,6,1,"2.33","1.01","-1.01","41.6",,,,,
"SI","2023-05-16","92.5","1.66","6.66","Montgomery, Jordan",621438,656756,"field_out","hit_into_play",,,,,2,"Tyrone Taylor lines out to center fielder Lars Nootbaar.","R","R","L","STL","MIL","X",8,"line_drive",0,0,2023,"1.22","0.93",0.03314651568259941,3.0692089701272653,,,605119,2,4,"Top",125.28,186.27,,,,,-6.91290876426685,-134.59074888216617,-5.481004098911199,16.338960175160945,27.511071935753055,-19.80771301983035,3.25,1.55,309,"98.9",19,"94",2312,"7",718151,668800,502671,669357,571448,657557,680977,663457,669242,"53.48",0.339,0.386,"0",1,0,0,4,29,1,"Sinker",1,1,1,1,1,1,1,1,"Standard","Standard",146,"0.028","-0.286",,,,0.62,"0.286","98.9",0,0,0.532,0.46799999999999997,30,29,31,29,2,1,6,1,6,1,"1.72","1.22","-1.22","44.8",,,,,
"CH","2023-05-16","84.3","1.64","6.54","Montgomery, Jordan",686894,656756,"strikeout","swinging_strike",,,,,8,"Joey Wiemer strikes out swinging.","R","R","L","STL","MIL","S",2,,3,2,2023,"0.91","0.64",-0.1688877913348299,1.8487065642303255,,,668930,2,2,"Top",,,,,,,-6.068991611996458,-122.68613838244283,-5.9310381613417595,10.359273132103679,20.895340212514576,-24.747193421377894,3.15,1.41,,,,"85.4",1821,"6.7",718151,668800,502671,669357,571448,657557,680977,663457,669242,"53.85",,0,"0",1,0,0,,12,7,"Changeup",0,1,1,0,1,0,1,0,"Standard","Standard",126,"0.024","-0.304",,,,,"0.304",,-1,1,0.419,0.581,30,24,31,24,1,0,6,1,6,1,"2.53","0.91","-0.91","43.8",,,,,
"SI","2023-05-16","93","1.69","6.6","Montgomery, Jordan",686894,656756,,"foul",,,,,2,,"R","R","L","STL","MIL","S",,,3,2,2023,"1.22","0.8",-0.08057872145178369,2.7401526109326992,,,668930,2,2,"Top",,,,,,,-7.264769450758093,-135.2751000688474,-5.898800766113881,16.593145242245942,28.707893076982877,-21.300245402833923,3.15,1.41,166,"67.7",61,"93.6",2230,"6.6",718151,668800,502671,669357,571448,657557,680977,663457,669242,"53.92",,,,,,,,12,6,"Sinker",0,1,1,0,1,0,1,0,"Standard","Standard",143,"0","0",,,,,"0","88.0",-1,1,0.419,0.581,30,24,31,24,1,0,6,1,6,1,"1.84","1.22","-1.22","42.7",,,,,
"CU","2023-05-16","79.7","1.68","6.58","Montgomery, Jordan",686894,656756,,"ball",,,,,13,,"R","R","L","STL","MIL","B",,,2,2,2023,"-0.35","-0.62",-0.30465958555097505,0.9601303695397037,,,668930,2,2,"Top",,,,,,,-3.73091568672698,-115.99313315649813,-4.450514239770774,-2.404905813180614,22.50769312602072,-37.09181891638768,3.1215288828699,1.3789102435864,,,,"80",2322,"6.6",718151,668800,502671,669357,571448,657557,680977,663457,669242,"53.93",,,,,,,,12,5,"Curveball",0,1,1,0,1,0,1,0,"Standard","Standard",318,"-0.006","0.065",,,,,"-0.065",,-1,1,0.425,0.575,30,24,31,24,1,0,6,1,6,1,"4.22","-0.35","0.35","46.1",,,,,
"SI","2023-05-16","92","1.77","6.59","Montgomery, Jordan",686894,656756,,"foul",,,,,12,,"R","R","L","STL","MIL","S",,,2,1,2023,"1.33","1.01",1.0575274317598813,2.7235090331342358,,,668930,2,2,"Top",,,,,,,-4.755281625252674,-133.85309246015368,-6.219020082553851,17.017993164762927,29.055837563974766,-18.902153817627013,3.15,1.41,249,"75",40,"93",2217,"6.9",718151,668800,502671,669357,571448,657557,680977,663457,669242,"53.61",,,,,,,,12,4,"Sinker",0,1,1,0,1,0,1,0,"Standard","Standard",142,"0.005","-0.063",,,,,"0.063","88.0",-1,1,0.42,0.5800000000000001,30,24,31,24,1,0,6,1,6,1,"1.69","1.33","-1.33","44.1",,,,,
"CU","2023-05-16","78.9","1.77","6.65","Montgomery, Jordan",686894,656756,,"called_strike",,,,,4,,"R","R","L","STL","MIL","S",,,2,0,2023,"-0.27","-0.68",-0.3563687325757519,2.499095371285398,,,668930,2,2,"Top",,,,,,,-4.138408352270944,-114.85737366010706,-0.9851659619198153,-1.6382222944554254,20.40288353506646,-38.28436519225055,3.19467467889529,1.40936321544022,,,,"79.2",2364,"6.4",718151,668800,502671,669357,571448,657557,680977,663457,669242,"54.12",,,,,,,,12,3,"Curveball",0,1,1,0,1,0,1,0,"Standard","Standard",322,"0.004","-0.051",,,,,"0.051",,-1,1,0.416,0.5840000000000001,30,24,31,24,1,0,6,1,6,1,"4.33","-0.27","0.27","47.3",,,,,
"SI","2023-05-16","90.9","1.72","6.59","Montgomery, Jordan",686894,656756,,"ball",,,,,13,,"R","R","L","STL","MIL","B",,,1,0,2023,"1.34","0.99",-0.05727373568136662,1.4555931713757446,,,668930,2,2,"Top",,,,,,,-7.321088089085027,-131.9087353455636,-9.02089230893561,17.185513891827963,29.503639418896054,-18.787965929585233,3.29190927818508,1.64724602013607,,,,"90.8",2248,"6.5",718151,668800,502671,669357,571448,657557,680977,663457,669242,"54.03",,,,,,,,12,2,"Sinker",0,1,1,0,1,0,1,0,"Standard","Standard",142,"-0.004","0.037",,,,,"-0.037",,-1,1,0.42,0.5800000000000001,30,24,31,24,1,0,6,1,6,1,"1.79","1.34","-1.34","42.5",,,,,
"SI","2023-05-16","92.2","1.66","6.54","Montgomery, Jordan",686894,656756,,"ball",,,,,14,,"R","R","L","STL","MIL","B",,,0,0,2023,"1.34","0.86",0.4032225156213882,1.3739898239090529,,,668930,2,2,"Top",,,,,,,-6.136706914972324,-133.8986972169547,-9.204946567736771,17.3932494939085,29.049193013073047,-19.992102469318407,3.21905363942687,1.50117468477885,,,,"92.7",2259,"6.7",718151,668800,502671,669357,571448,657557,680977,663457,669242,"53.8",,,,,,,,12,1,"Sinker",0,1,1,0,1,0,1,0,"Standard","Standard",143,"-0.002","0.03",,,,,"-0.03",,-1,1,0.422,0.5780000000000001,30,24,31,24,1,0,6,1,6,1,"1.83","1.34","-1.34","43.2",,,,,
"SI","2023-05-16","93.7","1.71","6.65","Montgomery, Jordan",573131,656756,"strikeout","called_strike",,,,,7,"Darin Ruf called out on strikes.","R","R","L","STL","MIL","S",2,,3,2,2023,"1.39","0.73",-0.5772928778309201,1.8492484340849558,642715,,,2,1,"Top",,,,,,,-8.976085828704397,-135.9475284659538,-8.293672239339719,19.138620549348953,28.676543628438065,-21.51048975751901,3.60888983273801,1.74557393814671,,,,"94",2260,"6.5",718151,668800,502671,669357,571448,657557,680977,663457,669242,"53.96",,0,"0",1,0,0,,5,6,"Sinker",0,1,1,0,1,0,1,0,"Standard","Standard",137,"0.036","-0.298",,,,,"0.298",,-1,1,0.412,0.5880000000000001,30,36,31,37,1,0,6,1,6,1,"1.88","1.39","-1.39","43.9",,,,,
"CU","2023-05-16","81.6","1.68","6.62","Montgomery, Jordan",573131,656756,,"blocked_ball",,,,,13,,"R","R","L","STL","MIL","B",,,2,2,2023,"-0.23","-0.69",-1.224656753589824,0.8152163105913881,642715,,,2,1,"Top",,,,,,,-6.1191526690146425,-118.6323597292451,-5.152900605617034,-1.0381138421232323,22.262046349422228,-37.96856516380632,3.56017899044468,1.72113411069952,,,,"82",2443,"6.6",718151,668800,502671,669357,571448,657557,680977,663457,669242,"53.94",,,,,,,,5,5,"Curveball",0,1,1,0,1,0,1,0,"Standard","Standard",327,"-0.007","0.053",,,,,"-0.053",,-1,1,0.419,0.581,30,36,31,37,1,0,6,1,6,1,"4.12","-0.23","0.23","47.6",,,,,
"CU","2023-05-16","80.8","1.66","6.61","Montgomery, Jordan",573131,656756,,"blocked_ball",,,,,13,,"R","R","L","STL","MIL","B",,,1,2,2023,"-0.1","-0.63",-1.629688540575694,0.5439289531122484,642715,,,2,1,"Top",,,,,,,-7.165088063002216,-117.47415909529694,-5.688309877496623,0.4055811920050305,21.52452678123248,-37.17951951557603,3.56017899044468,1.69669310571624,,,,"81.2",2320,"6.6",718151,668800,502671,669357,571448,657557,680977,663457,669242,"53.93",,,,,,,,5,4,"Curveball",0,1,1,0,1,0,1,0,"Standard","Standard",338,"-0.005","0.036",,,,,"-0.036",,-1,1,0.424,0.5760000000000001,30,36,31,37,1,0,6,1,6,1,"4.12","-0.1","0.1","48.0",,,,,
"SI","2023-05-16","93.3","1.73","6.74","Montgomery, Jordan",573131,656756,,"called_strike",,,,,4,,"R","R","L","STL","MIL","S",,,1,1,2023,"1.14","0.72",-0.6458474410184978,2.95040016612535,642715,,,2,1,"Top",,,,,,,-8.629635649627964,-135.4805807578297,-5.545060130396691,15.921776145380868,30.316226261163177,-22.29664767805503,3.68194411570422,1.81888627886171,,,,"93.4",2303,"6.5",718151,668800,502671,669357,571448,657557,680977,663457,669242,"53.98",,,,,,,,5,3,"Sinker",0,1,1,0,1,0,1,0,"Standard","Standard",144,"0.008","-0.061",,,,,"0.061",,-1,1,0.416,0.5840000000000001,30,36,31,37,1,0,6,1,6,1,"1.92","1.14","-1.14","46.8",,,,,
"SI","2023-05-16","93.8","1.76","6.63","Montgomery, Jordan",573131,656756,,"ball",,,,,13,,"R","R","L","STL","MIL","B",,,0,1,2023,"1.31","0.62",-0.44748731165520317,1.5411381856727744,,642715,,2,1,"Top",,,,,,,-8.691269220954858,-136.18098272217833,-8.860840205920132,18.175245887382825,29.338795399509525,-22.699696641352674,3.73063891786821,1.81888627886171,,,,"94.7",2310,"6.9",718151,668800,502671,669357,571448,657557,680977,663457,669242,"53.61",,,,,,,,5,2,"Sinker",0,1,1,0,1,0,1,0,"Standard","Standard",140,"-0.006","0.02",,,,,"-0.02",,-1,1,0.422,0.5780000000000001,30,36,31,37,1,0,6,1,6,1,"1.98","1.31","-1.31","43.0",,,,,
"SI","2023-05-16","93.1","1.7","6.74","Montgomery, Jordan",573131,656756,,"foul",,,,,3,,"R","R","L","STL","MIL","S",,,0,0,2023,"1.2","0.95",0.6876004900488006,3.1491158019219743,,642715,,2,1,"Top",,,,,,,-5.265652244551317,-135.47043797157252,-5.55575440692588,15.917644348245096,30.176434330091517,-19.46382319168521,3.46,1.67,133,"92.9",7,"93.5",2206,"6.6",718151,668800,502671,669357,571448,657557,680977,663457,669242,"53.92",,,,,,,,5,1,"Sinker",0,1,1,0,1,0,1,0,"Standard","Standard",141,"0.004","-0.046",,,,,"0.046","92.9",-1,1,0.418,0.5820000000000001,30,36,31,37,1,0,6,1,6,1,"1.68","1.2","-1.2","43.9",,,,,
"CU","2023-05-16","81.2","1.77","6.6","Montgomery, Jordan",670712,656756,"strikeout","swinging_strike_blocked",,,,,13,"Mike Brosseau strikes out swinging.","R","R","L","STL","MIL","S",2,,0,2,2023,"-0.67","-0.47",-0.90714625317339,0.21964332672449638,,642715,,1,1,"Top",,,,,,,-4.711814539265818,-118.15930303449632,-6.816256792107442,-5.449308532550523,22.033033839405864,-35.491025821378834,3.32,1.52,,,,"81.6",2451,"6.5",718151,668800,502671,669357,571448,657557,680977,663457,669242,"53.99",,0,"0",1,0,0,,4,3,"Curveball",0,1,1,0,1,0,1,0,"Standard","Standard",324,"0.019","-0.19",,,,,"0.19",,-1,1,0.399,0.601,30,29,31,29,1,0,6,2,6,3,"3.92","-0.67","0.67","43.7",,,,,
"SI","2023-05-16","93.4","1.74","6.73","Montgomery, Jordan",670712,656756,,"foul",,,,,6,,"R","R","L","STL","MIL","S",,,0,1,2023,"1.22","0.76",0.28711483608550736,2.4224041572736708,,642715,,1,1,"Top",,,,,,,-6.48741726465745,-135.8600621864265,-7.10689204924715,16.537893179901832,26.61953835752605,-21.472190266999927,3.32,1.52,231,"82.7",57,"94.6",2276,"6.7",718151,668800,502671,669357,571448,657557,680977,663457,669242,"53.75",,,,,,,,4,2,"Sinker",0,1,1,0,1,0,1,0,"Standard","Standard",144,"0.008","-0.069",,,,,"0.069","88.0",-1,1,0.391,0.609,30,29,31,29,1,0,6,2,6,3,"1.83","1.22","-1.22","43.5",,,,,
"CU","2023-05-16","79.9","1.76","6.63","Montgomery, Jordan",670712,656756,,"called_strike",,,,,5,,"R","R","L","STL","MIL","S",,,0,0,2023,"-0.14","-0.79",-0.04101815666769432,2.4768260094062637,,642715,,1,1,"Top",,,,,,,-3.7322385341618114,-116.39274276464204,-0.9993552627144725,-0.5942026244415564,20.06409027452919,-39.45801996408806,3.34090247170701,1.57447068763693,,,,"80.5",2398,"6.5",718151,668800,502671,669357,571448,657557,680977,663457,669242,"54.01",,,,,,,,4,1,"Curveball",0,1,1,0,1,0,1,0,"Standard","Standard",324,"0.005","-0.038",,,,,"0.038",,-1,1,0.386,0.614,30,29,31,29,1,0,6,2,6,3,"4.33","-0.14","0.14","45.8",,,,,
"SI","2023-05-16","93.1","1.77","6.69","Montgomery, Jordan",642715,656756,"double","hit_into_play",,,,,8,"Willy Adames hits a ground-rule double (5) on a line drive to right-center field. Owen Miller scores.","R","R","L","STL","MIL","X",,"line_drive",3,2,2023,"1.34","0.91",-0.14700503499116002,1.8407112579368754,,680911,,1,1,"Top",180.31,36.94,,,,,-7.935675802210877,-135.12849118375723,-8.729137018749388,18.15844161146583,27.73619828727757,-19.33964788731961,3.27,1.62,373,"107.6",20,"94",2276,"6.8",718151,668800,502671,669357,571448,657557,680977,663457,669242,"53.66",0.71,1.206089285714286,"1.25",1,1,1,6,3,8,"Sinker",0,0,0,0,1,0,1,0,"Standard","Standard",144,"-0.092","0.774",,,,2.261,"-0.774","107.6",0,0,0.478,0.522,30,27,31,28,1,0,6,1,6,1,"1.72","1.34","-1.34","44.7",,,,,
"CU","2023-05-16","81.8","1.69","6.63","Montgomery, Jordan",642715,656756,,"ball",,,,,11,,"R","R","L","STL","MIL","B",,,2,2,2023,"-0.41","-0.38",-1.5525816838830284,2.8154936067653806,,680911,,1,1,"Top",,,,,,,-6.527715008579447,-119.06217822267544,-1.385398874323561,-2.866917447184153,20.281106701409524,-35.74197772544946,3.43835238109871,1.84327765883265,,,,"82.5",2439,"6.5",718151,668800,502671,669357,571448,657557,680977,663457,669242,"54.03",,,,,,,,3,7,"Curveball",0,0,0,0,0,0,0,0,"Standard","Standard",319,"-0.008","0.09",,,,,"-0.09",,0,0,0.486,0.514,30,27,31,28,1,0,6,1,6,1,"3.75","-0.41","0.41","46.8",,,,,
"CH","2023-05-16","84.8","1.7","6.58","Montgomery, Jordan",642715,656756,,"foul",,,,,9,,"R","R","L","STL","MIL","S",,,2,2,2023,"0.92","1.18",0.37384539750838575,1.9546436774059845,,680911,,1,1,"Top",,,,,,,-4.951235677393544,-123.42103933033414,-6.938371423243131,10.341556996484842,22.02811890652049,-18.933166772985263,3.27,1.62,24,"67.4",-2,"85.6",1827,"6.6",718151,668800,502671,669357,571448,657557,680977,663457,669242,"53.92",,,,,,,,3,6,"Changeup",0,0,0,0,0,0,0,0,"Standard","Standard",131,"0","0",,,,,"0","88.0",0,0,0.486,0.514,30,27,31,28,1,0,6,1,6,1,"1.96","0.92","-0.92","47.7",,,,,
"CH","2023-05-16","83.9","1.69","6.59","Montgomery, Jordan",642715,656756,,"ball",,,,,14,,"R","R","L","STL","MIL","B",,,1,2,2023,"0.94","0.79",0.8333157357926491,1.1766577470262056,,680911,,1,1,"Top",,,,,,,-3.8462047531904533,-122.00652232050038,-7.709900992395984,10.165774835055592,23.18947853059967,-22.964315721730145,3.46271681483367,1.79440534935582,,,,"84.2",1798,"6.4",718151,668800,502671,669357,571448,657557,680977,663457,669242,"54.06",,,,,,,,3,5,"Changeup",0,0,0,0,0,0,0,0,"Standard","Standard",127,"-0.005","0.04",,,,,"-0.04",,0,0,0.491,0.509,30,27,31,28,1,0,6,1,6,1,"2.44","0.94","-0.94","40.6",,,,,
"SI","2023-05-16","94","1.71","6.65","Montgomery, Jordan",642715,656756,,"foul",,,,,7,,"R","R","L","STL","MIL","S",,,1,2,2023,"1.35","0.95",-0.3661494068634823,1.9354649620393733,,680911,,1,1,"Top",,,,,,,-8.436298088120244,-136.45047273020344,-8.681197938979404,18.742267451007685,28.114396535132865,-18.637932846472086,3.27,1.62,213,"75.9",43,"94.9",2235,"6.8",718151,668800,502671,669357,571448,657557,680977,663457,669242,"53.7",,,,,,,,3,4,"Sinker",0,0,0,0,0,0,0,0,"Standard","Standard",137,"0","0",,,,,"0","88.0",0,0,0.491,0.509,30,27,31,28,1,0,6,1,6,1,"1.63","1.35","-1.35","42.5",,,,,
"CH","2023-05-16","84.3","1.63","6.57","Montgomery, Jordan",642715,656756,,"swinging_strike",,,,,8,,"R","R","L","STL","MIL","S",,,1,1,2023,"0.76","1.23",-0.16078330438939348,1.7449670955064558,,680911,,1,1,"Top",,,,,,,-5.702263437845712,-122.49355766383611,-7.338537963300553,8.734734844841718,23.24919863900229,-18.513827069247547,3.27,1.62,,,,"84.8",1809,"6.6",718151,668800,502671,669357,571448,657557,680977,663457,669242,"53.89",,,,,,,,3,3,"Changeup",0,0,0,0,0,0,0,0,"Standard","Standard",128,"0.008","-0.078",,,,,"0.078",,0,0,0.483,0.517,30,27,31,28,1,0,6,1,6,1,"1.97","0.76","-0.76","44.6",,,,,
"CH","2023-05-16","82.3","1.76","6.65","Montgomery, Jordan",642715,656756,,"ball",,,,,12,,"R","R","L","STL","MIL","B",,,0,1,2023,"0.77","0.81",1.4918365256763755,2.834694246918812,,680911,,1,1,"Top",,,,,,,-2.1169312557365156,-119.92641031203853,-3.760325240829464,7.851525539784869,22.07142911691674,-23.818371614178755,3.41398638945387,1.69664635535048,,,,"82.8",1682,"6.4",718151,668800,502671,669357,571448,657557,680977,663457,669242,"54.07",,,,,,,,3,2,"Changeup",0,0,0,0,0,0,0,0,"Standard","Standard",126,"-0.003","0.024",,,,,"-0.024",,0,0,0.486,0.514,30,27,31,28,1,0,6,1,6,1,"2.53","0.77","-0.77","41.6",,,,,
"SI","2023-05-16","93.7","1.7","6.78","Montgomery, Jordan",642715,656756,,"called_strike",,,,,4,,"R","R","L","STL","MIL","S",,,0,0,2023,"1.26","0.98",-0.569004954050162,2.4136454805465153,,680911,,1,1,"Top",,,,,,,-8.689005919968112,-136.03172810518106,-7.7665661917855955,17.500321208478386,27.77248456521817,-18.432807268386796,3.41398638945387,1.76996738630389,,,,"94.4",2300,"6.6",718151,668800,502671,669357,571448,657557,680977,663457,669242,"53.85",,,,,,,,3,1,"Sinker",0,0,0,0,0,0,0,0,"Standard","Standard",146,"0.005","-0.038",,,,,"0.038",,0,0,0.481,0.519,30,27,31,28,1,0,6,1,6,1,"1.61","1.26","-1.26","45.4",,,,,
"CU","2023-05-16","82.1","1.89","6.56","Montgomery, Jordan",661388,656756,"strikeout","swinging_strike_blocked",,,,,13,"William Contreras strikes out swinging, catcher Andrew Knizner to first baseman Paul Goldschmidt.","R","R","L","STL","MIL","S",2,,2,2,2023,"-0.2","-0.68",-1.5437527503125796,0.6630572250320457,,680911,,0,1,"Top",,,,,,,-7.390562694562436,-119.23857756979046,-5.473835422456705,-0.48501749363842983,23.56185889106805,-37.72994408132956,3.28,1.59,,,,"82.3",2409,"6.6",718151,668800,502671,669357,571448,657557,680977,663457,669242,"53.94",,0,"0",1,0,0,,2,5,"Curveball",0,0,0,0,0,0,0,0,"Standard","Standard",332,"0.034","-0.264",,,,,"0.264",,0,0,0.447,0.5529999999999999,30,25,31,26,1,0,6,1,6,1,"4.08","-0.2","0.2","45.5",,,,,
"SI","2023-05-16","94.1","1.79","6.7","Montgomery, Jordan",661388,656756,,"called_strike",,,,,8,,"R","R","L","STL","MIL","S",,,2,1,2023,"1.51","0.76",-0.2639060297499949,2.001649449904656,,680911,,0,1,"Top",,,,,,,-8.677381270940932,-136.5093680006738,-8.157631064593094,20.7391229207996,30.233472467395348,-21.035223632324186,3.46271681483367,1.72108788163928,,,,"94.2",2209,"6.6",718151,668800,502671,669357,571448,657557,680977,663457,669242,"53.94",,,,,,,,2,4,"Sinker",0,0,0,0,0,0,0,0,"Standard","Standard",141,"0.009","-0.082",,,,,"0.082",,0,0,0.438,0.562,30,25,31,26,1,0,6,1,6,1,"1.83","1.51","-1.51","41.7",,,,,
"SI","2023-05-16","92.9","1.72","6.7","Montgomery, Jordan",661388,656756,,"ball",,,,,13,,"R","R","L","STL","MIL","B",,,1,1,2023,"1.38","0.94",-0.8786447328858595,0.835743304742613,,680911,,0,1,"Top",,,,,,,-9.670544997016526,-134.60531862643575,-11.281127910617947,18.898009610992872,29.318394887962274,-18.300484382090893,3.48707968469333,1.69664635535048,,,,"92.9",2223,"6.5",718151,668800,502671,669357,571448,657557,680977,663457,669242,"53.99",,,,,,,,2,3,"Sinker",0,0,0,0,0,0,0,0,"Standard","Standard",143,"-0.005","0.05",,,,,"-0.05",,0,0,0.443,0.5569999999999999,30,25,31,26,1,0,6,1,6,1,"1.72","1.38","-1.38","45.0",,,,,
"CU","2023-05-16","80.7","2.02","6.59","Montgomery, Jordan",661388,656756,,"called_strike",,,,,8,,"R","R","L","STL","MIL","S",,,1,0,2023,"-0.32","-0.4",0.1576833638669802,2.1097375546465704,,680911,,0,1,"Top",,,,,,,-3.54969430351916,-117.55085078976335,-2.5926236797681255,-2.3228691234967367,21.843811156158377,-35.61149340416878,3.38961884590105,1.64775979334028,,,,"81.2",2306,"6.5",718151,668800,502671,669357,571448,657557,680977,663457,669242,"53.97",,,,,,,,2,2,"Curveball",0,0,0,0,0,0,0,0,"Infield shade","Standard",316,"0.005","-0.061",,,,,"0.061",,0,0,0.438,0.562,30,25,31,26,1,0,6,1,6,1,"3.89","-0.32","0.32","43.6",,,,,
"SI","2023-05-16","93.8","1.8","6.74","Montgomery, Jordan",661388,656756,,"ball",,,,,14,,"R","R","L","STL","MIL","B",,,0,0,2023,"1.45","0.92",0.25684864818128883,1.3260007593659793,,680911,,0,1,"Top",,,,,,,-7.187870759526154,-136.1100010394503,-10.293555432521458,19.566887208243273,29.099741439311348,-18.662422768456064,3.52362104425294,1.70886726552413,,,,"94",2213,"6.5",718151,668800,502671,669357,571448,657557,680977,663457,669242,"54",,,,,,,,2,1,"Sinker",0,0,0,0,0,0,0,0,"Standard","Standard",138,"-0.003","0.036",,,,,"-0.036",,0,0,0.441,0.5589999999999999,30,25,31,26,1,0,6,1,6,1,"1.68","1.45","-1.45","46.4",,,,,
"SI","2023-05-10","92.6","1.83","6.65","Montgomery, Jordan",621550,656756,"grounded_into_double_play","hit_into_play",,,,,3,"Patrick Wisdom grounds into a double play, shortstop Paul DeJong to second baseman Tommy Edman to first baseman Paul Goldschmidt. Ian Happ scores. Seiya Suzuki out at 2nd. Patrick Wisdom out at 1st.","R","R","L","CHC","STL","X",6,"ground_ball",0,1,2023,"1.08","0.95",0.738338010057966,3.0013869295488975,664023,,673548,0,5,"Bot",110.16,150.89,,,,,-5.136363766768429,-134.73360377057202,-5.579775816516804,14.250919626945164,29.69086307913755,-19.62175353588163,3.34,1.56,9,"85.3",-18,"92.7",2301,"6.4",718221,668800,502671,669242,571448,657557,660766,666185,663457,"54.14",0.075,0.076,"0",1,0,0,2,45,2,"Sinker",5,2,5,2,2,6,6,2,"Standard","Standard",150,"-0.009","-0.284",,,,0.077,"0.284","88.0",3,3,0.93,0.93,30,31,31,32,3,2,5,2,6,2,"1.72","1.08","-1.08","46.8",,,,,
"SI","2023-05-10","92.8","1.67","6.7","Montgomery, Jordan",621550,656756,,"foul",,,,,5,,"R","R","L","CHC","STL","S",,,0,0,2023,"1.31","0.95",0.18653263639889706,2.2027008190496393,664023,,673548,0,5,"Bot",,,,,,,-6.698747278214562,-134.93976644632727,-7.895743237593157,17.433612071694387,25.80773710201211,-19.128927544323027,3.34,1.56,231,"92.5",52,"93.9",2148,"6.7",718221,668800,502671,669242,571448,657557,660766,666185,663457,"53.81",,,,,,,,45,1,"Sinker",5,2,5,2,2,5,5,2,"Standard","Standard",146,"-0.003","-0.02",,,,,"0.02","92.5",3,3,0.933,0.933,30,31,31,32,3,2,5,2,6,2,"1.68","1.31","-1.31","45.2",,,,,
"CU","2023-05-10","80.5","1.68","6.66","Montgomery, Jordan",673548,656756,"single","hit_into_play",,,,,5,"Seiya Suzuki singles on a sharp line drive to left fielder Juan Yepez. Ian Happ to 3rd.","R","R","L","CHC","STL","X",7,"line_drive",1,2,2023,"-0.42","-0.53",-0.24399568420452789,2.513672575046145,,664023,,0,5,"Bot",72.29,82.45,,,,,-3.466949627709935,-117.22998854581678,-1.568255294632507,-3.2560922059693795,20.750554785976302,-36.99867166939419,3.1,1.4,251,"107.5",13,"80.6",2449,"6.2",718221,668800,502671,669242,571448,657557,660766,666185,663457,"54.3",0.839,0.875,"0.9",1,1,0,5,44,4,"Curveball",5,2,5,2,2,5,5,2,"Standard","Standard",315,"0.028","0.595",,,,1.221,"-0.595","107.5",3,3,0.905,0.905,30,28,31,29,3,2,5,1,6,2,"4.02","-0.42","0.42","49.8",,,,,
"CU","2023-05-10","80.6","1.82","6.66","Montgomery, Jordan",673548,656756,,"ball",,,,,12,,"R","R","L","CHC","STL","B",,,0,2,2023,"-0.41","-0.32",0.6118934728678946,3.643776866286423,,664023,,0,5,"Bot",,,,,,,-1.9030338798623216,-117.48150594738358,0.50235746275949,-3.4616692545392014,20.79834850734134,-35.40436093715227,3.09900965166307,1.42134395736091,,,,"80.6",2371,"6.1",718221,668800,502671,669242,571448,657557,660766,666185,663457,"54.44",,,,,,,,44,3,"Curveball",5,2,5,2,2,5,5,2,"Standard","Standard",310,"0.002","0.017",,,,,"-0.017",,3,3,0.903,0.903,30,28,31,29,3,2,5,1,6,2,"3.79","-0.41","0.41","47.6",,,,,
"CH","2023-05-10","81.6","1.81","6.67","Montgomery, Jordan",673548,656756,,"foul",,,,,12,,"R","R","L","CHC","STL","S",,,0,1,2023,"0.77","1.01",1.229789490972406,2.8251392597729326,,664023,,0,5,"Bot",,,,,,,-2.7741509425568376,-118.82510441518068,-4.019498284587164,7.800768837495849,22.6605526050797,-22.00282092132625,3.1,1.4,209,"66.3",37,"81.5",1691,"6.2",718221,668800,502671,669242,571448,657557,660766,666185,663457,"54.31",,,,,,,,44,2,"Changeup",5,2,5,2,2,5,5,2,"Standard","Standard",135,"-0.004","-0.062",,,,,"0.062","88.0",3,3,0.907,0.907,30,28,31,29,3,2,5,1,6,2,"2.4","0.77","-0.77","47.1",,,,,
"SI","2023-05-10","91.8","1.7","6.69","Montgomery, Jordan",673548,656756,,"called_strike",,,,,1,,"R","R","L","CHC","STL","S",,,0,0,2023,"1.33","0.84",-0.41375596120882463,3.1991301401915857,,664023,,0,5,"Bot",,,,,,,-8.229570668652066,-133.3013200085851,-4.747535994672415,17.66062445255989,30.78322993155027,-21.322161531176995,3.18803367656026,1.46564474590735,,,,"91.6",2217,"6.5",718221,668800,502671,669242,571448,657557,660766,666185,663457,"54.04",,,,,,,,44,1,"Sinker",5,2,5,2,2,5,5,2,"Standard","Standard",146,"-0.003","-0.046",,,,,"0.046",,3,3,0.91,0.91,30,28,31,29,3,2,5,1,6,2,"1.89","1.33","-1.33","45.7",,,,,
"FF","2023-05-10","93","1.93","6.58","Montgomery, Jordan",543228,656756,"home_run","hit_into_play",,,,,2,"Yan Gomes homers (6) on a fly ball to left center field. Trey Mancini scores.","R","R","L","CHC","STL","X",,"fly_ball",0,0,2023,"0.51","1.42",-0.2710961089026721,3.1883875939904316,,,641820,0,4,"Bot",43.44,60.95,,,,,-6.778148854419605,-135.22247663753112,-6.032937723219954,7.739760302707025,30.079918931492628,-13.590153297280727,3.19,1.49,396,"106.5",38,"93.1",2334,"6.4",718221,668800,502671,669242,571448,657557,660766,666185,663457,"54.06",0.645,1.2951874999999997,"2",1,0,3,6,36,1,"4-Seam Fastball",3,2,3,2,2,5,5,2,"Standard","Standard",141,"0.142","1.061",,,,2.575,"-1.061","106.5",1,1,0.718,0.718,30,35,31,36,2,1,5,9,6,2,"1.22","0.51","-0.51","44.2",,,,,
"CH","2023-05-10","85","1.67","6.48","Montgomery, Jordan",621550,656756,"home_run","hit_into_play",,,,,5,"Patrick Wisdom homers (12) on a fly ball to center field. Seiya Suzuki scores.","R","R","L","CHC","STL","X",,"fly_ball",2,0,2023,"0.91","0.83",-0.2426293553196226,2.236819977248908,,673548,,2,3,"Bot",97.21,42.69,,,,,-6.340821718252802,-123.61090155114495,-5.350327851726719,10.594506730810119,22.758592963018557,-22.793999348721016,3.34,1.56,393,"106.6",34,"85.7",1718,"6.6",718221,668800,502671,669242,571448,657557,660766,666185,663457,"53.89",0.829,1.6580869565217395,"2",1,0,3,6,28,3,"Changeup",1,2,1,2,2,3,3,2,"Standard","Standard",130,"0.212","1.554",,,,3.305,"-1.554","106.6",-1,-1,0.421,0.421,30,31,31,32,2,1,5,2,6,2,"2.31","0.91","-0.91","48.3",,,,,
"SI","2023-05-10","93.4","1.82","6.65","Montgomery, Jordan",621550,656756,,"ball",,,,,12,,"R","R","L","CHC","STL","B",,,1,0,2023,"1.31","0.93",1.810323547047293,3.57562076983197,,673548,,2,3,"Bot",,,,,,,-2.909309081687183,-136.03430784415337,-4.2292280300454195,16.911468409724485,29.237368034462797,-19.932098234218763,3.2721669578843,1.53701434092249,,,,"93.6",2174,"6.3",718221,668800,502671,669242,571448,657557,660766,666185,663457,"54.21",,,,,,,,28,2,"Sinker",1,2,1,2,2,1,1,2,"Standard","Standard",146,"0.003","0.029",,,,,"-0.029",,-1,-1,0.418,0.418,30,31,31,32,2,1,5,2,6,2,"1.68","1.31","-1.31","48.0",,,,,
"SI","2023-05-10","93.8","1.73","6.61","Montgomery, Jordan",621550,656756,,"ball",,,,,14,,"R","R","L","CHC","STL","B",,,0,0,2023,"1.43","0.87",0.43936045608427077,0.7628742252401359,,673548,,2,3,"Bot",,,,,,,-6.492287068828658,-136.16239668677787,-11.308988957676572,19.23722760446993,28.576943817891802,-19.052231424915266,3.2721669578843,1.53701434092249,,,,"93.8",2261,"6.3",718221,668800,502671,669242,571448,657557,660766,666185,663457,"54.19",,,,,,,,28,1,"Sinker",1,2,1,2,2,1,1,2,"Standard","Standard",139,"0.001","0.02",,,,,"-0.02",,-1,-1,0.417,0.417,30,31,31,32,2,1,5,2,6,2,"1.72","1.43","-1.43","44.6",,,,,
"SI","2023-05-10","94.8","1.77","6.65","Montgomery, Jordan",673548,656756,"double","hit_into_play",,,,,4,"Seiya Suzuki doubles (4) on a line drive to right fielder Lars Nootbaar. Dansby Swanson scores.","R","R","L","CHC","STL","X",9,"line_drive",3,2,2023,"1.2","1.07",-0.3641056491109893,2.4277248088348635,,621020,,2,3,"Bot",201.5,127.39,,,,,-8.268576217776138,-137.7785961854271,-7.811200317609707,17.095810895308162,27.95354315822348,-16.94515270080727,3.1,1.4,258,"82.6",27,"95.3",2232,"6.5",718221,668800,502671,669242,571448,657557,660766,666185,663457,"54.04",0.108,0.105,"1.25",1,1,1,3,27,7,"Sinker",0,2,0,2,2,1,1,2,"Standard","Standard",141,"0.107","0.923",,,,0.162,"-0.923","88.0",-2,-2,0.31,0.31,30,28,31,29,2,1,5,1,6,2,"1.45","1.2","-1.2","44.8",,,,,
"SI","2023-05-10","93.7","1.82","6.75","Montgomery, Jordan",673548,656756,,"foul",,,,,12,,"R","R","L","CHC","STL","S",,,3,2,2023,"1.33","0.89",1.2463770959683633,3.1934485829637547,,621020,,2,3,"Bot",,,,,,,-4.403074561316665,-136.3783405390946,-5.387815882378187,17.527084797281084,30.004425335687692,-20.120564824801917,3.1,1.4,201,"67.6",43,"93.4",2261,"6.1",718221,668800,502671,669242,571448,657557,660766,666185,663457,"54.41",,,,,,,,27,6,"Sinker",0,2,0,2,2,0,0,2,"Standard","Standard",148,"0","0",,,,,"0","88.0",-2,-2,0.31,0.31,30,28,31,29,2,1,5,1,6,2,"1.71","1.33","-1.33","44.6",,,,,
"CH","2023-05-10","85.2","1.7","6.44","Montgomery, Jordan",673548,656756,,"ball",,,,,13,,"R","R","L","CHC","STL","B",,,2,2,2023,"0.77","1.04",-0.10478639289082381,1.3537077811764218,,621020,,2,3,"Bot",,,,,,,-5.80275979505449,-123.89228143284998,-7.801779490240445,9.043291797186237,22.712782533182573,-20.13538149073512,3.18803367656026,1.53210798904783,,,,"85.9",1791,"6.6",718221,668800,502671,669242,571448,657557,660766,666185,663457,"53.92",,,,,,,,27,5,"Changeup",0,2,0,2,2,0,0,2,"Standard","Standard",129,"0.008","0.051",,,,,"-0.051",,-2,-2,0.302,0.302,30,28,31,29,2,1,5,1,6,2,"2.08","0.77","-0.77","45.5",,,,,
"SI","2023-05-10","94.1","1.87","6.64","Montgomery, Jordan",673548,656756,,"ball",,,,,12,,"R","R","L","CHC","STL","B",,,1,2,2023,"1.14","0.8",0.21255967116353247,3.829083472136536,,621020,,2,3,"Bot",,,,,,,-6.836802472867435,-136.92766620375235,-3.3345969848702013,15.84734925893284,30.989953292961783,-21.6140283051083,3.16577475563146,1.48779754666592,,,,"94.2",2241,"6.4",718221,668800,502671,669242,571448,657557,660766,666185,663457,"54.1",,,,,,,,27,4,"Sinker",0,2,0,2,2,0,0,2,"Standard","Standard",146,"0.005","0.015",,,,,"-0.015",,-2,-2,0.297,0.297,30,28,31,29,2,1,5,1,6,2,"1.78","1.14","-1.14","43.2",,,,,
"CH","2023-05-10","84.4","1.73","6.41","Montgomery, Jordan",673548,656756,,"foul",,,,,3,,"R","R","L","CHC","STL","S",,,1,1,2023,"0.7","1.04",0.3785811321558372,2.6113153900392057,,621020,,2,3,"Bot",,,,,,,-4.561417721353839,-122.85182542295139,-4.612673339115231,7.9755334913701255,22.787232590352673,-20.91979066646992,3.1,1.4,179,"68.1",54,"85",1785,"6.5",718221,668800,502671,669242,571448,657557,660766,666185,663457,"53.96",,,,,,,,27,3,"Changeup",0,2,0,2,2,0,0,2,"Standard","Standard",131,"-0.009","-0.064",,,,,"0.064","88.0",-2,-2,0.306,0.306,30,28,31,29,2,1,5,1,6,2,"2.14","0.7","-0.7","45.5",,,,,
"SI","2023-05-10","93.3","1.88","6.68","Montgomery, Jordan",673548,656756,,"ball",,,,,12,,"R","R","L","CHC","STL","B",,,0,1,2023,"1.39","0.68",1.7676319964350746,3.2500076654951107,,621020,,2,3,"Bot",,,,,,,-3.3641838930820733,-135.81240000071733,-4.547878755789497,17.956571421640444,31.546617027954735,-22.949101577385303,3.21029455038551,1.48779754666592,,,,"93.3",2227,"6.4",718221,668800,502671,669242,571448,657557,660766,666185,663457,"54.11",,,,,,,,27,2,"Sinker",0,2,0,2,2,0,0,2,"Standard","Standard",144,"0.004","0.02",,,,,"-0.02",,-2,-2,0.302,0.302,30,28,31,29,2,1,5,1,6,2,"1.95","1.39","-1.39","44.5",,,,,
"SI","2023-05-10","94.1","1.79","6.7","Montgomery, Jordan",673548,656756,,"called_strike",,,,,1,,"R","R","L","CHC","STL","S",,,0,0,2023,"1.36","0.91",-0.33265041637097204,3.244111313337685,,621020,,2,3,"Bot",,,,,,,-8.502603381028969,-136.66423933288982,-5.193845525485719,18.9327884440014,32.53889623214508,-19.797830665017432,3.19835170982576,1.46483148856225,,,,"93.6",2314,"6.3",718221,668800,502671,669242,571448,657557,660766,666185,663457,"54.23",,,,,,,,27,1,"Sinker",0,2,0,2,2,0,0,2,"Standard","Standard",144,"-0.006","-0.046",,,,,"0.046",,-2,-2,0.308,0.308,30,28,31,29,2,1,5,1,6,2,"1.69","1.36","-1.36","44.9",,,,,
"SI","2023-05-10","92.3","1.8","6.64","Montgomery, Jordan",664023,656756,"field_out","hit_into_play",,,,,9,"Ian Happ grounds out, pitcher Jordan Montgomery to first baseman Paul Goldschmidt.","R","R","L","CHC","STL","X",1,"ground_ball",1,0,2023,"1.51","0.91",0.426884223456095,1.773953478087892,,621020,,1,3,"Bot",126.88,170.03,,,,,-6.781103360997476,-134.00681107176072,-8.523112610947107,19.68199278712823,28.798425127239593,-19.47965834203265,3.44,1.64,3,"69.6",-30,"92.2",2198,"6.4",718221,668800,502671,669242,571448,657557,660766,666185,663457,"54.14",0.044,0.052,"0",1,0,0,2,26,2,"Sinker",0,2,0,2,2,0,0,2,"Standard","Standard",143,"-0.044","-0.31",,,,0.046,"0.31","88.0",-2,-2,0.352,0.352,30,28,31,29,2,1,5,1,6,2,"1.77","1.51","-1.51","45.3",,,,,
"CH","2023-05-10","81.9","1.77","6.48","Montgomery, Jordan",664023,656756,,"ball",,,,,12,,"R","R","L","CHC","STL","B",,,0,0,2023,"0.82","1.15",1.8622635975231385,2.547770976967956,,621020,,1,3,"Bot",,,,,,,-1.3752195817912807,-119.3510866929496,-4.586892909300885,8.145006500524634,22.02928729683067,-20.510065761209127,3.34985232489264,1.55051533396163,,,,"82.1",1691,"6.3",718221,668800,502671,669242,571448,657557,660766,666185,663457,"54.22",,,,,,,,26,1,"Changeup",0,2,0,2,2,0,0,2,"Standard","Standard",132,"0.003","0.034",,,,,"-0.034",,-2,-2,0.349,0.349,30,28,31,29,2,1,5,1,6,2,"2.23","0.82","-0.82","44.6",,,,,
"SI","2023-05-10","94.7","1.67","6.64","Montgomery, Jordan",666624,656756,"strikeout","called_strike",,,,,13,"Christopher Morel called out on strikes.","R","R","L","CHC","STL","S",2,,1,2,2023,"1.27","0.99",-0.8596556942468314,2.193604526446483,641355,641820,543228,2,2,"Bot",,,,,,,-9.495740267363134,-137.47244276316727,-8.186240358531032,18.160110714631724,29.019726479738814,-18.013657841871513,3.40668643451883,1.62132939844827,,,,"95.4",2279,"6.7",718221,668800,502671,669242,571448,657557,660766,666185,663457,"53.77",,0,"0",1,0,0,,17,4,"Sinker",0,1,0,1,1,0,0,1,"Standard","Standard",144,"-0.059","-0.17",,,,,"0.17",,-1,-1,0.447,0.447,30,24,31,24,1,0,5,1,6,2,"1.56","1.27","-1.27","44.8",,,,,
"CH","2023-05-10","84.5","1.76","6.49","Montgomery, Jordan",666624,656756,,"foul",,,,,12,,"R","R","L","CHC","STL","S",,,1,1,2023,"1.06","1.11",0.9293503672185645,2.6964653923516133,641355,641820,543228,2,2,"Bot",,,,,,,-4.064040828700828,-123.02553572265013,-4.721088981377105,11.586302050080121,24.076824348550755,-20.188867017981913,3.43,1.6,4,"58.5",-37,"85",1722,"6.5",718221,668800,502671,669242,571448,657557,660766,666185,663457,"53.97",,,,,,,,17,3,"Changeup",0,1,0,1,1,0,0,1,"Standard","Standard",126,"-0.021","-0.079",,,,,"0.079","88.0",-1,-1,0.468,0.468,30,24,31,24,1,0,5,1,6,2,"2.08","1.06","-1.06","44.0",,,,,
"SI","2023-05-10","93.5","1.88","6.63","Montgomery, Jordan",666624,656756,,"foul",,,,,12,,"R","R","L","CHC","STL","S",,,1,0,2023,"1.27","0.94",1.0565243432757419,2.9113161438113355,641355,641820,543228,2,2,"Bot",,,,,,,-4.9446726658374045,-136.1031555877136,-5.997306527016239,16.90176382278731,27.661598300960225,-19.370059405088004,3.43,1.6,177,"80.5",72,"94.3",2288,"6.6",718221,668800,502671,669242,571448,657557,660766,666185,663457,"53.94",,,,,,,,17,2,"Sinker",0,1,0,1,1,0,0,1,"Standard","Standard",149,"-0.015","-0.048",,,,,"0.048","88.0",-1,-1,0.483,0.483,30,24,31,24,1,0,5,1,6,2,"1.65","1.27","-1.27","44.2",,,,,
"CH","2023-05-10","85.2","1.68","6.43","Montgomery, Jordan",666624,656756,,"ball",,,,,14,,"R","R","L","CHC","STL","B",,,0,0,2023,"0.94","1.22",0.2333167145106868,1.1341940154671561,641355,641820,543228,2,2,"Bot",,,,,,,-5.2902246426438495,-123.79154173702617,-8.60163690225082,10.717500884034884,23.823584235459254,-18.094362710594748,3.40668643451883,1.59916680019837,,,,"85.4",1750,"6.4",718221,668800,502671,669242,571448,657557,660766,666185,663457,"54.09",,,,,,,,17,1,"Changeup",0,1,0,1,1,0,0,1,"Standard","Standard",128,"0.011","0.035",,,,,"-0.035",,-1,-1,0.472,0.472,30,24,31,24,1,0,5,1,6,2,"1.92","0.94","-0.94","43.7",,,,,
"CH","2023-05-10","85.2","1.61","6.49","Montgomery, Jordan",543228,656756,"walk","ball",,,,,13,"Yan Gomes walks. Cody Bellinger to 3rd. Trey Mancini to 2nd.","R","R","L","CHC","STL","B",,,3,1,2023,"0.72","0.89",-0.03893621469986974,1.0447499500176582,,641355,641820,2,2,"Bot",,,,,,,-5.3948300482579805,-123.79507044053484,-8.390068323095413,8.478201746322831,23.02097120916264,-21.587824679892037,3.07772201834369,1.51133733973835,,,,"86.5",1903,"7",718221,668800,502671,669242,571448,657557,660766,666185,663457,"53.46",,0.695903,"0.7",1,0,0,,16,5,"Changeup",0,1,0,1,1,0,0,1,"Standard","Standard",128,"0.021","0.14",,,,,"-0.14",,-1,-1,0.451,0.451,30,35,31,36,1,0,5,9,6,2,"2.24","0.72","-0.72","46.8",,,,,
"CH","2023-05-10","83.7","1.58","6.55","Montgomery, Jordan",543228,656756,,"ball",,,,,12,,"R","R","L","CHC","STL","B",,,2,1,2023,"0.82","1.08",0.7761506507195923,3.499468623577956,,641355,641820,2,2,"Bot",,,,,,,-3.494142061045378,-121.9770592730834,-2.7980676266482583,8.870611130951207,22.751340953847055,-21.0212303134318,3.01097978461866,1.51133733973835,,,,"84.2",1795,"6.4",718221,668800,502671,669242,571448,657557,660766,666185,663457,"54.11",,,,,,,,16,4,"Changeup",0,1,0,1,1,0,0,1,"Standard","Standard",133,"0.01","0.052",,,,,"-0.052",,-1,-1,0.441,0.441,30,35,31,36,1,0,5,9,6,2,"2.15","0.82","-0.82","46.3",,,,,
"SI","2023-05-10","94","1.68","6.73","Montgomery, Jordan",543228,656756,,"ball",,,,,12,,"R","R","L","CHC","STL","B",,,1,1,2023,"1.21","1",1.2557842859170052,2.9400252446606903,,641355,641820,2,2,"Bot",,,,,,,-3.7868233903719872,-136.81847645114894,-6.36413781900107,16.056349997108853,29.49264258033883,-18.36397163527654,3.05547269095539,1.51133733973835,,,,"94.2",2124,"6.3",718221,668800,502671,669242,571448,657557,660766,666185,663457,"54.17",,,,,,,,16,3,"Sinker",0,1,0,1,1,0,0,1,"Standard","Standard",153,"0.006","0.025",,,,,"-0.025",,-1,-1,0.435,0.435,30,35,31,36,1,0,5,9,6,2,"1.57","1.21","-1.21","44.0",,,,,
"SI","2023-05-10","93.1","1.66","6.64","Montgomery, Jordan",543228,656756,,"swinging_strike",,,,,6,,"R","R","L","CHC","STL","S",,,1,0,2023,"1.26","1.01",0.52534325892089,2.511534128418919,,641355,641820,2,2,"Bot",,,,,,,-5.671980394791471,-135.2858058775162,-6.994652358499635,16.75122560751785,30.77274886466813,-18.40420333365023,3.19,1.49,,,,"92.8",,"6.3",718221,668800,502671,669242,571448,657557,660766,666185,663457,"54.19",,,,,,,,16,2,"Sinker",0,1,0,1,1,0,0,1,"Standard","Standard",,"-0.006","-0.045",,,,,"0.045",,-1,-1,0.441,0.441,30,35,31,36,1,0,5,9,6,2,"1.64","1.26","-1.26","45.0",,,,,
"SI","2023-05-10","93","1.7","6.63","Montgomery, Jordan",543228,656756,,"ball",,,,,14,,"R","R","L","CHC","STL","B",,,0,0,2023,"1.46","0.9",1.0611688639601813,2.088601384935312,,641355,641820,2,2,"Bot",,,,,,,-4.839114202459566,-135.2237511820025,-7.850516587607177,18.931629912535822,30.547869483700694,-19.57558446946992,3.14448156735052,1.48918282624479,,,,"93.1",2237,"6.5",718221,668800,502671,669242,571448,657557,660766,666185,663457,"54",,,,,,,,16,1,"Sinker",0,1,0,1,1,0,0,1,"Standard","Standard",140,"0.004","0.03",,,,,"-0.03",,-1,-1,0.437,0.437,30,35,31,36,1,0,5,9,6,2,"1.75","1.46","-1.46","45.4",,,,,
"CU","2023-05-10","82","1.73","6.6","Montgomery, Jordan",641820,656756,"walk","ball",,,,,11,"Trey Mancini walks. Cody Bellinger to 2nd.","R","R","L","CHC","STL","B",,,3,2,2023,"-0.39","-0.21",-1.5239691311601278,3.0298303333276593,,,641355,2,2,"Bot",,,,,,,-6.550646257215395,-119.29403704992572,-1.1155557291105753,-2.5032286672764816,22.71254253698506,-34.19822414212526,3.51976888595474,1.66698610680989,,,,"81.5",2375,"6",718221,668800,502671,669242,571448,657557,660766,666185,663457,"54.54",,0.695903,"0.7",1,0,0,,15,6,"Curveball",0,1,0,1,1,0,0,1,"Standard","Standard",319,"0.02","0.258",,,,,"-0.258",,-1,-1,0.417,0.417,30,31,31,31,1,0,5,2,6,2,"3.6","-0.39","0.39","46.6",,,,,
"SI","2023-05-10","94.1","1.68","6.68","Montgomery, Jordan",641820,656756,,"ball",,,,,11,,"R","R","L","CHC","STL","B",,,2,2,2023,"1.44","0.73",-1.3492736368025562,3.61825170055695,,,641355,2,2,"Bot",,,,,,,-11.02437014596059,-136.53774807564497,-3.8123250312391943,20.43442119548794,29.89896844142403,-22.41680884274267,3.56435224181898,1.66698610680989,,,,"94",2252,"6.4",718221,668800,502671,669242,571448,657557,660766,666185,663457,"54.13",,,,,,,,15,5,"Sinker",0,1,0,1,1,0,0,1,"Standard","Standard",149,"0.008","0.065",,,,,"-0.065",,-1,-1,0.409,0.409,30,31,31,31,1,0,5,2,6,2,"1.86","1.44","-1.44","44.9",,,,,
"FF","2023-05-10","93.5","1.81","6.69","Montgomery, Jordan",641820,656756,,"swinging_strike",,,,,3,,"R","R","L","CHC","STL","S",,,2,1,2023,"0.67","1.22",0.40187727299187326,3.379494740091822,,,641355,2,2,"Bot",,,,,,,-5.134594835622056,-136.0625211533263,-5.559602412893786,9.365282990507223,27.629266589412527,-15.937018083587327,3.61,1.69,,,,"94.3",2424,"6.6",718221,668800,502671,669242,571448,657557,660766,666185,663457,"53.88",,,,,,,,15,4,"4-Seam Fastball",0,1,0,1,1,0,0,1,"Standard","Standard",145,"-0.006","-0.063",,,,,"0.063",,-1,-1,0.415,0.415,30,31,31,31,1,0,5,2,6,2,"1.37","0.67","-0.67","44.7",,,,,
"SI","2023-05-10","94","1.65","6.64","Montgomery, Jordan",641820,656756,,"foul",,,,,5,,"R","R","L","CHC","STL","S",,,2,0,2023,"1.27","0.82",0.09637383958348456,2.6197425770089167,,,641355,2,2,"Bot",,,,,,,-6.850846962419303,-136.61540092113626,-6.56088995681467,17.458802338715127,28.26585786687928,-20.640696617327198,3.61,1.69,198,"74.1",22,"94.3",2353,"6.4",718221,668800,502671,669242,571448,657557,660766,666185,663457,"54.12",,,,,,,,15,3,"Sinker",0,1,0,1,1,0,0,1,"Standard","Standard",141,"-0.005","-0.051",,,,,"0.051","88.0",-1,-1,0.42,0.42,30,31,31,31,1,0,5,2,6,2,"1.75","1.27","-1.27","44.5",,,,,
"CH","2023-05-10","83.1","1.69","6.6","Montgomery, Jordan",641820,656756,,"ball",,,,,14,,"R","R","L","CHC","STL","B",,,1,0,2023,"1.09","1.06",0.3048228469690235,1.4137684722551784,,,641355,2,2,"Bot",,,,,,,-5.305381802977147,-120.79037836734743,-7.552396369308028,11.660544263621684,21.574322854812575,-20.50604105768851,3.54205954055431,1.66698610680989,,,,"83.4",1803,"6.4",718221,668800,502671,669242,571448,657557,660766,666185,663457,"54.13",,,,,,,,15,2,"Changeup",0,1,0,1,1,0,0,1,"Standard","Standard",127,"0.005","0.037",,,,,"-0.037",,-1,-1,0.415,0.415,30,31,31,31,1,0,5,2,6,2,"2.22","1.09","-1.09","44.0",,,,,
"CH","2023-05-10","84.4","1.61","6.44","Montgomery, Jordan",641820,656756,,"ball",,,,,13,,"R","R","L","CHC","STL","B",,,0,0,2023,"0.99","0.89",-1.0636717130479127,1.8098227706283652,,,641355,2,2,"Bot",,,,,,,-8.248560405681042,-122.56229605430954,-6.2586362785645,11.507416209178455,22.161504290593676,-22.190462180594402,3.54205954055431,1.62265577061751,,,,"85.4",1657,"6.9",718221,668800,502671,669242,571448,657557,660766,666185,663457,"53.63",,,,,,,,15,1,"Changeup",0,1,0,1,1,0,0,1,"Standard","Standard",127,"0.002","0.03",,,,,"-0.03",,-1,-1,0.413,0.413,30,31,31,31,1,0,5,2,6,2,"2.3","0.99","-0.99","45.5",,,,,
"SI","2023-05-05","95.2","1.6","6.69","Montgomery, Jordan",606992,656756,"strikeout","called_strike",,,,,13,"Eric Haase called out on strikes.","R","R","L","STL","DET","S",2,,0,2,2023,"1.58","1.07",-0.931514923548638,1.7039425045809236,668670,,595879,2,5,"Top",,,,,,,-10.1995345361146,-137.91724134302294,-9.810481827053623,22.418694914591484,30.19950539383865,-16.454794984318376,3.18627426441002,1.44992828806392,,,,"95.3",2379,"6.6",718292,668800,502671,669242,571448,657557,660766,666185,663457,"53.93",,0,"0",1,0,0,,38,4,"Sinker",3,2,2,3,2,3,2,3,"Standard","Standard",139,"0.042","-0.198",,,,,"0.198",,1,-1,0.666,0.33399999999999996,30,30,31,31,3,2,6,1,5,1,"1.47","1.58","-1.58","47.0",,,,,
"CH","2023-05-05","84","1.6","6.55","Montgomery, Jordan",606992,656756,,"foul",,,,,14,,"R","R","L","STL","DET","S",,,0,2,2023,"1","1.07",1.3724179759787059,1.9268003808345695,668670,,595879,2,5,"Top",,,,,,,-2.54584087779474,-122.2528324124573,-6.451005793322733,10.572613729778743,24.719425707190425,-20.418460053440302,3.26,1.5,161,"62.4",37,"84.5",1697,"6.6",718292,668800,502671,669242,571448,657557,660766,666185,663457,"53.85",,,,,,,,38,3,"Changeup",3,2,2,3,2,3,2,3,"Standard","Standard",132,"0","0",,,,,"0","88.0",1,-1,0.666,0.33399999999999996,30,30,31,31,3,2,6,1,5,1,"2.17","1","-1","47.1",,,,,
"CH","2023-05-05","83.7","1.53","6.62","Montgomery, Jordan",606992,656756,,"foul",,,,,9,,"R","R","L","STL","DET","S",,,0,1,2023,"1.21","0.65",0.5533366923989083,2.032437776330593,668670,,595879,2,5,"Top",,,,,,,-4.689079735786385,-121.7708399770939,-5.490489889875713,12.992439309768125,23.66888585281205,-24.79959366202736,3.26,1.5,3,"49.6",-38,"84.2",1638,"6.6",718292,668800,502671,669242,571448,657557,660766,666185,663457,"53.87",,,,,,,,38,2,"Changeup",3,2,2,3,2,3,2,3,"Standard","Standard",137,"0.018","-0.054",,,,,"0.054","88.0",1,-1,0.648,0.352,30,30,31,31,3,2,6,1,5,1,"2.6","1.21","-1.21","47.6",,,,,
"SI","2023-05-05","92.3","1.6","6.7","Montgomery, Jordan",606992,656756,,"swinging_strike",,,,,11,,"R","R","L","STL","DET","S",,,0,0,2023,"1.21","0.99",-0.07691432372290197,3.7283877031290564,668670,,595879,2,5,"Top",,,,,,,-6.915824902469034,-134.20794417665277,-3.907376577150329,16.061486401569777,28.86497549422115,-19.523631156892353,3.26,1.5,,,,"92.7",2155,"6.6",718292,668800,502671,669242,571448,657557,660766,666185,663457,"53.94",,,,,,,,38,1,"Sinker",3,2,2,3,2,3,2,3,"Standard","Standard",147,"0.01","-0.052",,,,,"0.052",,1,-1,0.638,0.362,30,30,31,31,3,2,6,1,5,1,"1.69","1.21","-1.21","46.1",,,,,
"SI","2023-05-05","92.5","1.76","6.7","Montgomery, Jordan",595879,656756,"walk","ball",,,,,12,"Javier Baez walks.","R","R","L","STL","DET","B",,,3,0,2023,"1.54","0.82",2.3374139597080834,3.2512213796731224,668670,,,2,5,"Top",,,,,,,-1.872359675859685,-134.697563679244,-4.789095029747163,19.202159541233847,28.449408821508136,-21.305786384229112,3.42104217962074,1.64945635125245,,,,"92.5",2200,"6.2",718292,668800,502671,669242,571448,657557,660766,666185,663457,"54.32",,0.695903,"0.7",1,0,0,,37,4,"Sinker",3,2,2,3,2,3,2,3,"Standard","Standard",146,"-0.007","0.049",,,,,"-0.049",,1,-1,0.645,0.355,30,30,31,31,3,2,6,1,5,1,"1.83","1.54","-1.54","46.9",,,,,
"SI","2023-05-05","93.3","1.64","6.73","Montgomery, Jordan",595879,656756,,"ball",,,,,12,,"R","R","L","STL","DET","B",,,2,0,2023,"1.49","0.8",2.2270531431528386,3.8866828738555355,668670,,,2,5,"Top",,,,,,,-1.7722284449549872,-135.96951248055174,-3.3685885137575675,18.870400504367073,28.81027663567114,-21.730998088423046,3.39667598629593,1.64945635125245,,,,"93.8",2156,"6.4",718292,668800,502671,669242,571448,657557,660766,666185,663457,"54.07",,,,,,,,37,3,"Sinker",3,2,2,3,2,3,2,3,"Standard","Standard",146,"-0.005","0.056",,,,,"-0.056",,1,-1,0.65,0.35,30,30,31,31,3,2,6,1,5,1,"1.8","1.49","-1.49","45.3",,,,,
"SI","2023-05-05","93.6","1.86","6.74","Montgomery, Jordan",595879,656756,,"ball",,,,,12,,"R","R","L","STL","DET","B",,,1,0,2023,"1.49","0.8",2.7420273430211153,3.881140084158795,668670,,,2,5,"Top",,,,,,,-1.0201894810231409,-136.33156525933407,-3.4273005292588037,18.782125017860082,29.65331549507016,-21.630597858149894,3.39667598629593,1.64945635125245,,,,"93.9",2245,"6.4",718292,668800,502671,669242,571448,657557,660766,666185,663457,"54.11",,,,,,,,37,2,"Sinker",3,2,2,3,2,3,2,3,"Standard","Standard",145,"-0.003","0.041",,,,,"-0.041",,1,-1,0.653,0.347,30,30,31,31,3,2,6,1,5,1,"1.79","1.49","-1.49","45.0",,,,,
"CH","2023-05-05","85","1.51","6.52","Montgomery, Jordan",595879,656756,,"ball",,,,,13,,"R","R","L","STL","DET","B",,,0,0,2023,"1.12","1.01",-0.09463472219371272,1.1698534672143435,668670,,,2,5,"Top",,,,,,,-6.035188290192808,-123.53169583230085,-8.309958348188196,12.605792347843488,23.480580343490786,-20.33442311624761,3.29919588029991,1.64945635125245,,,,"85.7",1778,"6.7",718292,668800,502671,669242,571448,657557,660766,666185,663457,"53.79",,,,,,,,37,1,"Changeup",3,2,2,3,2,3,2,3,"Standard","Standard",132,"-0.002","0.028",,,,,"-0.028",,1,-1,0.655,0.345,30,30,31,31,3,2,6,1,5,1,"2.14","1.12","-1.12","45.9",,,,,
"SI","2023-05-05","93.6","1.66","6.73","Montgomery, Jordan",628451,656756,"field_out","hit_into_play",,,,,7,"Andy Ibanez grounds out, shortstop Paul DeJong to first baseman Paul Goldschmidt. Jake Rogers to 3rd.","R","R","L","STL","DET","X",6,"ground_ball",2,1,2023,"1.33","0.91",-0.4778495683789772,1.8629772237278324,,668670,,1,5,"Top",109.64,158.02,,,,,-8.442443068161728,-135.84594728121672,-8.816087318437255,18.29690540291712,27.55911229023229,-19.220950717853484,2.97,1.42,4,"98.1",-25,"93.8",2252,"6.4",718292,668800,502671,669242,571448,657557,660766,666185,663457,"54.12",0.108,0.1,"0",1,0,0,2,36,4,"Sinker",3,2,2,3,2,3,2,3,"Standard","Standard",145,"0.047","-0.314",,,,0.11,"0.314","98.1",1,-1,0.608,0.392,30,30,31,30,3,2,6,1,5,1,"1.69","1.33","-1.33","44.2",,,,,
"SI","2023-05-05","93.6","1.62","6.74","Montgomery, Jordan",628451,656756,,"ball",,,,,12,,"R","R","L","STL","DET","B",,,1,1,2023,"1.3","0.92",0.014601874473336496,3.665396730211458,,668670,,1,5,"Top",,,,,,,-7.055228278444079,-136.24218181666555,-4.315229535188018,17.64625763015061,26.794924850864575,-19.91363973445621,2.79889381265008,1.41939280750013,,,,"94.6",2298,"6.6",718292,668800,502671,669242,571448,657557,660766,666185,663457,"53.88",,,,,,,,36,3,"Sinker",3,2,2,3,2,3,2,3,"Standard","Standard",146,"-0.005","0.052",,,,,"-0.052",,1,-1,0.613,0.387,30,30,31,30,3,2,6,1,5,1,"1.66","1.3","-1.3","47.6",,,,,
"SI","2023-05-05","93.4","1.63","6.71","Montgomery, Jordan",628451,656756,,"ball",,,,,12,,"R","R","L","STL","DET","B",,,0,1,2023,"1.3","1",0.2724817413792169,4.10819989754289,,668670,,1,5,"Top",,,,,,,-6.3553599704787205,-135.8628373163072,-3.1707771216675513,17.438350652120597,28.375802784868853,-19.279408075855308,2.7256791910474,1.41939280750013,,,,"93.8",2311,"6.4",718292,668800,502671,669242,571448,657557,660766,666185,663457,"54.06",,,,,,,,36,2,"Sinker",3,2,2,3,2,3,2,3,"Standard","Standard",142,"-0.005","0.024",,,,,"-0.024",,1,-1,0.618,0.382,30,30,31,30,3,2,6,1,5,1,"1.61","1.3","-1.3","45.7",,,,,
"CU","2023-05-05","78.2","1.65","6.82","Montgomery, Jordan",628451,656756,,"foul",,,,,6,,"R","R","L","STL","DET","S",,,0,0,2023,"-0.19","-0.26",0.6047047598830599,2.086921348659388,,668670,,1,5,"Top",,,,,,,-1.9043405599820362,-113.9288612194233,-2.8312729005141843,-1.2491067234947237,22.08256191245466,-34.09007941862826,2.97,1.42,103,"65.4",75,"78.1",2317,"6.3",718292,668800,502671,669242,571448,657557,660766,666185,663457,"54.25",,,,,,,,36,1,"Curveball",3,2,2,3,2,3,2,3,"Standard","Standard",324,"0.007","-0.038",,,,,"0.038","88.0",1,-1,0.611,0.389,30,30,31,30,3,2,6,1,5,1,"3.99","-0.19","0.19","47.1",,,,,
"CU","2023-05-05","80.9","1.64","6.71","Montgomery, Jordan",663837,656756,"strikeout","swinging_strike",,,,,14,"Matt Vierling strikes out swinging.","R","R","L","STL","DET","S",2,,1,2,2023,"-0.06","-0.47",0.6848255105816459,1.2526621797065283,,668670,,0,5,"Top",,,,,,,-2.02566797735287,-117.7460571500387,-4.589869466186996,-0.12203029042662203,24.45148572723713,-35.77474251798911,3.51,1.69,,,,"80.8",2400,"6.4",718292,668800,502671,669242,571448,657557,660766,666185,663457,"54.11",,0,"0",1,0,0,,35,4,"Curveball",3,2,2,3,2,3,2,3,"Standard","Standard",318,"0.041","-0.23",,,,,"0.23",,1,-1,0.57,0.43000000000000005,30,26,31,27,3,2,6,1,5,1,"3.98","-0.06","0.06","49.1",,,,,
"FF","2023-05-05","92.3","1.63","6.67","Montgomery, Jordan",663837,656756,,"foul",,,,,4,,"R","R","L","STL","DET","S",,,1,1,2023,"0.62","1.51",-0.2959929122775278,2.5741447395520716,,668670,,0,5,"Top",,,,,,,-6.2603189266162484,-134.17627742038383,-7.905343550688894,8.780615176348544,28.569581034296263,-12.338152994853983,3.51,1.69,193,"68.5",38,"92.5",2355,"6.4",718292,668800,502671,669242,571448,657557,660766,666185,663457,"54.06",,,,,,,,35,3,"4-Seam Fastball",3,2,2,3,2,3,2,3,"Standard","Standard",150,"0.015","-0.066",,,,,"0.066","88.0",1,-1,0.555,0.44499999999999995,30,26,31,27,3,2,6,1,5,1,"1.16","0.62","-0.62","45.6",,,,,
"SI","2023-05-05","93.3","1.68","6.76","Montgomery, Jordan",663837,656756,,"ball",,,,,11,,"R","R","L","STL","DET","B",,,0,1,2023,"1.36","1.12",-0.46131779321425914,3.728484182496187,,668670,,0,5,"Top",,,,,,,-8.520650059751306,-135.62920452017613,-4.513701578777822,18.671775265865676,28.600602793734048,-17.55488021461666,3.33922032717551,1.68946716767378,,,,"93.5",2326,"6.4",718292,668800,502671,669242,571448,657557,660766,666185,663457,"54.11",,,,,,,,35,2,"Sinker",3,2,2,3,2,3,2,3,"Standard","Standard",146,"-0.006","0.02",,,,,"-0.02",,1,-1,0.561,0.43899999999999995,30,26,31,27,3,2,6,1,5,1,"1.5","1.36","-1.36","43.8",,,,,
"SI","2023-05-05","93.2","1.75","6.75","Montgomery, Jordan",663837,656756,,"called_strike",,,,,2,,"R","R","L","STL","DET","S",,,0,0,2023,"1.43","0.88",0.24471097220459725,3.300823991494128,,668670,,0,5,"Top",,,,,,,-7.005262065900218,-135.56053140061388,-5.04261658993079,19.105522960378856,29.463768225485154,-20.38063638599688,3.31484898912359,1.68946716767378,,,,"93.3",2300,"6.4",718292,668800,502671,669242,571448,657557,660766,666185,663457,"54.14",,,,,,,,35,1,"Sinker",3,2,2,3,2,3,2,3,"Standard","Standard",149,"0.009","-0.046",,,,,"0.046",,1,-1,0.552,0.44799999999999995,30,26,31,27,3,2,6,1,5,1,"1.74","1.43","-1.43","47.5",,,,,
"SI","2023-05-05","93","1.71","6.8","Montgomery, Jordan",679529,656756,"field_out","hit_into_play",,,,,12,"Spencer Torkelson grounds out to first baseman Paul Goldschmidt.","R","R","L","STL","DET","X",3,"ground_ball",2,0,2023,"1.51","0.96",1.3010532004973507,2.987114748811427,,663837,595879,2,3,"Top",151.26,164.63,,,,,-4.380396885401501,-135.33497188613447,-6.1097456418496945,19.549198120474628,30.029603818517298,-19.224042511066823,3.48,1.59,97,"76.3",6,"93.2",2333,"6.4",718292,668800,502671,669242,571448,657557,660766,666185,663457,"54.07",0.214,0.198,"0",1,0,0,2,20,3,"Sinker",0,2,2,0,2,0,2,0,"Standard","Standard",152,"0.042","-0.347",,,,0.214,"0.347","88.0",-2,2,0.286,0.714,30,23,31,24,2,1,6,1,5,1,"1.68","1.51","-1.51","48.1",,,,,
"CH","2023-05-05","83.4","1.64","6.56","Montgomery, Jordan",679529,656756,,"ball",,,,,14,,"R","R","L","STL","DET","B",,,1,0,2023,"0.85","0.8",1.3601864242249626,2.018327801472658,,663837,595879,2,3,"Top",,,,,,,-2.3238717230204604,-121.49132015508523,-5.668943896213389,8.89834946235014,21.250903827787056,-23.404511648893735,3.28482898214434,1.44274511351545,,,,"84.3",1680,"6.6",718292,668800,502671,669242,571448,657557,660766,666185,663457,"53.91",,,,,,,,20,2,"Changeup",0,2,2,0,2,0,2,0,"Standard","Standard",132,"-0.005","0.021",,,,,"-0.021",,-2,2,0.291,0.7090000000000001,30,23,31,24,2,1,6,1,5,1,"2.44","0.85","-0.85","47.0",,,,,
"SI","2023-05-05","93.5","1.79","6.71","Montgomery, Jordan",679529,656756,,"ball",,,,,12,,"R","R","L","STL","DET","B",,,0,0,2023,"1.29","0.87",1.4981306124351164,2.668662203375936,,663837,595879,2,3,"Top",,,,,,,-3.6093472702899883,-136.06223614037373,-6.663766823253389,16.859280370304884,27.665776234265618,-20.141418029309513,3.4797718157869,1.44274511351545,,,,"94.3",2268,"6.6",718292,668800,502671,669242,571448,657557,660766,666185,663457,"53.93",,,,,,,,20,1,"Sinker",0,2,2,0,2,0,2,0,"Standard","Standard",142,"-0.002","0.03",,,,,"-0.03",,-2,2,0.293,0.7070000000000001,30,23,31,24,2,1,6,1,5,1,"1.72","1.29","-1.29","45.9",,,,,
"CH","2023-05-05","84.7","1.62","6.53","Montgomery, Jordan",606992,656756,"field_out","hit_into_play",,,,,9,"Eric Haase flies out to center fielder Dylan Carlson.","R","R","L","STL","DET","X",8,"fly_ball",0,2,2023,"1.07","0.91",0.40169252098471864,1.5975441555447012,,663837,595879,1,3,"Top",101.03,83.46,,,,,-5.015808851192956,-123.15396765222866,-7.050735957792407,11.876308765128783,23.419804860475686,-21.67514922925202,3.26,1.5,294,"82.6",35,"85.4",1761,"6.7",718292,668800,502671,669242,571448,657557,660766,666185,663457,"53.8",0.021,0.023,"0",1,0,0,3,19,4,"Changeup",0,2,2,0,2,0,2,0,"Standard","Standard",138,"0.021","-0.148",,,,0.038,"0.148","88.0",-2,2,0.272,0.728,30,30,31,31,2,1,6,1,5,1,"2.26","1.07","-1.07","46.4",,,,,
"SI","2023-05-05","94.2","1.71","6.74","Montgomery, Jordan",606992,656756,,"foul",,,,,2,,"R","R","L","STL","DET","S",,,0,2,2023,"1.25","0.85",-0.2698858909867772,3.1833955328383388,,663837,595879,1,3,"Top",,,,,,,-7.93620878168494,-137.02330063636057,-5.4705031148836145,17.475201399257386,27.178912130310426,-20.466993666433222,3.26,1.5,237,"78.3",30,"94.8",2392,"6.4",718292,668800,502671,669242,571448,657557,660766,666185,663457,"54.08",,,,,,,,19,3,"Sinker",0,2,2,0,2,0,2,0,"Standard","Standard",149,"0","0",,,,,"0","88.0",-2,2,0.272,0.728,30,30,31,31,2,1,6,1,5,1,"1.7","1.25","-1.25","46.1",,,,,
"SI","2023-05-05","90.8","1.56","6.71","Montgomery, Jordan",606992,656756,,"foul",,,,,2,,"R","R","L","STL","DET","S",,,0,1,2023,"1.32","0.88",0.06120463302275314,3.145520043163373,,663837,595879,1,3,"Top",,,,,,,-6.598640399043666,-132.07974181462558,-4.939645197480439,16.857289889912987,27.06426590264788,-20.98697991775117,3.26,1.5,218,"78.6",55,"91.3",2247,"6.5",718292,668800,502671,669242,571448,657557,660766,666185,663457,"53.98",,,,,,,,19,2,"Sinker",0,2,2,0,2,0,2,0,"Standard","Standard",147,"0.009","-0.05",,,,,"0.05","88.0",-2,2,0.263,0.737,30,30,31,31,2,1,6,1,5,1,"1.88","1.32","-1.32","45.9",,,,,
"CH","2023-05-05","82.7","1.6","6.64","Montgomery, Jordan",606992,656756,,"swinging_strike",,,,,6,,"R","R","L","STL","DET","S",,,0,0,2023,"0.72","1",0.4024394196543991,2.078737266774417,,663837,595879,1,3,"Top",,,,,,,-4.157261207285036,-120.41395407822583,-5.911423683394676,7.8162199360091895,22.228283503837257,-21.45747669979997,3.26,1.5,,,,"83.2",1737,"6.5",718292,668800,502671,669242,571448,657557,660766,666185,663457,"54.04",,,,,,,,19,1,"Changeup",0,2,2,0,2,0,2,0,"Standard","Standard",128,"0.005","-0.04",,,,,"0.04",,-2,2,0.258,0.742,30,30,31,31,2,1,6,1,5,1,"2.31","0.72","-0.72","45.4",,,,,
"SI","2023-05-05","93.9","1.71","6.66","Montgomery, Jordan",595879,656756,"single","hit_into_play",,,,,14,"Javier Baez singles on a ground ball to right fielder Lars Nootbaar. Matt Vierling to 2nd.","R","R","L","STL","DET","X",9,"ground_ball",0,0,2023,"1.29","1.01",0.9315605268634954,2.541545402399427,,,663837,1,3,"Top",161.42,102.07,,,,,-4.874806854528225,-136.5419370903196,-7.212523581083688,17.156858231990153,29.26366241641207,-18.102732451224057,3.47,1.65,7,"75.5",-20,"94.3",2355,"6.5",718292,668800,502671,669242,571448,657557,660766,666185,663457,"53.98",0.073,0.067,"0.9",1,1,0,2,18,1,"Sinker",0,2,2,0,2,0,2,0,"Standard","Standard",150,"-0.029","0.415",,,,0.075,"-0.415","88.0",-2,2,0.287,0.7130000000000001,30,30,31,31,2,1,6,1,5,1,"1.57","1.29","-1.29","44.4",,,,,
"SI","2023-05-05","93.5","1.63","6.73","Montgomery, Jordan",628451,656756,"field_out","hit_into_play",,,,,3,"Andy Ibanez flies out to center fielder Dylan Carlson.","R","R","L","STL","DET","X",8,"fly_ball",3,2,2023,"1.31","1.07",0.2957120640405395,3.030759291616066,,,663837,0,3,"Top",125.88,57.31,,,,,-6.329675038581295,-135.9975786018863,-6.150318033601058,17.681348645069658,29.321688619047695,-17.764931379844544,2.97,1.42,362,"94.5",28,"93.7",2336,"6.4",718292,668800,502671,669242,571448,657557,660766,666185,663457,"54.12",0.124,0.171,"0",1,0,0,3,17,7,"Sinker",0,2,2,0,2,0,2,0,"Standard","Standard",146,"0.033","-0.303",,,,0.326,"0.303","94.5",-2,2,0.254,0.746,30,30,31,30,2,1,6,1,5,1,"1.54","1.31","-1.31","44.9",,,,,
"SI","2023-05-05","94.1","1.64","6.74","Montgomery, Jordan",628451,656756,,"ball",,,,,12,,"R","R","L","STL","DET","B",,,2,2,2023,"1.36","1.14",0.4904312083262128,3.9939600085892173,,,663837,0,3,"Top",,,,,,,-6.039484449994277,-136.88059028898175,-3.965510150551436,18.471982289653088,29.696263785059895,-17.17579528571932,2.7012715851323,1.29711182864456,,,,"94.8",2294,"6.7",718292,668800,502671,669242,571448,657557,660766,666185,663457,"53.84",,,,,,,,17,6,"Sinker",0,2,2,0,2,0,2,0,"Standard","Standard",149,"-0.01","0.088",,,,,"-0.088",,-2,2,0.264,0.736,30,30,31,30,2,1,6,1,5,1,"1.43","1.36","-1.36","45.1",,,,,
"CH","2023-05-05","85","1.53","6.58","Montgomery, Jordan",628451,656756,,"foul",,,,,8,,"R","R","L","STL","DET","S",,,2,2,2023,"1.08","1.18",-0.05079871187835505,1.4590999521062988,,,663837,0,3,"Top",,,,,,,-5.90970071398387,-123.5303064789383,-8.140337585213219,12.202531799446533,21.59963186513712,-18.734393517046644,2.97,1.42,83,"68.9",84,"85.9",1881,"6.7",718292,668800,502671,669242,571448,657557,660766,666185,663457,"53.84",,,,,,,,17,5,"Changeup",0,2,2,0,2,0,2,0,"Standard","Standard",136,"0","0",,,,,"0","88.0",-2,2,0.264,0.736,30,30,31,30,2,1,6,1,5,1,"1.95","1.08","-1.08","47.1",,,,,
"CH","2023-05-05","84.5","1.61","6.57","Montgomery, Jordan",628451,656756,,"ball",,,,,12,,"R","R","L","STL","DET","B",,,1,2,2023,"0.94","1.07",0.7342682465813555,3.68875881730915,,,663837,0,3,"Top",,,,,,,-3.935808906145317,-123.06812516219459,-2.555549573327607,10.368523530636937,22.67347716436063,-20.951382221322387,2.7256791910474,1.29711182864456,,,,"85.2",1788,"6.5",718292,668800,502671,669242,571448,657557,660766,666185,663457,"53.96",,,,,,,,17,4,"Changeup",0,2,2,0,2,0,2,0,"Standard","Standard",132,"-0.004","0.045",,,,,"-0.045",,-2,2,0.268,0.732,30,30,31,30,2,1,6,1,5,1,"2.1","0.94","-0.94","45.2",,,,,
"SI","2023-05-05","93.5","1.66","6.77","Montgomery, Jordan",628451,656756,,"called_strike",,,,,1,,"R","R","L","STL","DET","S",,,1,1,2023,"1.35","0.96",-0.5363010484613551,3.044629593245427,,,663837,0,3,"Top",,,,,,,-8.684247592261041,-135.80378470006522,-6.009072728054374,18.587704310412242,27.760650039564908,-19.178575725804798,2.94427607334993,1.34412640531797,,,,"94.1",2428,"6.6",718292,668800,502671,669242,571448,657557,660766,666185,663457,"53.89",,,,,,,,17,3,"Sinker",0,2,2,0,2,0,2,0,"Standard","Standard",142,"0.007","-0.059",,,,,"0.059",,-2,2,0.261,0.739,30,30,31,30,2,1,6,1,5,1,"1.65","1.35","-1.35","43.9",,,,,
"SI","2023-05-05","91.7","1.46","6.72","Montgomery, Jordan",628451,656756,,"ball",,,,,13,,"R","R","L","STL","DET","B",,,0,1,2023,"1.62","1.07",-1.520832634427926,1.3252504462250698,,,663837,0,3,"Top",,,,,,,-11.029904203848627,-132.74404068129056,-10.042225670637293,21.552762423310096,28.01252501083457,-17.455404652712957,2.79889381265008,1.41939280750013,,,,"91.6",2306,"6.5",718292,668800,502671,669242,571448,657557,660766,666185,663457,"54.01",,,,,,,,17,2,"Sinker",0,2,2,0,2,0,2,0,"Standard","Standard",148,"-0.003","0.024",,,,,"-0.024",,-2,2,0.264,0.736,30,30,31,30,2,1,6,1,5,1,"1.67","1.62","-1.62","45.4",,,,,
"CH","2023-05-05","81.9","1.59","6.61","Montgomery, Jordan",628451,656756,,"foul",,,,,13,,"R","R","L","STL","DET","S",,,0,0,2023,"0.78","0.84",-0.017297931584488113,1.2362106144422276,,,663837,0,3,"Top",,,,,,,-5.146203504167482,-119.06215787952557,-7.262319661030052,8.322458178618522,20.715408034427895,-23.075896970504168,2.97,1.42,,,,"82.5",1622,"6.6",718292,668800,502671,669242,571448,657557,660766,666185,663457,"53.93",,,,,,,,17,1,"Changeup",0,2,2,0,2,0,2,0,"Standard","Standard",138,"0.004","-0.036",,,,,"0.036",,-2,2,0.26,0.74,30,30,31,30,2,1,6,1,5,1,"2.54","0.78","-0.78","46.0",,,,,
"CH","2023-05-05","83.8","1.7","6.53","Montgomery, Jordan",570731,656756,"field_out","hit_into_play",,,,,3,"Jonathan Schoop lines out sharply to third baseman Nolan Arenado.","R","R","L","STL","DET","X",5,"line_drive",2,1,2023,"1.01","1.02",0.3867739963430473,2.9908922675282903,,606992,,2,1,"Top",110.65,168.7,,,,,-5.049971776242952,-121.99515408197949,-3.855759685294999,11.10192878774856,21.84375200523771,-21.439267815995777,3.53,1.67,146,"111.3",8,"84.4",1873,"6.5",718292,668800,502671,669242,571448,657557,660766,666185,663457,"54.05",0.8,0.788,"0",1,0,0,5,6,4,"Changeup",0,2,2,0,2,0,2,0,"Standard","Standard",130,"0.027","-0.29",,,,1.015,"0.29","111.3",-2,2,0.325,0.675,30,31,31,32,1,0,6,2,5,1,"2.2","1.01","-1.01","46.6",,,,,
"CH","2023-05-05","81.9","1.52","6.63","Montgomery, Jordan",570731,656756,,"ball",,,,,12,,"R","R","L","STL","DET","B",,,1,1,2023,"0.94","0.89",1.1764128695908576,3.76611176942225,,606992,,2,1,"Top",,,,,,,-2.6082073370654557,-119.36904740529012,-1.693818951613074,9.514871945440063,20.903095957965217,-23.50462905486164,3.40796770165419,1.66946214716324,,,,"82.6",1710,"6.5",718292,668800,502671,669242,571448,657557,660766,666185,663457,"54.04",,,,,,,,6,3,"Changeup",0,2,2,0,2,0,2,0,"Standard","Standard",126,"-0.002","0.021",,,,,"-0.021",,-2,2,0.327,0.673,30,31,31,32,1,0,6,2,5,1,"2.47","0.94","-0.94","45.5",,,,,
"SI","2023-05-05","94.2","1.81","6.74","Montgomery, Jordan",570731,656756,,"ball",,,,,14,,"R","R","L","STL","DET","B",,,0,1,2023,"1.35","1.03",1.3643456554493096,2.444375484626544,,,606992,2,1,"Top",,,,,,,-4.168624794561072,-136.94312383574245,-7.767669815748991,17.87068320451193,29.469315317890477,-17.741975974124777,3.5541372300753,1.66946214716324,,,,"94.8",2387,"6.6",718292,668800,502671,669242,571448,657557,660766,666185,663457,"53.87",,,,,,,,6,2,"Sinker",0,2,2,0,2,0,2,0,"Standard","Standard",147,"-0.011","0.025",,,,,"-0.025",,-2,2,0.338,0.6619999999999999,30,31,31,32,1,0,6,2,5,1,"1.54","1.35","-1.35","43.8",,,,,
"CH","2023-05-05","84.6","1.75","6.5","Montgomery, Jordan",570731,656756,,"swinging_strike",,,,,6,,"R","R","L","STL","DET","S",,,0,0,2023,"0.89","1.16",0.3866914039718917,2.6096139414170105,,,606992,2,1,"Top",,,,,,,-5.004294985685594,-123.09949590175376,-5.066524081880268,10.087843074215765,24.48470551467981,-19.607886660349035,3.53,1.67,,,,"85.4",1803,"6.8",718292,668800,502671,669242,571448,657557,660766,666185,663457,"53.72",,,,,,,,6,1,"Changeup",0,2,2,0,2,0,2,0,"Standard","Standard",130,"0.003","-0.045",,,,,"0.045",,-2,2,0.335,0.665,30,31,31,32,1,0,6,2,5,1,"2.03","0.89","-0.89","47.4",,,,,
"CH","2023-05-05","85.4","1.67","6.6","Montgomery, Jordan",679529,656756,"strikeout","called_strike",,,,,7,"Spencer Torkelson called out on strikes.","R","R","L","STL","DET","S",2,,1,2,2023,"0.99","1.02",-0.5459795836753278,1.6737651911237716,,,606992,1,1,"Top",,,,,,,-7.2302098931870304,-124.05720015272149,-7.424983207539694,11.586494208570212,23.11121986322373,-20.321432367646867,3.33357388070608,1.58944032177629,,,,"86",1846,"6.6",718292,668800,502671,669242,571448,657557,660766,666185,663457,"53.89",,0,"0",1,0,0,,5,4,"Changeup",0,2,2,0,2,0,2,0,"Standard","Standard",132,"0.016","-0.183",,,,,"0.183",,-2,2,0.319,0.681,30,23,31,24,1,0,6,1,5,1,"2.1","0.99","-0.99","45.5",,,,,
"SI","2023-05-05","93.1","1.66","6.66","Montgomery, Jordan",679529,656756,,"foul",,,,,9,,"R","R","L","STL","DET","S",,,1,1,2023,"1.63","0.95",0.4565958437779638,2.0106026877550116,,,606992,1,1,"Top",,,,,,,-6.721293589261174,-135.1783463354081,-8.294988195580238,21.437235164001603,30.099940597257955,-18.801978228893045,3.48,1.59,197,"73.4",37,"93.6",2287,"6.8",718292,668800,502671,669242,571448,657557,660766,666185,663457,"53.72",,,,,,,,5,3,"Sinker",0,2,2,0,2,0,2,0,"Standard","Standard",147,"0.006","-0.055",,,,,"0.055","88.0",-2,2,0.313,0.687,30,23,31,24,1,0,6,1,5,1,"1.69","1.63","-1.63","47.7",,,,,
"SI","2023-05-05","94.5","1.89","6.68","Montgomery, Jordan",679529,656756,,"ball",,,,,12,,"R","R","L","STL","DET","B",,,0,1,2023,"1.51","1",1.5637106329804824,3.078409374483617,,,606992,1,1,"Top",,,,,,,-4.217600859161363,-137.47742480671283,-5.949033600948585,20.04730221498366,30.456937421002195,-18.34117952733666,3.26045426272889,1.58944032177629,,,,"94.9",2298,"6.5",718292,668800,502671,669242,571448,657557,660766,666185,663457,"53.97",,,,,,,,5,2,"Sinker",0,2,2,0,2,0,2,0,"Standard","Standard",149,"-0.002","0.025",,,,,"-0.025",,-2,2,0.315,0.685,30,23,31,24,1,0,6,1,5,1,"1.55","1.51","-1.51","45.7",,,,,
"SI","2023-05-05","92.8","1.64","6.69","Montgomery, Jordan",679529,656756,,"called_strike",,,,,8,,"R","R","L","STL","DET","S",,,0,0,2023,"1.51","0.99",0.10737384905990477,1.922663524775248,,,606992,1,1,"Top",,,,,,,-7.292436479966513,-134.7142105920259,-8.618350197575346,19.97172082980975,29.09076556571986,-18.404095522409786,3.431045345759,1.58944032177629,,,,"93.6",2247,"6.9",718292,668800,502671,669242,571448,657557,660766,666185,663457,"53.59",,,,,,,,5,1,"Sinker",0,2,2,0,2,0,2,0,"Standard","Standard",148,"0.003","-0.042",,,,,"0.042",,-2,2,0.312,0.688,30,23,31,24,1,0,6,1,5,1,"1.67","1.51","-1.51","48.2",,,,,
"CU","2023-05-05","81","1.78","6.61","Montgomery, Jordan",595879,656756,"home_run","hit_into_play",,,,,13,"Javier Baez homers (3) on a fly ball to left field. Andy Ibanez scores.","R","R","L","STL","DET","X",,"fly_ball",1,2,2023,"-0.35","-0.64",-0.4303832759021534,1.1318590606516081,,628451,,1,1,"Top",36.54,82.74,,,,,-4.2691787282322675,-117.9266145007774,-4.473416822193281,-2.5546510831347633,19.800466484493455,-37.59791893384527,3.47,1.65,363,"94.2",30,"81.5",2437,"6.4",718292,668800,502671,669242,571448,657557,660766,666185,663457,"54.14",0.153,0.229,"2",1,0,3,3,3,4,"Curveball",0,0,0,0,2,0,2,0,"Standard","Standard",323,"-0.16","1.383",,,,0.437,"-1.383","94.2",0,0,0.491,0.509,30,30,31,31,1,0,6,1,5,1,"4.07","-0.35","0.35","50.5",,,,,
"CH","2023-05-05","82.5","1.66","6.58","Montgomery, Jordan",595879,656756,,"swinging_strike",,,,,12,,"R","R","L","STL","DET","S",,,1,1,2023,"0.87","0.97",1.4251695640561157,2.578894328152666,,628451,,1,1,"Top",,,,,,,-2.2452561064563534,-120.20282311908859,-4.627437062075736,8.918171228934158,19.06280466354946,-22.0444731285385,3.47,1.65,,,,"83.6",1664,"6.5",718292,668800,502671,669242,571448,657557,660766,666185,663457,"53.96",,,,,,,,3,3,"Changeup",0,0,0,0,0,0,0,0,"Standard","Standard",133,"0.008","-0.078",,,,,"0.078",,0,0,0.483,0.517,30,30,31,31,1,0,6,1,5,1,"2.32","0.87","-0.87","46.9",,,,,
"CH","2023-05-05","81.4","1.65","6.67","Montgomery, Jordan",595879,656756,,"ball",,,,,12,,"R","R","L","STL","DET","B",,,0,1,2023,"0.94","1.07",1.7548505301291681,2.596933734470112,,628451,,1,1,"Top",,,,,,,-1.563608247483069,-118.71663357782668,-4.746468899866375,9.263821864062251,18.780691903360765,-21.33789835839363,3.51849144048219,1.64945635125245,,,,"82.2",1763,"6.3",718292,668800,502671,669242,571448,657557,660766,666185,663457,"54.18",,,,,,,,3,2,"Changeup",0,0,0,0,0,0,0,0,"Standard","Standard",128,"-0.003","0.024",,,,,"-0.024",,0,0,0.486,0.514,30,30,31,31,1,0,6,1,5,1,"2.31","0.94","-0.94","43.9",,,,,
"SI","2023-05-05","93.9","1.74","6.73","Montgomery, Jordan",595879,656756,,"foul",,,,,12,,"R","R","L","STL","DET","S",,,0,0,2023,"1.68","0.92",1.051948613031164,2.810421647074025,,628451,,1,1,"Top",,,,,,,-5.503877096411801,-136.5281557522504,-6.485200812798158,22.1958521212177,28.86567465118321,-19.50023327461232,3.47,1.65,11,"76.1",-13,"94.5",2256,"6.6",718292,668800,502671,669242,571448,657557,660766,666185,663457,"53.93",,,,,,,,3,1,"Sinker",0,0,0,0,0,0,0,0,"Standard","Standard",146,"0.005","-0.038",,,,,"0.038","88.0",0,0,0.481,0.519,30,30,31,31,1,0,6,1,5,1,"1.67","1.68","-1.68","46.8",,,,,
"SI","2023-04-29","95","1.87","6.7","Montgomery, Jordan",605131,656756,"walk","ball",,,,,12,"Austin Barnes walks.","R","R","L","LAD","STL","B",,,3,2,2023,"1.22","0.65",0.8352118371703059,3.643495700550988,,678246,,2,7,"Bot",,,,,,,-5.481653644792674,-138.2355109773783,-3.818846477316176,16.89718639925304,30.956477044717655,-23.176132993273715,3.34651020864861,1.55553318136808,,,,"95.4",2158,"6.5",718369,668800,502671,669242,571448,657557,641933,666185,663457,"53.99",,0.695903,"0.7",1,0,0,,50,6,"Sinker",1,0,1,0,0,1,1,0,"Standard","Standard",144,"0.005","0.162",,,,,"-0.162",,1,1,0.778,0.778,30,33,31,34,3,2,5,1,6,3,"1.88","1.22","-1.22","45.9",,,,,
"SI","2023-04-29","94.1","1.89","6.67","Montgomery, Jordan",605131,656756,,"swinging_strike",,,,,3,,"R","R","L","LAD","STL","S",,,3,1,2023,"1.23","0.77",0.6687180093767535,2.8623636215052635,,678246,,2,7,"Bot",,,,,,,-5.925214523510269,-136.89945265441048,-5.895224817965478,16.77626368352325,29.962802000342453,-21.393170681692364,3.17,1.48,,,,"94.6",2202,"6.6",718369,668800,502671,669242,571448,657557,641933,666185,663457,"53.9",,,,,,,,50,5,"Sinker",1,0,1,0,0,1,1,0,"Standard","Standard",136,"-0.001","-0.087",,,,,"0.087",,1,1,0.779,0.779,30,33,31,34,3,2,5,1,6,3,"1.8","1.23","-1.23","49.7",,,,,
"CH","2023-04-29","84.8","1.79","6.62","Montgomery, Jordan",605131,656756,,"called_strike",,,,,14,,"R","R","L","LAD","STL","S",,,3,0,2023,"1","1.04",0.8574638934750372,2.088494262657676,,678246,,2,7,"Bot",,,,,,,-4.1823074467573855,-123.41459784432452,-6.3984228236904706,11.023212576935334,23.455110784016664,-20.503070938290467,3.27064356977919,1.51040801659397,,,,"85.3",1713,"6.5",718369,668800,502671,669242,571448,657557,641933,666185,663457,"53.98",,,,,,,,50,4,"Changeup",1,0,1,0,0,1,1,0,"Standard","Standard",129,"-0.002","-0.023",,,,,"0.023",,1,1,0.781,0.781,30,33,31,34,3,2,5,1,6,3,"2.12","1","-1","46.0",,,,,
"SI","2023-04-29","93.5","1.87","6.7","Montgomery, Jordan",605131,656756,,"ball",,,,,12,,"R","R","L","LAD","STL","B",,,2,0,2023,"1.15","0.9",1.1519875881639905,2.843865795127143,,678246,,2,7,"Bot",,,,,,,-4.389360369605677,-136.07564778929776,-6.236723046960096,15.239299194449222,28.17991436131724,-19.872354426257612,3.29889798383501,1.44935203324768,,,,"94.1",2287,"6.5",718369,668800,502671,669242,571448,657557,641933,666185,663457,"54.02",,,,,,,,50,3,"Sinker",1,0,1,0,0,1,1,0,"Standard","Standard",146,"0.002","0.037",,,,,"-0.037",,1,1,0.779,0.779,30,33,31,34,3,2,5,1,6,3,"1.7","1.15","-1.15","45.9",,,,,
"CH","2023-04-29","84.1","1.69","6.57","Montgomery, Jordan",605131,656756,,"blocked_ball",,,,,13,,"R","R","L","LAD","STL","B",,,1,0,2023,"0.89","1.04",-1.2854252819607035,0.14513373102942362,,678246,,2,7,"Bot",,,,,,,-8.684791246386649,-121.93921197981427,-10.687203858061098,10.381478633423038,20.313503135703417,-19.91224843664584,3.19283268931105,1.43676194879553,,,,"85",1721,"6.7",718369,668800,502671,669242,571448,657557,641933,666185,663457,"53.79",,,,,,,,50,2,"Changeup",1,0,1,0,0,1,1,0,"Standard","Standard",129,"0.001","0.029",,,,,"-0.029",,1,1,0.778,0.778,30,33,31,34,3,2,5,1,6,3,"2.16","0.89","-0.89","46.8",,,,,
"CH","2023-04-29","82.3","1.86","6.6","Montgomery, Jordan",605131,656756,,"ball",,,,,12,,"R","R","L","LAD","STL","B",,,0,0,2023,"0.66","1.26",1.251344605515321,3.2056376891760427,,678246,,2,7,"Bot",,,,,,,-2.6681066463564806,-119.89856185416976,-3.668503421135198,6.858927084577644,22.20091395699329,-19.513375251039257,3.29241021456291,1.50432757221405,,,,"82.9",1662,"6.5",718369,668800,502671,669242,571448,657557,641933,666185,663457,"53.97",,,,,,,,50,1,"Changeup",1,0,1,0,0,1,1,0,"Standard","Standard",129,"0.001","0.02",,,,,"-0.02",,1,1,0.777,0.777,30,33,31,34,3,2,5,1,6,3,"2.09","0.66","-0.66","44.2",,,,,
"CH","2023-04-29","82.6","1.79","6.57","Montgomery, Jordan",572204,656756,"field_out","hit_into_play",,,,,6,"Trayce Thompson grounds out, third baseman Nolan Arenado to first baseman Paul Goldschmidt.","R","R","L","LAD","STL","X",5,"ground_ball",0,0,2023,"0.87","0.82",0.5659000611233421,2.7798817018625623,,678246,,1,7,"Bot",100.57,166.87,,,,,-4.54105321558608,-120.20236481786223,-3.779290834473219,9.278106527799695,22.81079218141149,-23.66714161090081,3.37,1.67,17,"69.1",-7,"83.7",1685,"6.9",718369,668800,502671,669242,571448,657557,641933,666185,663457,"53.57",0.065,0.066,"0",1,0,0,2,49,1,"Changeup",1,0,1,0,0,1,1,0,"Standard","Standard",132,"-0.03","-0.276",,,,0.087,"0.276","88.0",1,1,0.807,0.807,30,32,31,32,3,2,5,1,6,1,"2.51","0.87","-0.87","46.2",,,,,
"CU","2023-04-29","80.9","1.71","6.68","Montgomery, Jordan",681546,656756,"strikeout","swinging_strike",,,,,7,"James Outman strikes out swinging.","R","L","L","LAD","STL","S",2,,0,2,2023,"-0.46","-0.56",-0.3342589456766302,1.769635161911808,,678246,,0,7,"Bot",,,,,,,-3.734563590519616,-117.8463545806221,-3.294997345949181,-3.5560220000175127,22.2179135924471,-37.02485043000699,3.32,1.64,,,,"82",2366,"7",718369,668800,502671,669242,571448,657557,641933,666185,663457,"53.52",,0,"0",1,0,0,,48,3,"Curveball",1,0,1,0,0,1,1,0,"Standard","Standard",328,"-0.021","-0.213",,,,,"0.213",,1,1,0.828,0.828,30,26,31,26,3,2,5,1,6,1,"4.04","-0.46","-0.46","52.8",,,,,
"CU","2023-04-29","79.3","1.81","6.71","Montgomery, Jordan",681546,656756,,"called_strike",,,,,3,,"R","L","L","LAD","STL","S",,,0,1,2023,"-0.3","-0.59",0.39175221561005563,3.5359128491399354,,678246,,0,7,"Bot",,,,,,,-2.5367107563380884,-115.44568622842517,0.9203932165527302,-2.248824017596299,21.33944118154938,-37.834442275617086,3.46681073961951,1.38414106445923,,,,"79.4",2312,"6.3",718369,668800,502671,669242,571448,657557,641933,666185,663457,"54.18",,,,,,,,48,2,"Curveball",1,0,1,0,0,1,1,0,"Standard","Standard",309,"-0.009","-0.062",,,,,"0.062",,1,1,0.837,0.837,30,26,31,26,3,2,5,1,6,1,"4.21","-0.3","-0.3","46.1",,,,,
"SI","2023-04-29","88.5","1.72","6.64","Montgomery, Jordan",681546,656756,,"called_strike",,,,,3,,"R","L","L","LAD","STL","S",,,0,0,2023,"1.15","0.96",0.5577032790357166,3.462327569342256,,678246,,0,7,"Bot",,,,,,,-5.258643501527213,-128.79259224169726,-3.6644629342570885,13.860239077908732,27.93606442416296,-20.969793441423693,3.4748993361293,1.61769694553749,,,,"88.8",1989,"6.6",718369,668800,502671,669242,571448,657557,641933,666185,663457,"53.92",,,,,,,,48,1,"Sinker",1,0,1,0,0,1,1,0,"Standard","Standard",140,"-0.005","-0.046",,,,,"0.046",,1,1,0.842,0.842,30,26,31,26,3,2,5,1,6,1,"1.96","1.15","1.15","43.7",,,,,
"SI","2023-04-29","93.9","1.79","6.73","Montgomery, Jordan",572204,656756,"strikeout","called_strike",,,,,1,"Trayce Thompson called out on strikes.","R","R","L","LAD","STL","S",2,,1,2,2023,"1.09","0.92",-0.6524180444020617,3.187513252900265,,,681546,2,4,"Bot",,,,,,,-8.761222944302643,-136.51612003465237,-5.5187585620518655,15.488035193796234,28.865420925000706,-19.56892519731606,3.4727117362345,1.77904151631532,,,,"94.4",2301,"6.5",718369,668800,502671,669242,571448,657557,641933,666185,663457,"53.98",,0,"0",1,0,0,,29,4,"Sinker",1,0,1,0,0,1,1,0,"Standard","Standard",144,"-0.015","-0.206",,,,,"0.206",,1,1,0.653,0.653,30,32,31,32,2,1,5,1,6,1,"1.66","1.09","-1.09","46.5",,,,,
"SI","2023-04-29","93.7","1.81","6.67","Montgomery, Jordan",572204,656756,,"swinging_strike",,,,,6,,"R","R","L","LAD","STL","S",,,1,1,2023,"1.21","0.97",0.45892514383220817,2.6490837550126636,,,681546,2,4,"Bot",,,,,,,-6.208215874673861,-136.30346405741,-6.882300647124346,16.39543919160131,27.779287917967384,-18.763225583632057,3.37,1.67,,,,"94.6",2235,"6.7",718369,668800,502671,669242,571448,657557,641933,666185,663457,"53.82",,,,,,,,29,3,"Sinker",1,0,1,0,0,1,1,0,"Standard","Standard",145,"-0.006","-0.06",,,,,"0.06",,1,1,0.659,0.659,30,32,31,32,2,1,5,1,6,1,"1.61","1.21","-1.21","44.8",,,,,
"FF","2023-04-29","92.6","1.83","6.65","Montgomery, Jordan",572204,656756,,"ball",,,,,13,,"R","R","L","LAD","STL","B",,,0,1,2023,"0.3","1.3",-1.7718294228042726,1.8486957064854537,,,681546,2,4,"Bot",,,,,,,-9.917863893468018,-134.3748239715676,-9.385376200535603,5.634853140813574,26.297028303810492,-14.584372101314395,3.44736975282268,1.83117275555161,,,,"93.5",2320,"6.8",718369,668800,502671,669242,571448,657557,641933,666185,663457,"53.73",,,,,,,,29,2,"4-Seam Fastball",1,0,1,0,0,1,1,0,"Standard","Standard",151,"0.002","0.025",,,,,"-0.025",,1,1,0.657,0.657,30,32,31,32,2,1,5,1,6,1,"1.35","0.3","-0.3","45.3",,,,,
"CU","2023-04-29","79.2","1.86","6.62","Montgomery, Jordan",572204,656756,,"foul",,,,,8,,"R","R","L","LAD","STL","S",,,0,0,2023,"-0.35","-0.33",-0.17941412240110938,1.6384327014132598,,,681546,2,4,"Bot",,,,,,,-3.820415844332111,-115.24634219370954,-3.4821295764953275,-2.407577957760715,21.220071801346055,-34.7207898009023,3.37,1.67,113,"94.7",8,"79.7",2285,"6.6",718369,668800,502671,669242,571448,657557,641933,666185,663457,"53.91",,,,,,,,29,1,"Curveball",1,0,1,0,0,1,1,0,"Standard","Standard",317,"-0.003","-0.045",,,,,"0.045","94.7",1,1,0.66,0.66,30,32,31,32,2,1,5,1,6,1,"3.97","-0.35","0.35","46.8",,,,,
"CH","2023-04-29","85.1","1.67","6.6","Montgomery, Jordan",605141,656756,"field_out","hit_into_play",,,,,4,"Mookie Betts flies out to center fielder Dylan Carlson.","R","R","L","LAD","STL","X",8,"fly_ball",0,0,2023,"0.7","0.9",-0.292213346818324,2.3995954560048043,,,605131,2,2,"Bot",139.47,81.35,,,,,-6.003616329868498,-123.7695964174506,-5.386969329761335,8.356689331918568,23.367423480852427,-22.003334192467666,3.08,1.46,295,"90.1",43,"85.3",1699,"6.3",718369,668800,502671,669242,571448,657557,641933,666185,663457,"54.15",0.005,0.005,"0",1,0,0,3,16,1,"Changeup",1,0,1,0,0,1,1,0,"Standard","Standard",129,"-0.02","-0.286",,,,0.005,"0.286","90.1",1,1,0.632,0.632,30,30,31,31,2,1,5,1,6,1,"2.23","0.7","-0.7","49.3",,,,,
"SI","2023-04-29","94","1.89","6.67","Montgomery, Jordan",605131,656756,"single","hit_into_play",,,,,4,"Austin Barnes singles on a sharp line drive to center fielder Dylan Carlson. James Outman scores.","R","R","L","LAD","STL","X",8,"line_drive",0,0,2023,"1.25","0.6",-0.45777506415216296,2.0410647435105442,681546,,,2,2,"Bot",120.62,83.75,,,,,-8.825267102463027,-136.4541363477082,-7.560178318426937,17.57452358158666,30.28780326915563,-23.1219919038658,3.17,1.48,237,"104.1",13,"93.7",2373,"6.3",718369,668800,502671,669242,571448,657557,641933,666185,663457,"54.22",0.871,0.87,"0.9",1,1,0,4,15,1,"Sinker",0,0,0,0,0,1,1,0,"Standard","Standard",148,"0.092","0.727",,,,1.154,"-0.727","104.1",0,0,0.54,0.54,30,33,31,34,1,0,5,1,6,3,"1.99","1.25","-1.25","44.1",,,,,
"SI","2023-04-29","94.6","1.78","6.71","Montgomery, Jordan",572204,656756,"strikeout","swinging_strike",,,,,3,"Trayce Thompson strikes out swinging. James Outman to 3rd. James Outman steals (3) 2nd base. James Outman to 3rd. Throwing error by catcher Andrew Knizner.","R","R","L","LAD","STL","S",2,,2,2,2023,"1.37","0.86",0.43763596961074147,3.4131219320445223,,,681546,1,2,"Bot",,,,,,,-6.60138094037449,-137.66913971865347,-4.910167276706453,18.877777349182363,28.316475073510112,-20.3363315790719,3.37,1.67,,,,"95.5",2278,"6.6",718369,668800,502671,669242,571448,657557,641933,666185,663457,"53.86",,0,"0",1,0,0,,14,6,"Sinker",0,0,0,0,0,0,0,0,"Standard","Standard",144,"-0.01","-0.23",,,,,"0.23",,0,0,0.55,0.55,30,32,31,32,1,0,5,1,6,1,"1.67","1.37","-1.37","48.7",,,,,
"CU","2023-04-29","82.8","1.85","6.67","Montgomery, Jordan",572204,656756,,"foul",,,,,5,,"R","R","L","LAD","STL","S",,,2,2,2023,"-0.37","-0.53",0.19083175228586946,2.6207321342395637,,,681546,1,2,"Bot",,,,,,,-3.101426065516575,-120.65620338101412,-1.8029225674177387,-3.075352379592768,21.955939746794304,-37.216368315800416,3.37,1.67,,,,"83.7",2419,"6.7",718369,668800,502671,669242,571448,657557,641933,666185,663457,"53.81",,,,,,,,14,5,"Curveball",0,0,0,0,0,0,0,0,"Standard","Standard",325,"0","0",,,,,"0",,0,0,0.55,0.55,30,32,31,32,1,0,5,1,6,1,"3.82","-0.37","0.37","49.1",,,,,
"SI","2023-04-29","91","1.72","6.7","Montgomery, Jordan",572204,656756,,"ball",,,,,1,,"R","R","L","LAD","STL","B",,,1,2,2023,"1.34","0.71",-0.817579269379042,3.2594369047397658,,,681546,1,2,"Bot",,,,,,,-9.291142504323139,-132.30831758716948,-4.301115313746502,17.652291149760664,25.952802828640095,-23.131666551044972,3.36598429209548,1.73542928427797,,,,"91.7",2247,"6.6",718369,668800,502671,669242,571448,657557,641933,666185,663457,"53.92",,,,,,,,14,4,"Sinker",0,0,0,0,0,0,0,0,"Standard","Standard",140,"0.005","0.047",,,,,"-0.047",,0,0,0.545,0.545,30,32,31,32,1,0,5,1,6,1,"2.03","1.34","-1.34","46.3",,,,,
"CH","2023-04-29","84.2","1.84","6.53","Montgomery, Jordan",572204,656756,,"blocked_ball",,,,,14,,"R","R","L","LAD","STL","B",,,0,2,2023,"0.87","1.13",0.2286218906043581,0.7655902839811752,,,681546,1,2,"Bot",,,,,,,-5.471227778417634,-122.3544999725563,-9.277308548846111,9.818916917559344,22.9170145416471,-19.171142649927745,3.37812043944224,1.67186017260921,,,,"84.5",1778,"6.5",718369,668800,502671,669242,571448,657557,641933,666185,663457,"54.03",,,,,,,,14,3,"Changeup",0,0,0,0,0,0,0,0,"Standard","Standard",126,"0.003","0.023",,,,,"-0.023",,0,0,0.542,0.542,30,32,31,32,1,0,5,1,6,1,"2.08","0.87","-0.87","43.8",,,,,
"CH","2023-04-29","82.9","1.8","6.57","Montgomery, Jordan",572204,656756,,"swinging_strike",,,,,6,,"R","R","L","LAD","STL","S",,,0,1,2023,"0.66","0.74",0.7283044532325536,2.217174721341474,,,681546,1,2,"Bot",,,,,,,-3.764728827724511,-120.77892122715417,-5.004893057433712,7.14272158700622,21.508842122948757,-24.196818950856887,3.37,1.67,,,,"83.7",1663,"6.5",718369,668800,502671,669242,571448,657557,641933,666185,663457,"53.96",,,,,,,,14,2,"Changeup",0,0,0,0,0,0,0,0,"Standard","Standard",131,"-0.008","-0.053",,,,,"0.053",,0,0,0.55,0.55,30,32,31,32,1,0,5,1,6,1,"2.55","0.66","-0.66","45.5",,,,,
"CU","2023-04-29","77.9","1.82","6.64","Montgomery, Jordan",572204,656756,,"called_strike",,,,,7,,"R","R","L","LAD","STL","S",,,0,0,2023,"-0.33","-0.63",-0.6513550788036686,1.9776228419126967,,,681546,1,2,"Bot",,,,,,,-4.727233048278878,-113.44860123218326,-2.037954334966101,-2.038245229531649,19.09140767063954,-37.50747780359471,3.34361352801087,1.73994042666182,,,,"78.6",2304,"6.5",718369,668800,502671,669242,571448,657557,641933,666185,663457,"53.95",,,,,,,,14,1,"Curveball",0,0,0,0,0,0,0,0,"Standard","Standard",328,"-0.004","-0.042",,,,,"0.042",,0,0,0.554,0.554,30,32,31,32,1,0,5,1,6,1,"4.36","-0.33","0.33","48.2",,,,,
"CU","2023-04-29","81.6","1.83","6.67","Montgomery, Jordan",571970,656756,"strikeout","swinging_strike",,,,,7,"Max Muncy strikes out swinging.","R","L","L","LAD","STL","S",2,,3,2,2023,"-0.29","-0.43",-0.595600460056984,1.794653370348911,,518692,669257,2,1,"Bot",,,,,,,-4.9152283560833165,-118.76480571342336,-3.5706084001333718,-1.8257738937491512,22.090995185164566,-35.7989946025282,3.03,1.52,,,,"81.8",2379,"6.4",718369,668800,502671,669242,571448,657557,641933,666185,663457,"54.13",,0,"0",1,0,0,,8,7,"Curveball",0,0,0,0,0,0,0,0,"Strategic","Standard",330,"-0.047","-0.311",,,,,"0.311",,0,0,0.547,0.547,30,32,31,33,1,0,5,1,6,1,"3.84","-0.29","-0.29","48.0",,,,,
"CH","2023-04-29","86.4","1.84","6.54","Montgomery, Jordan",571970,656756,,"blocked_ball",,,,,13,,"R","L","L","LAD","STL","B",,,2,2,2023,"0.62","1.21",-0.8289242659678535,0.0010474379088174501,,518692,669257,2,1,"Bot",,,,,,,-7.62022721441068,-125.1461709985386,-11.828963949911305,7.9381390192815005,23.330269178065677,-17.28447544637187,3.05861032405376,1.58186176953198,,,,"86.8",1789,"6.6",718369,668800,502671,669242,571448,657557,641933,666185,663457,"53.88",,,,,,,,8,6,"Changeup",0,0,0,0,0,0,0,0,"Strategic","Standard",132,"0.01","0.064",,,,,"-0.064",,0,0,0.537,0.537,30,32,31,33,1,0,5,1,6,1,"1.85","0.62","0.62","49.3",,,,,
"SI","2023-04-29","94.5","1.76","6.69","Montgomery, Jordan",571970,656756,,"foul",,,,,11,,"R","L","L","LAD","STL","S",,,2,2,2023,"1.06","1",-0.9051909428839118,2.659660510673791,,518692,669257,2,1,"Bot",,,,,,,-9.332257962454614,-137.26878644284105,-7.057242219121872,15.42922017309632,29.42891789509322,-18.168116794940698,3.03,1.52,265,"81.9",40,"94.8",2344,"6.5",718369,668800,502671,669242,571448,657557,641933,666185,663457,"54.01",,,,,,,,8,5,"Sinker",0,0,0,0,0,0,0,0,"Strategic","Standard",145,"0","0",,,,,"0","88.0",0,0,0.537,0.537,30,32,31,33,1,0,5,1,6,1,"1.56","1.06","1.06","47.7",,,,,
"CU","2023-04-29","82.2","1.89","6.64","Montgomery, Jordan",571970,656756,,"blocked_ball",,,,,13,,"R","L","L","LAD","STL","B",,,1,2,2023,"-0.3","-0.62",-0.08727412412191965,0.47556105247085867,,518692,669257,2,1,"Bot",,,,,,,-3.914225277298775,-119.62269504202574,-6.290543491206165,-2.180996564055491,21.741136209673844,-37.227557983685,3.05178366095511,1.54258257296714,,,,"82.9",2513,"6.6",718369,668800,502671,669242,571448,657557,641933,666185,663457,"53.86",,,,,,,,8,4,"Curveball",0,0,0,0,0,0,0,0,"Strategic","Standard",328,"0.007","0.033",,,,,"-0.033",,0,0,0.53,0.53,30,32,31,33,1,0,5,1,6,1,"3.98","-0.3","-0.3","46.7",,,,,
"CU","2023-04-29","81.2","1.83","6.69","Montgomery, Jordan",571970,656756,,"swinging_strike",,,,,14,,"R","L","L","LAD","STL","S",,,1,1,2023,"-0.24","-0.56",0.8361708686127429,1.8375682855609807,,518692,669257,2,1,"Bot",,,,,,,-1.7819300178536008,-118.32981698511409,-3.2840777817827513,-2.0037064360078576,20.290998485992823,-37.09896887638821,3.03,1.52,,,,"82.1",2435,"6.6",718369,668800,502671,669242,571448,657557,641933,666185,663457,"53.88",,,,,,,,8,3,"Curveball",0,0,0,0,0,0,0,0,"Strategic","Standard",324,"-0.011","-0.069",,,,,"0.069",,0,0,0.541,0.541,30,32,31,33,1,0,5,1,6,1,"3.98","-0.24","-0.24","48.9",,,,,
"CU","2023-04-29","80.7","2.04","6.58","Montgomery, Jordan",571970,656756,,"ball",,,,,14,,"R","L","L","LAD","STL","B",,,0,1,2023,"-0.24","-0.37",0.6902172024998507,1.440860564525102,,518692,669257,2,1,"Bot",,,,,,,-2.555334210476648,-117.4734777454726,-4.101441014495872,-1.7759517371069309,22.516056725659887,-34.983591452229554,3.11756063015285,1.6305731826003,,,,"81.4",2401,"6.8",718369,668800,502671,669242,571448,657557,641933,666185,663457,"53.74",,,,,,,,8,2,"Curveball",0,0,0,0,0,0,0,0,"Strategic","Standard",321,"0.004","0.025",,,,,"-0.025",,0,0,0.537,0.537,30,32,31,33,1,0,5,1,6,1,"3.87","-0.24","-0.24","45.5",,,,,
"SI","2023-04-29","93.7","1.88","6.72","Montgomery, Jordan",571970,656756,,"called_strike",,,,,6,,"R","L","L","LAD","STL","S",,,0,0,2023,"1.2","0.9",0.5166359825335893,2.446698695753469,,518692,669257,2,1,"Bot",,,,,,,-6.226361886368633,-136.25031935483318,-7.356877967548324,16.258171372191605,28.99982763590148,-19.596155052238103,3.14592743849243,1.44254977386739,,,,"94.5",2347,"6.7",718369,668800,502671,669242,571448,657557,641933,666185,663457,"53.75",,,,,,,,8,1,"Sinker",0,0,0,0,0,0,0,0,"Strategic","Standard",150,"-0.006","-0.04",,,,,"0.04",,0,0,0.543,0.543,30,32,31,33,1,0,5,1,6,1,"1.7","1.2","1.2","44.1",,,,,
"SI","2023-04-29","95.4","1.85","6.74","Montgomery, Jordan",621035,656756,"strikeout","swinging_strike",,,,,12,"Chris Taylor strikes out swinging.","R","R","L","LAD","STL","S",2,,0,2,2023,"1.18","0.78",1.1953035044640994,2.707309136020325,,518692,669257,1,1,"Bot",,,,,,,-4.3862109168681895,-138.7645087849404,-6.756793674699946,16.192132876120098,30.5024790984454,-20.84217815351883,3.42,1.56,,,,"95.9",2265,"6.6",718369,668800,502671,669242,571448,657557,641933,666185,663457,"53.94",,0,"0",1,0,0,,7,3,"Sinker",0,0,0,0,0,0,0,0,"Standard","Standard",142,"-0.026","-0.151",,,,,"0.151",,0,0,0.569,0.569,30,32,31,33,1,0,5,1,6,1,"1.73","1.18","-1.18","46.2",,,,,
"SI","2023-04-29","93.5","1.79","6.7","Montgomery, Jordan",621035,656756,,"foul_tip",,,,,6,,"R","R","L","LAD","STL","S",,,0,1,2023,"1.07","0.87",0.8178731472366628,2.248744318269857,,518692,669257,1,1,"Bot",,,,,,,-4.9003413553216895,-135.94443280376916,-7.709994831768499,14.298494708756065,28.22187167064786,-19.934999315333204,3.42,1.56,,,,"94.3",2222,"6.7",718369,668800,502671,669242,571448,657557,641933,666185,663457,"53.8",,,,,,,,7,2,"Sinker",0,0,0,0,0,0,0,0,"Standard","Standard",143,"-0.011","-0.05",,,,,"0.05",,0,0,0.58,0.58,30,32,31,33,1,0,5,1,6,1,"1.73","1.07","-1.07","46.0",,,,,
"SI","2023-04-29","92.6","1.84","6.68","Montgomery, Jordan",621035,656756,,"swinging_strike",,,,,6,,"R","R","L","LAD","STL","S",,,0,0,2023,"1.31","0.73",0.6901550008359427,2.558922878247013,,518692,669257,1,1,"Bot",,,,,,,-5.835141796225358,-134.60036817881655,-6.331858689002473,17.177095384192828,29.226089086045214,-22.139337256812105,3.42,1.56,,,,"93.2",2311,"6.7",718369,668800,502671,669242,571448,657557,641933,666185,663457,"53.82",,,,,,,,7,1,"Sinker",0,0,0,0,0,0,0,0,"Standard","Standard",145,"-0.007","-0.04",,,,,"0.04","88.0",0,0,0.587,0.587,30,32,31,33,1,0,5,1,6,1,"1.94","1.31","-1.31","46.9",,,,,
"CU","2023-04-29","80.8","1.93","6.66","Montgomery, Jordan",669257,656756,"walk","ball",,,,,13,"Will Smith walks.","R","R","L","LAD","STL","B",,,3,1,2023,"-0.25","-0.36",-1.0023891635701607,2.0678945002046545,,518692,,1,1,"Bot",,,,,,,-6.046744081880002,-117.48578993374535,-2.8244093520547677,-1.0392567387255327,23.852837986934126,-35.134437294323334,3.31004299153449,1.61260247184401,,,,"80.3",2372,"6.2",718369,668800,502671,669242,571448,657557,641933,666185,663457,"54.34",,0.695903,"0.7",1,0,0,,6,5,"Curveball",0,0,0,0,0,0,0,0,"Standard","Standard",322,"0.012","0.123",,,,,"-0.123",,0,0,0.575,0.575,30,28,31,28,1,0,5,1,6,1,"3.88","-0.25","0.25","45.9",,,,,
"FF","2023-04-29","93.8","1.93","6.69","Montgomery, Jordan",669257,656756,,"ball",,,,,12,,"R","R","L","LAD","STL","B",,,2,1,2023,"0.55","1.42",0.8142021840051953,3.5279598972004127,,518692,,1,1,"Bot",,,,,,,-4.117380547895991,-136.57044397276903,-5.638960207353786,7.823893685576499,29.118882043782133,-13.379125812149612,3.31353095704716,1.59148848881819,,,,"94.4",2424,"6.5",718369,668800,502671,669242,571448,657557,641933,666185,663457,"53.99",,,,,,,,6,4,"4-Seam Fastball",0,0,0,0,0,0,0,0,"Standard","Standard",143,"0.006","0.062",,,,,"-0.062",,0,0,0.569,0.569,30,28,31,28,1,0,5,1,6,1,"1.16","0.55","-0.55","44.8",,,,,
"SI","2023-04-29","93.4","1.88","6.67","Montgomery, Jordan",669257,656756,,"foul",,,,,8,,"R","R","L","LAD","STL","S",,,2,0,2023,"0.98","0.9",0.10429398499260645,1.9120065296128257,,518692,,1,1,"Bot",,,,,,,-6.747194892660708,-135.75123934502463,-8.54876423495005,13.52427501626769,28.116344514356985,-19.32658891847702,3.33,1.58,246,"83.3",31,"94",2250,"6.6",718369,668800,502671,669242,571448,657557,641933,666185,663457,"53.91",,,,,,,,6,3,"Sinker",0,0,0,0,0,0,0,0,"Standard","Standard",142,"-0.004","-0.032",,,,,"0.032","88.0",0,0,0.573,0.573,30,28,31,28,1,0,5,1,6,1,"1.7","0.98","-0.98","45.4",,,,,
"CH","2023-04-29","84.6","1.84","6.52","Montgomery, Jordan",669257,656756,,"ball",,,,,14,,"R","R","L","LAD","STL","B",,,1,0,2023,"0.57","0.9",0.7891236591655711,1.0791580908110672,,518692,,1,1,"Bot",,,,,,,-3.6112367599306885,-122.97901369297095,-8.214151597894073,6.508151447977315,22.255532309517502,-21.62698806669068,3.3816253785058,1.60761456187554,,,,"85.4",1707,"6.6",718369,668800,502671,669242,571448,657557,641933,666185,663457,"53.86",,,,,,,,6,2,"Changeup",0,0,0,0,0,0,0,0,"Standard","Standard",130,"0.004","0.036",,,,,"-0.036",,0,0,0.569,0.569,30,28,31,28,1,0,5,1,6,1,"2.26","0.57","-0.57","49.0",,,,,
"SI","2023-04-29","94.4","2","6.65","Montgomery, Jordan",669257,656756,,"ball",,,,,14,,"R","R","L","LAD","STL","B",,,0,0,2023,"1.23","0.71",1.0057855771958222,2.2696652449402794,,,518692,1,1,"Bot",,,,,,,-5.347772810381503,-137.28193631945229,-7.340362046135088,16.696299392234657,30.204343149762657,-21.771920584554593,3.24494904239721,1.54172452101001,,,,"95.1",2170,"6.7",718369,668800,502671,669242,571448,657557,641933,666185,663457,"53.77",,,,,,,,6,1,"Sinker",0,0,0,0,0,0,0,0,"Standard","Standard",143,"0.018","0.036",,,,,"-0.036",,0,0,0.551,0.551,30,28,31,28,1,0,5,1,6,1,"1.85","1.23","-1.23","44.7",,,,,
"CU","2023-04-29","80.8","1.9","6.68","Montgomery, Jordan",518692,656756,"force_out","hit_into_play",,,,,4,"Freddie Freeman grounds into a force out, first baseman Paul Goldschmidt to shortstop Paul DeJong. Mookie Betts out at 2nd. Freddie Freeman to 1st.","R","L","L","LAD","STL","X",3,"ground_ball",3,2,2023,"-0.38","-0.49",-0.4637051558980093,2.5864304804831972,,,605141,0,1,"Bot",150.84,172.93,,,,,-4.591851158533564,-117.51908368612554,-1.4794835409071794,-2.5428938424302507,23.68863389183825,-36.62648538242823,3.49,1.74,13,"84",-11,"81.5",2330,"6.9",718369,668800,502671,669242,571448,657557,641933,666185,663457,"53.6",0.085,0.078,"0",1,0,0,2,5,6,"Curveball",0,0,0,0,0,0,0,0,"Infield shade","Standard",322,"-0.04","-0.412",,,,0.154,"0.412","88.0",0,0,0.591,0.591,30,33,31,34,1,0,5,1,6,1,"4","-0.38","-0.38","48.1",,,,,
"CU","2023-04-29","81","2.01","6.7","Montgomery, Jordan",518692,656756,,"ball",,,,,13,,"R","L","L","LAD","STL","B",,,2,2,2023,"-0.21","-0.72",-0.5177560902604093,1.5587027885795388,,,605141,0,1,"Bot",,,,,,,-5.199847604311946,-117.91822803347367,-3.474901351992144,-1.036816445628237,21.704194971945984,-38.468002171589646,3.64037429313654,1.80480799844298,,,,"80.5",2327,"5.9",718369,668800,502671,669242,571448,657557,641933,666185,663457,"54.63",,,,,,,,5,5,"Curveball",0,0,0,0,0,0,0,0,"Infield shade","Standard",319,"0.013","0.088",,,,,"-0.088",,0,0,0.578,0.578,30,33,31,34,1,0,5,1,6,1,"4.18","-0.21","-0.21","45.3",,,,,
"CU","2023-04-29","79.5","1.93","6.71","Montgomery, Jordan",518692,656756,,"foul",,,,,9,,"R","L","L","LAD","STL","S",,,2,1,2023,"-0.3","-0.7",0.5566333789185368,2.0356868280915763,,,605141,0,1,"Bot",,,,,,,-2.4506425154044464,-115.78186557888554,-2.183325180176019,-2.2543119566305334,21.767362994773677,-38.276970117361905,3.49,1.74,6,"77.5",-21,"79.7",2183,"6.4",718369,668800,502671,669242,571448,657557,641933,666185,663457,"54.13",,,,,,,,5,4,"Curveball",0,0,0,0,0,0,0,0,"Standard","Standard",325,"-0.01","-0.056",,,,,"0.056","88.0",0,0,0.588,0.588,30,33,31,34,1,0,5,1,6,1,"4.3","-0.3","-0.3","46.2",,,,,
"SI","2023-04-29","92.3","1.88","6.71","Montgomery, Jordan",518692,656756,,"ball",,,,,12,,"R","L","L","LAD","STL","B",,,1,1,2023,"1.06","0.82",1.457628606572393,3.535785928237892,,,605141,0,1,"Bot",,,,,,,-3.3918243921098146,-134.4216148011967,-4.122801149802511,13.621609826655408,26.033096909714292,-21.55461981392328,3.59097983356529,1.8328871455549,,,,"93.3",2106,"6.6",718369,668800,502671,669242,571448,657557,641933,666185,663457,"53.9",,,,,,,,5,3,"Sinker",0,0,0,0,0,0,0,0,"Standard","Standard",144,"0.007","0.042",,,,,"-0.042",,0,0,0.581,0.581,30,33,31,34,1,0,5,1,6,1,"1.83","1.06","1.06","45.2",,,,,
"SI","2023-04-29","93","1.91","6.73","Montgomery, Jordan",518692,656756,,"foul",,,,,6,,"R","L","L","LAD","STL","S",,,1,0,2023,"1.16","0.92",0.7009251185725325,2.9468147331974937,,,605141,0,1,"Bot",,,,,,,-5.668323577248525,-135.28584877812327,-6.006271647044596,15.458711557692688,26.98572641290572,-19.721239321988797,3.49,1.74,227,"71.5",31,"93.8",2225,"6.6",718369,668800,502671,669242,571448,657557,641933,666185,663457,"53.94",,,,,,,,5,2,"Sinker",0,0,0,0,0,0,0,0,"Standard","Standard",148,"-0.007","-0.042",,,,,"0.042","88.0",0,0,0.588,0.588,30,33,31,34,1,0,5,1,6,1,"1.69","1.16","1.16","49.7",,,,,
"CU","2023-04-29","79.8","1.83","6.5","Montgomery, Jordan",518692,656756,,"ball",,,,,13,,"R","L","L","LAD","STL","B",,,0,0,2023,"-0.41","-0.44",-1.2532102757570762,1.9399929880978668,,,605141,0,1,"Bot",,,,,,,-6.1122255753821175,-116.17872397702858,-2.5537491688048077,-2.7175326668762216,20.092001937894608,-35.8892196724604,3.60076583845434,1.70007135080485,,,,"81.3",2210,"7.1",718369,668800,502671,669242,571448,657557,641933,666185,663457,"53.37",,,,,,,,5,1,"Curveball",0,0,0,0,0,0,0,0,"Standard","Standard",326,"0.005","0.03",,,,,"-0.03",,0,0,0.583,0.583,30,33,31,34,1,0,5,1,6,1,"3.99","-0.41","-0.41","45.8",,,,,
"CU","2023-04-24","80.8","1.76","6.7","Montgomery, Jordan",596103,656756,"field_out","hit_into_play",,,,,14,"Austin Slater grounds out, third baseman Brendan Donovan to first baseman Paul Goldschmidt.","R","R","L","SF","STL","X",5,"ground_ball",0,1,2023,"-0.37","-0.55",0.0743416040943215,1.5186300995575421,,681584,573262,2,4,"Bot",107.71,160.56,,,,,-3.0609997632810346,-117.79559621932938,-3.954295870586246,-2.980141201589051,20.401694371348487,-36.85986671975447,3.46,1.71,57,"98.6",3,"81.8",2298,"6.6",718446,575929,502671,669242,680977,657557,641933,663457,676475,"53.85",0.445,0.4,"0",1,0,0,4,32,2,"Curveball",0,0,0,0,0,0,0,0,"Standard","Standard",322,"-0.045","-0.256",,,,0.466,"0.256","98.6",0,0,0.545,0.545,30,30,31,31,3,2,6,,5,2,"4.01","-0.37","0.37","46.7",,,,,
"CU","2023-04-24","80.9","1.9","6.73","Montgomery, Jordan",596103,656756,,"called_strike",,,,,6,,"R","R","L","SF","STL","S",,,0,0,2023,"-0.4","-0.76",0.8239763404613346,2.764755825518256,,681584,573262,2,4,"Bot",,,,,,,-1.653583315926486,-117.89170395208143,-0.8106230913526499,-3.4091585556691144,21.423527854848707,-39.30322474792912,3.40199662066178,1.67973163665847,,,,"81.7",2344,"6.7",718446,575929,502671,669242,680977,657557,641933,663457,676475,"53.82",,,,,,,,32,1,"Curveball",0,0,0,0,0,0,0,0,"Standard","Standard",319,"-0.008","-0.04",,,,,"0.04",,0,0,0.553,0.553,30,30,31,31,3,2,6,,5,2,"4.22","-0.4","0.4","46.9",,,,,
"CU","2023-04-24","81.3","1.69","6.68","Montgomery, Jordan",663698,656756,"strikeout","swinging_strike_blocked",,,,,13,"Joey Bart strikes out swinging.","R","R","L","SF","STL","S",2,,2,2,2023,"-0.43","-0.82",-0.8071827259779567,0.08164896601815785,,681584,573262,1,4,"Bot",,,,,,,-4.80981522902675,-118.21940189593587,-6.59420792831679,-3.0465255923023835,23.171574077844873,-38.79339752166203,3.21,1.5,,,,"81.6",2387,"6.6",718446,575929,502671,669242,680977,657557,641933,663457,676475,"53.92",,0,"0",1,0,0,,31,5,"Curveball",0,0,0,0,0,0,0,0,"Standard","Standard",311,"-0.046","-0.201",,,,,"0.201",,0,0,0.599,0.599,30,26,31,27,2,1,6,2,5,6,"4.28","-0.43","0.43","51.0",,,,,
"CU","2023-04-24","80.6","1.83","6.74","Montgomery, Jordan",663698,656756,,"called_strike",,,,,6,,"R","R","L","SF","STL","S",,,2,1,2023,"-0.34","-0.77",0.5312832349778012,2.5714602308327463,,681584,573262,1,4,"Bot",,,,,,,-2.2593958271210375,-117.47837060582391,-1.2124667630390658,-2.7569981102316765,20.79729417507197,-39.27936561888038,3.18036674078431,1.49870398266727,,,,"81.2",,"6.5",718446,575929,502671,669242,680977,657557,641933,663457,676475,"54.01",,,,,,,,31,4,"Curveball",0,0,0,0,0,0,0,0,"Standard","Standard",,"-0.015","-0.07",,,,,"0.07",,0,0,0.614,0.614,30,26,31,27,2,1,6,2,5,6,"4.24","-0.34","0.34","46.7",,,,,
"CH","2023-04-24","85.6","1.69","6.68","Montgomery, Jordan",663698,656756,,"called_strike",,,,,5,,"R","R","L","SF","STL","S",,,2,0,2023,"0.98","0.98",-0.0987820926575933,2.0219157200756293,,681584,573262,1,4,"Bot",,,,,,,-6.237120188202704,-124.39690741699965,-6.735163380223317,11.400773130594656,23.346510330532915,-20.876792816245505,3.18036674078431,1.46945250719234,,,,"86.3",1894,"6.6",718446,575929,502671,669242,680977,657557,641933,663457,676475,"53.85",,,,,,,,31,3,"Changeup",0,0,0,0,0,0,0,0,"Standard","Standard",127,"-0.014","-0.079",,,,,"0.079",,0,0,0.628,0.628,30,26,31,27,2,1,6,2,5,6,"2.13","0.98","-0.98","46.1",,,,,
"CH","2023-04-24","85.8","1.67","6.62","Montgomery, Jordan",663698,656756,,"ball",,,,,13,,"R","R","L","SF","STL","B",,,1,0,2023,"0.97","0.88",-0.2410558625909014,1.1033883010363295,,681584,573262,1,4,"Bot",,,,,,,-6.533135721867808,-124.71491065069387,-8.71114075615991,11.309351447496207,21.085126524419188,-21.553809304217765,3.23783477690196,1.49870398266727,,,,"87.1",1853,"6.8",718446,575929,502671,669242,680977,657557,641933,663457,676475,"53.71",,,,,,,,31,2,"Changeup",0,0,0,0,0,0,0,0,"Standard","Standard",127,"0.014","0.067",,,,,"-0.067",,0,0,0.614,0.614,30,26,31,27,2,1,6,2,5,6,"2.19","0.97","-0.97","46.6",,,,,
"CH","2023-04-24","85","1.79","6.55","Montgomery, Jordan",663698,656756,,"blocked_ball",,,,,14,,"R","R","L","SF","STL","B",,,0,0,2023,"1.11","0.78",0.16182983552105767,0.7244289065462575,,681584,573262,1,4,"Bot",,,,,,,-6.1184689606660365,-123.4261772602905,-8.988374307531528,12.578123248617718,22.54022152043159,-22.704875043581747,3.26655127243002,1.49870398266727,,,,"86.2",1697,"7",718446,575929,502671,669242,680977,657557,641933,663457,676475,"53.53",,,,,,,,31,1,"Changeup",0,0,0,0,0,0,0,0,"Standard","Standard",129,"0.007","0.042",,,,,"-0.042",,0,0,0.607,0.607,30,26,31,27,2,1,6,2,5,6,"2.37","1.11","-1.11","46.1",,,,,
"SI","2023-04-24","93.5","1.67","6.8","Montgomery, Jordan",573262,656756,"single","hit_into_play",,,,,5,"Mike Yastrzemski singles on a soft bunt ground ball to third baseman Brendan Donovan. David Villar to 2nd.","R","L","L","SF","STL","X",5,"ground_ball",2,1,2023,"1.4","0.68",-0.08838902217964151,2.720357506910179,,,681584,1,4,"Bot",116.3,192.99,,,,,-7.639094891943601,-135.99733370079431,-6.363694222388661,19.016693407484706,26.087839981856305,-22.55245348879692,3.35,1.58,12,"40.1",-10,"94.4",2173,"6.6",718446,575929,502671,669242,680977,657557,641933,663457,676475,"53.95",0.204,0.191,"0.9",1,1,0,1,30,4,"Sinker",0,0,0,0,0,0,0,0,"Standard","Standard",153,"0.04","-0.013",,,,0.204,"0.013","88.0",0,0,0.567,0.567,30,32,31,33,2,1,6,1,5,1,"1.9","1.4","1.4","46.7",,,,,
"FF","2023-04-24","94.7","1.79","6.74","Montgomery, Jordan",573262,656756,,"ball",,,,,11,,"R","L","L","SF","STL","B",,,1,1,2023,"0.34","1.03",-1.6309486100297916,2.864613123763946,,,681584,1,4,"Bot",,,,,,,-9.752456525278205,-137.603722134165,-6.882398496374014,6.146472635163696,25.25052842177149,-17.69673460112423,3.37782097866489,1.60793927768158,,,,"95.9",2326,"6.7",718446,575929,502671,669242,680977,657557,641933,663457,676475,"53.8",,,,,,,,30,3,"4-Seam Fastball",0,0,0,0,0,0,0,0,"Standard","Standard",155,"0.006","0.046",,,,,"-0.046",,0,0,0.561,0.561,30,32,31,33,2,1,6,1,5,1,"1.48","0.34","0.34","43.7",,,,,
"CU","2023-04-24","80.9","1.78","6.7","Montgomery, Jordan",573262,656756,,"blocked_ball",,,,,13,,"R","L","L","SF","STL","B",,,0,1,2023,"-0.36","-0.28",-1.5593819872000938,1.1087896314211818,,,681584,1,4,"Bot",,,,,,,-6.778227597459503,-117.60230109227545,-5.349529150209383,-2.191946221518519,20.669690854259517,-33.99803855866564,3.3491500286228,1.60793927768158,,,,"81.4",2361,"6.5",718446,575929,502671,669242,680977,657557,641933,663457,676475,"53.96",,,,,,,,30,2,"Curveball",0,0,0,0,0,0,0,0,"Standard","Standard",314,"0.003","0.025",,,,,"-0.025",,0,0,0.558,0.558,30,32,31,33,2,1,6,1,5,1,"3.75","-0.36","-0.36","48.5",,,,,
"CU","2023-04-24","80.3","1.8","6.81","Montgomery, Jordan",573262,656756,,"called_strike",,,,,4,,"R","L","L","SF","STL","S",,,0,0,2023,"-0.22","-0.79",-0.6597541176910734,2.595524829343152,,,681584,1,4,"Bot",,,,,,,-5.057537315851277,-116.94361504057063,-1.2052005067598732,-1.1427315814871832,20.59860521628216,-39.45981928455034,3.2917728279865,1.60793927768158,,,,"81",2357,"6.6",718446,575929,502671,669242,680977,657557,641933,663457,676475,"53.91",,,,,,,,30,1,"Curveball",0,0,0,0,0,0,0,0,"Standard","Standard",320,"-0.005","-0.042",,,,,"0.042",,0,0,0.563,0.563,30,32,31,33,2,1,6,1,5,1,"4.3","-0.22","-0.22","50.3",,,,,
"SI","2023-04-24","94.2","1.74","6.74","Montgomery, Jordan",642731,656756,"field_out","hit_into_play",,,,,2,"Thairo Estrada grounds out, second baseman Tommy Edman to first baseman Paul Goldschmidt.","R","R","L","SF","STL","X",4,"ground_ball",2,2,2023,"1.54","0.93",-0.17027647139042812,2.8741199216919027,,573262,596103,2,2,"Bot",145.31,148.35,,,,,-8.428277919729286,-136.82556327403424,-6.417899064414421,21.19092293469194,31.222126929152648,-19.229298146558374,3.3,1.63,10,"95.1",-15,"94.7",2302,"6.7",718446,575929,502671,669242,680977,657557,641933,663457,676475,"53.76",0.14,0.131,"0",1,0,0,2,17,5,"Sinker",0,0,0,0,0,0,0,0,"Standard","Standard",147,"-0.039","-0.246",,,,0.142,"0.246","95.1",0,0,0.539,0.539,30,27,31,27,2,1,6,1,5,1,"1.66","1.54","-1.54","45.3",,,,,
"CH","2023-04-24","84.5","1.75","6.49","Montgomery, Jordan",642731,656756,,"blocked_ball",,,,,13,,"R","R","L","SF","STL","B",,,1,2,2023,"0.94","0.98",-0.047602960358172686,0.5104271203251194,,573262,596103,2,2,"Bot",,,,,,,-6.093814427536796,-122.65332014559363,-9.57636206942574,10.635519573733275,23.139292234337358,-20.634956456963984,3.29913408762565,1.6287416684679,,,,"85.2",1794,"6.8",718446,575929,502671,669242,680977,657557,641933,663457,676475,"53.71",,,,,,,,17,4,"Changeup",0,0,0,0,0,0,0,0,"Standard","Standard",127,"0.007","0.033",,,,,"-0.033",,0,0,0.532,0.532,30,27,31,27,2,1,6,1,5,1,"2.22","0.94","-0.94","45.8",,,,,
"CU","2023-04-24","79.5","1.83","6.7","Montgomery, Jordan",642731,656756,,"blocked_ball",,,,,13,,"R","R","L","SF","STL","B",,,0,2,2023,"-0.25","-0.74",-0.44807530400830076,0.14066598175733658,,573262,596103,2,2,"Bot",,,,,,,-4.533844676602533,-115.56605847896813,-6.232146056802666,-1.3925136274907455,22.138286800906187,-37.791350220791855,3.38517318436899,1.65793538388303,,,,"79.8",2381,"6.6",718446,575929,502671,669242,680977,657557,641933,663457,676475,"53.88",,,,,,,,17,3,"Curveball",0,0,0,0,0,0,0,0,"Standard","Standard",320,"0.004","0.018",,,,,"-0.018",,0,0,0.528,0.528,30,27,31,27,2,1,6,1,5,1,"4.36","-0.25","0.25","46.3",,,,,
"CU","2023-04-24","81.4","1.77","6.81","Montgomery, Jordan",642731,656756,,"foul",,,,,8,,"R","R","L","SF","STL","S",,,0,1,2023,"-0.05","-0.38",0.17428252527306276,1.9026729725325264,,573262,596103,2,2,"Bot",,,,,,,-3.515603997679059,-118.6162298302151,-3.7451510925060854,0.17544622718574154,21.752859909674665,-35.317080450354254,3.3,1.63,8,"89.1",-14,"82",2353,"6.5",718446,575929,502671,669242,680977,657557,641933,663457,676475,"53.98",,,,,,,,17,2,"Curveball",0,0,0,0,0,0,0,0,"Standard","Standard",320,"-0.011","-0.061",,,,,"0.061","89.1",0,0,0.539,0.539,30,27,31,27,2,1,6,1,5,1,"3.8","-0.05","0.05","46.3",,,,,
"CU","2023-04-24","80.8","1.89","6.68","Montgomery, Jordan",642731,656756,,"called_strike",,,,,3,,"R","R","L","SF","STL","S",,,0,0,2023,"-0.24","-0.76",0.6177414160170934,2.9322984150153344,,573262,596103,2,2,"Bot",,,,,,,-2.3795597651726847,-117.69799897280845,-0.30928570194539473,-1.866989120209967,20.53490019991964,-39.391630589959505,3.35650525788222,1.68711841558765,,,,"81.6",2303,"6.6",718446,575929,502671,669242,680977,657557,641933,663457,676475,"53.89",,,,,,,,17,1,"Curveball",0,0,0,0,0,0,0,0,"Standard","Standard",319,"-0.007","-0.04",,,,,"0.04",,0,0,0.546,0.546,30,27,31,27,2,1,6,1,5,1,"4.22","-0.24","0.24","45.3",,,,,
"FF","2023-04-24","94.6","1.97","6.76","Montgomery, Jordan",596103,656756,"single","hit_into_play",,,,,3,"Austin Slater singles on a line drive to right fielder Alec Burleson. Mike Yastrzemski to 2nd.","R","R","L","SF","STL","X",9,"line_drive",0,2,2023,"0.49","1.34",0.4578578286052173,3.5108804258481774,,,573262,2,2,"Bot",190.85,118.58,,,,,-5.0741386608989165,-137.76855925312228,-5.857431637957743,7.297117711452546,28.157163924414288,-14.001780930213148,3.46,1.71,212,"99",11,"95.5",2466,"6.6",718446,575929,502671,669242,680977,657557,641933,663457,676475,"53.91",0.874,0.824,"0.9",1,1,0,4,16,3,"4-Seam Fastball",0,0,0,0,0,0,0,0,"Standard","Standard",145,"0.032","0.467",,,,1.018,"-0.467","99.0",0,0,0.514,0.514,30,30,31,31,2,1,6,,5,2,"1.19","0.49","-0.49","48.6",,,,,
"CH","2023-04-24","85","1.8","6.6","Montgomery, Jordan",596103,656756,,"swinging_strike",,,,,14,,"R","R","L","SF","STL","S",,,0,1,2023,"1.06","1.19",0.5929616295593202,1.2817853241716965,,,573262,2,2,"Bot",,,,,,,-5.0116138184029255,-123.51969324201102,-8.589152891616923,11.887395043154008,24.585583762248895,-18.509085805517405,3.46,1.71,,,,"85.8",1708,"6.9",718446,575929,502671,669242,680977,657557,641933,663457,676475,"53.61",,,,,,,,16,2,"Changeup",0,0,0,0,0,0,0,0,"Standard","Standard",131,"-0.006","-0.055",,,,,"0.055",,0,0,0.52,0.52,30,30,31,31,2,1,6,,5,2,"1.98","1.06","-1.06","46.1",,,,,
"FF","2023-04-24","94","1.94","6.64","Montgomery, Jordan",596103,656756,,"called_strike",,,,,7,,"R","R","L","SF","STL","S",,,0,0,2023,"0.53","1.23",-0.6639082310263767,1.8246052278667273,,,573262,2,2,"Bot",,,,,,,-7.9682703348272925,-136.45973717266665,-9.595514958517754,8.211984926211773,26.617247023730226,-14.914432983423362,3.45918460097214,1.70876543312257,,,,"95.1",2344,"6.8",718446,575929,502671,669242,680977,657557,641933,663457,676475,"53.67",,,,,,,,16,1,"4-Seam Fastball",0,0,0,0,0,0,0,0,"Standard","Standard",151,"-0.004","-0.045",,,,,"0.045",,0,0,0.524,0.524,30,30,31,31,2,1,6,,5,2,"1.34","0.53","-0.53","44.4",,,,,
"CH","2023-04-24","84.8","1.82","6.67","Montgomery, Jordan",663698,656756,"strikeout","swinging_strike",,,,,9,"Joey Bart strikes out swinging.","R","R","L","SF","STL","S",2,,1,2,2023,"1.06","1.18",0.8043411061240443,1.6944547561254608,,,573262,1,2,"Bot",,,,,,,-4.52745743125506,-123.26820181454107,-7.729144078313556,11.723349834439519,23.87715648090659,-18.76675538507231,3.21,1.5,,,,"85.5",1812,"6.8",718446,575929,502671,669242,680977,657557,641933,663457,676475,"53.74",,0,"0",1,0,0,,15,4,"Changeup",0,0,0,0,0,0,0,0,"Standard","Standard",131,"-0.021","-0.183",,,,,"0.183",,0,0,0.545,0.545,30,26,31,27,1,0,6,2,5,6,"1.99","1.06","-1.06","44.3",,,,,
"CU","2023-04-24","80.3","1.87","6.69","Montgomery, Jordan",663698,656756,,"called_strike",,,,,6,,"R","R","L","SF","STL","S",,,1,1,2023,"-0.32","-0.57",0.42088647077325725,2.536025609919567,,,573262,1,2,"Bot",,,,,,,-2.6240314371571536,-117.04817099739657,-1.5134265423728024,-2.4905418136167783,20.30552544526289,-37.34215723373949,3.23783477690196,1.49870398266727,,,,"81.2",2416,"6.6",718446,575929,502671,669242,680977,657557,641933,663457,676475,"53.9",,,,,,,,15,3,"Curveball",0,0,0,0,0,0,0,0,"Standard","Standard",316,"-0.007","-0.055",,,,,"0.055",,0,0,0.552,0.552,30,26,31,27,1,0,6,2,5,6,"4.07","-0.32","0.32","44.3",,,,,
"CH","2023-04-24","84.8","1.78","6.59","Montgomery, Jordan",663698,656756,,"foul",,,,,9,,"R","R","L","SF","STL","S",,,1,0,2023,"0.72","1.28",0.6640179021545483,1.6921457687174104,,,573262,1,2,"Bot",,,,,,,-4.085612712302989,-123.33517669105164,-7.759850730044487,8.105505875184226,23.371110292130492,-17.821094919113857,3.21,1.5,,,,"85.7",1829,"6.8",718446,575929,502671,669242,680977,657557,641933,663457,676475,"53.72",,,,,,,,15,2,"Changeup",0,0,0,0,0,0,0,0,"Standard","Standard",128,"-0.006","-0.053",,,,,"0.053",,0,0,0.558,0.558,30,26,31,27,1,0,6,2,5,6,"1.88","0.72","-0.72","44.5",,,,,
"CH","2023-04-24","84.5","1.78","6.57","Montgomery, Jordan",663698,656756,,"ball",,,,,14,,"R","R","L","SF","STL","B",,,0,0,2023,"0.88","1.03",1.1482937407833573,2.311050649954567,,,573262,1,2,"Bot",,,,,,,-3.275068785370749,-123.07215135515821,-5.7376610451742005,9.623454490116107,22.178852486559304,-20.818834039638652,3.29525605681336,1.49870398266727,,,,"85.7",1837,"6.8",718446,575929,502671,669242,680977,657557,641933,663457,676475,"53.69",,,,,,,,15,1,"Changeup",0,0,0,0,0,0,0,0,"Standard","Standard",134,"0.004","0.036",,,,,"-0.036",,0,0,0.554,0.554,30,26,31,27,1,0,6,2,5,6,"2.14","0.88","-0.88","44.7",,,,,
"CH","2023-04-24","84.8","1.86","6.56","Montgomery, Jordan",527038,656756,"strikeout","foul_tip",,,,,14,"Wilmer Flores strikes out on a foul tip.","R","R","L","SF","STL","S",2,,3,2,2023,"0.98","0.85",1.1425989086647288,1.9902016212013276,596103,571745,605204,2,1,"Bot",,,,,,,-3.6810647801855882,-123.3794298449108,-6.094072280890201,10.750897961177616,24.833230057849914,-22.491093154162893,3.08,1.52,,,,"85.6",1639,"6.8",718446,575929,502671,669242,680977,657557,641933,663457,676475,"53.67",,0,"0",1,0,0,,9,6,"Changeup",0,0,0,0,0,0,0,0,"Standard","Standard",127,"-0.086","-0.279",,,,,"0.279",,0,0,0.586,0.586,30,31,31,32,1,0,6,1,5,2,"2.32","0.98","-0.98","47.3",,,,,
"SI","2023-04-24","94.2","1.72","6.78","Montgomery, Jordan",527038,656756,,"ball",,,,,11,,"R","R","L","SF","STL","B",,,2,2,2023,"1.47","0.74",-0.987358296106785,2.9703835973377104,596103,571745,605204,2,1,"Bot",,,,,,,-10.366442588288393,-136.7366183598429,-5.849064709958409,20.706322032164014,30.886127171358336,-21.752323827115788,3.05027404449974,1.48946494613266,,,,"94.9",2296,"6.9",718446,575929,502671,669242,680977,657557,641933,663457,676475,"53.64",,,,,,,,9,5,"Sinker",0,0,0,0,0,0,0,0,"Standard","Standard",152,"0.025","0.058",,,,,"-0.058",,0,0,0.561,0.561,30,31,31,32,1,0,6,1,5,2,"1.85","1.47","-1.47","48.2",,,,,
"CH","2023-04-24","85.6","1.72","6.53","Montgomery, Jordan",527038,656756,,"blocked_ball",,,,,13,,"R","R","L","SF","STL","B",,,1,2,2023,"0.69","1.23",-0.08632570304302245,0.0809101800354115,596103,571745,605204,2,1,"Bot",,,,,,,-5.703415101856916,-124.14900584550925,-11.559201033307005,8.217789400195425,22.188332600913732,-17.41420305814687,3.07906636892298,1.54794292558368,,,,"86.8",1721,"7",718446,575929,502671,669242,680977,657557,641933,663457,676475,"53.53",,,,,,,,9,4,"Changeup",0,0,0,0,0,0,0,0,"Standard","Standard",136,"0.011","0.051",,,,,"-0.051",,0,0,0.55,0.55,30,31,31,32,1,0,6,1,5,2,"1.87","0.69","-0.69","44.8",,,,,
"CU","2023-04-24","82.3","1.8","6.73","Montgomery, Jordan",527038,656756,,"blocked_ball",,,,,13,,"R","R","L","SF","STL","B",,,0,2,2023,"-0.79","-0.56",-1.638893672754669,-0.309597554809097,596103,571745,605204,2,1,"Bot",,,,,,,-6.296065949333725,-119.54239347223232,-8.370807373952648,-6.360589054204758,22.78597317016786,-36.13718522159487,3.10815848416031,1.51913827498397,,,,"82.7",2457,"6.6",718446,575929,502671,669242,680977,657557,641933,663457,676475,"53.88",,,,,,,,9,3,"Curveball",0,0,0,0,0,0,0,0,"Standard","Standard",328,"0.007","0.011",,,,,"-0.011",,0,0,0.543,0.543,30,31,31,32,1,0,6,1,5,2,"3.94","-0.79","0.79","48.1",,,,,
"CH","2023-04-24","84.7","1.79","6.61","Montgomery, Jordan",527038,656756,,"foul",,,,,6,,"R","R","L","SF","STL","S",,,0,1,2023,"0.97","1.02",0.6639457914816501,2.2795161609381562,596103,571745,605204,2,1,"Bot",,,,,,,-4.609901156281779,-123.22732982848947,-5.869892369650499,10.79395761755122,23.42310487221079,-20.86115032242486,3.08,1.52,6,"74.3",-21,"85.6",1790,"6.8",718446,575929,502671,669242,680977,657557,641933,663457,676475,"53.71",,,,,,,,9,2,"Changeup",0,0,0,0,0,0,0,0,"Standard","Standard",136,"-0.018","-0.057",,,,,"0.057","88.0",0,0,0.561,0.561,30,31,31,32,1,0,6,1,5,2,"2.15","0.97","-0.97","45.3",,,,,
"CU","2023-04-24","80.8","1.8","6.8","Montgomery, Jordan",527038,656756,,"called_strike",,,,,5,,"R","R","L","SF","STL","S",,,0,0,2023,"-0.19","-0.53",-0.26682447868196224,2.091590905639957,596103,571745,605204,2,1,"Bot",,,,,,,-4.278903682683812,-117.67540749839823,-2.8536202062450324,-0.9684707996906541,22.149668862225155,-36.76272035352154,3.07627006270948,1.54564158258692,,,,"81.5",2288,"6.7",718446,575929,502671,669242,680977,657557,641933,663457,676475,"53.79",,,,,,,,9,1,"Curveball",0,0,0,0,0,0,0,0,"Standard","Standard",319,"-0.011","-0.047",,,,,"0.047",,0,0,0.572,0.572,30,31,31,32,1,0,6,1,5,2,"4.01","-0.19","0.19","48.3",,,,,
"SI","2023-04-24","93.6","1.75","6.81","Montgomery, Jordan",624424,656756,"field_out","hit_into_play",,,,,12,"Michael Conforto pops out softly to catcher Willson Contreras in foul territory.","R","L","L","SF","STL","X",2,"popup",0,0,2023,"1.26","0.89",1.0549408541994614,3.0488251194310427,596103,571745,605204,1,1,"Bot",133.07,199.79,,,,,-4.619879544297598,-136.12967377896769,-5.982380933070782,16.721845096495368,29.877058382269013,-19.933820255818024,3.13,1.5,19,"56.2",82,"94.3",2248,"6.7",718446,575929,502671,669242,680977,657557,641933,663457,676475,"53.78",0.005,0.006,"0",1,0,0,1,8,1,"Sinker",0,0,0,0,0,0,0,0,"Standard","Standard",156,"-0.073","-0.161",,,,0.007,"0.161","88.0",0,0,0.645,0.645,30,30,31,30,1,0,6,1,5,1,"1.71","1.26","1.26","49.2",,,,,
"CU","2023-04-24","81.1","1.89","6.75","Montgomery, Jordan",605204,656756,"single","hit_into_play",,,,,5,"J.D. Davis singles on a line drive to right fielder Alec Burleson. Austin Slater to 3rd. Mitch Haniger to 2nd.","R","R","L","SF","STL","X",9,"line_drive",0,1,2023,"-0.28","-0.79",0.2234065891870265,2.19879970557809,,596103,571745,1,1,"Bot",173.33,109.68,,,,,-3.1976525088418972,-118.09658276270555,-2.0147737040536624,-1.979782487173645,23.52579809401085,-39.349719483677546,3.31,1.63,151,"92",9,"81.3",2423,"6.5",718446,575929,502671,669242,680977,657557,641933,663457,676475,"54.02",0.637,0.592,"0.9",1,1,0,4,7,2,"Curveball",0,0,0,0,0,0,0,0,"Standard","Standard",325,"0.065","0.525",,,,0.712,"-0.525","92.0",0,0,0.58,0.58,30,30,31,30,1,0,6,1,5,1,"4.26","-0.28","0.28","48.8",,,,,
"CU","2023-04-24","80.3","1.79","6.77","Montgomery, Jordan",605204,656756,,"called_strike",,,,,6,,"R","R","L","SF","STL","S",,,0,0,2023,"-0.19","-0.61",0.30585945382481017,2.1316641527975495,,596103,571745,1,1,"Bot",,,,,,,-2.9387134449807455,-116.9313483100627,-2.4516284695582993,-1.196231195651308,21.42016329174475,-37.55624136674848,3.1916218228362,1.50942515914601,,,,"80.9",2325,"6.6",718446,575929,502671,669242,680977,657557,641933,663457,676475,"53.93",,,,,,,,7,1,"Curveball",0,0,0,0,0,0,0,0,"Standard","Standard",321,"-0.007","-0.04",,,,,"0.04",,0,0,0.587,0.587,30,30,31,30,1,0,6,1,5,1,"4.13","-0.19","0.19","48.0",,,,,
"SI","2023-04-24","93.4","1.75","6.73","Montgomery, Jordan",571745,656756,"walk","ball",,,,,13,"Mitch Haniger walks. Austin Slater to 2nd.","R","R","L","SF","STL","B",,,3,0,2023,"1.35","0.87",-1.025962867668107,2.5127365104906896,,,596103,1,1,"Bot",,,,,,,-10.183595365361583,-135.5661065275095,-7.108927735723481,18.799387323559703,26.182720346672273,-20.060390086006237,3.41118089755248,1.61479944123116,,,,"94.4",2132,"6.8",718446,575929,502671,669242,680977,657557,641933,663457,676475,"53.75",,0.695903,"0.7",1,0,0,,6,4,"Sinker",0,0,0,0,0,0,0,0,"Standard","Strategic",149,"0.014","0.125",,,,,"-0.125",,0,0,0.573,0.573,30,32,31,33,1,0,6,,5,2,"1.73","1.35","-1.35","48.3",,,,,
"CU","2023-04-24","80.2","1.64","6.68","Montgomery, Jordan",571745,656756,,"blocked_ball",,,,,13,,"R","R","L","SF","STL","B",,,2,0,2023,"-0.46","-0.9",-1.130247634591397,0.11095054111287128,,,596103,1,1,"Bot",,,,,,,-5.326566248731526,-116.66030953423298,-6.1989802224325325,-3.218088054324277,21.693838590304047,-39.484673161356554,3.2704308874773,1.50025071117425,,,,"81.4",2379,"7.1",718446,575929,502671,669242,680977,657557,641933,663457,676475,"53.44",,,,,,,,6,3,"Curveball",0,0,0,0,0,0,0,0,"Standard","Strategic",328,"0.011","0.11",,,,,"-0.11",,0,0,0.562,0.562,30,32,31,33,1,0,6,,5,2,"4.45","-0.46","0.46","49.1",,,,,
"SI","2023-04-24","93.7","1.92","6.86","Montgomery, Jordan",571745,656756,,"ball",,,,,12,,"R","R","L","SF","STL","B",,,1,0,2023,"1.24","0.77",0.8785459237999058,4.48058306028981,,,596103,1,1,"Bot",,,,,,,-5.466163492437875,-136.43494486495337,-2.131630490220985,16.72238961949234,29.791061802217552,-22.269818796396205,3.41412165205143,1.58829160284565,,,,"94.3",2388,"6.6",718446,575929,502671,669242,680977,657557,641933,663457,676475,"53.94",,,,,,,,6,2,"Sinker",0,0,0,0,0,0,0,0,"Standard","Strategic",153,"0.007","0.054",,,,,"-0.054",,0,0,0.555,0.555,30,32,31,33,1,0,6,,5,2,"1.82","1.24","-1.24","45.9",,,,,
"CH","2023-04-24","85.3","1.71","6.66","Montgomery, Jordan",571745,656756,,"blocked_ball",,,,,13,,"R","R","L","SF","STL","B",,,0,0,2023,"0.8","1.17",-0.44859519525185987,0.4203726966927861,,,596103,1,1,"Bot",,,,,,,-6.720729223755774,-123.84891295348515,-10.92751373732756,9.373205917800261,18.371085590790027,-18.404579073614833,3.38190429852075,1.58455667368317,,,,"86.8",1728,"6.8",718446,575929,502671,669242,680977,657557,641933,663457,676475,"53.69",,,,,,,,6,1,"Changeup",0,0,0,0,0,0,0,0,"Standard","Standard",131,"0.004","0.036",,,,,"-0.036",,0,0,0.551,0.551,30,32,31,33,1,0,6,,5,2,"1.92","0.8","-0.8","45.0",,,,,
"CU","2023-04-24","81","1.8","6.73","Montgomery, Jordan",642731,656756,"strikeout","swinging_strike",,,,,8,"Thairo Estrada strikes out swinging.","R","R","L","SF","STL","S",2,,3,2,2023,"-0.42","-0.81",-0.1077868858815279,2.0617670465845856,,,596103,0,1,"Bot",,,,,,,-3.476081960779697,-118.01130337545835,-2.338517018733873,-3.3440320646492263,20.724940308394217,-39.53283838678101,3.3,1.63,,,,"81.8",2414,"6.6",718446,575929,502671,669242,680977,657557,641933,663457,676475,"53.88",,0,"0",1,0,0,,5,13,"Curveball",0,0,0,0,0,0,0,0,"Standard","Standard",324,"-0.04","-0.298",,,,,"0.298",,0,0,0.591,0.591,30,27,31,27,1,0,6,1,5,1,"4.25","-0.42","0.42","47.9",,,,,
"FF","2023-04-24","94.6","1.88","6.76","Montgomery, Jordan",642731,656756,,"foul",,,,,5,,"R","R","L","SF","STL","S",,,3,2,2023,"0.76","1.3",0.2531193570442454,2.6385093583657335,,,596103,0,1,"Bot",,,,,,,-5.99785726182391,-137.4777241561376,-8.043798788816025,10.981113926757121,28.514920368551262,-14.129413144131943,3.3,1.63,188,"75.4",20,"95.5",2398,"6.7",718446,575929,502671,669242,680977,657557,641933,663457,676475,"53.79",,,,,,,,5,12,"4-Seam Fastball",0,0,0,0,0,0,0,0,"Standard","Standard",148,"0","0",,,,,"0","88.0",0,0,0.591,0.591,30,27,31,27,1,0,6,1,5,1,"1.24","0.76","-0.76","43.7",,,,,
"CU","2023-04-24","80.5","1.79","6.7","Montgomery, Jordan",642731,656756,,"foul",,,,,14,,"R","R","L","SF","STL","S",,,3,2,2023,"-0.23","-0.79",0.08665677010546344,1.4928172981042538,,,596103,0,1,"Bot",,,,,,,-3.3639605225561118,-117.20694037339798,-3.418557788522551,-1.5119820442671663,21.50076087053786,-39.070787748984145,3.3,1.63,39,"41.7",35,"81.2",2289,"6.7",718446,575929,502671,669242,680977,657557,641933,663457,676475,"53.82",,,,,,,,5,11,"Curveball",0,0,0,0,0,0,0,0,"Standard","Standard",319,"0","0",,,,,"0","88.0",0,0,0.591,0.591,30,27,31,27,1,0,6,1,5,1,"4.3","-0.23","0.23","51.1",,,,,
"FF","2023-04-24","94.6","1.88","6.76","Montgomery, Jordan",642731,656756,,"foul",,,,,12,,"R","R","L","SF","STL","S",,,3,2,2023,"0.61","1.36",0.7145939246352592,3.668480077067067,,,596103,0,1,"Bot",,,,,,,-4.440994782788836,-137.7313236010204,-5.49999495942347,8.744156287577564,28.372090948623654,-13.77356475518554,3.3,1.63,151,"79.7",12,"95.6",2503,"6.7",718446,575929,502671,669242,680977,657557,641933,663457,676475,"53.85",,,,,,,,5,10,"4-Seam Fastball",0,0,0,0,0,0,0,0,"Standard","Standard",157,"0","0",,,,,"0","88.0",0,0,0.591,0.591,30,27,31,27,1,0,6,1,5,1,"1.17","0.61","-0.61","41.8",,,,,
"FF","2023-04-24","95","1.87","6.83","Montgomery, Jordan",642731,656756,,"foul",,,,,2,,"R","R","L","SF","STL","S",,,3,2,2023,"0.55","1.32",0.16914409583427925,2.8730843028053066,,,596103,0,1,"Bot",,,,,,,-5.705193008922626,-138.22354538213,-7.745356007963394,8.243676159950926,28.747035092021942,-13.694917698295608,3.3,1.63,192,"71",56,"95.7",2404,"6.6",718446,575929,502671,669242,680977,657557,641933,663457,676475,"53.93",,,,,,,,5,9,"4-Seam Fastball",0,0,0,0,0,0,0,0,"Standard","Standard",145,"0","0",,,,,"0","88.0",0,0,0.591,0.591,30,27,31,27,1,0,6,1,5,1,"1.19","0.55","-0.55","47.9",,,,,
"SI","2023-04-24","94.8","1.8","6.84","Montgomery, Jordan",642731,656756,,"foul",,,,,3,,"R","R","L","SF","STL","S",,,3,2,2023,"1.21","0.9",0.4454529516041601,3.3704257784155534,,,596103,0,1,"Bot",,,,,,,-6.284847113794774,-138.01861350887484,-5.486981738581189,16.81480654586388,28.053143270797435,-19.67510651697894,3.3,1.63,224,"76.1",52,"95.9",2139,"6.7",718446,575929,502671,669242,680977,657557,641933,663457,676475,"53.81",,,,,,,,5,8,"Sinker",0,0,0,0,0,0,0,0,"Standard","Standard",146,"0","0",,,,,"0","88.0",0,0,0.591,0.591,30,27,31,27,1,0,6,1,5,1,"1.62","1.21","-1.21","45.1",,,,,
"CH","2023-04-24","84.3","1.87","6.58","Montgomery, Jordan",642731,656756,,"foul",,,,,5,,"R","R","L","SF","STL","S",,,3,2,2023,"1.03","1.08",-0.027628827078156948,2.4613088144344757,,,596103,0,1,"Bot",,,,,,,-6.526862192131187,-122.54590920587556,-5.4093388031454035,11.635647721736602,23.193185909250904,-20.424190825528974,3.3,1.63,294,"90.5",31,"85.3",1779,"6.9",718446,575929,502671,669242,680977,657557,641933,663457,676475,"53.6",,,,,,,,5,7,"Changeup",0,0,0,0,0,0,0,0,"Standard","Standard",134,"0","0",,,,,"0","90.5",0,0,0.591,0.591,30,27,31,27,1,0,6,1,5,1,"2.12","1.03","-1.03","45.1",,,,,
"CU","2023-04-24","82.4","1.84","6.74","Montgomery, Jordan",642731,656756,,"ball",,,,,13,,"R","R","L","SF","STL","B",,,2,2,2023,"-0.06","-0.66",-0.6026929852116292,1.4715870831617281,,,596103,0,1,"Bot",,,,,,,-5.47295026109861,-119.97273407529669,-4.191391815127425,0.45499975293807554,22.793446848540512,-37.99008394439496,3.32147311347239,1.62301149738826,,,,"82.9",2369,"6.6",718446,575929,502671,669242,680977,657557,641933,663457,676475,"53.92",,,,,,,,5,6,"Curveball",0,0,0,0,0,0,0,0,"Standard","Standard",320,"0.013","0.088",,,,,"-0.088",,0,0,0.578,0.578,30,27,31,27,1,0,6,1,5,1,"4.01","-0.06","0.06","47.8",,,,,
"SI","2023-04-24","94.5","1.83","6.77","Montgomery, Jordan",642731,656756,,"foul",,,,,14,,"R","R","L","SF","STL","S",,,2,2,2023,"1.21","0.95",1.0642572634381933,2.365079830197751,,,596103,0,1,"Bot",,,,,,,-4.737426126448592,-137.4619919057405,-8.014026259692598,16.462371290133337,27.59967273557102,-18.56103254963317,3.3,1.63,213,"81",19,"95.4",2229,"6.6",718446,575929,502671,669242,680977,657557,641933,663457,676475,"53.89",,,,,,,,5,5,"Sinker",0,0,0,0,0,0,0,0,"Standard","Standard",151,"0","0",,,,,"0","88.0",0,0,0.578,0.578,30,27,31,27,1,0,6,1,5,1,"1.58","1.21","-1.21","46.8",,,,,
"CH","2023-04-24","82.9","1.76","6.65","Montgomery, Jordan",642731,656756,,"ball",,,,,14,,"R","R","L","SF","STL","B",,,1,2,2023,"0.76","0.9",1.5892014447582072,1.4057108911377196,,,596103,0,1,"Bot",,,,,,,-1.9036557770300817,-120.62957853270525,-7.356698606080705,7.8443043792562195,21.39165300694607,-22.237134462250655,3.32442884204597,1.62572353601161,,,,"83.9",1629,"6.7",718446,575929,502671,669242,680977,657557,641933,663457,676475,"53.78",,,,,,,,5,4,"Changeup",0,0,0,0,0,0,0,0,"Standard","Standard",133,"0.005","0.045",,,,,"-0.045",,0,0,0.573,0.573,30,27,31,27,1,0,6,1,5,1,"2.4","0.76","-0.76","45.2",,,,,
"CH","2023-04-24","85.2","1.88","6.6","Montgomery, Jordan",642731,656756,,"foul",,,,,6,,"R","R","L","SF","STL","S",,,1,1,2023,"0.98","0.88",0.7875342768712992,2.5764787069103736,,,596103,0,1,"Bot",,,,,,,-4.582733276896782,-124.00121057726047,-4.991149174098194,11.004157454557502,24.085869261347767,-22.266021101710173,3.3,1.63,32,"57.6",0,"86.2",1792,"6.9",718446,575929,502671,669242,680977,657557,641933,663457,676475,"53.63",,,,,,,,5,3,"Changeup",0,0,0,0,0,0,0,0,"Standard","Standard",132,"-0.008","-0.059",,,,,"0.059","88.0",0,0,0.581,0.581,30,27,31,27,1,0,6,1,5,1,"2.25","0.98","-0.98","43.4",,,,,
"FF","2023-04-24","95.2","2.01","6.79","Montgomery, Jordan",642731,656756,,"ball",,,,,12,,"R","R","L","SF","STL","B",,,0,1,2023,"0.73","1.39",1.2074853368005543,2.9696105146095997,,,596103,0,1,"Bot",,,,,,,-3.7616418704945316,-138.4958705380345,-7.537384566195826,10.297278149073405,30.49315684883405,-12.78846324735618,3.33904751445728,1.62587045146591,,,,"95.7",2434,"6.6",718446,575929,502671,669242,680977,657557,641933,663457,676475,"53.94",,,,,,,,5,2,"4-Seam Fastball",0,0,0,0,0,0,0,0,"Standard","Standard",149,"0.003","0.024",,,,,"-0.024",,0,0,0.578,0.578,30,27,31,27,1,0,6,1,5,1,"1.12","0.73","-0.73","41.9",,,,,
"SI","2023-04-24","95.2","1.96","6.73","Montgomery, Jordan",642731,656756,,"foul_bunt",,,,,5,,"R","R","L","SF","STL","S",,,0,0,2023,"1.39","1.16",-0.15650969829390116,2.2847828132833925,,,596103,0,1,"Bot",,,,,,,-8.7690197331018,-138.11520293563663,-8.658002866872781,19.739731930134223,32.7836766631324,-15.497484282160967,3.3,1.63,,,,"96",2239,"7.1",718446,575929,502671,669242,680977,657557,641933,663457,676475,"53.42",,,,,,,,5,1,"Sinker",0,0,0,0,0,0,0,0,"Standard","Standard",146,"-0.005","-0.036",,,,,"0.036","88.0",0,0,0.583,0.583,30,27,31,27,1,0,6,1,5,1,"1.39","1.39","-1.39","44.3",,,,,
"CU","2023-04-18","81.1","1.73","6.63","Montgomery, Jordan",572233,656756,"field_out","hit_into_play",,,,,13,"Christian Walker flies out to center fielder Dylan Carlson.","R","R","L","STL","AZ","X",8,"fly_ball",3,2,2023,"-0.15","-0.75",-0.017768687267643274,1.0421658114155914,,668942,666971,2,4,"Top",140.87,88.28,,,,,-3.6365826654743745,-118.1374455933258,-4.480555887108215,-0.7645346413707438,21.987301161323582,-38.569573312757036,3.33,1.54,278,"88.5",40,"81.8",2384,"6.6",718527,575929,502671,669357,600301,669242,641933,666185,663457,"53.87",0.005,0.005,"0",1,0,0,3,38,7,"Curveball",2,7,7,2,7,2,7,2,"Standard","Standard",332,"0.013","-0.31",,,,0.006,"0.31","88.5",-5,5,0.08,0.92,30,32,31,32,3,2,5,1,6,1,"4.2","-0.15","0.15","46.2",,,,,
"CU","2023-04-18","82.4","1.79","6.54","Montgomery, Jordan",572233,656756,,"foul",,,,,13,,"R","R","L","STL","AZ","S",,,3,2,2023,"-0.31","-0.46",-0.5351792362173121,0.5056111860767558,,668942,666971,2,4,"Top",,,,,,,-4.691671182978202,-119.76149458039293,-6.234970835064902,-2.009549695250434,25.05640060588945,-35.512370390111265,3.33,1.54,,,,"82.4",2547,"6.5",718527,575929,502671,669357,600301,669242,641933,666185,663457,"53.98",,,,,,,,38,6,"Curveball",2,7,7,2,7,2,7,2,"Standard","Standard",321,"0","0",,,,,"0",,-5,5,0.08,0.92,30,32,31,32,3,2,5,1,6,1,"3.85","-0.31","0.31","45.0",,,,,
"SI","2023-04-18","94.9","1.84","6.54","Montgomery, Jordan",572233,656756,,"ball",,,,,7,,"R","R","L","STL","AZ","B",,,2,2,2023,"1.39","0.92",-0.4695066356191959,1.5081915620345256,,668942,666971,2,4,"Top",,,,,,,-9.225994588361143,-137.6375196103785,-9.5938346008684,19.722024852574012,32.532447111783235,-18.374296276376032,3.32949314126665,1.39518711610907,,,,"95.5",2283,"7",718527,575929,502671,669357,600301,669242,641933,666185,663457,"53.54",,,,,,,,38,5,"Sinker",2,7,7,2,7,2,7,2,"Standard","Standard",147,"-0.003","0.064",,,,,"-0.064",,-5,5,0.083,0.917,30,32,31,32,3,2,5,1,6,1,"1.64","1.39","-1.39","45.4",,,,,
"CU","2023-04-18","81.4","1.76","6.58","Montgomery, Jordan",572233,656756,,"ball",,,,,14,,"R","R","L","STL","AZ","B",,,1,2,2023,"-0.16","-0.51",0.5209122872430986,0.8956859290414512,,668942,666971,2,4,"Top",,,,,,,-2.5001873510226718,-118.56200833246058,-5.233305328855908,-0.9978879835337408,22.363070249852306,-36.166105837023,3.21909170527915,1.47680155534881,,,,"81.8",2444,"6.5",718527,575929,502671,669357,600301,669242,641933,666185,663457,"54.04",,,,,,,,38,4,"Curveball",2,7,7,2,7,2,7,2,"Standard","Standard",325,"-0.002","0.033",,,,,"-0.033",,-5,5,0.085,0.915,30,32,31,32,3,2,5,1,6,1,"3.93","-0.16","0.16","47.2",,,,,
"SI","2023-04-18","94.1","1.74","6.62","Montgomery, Jordan",572233,656756,,"foul",,,,,3,,"R","R","L","STL","AZ","S",,,1,1,2023,"1.24","0.74",0.556385504965971,3.133665758903435,,668942,666971,2,4,"Top",,,,,,,-5.857300062414328,-136.93874852986102,-5.088886790227855,16.88980874331699,26.326715032968732,-21.89278076949728,3.33,1.54,239,"78.7",36,"95.2",2157,"6.6",718527,575929,502671,669357,600301,669242,641933,666185,663457,"53.88",,,,,,,,38,3,"Sinker",2,7,7,2,7,2,7,2,"Standard","Standard",144,"0.003","-0.069",,,,,"0.069","88.0",-5,5,0.082,0.918,30,32,31,32,3,2,5,1,6,1,"1.8","1.24","-1.24","44.8",,,,,
"SI","2023-04-18","93.6","1.9","6.65","Montgomery, Jordan",572233,656756,,"ball",,,,,12,,"R","R","L","STL","AZ","B",,,0,1,2023,"1.36","0.74",1.9588899009299574,3.400963475985522,,668942,666971,2,4,"Top",,,,,,,-2.8562920867907313,-136.22993664084805,-4.272493320900116,17.575840232743168,29.569615557316908,-22.280659749262632,3.32977023352086,1.55014792325834,,,,"93.7",2149,"6.3",718527,575929,502671,669357,600301,669242,641933,666185,663457,"54.22",,,,,,,,38,2,"Sinker",2,7,7,2,7,2,7,2,"Standard","Standard",145,"-0.001","0.025",,,,,"-0.025",,-5,5,0.083,0.917,30,32,31,32,3,2,5,1,6,1,"1.86","1.36","-1.36","43.2",,,,,
"SI","2023-04-18","93.2","1.75","6.61","Montgomery, Jordan",572233,656756,,"called_strike",,,,,7,,"R","R","L","STL","AZ","S",,,0,0,2023,"1.44","0.79",-0.4126330418915425,1.9411199174546059,,668942,666971,2,4,"Top",,,,,,,-8.734513099473784,-135.2503430975439,-7.97337287918098,19.57537512155136,28.40392453746295,-20.905858920775977,3.29221786223668,1.45235056855618,,,,"93.5",2196,"6.5",718527,575929,502671,669357,600301,669242,641933,666185,663457,"53.98",,,,,,,,38,1,"Sinker",2,7,7,2,7,2,7,2,"Infield shade","Standard",145,"0.002","-0.04",,,,,"0.04",,-5,5,0.081,0.919,30,32,31,32,3,2,5,1,6,1,"1.84","1.44","-1.44","43.2",,,,,
"FF","2023-04-18","93.9","1.93","6.57","Montgomery, Jordan",666971,656756,"single","hit_into_play",,,,,1,"Lourdes Gurriel Jr. singles on a sharp ground ball to center fielder Dylan Carlson. Josh Rojas to 2nd.","R","R","L","STL","AZ","X",8,"ground_ball",0,1,2023,"0.55","1.18",-0.39277368860009443,3.006583192239267,,,668942,2,4,"Top",113.42,83.73,,,,,-7.249320279725514,-136.4601503875594,-6.134891346412958,8.373698244743144,28.863470016761696,-16.309800629449924,3.51,1.7,93,"103.5",5,"94.3",2346,"6.5",718527,575929,502671,669357,600301,669242,641933,666185,663457,"54.01",0.611,0.574,"0.9",1,1,0,4,37,2,"4-Seam Fastball",2,7,7,2,7,2,7,2,"Standard","Standard",150,"-0.007","0.413",,,,0.699,"-0.413","103.5",-5,5,0.088,0.912,30,29,31,30,3,2,5,1,6,1,"1.41","0.55","-0.55","43.8",,,,,
"FF","2023-04-18","94.7","1.82","6.56","Montgomery, Jordan",666971,656756,,"called_strike",,,,,1,,"R","R","L","STL","AZ","S",,,0,0,2023,"0.34","1.01",-0.6328264296781461,3.2834131855610487,,,668942,2,4,"Top",,,,,,,-7.233980664558679,-137.76090818166173,-5.246270626588535,5.843313654807587,27.00213247151632,-18.261747843276513,3.58458496453868,1.72124998905149,,,,"96",2274,"6.8",718527,575929,502671,669357,600301,669242,641933,666185,663457,"53.68",,,,,,,,37,1,"4-Seam Fastball",2,7,7,2,7,2,7,2,"Standard","Standard",148,"0.001","-0.045",,,,,"0.045",,-5,5,0.087,0.913,30,29,31,30,3,2,5,1,6,1,"1.5","0.34","-0.34","42.8",,,,,
"SI","2023-04-18","93.7","1.86","6.63","Montgomery, Jordan",668942,656756,"force_out","hit_into_play",,,,,6,"Josh Rojas grounds into a force out, second baseman Nolan Gorman to shortstop Tommy Edman. Ketel Marte out at 2nd. Josh Rojas to 1st.","R","L","L","STL","AZ","X",4,"ground_ball",0,1,2023,"1.29","0.78",0.8127631358593483,2.2787221401151623,,,606466,1,4,"Top",152.53,154.48,,,,,-5.575843686018267,-136.33500037237516,-7.3180830200197855,17.31135566253673,27.4542829378939,-21.018663137857022,3.4,1.67,89,"94.8",4,"94.5",2155,"6.6",718527,575929,502671,669357,600301,669242,641933,666185,663457,"53.91",0.482,0.445,"0",1,0,0,4,36,2,"Sinker",2,7,7,2,7,2,7,2,"Standard","Standard",147,"0.007","-0.291",,,,0.537,"0.291","94.8",-5,5,0.08,0.92,30,29,31,29,3,2,5,1,6,1,"1.79","1.29","1.29","44.0",,,,,
"SI","2023-04-18","94.5","1.88","6.64","Montgomery, Jordan",668942,656756,,"swinging_strike",,,,,12,,"R","L","L","STL","AZ","S",,,0,0,2023,"1.3","0.83",0.9656786995470172,3.6023254846701507,,,606466,1,4,"Top",,,,,,,-5.30305522062659,-137.58052667057325,-4.092143264315956,17.711257872864753,29.885155616776387,-20.903005988032046,3.4,1.67,,,,"94.8",2230,"6.4",718527,575929,502671,669357,600301,669242,641933,666185,663457,"54.13",,,,,,,,36,1,"Sinker",2,7,7,2,7,2,7,2,"Standard","Standard",147,"0.001","-0.042",,,,,"0.042",,-5,5,0.079,0.921,30,29,31,29,3,2,5,1,6,1,"1.71","1.3","1.3","45.1",,,,,
"CH","2023-04-18","85.4","1.7","6.51","Montgomery, Jordan",672515,656756,"home_run","hit_into_play",,,,,1,"Gabriel Moreno homers (1) on a fly ball to center field. Jake McCarthy scores. Nick Ahmed scores.","R","R","L","STL","AZ","X",,"fly_ball",1,0,2023,"0.86","1.16",-0.383982171957011,2.7493679350032267,664983,605113,,0,4,"Top",83.27,43.32,,,,,-6.666986484585686,-124.23123240498853,-4.943958476283519,10.1992240074209,24.082573376428595,-19.377091817130918,3.28,1.51,399,"109.2",31,"86",1706,"6.6",718527,575929,502671,669357,600301,669242,641933,666185,663457,"53.86",0.954,1.907857142857143,"2",1,0,3,6,33,2,"Changeup",2,4,4,2,7,2,7,2,"Strategic","Standard",133,"-0.086","0.9",,,,3.806,"-0.9","109.2",-2,2,0.165,0.835,30,23,31,23,2,1,5,1,6,1,"1.96","0.86","-0.86","48.6",,,,,
"FC","2023-04-18","89.4","1.91","6.55","Montgomery, Jordan",672515,656756,,"ball",,,,,13,,"R","R","L","STL","AZ","B",,,0,0,2023,"-0.25","0.69",-1.8697924362314418,1.4529917861599726,664983,605113,,0,4,"Top",,,,,,,-8.788260644304346,-129.66554469795378,-7.958582517093775,-0.9242756914021756,28.03268180331329,-22.8561858814572,3.27976184139973,1.47680155534881,,,,"89.3",2371,"6.5",718527,575929,502671,669357,600301,669242,641933,666185,663457,"54",,,,,,,,33,1,"Cutter",2,4,4,2,4,2,4,2,"Strategic","Standard",166,"-0.001","0.032",,,,,"-0.032",,-2,2,0.166,0.834,30,23,31,23,2,1,5,1,6,1,"2.19","-0.25","0.25","43.1",,,,,
"CU","2023-04-18","82.7","1.82","6.54","Montgomery, Jordan",605113,656756,"double","hit_into_play",,,,,13,"Nick Ahmed doubles (3) on a line drive to left fielder Tyler O'Neill. Christian Walker scores. Evan Longoria scores. Jake McCarthy to 3rd.","R","R","L","STL","AZ","X",7,"line_drive",2,2,2023,"-0.25","-0.52",-1.09607613646278,-0.5116336953937006,572233,446334,664983,0,4,"Top",81.42,108.16,,,,,-6.195490076150104,-120.08374994655536,-8.555289999206503,-1.1424528891397319,24.716522705388456,-35.58467224838955,3.59,1.76,,,,"83.1",2531,"6.8",718527,575929,502671,669357,600301,669242,641933,666185,663457,"53.69",,,"1.25",,1,1,,32,5,"Curveball",2,2,2,2,4,2,4,2,"Standard","Standard",328,"-0.155","0.683",,,,,"-0.683",,0,0,0.321,0.679,30,33,31,33,2,1,5,2,6,2,"3.88","-0.25","0.25","47.6",,,,,
"FF","2023-04-18","93.6","1.73","6.62","Montgomery, Jordan",605113,656756,,"ball",,,,,12,,"R","R","L","STL","AZ","B",,,1,2,2023,"0.67","1.46",1.6418415153850494,3.302069406912328,572233,446334,664983,0,4,"Top",,,,,,,-1.7129086247668037,-136.23930813952825,-6.095331473762409,8.722838776903176,30.338058470059746,-12.815247856808941,3.58980843811977,1.7701258685229,,,,"94.2",2307,"6.6",718527,575929,502671,669357,600301,669242,641933,666185,663457,"53.86",,,,,,,,32,4,"4-Seam Fastball",2,2,2,2,2,2,2,2,"Standard","Standard",141,"-0.01","0.04",,,,,"-0.04",,0,0,0.331,0.669,30,33,31,33,2,1,5,2,6,2,"1.14","0.67","-0.67","44.6",,,,,
"CU","2023-04-18","82.7","1.67","6.65","Montgomery, Jordan",605113,656756,,"foul",,,,,13,,"R","R","L","STL","AZ","S",,,1,1,2023,"-0.1","-0.48",-1.170014538719916,1.5554503833221327,572233,446334,664983,0,4,"Top",,,,,,,-6.320520161635622,-120.41224796691877,-4.25794788176368,0.19763351513571137,21.741784292898362,-36.2335360025036,3.59,1.76,250,"80.4",36,"83.4",2483,"6.5",718527,575929,502671,669357,600301,669242,641933,666185,663457,"53.95",,,,,,,,32,3,"Curveball",2,2,2,2,2,2,2,2,"Standard","Standard",318,"0.017","-0.051",,,,,"0.051","88.0",0,0,0.314,0.6859999999999999,30,33,31,33,2,1,5,2,6,2,"3.78","-0.1","0.1","48.7",,,,,
"FF","2023-04-18","94.8","1.87","6.54","Montgomery, Jordan",605113,656756,,"ball",,,,,14,,"R","R","L","STL","AZ","B",,,0,1,2023,"0.86","1.22",0.0833206410158327,1.5712038985122314,572233,446334,664983,0,4,"Top",,,,,,,-6.667947399367111,-137.78824246457503,-10.198593435613963,12.34232991021447,26.61361618340463,-14.65925553256569,3.58980843811977,1.79456203252105,,,,"96.3",2426,"6.9",718527,575929,502671,669357,600301,669242,641933,666185,663457,"53.58",,,,,,,,32,2,"4-Seam Fastball",2,2,2,2,2,2,2,2,"Standard","Standard",136,"-0.007","0.035",,,,,"-0.035",,0,0,0.321,0.679,30,33,31,33,2,1,5,2,6,2,"1.3","0.86","-0.86","44.5",,,,,
"SI","2023-04-18","93.9","1.67","6.65","Montgomery, Jordan",605113,656756,,"called_strike",,,,,5,,"R","R","L","STL","AZ","S",,,0,0,2023,"1.35","1.07",-0.029718254809908418,2.4466472338338914,572233,446334,664983,0,4,"Top",,,,,,,-7.417937474804791,-136.4819563988763,-7.598027604172315,18.53784837997863,28.088064113692052,-17.2639120712797,3.68199056631747,1.79456203252105,,,,"94.5",2337,"6.5",718527,575929,502671,669357,600301,669242,641933,666185,663457,"53.97",,,,,,,,32,1,"Sinker",2,2,2,2,2,2,2,2,"Standard","Standard",145,"0.011","-0.041",,,,,"0.041",,0,0,0.31,0.69,30,33,31,33,2,1,5,2,6,2,"1.5","1.35","-1.35","47.2",,,,,
"CU","2023-04-18","80.9","1.79","6.63","Montgomery, Jordan",664983,656756,"fielders_choice","hit_into_play",,,,,8,"Jake McCarthy reaches on a fielder's choice, fielded by first baseman Paul Goldschmidt. Evan Longoria to 2nd.","R","L","L","STL","AZ","X",3,"ground_ball",1,1,2023,"-0.2","-0.36",-0.04703737038181659,1.8321606549075722,572233,,446334,0,4,"Top",145.42,169.75,,,,,-3.7339507318306855,-117.77554128569984,-3.3750171032079974,-1.09581387044577,22.991758919920002,-35.05640718518383,3.38,1.65,6,"75.4",-18,"81.2",2348,"6.5",718527,575929,502671,669357,600301,669242,641933,666185,663457,"53.98",0.088,0.081,"0.9",1,0,0,2,31,3,"Curveball",2,2,2,2,2,2,2,2,"Standard","Standard",322,"-0.049","0.485",,,,0.095,"-0.485","88.0",0,0,0.359,0.641,30,25,31,26,2,1,5,2,6,1,"3.85","-0.2","-0.2","48.5",,,,,
"SI","2023-04-18","93.6","1.85","6.68","Montgomery, Jordan",664983,656756,,"called_strike",,,,,2,,"R","L","L","STL","AZ","S",,,1,0,2023,"1.35","0.86",-0.016137972893503605,2.9640914530280362,572233,,446334,0,4,"Top",,,,,,,-7.826111360213218,-135.98765347017647,-5.759957865630297,18.472510833014354,28.624731492276155,-20.38867339472123,3.4627924298883,1.79456203252105,,,,"94",2208,"6.5",718527,575929,502671,669357,600301,669242,641933,666185,663457,"54",,,,,,,,31,2,"Sinker",2,2,2,2,2,2,2,2,"Standard","Standard",150,"0.008","-0.024",,,,,"0.024",,0,0,0.351,0.649,30,25,31,26,2,1,5,2,6,1,"1.74","1.35","1.35","46.1",,,,,
"FC","2023-04-18","90","1.88","6.54","Montgomery, Jordan",664983,656756,,"blocked_ball",,,,,13,,"R","L","L","STL","AZ","B",,,0,0,2023,"-0.14","0.54",-2.3287660985521543,-0.48993684499307966,572233,,446334,0,4,"Top",,,,,,,-10.143772431703814,-130.19762851203382,-12.615170753125291,0.4086724771166999,25.887649195927402,-23.5132589598773,3.4627924298883,1.6968102887918,,,,"90.3",2419,"6.7",718527,575929,502671,669357,600301,669242,641933,666185,663457,"53.84",,,,,,,,31,1,"Cutter",2,2,2,2,2,2,2,2,"Standard","Standard",151,"-0.005","0.009",,,,,"-0.009",,0,0,0.356,0.644,30,25,31,26,2,1,5,2,6,1,"2.29","-0.14","-0.14","43.4",,,,,
"SI","2023-04-18","93.3","1.82","6.66","Montgomery, Jordan",446334,656756,"single","hit_into_play",,,,,3,"Evan Longoria singles on a sharp line drive to center fielder Dylan Carlson. Christian Walker to 3rd.","R","R","L","STL","AZ","X",8,"line_drive",3,2,2023,"1.31","0.84",0.6415411856614872,3.242304673385203,,572233,,0,4,"Top",147.26,65.39,,,,,-5.933333696281395,-135.63556112187274,-4.884592977688903,17.48584527918785,30.149116258245144,-20.899687276931573,3.57,1.68,295,"103.5",13,"93.7",2233,"6.6",718527,575929,502671,669357,600301,669242,641933,666185,663457,"53.9",0.871,0.87,"0.9",1,1,0,4,30,6,"Sinker",2,2,2,2,2,2,2,2,"Standard","Standard",143,"-0.065","0.475",,,,1.154,"-0.475","103.5",0,0,0.421,0.579,30,37,31,38,2,1,5,3,6,4,"1.78","1.31","-1.31","48.1",,,,,
"CH","2023-04-18","84.2","1.7","6.52","Montgomery, Jordan",446334,656756,,"swinging_strike",,,,,14,,"R","R","L","STL","AZ","S",,,3,1,2023,"1.01","1.25",0.954833179917178,2.1599594683810137,,572233,,0,4,"Top",,,,,,,-3.756852841911966,-122.4738414901721,-6.271131118661997,10.886391306912966,23.40026668358483,-18.521814005347377,3.57,1.68,,,,"84.8",1713,"6.6",718527,575929,502671,669357,600301,669242,641933,666185,663457,"53.85",,,,,,,,30,5,"Changeup",2,2,2,2,2,2,2,2,"Standard","Standard",130,"0.009","-0.099",,,,,"0.099",,0,0,0.412,0.5880000000000001,30,37,31,38,2,1,5,3,6,4,"1.96","1.01","-1.01","45.1",,,,,
"SI","2023-04-18","92.9","1.77","6.66","Montgomery, Jordan",446334,656756,,"called_strike",,,,,3,,"R","R","L","STL","AZ","S",,,3,0,2023,"1.26","0.69",0.6710900534556556,3.5388652088391437,,572233,,0,4,"Top",,,,,,,-5.6139897451364575,-135.1944792903791,-3.75547704233049,16.66009977677194,28.278003555120062,-23.121377153094937,3.53587265382262,1.64792740544672,,,,"93.7",2114,"6.7",718527,575929,502671,669357,600301,669242,641933,666185,663457,"53.82",,,,,,,,30,4,"Sinker",2,2,2,2,2,2,2,2,"Standard","Standard",155,"0.006","-0.045",,,,,"0.045",,0,0,0.406,0.594,30,37,31,38,2,1,5,3,6,4,"1.94","1.26","-1.26","45.0",,,,,
"CH","2023-04-18","83.9","1.7","6.51","Montgomery, Jordan",446334,656756,,"ball",,,,,12,,"R","R","L","STL","AZ","B",,,2,0,2023,"0.9","1.17",1.742526772137126,3.3319498437253134,,572233,,0,4,"Top",,,,,,,-1.6956111226604793,-122.21483394722732,-3.314159118329464,9.392341543167042,23.42027712622286,-19.961063467707515,3.53587265382262,1.64792740544672,,,,"84.6",1669,"6.7",718527,575929,502671,669357,600301,669242,641933,666185,663457,"53.85",,,,,,,,30,3,"Changeup",2,2,2,2,2,2,2,2,"Standard","Standard",130,"-0.01","0.084",,,,,"-0.084",,0,0,0.416,0.5840000000000001,30,37,31,38,2,1,5,3,6,4,"2.05","0.9","-0.9","46.4",,,,,
"FF","2023-04-18","94.4","1.99","6.61","Montgomery, Jordan",446334,656756,,"ball",,,,,11,,"R","R","L","STL","AZ","B",,,1,0,2023,"0.51","1.16",-0.08396117933930936,4.236391482652299,,572233,,0,4,"Top",,,,,,,-6.5312668841086605,-137.35204796739058,-3.094786139408327,7.892901675374695,29.35674957481758,-16.999514642098436,3.60893875099073,1.6968102887918,,,,"94.6",2337,"6.3",718527,575929,502671,669357,600301,669242,641933,666185,663457,"54.19",,,,,,,,30,2,"4-Seam Fastball",2,2,2,2,2,2,2,2,"Standard","Standard",129,"-0.007","0.052",,,,,"-0.052",,0,0,0.423,0.577,30,37,31,38,2,1,5,3,6,4,"1.39","0.51","-0.51","42.1",,,,,
"FF","2023-04-18","93.9","1.88","6.7","Montgomery, Jordan",446334,656756,,"ball",,,,,12,,"R","R","L","STL","AZ","B",,,0,0,2023,"0.6","1.04",0.2331445413448494,3.9617278150097777,,572233,,0,4,"Top",,,,,,,-5.614197407909647,-136.7054554538073,-3.712051313678517,8.698113977522553,28.350753981828515,-18.517109846578087,3.56980603506347,1.6968102887918,,,,"94.6",2324,"6.6",718527,575929,502671,669357,600301,669242,641933,666185,663457,"53.94",,,,,,,,30,1,"4-Seam Fastball",2,2,2,2,2,2,2,2,"Standard","Standard",151,"-0.003","0.036",,,,,"-0.036",,0,0,0.426,0.5740000000000001,30,37,31,38,2,1,5,3,6,4,"1.53","0.6","-0.6","45.3",,,,,
"CH","2023-04-18","85.7","1.69","6.54","Montgomery, Jordan",572233,656756,"double","hit_into_play",,,,,5,"Christian Walker doubles (3) on a sharp line drive to center fielder Dylan Carlson. Lourdes Gurriel Jr. scores.","R","R","L","STL","AZ","X",8,"line_drive",2,2,2023,"0.8","1.34",-0.1751494317565584,2.455172865770943,,,666971,0,4,"Top",98.64,44.91,,,,,-6.0430681396868255,-124.59503442692353,-6.0931652468952135,9.552117086694272,24.514385765922118,-17.191916503932095,3.33,1.54,332,"111.8",13,"85.9",1748,"6.4",718527,575929,502671,669357,600301,669242,641933,666185,663457,"54.06",0.832,0.888,"1.25",1,1,1,6,29,6,"Changeup",2,1,1,2,2,2,2,2,"Standard","Standard",133,"-0.156","0.746",,,,1.264,"-0.746","111.8",1,-1,0.582,0.41800000000000004,30,32,31,32,2,1,5,1,6,1,"1.77","0.8","-0.8","45.6",,,,,
"SI","2023-04-18","93.5","1.83","6.64","Montgomery, Jordan",572233,656756,,"ball",,,,,11,,"R","R","L","STL","AZ","B",,,1,2,2023,"1.17","1.1",-0.10795396821272485,3.5964148785931638,,,666971,0,4,"Top",,,,,,,-7.658259273266828,-135.86489853855457,-4.5399584183974575,16.23174192988109,30.256527921789914,-17.787567335601757,3.32977023352086,1.52570024057045,,,,"94.4",2388,"6.9",718527,575929,502671,669357,600301,669242,641933,666185,663457,"53.57",,,,,,,,29,5,"Sinker",2,1,1,2,1,2,1,2,"Standard","Standard",151,"-0.007","0.045",,,,,"-0.045",,1,-1,0.589,0.41100000000000003,30,32,31,32,2,1,5,1,6,1,"1.52","1.17","-1.17","45.1",,,,,
"FF","2023-04-18","94.5","1.86","6.61","Montgomery, Jordan",572233,656756,,"ball",,,,,11,,"R","R","L","STL","AZ","B",,,0,2,2023,"0.46","1.31",-0.6792500445930283,3.5251476999798674,,,666971,0,4,"Top",,,,,,,-7.732087013104534,-137.39013586418233,-5.352500159397491,7.483756414464581,29.573117911901974,-14.543275395463448,3.32977023352086,1.57459448888164,,,,"95.8",2470,"7",718527,575929,502671,669357,600301,669242,641933,666185,663457,"53.49",,,,,,,,29,4,"4-Seam Fastball",2,1,1,2,1,2,1,2,"Standard","Standard",147,"-0.004","0.008",,,,,"-0.008",,1,-1,0.593,0.40700000000000003,30,32,31,32,2,1,5,1,6,1,"1.24","0.46","-0.46","48.4",,,,,
"CU","2023-04-18","82.7","1.73","6.63","Montgomery, Jordan",572233,656756,,"foul",,,,,8,,"R","R","L","STL","AZ","S",,,0,2,2023,"-0.3","-0.82",-0.27136911933171504,1.5183128224943676,,,666971,0,4,"Top",,,,,,,-4.011964292514684,-120.30834180359295,-3.5140294935161362,-2.0522481785920488,24.81998870090658,-39.639909467260395,3.33,1.54,33,"101.6",-1,"82.9",2516,"6.6",718527,575929,502671,669357,600301,669242,641933,666185,663457,"53.89",,,,,,,,29,3,"Curveball",2,1,1,2,1,2,1,2,"Standard","Standard",322,"0","0",,,,,"0","101.6",1,-1,0.593,0.40700000000000003,30,32,31,32,2,1,5,1,6,1,"4.18","-0.3","0.3","48.1",,,,,
"CU","2023-04-18","82.5","1.79","6.65","Montgomery, Jordan",572233,656756,,"foul",,,,,7,,"R","R","L","STL","AZ","S",,,0,1,2023,"-0.15","-0.66",-0.754868624385023,1.4489308346920042,,,666971,0,4,"Top",,,,,,,-5.51782254077358,-120.02524404142571,-4.03200564708383,-0.3636474443500022,23.626282105036033,-37.94325208712182,3.33,1.54,228,"103.9",13,"82.9",2479,"6.6",718527,575929,502671,669357,600301,669242,641933,666185,663457,"53.91",,,,,,,,29,2,"Curveball",2,1,1,2,1,2,1,2,"Standard","Standard",323,"0.011","-0.043",,,,,"0.043","103.9",1,-1,0.582,0.41800000000000004,30,32,31,32,2,1,5,1,6,1,"4.01","-0.15","0.15","46.4",,,,,
"CH","2023-04-18","83.7","1.6","6.55","Montgomery, Jordan",572233,656756,,"called_strike",,,,,3,,"R","R","L","STL","AZ","S",,,0,0,2023,"0.77","1.08",0.7954622224802886,3.093335470867485,,,666971,0,4,"Top",,,,,,,-3.395040745283195,-121.93582357160783,-3.7907251106750737,8.318265020596924,22.16027443991379,-20.80814666491916,3.32977023352086,1.47680155534881,,,,"84.7",1597,"6.7",718527,575929,502671,669357,600301,669242,641933,666185,663457,"53.79",,,,,,,,29,1,"Changeup",2,1,1,2,1,2,1,2,"Standard","Standard",130,"0.006","-0.036",,,,,"0.036",,1,-1,0.576,0.42400000000000004,30,32,31,32,2,1,5,1,6,1,"2.14","0.77","-0.77","46.2",,,,,
"SI","2023-04-18","94.5","1.77","6.64","Montgomery, Jordan",668942,656756,"single","hit_into_play",,,,,2,"Josh Rojas singles on a line drive to left fielder Tyler O'Neill. Gabriel Moreno scores. Josh Rojas out at 2nd on the throw, left fielder Tyler O'Neill to second baseman Nolan Gorman.","R","L","L","STL","AZ","X",7,"line_drive",3,2,2023,"1.34","1.03",-0.19814599040621395,2.8637770038901653,,672515,,2,3,"Top",61.58,144.35,,,,,-8.179877838126131,-137.3729983745783,-6.545068759261839,18.776555251007682,27.678975763563404,-17.799338087170465,3.4,1.67,152,"81.4",11,"95.6",2305,"6.8",718527,575929,502671,669357,600301,669242,641933,666185,663457,"53.73",0.482,0.433,"0.9",1,1,0,4,22,6,"Sinker",2,0,0,2,1,2,1,2,"Strategic","Standard",149,"-0.06","0.698",,,,0.502,"-0.698","88.0",2,-2,0.729,0.271,30,29,31,29,2,1,5,1,6,1,"1.5","1.34","1.34","44.4",,,,,
"FF","2023-04-18","95.2","1.8","6.59","Montgomery, Jordan",668942,656756,,"ball",,,,,13,,"R","L","L","STL","AZ","B",,,2,2,2023,"0.5","1.29",-0.8857229035075856,1.8187117832792585,,672515,,2,3,"Top",,,,,,,-8.266727850150764,-138.3441263137222,-9.969438280606399,7.954927608557046,24.892091600239233,-13.71085444974684,3.39978089110962,1.6968102887918,,,,"97.2",2422,"7.1",718527,575929,502671,669357,600301,669242,641933,666185,663457,"53.44",,,,,,,,22,5,"4-Seam Fastball",2,0,0,2,0,2,0,2,"Standard","Standard",143,"-0.007","0.051",,,,,"-0.051",,2,-2,0.736,0.264,30,29,31,29,2,1,5,1,6,1,"1.2","0.5","0.5","42.6",,,,,
"SI","2023-04-18","94.3","1.79","6.72","Montgomery, Jordan",668942,656756,,"foul",,,,,3,,"R","L","L","STL","AZ","S",,,2,1,2023,"1.48","1.07",0.5525464635815425,2.93964903963412,,672515,,2,3,"Top",,,,,,,-6.541985362003499,-137.14469950489814,-6.5500009746149415,20.15743720736044,29.46026803104775,-17.349689644436136,3.4,1.67,224,"70.2",34,"94.8",2305,"6.5",718527,575929,502671,669357,600301,669242,641933,666185,663457,"53.97",,,,,,,,22,4,"Sinker",2,0,0,2,0,2,0,2,"Standard","Standard",151,"0.006","-0.069",,,,,"0.069","88.0",2,-2,0.73,0.27,30,29,31,29,2,1,5,1,6,1,"1.49","1.48","1.48","46.2",,,,,
"SI","2023-04-18","94.4","1.77","6.71","Montgomery, Jordan",668942,656756,,"ball",,,,,12,,"R","L","L","STL","AZ","B",,,1,1,2023,"1.28","0.71",0.25163767801904524,3.79331198544097,,672515,,2,3,"Top",,,,,,,-6.9000386151198745,-137.32856842063978,-3.549867261868275,17.728298153336336,29.046868473697003,-22.528355299185353,3.39978089110962,1.67236942503327,,,,"95.8",2256,"7",718527,575929,502671,669357,600301,669242,641933,666185,663457,"53.52",,,,,,,,22,3,"Sinker",2,0,0,2,0,2,0,2,"Standard","Standard",158,"-0.003","0.021",,,,,"-0.021",,2,-2,0.733,0.267,30,29,31,29,2,1,5,1,6,1,"1.83","1.28","1.28","45.2",,,,,
"CU","2023-04-18","79.8","1.67","6.76","Montgomery, Jordan",668942,656756,,"ball",,,,,12,,"R","L","L","STL","AZ","B",,,0,1,2023,"-0.44","-0.68",1.0515430740692087,3.6280774225608727,,672515,,2,3,"Top",,,,,,,-0.5220562814102647,-116.33394308612293,1.0179526951537443,-3.977982656621077,19.31695950323706,-38.79282409903856,3.39978089110962,1.6968102887918,,,,"80.3",2424,"6.2",718527,575929,502671,669357,600301,669242,641933,666185,663457,"54.26",,,,,,,,22,2,"Curveball",2,0,0,2,0,2,0,2,"Standard","Standard",314,"-0.003","0.02",,,,,"-0.02",,2,-2,0.736,0.264,30,29,31,29,2,1,5,1,6,1,"4.22","-0.44","-0.44","48.8",,,,,
"CU","2023-04-18","80.5","1.82","6.67","Montgomery, Jordan",668942,656756,,"called_strike",,,,,6,,"R","L","L","STL","AZ","S",,,0,0,2023,"-0.65","-0.8",0.42600304392538235,2.7168767143410317,,672515,,2,3,"Top",,,,,,,-1.870460010028841,-117.23810417007944,-0.5829774458339358,-5.669486429284019,22.49503423408762,-39.630924570402264,3.39978089110962,1.62348423773577,,,,"81.1",2380,"6.7",718527,575929,502671,669357,600301,669242,641933,666185,663457,"53.84",,,,,,,,22,1,"Curveball",2,0,0,2,0,2,0,2,"Standard","Standard",315,"0.005","-0.046",,,,,"0.046",,2,-2,0.731,0.269,30,29,31,29,2,1,5,1,6,1,"4.31","-0.65","-0.65","45.1",,,,,
"CU","2023-04-18","80.8","1.76","6.66","Montgomery, Jordan",606466,656756,"field_out","hit_into_play",,,,,8,"Ketel Marte flies out sharply to center fielder Dylan Carlson.","R","R","L","STL","AZ","X",8,"fly_ball",0,1,2023,"-0.31","-0.83",0.10217749668419238,2.0821872131559767,,672515,,1,3,"Top",120.32,57.66,,,,,-3.121233626222557,-117.49712185783463,-1.8604155644380655,-2.1199468617927684,25.58613121032222,-39.634369929753085,3.56,1.71,349,"103.8",36,"80.6",2378,"6.5",718527,575929,502671,669357,600301,669242,641933,666185,663457,"54",0.543,1.0844782608695653,"0",1,0,0,6,21,2,"Curveball",2,0,0,2,0,2,0,2,"Standard","Standard",324,"0.033","-0.252",,,,2.153,"0.252","103.8",2,-2,0.698,0.30200000000000005,30,29,31,30,2,1,5,1,6,1,"4.37","-0.31","0.31","49.2",,,,,
"FC","2023-04-18","87.4","1.96","6.55","Montgomery, Jordan",606466,656756,,"foul",,,,,7,,"R","R","L","STL","AZ","S",,,0,0,2023,"-0.02","0.68",-0.39745881280603446,1.7324010168992487,,672515,,1,3,"Top",,,,,,,-5.648170223299605,-127.02442061600627,-6.852341833236215,0.9859113416222357,26.544204691645888,-23.584858240250888,3.56,1.71,2,"81.8",-36,"87.5",2410,"6.5",718527,575929,502671,669357,600301,669242,641933,666185,663457,"54.03",,,,,,,,21,1,"Cutter",2,0,0,2,0,2,0,2,"Standard","Standard",159,"0.006","-0.038",,,,,"0.038","88.0",2,-2,0.692,0.30800000000000005,30,29,31,30,2,1,5,1,6,1,"2.32","-0.02","0.02","41.8",,,,,
"SI","2023-04-18","92.7","1.72","6.65","Montgomery, Jordan",677950,656756,"strikeout","called_strike",,,,,7,"Alek Thomas called out on strikes.","R","L","L","STL","AZ","S",2,,3,2,2023,"1.05","0.84",-0.6972004869035997,1.9209045407710403,,672515,,0,3,"Top",,,,,,,-8.550154690587139,-134.58718444075996,-8.178560574759935,14.638573796786034,29.050841895507425,-20.3709798367409,3.24346859061879,1.50125144864877,,,,"93.4",2179,"6.8",718527,575929,502671,669357,600301,669242,641933,666185,663457,"53.67",,0,"0",1,0,0,,20,6,"Sinker",2,0,0,2,0,2,0,2,"Standard","Standard",146,"0.052","-0.349",,,,,"0.349",,2,-2,0.64,0.36,30,23,31,23,1,0,5,1,6,1,"1.83","1.05","1.05","47.7",,,,,
"SI","2023-04-18","94.5","1.83","6.67","Montgomery, Jordan",677950,656756,,"ball",,,,,13,,"R","L","L","STL","AZ","B",,,2,2,2023,"1.47","0.53",-1.1238244020285784,1.7120538455839687,,672515,,0,3,"Top",,,,,,,-10.98752045996386,-136.87430959284922,-8.342446314149557,20.991078743072197,31.87955033585405,-23.723309134658393,3.17033346668467,1.42789849617673,,,,"94.3",2356,"6.5",718527,575929,502671,669357,600301,669242,641933,666185,663457,"53.96",,,,,,,,20,5,"Sinker",2,0,0,2,0,2,0,2,"Standard","Standard",142,"-0.013","0.085",,,,,"-0.085",,2,-2,0.653,0.347,30,23,31,23,1,0,5,1,6,1,"2.06","1.47","1.47","45.6",,,,,
"CU","2023-04-18","81.4","1.69","6.7","Montgomery, Jordan",677950,656756,,"ball",,,,,13,,"R","L","L","STL","AZ","B",,,1,2,2023,"-0.32","-0.58",-0.7375554771267532,1.0174229012613876,,672515,,0,3,"Top",,,,,,,-4.858560578251246,-118.43448961857457,-5.007532923440142,-1.9955367159565323,24.675292415149865,-36.737007268130405,3.19471332854845,1.52570024057045,,,,"81.4",2430,"6.5",718527,575929,502671,669357,600301,669242,641933,666185,663457,"53.99",,,,,,,,20,4,"Curveball",2,0,0,2,0,2,0,2,"Standard","Standard",331,"-0.007","0.034",,,,,"-0.034",,2,-2,0.66,0.33999999999999997,30,23,31,23,1,0,5,1,6,1,"4.04","-0.32","-0.32","49.4",,,,,
"CU","2023-04-18","81.9","1.79","6.66","Montgomery, Jordan",677950,656756,,"blocked_ball",,,,,13,,"R","L","L","STL","AZ","B",,,0,2,2023,"-0.32","-0.49",-0.637962941012046,0.25942823699478845,,672515,,0,3,"Top",,,,,,,-4.895404506620883,-119.07267359020055,-6.931098176215444,-2.0276237817670415,24.100018932661506,-35.610575978144546,3.21975232903858,1.52570024057045,,,,"82.3",2435,"6.7",718527,575929,502671,669357,600301,669242,641933,666185,663457,"53.79",,,,,,,,20,3,"Curveball",2,0,0,2,0,2,0,2,"Standard","Standard",323,"-0.004","0.017",,,,,"-0.017",,2,-2,0.664,0.33599999999999997,30,23,31,23,1,0,5,1,6,1,"3.91","-0.32","-0.32","44.6",,,,,
"FC","2023-04-18","88.5","1.86","6.66","Montgomery, Jordan",677950,656756,,"called_strike",,,,,2,,"R","L","L","STL","AZ","S",,,0,1,2023,"0.01","0.4",-0.16525377527505591,3.2720768828665596,,672515,,0,3,"Top",,,,,,,-4.999688926547631,-129.06891184557074,-3.190310335900032,0.9311790495965606,20.282503447265633,-27.311456654930886,3.21909170527915,1.50125144864877,,,,"89.9",2410,"6.5",718527,575929,502671,669357,600301,669242,641933,666185,663457,"54",,,,,,,,20,2,"Cutter",2,0,0,2,0,2,0,2,"Standard","Standard",196,"0.011","-0.062",,,,,"0.062",,2,-2,0.653,0.347,30,23,31,23,1,0,5,1,6,1,"2.44","0.01","0.01","42.6",,,,,
"CU","2023-04-18","80.7","1.84","6.69","Montgomery, Jordan",677950,656756,,"called_strike",,,,,2,,"R","L","L","STL","AZ","S",,,0,0,2023,"-0.22","-0.45",0.1028381008940116,2.782018494708043,,672515,,0,3,"Top",,,,,,,-3.4442143306535487,-117.43574687407245,-1.1658147490489412,-1.3693030238746025,23.119766507842176,-36.28274181011697,3.29221786223668,1.57459448888164,,,,"80.8",2320,"6.4",718527,575929,502671,669357,600301,669242,641933,666185,663457,"54.05",,,,,,,,20,1,"Curveball",2,0,0,2,0,2,0,2,"Standard","Standard",323,"0.007","-0.046",,,,,"0.046",,2,-2,0.646,0.354,30,23,31,23,1,0,5,1,6,1,"3.96","-0.22","-0.22","46.5",,,,,
"CU","2023-04-18","82.1","1.84","6.6","Montgomery, Jordan",572233,656756,"strikeout","swinging_strike_blocked",,,,,13,"Christian Walker strikes out swinging.","R","R","L","STL","AZ","S",2,,1,2,2023,"-0.34","-0.71",-0.6202492641269168,0.662611713427399,,666971,,2,1,"Top",,,,,,,-4.941251393920345,-119.47981223981581,-5.585712493858658,-2.406595979639687,21.64674707312741,-38.18063122068758,3.33,1.54,,,,"82.9",2546,"6.7",718527,575929,502671,669357,600301,669242,641933,666185,663457,"53.83",,0,"0",1,0,0,,4,4,"Curveball",0,0,0,0,0,0,0,0,"Standard","Standard",320,"0.022","-0.203",,,,,"0.203",,0,0,0.526,0.474,30,32,31,32,1,0,5,1,6,1,"4.07","-0.34","0.34","45.1",,,,,
"CU","2023-04-18","81.9","1.94","6.59","Montgomery, Jordan",572233,656756,,"swinging_strike_blocked",,,,,14,,"R","R","L","STL","AZ","S",,,1,1,2023,"-0.41","-0.74",0.25520107776899764,0.6083687637901924,,666971,,2,1,"Top",,,,,,,-3.025055498811887,-119.22038996846524,-5.605602454187695,-3.3469144745389703,21.246440168515555,-38.421750118153135,3.33,1.54,,,,"82.5",2477,"6.5",718527,575929,502671,669357,600301,669242,641933,666185,663457,"54",,,,,,,,4,3,"Curveball",0,0,0,0,0,0,0,0,"Standard","Standard",326,"0.008","-0.064",,,,,"0.064",,0,0,0.518,0.482,30,32,31,32,1,0,5,1,6,1,"4.11","-0.41","0.41","45.1",,,,,
"CH","2023-04-18","84.3","1.75","6.58","Montgomery, Jordan",572233,656756,,"swinging_strike",,,,,12,,"R","R","L","STL","AZ","S",,,1,0,2023,"0.7","0.88",0.30045109002179504,3.5449041120422393,,666971,,2,1,"Top",,,,,,,-4.77614106878822,-122.81188708957926,-2.503635692296643,7.9861620764849945,22.746613698590103,-22.95447885408147,3.33,1.54,,,,"85.1",1714,"6.6",718527,575929,502671,669357,600301,669242,641933,666185,663457,"53.92",,,,,,,,4,2,"Changeup",0,0,0,0,0,0,0,0,"Infield shade","Standard",131,"0.003","-0.046",,,,,"0.046",,0,0,0.515,0.485,30,32,31,32,1,0,5,1,6,1,"2.3","0.7","-0.7","46.0",,,,,
"FF","2023-04-18","94.9","1.95","6.54","Montgomery, Jordan",572233,656756,,"ball",,,,,13,,"R","R","L","STL","AZ","B",,,0,0,2023,"0.6","1.04",-1.1307297014837623,2.014489346844875,,666971,,2,1,"Top",,,,,,,-9.499412323726268,-137.82680970014388,-8.617587924932302,9.634587675777444,28.07576584482541,-17.153062060140257,3.32974656686415,1.55009781006919,,,,"96.1",2450,"6.9",718527,575929,502671,669357,600301,669242,641933,666185,663457,"53.63",,,,,,,,4,1,"4-Seam Fastball",0,0,0,0,0,0,0,0,"Infield shade","Standard",142,"-0.001","0.02",,,,,"-0.02",,0,0,0.516,0.484,30,32,31,32,1,0,5,1,6,1,"1.48","0.6","-0.6","43.3",,,,,
"SI","2023-04-18","93.8","1.81","6.69","Montgomery, Jordan",666971,656756,"fielders_choice_out","hit_into_play",,,,,5,"Lourdes Gurriel Jr. reaches on a fielder's choice out, pitcher Jordan Montgomery to third baseman Taylor Motter to catcher Willson Contreras. Ketel Marte out at home. Lourdes Gurriel Jr. to 2nd.","R","R","L","STL","AZ","X",1,"ground_ball",3,2,2023,"1.64","0.94",-0.24052268086932616,2.896399418580172,606466,,,1,1,"Top",129.68,181.96,,,,,-8.981987262751433,-136.2031045090413,-6.1898745349341855,22.433501626432854,29.20039821403747,-19.204673394791573,3.51,1.7,10,"93.4",-15,"94.2",2258,"6.6",718527,575929,502671,669357,600301,669242,641933,666185,663457,"53.9",0.104,0.114,"0",1,0,0,2,3,7,"Sinker",0,0,0,0,0,0,0,0,"Strategic","Standard",144,"0.065","-0.233",,,,0.123,"0.233","93.4",0,0,0.451,0.5489999999999999,30,29,31,30,1,0,5,1,6,1,"1.65","1.64","-1.64","44.5",,,,,
"CU","2023-04-18","82","1.79","6.65","Montgomery, Jordan",666971,656756,,"foul",,,,,14,,"R","R","L","STL","AZ","S",,,3,2,2023,"-0.14","-0.83",0.03213281838131563,1.2185018012709823,606466,,,1,1,"Top",,,,,,,-3.737797397877299,-119.35960580430972,-4.167013044884417,-0.6507468210962369,22.116100751026654,-39.604123531865454,3.51,1.7,50,"29",40,"83.1",2438,"6.9",718527,575929,502671,669357,600301,669242,641933,666185,663457,"53.59",,,,,,,,3,6,"Curveball",0,0,0,0,0,0,0,0,"Strategic","Standard",330,"0","0",,,,,"0","88.0",0,0,0.451,0.5489999999999999,30,29,31,30,1,0,5,1,6,1,"4.21","-0.14","0.14","45.6",,,,,
"CH","2023-04-18","85.1","1.78","6.55","Montgomery, Jordan",666971,656756,,"blocked_ball",,,,,14,,"R","R","L","STL","AZ","B",,,2,2,2023,"0.7","1.15",0.8481563374051078,0.5950844734963723,606466,,,1,1,"Top",,,,,,,-3.619308207483788,-123.61401923049252,-10.006582442161944,7.928259157887379,23.109848669439067,-18.633048235489714,3.48713273660691,1.67232197285983,,,,"85.6",1776,"6.6",718527,575929,502671,669357,600301,669242,641933,666185,663457,"53.91",,,,,,,,3,5,"Changeup",0,0,0,0,0,0,0,0,"Strategic","Standard",133,"-0.012","0.083",,,,,"-0.083",,0,0,0.463,0.5369999999999999,30,29,31,30,1,0,5,1,6,1,"1.99","0.7","-0.7","45.3",,,,,
"CU","2023-04-18","81.7","1.8","6.6","Montgomery, Jordan",666971,656756,,"blocked_ball",,,,,13,,"R","R","L","STL","AZ","B",,,1,2,2023,"0.08","-0.76",-1.548152583073053,-0.46150973843690624,606466,,,1,1,"Top",,,,,,,-7.721094690943,-118.53432478817196,-7.856218098274901,2.257697952430295,23.085712970970405,-37.99364235781445,3.41404211344449,1.62343572864873,,,,"82",2482,"6.7",718527,575929,502671,669357,600301,669242,641933,666185,663457,"53.8",,,,,,,,3,4,"Curveball",0,0,0,0,0,0,0,0,"Strategic","Standard",331,"-0.008","0.026",,,,,"-0.026",,0,0,0.471,0.529,30,29,31,30,1,0,5,1,6,1,"4.2","0.08","-0.08","47.5",,,,,
"CU","2023-04-18","81.4","1.83","6.65","Montgomery, Jordan",666971,656756,,"swinging_strike_blocked",,,,,13,,"R","R","L","STL","AZ","S",,,1,1,2023,"-0.16","-0.63",-0.8444000622072108,0.9706480190029514,606466,,,1,1,"Top",,,,,,,-5.716097800573594,-118.38655505729018,-4.9259211624602885,-0.39486573325598917,22.728908969587778,-37.39395063954183,3.51,1.7,,,,"81.8",2393,"6.6",718527,575929,502671,669357,600301,669242,641933,666185,663457,"53.91",,,,,,,,3,3,"Curveball",0,0,0,0,0,0,0,0,"Strategic","Standard",336,"0.014","-0.107",,,,,"0.107",,0,0,0.457,0.5429999999999999,30,29,31,30,1,0,5,1,6,1,"4.08","-0.16","0.16","48.8",,,,,
"FC","2023-04-18","89.8","1.96","6.64","Montgomery, Jordan",666971,656756,,"ball",,,,,11,,"R","R","L","STL","AZ","B",,,0,1,2023,"-0.11","0.6",-1.3351687711162687,2.863238325043089,606466,,,1,1,"Top",,,,,,,-7.954280340856795,-130.47232517811517,-4.600900070303063,0.4644478156525297,28.92709361904497,-24.537649760349492,3.50977665446242,1.6967633612945,,,,"90.1",2384,"6.7",718527,575929,502671,669357,600301,669242,641933,666185,663457,"53.8",,,,,,,,3,2,"Cutter",0,0,0,0,0,0,0,0,"Strategic","Standard",175,"-0.006","0.012",,,,,"-0.012",,0,0,0.463,0.5369999999999999,30,29,31,30,1,0,5,1,6,1,"2.25","-0.11","0.11","43.5",,,,,
"CU","2023-04-18","80.7","1.8","6.66","Montgomery, Jordan",666971,656756,,"called_strike",,,,,4,,"R","R","L","STL","AZ","S",,,0,0,2023,"-0.27","-0.56",-0.5142700134782127,2.539642607531063,606466,,,1,1,"Top",,,,,,,-4.656005710225083,-117.53107757643613,-1.4944448654987426,-1.6430275670367287,21.047989597525564,-37.35365419084428,3.43840720603268,1.67232197285983,,,,"81",2398,"6.4",718527,575929,502671,669357,600301,669242,641933,666185,663457,"54.15",,,,,,,,3,1,"Curveball",0,0,0,0,0,0,0,0,"Strategic","Standard",326,"0.009","-0.055",,,,,"0.055",,0,0,0.454,0.546,30,29,31,30,1,0,5,1,6,1,"4.04","-0.27","0.27","47.3",,,,,
"SI","2023-04-18","92.9","1.84","6.69","Montgomery, Jordan",668942,656756,"field_out","hit_into_play",,,,,5,"Josh Rojas grounds out, shortstop Tommy Edman to first baseman Paul Goldschmidt.","R","L","L","STL","AZ","X",6,"ground_ball",0,0,2023,"1.29","0.68",-0.18206853970155268,2.2541693819300965,606466,,,0,1,"Top",126.72,148.42,,,,,-8.063464957785472,-134.95345571617085,-7.133715030350371,17.45500434438952,27.654795033571077,-22.52591924986668,3.4,1.67,17,"101",-6,"93.8",2192,"6.8",718527,575929,502671,669357,600301,669242,641933,666185,663457,"53.71",0.304,0.274,"0",1,0,0,2,2,1,"Sinker",0,0,0,0,0,0,0,0,"Strategic","Standard",141,"0.036","-0.247",,,,0.361,"0.247","101.0",0,0,0.418,0.5820000000000001,30,29,31,29,1,0,5,1,6,1,"1.96","1.29","1.29","44.1",,,,,
"FF","2023-04-13","93.4","2","6.63","Montgomery, Jordan",641511,656756,"single","hit_into_play",,,,,14,"Jason Delay singles on a line drive to right fielder Jordan Walker. Ji Hwan Bae to 2nd.","R","R","L","STL","PIT","X",9,"line_drive",0,2,2023,"0.57","1.21",1.090771992967814,2.3613903199352873,,,678225,1,7,"Top",169.94,106.75,,,,,-3.6024352933289525,-135.9116373048979,-7.975989480148611,7.83474704271239,28.42470643955848,-15.654476533068916,3.28,1.52,179,"90.7",11,"94.1",2320,"6.6",718591,575929,502671,680977,571448,669242,676475,641933,691023,"53.91",0.763,0.696,"0.9",1,1,0,4,51,3,"4-Seam Fastball",0,1,1,0,1,0,1,0,"Standard","Standard",142,"-0.052","0.51",,,,0.832,"-0.51","90.7",-1,1,0.319,0.681,30,28,31,28,3,2,5,2,5,2,"1.39","0.57","-0.57","41.9",,,,,
"CH","2023-04-13","82.8","1.74","6.57","Montgomery, Jordan",641511,656756,,"swinging_strike",,,,,14,,"R","R","L","STL","PIT","S",,,0,1,2023,"1.02","1.02",0.7951886777056214,1.1755507593625658,,,678225,1,7,"Top",,,,,,,-4.165596058369945,-120.33281477369677,-7.843906787064959,10.692037906295319,22.843450198383625,-20.947735183936906,3.28,1.52,,,,"83.1",1710,"6.5",718591,575929,502671,680977,571448,669242,676475,641933,691023,"53.99",,,,,,,,51,2,"Changeup",0,1,1,0,1,0,1,0,"Standard","Standard",133,"0.008","-0.053",,,,,"0.053",,-1,1,0.311,0.6890000000000001,30,28,31,28,3,2,5,2,5,2,"2.31","1.02","-1.02","42.8",,,,,
"FF","2023-04-13","92.8","1.91","6.72","Montgomery, Jordan",641511,656756,,"called_strike",,,,,12,,"R","R","L","STL","PIT","S",,,0,0,2023,"0.61","1.31",0.830139680058639,2.8028283084945342,,,678225,1,7,"Top",,,,,,,-4.133799347490198,-134.9017597125992,-7.080634287501429,8.395646415499161,30.369543320328003,-14.88070931050174,3.4017414243058,1.56842969981886,,,,"93",2332,"6.6",718591,575929,502671,680977,571448,669242,676475,641933,691023,"53.95",,,,,,,,51,1,"4-Seam Fastball",0,1,1,0,1,0,1,0,"Standard","Standard",150,"0.005","-0.042",,,,,"0.042",,-1,1,0.306,0.694,30,28,31,28,3,2,5,2,5,2,"1.35","0.61","-0.61","43.5",,,,,
"SI","2023-04-13","93.3","1.67","6.71","Montgomery, Jordan",666801,656756,"field_out","hit_into_play",,,,,8,"Rodolfo Castro lines out to right fielder Jordan Walker.","R","R","L","STL","PIT","X",9,"line_drive",0,0,2023,"1.26","1.03",-0.2402679924838882,1.8412587997003431,,,656582,2,6,"Top",175.74,81.61,,,,,-7.716684170391602,-135.42154967928127,-9.083857008300765,17.195544243778205,28.61748457985796,-17.664589172542126,3.42,1.6,317,"98.3",21,"93.9",2250,"6.7",718591,575929,502671,680977,571448,669242,676475,641933,691023,"53.82",0.324,0.404,"0",1,0,0,5,44,1,"Sinker",0,1,1,0,1,0,1,0,"Standard","Standard",150,"0.026","-0.286",,,,0.65,"0.286","98.3",-1,1,0.37,0.63,30,24,31,24,3,2,5,2,5,1,"1.59","1.26","-1.26","45.9",,,,,
"SI","2023-04-13","92.9","1.76","6.67","Montgomery, Jordan",656582,656756,"fielders_choice_out","hit_into_play",,,,,2,"Connor Joe reaches on a fielder's choice out, first baseman Paul Goldschmidt to catcher Willson Contreras. Carlos Santana out at home.","R","R","L","STL","PIT","X",3,"ground_ball",2,2,2023,"1.39","0.83",0.22124096672266513,3.0489924497295213,467793,,,1,6,"Top",152.28,161.07,,,,,-7.021895145778052,-135.13584084653877,-5.397575799089533,18.559807141633822,26.769852153970394,-21.014244431569434,3.19,1.46,18,"104.7",-8,"93.8",2172,"6.6",718591,575929,502671,680977,571448,669242,676475,641933,691023,"53.86",0.364,0.328,"0",1,0,0,2,43,5,"Sinker",0,1,1,0,1,0,1,0,"Strategic","Standard",147,"0.079","-0.149",,,,0.383,"0.149","104.7",-1,1,0.291,0.7090000000000001,30,30,31,31,3,2,5,1,5,1,"1.79","1.39","-1.39","48.6",,,,,
"FF","2023-04-13","93.1","1.73","6.68","Montgomery, Jordan",656582,656756,,"foul",,,,,2,,"R","R","L","STL","PIT","S",,,2,1,2023,"0.61","1.31",-0.07259937748003964,2.7021909762307423,467793,,,1,6,"Top",,,,,,,-5.99232170927818,-135.34958174701362,-7.378865952567892,8.803427540378777,27.545441642372293,-14.710249694530262,3.19,1.46,212,"72.8",46,"93.8",2283,"6.6",718591,575929,502671,680977,571448,669242,676475,641933,691023,"53.88",,,,,,,,43,4,"4-Seam Fastball",0,1,1,0,1,0,1,0,"Strategic","Standard",149,"0.011","-0.103",,,,,"0.103","88.0",-1,1,0.28,0.72,30,30,31,31,3,2,5,1,5,1,"1.31","0.61","-0.61","46.2",,,,,
"SI","2023-04-13","93.4","1.68","6.65","Montgomery, Jordan",656582,656756,,"blocked_ball",,,,,13,,"R","R","L","STL","PIT","B",,,1,1,2023,"1.32","0.73",-0.8768220872793961,0.8027798574902527,467793,,,1,6,"Top",,,,,,,-9.49356220914602,-135.36554782676296,-10.961106837466703,18.18284989213795,26.836992806662735,-20.978461191851956,3.16528166948073,1.459484753987,,,,"93.9",2230,"6.6",718591,575929,502671,680977,571448,669242,676475,641933,691023,"53.89",,,,,,,,43,3,"Sinker",0,1,1,0,1,0,1,0,"Strategic","Standard",144,"-0.005","0.023",,,,,"-0.023",,-1,1,0.285,0.7150000000000001,30,30,31,31,3,2,5,1,5,1,"1.88","1.32","-1.32","44.3",,,,,
"CU","2023-04-13","81.1","1.67","6.76","Montgomery, Jordan",656582,656756,,"ball",,,,,7,,"R","R","L","STL","PIT","B",,,0,1,2023,"-0.31","-0.39",-0.7972720496050162,1.602221209309791,467793,,,1,6,"Top",,,,,,,-4.9290522118852085,-118.12339489385323,-4.212537887625503,-2.0319352158159987,20.902823439256757,-35.326564553555365,3.21350044314865,1.48292343225798,,,,"81.5",2473,"6.3",718591,575929,502671,680977,571448,669242,676475,641933,691023,"54.17",,,,,,,,43,2,"Curveball",0,1,1,0,1,0,1,0,"Strategic","Standard",332,"-0.006","0.012",,,,,"-0.012",,-1,1,0.291,0.7090000000000001,30,30,31,31,3,2,5,1,5,1,"3.83","-0.31","0.31","47.5",,,,,
"SI","2023-04-13","92.8","1.67","6.73","Montgomery, Jordan",656582,656756,,"called_strike",,,,,4,,"R","R","L","STL","PIT","S",,,0,0,2023,"1.32","0.83",-0.6830600749046516,2.4374145333440755,467793,,,1,6,"Top",,,,,,,-8.921448221977482,-134.72416518950976,-7.049963164740082,17.920358318923768,27.756539890661063,-20.71056319984339,3.18969634145608,1.43501474517624,,,,"93.4",2189,"6.6",718591,575929,502671,680977,571448,669242,676475,641933,691023,"53.87",,,,,,,,43,1,"Sinker",0,1,1,0,1,0,1,0,"Strategic","Standard",144,"0.01","-0.055",,,,,"0.055",,-1,1,0.281,0.719,30,30,31,31,3,2,5,1,5,1,"1.82","1.32","-1.32","47.7",,,,,
"SI","2023-04-13","92","1.85","6.7","Montgomery, Jordan",596847,656756,"field_out","hit_into_play",,,,,8,"Ji Man Choi grounds out sharply, second baseman Brendan Donovan to first baseman Paul Goldschmidt. Carlos Santana to 3rd.","R","L","L","STL","PIT","X",4,"ground_ball",0,1,2023,"1.33","0.88",0.14942371121468478,2.007236427430639,,467793,,0,6,"Top",144.66,149.88,,,,,-7.207838397402968,-133.70170249042894,-8.024304192090039,17.50326711666298,27.258680317379746,-20.041902899343594,3.18,1.56,13,"106.5",-9,"92.5",2167,"6.5",718591,575929,502671,680977,571448,669242,676475,641933,691023,"53.99",0.289,0.281,"0",1,0,0,2,42,2,"Sinker",0,1,1,0,1,0,1,0,"Standard","Standard",146,"0.001","-0.169",,,,0.289,"0.169","106.5",-1,1,0.28,0.72,30,32,31,32,3,2,5,2,5,85,"1.8","1.33","1.33","43.3",,,,,
"SI","2023-04-13","92.1","1.75","6.71","Montgomery, Jordan",596847,656756,,"called_strike",,,,,8,,"R","L","L","STL","PIT","S",,,0,0,2023,"1.56","0.95",0.08923074563201006,1.8559744064920858,,467793,,0,6,"Top",,,,,,,-7.62946565380581,-133.77541833192188,-8.627419697768735,20.319757542865194,25.848585863303796,-19.15483377946462,3.13086390614222,1.58396999646072,,,,"92.8",2246,"6.6",718591,575929,502671,680977,571448,669242,676475,641933,691023,"53.94",,,,,,,,42,1,"Sinker",0,1,1,0,1,0,1,0,"Standard","Standard",145,"0.007","-0.046",,,,,"0.046",,-1,1,0.273,0.727,30,32,31,32,3,2,5,2,5,85,"1.73","1.56","1.56","47.6",,,,,
"CU","2023-04-13","81.1","1.78","6.73","Montgomery, Jordan",467793,656756,"double","hit_into_play",,,,,4,"Carlos Santana doubles (5) on a sharp ground ball to shortstop Tommy Edman, deflected by third baseman Nolan Arenado. Andrew McCutchen scores.","R","R","L","STL","PIT","X",5,"ground_ball",2,1,2023,"-0.11","-0.51",-0.36512782809948335,2.251436730984621,,457705,,0,6,"Top",85.7,161.35,,,,,-4.5895866297785775,-118.12025102290413,-2.4304712715647687,-0.1632350695259257,22.444673767836047,-36.73633974507471,3.34,1.6,36,"105.7",-2,"81.4",2403,"6.4",718591,575929,502671,680977,571448,669242,676475,641933,691023,"54.06",0.432,0.394,"1.25",1,1,1,4,41,4,"Curveball",0,0,0,0,1,0,1,0,"Standard","Standard",324,"-0.131","0.693",,,,0.472,"-0.693","105.7",0,0,0.404,0.596,30,37,31,37,3,2,5,1,5,2,"3.97","-0.11","0.11","52.6",,,,,
"CH","2023-04-13","84.3","1.63","6.54","Montgomery, Jordan",467793,656756,,"ball",,,,,13,,"R","R","L","STL","PIT","B",,,1,1,2023,"0.75","0.97",-0.21765272432270488,1.4563608568221995,,457705,,0,6,"Top",,,,,,,-5.817272022325605,-122.50170054718885,-7.417025347354183,8.73412895167882,23.90165526830971,-21.096741620098214,3.38852488201618,1.62397637749613,,,,"84.8",1668,"6.7",718591,575929,502671,680977,571448,669242,676475,641933,691023,"53.81",,,,,,,,41,3,"Changeup",0,0,0,0,0,0,0,0,"Standard","Standard",128,"-0.007","0.05",,,,,"-0.05",,0,0,0.411,0.589,30,37,31,37,3,2,5,1,5,2,"2.24","0.75","-0.75","47.7",,,,,
"CH","2023-04-13","82.9","1.73","6.64","Montgomery, Jordan",467793,656756,,"ball",,,,,14,,"R","R","L","STL","PIT","B",,,0,1,2023,"0.74","1.04",0.9675356844211654,1.5811617038576216,,457705,,0,6,"Top",,,,,,,-3.2007786336269417,-120.5710611171208,-7.130482474248258,7.848541498886212,23.204852126345962,-20.868304313272272,3.51053346439254,1.64843968904516,,,,"83.3",1625,"6.5",718591,575929,502671,680977,571448,669242,676475,641933,691023,"53.96",,,,,,,,41,2,"Changeup",0,0,0,0,0,0,0,0,"Standard","Standard",132,"-0.006","0.02",,,,,"-0.02",,0,0,0.417,0.583,30,37,31,37,3,2,5,1,5,2,"2.28","0.74","-0.74","43.1",,,,,
"CH","2023-04-13","83.9","1.7","6.57","Montgomery, Jordan",467793,656756,,"called_strike",,,,,8,,"R","R","L","STL","PIT","S",,,0,0,2023,"0.83","0.95",-0.07314728121174718,1.546193807987856,,457705,,0,6,"Top",,,,,,,-5.787050918264074,-121.95084410071142,-7.156508475527285,9.384632771887178,22.66699742100103,-21.499364980718976,3.5349316095981,1.62397637749613,,,,"84.6",1673,"6.7",718591,575929,502671,680977,571448,669242,676475,641933,691023,"53.83",,,,,,,,41,1,"Changeup",0,0,0,0,0,0,0,0,"Infield shade","Standard",132,"0.009","-0.046",,,,,"0.046",,0,0,0.408,0.5920000000000001,30,37,31,37,3,2,5,1,5,2,"2.28","0.83","-0.83","49.3",,,,,
"CH","2023-04-13","83.6","1.71","6.61","Montgomery, Jordan",663647,656756,"field_out","hit_into_play",,,,,12,"Ke'Bryan Hayes grounds out, second baseman Brendan Donovan to first baseman Paul Goldschmidt.","R","R","L","STL","PIT","X",4,"ground_ball",1,1,2023,"0.76","1.15",1.5652566985368157,2.452685145120318,,,641511,2,5,"Top",148.22,156.49,,,,,-1.8341082081780788,-121.6815228006804,-5.482849818214595,7.916947822687759,23.086655903123454,-19.879043465662637,3.17,1.53,9,"70.5",-14,"84.3",1733,"6.6",718591,575929,502671,680977,571448,669242,676475,641933,691023,"53.87",0.059,0.053,"0",1,0,0,2,35,3,"Changeup",0,0,0,0,0,0,0,0,"Standard","Standard",133,"0.029","-0.266",,,,0.059,"0.266","88.0",0,0,0.538,0.46199999999999997,30,26,31,26,3,2,5,1,5,2,"2.1","0.76","-0.76","44.7",,,,,
"FF","2023-04-13","93.5","1.86","6.66","Montgomery, Jordan",663647,656756,,"called_strike",,,,,7,,"R","R","L","STL","PIT","S",,,1,0,2023,"0.42","1.09",-0.7465121462980563,1.8758507911672118,,,641511,2,5,"Top",,,,,,,-7.680304905186726,-135.886261142459,-9.079095298359439,6.77732937182416,27.084331450598594,-16.875312723008882,3.12086176077276,1.52949827144999,,,,"94.2",2375,"6.6",718591,575929,502671,680977,571448,669242,676475,641933,691023,"53.91",,,,,,,,35,2,"4-Seam Fastball",0,0,0,0,0,0,0,0,"Standard","Standard",145,"0.005","-0.05",,,,,"0.05",,0,0,0.533,0.46699999999999997,30,26,31,26,3,2,5,1,5,2,"1.5","0.42","-0.42","44.0",,,,,
"SI","2023-04-13","91.2","1.71","6.68","Montgomery, Jordan",663647,656756,,"ball",,,,,12,,"R","R","L","STL","PIT","B",,,0,0,2023,"1.32","0.92",1.323332058538118,2.6294895741753455,,,641511,2,5,"Top",,,,,,,-3.8329799269377176,-132.7378832050147,-6.2808724059858605,16.46524754660124,28.87643944943216,-20.0877461605003,3.16969409764874,1.52949827144999,,,,"91.2",2315,"6.3",718591,575929,502671,680977,571448,669242,676475,641933,691023,"54.18",,,,,,,,35,1,"Sinker",0,0,0,0,0,0,0,0,"Standard","Standard",150,"-0.003","0.03",,,,,"-0.03",,0,0,0.536,0.46399999999999997,30,26,31,26,3,2,5,1,5,2,"1.82","1.32","-1.32","44.6",,,,,
"SI","2023-04-13","93.1","1.7","6.71","Montgomery, Jordan",666801,656756,"field_out","hit_into_play",,,,,9,"Rodolfo Castro grounds out, second baseman Brendan Donovan to first baseman Paul Goldschmidt.","R","R","L","STL","PIT","X",4,"ground_ball",0,0,2023,"1.22","0.7",0.5897798580405864,2.0729901818087084,,467793,,2,4,"Top",139.08,148.86,,,,,-5.554921433353305,-135.34810967426577,-7.726128965292886,16.161210127882004,27.717073477348585,-22.095891688849193,3.42,1.6,10,"95.5",-11,"93.8",2289,"6.6",718591,575929,502671,680977,571448,669242,676475,641933,691023,"53.88",0.18,0.172,"0",1,0,0,2,26,1,"Sinker",0,0,0,0,0,0,0,0,"Standard","Standard",147,"0.041","-0.294",,,,0.18,"0.294","95.5",0,0,0.519,0.481,30,24,31,24,2,1,5,2,5,1,"1.92","1.22","-1.22","45.3",,,,,
"FF","2023-04-13","93.9","1.87","6.69","Montgomery, Jordan",656582,656756,"field_out","hit_into_play",,,,,13,"Connor Joe grounds out, shortstop Tommy Edman to first baseman Paul Goldschmidt.","R","R","L","STL","PIT","X",6,"ground_ball",3,2,2023,"0.48","1.25",-0.8861002896175666,2.0854674386968064,,467793,,1,4,"Top",109.64,148.86,,,,,-8.249398162662414,-136.39364444616876,-9.06862341480534,7.672456214173672,26.082967200105085,-14.779201200976166,3.19,1.46,107,"95.1",5,"95",2407,"6.7",718591,575929,502671,680977,571448,669242,676475,641933,691023,"53.78",0.482,0.433,"0",1,0,0,4,25,7,"4-Seam Fastball",0,0,0,0,0,0,0,0,"Standard","Standard",145,"0.047","-0.314",,,,0.504,"0.314","95.1",0,0,0.472,0.528,30,30,31,31,2,1,5,1,5,1,"1.32","0.48","-0.48","44.1",,,,,
"SI","2023-04-13","93.2","1.82","6.75","Montgomery, Jordan",656582,656756,,"foul",,,,,12,,"R","R","L","STL","PIT","S",,,3,2,2023,"1.42","0.87",0.35736267002550703,3.554345201511607,,467793,,1,4,"Top",,,,,,,-6.920711612850589,-135.45258061009804,-4.355522859779306,19.03884641707219,30.031774605228154,-20.7074363570287,3.19,1.46,10,"68.1",-17,"93.6",2163,"6.7",718591,575929,502671,680977,571448,669242,676475,641933,691023,"53.85",,,,,,,,25,6,"Sinker",0,0,0,0,0,0,0,0,"Infield shade","Standard",150,"0","0",,,,,"0","88.0",0,0,0.472,0.528,30,30,31,31,2,1,5,1,5,1,"1.76","1.42","-1.42","44.8",,,,,
"CU","2023-04-13","81.8","1.62","6.65","Montgomery, Jordan",656582,656756,,"blocked_ball",,,,,13,,"R","R","L","STL","PIT","B",,,2,2,2023,"-0.18","-0.23",-2.144347323159322,-0.2886551774812749,,467793,,1,4,"Top",,,,,,,-8.18081511131651,-118.60659062721757,-8.631753960849721,-0.10513981627199448,23.060503357011214,-32.77851651229376,3.214078787776,1.4839044959628,,,,"82.1",2428,"6.7",718591,575929,502671,680977,571448,669242,676475,641933,691023,"53.81",,,,,,,,25,5,"Curveball",0,0,0,0,0,0,0,0,"Infield shade","Standard",330,"-0.01","0.09",,,,,"-0.09",,0,0,0.482,0.518,30,30,31,31,2,1,5,1,5,1,"3.66","-0.18","0.18","48.2",,,,,
"FF","2023-04-13","94","1.83","6.7","Montgomery, Jordan",656582,656756,,"called_strike",,,,,7,,"R","R","L","STL","PIT","S",,,2,1,2023,"0.57","1.38",-0.5561078859583412,2.0496255132986105,,467793,,1,4,"Top",,,,,,,-7.476670988664348,-136.4933632996655,-9.409827608008879,8.80646469521111,29.357598183319272,-13.067813961674975,3.26290290731169,1.53284105747998,,,,"94.4",2389,"6.6",718591,575929,502671,680977,571448,669242,676475,641933,691023,"53.88",,,,,,,,25,4,"4-Seam Fastball",0,0,0,0,0,0,0,0,"Standard","Standard",141,"0.008","-0.09",,,,,"0.09",,0,0,0.474,0.526,30,30,31,31,2,1,5,1,5,1,"1.21","0.57","-0.57","44.3",,,,,
"CU","2023-04-13","80.5","1.68","6.71","Montgomery, Jordan",656582,656756,,"blocked_ball",,,,,13,,"R","R","L","STL","PIT","B",,,1,1,2023,"-0.19","-0.41",-1.9681083583019374,0.8054723506137553,,467793,,1,4,"Top",,,,,,,-7.7668063131801715,-116.90299567117228,-5.571534904988383,-0.0817290323478827,24.856565513149775,-34.8989399809528,3.23849142354842,1.50837320747763,,,,"80.4",2354,"6.6",718591,575929,502671,680977,571448,669242,676475,641933,691023,"53.89",,,,,,,,25,3,"Curveball",0,0,0,0,0,0,0,0,"Standard","Standard",324,"-0.004","0.052",,,,,"-0.052",,0,0,0.478,0.522,30,30,31,31,2,1,5,1,5,1,"3.98","-0.19","0.19","49.3",,,,,
"CH","2023-04-13","83.3","1.6","6.62","Montgomery, Jordan",656582,656756,,"ball",,,,,14,,"R","R","L","STL","PIT","B",,,0,1,2023,"1.13","1.04",1.3222920876703284,1.2176446585394622,,467793,,1,4,"Top",,,,,,,-2.8797432079978584,-121.06021979638297,-8.004551911660203,11.694898539388108,24.05410085785061,-20.60567294924815,3.28731323466116,1.53284105747998,,,,"83.6",1737,"6.6",718591,575929,502671,680977,571448,669242,676475,641933,691023,"53.9",,,,,,,,25,2,"Changeup",0,0,0,0,0,0,0,0,"Standard","Standard",130,"-0.004","0.024",,,,,"-0.024",,0,0,0.482,0.518,30,30,31,31,2,1,5,1,5,1,"2.26","1.13","-1.13","47.8",,,,,
"CH","2023-04-13","83.7","1.68","6.58","Montgomery, Jordan",656582,656756,,"foul",,,,,5,,"R","R","L","STL","PIT","S",,,0,0,2023,"0.67","1.06",-0.015063912117017741,2.3686014381602045,,467793,,1,4,"Top",,,,,,,-5.263554455089674,-121.85992296707613,-5.503358190879278,7.686139117857521,21.455172396034655,-20.71963822193765,3.19,1.46,253,"85.7",47,"84.6",1566,"6.6",718591,575929,502671,680977,571448,669242,676475,641933,691023,"53.91",,,,,,,,25,1,"Changeup",0,0,0,0,0,0,0,0,"Standard","Standard",133,"0.006","-0.038",,,,,"0.038","88.0",0,0,0.476,0.524,30,30,31,31,2,1,5,1,5,1,"2.16","0.67","-0.67","45.1",,,,,
"CU","2023-04-13","81.3","1.85","6.72","Montgomery, Jordan",596847,656756,"strikeout","swinging_strike_blocked",,,,,13,"Ji Man Choi strikes out swinging.","R","L","L","STL","PIT","S",2,,0,2,2023,"-0.13","-0.77",-0.31810143372734356,0.1283613812536224,,467793,,0,4,"Top",,,,,,,-4.612042700942665,-118.18711375132415,-6.674640382739368,-0.3159550618186235,23.407430345845423,-38.26048844725371,3.18,1.56,,,,"81.5",2435,"6.5",718591,575929,502671,680977,571448,669242,676475,641933,691023,"53.96",,0,"0",1,0,0,,24,3,"Curveball",0,0,0,0,0,0,0,0,"Strategic","Standard",327,"0.03","-0.213",,,,,"0.213",,0,0,0.446,0.554,30,32,31,32,2,1,5,2,5,85,"4.24","-0.13","-0.13","44.4",,,,,
"CU","2023-04-13","81.4","1.77","6.72","Montgomery, Jordan",596847,656756,,"foul",,,,,13,,"R","L","L","STL","PIT","S",,,0,1,2023,"-0.22","-0.56",-0.6653023630036189,1.4033663166959691,,467793,,0,4,"Top",,,,,,,-5.066661774355148,-118.48397802496363,-4.26585668613278,-1.0824050223809625,22.770980218232378,-36.86573819189393,3.18,1.56,1,"72.2",-54,"81.7",2418,"6.5",718591,575929,502671,680977,571448,669242,676475,641933,691023,"54.04",,,,,,,,24,2,"Curveball",0,0,0,0,0,0,0,0,"Strategic","Standard",317,"0.013","-0.062",,,,,"0.062","88.0",0,0,0.433,0.567,30,32,31,32,2,1,5,2,5,85,"4","-0.22","-0.22","45.6",,,,,
"FF","2023-04-13","92.5","1.87","6.68","Montgomery, Jordan",596847,656756,,"foul",,,,,4,,"R","L","L","STL","PIT","S",,,0,0,2023,"0.51","1.35",-0.6318377219165824,2.26544253182139,,467793,,0,4,"Top",,,,,,,-7.508237497522203,-134.38655633708285,-8.456262796384234,7.697703243650995,26.2923978994993,-14.140949109695,3.18,1.56,257,"82.6",42,"93.1",2212,"6.5",718591,575929,502671,680977,571448,669242,676475,641933,691023,"53.98",,,,,,,,24,1,"4-Seam Fastball",0,0,0,0,0,0,0,0,"Standard","Standard",144,"0.007","-0.046",,,,,"0.046","88.0",0,0,0.426,0.5740000000000001,30,32,31,32,2,1,5,2,5,85,"1.3","0.51","0.51","42.3",,,,,
"SI","2023-04-13","92.6","1.76","6.71","Montgomery, Jordan",678225,656756,"field_out","hit_into_play",,,,,5,"Ji Hwan Bae lines out to third baseman Nolan Arenado.","R","L","L","STL","PIT","X",5,"line_drive",1,1,2023,"1.21","0.71",-0.06896107805149754,2.439106047887054,,656582,666801,2,2,"Top",106.08,166.67,,,,,-7.367394864682489,-134.75474721155877,-6.803044978991685,16.24341704084775,24.830651870849024,-22.250272300647655,2.95,1.38,171,"100.2",8,"93.8",2084,"6.7",718591,575929,502671,680977,571448,669242,676475,641933,691023,"53.82",0.653,0.608,"0",1,0,0,4,12,3,"Sinker",0,0,0,0,0,0,0,0,"Standard","Standard",152,"0.043","-0.281",,,,0.744,"0.281","100.2",0,0,0.508,0.492,30,23,31,24,1,0,5,1,5,1,"1.91","1.21","1.21","47.5",,,,,
"CU","2023-04-13","80.1","1.74","6.74","Montgomery, Jordan",678225,656756,,"ball",,,,,12,,"R","L","L","STL","PIT","B",,,0,1,2023,"-0.14","-0.61",0.272361320279017,3.570306050343201,,656582,666801,2,2,"Top",,,,,,,-2.9804133328158775,-116.69909882234344,0.8389989895342786,-0.7664671186715701,21.253733302904475,-38.11653065156304,2.92520744446583,1.47730179948658,,,,"80.6",2371,"6.5",718591,575929,502671,680977,571448,669242,676475,641933,691023,"54.04",,,,,,,,12,2,"Curveball",0,0,0,0,0,0,0,0,"Standard","Standard",333,"-0.005","0.025",,,,,"-0.025",,0,0,0.513,0.487,30,23,31,24,1,0,5,1,5,1,"4.14","-0.14","-0.14","47.6",,,,,
"SI","2023-04-13","92.6","1.71","6.72","Montgomery, Jordan",678225,656756,,"called_strike",,,,,2,,"R","L","L","STL","PIT","S",,,0,0,2023,"1.35","1.01",-0.13706523407983107,2.548539719352261,,656582,666801,2,2,"Top",,,,,,,-7.714080677452288,-134.55581306852193,-7.100801307982102,18.029137819570074,27.59780636277485,-18.576726180330855,2.92520744446583,1.37941754920694,,,,"93.3",2176,"6.7",718591,575929,502671,680977,571448,669242,676475,641933,691023,"53.83",,,,,,,,12,1,"Sinker",0,0,0,0,0,0,0,0,"Standard","Standard",147,"0.007","-0.04",,,,,"0.04",,0,0,0.506,0.494,30,23,31,24,1,0,5,1,5,1,"1.65","1.35","1.35","44.4",,,,,
"CU","2023-04-13","81.3","1.74","6.65","Montgomery, Jordan",664029,656756,"strikeout","swinging_strike_blocked",,,,,13,"Mark Mathias strikes out swinging.","R","R","L","STL","PIT","S",2,,0,2,2023,"-0.11","-0.5",-0.6447591227746298,0.21410345946832932,,656582,666801,1,2,"Top",,,,,,,-5.149741881605877,-118.14034053468187,-6.869491370325471,-0.059944275035853464,23.11873563442397,-35.65433211467193,3.33,1.58,,,,"81.7",2459,"6.7",718591,575929,502671,680977,571448,669242,676475,641933,691023,"53.82",,0,"0",1,0,0,,11,3,"Curveball",0,0,0,0,0,0,0,0,"Standard","Standard",322,"0.029","-0.151",,,,,"0.151",,0,0,0.477,0.523,30,28,31,29,1,0,5,1,5,1,"3.96","-0.11","0.11","46.6",,,,,
"SI","2023-04-13","93.5","1.71","6.73","Montgomery, Jordan",664029,656756,,"foul_tip",,,,,6,,"R","R","L","STL","PIT","S",,,0,1,2023,"1.4","0.81",0.6911125005705638,2.568517963286377,,656582,666801,1,2,"Top",,,,,,,-5.7310738049967975,-135.9190006585984,-6.795811343735123,18.625700268113775,28.916743088190582,-20.825468002776386,3.33,1.58,,,,"93.8",2310,"6.5",718591,575929,502671,680977,571448,669242,676475,641933,691023,"54.04",,,,,,,,11,2,"Sinker",0,0,0,0,0,0,0,0,"Standard","Standard",145,"0.012","-0.05",,,,,"0.05",,0,0,0.465,0.5349999999999999,30,28,31,29,1,0,5,1,5,1,"1.8","1.4","-1.4","44.4",,,,,
"SI","2023-04-13","92.4","1.73","6.71","Montgomery, Jordan",664029,656756,,"called_strike",,,,,3,,"R","R","L","STL","PIT","S",,,0,0,2023,"1.21","0.81",0.545402774520988,3.0500490508074827,,656582,666801,1,2,"Top",,,,,,,-5.6973616804883065,-134.50331550424633,-5.325743211019432,15.942952956470743,27.511271944193847,-21.375429994363966,3.2808643664731,1.60392564253407,,,,"93.1",2233,"6.6",718591,575929,502671,680977,571448,669242,676475,641933,691023,"53.95",,,,,,,,11,1,"Sinker",0,0,0,0,0,0,0,0,"Standard","Standard",148,"0.007","-0.04",,,,,"0.04",,0,0,0.458,0.542,30,28,31,29,1,0,5,1,5,1,"1.84","1.21","-1.21","46.9",,,,,
"CH","2023-04-13","84.5","1.81","6.57","Montgomery, Jordan",666801,656756,"walk","ball",,,,,12,"Rodolfo Castro walks. Connor Joe to 2nd.","R","R","L","STL","PIT","B",,,3,2,2023,"1","1.02",1.2648985998810616,3.4490967696712436,,,656582,1,2,"Top",,,,,,,-3.2868074839396146,-123.0863833778844,-3.0089393817681525,10.821999904706653,22.97303971741905,-21.38600042439347,3.27325106687559,1.57499916744759,,,,"85.4",1646,"6.7",718591,575929,502671,680977,571448,669242,676475,641933,691023,"53.83",,0.695903,"0.7",1,0,0,,10,7,"Changeup",0,0,0,0,0,0,0,0,"Standard","Standard",131,"-0.033","0.266",,,,,"-0.266",,0,0,0.491,0.509,30,24,31,24,1,0,5,2,5,1,"2.15","1","-1","45.0",,,,,
"CH","2023-04-13","83.6","1.67","6.61","Montgomery, Jordan",666801,656756,,"ball",,,,,14,,"R","R","L","STL","PIT","B",,,2,2,2023,"0.76","0.9",0.05354743499017511,1.3226833047956927,,,656582,1,2,"Top",,,,,,,-5.252792447384827,-121.50288525241058,-7.607197047405542,8.501962799199541,21.50834550788615,-22.048279861359497,3.27325106687559,1.59946464123912,,,,"84.4",1593,"6.7",718591,575929,502671,680977,571448,669242,676475,641933,691023,"53.85",,,,,,,,10,6,"Changeup",0,0,0,0,0,0,0,0,"Standard","Standard",134,"-0.011","0.084",,,,,"-0.084",,0,0,0.502,0.498,30,24,31,24,1,0,5,2,5,1,"2.35","0.76","-0.76","46.7",,,,,
"FF","2023-04-13","93.3","1.88","6.62","Montgomery, Jordan",666801,656756,,"foul",,,,,11,,"R","R","L","STL","PIT","S",,,2,2,2023,"0.35","1.31",-0.8508959750740203,2.584555787310762,,,656582,1,2,"Top",,,,,,,-7.836102415133049,-135.5124725162233,-7.565232349250563,5.9136286696985465,27.465470501740587,-14.501821190721602,3.42,1.6,,,,"93.9",2357,"6.6",718591,575929,502671,680977,571448,669242,676475,641933,691023,"53.89",,,,,,,,10,5,"4-Seam Fastball",0,0,0,0,0,0,0,0,"Standard","Standard",146,"0","0",,,,,"0",,0,0,0.502,0.498,30,24,31,24,1,0,5,2,5,1,"1.3","0.35","-0.35","43.4",,,,,
"CH","2023-04-13","85.3","1.78","6.48","Montgomery, Jordan",666801,656756,,"ball",,,,,14,,"R","R","L","STL","PIT","B",,,1,2,2023,"0.78","1.06",0.5308147090895909,1.184861766866307,,,656582,1,2,"Top",,,,,,,-4.558308179900927,-124.02952496407053,-8.37191563490434,8.985095934590479,23.476806453546878,-19.79946571723026,3.24884007280114,1.52606559259115,,,,"86.2",1620,"6.8",718591,575929,502671,680977,571448,669242,676475,641933,691023,"53.69",,,,,,,,10,4,"Changeup",0,0,0,0,0,0,0,0,"Standard","Standard",136,"-0.004","0.047",,,,,"-0.047",,0,0,0.506,0.494,30,24,31,24,1,0,5,2,5,1,"2.07","0.78","-0.78","44.1",,,,,
"CH","2023-04-13","84.1","1.71","6.5","Montgomery, Jordan",666801,656756,,"swinging_strike",,,,,5,,"R","R","L","STL","PIT","S",,,1,1,2023,"0.84","0.93",0.2165239624065386,2.369774832140295,,,656582,1,2,"Top",,,,,,,-5.181625663933168,-122.47420816203544,-5.123250208115699,9.468125129438038,21.987670203251334,-21.98674252580769,3.42,1.6,,,,"85",1759,"6.6",718591,575929,502671,680977,571448,669242,676475,641933,691023,"53.85",,,,,,,,10,3,"Changeup",0,0,0,0,0,0,0,0,"Standard","Standard",129,"0.007","-0.055",,,,,"0.055",,0,0,0.499,0.501,30,24,31,24,1,0,5,2,5,1,"2.26","0.84","-0.84","44.4",,,,,
"FF","2023-04-13","93.6","1.91","6.77","Montgomery, Jordan",666801,656756,,"ball",,,,,12,,"R","R","L","STL","PIT","B",,,0,1,2023,"0.51","1.34",1.2504606885893388,3.3895265371159615,,,656582,1,2,"Top",,,,,,,-2.851248642382565,-136.23212808496515,-6.0101939322885105,6.98392866082111,28.182702140225032,-14.318996031860703,3.34647708208223,1.57499916744759,,,,"94.2",2360,"6.5",718591,575929,502671,680977,571448,669242,676475,641933,691023,"54.03",,,,,,,,10,2,"4-Seam Fastball",0,0,0,0,0,0,0,0,"Standard","Standard",148,"-0.003","0.025",,,,,"-0.025",,0,0,0.502,0.498,30,24,31,24,1,0,5,2,5,1,"1.24","0.51","-0.51","45.2",,,,,
"CH","2023-04-13","82.4","1.7","6.57","Montgomery, Jordan",666801,656756,,"called_strike",,,,,6,,"R","R","L","STL","PIT","S",,,0,0,2023,"0.84","0.72",0.7236879887510322,2.2075031941864376,,,656582,1,2,"Top",,,,,,,-3.868619404291043,-119.91879681790759,-4.862397655919212,8.860818356650489,21.86076675453786,-24.489132742142584,3.34647708208223,1.59946464123912,,,,"83.1",1633,"6.6",718591,575929,502671,680977,571448,669242,676475,641933,691023,"53.89",,,,,,,,10,1,"Changeup",0,0,0,0,0,0,0,0,"Standard","Standard",133,"0.005","-0.042",,,,,"0.042",,0,0,0.497,0.503,30,24,31,24,1,0,5,2,5,1,"2.62","0.84","-0.84","44.8",,,,,
"CH","2023-04-08","83.5","1.79","6.37","Montgomery, Jordan",572228,656756,"strikeout","swinging_strike",,,,,14,"Luke Voit strikes out swinging.","R","R","L","MIL","STL","S",2,,0,2,2023,"1.35","0.83",1.3247413705335451,1.5639740747922288,,,661388,2,6,"Bot",,,,,,,-3.775443862484668,-121.36926959319335,-6.266129683215947,14.11171775225365,24.90581053778146,-22.876927456183275,3.47,1.69,,,,"83.9",1817,"6.7",718660,575929,502671,600301,571448,669242,666185,641933,691023,"53.77",,0,"0",1,0,0,,53,3,"Changeup",0,6,0,6,6,0,0,6,"Standard","Standard",131,"-0.004","-0.186",,,,,"0.186",,-6,-6,0.021,0.021,30,32,31,32,3,2,6,3,5,2,"2.45","1.35","-1.35","43.8",,,,,
"CU","2023-04-08","80.6","1.71","6.53","Montgomery, Jordan",572228,656756,,"foul",,,,,5,,"R","R","L","MIL","STL","S",,,0,1,2023,"-0.28","-0.58",-0.09520994444188416,2.7031494155477858,,,661388,2,6,"Bot",,,,,,,-3.489522907068571,-117.32043823754537,-0.7080021495803538,-1.9215766185950902,22.84918451237964,-37.64099040508911,3.47,1.69,,,,"81",2375,"6.6",718660,575929,502671,600301,571448,669242,666185,641933,691023,"53.91",,,,,,,,53,2,"Curveball",0,6,0,6,6,0,0,6,"Standard","Standard",321,"-0.001","-0.055",,,,,"0.055",,-6,-6,0.022,0.022,30,32,31,32,3,2,6,3,5,2,"4.1","-0.28","0.28","48.7",,,,,
"CH","2023-04-08","84.4","1.74","6.46","Montgomery, Jordan",572228,656756,,"foul",,,,,8,,"R","R","L","MIL","STL","S",,,0,0,2023,"0.55","1.36",0.13805205024516387,2.043525710264406,,,661388,2,6,"Bot",,,,,,,-4.841348464037318,-122.70994177891852,-6.624921256604229,6.501079743340712,24.82763686174226,-17.319514457534275,3.47,1.69,5,"73.6",-21,"84.9",1760,"6.7",718660,575929,502671,600301,571448,669242,666185,641933,691023,"53.79",,,,,,,,53,1,"Changeup",0,6,0,6,6,0,0,6,"Standard","Standard",134,"-0.001","-0.045",,,,,"0.045","88.0",-6,-6,0.023,0.023,30,32,31,32,3,2,6,3,5,2,"1.85","0.55","-0.55","50.0",,,,,
"SI","2023-04-08","94","1.8","6.55","Montgomery, Jordan",670712,656756,"strikeout","swinging_strike",,,,,7,"Mike Brosseau strikes out swinging.","R","R","L","MIL","STL","S",2,,2,2,2023,"1.51","0.74",-0.3658470377053409,1.4871912457097105,,,605170,2,5,"Bot",,,,,,,-8.985852017883289,-136.4001704962445,-9.038167747707922,20.8125899041326,31.100945647987636,-21.068257027724428,3.26,1.48,,,,"94.2",2370,"6.7",718660,575929,502671,600301,571448,669242,666185,641933,691023,"53.83",,0,"0",1,0,0,,46,5,"Sinker",0,6,0,6,6,0,0,6,"Standard","Standard",148,"-0.006","-0.239",,,,,"0.239",,-6,-6,0.033,0.033,30,29,31,29,3,2,6,3,5,3,"1.87","1.51","-1.51","47.0",,,,,
"SI","2023-04-08","92.2","1.69","6.59","Montgomery, Jordan",670712,656756,,"ball",,,,,12,,"R","R","L","MIL","STL","B",,,1,2,2023,"1.45","0.85",0.10758168558390002,3.774072052515419,,,605170,2,5,"Bot",,,,,,,-7.257924127328608,-134.11477672021815,-3.188474574391602,19.10689995436353,30.382319238942685,-21.407551086234516,3.22433176569525,1.49894781500635,,,,"93",2293,"6.9",718660,575929,502671,600301,571448,669242,666185,641933,691023,"53.6",,,,,,,,46,4,"Sinker",0,6,0,6,6,0,0,6,"Standard","Standard",150,"0.001","0.034",,,,,"-0.034",,-6,-6,0.032,0.032,30,29,31,29,3,2,6,3,5,3,"1.84","1.45","-1.45","46.2",,,,,
"CU","2023-04-08","81.1","1.79","6.5","Montgomery, Jordan",670712,656756,,"foul",,,,,9,,"R","R","L","MIL","STL","S",,,1,1,2023,"-0.23","-1",0.5464140510454459,1.462262845798687,,,605170,2,5,"Bot",,,,,,,-2.3452320361031767,-118.06122761398639,-2.7294615700509812,-1.7233236869669109,22.945283687786755,-41.2410873392777,3.26,1.48,2,"72",-36,"81.6",2491,"6.7",718660,575929,502671,600301,571448,669242,666185,641933,691023,"53.85",,,,,,,,46,3,"Curveball",0,6,0,6,6,0,0,6,"Standard","Standard",324,"-0.002","-0.06",,,,,"0.06","88.0",-6,-6,0.034,0.034,30,29,31,29,3,2,6,3,5,3,"4.47","-0.23","0.23","47.7",,,,,
"CH","2023-04-08","82.8","1.66","6.47","Montgomery, Jordan",670712,656756,,"ball",,,,,13,,"R","R","L","MIL","STL","B",,,0,1,2023,"1.08","1.12",-0.4675764446802284,0.918980897589003,,,605170,2,5,"Bot",,,,,,,-6.999938750755725,-120.14141069796122,-8.336616951327104,11.84802501489698,24.076030461157888,-19.87961682943733,3.16805139364565,1.55519213137431,,,,"83.1",1789,"6.7",718660,575929,502671,600301,571448,669242,666185,641933,691023,"53.81",,,,,,,,46,2,"Changeup",0,6,0,6,6,0,0,6,"Standard","Standard",132,"0.001","0.025",,,,,"-0.025",,-6,-6,0.033,0.033,30,29,31,29,3,2,6,3,5,3,"2.24","1.08","-1.08","49.0",,,,,
"CU","2023-04-08","80.8","1.81","6.48","Montgomery, Jordan",670712,656756,,"called_strike",,,,,7,,"R","R","L","MIL","STL","S",,,0,0,2023,"-0.22","-0.76",-0.8074746553681114,1.8020386494775007,,,605170,2,5,"Bot",,,,,,,-5.46686598062969,-117.61074565916887,-2.3332796820251316,-1.0003818384327263,22.52803445452121,-39.015558873099515,3.11177164169973,1.41458626857993,,,,"81.5",2410,"6.8",718660,575929,502671,600301,571448,669242,666185,641933,691023,"53.74",,,,,,,,46,1,"Curveball",0,6,0,6,6,0,0,6,"Standard","Standard",324,"-0.001","-0.045",,,,,"0.045",,-6,-6,0.034,0.034,30,29,31,29,3,2,6,3,5,3,"4.25","-0.22","0.22","46.8",,,,,
"SI","2023-04-08","93.7","1.73","6.61","Montgomery, Jordan",592885,656756,"field_out","hit_into_play",,,,,5,"Christian Yelich grounds out, second baseman Taylor Motter to first baseman Paul Goldschmidt.","R","L","L","MIL","STL","X",4,"ground_ball",2,1,2023,"1.32","1",-0.10255182316605516,2.1538233904035513,686894,670712,642715,2,3,"Bot",145.17,156.49,,,,,-7.696331068468861,-136.120943527228,-7.989485632291856,18.132208220713185,30.377751585259105,-18.17960641323441,3.26,1.66,7,"95",-17,"94.2",2248,"6.7",718660,575929,502671,600301,571448,669242,666185,641933,691023,"53.8",0.148,0.135,"0",1,0,0,2,30,4,"Sinker",0,6,0,6,6,0,0,6,"Standard","Standard",144,"-0.042","-0.302",,,,0.15,"0.302","95.0",-6,-6,0.091,0.091,30,31,31,32,2,1,6,1,5,1,"1.61","1.32","1.32","45.2",,,,,
"SI","2023-04-08","93.8","1.75","6.62","Montgomery, Jordan",592885,656756,,"foul",,,,,5,,"R","L","L","MIL","STL","S",,,2,0,2023,"1.02","0.89",0.24202676625179698,2.3503696641247966,686894,670712,642715,2,3,"Bot",,,,,,,-6.174228692439516,-136.3560476256358,-7.326135799677758,14.031113458781512,29.66356434810571,-19.613985159675288,3.26,1.66,,,,"94.4",2303,"6.7",718660,575929,502671,600301,571448,669242,666185,641933,691023,"53.84",,,,,,,,30,3,"Sinker",0,6,0,6,6,0,0,6,"Standard","Standard",147,"-0.009","-0.059",,,,,"0.059",,-6,-6,0.1,0.1,30,31,31,32,2,1,6,1,5,1,"1.7","1.02","1.02","47.4",,,,,
"FF","2023-04-08","94","1.76","6.54","Montgomery, Jordan",592885,656756,,"ball",,,,,13,,"R","L","L","MIL","STL","B",,,1,0,2023,"0.47","1.47",-1.6524149176853467,1.4149385122934093,686894,670712,642715,2,3,"Bot",,,,,,,-9.96413769070856,-136.22158284223258,-10.873761667101725,8.085051508849075,29.741210401296165,-11.556441540169901,3.33689403097443,1.72393988310337,,,,"94.6",2456,"6.9",718660,575929,502671,600301,571448,669242,666185,641933,691023,"53.65",,,,,,,,30,2,"4-Seam Fastball",0,6,0,6,6,0,0,6,"Standard","Standard",142,"0.009","0.058",,,,,"-0.058",,-6,-6,0.091,0.091,30,31,31,32,2,1,6,1,5,1,"1.13","0.47","0.47","44.0",,,,,
"SI","2023-04-08","93.9","1.79","6.58","Montgomery, Jordan",592885,656756,,"blocked_ball",,,,,13,,"R","L","L","MIL","STL","B",,,0,0,2023,"1.08","0.8",-0.5396889381947039,0.9212505808799314,686894,670712,642715,2,3,"Bot",,,,,,,-8.476199419082494,-136.24609708162856,-10.746655420267182,15.328985426762237,29.144162933533046,-19.98491938223832,3.25511333170295,1.6958137799196,,,,"94.4",2287,"6.7",718660,575929,502671,600301,571448,669242,666185,641933,691023,"53.8",,,,,,,,30,1,"Sinker",0,6,0,6,6,0,0,6,"Standard","Standard",145,"0.004","0.035",,,,,"-0.035",,-6,-6,0.087,0.087,30,31,31,32,2,1,6,1,5,1,"1.79","1.08","1.08","46.8",,,,,
"CU","2023-04-08","82.1","1.75","6.5","Montgomery, Jordan",642715,656756,"walk","blocked_ball",,,,,13,"Willy Adames walks. Mike Brosseau to 2nd.","R","R","L","MIL","STL","B",,,3,2,2023,"-0.14","-0.62",-1.252650119464155,0.6442696648104862,686894,,670712,2,3,"Bot",,,,,,,-6.5442692819788615,-119.30828817336742,-5.52723126377506,-0.10709658274311583,22.90562391585557,-37.21590779865159,3.44945776121026,1.66768825326038,,,,"82.5",2466,"6.6",718660,575929,502671,600301,571448,669242,666185,641933,691023,"53.9",,0.695903,"0.7",1,0,0,,29,6,"Curveball",0,6,0,6,6,0,0,6,"Standard","Standard",318,"0.014","0.153",,,,,"-0.153",,-6,-6,0.073,0.073,30,27,31,28,2,1,6,1,5,1,"4.01","-0.14","0.14","46.6",,,,,
"FF","2023-04-08","92.7","1.89","6.55","Montgomery, Jordan",642715,656756,,"foul",,,,,3,,"R","R","L","MIL","STL","S",,,3,1,2023,"0.51","1.4",0.6419368404694937,3.178136869300549,686894,,670712,2,3,"Bot",,,,,,,-4.34536844909616,-134.92494200846798,-5.949275683112939,7.181778222683401,28.03870042430181,-13.92100799680882,3.46,1.72,229,"80.6",53,"93.5",2408,"6.7",718660,575929,502671,600301,571448,669242,666185,641933,691023,"53.84",,,,,,,,29,5,"4-Seam Fastball",0,6,0,6,6,0,0,6,"Standard","Standard",149,"-0.004","-0.063",,,,,"0.063","88.0",-6,-6,0.077,0.077,30,27,31,28,2,1,6,1,5,1,"1.24","0.51","-0.51","42.4",,,,,
"FF","2023-04-08","94","1.85","6.49","Montgomery, Jordan",642715,656756,,"ball",,,,,13,,"R","R","L","MIL","STL","B",,,2,1,2023,"0.56","1.32",-0.9996392843406942,1.4168141791070286,686894,,670712,2,3,"Bot",,,,,,,-8.719556772576057,-136.41044685763708,-10.484984084839779,8.839503608580502,28.4261497467219,-13.505486055090971,3.42131672817606,1.66768825326038,,,,"95.3",2418,"7.1",718660,575929,502671,600301,571448,669242,666185,641933,691023,"53.44",,,,,,,,29,4,"4-Seam Fastball",0,6,0,6,6,0,0,6,"Standard","Standard",148,"0.004","0.062",,,,,"-0.062",,-6,-6,0.073,0.073,30,27,31,28,2,1,6,1,5,1,"1.26","0.56","-0.56","44.6",,,,,
"FF","2023-04-08","92.4","1.89","6.54","Montgomery, Jordan",642715,656756,,"called_strike",,,,,11,,"R","R","L","MIL","STL","S",,,2,0,2023,"0.45","1.32",-0.31227943386300105,3.724094918135523,686894,,670712,2,3,"Bot",,,,,,,-6.656127913648263,-134.47501288249003,-4.2931689265165724,6.8524932106827094,28.044852926357198,-15.364667615389665,3.38004352488874,1.65456340814909,,,,"93.4",2393,"6.8",718660,575929,502671,600301,571448,669242,666185,641933,691023,"53.73",,,,,,,,29,3,"4-Seam Fastball",0,6,0,6,6,0,0,6,"Standard","Standard",153,"-0.003","-0.066",,,,,"0.066",,-6,-6,0.076,0.076,30,27,31,28,2,1,6,1,5,1,"1.34","0.45","-0.45","43.2",,,,,
"FF","2023-04-08","93.7","1.84","6.58","Montgomery, Jordan",642715,656756,,"ball",,,,,12,,"R","R","L","MIL","STL","B",,,1,0,2023,"0.42","1.31",0.10178586053455158,3.919006452221761,686894,,670712,2,3,"Bot",,,,,,,-5.461581371817093,-136.34873243695057,-4.088001404273547,6.441984980396491,28.92743417174812,-15.109776968500443,3.42131672817606,1.63956331410347,,,,"94.6",2383,"6.7",718660,575929,502671,600301,571448,669242,666185,641933,691023,"53.75",,,,,,,,29,2,"4-Seam Fastball",0,6,0,6,6,0,0,6,"Standard","Standard",153,"0.003","0.042",,,,,"-0.042",,-6,-6,0.073,0.073,30,27,31,28,2,1,6,1,5,1,"1.28","0.42","-0.42","45.7",,,,,
"FF","2023-04-08","93.7","1.87","6.56","Montgomery, Jordan",642715,656756,,"ball",,,,,1,,"R","R","L","MIL","STL","B",,,0,0,2023,"0.51","1.3",-0.7181018455681597,3.3246819794389815,686894,,670712,2,3,"Bot",,,,,,,-7.871046262653207,-136.1639041266013,-5.547912626795818,8.076374779897556,28.899414666753273,-14.964510624257162,3.38004352488874,1.65456340814909,,,,"94.6",2421,"6.8",718660,575929,502671,600301,571448,669242,666185,641933,691023,"53.71",,,,,,,,29,1,"4-Seam Fastball",0,6,0,6,6,0,0,6,"Standard","Standard",150,"0.002","0.042",,,,,"-0.042",,-6,-6,0.071,0.071,30,27,31,28,2,1,6,1,5,1,"1.3","0.51","-0.51","43.8",,,,,
"CU","2023-04-08","81.1","1.79","6.55","Montgomery, Jordan",670712,656756,"single","hit_into_play",,,,,8,"Mike Brosseau singles on a ground ball to third baseman Nolan Arenado. Joey Wiemer to 3rd.","R","R","L","MIL","STL","X",5,"ground_ball",0,0,2023,"-0.14","-0.83",-0.16100943451345512,1.8033361875541338,,686894,,2,3,"Bot",113.7,176.84,,,,,-4.123983079177221,-117.98936224496592,-2.316693868365768,-0.40300200628931004,24.768572307960152,-39.65109222004482,3.26,1.48,2,"69",-46,"81.3",2420,"6.7",718660,575929,502671,600301,571448,669242,666185,641933,691023,"53.82",0.205,0.184,"0.9",1,1,0,2,28,1,"Curveball",0,6,0,6,6,0,0,6,"Standard","Standard",325,"0.009","0.675",,,,0.207,"-0.675","88.0",-6,-6,0.062,0.062,30,29,31,29,2,1,6,3,5,3,"4.33","-0.14","0.14","49.0",,,,,
"SI","2023-04-08","94.2","1.83","6.59","Montgomery, Jordan",605170,656756,"strikeout","swinging_strike",,,,,3,"Victor Caratini strikes out swinging.","R","R","L","MIL","STL","S",2,,2,2,2023,"1.38","1.04",0.3247526483911043,2.796777864369059,,686894,,1,3,"Bot",,,,,,,-7.03977079501659,-136.88235975011736,-6.474938427541646,18.891173388735755,31.565239220480965,-17.867479981824527,3.28,1.51,,,,"94.9",2279,"6.9",718660,575929,502671,600301,571448,669242,666185,641933,691023,"53.63",,0,"0",1,0,0,,27,5,"Sinker",0,6,0,6,6,0,0,6,"Standard","Standard",148,"-0.014","-0.245",,,,,"0.245",,-6,-6,0.076,0.076,30,29,31,30,1,0,6,4,5,3,"1.55","1.38","-1.38","44.5",,,,,
"FF","2023-04-08","93.2","1.91","6.6","Montgomery, Jordan",605170,656756,,"foul",,,,,1,,"R","R","L","MIL","STL","S",,,2,1,2023,"0.68","1.18",-0.6454454264271758,2.7619217788233477,,686894,,1,3,"Bot",,,,,,,-8.094472253958843,-135.45338005474167,-6.741115783108196,10.05791796360765,28.94609098856134,-16.28292368765475,3.28,1.51,109,"71.5",80,"93.8",2420,"6.6",718660,575929,502671,600301,571448,669242,666185,641933,691023,"53.85",,,,,,,,27,4,"4-Seam Fastball",0,6,0,6,6,0,0,6,"Standard","Standard",156,"-0.005","-0.09",,,,,"0.09","88.0",-6,-6,0.081,0.081,30,29,31,30,1,0,6,4,5,3,"1.44","0.68","-0.68","44.3",,,,,
"FF","2023-04-08","93.6","1.86","6.54","Montgomery, Jordan",605170,656756,,"ball",,,,,13,,"R","R","L","MIL","STL","B",,,1,1,2023,"0.55","1.39",-0.9573550643906019,1.7863105564466073,,686894,,1,3,"Bot",,,,,,,-8.520695809901643,-135.75338613569394,-9.619917530615211,8.719962351184833,30.003421162729744,-12.984756935313632,3.33689403097443,1.58331524218266,,,,"94",2337,"6.7",718660,575929,502671,600301,571448,669242,666185,641933,691023,"53.79",,,,,,,,27,3,"4-Seam Fastball",0,6,0,6,6,0,0,6,"Standard","Standard",140,"0.003","0.052",,,,,"-0.052",,-6,-6,0.078,0.078,30,29,31,30,1,0,6,4,5,3,"1.23","0.55","-0.55","47.3",,,,,
"CH","2023-04-08","83.1","1.78","6.41","Montgomery, Jordan",605170,656756,,"called_strike",,,,,9,,"R","R","L","MIL","STL","S",,,1,0,2023,"1.03","0.8",0.7513888657986065,1.9515276447403838,,686894,,1,3,"Bot",,,,,,,-4.401731578452028,-120.83629982997091,-5.31522728777562,10.999372555727861,23.905633387027926,-23.517048156197156,3.30295006063346,1.52706965198509,,,,"83.5",1736,"6.6",718660,575929,502671,600301,571448,669242,666185,641933,691023,"53.87",,,,,,,,27,2,"Changeup",0,6,0,6,6,0,0,6,"Standard","Standard",132,"-0.003","-0.049",,,,,"0.049",,-6,-6,0.081,0.081,30,29,31,30,1,0,6,4,5,3,"2.51","1.03","-1.03","45.3",,,,,
"CU","2023-04-08","80.1","1.71","6.5","Montgomery, Jordan",605170,656756,,"ball",,,,,13,,"R","R","L","MIL","STL","B",,,0,0,2023,"-0.47","-0.78",-1.0253317118596268,1.144428120111872,,686894,,1,3,"Bot",,,,,,,-5.171265741207051,-116.5080034352619,-3.632356883687873,-3.211169944261688,22.923858138468844,-38.72018927992421,3.30875330094228,1.49639767508382,,,,"80.2",2336,"6.5",718660,575929,502671,600301,571448,669242,666185,641933,691023,"54.02",,,,,,,,27,1,"Curveball",0,6,0,6,6,0,0,6,"Standard","Standard",325,"0.002","0.034",,,,,"-0.034",,-6,-6,0.079,0.079,30,29,31,30,1,0,6,4,5,3,"4.35","-0.47","0.47","48.0",,,,,
"SI","2023-04-02","93.4","1.87","6.63","Montgomery, Jordan",662139,656756,"strikeout","swinging_strike",,,,,3,"Daulton Varsho strikes out swinging.","R","L","L","STL","TOR","S",2,,3,2,2023,"1.27","1",0.3993212441560485,3.1969835806992375,,665489,,2,5,"Top",,,,,,,-6.612670761779116,-135.88852413232487,-5.40770954314766,17.15031323657529,25.526305505004377,-18.769679335186492,3.09,1.4,,,,"94.6",2202,"6.7",718737,575929,502671,680977,571448,669242,676475,666185,691023,"53.85",,0,"0",1,0,0,,44,8,"Sinker",9,3,3,9,3,9,3,9,"Strategic","Standard",150,"0.009","-0.27",,,,,"0.27",,6,-6,0.969,0.031000000000000028,30,26,31,27,3,2,,1,6,1,"1.58","1.27","1.27","45.4",,,,,
"FF","2023-04-02","93.8","1.96","6.53","Montgomery, Jordan",662139,656756,,"foul",,,,,11,,"R","L","L","STL","TOR","S",,,3,2,2023,"0.49","1.34",-0.8295304137239444,2.549486148135475,,665489,,2,5,"Top",,,,,,,-8.302062644700214,-136.32863108613918,-7.59273012837484,7.757268182046332,27.3545858908471,-13.949507767321439,3.09,1.4,108,"65.6",12,"94.3",2509,"6.4",718737,575929,502671,680977,571448,669242,676475,666185,691023,"54.05",,,,,,,,44,7,"4-Seam Fastball",9,3,3,9,3,9,3,9,"Strategic","Standard",149,"0","0",,,,,"0","88.0",6,-6,0.969,0.031000000000000028,30,26,31,27,3,2,,1,6,1,"1.24","0.49","0.49","41.9",,,,,
"SI","2023-04-02","94.1","1.93","6.64","Montgomery, Jordan",662139,656756,,"foul",,,,,2,,"R","L","L","STL","TOR","S",,,3,2,2023,"1.53","0.96",-0.11923078199509818,2.8296498454682073,,665489,,2,5,"Top",,,,,,,-8.736257774866953,-136.79490835251752,-6.3610055940524814,21.145535319997723,27.39348801633121,-18.856091026639053,3.09,1.4,111,"76.4",14,"94.7",2285,"6.5",718737,575929,502671,680977,571448,669242,676475,666185,691023,"54.03",,,,,,,,44,6,"Sinker",9,3,3,9,3,9,3,9,"Strategic","Standard",144,"0","0",,,,,"0","88.0",6,-6,0.969,0.031000000000000028,30,26,31,27,3,2,,1,6,1,"1.6","1.53","1.53","42.6",,,,,
"FF","2023-04-02","94.4","1.94","6.55","Montgomery, Jordan",662139,656756,,"ball",,,,,13,,"R","L","L","STL","TOR","B",,,2,2,2023,"0.9","1.37",-1.4846652888272902,1.556345677811081,,665489,,2,5,"Top",,,,,,,-10.914566731492256,-136.68370156241198,-10.31357615128889,13.69226847745646,30.33092164821012,-12.808737135587203,3.13844452346066,1.47269327398703,,,,"94.5",2493,"6.6",718737,575929,502671,680977,571448,669242,676475,666185,691023,"53.89",,,,,,,,44,5,"4-Seam Fastball",9,3,3,9,3,9,3,9,"Strategic","Standard",141,"-0.002","0.051",,,,,"-0.051",,6,-6,0.971,0.029000000000000026,30,26,31,27,3,2,,1,6,1,"1.22","0.9","0.9","44.0",,,,,
"CU","2023-04-02","81","1.96","6.48","Montgomery, Jordan",662139,656756,,"blocked_ball",,,,,13,,"R","L","L","STL","TOR","B",,,1,2,2023,"-0.49","-0.56",-0.7000464944566775,0.1776421050168806,,665489,,2,5,"Top",,,,,,,-5.045040495299071,-117.85697497649355,-6.435269186309583,-3.6479715009491747,21.524467392467148,-36.428307823504724,3.04089947946786,1.42378766616912,,,,"81.8",2397,"6.8",718737,575929,502671,680977,571448,669242,676475,666185,691023,"53.74",,,,,,,,44,4,"Curveball",9,3,3,9,3,9,3,9,"Strategic","Standard",326,"-0.001","0.015",,,,,"-0.015",,6,-6,0.972,0.028000000000000025,30,26,31,27,3,2,,1,6,1,"4.02","-0.49","-0.49","46.2",,,,,
"SI","2023-04-02","93.3","1.9","6.68","Montgomery, Jordan",662139,656756,,"called_strike",,,,,4,,"R","L","L","STL","TOR","S",,,1,1,2023,"1.4","1.26",-0.6019412987902091,2.4557643497580774,,665489,,2,5,"Top",,,,,,,-9.52345872727076,-135.48303971969673,-7.893889471490957,19.327382561151204,28.020194074824627,-15.08764715264472,3.11406046183454,1.47269327398703,,,,"93.4",2348,"6.4",718737,575929,502671,680977,571448,669242,676475,666185,691023,"54.14",,,,,,,,44,3,"Sinker",9,3,3,9,3,9,3,9,"Strategic","Standard",145,"0.002","-0.064",,,,,"0.064",,6,-6,0.97,0.030000000000000027,30,26,31,27,3,2,,1,6,1,"1.36","1.4","1.4","46.2",,,,,
"SI","2023-04-02","93","1.97","6.62","Montgomery, Jordan",662139,656756,,"swinging_strike",,,,,3,,"R","L","L","STL","TOR","S",,,1,0,2023,"1.22","1.3",0.4857338949838932,2.615747947088434,,665489,,2,5,"Top",,,,,,,-6.475438203392322,-135.1750796438284,-7.343376182175495,16.334345214585543,28.303107906597532,-14.846493833352197,3.09,1.4,,,,"93.2",2339,"6.4",718737,575929,502671,680977,571448,669242,676475,666185,691023,"54.14",,,,,,,,44,2,"Sinker",9,3,3,9,3,9,3,9,"Strategic","Standard",146,"0.001","-0.046",,,,,"0.046",,6,-6,0.969,0.031000000000000028,30,26,31,27,3,2,,1,6,1,"1.34","1.22","1.22","44.0",,,,,
"SI","2023-04-02","93.6","2.01","6.63","Montgomery, Jordan",662139,656756,,"ball",,,,,12,,"R","L","L","STL","TOR","B",,,0,0,2023,"1.24","1.03",0.3992243853549178,3.92573709335311,,665489,,2,5,"Top",,,,,,,-6.8962535071654365,-136.14033241307934,-3.538868730741653,16.87719874602051,28.4744247698727,-18.71885347333824,3.13844452346066,1.521594493779,,,,"93.8",2345,"6.3",718737,575929,502671,680977,571448,669242,676475,666185,691023,"54.16",,,,,,,,44,1,"Sinker",9,3,3,9,3,9,3,9,"Standard","Standard",145,"-0.001","0.02",,,,,"-0.02",,6,-6,0.97,0.030000000000000027,30,26,31,27,3,2,,1,6,1,"1.56","1.24","1.24","43.0",,,,,
"CU","2023-04-02","81.5","1.82","6.61","Montgomery, Jordan",656305,656756,"field_out","hit_into_play",,,,,5,"Matt Chapman flies out to right fielder Jordan Walker.","R","R","L","STL","TOR","X",9,"fly_ball",3,2,2023,"-0.42","-0.69",0.10965990583066143,2.678369356300463,,662139,672386,2,3,"Top",203.57,91.47,,,,,-3.06300012297007,-118.75573139042106,-0.9150661900346482,-3.3532743383649075,22.785164920293838,-38.762507574062326,3.46,1.66,347,"98.2",29,"82",2514,"6.6",718737,575929,502671,680977,571448,669242,676475,666185,691023,"53.92",0.408,0.7605000000000002,"0",1,0,0,6,25,7,"Curveball",4,3,3,4,3,4,3,4,"Standard","Standard",324,"0.057","-0.31",,,,1.481,"0.31","98.2",1,-1,0.612,0.388,30,30,31,30,2,1,,1,6,1,"4.11","-0.42","0.42","45.1",,,,,
"CU","2023-04-02","82.9","1.73","6.62","Montgomery, Jordan",656305,656756,,"blocked_ball",,,,,13,,"R","R","L","STL","TOR","B",,,2,2,2023,"-0.39","-0.69",-1.746356600467949,0.9073071131836095,,662139,672386,2,3,"Top",,,,,,,-7.229807042271187,-120.46679199759362,-5.2506116513446965,-2.3811610713272726,23.237102185250194,-38.029241536838526,3.31353914404303,1.53718186961461,,,,"83.3",2591,"6.6",718737,575929,502671,680977,571448,669242,676475,666185,691023,"53.87",,,,,,,,25,6,"Curveball",4,3,3,4,3,4,3,4,"Standard","Standard",320,"-0.014","0.064",,,,,"-0.064",,1,-1,0.626,0.374,30,30,31,30,2,1,,1,6,1,"4.01","-0.39","0.39","48.0",,,,,
"SI","2023-04-02","93.9","1.93","6.62","Montgomery, Jordan",656305,656756,,"foul",,,,,4,,"R","R","L","STL","TOR","S",,,2,2,2023,"1.52","0.72",-0.4132857273956747,2.2699817986721413,,662139,672386,2,3,"Top",,,,,,,-9.415061447262923,-136.41624452433422,-7.151589960148516,20.95662186312036,28.004932592176946,-21.8304923746635,3.46,1.66,223,"80",51,,,,718737,575929,502671,680977,571448,669242,676475,666185,691023,"54.13",,,,,,,,25,5,"Sinker",4,3,3,4,3,4,3,4,"Standard","Standard",,"0","0",,,,,"0","88.0",1,-1,0.626,0.374,30,30,31,30,2,1,,1,6,1,"1.86","1.52","-1.52",,,,,,
"FF","2023-04-02","93.5","1.96","6.67","Montgomery, Jordan",656305,656756,,"ball",,,,,11,,"R","R","L","STL","TOR","B",,,1,2,2023,"0.31","1.32",-0.719131760093847,4.507363194455542,,662139,672386,2,3,"Top",,,,,,,-7.61369511414729,-136.03016754926605,-2.7759354224846167,5.503060860581951,28.48388455004212,-15.272627144455804,3.33791093569466,1.61052317784659,,,,"93.8",2404,"6.4",718737,575929,502671,680977,571448,669242,676475,666185,691023,"54.11",,,,,,,,25,4,"4-Seam Fastball",4,3,3,4,3,4,3,4,"Standard","Standard",161,"-0.007","0.033",,,,,"-0.033",,1,-1,0.633,0.367,30,30,31,30,2,1,,1,6,1,"1.27","0.31","-0.31","50.2",,,,,
"CU","2023-04-02","80.9","2","6.58","Montgomery, Jordan",656305,656756,,"called_strike",,,,,14,,"R","R","L","STL","TOR","S",,,1,1,2023,"-0.28","-0.63",0.8898926997854247,2.17189056547474,,662139,672386,2,3,"Top",,,,,,,-1.952951434344666,-117.90087138651022,-2.0754792351690203,-2.2954299335573807,20.14621173308052,-37.979127140043495,3.33763500628672,1.56101308910279,,,,"81.7",2372,"6.5",718737,575929,502671,680977,571448,669242,676475,666185,691023,"53.96",,,,,,,,25,3,"Curveball",4,3,3,4,3,4,3,4,"Standard","Standard",326,"0.012","-0.069",,,,,"0.069",,1,-1,0.621,0.379,30,30,31,30,2,1,,1,6,1,"4.08","-0.28","0.28","45.8",,,,,
"CU","2023-04-02","81.1","1.91","6.59","Montgomery, Jordan",656305,656756,,"foul",,,,,5,,"R","R","L","STL","TOR","S",,,1,0,2023,"-0.16","-0.68",-0.03716399761397422,2.380406558478326,,662139,672386,2,3,"Top",,,,,,,-4.0750771548608675,-118.14669735680073,-1.5105434703975749,-0.7178282353994607,22.12172324205451,-38.50842326354586,3.46,1.66,3,"64.7",-40,"81.7",2419,"6.6",718737,575929,502671,680977,571448,669242,676475,666185,691023,"53.92",,,,,,,,25,2,"Curveball",4,3,3,4,3,4,3,4,"Standard","Standard",322,"0.007","-0.045",,,,,"0.045","88.0",1,-1,0.614,0.386,30,30,31,30,2,1,,1,6,1,"4.14","-0.16","0.16","46.8",,,,,
"FF","2023-04-02","93.3","1.86","6.61","Montgomery, Jordan",656305,656756,,"ball",,,,,11,,"R","R","L","STL","TOR","B",,,0,0,2023,"0.5","1.46",-1.2937809534840288,3.6934392829083835,,662139,672386,2,3,"Top",,,,,,,-9.236055012093066,-135.51503765090146,-4.9622495749768305,8.114159049849683,28.907467843810366,-13.207859323399507,3.41101711822399,1.65941168985627,,,,"93.6",2494,"6.5",718737,575929,502671,680977,571448,669242,676475,666185,691023,"54.01",,,,,,,,25,1,"4-Seam Fastball",4,3,3,4,3,4,3,4,"Standard","Standard",157,"-0.004","0.03",,,,,"-0.03",,1,-1,0.618,0.382,30,30,31,30,2,1,,1,6,1,"1.16","0.5","-0.5","43.8",,,,,
"CH","2023-04-02","85","1.86","6.47","Montgomery, Jordan",672386,656756,"single","hit_into_play",,,,,6,"Alejandro Kirk singles on a sharp ground ball to third baseman Nolan Arenado, deflected by pitcher Jordan Montgomery. Daulton Varsho to 2nd.","R","R","L","STL","TOR","X",1,"ground_ball",3,2,2023,"1.2","1.23",0.39782738448121413,2.339798371291277,,,662139,2,3,"Top",110.85,172.07,,,,,-5.879687919205493,-123.6334196359423,-5.899682268766649,13.508254381216943,23.218805777563453,-18.553631125339006,3.08,1.48,8,"101.3",-15,"85.9",1929,"6.7",718737,575929,502671,680977,571448,669242,676475,666185,691023,"53.76",0.155,0.14,"0.9",1,1,0,2,24,6,"Changeup",4,3,3,4,3,4,3,4,"Standard","Standard",136,"-0.021","0.349",,,,0.204,"-0.349","101.3",1,-1,0.639,0.361,30,24,31,25,2,1,,3,6,1,"1.91","1.2","-1.2","44.0",,,,,
"SI","2023-04-02","94.7","1.82","6.65","Montgomery, Jordan",672386,656756,,"ball",,,,,11,,"R","R","L","STL","TOR","B",,,2,2,2023,"1.33","1.02",-0.9547160883877075,3.3873085787738497,,,662139,2,3,"Top",,,,,,,-10.24704220692103,-137.4889425336328,-5.141295820277666,19.14043913296426,29.00827226820358,-18.260837413107556,2.95772016820955,1.43045334095419,,,,"95.1",2324,"6.5",718737,575929,502671,680977,571448,669242,676475,666185,691023,"53.97",,,,,,,,24,5,"Sinker",4,3,3,4,3,4,3,4,"Standard","Standard",146,"-0.008","0.065",,,,,"-0.065",,1,-1,0.647,0.353,30,24,31,25,2,1,,3,6,1,"1.52","1.33","-1.33","45.4",,,,,
"CH","2023-04-02","85.7","1.89","6.38","Montgomery, Jordan",672386,656756,,"blocked_ball",,,,,14,,"R","R","L","STL","TOR","B",,,1,2,2023,"0.86","1.18",0.2997284398897956,0.21061475605045632,,,662139,2,3,"Top",,,,,,,-5.538675940845865,-124.33598001963959,-10.80136198256647,9.976025362551084,22.644935140943996,-17.983845721823794,2.95772016820955,1.43045334095419,,,,"86.6",1842,"6.8",718737,575929,502671,680977,571448,669242,676475,666185,691023,"53.66",,,,,,,,24,4,"Changeup",4,3,3,4,3,4,3,4,"Standard","Standard",130,"-0.004","0.034",,,,,"-0.034",,1,-1,0.651,0.349,30,24,31,25,2,1,,3,6,1,"1.91","0.86","-0.86","46.4",,,,,
"FF","2023-04-02","91.7","1.95","6.61","Montgomery, Jordan",672386,656756,,"foul",,,,,2,,"R","R","L","STL","TOR","S",,,1,1,2023,"0.45","1.48",0.08824312205179613,3.0745788279585544,,,662139,2,3,"Top",,,,,,,-5.66846606011915,-133.45424042123545,-6.319531305319434,6.4901191621462235,26.327884864880378,-13.288081124269105,3.08,1.48,133,"78.6",10,"92.1",2478,"6.3",718737,575929,502671,680977,571448,669242,676475,666185,691023,"54.18",,,,,,,,24,3,"4-Seam Fastball",4,3,3,4,3,4,3,4,"Strategic","Standard",152,"0.007","-0.06",,,,,"0.06","88.0",1,-1,0.644,0.356,30,24,31,25,2,1,,3,6,1,"1.21","0.45","-0.45","41.1",,,,,
"SI","2023-04-02","90.6","1.84","6.69","Montgomery, Jordan",672386,656756,,"called_strike",,,,,3,,"R","R","L","STL","TOR","S",,,1,0,2023,"1.4","1.01",0.5710007247985605,2.9579221262891062,,,662139,2,3,"Top",,,,,,,-6.153678438118192,-131.89370764603515,-5.651379665906075,17.633854979731378,24.096803197409862,-19.341333354463767,3.03089598262935,1.45490639332912,,,,"91.2",2316,"6.3",718737,575929,502671,680977,571448,669242,676475,666185,691023,"54.19",,,,,,,,24,2,"Sinker",4,3,3,4,3,4,3,4,"Standard","Standard",144,"0.004","-0.05",,,,,"0.05",,1,-1,0.64,0.36,30,24,31,25,2,1,,3,6,1,"1.73","1.4","-1.4","44.6",,,,,
"FF","2023-04-02","94.5","1.81","6.64","Montgomery, Jordan",672386,656756,,"ball",,,,,11,,"R","R","L","STL","TOR","B",,,0,0,2023,"0.35","1.53",-1.6498121492557807,2.5491218707076593,,,662139,2,3,"Top",,,,,,,-9.81985369024452,-137.10126154296967,-8.428630507404876,6.458881279621097,28.494221808854434,-11.13604529587388,2.98211354390756,1.50380921641801,,,,"95.1",2436,"6.7",718737,575929,502671,680977,571448,669242,676475,666185,691023,"53.84",,,,,,,,24,1,"4-Seam Fastball",4,3,3,4,3,4,3,4,"Standard","Standard",186,"-0.003","0.03",,,,,"-0.03",,1,-1,0.643,0.357,30,24,31,25,2,1,,3,6,1,"1.03","0.35","-0.35","45.7",,,,,
"FF","2023-04-02","94.3","1.94","6.58","Montgomery, Jordan",543807,656756,"field_out","hit_into_play",,,,,1,"George Springer pops out to first baseman Paul Goldschmidt.","R","R","L","STL","TOR","X",3,"popup",1,1,2023,"0.49","1.43",-0.65345801099354,3.2090429102856826,,,643376,2,2,"Top",155.6,166.16,,,,,-7.822762382522972,-137.0738174401804,-6.274945283045197,7.8088717420665175,27.130744080310496,-12.908600031774736,3.49,1.61,116,"50.4",56,"94.6",2512,"6.3",718737,575929,502671,680977,571448,669242,676475,666185,691023,"54.23",0.016,0.014,"0",1,0,0,1,17,3,"4-Seam Fastball",4,3,3,4,3,4,3,4,"Standard","Standard",138,"0.023","-0.266",,,,0.016,"0.266","88.0",1,-1,0.633,0.367,30,33,31,34,2,1,,1,6,1,"1.12","0.49","-0.49","43.3",,,,,
"CU","2023-04-02","80.9","1.8","6.7","Montgomery, Jordan",543807,656756,,"ball",,,,,12,,"R","R","L","STL","TOR","B",,,0,1,2023,"-0.1","-0.61",1.029823159677747,2.766247688826443,,,643376,2,2,"Top",,,,,,,-1.5328644574420998,-117.93993455072774,-1.043576655425737,-0.6510044478451777,21.21475593459841,-37.866776106497596,3.39371417808287,1.52967400560179,,,,"81.4",2414,"6.4",718737,575929,502671,680977,571448,669242,676475,666185,691023,"54.08",,,,,,,,17,2,"Curveball",4,3,3,4,3,4,3,4,"Standard","Standard",314,"-0.003","0.025",,,,,"-0.025",,1,-1,0.636,0.364,30,33,31,34,2,1,,1,6,1,"4.06","-0.1","0.1","46.7",,,,,
"CU","2023-04-02","81.4","1.95","6.63","Montgomery, Jordan",543807,656756,,"foul",,,,,9,,"R","R","L","STL","TOR","S",,,0,0,2023,"-0.18","-0.73",0.5748505594159649,2.15328331487419,,,643376,2,2,"Top",,,,,,,-2.752431415205154,-118.5547494813315,-2.1016240725194195,-1.2319383518045797,21.026305309596772,-38.92027779087844,3.49,1.61,2,"67.7",-44,"82",2415,"6.5",718737,575929,502671,680977,571448,669242,676475,666185,691023,"54.01",,,,,,,,17,1,"Curveball",4,3,3,4,3,4,3,4,"Standard","Standard",318,"0.004","-0.045",,,,,"0.045","88.0",1,-1,0.632,0.368,30,33,31,34,2,1,,1,6,1,"4.14","-0.18","0.18","49.1",,,,,
"FF","2023-04-02","92","1.97","6.64","Montgomery, Jordan",669289,656756,"field_out","hit_into_play",,,,,12,"Santiago Espinal lines out sharply to center fielder Dylan Carlson.","R","R","L","STL","TOR","X",8,"line_drive",0,0,2023,"0.49","1.33",0.047137880366091234,3.6180756605481683,,,643376,1,2,"Top",119.51,79.78,,,,,-5.940659851067914,-133.80795771761606,-4.7335600371638,7.101765769862031,27.880551673901497,-15.369674408395024,3.28,1.57,298,"100.9",17,"92.4",2356,"6.5",718737,575929,502671,680977,571448,669242,676475,666185,691023,"54.03",0.484,0.559,"0",1,0,0,4,16,1,"4-Seam Fastball",4,3,3,4,3,4,3,4,"Standard","Standard",155,"0.032","-0.257",,,,0.844,"0.257","100.9",1,-1,0.6,0.4,30,28,31,29,1,0,,,6,2,"1.36","0.49","-0.49","44.9",,,,,
"CU","2023-04-02","80.7","1.95","6.59","Montgomery, Jordan",643376,656756,"single","hit_into_play",,,,,14,"Danny Jansen singles on a ground ball to right fielder Jordan Walker. Matt Chapman scores.","R","R","L","STL","TOR","X",9,"ground_ball",0,1,2023,"-0.21","-0.53",0.8505457923026563,1.72951214366921,656305,,,1,2,"Top",171.45,106.02,,,,,-2.04712254550893,-117.50031715536909,-3.1396918969330256,-1.553425620356976,23.016958039492174,-36.70573317174107,3.2,1.5,58,"70.8",5,"81.1",2487,"6.6",718737,575929,502671,680977,571448,669242,676475,666185,691023,"53.92",0.196,0.18,"0.9",1,1,0,2,15,2,"Curveball",4,2,2,4,3,4,3,4,"Standard","Standard",315,"-0.063","0.504",,,,0.253,"-0.504","88.0",2,-2,0.663,0.33699999999999997,30,28,31,28,1,0,,1,6,2,"4.04","-0.21","0.21","49.8",,,,,
"SI","2023-04-02","93.6","1.85","6.67","Montgomery, Jordan",643376,656756,,"called_strike",,,,,3,,"R","R","L","STL","TOR","S",,,0,0,2023,"1.29","0.82",0.6209723028630623,3.3662625435179443,656305,,,1,2,"Top",,,,,,,-6.0066904734329825,-136.26528387507864,-4.672647928130936,17.34840134096594,26.07357248132588,-21.0731176024227,3.24717739515955,1.57792271179078,,,,"94.1",2335,"6.3",718737,575929,502671,680977,571448,669242,676475,666185,691023,"54.24",,,,,,,,15,1,"Sinker",4,2,2,4,2,4,2,4,"Standard","Standard",136,"0.009","-0.055",,,,,"0.055",,2,-2,0.654,0.346,30,28,31,28,1,0,,1,6,2,"1.75","1.29","-1.29","44.0",,,,,
"CU","2023-04-02","79.1","1.87","6.58","Montgomery, Jordan",593160,656756,"sac_fly","hit_into_play",,,,,3,"Whit Merrifield out on a sacrifice fly to center fielder Dylan Carlson. Alejandro Kirk scores. Matt Chapman to 3rd.","R","R","L","STL","TOR","X",8,"line_drive",0,0,2023,"-0.06","-0.69",0.2776558286232246,2.7744863753006928,672386,656305,,0,2,"Top",118.36,66.79,,,,,-3.373867582599016,-115.32142243541611,-0.29590705225211544,0.005767592215487292,19.713383639500787,-38.482537737393,3.29,1.56,328,"100.9",19,"79.9",2363,"6.5",718737,575929,502671,680977,571448,669242,676475,666185,691023,"53.96",,0.519,"0",1,0,0,5,14,1,"Curveball",4,1,1,4,2,4,2,4,"Standard","Standard",322,"0.008","-0.225",,,,,"0.225","100.9",3,-3,0.646,0.354,30,34,31,34,1,0,,3,6,2,"4.29","-0.06","0.06","46.3",,,,,
"CH","2023-04-02","84.9","1.74","6.53","Montgomery, Jordan",656305,656756,"double","hit_into_play",,,,,6,"Matt Chapman doubles (1) on a sharp line drive to left fielder Alec Burleson. Daulton Varsho scores. Alejandro Kirk to 3rd.","R","R","L","STL","TOR","X",7,"line_drive",1,0,2023,"1.04","1.26",0.37398654851771196,2.6010781586321503,,662139,672386,0,2,"Top",85.35,47.56,,,,,-5.330199371757992,-123.5430620826182,-5.483023051746446,11.73103299258591,22.725269029650512,-18.314981358742944,3.46,1.66,324,"111.4",15,"85.7",1815,"6.6",718737,575929,502671,680977,571448,669242,676475,666185,691023,"53.86",0.721,0.826,"1.25",1,1,1,6,13,2,"Changeup",4,0,0,4,1,4,1,4,"Standard","Standard",137,"-0.111","0.693",,,,1.262,"-0.693","111.4",4,-4,0.757,0.243,30,30,31,30,1,0,,1,6,1,"1.88","1.04","-1.04","47.5",,,,,
"SI","2023-04-02","94.9","1.85","6.66","Montgomery, Jordan",656305,656756,,"ball",,,,,3,,"R","R","L","STL","TOR","B",,,0,0,2023,"1.49","1.05",0.5230455915506591,3.333256550435536,,662139,672386,0,2,"Top",,,,,,,-6.818569403608755,-138.01446706963782,-5.438612630549608,20.56656343696699,28.41137619077496,-17.748550539534648,3.43838523184274,1.64783152013902,,,,"95.3",2241,"6.4",718737,575929,502671,680977,571448,669242,676475,666185,691023,"54.09",,,,,,,,13,1,"Sinker",4,0,0,4,0,4,0,4,"Standard","Standard",147,"-0.007","0.042",,,,,"-0.042",,4,-4,0.764,0.236,30,30,31,30,1,0,,1,6,1,"1.47","1.49","-1.49","44.0",,,,,
"SI","2023-04-02","94.6","1.95","6.66","Montgomery, Jordan",672386,656756,"walk","ball",,,,,12,"Alejandro Kirk walks.","R","R","L","STL","TOR","B",,,3,2,2023,"1.3","1.04",0.2572101351330216,3.7328992100456135,,662139,,0,2,"Top",,,,,,,-7.339757720591384,-137.67763325786893,-4.3321743233269245,18.141041836720255,28.157920676670955,-18.151337126319543,2.97924869182793,1.4563216192094,,,,"95.2",2289,"6.4",718737,575929,502671,680977,571448,669242,676475,666185,691023,"54.08",,0.695903,"0.7",1,0,0,,12,6,"Sinker",4,0,0,4,0,4,0,4,"Standard","Standard",139,"-0.029","0.259",,,,,"-0.259",,4,-4,0.793,0.20699999999999996,30,24,31,25,1,0,,3,6,1,"1.49","1.3","-1.3","44.3",,,,,
"SI","2023-04-02","93.8","1.89","6.58","Montgomery, Jordan",672386,656756,,"called_strike",,,,,7,,"R","R","L","STL","TOR","S",,,3,1,2023,"1.31","0.99",-0.4398235927637508,1.6907662103512746,,662139,,0,2,"Top",,,,,,,-8.938864142203817,-136.09163776131405,-9.16105394875429,18.22065128956929,26.94161158244211,-18.020120625647554,3.00364080108135,1.43186862977738,,,,"94.3",2320,"6.5",718737,575929,502671,680977,571448,669242,676475,666185,691023,"53.95",,,,,,,,12,5,"Sinker",4,0,0,4,0,4,0,4,"Standard","Standard",151,"0.009","-0.099",,,,,"0.099",,4,-4,0.784,0.21599999999999997,30,24,31,25,1,0,,3,6,1,"1.59","1.31","-1.31","43.5",,,,,
"CH","2023-04-02","84.2","1.86","6.43","Montgomery, Jordan",672386,656756,,"ball",,,,,14,,"R","R","L","STL","TOR","B",,,2,1,2023,"1.1","0.81",0.562223167001574,1.1914328018657392,,662139,,0,2,"Top",,,,,,,-5.27543228073465,-122.52378747561785,-7.546774930947738,12.115515579204573,21.01773561694396,-22.769103173527935,2.95485514798307,1.38295940767612,,,,"85.7",1881,"7",718737,575929,502671,680977,571448,669242,676475,666185,691023,"53.55",,,,,,,,12,4,"Changeup",4,0,0,4,0,4,0,4,"Standard","Standard",129,"-0.011","0.102",,,,,"-0.102",,4,-4,0.795,0.20499999999999996,30,24,31,25,1,0,,3,6,1,"2.37","1.1","-1.1","43.9",,,,,
"CH","2023-04-02","85.1","1.88","6.49","Montgomery, Jordan",672386,656756,,"ball",,,,,12,,"R","R","L","STL","TOR","B",,,1,1,2023,"0.78","1.09",1.2767522727019707,3.1174682971003764,,,662139,0,2,"Top",,,,,,,-3.007281508509041,-123.8778266585621,-3.7742363545712263,8.656148261126381,26.013482836108412,-20.39938500895409,3.02803146916243,1.48077351694122,,,,"85.4",1883,"6.6",718737,575929,502671,680977,571448,669242,676475,666185,691023,"53.94",,,,,,,,12,3,"Changeup",4,0,0,4,0,4,0,4,"Standard","Standard",133,"-0.019","0.042",,,,,"-0.042",,4,-4,0.814,0.18600000000000005,30,24,31,25,1,0,,3,6,1,"2.07","0.78","-0.78","48.8",,,,,
"CH","2023-04-02","83.8","1.73","6.5","Montgomery, Jordan",672386,656756,,"foul",,,,,2,,"R","R","L","STL","TOR","S",,,1,0,2023,"0.88","1.03",-0.0308032316648994,2.6501329253519703,,,662139,0,2,"Top",,,,,,,-5.879888076445018,-122.01266631184218,-4.676156598962744,9.887896544453756,19.572688237832946,-21.1887045826176,3.08,1.48,2,"71.9",-49,"85.3",1760,"6.8",718737,575929,502671,680977,571448,669242,676475,666185,691023,"53.67",,,,,,,,12,2,"Changeup",4,0,0,4,0,4,0,4,"Standard","Standard",129,"0.006","-0.042",,,,,"0.042","88.0",4,-4,0.808,0.19199999999999995,30,24,31,25,1,0,,3,6,1,"2.17","0.88","-0.88","46.2",,,,,
"SI","2023-04-02","93.9","1.91","6.67","Montgomery, Jordan",672386,656756,,"ball",,,,,11,,"R","R","L","STL","TOR","B",,,0,0,2023,"1.34","1",-0.2940457571865338,3.369294570632235,,,662139,0,2,"Top",,,,,,,-8.700626895841971,-136.42634116448056,-5.0750060483001835,18.635627820229075,27.8589561531928,-18.724904659182915,3.02803146916243,1.40741455660026,,,,"94.4",2342,"6.5",718737,575929,502671,680977,571448,669242,676475,666185,691023,"53.98",,,,,,,,12,1,"Sinker",4,0,0,4,0,4,0,4,"Standard","Standard",151,"-0.005","0.03",,,,,"-0.03",,4,-4,0.813,0.18700000000000006,30,24,31,25,1,0,,3,6,1,"1.58","1.34","-1.34","43.8",,,,,