"pitch_type","game_date","release_speed","release_pos_x","release_pos_z","player_name","batter","pitcher","events","description","spin_dir","spin_rate_deprecated","break_angle_deprecated","break_length_deprecated","zone","des","game_type","stand","p_throws","home_team","away_team","type","hit_location","bb_type","balls","strikes","game_year","pfx_x","pfx_z","plate_x","plate_z","on_3b","on_2b","on_1b","outs_when_up","inning","inning_topbot","hc_x","hc_y","tfs_deprecated","tfs_zulu_deprecated","umpire","sv_id","vx0","vy0","vz0","ax","ay","az","sz_top","sz_bot","hit_distance_sc","launch_speed","launch_angle","effective_speed","release_spin_rate","release_extension","game_pk","fielder_2","fielder_3","fielder_4","fielder_5","fielder_6","fielder_7","fielder_8","fielder_9","release_pos_y","estimated_ba_using_speedangle","estimated_woba_using_speedangle","woba_value","woba_denom","babip_value","iso_value","launch_speed_angle","at_bat_number","pitch_number","pitch_name","home_score","away_score","bat_score","fld_score","post_away_score","post_home_score","post_bat_score","post_fld_score","if_fielding_alignment","of_fielding_alignment","spin_axis","delta_home_win_exp","delta_run_exp","bat_speed","swing_length","miss_distance","estimated_slg_using_speedangle","delta_pitcher_run_exp","hyper_speed","home_score_diff","bat_score_diff","home_win_exp","bat_win_exp","age_pit_legacy","age_bat_legacy","age_pit","age_bat","n_thruorder_pitcher","n_priorpa_thisgame_player_at_bat","pitcher_days_since_prev_game","batter_days_since_prev_game","pitcher_days_until_next_game","batter_days_until_next_game","api_break_z_with_gravity","api_break_x_arm","api_break_x_batter_in","arm_angle","attack_angle","attack_direction","swing_path_tilt","intercept_ball_minus_batter_pos_x_inches","intercept_ball_minus_batter_pos_y_inches"
"FF","2023-08-26","102.2","-2.19","6.03","Duran, Jhoan",663993,661395,"strikeout_double_play","swinging_strike",,,,,2,"Nathaniel Lowe strikes out swinging and Marcus Semien caught stealing 2nd, catcher Christian Vazquez to shortstop Carlos Correa to catcher Christian Vazquez.","R","L","R","MIN","TEX","S",2,,2,2,2023,"-0.83","1.24",0.05717042916528503,3.2944855010579897,,,543760,1,8,"Top",,,,,,,8.379421782242167,-148.4335705126824,-5.417474279246327,-14.397935231461904,37.653356057569546,-12.79331924277611,3.51,1.63,,,,"102.5",2105,"6.7",716839,543877,456781,593871,668904,621043,670242,608336,596146,"53.82",,0,"0",1,0,0,,56,5,"4-Seam Fastball",2,2,2,2,2,2,2,2,"Strategic","Standard",225,"0.101","-0.23","74.0","6.5","1.053808884",,"0.23",,0,0,0.507,0.493,25,27,25,28,1,3,3,1,1,1,"0.97","0.83","-0.83","40.4",-2.0463199063211377,25.704405406609787,30.069556108975526,35.42752347520471,15.036141033222876
"FC","2023-06-30","101","-1.34","5.26","Doval, Camilo",607043,666808,,"called_strike",,,,,6,,"R","L","R","NYM","SF","S",,,0,1,2023,"-0.79","1.19",0.31140593400015826,2.3428246289977857,,,516782,1,9,"Bot",,,,,,,6.567672153893083,-146.87410991969136,-5.672800865878708,-13.087579367737815,35.94206540800153,-13.840465604199292,3.56081576513522,1.66547164215238,,,,"102.1",2583,"7",717556,672275,664774,642731,605204,669477,596103,669369,682641,"53.52",,,,,,,,77,2,"Cutter",4,5,4,5,5,4,4,5,"Standard","Standard",227,"-0.15","-0.053",,,,,"0.053",,-1,-1,0.197,0.197,25,30,26,30,1,4,3,1,3,1,"1.06","0.79","-0.79","18.3",,,,,
"SI","2023-08-12","100.4","-0.06","6.82","Bautista, Félix",668942,642585,"truncated_pa","called_strike",,,,,6,,"R","L","R","SEA","BAL","S",2,,0,0,2023,"-0.46","1.62",0.3392514208722577,2.662168825908525,,,687799,2,9,"Bot",,,,,,,2.2258749169405596,-146.04307778658088,-10.146290125446054,-7.067545521593912,31.590648496113058,-6.864773526229084,3.65214281031577,1.73598790219746,,,,"101.9",2179,"6.9",717018,668939,656811,624428,676059,683002,669720,656775,623993,"53.58",,,"0",0,0,0,,65,1,"Sinker",0,0,0,0,0,0,0,0,"Standard","Standard",184,"-0.063","-0.286",,,,,"0.286",,0,0,0.563,0.563,28,29,28,29,1,0,2,1,2,1,"0.63","0.46","-0.46","71.0",,,,,
"SI","2023-08-13","100.1","-1.93","5.35","Doval, Camilo",669701,666808,"truncated_pa","called_strike",,,,,1,,"R","L","R","SF","TEX","S",2,,0,0,2023,"-1.07","0.74",-0.7447646514429302,2.9829847429022402,,,677649,2,9,"Top",,,,,,,5.8389664227989835,-145.81882876000319,-2.981988902221636,-16.613041050146744,31.979274005124488,-21.137391977733724,3.35601474281167,1.55774387994136,,,,"101.2",2428,"6.7",717008,672275,664774,642731,605204,543063,671218,682641,624424,"53.84",,,"0",0,0,0,,68,1,"Sinker",1,1,1,1,1,1,1,1,"Infield shade","Standard",239,"0.065","-0.286",,,,,"0.286",,0,0,0.574,0.42600000000000005,25,25,26,26,1,3,6,1,7,5,"1.52","1.07","-1.07","12.8",,,,,
"SI","2023-04-07","100.1","-2.3","5.88","Hicks, Jordan",668930,663855,"truncated_pa","ball",,,,,14,,"R","L","R","MIL","STL","B",2,,1,0,2023,"-1.43","0.69",0.9129991058531914,2.2852937874773334,669003,,605119,2,7,"Bot",,,,,,,12.27144621593337,-145.22838556732563,-6.150325633030942,-23.14043825088153,34.31382878280113,-21.136113243514618,3.26748061827328,1.57019124618203,,,,"100.2",2066,"6.5",718674,575929,502671,680977,571448,669242,676475,641933,691023,"53.97",,,"0",0,0,0,,64,2,"Sinker",4,0,4,0,0,4,4,0,"Standard","Standard",221,"-0.007","-0.34",,,,,"0.34",,4,4,0.971,0.971,26,23,27,24,1,3,4,2,2,2,"1.6","1.43","-1.43","40.4",,,,,
"SI","2023-06-14","99.5","-1.41","6.41","Graterol, Brusdar",641313,660813,"truncated_pa","ball",,,,,12,,"R","R","R","LAD","CWS","B",2,,0,2,2023,"-1.35","0.65",0.30675738330037006,3.7993719696560873,,,462101,2,8,"Top",,,,,,,7.741185365692708,-144.61081644064174,-3.2330153296195108,-20.70711587775036,34.9075714810503,-22.503146059949827,3.40033206308226,1.49040350723329,,,,"98.1",2004,"5.6",717760,605131,518692,678246,621035,500743,444482,518792,605141,"54.86",,,"0",0,0,0,,71,4,"Sinker",4,5,5,4,5,4,5,4,"Standard","Strategic",227,"0.015","-0.187",,,,,"0.187",,-1,1,0.293,0.7070000000000001,24,30,25,30,1,4,1,1,2,1,"1.66","1.35","1.35","38.4",,,,,
"SI","2023-05-16","99.5","-1.83","6.05","Hicks, Jordan",686894,663855,,"ball",,,,,11,,"R","R","R","STL","MIL","B",,,0,0,2023,"-1.13","0.78",-0.07634277819824464,3.642024779399016,,,668930,1,6,"Top",,,,,,,7.472661766775247,-144.7899119559978,-3.06599059512047,-17.578163029030947,32.06097606501983,-20.73081709306407,3.08496477236104,1.44007210693472,,,,"100.1",1864,"6.5",718151,668800,502671,669357,571448,657557,680977,663457,669242,"53.99",,,,,,,,49,1,"Sinker",2,3,3,2,3,2,3,2,"Standard","Standard",220,"0.045","0.036",,,,,"-0.036",,-1,1,0.338,0.6619999999999999,26,24,27,24,1,2,2,1,2,1,"1.52","1.13","1.13","41.0",,,,,
"FF","2023-06-25","99.3","-1.47","5.73","Soriano, José",545341,667755,"truncated_pa","called_strike",,,,,8,,"R","R","R","COL","LAA","S",2,,1,0,2023,"-0.68","0.43",-0.20505488941851635,1.7160162123013987,,,678662,2,7,"Bot",,,,,,,5.121575889396497,-144.56858095096683,-6.770420422936297,-10.670320046653282,28.405609883551538,-24.850116762419415,3.17508074423107,1.44486043155708,,,,"101.2",2135,"6.9",717616,642136,592669,592273,500871,664058,621493,545361,666160,"53.55",,,"0",0,0,0,,55,2,"4-Seam Fastball",4,2,4,2,2,4,4,2,"Standard","Standard",235,"-0.013","-0.316",,,,,"0.316",,2,2,0.875,0.875,24,31,25,32,1,3,8,1,4,2,"1.85","0.68","0.68","28.2",,,,,
"FF","2023-09-27","99.3","-1.63","6.33","Merryweather, Julian",663586,657240,"strikeout_double_play","called_strike",,,,,6,"Austin Riley called out on strikes and Ozzie Albies caught stealing 2nd, catcher Yan Gomes to second baseman Nico Hoerner to catcher Yan Gomes.","R","R","R","ATL","CHC","S",2,,3,2,2023,"-0.32","1.46",0.3991037286882999,2.826534364352892,,,645277,1,8,"Bot",,,,,,,6.312933756172318,-144.4448147243842,-7.6282422019389164,-5.9849585688985005,32.75652452989021,-10.141410420258929,3.57120662530179,1.65358259758853,,,,"99.6",2307,"6.4",716412,543228,600869,663538,670156,621020,664023,641355,673548,"54.08",,0,"0",1,0,0,,61,6,"4-Seam Fastball",3,3,3,3,3,3,3,3,"Infield shade","Standard",210,"-0.118","-0.314",,,,,"0.314",,0,0,0.618,0.618,31,26,32,26,1,3,3,1,2,1,"0.85","0.32","0.32","54.7",,,,,
"SI","2023-05-03","99.2","1.26","6.52","Alvarado, José",621035,621237,"truncated_pa","ball",,,,,12,,"R","R","L","LAD","PHI","B",2,,0,0,2023,"1.35","1.17",0.341606764749552,3.7856280856030384,,,605131,2,8,"Bot",,,,,,,-5.7224483869439124,-144.3302250179655,-4.805610007297354,20.235001359497637,35.546512849924426,-14.872556850466518,3.55246994023059,1.61002914053903,,,,"99.6",2132,"6.7",718327,596117,664761,681082,624641,607208,656941,669016,592206,"53.83",,,"0",0,0,0,,72,1,"Sinker",6,5,6,5,5,6,6,5,"Standard","Standard",146,"-0.015","-0.286",,,,,"0.286",,1,1,0.85,0.85,28,32,28,33,1,3,5,1,4,2,"1.16","1.35","-1.35","58.5",,,,,
"FF","2023-04-05","99.2","-1.5","5.56","deGrom, Jacob",623993,594798,"strikeout_double_play","swinging_strike",,,,,12,"Anthony Santander strikes out swinging and Adley Rutschman caught stealing 2nd, catcher Jonah Heim to shortstop Corey Seager to catcher Jonah Heim.","R","L","R","TEX","BAL","S",2,,3,2,2023,"-0.76","1.57",0.1420542710273135,3.6155545520539323,,,668939,0,6,"Top",,,,,,,6.357448941838578,-144.2998547716419,-3.5732393073617237,-12.16716852460571,35.47043370937313,-9.697746849492882,3.36,1.63,,,,"100.1",2594,"6.9",718694,641680,663993,543760,673962,608369,677649,666969,543257,"53.56",,0,"0",1,0,0,,41,9,"4-Seam Fastball",2,2,2,2,2,2,2,2,"Infield shade","Standard",216,"0.123","-0.298",,,,,"0.298",,0,0,0.436,0.5640000000000001,35,28,35,29,3,2,6,1,6,2,"0.76","0.76","-0.76","33.4",,,,,
"FF","2023-09-16","99","-1.78","6.23","Merryweather, Julian",682998,657240,"truncated_pa","called_strike",,,,,8,,"R","L","R","AZ","CHC","S",2,,0,0,2023,"-0.27","1.38",-0.18983493701509307,2.1013883798385744,,,672515,2,9,"Bot",,,,,,,4.97355669904247,-143.94787623956483,-9.045622750446308,-4.955743416977011,33.80244088809826,-11.105110386034019,3.22205689452864,1.65614777027518,,,,"99",2256,"6.3",716558,543228,641355,663538,663611,621020,664023,691718,673548,"54.17",,,"0",0,0,0,,75,1,"4-Seam Fastball",3,3,3,3,3,3,3,3,"Standard","Standard",213,"-0.063","-0.286",,,,,"0.286",,0,0,0.563,0.563,31,22,32,23,1,4,6,1,5,1,"0.95","0.27","-0.27","52.2",,,,,
"FF","2023-06-06","98.8","-1.47","5.78","Tapia, Domingo",641487,593619,"truncated_pa","called_strike",,,,,4,,"R","L","R","SD","SEA","S",2,,0,0,2023,"-1.16","1.01",-0.3042349649194962,2.4008338667402533,,,676609,2,9,"Top",,,,,,,5.833875228899662,-143.6159449328088,-6.0585625956319165,-17.375420289920832,34.79180284342833,-16.98347548584293,3.43484615739553,1.61045907583517,,,,"98.1",2250,"6",717864,596142,630105,596059,592518,673490,665742,665487,641525,"54.46",,,"0",0,0,0,,66,1,"4-Seam Fastball",1,4,4,1,4,1,4,1,"Standard","Standard",222,"0.004","-0.286",,,,,"0.286",,-3,3,0.039,0.961,31,28,32,28,1,4,2,3,27,1,"1.34","1.16","-1.16","36.0",,,,,
"SI","2023-06-10","98.7","-1.92","6.09","Alcantara, Sandy",673357,645261,,"called_strike",,,,,8,,"R","R","R","CWS","MIA","S",,,0,0,2023,"-1.32","0.63",0.1358908678703219,1.9746920634611191,,,643217,0,6,"Bot",,,,,,,8.64097679161595,-143.45446029501656,-7.21637727122556,-20.15808687720503,32.52816848283584,-21.928571137964934,3.64298732608845,1.73993659115086,,,,"98.6",2480,"6.2",717820,607732,493329,650333,516416,621563,542932,660821,650559,"54.26",,,,,,,,48,1,"Sinker",1,0,1,0,0,1,1,0,"Standard","Standard",229,"-0.055","-0.036",,,,,"0.036",,1,1,0.772,0.772,27,25,28,26,3,2,6,1,6,1,"1.71","1.32","1.32","34.1",,,,,
"FF","2023-09-07","98.7","-2.86","5.12","Muñoz, Andrés",670764,662253,,"ball",,,,,11,,"R","L","R","TB","SEA","B",,,1,1,2023,"-1.27","1.02",-1.6729303684911512,3.2824270653237138,,,670042,0,9,"Bot",,,,,,,6.148860095425057,-143.59206522119445,-1.8878342109575441,-18.961824186438662,36.568294737797544,-17.900993523895274,3.40798526058979,1.57803157396942,,,,"97.9",2352,"6.1",716683,663728,664034,668942,553993,641487,686527,677594,606192,"54.4",,,,,,,,67,3,"4-Seam Fastball",0,1,0,1,1,0,0,1,"Standard","Standard",240,"-0.208","0.042",,,,,"-0.042",,-1,-1,0.333,0.333,24,26,24,27,1,3,1,4,4,1,"1.34","1.27","-1.27","17.4",,,,,
"SI","2023-07-07","98.7","0.12","6.99","Bautista, Félix",666135,642585,"truncated_pa","ball",,,,,11,,"R","L","R","MIN","BAL","B",2,,0,0,2023,"-0.44","1.66",-0.32810008139019026,3.6185879590756063,,,650489,2,9,"Bot",,,,,,,-0.1962449378343321,-143.64408550591585,-7.628845167277025,-6.0933888074506015,33.02452271169638,-7.693908374360575,3.40651692493059,1.83823656305557,,,,"99.1",2318,"6.5",717458,543510,602104,676059,683002,622761,681297,656775,623993,"53.99",,,"0",0,0,0,,66,1,"Sinker",1,1,1,1,1,1,1,1,"Infield shade","Standard",188,"-0.063","-0.286",,,,,"0.286",,0,0,0.563,0.563,28,25,28,26,1,1,2,2,7,2,"0.68","0.44","-0.44","61.7",,,,,
"SI","2023-03-30","98.6","-1.69","5.91","Holderman, Colin",666181,670059,"strikeout_double_play","swinging_strike",,,,,11,"Reds challenged (tag play), call on the field was upheld: Will Benson strikes out swinging and Stuart Fairchild caught stealing 2nd, catcher Austin Hedges to shortstop Oneil Cruz to catcher Austin Hedges.","R","L","R","CIN","PIT","S",2,,2,2,2023,"-1.53","0.76",-0.5287268629860433,3.884803389735888,,,656413,1,8,"Bot",,,,,,,6.707100912136334,-143.35224237267036,-1.7717322414814487,-22.64216312896403,34.777661158812826,-21.545985381341918,3.73,1.81,,,,"98.2",2182,"6.2",718773,595978,467793,678225,663647,665833,668804,669261,675986,"54.27",,0,"0",1,0,0,,73,5,"Sinker",4,5,4,5,5,4,4,5,"Standard","Standard",220,"-0.139","-0.23",,,,,"0.23",,-1,-1,0.304,0.304,27,25,28,25,1,3,,,4,3,"1.6","1.53","-1.53","32.2",,,,,
"FC","2023-07-29","98.5","-1.62","5.41","Doval, Camilo",646240,666808,,"ball",,,,,11,,"R","L","R","SF","BOS","B",,,0,2,2023,"-0.41","1.09",-0.4783588794718824,4.0401951065464345,,,608701,0,9,"Top",,,,,,,4.073960905772968,-143.630817232596,-0.8839199519271237,-6.499735377835691,28.918327576674052,-16.91809209813195,3.480697445588,1.64999846680727,,,,"100",2471,"6.7",717221,672275,527038,669477,605204,682617,596103,682641,573262,"53.79",,,,,,,,68,3,"Cutter",2,2,2,2,2,2,2,2,"Infield shade","Standard",220,"0.121","0.008",,,,,"-0.008",,0,0,0.451,0.5489999999999999,25,26,26,27,1,3,4,1,1,1,"1.22","0.41","-0.41","20.0",,,,,
"FF","2023-06-17","98.4","-2.23","6.17","Greene, Hunter",667452,668881,,"ball",,,,,12,,"R","R","R","HOU","CIN","B",,,2,2,2023,"-0.68","1.63",1.146184011171477,3.4330632384377795,,,666197,0,5,"Bot",,,,,,,10.736550363388659,-142.71956016188244,-5.6223263561419,-12.098602084247487,39.51697738625614,-8.834702912317528,3.27029666163583,1.56142071361309,,,,"97.6",2417,"6.5",717727,592200,668715,663697,682829,680574,669222,670770,666181,"54",,,,,,,,45,5,"4-Seam Fastball",1,5,1,5,5,1,1,5,"Standard","Standard",215,"-0.047","0.088",,,,,"-0.088",,-4,-4,0.152,0.152,23,27,24,27,3,2,6,1,64,1,"0.78","0.68","0.68","33.1",,,,,
"FF","2023-08-03","98.3","-2.33","5.55","Ohtani, Shohei",668942,660271,"truncated_pa","ball",,,,,14,,"R","L","R","LAA","SEA","B",2,,2,2,2023,"0.11","0.98",1.3694256234887898,2.2601866116274785,,,687799,2,2,"Top",,,,,,,9.84423087783088,-142.77577785226345,-5.759870835756969,-0.7090039252527602,32.54930958113471,-17.58853598706949,3.47272537395529,1.68547735044731,,,,"99.2",2246,"6.9",717144,642136,543068,650859,519058,687263,545341,666160,592669,"53.63",,,"0",0,0,0,,12,5,"4-Seam Fastball",0,0,0,0,0,0,0,0,"Infield shade","Standard",202,"0.02","-0.24",,,,,"0.24",,0,0,0.531,0.469,28,29,29,29,1,0,7,2,6,3,"1.39","-0.11","0.11","30.6",,,,,
"FC","2023-09-30","98.3","-1.59","5.28","Doval, Camilo",444482,666808,"truncated_pa","ball",,,,,12,,"R","L","R","SF","LAD","B",2,,0,0,2023,"-0.75","1.01",1.5386457252114214,2.7719945766606617,,,621035,2,9,"Top",,,,,,,10.35574132557654,-142.8636442014361,-3.7092015485167353,-12.639134212522931,31.629551594842923,-17.678078305808423,3.33664877016802,1.68462580884218,,,,"99.7",2414,"7.1",716381,672275,527038,642731,669477,682617,682641,666149,573262,"53.43",,,"0",0,0,0,,66,1,"Cutter",2,1,1,2,1,2,1,2,"Standard","Standard",232,"0.079","-0.286",,,,,"0.286",,1,-1,0.921,0.07899999999999996,25,35,26,36,1,3,3,1,,1,"1.35","0.75","-0.75","18.1",,,,,
"FF","2023-07-02","98.3","-1.9","5.99","Strider, Spencer",607732,675911,"truncated_pa","swinging_strike",,,,,2,,"R","R","R","ATL","MIA","S",2,,2,1,2023,"-0.25","1.48",0.21416406473731364,2.6447170812854073,,,641505,2,4,"Top",,,,,,,6.400200709769716,-142.88594191016233,-7.114959945291514,-4.897061582246874,32.786580115192834,-10.395502620757,3.17,1.46,,,,"99.6",2423,"7.1",717532,518595,621566,645277,663586,606115,592696,671739,660670,"53.43",,,"0",0,0,0,,31,4,"4-Seam Fastball",1,2,2,1,2,1,2,1,"Strategic","Standard",199,"0.026","-0.303",,,,,"0.303",,-1,1,0.402,0.598,24,33,25,34,2,1,6,2,6,2,"0.88","0.25","0.25","50.5",,,,,
"SI","2023-08-29","98.2","-1.79","5.98","Alcantara, Sandy",670623,645261,"truncated_pa","ball",,,,,14,,"R","R","R","MIA","TB","B",2,,0,1,2023,"-1.61","0.58",1.008907292614523,2.2111869716060912,,,668227,2,3,"Top",,,,,,,11.118840034807686,-142.48768125651517,-5.9878161747889616,-24.47715871787744,33.359725354372216,-22.958826408609617,3.24083399315383,1.52040781930276,,,,"96.8",2441,"5.7",716807,607732,493329,650333,669394,542932,650559,665862,624585,"54.83",,,"0",0,0,0,,24,2,"Sinker",1,1,1,1,1,1,1,1,"Standard","Standard",232,"0.021","-0.241",,,,,"0.241",,0,0,0.534,0.46599999999999997,27,24,28,24,2,1,6,2,5,1,"1.8","1.61","1.61","31.9",,,,,
"FF","2023-09-21","98.2","-2.33","6.14","Miller, Mason",668670,695243,"truncated_pa","called_strike",,,,,4,,"R","R","R","ATH","DET","S",2,,0,0,2023,"-0.9","1.54",-0.43230533160700035,2.732580818574512,,,678009,2,6,"Top",,,,,,,7.2848209880204555,-142.69219258819157,-7.373051446911212,-13.921849980116534,32.92189569259162,-9.648395657663192,3.76951606740564,1.74064677052902,,,,"99",2311,"6.8",716488,669127,672478,680869,675656,669397,649557,665923,667670,"53.66",,,"0",0,0,0,,42,1,"4-Seam Fastball",0,5,5,0,5,0,5,0,"Standard","Standard",217,"0.005","-0.286",,,,,"0.286",,-5,5,0.052,0.948,24,28,25,28,1,2,5,2,5,3,"0.83","0.9","0.9","39.2",,,,,
"SI","2023-06-27","98.2","-1.73","6.2","Erceg, Lucas",624431,668674,"truncated_pa","called_strike",,,,,2,,"R","R","R","ATH","NYY","S",2,,0,0,2023,"-0.91","1.46",0.12396938631881849,2.7707619943806923,,,683011,2,7,"Top",,,,,,,7.2001024816928325,-142.60126824988262,-7.194910620111602,-14.153289313069243,34.46880889273527,-10.784823525628946,2.92967736827656,1.39126523078537,,,,"98.8",1755,"6.8",717595,669127,676116,643393,607054,642180,668709,665923,664913,"53.65",,,"0",0,0,0,,51,1,"Sinker",2,1,1,2,1,2,1,2,"Standard","Standard",205,"0.046","-0.286",,,,,"0.286",,1,-1,0.743,0.257,28,30,28,31,1,2,4,2,2,2,"0.92","0.91","0.91","52.4",,,,,
"FF","2023-05-21","98.1","-0.87","5.5","Pearson, Nate",668939,663878,"strikeout_double_play","foul_tip",,,,,4,"Orioles challenged (tag play), call on the field was upheld: Adley Rutschman strikes out on a foul tip and Cedric Mullins caught stealing 2nd, catcher Alejandro Kirk to shortstop Bo Bichette to catcher Alejandro Kirk.","R","L","R","TOR","BAL","S",2,,3,2,2023,"-0.71","1.32",-0.5969272573615665,2.5348498168996008,,,656775,0,10,"Top",,,,,,,2.4212441291683664,-142.84811729614196,-5.642791753100419,-10.31143876314147,33.30444334837805,-13.061859731603926,3.39,1.63,,,,"98.9",2362,"6.7",718087,672386,665489,624415,656305,666182,593160,595281,543807,"53.75",,0,"0",1,0,0,,78,6,"4-Seam Fastball",2,3,3,2,3,2,3,2,"Standard","Standard",212,"0.128","-0.298",,,,,"0.298",,-1,1,0.3,0.7,26,25,27,25,1,4,3,1,3,2,"1.05","0.71","-0.71","37.8",,,,,
"FF","2023-08-01","97.3","-2.6","6.03","Williams, Gavin",455117,668909,"strikeout_double_play","swinging_strike",,,,,12,"Martin Maldonado strikes out swinging and Jake Meyers caught stealing 2nd, catcher Cam Gallagher to second baseman Tyler Freeman to catcher Cam Gallagher.","R","R","R","HOU","CLE","S",2,,2,2,2023,"-0.89","1.51",0.21228279768430558,3.860117224258962,,,676694,0,3,"Bot",,,,,,,9.79588855884796,-141.24681771988776,-3.7624317991540317,-14.235164223572093,35.35729056029492,-11.381788044783352,3.14,1.49,,,,"98.9",2337,"7.5",717172,595956,681807,671289,608070,672356,680757,664702,686823,"52.97",,0,"0",1,0,0,,18,6,"4-Seam Fastball",0,0,0,0,0,0,0,0,"Standard","Standard",220,"-0.077","-0.21","71.5","7.0","1.249406532",,"0.21",,0,0,0.589,0.589,23,36,24,37,1,0,6,2,6,2,"0.93","0.89","0.89","40.6",13.659982489596327,5.233041371796459,18.556075580369413,43.30207351803163,25.38045730047464
"SI","2023-06-14","97.2","-1.83","5.6","Foley, Jason",621566,671345,"strikeout_double_play","swinging_strike",,,,,4,"Matt Olson strikes out swinging and Ronald Acuna Jr. caught stealing 2nd, catcher Jake Rogers to shortstop Javier Baez to catcher Jake Rogers.","R","L","R","DET","ATL","S",2,,3,2,2023,"-1.38","0.51",-0.3855429629126965,2.526002552114223,,,660670,0,7,"Top",,,,,,,7.072001357251927,-141.38280515917072,-3.850213594677018,-20.079673233449743,34.5045729025462,-24.699599025856063,3.5,1.7,,,,"97.5",2064,"6.7",717784,668670,679529,670097,665155,595879,628451,663837,656716,"53.84",,0,"0",1,0,0,,56,7,"Sinker",5,6,6,5,6,5,6,5,"Infield shade","Standard",241,"0.089","-0.298",,,,,"0.298",,-1,1,0.262,0.738,27,29,28,29,1,3,3,0,1,1,"1.92","1.38","-1.38","30.8",,,,,
"FF","2023-05-19","97.1","-1.26","5.21","Montero, Rafael",676116,606160,,"ball",,,,,13,,"R","L","R","HOU","ATH","B",,,0,1,2023,"-0.73","1.3",-0.8809691452888266,1.9112906015385454,,,672478,1,7,"Top",,,,,,,2.673958310467279,-141.13428824335827,-6.178672191790177,-10.320211945067573,36.56143243004771,-13.674393404815413,3.32578089542056,1.64720150781896,,,,"96.3",2288,"6.2",718112,455117,547989,514888,608324,665161,667452,676694,663656,"54.27",,,,,,,,58,2,"4-Seam Fastball",4,1,1,4,1,4,1,4,"Standard","Standard",217,"0.038","0.025",,,,,"-0.025",,3,-3,0.895,0.10499999999999998,32,27,33,27,1,3,2,2,4,1,"1.16","0.73","-0.73","38.1",,,,,
"FF","2023-07-04","97","-2.16","5.52","Ohtani, Shohei",665487,660271,,"ball",,,,,11,,"R","R","R","SD","LAA","B",,,0,2,2023,"0.09","1.14",-1.465688063833848,2.9164863273948898,663757,,673490,1,5,"Bot",,,,,,,1.6770331597882997,-141.28587621489902,-4.090746985395897,0.83192346069911,31.014642282127785,-16.130893444742647,3.49317258572248,1.75000128370581,,,,"98.1",2173,"6.8",717497,595453,519058,650859,500871,623205,621493,666160,592669,"53.73",,,,,,,,39,4,"4-Seam Fastball",2,1,2,1,1,2,2,1,"Standard","Standard",207,"-0.06","0.002",,,,,"-0.002",,1,1,0.747,0.747,28,24,29,24,3,2,7,1,10,1,"1.27","-0.09","-0.09","35.3",,,,,
"FF","2023-06-13","97","-1.28","6.21","Brown, Hunter",572816,686613,,"ball",,,,,14,,"R","L","R","HOU","WSH","B",,,1,0,2023,"-0.56","1.34",1.1340030295640906,2.555556727337147,,,600869,1,4,"Top",,,,,,,7.783329976966206,-140.84173989024083,-7.3184224534897755,-9.19682244489316,32.983623685201295,-12.793468767761214,3.55068273517411,1.6753934614697,,,,"97.7",2280,"6.9",717778,455117,547989,514888,608324,643289,676801,676694,663656,"53.64",,,,,,,,29,2,"4-Seam Fastball",0,0,0,0,0,0,0,0,"Infield shade","Standard",203,"0.049","0.054",,,,,"-0.054",,0,0,0.493,0.507,24,34,25,34,2,1,7,2,6,1,"1.1","0.56","-0.56","61.9",,,,,
"FF","2023-05-07","96.9","-0.77","5.79","Miller, Bryce",667452,682243,,"ball",,,,,4,,"R","R","R","SEA","HOU","B",,,0,0,2023,"-0.7","1.83",-0.7561657256772465,2.659995943391947,,,663656,1,2,"Top",,,,,,,1.6137927401204941,-141.03858911873513,-6.9633167937670635,-9.643927769268167,33.10463623503201,-6.429708507911375,3.27355034370213,1.71099896308307,,,,"96.6",2618,"6.2",718265,663728,664034,676609,553993,641487,666211,677594,672284,"54.35",,,,,,,,11,1,"4-Seam Fastball",0,0,0,0,0,0,0,0,"Standard","Standard",208,"0.042","0.036",,,,,"-0.036",,0,0,0.497,0.503,24,27,25,27,1,0,5,2,6,2,"0.61","0.7","0.7","47.5",,,,,
"FF","2023-06-18","96.9","-2.18","5.22","Gray, Jon",672386,592351,"truncated_pa","ball",,,,,13,,"R","R","R","TEX","TOR","B",2,,1,0,2023,"-1.34","1.02",-1.2071452929111217,1.96163405040419,,666182,665489,2,1,"Top",,,,,,,5.722171735568078,-140.8084845832246,-5.425115364599163,-19.181256374029356,36.36786050487566,-17.599846183381167,2.870286800344,1.41937402912039,,,,"96.9",2050,"6.7",717709,641598,663993,543760,673962,608369,677649,665750,666969,"53.81",,,"0",0,0,0,,6,2,"4-Seam Fastball",0,1,1,0,1,0,1,0,"Standard","Standard",228,"0.042","-0.327",,,,,"0.327",,-1,1,0.406,0.594,31,24,32,25,1,0,11,1,6,11,"1.44","1.34","1.34","26.0",,,,,
"SI","2023-04-29","96.9","-1.89","5.66","Foley, Jason",663630,671345,"truncated_pa","ball",,,,,11,,"R","R","R","DET","BAL","B",2,,2,2,2023,"-1.37","0.59",-1.4843518819892338,2.889164539511778,,,683002,2,8,"Top",,,,,,,4.2791345042607585,-141.13352281849367,-3.2465890441452303,-19.328773457234025,32.12838219784268,-23.781963331410115,3.3983598786706,1.63150713187007,,,,"97.9",1997,"6.8",718401,606992,663527,670097,628451,595879,668731,682985,663837,"53.69",,,"0",0,0,0,,64,6,"Sinker",4,6,6,4,6,4,6,4,"Standard","Standard",231,"0.012","-0.24",,,,,"0.24",,-2,2,0.155,0.845,27,26,28,26,1,3,4,0,1,4,"1.84","1.37","1.37","32.5",,,,,
"FF","2023-04-05","96.9","2.54","5.87","Luzardo, Jesús",572191,666200,,"called_strike",,,,,12,,"R","R","L","MIA","MIN","S",,,0,0,2023,"1.2","1.13",0.004782577527896015,3.526265850589974,,,650489,1,3,"Top",,,,,,,-9.304634049904594,-140.74137033543653,-3.197723830112466,18.07616478075571,34.57521343564186,-16.615987897791243,3.32318998188622,1.47939232358561,,,,"94.8",2271,"5.4",718701,663743,643265,641658,516416,542932,660821,650559,541645,"55.12",,,,,,,,17,1,"4-Seam Fastball",1,0,0,1,0,1,0,1,"Standard","Standard",128,"0.05","-0.042",,,,,"0.042",,1,-1,0.609,0.391,25,32,26,32,1,0,5,1,6,2,"1.32","1.2","-1.2","33.6",,,,,
"SI","2023-07-31","96.8","-1.48","6.23","Brito, Jhony",542194,666745,"truncated_pa","ball",,,,,11,,"R","R","R","NYY","TB","B",2,,2,0,2023,"-1.5","0.85",-1.0165173873112159,3.9819309943199777,,,642350,2,2,"Top",,,,,,,4.630501463134574,-140.91362574089638,-2.3984848796506677,-20.998853836682574,31.713760962530785,-20.473608876532115,3.52955919101041,1.71969649340407,,,,"96.5",2155,"6.1",717185,666163,519203,650402,518934,683011,641343,664056,519317,"54.43",,,"0",0,0,0,,12,3,"Sinker",0,2,2,0,2,0,2,0,"Standard","Standard",226,"0.023","-0.353",,,,,"0.353",,-2,2,0.318,0.6819999999999999,25,31,25,32,1,0,34,2,6,1,"1.58","1.5","1.5","45.1",,,,,
"FF","2023-05-02","96.8","-2.42","5.93","Kopech, Michael",669304,656629,"strikeout_double_play","swinging_strike",,,,,12,"Jose Miranda strikes out swinging and Trevor Larnach caught stealing 2nd, catcher Yasmani Grandal to second baseman Elvis Andrus to catcher Yasmani Grandal.","R","R","R","CWS","MIN","S",2,,3,2,2023,"-0.77","1.53",0.3530649203541145,3.7600616857705926,,,663616,1,4,"Top",,,,,,,9.21604571075166,-140.59038005263432,-3.7189755900401993,-12.386563289334507,33.87373197235005,-11.264122452137439,3.02,1.42,,,,"97.1",2517,"6.7",718340,518735,683734,462101,669394,641313,643217,673357,657757,"53.78",,0,"0",1,0,0,,25,6,"4-Seam Fastball",0,0,0,0,0,0,0,0,"Standard","Standard",214,"0.07","-0.314",,,,,"0.314",,0,0,0.49,0.51,27,25,27,25,2,1,6,3,5,1,"0.92","0.77","0.77","44.6",,,,,
"FF","2023-07-23","96.6","-1.35","6.2","Severino, Luis",669004,622663,,"called_strike",,,,,8,,"R","L","R","NYY","KC","S",,,0,1,2023,"-0.7","1.34",-0.15968323553344033,1.7287712631319319,,,677951,0,6,"Top",,,,,,,4.762240761174016,-140.47259399441248,-9.422960879050931,-10.340253994150117,28.194877980313688,-12.53097553441623,3.37157718267097,1.62560389205457,,,,"96.8",2292,"6.2",717294,543309,519203,650402,518934,672724,641856,664056,641343,"54.33",,,,,,,,45,2,"4-Seam Fastball",5,1,1,5,1,5,1,5,"Standard","Standard",213,"0.048","-0.043",,,,,"0.043",,4,-4,0.891,0.10899999999999999,29,24,29,25,3,2,6,1,7,1,"1.08","0.7","-0.7","52.2",,,,,
"SI","2023-05-03","96.6","-1.68","5.98","Santos, Gregory",680777,666619,"truncated_pa","called_strike",,,,,4,,"R","R","R","CWS","MIN","S",2,,1,0,2023,"-1.09","0.33",-0.6308510815038786,2.2113808209873955,,,650489,2,6,"Top",,,,,,,5.2942175526346515,-140.55208478302413,-5.19880987708075,-15.643442430816101,34.56862089403705,-26.733109115386988,3.27283016844778,1.57961238082267,,,,"96.4",2439,"6.4",718322,518735,683734,462101,593643,641313,643217,673357,657757,"54.12",,,"0",0,0,0,,51,2,"Sinker",4,4,4,4,4,4,4,4,"Standard","Standard",223,"0.039","-0.316",,,,,"0.316",,0,0,0.537,0.46299999999999997,23,26,24,26,1,2,1,4,3,1,"2.13","1.09","1.09","37.2",,,,,
"FF","2023-07-01","96.5","-1.75","5.97","Baumann, Mike",621043,657508,,"ball",,,,,12,,"R","R","R","BAL","MIN","B",,,1,1,2023,"-0.77","1.28",0.44042316880797305,4.44911503205422,,,572191,1,7,"Top",,,,,,,7.627148438032615,-140.24274807555628,-1.3644796450842627,-11.954865042548038,33.67847907769311,-15.23359338273746,3.39594149044122,1.66759719343222,,,,"96.6",2070,"6.6",717541,668939,656811,624428,676059,683002,669720,656775,543305,"53.92",,,,,,,,48,3,"4-Seam Fastball",0,1,1,0,1,0,1,0,"Standard","Standard",217,"0.042","0.046",,,,,"-0.046",,-1,1,0.308,0.692,27,28,28,29,1,3,3,1,2,1,"1.18","0.77","0.77","45.2",,,,,
"FF","2023-05-04","96.5","-1.1","5.67","Stephenson, Robert",666139,596112,"truncated_pa","ball",,,,,14,,"R","L","R","TB","PIT","B",2,,1,2,2023,"-1.14","1.28",1.2629494969731445,1.5269531938289798,,,668227,2,8,"Bot",,,,,,,8.81337703716838,-139.9379266295562,-8.251267568961246,-17.01787443767893,34.00288816580625,-13.553657315525438,3.69536185204269,1.77846163612868,,,,"95.6",2480,"6.1",718309,641511,467793,678225,663647,672779,668804,669261,656582,"54.38",,,"0",0,0,0,,57,4,"4-Seam Fastball",3,0,3,0,0,3,3,0,"Standard","Standard",219,"-0.002","-0.207",,,,,"0.207",,3,3,0.968,0.968,30,25,30,25,1,3,5,1,5,1,"1.2","1.14","-1.14","42.8",,,,,
"FF","2023-04-07","96.4","-1.26","5.82","Woodruff, Brandon",680977,605540,"truncated_pa","called_strike",,,,,1,,"R","L","R","MIL","STL","S",2,,1,1,2023,"-0.7","1.62",-0.7548989314751576,3.0641546044716352,,,669242,2,3,"Top",,,,,,,2.9510396581028187,-140.1885690632471,-5.416430573740334,-9.865465730769893,35.09745506085588,-9.820584775288282,3.27686065482402,1.60768916435636,,,,"96.6",2383,"6.7",718674,661388,642133,668930,605119,642715,592885,669003,686894,"53.83",,,"0",0,0,0,,19,3,"4-Seam Fastball",0,0,0,0,0,0,0,0,"Standard","Standard",208,"0.024","-0.266",,,,,"0.266",,0,0,0.531,0.469,30,26,30,26,2,1,6,2,121,2,"0.85","0.7","-0.7","43.3",,,,,
"SI","2023-07-14","96.4","-2.29","5.99","De los Santos, Yerry",605204,660787,"strikeout_double_play","swinging_strike",,,,,3,"J.D. Davis strikes out swinging and Brett Wisely caught stealing 2nd, catcher Jason Delay to second baseman Nick Gonzales to catcher Jason Delay.","R","R","R","PIT","SF","S",2,,1,2,2023,"-1.36","0.67",0.6418228770918177,3.1090658420587856,,,689172,0,9,"Top",,,,,,,10.874426202803187,-139.96654311344273,-3.593097526022926,-20.34756650025248,30.820708027219577,-22.74226184289737,3.58,1.73,,,,"96.3",2255,"6.3",717416,641511,467793,693304,669707,672779,668804,669261,680779,"54.19",,0,"0",1,0,0,,74,4,"Sinker",4,6,6,4,6,4,6,4,"Standard","Standard",231,"0.022","-0.165","72.1","6.6","0.227472972",,"0.165",,-2,2,0.068,0.9319999999999999,25,30,26,30,1,4,5,5,2,1,"1.79","1.36","1.36","30.1",3.2947167531272186,31.52014354645654,29.850116857388944,47.326584542774086,6.036913177592611
"FF","2023-06-03","96.4","-2.21","5.78","Cole, Gerrit",605141,543037,,"ball",,,,,14,,"R","R","R","LAD","NYY","B",,,0,0,2023,"-0.56","1.48",1.625205446413247,1.8881156801769314,,,500743,1,5,"Bot",,,,,,,11.504317391313105,-139.8730336527042,-8.186413504183285,-9.727683579847087,28.89372085042364,-11.043307441382668,3.17759493647385,1.54883107885132,,,,"97",2489,"6.6",717905,624431,519203,650402,518934,683011,641343,643396,592450,"53.88",,,,,,,,38,1,"4-Seam Fastball",1,4,1,4,4,1,1,4,"Standard","Strategic",213,"-0.046","0.036",,,,,"-0.036",,-3,-3,0.195,0.195,32,30,33,31,3,2,6,1,6,1,"0.97","0.56","0.56","39.3",,,,,
"SI","2023-06-24","96.4","-2.07","5.58","Thompson, Mason",596142,666168,"strikeout_double_play","called_strike",,,,,5,"Gary Sanchez called out on strikes and Xander Bogaerts caught stealing 2nd, catcher Keibert Ruiz to first baseman Dominic Smith to catcher Keibert Ruiz.","R","R","R","SD","WSH","S",2,,2,2,2023,"-1.47","0.83",-0.24537825654994672,2.6166490550892076,,,593428,1,6,"Bot",,,,,,,8.287643687933475,-140.0740800595191,-4.21766064967713,-21.30122525266089,32.744047451995876,-20.430130360594152,3.28665624924387,1.61503845184556,,,,"97.3",2258,"6.9",717638,660688,642086,671277,600869,682928,572816,656537,657041,"53.55",,0,"0",1,0,0,,48,5,"Sinker",0,2,0,2,2,0,0,2,"Standard","Standard",230,"-0.074","-0.23",,,,,"0.23",,-2,-2,0.259,0.259,25,30,25,31,1,2,3,1,1,1,"1.63","1.47","1.47","29.7",,,,,
"FF","2023-06-25","96.4","-1.92","5.36","Phillips, Evan",667452,623465,"truncated_pa","ball",,,,,14,,"R","R","R","LAD","HOU","B",2,,0,0,2023,"-0.7","1.38",0.8921805122542872,1.4020321322864693,,,676801,2,9,"Top",,,,,,,9.152124017002238,-140.00102950780726,-8.162319615053582,-11.172516455699684,30.711285753778423,-12.358281005976696,3.42891169233341,1.56960750562671,,,,"97.5",2454,"6.9",717615,669257,518692,605141,683737,500743,444482,681546,518792,"53.57",,,"0",0,0,0,,66,1,"4-Seam Fastball",4,4,4,4,4,4,4,4,"Standard","Strategic",223,"0.065","-0.286",,,,,"0.286",,0,0,0.574,0.42600000000000005,28,27,29,27,1,3,1,1,2,2,"1.08","0.7","0.7","27.6",,,,,
"SI","2023-05-04","96.4","-2.53","5.03","Cano, Yennier",686469,666974,,"ball",,,,,6,,"R","L","R","KC","BAL","B",,,0,0,2023,"-1.59","-0.16",0.7035758965686203,2.7563265957167564,598265,,677951,1,7,"Bot",,,,,,,12.13922721470004,-139.78056641647993,-0.029658204565155333,-23.71671288305492,33.32056045522976,-34.45822109163856,3.6634017137376,1.67094104458974,,,,"95.6",2171,"6.1",718312,543510,663624,624428,683002,622761,669065,656775,623993,"54.37",,,,,,,,70,1,"Sinker",9,8,9,8,8,9,9,8,"Standard","Standard",265,"-0.064","0.041",,,,,"-0.041",,1,1,0.847,0.847,29,25,29,26,1,4,2,1,3,1,"2.64","1.59","-1.59","9.2",,,,,
"FF","2023-05-05","96.4","-2.59","5.14","Castillo, Luis",676694,622491,,"ball",,,,,14,,"R","R","R","SEA","HOU","B",,,1,0,2023,"-0.88","1.15",1.6726902193078854,2.005783918069212,663656,,665161,1,4,"Top",,,,,,,13.127773580005284,-139.63522006369269,-5.2431811430523325,-14.514723366596648,32.60572102600255,-16.110838439970333,3.32445520538488,1.50935127975798,,,,"94.9",2295,"5.8",718297,663728,664034,543939,553993,641487,672284,677594,606192,"54.73",,,,,,,,27,2,"4-Seam Fastball",0,3,3,0,4,0,4,0,"Standard","Standard",228,"-0.007","0.064",,,,,"-0.064",,-3,3,0.145,0.855,30,27,31,27,2,1,7,2,5,1,"1.34","0.88","0.88","19.0",,,,,
"FF","2023-05-02","96.4","-2.44","6.37","Miller, Mason",663728,695243,,"ball",,,,,14,,"R","L","R","ATH","SEA","B",,,1,0,2023,"-1.03","1.53",0.18816210812524958,1.3368700049862021,,,672284,1,4,"Top",,,,,,,9.319822832326794,-139.5790380529958,-11.156694124561332,-15.682455239814963,35.702517136163216,-9.686642797276882,3.40572333056456,1.55849247499703,,,,"95.9",2398,"6.6",718332,669127,676116,643393,607054,669397,668843,665923,657656,"53.93",,,,,,,,23,2,"4-Seam Fastball",0,0,0,0,0,0,0,0,"Standard","Standard",218,"0.049","0.054",,,,,"-0.054",,0,0,0.493,0.507,24,26,25,27,2,1,7,2,5,1,"0.98","1.03","-1.03","36.1",,,,,
"FF","2023-09-09","96.3","-2.36","5.76","Oviedo, Johan",645277,670912,,"ball",,,,,13,,"R","L","R","ATL","PIT","B",,,0,0,2023,"-0.76","0.97",-1.1145896945189122,1.690319961518348,,,660670,0,1,"Bot",,,,,,,5.104892023635492,-140.0258180016504,-7.531337566261172,-11.177317579125454,31.30467020525995,-17.859073984609083,3.26728417279716,1.58372894132501,,,,"97.6",2168,"7.1",716651,682848,656582,669707,663647,678894,668804,678225,669261,"53.43",,,,,,,,5,1,"4-Seam Fastball",0,0,0,0,0,0,0,0,"Infield shade","Standard",223,"-0.054","0.03",,,,,"-0.03",,0,0,0.583,0.583,25,26,25,26,1,0,6,1,6,1,"1.49","0.76","-0.76","28.4",,,,,
"FF","2023-09-05","96.3","-1.26","6","Woodruff, Brandon",668804,605540,,"ball",,,,,12,,"R","L","R","PIT","MIL","B",,,0,2,2023,"-0.4","1.54",0.4252504247002279,4.482305437233592,,,678225,0,1,"Bot",,,,,,,5.412220878216102,-140.22523548953612,-1.9735817137395522,-6.464593334922939,32.131855216469106,-11.599368303243596,3.0157138735708,1.49937600408166,,,,"96.9",2441,"6.6",716714,661388,467793,668930,655316,642715,592885,686217,621438,"53.9",,,,,,,,5,4,"4-Seam Fastball",0,0,0,0,0,0,0,0,"Infield shade","Standard",205,"-0.049","0.008",,,,,"-0.008",,0,0,0.57,0.57,30,28,30,28,1,0,6,1,6,1,"0.91","0.4","-0.4","41.6",,,,,
"FF","2023-04-29","96.3","-2.88","6.14","Hamilton, Ian",608671,641656,"truncated_pa","ball",,,,,11,,"R","L","R","TEX","NYY","B",2,,1,2,2023,"-0.96","1.42",-1.4412396075885958,3.682578384640103,,,669352,2,7,"Bot",,,,,,,5.961558236468788,-140.09029226151273,-4.104748839585066,-14.053588408123748,32.88773988584094,-12.813509942957563,3.52112901247386,1.64447116813034,,,,"95.6",2391,"6",718374,624431,519203,650402,518934,683011,543305,643396,665828,"54.54",,,"0",0,0,0,,52,4,"4-Seam Fastball",2,0,2,0,0,2,2,0,"Standard","Standard",216,"-0.008","-0.207",,,,,"0.207",,2,2,0.87,0.87,28,32,28,32,1,3,3,1,4,3,"1.05","0.96","-0.96","40.5",,,,,
"FF","2023-07-04","96.3","-1.56","6.32","Winn, Keaton",606192,676775,"strikeout_double_play","swinging_strike",,,,,6,"Teoscar Hernandez strikes out swinging and Jarred Kelenic caught stealing 2nd, catcher Patrick Bailey to second baseman Casey Schmitt to catcher Patrick Bailey.","R","R","R","SF","SEA","S",2,,1,2,2023,"-0.63","1.47",0.7641050612895931,2.725734059729394,,,672284,1,1,"Top",,,,,,,7.5770440591420085,-139.9496917491463,-7.313056401103381,-9.917697565058559,29.12759918270462,-11.363940117114467,3.5,1.69,,,,"96.3",2235,"6.2",717509,672275,664774,669477,605204,543063,666165,573262,592626,"54.33",,0,"0",1,0,0,,4,4,"4-Seam Fastball",0,1,1,0,1,0,1,0,"Standard","Standard",218,"0.039","-0.183",,,,,"0.183",,-1,1,0.409,0.591,25,30,25,31,1,0,5,1,61,1,"0.98","0.63","0.63","39.7",,,,,
"FF","2023-05-10","96.2","-1.25","7.21","Verlander, Justin",669222,434378,"truncated_pa","ball",,,,,12,,"R","R","R","CIN","NYM","B",2,,0,2,2023,"-0.97","1.33",0.6474528925337549,3.7023315714446707,641584,,663886,2,1,"Bot",,,,,,,7.18974610775409,-139.79530641690988,-6.695229520924743,-14.291473216342204,30.78762763309488,-13.398659259390751,3.29055277814734,1.58638860280386,,,,"95.7",2242,"6",718225,682626,624413,641645,683146,596019,643446,607043,516782,"54.45",,,"0",0,0,0,,9,3,"4-Seam Fastball",1,0,1,0,0,1,1,0,"Standard","Standard",205,"-0.026","-0.192",,,,,"0.192",,1,1,0.629,0.629,40,28,40,28,1,0,6,1,6,1,"1.14","0.97","0.97","57.4",,,,,
"SI","2023-08-23","96.2","-1.18","5.72","Graveman, Kendall",622569,608665,"truncated_pa","called_strike",,,,,14,,"R","R","R","HOU","BOS","S",2,,3,1,2023,"-1.32","0.7",0.8740284945319428,2.304732536992831,,,677800,2,10,"Top",,,,,,,8.457770095088305,-139.80907802375853,-5.024276831532464,-19.28077333696967,33.26401552355159,-21.989518862551638,3.27241673540311,1.55988637694583,,,,"96.2",2086,"6.5",716878,673237,547989,514888,608324,665161,676801,676694,663656,"54.03",,,"0",0,0,0,,83,5,"Sinker",4,7,7,4,7,4,7,4,"Standard","Standard",219,"0.012","-0.399",,,,,"0.399",,-3,3,0.089,0.911,32,29,33,30,1,4,1,2,3,1,"1.78","1.32","1.32","40.6",,,,,
"FF","2023-04-17","96.2","-1.73","5.55","May, Dustin",596019,669160,,"called_strike",,,,,11,,"R","L","R","LAD","NYM","S",,,0,0,2023,"-1.03","1",-0.8301323902575738,2.69034690188883,,,516782,1,5,"Top",,,,,,,4.7414072094902995,-140.01319932188613,-4.25465959384055,-14.62887753573145,33.74902171376648,-18.22740873084199,3.29475339839538,1.4949374041164,,,,"96.4",2260,"6.6",718532,642851,518692,678246,571970,500743,621035,572204,605141,"53.93",,,,,,,,37,1,"4-Seam Fastball",3,5,5,3,5,3,5,3,"Infield shade","Standard",229,"0.034","-0.042",,,,,"0.042",,-2,2,0.247,0.753,25,29,26,30,3,2,6,1,5,1,"1.47","1.03","-1.03","30.9",,,,,
"FF","2023-07-28","96.2","-2.33","5.69","Gausman, Kevin",621493,592332,"truncated_pa","ball",,,,,14,,"R","R","R","TOR","LAA","B",2,,1,1,2023,"-1.15","1.34",0.17208749231317833,1.3173890768883587,,,666160,2,3,"Top",,,,,,,9.233083194349396,-139.60887761828937,-9.002917682053178,-17.1593901464875,32.37470691280725,-12.766928026485335,3.25112506529909,1.63546650808388,,,,"96",2348,"6.4",717235,643376,665489,593160,656305,666182,662139,595281,543807,"54.13",,,"0",0,0,0,,20,3,"4-Seam Fastball",1,1,1,1,1,1,1,1,"Standard","Standard",224,"0.024","-0.266",,,,,"0.266",,0,0,0.531,0.469,32,29,32,30,2,1,6,1,6,1,"1.15","1.15","1.15","37.7",,,,,
"SI","2023-09-23","96.1","-2.3","5.72","Garrett, Reed",592206,657585,"truncated_pa","called_strike",,,,,4,,"R","R","R","PHI","NYM","S",2,,0,0,2023,"-1.2","0.83",-0.6001223203792572,2.8751697551682662,,,592663,2,7,"Bot",,,,,,,7.2041455959823635,-139.94312685366785,-3.901238062616054,-17.29184548208533,27.39513238635777,-20.57640902523383,3.63251687458208,1.72246505764419,,,,"96.5",2194,"6.2",716466,553882,624413,677595,683146,596019,643446,607043,621466,"54.33",,,"0",0,0,0,,63,1,"Sinker",7,5,7,5,5,7,7,5,"Standard","Standard",212,"-0.012","-0.286",,,,,"0.286",,2,2,0.874,0.874,30,31,30,31,1,3,4,1,7,1,"1.61","1.2","1.2","41.3",,,,,
"FF","2023-05-11","96.1","-2.59","5.54","Eovaldi, Nathan",676116,543135,,"ball",,,,,11,,"R","L","R","ATH","TEX","B",,,0,1,2023,"-1.07","1.22",-0.23085803703025265,3.9531211273015363,,,665923,0,4,"Bot",,,,,,,8.716753926438976,-139.7724574084462,-1.3715678306343584,-15.943011180934965,31.34932108119383,-16.11691263263994,3.28002511589172,1.60205901217335,,,,"96.7",2007,"6.6",718217,641680,663993,543760,673962,677649,543257,665750,666969,"53.86",,,,,,,,25,2,"4-Seam Fastball",0,0,0,0,0,0,0,0,"Infield shade","Standard",225,"-0.065","0.024",,,,,"-0.024",,0,0,0.597,0.597,33,27,33,27,2,1,5,1,6,1,"1.25","1.07","-1.07","29.9",,,,,
"FF","2023-06-02","96.1","-2.37","5.5","Morton, Charlie",606466,450203,,"ball",,,,,12,,"R","L","R","AZ","ATL","B",,,0,1,2023,"-0.98","0.73",1.26870984348821,2.7817705009904903,,,672695,0,3,"Bot",,,,,,,11.82051100545486,-139.4104351734302,-3.2522499210091227,-15.46423439490294,31.045024586409216,-22.02474040840451,3.57300334420458,1.68869463368481,,,,"95.7",2462,"6.2",717919,669221,621566,645277,663586,606115,592696,671739,660670,"54.27",,,,,,,,23,2,"4-Seam Fastball",2,1,2,1,1,2,2,1,"Standard","Standard",239,"-0.05","0.024",,,,,"-0.024",,1,1,0.697,0.697,39,29,40,30,2,1,6,1,5,1,"1.75","0.98","-0.98","23.4",,,,,
"FC","2023-07-01","96","-1.43","6.27","Graterol, Brusdar",670032,660813,,"called_strike",,,,,1,,"R","L","R","KC","LAD","S",,,2,0,2023,"-0.16","0.66",-0.3740111913598321,2.7680997288220404,,,658668,1,8,"Bot",,,,,,,3.110519698437819,-139.80481076614453,-5.165237428452146,-2.6939497707635827,28.112216819718057,-22.617746464876298,2.80364938302753,1.36718562889765,,,,"95.3",2236,"5.6",717537,669257,518692,660634,571970,605141,444482,681546,518792,"54.88",,,,,,,,71,3,"Cutter",6,4,6,4,4,6,6,4,"Standard","Strategic",207,"-0.015","-0.061",,,,,"0.061",,2,2,0.942,0.942,24,28,25,28,1,0,4,1,2,1,"1.79","0.16","-0.16","36.9",,,,,
"FF","2023-07-19","96","-2.01","5.55","Williams, Devin",664761,642207,,"called_strike",,,,,6,,"R","R","R","PHI","MIL","S",,,0,1,2023,"-1.14","1.36",0.46650856306558497,2.476499904597568,547180,,681082,1,9,"Bot",,,,,,,9.354715616054602,-139.33617891929663,-5.6559204877208975,-16.999496636742176,34.0497552587045,-13.384013831576116,3.52747820262751,1.54410415482207,,,,"97.7",2352,"7.6",717347,661388,680911,668930,655316,642715,663368,686894,621438,"52.9",,,,,,,,74,2,"4-Seam Fastball",3,5,3,5,5,3,3,5,"Standard","Standard",223,"-0.154","-0.065",,,,,"0.065",,-2,-2,0.205,0.205,28,26,29,27,1,3,3,1,3,1,"1.15","1.14","1.14","25.3",,,,,
"SI","2023-06-16","95.9","-1.88","5.43","Darvish, Yu",670623,506433,,"called_strike",,,,,4,,"R","R","R","SD","TB","S",,,0,0,2023,"-1.29","1.16",-0.31602974441635046,2.672347657727748,,,668227,0,4,"Top",,,,,,,7.085049083021744,-139.443824736635,-4.303985789961119,-18.475891460097674,33.01026744159449,-16.28611853805683,3.49033385584047,1.68056051808401,,,,"96.1",2164,"6.6",717732,596142,630105,673490,592518,593428,665742,663757,665487,"53.91",,,,,,,,25,1,"Sinker",0,2,2,0,2,0,2,0,"Standard","Standard",217,"0.048","-0.036",,,,,"0.036",,-2,2,0.243,0.757,36,24,37,24,2,1,7,1,5,1,"1.33","1.29","1.29","38.4",,,,,
"SI","2023-05-15","95.9","-1.28","5.83","Kirby, George",665839,669923,,"ball",,,,,12,,"R","L","R","BOS","SEA","B",,,2,1,2023,"-1.2","0.98",0.9757496900650073,3.2766982447083515,,,622569,1,5,"Bot",,,,,,,8.733630689009175,-139.33224040171672,-3.3470856392722768,-17.665600913049825,32.517965647119674,-18.832743540170558,3.02727015959612,1.55932919229834,,,,"96.3",2291,"6.7",718163,663728,664034,543939,553993,641487,672284,677594,606192,"53.8",,,,,,,,36,4,"Sinker",0,2,0,2,2,0,0,2,"Standard","Strategic",212,"-0.057","0.1",,,,,"-0.1",,-2,-2,0.299,0.299,25,24,25,25,2,1,6,1,6,1,"1.51","1.2","-1.2","36.8",,,,,
"SI","2023-05-04","95.9","-2.5","5.47","Lange, Alex",516782,656638,,"called_strike",,,,,8,,"R","R","R","DET","NYM","S",,,1,1,2023,"-1.36","0.76",-0.12044461997238032,2.085830742607677,,,607043,1,9,"Top",,,,,,,9.382992104940675,-139.41752624924706,-5.103333536225061,-19.797246527442564,28.41416253828726,-21.31753900124095,3.5288831473562,1.68338030170608,,,,"96.5",2125,"6.5",718318,668670,679529,670097,665155,595879,656716,682985,663837,"54.04",,,,,,,,61,3,"Sinker",2,0,0,2,0,2,0,2,"Standard","Standard",224,"0.079","-0.055",,,,,"0.055",,2,-2,0.913,0.08699999999999997,27,34,28,35,1,3,1,1,1,1,"1.71","1.36","1.36","39.6",,,,,
"FF","2023-06-01","95.9","-2.42","5.68","Gausman, Kevin",642133,592332,,"ball",,,,,13,,"R","L","R","TOR","MIL","B",,,1,0,2023,"-0.87","1.21",-0.8092088081864799,1.646741129219707,,,592885,1,1,"Top",,,,,,,6.224471809271457,-139.32493165058793,-7.781701565450046,-12.764833593726786,31.30087614164251,-14.877317801556478,3.76114638552477,1.77840057604335,,,,"95.8",2214,"6.3",717942,623168,624415,593160,656305,666182,662139,595281,543807,"54.16",,,,,,,,3,2,"4-Seam Fastball",0,0,0,0,0,0,0,0,"Infield shade","Standard",217,"0.04","0.054",,,,,"-0.054",,0,0,0.494,0.506,32,28,32,28,1,0,6,1,5,1,"1.28","0.87","-0.87","36.5",,,,,
"SI","2023-04-04","95.8","-1.71","6.16","Márquez, Germán",518692,608566,"truncated_pa","ball",,,,,11,,"R","L","R","LAD","COL","B",2,,1,0,2023,"-1.2","0.79",-0.7666606719036535,3.7250906909308243,,,605141,2,5,"Bot",,,,,,,5.118819132841739,-139.47946114258278,-2.6335945324609233,-16.82465851134212,28.13846404339524,-21.37323744211343,3.56098645578867,1.75014846251029,,,,"94.8",2156,"5.5",718703,553869,543068,641857,676701,678662,595777,602074,592178,"55.04",,,"0",0,0,0,,39,2,"Sinker",4,0,4,0,0,4,4,0,"Standard","Standard",217,"-0.006","-0.316",,,,,"0.316",,4,4,0.924,0.924,28,33,28,34,3,2,5,1,6,2,"1.67","1.2","-1.2","45.5",,,,,
"FF","2023-08-11","95.8","-1.37","5.8","Almonte, Yency",595777,622075,,"ball",,,,,11,,"R","L","R","LAD","COL","B",,,1,1,2023,"-0.68","1.24",-1.017479039219306,3.5132452571662642,,,686668,0,8,"Top",,,,,,,2.4890372203799935,-139.57177558976218,-3.2718601964454526,-9.501687619212914,30.85095171070721,-15.446087621629939,3.2441224601729,1.63996841034758,,,,"96.5",2159,"6.6",717032,669257,518692,642708,571771,500743,444482,681546,605141,"53.9",,,,,,,,65,3,"4-Seam Fastball",6,1,1,6,1,6,1,6,"Infield shade","Standard",220,"0.02","0.042",,,,,"-0.042",,5,-5,0.969,0.031000000000000028,29,30,29,30,1,3,5,1,,2,"1.24","0.68","-0.68","38.1",,,,,
"FF","2023-09-27","95.8","-0.84","5.7","Duarte, Daniel",671289,650960,"truncated_pa","ball",,,,,12,,"R","R","R","CLE","CIN","B",2,,0,2,2023,"-0.65","1.48",0.6537587983263953,4.11290460032232,,,647304,2,3,"Bot",,,,,,,5.408465214199084,-139.38433216622965,-1.8999173396994349,-9.73239588679711,32.71439730311552,-12.700856883258409,3.35476384288357,1.49871861683556,,,,"95.3",2318,"6.1",716418,571912,687952,663697,682622,682829,668715,670770,666181,"54.39",,,"0",0,0,0,,24,3,"4-Seam Fastball",3,0,3,0,0,3,3,0,"Standard","Standard",211,"-0.007","-0.187",,,,,"0.187",,3,3,0.821,0.821,26,24,27,24,1,1,5,1,,2,"1.01","0.65","0.65","46.3",,,,,
"FF","2023-05-07","95.8","-1.57","5.98","Brasier, Ryan",681082,518489,"truncated_pa","ball",,,,,11,,"R","L","R","PHI","BOS","B",2,,1,1,2023,"-0.54","1.36",-0.3989227863044835,3.5103982448405064,,,624641,2,7,"Bot",,,,,,,4.342520605564305,-139.47388254008368,-4.014451089543467,-8.039092910716713,32.313561753423045,-13.786062265175268,3.15176795577982,1.43298275265361,,,,"96.6",2325,"6.8",718270,657136,671213,665839,646240,571771,606132,680776,657077,"53.73",,,"0",0,0,0,,53,3,"4-Seam Fastball",4,1,4,1,1,4,4,1,"Infield shade","Standard",206,"-0.006","-0.266",,,,,"0.266",,3,3,0.934,0.934,35,25,36,26,1,3,3,1,2,2,"1.13","0.54","-0.54","45.3",,,,,
"FF","2023-05-08","95.8","-1.37","6.52","Bibee, Tanner",408234,676440,,"ball",,,,,12,,"R","R","R","CLE","DET","B",,,0,1,2023,"-0.27","1.6",1.1338816203714126,4.274181412017696,,,668731,1,2,"Top",,,,,,,7.239049197125172,-139.35630640436094,-3.9066188687680894,-5.2071248454651515,33.10901647757826,-10.674039609563305,3.47724228779306,1.72782370070803,,,,"95.7",2379,"6.4",718261,572287,681807,665926,608070,642708,680757,664702,672356,"54.1",,,,,,,,12,2,"4-Seam Fastball",1,0,0,1,0,1,0,1,"Standard","Standard",190,"0.041","0.025",,,,,"-0.025",,1,-1,0.605,0.395,24,40,24,40,1,0,6,1,6,2,"0.9","0.27","0.27","63.9",,,,,
"FF","2023-09-05","95.8","-1.12","5.76","Miller, Bryce",687952,682243,,"ball",,,,,11,,"R","R","R","CIN","SEA","B",,,0,1,2023,"-0.45","1.52",-0.09996167536465977,3.851097209994511,,,682829,0,2,"Bot",,,,,,,3.698684219661945,-139.62353804869687,-2.916372132799996,-6.656407978341808,29.427656778132,-11.817116609073752,3.13065540654741,1.4384455782475,,,,"96",2547,"6.1",716712,663728,664034,668942,676609,641487,686527,677594,606192,"54.35",,,,,,,,14,2,"4-Seam Fastball",0,2,0,2,2,0,0,2,"Standard","Standard",205,"-0.06","0.024",,,,,"-0.024",,-2,-2,0.376,0.376,24,23,25,24,1,0,6,1,5,1,"0.95","0.45","0.45","43.8",,,,,
"FF","2023-04-21","95.8","-1.77","5.46","Gray, Jon",643393,592351,"truncated_pa","ball",,,,,11,,"R","L","R","TEX","ATH","B",2,,1,1,2023,"-1.09","0.95",-0.8098932524422844,3.5240184299573247,,,668843,2,2,"Top",,,,,,,5.036908782330885,-139.50753972658325,-1.6978034003825444,-15.420109546014274,30.186313800018386,-19.533575057869967,3.17213081939849,1.54999805846666,,,,"96.3",2042,"6.5",718490,641680,663993,543760,673962,677649,669352,665750,666969,"54.03",,,"0",0,0,0,,16,3,"4-Seam Fastball",4,0,0,4,0,4,0,4,"Standard","Standard",219,"0.015","-0.266",,,,,"0.266",,4,-4,0.863,0.137,31,31,32,32,1,0,6,2,5,2,"1.52","1.09","-1.09","26.7",,,,,
"SI","2023-09-07","95.7","-2.23","4.88","Castillo, Luis",670623,622491,"truncated_pa","called_strike",,,,,7,,"R","R","R","TB","SEA","S",2,,0,0,2023,"-1.75","0.5",-0.6368200142524874,1.5985561231514915,,,666139,2,5,"Bot",,,,,,,8.060174153669951,-139.11497780012937,-4.099693755499845,-24.585957693430736,33.580819896652066,-24.868945564506976,3.18889732078692,1.45803581155907,,,,"94.4",2074,"5.7",716683,663728,664034,668942,553993,641487,686527,677594,606192,"54.76",,,"0",0,0,0,,42,1,"Sinker",0,1,0,1,1,0,0,1,"Infield shade","Standard",241,"-0.035","-0.286",,,,,"0.286",,-1,-1,0.375,0.375,30,24,31,24,3,2,5,1,6,1,"2","1.75","1.75","16.4",,,,,
"FF","2023-07-22","95.7","-2.13","5.17","Wheeler, Zack",666310,554430,"truncated_pa","ball",,,,,11,,"R","L","R","CLE","PHI","B",2,,1,2,2023,"-0.8","1.36",-0.34989174567387127,3.6369167504841826,,,664702,2,7,"Bot",,,,,,,6.6816175608898085,-139.20238204869997,-1.508929281736311,-11.97983840659369,32.00381036448671,-14.414963577950079,3.39593769051195,1.59902219226047,,,,"97.9",2548,"7.6",717302,592663,664761,681082,624641,607208,656941,669016,592206,"52.91",,,"0",0,0,0,,51,4,"4-Seam Fastball",1,0,1,0,0,1,1,0,"Standard","Standard",223,"-0.014","-0.207",,,,,"0.207",,1,1,0.759,0.759,33,23,33,23,3,2,6,4,6,1,"1.14","0.8","-0.8","27.2",,,,,
"FF","2023-09-19","95.7","-1.97","5.26","Castillo, Luis",680869,622491,"strikeout_double_play","swinging_strike",,,,,14,"Zack Gelof strikes out swinging and Tony Kemp caught stealing 2nd, catcher Cal Raleigh to second baseman Josh Rojas to catcher Cal Raleigh.","R","R","R","ATH","SEA","S",2,,3,2,2023,"-1.02","1.17",1.1868809969771708,2.0252105369476303,,,643393,1,3,"Bot",,,,,,,10.492945049778594,-138.97778833822176,-5.48910144535505,-15.563030109380385,31.320452332601683,-15.923512005133379,3.28,1.48,,,,"94.6",2322,"5.8",716512,663728,664034,668942,553993,641487,672284,677594,606192,"54.72",,0,"0",1,0,0,,23,7,"4-Seam Fastball",0,1,0,1,1,0,0,1,"Standard","Standard",234,"-0.07","-0.314","64.3","7.1","1.87574298",,"0.314",,-1,-1,0.447,0.447,30,23,31,24,2,1,6,1,6,1,"1.33","1.02","1.02","20.7",11.194794708728445,24.436088026354046,31.22711485433165,54.883845323586705,9.229300600304537
"FF","2023-06-09","95.7","-1.85","5.89","Pallante, Andre",680574,669467,"truncated_pa","ball",,,,,12,,"R","R","R","STL","CIN","B",2,,0,0,2023,"0.01","0.63",1.9102822130021475,3.4469582299863495,656413,,666181,2,7,"Top",,,,,,,9.9421136390911,-139.15153991574005,-2.2716924757166486,-2.0589007086848548,29.853857700896626,-23.62053323801016,3.08874146523192,1.33000003601525,,,,"96.3",2390,"6.6",717832,575929,502671,680977,571448,657557,691023,669242,666185,"53.95",,,"0",0,0,0,,56,1,"4-Seam Fastball",5,2,2,5,2,5,2,5,"Standard","Standard",182,"0.048","-0.299",,,,,"0.299",,3,-3,0.893,0.10699999999999998,24,23,25,24,1,3,4,1,2,1,"1.85","-0.01","-0.01","56.5",,,,,
"FF","2023-06-10","95.6","-0.45","6.6","Baker, Bryan",672580,641329,,"ball",,,,,12,,"R","R","R","BAL","KC","B",,,1,2,2023,"-0.45","1.49",1.0158100283406901,3.900753926631476,,,677951,1,6,"Top",,,,,,,4.898510672099604,-139.15809748659498,-4.906628939355596,-6.955096067886484,28.806357216385035,-11.826325174453618,3.32252941679437,1.70862128609814,,,,"96.1",2362,"6.4",717818,668939,623993,624428,683002,622761,669720,543305,663630,"54.1",,,,,,,,47,5,"4-Seam Fastball",4,1,1,4,1,4,1,4,"Standard","Standard",195,"0.035","0.047",,,,,"-0.047",,3,-3,0.868,0.132,28,23,29,23,1,2,2,1,3,1,"0.98","0.45","0.45","52.6",,,,,
"FF","2023-06-18","95.6","-1.32","5.89","Kriske, Brooks",623205,621139,,"ball",,,,,14,,"R","L","R","KC","LAA","B",,,0,0,2023,"-0.65","1.39",0.6750141437992434,0.7063430500450872,,,650859,0,9,"Top",,,,,,,6.709844558426869,-138.7979962059684,-11.197164153388298,-9.861470962228768,27.468740149888,-11.993542698075041,3.20162080906388,1.54220545390185,,,,"95.8",2327,"6.3",717712,666023,668472,670032,672580,677951,669392,671221,607461,"54.2",,,,,,,,67,1,"4-Seam Fastball",2,5,5,2,5,2,5,2,"Strategic","Standard",199,"0.009","0.03",,,,,"-0.03",,-3,3,0.029,0.971,29,28,29,29,1,3,,1,5,2,"1.09","0.65","-0.65","42.6",,,,,
"FF","2023-09-26","95.5","-1.53","5.93","Kirby, George",455117,669923,,"swinging_strike",,,,,12,,"R","R","R","SEA","HOU","S",,,2,1,2023,"-0.61","1.36",0.26236235569803723,4.278331916283381,,,665161,1,5,"Top",,,,,,,6.101475454332649,-138.90041981125063,-1.7489850634918933,-9.330126932019525,32.81714079086146,-14.43457287137199,3.12,1.42,,,,"95.3",2128,"6.3",716425,663728,664034,668942,553993,641487,672284,677594,606192,"54.17",,,,,,,,34,4,"4-Seam Fastball",2,0,0,2,0,2,0,2,"Standard","Standard",215,"0.06","-0.054","59.0","6.2","1.188851016",,"0.054",,2,-2,0.742,0.258,25,36,25,37,2,1,6,1,5,1,"1.15","0.61","0.61","42.5",7.121623708214812,24.084855652889434,14.108209938783848,42.80862197476834,16.906777274788773
"FF","2023-04-18","95.5","-1.02","6.36","Urquidy, José",662139,664353,"truncated_pa","ball",,,,,11,,"R","L","R","HOU","TOR","B",2,,1,1,2023,"-0.64","1.64",-0.7241122587006503,3.917477894267033,,,666182,2,1,"Top",,,,,,,2.2027971549499155,-138.98701808304702,-4.447953626195184,-8.777786269711498,32.39158436423789,-10.10304915524838,3.30121810046234,1.50588340743893,,,,"94.7",2272,"5.9",718520,455117,547989,643289,608324,665161,670541,676694,663656,"54.63",,,"0",0,0,0,,4,3,"4-Seam Fastball",0,0,0,0,0,0,0,0,"Infield shade","Standard",206,"0.021","-0.266",,,,,"0.266",,0,0,0.527,0.473,28,26,28,27,1,0,6,1,6,1,"0.86","0.64","-0.64","55.5",,,,,
"FF","2023-09-07","95.5","0.97","6.21","Fried, Max",571448,608331,"truncated_pa","ball",,,,,3,,"R","R","L","ATL","STL","B",2,,1,2,2023,"-0.14","0.99",0.6551134250519866,3.4040148871836027,,,669242,2,1,"Top",,,,,,,-0.524743217056659,-139.2141815796769,-4.076394032280174,-1.7015316001655705,27.812517682377106,-18.597949473271438,3.40051364354159,1.65468865871861,,,,"96.2",2296,"6.3",716680,518595,621566,645277,670032,606115,592696,671739,660670,"54.16",,,"0",0,0,0,,4,4,"4-Seam Fastball",0,0,0,0,0,0,0,0,"Infield shade","Standard",164,"0.015","-0.207",,,,,"0.207",,0,0,0.533,0.46699999999999997,29,32,29,32,1,0,6,1,5,1,"1.48","-0.14","0.14","52.0",,,,,
"SI","2023-07-06","95.5","-1.91","5.97","Berríos, José",643217,621244,,"ball",,,,,12,,"R","L","R","CWS","TOR","B",,,2,2,2023,"-0.92","1.11",0.15581301894709787,3.8888854216090794,,,462101,1,6,"Bot",,,,,,,7.551216463755694,-138.8912253695682,-2.393067702895564,-13.564749530949786,29.0903588135124,-17.386126249977572,3.24023808398381,1.48653117675573,,,,"96.2",2127,"6.6",717468,672386,474832,624415,656305,666182,593160,595281,543807,"53.92",,,,,,,,40,5,"Sinker",0,0,0,0,0,0,0,0,"Infield shade","Standard",215,"-0.052","0.084",,,,,"-0.084",,0,0,0.572,0.572,29,28,29,29,3,2,6,2,8,0,"1.38","0.92","-0.92","46.7",,,,,
"FF","2023-06-07","95.5","-1.51","6.16","Cabrera, Edward",677951,665795,,"ball",,,,,6,,"R","R","R","MIA","KC","B",,,1,1,2023,"-0.55","1.21",0.7947036561946141,2.239361735097919,,,669004,0,4,"Top",,,,,,,7.310019082907523,-138.73628480435855,-7.373534941125811,-8.773946956285968,31.912689603378542,-15.09569110393184,3.42213838796768,1.62166531787788,,,,"95.4",2408,"6.4",717860,607732,493329,650333,516416,621563,542932,641658,660821,"54.13",,,,,,,,27,3,"4-Seam Fastball",3,1,1,3,1,3,1,3,"Standard","Standard",215,"0.067","0.042",,,,,"-0.042",,2,-2,0.686,0.31399999999999995,25,23,25,23,2,1,5,1,6,2,"1.31","0.55","0.55","40.5",,,,,
"FF","2023-05-28","95.5","-2.43","6.27","Hoffman, Jeff",621566,656546,"truncated_pa","called_strike",,,,,2,,"R","L","R","ATL","PHI","S",2,,1,0,2023,"-0.91","1.5",0.038212606600468435,3.389197354303928,,,660670,2,1,"Bot",,,,,,,8.587235477237575,-138.78977191009832,-5.396464078976827,-13.590601502667313,27.849690793463054,-11.729526876908963,3.47447449363574,1.70907327467895,,,,"96.3",2587,"6.6",717992,592663,665019,681082,624641,607208,656941,669016,592206,"53.92",,,"0",0,0,0,,14,2,"4-Seam Fastball",7,0,7,0,0,7,7,0,"Standard","Standard",214,"-0.004","-0.316",,,,,"0.316",,7,7,0.956,0.956,30,29,30,29,1,1,3,1,5,1,"0.99","0.91","-0.91","46.3",,,,,
"SI","2023-04-18","95.5","-1.34","6.2","Lamet, Dinelson",656582,659275,,"ball",,,,,11,,"R","R","R","COL","PIT","B",,,2,1,2023,"-1.03","1.29",-0.7874638839942187,3.541452997623489,,,663647,1,7,"Top",,,,,,,3.72940781461727,-139.09504332105908,-4.2964198095123445,-14.166368745196115,28.213310026207925,-14.657764350961758,3.18008656966069,1.48286764054341,,,,"95.2",2445,"5.9",718521,553869,543068,676701,641857,678662,595777,602074,592178,"54.63",,,,,,,,57,4,"Sinker",3,5,5,3,5,3,5,3,"Standard","Standard",208,"0.027","0.1",,,,,"-0.1",,-2,2,0.182,0.8180000000000001,30,30,31,31,1,3,2,1,3,1,"1.19","1.03","1.03","46.3",,,,,
"FF","2023-08-09","95.4","-2.39","5.49","Payamps, Joel",605612,606303,"truncated_pa","ball",,,,,11,,"R","L","R","MIL","COL","B",2,,2,2,2023,"-0.5","1.13",-1.342032861294579,4.1330515426300805,,,641857,2,8,"Top",,,,,,,3.8843932302454056,-138.95188470555075,-0.5065275519534096,-7.3548467625195455,30.30954007959935,-17.599170535795988,3.52886354796563,1.70675284495096,,,,"95.3",2432,"6.1",717065,661388,592192,668930,655316,642715,621438,663368,686217,"54.37",,,"0",0,0,0,,64,5,"4-Seam Fastball",5,5,5,5,5,5,5,5,"Standard","Standard",218,"0.043","-0.24",,,,,"0.24",,0,0,0.565,0.43500000000000005,29,29,29,30,1,3,1,1,2,2,"1.36","0.5","-0.5","27.6",,,,,
"FF","2023-08-09","95.4","1.37","6.1","Gore, MacKenzie",607208,669022,"truncated_pa","swinging_strike",,,,,11,,"R","R","L","PHI","WSH","S",2,,0,1,2023,"0.28","1.47",-0.10692505762099114,3.4944440366977307,,,679032,2,4,"Bot",,,,,,,-4.557655975570845,-138.8227041032203,-4.568768743287681,4.590193405643814,31.538592467627694,-12.335161462576849,3.2,1.56,,,,"96.5",2260,"6.9",717066,660688,642086,666906,545121,682928,666164,669743,657041,"53.57",,,"0",0,0,0,,34,2,"4-Seam Fastball",6,0,6,0,0,6,6,0,"Standard","Standard",150,"-0.003","-0.241",,,,,"0.241",,6,6,0.965,0.965,24,30,24,30,3,2,7,1,7,1,"1.04","0.28","-0.28","47.1",,,,,
"FF","2023-06-09","95.4","-2.01","5.25","Castillo, Luis",666160,622491,"strikeout_double_play","swinging_strike",,,,,11,"Mickey Moniak strikes out swinging and Luis Rengifo caught stealing 2nd, catcher Cal Raleigh to shortstop J. P. Crawford to catcher Cal Raleigh.","R","L","R","LAA","SEA","S",2,,2,2,2023,"-0.97","1.19",-0.4962344805212706,3.809314858070351,,,650859,1,4,"Bot",,,,,,,6.096443884759675,-138.75198565006704,-0.8035832798454015,-13.90529866354217,33.65558968587261,-16.868117190967133,3.32,1.6,,,,"94.2",2318,"5.8",717824,663728,664034,676609,553993,641487,672284,677594,606192,"54.73",,0,"0",1,0,0,,33,6,"4-Seam Fastball",3,2,3,2,2,3,3,2,"Infield shade","Standard",227,"-0.045","-0.23",,,,,"0.23",,1,1,0.683,0.683,30,25,31,25,2,1,7,2,5,1,"1.33","0.97","-0.97","21.6",,,,,
"FF","2023-07-15","95.4","1.42","5.88","Detmers, Reid",663656,672282,,"called_strike",,,,,5,,"R","L","L","LAA","HOU","S",,,0,1,2023,"0.96","1.37",-0.02875275159462165,2.64043491247909,,,643289,1,1,"Top",,,,,,,-5.90633267903765,-138.74402412633262,-5.90468268895489,13.73098914515796,31.099442532878765,-13.327958040805962,3.62234086219967,1.67728069117063,,,,"94.6",2215,"5.8",717389,642136,519058,650859,500871,687263,621493,666160,592669,"54.67",,,,,,,,3,2,"4-Seam Fastball",0,0,0,0,0,0,0,0,"Infield shade","Standard",130,"0.04","-0.053",,,,,"0.053",,0,0,0.502,0.498,23,26,24,26,1,0,7,1,7,1,"1.14","0.96","0.96","30.8",,,,,
"SI","2023-09-25","95.4","-2.33","5.04","Castillo, Luis",665161,622491,"truncated_pa","ball",,,,,4,,"R","R","R","SEA","HOU","B",2,,0,0,2023,"-1.54","0.37",-0.7162426855629893,2.5291835545366346,,,676801,2,3,"Top",,,,,,,7.597009136218961,-138.79650386797778,-1.7761694748504417,-21.653547290450817,31.518025228466445,-27.25120606351635,3.45635580302121,1.59551335577363,,,,"94",2123,"5.5",716436,663728,664034,668942,553993,641487,686527,677594,672284,"55",,,"0",0,0,0,,22,1,"Sinker",0,4,4,0,4,0,4,0,"Standard","Standard",233,"0.011","-0.286",,,,,"0.286",,-4,4,0.153,0.847,30,25,31,26,2,1,6,1,5,1,"2.14","1.54","1.54","12.4",,,,,
"FF","2023-04-18","95.3","-2.04","5.74","Ureña, José",672779,570632,,"called_strike",,,,,4,,"R","L","R","COL","PIT","S",,,0,0,2023,"-1.02","1.05",-0.7464902589277249,2.457963448383017,,,678225,1,4,"Top",,,,,,,5.72343884265037,-138.83322903697737,-5.484671568158873,-14.473065636150222,25.750987405888345,-17.53874495798644,3.30704143532099,1.60337324424971,,,,"96.6",2262,"6.6",718521,553869,543068,676701,641857,678662,595777,602074,592178,"53.89",,,,,,,,31,1,"4-Seam Fastball",3,4,4,3,4,3,4,3,"Standard","Standard",224,"0.044","-0.042",,,,,"0.042",,-1,1,0.375,0.625,31,23,32,24,2,1,6,1,5,1,"1.42","1.02","-1.02","32.4",,,,,
"FF","2023-05-13","95.3","-1.2","6.4","Cease, Dylan",667452,656302,,"ball",,,,,12,,"R","R","R","CWS","HOU","B",,,0,2,2023,"-0.13","1.61",1.000652182596056,3.7832173456033664,,,665161,1,4,"Top",,,,,,,6.0756329089996335,-138.73623871904596,-4.8914106555483405,-2.9716411003241463,30.01258044999586,-10.469162163674152,3.33767008300534,1.58694640251078,,,,"95.6",2547,"6.3",718189,664874,683734,593643,660162,641313,643217,673357,657757,"54.16",,,,,,,,28,3,"4-Seam Fastball",0,0,0,0,0,0,0,0,"Standard","Standard",188,"0.04","0.023",,,,,"-0.023",,0,0,0.511,0.489,27,27,28,27,2,1,5,1,5,3,"0.89","0.13","0.13","56.4",,,,,
"SI","2023-04-21","95.3","-1.52","5.55","Smith, Chad",543760,663385,"truncated_pa","ball",,,,,12,,"R","R","R","TEX","ATH","B",2,,1,1,2023,"-1.32","0.64",0.983389877098497,2.796165686321894,,,608671,2,7,"Bot",,,,,,,9.580751555672595,-138.52123155653442,-3.025346802982481,-19.13036438647756,31.42648568739429,-23.447219935179593,3.34791540275285,1.61000069104658,,,,"95.6",2315,"6.5",718490,669127,676116,649557,607054,675656,643393,665923,668843,"53.95",,,"0",0,0,0,,61,3,"Sinker",4,4,4,4,4,4,4,4,"Standard","Standard",229,"-0.039","-0.266",,,,,"0.266",,0,0,0.539,0.539,28,32,28,33,1,3,2,2,2,1,"1.88","1.32","1.32","38.6",,,,,
"FF","2023-08-13","95.3","-1.54","5.8","Hatch, Thomas",682829,641672,,"ball",,,,,12,,"R","L","R","PIT","CIN","B",,,1,1,2023,"-0.47","1.34",0.3297251531558644,4.740533681995652,,,680574,0,7,"Top",,,,,,,5.992423461057956,-138.77595832813654,-0.1880764845598611,-7.366321445411134,29.990015775732086,-14.974030982856553,3.69003031005371,1.75583414381686,,,,"95.9",2549,"6.5",717027,682848,663845,678894,669707,675961,668804,669261,680779,"54",,,,,,,,57,3,"4-Seam Fastball",4,3,3,4,3,4,3,4,"Infield shade","Standard",213,"0.107","0.042",,,,,"-0.042",,1,-1,0.624,0.376,28,21,29,21,1,3,3,0,6,2,"1.16","0.47","-0.47","48.3",,,,,
"FF","2023-09-20","95.3","-1.33","5.75","Barnes, Jacob",663368,606930,,"ball",,,,,11,,"R","L","R","STL","MIL","B",,,1,2,2023,"-0.26","1.47",-1.0927620336879125,3.068963664296615,,,655316,1,7,"Top",,,,,,,1.2148701385704637,-138.70812576370682,-4.712061538957312,-3.590343954974771,31.427873748056975,-12.359950051977263,3.31544873119189,1.54879383797199,,,,"95.6",2428,"6.5",716495,671056,502671,665877,578570,691026,680700,663457,691023,"54.03",,,,,,,,50,4,"4-Seam Fastball",1,4,4,1,4,1,4,1,"Infield shade","Standard",199,"0.014","0.047",,,,,"-0.047",,-3,3,0.11,0.89,33,26,33,27,1,2,4,1,3,1,"1.04","0.26","-0.26","45.2",,,,,
"SI","2023-06-24","95.2","-1.7","5.97","Winckowski, Josh",462101,670174,,"swinging_strike",,,,,7,,"R","R","R","CWS","BOS","S",,,0,0,2023,"-1.15","0.96",-0.6696638942792845,1.6236407998532625,,,640449,1,5,"Bot",,,,,,,5.361234728823286,-138.33494267100335,-7.9838181154826495,-15.943077609236722,31.36044327522452,-18.22314867367531,3.11,1.41,,,,"96.2",1958,"7",717629,657136,671213,624414,646240,666152,807799,680776,594807,"53.5",,,,,,,,38,1,"Sinker",2,1,2,1,1,2,2,1,"Standard","Standard",213,"-0.041","-0.042",,,,,"0.042",,1,1,0.71,0.71,25,34,25,35,1,1,5,1,4,1,"1.56","1.15","1.15","49.5",,,,,
"FF","2023-09-25","95.2","-1.86","5.53","Gray, Jon",694384,592351,,"called_strike",,,,,1,,"R","L","R","LAA","TEX","S",,,3,1,2023,"-0.69","1.19",-0.6849462986595347,3.0100473653583366,,,683021,1,5,"Bot",,,,,,,4.635829985835505,-138.50347263967512,-3.65113491953362,-9.883029709283374,31.583781267976676,-16.21552569205762,3.55684587248953,1.69967463608037,,,,"95.3",2057,"6.4",716440,641680,663993,543760,673962,608369,543257,665750,666969,"54.09",,,,,,,,40,5,"4-Seam Fastball",1,0,1,0,0,1,1,0,"Strategic","Standard",220,"-0.051","-0.069",,,,,"0.069",,1,1,0.724,0.724,31,21,32,21,3,2,5,2,23,4,"1.33","0.69","-0.69","27.0",,,,,
"FF","2023-04-14","95.2","-1.71","5.92","Rasmussen, Drew",643376,656876,,"swinging_strike",,,,,9,,"R","R","R","TOR","TB","S",,,0,0,2023,"0.06","1.6",0.4496063806016372,1.6744609919446103,,,669289,0,4,"Bot",,,,,,,5.562969454255597,-138.15720341148523,-9.068707914396045,-0.6338954210712716,34.60333340852938,-9.780729572194552,3.25,1.54,,,,"95.3",2522,"6.8",718587,542194,650490,664040,670623,677551,670042,622534,666139,"53.74",,,,,,,,32,1,"4-Seam Fastball",2,1,2,1,1,2,2,1,"Infield shade","Standard",196,"-0.056","-0.036",,,,,"0.036",,1,1,0.718,0.718,27,28,28,28,2,1,5,2,5,1,"0.95","-0.06","-0.06","60.4",,,,,
"FF","2023-06-12","95.1","1.25","6.51","Liberatore, Matthew",527038,669461,,"ball",,,,,12,,"R","R","L","STL","SF","B",,,0,0,2023,"0.66","1.5",0.8934221219047898,3.8764814738201685,,,596103,1,1,"Top",,,,,,,-2.4178648152922895,-138.4337060823563,-4.579485269625608,9.03585519633889,33.66187109836982,-12.122952031006053,3.14563676410793,1.45172763029693,,,,"94.8",2222,"6.3",717791,575929,502671,680977,571448,657557,691023,669242,666185,"54.21",,,,,,,,3,1,"4-Seam Fastball",0,0,0,0,0,0,0,0,"Standard","Standard",155,"0.039","0.036",,,,,"-0.036",,0,0,0.498,0.502,23,31,24,32,1,0,6,1,6,1,"1.04","0.66","-0.66","47.6",,,,,
"FF","2023-04-18","95.1","-2.61","6.07","Cabrera, Edward",605204,665795,"truncated_pa","ball",,,,,11,,"R","R","R","MIA","SF","B",2,,0,0,2023,"-0.62","1.45",-1.2977338721921274,4.240528047262978,,,573262,2,3,"Top",,,,,,,4.837031082227068,-138.36361625232615,-2.356613851373507,-9.096442201945841,33.47127780117226,-13.294036776254236,3.29556039991078,1.58764392036365,,,,"95",2236,"6.4",718528,607732,643265,650333,516416,542932,650559,665862,541645,"54.06",,,"0",0,0,0,,20,1,"4-Seam Fastball",0,2,2,0,2,0,2,0,"Infield shade","Standard",220,"0.019","-0.286",,,,,"0.286",,-2,2,0.309,0.6910000000000001,25,30,25,30,2,1,6,1,6,1,"1.09","0.62","0.62","38.6",,,,,
"FF","2023-07-19","95.1","2.34","5.53","Waldichuk, Ken",608701,686610,"truncated_pa","ball",,,,,11,,"R","R","L","ATH","BOS","B",2,,1,2,2023,"0.66","1.24",-0.12864472296089213,4.093604588566627,,,657136,2,2,"Top",,,,,,,-8.044943074442529,-138.21443809046968,-0.8783685437829599,10.352499326939252,32.16661768859135,-16.312810512863344,3.49301837442215,1.5829407561936,,,,"95.9",2196,"6.9",717344,669127,691016,672478,607054,669397,643393,668709,642137,"53.59",,,"0",0,0,0,,15,4,"4-Seam Fastball",2,2,2,2,2,2,2,2,"Standard","Standard",137,"0.016","-0.207",,,,,"0.207",,0,0,0.535,0.46499999999999997,25,32,25,32,2,1,5,1,6,2,"1.29","0.66","-0.66","32.1",,,,,
"FF","2023-04-03","95.1","-1.33","6.19","Brown, Hunter",656716,686613,"truncated_pa","ball",,,,,8,,"R","L","R","HOU","DET","B",2,,0,1,2023,"-0.72","1.13",0.009545322634557873,1.5527195559591869,,,663837,2,4,"Top",,,,,,,5.174019076603616,-138.18740705160948,-9.056038319157702,-10.426705141970666,31.29633709961978,-15.883649718913993,3.31110989568234,1.63120302056806,,,,"95.6",2156,"6.7",718723,455117,547989,643289,608324,665161,670541,676801,663656,"53.81",,,"0",0,0,0,,30,2,"4-Seam Fastball",0,2,2,0,2,0,2,0,"Standard","Standard",211,"0.016","-0.241",,,,,"0.241",,-2,2,0.295,0.7050000000000001,24,28,25,28,2,1,,1,6,2,"1.4","0.72","-0.72","59.8",,,,,
"FF","2023-04-20","95","-1.56","6.38","Ruiz, José",543592,614179,,"ball",,,,,11,,"R","R","R","AZ","SD","B",,,0,2,2023,"-0.51","1.5",-0.2761220515090195,4.867661179960601,,,663757,0,9,"Top",,,,,,,4.46903083921614,-138.3657942428072,-1.6782984745192162,-7.550003966926324,30.46865794379302,-12.714782942266334,3.65923827525518,1.70942431514968,,,,"94.3",2294,"5.8",718494,672515,572233,606466,668942,672695,682998,677950,656976,"54.7",,,,,,,,73,4,"4-Seam Fastball",5,7,7,5,7,5,7,5,"Standard","Standard",213,"0.017","0.008",,,,,"-0.008",,-2,2,0.069,0.931,28,33,29,34,1,3,1,1,3,2,"1.02","0.51","0.51","44.7",,,,,
"SI","2023-09-30","95","-2.09","5.87","Ortiz, Luis",621466,656814,"strikeout_double_play","called_strike",,,,,3,"DJ Stewart called out on strikes and Francisco Lindor caught stealing 2nd, catcher J. T. Realmuto to shortstop Edmundo Sosa to catcher J. T. Realmuto.","R","L","R","NYM","PHI","S",2,,3,2,2023,"-1.51","0.35",0.6561561087154837,3.0121419563591,,,596019,0,8,"Bot",,,,,,,10.46609526033323,-137.94059573266392,-2.5787687387274025,-21.642841670883023,30.58528750831962,-27.341648374815712,3.03082325502906,1.36276572187177,,,,"94.1",1872,"5.9",716376,592663,547180,681082,642215,624641,595909,669016,665506,"54.64",,0,"0",1,0,0,,62,7,"Sinker",4,1,4,1,1,4,4,1,"Standard","Standard",239,"-0.011","-0.298",,,,,"0.298",,3,3,0.978,0.978,27,29,28,30,1,3,41,2,,0,"2.19","1.51","-1.51","37.6",,,,,
"FC","2023-07-19","94.9","-0.95","6.3","Ashcraft, Graham",689172,668933,"strikeout_double_play","swinging_strike",,,,,12,"Brett Wisely strikes out swinging and Blake Sabol caught stealing 2nd, catcher Tyler Stephenson to shortstop Elly De La Cruz to catcher Tyler Stephenson.","R","L","R","CIN","SF","S",2,,3,2,2023,"0.65","0.5",1.5921304039150272,2.7154140493121544,682641,,666165,1,2,"Top",,,,,,,5.128944190827649,-138.08302995171138,-4.812927927761146,7.221751620742496,29.741808336443185,-24.943280864234225,3.25,1.55,,,,"94",2409,"5.7",717342,663886,687952,680574,668715,682829,666181,670770,641584,"54.82",,0,"0",1,0,0,,11,6,"Cutter",0,0,0,0,0,0,0,0,"Strategic","Standard",180,"0.126","-0.36","66.6","6.0","0.938056836",,"0.36",,0,0,0.425,0.575,25,24,25,24,1,0,5,1,5,1,"2.03","-0.65","0.65","51.0",14.59281964855539,-3.8550427117692063,39.10791070981536,16.222039660051912,24.188329774586204
"FF","2023-08-05","94.9","-2.52","5.42","Kopech, Michael",666310,656629,,"ball",,,,,14,,"R","L","R","CLE","CWS","B",,,1,0,2023,"-0.86","1.49",0.7884606931344215,0.8450082901302444,,,686823,1,5,"Bot",,,,,,,10.687437279511249,-137.56135134808497,-9.717309366257403,-13.217491112385066,30.07659927310219,-11.173536197375265,3.33577793683652,1.49541818023311,,,,"95.9",2548,"7",717115,518735,683734,462101,621545,641313,643217,673357,693049,"53.47",,,,,,,,39,2,"4-Seam Fastball",0,3,0,3,3,0,0,3,"Standard","Standard",219,"-0.048","0.054",,,,,"-0.054",,-3,-3,0.2,0.2,27,23,27,23,2,1,6,1,6,2,"1.06","0.86","-0.86","37.4",,,,,
"FF","2023-04-12","94.9","-2.35","5.86","Gausman, Kevin",665155,592332,"truncated_pa","called_strike",,,,,11,,"R","L","R","TOR","DET","S",2,,2,1,2023,"-0.84","1.35",-0.9281655968566023,2.7290280392751463,,,663837,2,6,"Top",,,,,,,5.637019407840397,-138.07241315384817,-5.564011607445856,-12.035135931312965,31.537238101014587,-13.917651160110472,3.04810795332953,1.51302918725081,,,,"95.5",2238,"6.7",718603,643376,665489,593160,669289,666182,662139,595281,543807,"53.81",,,"0",0,0,0,,39,4,"4-Seam Fastball",1,1,1,1,1,1,1,1,"Standard","Standard",219,"0.039","-0.303",,,,,"0.303",,0,0,0.537,0.46299999999999997,32,26,32,26,3,2,6,1,5,1,"1.19","0.84","-0.84","38.6",,,,,
"FF","2023-09-22","94.9","-2.01","5.61","Smith, Drew",592663,622098,,"called_strike",,,,,1,,"R","R","R","PHI","NYM","S",,,1,0,2023,"-0.78","1.47",-0.6385599988231777,3.0991699989179056,,,681082,0,8,"Bot",,,,,,,5.304984556856979,-138.10111050584737,-4.185399547053439,-11.145519855208962,31.552214467907085,-12.606024436700435,3.7078112229344,1.66832015875087,,,,"94.6",2480,"6.2",716481,682626,668901,677595,683146,596019,542364,607043,643446,"54.34",,,,,,,,64,2,"4-Seam Fastball",4,3,4,3,3,4,4,3,"Standard","Standard",213,"-0.037","-0.042",,,,,"0.042",,1,1,0.889,0.889,29,32,30,32,1,3,2,1,5,1,"1.06","0.78","0.78","38.2",,,,,
"FC","2023-07-31","94.9","-0.76","5.85","Burnes, Corbin",682928,669203,,"ball",,,,,13,,"R","L","R","WSH","MIL","B",,,2,2,2023,"0.32","0.95",-0.11560350493381755,0.8979707945479098,,,669743,0,5,"Bot",,,,,,,0.9713129573781372,-138.11727392344184,-9.509820462864473,3.9442871159735495,28.452184393806434,-18.134358965113552,3.47812088330088,1.56402531417018,,,,"95.7",2775,"6.6",717192,605170,467793,668930,655316,642715,592885,686894,686217,"53.94",,,,,,,,39,5,"Cutter",1,1,1,1,1,1,1,1,"Infield shade","Standard",203,"-0.064","0.088",,,,,"-0.088",,0,0,0.606,0.606,28,22,29,23,3,2,6,1,5,1,"1.56","-0.32","0.32","35.5",,,,,
"FF","2023-04-11","94.8","-0.77","6.25","Swanson, Erik",681481,657024,"truncated_pa","ball",,,,,11,,"R","L","R","TOR","DET","B",2,,0,1,2023,"-0.88","1.59",-0.3335965287262225,3.9135014616639423,,,663837,2,7,"Top",,,,,,,3.1109252674969463,-137.903355836614,-3.9628189548585504,-11.859912478987535,33.68100460073061,-11.23418504378962,3.31789883021618,1.57758107331962,,,,"94.9",2408,"6.6",718622,672386,665489,624415,656305,666182,662139,595281,543807,"53.89",,,"0",0,0,0,,56,2,"4-Seam Fastball",4,3,3,4,3,4,3,4,"Standard","Standard",205,"0.039","-0.241",,,,,"0.241",,1,-1,0.75,0.25,29,25,30,26,1,3,2,2,3,1,"0.96","0.88","-0.88","54.3",,,,,
"FF","2023-06-27","94.8","-2.15","5.6","Smith, Drew",655316,622098,,"ball",,,,,12,,"R","R","R","NYM","MIL","B",,,0,1,2023,"-0.66","1.52",0.3347006244355085,4.3638659024307636,,,686894,1,7,"Top",,,,,,,7.911514967383031,-137.8044427876778,-0.8937629047113835,-10.244561111542646,33.83610225961942,-13.010478313142714,3.22983346815757,1.54982426637699,,,,"93.9",2607,"6",717597,553882,624413,643446,683146,596019,502054,607043,516782,"54.46",,,,,,,,53,2,"4-Seam Fastball",7,0,0,7,0,7,0,7,"Standard","Standard",211,"0.004","0.025",,,,,"-0.025",,7,-7,0.992,0.008000000000000007,29,26,30,26,1,2,1,2,2,5,"1.05","0.66","0.66","41.8",,,,,
"SI","2023-05-21","94.8","-2.83","5.55","Kremer, Dean",474832,665152,"strikeout_double_play","swinging_strike",,,,,5,"Brandon Belt strikes out swinging and Bo Bichette caught stealing 2nd, catcher James McCann to shortstop Joey Ortiz to catcher James McCann.","R","L","R","TOR","BAL","S",2,,3,2,2023,"-0.98","1.44",-0.08538032699669695,2.5968993200924384,543807,,666182,1,1,"Bot",,,,,,,9.338392803260726,-137.81996114130126,-5.302667688165448,-14.461291477350922,27.416678501415443,-12.743218928704595,3.23,1.54,,,,"95",2249,"6.2",718087,543510,663624,624428,683002,687401,669720,656775,623993,"54.28",,0,"0",1,0,0,,8,6,"Sinker",0,0,0,0,0,0,0,0,"Strategic","Standard",215,"-0.118","-0.36",,,,,"0.36",,0,0,0.618,0.618,27,35,27,35,1,0,5,1,6,1,"1.08","0.98","-0.98","28.9",,,,,
"FF","2023-06-03","94.8","-1.3","6.15","Cease, Dylan",670097,656302,"truncated_pa","ball",,,,,12,,"R","R","R","CWS","DET","B",2,,1,1,2023,"-0.55","1.66",1.2035635120725,3.2158819038598114,,,665155,2,2,"Top",,,,,,,7.910535666202115,-137.84831254516266,-5.795322038338461,-8.731262507611618,30.23003162645572,-9.902388490546883,2.97376514643302,1.38837754119692,,,,"96.4",2526,"7.2",717915,518735,683734,462101,660162,641313,643217,673357,650391,"53.26",,,"0",0,0,0,,11,3,"4-Seam Fastball",0,0,0,0,0,0,0,0,"Standard","Standard",193,"0.022","-0.266",,,,,"0.266",,0,0,0.529,0.471,27,28,28,28,1,0,6,1,6,2,"0.88","0.55","0.55","55.2",,,,,
"SI","2023-04-12","94.7","-1.94","5.82","Cobb, Alex",678246,502171,,"called_strike",,,,,4,,"R","R","R","SF","LAD","S",,,0,0,2023,"-1.36","0.87",-0.7940387044739696,2.104979115066899,,,681546,0,4,"Top",,,,,,,5.979557520381059,-137.64454211339682,-5.91443365803253,-18.623816620051596,31.59528932050191,-19.985815804366702,3.14653972961971,1.62715494594089,,,,"94",2153,"6",718612,663698,527038,681584,605204,642731,671218,669369,573262,"54.51",,,,,,,,31,1,"Sinker",3,1,1,3,1,3,1,3,"Standard","Standard",233,"0.075","-0.036",,,,,"0.036",,2,-2,0.684,0.31599999999999995,35,23,36,24,2,1,5,1,7,2,"1.69","1.36","1.36","41.5",,,,,
"FF","2023-08-05","94.7","-1.2","5.9","Kelly, Michael",660162,547184,,"ball",,,,,13,,"R","L","R","CLE","CWS","B",,,1,1,2023,"-0.45","1.05",-1.3124287796929854,2.2806896472282965,,,621545,1,8,"Top",,,,,,,0.7057843751955077,-137.9271854185495,-6.2115647362560615,-5.888828750305987,27.063752481650965,-17.603770195935745,3.22991666682353,1.47034488718074,,,,"95.3",2175,"6.3",717115,666310,672356,665926,677587,677588,680757,686823,660757,"54.16",,,,,,,,65,3,"4-Seam Fastball",2,7,7,2,7,2,7,2,"Standard","Standard",214,"0.003","0.046",,,,,"-0.046",,-5,5,0.018,0.982,30,28,31,28,1,1,5,1,4,1,"1.46","0.45","-0.45","36.6",,,,,
"FF","2023-04-17","94.7","-1.14","5.99","Crawford, Kutter",621493,676710,,"swinging_strike",,,,,11,,"R","R","R","BOS","LAA","S",,,0,1,2023,"-0.95","1.69",-0.6622528909765125,4.0230522483123075,687263,,660271,1,6,"Top",,,,,,,3.3720482436212524,-137.757247479864,-3.168008555221159,-12.853275769945236,35.02215928538586,-10.30911973666213,3.5,1.74,,,,"94",2517,"6.3",718540,624512,671213,624414,646240,571771,608701,680776,606132,"54.24",,,,,,,,50,2,"4-Seam Fastball",1,5,5,1,5,1,5,1,"Standard","Standard",209,"0.026","-0.065",,,,,"0.065",,-4,4,0.064,0.9359999999999999,27,29,27,30,2,3,4,1,5,1,"0.88","0.95","0.95","48.5",,,,,
"SI","2023-08-05","94.7","-2.46","6.14","Hamilton, Ian",666197,641656,,"swinging_strike",,,,,12,,"R","R","R","NYY","HOU","S",,,2,0,2023,"-1.4","0.76",0.2634095099644389,3.798040046550061,,,676801,1,5,"Top",,,,,,,10.187508095779544,-137.63010369220527,-2.2001165415069313,-19.86889444060175,25.57492427880817,-22.185936259744498,3.28,1.56,,,,"95.1",2091,"6.3",717126,666163,641343,650402,518934,683011,643396,664056,592450,"54.25",,,,,,,,34,3,"Sinker",1,1,1,1,1,1,1,1,"Standard","Standard",227,"0.068","-0.061","55.5","5.4","1.335002676",,"0.061",,0,0,0.482,0.518,28,25,28,26,1,1,4,6,4,6,"1.76","1.4","1.4","42.5",1.093342092928397,52.94547658245154,14.318593629891968,40.35081298240653,-5.1481252330743965
"FF","2023-06-13","94.7","-0.9","5.91","May, Trevor",670623,543507,,"ball",,,,,11,,"R","R","R","ATH","TB","B",,,0,1,2023,"-0.46","1.53",-0.3428867737767828,3.5360199208563974,,,668227,1,9,"Top",,,,,,,2.5073979711293743,-137.90961264614836,-3.972094850999024,-6.425615652353612,32.701710477573364,-12.007282501881432,3.16283555277493,1.50973241588997,,,,"95.8",2108,"7",717774,669127,676116,607054,681146,675656,668709,665923,657656,"53.48",,,,,,,,66,2,"4-Seam Fastball",2,1,1,2,1,2,1,2,"Strategic","Standard",212,"0.126","0.025",,,,,"-0.025",,1,-1,0.839,0.16100000000000003,33,24,34,24,1,3,2,1,4,1,"1.02","0.46","0.46","49.8",,,,,
"SI","2023-09-10","94.7","-2.29","5.81","Berríos, José",677951,621244,,"ball",,,,,11,,"R","R","R","TOR","KC","B",,,1,1,2023,"-1.18","0.78",-1.8920764468945084,4.47886353768239,664728,,672580,0,6,"Top",,,,,,,3.689624766980818,-137.79936713040627,0.49013588185104007,-15.77266311189381,32.693082594348695,-22.57298209605347,3.5464987809984,1.56141699391164,,,,"94.7",2226,"6.5",716641,672386,665489,676914,669289,676391,593160,595281,543807,"54.04",,,,,,,,38,3,"Sinker",0,0,0,0,0,0,0,0,"Standard","Standard",214,"0.091","0.024",,,,,"-0.024",,0,0,0.328,0.6719999999999999,29,23,29,23,3,2,6,1,5,2,"1.77","1.18","1.18","42.7",,,,,
"SI","2023-09-03","94.7","-2.43","5.57","King, Michael",455117,650633,,"swinging_strike",,,,,13,,"R","R","R","HOU","NYY","S",,,1,1,2023,"-1.47","0.36",-0.06409669604510948,1.2545107747323907,,,643289,1,5,"Bot",,,,,,,9.41567045730837,-137.43384715348517,-6.287040124807947,-20.79360021210975,32.80815733738328,-26.35159218080999,3.05,1.44,,,,"94",2318,"6.2",716735,669224,518934,650402,672724,683011,677592,691176,665828,"54.3",,,,,,,,34,3,"Sinker",1,0,1,0,0,1,1,0,"Standard","Standard",231,"-0.041","-0.055","76.9","8.0","1.16675814",,"0.055",,1,1,0.709,0.709,28,36,28,37,2,1,5,2,6,2,"2.22","1.47","1.47","26.1",14.75990705488645,-2.7294833659195192,40.63153896509487,39.93026907341471,36.417871041090066
"FF","2023-06-29","94.7","-2.99","5.56","Pfaadt, Brandon",670042,694297,,"ball",,,,,11,,"R","L","R","AZ","TB","B",,,0,2,2023,"-0.61","1.36",-0.7343437743353878,4.261202283638784,,,677551,1,1,"Top",,,,,,,7.334639029547999,-137.79119458485948,-0.8026379785695795,-9.373861311689033,28.1282898677997,-14.785575556748997,3.46504868977186,1.56796950377906,,,,"96.1",2506,"6.9",717568,672515,656976,606466,446334,672695,666971,677950,682998,"53.6",,,,,,,,3,3,"4-Seam Fastball",0,0,0,0,0,0,0,0,"Strategic","Standard",218,"0.032","0.023",,,,,"-0.023",,0,0,0.509,0.491,24,28,25,29,1,0,34,1,23,1,"1.17","0.61","-0.61","29.6",,,,,
"FF","2023-09-05","94.6","-1.12","5.76","Miller, Bryce",571912,682243,,"called_strike",,,,,2,,"R","R","R","CIN","SEA","S",,,0,0,2023,"-0.18","1.6",-0.031199114744658363,3.245662420716758,,,682622,0,3,"Bot",,,,,,,3.2396649086346594,-137.76495737439944,-4.491662618866127,-3.0480357540025302,29.214364760553188,-10.910579453773941,3.16655809137134,1.49156972159297,,,,"94.7",2480,"6.2",716712,663728,664034,668942,676609,641487,686527,677594,606192,"54.31",,,,,,,,22,1,"4-Seam Fastball",0,2,0,2,2,0,0,2,"Standard","Standard",205,"-0.074","-0.036",,,,,"0.036",,-2,-2,0.372,0.372,24,32,25,32,1,0,6,3,5,3,"0.93","0.18","0.18","42.9",,,,,
"SI","2023-09-30","94.6","-1.37","5.8","Montas, Frankie",676369,593423,,"called_strike",,,,,6,,"R","R","R","KC","NYY","S",,,0,1,2023,"-1.23","0.72",0.6075930274258508,2.4672501518685106,,,669004,2,5,"Bot",,,,,,,7.816142705637596,-137.58901741876497,-4.6225624801128475,-17.336636341395423,28.160170091952082,-22.167831994763,3.56363938083574,1.8543367603792,,,,"93.9",2169,"5.7",716375,543309,641343,650402,518934,672724,677592,664314,665828,"54.8",,,,,,,,46,2,"Sinker",2,2,2,2,2,2,2,2,"Standard","Standard",205,"0.006","-0.055",,,,,"0.055",,0,0,0.526,0.526,30,24,30,25,1,2,,1,,,"1.81","1.23","1.23","37.7",,,,,
"FF","2023-05-20","94.6","-1.19","6.46","Giolito, Lucas",686469,608337,"strikeout_double_play","called_strike",,,,,8,"Vinnie Pasquantino called out on strikes and Bobby Witt Jr. caught stealing 2nd, catcher Seby Zavala to shortstop Tim Anderson to catcher Seby Zavala.","R","L","R","CWS","KC","S",2,,2,2,2023,"-0.56","1.49",0.07276500296620503,2.1548943405536067,,,677951,0,1,"Top",,,,,,,4.562892785481947,-137.49262723675383,-8.897258042388264,-8.101106220956275,31.402627337206393,-11.503834468805255,3.42410596663773,1.75416313345921,,,,"95",2204,"6.6",718104,664874,683734,593643,660162,641313,643217,673357,656514,"53.86",,0,"0",1,0,0,,2,5,"4-Seam Fastball",0,0,0,0,0,0,0,0,"Standard","Standard",205,"0.069","-0.21",,,,,"0.21",,0,0,0.469,0.531,28,25,29,26,1,0,6,1,5,2,"1.07","0.56","-0.56","54.4",,,,,
"FF","2023-07-14","94.6","-1.05","5.98","Nelson, Ryne",666182,669194,"strikeout_double_play","swinging_strike",,,,,5,"Bo Bichette strikes out swinging and George Springer caught stealing 2nd, catcher Gabriel Moreno to second baseman Ketel Marte to catcher Gabriel Moreno.","R","R","R","TOR","AZ","S",2,,3,2,2023,"-0.13","1.84",0.2710295066144557,2.4811087566718393,,,543807,0,1,"Bot",,,,,,,3.7651476508374397,-137.60124504430723,-7.594602093555372,-2.4885659495271284,30.107730450634314,-7.34393942232436,3.6,1.64,,,,"95.4",2303,"6.7",717420,672515,572233,606466,446334,672695,682998,677950,664983,"53.78",,0,"0",1,0,0,,6,6,"4-Seam Fastball",0,0,0,0,0,0,0,0,"Standard","Standard",203,"-0.081","-0.298","73.7","6.2","0.832865736",,"0.298",,0,0,0.591,0.591,25,25,25,25,1,0,8,5,5,1,"0.71","0.13","0.13","49.8",-9.723106843359297,23.911293703765995,43.92249755590662,35.10856153354843,8.704925939845623
"FF","2023-09-08","94.6","-2.34","6","Gallen, Zac",543228,668678,"truncated_pa","swinging_strike",,,,,5,,"R","R","R","CHC","AZ","S",2,,0,1,2023,"-0.15","1.5",0.1564483543140519,2.565502458897096,,,670156,2,8,"Bot",,,,,,,6.896504595168445,-137.43712060376654,-6.639498107324639,-3.5084048046239116,31.78606303851956,-11.823864586049183,3.25,1.52,,,,"95",2310,"6.7",716678,672515,572233,606466,672695,691783,666971,677950,682998,"53.77",,,"0",0,0,0,,56,2,"4-Seam Fastball",0,1,0,1,1,0,0,1,"Standard","Standard",200,"-0.058","-0.241","68.0","6.9","1.683320844",,"0.241",,-1,-1,0.223,0.223,27,35,28,36,3,0,5,1,5,1,"1.06","0.15","0.15","48.1",-4.003452148227423,20.028051756480206,34.27035654477188,41.582982222040535,15.201342936706634
"SI","2023-04-07","94.6","-1.87","5.55","Wheeler, Zack",663697,554430,,"called_strike",,,,,5,,"R","R","R","PHI","CIN","S",,,0,0,2023,"-1.51","0.83",0.19084528622976626,2.5692821267392683,,,676480,1,3,"Top",,,,,,,8.924681902945615,-137.5530924031667,-4.031908708988312,-21.11465589792158,28.557376450931994,-20.952428569303734,3.50113292502355,1.55291257936748,,,,"96.8",2207,"7.5",718685,592663,665019,681082,664761,607208,595909,669016,592206,"53.05",,,,,,,,20,1,"Sinker",1,0,0,1,0,1,0,1,"Standard","Standard",221,"0.05","-0.042",,,,,"0.042",,1,-1,0.609,0.391,33,26,33,27,2,1,6,3,5,1,"1.71","1.51","1.51","31.5",,,,,
"FF","2023-09-09","94.6","-2.46","5.62","Smith, Drew",666135,622098,,"ball",,,,,11,,"R","L","R","MIN","NYM","B",,,1,0,2023,"-0.79","1.58",-1.3733721770822873,4.251966523384803,,,650489,0,7,"Bot",,,,,,,4.559084188768498,-137.72927930502888,-1.436758770284973,-11.024971276649257,28.916204623953448,-11.850118925513625,3.21147452302798,1.69999994386212,,,,"94.5",2581,"6.1",716654,682626,624413,677595,683146,596019,643446,607043,621466,"54.45",,,,,,,,58,2,"4-Seam Fastball",3,2,3,2,2,3,3,2,"Infield shade","Standard",214,"-0.045","0.055",,,,,"-0.055",,1,1,0.821,0.821,29,25,30,26,1,0,4,1,2,1,"0.95","0.79","-0.79","40.8",,,,,
"SI","2023-09-28","94.6","-1.32","6.25","Assad, Javier",645277,665871,"strikeout_double_play","called_strike",,,,,2,"Ozzie Albies called out on strikes and Ronald Acuña Jr. caught stealing 2nd, catcher Yan Gomes to shortstop Dansby Swanson to catcher Yan Gomes.","R","L","R","ATL","CHC","S",2,,2,2,2023,"-1.24","0.88",0.21484116905458372,3.0003268838191963,,,660670,1,4,"Bot",,,,,,,6.798158339267947,-137.63648484971182,-4.817086386058484,-17.20429811581327,28.94822253873851,-20.07793460001177,3.26926666151214,1.63021195539206,,,,"95.2",2000,"6.5",716399,543228,641355,663538,670156,621020,664023,643565,673548,"53.98",,0,"0",1,0,0,,35,5,"Sinker",5,1,5,1,1,5,5,1,"Strategic","Standard",208,"-0.016","-0.23",,,,,"0.23",,4,4,0.912,0.912,25,26,26,26,1,2,2,1,2,1,"1.65","1.24","-1.24","55.7",,,,,
"FF","2023-08-14","94.5","-0.85","6.08","Gilbert, Logan",672580,669302,"truncated_pa","called_strike",,,,,5,,"R","R","R","KC","SEA","S",2,,0,1,2023,"-0.37","1.54",0.09634208764773944,2.310883105149468,,,671221,2,4,"Bot",,,,,,,3.3855532804421715,-137.53480048510846,-7.7879607481827495,-5.442345089622893,29.303646278921686,-11.040503033218302,3.56556225380849,1.65181920171351,,,,"97",2095,"7.6",716994,663728,664034,668942,553993,664238,687799,677594,686527,"52.9",,,"0",0,0,0,,31,2,"4-Seam Fastball",3,0,3,0,0,3,3,0,"Standard","Standard",200,"-0.009","-0.241",,,,,"0.241",,3,3,0.845,0.845,26,23,26,23,3,2,6,3,5,1,"1","0.37","0.37","53.9",,,,,
"FF","2023-07-26","94.5","-2.36","5.07","Yates, Kirby",657136,489446,"truncated_pa","ball",,,,,9,,"R","R","R","BOS","ATL","B",2,,0,0,2023,"-1.17","1.16",0.6469698177895076,1.8145065333659791,,,624414,2,8,"Bot",,,,,,,10.36140045409083,-137.06953394425847,-5.283022406386633,-17.18233283778574,32.584575423257604,-16.53960828810689,3.15203333608399,1.47411169739082,,,,"93.5",2333,"6.1",717242,669221,621566,645277,663586,606115,607680,671739,660670,"54.42",,,"0",0,0,0,,66,1,"4-Seam Fastball",5,3,5,3,3,5,5,3,"Infield shade","Standard",234,"-0.007","-0.286",,,,,"0.286",,2,2,0.931,0.931,36,27,36,27,1,3,5,1,2,2,"1.43","1.17","1.17","18.3",,,,,
"FF","2023-06-27","94.5","-2.47","4.58","Díaz, Alexis",624428,664747,,"swinging_strike",,,,,2,,"R","L","R","BAL","CIN","S",,,1,0,2023,"-0.67","1.02",-0.17139532469685415,3.2564134866379293,,,656811,2,9,"Bot",,,,,,,7.709407935622551,-137.35970873361313,0.02557344406393225,-10.26280674726842,31.352869812812397,-19.541827401488515,3.15,1.44,,,,"97.1",2432,"7.9",717601,571912,458015,663697,682829,680574,666181,670770,669222,"52.62",,,,,,,,70,2,"4-Seam Fastball",1,3,1,3,3,1,1,3,"Strategic","Standard",228,"-0.001","-0.05",,,,,"0.05",,-2,-2,0.051,0.051,26,31,27,32,1,1,2,2,1,1,"1.55","0.67","-0.67","11.9",,,,,
"FF","2023-08-09","94.5","-1.76","5.63","Clevinger, Mike",664056,605182,"truncated_pa","ball",,,,,6,,"R","R","R","CWS","NYY","B",2,,0,0,2023,"-0.46","1.44",0.733202164529416,2.093693862915892,,,643396,2,2,"Top",,,,,,,7.590624381227353,-137.29940988126486,-6.7886352005036965,-7.488590140871757,29.12296326888837,-12.67295652721515,3.04155831749127,1.43510308089283,,,,"95.5",2309,"6.9",717054,518735,683734,462101,660162,641313,643217,673357,693049,"53.64",,,"0",0,0,0,,11,1,"4-Seam Fastball",0,0,0,0,0,0,0,0,"Standard","Standard",205,"0.023","-0.286",,,,,"0.286",,0,0,0.528,0.472,32,29,33,29,1,0,5,1,7,2,"1.12","0.46","0.46","39.3",,,,,
"FF","2023-05-17","94.5","-1.37","5.88","Nelson, Ryne",657656,669194,,"swinging_strike",,,,,5,,"R","R","R","ATH","AZ","S",,,0,1,2023,"-0.56","1.58",-0.0827170387358378,2.2782812407838873,,,607054,1,2,"Bot",,,,,,,4.614972188369302,-137.4250894753861,-7.222908832696471,-8.123704863121702,30.22465686198866,-10.775016084465108,3.08,1.46,,,,"94.7",2123,"6.4",718139,645444,572233,668942,656896,672695,666971,666150,682998,"54.06",,,,,,,,14,2,"4-Seam Fastball",0,1,0,1,1,0,0,1,"Standard","Standard",204,"-0.046","-0.053",,,,,"0.053",,-1,-1,0.441,0.441,25,28,25,29,1,0,5,1,6,2,"0.98","0.56","0.56","44.9",,,,,
"FF","2023-09-02","94.5","-1.73","6.06","Assad, Javier",682829,665871,"truncated_pa","ball",,,,,11,,"R","L","R","CIN","CHC","B",2,,1,2,2023,"-0.51","1.29",-0.6018608701595494,4.065837081415589,,,670770,2,6,"Bot",,,,,,,4.083208339619833,-137.65618447429142,-2.445328584794343,-7.404958019163013,27.818747034718136,-15.36913107597166,3.65407397217281,1.78435120495413,,,,"95",2082,"6.3",716753,543228,621550,663538,600869,621020,664023,641355,673548,"54.21",,,"0",0,0,0,,46,4,"4-Seam Fastball",0,0,0,0,0,0,0,0,"Standard","Standard",209,"-0.024","-0.207",,,,,"0.207",,0,0,0.524,0.524,25,21,26,21,3,2,6,1,5,1,"1.24","0.51","-0.51","48.2",,,,,
"SI","2023-08-18","94.5","-1.87","5.3","Pfaadt, Brandon",665487,694297,"strikeout_double_play","swinging_strike",,,,,13,"Fernando Tatis Jr. strikes out swinging and Ha-Seong Kim caught stealing 2nd, catcher Gabriel Moreno to second baseman Ketel Marte to catcher Gabriel Moreno.","R","R","R","SD","AZ","S",2,,3,2,2023,"-1.55","0.52",-0.5527276504842289,1.2976877801065052,,,673490,0,1,"Bot",,,,,,,6.978660003442932,-137.31070558144188,-5.939174354025468,-21.165741867867226,30.93463754067664,-24.44643572440342,3.77,1.81,,,,"95.6",2353,"7",716942,672515,572233,606466,607054,672695,502054,677950,682998,"53.47",,0,"0",1,0,0,,6,7,"Sinker",0,0,0,0,0,0,0,0,"Standard","Standard",226,"-0.081","-0.298","33.8","6.2","3.854515404",,"0.298",,0,0,0.591,0.591,24,24,25,24,1,0,5,1,7,1,"2.04","1.55","1.55","24.7",-6.563501276319076,39.408810878074654,38.37961691474857,30.843635301982445,9.074287509880913
"FF","2023-08-18","94.5","-1.41","5.24","Cisnero, José",666310,542585,,"swinging_strike",,,,,4,,"R","L","R","CLE","DET","S",,,1,0,2023,"-0.8","1.36",-0.39784027176118364,2.654964806213371,,,672356,1,8,"Bot",,,,,,,4.400146019303933,-137.4496954300009,-4.002495490788991,-11.117681439370358,33.23924507682189,-14.342794140071932,3.32,1.55,,,,"93.8",2428,"6.1",716959,606992,679529,665155,670097,595879,656716,663837,681481,"54.42",,,,,,,,68,2,"4-Seam Fastball",4,1,4,1,1,4,4,1,"Infield shade","Standard",225,"-0.006","-0.053","76.2","7.0","0.277462128",,"0.053",,3,3,0.973,0.973,34,23,34,23,1,0,3,0,5,1,"1.22","0.8","-0.8","25.0",-0.221258787892315,19.59262152803863,29.89444778170673,44.834091941976,17.250765302394605
"SI","2023-10-01","94.5","-3.05","5.95","Ureña, José",673490,570632,,"ball",,,,,11,,"R","R","R","CWS","SD","B",,,0,1,2023,"-1.48","1.14",-1.695311924464596,3.0155677229556055,,,593428,0,1,"Top",,,,,,,6.834811444559245,-137.37650494166516,-4.475611185239238,-20.264494583107215,31.93271298054139,-16.94261295564074,3.34773456680353,1.5840640498652,,,,"94.3",2257,"6.4",716356,656024,683734,621545,672820,462101,571980,572204,657757,"54.14",,,,,,,,2,2,"Sinker",0,0,0,0,0,0,0,0,"Standard","Standard",228,"0.054","0.024",,,,,"-0.024",,0,0,0.469,0.531,31,27,32,28,1,0,5,1,,,"1.43","1.48","1.48","33.3",,,,,
"FF","2023-09-08","94.4","-2.66","5.89","Gallen, Zac",600869,668678,"strikeout_double_play","called_strike",,,,,4,"Jeimer Candelario called out on strikes and Seiya Suzuki caught stealing 2nd, catcher Gabriel Moreno to shortstop Jordan Lawlar to catcher Gabriel Moreno.","R","L","R","CHC","AZ","S",2,,3,2,2023,"-0.17","1.51",-0.5506397462420162,2.1939364367853926,,,673548,1,5,"Bot",,,,,,,5.935925905613384,-137.17599106677415,-7.343898376380551,-3.5355273260985314,30.96646997804856,-11.612456063150093,3.33182989325227,1.62088784826999,,,,"95.1",2267,"6.8",716678,672515,572233,606466,672695,691783,666971,677950,682998,"53.66",,0,"0",1,0,0,,32,6,"4-Seam Fastball",0,0,0,0,0,0,0,0,"Infield shade","Standard",205,"-0.076","-0.314",,,,,"0.314",,0,0,0.576,0.576,27,29,28,30,2,1,5,1,5,1,"1.05","0.17","-0.17","45.5",,,,,
"SI","2023-05-07","94.4","-1.84","6.65","Walker, Taijuan",646240,592836,"truncated_pa","ball",,,,,11,,"R","L","R","PHI","BOS","B",2,,1,2,2023,"-1.17","0.98",-0.4711471254441175,4.247860708017378,,,606132,2,4,"Top",,,,,,,6.11767290529472,-137.4221984165804,-2.769603657286074,-16.185292713176782,27.488993447003825,-19.29867989605302,3.22352769233298,1.52905112077649,,,,"94.1",2031,"5.9",718270,592663,664761,681082,624641,607208,656941,669016,592206,"54.63",,,"0",0,0,0,,23,4,"Sinker",0,0,0,0,0,0,0,0,"Infield shade","Standard",213,"0.02","-0.207",,,,,"0.207",,0,0,0.54,0.45999999999999996,30,26,31,27,2,1,6,1,5,2,"1.56","1.17","-1.17","44.4",,,,,
"FF","2023-05-26","94.4","1.38","6.03","Detmers, Reid",493329,672282,"truncated_pa","ball",,,,,2,,"R","R","L","LAA","MIA","B",2,,2,0,2023,"0.84","1.4",-0.019653188466990934,3.7355212364090384,,,650333,2,3,"Top",,,,,,,-5.443550248414363,-137.37019221582642,-3.3481963602412885,11.82397074127202,32.75365950596704,-13.934969348056367,3.62508533108851,1.80127244475902,,,,"93.3",2011,"5.8",718015,595453,592273,650859,570482,687263,621493,545361,592669,"54.66",,,"0",0,0,0,,24,3,"4-Seam Fastball",0,2,2,0,2,0,2,0,"Standard","Standard",137,"0.024","-0.353",,,,,"0.353",,-2,2,0.304,0.696,23,39,24,39,2,1,7,1,6,1,"1.17","0.84","-0.84","34.4",,,,,
"FF","2023-05-18","94.4","-1.83","5.85","Megill, Tylor",664040,656731,"truncated_pa","swinging_strike",,,,,3,,"R","L","R","NYM","TB","S",2,,1,0,2023,"-0.48","1.27",0.5779048076220854,3.220804870543503,,668227,623912,2,6,"Top",,,,,,,7.5139972463965545,-137.42535680194803,-4.163184245077651,-7.60116274875367,25.68923278619608,-15.233591016913547,3.33,1.52,,,,"97.1",2116,"7.4",718122,605421,624413,500871,683146,596019,502054,607043,643446,"53.07",,,"0",0,0,0,,42,2,"4-Seam Fastball",2,2,2,2,2,2,2,2,"Infield shade","Standard",207,"0.071","-0.327",,,,,"0.327",,0,0,0.505,0.495,27,28,28,29,3,2,6,1,5,1,"1.25","0.48","-0.48","39.4",,,,,
"FF","2023-06-05","94.4","1.19","6.37","Wentz, Joey",592206,666214,"truncated_pa","ball",,,,,12,,"R","R","L","PHI","DET","B",2,,0,1,2023,"0.99","1.18",0.830984806223698,4.516772731294823,,,656941,2,4,"Bot",,,,,,,-3.1505700892148414,-137.40367524224848,-1.7360897875808945,13.251634961228987,33.060800450752176,-17.073196660438285,3.6325600449552,1.64979117100973,,,,"94.1",2213,"6.3",717886,606992,679529,628451,665155,595879,668731,545350,656716,"54.21",,,"0",0,0,0,,33,2,"4-Seam Fastball",3,0,3,0,0,3,3,0,"Standard","Standard",137,"-0.009","-0.241",,,,,"0.241",,3,3,0.845,0.845,25,31,26,31,3,2,5,1,6,1,"1.39","0.99","-0.99","40.7",,,,,
"FF","2023-07-23","94.3","-0.93","6.43","Clarke, Taylor",519317,664199,,"called_strike",,,,,1,,"R","R","R","NYY","KC","S",,,0,0,2023,"-0.23","1.38",-0.549051662301563,3.5236663289920696,,,656185,1,7,"Bot",,,,,,,1.5002284656133789,-137.3411877264646,-4.94235571711741,-3.299290976870409,29.02195461316003,-13.765886086943848,3.60929328431567,1.75736930694558,,,,"94.1",2229,"6",717294,666023,668472,686681,672580,677951,669004,664728,671221,"54.51",,,,,,,,57,1,"4-Seam Fastball",5,3,5,3,3,5,5,3,"Standard","Standard",194,"-0.02","-0.042",,,,,"0.042",,2,2,0.887,0.887,30,33,30,34,1,3,2,1,3,2,"1.17","0.23","0.23","61.8",,,,,
"FF","2023-09-23","94.3","-1.97","5.42","Wheeler, Zack",683146,554430,"strikeout_double_play","swinging_strike",,,,,9,"Brett Baty strikes out swinging and DJ Stewart caught stealing 2nd, catcher J. T. Realmuto to shortstop Trea Turner to catcher J. T. Realmuto.","R","L","R","PHI","NYM","S",2,,3,2,2023,"-0.68","1.56",0.3276305798058592,1.832700293656477,,,621466,1,4,"Top",,,,,,,7.6492759568708015,-137.06566628268175,-7.212014950160449,-10.312435179705135,30.163406340356314,-11.055646352252142,3.62,1.71,,,,"96",2402,"7.3",716466,592663,664761,666801,624641,607208,656941,679032,592206,"53.16",,0,"0",1,0,0,,29,6,"4-Seam Fastball",3,2,2,3,2,3,2,3,"Standard","Standard",227,"0.073","-0.314","79.3","8.3","1.051085616",,"0.314",,1,-1,0.612,0.388,33,23,33,24,2,1,5,1,5,1,"1.01","0.68","-0.68","27.6",9.16374008984088,-3.2646466902654403,43.28126915916144,38.418183313114156,28.33084196947065
"FF","2023-06-18","94.3","-1.37","5.94","Kriske, Brooks",621493,621139,,"ball",,,,,11,,"R","R","R","KC","LAA","B",,,2,0,2023,"-0.35","1.31",-0.5788807496192767,4.20097306826694,,,623205,1,9,"Top",,,,,,,2.841010942001935,-137.5304609320881,-1.8135462012385215,-5.05519690579176,26.70131679166235,-15.236822102113235,3.40512336776523,1.68237611428479,,,,"95",2245,"6.3",717712,666023,668472,670032,672580,677951,669392,671221,607461,"54.22",,,,,,,,68,3,"4-Seam Fastball",2,5,5,2,5,2,5,2,"Standard","Standard",196,"0.007","0.11",,,,,"-0.11",,-3,3,0.033,0.967,29,29,29,30,1,4,,1,5,2,"1.22","0.35","0.35","48.3",,,,,
"FF","2023-08-10","94.3","-2.29","5.6","Marsh, Alec",680776,679525,,"called_strike",,,,,3,,"R","L","R","BOS","KC","S",,,2,0,2023,"-0.71","1.31",0.38062754326462034,2.890229657378333,,,596115,1,6,"Bot",,,,,,,8.539656612844428,-137.13290343125468,-4.28426530867313,-10.800004107053427,28.438066406829346,-14.829446518263705,3.18391759974525,1.47639146825983,,,,"94.6",2380,"6.4",717051,666023,521692,686681,672580,677951,669392,680118,669004,"54.12",,,,,,,,48,3,"4-Seam Fastball",2,0,2,0,0,2,2,0,"Standard","Standard",223,"-0.029","-0.061",,,,,"0.061",,2,2,0.852,0.852,25,26,25,27,2,2,5,1,6,1,"1.24","0.71","-0.71","36.9",,,,,
"FF","2023-07-08","94.3","-1.6","5.66","Weaver, Luke",605119,596133,,"called_strike",,,,,6,,"R","R","R","MIL","CIN","S",,,1,1,2023,"-0.67","1.15",0.5562192996704659,2.7280555132613284,,,606132,1,2,"Bot",,,,,,,7.055513785988701,-137.23283174066918,-4.505048537289991,-9.965081628995183,27.83224171140142,-16.813070349566406,3.37739637096194,1.54432723810755,,,,"94.1",2443,"6",717444,663886,458015,680574,668715,682829,666181,670770,641584,"54.54",,,,,,,,15,3,"4-Seam Fastball",1,0,1,0,0,1,1,0,"Standard","Standard",210,"-0.039","-0.055",,,,,"0.055",,1,1,0.657,0.657,29,30,30,30,1,0,5,1,10,1,"1.4","0.67","0.67","46.3",,,,,
"SI","2023-06-14","94.3","-1.43","5.62","Whitlock, Garrett",666134,676477,,"ball",,,,,14,,"R","L","R","BOS","COL","B",,,0,1,2023,"-1.43","1.12",0.8806284439868326,1.9260342666257395,,,686668,1,3,"Top",,,,,,,9.431698039207886,-136.89336598898674,-6.508870791392489,-20.08139892976008,30.585692391644628,-16.81394180225225,3.81883974690478,1.79913367224941,,,,"96.5",2224,"7.7",717768,657136,671213,624414,457759,622569,608701,571771,657077,"52.82",,,,,,,,18,2,"Sinker",1,0,0,1,0,1,0,1,"Standard","Standard",230,"0.044","0.025",,,,,"-0.025",,1,-1,0.614,0.386,27,25,27,25,2,1,5,1,7,1,"1.46","1.43","-1.43","33.4",,,,,
"SI","2023-05-08","94.3","-1.58","6.18","Bard, Daniel",467793,453268,"truncated_pa","foul_tip",,,,,11,,"R","L","R","PIT","COL","S",2,,1,1,2023,"-0.87","1.06",-0.4512940144162254,3.5010575109055964,,,663647,2,8,"Bot",,,,,,,4.832866544017634,-137.34514499017956,-3.6025945074884547,-12.021605987240646,30.077584802536197,-18.2047018530331,3.38,1.68,,,,"93.8",2496,"5.9",718258,553869,519058,605612,641857,678662,595777,686668,453568,"54.56",,,"0",0,0,0,,59,3,"Sinker",2,0,2,0,0,2,2,0,"Standard","Standard",207,"-0.007","-0.266",,,,,"0.266",,2,2,0.931,0.931,38,37,38,37,1,3,1,1,2,1,"1.5","0.87","-0.87","33.6",,,,,
"FF","2023-05-25","94.2","2.61","6.08","Nardi, Andrew",641857,677053,,"ball",,,,,13,,"R","L","L","COL","MIA","B",,,0,0,2023,"0.42","1.15",-1.0003626417135305,2.1358911428840863,,,545341,0,6,"Bot",,,,,,,-10.41224737261095,-136.84329284518827,-7.2196056198236,7.333561991748871,25.909030918533638,-16.31405338408184,3.45789387542754,1.54943302658834,,,,"95.5",2277,"6.8",718033,663743,493329,669364,516416,542932,650559,641505,641658,"53.66",,,,,,,,52,1,"4-Seam Fastball",2,2,2,2,2,2,2,2,"Standard","Standard",150,"-0.08","0.03",,,,,"-0.03",,0,0,0.626,0.626,24,28,25,29,1,2,2,1,1,1,"1.4","0.42","0.42","47.3",,,,,
"FF","2023-07-05","94.2","-2.02","5.34","Gray, Jon",666152,592351,,"foul_tip",,,,,11,,"R","L","R","BOS","TEX","S",,,2,1,2023,"-0.7","0.94",-1.2591974200982112,3.2395632618803525,,,624414,1,4,"Bot",,,,,,,3.5739376753083185,-137.25600667933534,-1.9004778822249253,-9.654062989093212,29.085795515890332,-20.056938451518292,3.33,1.49,,,,"95.3",1873,"6.8",717484,641680,663993,543760,673962,608369,543257,608671,666969,"53.73",,,,,,,,33,4,"4-Seam Fastball",2,0,2,0,0,2,2,0,"Infield shade","Standard",222,"-0.031","-0.054",,,,,"0.054",,2,2,0.789,0.789,31,25,32,26,2,1,5,1,9,1,"1.61","0.7","-0.7","27.4",,,,,
"FF","2023-08-06","94.2","-2.59","5.25","Yates, Kirby",663538,489446,,"ball",,,,,12,,"R","R","R","CHC","ATL","B",,,0,0,2023,"-1.16","1.17",0.5815101005454317,3.534962794520042,,,621550,1,8,"Bot",,,,,,,10.732857589796476,-136.76086247837378,-1.3337503960874084,-16.89075766116969,30.01104854279691,-17.354784694510936,3.08268443361194,1.4409072342946,,,,"93.6",2411,"6.1",717098,518595,621566,645277,663586,606115,592696,671739,660670,"54.43",,,,,,,,75,1,"4-Seam Fastball",6,4,6,4,4,6,6,4,"Standard","Standard",232,"-0.012","0.036",,,,,"-0.036",,2,2,0.939,0.939,36,26,36,26,1,4,4,1,2,1,"1.41","1.16","1.16","21.6",,,,,
"FF","2023-06-11","94.2","-1.1","5.76","Gibaut, Ian",571448,664139,"truncated_pa","ball",,,,,11,,"R","R","R","STL","CIN","B",2,,1,2,2023,"-0.62","1.45",-0.5950027579065478,4.3337859103202865,,,502671,2,7,"Bot",,,,,,,2.719860825698565,-137.09699844144922,-1.194370145425355,-8.381556353472325,33.13350374780142,-13.953395944373424,3.40164864624106,1.70854261918632,,,,"95",2243,"7",717797,592200,668715,663697,682829,680574,656413,670770,666181,"53.54",,,"0",0,0,0,,61,4,"4-Seam Fastball",3,3,3,3,3,3,3,3,"Standard","Standard",210,"-0.029","-0.207",,,,,"0.207",,0,0,0.529,0.529,29,32,30,32,1,3,3,1,2,1,"1.14","0.62","0.62","49.2",,,,,
"FF","2023-06-02","94.2","-1.76","5.51","Kelly, Merrill",621566,518876,,"ball",,,,,13,,"R","L","R","AZ","ATL","B",,,0,0,2023,"-0.67","1.35",-0.12287558100227092,1.2745758639264448,,,660670,0,1,"Top",,,,,,,5.7314765842695,-136.91134443602033,-8.287680013591272,-9.675853112551573,30.008572711377663,-13.538619654693587,3.72110584208234,1.77099801301824,,,,"94.1",2401,"6.3",717919,672515,572233,672695,656896,605113,666971,682998,664983,"54.2",,,,,,,,2,1,"4-Seam Fastball",0,0,0,0,0,0,0,0,"Infield shade","Standard",228,"0.056","0.03",,,,,"-0.03",,0,0,0.464,0.536,34,29,35,29,1,0,5,2,7,1,"1.22","0.67","-0.67","24.1",,,,,
"SI","2023-04-15","94.2","-1.25","5.59","Ward, Thaddeus",647304,663658,,"called_strike",,,,,3,,"R","L","R","WSH","CLE","S",,,3,1,2023,"-1.49","0.58",0.4180564517544889,2.901792429778494,,,608070,1,9,"Top",,,,,,,7.73240722377447,-136.986161215361,-2.610243240160925,-20.50687835773586,28.075702621579236,-24.475222652071526,3.11712241632683,1.50809380955858,,,,"95.5",2115,"6.9",718573,660688,642086,671277,600869,682928,669743,645302,657041,"53.58",,,,,,,,75,5,"Sinker",4,5,5,4,5,4,5,4,"Standard","Standard",228,"0.039","-0.069",,,,,"0.069",,-1,1,0.154,0.846,26,26,26,26,1,4,4,1,4,3,"1.98","1.49","-1.49","30.2",,,,,
"FF","2023-06-18","94.2","-2.01","5.37","Varland, Louis",656716,686973,"truncated_pa","ball",,,,,11,,"R","L","R","MIN","DET","B",2,,0,2,2023,"-0.78","1.01",-1.2802963575986979,4.2961381501030855,628451,,545350,2,2,"Top",,,,,,,3.662848379508027,-137.25478175101222,0.6593048851190071,-10.612342519020617,28.969495032778298,-19.71071764874863,3.27217745394424,1.57223709340379,,,,"95.7",2128,"7",717711,543877,666135,571657,650489,621043,608336,572191,596146,"53.53",,,"0",0,0,0,,15,4,"4-Seam Fastball",0,1,1,0,1,0,1,0,"Infield shade","Standard",219,"0.028","-0.192",,,,,"0.192",,-1,1,0.415,0.585,25,28,26,28,2,1,7,1,80,1,"1.54","0.78","-0.78","29.7",,,,,
"FF","2023-04-29","94.2","-2.33","5.74","Kremer, Dean",668670,665152,,"ball",,,,,11,,"R","R","R","DET","BAL","B",,,1,2,2023,"-0.63","1.24",-1.1018013056878755,5.02778667617529,665155,,663837,1,5,"Bot",,,,,,,4.597636052759622,-137.09112720593228,1.1047871111059857,-8.957759151170949,30.330139353537966,-17.034015001327997,3.41650884602705,1.63818714766034,,,,"94.3",2176,"6.3",718381,543510,663624,687401,602104,622761,669720,656775,663630,"54.18",,,,,,,,44,4,"4-Seam Fastball",5,1,5,1,1,5,5,1,"Standard","Standard",213,"-0.017","0.04",,,,,"-0.04",,4,4,0.944,0.944,27,28,27,28,3,2,5,2,6,1,"1.33","0.63","0.63","35.5",,,,,
"FF","2023-04-15","94.2","-2.33","5.93","Kopech, Michael",656775,656629,"strikeout_double_play","foul_tip",,,,,2,"Cedric Mullins strikes out on a foul tip and Jorge Mateo caught stealing 2nd, catcher Yasmani Grandal to shortstop Elvis Andrus to catcher Yasmani Grandal.","R","L","R","CWS","BAL","S",2,,3,2,2023,"-0.81","1.28",-0.13110421985337828,3.2602906823875264,,,622761,0,5,"Top",,,,,,,7.535249386403235,-137.05978335106514,-4.123837094421109,-11.74973649101047,27.93322205169486,-15.312220326847635,3.29,1.56,,,,"95",2473,"6.6",718570,518735,683734,672820,669394,462101,643217,673357,693049,"53.9",,0,"0",1,0,0,,35,7,"4-Seam Fastball",1,1,1,1,1,1,1,1,"Standard","Standard",211,"0.11","-0.298",,,,,"0.298",,0,0,0.442,0.558,27,28,27,29,3,2,6,1,6,1,"1.28","0.81","-0.81","47.8",,,,,
"FF","2023-06-30","94.1","1.93","6.02","Perdomo, Angel",606132,622780,,"swinging_strike",,,,,8,,"R","L","L","PIT","MIL","S",,,1,1,2023,"0.44","1.46",-0.07594644452231392,2.0717439006526,,,686894,1,6,"Top",,,,,,,-6.236652435769417,-136.73196855514385,-7.872421957943952,6.8288706120729366,29.120270173097527,-12.260779882493727,3.36,1.59,,,,"95.2",2506,"6.9",717562,595978,467793,693304,669707,672779,641943,669261,680779,"53.58",,,,,,,,47,3,"4-Seam Fastball",3,4,4,3,4,3,4,3,"Standard","Standard",152,"0.048","-0.055",,,,,"0.055",,-1,1,0.34,0.6599999999999999,29,29,29,29,1,2,1,5,2,1,"1.11","0.44","0.44","34.1",,,,,
"SI","2023-07-08","94.1","-2.58","4.67","Anderson, Grant",657041,681982,"strikeout_double_play","called_strike",,,,,9,"Lane Thomas called out on strikes and Alex Call caught stealing 2nd, catcher Jonah Heim to second baseman Marcus Semien to catcher Jonah Heim.","R","R","R","WSH","TEX","S",2,,1,2,2023,"-1.39","0.03",0.579012945808496,1.779871691276313,,,669743,1,6,"Bot",,,,,,,11.333476912450546,-136.58530460395846,-1.8585740540689746,-19.774182174790877,28.166427927606996,-31.648321209071458,2.96744921138991,1.30752557705274,,,,"94.9",2177,"6.7",717450,641680,663993,543760,673962,608369,608671,665750,666969,"53.75",,0,"0",1,0,0,,55,4,"Sinker",8,3,8,3,3,8,8,3,"Standard","Standard",251,"-0.005","-0.183",,,,,"0.183",,5,5,0.973,0.973,26,27,26,28,2,3,2,1,7,1,"2.55","1.39","1.39","3.4",,,,,
"SI","2023-07-20","94.1","-2.17","5.98","Cobb, Alex",670770,502171,,"ball",,,,,11,,"R","L","R","CIN","SF","B",,,1,0,2023,"-1.14","0.79",-1.321988581350019,2.8496107517149176,,,682829,0,1,"Bot",,,,,,,4.64903223670757,-136.92916137420488,-4.131220405429344,-15.33045115844208,29.2847912821329,-21.5087485222004,2.99259867912811,1.48098177710845,,,,"93.2",2018,"5.7",717334,672275,527038,689172,681584,669477,596103,682641,573262,"54.84",,,,,,,,5,2,"Sinker",0,0,0,0,0,0,0,0,"Infield shade","Standard",226,"-0.055","0.055",,,,,"-0.055",,0,0,0.588,0.588,35,27,36,28,1,0,5,1,5,1,"1.78","1.14","-1.14","41.1",,,,,
"FF","2023-04-15","94","1.22","5.66","Vesia, Alex",641355,681911,,"ball",,,,,3,,"R","L","L","LAD","CHC","B",,,1,0,2023,"0.54","1.67",0.8008611847777788,3.343755983115524,,,673548,0,7,"Top",,,,,,,-2.2955123566314963,-136.83998266258027,-3.9809613699435746,7.290481652479209,30.8607112325702,-10.547743953020921,3.82948849114623,1.76169631779294,,,,"94",2402,"6.3",718564,605131,518692,678246,571970,500743,681546,518792,605141,"54.16",,,,,,,,46,2,"4-Seam Fastball",0,1,1,0,1,0,1,0,"Infield shade","Standard",159,"0.059","0.055",,,,,"-0.055",,-1,1,0.265,0.735,27,27,27,28,1,2,5,1,2,1,"0.91","0.54","0.54","51.3",,,,,
"FF","2023-05-25","94","-1.73","5.87","Sims, Lucas",668800,608371,"truncated_pa","ball",,,,,12,,"R","R","R","CIN","STL","B",2,,1,1,2023,"-0.32","1.55",0.9141664034327395,2.414630896275374,,676475,660766,2,7,"Top",,,,,,,7.475128164265699,-136.6435421431637,-6.576350658608364,-5.760622447780805,31.24866057567441,-11.52362975952997,3.03729680959515,1.29051253451431,,,,"92.9",2572,"5.8",718030,571912,668715,663697,669222,680574,641584,670770,656413,"54.73",,,"0",0,0,0,,49,3,"4-Seam Fastball",0,0,0,0,0,0,0,0,"Standard","Standard",198,"0.073","-0.282",,,,,"0.282",,0,0,0.515,0.485,29,28,29,28,1,2,3,1,3,3,"1.05","0.32","0.32","43.1",,,,,
"FC","2023-08-09","94","-2.78","6.11","Jansen, Kenley",622110,445276,,"ball",,,,,2,,"R","R","R","BOS","KC","B",,,0,1,2023,"0.03","1.28",-0.1858521022307405,3.1455653465224174,,,680118,1,9,"Top",,,,,,,6.70484139801486,-136.66498127612604,-4.824858225414644,-1.0904567762445827,29.999195997491775,-15.268605463480958,3.4014714328239,1.51638114672787,,,,"94.7",2635,"6.7",717059,624512,671213,649966,646240,622569,680776,594807,657077,"53.77",,,,,,,,65,2,"Cutter",4,3,3,4,3,4,3,4,"Standard","Standard",193,"0.126","0.025",,,,,"-0.025",,1,-1,0.839,0.16100000000000003,35,32,36,32,1,3,2,3,1,2,"1.3","-0.03","-0.03","38.2",,,,,
"FF","2023-08-08","94","1.46","6.08","Urías, Julio",572233,628711,"truncated_pa","ball",,,,,12,,"R","R","L","AZ","LAD","B",2,,1,2,2023,"0.13","1.46",1.72891310759083,4.398669795341361,,,502054,2,1,"Bot",,,,,,,0.4211414514814897,-136.98247363241342,-1.9096865362597173,1.5092997086174984,29.184966889730877,-13.489724429243525,3.19780336266689,1.51122514619947,,,,"93.1",2534,"5.6",717073,669257,518692,605141,571771,642708,444482,681546,518792,"54.93",,,"0",0,0,0,,8,6,"4-Seam Fastball",0,0,0,0,0,0,0,0,"Infield shade","Standard",159,"-0.015","-0.207",,,,,"0.207",,0,0,0.515,0.515,26,32,27,32,1,0,5,2,5,1,"1.1","0.13","-0.13","47.1",,,,,
"SI","2023-08-15","94","-1.99","5","Wheeler, Zack",669289,554430,,"swinging_strike",,,,,13,,"R","R","R","TOR","PHI","S",,,1,1,2023,"-1.38","0.42",-1.5195331028451304,2.38853199309775,,,662139,1,7,"Bot",,,,,,,4.352349831447778,-136.7501593823902,-1.9291059260917176,-18.242015304777734,34.09532529199446,-26.654103227522363,3.4,1.62,,,,"94.9",2439,"7.2",716990,592663,664761,681082,624641,607208,656941,679032,592206,"53.35",,,,,,,,51,3,"Sinker",1,1,1,1,1,1,1,1,"Standard","Standard",221,"-0.073","-0.055","73.9","7.9","0.752480868",,"0.055",,0,0,0.588,0.588,33,28,33,29,3,2,7,2,5,1,"2.18","1.38","1.38","23.8",18.89342617430779,-28.35799161151212,35.316365717004054,20.468919796392587,37.38711439335382
"FF","2023-04-25","94","1.87","6.17","Steele, Justin",665742,657006,"strikeout_double_play","swinging_strike",,,,,12,"Juan Soto strikes out swinging and Fernando Tatis Jr. caught stealing 2nd, catcher Yan Gomes to shortstop Dansby Swanson to catcher Yan Gomes.","R","L","L","CHC","SD","S",2,,3,2,2023,"-0.15","1.17",0.19183868777046997,3.6640530443939734,,,665487,0,1,"Top",,,,,,,-4.002863432188374,-136.7365032397607,-3.3078696313899747,-0.918230297710912,32.945827882735216,-17.061181024952475,3.08,1.5,,,,"93.3",2360,"6.1",718426,543228,641820,663538,621550,621020,664023,676369,673548,"54.41",,0,"0",1,0,0,,2,6,"4-Seam Fastball",0,0,0,0,0,0,0,0,"Infield shade","Standard",159,"0.082","-0.298",,,,,"0.298",,0,0,0.456,0.544,27,24,28,25,1,0,6,2,5,1,"1.43","-0.15","-0.15","47.5",,,,,
"FF","2023-04-08","94","2.27","6.08","Akin, Keegan",543305,669211,"truncated_pa","called_strike",,,,,7,,"R","R","L","BAL","NYY","S",2,,1,0,2023,"1.04","1.49",-0.48121096734321833,2.31545047871768,,,650402,2,8,"Top",,,,,,,-9.287544158320957,-136.35045408320616,-7.170553338848628,15.074962988410086,32.938390583558004,-12.178921344586744,3.72754282032594,1.8076088085959,,,,"92.4",2343,"5.8",718664,668939,663624,624428,602104,683002,669720,656775,679631,"54.74",,,"0",0,0,0,,61,2,"4-Seam Fastball",1,4,4,1,4,1,4,1,"Standard","Standard",139,"0.008","-0.316",,,,,"0.316",,-3,3,0.079,0.921,28,33,28,34,1,3,3,4,4,3,"1.13","1.04","-1.04","49.0",,,,,
"FC","2023-07-15","94","1.72","6.14","Ragans, Cole",623912,666142,,"called_strike",,,,,3,,"R","R","L","KC","TB","S",,,0,1,2023,"0.31","0.62",0.6903743914537608,3.0077257354088482,,,677551,1,1,"Top",,,,,,,-3.3418208114557437,-136.84704149418155,-3.7719246202186105,4.66578399351479,30.127226017368667,-23.778550902589917,3.28548961169648,1.51126864066094,,,,"93.6",2529,"6",717393,666023,668472,686681,672580,677951,669004,671221,680118,"54.49",,,,,,,,3,2,"Cutter",0,0,0,0,0,0,0,0,"Standard","Standard",150,"0.04","-0.053",,,,,"0.053",,0,0,0.502,0.498,25,28,26,29,1,0,33,8,18,2,"1.96","0.31","-0.31","39.2",,,,,
"FF","2023-05-10","93.9","-1.46","6.04","Lambert, Peter",572008,663567,"truncated_pa","ball",,,,,11,,"R","R","R","PIT","COL","B",2,,0,2,2023,"-0.66","1.41",-0.4919444139793867,4.204174206445877,,,656582,2,4,"Bot",,,,,,,3.9829393004081033,-136.71488096870448,-2.182238255659856,-9.161238380497192,29.458971437267138,-14.225135149791953,3.00129505320225,1.49834044342838,,,,"94.4",2246,"6.5",718231,642851,543068,676701,641857,678662,595777,686668,545341,"54.03",,,"0",0,0,0,,35,3,"4-Seam Fastball",3,3,3,3,3,3,3,3,"Strategic","Standard",209,"-0.017","-0.187",,,,,"0.187",,0,0,0.517,0.517,26,31,26,32,1,1,,1,3,3,"1.17","0.66","0.66","56.5",,,,,
"FF","2023-05-26","93.9","-1.73","6.04","Pallante, Andre",605137,669467,,"ball",,,,,12,,"R","L","R","CLE","STL","B",,,1,1,2023,"0.05","0.75",0.8326394889518642,3.305355390832882,,,608070,0,8,"Bot",,,,,,,6.596803909970425,-136.65398446864933,-3.0742735622785315,-0.7879670698552166,28.63334677539248,-22.245067215982306,3.48728256857434,1.74978931896926,,,,"94.9",2233,"6.7",718022,575929,502671,669242,571448,657557,676475,663457,680977,"53.76",,,,,,,,66,3,"4-Seam Fastball",4,2,4,2,2,4,4,2,"Infield shade","Standard",181,"-0.015","0.042",,,,,"-0.042",,2,2,0.948,0.948,24,30,25,31,1,3,4,2,1,1,"1.82","-0.05","0.05","57.0",,,,,
"FF","2023-09-20","93.9","-2.26","6.01","Kopech, Michael",608841,656629,,"ball",,,,,3,,"R","R","R","WSH","CWS","B",,,0,0,2023,"-0.68","1.61",0.43010591668019116,3.6915288010707363,,682928,657041,0,1,"Bot",,,,,,,8.512128255607314,-136.42780518089052,-3.852100233116463,-10.300762358084759,29.690113698263698,-11.425996026660716,3.64035974279702,1.71448309370083,,,,"94.4",2380,"6.7",716513,656024,683734,672820,660162,641313,643217,673357,657757,"53.83",,,,,,,,6,1,"4-Seam Fastball",0,0,0,0,0,0,0,0,"Infield shade","Standard",212,"-0.039","0.042",,,,,"-0.042",,0,0,0.636,0.636,27,31,27,31,1,0,5,1,,1,"0.98","0.68","0.68","45.1",,,,,
"FF","2023-09-02","93.9","2.06","5.08","Harrison, Kyle",673490,690986,,"ball",,,,,13,,"R","R","L","SD","SF","B",,,1,2,2023,"1.06","1.24",-1.0242867388116368,2.2245714101537484,,,640492,1,5,"Bot",,,,,,,-10.437852104059607,-136.2320993258635,-4.356493635462421,15.718475937479623,34.3032252812533,-15.941861666059326,3.44169185052606,1.57903143574884,,,,"94.2",2215,"6.9",716743,672275,527038,642731,669477,657557,685133,596103,571745,"53.55",,,,,,,,39,4,"4-Seam Fastball",3,0,3,0,0,3,3,0,"Standard","Standard",131,"-0.014","0.047",,,,,"-0.047",,3,3,0.881,0.881,21,27,22,28,3,2,5,1,6,1,"1.39","1.06","-1.06","36.6",,,,,
"SL","2023-07-09","93.9","-1.44","5.87","Santos, Gregory",665877,666619,,"called_strike",,,,,5,,"R","R","R","CWS","STL","S",,,1,1,2023,"0.5","0.52",0.203979240959488,2.5741459621476883,,,657557,1,8,"Top",,,,,,,3.1627411699664107,-136.76700600371555,-4.007802094278805,5.645957923603409,29.06544164809951,-24.99255711957763,3.31028975324071,1.42596682668447,,,,"94.8",2382,"6.7",717424,656024,683734,462101,669394,641313,621545,673357,657757,"53.84",,,,,,,,54,3,"Slider",2,2,2,2,2,2,2,2,"Standard","Standard",185,"0.089","-0.055",,,,,"0.055",,0,0,0.501,0.499,23,24,24,24,1,2,2,,6,8,"2.05","-0.5","-0.5","32.3",,,,,
"FF","2023-09-03","93.8","-1.46","6.05","Taillon, Jameson",605361,592791,,"called_strike",,,,,4,,"R","L","R","CIN","CHC","S",,,0,0,2023,"-0.5","1.15",-0.6851527402350105,2.742606146067718,,,664056,0,5,"Bot",,,,,,,3.1236696957908094,-136.59304477752457,-5.465165995349688,-6.9157623927746,26.69061319946066,-16.81983994135624,3.4707741697649,1.62447245896335,,,,"95",2368,"6.7",716738,665804,600869,663538,663611,621020,664023,643565,673548,"53.81",,,,,,,,40,1,"4-Seam Fastball",4,3,4,3,3,4,4,3,"Standard","Standard",209,"-0.056","-0.036",,,,,"0.036",,1,1,0.741,0.741,31,33,32,33,3,2,6,1,5,1,"1.42","0.5","-0.5","40.8",,,,,
"SI","2023-04-19","93.8","-1.83","5.56","Smith, Chad",663538,663385,,"called_strike",,,,,8,,"R","R","R","ATH","CHC","S",,,1,0,2023,"-1.63","0.86",0.2547469657833623,1.9759354964851734,,,663611,1,5,"Top",,,,,,,8.899115502623882,-136.25856270752752,-5.4070556386473685,-22.26768638311456,28.860908461244787,-20.443017577230595,3.18156995613319,1.525408453783,,,,"93.1",2113,"5.9",718506,669127,542583,672478,649557,675656,642180,665923,668843,"54.63",,,,,,,,34,2,"Sinker",1,2,2,1,2,1,2,1,"Standard","Standard",229,"0.049","-0.053",,,,,"0.053",,-1,1,0.356,0.644,28,26,28,26,1,2,2,1,2,1,"1.73","1.63","1.63","34.4",,,,,
"FF","2023-05-23","93.8","-1.8","5.94","Stratton, Chris",663697,608717,,"called_strike",,,,,3,,"R","R","R","CIN","STL","S",,,0,1,2023,"-0.46","1.5",0.774622254084476,3.1802607781954197,,,680574,1,7,"Bot",,,,,,,7.724741494097891,-136.342104208565,-4.722056145839516,-7.479251049997703,31.52111385474908,-12.66425559910452,3.30362767301894,1.51379968411906,,,,"94.3",2540,"6.8",718059,575929,680977,669242,669357,657557,676475,663457,640458,"53.73",,,,,,,,62,2,"4-Seam Fastball",5,7,5,7,7,5,5,7,"Standard","Standard",212,"-0.072","-0.053",,,,,"0.053",,-2,-2,0.22,0.22,32,26,33,27,1,3,4,1,1,1,"1.11","0.46","0.46","36.7",,,,,
"FF","2023-08-16","93.8","-1.26","6.05","Winder, Josh",679529,680739,,"ball",,,,,12,,"R","R","R","MIN","DET","B",,,1,2,2023,"-0.86","1.36",0.09520967906205757,4.0186999518667745,,,663837,1,9,"Top",,,,,,,5.387468613899104,-136.60803394070888,-2.590663777703228,-11.909686702159803,26.136307657494527,-14.636129269279822,3.32996212004562,1.58675772217859,,,,"93.9",2192,"6",716976,543877,456781,666397,668904,571657,670242,608336,596146,"54.5",,,,,,,,76,6,"4-Seam Fastball",4,8,8,4,8,4,8,4,"Standard","Standard",209,"0.002","0.047",,,,,"-0.047",,-4,4,0.016,0.984,26,23,27,24,1,4,5,1,8,2,"1.2","0.86","0.86","46.3",,,,,
"SI","2023-09-17","93.7","-1.07","5.97","Patiño, Luis",680777,672715,,"called_strike",,,,,12,,"R","R","R","CWS","MIN","S",,,1,0,2023,"-1.07","0.96",0.9276392135680462,2.8781511882571054,,,664057,1,9,"Top",,,,,,,7.575281192555055,-136.36215047127652,-4.474358968802664,-14.953290020990096,26.189964915181385,-19.37861407577865,3.15504175913095,1.41910146750475,,,,"94.7",2106,"6.6",716542,686676,683734,621545,672820,462101,643217,572204,657757,"53.92",,,,,,,,64,2,"Sinker",0,4,4,0,4,0,4,0,"Standard","Standard",219,"0.003","-0.053",,,,,"0.053",,-4,4,0.015,0.985,23,26,24,26,2,3,5,2,3,2,"1.61","1.07","1.07","43.2",,,,,
"FF","2023-06-17","93.7","-1.74","5.94","Neris, Héctor",680574,593576,,"called_strike",,,,,9,,"R","R","R","HOU","CIN","S",,,1,0,2023,"-0.67","1.45",0.3047875540741445,1.9078772601812664,,,670770,0,8,"Top",,,,,,,6.717121273167291,-135.9379542680596,-7.707597304755741,-9.90863544946431,34.79489845060371,-12.702144650440147,3.13017076495358,1.47573797210118,,,,"92.5",2562,"6.1",717727,673237,666197,514888,608324,665161,667452,676694,663656,"54.38",,,,,,,,68,2,"4-Seam Fastball",3,6,6,3,6,3,6,3,"Standard","Standard",220,"0.017","-0.042",,,,,"0.042",,-3,3,0.061,0.9390000000000001,34,23,34,24,1,4,2,1,4,1,"1.2","0.67","0.67","36.9",,,,,
"FC","2023-07-24","93.7","-2.62","4.91","Mlodzinski, Carmen",665742,669387,"truncated_pa","ball",,,,,12,,"R","L","R","SD","PIT","B",2,,0,0,2023,"-0.08","0.79",0.5138295972848177,3.501486749490183,,,673490,2,7,"Bot",,,,,,,8.307593331509981,-136.17155591365466,0.384997508774386,-2.9201342701306237,30.57521401672415,-22.65612955380714,3.07189231865143,1.46506277652018,,,,"94",2525,"6.6",717276,682848,467793,693304,669707,678894,668804,669261,680779,"53.9",,,"0",0,0,0,,67,1,"Cutter",4,8,4,8,8,4,4,8,"Infield shade","Standard",199,"-0.014","-0.286",,,,,"0.286",,-4,-4,0.05,0.05,24,24,24,25,1,3,2,1,2,1,"1.82","0.08","-0.08","27.4",,,,,
"FF","2023-05-03","93.7","-2.66","5.36","Pfaadt, Brandon",506702,694297,"truncated_pa","ball",,,,,11,,"R","L","R","TEX","AZ","B",2,,1,2,2023,"-0.52","1.23",-0.9696937963482916,4.3019769011207565,,,665750,2,2,"Bot",,,,,,,5.495122727141073,-136.16173345395217,0.42038348659359304,-7.784009622507406,35.74744842593098,-17.513023012948313,3.21700029888959,1.6623108994498,,,,"92.8",2481,"6.3",718325,645444,572233,606466,446334,605113,666971,677950,666150,"54.25",,,"0",0,0,0,,17,4,"4-Seam Fastball",1,0,1,0,0,1,1,0,"Infield shade","Standard",224,"-0.014","-0.207",,,,,"0.207",,1,1,0.626,0.626,24,34,25,34,1,0,,3,6,4,"1.42","0.52","-0.52","29.1",,,,,
"FF","2023-09-26","93.7","-2.81","5.93","Olson, Reese",669004,681857,,"called_strike",,,,,8,,"R","L","R","DET","KC","S",,,1,0,2023,"-0.9","1.35",-0.09093442966856757,1.84568324453228,,,677951,1,3,"Top",,,,,,,8.918019781960478,-135.95693008417697,-7.641242509452148,-13.266157268943306,33.81644095097579,-13.907623975066793,3.31983477161397,1.66443852286654,,,,"92.4",2236,"6",716433,608348,679529,628451,656716,595879,663837,678009,681481,"54.54",,,,,,,,19,2,"4-Seam Fastball",0,1,1,0,1,0,1,0,"Infield shade","Standard",229,"0.045","-0.053",,,,,"0.053",,-1,1,0.382,0.618,23,24,24,25,2,1,6,3,,2,"1.29","0.9","-0.9","37.5",,,,,
"FF","2023-08-16","93.6","-1.93","5.75","Cecconi, Slade",641857,677944,,"called_strike",,,,,3,,"R","L","R","COL","AZ","S",,,0,0,2023,"-0.9","1.05",0.6698398438524266,3.1867274095719114,,,678662,1,1,"Bot",,,,,,,8.686810419998798,-136.27638100067102,-3.2737768657308717,-12.910520454898172,24.74497873625733,-18.507699349664886,3.58925703178537,1.63077177734451,,,,"94.3",2458,"6.3",716977,645444,572233,606466,671083,605113,666971,677950,502054,"54.21",,,,,,,,8,1,"4-Seam Fastball",0,2,0,2,2,0,0,2,"Infield shade","Standard",226,"-0.044","-0.042",,,,,"0.042",,-2,-2,0.355,0.355,24,28,24,29,1,0,5,1,5,2,"1.52","0.9","-0.9","39.3",,,,,
"SI","2023-04-04","93.6","-2.5","5.43","Wesneski, Hayden",663886,669713,,"ball",,,,,6,,"R","R","R","CIN","CHC","B",,,1,1,2023,"-1.43","0.61",0.4539639926327661,2.3311525233214896,,,641584,1,1,"Bot",,,,,,,10.819648801507785,-135.9781447581695,-3.62951820608917,-20.09005135786021,28.52214284121472,-23.942357749876248,3.21834210982923,1.54494085072925,,,,"94",2222,"6.5",718716,543228,543333,663538,621550,621020,664023,641355,670156,"53.98",,,,,,,,10,3,"Sinker",1,1,1,1,1,1,1,1,"Standard","Standard",235,"-0.039","0.046",,,,,"-0.046",,0,0,0.55,0.55,25,26,26,27,1,0,,1,7,3,"1.99","1.43","1.43","26.8",,,,,
"FF","2023-07-07","93.6","-2.92","5.79","Marinaccio, Ron",673548,676760,"truncated_pa","ball",,,,,12,,"R","R","R","NYY","CHC","B",2,,0,0,2023,"-0.78","1.47",0.5603337994721166,3.4273244756244687,,,663538,2,7,"Top",,,,,,,10.758677019925859,-135.83604484255284,-3.575638232564291,-12.023795112900306,29.91530434505167,-13.393009568205688,3.15599879340473,1.37020822937907,,,,"94",2340,"6.7",717464,543309,519203,650402,518626,683011,641856,664056,614173,"53.84",,,"0",0,0,0,,49,1,"4-Seam Fastball",0,3,3,0,3,0,3,0,"Standard","Standard",214,"0.01","-0.286",,,,,"0.286",,-3,3,0.118,0.882,27,28,28,29,1,3,1,1,2,1,"1.15","0.78","0.78","41.3",,,,,
"FF","2023-06-09","93.6","-2.4","6.34","Medina, Luis",655316,665622,,"ball",,,,,12,,"R","R","R","MIL","ATH","B",,,2,1,2023,"-0.18","1.5",0.38498262183227294,3.5195975161889805,,,663368,1,4,"Bot",,,,,,,7.600750065746164,-136.01677630706945,-4.797138340513595,-4.028768712338001,31.90340417910564,-12.774639048097587,3.3333416246828,1.56496716186428,,,,"93.6",2343,"6.5",717831,669127,676116,607054,681146,675656,668709,665923,657656,"53.99",,,,,,,,37,4,"4-Seam Fastball",2,4,2,4,4,2,2,4,"Standard","Standard",203,"-0.052","0.1",,,,,"-0.1",,-2,-2,0.32,0.32,24,26,24,26,2,1,6,2,5,1,"1.13","0.18","0.18","49.6",,,,,
"FF","2023-05-06","93.6","-0.65","6.69","Anderson, Nick",622761,623433,"truncated_pa","called_strike",,,,,8,,"R","R","R","ATL","BAL","S",2,,0,0,2023,"-0.49","1.59",-0.07249927374189796,1.796898340738515,,,624428,2,6,"Top",,,,,,,2.559224131733462,-135.9845893521739,-10.359260313402109,-6.651501085030669,28.099837237776438,-10.364201817499673,3.50162657401173,1.66196030581872,,,,"93.3",2118,"6.1",718283,669221,621566,645277,663586,687093,592696,671739,660670,"54.43",,,"0",0,0,0,,47,1,"4-Seam Fastball",3,4,4,3,4,3,4,3,"Standard","Standard",204,"0.026","-0.286",,,,,"0.286",,-1,1,0.37,0.63,32,28,33,28,1,2,2,1,4,2,"1","0.49","0.49","50.3",,,,,
"FF","2023-04-15","93.6","-0.93","5.86","Contreras, Roansy",691023,672710,,"ball",,,,,1,,"R","R","R","STL","PIT","B",,,0,0,2023,"-0.21","1.37",-0.7383740596220852,3.8420043193511333,,,669357,0,4,"Bot",,,,,,,0.9649979639207463,-136.32749306004084,-2.5248684665210397,-2.802072631476063,28.793670198170386,-14.683784283823414,3.83041823068189,1.99228771885813,,,,"94.1",2291,"6.5",718568,641511,467793,664029,663647,666801,668804,678225,656582,"54.04",,,,,,,,33,1,"4-Seam Fastball",2,2,2,2,2,2,2,2,"Standard","Standard",202,"-0.067","0.03",,,,,"-0.03",,0,0,0.603,0.603,23,21,24,21,2,1,5,2,5,1,"1.22","0.21","0.21","46.5",,,,,
"FF","2023-06-27","93.6","-2.54","5.58","Kopech, Michael",595453,656629,,"ball",,,,,11,,"R","R","R","LAA","CWS","B",,,0,1,2023,"-1.01","1.54",-0.8345492653921667,2.9895757270791004,,,650859,0,2,"Bot",,,,,,,6.722803714897034,-136.02489674497699,-4.312891682831688,-14.047129607105822,32.880698028356775,-12.420550434885426,3.91209295989642,1.85166447436495,,,,"94.5",2454,"7.1",717592,518735,657757,462101,669394,641313,643217,673357,650391,"53.38",,,,,,,,15,2,"4-Seam Fastball",1,0,1,0,0,1,1,0,"Standard","Standard",222,"-0.048","0.024",,,,,"-0.024",,1,1,0.683,0.683,27,31,27,32,1,0,6,2,17,3,"1.09","1.01","1.01","41.1",,,,,
"SI","2023-04-11","93.5","-2.19","5.78","Whitlock, Garrett",677551,676477,"truncated_pa","ball",,,,,14,,"R","L","R","TB","BOS","B",2,,0,1,2023,"-1.33","1.26",0.5605582872970958,1.1295016706628043,,,668227,2,3,"Bot",,,,,,,10.152430205324768,-135.50879834688038,-9.079045943894535,-18.573214375787263,29.645181279455766,-14.80427550035006,3.23360937782875,1.48052922367511,,,,"94.6",2099,"7.2",718625,657136,666915,624414,646240,571771,807799,608701,657077,"53.34",,,"0",0,0,0,,26,2,"Sinker",2,0,2,0,0,2,2,0,"Infield shade","Strategic",224,"-0.014","-0.241",,,,,"0.241",,2,2,0.743,0.743,27,22,27,22,2,1,,1,5,1,"1.37","1.33","-1.33","38.5",,,,,
"FC","2023-07-26","93.5","-2.71","5.93","Jansen, Kenley",606115,445276,,"ball",,,,,9,,"R","R","R","BOS","ATL","B",,,0,0,2023,"0.06","1.47",0.32240376145351607,1.80185504636921,669221,,657088,1,9,"Top",,,,,,,7.775067964036584,-135.83875749486052,-8.198983455201077,-1.0017696159695129,29.84604918483007,-12.366785054506297,3.65518494336351,1.74068179363356,,,,"94.5",2686,"6.9",717242,657136,457759,624414,646240,644374,680776,594807,657077,"53.56",,,,,,,,70,1,"Cutter",5,3,3,5,3,5,3,5,"Standard","Standard",195,"0.139","0.041",,,,,"-0.041",,2,-2,0.817,0.18300000000000005,35,28,36,29,1,3,4,1,2,2,"1.15","-0.06","-0.06","40.7",,,,,
"FF","2023-08-22","93.4","-0.93","6.23","Lambert, Jimmy",668942,669424,"truncated_pa","ball",,,,,11,,"R","L","R","CWS","SEA","B",2,,2,1,2023,"-0.53","1.32",-1.2578075483463547,3.9230704828885052,,,676609,2,7,"Top",,,,,,,0.31668931496623315,-136.026712532491,-3.072614303632081,-6.695239633063614,30.298907334453993,-15.342700416399145,3.43635166331759,1.67991809879932,,,,"92.8",2106,"5.9",716893,518735,683734,672820,660162,462101,643217,673357,693049,"54.57",,,"0",0,0,0,,62,4,"4-Seam Fastball",2,6,6,2,6,2,6,2,"Infield shade","Standard",211,"0.005","-0.303",,,,,"0.303",,-4,4,0.066,0.9339999999999999,28,29,29,29,1,3,3,1,2,1,"1.29","0.53","-0.53","47.9",,,,,
"FF","2023-07-08","93.4","2.06","5.75","Suarez, Ranger",663743,624133,"truncated_pa","ball",,,,,12,,"R","R","L","MIA","PHI","B",2,,0,0,2023,"0.79","1.1",0.951921699294422,4.67689257510256,542932,,667472,2,1,"Bot",,,,,,,-4.569466746609721,-135.98564162935634,0.5824923621713426,10.872819514653099,30.92734940072889,-18.915933022629876,3.27856333577705,1.55770793711399,,,,"92.6",1982,"5.9",717438,592663,664761,543281,624641,607208,656941,665506,592206,"54.63",,,"0",0,0,0,,13,1,"4-Seam Fastball",3,1,3,1,1,3,3,1,"Standard","Standard",126,"-0.034","-0.299",,,,,"0.299",,2,2,0.732,0.732,27,26,28,27,1,0,6,2,7,1,"1.52","0.79","-0.79","36.6",,,,,
"FF","2023-09-08","93.4","-1.55","6.26","Willingham, Amos",571771,686294,,"ball",,,,,12,,"R","R","R","WSH","LAD","B",,,1,1,2023,"-0.47","1.26",0.0686559338869171,4.133091485743679,,,543939,1,9,"Top",,,,,,,5.2432510263683465,-136.04063258324993,-2.5372996222136135,-6.919352404829522,28.393097603392288,-16.155801755421162,3.29030545683663,1.65238543913177,,,,"94.2",2031,"6.6",716676,660688,642086,671277,666198,682928,666906,696285,663905,"53.89",,,,,,,,74,3,"4-Seam Fastball",5,8,8,5,8,5,8,5,"Standard","Standard",207,"0.007","0.046",,,,,"-0.046",,-3,3,0.034,0.966,24,31,25,32,1,4,3,1,4,1,"1.34","0.47","0.47","46.3",,,,,
"SI","2023-09-30","93.4","-1.66","5.41","Schmidt, Clarke",521692,657376,,"called_strike",,,,,8,,"R","R","R","KC","NYY","S",,,0,0,2023,"-0.54","0.45",0.07358023168301209,1.9149401038506941,,,677951,0,3,"Bot",,,,,,,5.618798319675363,-136.08890212509783,-4.323498902168746,-7.773734872864652,24.955283606776433,-25.90338402809218,3.62544743164812,1.70031765823661,,,,"93.7",2660,"6",716375,543309,641343,650402,518934,672724,677592,664314,665828,"54.46",,,,,,,,23,1,"Sinker",1,0,1,0,0,1,1,0,"Standard","Standard",221,"-0.055","-0.036",,,,,"0.036",,1,1,0.701,0.701,27,33,27,33,2,1,5,1,,1,"2.12","0.54","0.54","27.0",,,,,
"SI","2023-07-17","93.4","-2.73","6.01","Hoeing, Bryan",671056,663773,"strikeout_double_play","swinging_strike",,,,,13,"Ivan Herrera strikes out swinging and Paul DeJong caught stealing 2nd, catcher Nick Fortes to second baseman Luis Arraez to catcher Nick Fortes.","R","R","R","STL","MIA","S",2,,3,2,2023,"-1.43","0.41",-0.9932023430992982,1.6905449640651384,,,657557,1,7,"Bot",,,,,,,7.680402038590566,-135.66321721184576,-6.292424062510697,-19.302779493190542,29.457575082008855,-25.942750999154175,3.12,1.45,,,,"94.1",2042,"6.8",717374,663743,643265,650333,516416,621563,650559,667472,660821,"53.74",,0,"0",1,0,0,,66,7,"Sinker",6,4,6,4,4,6,6,4,"Standard","Standard",232,"-0.027","-0.314","74.6","7.1","0.4522395",,"0.314",,2,2,0.889,0.889,26,23,27,23,1,3,3,2,2,2,"2.21","1.43","1.43","32.5",5.583993151551032,0.2635052570739249,43.63729416806938,27.10135710883339,26.49209478908098
"SI","2023-08-08","93.4","-0.76","5.27","Gray, Sonny",665155,543243,,"ball",,,,,14,,"R","L","R","DET","MIN","B",,,1,2,2023,"-0.46","0.83",0.1760951773138602,0.6510267372506326,595879,,656716,0,4,"Bot",,,,,,,3.4459284224488176,-135.89437100962078,-8.011815995983165,-6.438977000738837,28.113134947454537,-20.431997518862353,3.02194240356861,1.57020463496312,,,,"94",2409,"6.5",717076,543877,608336,593871,571657,621043,650489,572191,670242,"53.95",,,,,,,,33,4,"Sinker",3,0,3,0,0,3,3,0,"Standard","Standard",198,"-0.027","0.036",,,,,"-0.036",,3,3,0.908,0.908,33,26,34,26,2,1,5,1,5,4,"1.78","0.46","-0.46","47.7",,,,,
"PO","2023-06-27","93.4","-2.27","5.73","Sims, Lucas",676059,608371,,"pitchout",,,,,12,,"R","R","R","BAL","CIN","B",,,0,1,2023,"-0.52","1.52",1.6747794724116694,4.223786732574147,,,656775,0,7,"Bot",,,,,,,11.202203150429453,-135.6031460758892,-1.4589949388405254,-8.837312335724718,28.500388735326077,-13.268371537331586,3.467,1.589,,,,"92.7",2486,"5.9",717601,571912,458015,663697,682829,680574,666181,670770,641584,"54.62",,,,,,,,51,2,"Pitch Out",1,2,1,2,2,1,1,2,"Standard","Standard",213,"-0.116","0.024",,,,,"-0.024",,-1,-1,0.43,0.43,29,24,29,24,1,2,4,1,1,1,"1.1","0.52","0.52","35.7",,,,,
"SI","2023-06-29","93.3","-1.55","6.17","Winn, Keaton",593160,676775,,"ball",,,,,12,,"R","R","R","TOR","SF","B",,,0,1,2023,"-0.95","0.58",0.5134230308770539,3.3175934528044184,,,662139,0,5,"Bot",,,,,,,7.344902305010887,-135.71643025295742,-2.854596434226865,-13.296009099818342,28.44264649217695,-24.55641063742741,3.18936537443183,1.55085890670514,,,,"93",2257,"6",717564,666165,664774,642731,669477,543063,592626,682641,596103,"54.49",,,,,,,,38,2,"Sinker",0,0,0,0,0,0,0,0,"Standard","Standard",224,"-0.07","0.024",,,,,"-0.024",,0,0,0.606,0.606,25,34,25,34,2,1,5,1,5,1,"2.03","0.95","0.95","41.2",,,,,
"SI","2023-06-16","93.3","-1.56","5.16","Singer, Brady",642136,663903,"strikeout_double_play","called_strike",,,,,6,"Matt Thaiss called out on strikes and Brandon Drury caught stealing 2nd, catcher Freddy Fermin to shortstop Bobby Witt Jr. to catcher Freddy Fermin.","R","L","R","KC","LAA","S",2,,3,2,2023,"-1.06","0.54",0.7015194928087196,2.192603592837274,545361,,592273,1,1,"Top",,,,,,,8.292325597188087,-135.71324885551968,-3.1478285985051486,-14.896211618312947,27.06590896937044,-25.011283687695265,3.32981818054208,1.61688026490766,,,,"95",2396,"7.1",717736,666023,668472,622110,672580,677951,680118,671221,669004,"53.39",,0,"0",1,0,0,,5,6,"Sinker",0,1,1,0,1,0,1,0,"Standard","Standard",206,"0.108","-0.36",,,,,"0.36",,-1,1,0.34,0.6599999999999999,26,28,27,28,1,0,6,2,5,1,"2.06","1.06","-1.06","30.1",,,,,
"FF","2023-07-25","93.3","1.79","6.15","Perdomo, Angel",665742,622780,,"ball",,,,,14,,"R","L","L","SD","PIT","B",,,2,1,2023,"0.37","1.47",1.1118506675052409,2.004663342684013,,,673490,1,7,"Bot",,,,,,,-2.5682864113714725,-135.7398346494685,-8.177951801230469,5.088164590772471,29.324100606198733,-12.438091709127887,3.2502103827558,1.63924399676698,,,,"93.9",2435,"6.6",717258,682848,467793,693304,669707,675961,656582,668804,680779,"53.86",,,,,,,,60,4,"4-Seam Fastball",2,1,2,1,1,2,2,1,"Infield shade","Standard",155,"-0.034","0.1",,,,,"-0.1",,1,1,0.793,0.793,29,24,29,25,1,3,2,1,5,1,"1.15","0.37","0.37","37.5",,,,,
"FC","2023-09-01","93.3","-1.06","6.17","Ashcraft, Graham",664023,668933,"strikeout_double_play","called_strike",,,,,1,"Ian Happ called out on strikes and Nico Hoerner caught stealing 2nd, catcher Tyler Stephenson to shortstop Elly De La Cruz to catcher Tyler Stephenson.","R","L","R","CIN","CHC","S",2,,3,2,2023,"0.1","0.63",-0.3578113881308381,3.2192085663702126,,,663538,0,4,"Top",,,,,,,1.5887469544359538,-136.05833750036712,-3.2920901121358144,0.9018764877628581,26.154223569535123,-23.84346998745831,3.43001157785864,1.61085365032966,,,,"93",2265,"5.7",718700,663886,687952,668715,669222,682829,656413,664056,592669,"54.77",,0,"0",1,0,0,,25,8,"Cutter",0,0,0,0,0,0,0,0,"Infield shade","Standard",197,"0.101","-0.298",,,,,"0.298",,0,0,0.446,0.554,25,28,25,29,2,1,5,2,,0,"1.95","-0.1","0.1","43.9",,,,,
"FF","2023-06-22","93.3","1.24","4.71","Sears, JP",647304,676664,"truncated_pa","ball",,,,,13,,"R","L","L","CLE","ATH","B",2,,0,0,2023,"1.18","1.25",-1.1793453033179888,2.034089113953142,,,608070,2,4,"Bot",,,,,,,-8.853355496384706,-135.67641155653166,-3.9167098459728487,16.444736512258405,28.51763556516087,-16.06559978305145,3.20438051905015,1.54016210721417,,,,"94",2142,"6.6",717660,542208,676116,607054,681146,649557,643393,665923,667670,"53.86",,,"0",0,0,0,,30,1,"4-Seam Fastball",0,0,0,0,0,0,0,0,"Standard","Standard",137,"-0.028","-0.286",,,,,"0.286",,0,0,0.528,0.528,27,26,27,26,2,1,6,1,6,1,"1.37","1.18","1.18","25.2",,,,,
"FF","2023-04-12","93.3","-1.49","6.33","Urquidy, José",669261,664353,"truncated_pa","ball",,,,,11,,"R","L","R","PIT","HOU","B",2,,1,2,2023,"-0.44","1.54",-0.4005337885990835,3.8645181740792673,467793,,656582,2,4,"Bot",,,,,,,3.7371104854808737,-135.85279333631405,-3.9604234357218973,-6.205497958273717,29.147023418552212,-12.369305652326876,3.518531250038,1.56013071660095,,,,"92.6",2138,"5.8",718608,673237,547989,643289,608324,665161,667452,676801,663656,"54.72",,,"0",0,0,0,,34,4,"4-Seam Fastball",0,2,0,2,2,0,0,2,"Standard","Standard",211,"-0.043","-0.212",,,,,"0.212",,-2,-2,0.292,0.292,28,24,28,25,2,1,5,1,6,2,"1.07","0.44","-0.44","52.3",,,,,
"FF","2023-09-04","93.3","-1.6","5.52","Bello, Brayan",542194,678394,,"swinging_strike",,,,,12,,"R","R","R","TB","BOS","S",,,0,0,2023,"-0.48","1.2",0.9287843518029889,3.650398160322129,,,660644,1,5,"Bot",,,,,,,7.587790603016797,-135.6712257852204,-1.6487293351012189,-7.723339583302221,32.31355274126639,-17.238572032039794,3.56,1.71,,,,"93.1",1938,"6.4",716722,624512,671213,649966,646240,596115,807799,677800,594807,"54.1",,,,,,,,36,1,"4-Seam Fastball",3,1,3,1,1,3,3,1,"Standard","Standard",231,"-0.028","-0.042","70.4","6.8","2.227402968",,"0.042",,2,2,0.813,0.813,24,31,24,32,2,1,6,1,6,1,"1.44","0.48","0.48","34.6",8.942852827525037,16.415988176073288,19.057644158180118,46.94743327466597,16.15547902761869
"FC","2023-05-08","93.2","-1.3","6.02","Brown, Hunter",543685,686613,"truncated_pa","ball",,,,,14,,"R","R","R","LAA","HOU","B",2,,1,1,2023,"0.14","0.51",1.751381620928372,1.6807540447273495,,,621493,2,1,"Bot",,,,,,,7.610944753567577,-135.47475460819902,-6.609864790711788,0.2166408211707791,27.530872936872637,-24.726777403926967,3.22883615215176,1.59902515143754,,,,"94.6",2233,"7",718254,673237,547989,643289,682073,665161,670541,676801,663656,"53.5",,,"0",0,0,0,,8,3,"Cutter",0,0,0,0,0,0,0,0,"Standard","Standard",169,"-0.021","-0.266",,,,,"0.266",,0,0,0.521,0.521,24,33,25,33,1,0,6,1,6,1,"2.11","-0.14","-0.14","55.3",,,,,
"SI","2023-08-18","93.2","-2.7","4.55","Anderson, Grant",642715,681982,"truncated_pa","called_strike",,,,,5,,"R","R","R","TEX","MIL","S",2,,1,1,2023,"-1.52","0.23",0.057023544257917,2.841551618085574,661388,,592192,2,8,"Top",,,,,,,10.476845934004999,-135.3703709140088,0.8748702077204845,-20.988524212570493,28.147016733886357,-29.713321556926388,3.54876711852115,1.70865561580353,,,,"93.8",2145,"6.7",716950,641680,663993,543760,669701,608369,608671,679881,666969,"53.84",,,"0",0,0,0,,69,3,"Sinker",4,9,9,4,9,4,9,4,"Standard","Standard",247,"0.004","-0.286",,,,,"0.286",,-5,5,0.018,0.982,26,27,26,28,1,4,6,1,2,1,"2.39","1.52","1.52","5.4",,,,,
"FF","2023-05-20","93.2","-2.78","5.52","Pfaadt, Brandon",641943,694297,,"called_strike",,,,,4,,"R","L","R","PIT","AZ","S",,,0,1,2023,"-0.73","1.32",-0.7453424848699278,2.415197399861607,,,678225,0,4,"Bot",,,,,,,6.895115429934273,-135.49245830616843,-5.192198929817496,-10.427463415354822,28.0920110055589,-14.901556140657657,3.49926573718525,1.72911964264211,,,,"94.3",2492,"6.9",718101,672515,572233,606466,668942,672695,682998,666150,656976,"53.62",,,,,,,,30,2,"4-Seam Fastball",3,1,3,1,1,3,3,1,"Standard","Standard",215,"-0.04","-0.043",,,,,"0.043",,2,2,0.806,0.806,24,27,25,28,2,1,6,1,6,3,"1.29","0.73","-0.73","31.3",,,,,
"FF","2023-04-09","93.2","-2.47","6.05","Kaprielian, James",670623,621076,"truncated_pa","ball",,,,,11,,"R","R","R","TB","ATH","B",2,,0,2,2023,"-0.57","1.59",-0.04881047673526406,4.5277702155840895,,,670042,2,3,"Bot",,,,,,,7.414599331753159,-135.56972155938158,-1.5794646773603784,-8.685925736379554,31.702366191291397,-12.542621388399661,3.16,1.49,,,,"92.3",2044,"5.9",718655,669127,676116,643393,607054,649557,668843,665923,657656,"54.56",,,"0",0,0,0,,24,3,"4-Seam Fastball",1,0,1,0,0,1,1,0,"Standard","Standard",216,"-0.013","-0.187",,,,,"0.187",,1,1,0.636,0.636,29,24,29,24,2,1,6,1,5,1,"1.05","0.57","0.57","36.5",,,,,
"FF","2023-05-12","93.2","-1.89","6.54","Walker, Taijuan",605612,592836,"truncated_pa","ball",,,,,11,,"R","L","R","COL","PHI","B",2,,1,2,2023,"-0.8","0.98",-1.0294528164471712,4.438702244750775,,,641857,2,2,"Bot",,,,,,,3.9467832908975,-135.78604744270618,-1.8530436418580887,-10.70814200027181,25.624165867522215,-19.79448313961158,3.29909461027705,1.61142588387063,,,,"93.3",2074,"6",718202,592663,664761,543281,624641,607208,656941,656495,592206,"54.5",,,"0",0,0,0,,14,4,"4-Seam Fastball",0,0,0,0,0,0,0,0,"Standard","Standard",216,"-0.017","-0.207",,,,,"0.207",,0,0,0.517,0.517,30,29,31,30,1,0,5,3,5,2,"1.61","0.8","-0.8","41.3",,,,,
"FF","2023-06-12","93.1","-0.76","5.72","Weaver, Luke",521692,596133,"truncated_pa","called_strike",,,,,6,,"R","R","R","KC","CIN","S",2,,0,0,2023,"-0.38","1.59",0.5131506812733643,2.9415943061481338,,,680118,2,2,"Bot",,,,,,,4.062229907113237,-135.5617321923886,-4.848302975893017,-5.558083345346504,28.176005917673095,-11.72159663245142,3.55419761477434,1.75725420250668,,,,"92.7",2369,"5.9",717793,571912,668715,663697,682829,680574,656413,670770,666181,"54.61",,,"0",0,0,0,,18,1,"4-Seam Fastball",3,0,3,0,0,3,3,0,"Standard","Strategic",206,"-0.013","-0.286",,,,,"0.286",,3,3,0.807,0.807,29,33,30,33,2,1,6,1,6,1,"1.03","0.38","0.38","48.6",,,,,
"FF","2023-04-05","93","-2","5.26","Nola, Aaron",518626,605400,"truncated_pa","ball",,,,,14,,"R","R","R","NYY","PHI","B",2,,1,2,2023,"-1.15","1.58",1.018158495439802,2.295168538478909,,,650402,2,1,"Bot",,,,,,,10.386109888606754,-135.00368567476752,-5.334497957240057,-16.3064554186133,30.21495553347253,-11.797531622955352,3.39257928038843,1.67295402914664,,,,"94",2330,"7.1",718699,592663,669742,681082,664761,607208,656941,665506,595909,"53.42",,,"0",0,0,0,,8,4,"4-Seam Fastball",1,0,1,0,0,1,1,0,"Infield shade","Standard",223,"-0.014","-0.207",,,,,"0.207",,1,1,0.617,0.617,30,37,30,38,1,0,6,1,6,58,"1.07","1.15","1.15","28.1",,,,,
"FF","2023-06-05","93","1.16","6.27","Poche, Colin",646240,621363,"strikeout_double_play","called_strike",,,,,8,"Rafael Devers called out on strikes and Alex Verdugo caught stealing 2nd, catcher Francisco Mejia to shortstop Wander Franco to catcher Francisco Mejia.","R","L","L","BOS","TB","S",2,,3,2,2023,"-0.42","1.61",-0.13731713375222904,1.5597007321073137,,,657077,1,8,"Bot",,,,,,,-2.445600170115959,-135.1823313551369,-10.039210323781502,-4.639207823941096,27.56484629752737,-10.455604377327445,3.24141542768243,1.53137774936165,,,,"94.9",2307,"7.3",717928,642336,670623,660644,670764,677551,670042,622534,666139,"53.19",,0,"0",1,0,0,,68,7,"4-Seam Fastball",1,4,1,4,4,1,1,4,"Infield shade","Standard",184,"-0.067","-0.314",,,,,"0.314",,-3,-3,0.101,0.101,29,26,29,27,1,3,2,1,2,1,"1.02","-0.42","-0.42","66.5",,,,,
"FF","2023-07-19","93","-1.01","6.26","Bielak, Brandon",605612,656232,,"ball",,,,,11,,"R","L","R","COL","HOU","B",,,1,2,2023,"0.12","0.76",-0.6789612817482197,4.783512449375884,,,669911,1,5,"Bot",,,,,,,0.569668133779373,-135.68581859041075,0.20454024444355545,1.3918331724726207,25.042836045240538,-22.92223386644133,3.26083169853474,1.65918875969157,,,,"92.3",2575,"5.4",717345,455117,547989,643289,608324,665161,667452,676694,676801,"55.11",,,,,,,,37,4,"4-Seam Fastball",0,1,0,1,1,0,0,1,"Standard","Strategic",202,"-0.052","0.047",,,,,"-0.047",,-1,-1,0.406,0.406,27,29,27,30,2,1,10,1,5,3,"1.83","-0.12","0.12","46.7",,,,,
"FF","2023-04-09","93","-1.75","6.66","Walker, Taijuan",613564,592836,"strikeout_double_play","swinging_strike",,,,,12,"Phillies challenged (tag play), call on the field was overturned: Jason Vosler strikes out swinging and Wil Myers caught stealing 2nd, catcher J. T. Realmuto to shortstop Trea Turner to catcher J. T. Realmuto.","R","L","R","PHI","CIN","S",2,,3,2,2023,"-0.82","1.46",1.0586364795651366,3.6972286604895244,,,571976,0,2,"Top",,,,,,,8.923751971039113,-135.0091074762586,-4.908040051271646,-12.130421839160684,32.688961927966076,-13.424284614828364,3.38,1.62,,,,"91.7",2191,"5.9",718652,592663,664761,681082,624641,607208,595909,669016,592206,"54.61",,0,"0",1,0,0,,10,6,"4-Seam Fastball",1,0,0,1,0,1,0,1,"Infield shade","Standard",215,"0.091","-0.298",,,,,"0.298",,1,-1,0.554,0.44599999999999995,30,29,31,30,1,0,6,1,5,1,"1.21","0.82","-0.82","44.8",,,,,
"SI","2023-07-30","93","-1.04","6.11","Bielak, Brandon",642350,656232,"strikeout_double_play","called_strike",,,,,1,"Jose Siri called out on strikes and Harold Ramirez caught stealing 2nd, catcher Martin Maldonado to second baseman Jose Altuve to catcher Martin Maldonado.","R","R","R","HOU","TB","S",2,,3,2,2023,"-1.53","0.57",-0.304185506602926,3.1939498102162482,,,623912,1,5,"Top",,,,,,,5.183893400478488,-135.23996329537135,-2.8097067402296214,-19.839000217646213,34.6898039186364,-24.814630891779917,3.28356359209798,1.57586859239424,,,,"91.4",2281,"5.8",717196,455117,547989,514888,608324,665161,676801,643289,663656,"54.71",,0,"0",1,0,0,,43,7,"Sinker",0,6,6,0,6,0,6,0,"Standard","Standard",221,"0.008","-0.314",,,,,"0.314",,-6,6,0.037,0.963,27,27,27,28,3,2,6,1,25,1,"2.11","1.53","1.53","39.2",,,,,
"FF","2023-07-22","93","-1.76","5.78","Javier, Cristian",668709,664299,,"ball",,,,,11,,"R","L","R","ATH","HOU","B",,,1,1,2023,"-0.5","1.55",-0.5264409544010311,4.224314500335291,,,680869,0,4,"Bot",,,,,,,4.222116592883907,-135.45635516368063,-1.6302724208968262,-7.020633959131367,28.653380446629257,-12.914094620026882,3.56342445192123,1.73242618431142,,,,"92.5",2281,"5.9",717295,455117,547989,666197,608324,665161,676801,676694,663656,"54.63",,,,,,,,29,3,"4-Seam Fastball",0,0,0,0,0,0,0,0,"Standard","Standard",206,"-0.065","0.042",,,,,"-0.042",,0,0,0.601,0.601,26,25,26,26,2,1,6,1,6,1,"1.07","0.5","-0.5","37.7",,,,,
"SI","2023-08-08","93","-2.3","5.08","Cronin, Declan",666163,686539,"strikeout_double_play","swinging_strike",,,,,11,"Ben Rortvedt strikes out swinging and Anthony Volpe caught stealing 2nd, catcher Carlos Perez to shortstop Elvis Andrus to catcher Carlos Perez.","R","L","R","CWS","NYY","S",2,,2,2,2023,"-0.67","-0.21",-1.1119490739510511,2.8106233846577267,,,683011,0,6,"Top",,,,,,,4.5167286794788675,-135.44078102170025,0.36426760251737367,-9.22777867862529,27.154775240480415,-35.08666488104758,3.2,1.49,,,,"93.6",2477,"6.4",717075,656024,683734,621545,660162,462101,643217,673357,657757,"54.11",,0,"0",1,0,0,,47,5,"Sinker",1,4,4,1,4,1,4,1,"Standard","Standard",232,"0.034","-0.21","64.9","5.7","0.279959436",,"0.21",,-3,3,0.123,0.877,25,25,26,26,1,2,7,1,5,5,"2.83","0.67","-0.67","23.8",1.4123796164364,39.384712444199096,25.043832256870857,51.602746044967944,1.982931714466499
"FF","2023-09-10","93","-0.18","5.74","Morgan, Eli",621433,669212,,"swinging_strike",,,,,4,,"R","L","R","LAA","CLE","S",,,1,0,2023,"-0.89","1.55",-0.6555739870356578,2.8083098982429746,,,677941,1,8,"Bot",,,,,,,0.7291900300067112,-135.36749414626044,-5.1125779541215275,-11.02150217554292,32.27613656306216,-12.293992768932398,3.43,1.63,,,,"93.1",2309,"6.5",716633,666310,647304,665926,677588,672356,680757,664702,594777,"53.98",,,,,,,,60,2,"4-Seam Fastball",2,1,2,1,1,2,2,1,,,202,"-0.026","-0.053","69.6","6.4","1.090356144",,"0.053",,1,1,0.869,0.869,27,29,27,29,1,2,5,1,3,1,"1.11","0.89","-0.89","51.6",6.374813965394438,18.496822672061416,32.26388125070372,42.25008107525472,16.593868409770884
"SI","2023-04-23","93","1.69","5.42","Speier, Gabe",666185,642100,"truncated_pa","ball",,,,,12,,"R","R","L","SEA","STL","B",2,,0,1,2023,"1.49","0.59",1.4968319555091716,3.1463981097843696,,669357,571448,2,6,"Top",,,,,,,-3.7435852400390695,-135.48019001871583,-1.3648716570190615,19.148337237399065,30.00824140009354,-24.793326398607718,3.26726810202477,1.62933688435619,,,,"92.6",2083,"6",718450,663728,664034,543939,553993,641487,672284,677594,606192,"54.5",,,"0",0,0,0,,54,2,"Sinker",3,6,6,3,6,3,6,3,"Standard","Standard",131,"0.019","-0.257",,,,,"0.257",,-3,3,0.144,0.856,28,24,28,25,1,0,5,1,2,2,"2.04","1.49","-1.49","31.5",,,,,
"CH","2023-06-27","93","-1.75","5.94","Alcantara, Sandy",666152,645261,,"ball",,,,,13,,"R","L","R","BOS","MIA","B",,,2,2,2023,"-1.23","0.18",-0.7703054994921481,0.9466460504433938,,,571771,0,5,"Bot",,,,,,,5.200270701614748,-135.1789832607324,-7.36848751100784,-16.22380571127446,31.04700087345114,-28.468238330185866,3.3911126548818,1.47639146825983,,,,"92.6",1781,"6.3",717605,607732,643265,650333,516416,621563,650559,665862,660821,"54.24",,,,,,,,45,6,"Changeup",1,6,1,6,6,1,1,6,"Standard","Standard",236,"-0.034","0.088",,,,,"-0.088",,-5,-5,0.097,0.097,27,25,28,26,2,1,6,3,5,1,"2.47","1.23","-1.23","34.9",,,,,
"FF","2023-08-06","92.9","-0.77","6.31","Scholtens, Jesse",595956,669947,,"ball",,,,,13,,"R","R","R","CLE","CWS","B",,,0,0,2023,"-0.13","1.27",-0.09149189673413477,0.8082227512428386,,,664702,0,3,"Bot",,,,,,,2.041436142667466,-135.04794219389422,-11.277584766596304,-1.9645427414471697,24.96764707521822,-14.582055080986,3.33195813012198,1.52627716860149,,,,"94.5",2101,"6.9",717108,518735,657757,621545,660162,462101,572204,673357,693049,"53.56",,,,,,,,21,1,"4-Seam Fastball",0,2,0,2,2,0,0,2,"Standard","Standard",194,"-0.068","0.03",,,,,"-0.03",,-2,-2,0.372,0.372,29,30,29,31,1,0,5,5,6,3,"1.35","0.13","0.13","53.0",,,,,
"FF","2023-09-24","92.9","-2.31","5.6","Lynn, Lance",624424,458681,,"ball",,,,,11,,"R","L","R","LAD","SF","B",,,1,2,2023,"-0.63","1.26",-1.619325005504586,3.5482887606655096,,,642731,0,6,"Top",,,,,,,3.138310177940361,-135.37702457133767,-2.2675681978096613,-8.412994188078004,28.786950249224034,-16.311061462067457,3.25713831439172,1.59918955143122,,,,"93.1",2393,"6.3",716439,669257,518692,605141,571970,500743,621035,681546,518792,"54.23",,,,,,,,42,4,"4-Seam Fastball",2,2,2,2,2,2,2,2,"Infield shade","Standard",215,"0.076","0.045",,,,,"-0.045",,0,0,0.462,0.538,36,30,36,30,3,2,6,1,5,1,"1.36","0.63","-0.63","32.0",,,,,
"SI","2023-08-22","92.8","-1.55","5.05","Gray, Josiah",677592,680686,,"called_strike",,,,,6,,"R","R","R","NYY","WSH","S",,,0,0,2023,"-1.6","0.92",0.39066706145956775,2.612873279283252,,,683011,1,4,"Bot",,,,,,,8.491477415727365,-134.91624269559296,-2.472712743727207,-21.391698286035602,28.448312765992107,-20.57900786381853,3.31871842751116,1.56418111360101,,,,"93.2",2083,"6.5",716900,656180,608841,545121,666198,682928,656448,669743,657041,"53.99",,,,,,,,32,1,"Sinker",1,1,1,1,1,1,1,1,"Standard","Standard",217,"-0.052","-0.042",,,,,"0.042",,0,0,0.563,0.563,25,22,26,22,2,1,7,,6,1,"1.72","1.6","1.6","33.5",,,,,
"FF","2023-05-07","92.8","-1.78","5.82","Junis, Jakob",668930,596001,,"swinging_strike",,,,,11,,"R","L","R","SF","MIL","S",,,2,0,2023,"-1.46","0.51",-1.4533377045845008,2.644646757115929,,,605119,0,6,"Top",,,,,,,3.993749131615031,-135.0511434391803,-3.3950663852400025,-18.685476593305513,30.498782687892128,-25.45090572725437,3.31,1.52,,,,"92.1",1625,"5.9",718267,666165,664774,689172,527038,642731,571745,596103,624424,"54.57",,,,,,,,47,3,"4-Seam Fastball",2,5,5,2,5,2,5,2,"Standard","Standard",336,"0.033","-0.055",,,,,"0.055",,-3,3,0.114,0.886,30,23,31,24,1,2,8,1,5,1,"2.15","1.46","-1.46","32.1",,,,,
"FF","2023-09-30","92.8","-1.99","6.5","Gibson, Kyle",807799,502043,"truncated_pa","ball",,,,,12,,"R","L","R","BAL","BOS","B",2,,0,0,2023,"-0.35","1.44",0.24285801062826767,3.8531042636398034,646240,,457759,2,3,"Top",,,,,,,6.546476415989002,-135.02575560616563,-4.211852830475279,-5.6752660005019475,27.306940249344187,-13.831291633622026,3.24002903628007,1.43997205423943,,,,"94",2359,"6.9",716377,668939,663624,624428,602104,683002,543305,656775,656811,"53.63",,,"0",0,0,0,,19,1,"4-Seam Fastball",0,0,0,0,0,0,0,0,"Standard","Standard",207,"0.055","-0.299",,,,,"0.299",,0,0,0.5,0.5,35,29,36,30,2,1,6,2,10,1,"1.2","0.35","-0.35","52.5",,,,,
"FF","2023-08-22","92.8","-2.12","4.58","Díaz, Alexis",545341,664747,,"swinging_strike",,,,,2,,"R","R","R","LAA","CIN","S",,,1,1,2023,"-0.78","1.02",0.0907692823252535,3.1927240179465746,,,666160,1,9,"Bot",,,,,,,7.5536335048361645,-134.93940946685333,0.03381438185198471,-11.194375967215585,29.65330684930504,-19.929031337217296,3.16,1.51,,,,"95.1",2456,"7.7",716892,663886,458015,680574,682622,682829,668715,670770,686759,"52.84",,,,,,,,73,3,"4-Seam Fastball",3,4,3,4,4,3,3,4,"Standard","Standard",250,"-0.161","-0.055","72.1","6.9","0.333960756",,"0.055",,-1,-1,0.208,0.208,26,31,27,32,1,3,4,3,1,1,"1.63","0.78","0.78","9.6",6.683674472964853,17.464492941639286,19.54974447534037,36.20180385666295,21.563754836600353
"SI","2023-07-04","92.8","-1.22","6.29","Bielak, Brandon",545341,656232,,"ball",,,,,11,,"R","R","R","HOU","COL","B",,,1,1,2023,"-1.49","0.43",-1.455206531908145,3.246706489662607,,,666134,1,2,"Top",,,,,,,2.6347207840969986,-134.9240142899329,-2.772058747725822,-18.642469054656278,36.20869470869556,-26.516702185945423,3.1849752141163,1.43932498577704,,,,"90.6",2272,"5.5",717504,673237,547989,643289,608324,666197,676801,676694,663656,"54.99",,,,,,,,10,3,"Sinker",0,0,0,0,0,0,0,0,"Standard","Standard",214,"0.04","0.046",,,,,"-0.046",,0,0,0.499,0.501,27,31,27,32,1,0,17,2,5,1,"2.27","1.49","1.49","43.6",,,,,
"FF","2023-06-17","92.8","-1.74","5.62","Mayers, Mike",545361,594577,"truncated_pa","ball",,,,,11,,"R","R","R","KC","LAA","B",2,,0,2,2023,"-0.71","1.55",-0.09914265118709342,4.788757056687012,,,660271,2,5,"Top",,,,,,,5.746854850078186,-135.157169564046,0.2531025211352888,-9.918562613681564,29.0603402666472,-13.425834481399361,3.47541703766363,1.70077815886651,,,,"92.7",2375,"6.2",717726,521692,668472,670032,672580,677951,669392,671221,669004,"54.33",,,"0",0,0,0,,37,4,"4-Seam Fastball",2,4,4,2,4,2,4,2,"Standard","Standard",216,"0.011","-0.187",,,,,"0.187",,-2,2,0.278,0.722,31,31,32,32,3,2,6,1,,1,"1.09","0.71","0.71","42.6",,,,,
"SI","2023-04-26","92.8","-1.66","5.7","DeSclafani, Anthony",641933,543101,,"ball",,,,,12,,"R","R","R","SF","STL","B",,,0,2,2023,"-1.28","0.95",0.5320249447373329,3.5396998895852096,,,575929,1,6,"Top",,,,,,,8.474915109614178,-134.9381558498192,-1.8642320063881241,-17.406639400352745,27.479755872791994,-20.26093953904466,3.17888711663188,1.61627005377526,,,,"93.8",1945,"6.8",718423,666165,527038,681584,605204,642731,571745,596103,664774,"53.75",,,,,,,,51,3,"Sinker",3,2,2,3,2,3,2,3,"Infield shade","Standard",206,"0.054","0.023",,,,,"-0.023",,1,-1,0.674,0.32599999999999996,33,28,33,28,3,2,5,1,6,1,"1.68","1.28","1.28","40.5",,,,,
"FF","2023-06-15","92.8","-0.35","5.95","Pruitt, Austin",668227,643493,"truncated_pa","called_strike",,,,,2,,"R","R","R","ATH","TB","S",2,,0,0,2023,"-0.32","1.25",0.14868513992909937,3.52941697566216,,,677551,2,9,"Top",,,,,,,1.9604179811727709,-135.28402205810914,-3.197415556382718,-4.344822059913071,26.300723838653695,-16.27572420324175,3.57678840574109,1.58050982283277,,,,"92.3",2343,"5.6",717756,542208,676116,643393,607054,675656,667670,665923,668709,"54.85",,,"0",0,0,0,,74,1,"4-Seam Fastball",3,4,4,3,4,3,4,3,"Standard","Standard",203,"0.019","-0.286",,,,,"0.286",,-1,1,0.185,0.815,33,28,34,28,2,4,5,1,3,1,"1.36","0.32","0.32","59.0",,,,,
"FC","2023-06-29","92.8","-2.77","6.09","Jansen, Kenley",665862,445276,,"ball",,,,,14,,"R","L","R","BOS","MIA","B",,,0,0,2023,"0.4","1.32",1.2854287835033278,2.2949440385777207,,,641505,0,9,"Top",,,,,,,9.590317893462302,-134.74620880493654,-6.858984213657903,2.8368427614068015,28.848861629477508,-14.79019203330598,3.59828049544369,1.59487170094141,,,,"93.8",2639,"7",717569,657136,457759,624414,646240,666152,608701,594807,657077,"53.52",,,,,,,,60,1,"Cutter",0,1,1,0,1,0,1,0,"Standard","Standard",185,"0.038","0.03",,,,,"-0.03",,-1,1,0.141,0.859,35,25,36,25,1,3,5,1,2,1,"1.34","-0.4","0.4","43.5",,,,,
"SI","2023-07-15","92.8","1.67","6.02","Suarez, Ranger",673490,624133,,"ball",,,,,11,,"R","R","L","PHI","SD","B",,,2,2,2023,"1.1","0.44",-0.7048944925496416,3.3244703735839574,,,676946,1,5,"Top",,,,,,,-8.459105063536283,-134.97386908659365,-2.144512965513418,15.148241560501353,26.047347837372694,-26.462676476929108,3.17627942526229,1.4076133328759,,,,"93.3",1794,"6.3",717408,592663,656403,624641,664761,607208,669016,679032,592206,"54.17",,,,,,,,34,5,"Sinker",0,3,3,0,3,0,3,0,"Standard","Standard",145,"0.019","0.084",,,,,"-0.084",,-3,3,0.165,0.835,27,27,28,28,3,2,7,1,6,0,"2.18","1.1","-1.1","43.3",,,,,
"FF","2023-06-16","92.7","1.02","5.72","Shuster, Jared",553869,694363,,"ball",,,,,2,,"R","R","L","ATL","COL","B",,,1,1,2023,"0.53","1.04",-0.010463693078394454,3.3119610671586206,,,678662,1,1,"Top",,,,,,,-3.8454934432042363,-134.99998669093287,-2.7189440959806626,7.316194654953339,26.577138739266516,-18.985202384313013,3.19843424153473,1.50804527346487,,,,"94",1950,"6.8",717745,518595,621566,645277,663586,606115,592696,671739,660670,"53.68",,,,,,,,3,3,"4-Seam Fastball",0,0,0,0,0,0,0,0,"Infield shade","Standard",139,"0.038","0.046",,,,,"-0.046",,0,0,0.499,0.501,24,32,25,33,1,0,6,1,8,1,"1.59","0.53","-0.53","43.9",,,,,
"FF","2023-06-11","92.7","-1.29","5.66","Bieber, Shane",608324,669456,,"called_strike",,,,,9,,"R","R","R","CLE","HOU","S",,,1,1,2023,"-0.94","1.22",0.6681457149560442,2.064348904033654,,,667452,0,4,"Top",,,,,,,7.141253741815527,-134.73759711727348,-6.156210307644449,-12.990881555860453,27.18059357835013,-16.117952420533104,3.32875534104819,1.60439936528803,,,,"93.9",2310,"6.9",717802,595956,647304,665926,672356,642708,680757,664702,686823,"53.58",,,,,,,,25,3,"4-Seam Fastball",2,0,0,2,0,2,0,2,"Standard","Standard",215,"0.075","-0.059",,,,,"0.059",,2,-2,0.686,0.31399999999999995,28,29,28,29,2,1,5,1,6,2,"1.42","0.94","0.94","42.0",,,,,
"FF","2023-04-12","92.7","-1.1","5.89","Gibaut, Ian",621566,664139,,"called_strike",,,,,2,,"R","L","R","ATL","CIN","S",,,1,0,2023,"-0.28","1.49",0.25296764681078,3.16706505765333,,,660670,0,7,"Bot",,,,,,,4.144142098031781,-134.95762476098534,-4.4656312482384175,-4.366924023794221,30.527556601426323,-13.252671984717416,3.48254889903394,1.62750826836946,,,,"93.9",2219,"7.1",718601,571912,571976,663697,613564,676480,656413,670770,641584,"53.44",,,,,,,,59,2,"4-Seam Fastball",4,4,4,4,4,4,4,4,"Infield shade","Standard",201,"-0.103","-0.042",,,,,"0.042",,0,0,0.652,0.652,29,29,30,29,1,3,3,1,5,2,"1.17","0.28","-0.28","47.5",,,,,
"SI","2023-08-24","92.6","-2.7","5.56","Navarro, Edgar",669397,679346,,"swinging_strike",,,,,14,,"R","R","R","CWS","ATH","S",,,0,0,2023,"-1.43","0.29",0.44836661940353295,1.1285569570414238,,,681146,0,9,"Top",,,,,,,11.191000506762597,-134.33113419708826,-6.163911854828306,-19.65229189902546,27.56873621458359,-27.50520555061932,3,1.35,,,,"93.1",2102,"6.6",716864,686676,683734,672820,660162,641313,643217,673357,693049,"53.85",,,,,,,,71,1,"Sinker",5,8,8,5,8,5,8,5,"Standard","Standard",237,"0.009","-0.036","63.3","6.1","1.64097222",,"0.036",,-3,3,0.029,0.971,25,24,25,25,1,3,1,1,4,1,"2.37","1.43","1.43","29.9",-14.010235823201784,30.785364480964997,36.63075107816092,41.598505777277104,7.447999780669031
"FF","2023-04-27","92.6","2.77","4.97","Heaney, Andrew",643396,571760,"truncated_pa","ball",,,,,11,,"R","R","L","TEX","NYY","B",2,,0,1,2023,"1.18","1.16",-0.426754399745773,3.7734917715653045,,,672724,2,6,"Top",,,,,,,-10.770935908621402,-134.58456843484637,0.17863221225098247,16.57091967141151,26.90027909679502,-18.17974026568553,3.23,1.5,,,,"93.2",2396,"6.5",718397,506702,663993,543760,677649,669701,543257,665750,666969,"53.96",,,"0",0,0,0,,43,2,"4-Seam Fastball",0,3,3,0,3,0,3,0,"Standard","Standard",126,"0.01","-0.241",,,,,"0.241",,-3,3,0.153,0.847,32,28,32,28,3,2,5,1,6,2,"1.48","1.18","-1.18","31.9",,,,,
"SI","2023-09-24","92.6","-4.3","4.01","Cuas, Jose",663898,621016,,"ball",,,,,1,,"R","R","R","CHC","COL","B",,,1,0,2023,"-1.34","0.52",-0.3857109056959729,3.3219649069891317,,,686668,1,8,"Top",,,,,,,12.937218429966544,-134.11876521193344,2.969442287306791,-18.97179526040872,29.085023040603005,-26.785938092492085,3.29739390800773,1.60111753151675,,,,"92.7",2478,"6.6",716449,543228,641355,663538,670156,621020,664023,691718,673548,"53.88",,,,,,,,63,2,"Sinker",4,3,3,4,3,4,3,4,"Standard","Standard",255,"0.103","0.054",,,,,"-0.054",,1,-1,0.728,0.272,29,26,29,27,1,3,1,1,2,2,"2.16","1.34","1.34","0.0",,,,,
"FF","2023-05-22","92.6","-0.84","5.98","Scholtens, Jesse",664702,669947,,"ball",,,,,14,,"R","R","R","CLE","CWS","B",,,1,0,2023,"-0.27","1.61",1.0288483535149706,1.394816742488643,,672356,686823,1,2,"Bot",,,,,,,5.419779787161775,-134.5978889568801,-9.533402562621681,-4.4491908355011525,27.0964383520494,-10.75043461584339,3.52154762855389,1.56081057484688,,,,"93.8",2202,"6.9",718072,518735,683734,663853,660162,641313,643217,673357,657757,"53.6",,,,,,,,16,2,"4-Seam Fastball",0,0,0,0,0,0,0,0,"Standard","Standard",200,"-0.056","0.067",,,,,"-0.067",,0,0,0.599,0.599,29,28,29,29,1,0,41,1,5,2,"1.04","0.27","0.27","49.2",,,,,
"SI","2023-04-22","92.6","-1.21","5.18","Webb, Logan",596019,657277,,"called_strike",,,,,6,,"R","L","R","SF","NYM","S",,,1,0,2023,"-1.38","0.03",0.4987303320684704,2.2821066694588974,,,516782,1,3,"Top",,,,,,,7.465985978655328,-134.77887220763998,-1.7086977831582297,-18.407035621710232,26.602394571263858,-31.686035861200164,3.4300450336379,1.56633426882473,,,,"94",1777,"6.9",718478,663698,527038,642731,681584,543063,664774,671218,624424,"53.62",,,,,,,,26,2,"Sinker",6,2,2,6,2,6,2,6,"Standard","Standard",299,"0.034","-0.053",,,,,"0.053",,4,-4,0.853,0.14700000000000002,26,29,27,30,2,1,5,1,5,1,"2.61","1.38","-1.38","23.7",,,,,
"FF","2023-08-09","92.6","-2.2","5.81","Gausman, Kevin",657656,592332,"truncated_pa","called_strike",,,,,6,,"R","R","R","CLE","TOR","S",2,,0,0,2023,"-0.71","1.45",0.520918519665291,2.679469220976638,,,594777,2,4,"Bot",,,,,,,8.560895726179016,-134.53389768690826,-5.398956908344172,-10.402935092822466,27.440467527110773,-13.557477195208117,3.60862329993881,1.57625209103885,,,,"93.5",2255,"6.8",717060,672386,665489,676914,656305,657557,593160,662139,543807,"53.7",,,"0",0,0,0,,32,1,"4-Seam Fastball",0,1,0,1,1,0,0,1,"Standard","Standard",212,"-0.03","-0.286",,,,,"0.286",,-1,-1,0.392,0.392,32,28,32,29,2,1,6,1,7,1,"1.21","0.71","0.71","39.8",,,,,
"FF","2023-06-10","92.6","-2.37","5.42","Carlton, Drew",595777,656290,"truncated_pa","ball",,,,,11,,"R","L","R","COL","SD","B",2,,0,0,2023,"-0.81","0.65",-1.056772357846842,2.9323109483989747,,,686668,2,5,"Bot",,,,,,,5.129091619135229,-134.9121264622152,-2.0720127291674846,-10.956843876284834,25.188342035868597,-23.91709773354812,3.30771121841629,1.65897159295265,,,,"93.2",1943,"6.3",717819,543592,630105,673490,592518,593428,665742,663757,665487,"54.23",,,"0",0,0,0,,43,1,"4-Seam Fastball",2,1,2,1,1,2,2,1,"Standard","Standard",229,"-0.022","-0.286",,,,,"0.286",,1,1,0.682,0.682,27,30,28,30,1,2,3,1,5,1,"1.97","0.81","-0.81","26.5",,,,,
"FF","2023-08-12","92.6","-4.33","4.17","Cuas, Jose",656305,621016,"truncated_pa","ball",,,,,11,,"R","R","R","TOR","CHC","B",2,,1,2,2023,"-0.96","0.89",-0.27322612487618847,4.5890228598046,,,665489,2,7,"Bot",,,,,,,12.441786982199892,-134.238363180135,5.015271489199079,-14.330378583999593,29.52684769243068,-22.915697188961495,3.53464612275036,1.59509412754354,,,,"92.4",2416,"6.4",717026,543228,641355,663538,600869,621020,664023,643565,673548,"54.1",,,"0",0,0,0,,58,4,"4-Seam Fastball",4,4,4,4,4,4,4,4,"Standard","Standard",250,"-0.029","-0.207",,,,,"0.207",,0,0,0.529,0.529,29,30,29,30,1,3,3,1,4,6,"1.8","0.96","0.96","4.8",,,,,
"FF","2023-08-19","92.6","1.02","6.47","Irvin, Cole",680869,608344,,"ball",,,,,12,,"R","R","L","ATH","BAL","B",,,2,2,2023,"0.73","1.45",0.974119770406798,3.7633423975004656,,,665923,0,1,"Bot",,,,,,,-1.7403018719710117,-134.826664079334,-4.269770352619234,9.33083157371945,30.437920850370304,-13.822837685836326,3.30428774700878,1.51752974997764,,,,"92.8",2027,"6.4",716930,543510,663624,676059,683002,622761,669720,656775,663630,"54.07",,,,,,,,6,6,"4-Seam Fastball",0,0,0,0,0,0,0,0,"Standard","Standard",149,"-0.048","0.088",,,,,"-0.088",,0,0,0.578,0.578,29,23,29,24,1,0,7,1,6,1,"1.22","0.73","-0.73","47.3",,,,,
"FF","2023-09-08","92.6","2.07","5.24","Harrison, Kyle",453568,690986,"truncated_pa","called_strike",,,,,9,,"R","L","L","SF","COL","S",2,,0,0,2023,"1.13","1.27",0.45058056151566306,2.0056354214583454,,,656248,2,2,"Top",,,,,,,-6.616642956552561,-134.59819814100067,-5.240995006188758,15.125035879173941,28.729203516976284,-15.768621662816347,3.62951864517177,1.82824130264621,,,,"93.1",2174,"6.6",716668,663698,527038,669477,605204,657557,666165,682641,571745,"53.87",,,"0",0,0,0,,15,1,"4-Seam Fastball",0,3,3,0,3,0,3,0,"Infield shade","Standard",138,"0.014","-0.286",,,,,"0.286",,-3,3,0.239,0.761,21,36,22,37,2,1,6,3,5,1,"1.39","1.13","1.13","34.6",,,,,
"FF","2023-08-14","92.5","-1.53","5.68","Carrasco, Carlos",682848,471911,"truncated_pa","swinging_strike",,,,,1,,"R","L","R","NYM","PIT","S",2,,1,1,2023,"-0.71","0.81",-0.7734900272411361,3.135167459444465,663647,,680779,2,1,"Top",,,,,,,3.4888949638813096,-134.78173962713942,-2.50548275690962,-9.371838436155338,26.85447534418785,-21.947617024406448,3.16,1.52,,,,"93.2",2195,"6.5",717002,682626,624413,660620,668901,596019,607043,542364,643446,"54.04",,,"0",0,0,0,,6,3,"4-Seam Fastball",0,1,1,0,1,0,1,0,"Infield shade","Standard",226,"0.042","-0.286","66.6","5.9","0.167965368",,"0.286",,-1,1,0.406,0.594,36,23,36,23,1,0,6,1,6,2,"1.83","0.71","-0.71","29.8",-1.617778599470956,21.942396851486833,22.27177619618052,42.96842056100111,14.358931017165185
"FF","2023-04-14","92.5","-1.86","5.86","Overton, Connor",595909,656818,,"ball",,,,,11,,"R","L","R","CIN","PHI","B",,,0,2,2023,"-1.2","1.03",-0.4564350206776342,4.028453409726981,,,664761,0,2,"Top",,,,,,,6.173115497347473,-134.70930166379333,-1.1330099031448053,-15.889695857610377,28.29472307712928,-19.605253141937908,3.29963042114896,1.63761439645128,,,,"92.6",2111,"6.2",718586,663886,613564,663697,668715,676480,670770,669222,641584,"54.25",,,,,,,,12,3,"4-Seam Fastball",0,1,1,0,1,0,1,0,"Infield shade","Standard",228,"0.046","0.008",,,,,"-0.008",,-1,1,0.376,0.624,29,30,30,31,1,0,5,1,,1,"1.63","1.2","-1.2","36.3",,,,,
"FF","2023-06-18","92.5","-2.87","5.48","Marinaccio, Ron",622569,676760,,"ball",,,,,12,,"R","R","R","BOS","NYY","B",,,1,1,2023,"-0.82","1.47",0.8707190719458835,2.821406687489256,,,624512,0,6,"Bot",,,,,,,11.323544845441072,-134.20381863033538,-4.1812820744750425,-12.323474614258387,27.81385619285804,-13.605761003643666,3.43550809770732,1.69853729143487,,,,"92.6",2227,"6.4",717715,543309,519203,650402,518626,683011,641343,641856,665828,"54.07",,,,,,,,51,3,"4-Seam Fastball",4,1,4,1,1,4,4,1,"Standard","Standard",219,"-0.017","0.042",,,,,"-0.042",,3,3,0.922,0.922,27,29,28,30,1,2,4,2,6,1,"1.2","0.82","0.82","39.9",,,,,
"SI","2023-09-19","92.5","-2.3","5.1","Castillo, Luis",643393,622491,,"called_strike",,,,,1,,"R","L","R","ATH","SEA","S",,,0,0,2023,"-1.53","0.4",-0.37247290574474423,2.88244549390863,,,665923,0,3,"Bot",,,,,,,8.098068555246195,-134.6346036075177,-0.7813608270817547,-20.314989569858014,26.132699207917764,-27.307335096036795,3.16266789357574,1.58067977665233,,,,"91.5",2079,"5.5",716512,663728,664034,668942,553993,641487,672284,677594,606192,"55.04",,,,,,,,22,1,"Sinker",0,1,0,1,1,0,0,1,"Infield shade","Standard",238,"-0.075","-0.036",,,,,"0.036",,-1,-1,0.481,0.481,30,31,31,32,2,1,6,1,6,1,"2.24","1.53","-1.53","13.7",,,,,
"FF","2023-05-04","92.5","1.64","5.79","Rodriguez, Eduardo",592192,593958,"truncated_pa","called_strike",,,,,7,,"R","R","L","DET","NYM","S",2,,2,1,2023,"0.77","1.11",-0.6424535094156678,1.8886725610004325,,,502054,2,2,"Top",,,,,,,-7.458559840966518,-134.4928034625956,-6.591954002819903,10.856628756185069,25.7892865029431,-17.499520016613296,3.2399814687219,1.47337354682762,,,,"92.6",2253,"6.1",718318,668670,679529,628451,665155,595879,656716,682985,663837,"54.36",,,"0",0,0,0,,12,4,"4-Seam Fastball",2,0,0,2,0,2,0,2,"Infield shade","Standard",149,"0.024","-0.303",,,,,"0.303",,2,-2,0.723,0.277,30,34,30,34,1,0,5,1,6,2,"1.54","0.77","-0.77","38.1",,,,,
"FC","2023-05-04","92.5","-2.12","5.99","Underwood Jr., Duane",670623,621249,,"ball",,,,,3,,"R","R","R","TB","PIT","B",,,0,0,2023,"0.12","0.92",0.5750366820183566,3.365757183566072,,,666139,1,6,"Bot",,,,,,,6.61260587584071,-134.60158509236703,-2.894525949170881,0.1169735239767156,28.578121690971454,-20.569562011919828,3.26223930903118,1.5811513266648,,,,"92.9",2014,"6.5",718309,641511,467793,678225,663647,672779,668804,669261,656582,"54.05",,,,,,,,42,1,"Cutter",2,0,2,0,0,2,2,0,"Standard","Standard",205,"-0.023","0.036",,,,,"-0.036",,2,2,0.846,0.846,28,24,29,24,1,2,4,2,5,1,"1.74","-0.12","-0.12","44.3",,,,,
"FF","2023-04-23","92.5","-1.36","6.2","Giolito, Lucas",664040,608337,,"ball",,,,,1,,"R","L","R","TB","CWS","B",,,1,0,2023,"-0.48","1.85",-0.8184469959526932,3.020490390720627,,,668227,0,3,"Bot",,,,,,,2.4790244450259156,-134.64973034140976,-6.400095250677513,-6.42370587136831,29.500887655469505,-8.520308655515588,3.35563925741118,1.50844172084713,,,,"93.6",2209,"7",718457,664874,683734,672820,669394,462101,643217,673357,657757,"53.54",,,,,,,,23,2,"4-Seam Fastball",3,0,3,0,0,3,3,0,"Standard","Standard",199,"-0.027","0.055",,,,,"-0.055",,3,3,0.859,0.859,28,28,29,29,2,1,5,1,5,1,"0.82","0.48","-0.48","56.3",,,,,
"FF","2023-04-30","92.5","-1.53","5.54","Bassitt, Chris",664059,605135,"strikeout_double_play","called_strike",,,,,4,"Sam Haggerty called out on strikes and Taylor Trammell caught stealing 2nd, catcher Alejandro Kirk to shortstop Bo Bichette to catcher Alejandro Kirk.","R","L","R","TOR","SEA","S",2,,2,2,2023,"-0.58","1.31",-0.5197473334705656,2.0258680833011917,,,666211,1,4,"Top",,,,,,,3.8397646902320974,-134.56163760136712,-6.018330569720458,-7.830610147113821,29.977711480117982,-15.142834049142353,3.01150861433121,1.4458516960798,,,,"92.7",2136,"6.5",718363,672386,665489,669289,656305,666182,593160,662139,543807,"54.01",,0,"0",1,0,0,,36,5,"4-Seam Fastball",8,4,4,8,4,8,4,8,"Standard","Standard",222,"0.035","-0.23",,,,,"0.23",,4,-4,0.877,0.123,34,29,34,29,2,1,6,1,5,2,"1.36","0.58","-0.58","37.9",,,,,
"FF","2023-04-29","92.5","0.34","6.13","Thielbar, Caleb",664728,573204,"truncated_pa","called_strike",,,,,8,,"R","L","L","MIN","KC","S",2,,1,1,2023,"0.16","1.63",-0.01388870968416836,2.077020768460222,,,668472,2,6,"Top",,,,,,,-1.2495363921825104,-134.51192982015283,-8.055018179206213,2.18169581749976,30.495415630232316,-10.842186452215246,3.51323399353125,1.62558748289433,,,,"92.5",2274,"6.4",718378,680777,608336,593871,669304,621043,663616,572191,596146,"54.08",,,"0",0,0,0,,47,3,"4-Seam Fastball",1,1,1,1,1,1,1,1,"Infield shade","Standard",162,"0.034","-0.266",,,,,"0.266",,0,0,0.542,0.45799999999999996,36,26,36,26,1,2,1,1,3,3,"1.05","0.16","0.16","50.1",,,,,
"SI","2023-07-09","92.5","-2.7","4.53","Sandlin, Nick",677951,680704,,"called_strike",,,,,4,,"R","R","R","CLE","KC","S",,,1,1,2023,"-1.14","0.17",-0.6428587085617596,2.614118711892204,,,672580,1,7,"Top",,,,,,,7.73562282220502,-134.60855309270488,0.541095225854404,-15.54047443007244,27.908773668851943,-30.440659955116327,3.58524213134153,1.67044849856155,,,,"92.8",2017,"6.4",717434,595956,647304,665926,671289,642708,680757,664702,686823,"54.12",,,,,,,,53,3,"Sinker",1,4,4,1,4,1,4,1,,,240,"0.017","-0.055",,,,,"0.055",,-3,3,0.107,0.893,26,23,26,23,1,3,3,1,5,6,"2.48","1.14","1.14","13.7",,,,,
"SI","2023-09-24","92.5","-2.15","6.26","Gibson, Kyle",681807,502043,"truncated_pa","called_strike",,,,,2,,"R","R","R","CLE","BAL","S",2,,1,0,2023,"-0.99","0.46",0.2649399777096665,3.080904368981536,,,665926,2,7,"Bot",,,,,,,8.405043288238826,-134.57482659158617,-3.3855027047382795,-13.724774357715953,26.459238143476366,-26.043662130323185,3.36729008428047,1.6114031887346,,,,"93.8",2047,"6.8",716450,668939,656811,676059,683002,622761,669720,656775,623993,"53.66",,,"0",0,0,0,,61,2,"Sinker",1,5,1,5,5,1,1,5,"Standard","Standard",209,"-0.016","-0.316",,,,,"0.316",,-4,-4,0.052,0.052,35,27,36,28,3,2,5,2,6,,"2.18","0.99","0.99","47.9",,,,,
"SI","2023-09-05","92.5","-2.09","6.12","Eflin, Zach",457759,621107,,"called_strike",,,,,1,,"R","R","R","TB","BOS","S",,,0,1,2023,"-1.09","0.95",-0.5247658539701074,2.891202503976486,,,678882,1,1,"Top",,,,,,,6.406230561471465,-134.5339147815155,-4.525529345145506,-14.636583967208187,28.923586769229605,-19.874989489305943,3.4199977030478,1.62510407927056,,,,"93.1",2079,"6.6",716716,650907,650490,664040,670623,660644,668227,642350,666139,"53.87",,,,,,,,3,2,"Sinker",0,0,0,0,0,0,0,0,"Infield shade","Standard",222,"0.04","-0.053",,,,,"0.053",,0,0,0.502,0.498,29,38,29,39,1,0,6,1,5,1,"1.72","1.09","1.09","37.4",,,,,
"FF","2023-04-08","92.5","-1.99","5.67","Tepera, Ryan",656305,572193,,"called_strike",,,,,11,,"R","R","R","LAA","TOR","S",,,0,0,2023,"-0.23","1.49",-0.8895116818764008,3.439348689926558,,,666182,1,7,"Top",,,,,,,3.3089359257713693,-134.5499323231106,-3.0628733126125653,-3.563782385782426,32.50041657942945,-13.740256413206335,3.565250239761,1.74245998527878,,,,"92",2431,"6.3",718657,642136,592273,650859,543685,570482,621493,545361,592669,"54.23",,,,,,,,58,1,"4-Seam Fastball",7,5,5,7,5,7,5,7,"Standard","Standard",202,"0.066","-0.042",,,,,"0.042",,2,-2,0.809,0.19099999999999995,35,30,36,30,1,3,5,1,1,1,"1.2","0.23","0.23","37.3",,,,,
"FF","2023-07-09","92.5","1.79","6.46","Chafin, Andrew",467793,605177,"truncated_pa","called_strike",,,,,4,,"R","R","L","AZ","PIT","S",2,,0,0,2023,"0.79","1.39",-0.44332723339947266,2.7491583509376634,,,680779,2,8,"Top",,,,,,,-7.450529118614841,-134.40583015492277,-6.723030309883639,11.15346600344517,28.434448831109986,-13.984971481003067,3.53801644864078,1.63984404121871,,,,"92.9",2210,"6.5",717425,608348,572233,606466,656896,672695,682998,677950,664983,"53.95",,,"0",0,0,0,,57,1,"4-Seam Fastball",2,3,3,2,3,2,3,2,"Standard","Standard",142,"0.025","-0.286",,,,,"0.286",,-1,1,0.283,0.7170000000000001,33,37,33,37,1,3,1,1,6,5,"1.27","0.79","-0.79","54.9",,,,,
"SL","2023-04-05","92.4","0.69","6.17","McClanahan, Shane",608841,663556,"truncated_pa","ball",,,,,13,,"R","R","L","WSH","TB","B",2,,1,2,2023,"-0.15","0.29",-1.5897583368987442,2.4549849177662795,,,669743,2,3,"Bot",,,,,,,-5.562198091162156,-134.60691559231066,-4.400830760981574,-0.7409071683338927,25.872326992126045,-27.960275276099168,3.48621359439829,1.68518087950699,,,,"94.3",2349,"7.1",718704,642336,650490,670764,670623,677551,668227,642350,622534,"53.44",,,"0",0,0,0,,27,4,"Slider",1,3,1,3,3,1,1,3,"Standard","Standard",236,"-0.018","-0.207",,,,,"0.207",,-2,-2,0.289,0.289,26,31,26,31,2,1,6,1,6,1,"2.35","-0.15","0.15","43.8",,,,,
"FC","2023-06-05","92.4","-1.75","5.87","Holderman, Colin",676116,670059,,"called_strike",,,,,6,,"R","L","R","PIT","ATH","S",,,0,0,2023,"0.11","0.51",0.348873803400734,2.5922214564043244,,,665923,0,9,"Top",,,,,,,5.140076013500822,-134.65643676893515,-3.7368660862724217,0.35114562045747244,26.030672467470787,-25.38756275497556,3.41761716264927,1.60913400880153,,,,"93.4",2440,"6.6",717884,595978,467793,666801,663647,672779,668804,678225,669261,"53.95",,,,,,,,76,1,"Cutter",5,4,4,5,4,5,4,5,"Standard","Standard",207,"0.198","-0.036",,,,,"0.036",,1,-1,0.718,0.28200000000000003,27,27,28,27,1,4,2,1,5,1,"2.13","-0.11","0.11","32.2",,,,,
"FF","2023-04-21","92.4","1.25","4.89","Sears, JP",669352,676664,,"called_strike",,,,,5,,"R","R","L","TEX","ATH","S",,,0,0,2023,"1.43","1.08",-0.04531808998993747,2.029356351663172,,,677649,0,4,"Bot",,,,,,,-6.438113053856276,-134.42323951443356,-3.7904111480585008,18.770542369547858,30.437857381975505,-18.479263632667845,2.6687240767561,1.3354737287754,,,,"92.3",2138,"6.3",718490,669127,676116,649557,607054,675656,643393,665923,668843,"54.16",,,,,,,,34,1,"4-Seam Fastball",4,1,4,1,1,4,4,1,"Standard","Standard",129,"-0.027","-0.036",,,,,"0.036",,3,3,0.876,0.876,27,25,27,25,2,1,5,2,6,1,"1.6","1.43","-1.43","23.7",,,,,
"FF","2023-09-26","92.4","-2.17","5.46","Rea, Colin",691026,607067,"strikeout_double_play","swinging_strike",,,,,3,"Masyn Winn strikes out swinging and Jose Fermin caught stealing 2nd, catcher William Contreras to second baseman Andruw Monasterio to catcher William Contreras.","R","R","R","MIL","STL","S",2,,3,2,2023,"-0.23","0.93",0.4503545066912643,3.2239877610655876,,,665877,1,9,"Top",,,,,,,7.245149849392115,-134.5992796934568,-2.013309369059773,-4.197401892309726,25.609311832144694,-20.524996669495565,3.44,1.59,,,,"93.6",2173,"6.7",716423,661388,467793,655316,518626,642715,592885,686217,621438,"53.81",,0,"0",1,0,0,,67,6,"4-Seam Fastball",1,4,4,1,4,1,4,1,"Standard","Standard",204,"0.01","-0.314","68.3","6.4","0.421827828",,"0.314",,-3,3,0.033,0.967,32,21,33,21,1,3,7,2,3,1,"1.7","0.23","0.23","32.2",-2.56143417293216,25.17274433691818,24.34888266816281,38.51188185427313,17.949969806695705
"SI","2023-05-31","92.4","-2.31","5.86","Eflin, Zach",670156,621107,,"called_strike",,,,,8,,"R","L","R","CHC","TB","S",,,0,0,2023,"-1.07","0.36",0.05571168314032526,1.9755007313531217,,,621550,1,2,"Bot",,,,,,,8.40044339964912,-134.45931046340007,-4.952364388963047,-14.714295074456903,25.271234402915322,-27.026053892607617,2.97137218487212,1.56039032387823,,,,"93.4",2184,"6.6",717950,542194,650490,664040,670623,670764,668227,642350,622534,"53.89",,,,,,,,15,1,"Sinker",2,0,2,0,0,2,2,0,"Infield shade","Standard",221,"-0.03","-0.042",,,,,"0.042",,2,2,0.749,0.749,29,27,29,28,1,0,6,2,6,3,"2.29","1.07","-1.07","31.3",,,,,
"FF","2023-06-23","92.4","-1.66","5.99","Eflin, Zach",680118,621107,"truncated_pa","ball",,,,,11,,"R","R","R","TB","KC","B",2,,1,2,2023,"-0.41","1.16",-0.36977307376048246,3.793757086191105,,,671221,2,4,"Top",,,,,,,4.217999829294204,-134.52855242449343,-2.2825948418964996,-5.978560259276565,30.708288268416293,-17.890512299561955,3.49256495827786,1.67887777533846,,,,"92.7",2189,"6.5",717649,542194,623912,660644,670623,670764,668227,642350,622534,"53.97",,,"0",0,0,0,,31,5,"4-Seam Fastball",3,3,3,3,3,3,3,3,"Standard","Standard",219,"0.02","-0.207",,,,,"0.207",,0,0,0.54,0.45999999999999996,29,30,29,30,2,1,6,1,5,2,"1.52","0.41","0.41","36.0",,,,,
"SI","2023-07-09","92.4","-2.61","4.35","Sandlin, Nick",666023,680704,,"called_strike",,,,,5,,"R","R","R","CLE","KC","S",,,1,0,2023,"-1.41","0.31",0.2419250286813044,2.104596137846998,,,680118,1,8,"Top",,,,,,,10.298984542999438,-134.24685123651167,-0.5968454819844218,-19.227049157826634,28.196783032350286,-28.456139734311886,3.21559816783668,1.5055421135461,,,,"92.4",2162,"6.3",717434,681807,647304,665926,671289,642708,680757,664702,686823,"54.22",,,,,,,,59,2,"Sinker",1,4,4,1,4,1,4,1,"Standard","Standard",242,"0.014","-0.053",,,,,"0.053",,-3,3,0.07,0.9299999999999999,26,28,26,28,1,3,3,1,5,6,"2.36","1.41","1.41","9.0",,,,,
"FF","2023-04-17","92.4","-1.81","5.58","Martinez, Adrián",543228,661309,,"ball",,,,,12,,"R","R","R","ATH","CHC","B",,,0,2,2023,"-1.35","0.68",1.2740888055332287,3.221008344211097,,,641355,0,7,"Top",,,,,,,10.68513937498188,-134.25381758406107,-1.6684300204401383,-18.556431094589186,27.17402738847994,-23.811607087642862,3.31682239001459,1.55413766451522,,,,"91.8",1912,"5.9",718536,669127,676116,643393,649557,675656,667670,665923,668843,"54.64",,,,,,,,57,3,"4-Seam Fastball",1,6,6,1,6,1,6,1,"Standard","Standard",244,"0.006","0.008",,,,,"-0.008",,-5,5,0.03,0.97,26,35,27,36,1,3,4,1,5,1,"1.99","1.35","1.35","19.1",,,,,
"FF","2023-09-03","92.3","0.52","5.83","Thompson, Zack",669261,668868,,"called_strike",,,,,2,,"R","L","L","STL","PIT","S",,,0,0,2023,"0.36","1.09",-0.2330439698521093,3.371914771365975,,,678894,1,2,"Top",,,,,,,-2.7521730741535437,-134.4907298213501,-2.8677646929096907,4.988580646805434,28.688613862254805,-18.55052835528209,3.47311137531013,1.65817580164381,,,,"93.9",1792,"7.1",716733,668800,676475,669357,571448,669242,680700,663457,691023,"53.38",,,,,,,,13,1,"4-Seam Fastball",0,1,1,0,1,0,1,0,"Standard","Standard",152,"0.039","-0.042",,,,,"0.042",,-1,1,0.395,0.605,25,24,26,25,1,0,5,1,6,1,"1.58","0.36","0.36","54.9",,,,,
"SI","2023-04-29","92.3","2.2","6.23","Corbin, Patrick",668804,571578,,"ball",,,,,13,,"R","R","L","WSH","PIT","B",,,2,2,2023,"1.35","0.74",-0.8378720106275004,1.8508917547989219,,,663647,1,5,"Top",,,,,,,-10.76414323142607,-133.86591523717897,-6.973735245411549,18.531993121004216,28.229314902250493,-21.891284990769595,3.06411603934426,1.44735227573725,,,,"93.2",2082,"7",718383,656180,642086,671277,600869,682928,656448,669743,657041,"53.55",,,,,,,,38,5,"Sinker",2,2,2,2,2,2,2,2,"Standard","Standard",138,"0.047","0.084",,,,,"-0.084",,0,0,0.503,0.497,33,28,34,28,3,2,6,2,5,0,"1.95","1.35","-1.35","36.8",,,,,
"FC","2023-07-09","92.3","-2.44","6.05","Jansen, Kenley",668709,445276,,"ball",,,,,11,,"R","L","R","BOS","ATH","B",,,0,0,2023,"0.44","1.02",-1.1988997490458067,3.8463119823732743,,,669397,0,9,"Top",,,,,,,2.2429534839694614,-134.5613268745307,-2.0761260191591195,4.869679045527941,27.470209945815085,-19.4770156416405,3.52150539038081,1.75497472878315,,,,"93.8",2359,"6.9",717435,657136,457759,624414,646240,644374,680776,594807,657077,"53.59",,,,,,,,77,1,"Cutter",4,3,3,4,3,4,3,4,"Infield shade","Standard",167,"0.182","0.03",,,,,"-0.03",,1,-1,0.718,0.28200000000000003,35,25,36,26,1,4,4,1,5,5,"1.63","-0.44","0.44","48.2",,,,,
"FF","2023-07-23","92.2","-3.01","4.33","Sandlin, Nick",595909,680704,"truncated_pa","swinging_strike",,,,,4,,"R","L","R","CLE","PHI","S",2,,0,1,2023,"-0.79","0.72",-0.575624959720282,2.6261214077671147,,,669016,2,6,"Top",,,,,,,7.9180825828994745,-134.16597121371814,-0.1451572401441812,-11.057267018488677,24.298502984877793,-23.544349957078737,3.22,1.6,,,,"93",2386,"6.4",717283,595956,605137,665926,608070,671289,680757,686823,681807,"54.07",,,"0",0,0,0,,47,2,"4-Seam Fastball",3,4,4,3,4,3,4,3,"Standard","Standard",245,"0.022","-0.241","68.8","6.1","2.066328996",,"0.241",,-1,1,0.374,0.626,26,30,26,31,1,2,2,1,3,1,"1.93","0.79","-0.79","7.2",-6.222146318588098,31.88735678999464,36.228404459769855,46.43006942584462,10.112769458886664
"FF","2023-10-01","92.2","-2.16","6.63","Mikolas, Miles",669222,571945,"strikeout_double_play","swinging_strike",,,,,11,"Nick Senzel strikes out swinging and Will Benson caught stealing 2nd, catcher Andrew Knizner to second baseman Irving Lopez to catcher Andrew Knizner.","R","R","R","STL","CIN","S",2,,1,2,2023,"-0.58","1.26",-0.5993539004605563,3.598678945354811,,,666181,1,2,"Top",,,,,,,5.212249925824044,-134.20927273156425,-4.6412564397038825,-8.163910806584136,28.157907261029237,-16.07173715637049,3.08,1.44,,,,"92.1",2173,"6.1",716353,668800,663609,676761,665877,691026,680700,669242,691023,"54.39",,0,"0",1,0,0,,11,7,"4-Seam Fastball",0,1,1,0,1,0,1,0,"Standard","Standard",208,"0.04","-0.183","70.1","7.4","0.247492056",,"0.183",,-1,1,0.403,0.597,34,28,35,28,1,0,5,1,,,"1.41","0.58","0.58","47.6",18.415818653446465,-18.191776979613728,26.980899475409025,30.704030901435935,24.51660372619289
"SI","2023-05-31","92.2","-2.34","5.91","Eflin, Zach",670223,621107,"truncated_pa","ball",,,,,11,,"R","L","R","CHC","TB","B",2,,2,0,2023,"-1.05","0.47",-1.5450507083135467,3.26402458442847,,,643565,2,1,"Bot",,,,,,,4.318250194538276,-134.3271422935911,-2.043548725970006,-13.706830594844146,24.46846400857434,-26.182430009840864,3.53400038329731,1.56039032387823,,,,"93.2",1977,"6.5",717950,542194,650490,664040,670623,670764,668227,642350,622534,"54.02",,,"0",0,0,0,,9,3,"Sinker",2,0,2,0,0,2,2,0,"Infield shade","Standard",221,"-0.02","-0.353",,,,,"0.353",,2,2,0.718,0.718,29,25,29,25,1,0,6,2,6,3,"2.17","1.05","-1.05","30.2",,,,,
"FF","2023-09-23","92.2","-1.47","5.99","France, J.P.",680418,641585,,"ball",,,,,14,,"R","R","R","HOU","KC","B",,,0,2,2023,"-0.25","1.36",1.9651675863915306,1.716774888404633,686681,,671221,0,2,"Top",,,,,,,9.19813607526176,-133.80505403443328,-7.890897453541591,-5.011018901927646,29.83766090763029,-14.261761060534782,3.32471640138041,1.56021358745647,,,,"91.4",2482,"6",716455,673237,547989,514888,608324,665161,676801,676694,663656,"54.46",,,,,,,,11,3,"4-Seam Fastball",0,1,1,0,1,0,1,0,"Standard","Standard",203,"0.062","0.025",,,,,"-0.025",,-1,1,0.306,0.694,28,27,28,28,1,0,7,4,23,,"1.34","0.25","0.25","43.6",,,,,
"FF","2023-06-26","92.2","-0.92","6.19","Wong, Jake",663630,673858,,"swinging_strike",,,,,12,,"R","R","R","BAL","CIN","S",,,1,0,2023,"-0.35","1.04",0.40390915040867764,3.5787274573648524,,,676059,1,7,"Bot",,,,,,,4.15888175444202,-134.33657561816835,-3.120810731824839,-5.123879970893015,28.276400657474703,-19.071788778164887,3.3,1.56,,,,"93",1686,"6.6",717611,592200,621028,663697,682829,680574,668715,670770,669222,"53.88",,,,,,,,64,2,"4-Seam Fastball",7,3,7,3,3,7,7,3,"Standard","Standard",211,"-0.005","-0.053",,,,,"0.053",,4,4,0.971,0.971,26,26,27,26,1,3,,2,,1,"1.63","0.35","0.35","52.2",,,,,
"FF","2023-08-15","92.1","-1.29","5.88","Ober, Bailey",679529,641927,"truncated_pa","ball",,,,,12,,"R","R","R","MIN","DET","B",2,,0,1,2023,"-0.4","1.22",0.39178609906139594,3.960745875323298,,,668731,2,1,"Top",,,,,,,5.246405766330965,-134.2315487386614,-1.8368449484303795,-5.822412414291616,24.414658318829332,-17.029285460373664,3.39246871754109,1.56353604543941,,,,"94.5",2195,"7.2",716983,680777,608336,593871,668904,621043,670242,572191,596146,"53.26",,,"0",0,0,0,,4,2,"4-Seam Fastball",0,0,0,0,0,0,0,0,"Standard","Standard",213,"0.019","-0.241",,,,,"0.241",,0,0,0.529,0.471,27,23,28,24,1,0,6,2,7,1,"1.42","0.4","0.4","32.5",,,,,
"FF","2023-07-24","92.1","-1.01","6.69","Stripling, Ross",668670,548389,"truncated_pa","called_strike",,,,,3,,"R","R","R","DET","SF","S",2,,0,0,2023,"-0.35","1.34",0.31635355191579906,3.3762579378184636,,,668731,2,2,"Bot",,,,,,,4.092169338441437,-134.12617657552642,-5.50966023932113,-5.026035427839747,26.91149986984674,-14.984270913577806,3.50893752114878,1.58625544415991,,,,"91.9",2228,"6",718558,672275,664774,681584,605204,669477,596103,682641,624424,"54.55",,,"0",0,0,0,,16,1,"4-Seam Fastball",1,0,1,0,0,1,1,0,"Standard","Standard",208,"-0.02","-0.286",,,,,"0.286",,1,1,0.632,0.632,33,28,34,28,1,0,5,2,6,1,"1.33","0.35","0.35","62.1",,,,,
"FF","2023-09-20","92.1","-1.37","6.42","Giolito, Lucas",669004,608337,"truncated_pa","called_strike",,,,,13,,"R","L","R","KC","CLE","S",2,,0,0,2023,"-0.66","1.25",-1.042729842943972,2.4410091491618378,,,677951,2,4,"Bot",,,,,,,2.262102921806212,-134.0988054909906,-7.062756454060262,-8.428407389874586,26.602612754757423,-15.830516447307035,3.33916380373898,1.69884366023768,,,,"93.1",2170,"6.6",716505,595956,594777,665926,608070,677588,686823,664702,657656,"53.86",,,"0",0,0,0,,38,1,"4-Seam Fastball",4,2,4,2,2,4,4,2,"Infield shade","Standard",202,"-0.016","-0.286",,,,,"0.286",,2,2,0.767,0.767,28,24,29,25,3,2,5,1,6,2,"1.42","0.66","-0.66","50.9",,,,,
"FF","2023-07-26","92.1","-1.27","5.89","Middleton, Keynan",666624,641871,,"ball",,,,,12,,"R","R","R","CWS","CHC","B",,,0,1,2023,"-0.34","1.38",1.4626953624829941,2.733549015407007,,,673548,1,8,"Top",,,,,,,7.784172031718635,-133.87884482161016,-5.247472572418678,-5.69832232741757,26.969446507786735,-14.654757405235477,3.50893915136302,1.5824434967552,,,,"93.5",2293,"7",717240,664874,683734,669394,660162,641313,643217,673357,693049,"53.46",,,,,,,,77,2,"4-Seam Fastball",7,10,10,7,10,7,10,7,"Standard","Standard",213,"0.012","0.025",,,,,"-0.025",,-3,3,0.072,0.928,29,24,30,24,1,4,4,1,3,1,"1.3","0.34","0.34","39.6",,,,,
"SL","2023-07-19","92.1","-1.72","5.91","Speas, Alex",677551,666208,"strikeout_double_play","swinging_strike",,,,,14,"Wander Franco strikes out swinging and Manuel Margot caught stealing 2nd, catcher Jonah Heim to shortstop Corey Seager to catcher Jonah Heim.","R","L","R","TEX","TB","S",2,,3,2,2023,"0.38","0.06",0.07879430281635108,1.377534159643322,,,622534,1,7,"Top",,,,,,,3.756896966474612,-134.10308710836355,-5.822291293972631,3.761503234732152,28.727435923922513,-30.357187729371322,3.39,1.55,,,,"92.2",2531,"6.3",717346,641680,663993,543760,673962,608369,608671,665750,666969,"54.22",,0,"0",1,0,0,,51,6,"Slider",1,0,0,1,0,1,0,1,"Infield shade","Standard",125,"0.114","-0.314","74.5","7.1","1.269047484",,"0.314",,1,-1,0.675,0.32499999999999996,25,22,25,22,1,0,,1,2,1,"2.62","-0.38","0.38","37.2",10.03440947808317,-0.8050336776938346,32.27519452014932,39.07094063875046,31.418715989772046
"SI","2023-07-15","92.1","1.87","6.4","Chafin, Andrew",666182,605177,"truncated_pa","called_strike",,,,,6,,"R","R","L","TOR","AZ","S",2,,0,1,2023,"1.22","1.19",0.5300498301785339,2.592266647819817,,,543807,2,7,"Bot",,,,,,,-6.109381887245963,-133.81242340964835,-6.394741378523572,16.00614259348502,31.54128814924589,-16.638292427906634,3.64489002599028,1.75077088334514,,,,"92.3",2173,"6.7",717404,608348,572233,606466,656896,672695,682998,677950,664983,"53.79",,,"0",0,0,0,,56,2,"Sinker",3,2,3,2,2,3,3,2,"Standard","Standard",146,"-0.017","-0.241",,,,,"0.241",,1,1,0.762,0.762,33,25,33,25,1,3,6,1,7,1,"1.52","1.22","-1.22","51.8",,,,,
"FC","2023-05-14","92.1","-1.77","5.48","Schmidt, Clarke",670764,657376,,"ball",,,,,8,,"R","L","R","NYY","TB","B",,,1,0,2023,"0.32","0.4",0.05283681580035354,1.5610620594297306,,,666139,0,4,"Top",,,,,,,3.923116165814751,-134.2042336272274,-5.021251538393982,3.10765209408606,26.854109484470385,-26.48122442112072,3.39211930015518,1.35680107230981,,,,"91.9",2867,"5.9",718180,624431,519203,665828,518934,683011,641343,664056,592450,"54.58",,,,,,,,28,2,"Cutter",4,3,3,4,3,4,3,4,"Standard","Standard",166,"0.073","0.055",,,,,"-0.055",,1,-1,0.569,0.43100000000000005,27,26,27,27,2,1,5,1,5,3,"2.26","-0.32","0.32","39.0",,,,,
"FF","2023-05-02","92.1","-1.29","6.11","Brown, Hunter",592626,686613,,"ball",,,,,2,,"R","L","R","HOU","SF","B",,,2,0,2023,"-0.43","1.29",0.26911842518199514,3.6320253860207123,,,642731,0,4,"Top",,,,,,,4.945283628996341,-134.11505569303165,-3.290603660596018,-6.320946902668703,29.470717626229078,-16.08530352981453,3.53509596732449,1.78264681633308,,,,"93",2159,"6.8",718337,673237,547989,643289,608324,665161,667452,676694,663656,"53.71",,,,,,,,22,3,"4-Seam Fastball",0,1,1,0,1,0,1,0,"Infield shade","Standard",211,"0.06","0.116",,,,,"-0.116",,-1,1,0.325,0.675,24,31,25,31,2,1,6,1,6,1,"1.39","0.43","-0.43","50.6",,,,,
"SI","2023-08-02","92","-2.05","5.47","Ramírez, Erasmo",666163,541640,"truncated_pa","ball",,,,,11,,"R","L","R","NYY","TB","B",2,,0,1,2023,"-1.24","0.39",-1.1331635596289358,3.101647886207277,518934,,683011,2,6,"Bot",,,,,,,5.0324762327337735,-133.90270643572953,-1.0177859635974889,-16.002325417187947,28.827685280046207,-27.490790900199126,3.23413861017945,1.4797143970608,,,,"92.2",2225,"6.4",717160,650907,650490,664040,670623,677551,666139,642350,622534,"54.13",,,"0",0,0,0,,49,2,"Sinker",5,2,5,2,2,5,5,2,"Infield shade","Standard",216,"-0.015","-0.246",,,,,"0.246",,3,3,0.908,0.908,33,25,33,26,2,2,3,2,4,1,"2.3","1.24","-1.24","36.4",,,,,
"FF","2023-07-18","92","1.83","5.69","Murphy, Chris",669397,669684,"truncated_pa","ball",,,,,11,,"R","R","L","ATH","BOS","B",2,,0,1,2023,"0.57","1.16",-0.9797825002818578,3.3264302875424643,,,669127,2,6,"Bot",,,,,,,-8.336362011981523,-133.81063761285958,-2.6784231971358343,8.624263935245843,27.098354285725478,-17.83395837548426,3.1010047831762,1.36176476065915,,,,"92",2188,"6.2",717349,595751,671213,624414,457759,644374,608701,680776,657077,"54.34",,,"0",0,0,0,,49,2,"4-Seam Fastball",3,0,3,0,0,3,3,0,"Standard","Standard",158,"-0.008","-0.241",,,,,"0.241",,3,3,0.901,0.901,25,24,25,25,2,2,9,1,5,1,"1.52","0.57","-0.57","50.5",,,,,
"SI","2023-09-17","92","-0.75","5.57","Gray, Sonny",683734,543243,"strikeout_double_play","swinging_strike",,,,,11,"Andrew Vaughn strikes out swinging and Andrew Benintendi caught stealing 2nd, catcher Ryan Jeffers to second baseman Jorge Polanco to catcher Ryan Jeffers.","R","R","R","CWS","MIN","S",2,,3,2,2023,"-0.79","0.62",-0.8770664182947198,3.531035165868679,,,643217,1,1,"Bot",,,,,,,1.4026361554754105,-134.00518469424264,-0.7004712499518263,-9.845087963075345,28.61474847126249,-24.717034837971333,3.3,1.56,,,,"93",2356,"6.8",716542,680777,666397,593871,571657,621043,650489,664057,670242,"53.71",,0,"0",1,0,0,,7,7,"Sinker",0,0,0,0,0,0,0,0,"Standard","Standard",199,"-0.056","-0.314","71.9","7.0","0.370300956",,"0.314",,0,0,0.556,0.556,33,25,34,25,1,0,6,1,6,1,"2.06","0.79","0.79","49.9",13.097998078185613,-4.104386144076046,20.663646486520808,24.31006364279356,29.978091097005933
"FF","2023-06-17","92","-1.28","6.22","Giolito, Lucas",676609,608337,,"called_strike",,,,,14,,"R","R","R","SEA","CWS","S",,,3,1,2023,"-0.29","1.3",0.9497613185573398,1.7812920170324216,,,664238,1,2,"Bot",,,,,,,6.405344077547771,-133.64972023893336,-8.370773928953584,-4.823225791359653,28.989075805971424,-14.962514763201874,2.88158707611692,1.28130539064367,,,,"93.8",1986,"7.4",717722,664874,683734,462101,669394,641313,643217,673357,657757,"53.06",,,,,,,,17,5,"4-Seam Fastball",2,1,2,1,1,2,2,1,"Standard","Standard",209,"-0.048","-0.069",,,,,"0.069",,1,1,0.671,0.671,28,26,29,27,1,0,6,1,6,3,"1.4","0.29","0.29","52.6",,,,,
"FF","2023-06-20","92","-2.13","5.71","Davis, Noah",663697,663562,"truncated_pa","ball",,,,,9,,"R","R","R","CIN","COL","B",2,,1,0,2023,"-0.62","1.17",0.5188087784724017,1.5561433186060518,,,680574,2,2,"Bot",,,,,,,8.020243371738834,-133.61875084657913,-7.20197093830725,-9.164061689194883,27.913036788515697,-16.734719176974608,3.35755453283274,1.50907406814562,,,,"91.6",2418,"6.1",717685,553869,519058,663796,641857,605612,595777,686668,666134,"54.44",,,"0",0,0,0,,20,2,"4-Seam Fastball",3,1,3,1,1,3,3,1,"Standard","Standard",222,"-0.018","-0.316",,,,,"0.316",,2,2,0.73,0.73,26,26,26,27,2,1,52,1,4,1,"1.52","0.62","0.62","26.4",,,,,
"SI","2023-08-19","92","-2.1","6.43","Mikolas, Miles",596019,571945,,"ball",,,,,12,,"R","L","R","STL","NYM","B",,,0,1,2023,"-1.13","0.79",1.3829520049556623,3.5753001792082997,,,607043,1,3,"Top",,,,,,,11.23737143246254,-133.59077486808465,-3.1070285651772367,-15.92221807649333,28.02370672644767,-22.21652973186189,3.2008998814882,1.42590244719118,,,,"91.8",1981,"6.2",716940,668800,502671,669242,571448,691026,641933,680700,676475,"54.26",,,,,,,,18,2,"Sinker",0,1,1,0,1,0,1,0,"Infield shade","Strategic",216,"0.037","0.025",,,,,"-0.025",,-1,1,0.39,0.61,34,29,35,30,2,1,5,1,6,1,"1.91","1.13","-1.13","42.5",,,,,
"FC","2023-08-10","92","-1.73","6.08","Brown, Hunter",668939,686613,"strikeout_double_play","called_strike",,,,,4,"Adley Rutschman called out on strikes and James McCann caught stealing 2nd, catcher Yainer Diaz to shortstop Jeremy Pena to catcher Yainer Diaz.","R","L","R","BAL","HOU","S",2,,3,2,2023,"0.29","0.52",-0.7325075333482908,2.6694408431585175,,,543510,0,3,"Bot",,,,,,,1.9297340435422055,-133.99467165910642,-3.998339802168814,3.1250115084301053,27.247087520297477,-25.30353008267094,3.35376322819498,1.62841185294005,,,,"93.1",2302,"6.8",717053,673237,572138,514888,608324,665161,643289,676694,663656,"53.73",,0,"0",1,0,0,,23,7,"Cutter",2,1,2,1,1,2,2,1,"Infield shade","Standard",174,"-0.075","-0.298",,,,,"0.298",,1,1,0.708,0.708,24,25,25,25,2,1,6,1,5,1,"2.16","-0.29","0.29","52.8",,,,,
"FF","2023-09-09","91.9","2.23","6.1","Peterson, David",680777,656849,"truncated_pa","ball",,,,,12,,"R","R","L","MIN","NYM","B",2,,0,0,2023,"0.62","1.02",1.0569616521595635,4.709373935618129,,,571657,2,3,"Bot",,,,,,,-4.383738178552959,-133.92125860039837,0.048433123854827786,8.37865480882607,24.90887436308307,-19.99669997908051,3.38999884603328,1.61107645087106,,,,"93.7",2034,"7",716654,553882,624413,677595,683146,596019,643446,607043,621466,"53.55",,,"0",0,0,0,,30,1,"4-Seam Fastball",3,2,3,2,2,3,3,2,"Standard","Standard",145,"-0.021","-0.286",,,,,"0.286",,1,1,0.644,0.644,27,26,28,26,2,1,7,3,6,2,"1.64","0.62","-0.62","38.0",,,,,
"FF","2023-04-21","91.9","1.19","5.01","Sears, JP",543760,676664,"strikeout_double_play","swinging_strike",,,,,1,"Marcus Semien strikes out swinging and Leody Taveras caught stealing 2nd, catcher Shea Langeliers to second baseman Aledmys Diaz to catcher Shea Langeliers.","R","R","L","TEX","ATH","S",2,,3,2,2023,"0.88","1.17",-0.45103743300436205,3.0130641195591963,,,665750,0,2,"Bot",,,,,,,-6.0657194121962466,-133.71476697722176,-1.7376515654217588,11.824117589391841,28.780931314343846,-17.998808396361856,3.3,1.61,,,,"92.2",2108,"6.5",718490,669127,676116,649557,607054,675656,643393,665923,668843,"54.03",,0,"0",1,0,0,,18,7,"4-Seam Fastball",4,0,4,0,0,4,4,0,"Standard","Standard",133,"-0.031","-0.298",,,,,"0.298",,4,4,0.894,0.894,27,32,27,33,2,1,5,2,6,1,"1.53","0.88","-0.88","26.9",,,,,
"FF","2023-09-10","91.9","2.82","5.07","Heaney, Andrew",643393,571760,,"ball",,,,,11,,"R","L","L","TEX","ATH","B",,,0,0,2023,"1.37","1.21",-0.4177603674969541,4.4905713636717985,,,665923,1,6,"Top",,,,,,,-11.14212806918226,-133.3811564135786,1.8298724446309085,18.78367641932606,29.930072352998412,-18.50847129467451,3.16000279971141,1.49867850661756,,,,"91.6",2481,"6.4",716637,641680,663993,543760,669701,608369,694497,665750,543257,"54.15",,,,,,,,51,1,"4-Seam Fastball",5,4,4,5,4,5,4,5,"Infield shade","Standard",124,"0.066","0.036",,,,,"-0.036",,1,-1,0.655,0.345,32,31,32,32,2,3,6,1,5,1,"1.52","1.37","1.37","26.4",,,,,
"FF","2023-07-03","91.9","-2.19","4.65","Díaz, Alexis",682928,664747,,"ball",,,,,12,,"R","L","R","WSH","CIN","B",,,1,1,2023,"-0.71","0.93",1.0389101143571287,3.1162898564803405,,,656448,1,9,"Bot",,,,,,,9.961714086292064,-133.57066535949713,-0.06227427789060769,-10.459784105437876,26.132263082139684,-21.1820005545478,3.53433993292273,1.60833571978624,,,,"94.4",2432,"7.6",717517,571912,458015,663697,682829,680574,669222,670770,656413,"52.88",,,,,,,,73,3,"4-Seam Fastball",2,3,2,3,3,2,2,3,"Standard","Standard",236,"-0.156","0.046",,,,,"-0.046",,-1,-1,0.208,0.208,26,22,27,23,1,3,1,2,3,1,"1.76","0.71","-0.71","7.9",,,,,
"FC","2023-04-26","91.9","-1.53","6.06","Brown, Hunter",650490,686613,,"called_strike",,,,,2,,"R","R","R","TB","HOU","S",,,0,0,2023,"-0.04","0.47",-0.16049324565900597,3.418835635290818,,,622534,1,3,"Bot",,,,,,,3.5607701383079933,-133.89743881867605,-1.8608697196364845,-1.2796412915582331,29.313933627440985,-26.361336333909655,3.38785448717024,1.63323935480935,,,,"92.2",2177,"6.4",718414,673237,547989,643289,608324,665161,667452,676694,663656,"54.08",,,,,,,,23,1,"Cutter",0,1,0,1,1,0,0,1,"Standard","Standard",181,"-0.052","-0.042",,,,,"0.042",,-1,-1,0.44,0.44,24,31,25,32,2,1,5,1,6,1,"2.23","0.04","0.04","53.3",,,,,
"FF","2023-06-27","91.9","-2.12","5.94","Stephan, Trevor",666023,663986,,"ball",,,,,11,,"R","R","R","KC","CLE","B",,,0,0,2023,"-0.51","1.45",-0.47253636584420533,5.378361832967789,,,670032,1,8,"Bot",,,,,,,5.2886298771521005,-133.8998155519346,1.1971144969127234,-7.193867637430708,25.660891765950407,-14.993272820917497,3.17670280279194,1.56222923042326,,,,"92.4",2485,"6.3",717591,666310,647304,665926,608070,642708,680757,664702,686823,"54.25",,,,,,,,57,1,"4-Seam Fastball",1,0,1,0,0,1,1,0,"Standard","Standard",214,"-0.023","0.036",,,,,"-0.036",,1,1,0.867,0.867,27,28,28,28,1,2,2,3,2,1,"1.22","0.51","0.51","37.0",,,,,
"SI","2023-05-07","91.8","-2.63","5.4","Houck, Tanner",664761,656557,"truncated_pa","ball",,,,,14,,"R","R","R","PHI","BOS","B",2,,0,0,2023,"-1.47","0.22",0.6431490682218948,1.047500262873009,,,592663,2,2,"Bot",,,,,,,11.430117175069823,-132.94899566019936,-5.504944973869903,-20.01422892175338,32.5012752348214,-28.409170924991688,3.41513639191663,1.53950705534282,,,,"90.9",2213,"6.4",718270,657136,671213,665839,646240,571771,606132,680776,657077,"54.15",,,"0",0,0,0,,13,1,"Sinker",0,0,0,0,0,0,0,0,"Standard","Standard",238,"-0.024","-0.286",,,,,"0.286",,0,0,0.524,0.524,27,26,27,27,1,0,5,1,8,2,"2.54","1.47","1.47","23.4",,,,,
"FF","2023-06-04","91.8","-2.68","5.02","Ryan, Joe",664702,657746,"strikeout_double_play","swinging_strike",,,,,6,"Myles Straw strikes out swinging and Will Brennan caught stealing 2nd, catcher Ryan Jeffers to shortstop Kyle Farmer to catcher Ryan Jeffers.","R","R","R","MIN","CLE","S",2,,2,2,2023,"-0.5","1.38",0.5717884243726488,2.3592369091253746,,,686823,0,3,"Top",,,,,,,9.385584139955581,-133.46753141935324,-3.9178687166811073,-7.964839797150784,27.060153295875846,-14.93704202699402,3.36,1.59,,,,"92.5",2121,"6.6",717895,680777,456781,593871,650489,571657,664247,572191,596146,"53.87",,0,"0",1,0,0,,14,7,"4-Seam Fastball",0,0,0,0,0,0,0,0,"Standard","Standard",218,"0.078","-0.21",,,,,"0.21",,0,0,0.465,0.5349999999999999,27,28,27,29,1,0,5,1,6,2,"1.31","0.5","0.5","33.4",,,,,
"FF","2023-09-11","91.8","-1.98","6.47","Walker, Taijuan",645277,592836,"strikeout_double_play","swinging_strike",,,,,11,"Ozzie Albies strikes out swinging and Ronald Acuna Jr. caught stealing 2nd, catcher Garrett Stubbs to shortstop Trea Turner to catcher Garrett Stubbs.","R","L","R","PHI","ATL","S",2,,1,2,2023,"-0.91","1.4",-0.9879270538588469,3.7245866500234586,,,660670,0,1,"Top",,,,,,,4.468506143545745,-133.63390955635356,-4.125547120454707,-11.902997195573429,28.184538559070486,-14.743753430101101,3.2,1.62,,,,"91.6",2047,"6.1",717664,596117,547180,681082,664761,607208,595909,669016,592206,"54.43",,0,"0",1,0,0,,2,5,"4-Seam Fastball",0,0,0,0,0,0,0,0,"Infield shade","Standard",214,"0.064","-0.165","65.1","6.4","1.22453178",,"0.165",,0,0,0.474,0.526,30,26,31,26,1,0,7,1,6,1,"1.3","0.91","-0.91","36.3",10.12931582122997,10.475929503116388,24.65136757333621,44.62649719554008,22.634134742192526
"FF","2023-07-24","91.7","-1.03","6.33","Bielak, Brandon",608671,656232,,"ball",,,,,11,,"R","L","R","HOU","TEX","B",,,1,1,2023,"-0.43","1.37",-0.8798169496005153,3.312585889939852,,,543760,0,4,"Top",,,,,,,1.2971152077047328,-133.5158490631153,-4.639707653916839,-5.4696280898247975,31.01601207430994,-14.997279126711248,3.26746471279089,1.55959492448807,,,,"90.3",2544,"5.6",717274,455117,547989,643289,608324,665161,676801,676694,663656,"54.93",,,,,,,,35,3,"4-Seam Fastball",4,6,6,4,6,4,6,4,"Standard","Standard",208,"0.043","0.042",,,,,"-0.042",,-2,2,0.244,0.756,27,32,27,32,3,2,5,1,6,1,"1.35","0.43","-0.43","47.7",,,,,
"FF","2023-04-18","91.7","-0.13","5.8","Morgan, Eli",606992,669212,,"ball",,,,,12,,"R","R","R","DET","CLE","B",,,1,0,2023,"-0.58","1.61",1.0126257764405575,2.7344473193085284,,,656716,1,6,"Bot",,,,,,,4.156973884655401,-133.40709063025827,-5.42499180374534,-7.772167964516238,27.799349217443652,-11.947316195683058,3.1098979140567,1.35655492390869,,,,"92.4",2222,"6.6",718530,572287,672356,665926,608070,671289,680757,664702,660757,"53.87",,,,,,,,52,2,"4-Seam Fastball",3,3,3,3,3,3,3,3,"Standard","Standard",206,"-0.061","0.054",,,,,"-0.054",,0,0,0.583,0.583,27,30,27,31,1,2,3,3,4,1,"1.09","0.58","0.58","51.8",,,,,
"FF","2023-07-03","91.6","-1.94","6.45","Barria, Jaime",572761,642545,"truncated_pa","swinging_strike",,,,,1,,"R","L","R","SD","LAA","S",2,,0,1,2023,"-0.22","1.34",-0.8024482463127054,3.163627415571933,,,630105,2,4,"Bot",,,,,,,3.309539827651842,-133.37871548176938,-5.288183415689533,-3.3637544086039894,29.01384198055585,-15.262148816775577,3.69,1.79,,,,"90.7",2210,"5.8",717505,595453,592669,500871,543685,664058,621493,545361,650859,"54.74",,,"0",0,0,0,,35,2,"4-Seam Fastball",4,0,4,0,0,4,4,0,"Standard","Standard",196,"-0.007","-0.241",,,,,"0.241",,4,4,0.903,0.903,26,37,27,38,2,1,5,3,11,4,"1.38","0.22","-0.22","58.8",,,,,
"FF","2023-05-07","91.5","-2.28","4.97","Williams, Trevor",645444,592866,"strikeout_double_play","called_strike",,,,,13,"Jose Herrera called out on strikes and Dominic Fletcher caught stealing 2nd, catcher Keibert Ruiz to shortstop CJ Abrams to catcher Keibert Ruiz.","R","L","R","AZ","WSH","S",2,,3,2,2023,"-0.8","1.14",-0.9270905468877658,1.97816639843955,,,666150,1,2,"Bot",,,,,,,5.183973864697126,-133.20745387990613,-4.168659705437624,-10.62648877888468,28.66331233781841,-17.888879727324742,3.17378194436048,1.48957379103063,,,,"92.1",2248,"6.6",718263,660688,642086,671277,545121,682928,656448,669743,657041,"53.85",,0,"0",1,0,0,,17,7,"4-Seam Fastball",1,1,1,1,1,1,1,1,"Standard","Standard",227,"-0.06","-0.314",,,,,"0.314",,0,0,0.56,0.56,31,26,31,26,1,0,5,4,6,3,"1.58","0.8","-0.8","21.4",,,,,
"FF","2023-05-22","91.5","-1.47","5.67","Bassitt, Chris",664040,605135,,"ball",,,,,12,,"R","L","R","TB","TOR","B",,,1,2,2023,"-0.2","1.2",0.24128901723224902,3.8268497888214035,,,677551,1,1,"Bot",,,,,,,4.743031011622919,-133.24054430354096,-1.3601030566089753,-3.3933705474711675,28.858003360430853,-17.851125741565056,3.33999971710667,1.54631179037597,,,,"91.6",2002,"6.4",718077,672386,665489,593160,656305,666182,662139,595281,543807,"54.15",,,,,,,,7,4,"4-Seam Fastball",0,0,0,0,0,0,0,0,"Infield shade","Strategic",213,"-0.034","0.047",,,,,"-0.047",,0,0,0.542,0.542,34,28,34,29,1,0,5,1,5,3,"1.52","0.2","-0.2","39.4",,,,,
"SI","2023-04-18","91.5","1.58","5.92","Rodriguez, Eduardo",595956,593958,,"ball",,,,,13,,"R","R","L","DET","CLE","B",,,1,2,2023,"1.16","0.76",-1.0526224440123588,2.2137932301507974,,,672356,0,3,"Top",,,,,,,-9.133327330430479,-133.01122905103165,-5.20218339102897,15.60900498940171,24.325496725394377,-22.18928578336488,3.52524082061169,1.71271503185783,,,,"91.9",2105,"6.3",718541,668670,679529,570731,665155,595879,663527,682985,663837,"54.24",,,,,,,,16,5,"Sinker",0,0,0,0,0,0,0,0,"Standard","Standard",157,"0.058","0.045",,,,,"-0.045",,0,0,0.47,0.53,30,30,30,31,1,0,6,3,5,4,"1.93","1.16","-1.16","42.5",,,,,
"FC","2023-03-31","91.5","-1.5","5.37","Kelly, Merrill",678246,518876,,"ball",,,,,14,,"R","R","R","LAD","AZ","B",,,1,2,2023,"-0.11","1.38",1.2000790266420598,2.1897237764279573,,,444482,0,2,"Bot",,,,,,,7.018110980148067,-133.05225477616872,-5.144863477740818,-2.777133447506013,26.663087350633994,-14.81834555995274,3.28455792050513,1.62122293315623,,,,"91.4",2544,"6.1",718765,672515,572233,606466,668942,672695,682998,677950,664983,"54.4",,,,,,,,14,4,"Cutter",0,0,0,0,0,0,0,0,"Standard","Standard",212,"-0.054","0.045",,,,,"-0.045",,0,0,0.579,0.579,34,23,35,24,1,0,,1,6,1,"1.33","0.11","0.11","25.8",,,,,
"SI","2023-06-02","91.4","-0.88","5.85","Anderson, Chase",686469,502624,,"ball",,,,,11,,"R","L","R","KC","COL","B",,,1,0,2023,"-1.22","1.2",-2.608052956222701,2.595069565749384,,,677951,1,3,"Bot",,,,,,,-1.7084224120149372,-133.02218695896096,-4.87708163131817,-14.111039569467227,28.81806103047561,-17.14977723400396,3.519999044583,1.66000378166761,,,,"90.8",2079,"5.9",717923,553869,666134,605612,641857,678662,595777,686668,545341,"54.57",,,,,,,,23,2,"Sinker",2,1,2,1,1,2,2,1,"Standard","Standard",218,"-0.038","0.054",,,,,"-0.054",,1,1,0.674,0.674,35,25,36,26,2,1,6,3,6,1,"1.53","1.22","-1.22","49.1",,,,,
"FF","2023-04-01","91.4","-0.76","6.39","Civale, Aaron",600303,650644,,"ball",,,,,11,,"R","L","R","SEA","CLE","B",,,1,2,2023,"-0.47","1.55",-1.7368103538142923,3.62881401186811,,,606192,1,2,"Bot",,,,,,,-1.4506864143729983,-133.23013589264278,-4.454678391964048,-5.317562514953364,26.558100313348323,-12.881766803368382,3.45937202826092,1.62422207201302,,,,"91.1",2411,"5.8",718746,595956,647304,665926,608070,642708,680757,664702,660757,"54.66",,,,,,,,16,4,"4-Seam Fastball",0,0,0,0,0,0,0,0,"Infield shade","Standard",202,"-0.036","0.047",,,,,"-0.047",,0,0,0.545,0.545,28,34,28,34,1,0,,2,6,1,"1.15","0.47","-0.47","52.1",,,,,
"SL","2023-09-13","91.4","-2.56","4.95","Muñoz, Andrés",694384,662253,"truncated_pa","called_strike",,,,,4,,"R","L","R","SEA","LAA","S",2,,0,1,2023,"0.09","0.17",-0.5877335872181869,2.3866352182352557,,,621433,2,9,"Top",,,,,,,4.799242040617793,-133.21270374414183,-1.0618809612413123,0.17763228610185425,24.638078045476078,-30.06584420365959,3.57135199227149,1.7533306325555,,,,"92.4",2199,"6.5",716602,663728,664034,664238,553993,641487,686527,677594,606192,"53.99",,,"0",0,0,0,,69,2,"Slider",3,2,2,3,2,3,2,3,"Strategic","Standard",129,"0.067","-0.241",,,,,"0.241",,1,-1,0.933,0.06699999999999995,24,21,24,21,1,4,2,1,3,3,"2.51","-0.09","0.09","25.3",,,,,
"FC","2023-05-10","91.3","-1.06","5.92","Gibaut, Ian",624413,664139,,"ball",,,,,12,,"R","R","R","CIN","NYM","B",,,1,0,2023,"0.5","1.01",1.5671451812425712,3.0905040706962614,,,596019,1,7,"Top",,,,,,,5.602358549416997,-132.88417998539992,-3.4630042852168432,4.780001049092967,27.11570567678369,-19.664061182438363,3.32920230333559,1.58668634541427,,,,"92.6",2394,"6.9",718225,663886,668715,663697,669222,676480,641584,670770,571976,"53.57",,,,,,,,53,2,"Cutter",1,2,2,1,2,1,2,1,"Infield shade","Standard",173,"0.045","0.054",,,,,"-0.054",,-1,1,0.302,0.698,29,28,30,29,1,3,4,1,2,1,"1.71","-0.5","-0.5","45.6",,,,,
"SI","2023-04-19","91.3","-2.08","6.65","Walker, Taijuan",462101,592836,"truncated_pa","ball",,,,,11,,"R","R","R","CWS","PHI","B",2,,1,0,2023,"-1.45","0.79",-1.5686767496262959,2.880721889211034,,,693049,2,2,"Bot",,,,,,,4.352474211416816,-132.967937406837,-5.313003463591861,-18.19112125867211,25.326388497485482,-21.89289048353662,3.01535573780792,1.45150045456018,,,,"90.8",1926,"5.7",718510,592663,664761,681082,543281,607208,595909,669016,592206,"54.84",,,"0",0,0,0,,18,2,"Sinker",2,2,2,2,2,2,2,2,"Standard","Standard",213,"-0.026","-0.316",,,,,"0.316",,0,0,0.526,0.526,30,34,31,35,1,0,5,1,7,2,"1.92","1.45","1.45","43.5",,,,,
"FC","2023-09-20","91.3","-0.76","5.81","Anderson, Chase",664954,502624,,"ball",,,,,12,,"R","L","R","SD","COL","B",,,0,1,2023,"0.12","0.85",1.2005493379729761,3.8365864591287333,,,676946,1,2,"Bot",,,,,,,4.63653639690972,-133.00928299267173,-0.9209775089983476,0.45185185506757725,28.491553044261916,-22.09078509652298,3.28990789825292,1.51489106093648,,,,"90.6",2485,"5.8",716500,642851,592178,663898,641857,678662,666134,686668,656248,"54.71",,,,,,,,17,2,"Cutter",1,2,1,2,2,1,1,2,"Standard","Standard",181,"-0.042","0.025",,,,,"-0.025",,-1,-1,0.441,0.441,35,29,36,29,1,0,5,4,6,2,"1.88","-0.12","0.12","45.6",,,,,
"FC","2023-04-24","91.3","-3.75","5.14","Weissert, Greg",621043,669711,"strikeout_double_play","swinging_strike",,,,,8,"Carlos Correa strikes out swinging and Max Kepler caught stealing 2nd, catcher Jose Trevino to second baseman Gleyber Torres to catcher Jose Trevino.","R","R","R","MIN","NYY","S",2,,3,2,2023,"0.5","0.75",-0.13304060835296289,2.204276590364099,572191,,596146,1,4,"Bot",,,,,,,8.117735294711999,-132.8712308759167,-3.1712330950676524,4.287246125876569,26.43406496316645,-22.790870921611496,3.56,1.72,,,,"92.4",2480,"6.8",718442,624431,519203,650402,518934,683011,665828,543305,614173,"53.75",,0,"0",1,0,0,,33,6,"Cutter",4,0,4,0,0,4,4,0,"Standard","Standard",189,"-0.038","-0.36",,,,,"0.36",,4,4,0.934,0.934,28,28,28,29,1,2,3,1,15,1,"1.97","-0.5","-0.5","29.3",,,,,
"FF","2023-04-18","91.2","3.76","5.74","Lodolo, Nick",670623,666157,,"ball",,,,,12,,"R","R","L","CIN","TB","B",,,0,0,2023,"1.44","0.92",0.17734339404113153,3.770996671390789,,,677551,0,4,"Top",,,,,,,-11.99709912016045,-132.38250564179324,-1.0272990170066576,19.40647643175996,26.854055351588737,-21.32414281986211,3.11815263256201,1.45177424456422,,,,"90.7",2307,"6",718526,592200,613564,663697,669222,621028,641584,670770,571976,"54.51",,,,,,,,33,1,"4-Seam Fastball",0,7,7,0,7,0,7,0,"Standard","Standard",119,"0.006","0.03",,,,,"-0.03",,-7,7,0.026,0.974,25,24,25,24,3,2,5,1,6,1,"1.82","1.44","-1.44","19.7",,,,,
"SI","2023-06-21","91.2","-1.98","6.51","Mikolas, Miles",671277,571945,"truncated_pa","ball",,,,,14,,"R","L","R","WSH","STL","B",2,,0,1,2023,"-1.41","1.07",0.3009595881635807,0.8313748781061097,,,657041,2,5,"Bot",,,,,,,8.79786145194348,-132.12660991193795,-10.607850346780218,-18.473655196502346,31.945013433008565,-17.301353731983927,3.54879787060587,1.69959845509304,,,,"90.9",1995,"6.6",717673,575929,502671,669357,680977,657557,663457,669242,666185,"53.86",,,"0",0,0,0,,37,2,"Sinker",1,0,1,0,0,1,1,0,"Standard","Standard",218,"-0.019","-0.241",,,,,"0.241",,1,1,0.679,0.679,34,23,35,23,3,2,5,1,7,1,"1.72","1.41","-1.41","49.5",,,,,
"FF","2023-04-23","91.2","-0.25","6.78","Flexen, Chris",571448,623167,"strikeout_double_play","swinging_strike",,,,,7,"Nolan Arenado strikes out swinging and Nolan Gorman caught stealing 2nd, catcher Cal Raleigh to second baseman Kolten Wong to catcher Cal Raleigh. Paul Goldschmidt scores.","R","R","R","SEA","STL","S",2,,3,2,2023,"0.01","1.74",-0.7827283468572449,1.8423871802587286,502671,,669357,0,1,"Top",,,,,,,-1.374091843342235,-132.54703247360453,-10.24151416565278,0.471260959300773,28.441205124481627,-9.649150534982935,3.33,1.67,,,,"91",2066,"6.2",718450,663728,664034,543939,553993,641487,672284,677594,606192,"54.26",,0,"0",1,0,0,,4,6,"4-Seam Fastball",0,1,1,0,2,0,2,0,"Standard","Standard",191,"0.051","-0.404",,,,,"0.404",,-1,1,0.293,0.7070000000000001,28,32,29,32,1,0,6,1,7,2,"1.01","-0.01","-0.01","68.3",,,,,
"FF","2023-05-13","91.2","-2.69","6.08","Kaprielian, James",677649,621076,"strikeout_double_play","swinging_strike",,,,,6,"Ezequiel Duran strikes out swinging and Josh Jung caught stealing 2nd, catcher Shea Langeliers to second baseman Tony Kemp to catcher Shea Langeliers.","R","R","R","ATH","TEX","S",2,,3,2,2023,"-0.56","1.08",0.666131689357606,2.5496296202683357,,,673962,0,2,"Top",,,,,,,9.594060568589416,-132.4781349052876,-5.335925132482858,-8.523841190096492,25.292270294941208,-18.414727416088194,3.31,1.59,,,,"91",1815,"6",718190,669127,676116,643393,607054,669397,668709,665923,657656,"54.46",,0,"0",1,0,0,,9,7,"4-Seam Fastball",0,1,1,0,1,0,1,0,"Standard","Standard",215,"0.077","-0.298",,,,,"0.298",,-1,1,0.356,0.644,29,24,29,24,1,0,19,1,8,1,"1.64","0.56","0.56","37.4",,,,,
"FF","2023-05-18","91.1","2.51","5.44","Allen, Logan",673357,671106,,"ball",,,,,12,,"R","R","L","CWS","CLE","B",,,0,2,2023,"0.18","1.45",0.5101680507512882,5.065296428646796,,,641313,1,3,"Bot",,,,,,,-5.412631398527009,-132.52584770432117,1.9037776239807305,3.4056696716610273,30.783681544680746,-15.872548311727591,3.72603174860174,1.69773053735497,,,,"90.8",2118,"6.3",718125,595956,672356,665926,677587,642708,680757,664702,686823,"54.18",,,,,,,,21,3,"4-Seam Fastball",0,0,0,0,0,0,0,0,"Standard","Standard",161,"-0.037","0.023",,,,,"-0.023",,0,0,0.545,0.545,24,25,25,26,2,1,6,1,5,1,"1.32","0.18","-0.18","47.0",,,,,
"FC","2023-07-22","91.1","1.1","6.43","Williamson, Brandon",572233,682227,"truncated_pa","swinging_strike",,,,,3,,"R","R","L","CIN","AZ","S",2,,2,0,2023,"0.03","0.82",0.38414158124539954,3.23779213459456,,,606466,2,6,"Top",,,,,,,-1.8470391728669697,-132.70003466138127,-3.8895683141674042,0.695049395428165,26.448899746928223,-21.887630914006426,3.38,1.57,,,,"90.6",2486,"5.8",717303,663886,687952,663697,668715,680574,666181,670770,641584,"54.7",,,"0",0,0,0,,40,3,"Cutter",0,1,1,0,1,0,1,0,"Standard","Standard",163,"0.033","-0.353","76.8","7.0","2.00649018",,"0.353",,-1,1,0.363,0.637,25,32,25,32,3,2,5,1,6,1,"1.91","0.03","-0.03","41.2",2.100061531142472,17.86260611851292,22.237711480662586,37.87976407927775,20.57029132586445
"FF","2023-06-14","91.1","-1.27","6.67","Wacha, Michael",572287,608379,"strikeout_double_play","swinging_strike",,,,,12,"Mike Zunino strikes out swinging and Will Brennan caught stealing 2nd, catcher Gary Sanchez to second baseman Rougned Odor to catcher Gary Sanchez.","R","R","R","SD","CLE","S",2,,3,2,2023,"-0.54","1.45",0.6049587740749729,3.2798458507262116,,,686823,1,3,"Top",,,,,,,5.90137879980204,-132.39293837996152,-5.7357549811360515,-7.6616768215340105,29.302955450313817,-14.089282586410002,3.14,1.46,,,,"91.4",2040,"6.6",717758,596142,630105,596059,592518,593428,665742,663757,665487,"53.89",,0,"0",1,0,0,,19,8,"4-Seam Fastball",1,0,0,1,0,1,0,1,"Standard","Standard",204,"0.067","-0.314",,,,,"0.314",,1,-1,0.602,0.398,31,32,32,32,1,0,7,4,5,,"1.31","0.54","0.54","56.0",,,,,
"FF","2023-05-05","91.1","1.35","6.01","Kershaw, Clayton",543592,477132,,"called_strike",,,,,9,,"R","R","L","SD","LAD","S",,,0,0,2023,"-0.08","1.62",0.502941829090236,2.0057502463974552,,,673490,1,4,"Bot",,,,,,,-1.9633250928408033,-132.41550071202576,-7.572391058930117,-0.44670532526478385,33.128934278256594,-11.686431682339498,3.60230420994708,1.71213133030525,,,,"90.8",2184,"6.6",718295,669257,518692,678246,571970,500743,681546,518792,605141,"53.93",,,,,,,,31,1,"4-Seam Fastball",1,1,1,1,1,1,1,1,"Standard","Standard",169,"-0.052","-0.042",,,,,"0.042",,0,0,0.563,0.563,35,33,35,34,2,1,6,3,5,2,"1.17","-0.08","0.08","54.8",,,,,
"FF","2023-05-17","91","1.07","5.78","Morán, Jovani",681546,663558,"truncated_pa","ball",,,,,11,,"R","L","L","LAD","MIN","B",2,,2,0,2023,"0.44","1.16",-1.1521101159328166,3.7901406341041852,,,678246,2,5,"Bot",,,,,,,-6.510891311702985,-132.54665950057557,-1.643489536682348,6.383476490142275,24.47702792071044,-18.292254003023817,3.42114499730686,1.70162475605116,,,,"91.4",2143,"6.2",718136,543877,666135,593871,571657,621043,663616,650489,608336,"54.3",,,"0",0,0,0,,43,3,"4-Seam Fastball",2,1,2,1,1,2,2,1,"Infield shade","Standard",164,"-0.028","-0.353",,,,,"0.353",,1,1,0.688,0.688,26,26,26,26,1,2,1,1,3,1,"1.56","0.44","0.44","47.8",,,,,
"SI","2023-09-16","91","-3.25","3.69","Thompson, Ryan",663538,657044,,"ball",,,,,13,,"R","R","R","AZ","CHC","B",,,1,0,2023,"-1.26","-0.44",-1.1539557423129354,2.124531054876034,,,664023,0,7,"Top",,,,,,,7.985131337573867,-132.2600457448116,2.9525815555597257,-16.449324294284168,27.748872737242984,-38.20870859445497,3.38816284092619,1.55726671290709,,,,"91.5",2016,"6.6",716558,672515,572233,606466,607054,672695,666971,677950,682998,"53.88",,,,,,,,56,2,"Sinker",3,3,3,3,3,3,3,3,"Standard","Standard",276,"0.093","0.055",,,,,"-0.055",,0,0,0.433,0.567,31,26,31,26,1,3,1,1,1,1,"3.19","1.26","1.26","-8.9",,,,,
"CH","2023-09-12","91","-1.59","6.36","Keller, Brad",657757,641745,,"blocked_ball",,,,,13,,"R","L","R","CWS","KC","B",,,1,1,2023,"-1.16","0.43",-0.14675831320834232,0.7087031027949506,,,621545,0,8,"Bot",,,,,,,6.106404671188227,-132.36965982891783,-9.28104946998434,-14.93401291131012,23.60952175189928,-25.537492568466007,3.16917916921818,1.49311089331122,,,,"91.7",1577,"6.4",716611,521692,668472,679845,672580,677951,669004,671221,676369,"54.14",,,,,,,,67,3,"Changeup",6,2,6,2,2,6,6,2,"Infield shade","Standard",213,"-0.003","0.042",,,,,"-0.042",,4,4,0.99,0.99,27,27,28,27,1,3,120,2,5,0,"2.29","1.16","-1.16","45.4",,,,,
"FF","2023-05-06","91","1.83","5.63","Henry, Tommy",656308,674072,,"swinging_strike",,,,,5,,"R","R","L","AZ","WSH","S",,,0,1,2023,"0.6","1.3",0.003806328587007801,2.7459449791274038,,,645302,0,3,"Top",,,,,,,-5.913308853659627,-132.36136445794585,-4.149296113298472,8.320138388321972,27.735705041161896,-16.15831153888462,3.42,1.56,,,,"91.8",2138,"6.7",718282,672515,572233,606466,656896,605113,666971,677950,666150,"53.77",,,,,,,,17,2,"4-Seam Fastball",1,0,0,1,0,1,0,1,"Standard","Standard",144,"0.071","-0.043",,,,,"0.043",,1,-1,0.575,0.42500000000000004,25,27,26,28,1,0,7,7,5,4,"1.45","0.6","-0.6","43.1",,,,,
"FC","2023-09-01","90.9","-1.33","5.78","Gibaut, Ian",621020,664139,,"ball",,,,,12,,"R","R","R","CIN","CHC","B",,,0,0,2023,"0.37","0.83",1.1144244766742923,2.589336184826278,,,641355,1,8,"Top",,,,,,,5.399266728056922,-132.4597043139662,-4.002709734666563,3.3756464201116785,24.77803103613056,-21.74066884429623,3.48519611271398,1.66565283958566,,,,"92.5",2329,"6.9",716770,571912,687952,668715,682622,682829,605361,670770,666181,"53.61",,,,,,,,59,1,"Cutter",1,2,2,1,2,1,2,1,"Standard","Standard",172,"0.041","0.036",,,,,"-0.036",,-1,1,0.254,0.746,29,29,30,29,1,3,2,0,2,1,"1.89","-0.37","-0.37","41.2",,,,,
"FF","2023-05-26","90.9","-1.33","5.6","Bieber, Shane",502671,669456,"truncated_pa","ball",,,,,14,,"R","R","R","CLE","STL","B",2,,0,2,2023,"-0.68","1.21",0.8598050637423418,2.2494941631907768,,,663457,2,3,"Top",,,,,,,7.008512023959088,-132.2287231171948,-5.163685914922429,-9.359953701472563,25.60608838113838,-17.064303646045804,3.25722140121011,1.58980050327636,,,,"92.1",2279,"6.8",718022,572287,647304,665926,608070,642708,680757,664702,672356,"53.65",,,"0",0,0,0,,18,3,"4-Seam Fastball",0,0,0,0,0,0,0,0,"Standard","Standard",217,"0.015","-0.187",,,,,"0.187",,0,0,0.54,0.45999999999999996,28,35,28,36,2,1,5,2,5,1,"1.53","0.68","0.68","45.3",,,,,
"FC","2023-06-11","90.8","-1.96","5.94","Leclerc, José",622534,600917,,"ball",,,,,3,,"R","R","R","TB","TEX","B",,,1,0,2023,"0.32","0.66",0.7492906364984404,3.3247393385418382,,,642350,1,5,"Bot",,,,,,,6.006787859582868,-132.08652297840624,-1.9809076314906866,2.3482290412355376,29.85896740074203,-24.23124965702291,3.43283902960928,1.56497882038673,,,,"89.4",2532,"5.6",717801,641680,663993,543760,673962,677649,543257,665750,666969,"54.93",,,,,,,,46,2,"Cutter",7,3,7,3,3,7,7,3,"Standard","Strategic",168,"-0.011","0.054",,,,,"-0.054",,4,4,0.933,0.933,29,28,30,29,1,2,8,1,2,1,"2.12","-0.32","-0.32","43.7",,,,,
"SI","2023-07-02","90.8","-1.88","3.83","Kelly, Kevin",664034,687330,,"called_strike",,,,,7,,"R","R","R","SEA","TB","S",,,0,0,2023,"-1.23","-0.11",-0.28736896069903906,1.77431582640298,,,677594,1,4,"Bot",,,,,,,6.75481859146254,-132.16826084511442,0.9720714093767449,-15.833891268047328,25.687116806513902,-33.82007450391935,3.18947526610155,1.53145959666003,,,,"92.7",2109,"7.2",717519,642336,670042,660644,670764,677551,668227,622534,666139,"53.27",,,,,,,,41,1,"Sinker",5,6,5,6,6,5,5,6,"Standard","Standard",242,"-0.058","-0.042",,,,,"0.042",,-1,-1,0.432,0.432,25,28,26,29,1,2,2,1,4,1,"2.85","1.23","1.23","6.7",,,,,
"FF","2023-05-19","90.7","3.14","5.23","Waldichuk, Ken",667452,686610,,"ball",,,,,9,,"R","R","L","HOU","ATH","B",,,1,0,2023,"1.06","1.23",0.5792825922761367,1.8811800169461281,,,665161,1,2,"Bot",,,,,,,-8.731720569437437,-131.6174390967086,-5.0476626277230565,14.280301990249612,30.140617961893017,-16.9398491799737,3.30030117494935,1.53304705769074,,,,"91",2251,"6.8",718112,669127,676116,672478,607054,649557,668709,665923,657656,"53.68",,,,,,,,16,2,"4-Seam Fastball",1,0,1,0,0,1,1,0,"Standard","Standard",124,"-0.037","0.054",,,,,"-0.054",,1,1,0.661,0.661,25,27,25,27,1,0,7,3,5,1,"1.57","1.06","-1.06","21.2",,,,,
"SI","2023-07-25","90.7","2.1","5.39","Saucedo, Tayler",670242,642048,"truncated_pa","called_strike",,,,,5,,"R","L","L","MIN","SEA","S",2,,0,0,2023,"1.5","0.29",-0.1506484874948868,2.5794371968692937,,,571657,2,7,"Bot",,,,,,,-8.924117564169928,-131.8470886669707,-1.7371579631033982,19.36237088567897,26.354181812871758,-28.66609235538879,3.76609156841389,1.84269707448203,,,,"91.8",2294,"6.9",717264,663728,664034,543939,553993,641487,687799,677594,606192,"53.62",,,"0",0,0,0,,59,1,"Sinker",6,2,6,2,2,6,6,2,"Infield shade","Standard",120,"-0.003","-0.286",,,,,"0.286",,4,4,0.967,0.967,30,25,30,26,1,3,2,1,5,1,"2.48","1.5","1.5","27.0",,,,,
"FF","2023-06-09","90.7","2.24","5.29","Allen, Logan",673237,671106,"strikeout_double_play","swinging_strike",,,,,12,"Yainer Diaz strikes out swinging and Jeremy Pena caught stealing 2nd, catcher Mike Zunino to second baseman Andres Gimenez to catcher Mike Zunino.","R","R","L","CLE","HOU","S",2,,1,2,2023,"0.01","1.12",0.4568416426286291,4.106163114893451,,,665161,0,6,"Top",,,,,,,-4.506561320799429,-132.16385226396346,0.5035049746759881,0.9747133744591977,25.675690266980542,-19.19822913548878,3.08,1.46,,,,"91.6",1860,"6.6",717833,572287,647304,665926,608070,642708,680757,664702,686823,"53.94",,0,"0",1,0,0,,51,4,"4-Seam Fastball",4,5,5,4,5,4,5,4,"Standard","Standard",162,"0.071","-0.165",,,,,"0.165",,-1,1,0.313,0.687,24,24,25,25,3,2,6,2,6,2,"1.62","0.01","-0.01","44.6",,,,,
"FC","2023-08-29","90.7","-1.71","5.51","Kelly, Merrill",605141,518876,,"ball",,,,,12,,"R","R","R","LAD","AZ","B",,,0,0,2023,"0.1","1.03",1.3262341570633402,2.82172188277152,,,500743,0,2,"Bot",,,,,,,7.350538848903768,-131.9063850519168,-2.999944288333007,-0.3535088844069195,27.33649844068221,-19.748092227246893,3.22089381030029,1.54650157965367,,,,"90.5",2364,"6.2",716792,672515,572233,606466,446334,605113,666971,682998,502054,"54.35",,,,,,,,19,1,"Cutter",4,0,4,0,0,4,4,0,"Standard","Standard",206,"-0.021","0.03",,,,,"-0.03",,4,4,0.891,0.891,34,30,35,31,2,1,5,1,6,1,"1.74","-0.1","-0.1","25.9",,,,,
"FC","2023-05-06","90.7","-2.45","5.52","Eovaldi, Nathan",595453,543135,"strikeout_double_play","called_strike",,,,,9,"Chad Wallach called out on strikes and Gio Urshela caught stealing 2nd, catcher Jonah Heim to second baseman Marcus Semien to catcher Jonah Heim.","R","R","R","LAA","TEX","S",2,,3,2,2023,"0.23","0.88",0.7228618121821647,2.261291986245984,,,570482,1,2,"Bot",,,,,,,7.544133977183252,-131.81013019161736,-4.115177078466071,0.9618199498918621,29.485162594627397,-21.267987006884717,3.77194890301814,1.80201282716557,,,,"91.7",2434,"7.1",718275,641680,663993,543760,673962,677649,608671,665750,666969,"53.44",,0,"0",1,0,0,,16,6,"Cutter",0,0,0,0,0,0,0,0,"Standard","Standard",189,"-0.06","-0.314",,,,,"0.314",,0,0,0.56,0.56,33,31,33,32,1,0,7,1,5,9,"1.91","-0.23","-0.23","32.1",,,,,
"SL","2023-04-18","90.6","-1.49","5.92","Santos, Gregory",669016,666619,"truncated_pa","ball",,,,,14,,"R","L","R","CWS","PHI","B",2,,0,1,2023,"0.46","0.01",0.3120307174300241,0.6849437885170202,,,592206,2,8,"Top",,,,,,,3.5312856311168637,-131.83673653304314,-7.145219602186402,4.564884530675106,29.294225169734787,-30.671476676224014,3.02295042089016,1.54072413464625,,,,"90.6",2793,"6.4",718525,518735,683734,672820,669394,462101,643217,673357,693049,"54.08",,,"0",0,0,0,,71,2,"Slider",4,7,7,4,7,4,7,4,"Standard","Standard",96,"0.006","-0.241",,,,,"0.241",,-3,3,0.081,0.919,23,25,24,26,1,4,2,2,1,0,"2.78","-0.46","0.46","36.4",,,,,
"SI","2023-06-28","90.6","2.5","5.92","Garrett, Braxton",657077,666129,,"ball",,,,,8,,"R","L","L","BOS","MIA","B",,,0,1,2023,"1.45","0.49",-0.27200040511192114,1.4787398894409713,,,666152,1,3,"Bot",,,,,,,-10.078618824342051,-131.42781240827102,-6.230287463279982,18.96760106837404,26.90793981264061,-25.313434720409635,3.53198449129856,1.59529690566983,,,,"91",2033,"6.6",717583,663743,643265,650333,516416,621563,650559,665862,641505,"53.86",,,,,,,,21,2,"Sinker",0,1,0,1,1,0,0,1,"Standard","Standard",141,"-0.046","0.025",,,,,"-0.025",,-1,-1,0.435,0.435,25,27,26,27,2,1,6,1,5,1,"2.29","1.45","1.45","43.8",,,,,
"FF","2023-09-04","90.6","-1.21","6.21","Scholtens, Jesse",669004,669947,,"ball",,,,,11,,"R","L","R","KC","CWS","B",,,0,1,2023,"-0.31","1.42",-1.9232501077971267,4.69897865645314,,,658668,1,3,"Bot",,,,,,,-1.127937872471276,-131.9670002696194,-0.9306052754282665,-3.448135374319422,27.118065913996936,-15.49407394885606,3.25907428053952,1.54113799765202,,,,"91.4",2054,"6.6",716681,686676,683734,672820,660162,641313,621545,572204,693049,"53.87",,,,,,,,22,2,"4-Seam Fastball",3,0,3,0,0,3,3,0,"Standard","Strategic",195,"-0.019","0.025",,,,,"-0.025",,3,3,0.838,0.838,29,24,29,25,2,1,6,1,6,1,"1.34","0.31","-0.31","45.4",,,,,
"FC","2023-05-22","90.5","-2.11","6.04","Gaddis, Hunter",660162,683769,"truncated_pa","ball",,,,,12,,"R","L","R","CLE","CWS","B",2,,1,0,2023,"0.23","0.82",1.1351857672897445,3.1832147184987134,,,673357,2,1,"Top",,,,,,,7.654895630593138,-131.60589838225079,-2.9953480575807134,1.1885019095580511,26.31991886345878,-22.16336643492578,3.4963238854189,1.4854654128434,,,,"91.5",2187,"6.8",718072,572287,605137,665926,672356,642708,680757,664702,686823,"53.72",,,"0",0,0,0,,4,2,"Cutter",0,0,0,0,0,0,0,0,"Infield shade","Standard",177,"0.024","-0.316",,,,,"0.316",,0,0,0.524,0.476,25,28,25,28,1,0,30,1,6,1,"1.95","-0.23","0.23","30.7",,,,,
"SI","2023-06-13","90.5","-1.02","6.63","Chirinos, Yonny",667670,630023,,"called_strike",,,,,5,,"R","R","R","ATH","TB","S",,,1,0,2023,"-1.46","0.84",-0.16674876164343977,2.9989683898145865,,,665923,1,5,"Bot",,,,,,,5.240144913547433,-131.62766537173079,-4.870441153273737,-18.06319196023586,29.97078636849768,-21.55599903787058,3.59287441021414,1.6916479402398,,,,"90.2",1991,"6.3",717774,642336,650490,670764,670623,677551,668227,642350,622534,"54.2",,,,,,,,39,2,"Sinker",0,1,0,1,1,0,0,1,"Standard","Standard",224,"-0.07","-0.053",,,,,"0.053",,-1,-1,0.426,0.426,29,28,30,29,2,2,5,1,5,1,"1.96","1.46","1.46","45.5",,,,,
"FC","2023-06-10","90.5","-1.85","6.06","Senga, Kodai",467793,673540,"truncated_pa","ball",,,,,14,,"R","L","R","PIT","NYM","B",2,,0,0,2023,"0.15","0.7",0.759878141510631,1.4487911096378157,,,656582,2,1,"Bot",,,,,,,6.21197182041813,-131.6464472523612,-7.102690228742053,0.4394485119724504,27.231533789535398,-22.74174116740939,3.34668768559209,1.62787082574597,,,,"91",2361,"6.6",717812,682626,592192,643446,683146,641645,502054,607043,516782,"53.94",,,"0",0,0,0,,7,1,"Cutter",0,0,0,0,0,0,0,0,"Infield shade","Standard",201,"-0.022","-0.286",,,,,"0.286",,0,0,0.522,0.522,30,37,30,37,1,0,6,1,7,1,"2.08","-0.15","0.15","48.8",,,,,
"FC","2023-03-31","90.5","-3.27","5.68","Lynn, Lance",670541,458681,,"swinging_strike",,,,,6,,"R","L","R","HOU","CWS","S",,,1,0,2023,"0.08","0.74",0.5529100897106898,2.7134078819159715,,,665161,1,3,"Bot",,,,,,,9.405930880161623,-131.59638928321195,-3.1092557675775137,-0.885978498479173,25.3070231605583,-23.09162332960482,3.49,1.7,,,,"91.2",2574,"6.6",718764,518735,657757,462101,660162,641313,643217,673357,693049,"53.94",,,,,,,,24,2,"Cutter",0,1,0,1,1,0,0,1,"Infield shade","Strategic",169,"-0.056","-0.053",,,,,"0.053",,-1,-1,0.445,0.445,36,26,36,26,2,1,,1,6,1,"2.03","-0.08","0.08","30.6",,,,,
"PO","2023-09-20","90.5","-1.2","6.52","Bradish, Kyle",455117,680694,,"pitchout",,,,,12,,"R","R","R","HOU","BAL","B",,,1,2,2023,"0.22","1.02",2.6820609695508972,4.79142163935127,,,676801,1,3,"Bot",,,,,,,9.206692110505736,-131.53586929713916,-0.5649386364033152,0.6678961404220687,27.127878833759425,-20.353961726835575,3.13,1.43,,,,"90.5",2211,"6.3",716508,668939,656811,624428,602104,683002,669720,656775,623993,"54.24",,,,,,,,21,4,"Pitch Out",0,1,0,1,1,0,0,1,"Standard","Standard",188,"-0.041","0.047",,,,,"-0.047",,-1,-1,0.429,0.429,26,36,27,37,1,0,6,2,6,2,"1.76","-0.22","-0.22","51.4",,,,,
"FC","2023-05-05","90.5","-2.29","6.12","Kremer, Dean",645277,665152,"strikeout_double_play","swinging_strike",,,,,11,"Ozzie Albies strikes out swinging and Eddie Rosario caught stealing 2nd, catcher Adley Rutschman to shortstop Jorge Mateo to catcher Adley Rutschman.","R","L","R","ATL","BAL","S",2,,3,2,2023,"0.31","0.55",-0.47484841473605555,3.3827434628617743,,,592696,1,6,"Bot",,,,,,,3.863369622131523,-131.80773138308666,-2.1035315375809907,2.813147852774959,26.732243226207483,-25.47492779295714,3.21,1.61,,,,"90.3",2463,"6",718298,668939,663624,602104,683002,622761,663630,656775,623993,"54.48",,0,"0",1,0,0,,48,6,"Cutter",1,2,1,2,2,1,1,2,"Infield shade","Standard",192,"-0.103","-0.314",,,,,"0.314",,-1,-1,0.411,0.411,27,26,27,26,3,2,6,1,5,1,"2.21","-0.31","0.31","38.7",,,,,
"FC","2023-05-10","90.5","-0.55","6.86","Flexen, Chris",669701,623167,,"ball",,,,,12,,"R","L","R","SEA","TEX","B",,,0,1,2023,"0.29","1.08",1.0741736314336143,3.7665999357404685,,,665750,0,8,"Top",,,,,,,3.406330294490531,-131.86206930854522,-4.151077496792497,2.8468981819891566,24.310920571145918,-18.906852308094567,3.31784110204525,1.50926942805357,,,,"90.8",2335,"6.1",718229,663728,664034,543939,553993,641487,672284,677594,606192,"54.38",,,,,,,,62,2,"Cutter",2,4,4,2,4,2,4,2,"Standard","Standard",165,"0.028","0.024",,,,,"-0.024",,-2,2,0.122,0.878,28,25,29,26,1,3,10,1,5,1,"1.67","-0.29","0.29","73.8",,,,,
"FC","2023-09-27","90.4","-2.31","6.67","Doyle, Tommy",444482,656382,,"ball",,,,,1,,"R","L","R","COL","LAD","B",,,0,0,2023,"-0.17","0.56",-0.7834878262723182,3.0061381295178,,,681546,0,6,"Top",,,,,,,4.133223183815274,-131.73671100519715,-4.433334433392314,-2.807634363604896,25.434901058845647,-24.94341676001849,3.43426784382401,1.64447702606982,,,,"90.1",2300,"5.8",716406,553869,660707,663898,641857,678662,666134,686668,656248,"54.68",,,,,,,,46,1,"Cutter",1,4,4,1,4,1,4,1,"Standard","Standard",197,"0.026","0.03",,,,,"-0.03",,-3,3,0.121,0.879,27,35,27,36,1,2,24,1,3,1,"2.2","0.17","-0.17","40.9",,,,,
"FC","2023-04-26","90.4","-1.24","5.85","Gibaut, Ian",641680,664139,"truncated_pa","ball",,,,,12,,"R","L","R","CIN","TEX","B",2,,0,0,2023,"0.06","0.91",1.0337699357696313,3.330133598985058,,,677649,2,8,"Top",,,,,,,5.616634852435225,-131.61124410321827,-2.3309136294883332,-0.4049070956163309,26.60848399880614,-21.262652996209418,3.48363080403357,1.74361154980749,,,,"91.8",2243,"7",718424,592200,668715,663697,669222,621028,641584,670770,592656,"53.52",,,"0",0,0,0,,62,1,"Cutter",3,2,2,3,2,3,2,3,"Standard","Standard",183,"0.058","-0.286",,,,,"0.286",,1,-1,0.809,0.19099999999999995,29,28,30,28,1,3,2,1,3,1,"1.86","-0.06","0.06","48.4",,,,,
"FC","2023-05-30","90.3","-2.61","5.41","Ottavino, Adam",664761,493603,,"ball",,,,,14,,"R","R","R","NYM","PHI","B",,,0,1,2023,"0.4","0.72",1.6792575205514515,2.1541376448991016,,,592663,0,8,"Top",,,,,,,9.978028705323881,-131.22331535641305,-3.796449027860317,2.7977650863847314,24.535600023744554,-23.200762642008318,3.54659629662525,1.59386069849653,,,,"92",2666,"7.1",717962,682626,624413,643446,500871,596019,502054,607043,516782,"53.35",,,,,,,,52,2,"Cutter",2,0,0,2,0,2,0,2,"Standard","Standard",180,"0.099","0.024",,,,,"-0.024",,2,-2,0.802,0.19799999999999995,37,26,38,27,1,2,4,3,1,12,"2.05","-0.4","-0.4","25.2",,,,,
"FC","2023-08-11","90.3","-2.06","6.11","Blackburn, Paul",657041,621112,,"called_strike",,,,,6,,"R","R","R","WSH","ATH","S",,,1,1,2023,"0.21","1.02",0.6402922076975016,2.4926384374156347,,,682928,0,1,"Bot",,,,,,,6.264337411076072,-131.42479215837395,-5.243626086504705,1.2076091623846492,26.146150418805693,-19.446396710173598,3.15466701651936,1.52013650814067,,,,"90.4",2352,"6.2",717043,669127,664913,680869,672478,669397,668709,665923,671732,"54.32",,,,,,,,8,3,"Cutter",0,2,0,2,2,0,0,2,"Standard","Standard",187,"-0.064","-0.059",,,,,"0.059",,-2,-2,0.388,0.388,29,27,30,28,1,0,6,1,5,1,"1.76","-0.21","-0.21","45.6",,,,,
"SL","2023-07-26","90.3","-2.61","5.47","Peguero, Elvis",663697,665625,,"called_strike",,,,,4,,"R","R","R","MIL","CIN","S",,,1,0,2023,"0.41","-0.06",-0.5066137707092894,2.560716457684968,,,641584,0,7,"Top",,,,,,,4.378385512735931,-131.60795310890552,-1.252348911547089,4.022032621855566,24.227689671416492,-32.866222050636,3.24114037889632,1.43139065679732,,,,"91.3",2684,"6.5",717254,661388,647351,668930,655316,642715,621438,686894,686217,"54.01",,,,,,,,45,2,"Slider",0,0,0,0,0,0,0,0,"Standard","Standard",65,"0.107","-0.042",,,,,"0.042",,0,0,0.433,0.567,26,26,26,27,1,2,3,1,4,2,"2.82","-0.41","-0.41","27.0",,,,,
"SI","2023-09-13","90.2","-1.66","3.97","Kelly, Kevin",666397,687330,"strikeout_double_play","called_strike",,,,,8,"Edouard Julien called out on strikes and Kyle Farmer caught stealing 2nd, catcher Christian Bethancourt to shortstop Vidal Brujan to catcher Christian Bethancourt.","R","L","R","MIN","TB","S",2,,3,2,2023,"-1.61","0.17",0.08011860809747406,1.851827141404657,,,571657,0,7,"Bot",,,,,,,7.9449734800043785,-131.0929249148704,0.44293685096680435,-20.336040260768126,30.987093129940348,-30.574335589506664,3.38909171127603,1.67652342564104,,,,"91.6",2289,"7.5",716607,542194,650490,678545,678554,660644,668227,666139,623912,"53.04",,0,"0",1,0,0,,60,8,"Sinker",4,4,4,4,4,4,4,4,"Infield shade","Standard",249,"-0.135","-0.298",,,,,"0.298",,0,0,0.656,0.656,25,24,26,24,1,3,2,1,6,1,"2.66","1.61","-1.61","4.4",,,,,
"SI","2023-06-27","90.2","3.49","4.66","Jacques, Joe",665862,682175,,"ball",,,,,13,,"R","L","L","BOS","MIA","B",,,0,0,2023,"1.39","-0.14",-0.8386247351521627,1.4346536005155817,,,650559,1,6,"Top",,,,,,,-13.798974141041297,-130.67278490411073,-1.7346975403829203,18.795761077362275,26.610841024909025,-33.571061755066594,3.53909253420978,1.53563227013676,,,,"90.7",1931,"6.8",717605,657136,671213,571771,646240,666152,680776,594807,657077,"53.72",,,,,,,,49,1,"Sinker",1,6,6,1,6,1,6,1,"Infield shade","Standard",94,"0.008","0.036",,,,,"-0.036",,-5,5,0.047,0.953,28,25,28,25,1,3,5,45,5,1,"2.95","1.39","1.39","12.3",,,,,
"SL","2023-04-29","90.2","-2.79","5.59","Greene, Hunter",657656,668881,,"ball",,,,,14,,"R","R","R","ATH","CIN","B",,,0,1,2023,"0.24","0.44",0.04188233130369201,0.7424871059631579,,,668843,1,5,"Bot",,,,,,,6.562914315617048,-131.21866717761205,-7.083263582356643,1.4485121059324582,25.96746737345874,-25.878212173099136,3.11648197542442,1.40470032800283,,,,"90.8",2323,"6.5",718377,571912,668715,663697,669222,621028,656413,676480,592656,"53.98",,,,,,,,43,2,"Slider",2,1,2,1,1,2,2,1,"Standard","Standard",146,"-0.036","0.025",,,,,"-0.025",,1,1,0.706,0.706,23,28,24,29,3,2,6,13,6,1,"2.35","-0.24","-0.24","23.5",,,,,
"FC","2023-04-07","90.1","-2.37","5.95","Kremer, Dean",519203,665152,"strikeout_double_play","swinging_strike",,,,,8,"Anthony Rizzo strikes out swinging and DJ LeMahieu caught stealing 2nd, catcher Adley Rutschman to shortstop Jorge Mateo to catcher Adley Rutschman.","R","L","R","BAL","NYY","S",2,,3,2,2023,"0.07","1.14",0.2043050253780559,1.6772011345431488,,,518934,1,3,"Top",,,,,,,6.224162841716902,-130.99133233007794,-7.0865727494360735,-0.45811623462170625,26.56190562816638,-17.726880026437428,3.69,1.74,,,,"90.1",2455,"6.2",718688,668939,663624,624428,602104,622761,669720,656775,623993,"54.28",,0,"0",1,0,0,,22,6,"Cutter",2,0,0,2,0,2,0,2,"Infield shade","Standard",179,"0.062","-0.314",,,,,"0.314",,2,-2,0.702,0.29800000000000004,27,33,27,34,2,1,6,2,5,1,"1.66","-0.07","0.07","41.4",,,,,
"FC","2023-06-11","90.1","-2.32","6.33","Gibson, Kyle",671221,502043,"strikeout_double_play","swinging_strike",,,,,6,"Drew Waters strikes out swinging and Edward Olivares caught stealing 2nd, catcher James McCann to shortstop Gunnar Henderson to catcher James McCann.","R","L","R","BAL","KC","S",2,,3,2,2023,"0.12","0.69",0.6841786983512652,2.313558108520767,,,658668,0,4,"Top",,,,,,,7.274850635486475,-131.1335907214688,-5.641024478114539,0.11610994433078807,23.203287723549067,-23.20820002892227,3.48,1.7,,,,"91.5",2416,"6.8",717808,543510,623507,624428,602104,683002,669720,543305,656811,"53.72",,0,"0",1,0,0,,35,6,"Cutter",6,3,3,6,3,6,3,6,"Standard","Standard",180,"0.085","-0.298",,,,,"0.298",,3,-3,0.766,0.23399999999999999,35,24,36,25,2,1,5,1,6,1,"2.08","-0.12","0.12","43.7",,,,,
"CH","2023-04-12","90.1","-1.6","5.78","Fulmer, Michael",663728,605242,"truncated_pa","ball",,,,,11,,"R","L","R","CHC","SEA","B",2,,1,0,2023,"-1.06","0.4",-1.5691302131632554,2.9289683621563802,,,677594,2,9,"Top",,,,,,,2.3396221855612414,-131.38625385059507,-2.0477516534890565,-12.835683535962254,25.184101040196392,-27.262915835165824,3.41397752185178,1.64388532994222,,,,"90.7",1822,"6.3",718606,571466,543333,663611,621550,663538,664023,641355,670156,"54.18",,,"0",0,0,0,,69,2,"Changeup",1,5,5,1,5,1,5,1,"Infield shade","Standard",223,"0.002","-0.316",,,,,"0.316",,-4,4,0.017,0.983,30,26,30,27,1,4,2,1,3,3,"2.37","1.06","-1.06","35.3",,,,,
"FF","2023-09-12","90","1.16","5.7","Falter, Bailey",696285,663559,,"ball",,,,,12,,"R","R","L","PIT","WSH","B",,,0,0,2023,"0.31","1.43",0.7918651302814368,3.4145802342208826,,,669743,1,3,"Top",,,,,,,-1.597402727664165,-131.16487291843234,-2.857564111170377,3.895392975103953,25.970969373420512,-15.205691775088004,3.11935295548373,1.44727273151229,,,,"92.3",2006,"7.5",716620,682848,656582,678225,663647,675961,668804,669261,641943,"53.05",,,,,,,,20,1,"4-Seam Fastball",2,0,0,2,0,2,0,2,"Standard","Standard",175,"0.044","0.036",,,,,"-0.036",,2,-2,0.709,0.29100000000000004,26,23,26,24,1,0,6,1,7,1,"1.36","0.31","-0.31","56.0",,,,,
"FC","2023-09-03","90","-0.79","5.84","Anderson, Chase",624415,502624,,"ball",,,,,12,,"R","L","R","COL","TOR","B",,,1,1,2023,"0.36","0.58",0.3859372665270015,3.881054197671209,,,543807,0,3,"Top",,,,,,,2.158980480783968,-131.27369632322436,-0.286903946863414,3.8971361023082904,20.577359467156402,-25.480432675661138,3.46283050920071,1.50773897002417,,,,"90.7",2451,"6",716730,642851,660707,663898,641857,678662,666134,686668,696100,"54.51",,,,,,,,19,3,"Cutter",0,0,0,0,0,0,0,0,"Infield shade","Standard",180,"0.061","0.042",,,,,"-0.042",,0,0,0.461,0.5389999999999999,35,28,36,28,2,1,43,1,6,1,"2.17","-0.36","0.36","45.3",,,,,
"FC","2023-09-16","89.9","-2.46","5.37","Dunning, Dane",666310,641540,,"ball",,,,,14,,"R","L","R","CLE","TEX","B",,,1,0,2023,"0.08","0.71",0.8773361300819148,1.5698699254185027,,,686823,0,2,"Bot",,,,,,,8.206798916810726,-130.89500784582978,-5.131172316057367,-0.40410512949487226,21.22081447350361,-23.14609532169224,3.37293381050677,1.52303048188751,,,,"91.7",2196,"6.9",716562,641680,663993,543760,669701,608369,694497,665750,543257,"53.64",,,,,,,,14,2,"Cutter",0,0,0,0,0,0,0,0,"Infield shade","Standard",204,"-0.059","0.055",,,,,"-0.055",,0,0,0.595,0.595,28,23,29,23,1,0,5,1,6,2,"2.05","-0.08","0.08","39.5",,,,,
"FF","2023-04-01","89.9","2.79","5.59","Bumgarner, Madison",502110,518516,"truncated_pa","ball",,,,,13,,"R","R","L","LAD","AZ","B",2,,1,2,2023,"0.82","1.27",-1.015298240890973,1.3655359911379235,,,518692,2,4,"Bot",,,,,,,-11.283206005296366,-130.2898466567551,-7.239681487384149,11.69230334118681,26.170320601282018,-16.267339350348937,3.60145981456899,1.78135040927291,,,,"90.8",2043,"7",718749,672515,572233,606466,446334,605113,666971,677950,682998,"53.53",,,"0",0,0,0,,36,4,"4-Seam Fastball",5,1,5,1,1,5,5,1,"Standard","Standard",142,"-0.006","-0.207",,,,,"0.207",,4,4,0.902,0.902,33,35,34,36,3,2,,1,6,1,"1.56","0.82","-0.82","25.9",,,,,
"CH","2023-08-22","89.9","2.11","5.73","Luzardo, Jesús",665487,666200,"strikeout_double_play","swinging_strike",,,,,6,"Fernando Tatis Jr. strikes out swinging and Ha-Seong Kim caught stealing 2nd, catcher Nick Fortes to second baseman Luis Arraez to catcher Nick Fortes.","R","R","L","SD","MIA","S",2,,3,2,2023,"1.29","0.35",0.8181745165796148,2.509736435891275,,,673490,1,6,"Bot",,,,,,,-5.839414529792929,-130.8540456696989,-2.7391949128746846,16.014061984229922,27.63774890790245,-27.763731860170896,3.8,1.83,,,,"88.8",1986,"5.6",716887,663743,493329,650333,669394,542932,650559,665862,624585,"54.89",,0,"0",1,0,0,,45,7,"Changeup",0,3,0,3,3,0,0,3,"Standard","Strategic",116,"-0.068","-0.314","52.3","5.8","2.144725968",,"0.314",,-3,-3,0.175,0.175,25,24,26,24,3,2,6,1,8,1,"2.47","1.29","-1.29","38.8",3.33041306801673,48.22063411852057,24.288750453960247,46.67443214298565,6.416897335103668
"SL","2023-07-25","89.9","-2","5.95","Glasnow, Tyler",516416,607192,,"swinging_strike",,,,,14,,"R","R","R","TB","MIA","S",,,1,0,2023,"0.06","-0.01",1.3186367332681115,0.5278080201587878,,,660821,1,2,"Top",,,,,,,8.25044267110083,-130.6249163698534,-7.555877820868094,-1.0073902425231378,27.4766305443517,-30.83275975202021,3.07,1.47,,,,"91.6",2618,"7.4",717270,542194,650490,664040,670623,677551,668227,622534,670042,"53.09",,,,,,,,9,2,"Slider",0,0,0,0,0,0,0,0,"Standard","Standard",45,"0.048","-0.053","66.2","7.7","6.83463624",,"0.053",,0,0,0.493,0.507,29,33,30,33,1,0,5,2,6,3,"2.84","-0.06","-0.06","50.6",6.386012592762611,-14.58174652022392,25.469058992253387,51.629069854797606,42.06837029485516
"CH","2023-09-03","89.8","-1.62","5.94","Miller, Bobby",621566,676272,"truncated_pa","blocked_ball",,,,,14,,"R","L","R","LAD","ATL","B",2,,1,2,2023,"-1.43","0.56",0.935913543795228,0.673275663781141,,,663586,2,1,"Top",,,,,,,9.452706292749802,-130.3429307167943,-8.337427590070238,-18.272657208843256,26.43124203599151,-24.16471649510776,3.4599613317543,1.72316989878011,,,,"90.8",2454,"7",716725,669257,518692,605141,571970,500743,621035,681546,518792,"53.54",,,"0",0,0,0,,4,5,"Changeup",0,0,0,0,0,0,0,0,"Infield shade","Standard",239,"0.015","-0.207",,,,,"0.207",,0,0,0.533,0.46699999999999997,24,29,24,29,1,0,6,1,6,2,"2.27","1.43","-1.43","44.8",,,,,
"FC","2023-05-06","89.8","-2.35","5.46","Rucker, Michael",624585,621074,"strikeout_double_play","called_strike",,,,,7,"Jorge Soler called out on strikes and Jon Berti caught stealing 2nd, catcher Tucker Barnhart to second baseman Nico Hoerner to catcher Tucker Barnhart.","R","R","R","CHC","MIA","S",2,,3,2,2023,"0.23","0.22",-0.4156918888845016,2.044395382379709,,,542932,0,5,"Top",,,,,,,4.288432102799854,-130.822684022355,-3.043951385811762,1.962490642109707,23.305904987284826,-29.241434724653402,3.47911505921262,1.69797426401372,,,,"90.5",2500,"6.3",718289,571466,670223,663538,663611,621020,664023,641355,673548,"54.21",,0,"0",1,0,0,,38,6,"Cutter",1,2,2,1,2,1,2,1,"Infield shade","Standard",133,"0.087","-0.298",,,,,"0.298",,-1,1,0.317,0.683,29,31,29,31,1,2,4,1,3,1,"2.56","-0.23","-0.23","38.1",,,,,
"SL","2023-05-12","89.8","-2.64","5.71","Oviedo, Johan",683002,670912,"strikeout_double_play","called_strike",,,,,4,"Gunnar Henderson called out on strikes and Adam Frazier caught stealing 2nd, catcher Austin Hedges to shortstop Tucupita Marcano to catcher Austin Hedges.","R","L","R","BAL","PIT","S",2,,3,2,2023,"0.26","0.38",-0.618950133326929,2.42728049446953,,,624428,1,4,"Bot",,,,,,,4.523911698601515,-130.740211589022,-2.99629084827408,2.0650564345036084,27.003286668706643,-27.407362565454477,3.63733154108472,1.74808582727087,,,,"91.2",2576,"7.1",718213,595978,467793,678225,663647,672779,668804,669261,656582,"53.44",,0,"0",1,0,0,,32,7,"Slider",0,1,0,1,1,0,0,1,"Infield shade","Standard",127,"-0.077","-0.314",,,,,"0.314",,-1,-1,0.439,0.439,25,22,25,22,2,1,6,2,7,1,"2.44","-0.26","0.26","31.4",,,,,
"FS","2023-04-04","89.7","-1.9","5.63","Darvish, Yu",677950,506433,,"ball",,,,,11,,"R","L","R","SD","AZ","B",,,0,1,2023,"-1.61","1.09",-1.4237415433902272,2.7961474850918817,,,664983,1,2,"Top",,,,,,,4.617495241242217,-130.4395328859912,-3.242078016488549,-19.332177577025274,31.24971561461858,-19.314669055883034,3.14772053202747,1.52469781581511,,,,"89.4",1688,"6.4",718717,543592,572761,630105,673490,593428,665742,663757,621311,"54.05",,,,,,,,10,2,"Split-Finger",0,0,0,0,0,0,0,0,"Standard","Standard",210,"0.039","0.025",,,,,"-0.025",,0,0,0.502,0.498,36,23,37,23,1,0,,2,6,2,"1.78","1.61","-1.61","45.4",,,,,
"FC","2023-05-14","89.7","-2.37","5.84","Eflin, Zach",641432,621107,"strikeout_double_play","called_strike",,,,,1,"Willie Calhoun called out on strikes and DJ LeMahieu caught stealing 2nd, catcher Christian Bethancourt to shortstop Wander Franco to catcher Christian Bethancourt.","R","L","R","NYY","TB","S",2,,3,2,2023,"0.12","0.8",-0.7668839170342506,2.796510583541617,,,518934,1,2,"Bot",,,,,,,3.754632764512489,-130.71913482038627,-3.3391849446629216,0.6310553537066966,24.71823800341427,-22.471054661665086,3.15478129822595,1.40949363818335,,,,"91",2189,"6.8",718180,542194,670623,664040,670764,677551,668227,642350,666139,"53.72",,0,"0",1,0,0,,14,7,"Cutter",0,1,0,1,1,0,0,1,"Infield shade","Standard",187,"-0.064","-0.314",,,,,"0.314",,-1,-1,0.452,0.452,29,28,29,29,1,0,5,1,6,1,"2","-0.12","0.12","32.7",,,,,
"SI","2023-08-11","89.7","-1.98","5.92","Blackburn, Paul",608841,621112,,"ball",,,,,8,,"R","R","R","WSH","ATH","B",,,0,1,2023,"-1.05","0.8",0.029142079172794544,1.7004990932036559,,,657041,0,5,"Bot",,,,,,,7.193944647737931,-130.38326233587853,-6.1814946494425165,-13.506187843456134,25.82835695262768,-21.89285747734742,3.63728813747169,1.81564907087383,,,,"90",2079,"6.4",717043,669127,664913,680869,672478,669397,668709,665923,671732,"54.11",,,,,,,,42,2,"Sinker",3,2,3,2,2,3,3,2,"Standard","Standard",209,"-0.05","0.024",,,,,"-0.024",,1,1,0.736,0.736,29,31,30,31,3,2,6,1,5,1,"2.02","1.05","1.05","48.3",,,,,
"CH","2023-04-10","89.6","-1.61","5.78","Fulmer, Michael",669450,605242,"truncated_pa","blocked_ball",,,,,13,,"R","L","R","CHC","SEA","B",2,,0,1,2023,"-1.11","0.43",-0.17517652069084555,0.5061580072258793,,,543939,2,9,"Top",,,,,,,5.921188734870577,-130.2854237393633,-8.019024856099486,-13.828186021996828,26.00642795511663,-25.77812140406007,3.07260434499939,1.42947610632633,,,,"90.4",1774,"6.7",718628,543228,641820,663538,621550,621020,664023,641355,676369,"53.78",,,"0",0,0,0,,67,2,"Changeup",2,2,2,2,2,2,2,2,"Infield shade","Standard",224,"0.055","-0.241",,,,,"0.241",,0,0,0.584,0.41600000000000004,30,28,30,29,1,3,3,3,2,2,"2.4","1.11","-1.11","34.9",,,,,
"CH","2023-08-08","89.6","-1.34","5.93","Adam, Jason",663457,592094,,"ball",,,,,14,,"R","L","R","TB","STL","B",,,0,1,2023,"-1.48","0.32",0.2881488214743142,0.5622802595710041,,,669242,0,8,"Top",,,,,,,7.1767524869416714,-130.12098914867093,-7.893008228685466,-18.33881310621101,29.772506199061677,-26.96810554656054,3.37348587973465,1.65963908216121,,,,"89.6",2370,"6.6",717085,542194,650490,664040,670623,677551,668227,642350,666139,"53.92",,,,,,,,53,2,"Changeup",1,1,1,1,1,1,1,1,"Standard","Standard",229,"0.106","0.024",,,,,"-0.024",,0,0,0.442,0.558,31,25,32,26,1,3,2,2,3,1,"2.55","1.48","-1.48","32.2",,,,,
"SI","2023-09-01","89.6","2.32","5.23","Walter, Brandon",521692,687888,,"called_strike",,,,,8,,"R","R","L","KC","BOS","S",,,0,1,2023,"1.09","0.29",-0.08942323566990518,2.250119349436098,,,677951,1,4,"Bot",,,,,,,-8.281706295882694,-130.35186015848274,-2.0215849765789207,14.056536506381963,24.770003663721276,-28.657626227723927,3.66505864913893,1.72221012131612,,,,"90.4",2032,"6.6",716764,657136,671213,649966,646240,596115,807799,594807,657077,"53.94",,,,,,,,35,2,"Sinker",7,0,7,0,0,7,7,0,"Standard","Standard",124,"-0.003","-0.053",,,,,"0.053",,7,7,0.982,0.982,26,33,27,33,1,2,40,3,7,1,"2.53","1.09","-1.09","20.8",,,,,
"SI","2023-08-23","89.5","1.95","5.96","Quintana, Jose",607680,500779,,"ball",,,,,12,,"R","R","L","ATL","NYM","B",,,1,2,2023,"1","0.91",0.37747857404975393,4.174574093289678,,,660670,1,5,"Bot",,,,,,,-5.9995682103923365,-130.18292064254538,-0.2680590405781471,12.67158369677658,29.343922134411972,-22.051298920183687,3.21668726807836,1.57923061920348,,,,"89.2",2055,"6.3",716876,682626,624413,643446,664901,596019,542364,607043,621466,"54.18",,,,,,,,38,8,"Sinker",1,0,1,0,0,1,1,0,"Standard","Standard",154,"-0.033","0.047",,,,,"-0.047",,1,1,0.702,0.702,34,34,34,34,3,2,6,2,6,5,"1.95","1","-1","46.0",,,,,
"FF","2023-05-03","89.5","1.09","5.97","Freeland, Kyle",686894,607536,,"ball",,,,,12,,"R","R","L","COL","MIL","B",,,0,1,2023,"0.22","1.04",0.22536259610003226,3.8770241449833605,,,680911,1,3,"Top",,,,,,,-2.6056988054757984,-130.55204625914988,-1.509308878438552,2.94887498951801,22.418754229588355,-20.003601197225514,3.23888924015979,1.47184290503333,,,,"91.1",2179,"6.7",718315,553869,543068,676701,641857,678662,595777,545341,592178,"53.79",,,,,,,,16,2,"4-Seam Fastball",0,0,0,0,0,0,0,0,"Standard","Standard",152,"0.042","0.025",,,,,"-0.025",,0,0,0.502,0.498,30,24,30,24,1,0,5,1,5,1,"1.75","0.22","-0.22","28.8",,,,,
"FF","2023-09-30","89.4","1.63","6.28","Kershaw, Clayton",527038,477132,"truncated_pa","ball",,,,,2,,"R","R","L","SF","LAD","B",2,,0,1,2023,"0","1.53",0.1851991398346548,3.147375827407403,682641,,642731,2,3,"Bot",,,,,,,-3.5792132351774306,-130.07841394197146,-4.955924144159939,0.8130922331824397,27.76110613742355,-13.933801243776108,3.07357809581983,1.56010779983082,,,,"89.7",2278,"6.5",716381,605131,518692,605141,571970,621035,444482,681546,518792,"53.99",,,"0",0,0,0,,24,2,"4-Seam Fastball",1,0,1,0,0,1,1,0,"Standard","Strategic",171,"-0.039","-0.246",,,,,"0.246",,1,1,0.662,0.662,35,31,35,32,2,1,7,1,7,,"1.32","0","0","58.1",,,,,
"SL","2023-07-30","89.4","-1.98","5.84","Bard, Daniel",664913,453268,"truncated_pa","ball",,,,,13,,"R","L","R","COL","ATH","B",2,,0,0,2023,"0.4","0.29",-1.1947987860505587,2.0386744970773587,,,643393,2,8,"Top",,,,,,,1.1089992178580874,-130.40142273289845,-4.132302783005036,4.47184066014527,19.290418511856554,-28.35402417269273,3.49693304199484,1.64166305818398,,,,"90.1",,"5.9",717199,642851,669911,676701,641857,678662,666134,686668,545341,"54.57",,,"0",0,0,0,,59,1,"Slider",2,0,0,2,0,2,0,2,"Infield shade","Standard",,"0.035","-0.286",,,,,"0.286",,2,-2,0.903,0.09699999999999998,38,30,38,31,1,0,4,1,1,2,"2.48","-0.4","0.4","30.1",,,,,
"FF","2023-06-21","89.4","1.48","5.97","Hill, Rich",641820,448179,"truncated_pa","ball",,,,,12,,"R","R","L","PIT","CHC","B",2,,0,1,2023,"1.13","1.26",0.9944805569531443,2.7898433791336794,,,673548,2,1,"Top",,,,,,,-3.5753183446565115,-130.13699673537377,-4.482137620425319,13.583617068436414,27.39454110841206,-17.093068342314233,3.58931627763649,1.67777338441489,,,,"89.2",2210,"6.2",717671,595978,656582,678225,663647,666801,641943,669261,668751,"54.34",,,"0",0,0,0,,4,2,"4-Seam Fastball",0,0,0,0,0,0,0,0,"Standard","Standard",147,"0.019","-0.241",,,,,"0.241",,0,0,0.529,0.471,43,31,43,31,1,0,5,5,6,3,"1.59","1.13","-1.13","42.3",,,,,
"FC","2023-08-10","89.4","-1.39","5.37","Maton, Phil",669720,664208,"strikeout_double_play","called_strike",,,,,6,"Austin Hays called out on strikes and Adam Frazier caught stealing 2nd, catcher Yainer Diaz to second baseman Jose Altuve to catcher Yainer Diaz.","R","R","R","BAL","HOU","S",2,,3,2,2023,"0.38","0.62",0.6167946085400265,2.475951591017861,,,624428,0,7,"Bot",,,,,,,4.222672268092765,-130.24485102328455,-2.498003396953558,3.5127432460913406,26.523972134136823,-24.75782126977537,3.30121710925652,1.49784846608316,,,,"91.3",2565,"7.3",717053,673237,572138,514888,608324,665161,643289,676694,663656,"53.17",,0,"0",1,0,0,,55,6,"Cutter",5,2,5,2,2,5,5,2,"Standard","Standard",170,"-0.021","-0.298",,,,,"0.298",,3,3,0.952,0.952,30,27,30,28,1,2,4,1,1,2,"2.21","-0.38","-0.38","30.6",,,,,
"SI","2023-08-25","89.3","-2.96","5.2","Neal, Zach",660162,594943,"truncated_pa","ball",,,,,8,,"R","L","R","CWS","ATH","B",2,,0,0,2023,"-1.47","0.36",0.2732901339418632,1.8250178022657662,641313,,673357,2,1,"Bot",,,,,,,11.084902194456552,-129.58242263681166,-3.0847476142126737,-18.79328717065545,24.729160740799944,-27.63438331869841,3.38268205634774,1.53939248790851,,,,"89.9",2268,"6.6",716856,669127,676116,680869,681146,669397,643393,671732,664913,"53.86",,,"0",0,0,0,,8,1,"Sinker",0,0,0,0,0,0,0,0,"Standard","Standard",233,"-0.048","-0.299",,,,,"0.299",,0,0,0.548,0.548,34,28,35,28,1,0,5,1,5,1,"2.49","1.47","-1.47","30.9",,,,,
"SI","2023-06-10","89.3","1.56","5.56","Freeland, Kyle",593428,607536,"truncated_pa","ball",,,,,12,,"R","R","L","COL","SD","B",2,,0,0,2023,"1.07","0.34",1.9734882411342718,3.851082261678276,,,592518,2,3,"Top",,,,,,,-1.2399134727357597,-130.14356457205366,1.0247500759427757,12.512462090924485,23.36418552861764,-28.672939135098616,3.61352784308503,1.65897159295265,,,,"91.1",2353,"7",717819,553869,660707,676701,641857,678662,595777,686668,666134,"53.5",,,"0",0,0,0,,22,1,"Sinker",1,1,1,1,1,1,1,1,"Infield shade","Standard",135,"0.025","-0.286",,,,,"0.286",,0,0,0.53,0.47,30,30,30,31,2,1,6,1,5,1,"2.48","1.07","-1.07","18.5",,,,,
"CH","2023-03-31","89.3","2.48","5.59","Luzardo, Jesús",596019,666200,,"ball",,,,,13,,"R","R","L","MIA","NYM","B",,,1,1,2023,"1.32","0.77",-0.07028151444393949,0.9539545509019562,,,516782,1,4,"Top",,,,,,,-8.931839878828821,-129.54552451024412,-6.896261918656974,16.763632550732844,27.335476983209936,-22.20907947258212,3.33791599420719,1.5499994572758,,,,"88.1",2119,"5.7",718771,663743,493329,650333,516416,542932,541645,665862,624585,"54.79",,,,,,,,26,3,"Changeup",1,0,0,1,0,1,0,1,"Infield shade","Standard",113,"0.049","0.046",,,,,"-0.046",,1,-1,0.621,0.379,25,29,26,30,2,1,,1,5,1,"2.11","1.32","-1.32","31.7",,,,,
"FF","2023-06-25","89.3","-1.52","5.76","Ober, Bailey",663837,641927,"strikeout_double_play","swinging_strike",,,,,11,"Matt Vierling strikes out swinging and Nick Maton caught stealing 2nd, catcher Christian Vazquez to second baseman Kyle Farmer to catcher Christian Vazquez.","R","R","R","DET","MIN","S",2,,3,2,2023,"-0.44","1.18",-0.5457093741244203,3.8621853238375694,,,665155,1,4,"Bot",,,,,,,3.402675599678581,-130.10246766592658,-1.1915261081480095,-5.695710443074494,26.330907182559727,-18.683959761925703,3.4,1.64,,,,"91.2",2271,"7.3",717621,543877,456781,571657,668904,621043,650489,572191,608336,"53.24",,0,"0",1,0,0,,33,7,"4-Seam Fastball",3,2,3,2,2,3,3,2,"Standard","Standard",202,"-0.054","-0.314",,,,,"0.314",,1,1,0.692,0.692,27,26,28,27,2,1,5,2,6,1,"1.66","0.44","0.44","32.0",,,,,
"FC","2023-07-27","89.3","-2.25","5.83","Senga, Kodai",682928,673540,"truncated_pa","ball",,,,,8,,"R","L","R","NYM","WSH","B",2,,0,0,2023,"-0.11","1.33",-0.00956366566372241,1.5594900782176213,,,669743,2,5,"Top",,,,,,,5.773582172517241,-129.82193261197918,-7.315076273143863,-2.468595607794891,27.756392988288532,-15.81490384844139,3.43065141212252,1.4787230224705,,,,"89.7",2384,"6.6",717241,553882,624413,643446,683146,596019,592192,607043,621466,"53.89",,,"0",0,0,0,,36,1,"Cutter",0,0,0,0,0,0,0,0,"Standard","Standard",208,"0.031","-0.286",,,,,"0.286",,0,0,0.536,0.46399999999999997,30,22,30,23,3,2,6,1,6,1,"1.54","0.11","-0.11","47.7",,,,,
"SI","2023-05-19","89.2","-0.95","6.63","Elder, Bryce",553993,693821,"truncated_pa","ball",,,,,13,,"R","R","R","ATL","SEA","B",2,,0,1,2023,"-1.5","0.5",-0.29473603120742564,1.509304588019833,,,672284,2,4,"Top",,,,,,,4.7136455557757735,-129.5019820811341,-7.454788525587912,-17.79638086288951,31.120864165535746,-25.026649493457338,3.6406279920823,1.72808624458684,,,,"88",2009,"6",718110,669221,621566,645277,663586,606115,592696,671739,660670,"54.52",,,"0",0,0,0,,25,2,"Sinker",1,0,0,1,0,1,0,1,"Standard","Strategic",213,"0.024","-0.241",,,,,"0.241",,1,-1,0.661,0.33899999999999997,24,31,24,32,2,1,6,2,5,1,"2.41","1.5","1.5","52.4",,,,,
"SI","2023-06-05","89.2","-2.9","5.2","Teheran, Julio",668715,527054,"truncated_pa","ball",,,,,4,,"R","R","R","CIN","MIL","B",2,,0,1,2023,"-1.4","0.05",-0.7798822444169116,2.533894663670012,,,680574,2,1,"Bot",,,,,,,8.120813061310434,-129.6333628806153,-0.6258632800106951,-17.46489211932023,26.860566115170332,-31.68125256954644,3.17524922375242,1.53079862700949,,,,"88.9",2049,"6.1",717883,661388,642133,680911,649966,655316,663368,686894,605119,"54.36",,,"0",0,0,0,,8,2,"Sinker",0,0,0,0,0,0,0,0,"Standard","Standard",230,"-0.019","-0.241",,,,,"0.241",,0,0,0.519,0.519,32,25,32,26,1,0,5,1,5,1,"2.82","1.4","1.4","24.7",,,,,
"FF","2023-08-08","89.2","0.92","5.99","Freeland, Kyle",668930,607536,,"called_strike",,,,,1,,"R","L","L","MIL","COL","S",,,0,0,2023,"0.44","1.43",-0.35558495142833674,3.387170955452012,,,686894,1,5,"Bot",,,,,,,-4.10009364630597,-129.88262030800698,-3.4127153933584617,5.883842904154285,28.112355187523246,-15.479847669677671,3.55068965508626,1.68449405444101,,,,"90",2452,"6.8",717078,553869,660707,676701,641857,678662,666134,686668,669911,"53.7",,,,,,,,35,1,"4-Seam Fastball",1,1,1,1,1,1,1,1,"Standard","Standard",149,"-0.056","-0.042",,,,,"0.042",,0,0,0.569,0.569,30,23,30,24,2,1,6,1,5,1,"1.44","0.44","0.44","36.7",,,,,
"SL","2023-08-29","89.2","-1.64","6.08","Merryweather, Julian",592192,657240,,"called_strike",,,,,5,,"R","R","R","CHC","MIL","S",,,0,0,2023,"-0.14","-0.17",-0.1559517381471653,2.178685472748027,,,592885,1,8,"Top",,,,,,,3.942525492628477,-129.89496684019895,-3.2711874051545964,-2.3697919426164797,25.098141691689012,-33.67807617914591,3.23978384478617,1.53176199346389,,,,"89.4",2074,"6.2",716798,543228,641355,663538,600869,621020,664023,643565,673548,"54.28",,,,,,,,60,1,"Slider",1,0,0,1,0,1,0,1,"Standard","Standard",29,"0.107","-0.042",,,,,"0.042",,1,-1,0.737,0.263,31,34,32,34,1,3,5,1,1,1,"3.01","0.14","0.14","53.0",,,,,
"FC","2023-04-17","89.2","-2.52","5.53","Flaherty, Jack",672695,656427,,"ball",,,,,14,,"R","L","R","STL","AZ","B",,,0,0,2023,"0.35","0.46",1.0767274955765478,1.6460389061711656,,,677950,0,6,"Top",,,,,,,8.191625550646219,-129.6669995676957,-4.569625876732112,2.3877984632585356,25.565584964424225,-26.241340906943133,3.38967547727192,1.64787942607424,,,,"90.4",2322,"7",718538,575929,680977,669357,571448,669242,641933,663457,691023,"53.54",,,,,,,,35,1,"Cutter",0,1,1,0,1,0,1,0,"Strategic","Standard",175,"0.06","0.03",,,,,"-0.03",,-1,1,0.302,0.698,27,23,28,24,2,1,5,1,6,2,"2.4","-0.35","0.35","30.9",,,,,
"SL","2023-08-24","89.1","-1.67","5.82","Lambert, Peter",666018,663567,"strikeout_double_play","swinging_strike",,,,,3,"Jonathan Aranda strikes out swinging and Osleivis Basabe caught stealing 2nd, catcher Austin Wynns to shortstop Alan Trejo to catcher Austin Wynns.","R","L","R","TB","COL","S",2,,3,2,2023,"0.37","0.54",0.6698525701903768,3.1462930090782164,,,678545,1,4,"Bot",,,,,,,4.969468006897811,-129.64716390057887,-1.614257518071147,3.0397588300767135,29.236313390680035,-26.009734697043474,3.14,1.5,,,,"88.9",2165,"6.3",716869,642851,660707,663898,641857,676701,666134,686668,605612,"54.18",,0,"0",1,0,0,,34,10,"Slider",2,0,2,0,0,2,2,0,"Infield shade","Standard",167,"-0.04","-0.314","74.2","6.9","0.619597128",,"0.314",,2,2,0.791,0.791,26,25,26,25,2,1,6,1,5,2,"2.35","-0.37","0.37","49.5",14.096129848513835,5.944156465722672,34.93959255290149,31.592628312915586,25.395055710686123
"FC","2023-07-17","89.1","2.69","6.15","Vespi, Nick",500743,663989,,"ball",,,,,12,,"R","R","L","BAL","LAD","B",,,0,0,2023,"-0.23","0.3",1.2331125420669524,2.7834285374443324,,,545350,1,8,"Top",,,,,,,-3.068463708355323,-129.8478097419519,-2.9051254099848944,-1.9885034270056492,25.468411788158956,-28.38313896633989,3.36902930187259,1.66969261312357,,,,"88.5",2251,"5.7",717372,668939,656811,676059,602104,683002,681297,543305,623993,"54.8",,,,,,,,63,1,"Cutter",4,6,6,4,6,4,6,4,"Standard","Standard",169,"0.022","0.036",,,,,"-0.036",,-2,2,0.137,0.863,27,34,28,34,1,0,8,1,25,1,"2.55","-0.23","0.23","40.5",,,,,
"SL","2023-05-13","89.1","-1.61","6.06","Lambert, Peter",664761,663567,"strikeout_double_play","swinging_strike",,,,,3,"Alec Bohm strikes out swinging and Nick Castellanos caught stealing 2nd, catcher Elias Diaz to second baseman Alan Trejo to catcher Elias Diaz.","R","R","R","COL","PHI","S",2,,3,2,2023,"0.61","0.2",0.6885832721587054,3.0218133165341348,,,592206,1,5,"Top",,,,,,,4.382326694916735,-129.71271333025763,-1.8902275827975465,5.996922887999616,25.969001895798463,-29.690836985693327,3.46,1.55,,,,"89.6",2201,"6.5",718188,553869,543068,676701,641857,678662,595777,686668,545341,"54.02",,0,"0",1,0,0,,44,11,"Slider",3,4,4,3,4,3,4,3,"Standard","Standard",168,"0.061","-0.314",,,,,"0.314",,-1,1,0.354,0.646,26,26,26,27,2,2,3,1,3,1,"2.65","-0.61","-0.61","52.4",,,,,
"SI","2023-04-21","89","-3.68","4.18","Reed, Jake",664023,596082,"truncated_pa","ball",,,,,11,,"R","L","R","CHC","LAD","B",2,,0,1,2023,"-1.59","-0.26",-2.5044140573801954,3.3169243692622894,,,663538,2,4,"Bot",,,,,,,6.037548058085842,-129.28036139683798,4.340237550899824,-19.127366354372498,28.496243500653225,-36.254068802416164,3.45156710746554,1.58763423132916,,,,"86.3",2215,"4.8",718491,642851,518692,678246,571970,663897,681546,572204,605141,"55.7",,,"0",0,0,0,,33,2,"Sinker",5,0,5,0,0,5,5,0,"Standard","Standard",263,"-0.004","-0.241",,,,,"0.241",,5,5,0.94,0.94,30,28,31,29,1,2,,1,,1,"3.16","1.59","-1.59","-12.2",,,,,
"FF","2023-07-16","88.9","4.23","4.32","Milner, Hoby",680574,571948,,"called_strike",,,,,5,,"R","R","L","CIN","MIL","S",,,0,0,2023,"1.33","0.46",0.1275493606331941,2.026227090436468,,,669222,1,7,"Bot",,,,,,,-12.850006735401058,-128.7696163363476,-0.49357658676098176,17.465629075735034,26.754481865655535,-27.142200874687465,3.23174189653486,1.40820903041741,,,,"89",2002,"6.6",717383,661388,680911,668930,655316,642715,592885,686894,606132,"53.92",,,,,,,,58,1,"4-Seam Fastball",3,2,3,2,2,3,3,2,"Standard","Standard",100,"-0.037","-0.042",,,,,"0.042",,1,1,0.79,0.79,32,23,32,24,1,3,9,1,3,1,"2.45","1.33","-1.33","-4.7",,,,,
"FF","2023-04-02","88.9","0.82","5.68","Shuster, Jared",645302,694363,,"ball",,,,,12,,"R","R","L","WSH","ATL","B",,,2,2,2023,"0.44","1.15",0.7128316731939992,3.727640077009517,,,671277,0,4,"Bot",,,,,,,-1.191990142607534,-129.6356932696499,-1.200559195642246,5.260945637941298,25.591198431305898,-19.131413108654296,3.31757354730055,1.64366428287164,,,,"89.3",2163,"6.3",718743,669221,621566,645277,663586,606115,542303,671739,660670,"54.19",,,,,,,,33,5,"4-Seam Fastball",4,1,4,1,1,4,4,1,"Standard","Standard",148,"-0.022","0.088",,,,,"-0.088",,3,3,0.874,0.874,24,26,25,26,2,1,,1,5,1,"1.71","0.44","-0.44","39.8",,,,,
"SI","2023-05-10","88.8","3.43","5.6","Young, Danny",657077,664849,,"ball",,,,,4,,"R","L","L","ATL","BOS","B",,,0,1,2023,"1.32","0.52",-0.7778326317914483,2.3881726014418767,,,665839,1,5,"Top",,,,,,,-12.90227574773151,-128.67850819280346,-2.8557377453689723,17.235891221545334,25.07480115616795,-25.99043976037327,3.49024958169863,1.63871502871958,,,,"88",2391,"5.9",718220,518595,621566,645277,663586,606115,592696,671739,660670,"54.63",,,,,,,,35,2,"Sinker",0,2,2,0,2,0,2,0,"Standard","Standard",119,"0.03","0.025",,,,,"-0.025",,-2,2,0.25,0.75,29,27,29,27,1,2,1,1,2,2,"2.38","1.32","1.32","20.4",,,,,
"SL","2023-06-14","88.7","-1.48","6.09","Bradish, Kyle",624415,680694,"truncated_pa","ball",,,,,14,,"R","L","R","BAL","TOR","B",2,,2,2,2023,"1.05","0.21",1.7155506310399566,1.6072340316111888,,,593160,2,5,"Top",,,,,,,5.625562651196305,-129.07445355161275,-5.338205247826902,10.514253353528948,27.29602357569511,-28.94409583385718,3.37993716052483,1.65292181024811,,,,"88.9",2626,"6.4",717769,668939,623507,624428,602104,683002,669720,543305,656811,"54.07",,,"0",0,0,0,,30,7,"Slider",0,0,0,0,0,0,0,0,"Standard","Standard",70,"0.026","-0.24",,,,,"0.24",,0,0,0.541,0.45899999999999996,26,28,27,28,2,1,6,1,6,1,"2.69","-1.05","1.05","46.0",,,,,
"FC","2023-07-23","88.6","2.18","5.79","Gilbert, Tyler",668715,656457,,"ball",,,,,11,,"R","R","L","CIN","AZ","B",,,0,0,2023,"-0.27","0.74",-0.19953482169641928,3.6660833601691287,,,680574,0,6,"Bot",,,,,,,-5.249661875734396,-129.1174416402498,-0.7798049603176425,-2.1137471534397387,22.09684220556997,-23.803645968059488,3.50200319209986,1.68505660478633,,,,"89.1",2335,"6.1",717289,608348,572233,606466,446334,672695,682998,677950,686527,"54.4",,,,,,,,52,1,"Cutter",3,3,3,3,3,3,3,3,"Standard","Standard",174,"-0.08","0.03",,,,,"-0.03",,0,0,0.626,0.626,29,25,30,26,1,2,2,1,3,1,"2.11","-0.27","0.27","31.8",,,,,
"FC","2023-07-04","88.6","1.79","6.12","Miley, Wade",543228,489119,"truncated_pa","called_strike",,,,,14,,"R","R","L","MIL","CHC","S",2,,0,0,2023,"-0.08","0.87",0.8624777640745955,2.3751564805477634,,,641355,2,5,"Top",,,,,,,-2.1118486477480136,-129.08105520151767,-4.997877930377798,-0.47320375943724835,24.389252798802133,-21.604092521465873,3.36928709217334,1.65140687763364,,,,"89.5",2312,"6.6",717503,661388,642133,668930,680911,642715,592885,686894,663368,"53.95",,,"0",0,0,0,,39,1,"Cutter",0,4,4,0,4,0,4,0,"Standard","Standard",169,"0.008","-0.286",,,,,"0.286",,-4,4,0.114,0.886,36,35,37,36,3,2,6,2,5,1,"2","-0.08","0.08","49.0",,,,,
"FF","2023-09-07","88.5","3.18","5.87","Smeltzer, Devin",571970,656970,,"ball",,,,,12,,"R","L","L","MIA","LAD","B",,,0,0,2023,"0.86","1.37",1.170288946202276,2.8658440441085027,,,642708,1,6,"Top",,,,,,,-6.609702267000368,-128.74485807600632,-4.061413228013467,10.983226010561395,27.500975423192706,-16.2888617815372,3.30975723433098,1.57164580015509,,,,"87.3",2137,"5.6",716682,663743,650333,669364,669394,621563,650559,665862,660821,"54.86",,,,,,,,47,1,"4-Seam Fastball",0,6,6,0,6,0,6,0,"Standard","Standard",132,"0.004","0.036",,,,,"-0.036",,-6,6,0.027,0.973,27,32,28,33,1,3,34,1,,1,"1.55","0.86","0.86","30.0",,,,,
"FC","2023-09-05","88.5","-2.05","5.3","Ramírez, Erasmo",678882,541640,,"ball",,,,,8,,"R","R","R","TB","BOS","B",,,1,0,2023,"-0.26","1.01",-0.10690469508086725,1.5704079629396073,,,596115,1,11,"Top",,,,,,,5.296243534171778,-128.83617175169977,-5.142562799402248,-3.9439335741145163,26.240844771614412,-20.107218393694296,3.43505645077758,1.58035364552895,,,,"88.7",2343,"6.4",716716,542194,650490,664040,670623,660644,668227,642350,666139,"54.15",,,,,,,,91,2,"Cutter",5,6,6,5,6,5,6,5,"Standard","Standard",204,"0.065","0.054",,,,,"-0.054",,-1,1,0.357,0.643,33,22,33,23,1,5,1,3,11,1,"1.9","0.26","0.26","40.9",,,,,
"FC","2023-05-21","88.3","-0.55","6.07","Coulombe, Danny",595281,543056,,"ball",,,,,1,,"R","L","L","TOR","BAL","B",,,0,0,2023,"-0.57","0.58",-0.629537494831087,3.496898045705831,,,624415,1,8,"Bot",,,,,,,0.9838292409259461,-128.7233591206835,-1.4278419604817867,-6.610509104804556,25.015592470134354,-25.607239213149594,3.84736718193231,1.8361766534079,,,,"87.3",2733,"5.4",718087,543510,663624,624428,683002,687401,669720,656775,623993,"55.07",,,,,,,,68,1,"Cutter",2,2,2,2,2,2,2,2,"Standard","Standard",200,"-0.08","0.036",,,,,"-0.036",,0,0,0.608,0.608,33,33,34,33,1,3,3,1,3,1,"2.32","-0.57","-0.57","52.2",,,,,
"FC","2023-09-10","88.3","-1.9","5.7","Leiter Jr., Mark",682998,643410,,"ball",,,,,11,,"R","L","R","CHC","AZ","B",,,0,0,2023,"0.54","0.57",-0.7217559150929485,3.395771579250093,,,672695,1,7,"Top",,,,,,,1.7766587167178185,-128.85938131325366,-0.8578628436392189,5.761579078934627,21.651868355814894,-25.70839011905444,3.02164790969193,1.39186607977409,,,,"89.7",2211,"6.5",716638,543228,641355,663538,663611,621020,664023,643565,673548,"53.96",,,,,,,,56,1,"Cutter",5,2,2,5,2,5,2,5,"Infield shade","Standard",174,"0.042","0.036",,,,,"-0.036",,3,-3,0.89,0.10999999999999999,32,22,32,23,1,3,2,1,6,1,"2.29","-0.54","0.54","46.4",,,,,
"FC","2023-07-05","88.2","-1.97","5.92","Anderson, Chase",547989,502624,,"swinging_strike",,,,,14,,"R","R","R","HOU","COL","S",,,1,1,2023,"0.43","0.7",1.2538699440945038,1.8904899299493931,,,663656,0,4,"Bot",,,,,,,6.902637173370585,-128.29219438196503,-5.13328748425328,3.2998782823655697,26.099648751600306,-23.587925547249746,3.42,1.61,,,,"87.7",2477,"5.9",717489,553869,666134,605612,641857,678662,595777,545341,592178,"54.56",,,,,,,,27,3,"Cutter",1,0,1,0,0,1,1,0,"Standard","Strategic",169,"-0.057","-0.059",,,,,"0.059",,1,1,0.716,0.716,35,36,36,36,2,1,6,1,11,1,"2.23","-0.43","-0.43","49.7",,,,,
"FC","2023-06-02","88.2","-1.62","5.19","Gray, Josiah",656941,680686,"truncated_pa","ball",,,,,12,,"R","L","R","WSH","PHI","B",2,,0,1,2023,"0.31","0.63",0.9886919777459664,3.512023816909569,,669016,656403,2,2,"Top",,,,,,,5.65700473908813,-128.45056290149392,0.6689833454097666,2.270308587348562,26.102571876048586,-25.492295374362484,3.41851375123867,1.64073440289657,,,,"87.5",2082,"5.7",717935,660688,642086,671277,600869,682928,572816,669743,657041,"54.77",,,"0",0,0,0,,16,2,"Cutter",2,0,0,2,0,2,0,2,"Standard","Standard",205,"0.037","-0.257",,,,,"0.257",,2,-2,0.71,0.29000000000000004,25,30,26,30,2,1,6,1,7,1,"2.29","-0.31","0.31","37.5",,,,,
"SL","2023-08-19","88.2","-1.84","5.65","Darvish, Yu",502054,506433,,"ball",,,,,11,,"R","R","R","SD","AZ","B",,,2,2,2023,"0.52","0.2",-0.20159955375508049,4.491346614882879,,,682998,1,1,"Top",,,,,,,2.7376476060232777,-128.3332785535191,2.8936467201473524,5.1172826217151695,27.471023245010667,-30.820346722683297,3.4092080478313,1.61937263829726,,,,"88.3",2855,"6.4",716931,596142,630105,673490,592518,593428,592325,663757,665487,"54.06",,,,,,,,3,7,"Slider",0,0,0,0,0,0,0,0,"Standard","Standard",127,"0.034","0.084",,,,,"-0.084",,0,0,0.502,0.498,36,35,37,35,1,0,5,0,6,2,"2.74","-0.52","-0.52","41.3",,,,,
"FC","2023-05-12","88.2","-1.33","5.73","Gibaut, Ian",680814,664139,,"ball",,,,,12,,"R","R","R","MIA","CIN","B",,,0,0,2023,"0.48","0.6",1.2097675223019246,3.7858103782233243,,,516416,1,8,"Bot",,,,,,,5.267203472479382,-128.43363533131534,0.12201160793432186,4.233458287878193,26.30680410358587,-25.795782977544924,3.23081989822454,1.54047720542532,,,,"89.7",2294,"7.2",718212,663886,668715,663697,669222,676480,641584,656413,571976,"53.35",,,,,,,,68,1,"Cutter",4,4,4,4,4,4,4,4,"Standard","Standard",149,"-0.08","0.036",,,,,"-0.036",,0,0,0.608,0.608,29,26,30,26,1,3,2,2,1,1,"2.33","-0.48","-0.48","48.2",,,,,
"CH","2023-05-22","88.1","2.58","5.78","Minter, A.J.",502110,621345,,"ball",,,,,14,,"R","R","L","ATL","LAD","B",,,1,2,2023,"1.2","0.09",1.1892344937257802,1.644659941751033,,,571970,1,7,"Top",,,,,,,-5.846014873637539,-128.27843439805153,-4.1494322838104845,14.480020804368088,24.829386484486214,-30.603895560732695,3.63948984282678,1.71976540194056,,,,"88",1617,"6.1",718074,669221,621566,645277,663586,606115,592696,671739,660670,"54.44",,,,,,,,59,5,"Changeup",5,7,7,5,7,5,7,5,"Standard","Strategic",118,"0.023","0.047",,,,,"-0.047",,-2,2,0.19,0.81,29,35,30,36,1,3,2,1,3,1,"2.83","1.2","-1.2","44.4",,,,,
"SL","2023-05-21","88.1","-2.69","6.12","Greene, Hunter",543309,668881,,"swinging_strike",,,,,2,,"R","R","R","CIN","NYY","S",,,0,0,2023,"0.56","0.27",0.03647210625004765,2.8284390713938934,,,643396,1,3,"Top",,,,,,,5.448673527771985,-128.378076966967,-2.543237960549234,5.28281037321399,23.387713429134212,-28.920232488231505,3.3,1.52,,,,"88.3",2334,"6",718085,571912,668715,621028,669222,680574,641584,656413,666181,"54.45",,,,,,,,18,1,"Slider",1,0,0,1,0,1,0,1,"Standard","Standard",129,"0.05","-0.042",,,,,"0.042",,1,-1,0.609,0.391,23,33,24,33,1,0,6,2,5,2,"2.63","-0.56","-0.56","30.9",,,,,
"SI","2023-09-18","88.1","-1.42","5.3","Singer, Brady",686823,663903,,"called_strike",,,,,9,,"R","L","R","KC","CLE","S",,,0,0,2023,"-1.09","0.58",0.6740724072929651,1.8701396324074615,,,665926,1,6,"Top",,,,,,,7.413882135208914,-128.1846331708594,-3.525031260640478,-13.531291917745593,24.25783988643557,-25.217035873618872,3.56054087584705,1.70084971569097,,,,"89.1",2210,"6.7",716529,682515,668472,686681,672580,677951,669004,664728,671221,"53.79",,,,,,,,44,1,"Sinker",1,4,4,1,4,1,4,1,"Standard","Standard",205,"0.022","-0.042",,,,,"0.042",,-3,3,0.136,0.864,26,25,27,25,3,2,6,1,,1,"2.33","1.09","-1.09","28.4",,,,,
"SL","2023-06-15","88.1","2.56","5.49","Lovelady, Richard",666139,663992,"truncated_pa","ball",,,,,13,,"R","L","L","ATH","TB","B",2,,0,0,2023,"-0.38","0.22",-1.7268645089533499,1.7416619101064703,,,642336,2,6,"Top",,,,,,,-9.7699949722271,-128.0134989416555,-3.5101259572740267,-2.2614481122974626,25.119020225608587,-29.226384631528063,3.8000372016682,1.83421744186557,,,,"89.6",2487,"7.2",717756,542208,676116,643393,607054,675656,667670,665923,668709,"53.3",,,"0",0,0,0,,50,1,"Slider",3,3,3,3,3,3,3,3,"Standard","Standard",168,"0.036","-0.286",,,,,"0.286",,0,0,0.54,0.45999999999999996,27,25,28,25,1,3,4,1,17,1,"2.71","-0.38","-0.38","23.5",,,,,
"FF","2023-05-09","88.1","-2.47","5.69","Rucinski, Drew",641343,607968,,"ball",,,,,14,,"R","L","R","NYY","ATH","B",,,2,1,2023,"-0.14","1.07",1.1098689233778296,2.169435680482904,,,664056,1,5,"Bot",,,,,,,9.039132493935819,-127.90881534094092,-4.647339350605137,-3.518403300921928,28.20225296103016,-19.624977373998657,3.32904378002649,1.59493669227826,,,,"88.4",2082,"6.8",718247,669127,676116,672478,607054,669397,643393,665923,668709,"53.74",,,,,,,,45,4,"4-Seam Fastball",7,2,7,2,2,7,7,2,"Infield shade","Standard",220,"-0.007","0.1",,,,,"-0.1",,5,5,0.962,0.962,34,27,35,28,3,2,5,2,6,1,"1.89","0.14","-0.14","40.1",,,,,
"SL","2023-07-14","88.1","-1.45","6.77","Stripling, Ross",669261,548389,"truncated_pa","ball",,,,,13,,"R","L","R","PIT","SF","B",2,,1,0,2023,"0.26","0.49",-1.361128192519794,2.319005396900041,,,672779,2,3,"Bot",,,,,,,-0.3107360839701013,-128.4294310769785,-5.817610579506005,2.9712201026906495,22.49130595777345,-25.854696981820954,3.39313758763262,1.62595776055846,,,,"88.3",2312,"6",717416,672275,527038,669477,605204,543063,596103,682641,624424,"54.53",,,"0",0,0,0,,23,2,"Slider",0,0,0,0,0,0,0,0,"Standard","Standard",178,"-0.028","-0.316",,,,,"0.316",,0,0,0.528,0.528,33,24,34,25,2,1,7,5,5,1,"2.4","-0.26","0.26","57.2",,,,,
"FS","2023-05-11","88","-2.55","5.55","Eovaldi, Nathan",672478,543135,"truncated_pa","swinging_strike",,,,,8,,"R","R","R","ATH","TEX","S",2,,0,1,2023,"-1.08","-0.08",-0.07200239361446004,1.3511778550310236,,,669127,2,2,"Bot",,,,,,,8.335647781985312,-127.94086488962219,-3.9594822780547143,-13.57857352579481,25.11161492078294,-32.415919234143004,3.14,1.46,,,,"88.9",1519,"6.8",718217,641680,663993,543760,673962,677649,543257,665750,666969,"53.69",,,"0",0,0,0,,13,2,"Split-Finger",0,0,0,0,0,0,0,0,"Standard","Standard",241,"-0.02","-0.241",,,,,"0.241",,0,0,0.52,0.52,33,22,33,23,1,0,5,1,6,1,"3.01","1.08","1.08","32.3",,,,,
"SI","2023-07-04","88","-2.68","5.86","Hendricks, Kyle",686894,543294,"truncated_pa","swinging_strike",,,,,7,,"R","R","R","MIL","CHC","S",2,,0,1,2023,"-0.94","0.71",-0.3153571759042705,2.046718195795662,,,668930,2,5,"Bot",,,,,,,7.616056743675916,-127.96953689227648,-4.636184365168684,-11.825836618434742,25.05069658049673,-23.550095104844605,3.29,1.57,,,,"87.7",2100,"6",717503,665804,641820,663538,666624,621020,664023,641355,673548,"54.51",,,"0",0,0,0,,44,2,"Sinker",1,4,1,4,4,1,1,4,"Standard","Standard",215,"-0.02","-0.241",,,,,"0.241",,-3,-3,0.157,0.157,33,24,34,24,2,1,5,1,5,1,"2.22","0.94","0.94","42.7",,,,,
"FC","2023-05-06","88","-2.12","5.69","Rasmussen, Drew",543309,656876,"truncated_pa","blocked_ball",,,,,14,,"R","R","R","TB","NYY","B",2,,0,0,2023,"0.3","0.02",1.2318829694664621,1.0893669169112443,,,643396,2,5,"Top",,,,,,,7.549845020963312,-127.98142180090721,-5.092368793269075,1.73936763585343,26.88080374051067,-31.0973803922214,3.27698863610332,1.54939104977556,,,,"88.5",2744,"6.6",718291,542194,650490,664040,670764,677551,670042,622534,666139,"53.86",,,"0",0,0,0,,35,1,"Cutter",2,0,0,2,0,2,0,2,"Infield shade","Standard",70,"0.028","-0.286",,,,,"0.286",,2,-2,0.784,0.21599999999999997,27,33,28,33,2,1,6,1,5,4,"2.93","-0.3","-0.3","53.6",,,,,
"SI","2023-09-29","87.8","2.5","5.82","Vasquez, Andrew",665926,607755,,"called_strike",,,,,7,,"R","L","L","DET","CLE","S",,,1,0,2023,"1.39","0.13",-0.6833113107207098,1.8453509348622488,,,657656,1,4,"Top",,,,,,,-10.610383731207193,-127.40068656311512,-3.7574238430076585,17.24048068734388,25.193244657227158,-30.20655933969285,3.20381425449252,1.5055639632214,,,,"88.2",2198,"6.6",716395,668670,679529,656716,663837,595879,668731,678009,681481,"53.87",,,,,,,,37,2,"Sinker",2,7,7,2,7,2,7,2,"Infield shade","Standard",124,"0.012","-0.053",,,,,"0.053",,-5,5,0.078,0.922,29,24,30,25,1,2,33,3,1,1,"2.84","1.39","1.39","27.4",,,,,
"FC","2023-06-13","87.7","-1.19","5.95","Taillon, Jameson",595978,592791,"truncated_pa","ball",,,,,14,,"R","R","R","CHC","PIT","B",2,,1,1,2023,"0.42","0.82",1.576636233705879,1.7202353467709657,,,678225,2,4,"Top",,,,,,,5.859608638378231,-127.5078979555778,-5.826142132593517,3.389987354374398,25.39532981899863,-22.279278444925055,3.2447905587823,1.47799896908158,,,,"88.4",2440,"6.7",717782,571466,670223,663538,663611,621020,664023,643565,673548,"53.82",,,"0",0,0,0,,31,3,"Cutter",3,2,2,3,2,3,2,3,"Infield shade","Standard",187,"0.027","-0.266",,,,,"0.266",,1,-1,0.658,0.34199999999999997,31,30,32,31,2,1,6,2,5,1,"2.15","-0.42","-0.42","43.0",,,,,
"SL","2023-10-01","87.6","-2.72","5.7","Greene, Hunter",663457,668881,,"called_strike",,,,,4,,"R","L","R","STL","CIN","S",,,2,1,2023,"0.62","0.05",-0.43120390737462827,2.6200442384848954,,,669242,1,4,"Bot",,,,,,,4.225950841967339,-127.59857056108793,-1.4151691603117023,5.954961594746715,26.282144146870312,-31.54549893596508,3.18341484757433,1.53595475193266,,,,"87.6",2374,"6.2",716353,571912,663886,669222,682622,682829,605361,656413,666181,"54.28",,,,,,,,36,4,"Slider",4,2,4,2,2,4,4,2,"Infield shade","Standard",125,"-0.031","-0.054",,,,,"0.054",,2,2,0.789,0.789,23,25,24,26,3,2,5,1,,,"2.91","-0.62","0.62","25.9",,,,,
"SL","2023-09-06","87.6","-2.11","5.84","Lange, Alex",665828,656638,,"called_strike",,,,,6,,"R","L","R","NYY","DET","S",,,0,0,2023,"-0.15","-0.47",0.5080755454770995,2.0662499943708212,,,672724,0,8,"Bot",,,,,,,6.676527393936401,-127.4232173439296,-1.9860668994418196,-3.055883958836462,27.193155305533153,-37.12131787624204,2.89081455903517,1.57975959233113,,,,"87.9",2119,"6.6",716694,608348,679529,670097,686531,595879,663837,678009,628451,"53.92",,,,,,,,68,1,"Slider",4,3,4,3,3,4,4,3,"Strategic","Standard",25,"-0.035","-0.036",,,,,"0.036",,1,1,0.886,0.886,27,24,28,24,1,3,3,3,3,2,"3.46","0.15","-0.15","39.6",,,,,
"SL","2023-09-29","87.6","-1.51","6.01","Alzolay, Adbert",605170,640470,"truncated_pa","called_strike",,,,,4,,"R","L","R","MIL","CHC","S",2,,1,0,2023,"0.65","0.68",-0.7572909271493118,2.546147307610129,,,669003,2,8,"Bot",,,,,,,0.4656276789591059,-127.64417939007524,-3.689320883627075,7.034845985437749,25.32747221886258,-24.161374556014415,3.33423710525074,1.36325621963835,,,,"87.9",2283,"6.3",716385,543228,641355,621550,600869,621020,664023,643565,673548,"54.15",,,"0",0,0,0,,64,2,"Slider",3,2,3,2,2,3,3,2,"Standard","Standard",176,"-0.016","-0.316",,,,,"0.316",,1,1,0.851,0.851,28,29,28,30,1,3,20,2,,1,"2.27","-0.65","0.65","37.7",,,,,
"CH","2023-07-28","87.6","-1.46","5.07","Webb, Logan",807799,657277,,"ball",,,,,13,,"R","L","R","SF","BOS","B",,,0,1,2023,"-1.28","0.02",-0.8484338180243067,2.1565808852425454,,,680776,1,3,"Top",,,,,,,4.164533116979408,-127.61798294636542,-0.9852312658520143,-14.84929741706015,24.274760260876636,-32.01913867698155,3.41872521911072,1.43889058921228,,,,"88.8",1382,"6.8",717220,672275,527038,689172,605204,682617,624424,682641,573262,"53.69",,,,,,,,18,2,"Changeup",0,1,1,0,1,0,1,0,"Infield shade","Standard",268,"0.037","0.025",,,,,"-0.025",,-1,1,0.39,0.61,26,29,27,30,2,1,6,2,5,1,"2.93","1.28","-1.28","18.7",,,,,
"SL","2023-09-03","87.6","2.56","6.29","Banks, Tanner",668731,621383,"truncated_pa","ball",,,,,13,,"R","L","L","CWS","DET","B",2,,1,2,2023,"-0.39","0.51",-1.5305791929603432,1.6496889610943701,,,663527,2,4,"Top",,,,,,,-9.044112980632615,-127.27259021395538,-6.175392548081216,-2.6625263112237643,22.797774265043227,-25.570903817256585,3.31938521639127,1.55476186001506,,,,"87.8",2463,"6.2",716734,686676,683734,462101,660162,641313,643217,572204,693049,"54.31",,,"0",0,0,0,,33,5,"Slider",2,2,2,2,2,2,2,2,"Standard","Standard",211,"0.02","-0.207",,,,,"0.207",,0,0,0.54,0.45999999999999996,31,24,32,25,1,2,5,1,6,2,"2.44","-0.39","-0.39","48.5",,,,,
"SL","2023-09-30","87.4","-2.04","5.68","Abreu, Bryan",672515,650556,,"called_strike",,,,,14,,"R","R","R","AZ","HOU","S",,,2,0,2023,"0.58","-0.42",0.8889810108511499,1.9239857047850486,,,664983,0,9,"Bot",,,,,,,5.867062265532974,-127.16122322725553,-1.978287545750613,4.931520102824794,28.045160520573834,-36.52455164888346,3.40383020076442,1.57285481795741,,,,"87.3",2938,"6.4",716370,455117,547989,514888,608324,665161,676801,643289,663656,"54.12",,,,,,,,68,3,"Slider",0,1,0,1,1,0,0,1,"Standard","Strategic",62,"-0.267","-0.055",,,,,"0.055",,-1,-1,0.392,0.392,26,23,26,23,1,3,3,1,7,3,"3.43","-0.58","-0.58","42.0",,,,,
"CH","2023-04-22","87.4","-2","4.82","Uceta, Edwin",543063,670955,"truncated_pa","blocked_ball",,,,,14,,"R","L","R","SF","NYM","B",2,,1,2,2023,"-1.18","0.07",0.038479990512267026,0.7893533110345636,,,681584,2,7,"Bot",,,,,,,7.3927764787145325,-127.14564150772753,-3.7595273267511615,-14.262179951367417,25.129081541251008,-30.855111748319587,3.17919153985857,1.55679783995951,,,,"88.2",2197,"6.7",718478,621512,624413,643446,683146,596019,592192,607043,516782,"53.8",,,"0",0,0,0,,58,4,"Changeup",7,2,7,2,2,7,7,2,"Infield shade","Standard",249,"-0.001","-0.207",,,,,"0.207",,5,5,0.983,0.983,25,36,25,36,1,3,,2,,1,"2.91","1.18","-1.18","19.9",,,,,
"SL","2023-08-16","87.3","-1.74","5.57","Gray, Jon",545341,592351,,"called_strike",,,,,1,,"R","R","R","TEX","LAA","S",,,1,0,2023,"0.52","0.11",-0.3631453584181373,3.0171838000251867,,,500871,1,7,"Top",,,,,,,2.2281028977667168,-127.26086069338838,-0.2696526191581824,5.256234757612302,25.224981081070467,-31.09008097532879,3.18797112546955,1.51999727171914,,,,"87.5",2235,"6.2",716971,641598,663993,543760,677649,608369,608671,665750,666969,"54.26",,,,,,,,48,2,"Slider",0,1,1,0,1,0,1,0,"Infield shade","Strategic",140,"0.05","-0.053",,,,,"0.053",,-1,1,0.302,0.698,31,31,32,32,3,2,5,1,6,2,"2.86","-0.52","-0.52","32.0",,,,,
"SL","2023-08-05","87.3","-1.8","5.6","Gray, Jon",542932,592351,"truncated_pa","called_strike",,,,,2,,"R","R","R","TEX","MIA","S",2,,0,0,2023,"0.3","0.19",-0.020009328990777675,2.8624267224522963,,,665862,2,3,"Top",,,,,,,3.6642973358051325,-127.09179917122864,-0.8344088968158474,2.5124178677471343,25.724572065930182,-30.2051531807126,3.33910601221994,1.53000192422754,,,,"87.5",2218,"6.4",717124,595978,663993,543760,673962,608369,677649,665750,666969,"54.13",,,"0",0,0,0,,23,1,"Slider",0,3,3,0,3,0,3,0,"Standard","Standard",137,"0.014","-0.286",,,,,"0.286",,-3,3,0.222,0.778,31,33,32,33,2,1,12,1,6,1,"2.8","-0.3","-0.3","32.3",,,,,
"FC","2023-05-20","87.3","-2.4","5.83","Eflin, Zach",621438,621107,,"called_strike",,,,,5,,"R","R","R","TB","MIL","S",,,0,0,2023,"0.34","0.46",0.0812779704520766,2.598037141464402,,,668930,0,3,"Top",,,,,,,5.290116656191275,-127.18331147677833,-2.611407923034475,2.6706876476538257,24.7420192888627,-26.901962414318373,3.16495580245253,1.55999976708446,,,,"87.8",2208,"6.4",718093,542194,650490,670764,670623,677551,668227,642350,622534,"54.05",,,,,,,,20,1,"Cutter",4,1,1,4,1,4,1,4,"Standard","Standard",193,"0.061","-0.036",,,,,"0.036",,3,-3,0.757,0.243,29,29,29,29,1,0,6,1,5,2,"2.52","-0.34","-0.34","30.2",,,,,
"FC","2023-07-07","87.3","2.4","5.71","Minter, A.J.",622534,621345,,"swinging_strike",,,,,14,,"R","R","L","TB","ATL","S",,,0,1,2023,"-0.42","0.23",0.07816737282783065,0.6380069199746239,,,623912,1,7,"Bot",,,,,,,-4.724929721122107,-127.10915853919707,-6.596837623436593,-3.686717737097569,24.338517489718587,-28.568401600279945,3.41,1.62,,,,"87.7",2543,"6.4",717460,669221,621566,645277,663586,606115,592696,671739,660670,"54.12",,,,,,,,50,2,"Cutter",1,2,1,2,2,1,1,2,"Infield shade","Standard",243,"-0.092","-0.053",,,,,"0.053",,-1,-1,0.361,0.361,29,28,30,29,1,0,4,1,1,1,"2.74","-0.42","0.42","42.4",,,,,
"FC","2023-08-24","87.2","1.92","5.58","Zastryzny, Rob",673548,642239,"truncated_pa","ball",,,,,12,,"R","R","L","PIT","CHC","B",2,,2,1,2023,"0.05","0.62",1.189613696738567,2.961087761639138,,,641355,2,1,"Top",,,,,,,-1.8870394985720833,-127.2061646601523,-1.5130733946886052,0.9136439772109562,22.6131235444916,-25.33688579502151,3.17116827470816,1.4212539358997,,,,"88.7",2391,"6.8",716870,682848,663845,681962,663647,675961,641943,678225,656582,"53.69",,,"0",0,0,0,,5,4,"Cutter",0,1,1,0,1,0,1,0,"Standard","Standard",212,"0.023","-0.303",,,,,"0.303",,-1,1,0.425,0.575,31,28,31,29,1,0,70,1,2,1,"2.33","0.05","-0.05","40.6",,,,,
"SL","2023-05-12","87.2","-0.64","6.69","Baker, Bryan",595978,641329,"truncated_pa","called_strike",,,,,11,,"R","R","R","BAL","PIT","S",2,,0,0,2023,"0.62","0.76",-0.34661941684465747,3.3297170657624307,,,678225,2,7,"Top",,,,,,,-0.5595418843067573,-127.11870292499742,-3.5919628700172006,6.862977828708148,21.997700534311242,-23.42140274554912,3.18797943338934,1.53565787891232,,,,"88.3",2308,"6.5",718213,668939,663624,624428,683002,622761,669720,656775,669065,"53.97",,,"0",0,0,0,,53,1,"Slider",1,2,2,1,2,1,2,1,"Standard","Standard",167,"0.026","-0.286",,,,,"0.286",,-1,1,0.338,0.6619999999999999,28,30,29,31,1,2,4,2,3,2,"2.19","-0.62","-0.62","57.7",,,,,
"PO","2023-06-17","87.1","-4.19","2.2","Cimber, Adam",665750,643256,"truncated_pa","pitchout",,,,,11,,"R","L","R","TEX","TOR","B",2,,0,2,2023,"-1.04","0.32",-2.203550036900144,3.7381750218258785,,,677649,2,8,"Bot",,,,,,,6.923655388538904,-126.39190680993109,9.25403523045545,-12.499375152023736,24.54729047037493,-30.800591970497567,3.65,1.79,,,,"87.5",2026,"6.6",717723,643376,624415,593160,656305,666182,662139,595281,543807,"53.91",,,"0",0,0,0,,66,4,"Pitch Out",4,2,4,2,2,4,4,2,"Infield shade","Standard",282,"-0.004","-0.187",,,,,"0.187",,2,2,0.928,0.928,32,24,33,25,1,3,7,1,1,1,"2.69","1.04","-1.04","-26.6",,,,,
"CH","2023-04-21","87.1","2.32","5.52","Kikuchi, Yusei",518934,579328,"truncated_pa","ball",,,,,12,,"R","R","L","NYY","TOR","B",2,,2,2,2023,"0.6","0.09",1.8114984022054519,3.4468997243563075,,,650402,2,3,"Bot",,,,,,,-2.472335045482699,-126.72972862268017,1.110104449643395,6.992498310405141,29.416428952297643,-31.743316501766813,3.41903058658708,1.66021358931683,,,,"87.3",1378,"6.7",718487,643376,474832,624415,656305,666182,662139,595281,543807,"53.75",,,"0",0,0,0,,28,6,"Changeup",1,2,1,2,2,1,1,2,"Strategic","Standard",140,"-0.023","-0.24",,,,,"0.24",,-1,-1,0.4,0.4,32,34,32,35,2,1,6,1,5,1,"2.95","0.6","-0.6","44.0",,,,,
"FS","2023-05-26","87.1","-2.19","6.45","Walker, Taijuan",645277,592836,"truncated_pa","swinging_strike",,,,,13,,"R","L","R","ATL","PHI","S",2,,1,1,2023,"-0.96","0.36",-0.44480270019180224,1.2318905136597342,,,592696,2,6,"Bot",,,,,,,6.103874596468361,-126.59519902199115,-7.094781902405366,-11.50781769397811,24.138459663017045,-27.04374561066854,3.18,1.6,,,,"86.7",1375,"6",718019,592663,664761,681082,543281,607208,656941,669016,592206,"54.55",,,"0",0,0,0,,52,3,"Split-Finger",3,4,3,4,4,3,3,4,"Infield shade","Standard",231,"-0.039","-0.266",,,,,"0.266",,-1,-1,0.347,0.347,30,26,31,26,3,2,5,1,6,1,"2.63","0.96","-0.96","37.9",,,,,
"SL","2023-09-27","87","-1.47","5.32","Sheehan, Emmet",663898,686218,"truncated_pa","ball",,,,,14,,"R","R","R","COL","LAD","B",2,,0,1,2023,"0.28","0.17",1.4235848818277599,2.1189146744653597,678662,,666134,2,3,"Bot",,,,,,,6.427359351922272,-126.63619843052376,-1.8862301969211472,1.7707037095574947,24.601877683733054,-30.161709402725023,3.25605116193066,1.50201416068923,,,,"88.1",2213,"6.8",716406,669257,518692,605141,571970,500743,444482,681546,518792,"53.65",,,"0",0,0,0,,24,2,"Slider",1,1,1,1,1,1,1,1,"Standard","Strategic",152,"-0.047","-0.246",,,,,"0.246",,0,0,0.547,0.547,23,26,24,27,2,1,6,1,10,1,"2.83","-0.28","-0.28","31.1",,,,,
"SL","2023-10-01","87","-1.96","5.91","Jackson, Andre",663743,656578,"truncated_pa","ball",,,,,12,,"R","R","R","PIT","MIA","B",2,,0,1,2023,"0.09","0.59",1.0072536544932478,2.9456270330363417,,,621563,2,2,"Top",,,,,,,7.004002635097666,-126.68813334471231,-2.226007389236923,-0.33857604337535285,23.059336522194744,-25.57091242865893,3.2123276736802,1.40953351572333,,,,"88.1",2272,"6.7",716362,641511,656582,693304,669707,678894,669261,678225,609280,"53.83",,,"0",0,0,0,,11,2,"Slider",0,0,0,0,0,0,0,0,"Standard","Standard",191,"0.02","-0.241",,,,,"0.241",,0,0,0.531,0.469,27,26,27,27,1,0,7,2,,2,"2.39","-0.09","-0.09","57.9",,,,,
"FC","2023-09-19","87","2.36","5.32","Allen, Logan",676369,671106,,"called_strike",,,,,2,,"R","R","L","KC","CLE","S",,,0,0,2023,"-0.41","0.73",0.14766529569497971,3.084909426893711,,,658668,1,1,"Bot",,,,,,,-4.475576793784031,-126.77186292823428,-0.7321303874088503,-3.552118938414897,24.218990235343803,-24.339392599913207,3.58884811569911,1.81629265276612,,,,"87.5",2272,"6.4",716517,666310,647304,665926,608070,672356,680757,657656,686823,"54.14",,,,,,,,10,1,"Cutter",2,0,2,0,0,2,2,0,"Standard","Standard",178,"-0.03","-0.042",,,,,"0.042",,2,2,0.734,0.734,24,24,25,25,1,0,6,1,,1,"2.26","-0.41","0.41","40.9",,,,,
"SL","2023-08-15","86.9","-1.79","5.42","Hancock, Emerson",686681,676106,,"ball",,,,,14,,"R","L","R","KC","SEA","B",,,0,0,2023,"-0.12","0.5",0.703611428891714,0.8155715617810033,,,672580,1,1,"Bot",,,,,,,6.194068349410465,-126.37001158903416,-5.923667181992773,-2.382674135350444,23.213901446109325,-25.835877106644364,3.54015233806504,1.68456731848303,,,,"87.1",2102,"6.3",716981,663728,664034,668942,553993,676609,686527,677594,606192,"54.25",,,,,,,,6,1,"Slider",0,0,0,0,0,0,0,0,"Infield shade","Standard",212,"-0.04","0.036",,,,,"-0.036",,0,0,0.551,0.551,24,25,24,25,1,0,6,1,5,1,"2.5","0.12","-0.12","24.4",,,,,
"CH","2023-06-02","86.9","-1.31","5.14","Webb, Logan",624428,657277,,"ball",,,,,4,,"R","L","R","SF","BAL","B",,,1,0,2023,"-1.22","-0.47",-0.8092968299129604,1.994889612320704,,,622761,1,5,"Top",,,,,,,3.802235423926306,-126.53692412787545,-0.38201543017883766,-13.853556621100136,26.37425491120382,-37.31174607332379,3.03939666417941,1.38703986001121,,,,"88.9",1611,"7.5",717920,672275,664774,669477,605204,543063,571745,689172,573262,"52.96",,,,,,,,35,2,"Changeup",2,2,2,2,2,2,2,2,"Standard","Standard",272,"0.055","0.054",,,,,"-0.054",,0,0,0.492,0.508,26,31,27,32,3,2,6,2,5,1,"3.49","1.22","-1.22","20.7",,,,,
"SL","2023-07-27","86.9","-1.79","4.95","Gray, Josiah",596019,680686,"strikeout_double_play","swinging_strike",,,,,4,"Francisco Lindor strikes out swinging and Brandon Nimmo caught stealing 2nd, catcher Keibert Ruiz to shortstop CJ Abrams to catcher Keibert Ruiz.","R","L","R","NYM","WSH","S",2,,3,2,2023,"0.01","0.6",-0.7308409986617251,2.6274797727902595,,,607043,1,5,"Bot",,,,,,,2.5122577688121837,-126.68789572949396,-0.6717994134428946,-0.417729251962931,24.11203591648071,-25.793090035939464,3.32,1.51,,,,"86.3",1785,"5.7",717241,660688,642086,671277,600869,682928,572816,669743,657041,"54.83",,0,"0",1,0,0,,39,7,"Slider",0,0,0,0,0,0,0,0,"Standard","Standard",204,"-0.076","-0.314","67.5","7.1","1.422050928",,"0.314",,0,0,0.576,0.576,25,29,26,30,3,2,5,1,5,1,"2.39","-0.01","0.01","31.8",0.17305824784343043,12.561877131695724,29.109087042121693,42.784076727998155,20.07374073393623
"SL","2023-06-29","86.9","-2.97","5.58","Romano, Jordan",596103,605447,,"blocked_ball",,,,,14,,"R","R","R","TOR","SF","B",,,0,0,2023,"0.39","-0.34",1.1585676219592003,0.16365291585727526,,,666165,0,9,"Top",,,,,,,9.193970587759532,-126.19192175512299,-6.1734086009314915,2.4391058375390595,24.264490646899308,-34.78821683275102,3.40086347697545,1.71828497725274,,,,"88",2113,"7",717564,672386,474832,669289,656305,666182,593160,662139,543807,"53.53",,,,,,,,64,1,"Slider",2,1,1,2,1,2,1,2,"Standard","Strategic",93,"0.182","0.03",,,,,"-0.03",,1,-1,0.718,0.28200000000000003,30,30,30,31,1,3,5,1,3,2,"3.36","-0.39","-0.39","39.1",,,,,
"ST","2023-05-31","86.8","-1.68","5.71","Kirby, George",641432,669923,,"ball",,,,,8,,"R","L","R","SEA","NYY","B",,,0,0,2023,"0.88","-0.24",0.13135027728757565,1.6329539977087482,,,650402,1,4,"Top",,,,,,,2.534870879438464,-126.49871978261424,-3.0925563861114775,8.948549041027322,25.87673044187272,-34.35033250699749,3.11863739899202,1.50325740067458,,,,"87.1",2470,"6.4",717939,663728,664034,543939,553993,641487,672284,677594,606192,"54.13",,,,,,,,23,1,"Sweeper",0,0,0,0,0,0,0,0,"Infield shade","Standard",38,"0.049","0.036",,,,,"-0.036",,0,0,0.497,0.503,25,28,25,29,2,1,5,1,7,2,"3.26","-0.88","0.88","33.8",,,,,
"FC","2023-05-03","86.8","1.76","5.97","Lauer, Eric",453568,641778,,"called_strike",,,,,2,,"R","L","L","COL","MIL","S",,,2,0,2023,"-0.07","0.81",-0.04689212175208132,3.266494935127621,,,678662,1,3,"Bot",,,,,,,-4.18303597154301,-126.59227811577134,-2.13395672419451,-0.1661795250849508,18.01058040516748,-23.137927005316097,3.54435973541633,1.58959330419517,,,,"88",2366,"6.2",718315,661388,572228,680911,670712,642715,592885,686894,621438,"54.26",,,,,,,,19,3,"Cutter",0,0,0,0,0,0,0,0,"Standard","Standard",164,"-0.057","-0.061",,,,,"0.061",,0,0,0.57,0.57,28,36,28,37,2,1,8,3,6,1,"2.13","-0.07","-0.07","45.5",,,,,
"KC","2023-08-22","86.8","-1.2","6","Soriano, José",668715,667755,"truncated_pa","ball",,,,,13,,"R","R","R","LAA","CIN","B",2,,1,1,2023,"1.16","-0.8",-1.462027175523334,1.72454631761119,,,682829,2,7,"Top",,,,,,,-3.0212453937845702,-126.43891089396449,-2.3886208978701804,13.001610193476445,27.302412578749507,-40.43243454098855,3.4852467769209,1.70001598258956,,,,"87",2363,"6.5",716892,681351,694384,592273,519058,623205,545341,545361,592669,"54",,,"0",0,0,0,,55,3,"Knuckle Curve",3,4,4,3,4,3,4,3,"Standard","Standard",29,"0.025","-0.266",,,,,"0.266",,-1,1,0.339,0.661,24,25,25,26,1,3,4,2,1,1,"3.83","-1.16","-1.16","34.5",,,,,
"FC","2023-09-01","86.7","1.86","5.82","Rodriguez, Eduardo",650391,593958,,"called_strike",,,,,8,,"R","R","L","CWS","DET","S",,,1,0,2023,"-0.03","0.93",0.1060830429233702,2.1291891123586644,,,673357,1,6,"Bot",,,,,,,-4.140058068367658,-126.23197352623991,-4.573870618260615,0.448596231663475,24.621234854597514,-21.467885620686545,3.37227020885443,1.66547628112885,,,,"87.1",2059,"6.4",716762,668670,679529,656716,663837,670097,682985,678009,681481,"54.09",,,,,,,,49,2,"Cutter",1,3,1,3,3,1,1,3,"Standard","Standard",156,"-0.073","-0.053",,,,,"0.053","88.0",-2,-2,0.272,0.272,30,26,30,27,3,2,6,2,6,1,"2.09","-0.03","0.03","35.0",,,,,
"FC","2023-06-30","86.7","-2.32","5.72","Wittgren, Nick",681546,621295,"strikeout_double_play","swinging_strike",,,,,1,"James Outman strikes out swinging and Jason Heyward caught stealing 2nd, catcher Freddy Fermin to shortstop Bobby Witt Jr. to catcher Freddy Fermin.","R","L","R","KC","LAD","S",2,,3,2,2023,"0.15","0.59",-0.7847888027903857,3.5118587496153535,,,518792,1,7,"Top",,,,,,,3.3994855665157875,-126.30102501717289,-0.35457772551646743,1.0078969650128242,23.045857523646134,-25.950072766194452,3.42,1.69,,,,"87.8",2292,"6.7",717553,666023,668472,670032,672580,677951,658668,671221,669004,"53.81",,0,"0",1,0,0,,60,6,"Cutter",3,6,6,3,6,3,6,3,"Infield shade","Standard",198,"0.024","-0.314",,,,,"0.314",,-3,3,0.104,0.896,32,26,32,26,1,3,2,1,3,1,"2.41","-0.15","0.15","35.0",,,,,
"CH","2023-08-20","86.7","-2.35","4.84","Topa, Justin",572138,623437,,"ball",,,,,11,,"R","L","R","HOU","SEA","B",,,2,2,2023,"-1.56","0.34",-0.4705110801242012,3.3351422640289092,,,676801,0,7,"Bot",,,,,,,7.656011586910951,-125.92969607656384,2.0052123261665304,-18.16625031015444,28.492334390724494,-29.296037678557607,3.05603588737583,1.4309783910255,,,,"86.1",2084,"6.3",716920,663728,664034,668942,553993,664238,686527,677594,606192,"54.23",,,,,,,,70,5,"Changeup",6,7,6,7,7,6,6,7,"Infield shade","Standard",264,"-0.106","0.088",,,,,"-0.088",,-1,-1,0.43,0.43,32,31,32,32,1,3,2,1,2,2,"2.73","1.56","-1.56","9.3",,,,,
"FS","2023-05-09","86.7","-1.67","5.97","McGough, Scott",665862,543518,"truncated_pa","called_strike",,,,,8,,"R","L","R","AZ","MIA","S",2,,0,0,2023,"-0.78","0.8",-0.2725509014174665,1.9533441659743067,,,542932,2,9,"Top",,,,,,,4.881878196874728,-126.21204451670938,-5.000953411471847,-9.294463920238472,25.492018087825453,-22.771096374302623,3.5892312877375,1.70537393653529,,,,"85.9",1260,"5.7",718236,672515,572233,606466,446334,605113,666971,682998,666150,"54.8",,,"0",0,0,0,,72,1,"Split-Finger",2,6,6,2,6,2,6,2,"Standard","Standard",214,"0.002","-0.286",,,,,"0.286",,-4,4,0.017,0.983,33,25,34,25,1,4,3,1,2,1,"2.22","0.78","-0.78","48.8",,,,,
"SL","2023-08-16","86.6","1.98","5.55","Borucki, Ryan",596129,621366,,"called_strike",,,,,8,,"R","L","L","NYM","PIT","S",,,1,0,2023,"-0.01","0.64",-0.0664057991523964,1.949513863610258,,,624413,1,5,"Bot",,,,,,,-4.928385811785462,-126.15673530558027,-3.776623121328499,0.8587435752038372,23.908062975163563,-24.806785417000633,3.603375726887,1.56492551081714,,,,"87.8",2358,"6.8",716974,682848,663845,678894,663647,675961,668804,669261,656582,"53.68",,,,,,,,45,2,"Slider",4,2,4,2,2,4,4,2,"Infield shade","Standard",167,"-0.029","-0.053",,,,,"0.053",,2,2,0.815,0.815,29,30,29,31,1,2,3,2,2,1,"2.38","-0.01","-0.01","30.3",,,,,
"SL","2023-05-15","86.6","-1.85","5.5","Bard, Daniel",592656,453268,"truncated_pa","called_strike",,,,,8,,"R","L","R","COL","CIN","S",2,,2,1,2023,"0.71","-0.24",0.18254444188735852,1.951012083169252,,,669222,2,7,"Top",,,,,,,3.3882930566726284,-126.26302896326251,-1.8671431821112212,7.081800855274306,23.20523613671072,-34.60925770831236,3.54396818658758,1.68368633247348,,,,"86.8",2651,"6.1",718161,642851,519058,605612,641857,678662,545341,686668,592178,"54.38",,,"0",0,0,0,,62,4,"Slider",6,6,6,6,6,6,6,6,"Standard","Standard",100,"0.045","-0.303",,,,,"0.303",,0,0,0.543,0.45699999999999996,38,31,38,31,1,3,5,1,1,4,"3.24","-0.71","0.71","23.1",,,,,
"CU","2023-07-23","86.6","-1.13","6.22","Ruiz, José",680574,614179,"strikeout_double_play","swinging_strike",,,,,14,"Matt McLain strikes out swinging and TJ Friedl caught stealing 2nd, catcher Carson Kelly to second baseman Ketel Marte to catcher Carson Kelly.","R","R","R","CIN","AZ","S",2,,1,2,2023,"-0.06","-0.15",0.8440631314356961,1.3622794801553453,,,670770,0,1,"Bot",,,,,,,4.810151295309764,-126.04588244578494,-5.087452457535806,-1.6403364418390278,25.46990050530698,-32.91591389150447,2.99,1.29,,,,"86.2",2263,"6",717289,608348,572233,606466,446334,672695,682998,677950,686527,"54.48",,0,"0",1,0,0,,8,4,"Curveball",1,0,1,0,0,1,1,0,"Standard","Standard",35,"-0.055","-0.165","67.9","7.8","2.628982956",,"0.165",,1,1,0.667,0.667,28,23,29,24,1,0,2,1,,1,"3.18","0.06","0.06","41.4",20.415635483979077,-10.296141929251236,30.590635467927566,46.397495987462406,42.59255021883917
"FC","2023-04-02","86.6","1.74","5.97","Lauer, Eric",641820,641778,"strikeout_double_play","swinging_strike",,,,,13,"Trey Mancini strikes out swinging and Dansby Swanson caught stealing 2nd, catcher Victor Caratini to second baseman Brice Turang to catcher Victor Caratini.","R","R","L","CHC","MIL","S",2,,3,2,2023,"0.34","0.97",-1.3068975091870105,1.981511631990453,,,621020,1,1,"Bot",,,,,,,-7.990238748577304,-125.90403995043532,-5.327713479891909,5.1707250981227615,23.725539418800533,-20.983320380680986,3.6,1.68,,,,"86.9",2200,"6.4",718738,605170,642133,668930,605119,642715,592885,669003,686894,"54.11",,0,"0",1,0,0,,7,6,"Cutter",1,0,1,0,0,1,1,0,"Standard","Standard",163,"-0.049","-0.314",,,,,"0.314",,1,1,0.652,0.652,28,31,28,31,1,0,,1,6,1,"2.06","0.34","-0.34","44.7",,,,,
"SL","2023-04-18","86.6","-1.57","5.63","Thompson, Mason",669720,666168,"strikeout_double_play","swinging_strike",,,,,14,"Austin Hays strikes out swinging and Adam Frazier caught stealing 2nd, catcher Keibert Ruiz to second baseman Luis Garcia to catcher Keibert Ruiz.","R","R","R","WSH","BAL","S",2,,1,2,2023,"0.33","-0.02",1.397216718149053,1.7505003557989598,,,624428,1,6,"Top",,,,,,,6.496586416887284,-126.03585451909304,-3.060161427845684,2.288899666998069,24.793017524550983,-31.971270946501935,3.21,1.5,,,,"87.9",2380,"7",718531,660688,642086,671277,600869,682928,656448,645302,657041,"53.47",,0,"0",1,0,0,,43,4,"Slider",0,1,1,0,1,0,1,0,"Standard","Standard",96,"0.048","-0.183",,,,,"0.183",,-1,1,0.348,0.652,25,27,25,28,1,2,2,2,4,1,"3.05","-0.33","-0.33","24.8",,,,,
"FS","2023-07-15","86.6","-1.96","6.56","Walker, Taijuan",665487,592836,"strikeout_double_play","swinging_strike",,,,,11,"Fernando Tatis Jr. strikes out swinging and Juan Soto caught stealing 2nd, catcher Garrett Stubbs to second baseman Bryson Stott to catcher Garrett Stubbs.","R","R","R","PHI","SD","S",2,,3,2,2023,"-0.81","-0.12",-0.9204073771988537,3.309209322544439,,,665742,1,3,"Top",,,,,,,4.097532509505264,-126.23702385958414,-1.3719307991166239,-9.497879913733223,23.292457359661213,-33.45282705386796,3.7,1.77,,,,"86.1",1025,"5.6",717397,596117,664761,681082,624641,607208,656941,679032,592206,"54.86",,0,"0",1,0,0,,20,6,"Split-Finger",0,1,1,0,1,0,1,0,"Infield shade","Standard",232,"0.056","-0.314",,,,,"0.314",,-1,1,0.381,0.619,30,24,31,24,2,1,10,0,5,1,"3.13","0.81","0.81","41.0",,,,,
"SL","2023-09-09","86.4","-2.89","5.82","Ureña, José",679529,570632,"truncated_pa","ball",,,,,14,,"R","R","R","DET","CWS","B",2,,1,1,2023,"-0.07","0.64",1.4194711599401544,0.9659247112165676,670097,,656716,2,2,"Bot",,,,,,,10.391933599694427,-125.36823658031206,-6.621871587608508,-2.7463906787934693,24.725691864103243,-24.228050783782948,3.36339499833607,1.57364267679827,,,,"86.4",2382,"6.4",716658,686676,683734,672820,660162,641313,643217,673357,572204,"54.11",,,"0",0,0,0,,20,3,"Slider",1,0,1,0,0,1,1,0,"Standard","Standard",182,"-0.042","-0.286",,,,,"0.286",,1,1,0.654,0.654,31,23,32,24,2,1,139,1,5,1,"2.42","0.07","0.07","36.9",,,,,
"SL","2023-07-21","86.4","-0.68","6.19","Gonsolin, Tony",677649,664062,"truncated_pa","ball",,,,,9,,"R","R","R","TEX","LAD","B",2,,0,2,2023,"0.38","0.43",0.6678600327283726,1.542803092154938,,,673962,2,4,"Bot",,,,,,,2.4387202712247715,-125.83980531470858,-5.701661248877882,3.5050630241176233,25.553690350631317,-26.65623787246436,3.23027360182948,1.59208240339854,,,,"85.8",2552,"5.9",717316,669257,518692,660634,571970,500743,621035,676356,605141,"54.62",,,"0",0,0,0,,34,3,"Slider",4,3,4,3,3,4,4,3,"Infield shade","Standard",165,"-0.013","-0.187",,,,,"0.187",,1,1,0.651,0.651,29,24,29,24,2,1,6,3,5,1,"2.62","-0.38","-0.38","46.1",,,,,
"CH","2023-08-09","86.4","-1.59","5.78","Lyles, Jordan",680776,543475,"strikeout_double_play","swinging_strike",,,,,13,"Jarren Duran strikes out swinging and Pablo Reyes caught stealing 2nd, catcher Freddy Fermin to shortstop Bobby Witt Jr. to catcher Freddy Fermin.","R","L","R","BOS","KC","S",2,,0,2,2023,"-1.28","0.27",-0.8913940927726447,0.6696743417988018,,,622569,1,3,"Bot",,,,,,,4.3110926976484425,-125.74508677368819,-6.591448842916233,-14.448952172790978,24.89317857850604,-28.143412082904682,3.42,1.71,,,,"87.4",1939,"6.8",717059,666023,521692,686681,622110,677951,669004,664728,671221,"53.66",,0,"0",1,0,0,,23,3,"Changeup",1,1,1,1,1,1,1,1,"Infield shade","Standard",240,"-0.045","-0.16","67.0","9.0","7.27810536",,"0.16",,0,0,0.545,0.545,32,26,33,27,2,1,5,1,6,1,"2.77","1.28","-1.28","37.0",19.091617036914354,-23.316533664468686,32.324465609265886,48.91619075332369,41.4324180989823
"FC","2023-05-21","86.3","2.77","5.9","Bruihl, Justin",663457,677865,"truncated_pa","called_strike",,,,,3,,"R","L","L","STL","LAD","S",2,,0,0,2023,"-0.21","0.77",0.5789226004080422,3.3471039093861945,680977,,640458,2,5,"Bot",,,,,,,-4.816129903637462,-125.73268066627067,-1.4962594007354453,-1.3504324870538502,22.27964153255372,-23.863987249444204,3.33458015510345,1.55752104670672,,,,"87.1",2341,"6.4",718083,669257,518692,678246,621035,500743,444482,681546,518792,"54.07",,,"0",0,0,0,,50,1,"Cutter",7,3,7,3,3,7,7,3,"Infield shade","Standard",165,"-0.013","-0.299",,,,,"0.299",,4,4,0.931,0.931,26,25,26,26,1,3,1,1,5,1,"2.25","-0.21","-0.21","42.4",,,,,
"SL","2023-06-07","86.2","-2.6","5.58","Abreu, Bryan",662139,650556,"truncated_pa","ball",,,,,14,,"R","L","R","TOR","HOU","B",2,,1,1,2023,"0.69","-0.67",0.24386221144893916,1.3701508857339628,,,624415,2,8,"Bot",,,,,,,5.371490704742764,-125.37327780358468,-2.342560920089574,6.094733004506286,27.624198539509365,-38.923534514531106,3.30789378526451,1.4992008177977,,,,"86.4",2853,"6.6",717856,673237,547989,514888,666197,643289,667452,676801,663656,"53.87",,,"0",0,0,0,,60,3,"Slider",3,2,3,2,2,3,3,2,"Standard","Standard",61,"-0.014","-0.266",,,,,"0.266",,1,1,0.849,0.849,26,26,26,27,1,3,3,1,1,1,"3.76","-0.69","0.69","40.4",,,,,
"CH","2023-09-13","86.2","1.87","5.47","Rodriguez, Eduardo",663697,593958,"strikeout_double_play","swinging_strike",,,,,14,"Jonathan India strikes out swinging and Luke Maile caught stealing 2nd, catcher Carson Kelly to second baseman Andy Ibanez to first baseman Spencer Torkelson to catcher Carson Kelly. Noelvi Marte scores.","R","R","L","DET","CIN","S",2,,3,2,2023,"1.24","0.46",1.2207569181911064,2.203924984664914,682622,,571912,1,4,"Top",,,,,,,-4.080192694781958,-125.47294558113138,-2.5125348365887805,13.916156230343365,24.334300441089283,-27.008799481497828,3.23,1.49,,,,"86.8",1908,"6.6",716601,608348,679529,628451,663837,656716,668731,678009,681481,"53.94",,0,"0",1,0,0,,33,7,"Changeup",2,3,3,2,4,2,4,2,"Standard","Standard",128,"0.007","-0.36","66.7","8.4","4.58197596",,"0.36",,-1,1,0.304,0.696,30,26,30,27,3,2,6,1,5,1,"2.6","1.24","-1.24","36.5",19.78031255666596,-34.943678269899294,23.122866664079123,50.76620542530046,47.52778321821029
"SL","2023-07-03","86","-1.59","5.91","Grove, Michael",669707,675627,,"ball",,,,,13,,"R","R","R","LAD","PIT","B",,,1,2,2023,"0.14","-0.19",-0.1727424705635281,1.0150352554972386,,,693304,1,4,"Top",,,,,,,3.1093964768824267,-125.2962529332333,-5.089286746932532,0.8696167402915961,23.02413740192685,-33.438027172766034,3.47476032276213,1.64886216035658,,,,"87.1",2212,"6.7",717506,669257,518692,678246,571970,500743,444482,518792,605141,"53.81",,,,,,,,31,5,"Slider",2,1,1,2,1,2,1,2,"Standard","Standard",44,"0.044","0.047",,,,,"-0.047",,1,-1,0.63,0.37,26,25,27,25,2,1,5,1,5,1,"3.24","-0.14","-0.14","48.9",,,,,
"FS","2023-04-16","86","-1.79","5.43","Pagán, Emilio",641432,641941,"strikeout_double_play","swinging_strike",,,,,13,"Willie Calhoun strikes out swinging and Gleyber Torres caught stealing 2nd, catcher Christian Vazquez to shortstop Carlos Correa to catcher Christian Vazquez.","R","L","R","NYY","MIN","S",2,,3,2,2023,"-1.14","0.58",-0.1547753237884626,1.017610945519385,,,650402,1,8,"Bot",,,,,,,6.276954807236912,-125.01717441395802,-5.42709913255811,-13.226459314928157,25.516726878256225,-25.128690319195027,3.13,1.52,,,,"86.9",1316,"7",718557,543877,456781,666397,669304,621043,663616,572191,596146,"53.53",,0,"0",1,0,0,,59,6,"Split-Finger",2,0,2,0,0,2,2,0,"Infield shade","Standard",225,"-0.016","-0.314",,,,,"0.314",,2,2,0.94,0.94,32,28,32,29,1,3,2,2,4,3,"2.51","1.14","-1.14","39.5",,,,,
"SL","2023-03-30","85.9","-1.95","5.92","Pallante, Andre",593160,669467,,"swinging_strike",,,,,1,,"R","R","R","STL","TOR","S",,,0,0,2023,"0.52","-0.33",-0.7229980396480468,3.0712437343711234,,,656305,1,7,"Top",,,,,,,1.8580270620279917,-125.20086926818307,0.08519096995108755,5.195700660362586,22.53767054614432,-35.83070758179955,3.27,1.54,,,,"87.1",2318,"6.7",718772,575929,502671,680977,571448,669242,663457,641933,691023,"53.78",,,,,,,,66,1,"Slider",6,6,6,6,6,6,6,6,"Standard","Standard",85,"0.074","-0.042",,,,,"0.042",,0,0,0.497,0.503,24,34,25,34,1,3,,,2,3,"3.38","-0.52","-0.52","55.3",,,,,
"CH","2023-06-27","85.9","2.3","4.7","Wood, Alex",643376,622072,,"ball",,,,,14,,"R","R","L","TOR","SF","B",,,0,0,2023,"1.36","-0.16",0.4288668757951637,0.7772576994895397,,,593160,1,2,"Bot",,,,,,,-7.20577664777871,-124.88538033925464,-2.6246617926923634,15.729782828541445,27.63484621272603,-33.52173710909927,3.19344147906576,1.54694521339173,,,,"85.7",1746,"6.4",717604,672275,664774,642731,605204,543063,666165,682641,624424,"54.09",,,,,,,,14,1,"Changeup",0,0,0,0,0,0,0,0,"Infield shade","Standard",90,"-0.042","0.036",,,,,"-0.036",,0,0,0.554,0.554,32,28,32,28,1,0,5,2,5,1,"3.28","1.36","-1.36","16.9",,,,,
"ST","2023-06-25","85.8","-2.77","5.64","Payamps, Joel",672356,606303,"strikeout_double_play","swinging_strike",,,,,9,"Gabriel Arias strikes out swinging and Myles Straw caught stealing 2nd, catcher Victor Caratini to second baseman Andruw Monasterio to catcher Victor Caratini.","R","R","R","CLE","MIL","S",2,,3,2,2023,"1.01","0.14",0.41890707522972537,1.8038915364756414,,,664702,1,8,"Bot",,,,,,,5.47905798423241,-124.89420744567597,-3.1056525591767263,9.500542589533888,24.744232165694385,-30.345269548186263,3.34,1.51,,,,"85.7",2710,"6.2",717613,605170,680911,655316,605119,642715,663368,686894,606132,"54.33",,0,"0",1,0,0,,67,6,"Sweeper",4,4,4,4,4,4,4,4,"Standard","Standard",55,"-0.118","-0.314",,,,,"0.314",,0,0,0.618,0.618,29,23,29,23,1,3,5,2,3,3,"2.95","-1.01","-1.01","30.5",,,,,
"SL","2023-06-27","85.8","-2.55","5.47","Kopech, Michael",664058,656629,,"swinging_strike_blocked",,,,,14,,"R","R","R","LAA","CWS","S",,,1,0,2023,"0.23","-0.01",0.7793275360694705,0.4301025781163861,,,595453,1,2,"Bot",,,,,,,7.502864012838861,-124.66395740641653,-5.676359957018725,0.9381368740746272,24.791984388158603,-31.367319323414222,3.21,1.49,,,,"86.9",2217,"7.1",717592,518735,657757,462101,669394,641313,643217,673357,650391,"53.45",,,,,,,,16,2,"Slider",1,0,1,0,0,1,1,0,"Standard","Standard",91,"-0.04","-0.053",,,,,"0.053",,1,1,0.661,0.661,27,29,27,29,1,0,6,1,17,1,"3.12","-0.23","-0.23","39.2",,,,,
"CH","2023-06-09","85.7","-2","5.45","DeSclafani, Anthony",664023,543101,"truncated_pa","ball",,,,,11,,"R","L","R","SF","CHC","B",2,,1,1,2023,"-1.15","0.31",-2.009487224412256,3.0000262299382507,,,673548,2,1,"Top",,,,,,,2.321099999760701,-124.89964631992953,-0.24839494633351966,-12.621997510527247,21.275613885737943,-29.073425509262805,3.468067014732,1.64634475084092,,,,"86.8",1468,"6.6",717823,672275,664774,642731,669477,543063,666165,573262,624424,"53.92",,,"0",0,0,0,,4,3,"Changeup",0,0,0,0,0,0,0,0,"Infield shade","Standard",256,"0.021","-0.266",,,,,"0.266",,0,0,0.527,0.473,33,28,33,29,1,0,5,1,5,1,"2.75","1.15","-1.15","30.7",,,,,
"SL","2023-08-09","85.7","-2.09","6.49","Ginkel, Kevin",681546,656464,"strikeout_double_play","swinging_strike",,,,,14,"D-backs challenged (tag play), call on the field was overturned: James Outman strikes out swinging and Chris Taylor caught stealing 2nd, catcher Jose Herrera to shortstop Geraldo Perdomo to catcher Jose Herrera.","R","L","R","AZ","LAD","S",2,,3,2,2023,"0.27","-0.29",0.16672519477815478,1.0915616695025858,,,621035,1,7,"Top",,,,,,,4.825088357260972,-124.68093509097423,-5.960562731631413,1.8738433694196959,24.39234017291341,-34.249566616895954,3.33,1.52,,,,"86.5",2380,"6.8",717057,645444,572233,606466,607054,672695,502054,677950,682998,"53.73",,0,"0",1,0,0,,50,7,"Slider",0,0,0,0,0,0,0,0,"Infield shade","Standard",57,"0.1","-0.314","39.3","7.9","7.198245228",,"0.314",,0,0,0.488,0.512,29,26,29,26,1,2,3,1,3,1,"3.39","-0.27","0.27","41.3",6.364575447457889,-1.492324894195883,36.54410498100619,34.89921474261965,27.1682053217088
"FC","2023-05-08","85.6","1.67","5.33","Freeland, Kyle",457705,607536,"strikeout_double_play","swinging_strike",,,,,13,"Andrew McCutchen strikes out swinging and Ke'Bryan Hayes caught stealing 2nd, catcher Elias Diaz to second baseman Harold Castro to catcher Elias Diaz.","R","R","L","PIT","COL","S",2,,3,2,2023,"-0.12","0.3",-1.036130628623474,2.2618506299657724,,,663647,1,1,"Bot",,,,,,,-6.2094359172745826,-124.61082054345417,-1.5802886322501006,0.04688341239332878,25.101110581311058,-28.958553124379044,3.35,1.61,,,,"86.3",2143,"6.7",718258,553869,519058,605612,641857,678662,595777,686668,453568,"53.78",,0,"0",1,0,0,,7,8,"Cutter",0,0,0,0,0,0,0,0,"Standard","Standard",154,"-0.056","-0.314",,,,,"0.314",,0,0,0.556,0.556,30,36,30,37,1,0,5,1,6,1,"2.81","-0.12","0.12","15.6",,,,,
"ST","2023-07-14","85.6","1.52","5.48","Romero, JoJo",682928,668941,"truncated_pa","blocked_ball",,,,,13,,"R","L","L","STL","WSH","B",2,,1,2,2023,"-0.64","0.24",-2.1432333693848644,0.1957975890724959,,,669743,2,7,"Top",,,,,,,-7.260904932477364,-124.45184849336495,-6.594121744209008,-5.194197429384229,25.14657965496129,-28.49593317530178,3.15849995061252,1.48261264712993,,,,"84.5",2582,"5.6",717407,575929,502671,669357,571448,657557,663457,666185,691023,"54.9",,,"0",0,0,0,,53,4,"Sweeper",4,4,4,4,4,4,4,4,"Standard","Standard",296,"0.029","-0.207",,,,,"0.207",,0,0,0.559,0.44099999999999995,26,22,27,23,1,3,5,5,2,1,"2.88","-0.64","-0.64","37.7",,,,,
"CH","2023-07-07","85.6","-2.34","5.01","Morton, Charlie",677551,450203,,"ball",,,,,13,,"R","L","R","TB","ATL","B",,,0,1,2023,"-1.67","-0.03",-0.9750811437016629,1.5263314950253206,,,650490,1,3,"Bot",,,,,,,6.537207134096559,-124.37839105127046,-1.7891888320709617,-18.633127134296778,28.459599387742955,-32.28918363058174,3.4624004360829,1.59984241943501,,,,"84.5",2125,"6",717460,669221,621566,645277,663586,606115,592696,671739,660670,"54.51",,,,,,,,22,2,"Changeup",1,0,1,0,0,1,1,0,"Standard","Standard",270,"-0.035","0.025",,,,,"-0.025",,1,1,0.667,0.667,39,22,40,22,2,1,6,1,7,1,"3.18","1.67","-1.67","15.1",,,,,
"SL","2023-04-22","85.5","-1.58","5.54","Middleton, Keynan",668227,641871,,"blocked_ball",,,,,14,,"R","R","R","TB","CWS","B",,,1,0,2023,"0.21","0.31",1.835610962737681,-0.048408406102245394,650490,,677551,0,5,"Bot",,,,,,,7.684811860291023,-124.11220252151026,-7.516286809777605,0.5264530605307916,25.915478469914017,-27.608069863458553,3.46429674825434,1.44585040029087,,,,"85.9",2461,"6.8",718477,664874,683734,663853,669394,462101,643217,673357,650391,"53.69",,,,,,,,40,2,"Slider",2,2,2,2,2,2,2,2,"Standard","Standard",193,"-0.083","0.016",,,,,"-0.016",,0,0,0.726,0.726,29,28,30,28,1,2,3,1,2,1,"2.84","-0.21","-0.21","34.9",,,,,
"FC","2023-04-24","85.4","-2.45","5.62","Rea, Colin",668731,607067,,"called_strike",,,,,4,,"R","L","R","MIL","DET","S",,,2,1,2023,"0.15","0.5",-0.4661001143421428,2.5261777413644233,,,606992,0,3,"Top",,,,,,,4.380434560506252,-124.43625243945118,-2.059212519315855,0.7065139518734248,23.974341188541167,-26.75861533193998,3.29473087711558,1.59580000210719,,,,"85.9",2168,"6.5",718441,661388,572228,680911,670712,668930,663368,686894,605119,"54.02",,,,,,,,17,4,"Cutter",1,0,0,1,0,1,0,1,"Standard","Standard",181,"0.079","-0.056",,,,,"0.056",,1,-1,0.562,0.43799999999999994,32,24,33,25,2,1,6,1,6,2,"2.61","-0.15","0.15","37.3",,,,,
"SL","2023-04-22","85.3","-1.43","5.5","Bieber, Shane",650559,669456,,"ball",,,,,14,,"R","R","R","CLE","MIA","B",,,1,2,2023,"0.18","0.18",1.4087371354286204,0.47334741298622207,,,650333,1,3,"Top",,,,,,,6.3874251246402585,-124.10015028410156,-6.024548030312431,0.7709690929359836,21.46303668974176,-29.440332560271337,3.40142766284745,1.68325077820491,,,,"86.8",2571,"6.9",718473,572287,647304,665926,608070,642708,680757,664702,660757,"53.57",,,,,,,,19,4,"Slider",0,2,2,0,2,0,2,0,"Standard","Standard",159,"0.026","0.047",,,,,"-0.047",,-2,2,0.294,0.706,28,26,28,27,2,1,6,3,6,0,"2.92","-0.18","-0.18","42.1",,,,,
"SL","2023-05-30","85.3","-2.05","5.05","Chargois, JT",663757,608638,,"ball",,,,,13,,"R","L","R","MIA","SD","B",,,2,1,2023,"0.25","0.56",-1.6005088814996469,1.874317326596783,,,640492,1,8,"Top",,,,,,,0.5659579236947786,-124.29160193474623,-2.328583828357976,2.4363630893832267,24.288077085826103,-26.084823518244818,3.41008111552139,1.65047826680616,,,,"85.4",2605,"6.2",717963,607732,493329,650333,516416,542932,650559,641658,624585,"54.25",,,,,,,,69,4,"Slider",4,4,4,4,4,4,4,4,"Standard","Standard",103,"0.081","0.1",,,,,"-0.1",,0,0,0.491,0.509,32,26,33,27,1,3,2,2,3,1,"2.56","-0.25","0.25","24.3",,,,,
"CH","2023-06-23","85.3","-1.45","6.08","Greinke, Zack",660644,425844,"truncated_pa","ball",,,,,14,,"R","L","R","TB","KC","B",2,,2,0,2023,"-1.27","0.15",0.1347550517967704,1.0441549650612614,,,642350,2,4,"Bot",,,,,,,6.214534739966684,-124.02131434281976,-5.827143295186263,-14.330617762104206,24.475633838767678,-29.626608785620693,3.20582138180504,1.50750040221632,,,,"84.7",1710,"5.9",717649,521692,668472,669392,670032,677951,680118,671221,669004,"54.56",,,"0",0,0,0,,36,3,"Changeup",4,3,4,3,3,4,4,3,"Standard","Standard",238,"-0.028","-0.353",,,,,"0.353",,1,1,0.666,0.666,39,25,40,25,2,1,5,1,6,1,"2.98","1.27","-1.27","40.7",,,,,
"SL","2023-04-29","85.3","-2.09","5.31","Bello, Brayan",647304,678394,,"ball",,,,,9,,"R","L","R","BOS","CLE","B",,,2,1,2023,"0.12","-0.51",0.7798910421488736,1.3845870959897213,,,608070,0,4,"Top",,,,,,,6.502716148604654,-124.08696515444754,-1.9179593601877412,-0.06869897530089415,24.464268398120943,-37.281246045238746,3.21112753584636,1.43482832512991,,,,"85.2",2308,"6.2",718385,657136,457759,665839,646240,624414,606132,680776,657077,"54.28",,,,,,,,26,4,"Slider",3,1,1,3,1,3,1,3,"Infield shade","Standard",59,"0.067","0.101",,,,,"-0.101",,2,-2,0.677,0.32299999999999995,24,26,24,26,2,1,6,1,5,1,"3.64","-0.12","0.12","29.4",,,,,
"SL","2023-07-23","85.2","-1.82","5.37","Smith, Chad",643289,663385,,"called_strike",,,,,7,,"R","R","R","ATH","HOU","S",,,1,1,2023,"-0.2","0.4",-0.7254577999304516,1.690082382876073,,,665161,1,9,"Top",,,,,,,2.9550205431812007,-124.05496490313627,-3.1319144661711205,-2.659077666735097,24.10743037358085,-27.659043299256858,3.38749269432327,1.55098346186878,,,,"84.5",2267,"5.8",717279,691016,664913,680869,607054,649557,643393,668709,642137,"54.73",,,,,,,,70,3,"Slider",2,2,2,2,2,2,2,2,"Standard","Standard",136,"0.111","-0.055",,,,,"0.055",,0,0,0.504,0.496,28,28,28,29,1,4,37,1,,1,"2.73","0.2","0.2","29.6",,,,,
"SL","2023-09-20","85.2","-1.45","5.78","Martinez, Adrián",664034,661309,"truncated_pa","ball",,,,,12,,"R","R","R","ATH","SEA","B",2,,0,1,2023,"0.13","0.14",1.587643172384362,2.5471413279430157,,,672284,2,7,"Top",,,,,,,6.858643034586189,-123.95267748052564,-1.5722980885102633,-0.026536715874948102,24.58557336366024,-30.5985411307205,3.30258877868199,1.47088209932392,,,,"85.1",2065,"6.2",716504,691016,676116,680869,672478,675656,643393,671732,664913,"54.3",,,"0",0,0,0,,58,2,"Slider",3,6,6,3,6,3,6,3,"Standard","Standard",51,"0.009","-0.241",,,,,"0.241",,-3,3,0.119,0.881,26,28,27,29,1,3,5,1,4,2,"3","-0.13","-0.13","23.9",,,,,
"ST","2023-05-12","85.2","-1.02","5.48","Gray, Sonny",621020,543243,"truncated_pa","ball",,,,,14,,"R","R","R","MIN","CHC","B",2,,2,2,2023,"1.74","-0.56",2.4000965921846578,-0.5544260449255067,,,666624,2,5,"Top",,,,,,,4.538671171496063,-123.85197305115588,-6.657814992344559,16.739389732335155,27.643992382116863,-36.59159342232989,3.47638024757764,1.56009280085913,,,,"84.8",2889,"6.3",718209,543877,456781,593871,571657,621043,624503,572191,650489,"54.16",,,"0",0,0,0,,37,5,"Sweeper",2,1,1,2,1,2,1,2,"Standard","Standard",37,"0.027","-0.24",,,,,"0.24",,1,-1,0.681,0.31899999999999995,33,29,34,29,3,2,6,2,5,1,"3.73","-1.74","-1.74","47.0",,,,,
"FC","2023-09-27","85.2","1.18","6.07","Keuchel, Dallas",672478,572971,,"ball",,,,,13,,"R","R","L","MIN","ATH","B",,,1,1,2023,"0.15","0.61",-1.801044096639183,0.25666694945031177,,,665923,1,8,"Top",,,,,,,-7.247908825446744,-123.68462920482754,-8.52465811487436,2.9532190374272123,23.34938976619409,-24.452275465720408,3.28444162236061,1.51337521374217,,,,"84.7",2199,"6",716410,543877,456781,666397,593871,571657,656669,650489,596146,"54.52",,,,,,,,63,3,"Cutter",4,4,4,4,4,4,4,4,"Standard","Standard",141,"0.078","0.046",,,,,"-0.046",,0,0,0.501,0.499,35,22,35,23,1,3,9,1,3,3,"2.53","0.15","-0.15","41.5",,,,,
"FC","2023-04-06","85.2","1.48","5.73","Freeland, Kyle",657041,607536,,"ball",,,,,12,,"R","R","L","COL","WSH","B",,,2,2,2023,"-0.16","0.65",0.1968621185359335,4.178619608220185,,,682928,1,3,"Top",,,,,,,-2.7287805157490537,-124.16569675805088,1.2934812213163114,-1.1519705469291959,22.0885842964184,-25.85479748601533,3.21926744587306,1.55230133193853,,,,"86.5",2311,"6.8",718682,553869,543068,641857,660707,678662,595777,602074,592178,"53.72",,,,,,,,19,5,"Cutter",0,0,0,0,0,0,0,0,"Standard","Standard",162,"0.039","0.084",,,,,"-0.084",,0,0,0.502,0.498,30,27,30,28,2,1,6,1,5,1,"2.46","-0.16","0.16","24.4",,,,,
"SL","2023-07-02","85.1","-1.59","6.08","Alzolay, Adbert",605137,640470,,"swinging_strike",,,,,13,,"R","L","R","CHC","CLE","S",,,1,1,2023,"0.33","0.41",-0.20034590148385842,1.086469993022161,,,672356,1,10,"Top",,,,,,,2.615352777921095,-123.9033170745807,-6.294827486507067,2.9153521060811034,23.31165331001583,-26.92897380589036,3.74,1.81,,,,"85.5",2674,"6.4",717521,543228,676724,663538,666624,621020,643565,641355,673548,"54.09",,,,,,,,82,3,"Slider",6,8,8,6,8,6,8,6,"Standard","Standard",140,"-0.002","-0.055",,,,,"0.055",,-2,2,0.172,0.8280000000000001,28,30,28,31,1,4,7,1,2,1,"2.72","-0.33","0.33","40.9",,,,,
"ST","2023-06-21","84.9","-1.92","5.67","Stewart, Brock",657136,592779,,"ball",,,,,12,,"R","R","R","MIN","BOS","B",,,1,1,2023,"1.46","0.15",1.6280958097560103,2.512447499705273,671213,,624414,0,6,"Top",,,,,,,5.374333437534559,-123.61499427514858,-1.354621953358731,13.84249936252319,25.642207643901788,-30.53240501624263,3.28613972845479,1.45705214220104,,,,"84.8",2603,"6.3",717665,543877,666135,666397,668904,621043,650489,572191,596146,"54.19",,,,,,,,47,3,"Sweeper",3,3,3,3,3,3,3,3,"Strategic","Standard",62,"0.091","0.024",,,,,"-0.024",,0,0,0.328,0.6719999999999999,31,27,32,27,1,0,4,1,2,1,"3.01","-1.46","-1.46","30.9",,,,,
"FC","2023-08-13","84.9","2.41","5.71","Ryu, Hyun Jin",664023,547943,,"ball",,,,,12,,"R","R","L","TOR","CHC","B",,,2,2,2023,"0.29","0.95",1.55860424222778,2.7058751759660455,,,663538,1,3,"Top",,,,,,,-2.581726868057746,-123.68599873671717,-2.587954216238132,3.4989797951121258,25.847849561459523,-22.176780785726095,3.40402311160278,1.55254927230065,,,,"85.2",2014,"6.5",717012,643376,474832,624415,669289,657557,593160,662139,543807,"53.97",,,,,,,,26,5,"Cutter",5,2,2,5,2,5,2,5,"Standard","Standard",151,"0.033","0.084",,,,,"-0.084",,3,-3,0.796,0.20399999999999996,36,28,36,29,2,1,6,1,7,2,"2.22","0.29","-0.29","36.3",,,,,
"SL","2023-08-26","84.8","-1.86","5.72","Pérez, Eury",656180,691587,,"blocked_ball",,,,,14,,"R","R","R","MIA","WSH","B",,,0,2,2023,"-0.03","0.49",1.7963297863916023,-0.5247893504993004,,,666906,0,5,"Top",,,,,,,8.672832631868701,-122.9698694210854,-9.271921828492848,-2.0767310237899252,24.465854158600017,-25.50335818798379,3.49765567346441,1.71971055631144,,,,"85.4",2411,"6.9",716844,607732,605137,650333,669394,621563,650559,665862,660821,"53.65",,,,,,,,33,3,"Slider",0,1,1,0,1,0,1,0,"Standard","Standard",189,"0.052","0.008",,,,,"-0.008",,-1,1,0.339,0.661,20,27,20,27,2,1,7,1,6,1,"2.7","0.03","0.03","31.1",,,,,
"SL","2023-05-31","84.8","-0.48","6.66","Baker, Bryan",664702,641329,,"ball",,,,,12,,"R","R","R","BAL","CLE","B",,,0,0,2023,"0.54","0.6",1.0998050042404146,2.890581534416406,,,665926,0,8,"Top",,,,,,,2.620467268988777,-123.5447769297713,-3.7644650560262964,5.132762559634742,22.44742231649789,-25.459396419194604,3.33875030365441,1.58124665540213,,,,"85.7",2151,"6.6",717946,668939,663624,624428,683002,622761,679631,663630,656811,"53.9",,,,,,,,80,1,"Slider",8,12,12,8,12,8,12,8,"Standard","Standard",149,"0.009","0.03",,,,,"-0.03",,-4,4,0.031,0.969,28,28,29,29,1,4,1,1,3,1,"2.54","-0.54","-0.54","61.0",,,,,
"SL","2023-07-03","84.8","-2","6.53","Mikolas, Miles",641505,571945,"strikeout_double_play","swinging_strike",,,,,9,"Jonathan Davis strikes out swinging and Nick Fortes caught stealing 2nd, catcher Willson Contreras to second baseman Tommy Edman to catcher Willson Contreras.","R","R","R","MIA","STL","S",2,,3,2,2023,"0.28","-0.01",0.6093874908655398,1.9394189309395813,,,663743,1,2,"Bot",,,,,,,5.554603165308157,-123.43539812837341,-4.410671080505111,1.7946496177106885,23.907979444641512,-31.567986742128372,3.3,1.56,,,,"85",2363,"6.4",717515,575929,502671,669242,571448,657557,691023,663457,666185,"54.13",,0,"0",1,0,0,,19,7,"Slider",2,1,2,1,1,2,2,1,"Standard","Standard",87,"-0.051","-0.314",,,,,"0.314",,1,1,0.663,0.663,34,31,35,31,1,0,5,1,5,1,"3.17","-0.28","-0.28","47.3",,,,,
"SL","2023-05-10","84.8","-2.55","6.18","Senzatela, Antonio",672779,622608,,"called_strike",,,,,3,,"R","L","R","PIT","COL","S",,,1,0,2023,"0.49","0.38",0.35904429363827717,3.1307872484493102,,,656582,1,2,"Bot",,,,,,,5.807383511733158,-123.39938207185895,-1.583698258663568,3.9188837414418987,23.640014712810867,-28.163114266314658,3.31547364345692,1.5583430301059,,,,"84.6",2040,"6.1",718231,642851,543068,676701,641857,678662,595777,686668,545341,"54.41",,,,,,,,14,2,"Slider",0,0,0,0,0,0,0,0,"Standard","Standard",163,"-0.048","-0.053",,,,,"0.053",,0,0,0.558,0.558,28,23,28,24,1,0,5,1,,2,"2.78","-0.49","0.49","41.1",,,,,
"FC","2023-04-19","84.7","-1.93","6.5","Garcia, Luis",595281,677651,,"ball",,,,,14,,"R","L","R","HOU","TOR","B",,,1,2,2023,"0.39","0.63",0.4742174079299863,1.5430159755052117,,,593160,1,5,"Top",,,,,,,4.822098171954341,-123.24695129378765,-6.467074635413242,3.0485701861260877,24.807055726758154,-24.702618396172614,3.29313216028552,1.72753627049178,,,,"84.5",2382,"6.2",718501,455117,547989,643289,608324,665161,682073,676694,663656,"54.31",,,,,,,,32,4,"Cutter",2,0,0,2,0,2,0,2,"Infield shade","Standard",185,"0.044","0.047",,,,,"-0.047",,2,-2,0.758,0.242,26,33,27,33,2,1,5,2,6,2,"2.56","-0.39","0.39","44.1",,,,,
"SL","2023-06-27","84.7","-2.93","6.08","Williams, Gavin",666023,668909,,"ball",,,,,14,,"R","R","R","KC","CLE","B",,,2,2,2023,"0.45","-0.08",0.8882619093045974,1.64173518313972,,,670032,1,3,"Bot",,,,,,,8.161056155280297,-123.1608995820076,-3.9318721269451773,3.031967398643097,23.39491899667834,-32.45598883646402,3.11857027073295,1.56222923042326,,,,"86.3",2292,"7.2",717591,666310,647304,665926,608070,642708,680757,664702,686823,"53.26",,,,,,,,20,5,"Slider",0,0,0,0,0,0,0,0,"Standard","Standard",124,"-0.039","0.084",,,,,"-0.084",,0,0,0.553,0.553,23,28,24,28,1,0,6,3,6,1,"3.25","-0.45","-0.45","40.8",,,,,
"SL","2023-09-19","84.7","-1.78","6.23","Rutledge, Jackson",673357,671131,"truncated_pa","ball",,,,,2,,"R","R","R","WSH","CWS","B",2,,0,0,2023,"0.25","-0.05",-0.06083757635240433,3.5092464247372694,,,641313,2,3,"Top",,,,,,,3.4872114782854577,-123.25431261573078,0.10840099444215756,1.8508546585873262,25.441371750746182,-32.93389238013357,3.69581245589205,1.68133492181372,,,,"84.3",1932,"6.1",716525,686452,642086,671277,545121,682928,666164,696285,657041,"54.39",,,"0",0,0,0,,19,1,"Slider",0,0,0,0,0,0,0,0,"Standard","Standard",133,"0.025","-0.286",,,,,"0.286",,0,0,0.53,0.47,24,25,24,26,2,1,6,1,5,1,"3.24","-0.25","-0.25","32.2",,,,,
"KC","2023-04-09","84.6","-1.42","6.26","Brown, Hunter",572191,686613,,"ball",,,,,12,,"R","R","R","MIN","HOU","B",,,0,1,2023,"0.54","-1.18",1.1150708133384741,2.8110525497550265,,,670242,1,3,"Bot",,,,,,,4.841811043129015,-123.27786290805112,0.5614454770569117,4.679059070045191,21.99565385507744,-44.54894541396785,3.33407191549095,1.58512594619974,,,,"85.1",2538,"6.3",718649,673237,547989,643289,608324,665161,667452,676801,663656,"54.17",,,,,,,,20,2,"Knuckle Curve",0,2,0,2,2,0,0,2,"Standard","Standard",25,"-0.045","0.025",,,,,"-0.025",,-2,-2,0.326,0.326,24,32,25,32,1,0,6,1,6,1,"4.32","-0.54","-0.54","56.3",,,,,
"SL","2023-06-23","84.6","-3.79","5.81","Floro, Dylan",693304,571670,"truncated_pa","ball",,,,,14,,"R","R","R","MIA","PIT","B",2,,0,1,2023,"0.2","0.27",0.9092812880480838,1.7079638168175557,680779,,672779,2,9,"Top",,,,,,,10.529300189041178,-122.55866779722903,-3.5010410674878965,-0.7549801102242236,31.66257605295251,-28.900830289572074,3.32951940830294,1.48802673765403,,,,"83.4",1887,"6.4",717653,663743,643265,650333,542932,621563,650559,641505,660821,"54.06",,,"0",0,0,0,,66,2,"Slider",1,3,3,1,3,1,3,1,"Standard","Standard",191,"0.016","-0.246",,,,,"0.246",,-2,2,0.079,0.921,32,24,33,24,1,3,3,,1,1,"3.03","-0.2","-0.2","33.4",,,,,
"CH","2023-09-05","84.5","2.41","5.38","Waldichuk, Ken",543807,686610,,"ball",,,,,12,,"R","R","L","ATH","TOR","B",,,1,1,2023,"1.37","0.56",1.5073676664145585,4.264178545180737,669289,,595281,0,3,"Top",,,,,,,-4.895919086472775,-122.84923732102953,2.7546910729433174,14.829326473840986,26.477630156202462,-27.397213437452372,3.6732611210541,1.70827936292692,,,,"85",1769,"6.9",716707,669127,676116,680869,672478,669397,643393,665923,664913,"53.62",,,,,,,,16,3,"Changeup",0,0,0,0,0,0,0,0,"Standard","Standard",112,"0.074","0.024",,,,,"-0.024",,0,0,0.37,0.63,25,33,25,34,2,1,7,1,6,1,"2.66","1.37","-1.37","30.7",,,,,
"SL","2023-04-24","84.5","-0.13","6.55","Baker, Bryan",624414,641329,,"ball",,,,,14,,"R","R","R","BAL","BOS","B",,,1,2,2023,"0.46","-0.2",0.6587918454780091,1.4283204458916847,,,657136,1,7,"Top",,,,,,,0.9193056120085922,-123.0708292311643,-5.254959327762191,4.53062214371902,23.072607547626614,-33.40836408011526,3.35506398023555,1.5851675031317,,,,"85.4",2201,"6.7",718447,543510,663624,624428,602104,622761,669720,656775,623993,"53.81",,,,,,,,52,4,"Slider",5,4,4,5,4,5,4,5,"Standard","Standard",111,"0.068","0.047",,,,,"-0.047",,1,-1,0.703,0.29700000000000004,28,28,29,28,1,0,1,2,3,1,"3.37","-0.46","-0.46","61.3",,,,,
"ST","2023-09-05","84.5","-0.9","5.39","Gray, Sonny",680757,543243,"strikeout_double_play","called_strike",,,,,3,"Steven Kwan called out on strikes and Myles Straw caught stealing 2nd, catcher Christian Vazquez to shortstop Carlos Correa to catcher Christian Vazquez.","R","L","R","CLE","MIN","S",2,,3,2,2023,"1.6","-0.42",0.41335957783227895,2.7416639112833616,,,664702,0,3,"Bot",,,,,,,-0.13836350152242227,-123.0023038064346,1.102124707399335,16.137425028713185,26.576934290415668,-36.920637911240625,3.24873432345028,1.53515542860627,,,,"84.4",2671,"6.4",716717,543877,456781,666397,668904,621043,670242,650489,596146,"54.1",,0,"0",1,0,0,,24,7,"Sweeper",2,2,2,2,2,2,2,2,"Standard","Standard",46,"-0.092","-0.298",,,,,"0.298",,0,0,0.604,0.604,33,25,34,26,2,1,6,1,6,1,"3.64","-1.6","1.6","48.4",,,,,
"FC","2023-07-22","84.4","-0.37","5.9","Coulombe, Danny",670042,543056,"truncated_pa","called_strike",,,,,2,,"R","L","L","TB","BAL","S",2,,0,0,2023,"-0.34","0.3",-0.13958981381008317,3.391359844013244,,,677551,2,6,"Bot",,,,,,,1.2024917205456316,-123.02466794397266,-0.10380840678254244,-3.676243056568915,23.73476381889877,-29.311831473621655,3.53587068115112,1.60182412335135,,,,"83.9",2669,"5.8",717300,543510,663624,602104,683002,622761,669720,543305,623993,"54.67",,,"0",0,0,0,,48,1,"Cutter",2,5,2,5,5,2,2,5,"Infield shade","Standard",196,"-0.024","-0.286",,,,,"0.286",,-3,-3,0.131,0.131,33,28,34,29,1,2,3,1,2,1,"2.88","-0.34","-0.34","51.1",,,,,
"PO","2023-06-16","84.4","-1.74","6.02","Crismatt, Nabil",642350,622503,,"pitchout",,,,,12,,"R","R","R","SD","TB","B",,,0,0,2023,"-0.93","1.43",2.2085886224511664,4.2271424100777075,,,670764,0,9,"Top",,,,,,,11.070268583459699,-122.3551011898079,-0.5274454057809905,-11.757751095563897,27.611791951334144,-18.07549459352071,3.42,1.65,,,,"84",2183,"6.6",717732,596142,630105,673490,592518,593428,665742,663757,665487,"53.91",,,,,,,,68,1,"Pitch Out",2,6,6,2,6,2,6,2,"Infield shade","Standard",218,"0.004","0.03",,,,,"-0.03",,-4,4,0.013,0.987,28,27,29,28,1,3,59,3,71,1,"1.83","0.93","0.93","44.9",,,,,
"SL","2023-06-23","84.3","-2.64","5.49","Dunning, Dane",624431,641540,,"ball",,,,,14,,"R","R","R","NYY","TEX","B",,,1,1,2023,"0.16","0.2",1.7904614060945157,1.0294986190101003,,,643396,1,5,"Bot",,,,,,,9.980001374200686,-122.4725472212455,-4.406228771868949,-0.2556647912019251,23.364292809793977,-29.495791348722722,2.80840367116152,1.2711439403867,,,,"84.5",2389,"6.5",717655,641598,663993,543760,673962,608369,677649,665750,666969,"54.05",,,,,,,,40,3,"Slider",1,1,1,1,1,1,1,1,"Standard","Standard",118,"-0.05","0.046",,,,,"-0.046",,0,0,0.567,0.567,28,30,29,31,2,1,6,3,5,2,"3.01","-0.16","-0.16","36.6",,,,,
"SL","2023-04-30","84.3","1.74","6.19","Steele, Justin",660821,657006,"strikeout_double_play","swinging_strike",,,,,13,"Jesus Sanchez strikes out swinging and Jon Berti caught stealing 2nd, catcher Yan Gomes to shortstop Dansby Swanson to catcher Yan Gomes.","R","L","L","MIA","CHC","S",2,,2,2,2023,"-1.14","0.29",-1.0685623035717582,1.4311321462528954,,,542932,0,5,"Bot",,,,,,,-4.250408399080186,-122.60932523837891,-5.216551438796685,-10.597584281498396,25.210635839630047,-28.41153183174593,3.41,1.62,,,,"83.8",2858,"6.1",718364,543228,543333,663538,621550,621020,664023,641355,673548,"54.4",,0,"0",1,0,0,,43,5,"Slider",3,2,3,2,2,3,3,2,"Standard","Standard",301,"-0.065","-0.21",,,,,"0.21",,1,1,0.736,0.736,27,25,28,26,3,0,5,1,5,2,"2.93","-1.14","-1.14","47.7",,,,,
"SL","2023-07-27","84.2","-1.67","5.55","Lorenzen, Michael",595453,547179,,"swinging_strike",,,,,13,,"R","R","R","DET","LAA","S",,,1,1,2023,"0.33","-0.05",-0.015074307946118803,1.3592738035267051,,,663550,1,4,"Top",,,,,,,3.1846257858072677,-122.67675658222203,-3.2605630659062146,2.6572558071627483,24.344213928282137,-32.237421253501765,3.79,1.81,,,,"83.7",2412,"5.9",717243,606992,679529,670097,656716,595879,668731,682985,663837,"54.6",,,,,,,,26,3,"Slider",0,3,3,0,3,0,3,0,"Standard","Standard",90,"0.025","-0.055","66.3","8.8","0.621468744",,"0.055",,-3,3,0.186,0.8140000000000001,31,31,31,32,2,1,7,2,7,3,"3.26","-0.33","-0.33","40.6",25.017229893888256,-30.46565554998559,40.986836698057445,40.383888997586894,48.75779111135924
"CH","2023-07-28","84.1","-3.09","5.25","Scherzer, Max",669743,453286,,"ball",,,,,13,,"R","R","R","NYM","WSH","B",,,1,1,2023,"-1","-0.3",-1.5594061853780974,1.5670023309499248,,,545121,1,5,"Top",,,,,,,5.539704267035962,-122.42451125231266,-1.6007683790854612,-11.13061222783857,22.84881776815892,-35.1122097043775,3.21764285049117,1.57392489280547,,,,"84.6",1143,"6.5",717230,682626,624413,643446,683146,596019,502054,607043,592192,"54.05",,,,,,,,34,3,"Changeup",0,0,0,0,0,0,0,0,"Standard","Standard",260,"0.051","0.046",,,,,"-0.046",,0,0,0.499,0.501,38,28,39,29,2,1,6,1,6,1,"3.51","1","1","25.4",,,,,
"CH","2023-08-29","84.1","3.39","4.33","Jacques, Joe",547989,682175,,"ball",,,,,14,,"R","R","L","BOS","HOU","B",,,0,1,2023,"1.07","-0.49",1.8225566956350774,1.9205529803236718,,,663656,0,6,"Top",,,,,,,-5.736407041118524,-122.3003511371729,1.8042151703650233,11.862904912237749,24.583454630608742,-37.71698431011348,3.36771765326706,1.54828254867508,,,,"83.8",1629,"6.2",716802,624512,671213,666152,646240,596115,807799,594807,657077,"54.3",,,,,,,,43,2,"Changeup",1,3,3,1,3,1,3,1,"Standard","Standard",84,"0.04","0.024",,,,,"-0.024",,-2,2,0.199,0.8009999999999999,28,36,28,36,1,2,24,1,1,3,"3.73","1.07","-1.07","8.0",,,,,
"SL","2023-06-23","84.1","-3.04","4.87","Nittoli, Vinny",656941,657697,"truncated_pa","called_strike",,,,,9,,"R","L","R","PHI","NYM","S",2,,1,0,2023,"0.74","0.35",0.687554803752638,1.7441076301464125,,,669016,2,8,"Bot",,,,,,,7.271363527962541,-122.38680261011686,-1.5843047235931746,6.107819149593418,23.384541543524836,-28.529415194059418,3.33531338098766,1.63002093039673,,,,"85.5",2795,"7.1",717656,682626,624413,643446,592192,596019,502054,607043,516782,"53.36",,,"0",0,0,0,,66,2,"Slider",5,1,5,1,1,5,5,1,"Infield shade","Standard",84,"-0.001","-0.316",,,,,"0.316",,4,4,0.986,0.986,32,30,33,30,1,4,,1,2,1,"2.86","-0.74","0.74","14.1",,,,,
"ST","2023-09-23","84.1","-1.94","6.34","Pivetta, Nick",686676,601713,,"swinging_strike",,,,,4,,"R","R","R","BOS","CWS","S",,,2,1,2023,"0.92","0.52",-0.5623007678386267,2.301392852754915,,,672820,1,5,"Top",,,,,,,1.372000049436413,-122.39119261569186,-3.9719293317829996,8.840332851883128,26.839025407566403,-26.331639316228003,3.34,1.51,,,,"84.5",2547,"6.8",716468,624512,666915,665839,646240,596115,807799,678882,657077,"53.72",,,,,,,,33,4,"Sweeper",0,0,0,0,0,0,0,0,"Standard","Standard",80,"0.062","-0.054","74.9","8.1","0.1",,"0.054",,0,0,0.492,0.508,30,24,30,25,2,1,6,1,6,1,"2.73","-0.92","-0.92",,22.622458373999304,-29.30167090789417,33.6720445313704,29.30452470772722,50.46490111374652
"CH","2023-07-07","84.1","-1.54","5.81","Ober, Bailey",656811,641927,"strikeout_double_play","swinging_strike",,,,,13,"Ryan O'Hearn strikes out swinging and Anthony Santander caught stealing 2nd, catcher Christian Vazquez to shortstop Carlos Correa to catcher Christian Vazquez.","R","L","R","MIN","BAL","S",2,,3,2,2023,"-1.51","0.44",-1.0780857048862282,1.964639487627883,,,623993,1,1,"Top",,,,,,,4.181390743657314,-122.49268139138752,-3.5115469367067087,-16.011922329394686,23.205788266171762,-27.245893831892335,3.34,1.62,,,,"86.6",2133,"7.8",717458,543877,456781,571657,669304,621043,650489,572191,596146,"52.74",,0,"0",1,0,0,,3,7,"Changeup",0,0,0,0,0,0,0,0,"Infield shade","Standard",248,"0.056","-0.314",,,,,"0.314",,0,0,0.492,0.508,27,29,28,30,1,0,6,1,11,1,"2.76","1.51","-1.51","29.6",,,,,
"CH","2023-09-04","83.9","-2.54","5.65","Rodriguez, Grayson",683021,680570,,"swinging_strike",,,,,14,,"R","R","R","LAA","BAL","S",,,2,1,2023,"-0.91","0.11",0.008723379017166577,0.5378567143690645,,,681351,0,2,"Bot",,,,,,,7.841897387257056,-121.9573200396564,-5.723668043543081,-10.598061335433183,23.691918762859355,-30.15315660930206,3.34,1.57,,,,"85.5",1740,"7.3",716713,543510,663624,676059,683002,622761,669720,656775,543305,"53.16",,,,,,,,14,4,"Changeup",0,0,0,0,0,0,0,0,"Standard","Standard",258,"-0.07","-0.056","63.9","7.1","0.1",,"0.056",,0,0,0.595,0.595,23,27,24,27,1,0,7,1,6,16,"3.13","0.91","0.91","34.1",-1.9837833440021377,2.334954158788932,44.8897113347794,38.181886582517414,28.13145524927988
"CU","2023-08-26","83.8","-0.02","6.56","Karinchak, James",593160,675916,"truncated_pa","called_strike",,,,,4,,"R","R","R","TOR","CLE","S",2,,0,0,2023,"-0.33","-0.42",-0.5111638321390061,2.48123675984344,643376,,662139,2,7,"Bot",,,,,,,-0.4711017744216934,-122.09766061976123,-2.1490194500522297,-3.221667220829411,25.21864130103389,-36.17235928271145,3.27935906357542,1.56829483701048,,,,"83.1",2151,"5.9",716846,666310,594777,665926,671289,672356,660757,664702,657656,"54.62",,,"0",0,0,0,,65,1,"Curveball",8,3,8,3,3,8,8,3,"Standard","Strategic",19,"-0.004","-0.299",,,,,"0.299",,5,5,0.986,0.986,27,34,28,34,1,4,3,1,2,1,"3.67","0.33","0.33","64.0",,,,,
"SL","2023-06-05","83.8","1.5","6.47","Smith, Will",691023,519293,"truncated_pa","called_strike",,,,,6,,"R","R","L","TEX","STL","S",2,,1,1,2023,"-0.24","0.16",0.7926273330058815,2.5333380397209986,,,657557,2,9,"Top",,,,,,,-1.1766488022146044,-121.97223395752178,-2.9077140475252845,-2.0566642016875254,27.8307666367052,-30.14834788944697,3.83917348025733,1.82799512347374,,,,"83.2",2383,"6.2",717879,641680,663993,543760,673962,608369,677649,665750,666969,"54.27",,,"0",0,0,0,,70,3,"Slider",3,3,3,3,3,3,3,3,"Standard","Strategic",275,"0.062","-0.266",,,,,"0.266",,0,0,0.577,0.42300000000000004,33,21,34,21,1,3,3,1,1,1,"3.12","-0.24","0.24","43.7",,,,,
"SL","2023-06-14","83.8","-2.58","6.04","Medina, Luis",670623,665622,,"called_strike",,,,,5,,"R","R","R","ATH","TB","S",,,1,0,2023,"0.14","0.36",0.049966694534344935,2.3096291248055514,,,668227,0,4,"Top",,,,,,,5.836601520836825,-121.92229057007368,-2.9426422551046447,0.20819715751316228,23.856704488641864,-28.167059969171518,3.1898480569195,1.48568861930718,,,,"84.1",2123,"6.5",717761,669127,676116,607054,681146,649557,668709,665923,664913,"54.03",,,,,,,,27,2,"Slider",3,1,1,3,1,3,1,3,"Standard","Standard",171,"0.08","-0.042",,,,,"0.042",,2,-2,0.677,0.32299999999999995,24,24,24,24,2,1,5,1,6,1,"2.88","-0.14","-0.14","38.8",,,,,
"ST","2023-06-12","83.8","-1.43","5.01","Webb, Logan",669242,657277,,"ball",,,,,11,,"R","L","R","STL","SF","B",,,0,0,2023,"0.69","0.3",-1.5237005455433272,3.717934931097858,,,691023,1,3,"Bot",,,,,,,-1.5994426365380185,-121.97780377945638,2.8598617987506567,7.247663777815888,23.97685924288433,-29.93617920887476,2.7553570113678,1.32958661562984,,,,"84.5",2535,"6.7",717791,672275,527038,642731,669477,543063,571745,596103,624424,"53.79",,,,,,,,24,1,"Sweeper",0,2,0,2,2,0,0,2,"Infield shade","Standard",71,"-0.048","0.036",,,,,"-0.036",,-2,-2,0.331,0.331,26,28,27,28,1,0,5,1,6,1,"2.94","-0.69","0.69","21.8",,,,,
"KC","2023-05-13","83.7","-2.82","5.75","Gallen, Zac",663698,668678,"strikeout_double_play","swinging_strike",,,,,14,"Joey Bart strikes out swinging and Casey Schmitt caught stealing 2nd, catcher Jose Herrera to second baseman Ketel Marte to catcher Jose Herrera.","R","R","R","AZ","SF","S",2,,3,2,2023,"0.4","-0.85",0.940709266436023,1.3635349201100935,,,669477,0,5,"Top",,,,,,,7.930907362856505,-121.77225518051377,-2.057847093381397,2.532563730205897,22.801877574377233,-40.50720488922848,3.24,1.48,,,,"84.3",2497,"6.6",718184,645444,572233,606466,668942,672695,682998,677950,666150,"53.89",,0,"0",1,0,0,,31,8,"Knuckle Curve",0,1,1,0,1,0,1,0,"Standard","Standard",43,"0.087","-0.298",,,,,"0.298",,-1,1,0.317,0.683,27,26,28,27,2,1,5,1,6,1,"4.1","-0.4","-0.4","39.2",,,,,
"ST","2023-04-26","83.6","-2.01","5.79","Gray, Jon",669222,592351,,"ball",,,,,11,,"R","R","R","CIN","TEX","B",,,1,1,2023,"0.4","0.67",-1.2074519666509862,3.6537596412843847,,,621028,1,2,"Bot",,,,,,,1.064197191311564,-121.8401723127226,0.10231188113135659,3.8051418236471783,21.890776465386814,-25.66831568292988,3.09192104601412,1.53189632837861,,,,"84.2",2166,"6.4",718424,641680,663993,543760,673962,669701,543257,608671,666969,"54.12",,,,,,,,17,3,"Sweeper",2,0,2,0,0,2,2,0,"Standard","Standard",93,"-0.027","0.046",,,,,"-0.046",,2,2,0.748,0.748,31,28,32,28,1,0,5,1,6,2,"2.56","-0.4","-0.4","32.5",,,,,
"SL","2023-05-23","83.6","-1.74","5.76","Nelson, Ryne",656941,669194,,"ball",,,,,13,,"R","L","R","PHI","AZ","B",,,2,2,2023,"1.52","0.08",-1.2281652558832763,2.3375453500015375,,,547180,1,4,"Bot",,,,,,,-1.8639071785584072,-121.78603439894518,-1.6373982540707641,15.5087815468233,24.3801454005906,-31.261905358555232,3.2154786695512,1.51171686571298,,,,"84.6",2463,"6.9",718060,672515,572233,606466,656896,672695,666971,666150,682998,"53.56",,,,,,,,32,5,"Slider",1,3,1,3,3,1,1,3,"Infield shade","Standard",73,"-0.045","0.084",,,,,"-0.084",,-2,-2,0.309,0.309,25,30,25,30,2,1,6,1,6,1,"3.18","-1.52","1.52","37.3",,,,,
"SL","2023-04-09","83.5","-2.92","5.59","Mahle, Tyler",643289,641816,,"swinging_strike",,,,,9,,"R","R","R","MIN","HOU","S",,,1,1,2023,"0.88","-0.37",0.6148692016757105,1.9412797520871514,,,667452,1,3,"Top",,,,,,,6.4626530862868785,-121.5402719604172,-1.2583574105125046,7.496243613888331,23.42169848559887,-35.80704269130826,3.44,1.65,,,,"84.5",2626,"6.9",718649,680777,456781,624503,669304,571657,663616,572191,670242,"53.62",,,,,,,,15,3,"Slider",0,0,0,0,0,0,0,0,"Standard","Standard",31,"0.048","-0.055",,,,,"0.055",,0,0,0.499,0.501,28,28,29,29,1,0,6,2,6,1,"3.63","-0.88","-0.88","48.7",,,,,
"SL","2023-04-11","83.5","-1.82","5.3","Rodríguez, José",641820,642578,"truncated_pa","called_strike",,,,,9,,"R","R","R","CHC","SEA","S",2,,1,0,2023,"0.51","0.01",0.3817351916429729,2.2109480233272163,,,663611,2,6,"Bot",,,,,,,4.072767674130572,-121.65007518461731,-0.7180405350367869,4.303601454899195,23.59981835332603,-32.193409426952265,3.52701911897773,1.65317898508184,,,,"83.7",2570,"6.4",718617,663728,664034,543939,553993,641487,672284,677594,606192,"54.14",,,"0",0,0,0,,71,2,"Slider",14,8,14,8,8,14,14,8,"Standard","Standard",56,"-0.002","-0.316",,,,,"0.316",,6,6,0.985,0.985,27,31,28,31,1,4,,1,,1,"3.25","-0.51","-0.51","36.8",,,,,
"CU","2023-09-27","83.5","-2.2","5.99","Oviedo, Johan",679032,670912,"truncated_pa","called_strike",,,,,4,,"R","R","R","PHI","PIT","S",2,,0,0,2023,"0.76","0.13",-0.6824138240180577,2.668613839839072,,,665506,2,5,"Bot",,,,,,,2.0122756743405343,-121.68292266797128,-1.4817999894496723,7.190292871725989,24.087278546655526,-30.785526740485633,3.39018979013699,1.60042217976805,,,,"84.3",2300,"6.8",716415,682848,669707,693304,663647,678894,668804,669261,656582,"53.75",,,"0",0,0,0,,50,1,"Curveball",6,6,6,6,6,6,6,6,"Standard","Standard",139,"-0.031","-0.286",,,,,"0.286",,0,0,0.531,0.531,25,22,25,23,3,2,6,1,,3,"3.13","-0.76","-0.76","35.4",,,,,
"ST","2023-09-23","83.5","-2.46","4.7","Topa, Justin",641598,623437,"truncated_pa","called_strike",,,,,3,,"R","R","R","TEX","SEA","S",2,,0,0,2023,"0.63","0.39",0.4902875589230581,2.9163310931523703,,,666969,2,8,"Bot",,,,,,,5.5135199880571255,-121.48536092822174,1.5277567331002957,5.177350329370069,23.419559867016183,-28.839246895127026,3.37986354620155,1.67177509568139,,,,"83",2434,"5.9",716461,663728,664034,676609,553993,641487,664059,677594,664238,"54.6",,,"0",0,0,0,,65,1,"Sweeper",2,0,2,0,0,2,2,0,"Standard","Standard",81,"-0.007","-0.286",,,,,"0.286",,2,2,0.931,0.931,32,32,32,32,1,3,3,1,1,1,"2.88","-0.63","-0.63","8.9",,,,,
"SL","2023-05-09","83.5","-2.46","5.44","Flaherty, Jack",673548,656427,"strikeout_double_play","swinging_strike",,,,,9,"Seiya Suzuki strikes out swinging and Cody Bellinger caught stealing 2nd, catcher Andrew Knizner to second baseman Nolan Gorman to catcher Andrew Knizner.","R","R","R","CHC","STL","S",2,,3,2,2023,"0.69","-0.1",0.8005469626162856,1.3718143413945771,,,641355,1,3,"Bot",,,,,,,6.2023372167814355,-121.46103015410225,-2.711157550905024,5.528010106262416,25.15702809372365,-32.83855425992855,3.1,1.4,,,,"84.1",2523,"6.8",718240,668800,502671,669357,571448,657557,680977,666185,663457,"53.68",,0,"0",1,0,0,,31,6,"Slider",3,4,3,4,4,3,3,4,"Standard","Standard",95,"-0.07","-0.314",,,,,"0.314",,-1,-1,0.447,0.447,27,28,28,29,2,1,5,1,6,1,"3.39","-0.69","-0.69","30.4",,,,,
"KC","2023-08-01","83.3","-1.98","5.99","Cobb, Alex",682998,502171,,"called_strike",,,,,1,,"R","L","R","SF","AZ","S",,,0,0,2023,"0.6","-0.91",-0.41566285097619254,2.774644701018585,,,672695,1,4,"Top",,,,,,,2.3864624895019153,-121.40369653915907,0.7580046900755844,5.553138969486147,22.138889158165487,-41.552998039711255,3.18613056613572,1.55622280553695,,,,"82.4",2690,"5.4",717180,666165,664774,656371,605204,543063,572041,682641,624424,"55.08",,,,,,,,25,1,"Knuckle Curve",0,0,0,0,0,0,0,0,"Standard","Standard",39,"0.052","-0.042",,,,,"0.042",,0,0,0.497,0.503,35,22,36,23,2,1,7,1,5,1,"4.17","-0.6","0.6","42.4",,,,,
"SL","2023-04-14","83.3","-2.78","5.3","Houck, Tanner",621493,656557,"truncated_pa","ball",,,,,14,,"R","R","R","BOS","LAA","B",2,,0,1,2023,"1.15","0.02",1.5100574248378291,2.4105608068724678,,,650859,2,2,"Top",,,,,,,7.565736399181152,-121.14622206093101,-0.18259236959523184,9.753204636545483,25.01060351683655,-32.15663183765271,3.51233167082933,1.64986560634974,,,,"83",2590,"6.2",718580,657136,671213,624414,646240,644374,608701,571771,657077,"54.28",,,"0",0,0,0,,14,2,"Slider",0,2,2,0,2,0,2,0,"Infield shade","Standard",57,"0.015","-0.241",,,,,"0.241",,-2,2,0.326,0.6739999999999999,27,29,27,30,2,1,6,2,6,1,"3.28","-1.15","-1.15","19.3",,,,,
"CH","2023-05-18","83.2","2.29","5.23","Allen, Logan",518735,671106,"truncated_pa","ball",,,,,14,,"R","R","L","CWS","CLE","B",2,,1,2,2023,"-0.09","0.34",0.14514388429094532,1.207711527233434,,,669394,2,5,"Bot",,,,,,,-4.749161617130178,-121.10480141324689,-3.4236894229470147,0.08908752245264309,24.95304342386576,-28.347929326168,3.20923342945819,1.45786206074369,,,,"83.4",959,"6.5",718125,595956,672356,665926,677587,642708,680757,664702,686823,"54",,,"0",0,0,0,,40,5,"Changeup",1,1,1,1,1,1,1,1,"Standard","Standard",142,"-0.022","-0.207",,,,,"0.207",,0,0,0.522,0.522,24,34,25,35,3,2,6,1,5,3,"2.96","-0.09","0.09","44.9",,,,,
"CH","2023-05-24","83.2","-2.69","5.75","Brogdon, Connor",645444,641401,"strikeout_double_play","swinging_strike",,,,,8,"Jose Herrera strikes out swinging and Dominic Fletcher caught stealing 2nd, catcher Garrett Stubbs to shortstop Trea Turner to catcher Garrett Stubbs.","R","L","R","PHI","AZ","S",2,,1,2,2023,"-1.58","0.35",-0.057538340654370135,1.4947706827115863,,,666150,1,8,"Top",,,,,,,9.152447115446321,-120.7829443937978,-3.931120253753238,-17.26492486639003,25.32481303484573,-28.151893289764715,3.12,1.43,,,,"83.2",2370,"6.6",718043,596117,665019,681082,664761,607208,656941,669016,592206,"53.92",,0,"0",1,0,0,,67,5,"Changeup",3,5,5,3,5,3,5,3,"Strategic","Standard",254,"0.025","-0.183",,,,,"0.183",,-2,2,0.142,0.858,28,26,28,26,1,3,3,3,4,2,"2.98","1.58","-1.58","30.7",,,,,
"CU","2023-05-02","83.2","0.04","6.82","Karinchak, James",518934,675916,,"ball",,,,,12,,"R","R","R","NYY","CLE","B",,,1,2,2023,"0.24","-0.66",1.5944247278209902,2.583433658208305,,,519203,1,6,"Bot",,,,,,,3.0863113437629077,-121.18842741916365,-1.953556157193776,1.7172294465299227,24.019448344445898,-38.527683041904275,3.17552972787644,1.57011815163777,,,,"83",2379,"6.1",718339,572287,605137,665926,608070,642708,680757,664702,686823,"54.38",,,,,,,,49,4,"Curveball",2,2,2,2,2,2,2,2,"Standard","Standard",53,"-0.051","0.047",,,,,"-0.047",,0,0,0.565,0.565,27,34,28,35,1,2,3,1,4,1,"3.95","-0.24","-0.24","67.8",,,,,
"ST","2023-08-15","83.1","2.01","5.53","Bummer, Aaron",664023,607481,,"called_strike",,,,,13,,"R","R","L","CHC","CWS","S",,,0,0,2023,"-1.32","-0.29",-0.8687169317146164,2.388798378190977,,,663538,1,7,"Bot",,,,,,,-3.996390849680788,-120.8574832067959,-0.06384722322638337,-11.889312341324922,26.8666019904556,-35.200129073934946,3.41743468635952,1.59688309607316,,,,"82.4",2541,"6.2",716986,518735,683734,621545,660162,462101,643217,673357,693049,"54.32",,,,,,,,61,1,"Sweeper",3,4,3,4,4,3,3,4,"Standard","Standard",301,"-0.095","-0.042",,,,,"0.042",,-1,-1,0.37,0.37,29,28,30,29,1,3,2,2,1,1,"3.63","-1.32","1.32","17.8",,,,,
"SL","2023-08-01","83.1","-3.59","5.38","Walker, Ryan",608348,676254,,"ball",,,,,14,,"R","R","R","SF","AZ","B",,,0,0,2023,"0.72","0.1",1.154202966516366,2.0685782373293047,,,607054,0,8,"Top",,,,,,,9.400110795019868,-120.85489501324406,-1.3760244740749517,5.454178476741755,21.183312707742704,-31.091301371177735,3.45603477250884,1.646206732541,,,,"82.9",2356,"6",717180,672275,664774,656371,605204,543063,572041,682641,624424,"54.55",,,,,,,,56,1,"Slider",4,3,3,4,3,4,3,4,"Strategic","Standard",72,"0.136","0.03",,,,,"-0.03",,1,-1,0.657,0.34299999999999997,27,28,28,29,1,2,3,3,4,2,"3.17","-0.72","-0.72","19.8",,,,,
"SL","2023-06-09","83.1","-1.47","6.25","Smith-Shawver, AJ",600869,700363,,"ball",,,,,12,,"R","L","R","ATL","WSH","B",,,1,1,2023,"0.35","0.32",0.10275679008223038,4.440128100077684,,,671277,1,1,"Top",,,,,,,2.933059636429586,-121.05489672635363,1.6797083197479794,2.888978679433793,22.800520080258835,-29.5437687178323,3.33479745711775,1.59925458891288,,,,"83.6",1912,"6.5",717829,669221,621566,645277,663586,606115,592696,671739,660670,"54",,,,,,,,4,3,"Slider",0,1,1,0,1,0,1,0,"Standard","Standard",183,"0.034","0.046",,,,,"-0.046",,-1,1,0.403,0.597,20,29,21,30,1,0,5,2,6,1,"2.96","-0.35","0.35","51.9",,,,,
"KC","2023-07-04","83.1","-2.68","5.92","Abbott, Cory",668715,676265,,"ball",,,,,14,,"R","R","R","WSH","CIN","B",,,0,1,2023,"0.19","-0.81",1.1669867782758323,2.1611966391850985,,,682829,0,6,"Top",,,,,,,8.387570471726288,-120.81078463649904,-0.5406058526612226,0.23004728786749223,23.832320995493017,-40.179455906241394,3.3890447746724,1.69149346377377,,,,"82.5",2359,"6",717507,656180,642086,671277,600869,682928,572816,656537,657041,"54.53",,,,,,,,52,2,"Knuckle Curve",2,7,7,2,7,2,7,2,"Standard","Standard",33,"0.01","0.024",,,,,"-0.024",,-5,5,0.042,0.958,27,25,28,26,1,3,3,1,2,1,"4.12","-0.19","-0.19","44.1",,,,,
"CU","2023-05-06","83","-1.38","5.44","Germán, Domingo",668227,593334,,"ball",,,,,11,,"R","R","R","TB","NYY","B",,,0,0,2023,"0.03","0.1",-0.237693342544061,3.798398674608246,542194,,677551,1,5,"Bot",,,,,,,2.542534058192928,-120.8528852757361,2.461560710259153,-0.2028530448477005,23.096852369820915,-31.868248285399304,3.3212150297142,1.48939385457837,,,,"82.5",2580,"5.9",718291,543309,519203,650402,518934,683011,543305,643396,641343,"54.64",,,,,,,,39,1,"Curveball",2,0,2,0,0,2,2,0,"Standard","Standard",79,"-0.049","0.041",,,,,"-0.041",,2,2,0.856,0.856,30,28,31,28,3,2,5,1,5,1,"3.2","-0.03","-0.03","33.9",,,,,
"SL","2023-04-02","82.9","1.14","5.5","Falter, Bailey",608369,663559,,"ball",,,,,13,,"R","L","L","TEX","PHI","B",,,2,2,2023,"-0.37","0.33",-0.7038070293976585,1.2852609409223392,,,543760,0,1,"Bot",,,,,,,-3.5768408627097674,-120.74245672495003,-3.9285462387601484,-2.9869663733107523,21.448000490623325,-28.449920571563908,3.69998460604754,1.5276378289112,,,,"85.2",2004,"7.6",718739,592663,664761,681082,624641,607208,543281,665506,592206,"52.94",,,,,,,,7,5,"Slider",0,0,0,0,0,0,0,0,"Standard","Standard",221,"-0.048","0.088",,,,,"-0.088",,0,0,0.578,0.578,26,29,26,29,1,0,,1,6,1,"2.96","-0.37","-0.37","54.8",,,,,
"CH","2023-04-10","82.6","1.66","5.45","Matz, Steven",592178,571927,"strikeout_double_play","swinging_strike",,,,,5,"Kris Bryant strikes out swinging and Charlie Blackmon caught stealing 2nd, catcher Willson Contreras to second baseman Nolan Gorman to first baseman Brendan Donovan to shortstop Tommy Edman to catcher Willson Contreras. Ezequiel Tovar scores.","R","R","L","COL","STL","S",2,,3,2,2023,"0.67","-0.09",-0.07897126865305615,2.287399104235272,678662,,453568,1,3,"Bot",,,,,,,-5.299858741677849,-120.33548312018077,-0.6313928916857104,7.430536998817758,20.062554944229962,-33.13818201092736,3.28,1.66,,,,"83.6",2281,"6.6",718629,575929,680977,669357,571448,669242,676475,666185,691023,"53.91",,0,"0",1,0,0,,21,6,"Changeup",1,0,1,0,0,2,2,0,"Standard","Standard",92,"-0.005","-0.36",,,,,"0.36",,1,1,0.734,0.734,32,31,32,31,2,1,6,1,5,1,"3.39","0.67","-0.67","32.0",,,,,
"CH","2023-08-25","82.6","-2.49","6.1","Hendricks, Kyle",668804,543294,"strikeout_double_play","swinging_strike",,,,,13,"Bryan Reynolds strikes out swinging and Ke'Bryan Hayes caught stealing 2nd, catcher Yan Gomes to shortstop Dansby Swanson to first baseman Cody Bellinger to catcher Yan Gomes.","R","L","R","PIT","CHC","S",2,,3,2,2023,"-1.33","0.53",-0.8670232795186148,1.0717139687881105,675961,,663647,1,2,"Bot",,,,,,,6.181012400335797,-120.20961409689627,-5.982959686828759,-14.120730371806896,20.94742070444214,-26.08209504632884,3.13,1.5,,,,"81.7",2108,"5.5",716862,543228,641355,663538,663611,621020,664023,643565,673548,"55.04",,0,"0",1,0,0,,17,7,"Changeup",2,0,2,0,0,2,2,0,"Standard","Standard",224,"-0.085","-0.36","69.5","8.0","4.706451756",,"0.36",,2,2,0.797,0.797,33,28,34,28,2,1,5,1,5,1,"2.78","1.33","-1.33","47.2",24.660939159310193,-19.641065289084377,38.9431510717913,40.977012656711466,43.06889438844101
"CH","2023-06-11","82.6","1.56","4.46","Sears, JP",642715,676664,"truncated_pa","ball",,,,,14,,"R","R","L","MIL","ATH","B",2,,0,0,2023,"1.32","0.25",1.7161452654073928,2.4277991307017075,,,680911,2,5,"Bot",,,,,,,-2.249683329429258,-120.2031251782236,1.4143620903070775,13.26350784836234,23.912283903523573,-30.265777941365638,3.38139312092522,1.57154524985596,,,,"83.1",1596,"6.7",717800,542208,676116,643393,649557,675656,664913,665923,657656,"53.83",,,"0",0,0,0,,42,1,"Changeup",2,4,2,4,4,2,2,4,"Standard","Standard",100,"-0.031","-0.286",,,,,"0.286",,-2,-2,0.252,0.252,27,27,27,28,3,2,6,1,5,2,"3.1","1.32","-1.32","19.5",,,,,
"ST","2023-09-04","82.6","-1.76","6.01","Otto Jr., Glenn",673237,657248,"strikeout_double_play","swinging_strike",,,,,14,"Yainer Diaz strikes out swinging and Chas McCormick caught stealing 2nd, catcher Jonah Heim to second baseman Marcus Semien to catcher Jonah Heim.","R","R","R","TEX","HOU","S",2,,3,2,2023,"1.34","0.05",0.838122000041591,1.4757436931778907,,,676801,0,6,"Top",,,,,,,3.329666097381622,-120.30340203669888,-3.946435973961139,12.314834542056017,24.110693673648463,-31.077475330895446,3.19,1.47,,,,"83.5",2474,"6.9",716724,641680,663993,543760,669701,608369,543257,665750,666969,"53.61",,0,"0",1,0,0,,48,6,"Sweeper",4,3,3,4,3,4,3,4,"Infield shade","Standard",56,"0.136","-0.298","57.7","8.6","1.9654311",,"0.298",,1,-1,0.587,0.41300000000000003,27,24,27,25,1,2,3,1,,4,"3.29","-1.34","-1.34","41.4",24.290681989713608,-29.975869523318302,33.78279223644119,44.03797682462675,49.0832354486019
"SL","2023-08-24","82.5","2.92","5.18","Heaney, Andrew",596146,571760,"strikeout_double_play","called_strike",,,,,9,"Max Kepler called out on strikes and Royce Lewis caught stealing 2nd, catcher Jonah Heim to shortstop Corey Seager to catcher Jonah Heim.","R","L","L","MIN","TEX","S",2,,3,2,2023,"-0.12","0.19",0.7558764689800601,2.0632415710724996,,,668904,0,2,"Bot",,,,,,,-4.69604830450126,-120.24678499914566,-1.042530756344191,-0.3837487561120828,20.356223927771275,-30.362301080947827,3.49199691449217,1.66253589395161,,,,"83.2",2530,"6.4",716867,641680,663993,543760,677649,608369,608671,665750,666969,"54.14",,0,"0",1,0,0,,14,7,"Slider",0,1,0,1,1,0,0,1,"Infield shade","Standard",291,"-0.093","-0.298",,,,,"0.298",,-1,-1,0.493,0.493,32,30,32,30,1,0,6,1,5,1,"3.12","-0.12","-0.12","33.3",,,,,
"KC","2023-04-22","82.5","-1.78","5.9","Cole, Gerrit",666182,543037,"truncated_pa","ball",,,,,11,,"R","R","R","NYY","TOR","B",2,,2,2,2023,"1.33","-1.26",-0.9504951765209237,2.811079800524432,,,543807,2,5,"Top",,,,,,,-0.7275256450200611,-119.9781646478834,2.0843682958975958,12.863690870907806,27.863880836244064,-44.89236527274728,3.42908217211696,1.65996411015051,,,,"81.9",2777,"6.4",718476,624431,519203,650402,672724,683011,665828,592450,614173,"54.12",,,"0",0,0,0,,34,7,"Knuckle Curve",0,0,0,0,0,0,0,0,"Strategic","Standard",33,"0.026","-0.24",,,,,"0.24",,0,0,0.541,0.45899999999999996,32,25,33,25,3,2,6,1,5,1,"4.67","-1.33","-1.33","45.7",,,,,
"KC","2023-09-15","82.5","-2.17","5.92","Cole, Gerrit",678225,543037,"strikeout_double_play","called_strike",,,,,9,"Ji Hwan Bae called out on strikes and Liover Peguero caught stealing 2nd, catcher Ben Rortvedt to shortstop Anthony Volpe to catcher Ben Rortvedt.","R","L","R","PIT","NYY","S",2,,3,2,2023,"0.83","-0.91",0.7655049240750302,1.8101518261834668,,,678894,0,4,"Bot",,,,,,,5.072959594955375,-120.1716179857913,-1.0742952698270307,7.0267359237044476,23.18676464284574,-41.036714575153724,2.98980056295342,1.4473510979224,,,,"82.7",2677,"6.3",716579,666163,518934,650402,672724,683011,665828,664314,592450,"54.17",,0,"0",1,0,0,,39,8,"Knuckle Curve",2,1,2,1,1,2,2,1,"Standard","Standard",43,"-0.076","-0.298",,,,,"0.298",,1,1,0.725,0.725,32,23,33,24,3,2,5,1,6,1,"4.25","-0.83","0.83","48.6",,,,,
"ST","2023-06-11","82.5","-1.29","6.09","Bielak, Brandon",605137,656232,"truncated_pa","ball",,,,,13,,"R","L","R","CLE","HOU","B",2,,1,1,2023,"0.8","-0.66",-0.48501658040966833,1.484989202943019,,,647304,2,3,"Bot",,,,,,,0.27876564817928395,-120.01775993867467,-2.550210671386008,7.582302905960256,26.811195842426176,-38.138049607105415,3.72062606201226,1.77104229198984,,,,"80.5",2459,"5.3",717802,663967,673237,643289,608324,666197,667452,676694,663656,"55.24",,,"0",0,0,0,,23,3,"Sweeper",2,0,2,0,0,2,2,0,"Infield shade","Standard",26,"-0.016","-0.266",,,,,"0.266",,2,2,0.745,0.745,27,30,27,31,2,1,6,1,6,2,"4.05","-0.8","0.8","44.3",,,,,
"CH","2023-09-22","82.5","-2.3","5.29","Gipson-Long, Sawyer",671732,687830,,"ball",,,,,14,,"R","L","R","ATH","DET","B",,,2,1,2023,"-0.93","-0.07",0.357385152354072,1.4345143190159368,,,643393,1,4,"Bot",,,,,,,8.074847087108655,-119.97463293356569,-2.1465819293516057,-10.561478758964029,22.464507111307036,-32.67671988705464,3.4174248633872,1.58067977665233,,,,"84.6",1324,"7.6",716472,608348,679529,670097,663527,595879,628451,663837,681481,"52.88",,,,,,,,29,4,"Changeup",1,0,1,0,0,1,1,0,"Standard","Standard",253,"-0.037","0.1",,,,,"-0.1",,1,1,0.69,0.69,25,22,26,23,2,1,6,2,6,1,"3.42","0.93","-0.93","30.1",,,,,
"SL","2023-09-26","82.5","-1.88","5.94","Curry, Xzavion",682622,675540,,"ball",,,,,14,,"R","R","R","CLE","CIN","B",,,2,2,2023,"0.62","0.21",1.09473963921782,1.541934277161673,,,656413,1,9,"Top",,,,,,,5.5336907802716375,-120.07568638073141,-3.92013496440421,5.046633683211067,21.879557998768863,-29.613404419164386,3.45514640832107,1.64876942482923,,,,"82.3",2492,"6",716435,666310,647304,671289,608070,677588,680757,664702,686823,"54.47",,,,,,,,77,5,"Slider",7,9,9,7,9,7,9,7,"Standard","Standard",112,"0.012","0.084",,,,,"-0.084",,-2,2,0.077,0.923,24,21,25,22,2,4,3,3,4,1,"3.12","-0.62","-0.62","55.2",,,,,
"CU","2023-04-19","82.4","-2.52","5.28","Morton, Charlie",543592,450203,"truncated_pa","called_strike",,,,,8,,"R","R","R","SD","ATL","S",2,,0,1,2023,"1.19","-0.83",0.032313669980964854,2.1055766271397798,,,673490,2,2,"Bot",,,,,,,3.4558874804248934,-119.91957725558845,0.9405401403010816,10.749575043857247,24.45336931639093,-40.56024589192199,3.55900150519575,1.59426217681493,,,,"81.7",3075,"5.9",718507,669221,621566,645277,663586,687093,607680,656541,660670,"54.57",,,"0",0,0,0,,14,2,"Curveball",0,0,0,0,0,0,0,0,"Strategic","Standard",63,"-0.02","-0.241",,,,,"0.241",,0,0,0.52,0.52,39,33,40,34,1,0,5,2,6,1,"4.2","-1.19","-1.19","20.8",,,,,
"SL","2023-09-02","82.4","1.4","6.37","Smith, Will",670242,519293,"strikeout_double_play","swinging_strike",,,,,13,"Twins challenged (tag play), call on the field was upheld: Matt Wallner strikes out swinging and Joey Gallo caught stealing 2nd, catcher Mitch Garver to shortstop Corey Seager to catcher Mitch Garver.","R","L","L","TEX","MIN","S",2,,0,2,2023,"-0.52","0.45",-1.4082657047520193,2.3249177952501836,,,608336,1,8,"Top",,,,,,,-5.352318819741801,-120.02653793770367,-3.6517565551096784,-4.226327412444711,18.70054088457759,-27.36156816183662,3.74,1.86,,,,"82.6",2347,"6",716752,641598,663993,543760,677649,608369,543257,665750,666969,"54.53",,0,"0",1,0,0,,64,3,"Slider",5,6,6,5,6,5,6,5,"Standard","Standard",306,"0.042","-0.16","70.8","8.2","4.70533218",,"0.16",,-1,1,0.266,0.734,33,25,34,26,1,3,3,1,1,1,"2.85","-0.52","-0.52","39.9",21.78003162152839,-19.047794242983805,27.717587042247196,55.940595389284,48.263668011252335
"ST","2023-04-03","82.4","-2.87","5.27","Woodford, Jake",621566,663765,,"called_strike",,,,,4,,"R","L","R","STL","ATL","S",,,1,0,2023,"0.61","0.09",-0.3110705662053246,2.8032830171978262,,,660670,0,1,"Top",,,,,,,4.654902490948107,-120.01988708443038,0.6398950182084171,5.20025269409157,19.823598049518438,-31.572401080281427,3.5,1.72,,,,"83.2",2393,"6.5",718727,575929,502671,680977,571448,669242,676475,641933,691023,"54.04",,,,,,,,2,2,"Sweeper",0,0,0,0,0,0,0,0,"Infield shade","Strategic",60,"0.064","-0.042",,,,,"0.042",,0,0,0.459,0.5409999999999999,26,29,27,29,1,0,,1,6,1,"3.22","-0.61","0.61","31.8",,,,,
"SL","2023-04-24","82.3","1.89","5.42","Suarez, José",665923,660761,,"swinging_strike",,,,,13,,"R","R","L","LAA","ATH","S",,,0,0,2023,"-0.38","0.63",-0.7648532929982069,1.1079422726389243,,,643393,0,2,"Top",,,,,,,-5.2876544389489535,-119.82527723617171,-4.497844064141143,-2.65501834464401,22.907265011001286,-25.40978588201813,3.03,1.52,,,,"82.2",2583,"6.2",718437,595453,592273,650859,543685,687263,621493,545361,592669,"54.31",,,,,,,,14,1,"Slider",0,5,5,0,5,0,5,0,"Standard","Standard",278,"0.02","-0.036",,,,,"0.036",,-5,5,0.097,0.903,25,24,25,24,2,1,6,1,6,1,"2.73","-0.38","0.38","36.1",,,,,
"CH","2023-05-27","82.2","-1.47","6.64","Wacha, Michael",643396,608379,"truncated_pa","ball",,,,,14,,"R","R","R","NYY","SD","B",2,,1,2,2023,"-0.83","0.94",0.26619308226786276,0.5585898275695838,,,664056,2,4,"Bot",,,,,,,5.569805896711611,-119.33871522098109,-9.092075234064737,-9.036241903091526,22.79107383148647,-21.610258918479236,3.0380903462109,1.3746990901875,,,,"82.5",1619,"6.6",718006,664954,641525,630105,596059,673490,665742,663757,665487,"53.87",,,"0",0,0,0,,29,5,"Changeup",1,1,1,1,1,1,1,1,"Standard","Standard",241,"-0.02","-0.207",,,,,"0.207",,0,0,0.52,0.52,31,28,32,28,2,1,6,1,6,1,"2.45","0.83","0.83","54.2",,,,,
"ST","2023-06-22","82.1","1.5","4.33","Sears, JP",608070,676664,"strikeout_double_play","swinging_strike",,,,,13,"Guardians challenged (tag play), call on the field was upheld: Jose Ramirez strikes out swinging and Steven Kwan caught stealing 2nd, catcher Carlos Perez to second baseman Jace Peterson to catcher Carlos Perez.","R","R","L","CLE","ATH","S",2,,1,2,2023,"-0.57","0.52",-1.3582018314821167,1.776313304586556,,,680757,1,6,"Bot",,,,,,,-5.411476747335208,-119.59662904303055,-0.29555565448567356,-4.472537605168727,21.82330909521284,-27.317570811258868,3.35,1.6,,,,"82.8",2495,"6.6",717660,542208,676116,607054,681146,649557,643393,665923,667670,"53.89",,0,"0",1,0,0,,46,7,"Sweeper",2,1,2,1,1,2,2,1,"Standard","Standard",256,"-0.042","-0.183",,,,,"0.183",,1,1,0.734,0.734,27,30,27,31,3,2,6,1,6,1,"2.84","-0.57","0.57","15.4",,,,,
"SL","2023-07-15","82.1","-1.51","5.19","Criswell, Cooper",677951,681867,,"ball",,,,,14,,"R","R","R","KC","TB","B",,,1,1,2023,"0.77","0.18",1.00680035839382,2.442313048294987,,,680118,1,3,"Bot",,,,,,,4.265301560438751,-119.50138001096137,-0.025582091964287068,6.553031431242529,22.564405030600202,-30.63768418961488,3.5118294252779,1.65626757067265,,,,"83.3",2437,"7",717393,542194,670042,670764,670623,677551,668227,642350,622534,"53.47",,,,,,,,25,3,"Slider",1,1,1,1,1,1,1,1,"Standard","Standard",137,"-0.043","0.046",,,,,"-0.046",,0,0,0.556,0.556,26,23,27,23,1,1,38,0,26,1,"3.19","-0.77","-0.77","15.1",,,,,
"SV","2023-08-16","82","1.58","5.39","Pérez, Cionel",592518,672335,"truncated_pa","ball",,,,,12,,"R","R","L","SD","BAL","B",2,,1,0,2023,"-1.6","-0.6",1.256951856503002,4.728427813004609,,,665742,2,7,"Bot",,,,,,,2.348464256109424,-119.13416418280976,6.276664720611581,-15.587920637244869,26.454066897570478,-39.42906209986334,3.68410977780323,1.71086355601572,,,,"80.8",2511,"5.9",716965,543510,663624,676059,683002,622761,669720,656775,623993,"54.58",,,"0",0,0,0,,56,2,"Slurve",5,2,5,2,2,5,5,2,"Standard","Standard",316,"-0.007","-0.316",,,,,"0.316",,3,3,0.935,0.935,27,30,27,31,1,3,3,1,2,1,"4.04","-1.6","1.6","38.8",,,,,
"CU","2023-06-04","82","-1.35","5.69","Germán, Domingo",621035,593334,"truncated_pa","called_strike",,,,,8,,"R","R","R","LAD","NYY","S",2,,2,0,2023,"0","0.12",-0.2118945398544433,2.1999205382812863,,,678246,2,5,"Bot",,,,,,,2.567073261324712,-119.46579830198435,-1.627873279485113,-0.4889768308829761,21.11080947108152,-30.93879651249051,3.51257341958727,1.64063570641444,,,,"81.7",2704,"5.8",717888,543309,519203,650402,518934,683011,641432,643396,641343,"54.69",,,"0",0,0,0,,36,3,"Curveball",0,0,0,0,0,0,0,0,"Standard","Standard",5,"-0.039","-0.353",,,,,"0.353",,0,0,0.539,0.539,30,32,31,33,2,1,6,1,6,2,"3.24","0","0","33.5",,,,,
"ST","2023-04-16","82","-1.6","5.61","Whitlock, Garrett",681351,676477,"truncated_pa","ball",,,,,14,,"R","R","R","BOS","LAA","B",2,,2,2,2023,"0.88","-0.39",2.115042209201473,0.4390284019612465,650859,,592273,2,2,"Top",,,,,,,6.8311180749032125,-119.27644540175831,-4.52713432523599,7.311276566489023,20.552403419619694,-35.32690811100229,3.29922539764403,1.58269200838519,,,,"84",2261,"7.4",718559,657136,457759,624414,646240,644374,608701,571771,657077,"53.08",,,"0",0,0,0,,13,5,"Sweeper",0,1,1,0,1,0,1,0,"Infield shade","Standard",52,"0.039","-0.235",,,,,"0.235",,-1,1,0.404,0.596,27,23,27,23,1,0,5,2,6,1,"3.75","-0.88","-0.88","35.7",,,,,
"SL","2023-09-03","82","-2.36","5.77","Kopech, Michael",679529,656629,,"ball",,,,,14,,"R","R","R","CWS","DET","B",,,0,2,2023,"1.17","0.07",1.560627106299958,1.1271963129558729,,668731,656716,0,1,"Top",,,,,,,6.669253283303773,-119.30470315855986,-4.129262003910334,9.9756382774392,22.25111252336853,-30.9566196487784,3.18920573459533,1.44477537428857,,,,"83.1",2423,"7",716734,686676,683734,462101,660162,641313,643217,572204,693049,"53.53",,,,,,,,3,3,"Slider",0,0,0,0,0,0,0,0,"Infield shade","Standard",33,"0.041","0.025",,,,,"-0.025",,0,0,0.43,0.5700000000000001,27,23,27,24,1,0,6,1,6,2,"3.32","-1.17","-1.17","43.7",,,,,
"ST","2023-05-09","82","-2","5.66","Brigham, Jeff",663886,656257,"strikeout_double_play","called_strike",,,,,8,"Tyler Stephenson called out on strikes and Spencer Steer caught stealing 2nd, catcher Francisco Alvarez to second baseman Jeff McNeil to catcher Francisco Alvarez.","R","R","R","CIN","NYM","S",2,,3,2,2023,"1.16","0.55",0.16371894521280228,1.8833770187589338,,,668715,0,6,"Bot",,,,,,,2.6305948423560235,-119.39980595355904,-3.035675931057643,10.575301681276304,23.35275221731024,-26.55690051027657,3.04581474422065,1.59099855292972,,,,"81.6",2874,"6",718243,682626,624413,643446,683146,596019,592192,607043,516782,"54.49",,0,"0",1,0,0,,52,6,"Sweeper",7,2,7,2,2,7,7,2,"Standard","Standard",59,"-0.009","-0.298",,,,,"0.298",,5,5,0.978,0.978,31,26,31,27,1,3,2,2,3,1,"2.84","-1.16","-1.16","40.5",,,,,
"ST","2023-05-09","81.9","-2.47","5.53","Ohtani, Shohei",667452,660271,"truncated_pa","called_strike",,,,,6,,"R","R","R","LAA","HOU","S",2,,3,1,2023,"1.67","0.26",0.31520630966167285,2.2461598949069916,,,665161,2,4,"Top",,,,,,,3.088740559514487,-119.26418096321339,-1.3493852462895337,15.305121994124612,23.536321844348,-29.690958315886483,3.21276618732949,1.66584564027661,,,,"82.9",2536,"6.9",718237,608360,570482,592273,543685,687263,621493,545361,592669,"53.55",,,"0",0,0,0,,26,5,"Sweeper",1,0,0,1,0,1,0,1,"Standard","Standard",69,"0.039","-0.399",,,,,"0.399",,1,-1,0.646,0.354,28,27,29,27,2,1,6,2,6,1,"3.14","-1.67","-1.67","30.4",,,,,
"SL","2023-08-30","81.7","-2.32","5.24","Dunning, Dane",607043,641540,"truncated_pa","ball",,,,,14,,"R","L","R","NYM","TEX","B",2,,2,2,2023,"0.07","0.1",0.934616114923376,0.21828915719620356,,,542364,2,4,"Bot",,,,,,,7.240745468895979,-118.63935173550266,-4.888953048596282,-0.8268208482251466,24.066279608895616,-30.457772963227182,3.46844108374481,1.66261128342426,,,,"81.9",2312,"6.6",716783,641680,663993,543760,677649,608369,608671,665750,666969,"53.85",,,"0",0,0,0,,33,5,"Slider",3,1,3,1,1,3,3,1,"Infield shade","Standard",41,"-0.014","-0.24",,,,,"0.24",,2,2,0.765,0.765,28,30,29,30,3,2,5,1,6,2,"3.35","-0.07","0.07","37.8",,,,,
"CH","2023-09-06","81.5","2.62","5.93","Wicks, Jordan",571745,696136,"truncated_pa","ball",,,,,8,,"R","R","L","CHC","SF","B",2,,0,0,2023,"0.94","0.3",0.14326294564782838,1.610763450709738,,,642731,2,1,"Top",,,,,,,-7.38253499187034,-118.47547235942884,-3.7249335562901047,10.228126079582552,20.538002351719054,-28.894363794520864,3.21819286470346,1.44360669707012,,,,"81.8",1414,"6.4",716699,665804,621550,663538,663611,621020,664023,641355,673548,"54.13",,,"0",0,0,0,,4,1,"Changeup",0,0,0,0,0,0,0,0,"Infield shade","Standard",131,"0.022","-0.286",,,,,"0.286",,0,0,0.526,0.474,23,32,24,33,1,0,5,1,5,2,"3.12","0.94","-0.94","50.0",,,,,
"ST","2023-05-28","81.5","-1.2","5.86","Ober, Bailey",666182,641927,,"ball",,,,,14,,"R","R","R","MIN","TOR","B",,,2,2,2023,"0.95","0.4",1.6730191019604388,2.445916013575915,,,543807,0,1,"Top",,,,,,,4.776573197499446,-118.6223564883877,-1.9047918819414615,8.04807224649953,22.278511995910108,-28.219825222217143,3.45099693218072,1.7239161870201,,,,"84.2",2052,"8",717988,543877,608336,666397,571657,621043,666135,650489,670242,"52.52",,,,,,,,2,5,"Sweeper",0,0,0,0,0,0,0,0,"Standard","Standard",58,"0.049","0.088",,,,,"-0.088",,0,0,0.469,0.531,27,25,28,25,1,0,6,1,5,2,"3.02","-0.95","-0.95","31.4",,,,,
"CH","2023-05-04","81.5","2.31","5.87","Dodd, Dylan",680814,689266,,"ball",,,,,12,,"R","R","L","MIA","ATL","B",,,1,1,2023,"1.3","1.03",1.169519223126393,3.2979049043035826,,,663743,1,6,"Bot",,,,,,,-5.088035762528739,-118.45871938210843,-1.0863204178563068,13.195551663951138,25.248159563261247,-22.586351875466768,3.18031331531732,1.53075108350816,,,,"81.7",1715,"6.7",718308,669221,621566,645277,663586,687093,592696,607680,660670,"53.77",,,,,,,,55,3,"Changeup",3,4,3,4,4,3,3,4,"Standard","Standard",123,"-0.069","0.046",,,,,"-0.046",,-1,-1,0.398,0.398,25,26,25,26,3,2,25,1,21,4,"2.44","1.3","-1.3","47.1",,,,,
"KC","2023-04-27","81.5","-1.64","5.85","Kirby, George",607208,669923,"truncated_pa","ball",,,,,14,,"R","R","R","PHI","SEA","B",2,,0,0,2023,"0.89","-0.81",0.9429415202782521,1.7783279661060272,,,681082,2,8,"Bot",,,,,,,4.086875939284283,-118.54677984990623,-0.9484628935230615,7.507476728898018,24.574272458244767,-39.778260414674,3.25,1.64,,,,"81.4",2290,"6.4",718404,608596,664034,676609,553993,641487,664059,677594,672284,"54.08",,,"0",0,0,0,,57,1,"Knuckle Curve",1,0,1,0,0,1,1,0,"Standard","Standard",47,"-0.015","-0.286",,,,,"0.286",,1,1,0.85,0.85,25,30,25,30,4,3,6,1,7,1,"4.27","-0.89","-0.89","34.0",,,,,
"SL","2023-04-28","81.5","-3.05","5.59","Manoah, Alek",664034,666201,,"ball",,,,,14,,"R","R","R","TOR","SEA","B",,,1,2,2023,"1","0.58",2.0479931701143608,1.42321650394291,,,677594,1,4,"Top",,,,,,,9.631033416511988,-118.25971643556964,-3.839766578124596,7.38745735462014,24.18789252119188,-26.151483612672937,3.13925876888973,1.43573281141531,,,,"82.1",2144,"7",718392,672386,665489,593160,656305,666182,662139,595281,543807,"53.51",,,,,,,,34,4,"Slider",2,2,2,2,2,2,2,2,"Standard","Standard",54,"0.042","0.047",,,,,"-0.047",,0,0,0.507,0.493,25,28,25,29,3,2,6,1,5,1,"2.89","-1","-1","36.5",,,,,
"SL","2023-06-29","81.4","-1.56","6.32","Musgrove, Joe",669261,605397,,"ball",,,,,11,,"R","L","R","PIT","SD","B",,,2,0,2023,"0.79","-0.31",-1.2068989282438927,3.3029031239716202,,,669707,1,3,"Bot",,,,,,,-0.7122497731007521,-118.5523333334885,0.41056531906580473,7.585017462161492,22.502901712611017,-35.39563190196297,3.40738104546431,1.56588837782449,,,,"81.1",2694,"6",717571,543592,630105,673490,592518,593428,665742,663757,596059,"54.5",,,,,,,,24,3,"Slider",0,3,0,3,3,0,0,3,"Infield shade","Standard",62,"-0.049","0.11",,,,,"-0.11",,-3,-3,0.252,0.252,30,24,31,25,2,1,6,1,5,1,"3.74","-0.79","0.79","32.1",,,,,
"KC","2023-04-10","81.3","-2.88","5.94","Gallen, Zac",686894,668678,"truncated_pa","called_strike",,,,,8,,"R","R","R","AZ","MIL","S",2,,1,1,2023,"0.53","-1.05",-0.14635187137821287,1.6003263942949637,,,668930,2,5,"Top",,,,,,,5.111319717300559,-118.28439780053799,-1.0662486503073276,3.9001306964141693,23.500324599209428,-42.01020381492152,3.26001654632579,1.41073631750098,,,,"81.1",2409,"6.3",718627,672515,572233,606466,446334,605113,666971,677950,664983,"54.24",,,"0",0,0,0,,36,3,"Knuckle Curve",1,0,0,1,0,1,0,1,"Standard","Standard",38,"0.03","-0.266",,,,,"0.266",,1,-1,0.678,0.32199999999999995,27,24,28,24,2,1,6,1,6,1,"4.51","-0.53","-0.53","48.5",,,,,
"ST","2023-08-31","81.3","-2.35","5.31","Manning, Matt",665828,666159,"truncated_pa","called_strike",,,,,7,,"R","L","R","DET","NYY","S",2,,2,1,2023,"0.82","0.3",-0.7890121672627687,2.1407410600492085,,,641343,2,2,"Top",,,,,,,1.9588587087244773,-118.46821529958537,-1.1303164487423065,7.355753722952686,21.508322617959887,-29.343851129424053,3.37326551840017,1.61857150679602,,,,"82.1",2318,"6.6",716775,608348,679529,628451,656716,670097,682985,678009,681481,"53.86",,,"0",0,0,0,,13,4,"Sweeper",0,0,0,0,0,0,0,0,"Infield shade","Standard",89,"0.025","-0.303",,,,,"0.303",,0,0,0.526,0.474,25,24,25,24,1,0,6,3,6,2,"3.13","-0.82","0.82","38.9",,,,,
"FS","2023-05-02","81.3","-1.45","6.06","Neris, Héctor",666165,593576,,"called_strike",,,,,7,,"R","L","R","HOU","SF","S",,,0,0,2023,"-0.49","-0.23",-0.47206904914980113,1.5860448564238148,,,596103,0,8,"Top",,,,,,,3.098533738821086,-118.42772105706615,-3.0126083229963765,-5.1968829838416895,21.86891170414808,-33.96898634190584,3.43999771544631,1.63135915547132,,,,"80.9",1138,"5.9",718337,673237,547989,643289,608324,665161,667452,676694,663656,"54.63",,,,,,,,56,1,"Split-Finger",0,2,2,0,2,0,2,0,"Strategic","Standard",249,"0.032","-0.036",,,,,"0.036",,-2,2,0.119,0.881,34,25,34,25,1,3,2,1,4,5,"3.66","0.49","-0.49","40.0",,,,,
"CU","2023-07-23","81.1","-1.25","6.45","Musgrove, Joe",682985,605397,,"swinging_strike",,,,,14,,"R","L","R","DET","SD","S",,,1,1,2023,"1.22","-1.09",1.2178792700469883,2.3559788758085527,,,656716,1,5,"Bot",,,,,,,3.1847352804797096,-118.0933450504021,-0.44003009968882956,10.723681151807442,23.41480339157092,-42.47977610588335,3.68,1.74,,,,"80.7",2912,"6",717288,596142,630105,673490,592518,593428,665742,663757,665487,"54.46",,,,,,,,38,3,"Curveball",3,0,3,0,0,3,3,0,"Infield shade","Standard",39,"-0.018","-0.055","79.0","8.0","0.643611624",,"0.055",,3,3,0.884,0.884,30,22,31,23,3,2,5,1,5,1,"4.56","-1.22","1.22","40.5",26.70301884957151,-26.989462578699396,41.367523127729655,17.930494443771337,40.79122382685629
"CU","2023-04-15","81","-1.77","5.91","Stratton, Chris",668804,608717,,"ball",,,,,14,,"R","L","R","STL","PIT","B",,,1,1,2023,"1.64","-0.75",0.04378641531148175,1.0211655398916988,,,663647,1,7,"Top",,,,,,,0.9190569852487176,-117.91502487173898,-2.8638533690672947,15.072180320123586,23.029308630423024,-38.79290904072569,2.85548371899388,1.45455564794678,,,,"81.4",3251,"6.6",718568,668800,680977,669357,571448,669242,676475,663457,691023,"53.87",,,,,,,,53,3,"Curveball",2,2,2,2,2,2,2,2,"Infield shade","Standard",48,"0.067","0.046",,,,,"-0.046",,0,0,0.499,0.501,32,28,33,28,1,3,2,1,3,1,"4.23","-1.64","1.64","39.7",,,,,
"CH","2023-08-11","80.6","1.85","6.53","Gomber, Austin",571771,596295,"truncated_pa","called_strike",,,,,3,,"R","R","L","LAD","COL","S",2,,0,0,2023,"0.81","0.79",0.5107262514234604,2.9427075151319877,,,642708,2,5,"Bot",,,,,,,-4.540836014742886,-117.29618954752463,-2.8218623714738587,8.318515480026997,21.515917305293158,-24.57203443481547,3.10513000065439,1.57384430421353,,,,"81.1",1650,"6.6",717032,553869,669911,605612,641857,678662,595777,686668,666134,"53.94",,,"0",0,0,0,,43,1,"Changeup",2,1,2,1,1,2,2,1,"Standard","Standard",121,"-0.022","-0.286",,,,,"0.286",,1,1,0.682,0.682,29,31,30,32,3,2,5,1,5,1,"2.71","0.81","-0.81","53.3",,,,,
"CU","2023-07-15","80.6","1.59","6","Abbott, Andrew",621438,671096,,"called_strike",,,,,6,,"R","R","L","CIN","MIL","S",,,0,0,2023,"-0.75","-0.28",0.6248716848992203,2.369917308224522,,,642715,1,4,"Top",,,,,,,-0.7319001452457236,-117.56535629060573,-0.9549372613231362,-6.873358607027512,20.42345911940213,-34.7781814582057,2.93742398149278,1.40871881322921,,,,"81.7",2818,"6.7",717392,571912,458015,663697,682829,680574,668715,670770,641584,"53.8",,,,,,,,24,1,"Curveball",0,2,2,0,2,0,2,0,"Infield shade","Standard",299,"0.034","-0.042",,,,,"0.042",,-2,2,0.269,0.731,24,29,24,29,2,1,8,1,5,4,"3.74","-0.75","0.75","50.8",,,,,
"ST","2023-04-11","80.4","-2.49","5.67","Whitlock, Garrett",650490,676477,"truncated_pa","swinging_strike",,,,,14,,"R","R","R","TB","BOS","S",2,,0,1,2023,"0.46","-0.65",1.4609583699232631,0.4281320301334648,,,660644,2,2,"Bot",,,,,,,8.000708065280207,-116.74553603190388,-3.6239745688319935,2.490547447813867,24.95744765399073,-37.497051028414646,3.47,1.63,,,,"81.2",2185,"7.3",718625,657136,666915,624414,646240,571771,807799,608701,657077,"53.24",,,"0",0,0,0,,19,2,"Sweeper",2,0,2,0,0,2,2,0,"Standard","Standard",46,"-0.014","-0.241",,,,,"0.241",,2,2,0.726,0.726,27,31,27,32,2,1,,1,5,1,"4.23","-0.46","-0.46","35.1",,,,,
"ST","2023-05-03","80.2","-2.38","5.14","McHugh, Collin",624585,543521,,"ball",,,,,13,,"R","R","R","MIA","ATL","B",,,1,0,2023,"1.41","0.24",-0.3664152246065324,1.4066039695848538,,,665862,0,4,"Bot",,,,,,,1.8023217287434703,-116.84134211903523,-1.9992871397247725,12.525004642740258,22.79562094696879,-29.840938174675408,3.56306017957903,1.74893034958265,,,,"80.4",2912,"6.5",718321,669221,621566,645277,663586,687093,607680,671739,660670,"54.04",,,,,,,,44,2,"Sweeper",4,8,4,8,8,4,4,8,"Standard","Standard",59,"-0.054","0.055",,,,,"-0.055",,-4,-4,0.185,0.185,36,31,36,31,1,2,2,1,4,1,"3.31","-1.41","-1.41","20.5",,,,,
"ST","2023-08-15","80","-1.59","5.83","Lyles, Jordan",664034,543475,,"ball",,,,,9,,"R","R","R","KC","SEA","B",,,0,0,2023,"1.26","0.05",0.675961730337814,1.8941203324723208,,,677594,1,1,"Top",,,,,,,2.64718104743658,-116.54605829635632,-2.0661085837449127,10.97367473146217,22.14022200760787,-31.568957272923093,3.25367765856807,1.45592923457158,,,,"80.8",2513,"6.8",716981,666023,521692,686681,672580,677951,669004,664728,671221,"53.71",,,,,,,,3,1,"Sweeper",0,0,0,0,0,0,0,0,"Standard","Standard",68,"0.039","0.036",,,,,"-0.036",,0,0,0.498,0.502,32,28,33,29,1,0,6,1,5,1,"3.51","-1.26","-1.26","40.3",,,,,
"CU","2023-04-02","80","2.51","5.35","Gonzales, Marco",660757,594835,"truncated_pa","called_strike",,,,,9,,"R","R","L","SEA","CLE","S",2,,1,0,2023,"-0.13","-1.02",0.34853425605303956,2.244428857515497,,,605137,2,3,"Top",,,,,,,-4.518136492599744,-116.43963371664142,1.7945926072391465,-0.341172757171075,21.512368754996658,-42.04658989578576,3.46303631219473,1.71039067922544,,,,"80.1",2291,"6.3",718735,663728,664034,543939,553993,641487,572041,677594,672284,"54.18",,,"0",0,0,0,,23,2,"Curveball",1,3,3,1,3,1,3,1,"Standard","Standard",319,"0.021","-0.316",,,,,"0.316",,-2,2,0.307,0.6930000000000001,31,25,31,25,2,1,,1,6,2,"4.58","-0.13","0.13","35.8",,,,,
"CH","2023-09-13","80","3.26","5.86","Blach, Ty",673548,621389,"truncated_pa","ball",,,,,12,,"R","R","L","COL","CHC","B",2,,2,2,2023,"1","0.04",1.6773749238640836,2.6432254036654523,,,663538,2,1,"Top",,,,,,,-5.222901625109802,-116.47291188452775,-0.5396721869685345,10.075436015411185,19.335453634188262,-31.950389387774486,3.26242936374708,1.56639389155671,,,,"78.3",1968,"4.8",716599,642851,592178,663898,641857,678662,666134,686668,696100,"55.69",,,"0",0,0,0,,5,6,"Changeup",0,1,1,0,1,0,1,0,"Strategic","Standard",87,"0.018","-0.24",,,,,"0.24",,-1,1,0.43,0.5700000000000001,32,28,33,29,1,0,5,1,5,2,"3.49","1","-1","21.8",,,,,
"KC","2023-06-05","79.8","-2.1","5.37","Nola, Aaron",656716,605400,"truncated_pa","ball",,,,,11,,"R","L","R","PHI","DET","B",2,,1,0,2023,"1.08","-1.07",-1.6717644482250211,2.6903595339894135,,,545350,2,3,"Top",,,,,,,-1.1066107624811008,-116.07433683838681,3.0045036368967635,9.904169429464847,25.99140282236315,-42.6529462701569,3.08127884456124,1.43340420951883,,,,"79.1",2675,"6.3",717886,592663,656403,681082,624641,607208,656941,656495,592206,"54.2",,,"0",0,0,0,,22,2,"Knuckle Curve",2,0,0,2,0,2,0,2,"Infield shade","Standard",57,"0.025","-0.316",,,,,"0.316",,2,-2,0.739,0.261,30,28,30,28,2,1,5,1,5,1,"4.71","-1.08","1.08","22.8",,,,,
"SL","2023-08-21","79.6","-1.16","6.5","Jiménez, Dany",521692,666204,"truncated_pa","called_strike",,,,,5,,"R","R","R","ATH","KC","S",2,,0,0,2023,"0.1","0.24",0.09899117786498443,2.6810578764292665,,,686681,2,8,"Top",,,,,,,2.5391731114955345,-115.91804486854534,-2.105843618681247,0.46315671106321166,20.73465470840542,-29.82426630473059,3.46434929899528,1.57422787832034,,,,"78.8",2239,"5.6",716904,669127,676116,680869,672478,669397,665923,671732,664913,"54.93",,,"0",0,0,0,,64,1,"Slider",4,4,4,4,4,4,4,4,"Standard","Standard",163,"0.051","-0.286",,,,,"0.286",,0,0,0.557,0.44299999999999995,29,33,30,33,1,3,14,1,1,1,"3.34","-0.1","-0.1","56.5",,,,,
"ST","2023-06-09","79.5","-1.73","5.61","Whitlock, Garrett",641856,676477,,"called_strike",,,,,3,,"R","L","R","NYY","BOS","S",,,2,1,2023,"0.7","-0.25",0.35795379247139714,2.8846830339294462,,,643396,0,2,"Bot",,,,,,,3.342352347291359,-115.8068802829076,1.2474957101132367,5.743582539699356,20.46207523643546,-34.86288826742873,2.94367409206291,1.49010959542705,,,,"81.5",2134,"7.4",717841,657136,671213,624414,646240,571771,807799,594807,657077,"53.06",,,,,,,,14,4,"Sweeper",0,0,0,0,0,0,0,0,"Infield shade","Standard",60,"-0.07","-0.056",,,,,"0.056",,0,0,0.595,0.595,27,28,27,29,1,0,6,1,5,1,"3.83","-0.7","0.7","29.0",,,,,
"CU","2023-04-21","79.4","-0.41","6.79","Anderson, Nick",676694,623433,"truncated_pa","swinging_strike",,,,,2,,"R","R","R","ATL","HOU","S",2,,1,1,2023,"0.16","-0.18",0.24877742071146938,2.9887050167076095,,,667452,2,8,"Top",,,,,,,1.1306642467511179,-115.64031153740727,-1.169502537105241,1.231268004213291,23.32424299731325,-33.796328046738324,3.06,1.41,,,,"78.7",1943,"5.9",718489,669221,621566,645277,663586,687093,607680,656541,660670,"54.56",,,"0",0,0,0,,67,3,"Curveball",4,4,4,4,4,4,4,4,"Standard","Standard",92,"0.048","-0.266",,,,,"0.266",,0,0,0.56,0.43999999999999995,32,27,33,27,1,3,3,2,2,1,"3.82","-0.16","-0.16","52.9",,,,,
"CH","2023-08-08","79.4","-1.69","6.15","Martinez, Nick",553993,607259,,"called_strike",,,,,8,,"R","R","R","SEA","SD","S",,,1,0,2023,"-0.8","0.69",0.05440647469375248,1.7421526002690362,641487,,677594,0,1,"Bot",,,,,,,5.299533902735319,-115.54377014450559,-4.168914610678991,-8.171166095674229,21.2644353575639,-25.404251176951075,3.4816401944715,1.65938927999936,,,,"79",1717,"6",717072,596142,630105,673490,592518,593428,665742,663757,665487,"54.49",,,,,,,,6,2,"Changeup",0,0,0,0,0,0,0,0,"Infield shade","Standard",251,"-0.076","-0.024",,,,,"0.024",,0,0,0.668,0.668,32,31,33,32,1,0,3,2,5,1,"2.92","0.8","0.8","57.4",,,,,
"CH","2023-08-05","79.3","1.69","6.38","Anderson, Tyler",606192,542881,"truncated_pa","swinging_strike",,,,,6,,"R","R","L","LAA","SEA","S",2,,0,1,2023,"1.15","0.64",0.6408265536946383,2.619051698642494,,,677594,2,1,"Top",,,,,,,-4.437022285139271,-115.37259396757155,-2.5945268114181967,11.057900769596701,23.200772470780972,-26.161064448051423,3.49,1.66,,,,"78.9",1827,"6.2",717109,595453,543068,592273,519058,650859,545341,666160,592669,"54.29",,,"0",0,0,0,,4,2,"Changeup",0,0,0,0,0,0,0,0,"Standard","Standard",130,"0.019","-0.241","72.8","8.5","6.100742772",,"0.241",,0,0,0.529,0.471,33,30,34,31,1,0,6,1,7,1,"3.01","1.15","-1.15","55.5",28.025188278494984,-30.468284888394642,31.74297751127036,45.69550699712384,49.45047149940726
"ST","2023-05-29","79.1","2.46","5.42","Allen, Logan",669720,671106,,"called_strike",,,,,1,,"R","R","L","BAL","CLE","S",,,0,0,2023,"-1.71","0.01",-0.721262663591826,2.7361149735788803,,,656775,0,1,"Bot",,,,,,,-3.744341009071225,-115.12130827508376,0.9709448625487804,-14.312271309921686,23.466022116522012,-32.51321068236018,3.14919443817362,1.46694877642663,,,,"78.6",2231,"6.1",717974,595956,647304,665926,672356,642708,680757,664702,686823,"54.36",,,,,,,,7,1,"Sweeper",0,0,0,0,0,0,0,0,"Standard","Standard",295,"-0.059","-0.036",,,,,"0.036",,0,0,0.583,0.583,24,27,25,28,1,0,6,1,5,1,"3.66","-1.71","1.71","49.1",,,,,
"ST","2023-06-15","79","-1.89","5.78","Javier, Cristian",660688,664299,,"ball",,,,,1,,"R","L","R","HOU","WSH","B",,,1,1,2023,"0.96","0.51",-0.7349861063651099,3.2676927406654737,,,572816,0,2,"Top",,,,,,,0.7258389995445468,-115.03495848821875,0.4339893558884833,8.276321771426035,23.463589373302824,-28.03224672226423,3.26984107355937,1.58879119673022,,,,"78",2464,"5.8",717746,455117,547989,514888,608324,665161,676801,676694,663656,"54.72",,,,,,,,8,3,"Sweeper",0,0,0,0,0,0,0,0,"Infield shade","Standard",78,"0.056","0.042",,,,,"-0.042",,0,0,0.464,0.536,26,24,26,25,1,0,6,1,6,1,"3.17","-0.96","0.96","38.6",,,,,
"KC","2023-06-07","78.6","-1.34","6.02","Crawford, Kutter",686823,676710,,"called_strike",,,,,4,,"R","L","R","CLE","BOS","S",,,2,1,2023,"0.76","-1.26",-0.7773611284085239,2.318608655718587,,,665926,1,2,"Bot",,,,,,,-0.18938155201092577,-114.33920665045271,1.1957595783991695,6.645883998762396,23.14731361590303,-43.613613989861314,3.0079364284392,1.35902713568706,,,,"77.7",2179,"5.9",717858,657136,671213,665839,646240,571771,807799,680776,657077,"54.59",,,,,,,,18,4,"Knuckle Curve",1,1,1,1,1,1,1,1,"Standard","Standard",28,"-0.049","-0.054",,,,,"0.054",,0,0,0.558,0.558,27,25,27,25,1,0,4,1,6,1,"4.98","-0.76","0.76","49.0",,,,,
"SL","2023-04-24","78.5","3.16","5.44","Sale, Chris",656775,519242,"truncated_pa","called_strike",,,,,6,,"R","L","L","BAL","BOS","S",2,,0,0,2023,"-0.71","-0.11",0.712762968732129,2.572034211723632,,,602104,2,2,"Bot",,,,,,,-3.988471484446385,-114.36604071619175,0.8168276377147576,-5.484743659516592,21.088322428323487,-33.48935878638697,3.18577198576359,1.55574343636921,,,,"78.4",2148,"6.2",718447,657136,671213,571771,646240,644374,807799,680776,657077,"54.31",,,"0",0,0,0,,14,1,"Slider",0,1,0,1,1,0,0,1,"Standard","Standard",312,"-0.025","-0.286",,,,,"0.286",,-1,-1,0.413,0.413,34,28,34,29,1,0,6,1,6,1,"3.8","-0.71","-0.71","13.9",,,,,
"SV","2023-06-14","78.2","-2.44","5.62","Berríos, José",624428,621244,"truncated_pa","called_strike",,,,,4,,"R","L","R","BAL","TOR","S",2,,1,1,2023,"1.31","-0.53",-0.6988165820938976,2.546531223708466,,,669720,2,5,"Bot",,,,,,,1.3528463926897234,-113.83216666461868,1.2941134571442805,11.01393016140906,22.79865685508687,-37.27265926302458,3.09979953343863,1.46531532780637,,,,"78.2",2210,"6.5",717769,672386,624415,593160,656305,666182,662139,595281,543807,"54.01",,,"0",0,0,0,,34,3,"Slurve",0,0,0,0,0,0,0,0,"Standard","Standard",42,"-0.029","-0.266",,,,,"0.266",,0,0,0.529,0.529,29,31,29,32,2,1,6,1,5,1,"4.29","-1.31","1.31","42.0",,,,,
"CU","2023-07-02","78.1","2.45","6.19","Peterson, David",605204,656849,"truncated_pa","swinging_strike",,,,,3,,"R","R","L","NYM","SF","S",2,,0,0,2023,"-0.44","-0.57",0.6693697088092285,3.097663676602301,,,642731,2,3,"Top",,,,,,,-3.043830141408039,-113.73159459717759,1.2840563564192602,-3.217169004852153,21.547106496896227,-37.53939558315149,3.53,1.69,,,,"78.6",2379,"6.6",717525,682626,592192,643446,683146,596019,502054,607043,516782,"53.85",,,"0",0,0,0,,20,1,"Curveball",0,1,1,0,1,0,1,0,"Standard","Standard",315,"0.023","-0.286",,,,,"0.286",,-1,1,0.414,0.5860000000000001,27,30,28,30,2,1,5,1,6,1,"4.31","-0.44","0.44","44.3",,,,,
"CH","2023-04-26","78.1","2.76","5.4","Yarbrough, Ryan",605113,642232,,"swinging_strike",,,,,13,,"R","R","L","AZ","KC","S",,,0,1,2023,"1.4","0.22",-0.5603689171370876,1.3162605357886634,,,682998,1,2,"Bot",,,,,,,-9.714628287383192,-113.25603774427607,-2.214775936431116,13.855726681127976,22.431938902103628,-30.055730256987367,3.61,1.78,,,,"77.8",2061,"6.4",718418,666023,686469,686681,670032,677951,658668,664728,598265,"54.06",,,,,,,,15,2,"Changeup",0,0,0,0,0,0,0,0,"Standard","Standard",95,"-0.043","-0.053",,,,,"0.053",,0,0,0.55,0.55,31,33,32,33,1,0,5,2,6,2,"3.57","1.4","-1.4","21.3",,,,,
"CU","2023-04-29","78","-2.16","5.57","Davis, Noah",572233,663562,"strikeout_double_play","swinging_strike",,,,,8,"Rockies challenged (tag play), call on the field was overturned: Christian Walker strikes out swinging and Corbin Carroll caught stealing 2nd, catcher Elias Diaz to second baseman Alan Trejo to catcher Elias Diaz.","R","R","R","COL","AZ","S",2,,1,2,2023,"1.16","-0.57",-0.09427878854815275,1.8266351479872394,,,682998,1,1,"Top",,,,,,,2.3036611814388293,-113.65579411661325,-0.172774371776234,9.731653266931641,19.085124679747867,-37.344125997689865,3.37,1.56,,,,"78.4",2734,"6.3",718366,553869,543068,676701,641857,678662,545341,686668,592178,"54.22",,0,"0",1,0,0,,4,7,"Curveball",0,1,1,0,1,0,1,0,"Standard","Standard",65,"0.039","-0.183",,,,,"0.183",,-1,1,0.409,0.591,26,32,26,32,1,0,8,1,52,1,"4.28","-1.16","-1.16","28.0",,,,,
"CU","2023-06-25","77.8","-0.19","6.38","Civale, Aaron",686894,650644,,"swinging_strike",,,,,9,,"R","R","R","CLE","MIL","S",,,1,1,2023,"0.89","-1.34",0.7186924038723159,1.8280935839951802,655316,,663368,0,4,"Top",,,,,,,0.3085765795849753,-113.34410908687988,-0.39796881411281193,7.631313839021919,21.602008946116978,-43.80961230789561,3.27,1.53,,,,"76.9",3012,"5.7",717613,666310,647304,665926,671289,642708,680757,686823,672356,"54.8",,,,,,,,30,3,"Curveball",1,3,3,1,3,1,3,1,"Standard","Standard",40,"0.064","-0.071",,,,,"0.071",,-2,2,0.18,0.8200000000000001,28,24,28,24,2,1,5,1,7,1,"5.11","-0.89","-0.89","48.8",,,,,
"CU","2023-07-01","76.6","-1.88","5.68","Eovaldi, Nathan",547989,543135,"truncated_pa","ball",,,,,14,,"R","R","R","TEX","HOU","B",2,,0,2,2023,"0.42","-0.85",2.033085163643448,0.8953217259968325,,,663656,2,1,"Top",,,,,,,7.624289624227118,-111.32594171431904,-1.5052914353168931,2.013573547488598,21.197807688737328,-39.14099555407278,3.27618628135149,1.50160752486826,,,,"77.5",1835,"7.1",717542,641680,663993,543760,673962,608369,608671,665750,666969,"53.38",,,"0",0,0,0,,4,3,"Curveball",0,0,0,0,0,0,0,0,"Standard","Standard",43,"0.013","-0.187",,,,,"0.187",,0,0,0.535,0.46499999999999997,33,36,33,36,1,0,6,1,5,1,"4.76","-0.42","-0.42","38.0",,,,,
"ST","2023-06-02","76.4","3.02","4.55","Cosgrove, Tom",643565,676680,"truncated_pa","ball",,,,,13,,"R","L","L","SD","CHC","B",2,,0,1,2023,"-1.62","0.59",-1.2919126737953903,2.0436910955903,,,673548,2,5,"Top",,,,,,,-6.132683905784656,-111.08787739323712,0.778586667317515,-12.079006117920962,22.34057397885901,-27.74448504954512,3.43057587259134,1.63115956262522,,,,"75.8",2643,"6.2",717921,596142,630105,596059,592518,593428,665742,663757,665487,"54.32",,,"0",0,0,0,,36,2,"Sweeper",0,2,2,0,2,0,2,0,,,273,"0.016","-0.241",,,,,"0.241",,-2,2,0.273,0.727,27,32,27,33,1,2,1,2,2,1,"3.36","-1.62","-1.62","11.7",,,,,
"CU","2023-09-15","75.5","0.53","6.09","Thompson, Zack",607208,668868,"truncated_pa","ball",,,,,1,,"R","R","L","STL","PHI","B",2,,1,2,2023,"-0.85","-1.61",-0.5076268122895905,3.394954388399432,,,665506,2,2,"Top",,,,,,,-0.6433685849020255,-109.76966370515981,4.493793198410276,-6.6800109315293685,21.34970277845755,-46.229404918751044,3.27473480446453,1.63032332926082,,,,"75.5",2842,"6.5",716572,575929,502671,669242,571448,691026,680700,663457,691023,"53.95",,,"0",0,0,0,,15,5,"Curveball",0,4,4,0,4,0,4,0,"Infield shade","Standard",342,"0.008","-0.207",,,,,"0.207",,-4,4,0.173,0.827,25,30,26,30,2,1,6,2,5,1,"5.65","-0.85","0.85","59.7",,,,,
"ST","2023-07-04","73.2","-1.51","5.49","Bassitt, Chris",669394,605135,"truncated_pa","ball",,,,,14,,"R","R","R","CWS","TOR","B",2,,0,1,2023,"1.37","-0.42",0.9383484196746661,1.6850866833885298,,,693049,2,2,"Bot",,,,,,,2.592575401681225,-106.67926499148687,0.36394005466726287,10.02935765160728,18.546382777163682,-35.62969268400605,3.02356764911073,1.37230355126361,,,,"73.6",2241,"6.5",717496,672386,665489,593160,656305,666182,662139,595281,543807,"53.98",,,"0",0,0,0,,14,2,"Sweeper",0,0,0,0,0,0,0,0,"Strategic","Standard",64,"-0.02","-0.241",,,,,"0.241",,0,0,0.52,0.52,34,27,34,27,1,0,5,2,5,2,"4.66","-1.37","-1.37","33.7",,,,,
"ST","2023-05-07","71.1","3.13","5.06","Yarbrough, Ryan",676116,642232,,"ball",,,,,12,,"R","L","L","KC","ATH","B",,,1,1,2023,"-0.95","0.67",0.8939894468307782,3.18515427363207,,,665923,0,6,"Top",,,,,,,-2.7971103272320814,-103.41298649070927,2.7713360858309013,-6.318764884463016,17.39262967346673,-28.066791833356433,3.55315546458857,1.75626574274003,,,,"70.9",2019,"6.2",718268,521692,668472,686681,672580,677951,681987,598265,669004,"54.3",,,,,,,,42,3,"Sweeper",2,1,1,2,1,2,1,2,"Standard","Standard",267,"0.089","0.042",,,,,"-0.042",,1,-1,0.603,0.397,31,27,32,27,3,2,5,1,63,1,"3.85","-0.95","-0.95","16.4",,,,,