"pitch_type","game_date","release_speed","release_pos_x","release_pos_z","player_name","batter","pitcher","events","description","spin_dir","spin_rate_deprecated","break_angle_deprecated","break_length_deprecated","zone","des","game_type","stand","p_throws","home_team","away_team","type","hit_location","bb_type","balls","strikes","game_year","pfx_x","pfx_z","plate_x","plate_z","on_3b","on_2b","on_1b","outs_when_up","inning","inning_topbot","hc_x","hc_y","tfs_deprecated","tfs_zulu_deprecated","umpire","sv_id","vx0","vy0","vz0","ax","ay","az","sz_top","sz_bot","hit_distance_sc","launch_speed","launch_angle","effective_speed","release_spin_rate","release_extension","game_pk","fielder_2","fielder_3","fielder_4","fielder_5","fielder_6","fielder_7","fielder_8","fielder_9","release_pos_y","estimated_ba_using_speedangle","estimated_woba_using_speedangle","woba_value","woba_denom","babip_value","iso_value","launch_speed_angle","at_bat_number","pitch_number","pitch_name","home_score","away_score","bat_score","fld_score","post_away_score","post_home_score","post_bat_score","post_fld_score","if_fielding_alignment","of_fielding_alignment","spin_axis","delta_home_win_exp","delta_run_exp","bat_speed","swing_length","miss_distance","estimated_slg_using_speedangle","delta_pitcher_run_exp","hyper_speed","home_score_diff","bat_score_diff","home_win_exp","bat_win_exp","age_pit_legacy","age_bat_legacy","age_pit","age_bat","n_thruorder_pitcher","n_priorpa_thisgame_player_at_bat","pitcher_days_since_prev_game","batter_days_since_prev_game","pitcher_days_until_next_game","batter_days_until_next_game","api_break_z_with_gravity","api_break_x_arm","api_break_x_batter_in","arm_angle","attack_angle","attack_direction","swing_path_tilt","intercept_ball_minus_batter_pos_x_inches","intercept_ball_minus_batter_pos_y_inches"
"SI","2023-04-04","102.6","0.88","6.12","Chapman, Aroldis",666182,547973,"strikeout","swinging_strike",,,,,14,"Bo Bichette strikes out swinging. George Springer steals (2) 3rd base.","R","R","L","KC","TOR","S",2,,0,2,2023,"0.97","1.17",1.1666427982158218,2.5744512084445943,,543807,,1,9,"Top",,,,,,,-1.5863662983958664,-149.3474066044695,-7.742682518696338,14.983797409920776,35.36131265195539,-13.026571790961018,3.6,1.67,,,,"104.3",2549,"7.2",718708,521692,686469,670032,622110,677951,658668,598265,681987,"53.35",,0,"0",1,0,0,,66,5,"Sinker",1,4,4,1,4,1,4,1,"Standard","Standard",159,"0.002","-0.19",,,,,"0.19",,-3,3,0.033,0.967,35,25,35,25,1,4,3,1,3,1,"0.99","0.97","-0.97","44.4",,,,,
"FC","2023-07-03","102","-1.83","5.39","Doval, Camilo",672284,666808,,"ball",,,,,14,,"R","L","R","SF","SEA","B",,,0,1,2023,"-0.7","1.37",2.381517077849368,1.1091073008763848,,677594,,1,9,"Top",,,,,,,13.738876173855738,-147.63686333914254,-10.199199496683978,-13.514505825967868,34.25829088511312,-9.748583618797182,3.60441610852907,1.77148676897418,,,,"103.5",2511,"7.3",717516,666165,664774,689172,605204,543063,592626,682641,573262,"53.19",,,,,,,,68,2,"Cutter",2,5,5,2,5,2,5,2,"Standard","Standard",238,"-0.007","0.024",,,,,"-0.024",,-3,3,0.032,0.968,25,23,26,24,1,4,3,1,2,1,"0.84","0.7","-0.7","19.7",,,,,
"FF","2023-08-19","100.7","-1.61","6.33","Graterol, Brusdar",660821,660813,,"ball",,,,,11,,"R","L","R","LAD","MIA","B",,,2,2,2023,"-0.73","0.95",-0.4044279601941523,4.028896749945787,,665862,541645,2,9,"Top",,,,,,,5.018111676432804,-146.6779368788615,-3.290122908541581,-11.75406196004283,33.90898926149163,-17.83996758740739,3.51041498960741,1.71012872364932,,,,"99.5",2050,"5.5",716926,669257,518692,642708,571771,500743,621035,681546,605141,"54.98",,,,,,,,64,5,"4-Seam Fastball",3,1,1,3,1,3,1,3,"Strategic","Standard",230,"-0.054","0.064",,,,,"-0.064",,2,-2,0.934,0.06599999999999995,24,25,25,26,1,0,3,0,4,2,"1.29","0.73","-0.73","36.5",,,,,
"FF","2023-03-30","100.4","-2.48","6.01","Greene, Hunter",595978,668881,,"called_strike",,,,,5,,"R","R","R","CIN","PIT","S",,,0,0,2023,"-1.46","1.29",-0.022097877791089404,2.190605016962312,,678225,,1,4,"Top",,,,,,,10.241798871455872,-145.59091668157205,-8.201271108327749,-23.21950807990995,36.1887064099319,-11.978296753688428,3.11944210226761,1.63903731094109,,,,"100",2462,"6.4",718773,663886,613564,663697,668715,676480,666181,670770,571976,"54.09",,,,,,,,32,1,"4-Seam Fastball",1,1,1,1,1,1,1,1,"Standard","Standard",230,"-0.025","-0.038",,,,,"0.038",,0,0,0.476,0.524,23,30,24,31,2,1,,,8,2,"1","1.46","1.46","26.2",,,,,
"FF","2023-05-05","99.7","-1.42","5.97","Hernández, Carlos",676116,672578,,"ball",,,,,11,,"R","L","R","KC","ATH","B",,,1,2,2023,"-0.6","1.5",-1.0380113299042046,4.760495130790423,,665923,,1,9,"Top",,,,,,,2.474608798814829,-145.28002485597528,-1.4775036113477422,-9.030100710367302,34.269566605687594,-10.822640880100474,3.39655627906498,1.59978847999771,,,,"100.3",2364,"6.6",718299,521692,668472,622110,641531,672580,658668,598265,669004,"53.94",,,,,,,,85,5,"4-Seam Fastball",8,11,11,8,11,8,11,8,"Standard","Standard",213,"-0.006","0.04",,,,,"-0.04",,-3,3,0.032,0.968,26,27,26,27,1,5,3,1,2,1,"0.79","0.6","-0.6","47.2",,,,,
"SI","2023-07-08","99.4","-2.33","5.21","Peguero, Elvis",641584,665625,,"ball",,,,,14,,"R","L","R","MIL","CIN","B",,,1,2,2023,"-1.29","0.33",0.9693048833195648,1.197019514367312,,682829,,2,7,"Top",,,,,,,12.28660389080777,-144.12409788876684,-6.444674367005166,-20.799681783704095,32.181298327901196,-26.256752748166654,3.26973144208643,1.5162052929338,,,,"101.2",1830,"7.4",717444,661388,680911,668930,605119,642715,606132,686894,663368,"53.11",,,,,,,,60,4,"Sinker",5,6,6,5,6,5,6,5,"Standard","Standard",244,"-0.011","0.015",,,,,"-0.015",,-1,1,0.336,0.6639999999999999,26,28,26,28,1,3,2,1,1,1,"1.99","1.29","-1.29","23.0",,,,,
"FF","2023-08-14","99.3","-1.8","6.13","Hernández, Carlos",553993,672578,,"foul_tip",,,,,12,,"R","R","R","KC","SEA","S",,,0,1,2023,"-1","1.33",0.8446723765431766,2.5410683644347767,,677594,,1,8,"Top",,,,,,,9.591746177332313,-144.16031989252778,-7.553674852954912,-16.126159956448763,32.54952687639877,-11.938215469530235,3.45,1.61,,,,"99.5",2511,"6.5",716994,521692,622110,686681,672580,677951,680118,664728,671221,"54.03",,,,,,,,64,2,"4-Seam Fastball",5,3,3,5,3,5,3,5,"Standard","Standard",224,"-0.001","-0.069","72.1","7.2",,,"0.069",,2,-2,0.846,0.15400000000000003,26,31,26,32,1,3,2,1,3,1,"0.98","1","1","33.8",6.2341683114557735,24.38317775732865,34.61147253570928,44.991104584753074,17.945666404039706
"SI","2023-08-31","99.2","-1.24","5.47","Abreu, Albert",670097,656061,,"ball",,,,,8,,"R","R","R","DET","NYY","B",,,0,1,2023,"-1.18","1.18",-0.02877752192062477,1.444122536844727,,678009,,1,8,"Bot",,,,,,,6.11003362636468,-144.2982983446543,-8.459410279855584,-17.88019926176582,30.541690371199067,-13.88596908916786,3.24510836515546,1.54260121193659,,,,"100.2",2129,"6.7",716775,543309,518934,650402,672724,683011,677592,643396,665828,"53.83",,,,,,,,61,2,"Sinker",3,0,3,0,0,3,3,0,"Standard","Standard",222,"0.006","0.024",,,,,"-0.024",,3,3,0.974,0.974,27,28,28,28,1,3,4,6,7,1,"1.12","1.18","1.18","39.1",,,,,
"FF","2023-04-25","99.2","0.65","6.13","Chapman, Aroldis",656896,547973,,"called_strike",,,,,8,,"R","R","L","AZ","KC","S",,,1,0,2023,"0.23","1.64",0.06763071471675672,1.948274880536426,,682998,666971,1,8,"Bot",,,,,,,-2.1714852149509736,-144.03546789082358,-9.938507501965642,3.7645644792512507,36.65521582561205,-7.252450412752049,3.55677645300536,1.65888728208453,,,,"100.5",2368,"7.3",718422,521692,686469,686681,670032,677951,658668,664728,598265,"53.16",,,,,,,,69,2,"4-Seam Fastball",2,5,2,5,5,2,2,5,"Standard","Standard",160,"0.026","-0.051",,,,,"0.051",,-3,-3,0.164,0.164,35,27,35,27,1,0,1,,4,1,"0.71","0.23","-0.23","48.6",,,,,
"FF","2023-08-12","99.2","-2.12","5.21","Muñoz, Andrés",623993,662253,,"ball",,,,,12,,"R","L","R","SEA","BAL","B",,,1,1,2023,"-0.69","1.33",0.9296446568535713,2.6972945655470073,,656775,,0,10,"Top",,,,,,,9.941550930306413,-144.0444308250157,-4.5340801208355215,-11.944446751086739,34.89979545364537,-12.732548453640272,3.30130321067968,1.54958468412978,,,,"99",2319,"6.4",717018,608596,664034,668942,553993,664238,687799,677594,606192,"54.12",,,,,,,,66,3,"4-Seam Fastball",0,0,0,0,0,0,0,0,"Standard","Standard",220,"-0.092","0.05",,,,,"-0.05",,0,0,0.505,0.495,24,28,24,29,1,3,4,1,1,1,"1","0.69","-0.69","27.3",,,,,
"FF","2023-04-16","99.1","0.82","5.9","Chapman, Aroldis",621566,547973,,"ball",,,,,13,,"R","L","L","KC","ATL","B",,,1,0,2023,"0.26","1.52",-0.4666611669579257,1.7182315516827318,,660670,,1,8,"Top",,,,,,,-4.1891748783497,-144.13262995458254,-9.729492371396173,4.551689908214708,30.868527465315953,-8.958160013327763,4.15371409616376,2.02496072587053,,,,"101",2538,"7.2",718551,669004,686469,670032,622110,677951,614177,664728,658668,"53.31",,,,,,,,60,2,"4-Seam Fastball",4,4,4,4,4,4,4,4,"Strategic","Standard",162,"-0.082","0.036",,,,,"-0.036",,0,0,0.451,0.5489999999999999,35,29,35,29,1,3,5,1,3,1,"0.79","0.26","0.26","44.1",,,,,
"FF","2023-06-02","98.7","-1.88","5.87","Pallante, Andre",669261,669467,,"ball",,,,,13,,"R","L","R","PIT","STL","B",,,0,0,2023,"0.05","0.85",-0.1676288428525721,1.3187438312029214,,672779,457705,1,7,"Bot",,,,,,,4.5487517851666786,-143.57865032326316,-9.002099545891578,-0.2699893106870804,30.580524231342007,-18.54948105417724,3.43925981396655,1.65197149311463,,,,"99.3",2304,"6.5",717930,575929,502671,669357,571448,657557,680977,669242,691023,"54.03",,,,,,,,68,1,"4-Seam Fastball",1,5,1,5,5,1,1,5,"Standard","Standard",192,"0.034","0.042",,,,,"-0.042",,-4,-4,0.112,0.112,24,24,25,25,1,3,6,2,3,2,"1.47","-0.05","0.05","53.7",,,,,
"FF","2023-07-06","98.7","-2.74","4.85","Peralta, Freddy",673548,642547,"strikeout","swinging_strike",,,,,8,"Seiya Suzuki strikes out swinging. Ian Happ to 2nd. Nico Hoerner steals (20) 3rd base. Ian Happ steals (7) 2nd base.","R","R","R","MIL","CHC","S",2,,2,2,2023,"-0.73","1.63",0.11249999476178363,1.7752512281146213,,663538,664023,1,3,"Top",,,,,,,9.58202301117473,-143.183288329156,-6.71875321479219,-12.41535780325887,36.24523285693794,-8.31146027525223,3.11,1.41,,,,"99.3",2593,"7",717474,605170,680911,668930,605119,642715,592885,686894,606132,"53.49",,0,"0",1,0,0,,20,5,"4-Seam Fastball",0,1,1,0,1,0,1,0,"Standard","Standard",216,"0.023","-0.201",,,,,"0.201",,-1,1,0.357,0.643,27,28,27,29,2,1,6,1,9,1,"0.74","0.73","0.73","35.4",,,,,
"SI","2023-04-19","98.4","-1.78","5.23","Doval, Camilo",624585,666808,,"ball",,,,,1,,"R","R","R","MIA","SF","B",,,0,0,2023,"-1.31","0.6",-0.770327568366574,3.264876322619049,,665862,650333,1,10,"Bot",,,,,,,5.8073826778669835,-143.07718131645325,-1.2060024042828497,-19.325260448135182,35.819194978579475,-23.93978992748423,3.75697681596899,1.82446335922255,,,,"98.3",2476,"6.5",718511,663698,527038,681584,605204,642731,671218,573262,664774,"54.02",,,,,,,,77,1,"Sinker",1,1,1,1,1,1,1,1,"Infield shade","Standard",228,"0.133","0.042",,,,,"-0.042",,0,0,0.71,0.71,25,31,26,31,1,4,5,1,3,3,"1.78","1.31","1.31","18.8",,,,,
"SI","2023-08-20","98.4","-2.03","5.23","Doval, Camilo",621566,666808,,"called_strike",,,,,6,,"R","L","R","ATL","SF","S",,,0,0,2023,"-1.13","0.25",0.3745204297684932,2.731892930393653,,660670,592696,2,8,"Bot",,,,,,,9.240762042565931,-143.16759346118332,-1.965368684075674,-17.59418923611828,28.05622104245574,-28.52118400909387,3.56002003140285,1.75588810029206,,,,"99.9",2348,"6.8",716927,672275,527038,642731,669477,622666,682641,685133,624424,"53.71",,,,,,,,67,1,"Sinker",2,3,2,3,3,3,3,3,"Standard","Standard",229,"0.28","-0.04",,,,,"0.04",,-1,-1,0.29,0.29,25,29,26,29,1,3,7,1,2,1,"2.08","1.13","-1.13","15.3",,,,,
"SI","2023-06-08","98.4","-1.28","6.17","Cordero, Jimmy",641313,622772,,"ball",,,,,14,,"R","R","R","NYY","CWS","B",,,0,0,2023,"-1.35","1.2",1.7893097078749625,1.2017454710093296,,663853,,1,6,"Top",,,,,,,11.67657756476593,-142.41905970284634,-10.97498521977892,-21.051317655905105,32.57922211297284,-13.29887630618338,3.37035180425891,1.45749993974734,,,,"100.2",2363,"7.5",717848,543309,519203,650402,518934,665828,641343,641856,641432,"52.96",,,,,,,,54,1,"Sinker",5,4,4,5,4,5,4,5,"Standard","Standard",215,"-0.048","0.034",,,,,"-0.034",,1,-1,0.628,0.372,31,30,32,30,1,3,2,2,1,1,"1.18","1.35","1.35","50.2",,,,,
"FF","2023-09-17","98.3","-1.33","5.52","Finnegan, Kyle",655316,640448,,"ball",,,,,14,,"R","R","R","MIL","WSH","B",,,0,1,2023,"-0.81","1.51",0.018879711991437564,1.0503029473305605,,668930,642715,2,9,"Bot",,,,,,,5.581787954301477,-142.67584499916325,-10.151514572512374,-12.406872337835905,33.590681670295595,-9.431063930912607,3.12408679699966,1.34252779895504,,,,"98.7",2181,"6.7",716543,686452,656308,671277,545121,682928,666906,696285,657041,"53.81",,,,,,,,66,2,"4-Seam Fastball",1,1,1,1,1,1,1,1,"Standard","Standard",210,"0.03","0.025",,,,,"-0.025",,0,0,0.597,0.597,31,26,32,26,1,3,1,1,2,1,"0.87","0.81","0.81","58.0",,,,,
"SI","2023-05-19","98.2","-1.31","6.25","Cordero, Jimmy",668715,622772,"walk","ball",,,,,14,"Spencer Steer walks. Jake Fraley to 3rd. Jake Fraley steals (6) 3rd base. Jake Fraley to 3rd.","R","R","R","CIN","NYY","B",,,3,2,2023,"-1.08","0.9",1.148422597915785,1.4957097561493313,,641584,,0,6,"Bot",,,,,,,9.307745036860938,-142.6092140158609,-9.667771875469727,-16.810746925921652,29.24455263867358,-17.83910118099651,3.07167470560527,1.45821003989077,,,,"100",2235,"7.2",718120,543309,519203,650402,665828,683011,641343,543305,592450,"53.33",,0.695903,"0.7",1,0,0,,44,6,"Sinker",2,3,2,3,3,2,2,3,"Standard","Standard",212,"0.093","0.259",,,,,"-0.259",,-1,-1,0.511,0.511,31,25,32,26,1,2,2,2,2,1,"1.45","1.08","1.08","44.2",,,,,
"FF","2023-06-17","98.1","-0.61","6.61","Stanek, Ryne",663886,592773,,"called_strike",,,,,1,,"R","R","R","HOU","CIN","S",,,0,0,2023,"-0.7","1.57",-0.484153293030151,2.978543524054547,,682829,,1,7,"Top",,,,,,,1.9470900092103474,-142.71932568713277,-7.874959749136362,-10.063395962135875,34.696451365128055,-9.151039378072362,3.28030617719482,1.61850648222909,,,,"97.1",2275,"5.8",717727,673237,666197,514888,608324,665161,667452,676694,663656,"54.67",,,,,,,,59,1,"4-Seam Fastball",2,5,5,2,5,2,5,2,"Infield shade","Standard",207,"-0.011","-0.038",,,,,"0.038",,-3,3,0.097,0.903,31,26,32,27,1,3,8,1,2,1,"0.81","0.7","0.7","46.9",,,,,
"FF","2023-09-09","98","-1.91","5.63","Fujinami, Shintaro",657136,660261,,"ball",,,,,11,,"R","R","R","BOS","BAL","B",,,2,1,2023,"-0.87","1.42",-0.9819690474560018,3.4367373111135002,,596115,677800,1,5,"Bot",,,,,,,4.5965080598399055,-142.6077746406219,-3.7482300025831012,-12.966781683814032,34.28254471087987,-12.192570738185124,2.9512914215114,1.29923165261401,,,,"99.1",2221,"7",716664,543510,663624,676059,683002,622761,669720,543305,623993,"53.48",,,,,,,,50,4,"4-Seam Fastball",6,7,6,7,7,6,6,7,"Standard","Standard",221,"0.069","0.104",,,,,"-0.104",,-1,-1,0.485,0.485,29,27,29,27,1,2,3,1,2,3,"0.96","0.87","0.87","36.8",,,,,
"FF","2023-06-25","97.7","-2.26","5.91","Cole, Gerrit",543760,543037,,"ball",,,,,11,,"R","R","R","NYY","TEX","B",,,0,0,2023,"-0.73","1.37",-0.92100009625205,4.417603247607583,,665750,,1,2,"Top",,,,,,,5.277335126322549,-142.2078052699712,-1.668133153476074,-11.059490074325844,32.92025795060281,-13.416006187284527,3.1670920550501,1.50075744443586,,,,"97.9",2314,"6.4",717622,624431,519203,650402,518934,683011,641856,664056,641343,"54.12",,,,,,,,13,1,"4-Seam Fastball",0,3,3,0,3,0,3,0,"Standard","Standard",216,"-0.021","0.034",,,,,"-0.034",,-3,3,0.21,0.79,32,32,33,33,2,1,5,1,7,1,"1.02","0.73","0.73","38.0",,,,,
"FF","2023-06-12","97.7","-2.21","6.13","Karcher, Ricky",658668,676689,,"ball",,,,,12,,"R","R","R","KC","CIN","B",,,0,0,2023,"-0.48","1.31",0.917090060832133,3.0214459067624113,,681987,677951,1,10,"Bot",,,,,,,9.499035535313242,-141.94440659092714,-5.881287220787751,-8.674237049631449,32.163821148995375,-13.203470264995207,3.40933784241734,1.67060934963146,,,,"97.4",2189,"6.2",717793,592200,668715,663697,682829,680574,656413,670770,666181,"54.29",,,,,,,,83,1,"4-Seam Fastball",4,5,4,5,5,4,4,5,"Infield shade","Standard",218,"0.205","0.042",,,,,"-0.042",,-1,-1,0.343,0.343,25,27,26,27,1,4,,1,,1,"1.08","0.48","0.48","43.2",,,,,
"FF","2023-06-03","97.7","-1.11","6.58","Megill, Trevor",641584,656730,,"ball",,,,,14,,"R","L","R","CIN","MIL","B",,,1,1,2023,"-0.59","1.55",2.083193680322869,1.4850717958866162,,663697,,2,6,"Bot",,,,,,,9.992910570754512,-141.52683482548926,-11.814653424890214,-10.099824652188705,29.531870407907267,-8.809288500511329,3.23054508529486,1.48040667977565,,,,"98.2",2533,"6.6",717906,661388,572138,680911,605119,655316,592885,686894,663368,"53.87",,,,,,,,63,3,"4-Seam Fastball",6,10,6,10,10,6,6,10,"Standard","Standard",204,"0.004","0.021",,,,,"-0.021",,-4,-4,0.08,0.08,29,28,30,28,1,3,2,1,2,1,"0.84","0.59","-0.59","50.3",,,,,
"FF","2023-08-04","97.6","-1.68","5.59","Machado, Andrés",656413,600921,,"ball",,,,,11,,"R","R","R","CIN","WSH","B",,,0,2,2023,"-0.79","1.22",-1.1168380754394354,4.101917473719009,,670770,663886,1,9,"Bot",,,,,,,3.338902844421929,-142.1876659102224,-1.3689368986561534,-11.532803876634803,29.063927244257012,-15.36662186292271,3.35513779702219,1.48055432529762,,,,"98.2",2153,"6.3",717139,660688,642086,666906,545121,682928,666164,669743,657041,"54.16",,,,,,,,70,3,"4-Seam Fastball",3,3,3,3,3,3,3,3,"Standard","Standard",219,"0.096","0.022",,,,,"-0.022",,0,0,0.672,0.672,30,27,30,27,1,3,3,2,1,2,"1.14","0.79","0.79","34.3",,,,,
"FF","2023-05-20","97.6","-2.21","5.99","Baumann, Mike",543807,657508,,"called_strike",,,,,8,,"R","R","R","TOR","BAL","S",,,0,0,2023,"-1.05","1.34",-0.13283008341390667,2.1470492347698493,,593160,,1,7,"Bot",,,,,,,8.019873304400855,-141.78974627844815,-7.90094689418206,-15.989124895877632,32.5305100563753,-12.500958339268735,3.85614402898697,1.72111841573173,,,,"97.7",2342,"6.4",718102,668939,663624,624428,687401,622761,679631,656775,623993,"54.07",,,,,,,,57,1,"4-Seam Fastball",3,2,3,2,2,3,3,2,"Infield shade","Standard",214,"0.023","-0.038",,,,,"0.038",,1,1,0.807,0.807,27,33,28,34,1,3,2,1,1,1,"1.07","1.05","1.05","42.0",,,,,
"FF","2023-05-07","97.5","-1.73","5.59","Cole, Gerrit",668227,543037,,"ball",,,,,12,,"R","R","R","TB","NYY","B",,,1,1,2023,"-0.99","1.38",0.1263838509453964,3.4754753961944265,,677551,,1,5,"Bot",,,,,,,7.252310523002107,-141.85699217392775,-3.3440925674155855,-15.029845975535384,31.83921202058335,-12.967371260897483,3.22148968571366,1.46422932039396,,,,"97.5",2468,"6.2",718271,624431,518934,650402,665828,683011,543305,664056,643396,"54.26",,,,,,,,47,3,"4-Seam Fastball",2,6,2,6,6,2,2,6,"Standard","Standard",216,"0.02","0.052",,,,,"-0.052",,-4,-4,0.134,0.134,32,28,33,28,3,2,5,1,5,1,"1.02","0.99","0.99","37.1",,,,,
"SI","2023-07-04","97.4","3.05","5.87","Ferrer, José A.",680574,678606,,"ball",,,,,13,,"R","R","L","WSH","CIN","B",,,2,1,2023,"1.47","0.56",-0.4021393488733058,0.9925675049749514,,641584,,2,9,"Top",,,,,,,-12.60371335735238,-141.15242393442355,-8.888713186611586,22.314004927935837,27.980502075507893,-22.876748184824123,3.03731233194248,1.43454693488177,,,,"97.7",2113,"6.4",717507,656180,642086,671277,600869,682928,572816,656537,657041,"54.13",,,,,,,,81,4,"Sinker",4,8,8,4,8,4,8,4,"Standard","Standard",113,"-0.001","0.069",,,,,"-0.069",,-4,4,0.016,0.984,23,23,23,24,1,5,2,1,2,1,"1.84","1.47","-1.47","31.9",,,,,
"FF","2023-08-27","97.4","-1.92","5.71","Abreu, Albert",623912,656061,,"ball",,,,,11,,"R","R","R","TB","NYY","B",,,2,2,2023,"-1.05","1.33",-2.2873806078314267,2.9732839625279803,,668227,,0,8,"Bot",,,,,,,1.436018981657266,-141.7504038237638,-4.853523518817361,-14.409507669533435,35.11997478677987,-13.363458612703646,3.23882495621797,1.47542954225062,,,,"97.2",2271,"6.3",716828,543309,518934,650402,672724,683011,677592,664056,665828,"54.16",,,,,,,,68,5,"4-Seam Fastball",6,4,6,4,4,6,6,4,"Standard","Standard",222,"0.013","0.085",,,,,"-0.085",,2,2,0.954,0.954,27,28,28,29,1,4,3,1,4,2,"1.09","1.05","1.05","39.7",,,,,
"SI","2023-08-23","97.3","-2.88","4.21","Lawrence, Justin",650907,664875,,"ball",,,,,14,,"R","R","R","TB","COL","B",,,0,1,2023,"-1.41","-0.05",1.1548232877772073,1.3640135152283208,,642350,666139,1,9,"Bot",,,,,,,13.954674073409732,-140.97605698983205,-1.896810950447752,-22.229297778959324,35.50479871909732,-32.5216819698248,3.33845115676331,1.54967450938099,,,,"96.1",2363,"6.1",716880,553869,660707,663898,641857,678662,666134,686668,453568,"54.43",,,,,,,,72,2,"Sinker",3,5,3,5,5,3,3,5,"Infield shade","Standard",259,"0.095","0.031",,,,,"-0.031",,-2,-2,0.195,0.195,28,26,29,27,1,0,3,1,4,1,"2.5","1.41","1.41","-9.0",,,,,
"SI","2023-04-05","97.2","-1.85","5.62","Domínguez, Seranthony",643396,622554,,"called_strike",,,,,1,,"R","R","R","NYY","PHI","S",,,0,0,2023,"-1.51","0.55",-0.5137961862880558,2.8290099014032446,,650402,,0,8,"Bot",,,,,,,6.936082919220856,-141.2896449185755,-3.155821160030329,-21.79492720050933,33.762906970693585,-24.26376337410191,3.04960953083684,1.43017302547928,,,,"95.9",2178,"5.7",718699,592663,664761,681082,543281,607208,656941,624641,595909,"54.78",,,,,,,,65,1,"Sinker",4,2,4,2,2,4,4,2,"Strategic","Standard",214,"0.008","-0.046",,,,,"0.046",,2,2,0.956,0.956,28,28,29,28,1,2,2,1,3,2,"1.88","1.51","1.51","29.1",,,,,
"FF","2023-04-26","97.2","-2.68","5.59","Kopech, Michael",624415,656629,,"called_strike",,,,,6,,"R","L","R","TOR","CWS","S",,,1,0,2023,"-1.23","1.46",0.3460817144985,2.5114839338475443,,593160,669289,2,4,"Bot",,,,,,,11.027533043867336,-141.05662958768272,-6.089895539902902,-18.934504163202888,33.26903493055446,-11.414301740217844,3.32951353048015,1.60786446080519,,,,"97.8",2630,"6.9",718420,664874,683734,672820,669394,462101,643217,673357,663853,"53.62",,,,,,,,32,2,"4-Seam Fastball",4,0,4,0,0,4,4,0,"Standard","Standard",223,"0.002","-0.045",,,,,"0.045",,4,4,0.911,0.911,27,28,27,28,3,0,5,2,6,3,"0.97","1.23","-1.23","41.7",,,,,
"FF","2023-09-06","97.2","-1.86","5.98","Strider, Spencer",575929,675911,,"ball",,,,,12,,"R","R","R","ATL","STL","B",,,1,1,2023,"-0.44","1.42",1.4028498669358909,3.001102230018636,,669357,571448,0,1,"Top",,,,,,,9.835930208294696,-141.09456766139945,-5.734694814210862,-8.189591737969062,33.07873228216037,-12.03168651133353,3.42241706596482,1.61809388823084,,,,"98",2399,"6.9",716689,669221,621566,645277,663586,606115,592696,671739,660670,"53.58",,,,,,,,5,3,"4-Seam Fastball",0,2,2,0,2,0,2,0,"Standard","Strategic",201,"-0.039","0.052",,,,,"-0.052",,-2,2,0.249,0.751,24,31,25,31,1,0,6,1,7,2,"1.01","0.44","0.44","49.9",,,,,
"FF","2023-08-19","97.1","-2.42","6.2","Romano, Jordan",592656,605447,,"swinging_strike",,,,,1,,"R","L","R","CIN","TOR","S",,,0,0,2023,"-0.56","1.54",-0.606813606483632,3.180367381161912,,682622,687952,1,9,"Bot",,,,,,,6.269376887288558,-141.15086105908983,-6.188381826552472,-8.880033459541224,31.67153320716599,-10.324236468589925,3.47,1.64,,,,"99.1",2358,"7.4",716935,672386,665489,669289,656305,666182,662139,595281,593160,"53.1",,,,,,,,75,1,"4-Seam Fastball",3,4,3,4,4,3,3,4,"Standard","Standard",202,"0.159","-0.04","60.2","5.3","3.636918948",,"0.04",,-1,-1,0.343,0.343,30,31,30,31,1,1,4,4,3,,"0.88","0.56","-0.56","49.5",-14.042429370529616,43.851941735633154,37.6172835369479,41.43322548427275,9.28899918326501
"SI","2023-07-08","97","0.69","6.34","Valdez, Framber",641487,664285,,"called_strike",,,,,6,,"R","L","L","HOU","SEA","S",,,0,1,2023,"1.31","1.12",0.2893522313523166,2.188975843831568,,676609,,1,3,"Top",,,,,,,-4.051424963572587,-140.9467083116353,-7.935294507697235,18.359963928590865,38.342381622056315,-15.53261928041862,3.42422768790391,1.54723501003961,,,,"95.4",2145,"5.9",717440,455117,547989,643289,608324,665161,667452,676801,663656,"54.59",,,,,,,,19,2,"Sinker",2,0,0,2,0,2,0,2,"Standard","Standard",143,"-0.008","-0.069",,,,,"0.069",,2,-2,0.698,0.30200000000000005,29,28,30,28,2,1,11,1,7,1,"1.35","1.31","1.31","52.3",,,,,
"FF","2023-09-20","96.9","2.65","5.8","Minter, A.J.",664761,621345,,"ball",,,,,12,,"R","R","L","ATL","PHI","B",,,0,1,2023,"0.42","1.19",1.2142061025069832,3.8630200158225394,,679032,547180,2,10,"Top",,,,,,,-4.808006967877502,-141.1079830331403,-2.371122355213795,6.6584987746389235,31.448022584917336,-15.87260280122058,3.57140010233169,1.65379781959894,,,,"97.3",2424,"6.4",716509,518595,621566,645277,663586,606115,607680,671739,660670,"54.06",,,,,,,,76,2,"4-Seam Fastball",4,4,4,4,4,4,4,4,"Standard","Standard",149,"-0.029","0.025",,,,,"-0.025",,0,0,0.678,0.32199999999999995,29,26,30,27,1,4,1,1,4,1,"1.23","0.42","-0.42","39.9",,,,,
"FF","2023-05-12","96.9","-2.37","5.37","May, Dustin",572761,669160,"walk","ball",,,,,11,"Matt Carpenter walks. Xander Bogaerts to 3rd. Xander Bogaerts steals (4) 3rd base. Xander Bogaerts to 3rd.","R","L","R","LAD","SD","B",,,3,2,2023,"-0.65","1.15",-1.2698525142563664,3.2084192246709025,,593428,,2,7,"Top",,,,,,,4.469118051615722,-141.09297410443108,-2.8807544815147703,-9.74203118087029,32.70823698000581,-16.324786867620848,3.56856926184121,1.6971851017723,,,,"97.6",2177,"6.7",718201,669257,518692,678246,571970,500743,621035,572204,605141,"53.78",,0.695903,"0.7",1,0,0,,50,6,"4-Seam Fastball",2,0,0,2,0,2,0,2,"Standard","Standard",227,"-0.026","0.162",,,,,"-0.162",,2,-2,0.84,0.16000000000000003,25,37,26,38,3,2,6,1,5,3,"1.27","0.65","-0.65","29.4",,,,,
"FF","2023-05-26","96.8","-1.52","5.97","Kirby, George",678225,669923,,"ball",,,,,11,,"R","L","R","SEA","PIT","B",,,0,2,2023,"-0.61","1.37",-0.2616496757784874,3.982619314620584,,672779,,2,4,"Top",,,,,,,4.75612477715975,-140.96476589201717,-2.930530786423828,-9.217517786683935,30.298882080776476,-13.385212519360483,2.94954579373515,1.34006371725614,,,,"97.3",2232,"6.4",718012,663728,664034,543939,553993,641487,666211,677594,672284,"54.09",,,,,,,,29,4,"4-Seam Fastball",2,2,2,2,2,2,2,2,"Standard","Standard",217,"-0.008","0.018",,,,,"-0.018",,0,0,0.535,0.46499999999999997,25,23,25,24,2,1,5,3,5,1,"1.05","0.61","-0.61","39.4",,,,,
"FF","2023-05-28","96.8","-1.12","6.13","Cease, Dylan",679529,656302,,"called_strike",,,,,3,,"R","R","R","DET","CWS","S",,,1,1,2023,"-0.03","1.38",0.8202441403547583,3.024606557468844,,656716,682985,1,3,"Bot",,,,,,,5.246039203692293,-140.894989338308,-5.9017467496953895,-1.5094570444753534,28.991944492761718,-12.650678114161101,3.35959871209924,1.48421794822334,,,,"96.9",2705,"6.1",717989,518735,683734,663853,593643,641313,640449,673357,650391,"54.39",,,,,,,,25,3,"4-Seam Fastball",0,1,0,1,1,0,0,1,"Standard","Standard",189,"0.031","-0.059",,,,,"0.059",,-1,-1,0.483,0.483,27,23,28,24,2,1,5,1,6,1,"1.03","0.03","0.03","54.5",,,,,
"FF","2023-07-17","96.7","-1.46","5.56","Finnegan, Kyle",643565,640448,,"ball",,,,,13,,"R","L","R","CHC","WSH","B",,,1,2,2023,"-1.06","0.96",-1.0780919370050617,2.3063604787288865,,641355,670156,2,8,"Bot",,,,,,,3.450827097261384,-140.75223072777507,-5.328928997438828,-14.84123244500273,32.88870896377125,-18.37144757652798,3.39234982367243,1.65933573634202,,,,"97.3",1975,"6.7",717370,660688,642086,671277,600869,682928,656448,669743,657041,"53.83",,,,,,,,72,4,"4-Seam Fastball",5,7,5,7,7,5,5,7,"Standard","Standard",219,"0.044","0.033",,,,,"-0.033",,-2,-2,0.138,0.138,31,32,32,33,1,0,3,1,4,1,"1.48","1.06","-1.06","50.0",,,,,
"FF","2023-08-15","96.7","-1.98","6.06","Coleman, Dylan",677594,669395,,"ball",,,,,9,,"R","R","R","KC","SEA","B",,,0,1,2023,"-0.1","1.29",0.763109020259095,1.8593801682789668,,676609,,1,8,"Top",,,,,,,7.569577106669932,-140.58506420497713,-8.658437880320719,-2.890987564488573,28.856612588898702,-13.26715020238202,3.19845293786644,1.51675648111856,,,,"97.4",2509,"6.5",716981,666023,521692,686681,672580,677951,669392,671221,669004,"53.99",,,,,,,,65,2,"4-Seam Fastball",5,8,8,5,8,5,8,5,"Infield shade","Standard",155,"-0.013","0.024",,,,,"-0.024",,-3,3,0.067,0.933,26,22,27,23,1,4,3,1,1,1,"1.13","0.1","0.1","36.9",,,,,
"SI","2023-06-18","96.6","-2.31","5.35","Cano, Yennier",663538,666974,,"ball",,,,,12,,"R","R","R","CHC","BAL","B",,,0,2,2023,"-1.37","-0.17",0.635750630433251,4.146418445725667,,670156,663611,2,7,"Bot",,,,,,,10.895506709382884,-140.33860724853213,2.6696051287551255,-20.41491709773915,25.897510994461832,-35.18014829752046,3.01782730850244,1.45061496465183,,,,"96.8",2122,"6.1",717708,668939,656811,624428,602104,622761,669720,543305,663630,"54.39",,,,,,,,60,3,"Sinker",3,5,3,5,5,3,3,5,"Standard","Standard",259,"0.029","0.018",,,,,"-0.018",,-2,-2,0.184,0.184,29,26,29,26,1,3,3,1,2,1,"2.58","1.37","1.37","11.4",,,,,
"FF","2023-09-19","96.6","2.07","6.61","Snell, Blake",676701,605483,,"ball",,,,,12,,"R","R","L","SD","COL","B",,,2,2,2023,"0.22","1.53",0.8208309599344044,4.426724465515118,,666134,553869,2,2,"Top",,,,,,,-3.869886995090921,-140.51975633773176,-3.6948479434440684,3.922992925973556,35.9200752626024,-11.363725552046464,3.66703202783426,1.6900012052135,,,,"96.7",2361,"6.7",716516,669134,596847,676946,666703,593428,595777,663757,665487,"53.85",,,,,,,,11,5,"4-Seam Fastball",0,0,0,0,0,0,0,0,"Standard","Standard",161,"-0.017","0.064",,,,,"-0.064",,0,0,0.513,0.487,30,27,31,27,1,0,6,2,6,5,"0.94","0.22","-0.22","58.4",,,,,
"FF","2023-04-12","96.6","2.48","6.36","Hearn, Taylor",664728,621368,,"ball",,,,,1,,"R","L","L","TEX","KC","B",,,1,1,2023,"0.67","1.45",-0.6200785715995533,3.3688675694968144,,677951,686469,1,7,"Top",,,,,,,-9.762298227428017,-140.3988414698572,-5.721020253527871,10.916936497797794,29.523850074200162,-11.776898390840602,3.5399913537047,1.80120349185918,,,,"96.7",2248,"6.2",718595,506702,663993,543760,673962,669701,543257,665750,666969,"54.26",,,,,,,,54,3,"4-Seam Fastball",1,6,6,1,6,1,6,1,"Standard","Standard",142,"-0.004","0.039",,,,,"-0.039",,-5,5,0.027,0.973,28,26,29,26,1,3,4,1,108,2,"0.98","0.67","0.67","37.2",,,,,
"SI","2023-05-12","96.5","-2.92","4.28","Lawrence, Justin",592206,664875,,"called_strike",,,,,9,,"R","R","R","COL","PHI","S",,,0,0,2023,"-1.23","-0.32",0.5233549515706009,2.0338658804814163,,547180,,2,8,"Top",,,,,,,11.878444847456175,-140.10215468446063,0.28403264535259076,-18.76642602272692,29.058528625611224,-36.67379971237067,3.82796057391005,1.79133470061196,,,,"96.3",2193,"6.1",718202,553869,543068,676701,641857,678662,595777,545341,592178,"54.37",,,,,,,,60,1,"Sinker",3,5,5,3,6,3,6,3,"Infield shade","Standard",255,"-0.062","-0.046",,,,,"0.046",,-2,2,0.146,0.854,28,31,29,31,1,3,2,2,2,1,"2.76","1.23","1.23","-5.5",,,,,
"FF","2023-09-16","96.5","2.82","5.48","Minter, A.J.",542932,621345,,"ball",,,,,11,,"R","R","L","MIA","ATL","B",,,0,2,2023,"0.31","1.35",-0.270160380102683,4.256600882642374,,665862,,2,7,"Bot",,,,,,,-8.912008325711977,-140.29129144467962,-0.73465290753317,6.139705894034759,32.176806441207,-14.411301674346527,3.43048161848634,1.54810364936575,,,,"96.3",2606,"6.2",716565,669221,621566,645277,663586,606115,592696,671739,607680,"54.26",,,,,,,,64,3,"4-Seam Fastball",5,5,5,5,5,5,5,5,"Standard","Strategic",156,"0.013","0.018",,,,,"-0.018",,0,0,0.539,0.539,29,33,30,33,1,3,4,4,3,1,"1.11","0.31","-0.31","40.5",,,,,
"SI","2023-04-22","96.4","0.31","6.35","Valdez, Framber",669221,664285,,"called_strike",,,,,7,,"R","R","L","ATL","HOU","S",,,0,0,2023,"1.01","0.96",-0.4698634241027714,2.14124909962763,,660670,,2,1,"Bot",,,,,,,-4.321536714494163,-140.17324853854947,-7.764112106895489,14.242654456689445,30.383521559709223,-17.976034818520954,3.42243222300271,1.70195416941333,,,,"95.8",2319,"5.9",718471,455117,547989,643289,608324,665161,667452,676694,663656,"54.58",,,,,,,,8,1,"Sinker",0,0,0,0,0,0,0,0,"Standard","Standard",146,"-0.002","-0.046",,,,,"0.046",,0,0,0.533,0.533,29,28,30,29,1,0,6,1,6,2,"1.49","1.01","-1.01",,,,,,
"SI","2023-06-11","96.4","-2.46","5.51","Lange, Alex",666971,656638,,"ball",,,,,14,,"R","R","R","DET","AZ","B",,,2,1,2023,"-1.69","0.61",0.14283673350823411,0.8777553431353233,,682998,,1,8,"Top",,,,,,,10.744008894298588,-139.73156252704666,-8.06628491592026,-24.508609580078662,31.595393165596164,-22.517057326972957,3.56629435646789,1.65230461795327,,,,"96.3",2161,"6.4",717804,606992,679529,665155,570731,595879,681481,545350,656716,"54.05",,,,,,,,63,4,"Sinker",5,2,2,5,2,5,2,5,"Standard","Standard",231,"-0.025","0.062",,,,,"-0.062",,3,-3,0.912,0.08799999999999997,27,29,28,30,1,3,3,1,1,2,"1.87","1.69","1.69","35.1",,,,,
"SI","2023-10-01","96.3","1.56","5.55","Pérez, Cionel",678882,672335,,"swinging_strike",,,,,2,,"R","R","L","BAL","BOS","S",,,1,0,2023,"1.05","0.44",0.12577367840681675,2.823500950461881,,622569,624512,1,7,"Top",,,,,,,-6.170151273156177,-140.19574321503748,-2.6648361280957964,15.292071035631993,30.477617781811286,-25.96255900732609,3.29,1.54,,,,"96",1982,"6",716367,543510,663624,676059,683002,622761,677008,656775,623993,"54.5",,,,,,,,53,2,"Sinker",0,4,4,0,4,0,4,0,"Standard","Standard",145,"-0.01","-0.051","37.2","5.3","1.232814348",,"0.051",,-4,4,0.05,0.95,27,22,27,23,1,0,3,1,6,,"2.01","1.05","-1.05","34.3",-9.301213307203188,55.73461630083808,27.655899954988328,38.45482610037324,-2.4116523968606884
"SI","2023-06-11","96.3","-2.2","5.81","Keller, Mitch",553882,656605,,"ball",,,,,11,,"R","L","R","PIT","NYM","B",,,1,2,2023,"-1.28","0.63",-0.3315451401562026,3.60154691759885,,596019,592192,2,2,"Top",,,,,,,7.898560623816763,-140.13644511401168,-1.766909269598838,-18.622603933385697,29.31963244304006,-23.62763239576791,3.2885187292982,1.52853736165444,,,,"97.1",2367,"6.6",717803,595978,467793,678225,663647,672779,668804,669261,656582,"53.9",,,,,,,,12,5,"Sinker",0,0,0,0,0,0,0,0,"Standard","Standard",224,"-0.019","0.033",,,,,"-0.033",,0,0,0.519,0.481,27,31,27,31,1,0,5,2,6,5,"1.81","1.28","-1.28","34.6",,,,,
"FF","2023-08-28","96.3","-2.16","5.53","Gausman, Kevin",608841,592332,,"ball",,,,,13,,"R","R","R","TOR","WSH","B",,,0,1,2023,"-0.9","1.17",-0.711724329448831,1.410942262633292,,682928,657041,0,5,"Top",,,,,,,5.923162478100064,-139.8474598766617,-8.00033131460487,-13.16849005623963,33.63541241411335,-15.227018993625931,3.63548777979234,1.82858361326723,,,,"96.5",2346,"6.7",716816,643376,665489,593160,676914,676391,662139,595281,543807,"53.82",,,,,,,,43,2,"4-Seam Fastball",5,1,1,5,1,5,1,5,"Standard","Standard",222,"-0.038","0.034",,,,,"-0.034",,4,-4,0.82,0.18000000000000005,32,31,32,31,3,2,5,1,6,1,"1.32","0.9","0.9","37.1",,,,,
"FF","2023-08-16","96.2","1.44","6.7","Hentges, Sam",668715,656529,,"ball",,,,,12,,"R","R","L","CIN","CLE","B",,,1,1,2023,"0.53","1.18",0.5112953955646046,4.50116841626172,,680574,682829,0,8,"Bot",,,,,,,-3.7169599520695096,-140.16492843373013,-2.991238145394836,7.851451458355266,30.074652672279147,-16.06197749003293,3.22738836016661,1.49560558614991,,,,"97.4",2042,"6.8",716973,666310,672356,671289,608070,677587,680757,664702,657656,"53.72",,,,,,,,70,3,"4-Seam Fastball",7,2,7,2,2,7,7,2,"Standard","Standard",158,"0.001","0.052",,,,,"-0.052",,5,5,0.997,0.997,26,25,27,26,1,4,3,1,2,2,"1.26","0.53","-0.53","43.7",,,,,
"FF","2023-07-16","96.2","2.32","5.28","Kikuchi, Yusei",664983,579328,,"called_strike",,,,,5,,"R","L","L","TOR","AZ","S",,,0,1,2023,"0.97","1.23",-0.019400900171518076,2.2578498846073494,,605113,,2,2,"Top",,,,,,,-8.49507601641503,-139.87167753690142,-5.316263266157453,14.585891340291774,27.878901371688674,-15.00882260436258,3.43650680679173,1.69723010514597,,,,"97.6",2401,"6.8",717386,643376,665489,669289,656305,666182,593160,595281,543807,"53.66",,,,,,,,13,2,"4-Seam Fastball",0,1,1,0,1,0,1,0,"Standard","Standard",137,"0.005","-0.061",,,,,"0.061",,-1,1,0.416,0.5840000000000001,32,25,32,26,1,0,10,1,5,2,"1.22","0.97","0.97","36.9",,,,,
"FF","2023-06-23","96.2","3.74","5.21","Puk, A.J.",656582,640462,,"ball",,,,,12,,"R","R","L","MIA","PIT","B",,,1,0,2023,"1.32","1.08",1.3217231953785284,3.142279926703681,,641943,457705,1,9,"Top",,,,,,,-9.524479140949634,-139.77951675428676,-2.363461260619635,19.456634534189988,32.30313098655527,-17.637489698950528,3.18798824972468,1.43103866166748,,,,"97.3",2148,"7",717653,663743,643265,650333,542932,621563,650559,641505,660821,"53.46",,,,,,,,62,2,"4-Seam Fastball",1,0,0,1,0,1,0,1,"Standard","Standard",121,"-0.15","0.067",,,,,"-0.067",,1,-1,0.694,0.30600000000000005,28,30,28,31,1,3,1,1,2,1,"1.39","1.32","-1.32","23.0",,,,,
"SI","2023-04-25","96.1","-2.06","5.91","Hoeing, Bryan",663586,663773,,"called_strike",,,,,5,,"R","R","R","ATL","MIA","S",,,0,0,2023,"-1.44","0.39",0.15693315455357282,2.4945258135370647,,660670,,1,1,"Bot",,,,,,,9.188941252050627,-139.6943561082855,-4.416664269221447,-20.853268296949334,28.24392438501113,-26.231968546883582,3.63543908683489,1.69944329051327,,,,"97.1",2020,"6.7",718429,663743,493329,542932,516416,641658,650559,665862,541645,"53.83",,,,,,,,6,1,"Sinker",0,0,0,0,0,0,0,0,"Standard","Standard",236,"0.019","-0.038",,,,,"0.038",,0,0,0.567,0.567,26,26,27,26,1,0,,1,5,1,"2.06","1.44","1.44","27.1",,,,,
"FF","2023-07-23","96.1","-0.83","6.22","Kelly, Michael",664761,547184,,"ball",,,,,11,,"R","R","R","CLE","PHI","B",,,1,2,2023,"-0.44","1.07",-0.059867939633387046,4.539897201775448,,681082,,2,4,"Top",,,,,,,3.023133269708552,-140.03563598014605,-1.333944410706294,-6.413663639542081,29.304899125671493,-17.983118231206245,3.55851774700837,1.50135618942785,,,,"96.3",2346,"6.1",717283,595956,605137,665926,608070,671289,680757,686823,681807,"54.35",,,,,,,,29,4,"4-Seam Fastball",3,1,1,3,1,3,1,3,"Standard","Standard",197,"-0.01","0.015",,,,,"-0.015",,2,-2,0.761,0.239,30,26,31,27,1,1,4,1,3,1,"1.38","0.44","0.44","41.6",,,,,
"FF","2023-07-07","96.1","-1.87","5.9","Pallante, Andre",643217,669467,,"called_strike",,,,,8,,"R","L","R","CWS","STL","S",,,1,0,2023,"-0.25","0.75",-0.1023091202743539,1.5471623675916446,,621545,,2,6,"Bot",,,,,,,5.289028515360289,-139.89766271418827,-7.751623072562744,-4.406793195488107,27.815460225620008,-20.84751667586965,3.43840805233268,1.45144352006427,,,,"97.1",2261,"6.6",717455,671056,502671,669357,571448,657557,663457,666185,691023,"53.95",,,,,,,,57,2,"4-Seam Fastball",6,5,6,5,5,6,6,5,"Standard","Standard",195,"0.002","-0.046",,,,,"0.046",,1,1,0.728,0.728,24,28,25,29,1,3,4,1,7,7,"1.69","0.25","-0.25","50.9",,,,,
"FF","2023-07-18","96","1.26","5.47","Pérez, Cionel",605141,672335,,"ball",,,,,11,,"R","R","L","BAL","LAD","B",,,0,0,2023,"0.17","1.44",-0.8293087868980302,2.8473371015638955,,500743,681546,0,7,"Top",,,,,,,-5.88063116566265,-139.7508506336694,-4.589941578494102,3.490455485842842,31.558524479725545,-12.515985678774236,3.27656431879758,1.34267028416924,,,,"95.7",2070,"6.1",717361,668939,656811,624428,676059,683002,669720,543305,681297,"54.42",,,,,,,,61,1,"4-Seam Fastball",1,5,5,1,6,1,6,1,"Infield shade","Standard",147,"-0.02","0.042",,,,,"-0.042",,-4,4,0.04,0.96,27,30,27,31,1,4,16,1,3,1,"1.04","0.17","-0.17","35.6",,,,,
"FF","2023-06-23","96","3.62","5.19","Puk, A.J.",467793,640462,,"called_strike",,,,,6,,"R","R","L","MIA","PIT","S",,,1,1,2023,"1.21","1.12",0.34038815868979233,2.2769211999756434,,457705,,2,9,"Top",,,,,,,-11.59048340480104,-139.18746373567825,-4.6530913333332915,18.460568332115177,32.90870733255043,-16.742460613908015,3.41026544517394,1.57100964184259,,,,"97",2211,"7.2",717653,663743,643265,650333,542932,621563,650559,641505,660821,"53.3",,,,,,,,63,3,"4-Seam Fastball",1,1,1,1,1,1,1,1,"Infield shade","Standard",129,"0.014","-0.064",,,,,"0.064",,0,0,0.538,0.46199999999999997,28,37,28,37,1,3,1,1,2,1,"1.38","1.21","-1.21","23.5",,,,,
"FF","2023-08-13","95.9","-1.83","5.67","Pfaadt, Brandon",592518,694297,,"ball",,,,,11,,"R","R","R","AZ","SD","B",,,0,0,2023,"-0.61","1.41",-1.7538719050092344,3.536900525026182,,665487,,1,1,"Top",,,,,,,1.584678721460019,-139.59033362089866,-3.2174476192020336,-8.27181045060365,32.356659958185396,-13.245241515508992,3.8514314849529,1.7270941208735,,,,"96.3",2569,"6.6",717003,645444,572233,606466,607054,672695,682998,677950,664983,"53.93",,,,,,,,4,1,"4-Seam Fastball",0,1,1,0,1,0,1,0,"Infield shade","Standard",221,"-0.028","0.034",,,,,"-0.034",,-1,1,0.386,0.614,24,30,25,31,1,0,5,1,5,1,"1.07","0.61","0.61","29.7",,,,,
"FF","2023-09-02","95.9","-1.18","5.43","Reid-Foley, Sean",641487,656887,,"called_strike",,,,,2,,"R","L","R","NYM","SEA","S",,,0,0,2023,"-0.69","1.37",0.016845009305894387,3.165484780210063,,664059,,1,6,"Top",,,,,,,4.824192711392862,-139.57674060368984,-3.521081377760073,-10.088306078973403,31.86183617111997,-13.737424119776632,3.41388776620971,1.60539547147437,,,,"97.7",2216,"7.4",716751,553882,624413,677595,668901,596019,643446,607043,621466,"53.15",,,,,,,,52,1,"4-Seam Fastball",3,6,6,3,6,3,6,3,"Strategic","Standard",211,"-0.013","-0.038",,,,,"0.038",,-3,3,0.127,0.873,27,28,28,28,1,3,3,1,3,1,"1.11","0.69","-0.69","47.6",,,,,
"FF","2023-04-07","95.9","-0.41","6.63","Baker, Bryan",643396,641329,,"called_strike",,,,,2,,"R","R","R","BAL","NYY","S",,,0,0,2023,"-0.32","1.67",-0.008049095082126034,2.9383418941818062,,665828,,2,8,"Top",,,,,,,1.812131865896782,-139.40564091901558,-7.947567737123881,-4.626377615020822,34.37707838190228,-8.795389693960914,3.36806165270161,1.65883518473299,,,,"96.3",2359,"6.8",718688,668939,663624,624428,602104,622761,669720,656775,623993,"53.71",,,,,,,,71,1,"4-Seam Fastball",7,6,6,7,6,7,6,7,"Standard","Standard",200,"0.002","-0.046",,,,,"0.046",,1,-1,0.783,0.21699999999999997,28,28,29,28,1,1,2,2,3,3,"0.83","0.32","0.32","59.8",,,,,
"FF","2023-08-08","95.9","-1.21","5.84","Robertson, Nick",677951,687798,,"called_strike",,,,,9,,"R","R","R","BOS","KC","S",,,1,0,2023,"-0.4","1.34",0.4474864299831441,2.0885546087033275,,664728,,1,7,"Top",,,,,,,5.360569610374906,-139.44227515474077,-7.447048335499781,-6.327343693655079,29.807120100391728,-13.235187586356712,3.50983731902851,1.62481758941323,,,,"97.4",2117,"7.1",717077,657136,671213,622569,646240,596115,680776,594807,657077,"53.43",,,,,,,,62,2,"4-Seam Fastball",2,7,7,2,7,2,7,2,"Standard","Standard",208,"-0.005","-0.049",,,,,"0.049",,-5,5,0.029,0.971,24,23,25,23,1,4,2,1,33,1,"1.13","0.4","0.4","39.9",,,,,
"FF","2023-06-14","95.9","-2.79","4.67","Kimbrel, Craig",656896,518886,,"foul_tip",,,,,1,,"R","R","R","AZ","PHI","S",,,1,1,2023,"-0.67","1.17",-0.816598461268659,3.3140827957781465,,672695,,2,9,"Bot",,,,,,,6.7746044450279355,-139.55293720055752,-0.6504563057784537,-10.25357968481955,30.612594013885793,-16.860506333693866,3.52,1.66,,,,"96.6",2352,"6.6",717757,592663,665019,681082,624641,607208,656941,669016,592206,"53.9",,,,,,,,74,3,"4-Seam Fastball",3,3,3,3,3,3,3,3,"Infield shade","Standard",222,"-0.013","-0.064",,,,,"0.064",,0,0,0.605,0.605,35,27,35,27,1,4,3,1,1,1,"1.3","0.67","0.67","25.4",,,,,
"FF","2023-06-01","95.8","-3.07","5.28","Scherzer, Max",592206,453286,,"ball",,,,,14,,"R","R","R","NYM","PHI","B",,,1,2,2023,"-0.75","1.31",0.8975590085538455,1.8605998963243278,,607208,547180,1,1,"Top",,,,,,,12.184083045264043,-138.89337271280107,-6.386236255427165,-12.431430490075655,31.091620842140788,-13.819447848132052,3.62636439658306,1.78309187936757,,,,"96",2367,"6.6",717934,682626,624413,643446,683146,596019,592192,607043,516782,"53.91",,,,,,,,4,5,"4-Seam Fastball",0,0,0,0,1,0,1,0,"Standard","Standard",224,"-0.106","0.028",,,,,"-0.028",,0,0,0.474,0.526,38,31,39,31,1,0,6,1,6,1,"1.19","0.75","0.75","24.2",,,,,
"SI","2023-04-20","95.8","-1.73","5.64","Holderman, Colin",668715,670059,,"ball",,,,,13,,"R","R","R","PIT","CIN","B",,,1,0,2023,"-1.33","0.61",-1.0862284116535743,2.5259513560269284,,663697,670770,0,8,"Top",,,,,,,4.68559341001134,-139.38405300446243,-3.962570395874165,-18.454949481116714,31.300042609316602,-23.5896478906941,3.46750482842857,1.59012232184814,,,,"95.5",2182,"6.1",718500,595978,467793,678225,663647,666801,668804,669261,656582,"54.35",,,,,,,,57,2,"Sinker",4,2,2,4,2,4,2,4,"Standard","Standard",220,"-0.082","0.078",,,,,"-0.078",,2,-2,0.672,0.32799999999999996,27,25,28,26,1,3,4,4,1,1,"1.88","1.33","1.33","28.2",,,,,
"FF","2023-05-09","95.8","-0.89","5.46","Jax, Griffin",543592,643377,,"ball",,,,,14,,"R","R","R","MIN","SD","B",,,0,1,2023,"-0.53","1.11",0.919201679993191,1.5054172688343903,,673490,663757,0,7,"Top",,,,,,,5.988597674631715,-139.38444880811085,-7.40172677091712,-8.198450111146544,28.93202067097411,-16.236210991633993,3.5881044024942,1.60262513952996,,,,"96.2",2365,"6.3",718242,543877,666135,593871,669304,621043,608336,572191,596146,"54.16",,,,,,,,51,2,"4-Seam Fastball",1,1,1,1,1,1,1,1,"Strategic","Standard",216,"-0.066","0.034",,,,,"-0.034",,0,0,0.368,0.632,28,33,29,34,1,2,6,2,1,1,"1.36","0.53","0.53","40.3",,,,,
"FF","2023-06-04","95.8","2.14","5.83","Minter, A.J.",672515,621345,,"ball",,,,,12,,"R","R","L","AZ","ATL","B",,,2,2,2023,"0.52","1.31",0.9912776570418533,3.4241342404560546,,664983,,1,8,"Bot",,,,,,,-4.212098891523726,-139.4715050991225,-3.7660759602581053,7.666631863479968,28.94293805849736,-14.341643728980683,3.35903302533223,1.63995900755053,,,,"96.3",2381,"6.4",717892,518595,621566,645277,663586,606115,592696,671739,660670,"54.14",,,,,,,,71,5,"4-Seam Fastball",5,4,5,4,4,5,5,4,"Strategic","Strategic",149,"0.028","0.09",,,,,"-0.09",,1,1,0.877,0.877,29,23,30,23,1,0,4,1,2,2,"1.15","0.52","-0.52","42.6",,,,,
"SI","2023-05-21","95.8","0.5","6.28","Valdez, Framber",667670,664285,,"ball",,,,,12,,"R","R","L","HOU","ATH","B",,,1,1,2023,"1.38","0.7",1.0471844459241182,2.6435317634760964,,665923,,2,6,"Top",,,,,,,-1.6668610965411288,-139.41214069348032,-5.468339990516565,18.31176780150145,35.25712278023087,-21.990107052532263,3.36411850592712,1.60957868933191,,,,"94.7",2189,"5.9",718086,455117,547989,514888,608324,665161,676801,676694,663656,"54.58",,,,,,,,40,3,"Sinker",1,0,0,1,0,1,0,1,"Standard","Standard",144,"-0.012","0.021",,,,,"-0.021",,1,-1,0.689,0.31100000000000005,29,28,30,29,3,2,6,1,6,1,"1.81","1.38","-1.38","45.9",,,,,
"FF","2023-07-09","95.7","-2.42","5.08","Mlodzinski, Carmen",666971,669387,,"called_strike",,,,,4,,"R","R","R","AZ","PIT","S",,,0,0,2023,"-0.84","1.17",-0.4694193712311818,3.085874981545666,,672695,572233,2,1,"Bot",,,,,,,7.066951140315967,-139.2674309589518,-2.271870412025953,-12.510738020580927,32.3246075194158,-16.657896340855856,4.0714776390402,1.93677545342701,,,,"96.1",2168,"6.6",717425,595978,467793,693304,669707,672779,668804,669261,680779,"53.91",,,,,,,,8,1,"4-Seam Fastball",0,0,0,0,0,1,1,0,"Infield shade","Standard",228,"0.088","-0.04",,,,,"0.04",,0,0,0.543,0.543,24,29,24,30,1,0,5,1,6,5,"1.32","0.84","0.84","29.9",,,,,
"FF","2023-03-31","95.7","-1.04","6.49","Ruiz, José",676694,614179,,"ball",,,,,11,,"R","R","R","HOU","CWS","B",,,0,2,2023,"-0.58","1.29",-0.22952197058337065,4.023825696687304,,682073,,1,8,"Bot",,,,,,,3.4228841639040906,-139.22526454114615,-3.718232157274758,-8.28897929795227,35.83300433885129,-14.82973788563489,3.05052510008175,1.44000160163753,,,,"94.5",2308,"5.9",718764,518735,657757,462101,660162,641313,643217,673357,693049,"54.57",,,,,,,,70,3,"4-Seam Fastball",6,3,6,3,3,6,6,3,"Standard","Standard",207,"0.005","0.015",,,,,"-0.015",,3,3,0.973,0.973,28,27,29,27,1,3,,1,1,4,"1.23","0.58","0.58","47.7",,,,,
"SI","2023-08-26","95.7","-1.26","5.46","Avila, Pedro",592885,658648,,"ball",,,,,4,,"R","L","R","MIL","SD","B",,,0,0,2023,"-1.31","0.24",-0.7305392605536931,2.5877154746558935,,655316,621438,1,5,"Bot",,,,,,,4.380916598337159,-139.31985615309492,-2.4976575503790532,-18.06949478302725,32.96724172372685,-28.644742215243205,3.20501291182867,1.56376823401703,,,,"95.9",2322,"6.5",716838,669134,643265,673490,592518,593428,592325,663757,665487,"54",,,,,,,,37,1,"Sinker",1,1,1,1,1,2,2,1,"Standard","Standard",222,"0.113","0.042",,,,,"-0.042",,0,0,0.617,0.617,26,31,26,32,3,2,5,1,5,1,"2.25","1.31","-1.31","38.2",,,,,
"SI","2023-06-13","95.7","-2.7","4.15","Lawrence, Justin",624512,664875,,"ball",,,,,13,,"R","L","R","BOS","COL","B",,,0,0,2023,"-1.4","-0.28",-0.44097473910861673,1.104715056571108,,680776,,1,8,"Bot",,,,,,,9.061737097431298,-139.03623207862032,-1.7196168373950744,-20.234238373699014,33.906331594450194,-35.55162971306758,3.23027425249563,1.58004905058147,,,,"94.7",2295,"6",717788,553869,519058,605612,641857,678662,545341,686668,666134,"54.48",,,,,,,,71,1,"Sinker",4,4,4,4,4,4,4,4,"Standard","Standard",258,"0.088","0.034",,,,,"-0.034",,0,0,0.656,0.656,28,28,29,28,1,3,2,2,4,5,"2.79","1.4","-1.4","-8.6",,,,,
"FF","2023-05-13","95.7","-2.65","5.05","García, Yimi",621566,554340,"walk","ball",,,,,11,"Matt Olson walks. Ronald Acuna Jr. to 3rd. Ronald Acuna Jr. steals (17) 3rd base. Ronald Acuna Jr. to 3rd.","R","L","R","TOR","ATL","B",,,3,2,2023,"-0.98","1.22",-1.1683541952703829,3.5638395799326923,,660670,,0,7,"Top",,,,,,,6.06727222052876,-139.28274357084953,-1.0565492247573531,-14.113961879964773,31.913452392819813,-16.294920677786234,3.46451465307844,1.67762460716134,,,,"94.9",2546,"5.9",718192,643376,665489,593160,656305,666182,662139,595281,543807,"54.64",,0.695903,"0.7",1,0,0,,54,6,"4-Seam Fastball",2,2,2,2,2,2,2,2,"Standard","Standard",212,"-0.089","0.259",,,,,"-0.259",,0,0,0.387,0.613,32,29,33,29,1,3,3,1,2,1,"1.27","0.98","-0.98","30.8",,,,,
"SI","2023-06-14","95.7","1.6","6.22","Hentges, Sam",665742,656529,,"called_strike",,,,,5,,"R","L","L","SD","CLE","S",,,1,0,2023,"0.89","1.29",0.015117078531327932,2.1801805238502525,,665487,,2,6,"Bot",,,,,,,-6.27906647460296,-138.96740896552478,-7.984605828065139,13.043790249343347,34.212877116368944,-13.79933764435065,3.28838645909669,1.48767249940592,,,,"96.6",2214,"7.1",717758,572287,647304,665926,608070,642708,680757,664702,686823,"53.38",,,,,,,,48,2,"Sinker",2,0,2,0,0,2,2,0,"Standard","Standard",150,"0.002","-0.046",,,,,"0.046",,2,2,0.837,0.837,26,24,27,25,1,3,5,1,2,1,"1.23","0.89","0.89","39.7",,,,,
"SI","2023-07-07","95.6","-2.69","4.76","Ramírez, Yohan",572233,670990,,"called_strike",,,,,5,,"R","R","R","AZ","PIT","S",,,0,0,2023,"-1.45","0.35",0.23514884409786707,2.209109659578295,,682998,666971,2,6,"Bot",,,,,,,11.1122869806732,-138.82302585499446,-1.871277114230188,-21.297666635748154,31.744641444188268,-27.453632395996873,3.31203390764292,1.66819016794498,,,,"96.6",2115,"7",717452,595978,467793,693304,669707,672779,668804,669261,680779,"53.48",,,,,,,,54,1,"Sinker",5,1,5,1,1,6,6,1,"Infield shade","Standard",240,"0.021","-0.04",,,,,"0.04",,4,4,0.95,0.95,28,32,28,32,1,3,2,1,10,1,"2.16","1.45","1.45","14.0",,,,,
"FF","2023-08-23","95.6","1.61","6.19","Skubal, Tarik",664023,669373,,"ball",,,,,13,,"R","R","L","DET","CHC","B",,,1,2,2023,"0.69","1.34",-1.6777521466126963,1.8072175813664173,,663538,621020,1,3,"Top",,,,,,,-10.204809955484441,-138.68975860674152,-8.965991177990238,11.020957477447999,27.926141890388365,-13.039138428950375,3.43216675419313,1.58636421665707,,,,"96",2192,"6.4",716885,668670,679529,628451,663837,656716,668731,678009,682985,"54.06",,,,,,,,18,4,"4-Seam Fastball",0,1,1,0,1,0,1,0,"Standard","Standard",151,"-0.048","0.028",,,,,"-0.028",,-1,1,0.363,0.637,26,28,27,29,2,1,5,1,6,1,"1.15","0.69","-0.69","50.4",,,,,
"SI","2023-04-12","95.6","1.42","5.46","Pérez, Cionel",607054,672335,,"ball",,,,,13,,"R","L","L","BAL","ATH","B",,,1,0,2023,"1.26","0.45",-1.1737817422762844,2.3161996439372823,,657656,665923,0,9,"Top",,,,,,,-9.589164849765071,-138.85884823290053,-3.678055004879906,18.381154942717412,30.018294517978465,-25.670871365497966,3.25835092138312,1.5729670025413,,,,"95.1",2203,"6",718599,543510,663624,602104,683002,622761,669720,656775,624428,"54.48",,,,,,,,75,2,"Sinker",4,8,8,4,8,4,8,4,"Standard","Standard",152,"-0.004","0.078",,,,,"-0.078",,-4,4,0.01,0.99,27,33,27,33,1,4,2,1,2,1,"2.04","1.26","1.26","38.3",,,,,
"FF","2023-09-08","95.5","-1.8","5.41","Sheehan, Emmet",660688,686218,,"ball",,,,,11,,"R","L","R","WSH","LAD","B",,,0,0,2023,"-0.79","1.19",-1.37296592108119,4.234546590401746,,682928,608841,1,1,"Bot",,,,,,,2.913584600879294,-139.04753957226976,-0.14295423029073978,-10.879548362374678,31.6046648490985,-16.973253622850297,3.39935830402325,1.51262014283402,,,,"95.6",2268,"6.3",716676,669257,518692,642708,571970,500743,621035,681546,571771,"54.16",,,,,,,,9,1,"4-Seam Fastball",0,2,0,2,2,0,0,2,"Standard","Standard",225,"0.029","0.042",,,,,"-0.042",,-2,-2,0.395,0.395,23,24,24,25,1,0,6,2,8,1,"1.31","0.79","-0.79","28.1",,,,,
"SI","2023-06-16","95.5","-1.38","5.07","Montero, Rafael",686759,606160,,"ball",,,,,11,,"R","R","R","HOU","CIN","B",,,1,1,2023,"-1.34","0.68",-0.8397773390770222,2.5290940923334713,,668715,663886,2,9,"Top",,,,,,,4.440612651016567,-139.0815142860945,-2.596327030265043,-18.380507522691037,31.95953480141513,-22.946125912815464,3.12858116780285,1.504210033702,,,,"95.3",2163,"6.2",717737,455117,547989,514888,608324,665161,643289,676801,663656,"54.33",,,,,,,,66,3,"Sinker",0,2,2,0,2,0,2,0,"Standard","Standard",215,"-0.005","0.025",,,,,"-0.025",,-2,2,0.08,0.92,32,26,33,26,1,0,5,2,1,56,"1.82","1.34","1.34","34.0",,,,,
"FF","2023-06-01","95.5","1.35","6.03","Detmers, Reid",547989,672282,,"called_strike",,,,,4,,"R","R","L","HOU","LAA","S",,,3,0,2023,"0.85","1.58",-0.6495716608362754,2.5810622310559315,,663656,,1,2,"Bot",,,,,,,-7.156602641260572,-138.73365557274886,-6.973600219435366,12.556473808934312,31.553160019480647,-10.414762404084172,3.41677729862661,1.56789409075639,,,,"95.3",2278,"6.3",717936,642136,665120,592273,570482,687263,621493,545361,592669,"54.19",,,,,,,,18,4,"4-Seam Fastball",0,1,0,1,1,0,0,1,"Infield shade","Standard",136,"0.025","-0.042",,,,,"0.042",,-1,-1,0.479,0.479,23,36,24,36,1,0,6,1,7,1,"0.93","0.85","-0.85","34.8",,,,,
"SI","2023-08-13","95.5","-2.07","5.79","Keller, Mitch",687952,656605,,"ball",,,,,8,,"R","R","R","PIT","CIN","B",,,0,0,2023,"-1.38","0.51",-0.2592372425487832,2.055803665890889,,668715,,1,2,"Top",,,,,,,7.900575912389644,-138.81014583821926,-5.382985753680001,-19.53163688810923,29.374122366910246,-24.61265984053306,3.31933171426249,1.5401033349872,,,,"96.2",2322,"6.6",717015,641511,663845,678894,663647,675961,656582,668804,680779,"53.85",,,,,,,,10,1,"Sinker",0,0,0,0,0,0,0,0,"Infield shade","Standard",225,"-0.032","0.034",,,,,"-0.034",,0,0,0.48,0.52,27,23,27,24,1,0,5,2,6,0,"1.99","1.38","1.38","34.2",,,,,
"SI","2023-08-14","95.4","0.53","6.09","Valdez, Framber",650559,664285,,"ball",,,,,14,,"R","R","L","MIA","HOU","B",,,0,0,2023,"1.34","0.82",1.1823544698775104,2.2436339209120177,,542932,,1,3,"Bot",,,,,,,-1.30994856576404,-138.7488904628999,-6.237820878867337,17.52446158769452,35.2724511839865,-20.34342356139896,3.51079214691696,1.69139879670427,,,,"94.5",2085,"6.1",717000,455117,572138,514888,608324,665161,676801,676694,663656,"54.37",,,,,,,,22,1,"Sinker",1,0,1,0,0,1,1,0,"Infield shade","Standard",146,"0.03","0.034",,,,,"-0.034",,1,1,0.687,0.687,29,26,30,27,2,1,6,1,5,1,"1.72","1.34","-1.34","53.1",,,,,
"FF","2023-09-20","95.4","-2.97","4.89","Kimbrel, Craig",606115,518886,,"ball",,,,,12,,"R","R","R","ATL","PHI","B",,,0,0,2023,"-0.71","1.3",0.31975109449089234,3.9177484187482454,,663897,,1,9,"Bot",,,,,,,10.343248281303191,-138.668625533925,0.1734388561619647,-11.49902903397395,30.258538046396108,-15.65365782560031,3.48073975562291,1.69919560509939,,,,"96.3",2399,"6.8",716509,596117,595909,681082,664761,607208,656941,669016,592206,"53.69",,,,,,,,72,1,"4-Seam Fastball",4,4,4,4,4,4,4,4,"Standard","Standard",223,"0.13","0.034",,,,,"-0.034",,0,0,0.703,0.703,35,28,35,29,1,1,5,1,1,1,"1.21","0.71","0.71","23.8",,,,,
"FF","2023-08-26","95.4","-2.18","6.41","Ginkel, Kevin",605361,656464,,"ball",,,,,11,,"R","L","R","AZ","CIN","B",,,1,2,2023,"-0.66","1.27",-0.7578040879765273,4.041324478054286,,682829,,2,8,"Top",,,,,,,5.2637743708885845,-138.84562281604445,-3.4715568374512626,-9.673796903170976,31.298560582734552,-15.14801888250003,3.39392399283804,1.56243377751403,,,,"96.1",2330,"6.7",716833,645444,572233,606466,607054,672695,666971,677950,682998,"53.79",,,,,,,,61,4,"4-Seam Fastball",4,1,1,4,1,4,1,4,"Standard","Standard",221,"-0.005","0.015",,,,,"-0.015",,3,-3,0.957,0.04300000000000004,29,33,29,33,1,3,1,1,6,1,"1.23","0.66","-0.66","36.6",,,,,
"SI","2023-06-02","95.3","-2.26","5.44","Peguero, Elvis",663886,665625,,"called_strike",,,,,4,,"R","R","R","CIN","MIL","S",,,0,0,2023,"-1.36","0.32",-0.6308906536331707,2.4849548447641814,,621028,663697,2,10,"Bot",,,,,,,7.432735777358403,-138.70584845560572,-2.9114520903260583,-19.26939784703599,29.746850377588487,-27.52899880385697,3.1140964848915,1.52641014367939,,,,"96.4",1946,"6.8",717931,605170,642133,655316,680911,668930,592885,686894,605119,"53.7",,,,,,,,82,1,"Sinker",3,3,3,3,3,3,3,3,"Standard","Standard",243,"0","-0.04",,,,,"0.04",,0,0,0.614,0.614,26,26,26,27,1,4,1,1,2,1,"2.18","1.36","1.36","19.9",,,,,
"FF","2023-08-05","95.3","-1.08","6.72","Pivetta, Nick",672386,601713,,"called_strike",,,,,1,,"R","R","R","BOS","TOR","S",,,1,0,2023,"-0.37","1.74",-0.6345444220157044,2.733270798978502,,543807,,2,3,"Top",,,,,,,2.0209900929871023,-138.5201950056861,-8.825935568738311,-5.239536489378035,30.412402014954978,-7.951870281634467,3.1262593725026,1.5218527844184,,,,"96.2",2450,"6.9",717125,657136,671213,649966,646240,644374,807799,680776,594807,"53.65",,,,,,,,20,2,"4-Seam Fastball",0,1,1,0,1,0,1,0,"Standard","Standard",194,"-0.001","-0.046",,,,,"0.046",,-1,1,0.402,0.598,30,24,30,25,1,1,5,1,4,1,"0.77","0.37","0.37","59.1",,,,,
"FF","2023-09-01","95.3","-1.86","5.52","Reyes, Gerardo",680869,622103,,"called_strike",,,,,1,,"R","R","R","ATH","LAA","S",,,3,0,2023,"-0.69","1.43",-0.5841441235091764,2.7924155222415186,,665923,,2,6,"Bot",,,,,,,4.84762616632635,-138.61787599488258,-4.635707497047385,-9.995695364628146,32.83069039463805,-12.984540634383272,3.32279068761259,1.54986859920788,,,,"94",2355,"5.7",716758,681351,694384,592273,519058,677347,545341,666160,650859,"54.82",,,,,,,,53,4,"4-Seam Fastball",5,0,5,0,0,5,5,0,"Standard","Standard",217,"0","-0.023",,,,,"0.023",,5,5,0.973,0.973,30,23,30,24,1,3,36,2,3,1,"1.1","0.69","0.69","29.0",,,,,
"FF","2023-09-27","95.2","-2.36","5.63","Oviedo, Johan",669016,670912,"walk","ball",,,,,11,"Brandon Marsh walks. Bryce Harper to 3rd. Bryce Harper steals (11) 3rd base. Bryce Harper to 3rd.","R","L","R","PHI","PIT","B",,,3,2,2023,"-0.65","0.86",-1.2373698665121267,3.5519195140805198,,547180,,2,1,"Bot",,,,,,,4.462597675870911,-138.67119284674263,-1.771249042683031,-9.409256580933663,31.191988057829153,-20.90127437119831,3.26866452623672,1.60042217976805,,,,"96.4",2175,"6.9",716415,682848,669707,693304,663647,678894,668804,669261,656582,"53.55",,0.695903,"0.7",1,0,0,,10,7,"4-Seam Fastball",0,3,0,3,3,0,0,3,"Standard","Standard",208,"0.014","0.162",,,,,"-0.162",,-3,-3,0.253,0.253,25,25,25,26,1,0,6,1,,3,"1.65","0.65","-0.65","28.7",,,,,
"FF","2023-05-13","95.1","2.06","5.78","Minter, A.J.",666182,621345,,"ball",,,,,12,,"R","R","L","TOR","ATL","B",,,2,1,2023,"0.75","1.51",0.7650715810967229,4.400888124338008,,595281,543807,1,7,"Bot",,,,,,,-5.084841591752419,-138.51037050852858,-1.3816111114838667,10.748790477644233,30.987815914420523,-12.580332426144263,3.57950297426551,1.69761709481937,,,,"95.2",2406,"6.3",718192,669221,621566,645277,663586,606115,592696,671739,660670,"54.2",,,,,,,,62,4,"4-Seam Fastball",2,2,2,2,2,2,2,2,"Standard","Standard",152,"0.077","0.104",,,,,"-0.104",,0,0,0.657,0.657,29,25,30,25,1,3,3,1,4,1,"1","0.75","-0.75","45.9",,,,,
"SI","2023-05-04","95.1","-1.63","5.78","Kirby, George",542583,669923,,"called_strike",,,,,8,,"R","R","R","ATH","SEA","S",,,0,0,2023,"-1.37","0.67",-0.24093850274267248,2.2391095753321757,,657656,668709,1,6,"Bot",,,,,,,6.773565326250882,-138.35707143742977,-5.21158794975643,-19.060338453621405,29.416089433853667,-22.57554622319507,3.51591110884795,1.6646549260653,,,,"96.1",2088,"6.7",718304,663728,664034,543939,553993,641487,666211,672284,606192,"53.76",,,,,,,,54,1,"Sinker",3,5,3,5,5,3,3,5,"Infield shade","Standard",217,"0.018","-0.04",,,,,"0.04",,-2,-2,0.329,0.329,25,33,25,33,3,2,7,1,5,1,"1.84","1.37","1.37","34.6",,,,,
"FF","2023-06-25","95.1","-1.25","5.74","Gibaut, Ian",645277,664139,,"called_strike",,,,,2,,"R","L","R","CIN","ATL","S",,,0,0,2023,"-0.4","1.33",-0.22565947237103873,2.8832945389685314,,660670,,1,6,"Top",,,,,,,3.615735545583414,-138.38135472695896,-4.856372913835782,-5.912629364419519,31.77967079384728,-14.220948148991441,3.38173489775459,1.5869818287628,,,,"95.8",2162,"6.8",717618,663886,668715,680574,669222,682829,666181,670770,641584,"53.71",,,,,,,,54,1,"4-Seam Fastball",3,3,3,3,3,3,3,3,"Standard","Standard",209,"-0.034","-0.038",,,,,"0.038",,0,0,0.469,0.531,29,26,30,26,1,3,2,1,3,1,"1.2","0.4","-0.4","40.9",,,,,
"FF","2023-06-27","95","-2.12","5.82","Stephan, Trevor",670032,663986,,"ball",,,,,11,,"R","L","R","KC","CLE","B",,,0,0,2023,"-0.52","1.28",-0.8965790249466652,3.4649096598754463,,680118,,1,8,"Bot",,,,,,,4.390445519240586,-138.38759895587359,-3.446591087943574,-7.681817084890434,29.15151254366899,-15.074716699146736,2.79113524734687,1.43104790297733,,,,"95.6",2513,"6.4",717591,666310,647304,665926,608070,642708,680757,664702,686823,"54.08",,,,,,,,56,1,"4-Seam Fastball",0,0,0,0,0,0,0,0,"Strategic","Standard",216,"0.088","0.034",,,,,"-0.034",,0,0,0.656,0.656,27,28,28,28,1,2,2,3,2,1,"1.22","0.52","-0.52","37.2",,,,,
"FF","2023-05-13","94.9","-2.1","5.87","Jiménez, Joe",672386,641729,"strikeout","swinging_strike",,,,,7,"Alejandro Kirk strikes out swinging. Whit Merrifield steals (11) 3rd base.","R","R","R","TOR","ATL","S",2,,2,2,2023,"-0.89","1.64",-0.7478742969809815,1.821919576215661,,593160,,1,8,"Bot",,,,,,,5.6214575610268795,-137.79651458785602,-8.678702898039852,-12.569335663265875,31.68982828453652,-9.4915898447237,2.96,1.42,,,,"96.1",2445,"7.2",718192,669221,621566,645277,663586,606115,592696,671739,660670,"53.32",,0,"0",1,0,0,,70,5,"4-Seam Fastball",4,2,4,2,2,4,4,2,"Standard","Standard",216,"-0.007","-0.245",,,,,"0.245",,2,2,0.943,0.943,28,24,28,25,1,1,3,1,3,2,"0.91","0.89","0.89","43.2",,,,,
"FF","2023-08-26","94.9","-1.6","6.04","Silseth, Chase",596129,681217,,"called_strike",,,,,9,,"R","L","R","NYM","LAA","S",,,0,0,2023,"-0.57","1.5",0.29279028945472796,2.1454740958204757,,596019,643446,1,4,"Bot",,,,,,,6.179097054849419,-137.87656358088785,-7.76570008814464,-8.746539559716888,32.24476297010514,-11.528835275136938,3.58932460158683,1.66538121745886,,,,"94",2474,"6",716840,681351,663550,592273,519058,650859,545341,666160,592669,"54.54",,,,,,,,35,1,"4-Seam Fastball",0,5,0,5,5,1,1,5,"Standard","Standard",204,"0.045","-0.04",,,,,"0.04",,-5,-5,0.123,0.123,23,30,23,31,1,1,7,1,34,1,"1.05","0.57","-0.57","42.1",,,,,
"SI","2023-08-26","94.9","1.9","5.66","Manaea, Sean",621566,640455,,"called_strike",,,,,3,,"R","L","L","SF","ATL","S",,,0,0,2023,"1.4","0.85",0.5382943435498924,3.3077243270634007,,660670,663586,1,3,"Top",,,,,,,-6.755484105630043,-138.00329228152725,-2.407949079580958,19.38551659546306,30.550570355327,-20.928499599894376,3.37454393945662,1.46375336755448,,,,"95.9",2020,"6.9",716848,672275,605204,642731,669477,657557,671218,596103,682641,"53.63",,,,,,,,21,1,"Sinker",0,1,1,0,1,0,1,0,"Standard","Standard",135,"-0.017","-0.04",,,,,"0.04",,-1,1,0.35,0.65,31,29,31,29,1,1,5,1,5,1,"1.68","1.4","1.4","28.0",,,,,
"SI","2023-05-16","94.9","-2.05","5.69","Cobb, Alex",664761,502171,,"ball",,,,,14,,"R","R","R","SF","PHI","B",,,1,2,2023,"-1.26","0.51",0.9440336576463952,1.0709584260560383,,592663,,1,2,"Top",,,,,,,10.60242536963188,-137.7128921297453,-7.585825214147113,-18.257595759635603,27.30901658289442,-24.153534931822797,3.33142041224415,1.55633462213174,,,,"95",1994,"6.2",718156,663698,664774,642731,605204,669477,571745,573262,624424,"54.25",,,,,,,,11,4,"Sinker",0,0,0,0,0,0,0,0,"Standard","Standard",227,"-0.032","0.04",,,,,"-0.04",,0,0,0.491,0.509,35,26,36,27,1,0,5,1,7,1,"2.01","1.26","1.26","41.9",,,,,
"FS","2023-07-28","94.9","-2.63","5.83","Duran, Jhoan",670032,661395,,"called_strike",,,,,2,,"R","L","R","KC","MIN","S",,,0,0,2023,"-1.05","0.14",-0.034909313194533054,2.6927540311548612,,664728,,1,10,"Bot",,,,,,,9.20298273124017,-138.00115894721395,-2.9005230973897396,-15.415908844145012,28.515678070370242,-29.924996105573314,3.0454220429325,1.3647339489601,,,,"95.8",1608,"6.7",717232,680777,456781,593871,571657,621043,650489,572191,596146,"53.84",,,,,,,,82,1,"Split-Finger",4,5,4,5,5,4,4,5,"Standard","Standard",223,"0.096","-0.038",,,,,"0.038",,-1,-1,0.29,0.29,25,28,25,28,1,3,5,3,4,2,"2.38","1.05","-1.05","32.7",,,,,
"FF","2023-04-13","94.8","-1.9","5.47","Velasquez, Vince",641933,592826,,"ball",,,,,14,,"R","R","R","STL","PIT","B",,,1,1,2023,"-0.08","1.55",1.2538987450097017,2.305401185947239,,575929,669357,2,4,"Bot",,,,,,,8.51859523131187,-137.63542844237702,-6.066506038236425,-2.9687511710449375,32.03417195691686,-11.359273643089436,3.14527849508539,1.56396704437722,,,,"95.6",2384,"7",718591,641511,596847,664029,663647,666801,656582,678225,457705,"53.49",,,,,,,,31,3,"4-Seam Fastball",0,0,0,0,0,0,0,0,"Standard","Standard",209,"0.022","0.025",,,,,"-0.025",,0,0,0.55,0.55,31,28,31,28,2,1,5,1,5,1,"1.01","0.08","0.08","48.5",,,,,
"FF","2023-07-15","94.8","2.13","5.8","Paxton, James",664023,572020,,"ball",,,,,13,,"R","R","L","CHC","BOS","B",,,2,0,2023,"1.07","1.12",-0.0004927217527215255,1.3941040236006401,,663538,673548,1,3,"Bot",,,,,,,-8.00349342612421,-137.61625596365104,-8.381357562325203,15.41563254419835,29.876011370196167,-16.224525831225453,3.33915443253705,1.54254386263244,,,,"95.3",2264,"6.6",717403,657136,671213,624414,646240,571771,807799,680776,657077,"53.87",,,,,,,,23,3,"4-Seam Fastball",2,0,2,0,0,2,2,0,"Standard","Standard",128,"0.025","0.092",,,,,"-0.092",,2,2,0.803,0.803,34,28,35,29,2,1,7,1,7,1,"1.42","1.07","-1.07","38.1",,,,,
"FF","2023-05-13","94.8","-1.95","5.87","Stoudt, Levi",607732,686651,,"called_strike",,,,,2,,"R","R","R","MIA","CIN","S",,,0,0,2023,"-0.74","1.39",-0.13816389543242225,3.4526045804811867,,680814,493329,2,2,"Bot",,,,,,,6.410956429266562,-137.93395854917756,-3.750015264487536,-10.890209482143845,32.0548724378232,-13.796518113326583,3.45032641085316,1.65034596263565,,,,"95",2029,"6.5",718198,592200,668715,663697,621028,676480,641584,656413,592656,"53.98",,,,,,,,16,1,"4-Seam Fastball",0,0,0,0,0,0,0,0,"Standard","Standard",216,"-0.003","-0.04",,,,,"0.04",,0,0,0.546,0.546,25,33,26,34,1,0,24,1,43,4,"1.15","0.74","0.74","46.0",,,,,
"SI","2023-08-16","94.8","0.97","6.54","Liberatore, Matthew",542208,669461,,"ball",,,,,11,,"R","R","L","STL","ATH","B",,,0,0,2023,"0.99","0.71",-0.13116419869731044,4.303904795501844,,680869,,1,1,"Top",,,,,,,-5.110370899237525,-138.0760613772304,-1.8368755013027587,13.824259418920175,27.91966178014567,-22.7849712819664,3.60865267808263,1.73537987435871,,,,"95.3",2059,"6.3",716969,668800,502671,600301,571448,669242,676475,663457,691023,"54.2",,,,,,,,3,1,"Sinker",0,0,0,0,0,0,0,0,"Standard","Standard",158,"-0.029","0.034",,,,,"-0.034",,0,0,0.481,0.519,23,32,24,33,1,0,6,1,22,3,"1.8","0.99","-0.99","46.9",,,,,
"FF","2023-04-15","94.8","-1.8","6.21","Faucher, Calvin",666182,676534,,"ball",,,,,14,,"R","R","R","TOR","TB","B",,,1,1,2023,"-0.58","1.47",1.1690883362942328,2.151731815828594,,595281,543807,1,3,"Bot",,,,,,,8.961472154443612,-137.5833174038402,-8.078285832427234,-9.49088151875631,33.194247580551085,-11.852540296340209,3.51033788235965,1.62339628008141,,,,"93.5",2290,"5.9",718569,642336,650490,670764,670623,677551,668227,622534,660644,"54.62",,,,,,,,24,3,"4-Seam Fastball",0,0,0,0,0,0,0,0,"Strategic","Standard",210,"0.056","0.039",,,,,"-0.039",,0,0,0.596,0.596,27,25,28,25,2,1,4,1,6,1,"1.1","0.58","0.58","57.0",,,,,
"SI","2023-04-22","94.8","-3.04","5.87","Manoah, Alek",672724,666201,"walk","ball",,,,,11,"Oswald Peraza walks. Oswaldo Cabrera to 3rd. Oswaldo Cabrera steals (4) 3rd base. Oswaldo Cabrera to 3rd.","R","R","R","NYY","TOR","B",,,3,1,2023,"-1.66","0.98",-1.476884585384471,2.9422832191460984,,665828,,1,3,"Bot",,,,,,,7.855807107045301,-137.81382163336053,-4.190082114241244,-22.890712890516028,32.07871002185568,-18.92453247244976,3.32352472007626,1.55160889651207,,,,"95.4",2333,"6.8",718476,672386,665489,624415,656305,666182,593160,662139,543807,"53.7",,0.695903,"0.7",1,0,0,,22,5,"Sinker",0,0,0,0,0,0,0,0,"Standard","Standard",215,"0.044","0.123",,,,,"-0.123",,0,0,0.586,0.586,25,23,25,23,1,0,6,1,6,1,"1.57","1.66","1.66","39.0",,,,,
"FS","2023-09-17","94.7","-1.5","5.79","Fujinami, Shintaro",670623,660261,"walk","ball",,,,,14,"Isaac Paredes walks. Josh Lowe to 3rd. Josh Lowe steals (30) 3rd base. Josh Lowe to 3rd.","R","R","R","BAL","TB","B",,,3,2,2023,"-1.2","0.66",0.6341129411883129,1.2684250833175268,,666139,,1,9,"Top",,,,,,,8.31125695950919,-137.46801432503565,-7.613360327990073,-17.093715898067256,30.880748526603636,-22.291578150165893,3.33486648410415,1.53145288729081,,,,"95.2",1460,"6.7",716553,668939,656811,624428,602104,683002,669720,656775,623993,"53.77",,0.695903,"0.7",1,0,0,,62,6,"Split-Finger",2,3,3,2,3,2,3,2,"Standard","Standard",229,"-0.034","0.184",,,,,"-0.184",,-1,1,0.147,0.853,29,24,29,24,1,3,4,2,1,2,"1.9","1.2","1.2","39.2",,,,,
"FC","2023-07-06","94.7","1.29","6.52","Alvarado, José",677551,621237,,"blocked_ball",,,,,13,,"R","R","L","TB","PHI","B",,,1,2,2023,"-0.07","0.69",-0.5484234240093983,0.6307533298901111,,670764,650490,2,8,"Bot",,,,,,,-4.6755255330771135,-137.50324451128398,-11.35260049172,0.05542070509270848,28.480188589916526,-21.219722924527293,3.43009111007247,1.46630312657907,,,,"95.8",2089,"6.9",717472,596117,669742,681082,664761,607208,656941,669016,592206,"53.63",,,,,,,,57,6,"Cutter",1,1,1,1,1,1,1,1,"Standard","Standard",152,"0.027","0.033",,,,,"-0.033",,0,0,0.564,0.564,28,22,28,22,1,3,2,1,47,1,"1.85","-0.07","0.07","65.1",,,,,
"FF","2023-09-16","94.7","-0.76","6.13","Stephens, Jackson",493329,623451,,"ball",,,,,12,,"R","R","R","MIA","ATL","B",,,0,2,2023,"-0.34","1.42",0.0685883486930966,5.094179201842905,,650333,669394,2,4,"Bot",,,,,,,2.878600928833214,-137.96149578020237,-0.18798869771354879,-4.992384759465656,32.309274920605844,-14.262929827849353,3.46791006943786,1.61999984632484,,,,"93.2",2139,"5.4",716565,669221,621566,645277,663586,606115,592696,671739,607680,"55.07",,,,,,,,39,3,"4-Seam Fastball",5,3,5,3,3,5,5,3,"Standard","Standard",204,"0.007","0.018",,,,,"-0.018",,2,2,0.769,0.769,29,39,29,39,1,2,5,1,5,1,"1.12","0.34","0.34","47.0",,,,,
"SI","2023-06-17","94.7","2.39","5.14","Bummer, Aaron",663728,607481,,"called_strike",,,,,4,,"R","R","L","SEA","CWS","S",,,1,1,2023,"1.4","0.11",-0.6606079365494897,2.379407416874451,,677594,606192,1,10,"Bot",,,,,,,-11.111762795511513,-137.52996937702235,-1.7624580179953133,20.224974489707204,30.442396331811427,-30.620895365495418,3.48017532402683,1.66867268474756,,,,"94.9",1959,"6.5",717722,518735,683734,621545,669394,462101,643217,673357,640449,"53.96",,,,,,,,84,3,"Sinker",3,3,3,3,3,3,3,3,"Standard","Standard",117,"0.075","-0.059",,,,,"0.059",,0,0,0.705,0.705,29,26,30,27,1,0,2,1,2,1,"2.44","1.4","-1.4","8.4",,,,,
"FF","2023-06-20","94.7","1.53","6","Gore, MacKenzie",571448,669022,,"ball",,,,,13,,"R","R","L","WSH","STL","B",,,1,0,2023,"0.51","1.39",-0.05020476167191168,1.3081127176990859,,669242,502671,1,5,"Top",,,,,,,-5.338267082971216,-137.51018948844526,-9.737484549341929,7.736941014547248,33.07894979072365,-12.4552783669006,3.39071804576731,1.61570544291445,,,,"95.4",2107,"7",717691,656180,642086,671277,600869,682928,656448,645302,657041,"53.5",,,,,,,,36,2,"4-Seam Fastball",1,2,2,1,2,1,2,1,"Infield shade","Strategic",152,"-0.048","0.067",,,,,"-0.067",,-1,1,0.315,0.685,24,32,24,32,3,2,5,1,5,1,"1.18","0.51","-0.51","46.7",,,,,
"FF","2023-04-25","94.6","-1.61","5.69","Clevinger, Mike",595281,605182,,"called_strike",,,,,5,,"R","L","R","TOR","CWS","S",,,0,0,2023,"-0.81","1.64",-0.2693232376106438,2.5924526267503905,,593160,643376,0,4,"Bot",,,,,,,5.369829311158278,-137.56812648526886,-6.074648038396658,-11.537304142232163,33.483608140567604,-10.225054284965871,3.90799985054553,1.8704954670378,,,,"95.4",2216,"7",718433,518735,657757,663853,669394,462101,643217,673357,650391,"53.49",,,,,,,,31,1,"4-Seam Fastball",3,0,3,0,0,3,3,0,"Standard","Standard",209,"0.013","-0.048",,,,,"0.048",,3,3,0.899,0.899,32,33,33,33,2,1,6,1,5,3,"0.93","0.81","-0.81","41.8",,,,,
"FF","2023-09-29","94.6","-1.01","6.32","Urquidy, José",572233,664353,,"ball",,,,,12,,"R","R","R","AZ","HOU","B",,,0,0,2023,"-0.6","1.43",0.30259295616683024,3.7219953858177446,,682998,,2,3,"Bot",,,,,,,4.70181460916397,-137.70380259208952,-4.279438193419033,-8.648399193981373,29.19640899660237,-13.147587391934467,3.38710409012263,1.63713513052808,,,,"93.7",2222,"5.6",716384,455117,547989,514888,608324,665161,488726,676801,663656,"54.89",,,,,,,,25,1,"4-Seam Fastball",0,0,0,0,0,0,0,0,"Standard","Standard",204,"0.006","0.02",,,,,"-0.02",,0,0,0.538,0.538,28,32,28,32,2,1,5,1,12,1,"1.1","0.6","0.6","58.4",,,,,
"FF","2023-08-28","94.5","-0.09","6.62","Karinchak, James",668904,675916,,"called_strike",,,,,5,,"R","R","R","MIN","CLE","S",,,1,0,2023,"-0.34","1.52",0.2580767574618884,3.0044659553078765,,572191,,1,8,"Bot",,,,,,,1.6558659513291984,-137.56143144370904,-7.120175033576448,-4.688836960610839,30.182580919325762,-11.485969827022233,3.67127043868971,1.69629629569568,,,,"94.4",2278,"6.2",716813,666310,594777,665926,608070,672356,680757,664702,657656,"54.31",,,,,,,,70,2,"4-Seam Fastball",10,6,10,6,6,10,10,6,"Infield shade","Standard",197,"0.003","-0.049",,,,,"0.049",,4,4,0.989,0.989,27,24,28,24,1,4,2,1,2,1,"1.03","0.34","0.34","63.9",,,,,
"FF","2023-08-05","94.5","2.08","6.52","Snell, Blake",571771,605483,,"called_strike",,,,,13,,"R","R","L","SD","LAD","S",,,0,0,2023,"0.31","1.42",-1.0626084080761578,2.203246796339892,,621035,,1,2,"Top",,,,,,,-8.9687968067363,-137.08669743753254,-8.755861264596259,5.964862764789175,32.53376432290364,-12.39879085581726,3.53334957714991,1.66176118361658,,,,"95.2",2289,"7",717112,596142,630105,673490,592518,593428,665742,663757,665487,"53.49",,,,,,,,11,1,"4-Seam Fastball",0,1,1,0,1,0,1,0,"Standard","Standard",155,"-0.019","-0.038",,,,,"0.038",,-1,1,0.378,0.622,30,31,31,32,1,0,6,1,6,1,"1.16","0.31","-0.31","62.7",,,,,
"SI","2023-04-02","94.5","-1.68","6.46","Hjelle, Sean",519203,663546,,"ball",,,,,11,,"R","L","R","NYY","SF","B",,,1,2,2023,"-1.66","0.39",-1.2024650891941195,4.108350818058665,,683011,650402,1,7,"Bot",,,,,,,4.9400818844991665,-137.566300435323,-1.2971779469947249,-22.116874160495197,31.456560414982707,-27.146322047791532,3.62782496221394,1.71596707417104,,,,"94.7",2149,"6.4",718747,666165,605204,642731,681584,543063,664774,573262,624424,"54.07",,,,,,,,55,5,"Sinker",4,0,4,0,0,4,4,0,"Standard","Standard",231,"0.006","0.028",,,,,"-0.028",,4,4,0.974,0.974,26,33,26,34,1,3,,1,3,1,"2.17","1.66","-1.66","30.1",,,,,
"FF","2023-07-19","94.5","2.56","5.89","Hand, Brad",676801,543272,,"ball",,,,,3,,"R","R","L","COL","HOU","B",,,0,1,2023,"1.07","0.7",0.6168596190795104,3.1132666976277434,,663656,,2,8,"Top",,,,,,,-7.362587141736653,-137.63882496822464,-3.2139821627621163,15.093817171354093,24.072992124013073,-22.675173290724047,3.31106220696063,1.5678861919353,,,,"94.4",2297,"5.7",717345,553869,669911,605612,641857,678662,595777,686668,666134,"54.78",,,,,,,,59,2,"4-Seam Fastball",0,4,4,0,4,0,4,0,"Standard","Standard",127,"-0.002","0.02",,,,,"-0.02",,-4,4,0.039,0.961,33,28,33,28,1,3,4,1,4,1,"1.8","1.07","-1.07","31.7",,,,,
"SI","2023-04-23","94.5","2.6","5.76","Luzardo, Jesús",605137,666200,,"called_strike",,,,,6,,"R","R","L","CLE","MIA","S",,,0,0,2023,"1.3","0.8",0.578656649009258,2.7526132425620187,,642708,,1,5,"Bot",,,,,,,-8.04642854655779,-137.4369670685166,-3.961055399184946,18.12932785980537,26.189068130174956,-21.316085055028402,3.83578581090402,1.78055035047598,,,,"94",2183,"5.7",718460,663743,643265,542932,516416,641658,650559,665862,624585,"54.79",,,,,,,,41,1,"Sinker",3,1,3,1,1,3,3,1,"Standard","Standard",121,"0.016","-0.038",,,,,"0.038",,2,2,0.826,0.826,25,30,26,31,3,2,6,1,5,1,"1.73","1.3","-1.3","36.9",,,,,
"SI","2023-06-11","94.4","-1.41","5.18","Scott, Tayler",664761,605463,,"called_strike",,,,,5,,"R","R","R","PHI","LAD","S",,,0,0,2023,"-1.66","0.6",0.1750673759366579,2.5983351971352535,,607208,547180,1,3,"Bot",,,,,,,7.67411406372453,-137.3519105796984,-2.348745691094433,-22.6583000751982,30.416415668583646,-24.262040122378753,3.54872602263907,1.56933171187455,,,,"93.1",2236,"5.5",717806,669257,518692,678246,571970,500743,444482,518792,605141,"54.99",,,,,,,,27,1,"Sinker",1,0,1,0,0,1,1,0,"Standard","Standard",240,"0.033","-0.04",,,,,"0.04",,1,1,0.704,0.704,31,26,31,27,1,1,3,12,2,1,"1.96","1.66","1.66","18.4",,,,,
"FF","2023-04-13","94.4","1.69","5.33","Cleavinger, Garrett",666915,664076,,"ball",,,,,12,,"R","R","L","TB","BOS","B",,,1,0,2023,"0.67","1.36",1.7387332897090675,4.08626762118894,,457759,671213,1,4,"Top",,,,,,,-1.355645106459055,-137.47016347558676,-0.5343464471042578,8.817386779446377,33.09282819330409,-15.13137152645263,3.4305717526871,1.66925234566354,,,,"93.6",2403,"5.9",718594,642336,650490,664040,670764,677551,668227,666139,670042,"54.55",,,,,,,,25,2,"4-Seam Fastball",1,1,1,1,1,1,1,1,"Infield shade","Standard",137,"-0.037","0.067",,,,,"-0.067",,0,0,0.445,0.5549999999999999,29,28,29,28,1,1,2,1,3,24,"1.21","0.67","-0.67","37.0",,,,,
"SI","2023-07-18","94.4","-2.13","4.84","White, Brendan",672580,686839,,"ball",,,,,11,,"R","R","R","KC","DET","B",,,0,1,2023,"-0.76","0.54",-1.4470725588425344,3.2078658134060634,,680118,,2,8,"Bot",,,,,,,3.4619774435237023,-137.47290646048603,0.18804257008940506,-10.394582135877911,28.74675913717344,-25.482527585441982,3.4906797360366,1.77503527375612,,,,"94.3",2363,"6",717356,668670,679529,656716,663837,595879,668731,682985,681481,"54.45",,,,,,,,73,2,"Sinker",10,6,10,6,6,10,10,6,"Standard","Standard",214,"0.001","0.02",,,,,"-0.02",,4,4,0.987,0.987,24,23,25,23,1,4,1,2,3,1,"2","0.76","0.76","30.9",,,,,
"FF","2023-07-06","94.4","1.15","6.17","Garrett, Amir",686823,607237,,"called_strike",,,,,2,,"R","L","L","CLE","KC","S",,,0,0,2023,"0.81","1.36",0.15053363782557172,3.3002711755811522,,665926,,1,6,"Bot",,,,,,,-4.4260551109892265,-137.42234042799146,-4.864911031863853,11.192186444387536,29.054709567735166,-13.981426050438651,3.37578291613658,1.51541434517137,,,,"95.3",2316,"6.7",717469,521692,668472,670032,672580,677951,658668,680118,669004,"53.84",,,,,,,,53,1,"4-Seam Fastball",3,1,3,1,1,3,3,1,"Standard","Standard",146,"0.015","-0.038",,,,,"0.038",,2,2,0.858,0.858,31,25,31,25,1,2,1,1,,2,"1.18","0.81","0.81","43.3",,,,,
"FF","2023-09-13","94.3","-1.77","5.66","Clevinger, Mike",669004,605182,,"swinging_strike",,,,,5,,"R","L","R","CWS","KC","S",,,2,1,2023,"-0.9","1.39",-0.2521658816364869,2.5813467115651503,,677951,,2,1,"Top",,,,,,,6.019907341231267,-137.07128453666593,-5.417809210616519,-12.71330537864676,31.57288414364539,-13.650352709603984,3.31,1.6,,,,"95.3",2254,"7",716598,518735,683734,462101,660162,641313,643217,673357,657757,"53.47",,,,,,,,4,4,"4-Seam Fastball",0,0,0,0,0,0,0,0,"Standard","Standard",211,"0.002","-0.069","71.4","7.0","1.80056754",,"0.069",,0,0,0.515,0.485,32,24,33,25,1,0,5,1,5,2,"1.19","0.9","-0.9","41.7",3.5047999768108653,14.146341580408228,32.97875556688126,39.178462324981965,16.967182394577193
"SI","2023-06-07","94.3","-1.19","5.94","Taillon, Jameson",545361,592791,,"called_strike",,,,,2,,"R","R","R","LAA","CHC","S",,,2,1,2023,"-1.28","1.26",-0.04715549114716433,3.191693292496673,,660271,,2,5,"Bot",,,,,,,5.9000600146962014,-137.16244198177031,-4.267599567413193,-17.47444332674299,32.45061965978092,-15.553917861336846,3.4733642488922,1.64762466170706,,,,"95.3",2241,"7.1",717855,665804,670223,663538,670156,621020,664023,643565,673548,"53.44",,,,,,,,39,4,"Sinker",2,2,2,2,2,2,2,2,"Standard","Standard",202,"-0.002","-0.069",,,,,"0.069",,0,0,0.548,0.548,31,31,32,32,3,2,5,1,6,1,"1.32","1.28","1.28","45.5",,,,,
"FF","2023-04-19","94.3","-0.74","5.99","Canning, Griffin",592450,656288,"strikeout","swinging_strike",,,,,12,"Aaron Judge strikes out swinging. Anthony Volpe steals (8) 3rd base.","R","R","R","NYY","LAA","S",2,,3,2,2023,"-0.38","1.62",1.2321284255473635,3.9311887027122676,,683011,,1,3,"Bot",,,,,,,5.97755239384649,-137.00830139632873,-3.1237194409351834,-6.3489993272491185,37.20753761700819,-11.547143382324725,3.95,1.88,,,,"93.4",2310,"6.3",718504,642136,570482,592273,543685,687263,621493,545361,592669,"54.15",,0,"0",1,0,0,,23,8,"4-Seam Fastball",2,0,2,0,0,2,2,0,"Infield shade","Standard",210,"-0.023","-0.336",,,,,"0.336",,2,2,0.781,0.781,27,31,27,31,2,1,7,1,6,1,"1","0.38","0.38","48.1",,,,,
"SI","2023-04-26","94.3","-1.13","5.89","Almonte, Yency",663647,622075,,"ball",,,,,13,,"R","R","R","PIT","LAD","B",,,0,1,2023,"-1.64","0.89",-0.17064007070457388,1.5170307354247377,,678225,641511,1,6,"Bot",,,,,,,6.184672544372549,-137.0300896798044,-7.6810946409316365,-21.966050983163534,32.06253735072636,-19.33418970830127,3.15098670711833,1.65492974668184,,,,"94.9",2213,"6.8",718413,642851,518692,678246,683737,621035,681546,518792,605141,"53.67",,,,,,,,50,2,"Sinker",3,0,3,0,0,3,3,0,"Standard","Strategic",227,"0.012","0.031",,,,,"-0.031",,3,3,0.922,0.922,29,26,29,26,1,3,1,1,4,3,"1.69","1.64","1.64","37.0",,,,,
"FF","2023-04-05","94.3","-3.06","5.62","Kelly, Zack",467793,677161,,"ball",,,,,11,,"R","L","R","BOS","PIT","B",,,2,2,2023,"-1","1.4",-1.3209174564862889,3.4959241188677916,,668804,457705,1,9,"Top",,,,,,,6.821729800276047,-137.0167660964474,-2.8917558000823775,-14.12882120767098,33.713978299846346,-14.21097900825633,3.57253860697578,1.59577855840029,,,,"95.1",2160,"7.1",718702,624512,671213,624414,646240,571771,807799,606132,657077,"53.43",,,,,,,,69,5,"4-Seam Fastball",1,4,4,1,4,1,4,1,"Standard","Standard",222,"-0.009","0.062",,,,,"-0.062",,-3,3,0.03,0.97,28,37,28,37,1,4,2,1,3,2,"1.2","1","-1","41.0",,,,,
"SI","2023-09-08","94.3","-1.66","5.87","Urquidy, José",592518,664353,,"called_strike",,,,,5,,"R","R","R","HOU","SD","S",,,0,1,2023,"-1.31","1.2",-0.1000882026142571,2.4795524592798284,,673490,665742,1,7,"Top",,,,,,,6.9207659564529616,-136.9934611344456,-5.714912516203195,-17.987482036307362,32.30652347728753,-15.94855382550554,3.76078829020085,1.80393697682648,,,,"93.5",2320,"6.1",716669,455117,547989,514888,608324,665161,670541,676801,663656,"54.43",,,,,,,,57,2,"Sinker",2,6,6,2,6,2,6,2,"Infield shade","Standard",216,"-0.005","-0.05",,,,,"0.05",,-4,4,0.052,0.948,28,30,28,31,1,3,5,2,11,1,"1.38","1.31","1.31","47.7",,,,,
"FF","2023-08-27","94.2","-1.59","5.85","Clevinger, Mike",680869,605182,,"called_strike",,,,,3,,"R","R","R","CWS","ATH","S",,,0,0,2023,"-0.57","1.53",0.5297171183230241,3.080220153249254,,665923,,1,6,"Top",,,,,,,6.854068143849675,-137.06756325637087,-4.952698885630947,-8.720430894723041,29.751697092673798,-11.904085188285334,3.21283738651199,1.54189657512854,,,,"95.2",2337,"6.8",716826,518735,683734,672820,660162,641313,643217,693049,657757,"53.65",,,,,,,,42,1,"4-Seam Fastball",3,0,0,3,0,3,0,3,"Infield shade","Standard",203,"-0.011","-0.038",,,,,"0.038",,3,-3,0.846,0.15400000000000003,32,23,33,24,3,2,5,1,6,1,"1.03","0.57","0.57","44.4",,,,,
"SI","2023-07-23","94.2","-2.45","6.39","Medina, Luis",676801,665622,,"ball",,,,,11,,"R","R","R","ATH","HOU","B",,,0,0,2023,"-1.05","1.41",-1.678312288103064,3.976475958821106,,663656,608324,2,4,"Top",,,,,,,4.35075498406672,-137.06717689639004,-3.6771015829730316,-14.163327922700716,31.91078776524128,-13.883250835923306,3.32329717334891,1.55043464394126,,,,"94.3",2310,"6.5",717279,691016,664913,680869,607054,649557,643393,668709,642137,"54.04",,,,,,,,28,1,"Sinker",1,0,0,1,0,1,0,1,"Standard","Standard",214,"-0.009","0.03",,,,,"-0.03",,1,-1,0.629,0.371,24,28,24,28,2,1,5,1,7,1,"1.17","1.05","1.05","45.0",,,,,
"SI","2023-08-23","94.2","2.17","4.59","González, Victor",657656,624647,"walk","ball",,,,,4,"Ramon Laureano walks. Jose Ramirez to 3rd. Jose Ramirez steals (20) 3rd base. Jose Ramirez to 3rd.","R","R","L","CLE","LAD","B",,,3,2,2023,"1.39","0.39",-0.7579403013083847,2.2201616538087983,,608070,,2,3,"Bot",,,,,,,-10.687083327682513,-136.76876400064967,-1.3137016448018963,19.84009625579305,29.365071391529487,-27.148903873965693,3.12992249728823,1.43385818077474,,,,"94.3",2147,"6.4",716875,669257,518692,642708,571771,500743,621035,681546,605141,"54.11",,0.695903,"0.7",1,0,0,,27,7,"Sinker",1,3,1,3,3,1,1,3,"Infield shade","Standard",118,"0.018","0.162",,,,,"-0.162",,-2,-2,0.31,0.31,27,28,28,29,1,1,5,3,6,1,"2.18","1.39","-1.39","22.3",,,,,
"FF","2023-05-28","94.1","-2.54","5.07","Bickford, Phil",670042,641360,,"ball",,,,,11,,"R","L","R","TB","LAD","B",,,2,2,2023,"-0.41","1.28",-0.28401243806097626,3.917793097737956,,666139,642350,1,4,"Bot",,,,,,,6.808341038372748,-136.95265996646475,-0.09037248245944651,-6.7054732467808025,31.119545178309796,-16.35156362887629,3.46939054172713,1.54901152971602,,,,"94.5",2317,"6.6",717994,605131,518692,678246,621035,500743,572204,681546,605141,"53.95",,,,,,,,49,6,"4-Seam Fastball",9,7,9,7,7,9,9,7,"Standard","Standard",204,"0.029","0.062",,,,,"-0.062",,2,2,0.806,0.806,27,28,28,29,2,2,4,2,3,1,"1.3","0.41","-0.41","26.1",,,,,
"FF","2023-06-08","94.1","-2.08","6.04","Strider, Spencer",502054,675911,,"ball",,,,,14,,"R","R","R","ATL","NYM","B",,,1,1,2023,"-0.42","1.53",1.1873641801004144,0.1450835492115351,,596019,683146,1,3,"Top",,,,,,,9.520675236108529,-136.24995806897064,-13.11251024982122,-7.229221838356124,28.729830519427658,-10.346507150603157,3.54517234112207,1.60455722800538,,,,"95.3",2234,"7.1",717840,518595,621566,645277,663586,606115,592696,671739,660670,"53.35",,,,,,,,28,3,"4-Seam Fastball",3,6,6,3,6,3,6,3,"Standard","Standard",205,"-0.031","0.039",,,,,"-0.039",,-3,3,0.184,0.8160000000000001,24,35,25,35,2,1,5,1,6,1,"1.06","0.42","0.42","48.9",,,,,
"SI","2023-10-01","94.1","-1.88","5.38","Barlow, Scott",462101,605130,,"called_strike",,,,,8,,"R","R","R","CWS","SD","S",,,1,1,2023,"-1.4","0.38",-0.13128886520012495,1.8751375659130187,,572204,,1,7,"Bot",,,,,,,7.797110926834042,-136.88756078006855,-4.288906158640959,-19.349532406606997,29.34337573725147,-26.668947485573025,3.09772282833172,1.38976032313671,,,,"95.8",2364,"7.2",716356,664954,643265,676946,666703,673490,595777,663757,640492,"53.28",,,,,,,,56,3,"Sinker",0,0,0,0,0,0,0,0,"Standard","Standard",219,"0.033","-0.078",,,,,"0.078",,0,0,0.623,0.623,30,34,31,35,1,3,2,2,,,"2.19","1.4","1.4","32.3",,,,,
"FF","2023-08-26","94.1","2.15","5.13","Moll, Sam",606466,594580,,"ball",,,,,12,,"R","R","L","AZ","CIN","B",,,0,0,2023,"0.94","0.92",1.5792823016388997,3.043635730902241,,672695,,2,3,"Bot",,,,,,,-3.450720989630557,-136.9927924408672,-1.7139841190670855,12.541219556069823,30.570845485799758,-20.446814106954804,4.03445515669688,1.8754527929098,,,,"91.7",2607,"4.9",716833,663886,687952,680574,682622,682829,668715,670770,666181,"55.64",,,,,,,,22,1,"4-Seam Fastball",1,0,1,0,0,1,1,0,"Standard","Standard",111,"0.005","0.02",,,,,"-0.02",,1,1,0.655,0.655,31,29,31,30,1,1,3,1,3,1,"1.66","0.94","-0.94","18.0",,,,,
"FF","2023-08-05","94.1","-0.98","6.38","Syndergaard, Noah",621545,592789,,"ball",,,,,11,,"R","R","R","CLE","CWS","B",,,1,2,2023,"-0.42","1.37",-0.17983525589496568,4.454654590957247,,462101,,2,2,"Top",,,,,,,3.0504552164815824,-137.10899133600165,-2.3582843443838657,-6.037852612719216,30.673328404681982,-14.580731854543473,3.64649092199972,1.60551268160194,,,,"95.2",2318,"6.9",717115,666310,672356,665926,608070,677587,680757,686823,660757,"53.61",,,,,,,,12,4,"4-Seam Fastball",0,0,0,0,0,0,0,0,"Standard","Standard",216,"-0.009","0.015",,,,,"-0.015",,0,0,0.527,0.473,30,29,31,29,1,0,5,2,5,1,"1.2","0.42","0.42","40.7",,,,,
"FF","2023-09-12","94","3.48","5.52","Garcia, Robert",675961,676395,,"ball",,,,,7,,"R","R","L","PIT","WSH","B",,,1,1,2023,"0.52","1.21",-0.5890628203731223,1.6202471560249962,,641943,609280,0,5,"Bot",,,,,,,-11.800378954815653,-136.3506058974676,-7.1467893968929115,9.043816239704501,28.537839578684125,-15.551040246701808,3.45606394514786,1.60249098453948,,,,"94.9",2238,"6.9",716620,660688,642086,545121,666198,682928,669743,696285,657041,"53.61",,,,,,,,45,3,"4-Seam Fastball",3,1,3,1,1,3,3,1,"Strategic","Standard",123,"0.033","0.052",,,,,"-0.052",,2,2,0.865,0.865,27,24,27,24,1,2,3,1,1,5,"1.37","0.52","-0.52","25.1",,,,,
"SI","2023-05-31","94","1.69","6.27","Mayza, Tim",680911,641835,,"ball",,,,,11,,"R","R","L","TOR","MIL","B",,,1,2,2023,"1.39","0.67",-0.3360983065898455,4.394100267119012,,686894,592885,1,7,"Top",,,,,,,-8.368794416815948,-136.60697113923007,-0.6100566611473087,19.29844179440761,30.1763957210718,-23.87662215219509,3.11575034082626,1.28356385391643,,,,"94.3",1956,"6.5",717947,672386,665489,593160,656305,666182,662139,595281,624415,"53.96",,,,,,,,51,4,"Sinker",1,2,2,1,2,1,2,1,"Standard","Standard",132,"-0.055","0.028",,,,,"-0.028",,-1,1,0.281,0.719,31,26,31,27,1,3,1,1,2,1,"1.92","1.39","-1.39","39.2",,,,,
"SI","2023-07-23","94","-1.8","5.61","DeSclafani, Anthony",600869,543101,"walk","ball",,,,,12,"Jeimer Candelario walks. Lane Thomas to 3rd. Lane Thomas steals (12) 3rd base. Lane Thomas to 3rd.","R","L","R","WSH","SF","B",,,3,2,2023,"-1.56","0.64",1.119792044395392,2.7250104227265015,,657041,,2,4,"Bot",,,,,,,11.041921538877096,-136.5902082774451,-3.2734385296715733,-21.823337094688785,24.35979701215028,-23.592658251225195,3.31662856611102,1.71727835895244,,,,"95",2116,"6.5",717290,672275,527038,689172,605204,669477,596103,682641,573262,"54",,0.695903,"0.7",1,0,0,,38,7,"Sinker",5,0,5,0,0,5,5,0,"Infield shade","Standard",220,"0.002","0.162",,,,,"-0.162",,5,5,0.944,0.944,33,29,33,30,2,2,5,1,,1,"1.91","1.56","-1.56","37.8",,,,,
"FF","2023-04-16","94","-2","5.6","Darvish, Yu",605119,506433,,"ball",,,,,12,,"R","R","R","SD","MIL","B",,,2,2,2023,"-0.44","1.47",1.719166016951156,3.735282602480249,,669003,,1,2,"Top",,,,,,,10.66628588471654,-136.32901812644886,-2.2577459688490613,-8.195950867026754,35.06673750314524,-13.6983305623266,3.47843530859917,1.65171643499938,,,,"93.8",2279,"6.8",718549,543592,630105,673490,592518,593428,665742,663757,640492,"53.75",,,,,,,,11,5,"4-Seam Fastball",0,0,0,0,0,0,0,0,"Standard","Standard",214,"-0.039","0.09",,,,,"-0.09",,0,0,0.486,0.514,36,30,37,30,1,0,6,1,7,1,"1.16","0.44","0.44","42.2",,,,,
"FC","2023-07-01","93.9","-2.8","6.19","Jansen, Kenley",624415,445276,,"ball",,,,,11,,"R","L","R","TOR","BOS","B",,,0,2,2023,"0.41","1.34",-1.406942901528076,3.085512082066848,,662139,676391,2,8,"Bot",,,,,,,2.7336172146461335,-136.73123360269457,-5.3599703182575436,4.565327208350201,27.67063126598412,-14.382429253149603,3.31181880419833,1.54612835658134,,,,"94.9",2659,"6.7",717547,643348,457759,624414,646240,571771,608701,594807,657077,"53.84",,,,,,,,73,4,"Cutter",5,6,5,6,6,5,5,6,"Standard","Standard",180,"0.044","0.018",,,,,"-0.018",,-1,-1,0.24,0.24,35,28,36,28,1,3,2,3,4,5,"1.23","-0.41","0.41","46.4",,,,,
"SI","2023-06-03","93.9","-1.99","5.69","Rea, Colin",669222,607067,,"called_strike",,,,,6,,"R","R","R","CIN","MIL","S",,,2,1,2023,"-1.16","0.82",0.44055684679778606,2.5161072940170213,,641584,668715,2,5,"Bot",,,,,,,8.905642672858846,-136.5148210919797,-4.366973438396604,-16.383502719073913,27.207567022826293,-21.112035177881115,3.23020991421372,1.48010971508188,,,,"94.7",2155,"6.6",717906,661388,572138,680911,605119,655316,592885,686894,663368,"53.91",,,,,,,,52,4,"Sinker",3,10,3,10,10,3,3,10,"Standard","Standard",219,"0","-0.06",,,,,"0.06",,-7,-7,0.026,0.026,32,28,33,28,3,2,6,1,5,1,"1.75","1.16","1.16","38.5",,,,,
"FF","2023-09-19","93.9","-2.56","5.1","Hollowell, Gavin",596847,668970,"strikeout","swinging_strike",,,,,11,"Padres challenged (tag play), call on the field was overturned: Ji Man Choi strikes out swinging. Juan Soto steals (11) 3rd base.","R","L","R","SD","COL","S",2,,1,2,2023,"-0.71","1.38",-0.33903170347860523,3.592963760717822,,665742,669134,0,6,"Bot",,,,,,,7.366720078302727,-136.52850264297794,-1.2096369167026537,-10.468077764179439,30.822551365389103,-14.93053007187012,3.16,1.5,,,,"94.3",2585,"6.6",716516,553869,660707,663898,676701,678662,666134,686668,696100,"53.86",,0,"0",1,0,0,,44,4,"4-Seam Fastball",0,0,0,0,0,0,0,0,"Standard","Standard",225,"-0.001","-0.168",,,,,"0.168",,0,0,0.678,0.678,25,32,26,32,1,2,3,3,3,1,"1.22","0.71","-0.71","15.4",,,,,
"SI","2023-05-16","93.8","1.76","6.63","Montgomery, Jordan",573131,656756,,"ball",,,,,13,,"R","R","L","STL","MIL","B",,,0,1,2023,"1.31","0.62",-0.44748731165520317,1.5411381856727744,,642715,,2,1,"Top",,,,,,,-8.691269220954858,-136.18098272217833,-8.860840205920132,18.175245887382825,29.338795399509525,-22.699696641352674,3.73063891786821,1.81888627886171,,,,"94.7",2310,"6.9",718151,668800,502671,669357,571448,657557,680977,663457,669242,"53.61",,,,,,,,5,2,"Sinker",0,1,1,0,1,0,1,0,"Standard","Standard",140,"-0.006","0.02",,,,,"-0.02",,-1,1,0.422,0.5780000000000001,30,36,31,37,1,0,6,1,6,1,"1.98","1.31","-1.31","43.0",,,,,
"FF","2023-04-19","93.8","-1.56","5.12","Miller, Shelby",596019,571946,,"ball",,,,,14,,"R","L","R","LAD","NYM","B",,,2,1,2023,"-0.81","1.48",0.9760730792200524,1.1878371052246801,,592192,,1,9,"Top",,,,,,,8.508008228458577,-136.19746446986113,-7.872244991071184,-11.955137841703568,28.783559722700257,-12.164161905361963,3.25157626278638,1.55997754494645,,,,"95.7",2242,"7.4",718508,642851,518692,678246,571970,663897,444482,681546,518792,"53.1",,,,,,,,72,4,"4-Seam Fastball",2,5,5,2,5,2,5,2,"Standard","Standard",218,"0.009","0.062",,,,,"-0.062",,-3,3,0.031,0.969,32,29,33,30,1,4,2,1,3,1,"1.11","0.81","-0.81","40.6",,,,,
"FF","2023-07-18","93.8","-2.7","5.42","Yates, Kirby",666971,489446,,"called_strike",,,,,2,,"R","R","R","ATL","AZ","S",,,2,0,2023,"-0.89","1.05",0.1585163773171092,3.0024186786259968,,682998,572233,1,8,"Top",,,,,,,9.316050513182597,-136.324400238236,-2.86309441190398,-13.07028347807166,27.739005302343504,-18.5911026102816,3.3945825282367,1.50026077331049,,,,"93.8",2134,"6.2",717358,669221,621566,645277,663586,606115,607680,671739,660670,"54.34",,,,,,,,76,3,"4-Seam Fastball",13,12,12,13,12,13,12,13,"Infield shade","Standard",234,"-0.08","-0.079",,,,,"0.079",,1,-1,0.609,0.391,36,29,36,30,1,4,2,2,2,1,"1.53","0.89","0.89","20.7",,,,,
"FF","2023-09-20","93.8","2.37","5.12","Moll, Sam",663616,594580,,"called_strike",,,,,5,,"R","L","L","CIN","MIN","S",,,1,0,2023,"1.17","0.92",-0.16707242699026392,2.650056165475399,,571657,543877,1,9,"Top",,,,,,,-8.850473269303075,-136.3705246644985,-2.667600831383317,16.49773162896832,28.40629152100168,-20.21342318297243,3.79616542610577,1.82310961083665,,,,"91.3",2605,"4.7",716506,571912,668715,663697,669222,682622,656413,670770,666181,"55.77",,,,,,,,71,2,"4-Seam Fastball",3,3,3,3,3,3,3,3,"Infield shade","Standard",130,"-0.109","-0.051",,,,,"0.051",,0,0,0.403,0.597,31,26,31,26,1,1,3,56,4,3,"1.66","1.17","1.17","20.0",,,,,
"FF","2023-04-26","93.8","0.99","5.73","Vesia, Alex",641511,681911,,"ball",,,,,11,,"R","R","L","PIT","LAD","B",,,0,0,2023,"0.46","1.67",-0.5995372585206215,3.67055478424607,,666801,678225,2,7,"Bot",,,,,,,-5.159773251979408,-136.45718471471451,-3.219793649971529,7.009159609550029,33.940820863195135,-10.986600369767965,3.22343558172558,1.54031380600772,,,,"93.7",2403,"6.5",718413,642851,518692,678246,683737,621035,681546,518792,605141,"53.97",,,,,,,,62,1,"4-Seam Fastball",6,0,6,0,0,6,6,0,"Standard","Standard",160,"0","0.03",,,,,"-0.03",,6,6,0.993,0.993,27,28,27,28,1,3,4,3,2,3,"0.95","0.46","-0.46","53.7",,,,,
"SI","2023-09-19","93.7","-2.03","5.81","Cobb, Alex",502054,502171,,"ball",,,,,13,,"R","R","R","AZ","SF","B",,,0,0,2023,"-1.21","0.89",-0.929300654620616,2.2367054645473896,,682998,606466,2,2,"Bot",,,,,,,5.466520954486273,-136.31312239513554,-5.384242043268218,-16.232344361685353,31.648984808296508,-20.125230614218925,3.50435626134234,1.67245344302754,,,,"92.8",2134,"5.9",716511,672275,664774,642731,527038,543063,571745,573262,624424,"54.58",,,,,,,,20,1,"Sinker",3,2,3,2,2,5,5,2,"Standard","Standard",223,"0.15","0.03",,,,,"-0.03",,1,1,0.651,0.651,35,35,36,35,2,1,8,2,,1,"1.72","1.21","1.21","41.6",,,,,
"FF","2023-06-17","93.7","-1.27","6.25","Gilbert, Logan",641313,669302,"walk","ball",,,,,12,"Tim Anderson walks. Andrew Benintendi to 3rd. Andrew Benintendi steals (9) 3rd base. Andrew Benintendi to 3rd.","R","R","R","SEA","CWS","B",,,3,2,2023,"-0.02","1.34",0.7437092461769931,4.918735376981673,,643217,,1,3,"Top",,,,,,,5.410331687178573,-136.35033532494927,-0.6324673543310707,-1.5753101205640858,32.55378804103148,-15.614431118181313,3.45220730045569,1.57766556355655,,,,"96.2",1943,"7.9",717722,608596,664034,676609,553993,641487,664238,677594,672284,"52.56",,0.695903,"0.7",1,0,0,,23,6,"4-Seam Fastball",2,1,1,2,1,2,1,2,"Standard","Standard",191,"-0.052","0.184",,,,,"-0.184",,1,-1,0.586,0.41400000000000003,26,30,26,30,2,1,6,1,6,3,"1.27","0.02","0.02","55.8",,,,,
"FF","2023-08-26","93.7","-2.22","5.13","Bickford, Phil",592273,641360,,"called_strike",,,,,3,,"R","R","R","NYM","LAA","S",,,1,1,2023,"-0.45","1.46",0.4732729208856934,3.30861227382322,,660271,,2,4,"Top",,,,,,,8.021641209843093,-136.24777733222697,-2.1850779905740563,-7.3905728598740135,30.47015521808501,-13.723847560148569,3.61804085487405,1.76983473556336,,,,"94.3",2342,"6.7",716840,553882,624413,643446,660620,596019,542364,607043,621466,"53.77",,,,,,,,31,3,"4-Seam Fastball",0,5,5,0,5,0,5,0,"Standard","Standard",209,"0.001","-0.064",,,,,"0.064",,-5,5,0.084,0.916,27,30,28,31,1,2,3,1,3,1,"1.14","0.45","0.45","28.9",,,,,
"SI","2023-08-14","93.7","-3.61","5.24","Walker, Ryan",622534,676254,,"called_strike",,,,,2,,"R","R","R","SF","TB","S",,,0,0,2023,"-0.62","0.36",0.16740301843656968,3.026989278146986,,642350,678554,2,2,"Top",,,,,,,10.992961067714106,-136.0789387023142,-0.7995153311788725,-9.914708199046887,27.40143227191328,-27.757148876420406,3.37048251165037,1.60264355531752,,,,"93",2232,"5.8",716999,672275,664774,642731,622666,543063,666165,685133,624424,"54.68",,,,,,,,11,1,"Sinker",0,0,0,0,0,0,0,0,"Standard","Standard",232,"0.002","-0.04",,,,,"0.04",,0,0,0.506,0.494,27,28,28,29,1,0,3,3,2,32,"2.23","0.62","0.62","16.3",,,,,
"SI","2023-09-11","93.6","-2.45","5.62","Kremer, Dean",502671,665152,"strikeout","called_strike",,,,,3,"Paul Goldschmidt called out on strikes. Lars Nootbaar steals (10) 3rd base.","R","R","R","BAL","STL","S",2,,0,2,2023,"-1.12","0.86",0.3703986134540618,3.1836387801966213,,663457,,0,3,"Top",,,,,,,9.755774540693936,-136.1001146066266,-2.5076678753306942,-15.888807141827803,26.298844969144206,-21.057107379883192,3.61882143680054,1.63003835354099,,,,"94.1",2131,"6.4",716636,668939,663624,624428,602104,683002,543305,656775,656811,"54.11",,0,"0",1,0,0,,22,4,"Sinker",2,1,1,2,1,2,1,2,"Standard","Standard",224,"-0.002","-0.213",,,,,"0.213",,1,-1,0.561,0.43899999999999995,27,35,27,36,2,1,6,2,6,1,"1.72","1.12","1.12","30.1",,,,,
"FF","2023-06-14","93.6","-1.77","6.15","Glasnow, Tyler",664913,607192,,"ball",,,,,12,,"R","L","R","ATH","TB","B",,,0,1,2023,"0.03","0.99",0.742800177675742,3.878811144936991,,665923,,1,3,"Bot",,,,,,,6.6080971914641005,-136.3592701390126,-2.411999198641684,-0.9849889210632482,26.968956763231027,-19.434867352730592,3.33985512621338,1.61246824106744,,,,"96.6",2506,"7.7",717761,542194,650490,670764,670623,677551,670042,622534,666139,"52.81",,,,,,,,24,2,"4-Seam Fastball",3,1,3,1,1,3,3,1,"Standard","Standard",184,"0.025","0.024",,,,,"-0.024",,2,2,0.775,0.775,29,30,30,31,2,1,5,1,6,1,"1.58","-0.03","0.03","56.7",,,,,
"FF","2023-07-16","93.6","-2.74","6.07","Beck, Tristan",669707,663941,,"called_strike",,,,,5,,"R","R","R","PIT","SF","S",,,1,0,2023,"-0.4","1.58",0.20081786511224275,2.7194512224378773,,680779,,0,6,"Bot",,,,,,,8.491134145848084,-136.0568128329718,-6.447390898298655,-6.757280434020883,29.15416105210057,-11.22893952435634,3.30508207782608,1.55381789113166,,,,"94.1",2221,"6.6",717388,666165,664774,689172,605204,543063,573262,682641,624424,"53.92",,,,,,,,50,2,"4-Seam Fastball",1,3,1,3,3,1,1,3,"Infield shade","Standard",204,"0.019","-0.061",,,,,"0.061",,-2,-2,0.358,0.358,27,25,27,25,1,2,9,1,14,1,"1.02","0.4","0.4","43.9",,,,,
"SI","2023-08-07","93.5","-2.09","4.96","Bello, Brayan",680118,678394,,"ball",,,,,13,,"R","R","R","BOS","KC","B",,,2,1,2023,"-1.44","0.24",-0.13238009751928792,0.9767386479761242,,671221,,0,5,"Top",,,,,,,8.260442635920507,-135.824893130158,-5.0669331340657555,-19.62490071155166,29.208528235798333,-28.221725116282574,3.42087918645954,1.59503492391179,,,,"93.9",1913,"6.6",717089,657136,671213,649966,646240,622569,807799,608701,594807,"53.92",,,,,,,,32,4,"Sinker",1,0,0,1,0,1,0,1,"Strategic","Standard",247,"-0.049","0.102",,,,,"-0.102",,1,-1,0.548,0.45199999999999996,24,30,24,30,2,1,6,2,5,3,"2.37","1.44","1.44","26.4",,,,,
"SI","2023-08-09","93.5","1.62","6.89","Montgomery, Jordan",681146,656756,,"called_strike",,,,,6,,"R","R","L","ATH","TEX","S",,,3,1,2023,"1.19","0.91",0.7391521940134218,2.240335540090432,,665923,,1,3,"Bot",,,,,,,-4.958523135353391,-135.84408694140393,-8.301521943847014,15.82829782391329,31.309900857688046,-19.281419314277493,3.07436114544672,1.41594478953241,,,,"94.5",2014,"7.1",717063,669087,663993,543760,669701,677649,608671,665750,666969,"53.43",,,,,,,,23,5,"Sinker",0,0,0,0,0,0,0,0,"Standard","Strategic",146,"0.028","-0.062",,,,,"0.062",,0,0,0.586,0.586,30,27,31,28,2,1,5,1,6,4,"1.72","1.19","-1.19","46.9",,,,,
"FF","2023-07-23","93.5","2.42","6.44","Banks, Tanner",666135,621383,,"ball",,,,,13,,"R","L","L","MIN","CWS","B",,,1,1,2023,"0.09","1.23",-1.6526142455157022,1.677090801924942,,650489,621043,1,11,"Bot",,,,,,,-10.611747003939398,-135.6816838151339,-9.20143379578604,3.1618421639767855,26.213370150232368,-15.178913387373104,3.38909171127603,1.7055635943094,,,,"93.2",2360,"6",717285,656024,518735,621545,669394,641313,643217,673357,693049,"54.51",,,,,,,,91,3,"4-Seam Fastball",4,4,4,4,4,4,4,4,"Standard","Standard",158,"0.12","0.039",,,,,"-0.039",,0,0,0.705,0.705,31,25,32,26,1,5,5,1,2,1,"1.37","0.09","0.09","53.0",,,,,
"FF","2023-07-30","93.5","1.07","6.65","Smith, Will",592518,519293,,"called_strike",,,,,2,,"R","R","L","SD","TEX","S",,,0,0,2023,"0.55","1.35",0.14248990235903092,3.3847602409380206,,665487,,2,8,"Bot",,,,,,,-3.5653821716086207,-135.96946264531095,-5.60412156182724,7.5682307386666245,31.190700609881855,-14.35712343134126,3.96183418884713,1.77858549487667,,,,"92.8",2319,"6",717191,669087,663993,543760,673962,677649,543257,665750,666969,"54.51",,,,,,,,75,1,"4-Seam Fastball",5,3,5,3,3,5,5,3,"Standard","Standard",149,"-0.001","-0.046",,,,,"0.046",,2,2,0.935,0.935,33,30,34,31,1,4,7,1,2,1,"1.27","0.55","-0.55",,,,,,
"SI","2023-08-17","93.5","-2.72","5.43","Llovera, Mauricio",608841,661440,,"ball",,,,,14,,"R","R","R","WSH","BOS","B",,,2,0,2023,"-1.43","0.58",1.204487652571647,0.46826093275472,,682928,,1,8,"Bot",,,,,,,13.275635110383682,-135.3622136370958,-8.318673160274141,-20.30546723785154,27.273703110330956,-23.383950789401887,3.59900543022962,1.69241248801295,,,,"93.8",2082,"6.6",716966,657136,671213,649966,646240,622569,807799,608701,594807,"53.9",,,,,,,,72,3,"Sinker",9,7,9,7,7,9,9,7,"Standard","Standard",232,"0.011","0.072",,,,,"-0.072",,2,2,0.946,0.946,27,31,27,31,1,4,5,1,2,1,"2.04","1.43","1.43","35.1",,,,,
"FF","2023-09-09","93.4","-1.6","5.56","Javier, Cristian",676946,664299,,"called_strike",,,,,5,,"R","R","R","HOU","SD","S",,,0,0,2023,"-0.8","1.49",0.2674266948561268,1.809135863678606,,593428,669134,2,2,"Top",,,,,,,6.548809779943178,-135.64763111893126,-7.0872052281709,-11.389168964847395,32.43402133132572,-12.45637859112951,2.91476507464053,1.23058304732432,,,,"92.6",2346,"6.1",716649,455117,547989,514888,608324,665161,488726,643289,663656,"54.37",,,,,,,,13,1,"4-Seam Fastball",0,0,0,0,0,0,0,0,"Standard","Standard",210,"0.002","-0.04",,,,,"0.04",,0,0,0.506,0.494,26,28,26,28,1,0,6,1,6,1,"1.16","0.8","0.8","32.2",,,,,
"FF","2023-09-05","93.4","-1.89","5.55","Pfaadt, Brandon",666134,694297,"walk","ball",,,,,4,"Nolan Jones walks. Ezequiel Tovar steals (10) 3rd base. Ezequiel Tovar scores. Throwing error by catcher Gabriel Moreno.","R","L","R","AZ","COL","B",2,,3,2,2023,"-0.23","1.18",-0.7556597706643331,3.115433316211987,,678662,,2,3,"Top",,,,,,,3.4672758542661946,-136.0750454166425,-3.1446954020495768,-3.6191617020104716,29.09304094841944,-17.066543996048257,3.85823896423717,1.78548377794266,,,,"94.2",2503,"6.6",716702,672515,572233,606466,656896,605113,666971,682998,502054,"53.85",,0.695903,"0.7",1,0,0,,22,8,"4-Seam Fastball",1,1,1,1,2,1,2,1,"Standard","Standard",214,"-0.102","0.162",,,,,"-0.162",,0,0,0.516,0.484,24,25,25,25,2,1,6,1,5,1,"1.43","0.23","-0.23","28.0",,,,,
"FF","2023-05-27","93.4","2.35","5.63","Hughes, Brandon",680574,676714,,"called_strike",,,,,12,,"R","R","L","CHC","CIN","S",,,0,0,2023,"0.74","1.51",0.4062686568013204,3.3288918261716405,,656413,670770,2,8,"Top",,,,,,,-6.6781420213984175,-135.83895793213264,-3.4841391490597897,10.717519018224971,31.228118762155777,-12.942403409005054,3.19779469403228,1.33519372405314,,,,"93.8",2264,"6.7",718007,543228,641820,663538,621550,621020,664023,643565,673548,"53.84",,,,,,,,69,1,"4-Seam Fastball",5,8,8,5,8,5,8,5,"Infield shade","Standard",135,"0","-0.04",,,,,"0.04",,-3,3,0.074,0.926,27,23,28,24,1,4,2,1,1,1,"1.12","0.74","-0.74","30.7",,,,,
"FF","2023-05-07","93.3","-0.29","6.38","Devenski, Chris",543760,606965,,"called_strike",,,,,6,,"R","R","R","LAA","TEX","S",,,1,0,2023,"-1.31","1.46",0.6217111762870771,2.708228488524245,,665750,669701,0,7,"Top",,,,,,,5.074729976502143,-135.54024042169567,-6.767868260090077,-17.19373823470509,32.87541618545193,-12.918692493952092,3.34187295263246,1.68486672709781,,,,"92.4",2386,"6.1",718264,642136,592273,650859,543685,570482,621493,545361,592669,"54.41",,,,,,,,69,2,"4-Seam Fastball",7,11,11,7,11,7,11,7,"Standard","Standard",216,"-0.009","-0.055",,,,,"0.055",,-4,4,0.039,0.961,32,32,33,33,1,4,3,1,3,1,"1.19","1.31","1.31","35.2",,,,,
"SI","2023-07-02","93.3","-3.39","6.17","Floro, Dylan",645277,571670,,"ball",,,,,11,,"R","L","R","ATL","MIA","B",,,0,1,2023,"-1.04","0.67",-1.089858626690684,3.297845783399315,,660670,,2,7,"Bot",,,,,,,8.249422853093341,-135.72272622527942,-3.1718145720789392,-14.542753497937971,25.883366502051782,-23.43002296244834,3.13862088658448,1.48491084696134,,,,"94.3",2017,"6.6",717532,663743,643265,650333,516416,621563,660821,641505,624585,"53.9",,,,,,,,59,2,"Sinker",4,3,4,3,3,4,4,3,"Standard","Standard",230,"0.008","0.02",,,,,"-0.02",,1,1,0.772,0.772,32,26,33,26,1,3,1,1,4,1,"1.93","1.04","-1.04","37.7",,,,,
"FF","2023-09-16","93.3","-1.58","5.78","Neris, Héctor",672580,593576,,"ball",,,,,12,,"R","R","R","KC","HOU","B",,,0,1,2023,"-0.67","1.35",0.9596921724678095,3.034748578320266,,680118,,2,7,"Bot",,,,,,,8.181431682632885,-135.6956740106158,-4.391811942610645,-10.017076475879994,27.80191250114269,-14.694818748418434,3.53051943566018,1.64187212198877,,,,"95.4",2377,"7.4",716560,673237,547989,514888,608324,665161,676801,643289,663656,"53.1",,,,,,,,70,2,"4-Seam Fastball",9,6,9,6,6,9,9,6,"Standard","Standard",223,"0.002","0.02",,,,,"-0.02",,3,3,0.936,0.936,34,23,34,23,1,4,3,1,2,1,"1.26","0.67","0.67","31.4",,,,,
"FF","2023-08-05","93.1","-0.92","6.38","Syndergaard, Noah",650391,592789,,"ball",,,,,11,,"R","R","R","CLE","CWS","B",,,1,1,2023,"-0.58","1.31",-1.1627982944406114,3.534822566438665,,673357,,2,5,"Top",,,,,,,0.658190431711293,-135.51089018794465,-4.439952948774047,-7.307648660482033,29.9140447928538,-15.29172402474251,3.50063663081002,1.61539673204196,,,,"93.7",2256,"6.7",717115,666310,672356,665926,608070,677587,680757,686823,660757,"53.82",,,,,,,,36,3,"4-Seam Fastball",0,3,3,0,3,0,3,0,"Standard","Standard",218,"-0.004","0.021",,,,,"-0.021",,-3,3,0.173,0.827,30,26,31,27,3,2,5,1,5,1,"1.32","0.58","0.58","41.2",,,,,
"FF","2023-06-28","93.1","1.28","4.87","Sears, JP",518934,676664,,"ball",,,,,11,,"R","R","L","ATH","NYY","B",,,1,0,2023,"0.97","1.45",-1.2236963970672448,4.2470211834794,,683011,,0,5,"Top",,,,,,,-8.599420490528175,-135.21406265022398,1.0817399946037036,13.922868916936329,33.436097339493976,-15.039830895903938,3.38777487713607,1.55442262331403,,,,"93",2146,"6.7",717579,669127,676116,643393,681146,649557,667670,665923,664913,"53.83",,,,,,,,31,2,"4-Seam Fastball",0,3,3,0,3,0,3,0,"Standard","Standard",133,"-0.019","0.052",,,,,"-0.052",,-3,3,0.129,0.871,27,34,27,35,3,2,6,1,6,1,"1.22","0.97","-0.97","26.4",,,,,
"SI","2023-05-26","93.1","2.34","6.13","Corbin, Patrick",658668,571578,,"called_strike",,,,,4,,"R","R","L","KC","WSH","S",,,0,1,2023,"1.53","0.76",-0.4356108070015452,2.582271096567328,,677951,669004,0,4,"Bot",,,,,,,-10.558380873032913,-135.20525004322536,-5.037902940588638,21.022933017561385,28.822746629634512,-21.88330144401526,3.72379268302033,1.78912799226509,,,,"93.9",,"6.8",718014,660688,642086,671277,600869,682928,572816,669743,657041,"53.71",,,,,,,,30,2,"Sinker",0,1,0,1,1,1,1,1,"Infield shade","Standard",,"0.109","-0.066",,,,,"0.066",,-1,-1,0.539,0.539,33,27,34,27,2,1,6,2,5,2,"1.87","1.53","-1.53","38.5",,,,,
"FF","2023-09-15","93.1","2.38","6.29","Newcomb, Sean",669134,656794,,"called_strike",,,,,6,,"R","R","L","ATH","SD","S",,,2,0,2023,"0.7","1.32",0.8071909363140063,2.4152835660027483,,593428,,2,1,"Top",,,,,,,-5.474775709352123,-135.41693255339308,-7.005196838677215,9.757298173115402,27.944573784364312,-14.645584541574014,3.30441301516674,1.56325707366302,,,,"92.1",2294,"5.6",716569,669127,676116,680869,672478,669397,665923,671732,664913,"54.92",,,,,,,,6,3,"4-Seam Fastball",0,2,2,0,2,0,2,0,"Standard","Standard",135,"-0.003","-0.055",,,,,"0.055",,-2,2,0.324,0.6759999999999999,30,24,30,25,1,0,6,2,,1,"1.3","0.7","-0.7","34.7",,,,,
"SI","2023-09-16","93.1","1.35","6.22","Saalfrank, Andrew",641355,685314,,"ball",,,,,3,,"R","L","L","AZ","CHC","B",,,0,2,2023,"0.83","0.33",0.3009467851459826,3.8413479379751156,,663538,666624,0,10,"Top",,,,,,,-4.473964615968592,-135.69167359242897,-1.129158423496224,11.258416121731242,27.051965958756856,-28.000493747971618,3.9543946782081,1.85406533518356,,,,"92.7",1998,"5.8",716558,672515,572233,606466,607054,672695,666971,677950,682998,"54.71",,,,,,,,77,3,"Sinker",3,3,3,3,4,3,4,3,"Infield shade","Standard",144,"-0.271","0.025",,,,,"-0.025",,0,0,0.497,0.503,25,27,26,28,1,4,1,1,3,1,"2.27","0.83","0.83","43.3",,,,,
"SI","2023-05-15","93.1","2.3","6.38","Hand, Brad",571976,543272,,"called_strike",,,,,2,,"R","R","L","COL","CIN","S",,,3,0,2023,"1.08","0.71",0.06055588165922021,3.2287963639471475,,592656,,0,8,"Top",,,,,,,-8.042403066235675,-135.44846627269675,-3.931664825051807,14.948102645004925,25.59220779073731,-22.695563908053664,3.37930823787594,1.56552242138533,,,,"92.8",2345,"5.8",718161,642851,669911,605612,641857,678662,545341,686668,592178,"54.66",,,,,,,,70,4,"Sinker",8,6,6,8,6,8,6,8,"Standard","Standard",126,"-0.006","-0.045",,,,,"0.045",,2,-2,0.718,0.28200000000000003,33,32,33,33,1,3,3,1,5,1,"1.89","1.08","-1.08","40.2",,,,,
"FF","2023-09-02","93","-2.22","5.59","Rea, Colin",592206,607067,"strikeout","swinging_strike",,,,,12,"Nick Castellanos strikes out swinging. Trea Turner steals (25) 3rd base.","R","R","R","MIL","PHI","S",2,,0,2,2023,"-0.1","1.31",0.9344928892957303,2.759666906911544,,607208,,1,1,"Top",,,,,,,8.3422989246367,-135.23508514767346,-4.35822523661816,-3.018246753062671,29.407827479067027,-15.35234403480882,3.68,1.78,,,,"93.5",2295,"6.6",716745,661388,467793,668930,655316,642715,592192,686217,621438,"53.9",,0,"0",1,0,0,,4,3,"4-Seam Fastball",0,1,1,0,1,0,1,0,"Infield shade","Standard",209,"0.015","-0.19","70.2","7.6","0.399413064",,"0.19",,-1,1,0.399,0.601,32,31,33,31,1,0,29,1,6,1,"1.33","0.1","0.1","35.9",9.360233600545325,-0.8678195508888501,34.057201603625266,46.61214571693188,25.074884402784246
"FF","2023-09-24","93","1.7","5.83","Rodriguez, Eduardo",667670,593958,,"called_strike",,,,,7,,"R","R","L","ATH","DET","S",,,1,1,2023,"0.46","1.33",-0.3358276789898097,1.7818946510034679,,665923,680869,0,4,"Bot",,,,,,,-6.2089700449545955,-135.1644905008212,-7.483611473416525,6.943150915504451,28.739113199009495,-14.428815565058544,3.60979703921032,1.67691788998491,,,,"92.8",2154,"6.2",716442,668670,679529,670097,663527,595879,628451,678009,663837,"54.34",,,,,,,,31,3,"4-Seam Fastball",0,2,0,2,2,0,0,2,"Standard","Standard",148,"0.041","-0.076",,,,,"0.076",,-2,-2,0.43,0.43,30,28,30,29,2,1,6,1,7,2,"1.31","0.46","-0.46","35.5",,,,,
"FF","2023-08-03","92.9","1.08","6.43","Liberatore, Matthew",572191,669461,,"ball",,,,,9,,"R","R","L","STL","MIN","B",,,0,0,2023,"0.53","1.01",0.8104141595509753,2.262006751773246,,650489,,1,2,"Top",,,,,,,-1.8523624558369345,-135.29374189474018,-7.218190685742744,6.975197812898542,24.553567804781583,-18.516229171202262,3.48375468076057,1.71638060529729,,,,"93.8",2152,"6.4",717145,668800,676475,665877,600301,669242,663457,666185,691023,"54.1",,,,,,,,11,1,"4-Seam Fastball",0,2,2,0,2,0,2,0,"Standard","Standard",157,"-0.025","0.034",,,,,"-0.034",,-2,2,0.287,0.7130000000000001,23,32,24,32,1,0,29,1,7,1,"1.59","0.53","-0.53","44.9",,,,,
"FF","2023-04-05","92.9","-0.02","5.8","Morgan, Eli",669397,669212,,"ball",,,,,12,,"R","R","R","ATH","CLE","B",,,1,2,2023,"-0.61","1.53",0.7272979659090146,3.5814442237331345,,668843,,2,9,"Bot",,,,,,,3.276414663540704,-135.26852960466147,-3.2794885262744513,-8.17313349037822,29.538595176346472,-12.822631655559068,2.96259635226216,1.37097219657376,,,,"93.6",2367,"6.7",718689,595956,605137,665926,672356,642708,680757,664702,660757,"53.83",,,,,,,,78,7,"4-Seam Fastball",4,4,4,4,4,4,4,4,"Standard","Standard",201,"0.034","0.015",,,,,"-0.015",,0,0,0.577,0.577,27,24,27,25,1,3,2,3,3,3,"1.1","0.61","0.61","52.3",,,,,
"FF","2023-04-17","92.9","1.46","6.11","Muller, Kyle",664023,666205,,"ball",,,,,9,,"R","R","L","ATH","CHC","B",,,0,1,2023,"0.27","0.96",0.4449937919663575,1.8019011237168807,,663538,621020,2,4,"Top",,,,,,,-3.2039050062039713,-135.17909034298646,-7.3953487523206345,4.042142817885816,27.900045454174577,-19.00782299786026,3.66524424733882,1.67230897657177,,,,"93.2",2326,"6.3",718536,669127,676116,643393,649557,675656,667670,665923,668843,"54.17",,,,,,,,34,2,"4-Seam Fastball",1,4,4,1,4,1,4,1,"Standard","Standard",150,"-0.01","0.025",,,,,"-0.025",,-3,3,0.194,0.806,25,28,26,29,3,2,6,1,6,1,"1.67","0.27","-0.27","35.0",,,,,
"FF","2023-04-11","92.9","1.51","6.11","Muller, Kyle",669720,666205,,"called_strike",,,,,9,,"R","R","L","BAL","ATH","S",,,0,0,2023,"0.65","1.3",0.27893377915888073,1.8924882797019198,,622761,,1,3,"Bot",,,,,,,-4.580314072259034,-135.03889724625242,-7.917691709126986,8.888906313524068,27.879202271470945,-14.70609994381755,3.14660054426068,1.4332907687423,,,,"93.6",2357,"6.6",718618,669127,676116,643393,607054,675656,668843,665923,667670,"53.88",,,,,,,,25,1,"4-Seam Fastball",1,2,1,2,2,1,1,2,"Standard","Standard",140,"0.022","-0.038",,,,,"0.038",,-1,-1,0.46,0.46,25,27,26,28,2,1,6,1,6,1,"1.33","0.65","-0.65","35.0",,,,,
"FF","2023-04-02","92.6","-1.07","6.33","Syndergaard, Noah",672695,592789,,"ball",,,,,11,,"R","L","R","LAD","AZ","B",,,0,1,2023,"-0.53","1.27",-0.86315085551362,3.082078128292639,,682998,,2,5,"Top",,,,,,,1.7006622823702506,-134.88026454377103,-5.308961344014023,-6.877836202965662,27.296825357800987,-15.741828701218514,3.46118969517132,1.73637246429748,,,,"93.2",2209,"6.4",718736,669257,518692,605141,621035,500743,444482,681546,572204,"54.08",,,,,,,,33,2,"4-Seam Fastball",1,0,0,1,0,1,0,1,"Standard","Standard",203,"-0.01","0.02",,,,,"-0.02",,1,-1,0.668,0.33199999999999996,30,23,31,24,2,1,,1,6,2,"1.37","0.53","-0.53","40.4",,,,,
"FF","2023-05-28","92.6","1.57","6.51","Gomber, Austin",592192,596295,,"called_strike",,,,,7,,"R","R","L","COL","NYM","S",,,3,0,2023,"0.6","1.43",-0.7646936774974596,2.0893857771998845,,502054,,1,4,"Top",,,,,,,-7.357576533691898,-134.50874207627257,-8.729130723380356,8.777038115501599,27.420762973001203,-13.05738168959461,3.6125468878503,1.53969660483492,,,,"93.8",2344,"7",717982,642851,666134,605612,641857,678662,595777,545341,592178,"53.53",,,,,,,,33,4,"4-Seam Fastball",2,2,2,2,2,2,2,2,"Standard","Standard",150,"-0.03","-0.042",,,,,"0.042",,0,0,0.462,0.538,29,34,30,34,2,1,5,1,6,3,"1.22","0.6","-0.6","51.4",,,,,
"SI","2023-06-24","92.6","-1.68","5.87","Lyles, Jordan",650490,543475,,"ball",,,,,11,,"R","R","R","TB","KC","B",,,1,0,2023,"-1.44","1.05",-1.0017189236067106,2.8384485210024364,,660644,,2,2,"Bot",,,,,,,4.962296497294072,-134.65131417230566,-4.232856396892155,-18.565037524748433,31.68044792366257,-18.75838510052669,3.41369642406055,1.65667907545865,,,,"93.6",2234,"7.1",717632,666023,668472,670032,672580,677951,658668,671221,669004,"53.4",,,,,,,,16,2,"Sinker",2,0,2,0,0,2,2,0,"Standard","Standard",205,"0.005","0.029",,,,,"-0.029",,2,2,0.737,0.737,32,31,33,32,2,1,5,2,12,1,"1.64","1.44","1.44","46.3",,,,,
"SI","2023-04-26","92.5","-2.66","5.34","Ottavino, Adam",669743,493603,,"called_strike",,,,,4,,"R","R","R","NYM","WSH","S",,,1,1,2023,"-1.32","0.5",-0.5445389616420304,2.605902011763468,,645302,,2,8,"Top",,,,,,,8.410325019567884,-134.419996904393,-2.2710873430060983,-17.789881285973358,28.59100464815527,-25.80811936520027,3.33126686810551,1.68943727045966,,,,"94",2372,"7.2",718412,682626,624413,643446,683146,596019,592192,607043,516782,"53.27",,,,,,,,67,3,"Sinker",1,3,3,1,3,1,3,1,"Standard","Standard",218,"0.002","-0.064",,,,,"0.064",,-2,2,0.147,0.853,37,28,38,29,1,4,1,1,7,1,"2.17","1.32","1.32","25.0",,,,,
"FF","2023-05-21","92.5","0.81","5.67","Shuster, Jared",641487,694363,,"ball",,,,,11,,"R","L","L","ATL","SEA","B",,,2,2,2023,"0.78","1.13",-1.1628478337371746,3.8806466424018646,,676609,,1,3,"Top",,,,,,,-6.7902923167207065,-134.68126022964154,-1.2426363529504023,10.9399687925736,28.18735022977435,-18.29466625437387,3.32745414452354,1.54487088752906,,,,"93.3",2026,"6.6",718090,518595,621566,645277,663586,606115,592696,671739,660670,"53.85",,,,,,,,19,5,"4-Seam Fastball",1,1,1,1,1,1,1,1,"Infield shade","Strategic",139,"-0.041","0.09",,,,,"-0.09",,0,0,0.484,0.516,24,28,25,28,2,1,5,1,5,1,"1.52","0.78","0.78","40.2",,,,,
"SI","2023-05-17","92.4","-2.63","5.37","Ottavino, Adam",642350,493603,,"swinging_strike",,,,,4,,"R","R","R","NYM","TB","S",,,0,0,2023,"-1.96","0.8",-0.41996335798773465,2.118378963899394,,670764,670042,2,8,"Top",,,,,,,10.00862664505993,-134.04675764732383,-4.154564899291221,-25.87747648617746,31.677460285179414,-21.854992316710746,3.25,1.57,,,,"92.9",2475,"7",718135,682626,624413,643446,668901,596019,592192,607043,516782,"53.52",,,,,,,,64,1,"Sinker",2,4,4,2,4,2,4,2,"Standard","Standard",221,"-0.003","-0.04",,,,,"0.04",,-2,2,0.142,0.858,37,27,38,28,1,3,1,1,2,2,"1.91","1.96","1.96","24.9",,,,,
"FC","2023-08-15","92.4","-1.01","6.36","Frías, Luis",660707,666818,,"ball",,,,,14,,"R","R","R","COL","AZ","B",,,0,1,2023,"0.19","0.39",2.0597757847678473,1.01115706611033,,669911,,1,7,"Bot",,,,,,,7.424155674588291,-134.39430749546938,-8.781490736417632,1.0755732149715724,23.266841294712638,-25.92106469816322,3.3437051559448,1.62418735835045,,,,"93.3",2322,"6.4",716978,672515,572233,672695,671083,605113,666971,682998,502054,"54.09",,,,,,,,57,2,"Cutter",3,3,3,3,3,3,3,3,"Standard","Standard",203,"0.068","0.024",,,,,"-0.024",,0,0,0.617,0.617,25,24,25,25,1,2,2,1,1,1,"2.24","-0.19","-0.19","47.4",,,,,
"FF","2023-08-25","92.4","2.23","6.11","Garrett, Braxton",608841,666129,,"called_strike",,,,,4,,"R","R","L","MIA","WSH","S",,,1,1,2023,"0.96","1.53",-0.6066049510685867,2.411300378360098,,682928,,1,1,"Top",,,,,,,-9.32713244469033,-134.17389240669578,-6.936331062713102,13.612032028375896,29.220672805090633,-12.277567430553733,3.55005212089422,1.75058723125954,,,,"92.4",2380,"6.4",716863,663743,605137,650333,669394,542932,650559,665862,660821,"54.07",,,,,,,,3,3,"4-Seam Fastball",0,0,0,0,0,0,0,0,"Standard","Standard",141,"-0.012","-0.078",,,,,"0.078",,0,0,0.483,0.517,25,31,26,31,1,0,6,1,6,1,"1.15","0.96","-0.96","48.4",,,,,
"CH","2023-09-21","92.4","-2.19","5.48","Marte, José",666018,665896,,"ball",,,,,13,,"R","L","R","TB","LAA","B",,,1,1,2023,"-1.48","0.45",-0.8929923413993153,1.6277080950026634,,622534,,1,6,"Bot",,,,,,,6.582380844455254,-134.36680624805172,-4.995658014292432,-19.363364841977,29.555122233554272,-25.830738748490212,3.05883026459237,1.51938214036831,,,,"93.1",1864,"6.8",716498,681351,592273,664058,683021,687263,545341,666176,665120,"53.72",,,,,,,,54,3,"Changeup",3,4,3,4,4,3,3,4,"Standard","Standard",240,"0.058","0.052",,,,,"-0.052",,-1,-1,0.429,0.429,27,25,27,25,1,2,4,1,3,1,"2.23","1.48","-1.48","22.9",,,,,
"SI","2023-09-18","92.4","-2.27","5.58","Thornton, Trent",669127,663423,,"called_strike",,,,,4,,"R","R","R","ATH","SEA","S",,,3,0,2023,"-0.58","0.46",-0.6594035835622155,2.0607466924380304,,665923,,2,8,"Bot",,,,,,,5.392415143017808,-134.5508079221227,-4.21028060973044,-8.227339680693614,27.040845722716558,-25.89021382251992,3.07876073017479,1.30721426470087,,,,"93.1",2309,"6.5",716527,620443,664034,676609,553993,641487,664238,677594,606192,"53.98",,,,,,,,67,4,"Sinker",0,4,0,4,4,0,0,4,"Infield shade","Standard",199,"-0.001","-0.023",,,,,"0.023",,-4,-4,0.036,0.036,29,25,30,26,1,3,3,1,4,1,"2.19","0.58","0.58","46.0",,,,,
"SI","2023-07-29","92.4","0.52","5.45","Pérez, Martín",663757,527048,,"ball",,,,,12,,"R","L","L","SD","TEX","B",,,2,2,2023,"1.18","0.62",0.6613898149636441,3.5091589142238453,,630105,669134,2,6,"Bot",,,,,,,-2.201634207607489,-134.55267553098184,-0.49145379975289716,14.846271764762513,28.332642195254955,-24.777747000402183,3.259169311453,1.57914246091789,,,,"92",1888,"5.9",717209,641598,663993,543760,673962,669701,608671,665750,666969,"54.55",,,,,,,,50,5,"Sinker",4,0,4,0,0,4,4,0,"Standard","Standard",132,"0.003","0.064",,,,,"-0.064",,4,4,0.949,0.949,32,26,32,27,3,2,6,1,8,1,"2.04","1.18","1.18","41.9",,,,,
"FF","2023-04-27","92.4","1.13","6.06","Urías, Julio",666801,628711,,"called_strike",,,,,8,,"R","R","L","PIT","LAD","S",,,0,0,2023,"0.3","1.48",0.15434934213270213,2.084525415165845,,668804,457705,1,1,"Bot",,,,,,,-3.1109468067733594,-134.39700429486436,-7.459048536921941,4.305784977336428,30.549171628681595,-12.790552617807384,3.41440582601426,1.59712000135665,,,,"91.6",2352,"5.9",718403,605131,518692,605141,683737,621035,572204,681546,518792,"54.58",,,,,,,,11,1,"4-Seam Fastball",1,2,1,2,2,1,1,2,"Standard","Standard",157,"0.036","-0.04",,,,,"0.04",,-1,-1,0.49,0.49,26,24,27,24,1,0,6,1,5,2,"1.2","0.3","-0.3","45.4",,,,,
"FF","2023-08-08","92.4","1.53","6.35","Miley, Wade",553869,489119,,"ball",,,,,11,,"R","R","L","MIL","COL","B",,,1,2,2023,"0.08","1.02",-0.6047489408656022,3.597103235827271,,678662,,2,1,"Top",,,,,,,-5.597892001206796,-134.6214041842394,-3.4831226496328376,2.0359393853379513,26.320534105651397,-19.182388592207108,3.21300011373685,1.40327132182151,,,,"92.7",2039,"6.2",717078,605170,592192,655316,605119,668930,592885,686894,621438,"54.3",,,,,,,,4,5,"4-Seam Fastball",0,0,0,0,0,0,0,0,"Standard","Standard",158,"-0.009","0.015",,,,,"-0.015",,0,0,0.526,0.474,36,32,37,33,1,0,6,1,8,1,"1.62","0.08","-0.08","53.0",,,,,
"SI","2023-05-13","92.3","-3.22","4.15","Thompson, Ryan",650402,657044,,"ball",,,,,14,,"R","R","R","NYY","TB","B",,,1,1,2023,"-1.27","-0.14",0.9297406571378122,1.661768349897569,,683011,,2,6,"Bot",,,,,,,13.256886831780582,-133.81700552821047,-0.19245418458420316,-17.9866271654451,27.202289182248705,-34.01471654052862,3.09958588328104,1.42951097588785,,,,"92.2",2300,"6.3",718197,642336,650490,670764,670623,677551,668227,642350,622534,"54.18",,,,,,,,54,3,"Sinker",4,6,4,6,6,4,4,6,"Standard","Standard",271,"0.009","0.021",,,,,"-0.021",,-2,-2,0.231,0.231,31,26,31,27,1,3,6,1,3,1,"2.82","1.27","1.27","-2.6",,,,,
"FF","2023-09-02","92.2","-1.48","5.85","Leiter Jr., Mark",670770,643410,,"ball",,,,,11,,"R","L","R","CIN","CHC","B",,,0,1,2023,"-0.69","1.47",-1.2134688487929552,4.531321941928532,,664056,,0,9,"Bot",,,,,,,2.188526057989828,-134.23748786477316,-0.731686452347397,-8.871565643199224,29.241975395696475,-14.445707746928475,3.1850011133224,1.52001381208209,,,,"92.6",1976,"6.5",716753,543228,600869,663538,663611,621020,664023,641355,673548,"53.98",,,,,,,,66,2,"4-Seam Fastball",0,1,0,1,1,0,0,1,"Strategic","Standard",216,"0.13","0.02",,,,,"-0.02",,-1,-1,0.424,0.424,32,27,32,28,1,3,1,1,3,1,"1.21","0.69","-0.69","46.4",,,,,
"FF","2023-06-13","92.2","1.27","6.45","Poche, Colin",542208,621363,,"called_strike",,,,,4,,"R","R","L","ATH","TB","S",,,2,1,2023,"-0.29","1.39",-0.4394321569366103,2.683224942872126,,657656,,1,8,"Bot",,,,,,,-3.7420933874099105,-134.05973854379118,-6.828709429514263,-2.719888379107926,29.686091198753218,-14.137262113177915,3.3539005902408,1.51733408953515,,,,"93.1",2139,"6.9",717774,642336,650490,670764,670623,677551,668227,642350,622534,"53.55",,,,,,,,62,4,"4-Seam Fastball",1,1,1,1,1,1,1,1,"Standard","Standard",185,"0.063","-0.09",,,,,"0.09",,0,0,0.658,0.658,29,32,29,33,1,0,2,2,1,1,"1.3","-0.29","0.29","62.5",,,,,
"SI","2023-04-06","92.2","2.14","4.83","Wood, Alex",663853,622072,"strikeout","swinging_strike",,,,,11,"Giants challenged (tag play), call on the field was upheld: Romy Gonzalez strikes out swinging. Seby Zavala to 2nd. Elvis Andrus steals (2) 3rd base. Seby Zavala steals (1) 2nd base.","R","R","L","CWS","SF","S",2,,1,2,2023,"1.35","1.1",-0.3445295577811043,3.886867734457131,,462101,664874,1,2,"Bot",,,,,,,-9.2164513597474,-134.05743814401245,1.0124267743832092,18.181939086620037,27.31306176390634,-19.286856967284024,3.41,1.66,,,,"92.2",2063,"6.2",718687,666165,527038,681584,605204,642731,664774,573262,624424,"54.29",,0,"0",1,0,0,,20,5,"Sinker",0,4,0,4,4,0,0,4,"Standard","Standard",125,"-0.018","-0.173",,,,,"0.173",,-4,-4,0.206,0.206,32,26,32,27,1,0,,7,5,1,"1.57","1.35","-1.35","16.7",,,,,
"FF","2023-08-05","92.2","1.79","5.71","Abbott, Andrew",608841,671096,,"called_strike",,,,,9,,"R","R","L","CIN","WSH","S",,,0,0,2023,"0.71","1.2",0.4095140477201852,2.1372007728119495,,657041,,1,4,"Top",,,,,,,-5.081680069901677,-134.10795968877255,-5.887911265161851,9.663185043613401,28.984177319106095,-16.654680212879754,3.4292501782656,1.63548693049751,,,,"92.9",2016,"6.7",717120,571912,458015,680574,669222,682829,668715,670770,666181,"53.79",,,,,,,,30,1,"4-Seam Fastball",0,4,4,0,5,0,5,0,"Standard","Standard",146,"-0.029","-0.038",,,,,"0.038",,-4,4,0.115,0.885,24,31,24,31,3,2,5,1,6,1,"1.49","0.71","-0.71","47.4",,,,,
"SI","2023-05-25","92.2","2.45","5.59","Hughes, Brandon",683146,676714,,"called_strike",,,,,9,,"R","L","L","CHC","NYM","S",,,2,0,2023,"1.62","0.91",0.5318968174647689,1.9790204507767344,,643446,624413,1,5,"Top",,,,,,,-8.430519771858823,-133.90225680963533,-5.311707905936434,21.313070920513155,29.61221700499005,-20.24858981624725,3.63045169053648,1.6701678992016,,,,"92.5",2171,"6.6",718024,543228,670223,663538,621550,621020,664023,643565,673548,"53.87",,,,,,,,41,3,"Sinker",1,4,4,1,5,1,5,1,"Standard","Standard",140,"-0.039","-0.079",,,,,"0.079",,-3,3,0.134,0.866,27,23,28,24,1,2,4,1,2,1,"1.79","1.62","1.62","29.3",,,,,
"FF","2023-09-27","92.1","1.76","5.71","Abbott, Andrew",671289,671096,,"ball",,,,,11,,"R","R","L","CLE","CIN","B",,,1,1,2023,"0.67","1.32",-0.957466387706594,2.873274122079732,,657656,,0,2,"Bot",,,,,,,-8.409737933623884,-133.9004409537542,-4.290339779128397,9.794052089929114,27.816051120760335,-15.484593018643647,3.35476384288357,1.42357805419667,,,,"92.9",2220,"6.7",716418,571912,687952,663697,682622,682829,668715,670770,666181,"53.79",,,,,,,,12,3,"4-Seam Fastball",0,0,0,0,0,0,0,0,"Standard","Standard",152,"0.032","0.05",,,,,"-0.05",,0,0,0.612,0.612,24,24,24,24,1,0,5,1,,2,"1.36","0.67","-0.67","44.6",,,,,
"SI","2023-09-10","92.1","-1.57","5.6","Waldron, Matt",547989,663362,,"called_strike",,,,,5,,"R","R","R","HOU","SD","S",,,1,0,2023,"-1.33","0.79",-0.2350951907770391,2.7487475418644522,,663656,,0,4,"Bot",,,,,,,6.314319327451314,-133.89458882349192,-3.111061648931745,-17.363435561596958,29.857567713972852,-22.19078223281022,3.3403481301701,1.54515317364455,,,,"92.3",2028,"6.5",716640,669134,643265,673490,666703,593428,665742,663757,595777,"53.95",,,,,,,,33,2,"Sinker",3,0,3,0,0,3,3,0,"Standard","Standard",221,"0.012","-0.061",,,,,"0.061",,3,3,0.89,0.89,26,36,27,36,2,1,6,1,6,1,"1.91","1.33","1.33","29.5",,,,,
"FF","2023-05-25","92","-1.69","5.29","Nola, Aaron",663586,605400,,"ball",,,,,14,,"R","R","R","ATL","PHI","B",,,0,1,2023,"-1.11","1.28",0.23337041592762842,1.5805633013233091,,660670,621566,0,3,"Bot",,,,,,,7.409567273925218,-133.69023610602093,-6.4050175119980794,-14.954707383645157,28.743023446300565,-15.65036651689929,3.66551217241063,1.77175556197979,,,,"93.2",2378,"7.1",718026,592663,664761,681082,624641,607208,656941,669016,592206,"53.41",,,,,,,,28,2,"4-Seam Fastball",3,3,3,3,3,3,3,3,"Standard","Standard",224,"0.056","0.034",,,,,"-0.034",,0,0,0.646,0.646,30,26,30,26,2,1,5,1,6,1,"1.42","1.11","1.11","21.5",,,,,
"FF","2023-05-22","92","-2.28","5.79","Stone, Gavin",621566,694813,"walk","ball",,,,,11,"Matt Olson walks. Ronald Acuna Jr. to 3rd. Ronald Acuna Jr. steals (19) 3rd base. Ronald Acuna Jr. to 3rd.","R","L","R","ATL","LAD","B",,,3,0,2023,"-0.65","1.29",-0.6950248870786115,3.7512319995343493,,,660670,0,5,"Bot",,,,,,,5.487839460721836,-133.95970566148097,-2.163528029359269,-9.016912713319432,27.66899081544419,-16.332674948992047,3.54936452955969,1.70023215025011,,,,"92.8",2155,"6.7",718074,669257,518692,678246,571970,500743,444482,681546,605141,"53.85",,0.695903,"0.7",1,0,0,,44,4,"4-Seam Fastball",4,6,4,6,6,4,4,6,"Standard","Standard",215,"0.068","0.172",,,,,"-0.172",,-2,-2,0.392,0.392,24,29,25,29,3,2,19,1,6,1,"1.39","0.65","-0.65","50.5",,,,,
"FF","2023-05-21","92","-1.67","5.55","Williams, Devin",622534,642207,,"ball",,,,,12,,"R","R","R","TB","MIL","B",,,1,1,2023,"-0.5","1.54",1.7865480040980757,2.7856452134887384,,666139,670042,2,8,"Bot",,,,,,,10.066242428239995,-133.43256786962664,-4.49743284321602,-8.33282328771807,31.62323157364669,-13.06835886454554,3.3218033482568,1.53591990801647,,,,"93.5",2177,"7.6",718081,661388,642133,668930,680911,642715,592885,686894,605119,"52.92",,,,,,,,71,3,"4-Seam Fastball",4,6,4,6,6,4,4,6,"Standard","Standard",214,"0.044","0.025",,,,,"-0.025",,-2,-2,0.16,0.16,28,28,29,29,1,3,5,1,7,3,"1.2","0.5","0.5","35.9",,,,,
"SI","2023-09-10","91.9","1.87","5.56","Strahm, Matt",641658,621381,,"ball",,,,,13,,"R","R","L","PHI","MIA","B",,,0,0,2023,"1.36","0.98",-1.2975225878812273,1.7419747990648125,,542932,663743,2,7,"Top",,,,,,,-10.968516993269722,-133.39148897977088,-5.975806667337788,18.555617415332815,26.524325883429867,-19.332132318056725,3.33346400554407,1.50432997939531,,,,"92.2",2280,"6.4",716643,592663,664761,681082,624641,607208,656941,669016,592206,"54.09",,,,,,,,53,1,"Sinker",3,3,3,3,3,3,3,3,"Standard","Standard",133,"-0.025","0.03",,,,,"-0.03",,0,0,0.511,0.489,31,28,32,29,1,3,2,1,1,1,"1.72","1.36","-1.36","31.5",,,,,
"FF","2023-07-06","91.9","3.17","5.97","Harris, Hogan",663837,663687,,"called_strike",,,,,5,,"R","R","L","DET","ATH","S",,,0,0,2023,"0.97","1.33",-0.24477212424193473,2.579295014312749,,545350,,0,4,"Bot",,,,,,,-10.696205678136053,-133.33395754601287,-5.6164164004151775,13.740069737719518,26.67207755301674,-15.229776182051609,3.29298477276062,1.61590311140943,,,,"91.9",2196,"6.3",717476,444489,649557,672478,607054,642180,643393,668709,664913,"54.22",,,,,,,,32,1,"4-Seam Fastball",5,0,5,0,0,5,5,0,"Standard","Standard",143,"0.005","-0.046",,,,,"0.046",,5,5,0.958,0.958,26,26,27,27,3,2,7,1,9,1,"1.37","0.97","-0.97","48.7",,,,,
"FF","2023-09-11","91.8","-3.58","4.35","Sewald, Paul",596129,623149,,"ball",,,,,6,,"R","L","R","NYM","AZ","B",,,0,0,2023,"-0.8","1.25",0.7936885688874487,2.466790655563059,,677595,,1,9,"Bot",,,,,,,12.789365959186455,-133.0164740318726,-1.5344112925891369,-12.308220292443211,29.623932307213792,-17.26014375705949,3.68879026869814,1.82247452810113,,,,"91.6",2630,"6.5",716627,645444,572233,606466,607054,672695,666971,677950,682998,"54",,,,,,,,74,1,"4-Seam Fastball",3,4,3,4,4,3,3,4,"Standard","Standard",239,"0.138","0.034",,,,,"-0.034",,-1,-1,0.29,0.29,33,30,33,31,1,0,2,2,4,3,"1.49","0.8","-0.8","12.3",,,,,
"SI","2023-08-30","91.8","2.12","6.24","Corbin, Patrick",672386,571578,,"called_strike",,,,,6,,"R","R","L","TOR","WSH","S",,,0,0,2023,"1.67","1.33",0.4754680678331027,2.1847032933469466,,676914,665489,2,1,"Bot",,,,,,,-7.836261622022633,-133.11833702064666,-7.192090661780143,21.520435434941838,33.77180051791083,-14.951927523965935,2.9433476887307,1.40081151423763,,,,"91.7",2174,"6.8",716785,656180,608841,545121,666198,682928,666906,696285,657041,"53.67",,,,,,,,9,1,"Sinker",0,0,0,0,0,0,0,0,"Standard","Standard",139,"0.005","-0.04",,,,,"0.04",,0,0,0.543,0.543,33,24,34,25,1,0,6,1,6,2,"1.44","1.67","-1.67","41.8",,,,,
"FF","2023-05-17","91.8","-1.12","6.96","Stripling, Ross",656941,548389,,"ball",,,,,11,,"R","L","R","SF","PHI","B",,,2,0,2023,"-0.64","1.39",-1.7965346539450988,3.7514686043286916,,547180,592206,1,4,"Top",,,,,,,-0.32778601761253556,-133.77127897824826,-5.28994212270044,-7.619017236906441,27.16149497527897,-14.482373289724482,3.38353679193088,1.64876428688998,,,,"91.5",2097,"5.9",718143,663698,664774,642731,669477,543063,666165,573262,624424,"54.62",,,,,,,,32,3,"4-Seam Fastball",4,0,0,4,0,4,0,4,"Infield shade","Standard",198,"-0.029","0.092",,,,,"-0.092",,4,-4,0.824,0.17600000000000005,33,30,34,30,2,1,5,1,42,2,"1.29","0.64","-0.64","62.5",,,,,
"SI","2023-05-29","91.7","-2.48","5.45","Kauffmann, Karl",672695,666154,,"called_strike",,,,,8,,"R","L","R","AZ","COL","S",,,0,0,2023,"-1.37","0.58",0.15572085425775373,1.7698324261071952,,668942,664983,1,2,"Bot",,,,,,,9.733816491507708,-133.11235147173917,-4.72379351140034,-18.405094640845096,28.09197297661962,-24.4143791259135,3.4360698408539,1.60084498437465,,,,"92.6",2251,"6.9",717977,553869,519058,605612,641857,678662,595777,686668,545341,"53.59",,,,,,,,21,1,"Sinker",2,4,2,4,4,2,2,4,"Standard","Standard",226,"0.037","-0.04",,,,,"0.04",,-2,-2,0.387,0.387,25,23,26,24,1,0,5,1,23,2,"2.14","1.37","-1.37","30.5",,,,,
"SI","2023-04-09","91.7","-1.57","5.71","Carrasco, Carlos",650333,471911,,"ball",,,,,11,,"R","L","R","NYM","MIA","B",,,2,0,2023,"-1.06","0.42",-1.5572994024217308,3.0386080853126494,,665862,,1,1,"Top",,,,,,,2.3245269768694894,-133.479508097421,-1.7132192852032206,-13.051506170695681,33.79422870609872,-26.994570166023678,3.17096417070139,1.49249770929921,,,,"90.9",2149,"6.2",718647,682626,624413,643446,500871,596019,641796,502054,516782,"54.3",,,,,,,,3,3,"Sinker",0,0,0,0,0,0,0,0,"Standard","Standard",220,"-0.032","0.072",,,,,"-0.072",,0,0,0.475,0.525,36,26,36,26,1,0,6,1,6,1,"2.32","1.06","-1.06","29.6",,,,,
"SL","2023-03-30","91.7","-1.35","5.75","deGrom, Jacob",669742,594798,,"ball",,,,,14,,"R","L","R","TEX","PHI","B",,,2,2,2023,"0.4","0.44",1.517779682235055,0.4954631507163658,,592663,,1,3,"Top",,,,,,,6.421047566657519,-133.36221911388535,-8.537697539491855,3.7512180188267426,22.49388852032082,-25.548243874983378,3.53786934795242,1.72808649008124,,,,"93",2721,"6.6",718779,641680,663993,543760,673962,608369,669701,666969,543257,"53.86",,,,,,,,20,6,"Slider",0,4,4,0,4,0,4,0,"Infield shade","Standard",151,"-0.017","0.09",,,,,"-0.09",,-4,4,0.134,0.866,35,27,35,28,2,1,,,6,2,"2.23","-0.4","0.4","37.6",,,,,
"FF","2023-04-28","91.6","-0.82","5.23","Stroman, Marcus",643265,573186,,"ball",,,,,12,,"R","R","R","MIA","CHC","B",,,0,2,2023,"-0.31","1.25",1.8258441401130314,3.3636921025443414,,665862,,1,6,"Bot",,,,,,,7.286787722084204,-133.2293396791983,-1.5274061971926316,-5.302000797941661,28.282821173163814,-17.18587693971126,3.3996735736937,1.70953669304456,,,,"90.9",2436,"5.8",718391,543228,641820,663538,621550,621020,664023,641355,673548,"54.65",,,,,,,,42,3,"4-Seam Fastball",1,1,1,1,1,1,1,1,"Standard","Standard",220,"0.043","0.015",,,,,"-0.015",,0,0,0.586,0.586,32,32,32,33,3,2,5,1,5,2,"1.47","0.31","0.31","32.6",,,,,
"FF","2023-05-13","91.6","-2.65","6.08","Kaprielian, James",663993,621076,,"ball",,,,,14,,"R","L","R","ATH","TEX","B",,,0,1,2023,"-0.6","0.97",0.9952550578815931,2.4710981923510573,,543760,,1,1,"Top",,,,,,,10.434181407193847,-133.05526866405597,-5.366824518269533,-9.18633442852832,25.056120980748478,-19.638153528984706,3.39965736373133,1.60899132174525,,,,"91.5",2012,"6",718190,669127,676116,643393,607054,669397,668709,665923,657656,"54.47",,,,,,,,3,2,"4-Seam Fastball",0,0,0,0,0,0,0,0,"Standard","Standard",223,"-0.029","0.024",,,,,"-0.024",,0,0,0.486,0.514,29,27,29,28,1,0,19,1,8,1,"1.73","0.6","-0.6","37.7",,,,,
"SI","2023-09-15","91.5","-2.07","5","Nola, Aaron",571448,605400,,"called_strike",,,,,2,,"R","R","R","STL","PHI","S",,,0,0,2023,"-1.46","0.58",-0.06289165030348554,2.8166829218352225,,502671,676475,1,3,"Bot",,,,,,,8.302724452685464,-133.04847697851767,-0.9149780289575935,-19.107112828735133,27.41734714755076,-25.253427566383415,3.32969941947903,1.63377908009431,,,,"92.6",2266,"6.9",716572,592663,664761,681082,624641,607208,665506,679032,592206,"53.59",,,,,,,,27,1,"Sinker",1,4,1,4,4,1,1,4,"Standard","Standard",235,"0.033","-0.04",,,,,"0.04",,-3,-3,0.282,0.282,30,32,30,32,2,1,6,3,5,1,"2.14","1.46","1.46","19.6",,,,,
"SI","2023-06-13","91.4","-1.68","5.96","Lyles, Jordan",680574,543475,,"ball",,,,,13,,"R","R","R","KC","CIN","B",,,2,0,2023,"-1.03","1.09",-0.925185624469093,1.7282829836999962,,656413,670770,1,2,"Top",,,,,,,4.182935802150323,-132.96452687035094,-7.209423124904002,-13.136691836989966,28.408417146577456,-17.875647584314667,3.13428614744582,1.26781675169836,,,,"92.5",2230,"6.9",717777,521692,668472,622110,672580,677951,680118,671221,669004,"53.55",,,,,,,,16,3,"Sinker",1,4,4,1,4,1,4,1,"Standard","Standard",205,"-0.023","0.092",,,,,"-0.092",,-3,3,0.189,0.8109999999999999,32,23,33,24,2,1,6,1,6,1,"1.64","1.03","1.03","42.0",,,,,
"FF","2023-05-29","91.3","-2.26","5.58","Englert, Mason",663993,669438,,"called_strike",,,,,9,,"R","L","R","DET","TEX","S",,,0,0,2023,"-1.21","1.1",0.3315834593940603,1.8471448412895417,,608671,608369,1,7,"Top",,,,,,,9.079351810465846,-132.48698577971015,-5.80980794029311,-16.249306691174972,29.313703006721386,-18.09159104737032,3.41548349256445,1.5939533790084,,,,"90.6",2182,"6.1",717979,606992,628451,570731,670097,595879,668731,682985,656716,"54.41",,,,,,,,54,1,"4-Seam Fastball",0,5,5,0,5,0,5,0,"Infield shade","Standard",222,"-0.005","-0.04",,,,,"0.04",,-5,5,0.027,0.973,23,27,24,28,1,3,3,1,4,1,"1.65","1.21","-1.21","29.0",,,,,
"FF","2023-04-17","91.3","-1.84","5.5","Kelly, Merrill",571448,518876,,"ball",,,,,11,,"R","R","R","STL","AZ","B",,,1,2,2023,"-0.54","1.41",-0.1925590969609675,3.918896909480579,,575929,,2,6,"Bot",,,,,,,5.305356889493504,-132.91085970103202,-1.1373286024345062,-7.56713101176432,27.880395221951137,-15.372549386642145,3.34974992786465,1.6967633612945,,,,"91.2",2352,"6.1",718538,672515,572233,606466,668942,672695,666971,677950,682998,"54.35",,,,,,,,41,4,"4-Seam Fastball",1,1,1,1,1,1,1,1,"Standard","Standard",220,"0.015","0.015",,,,,"-0.015",,0,0,0.538,0.538,34,32,35,32,3,2,6,1,5,1,"1.31","0.54","0.54","24.6",,,,,
"SI","2023-08-13","91.3","1.51","5.89","Rodriguez, Eduardo",807799,593958,"strikeout","swinging_strike",,,,,1,"Red Sox challenged (tag play), call on the field was overturned: Masataka Yoshida strikes out swinging. Trevor Story steals (3) 3rd base.","R","L","L","BOS","DET","S",2,,1,2,2023,"0.98","0.72",-0.5747115114272089,3.020320934941023,,596115,,1,3,"Bot",,,,,,,-7.359935677939545,-132.8317695346196,-2.9264364393654607,13.151671426689045,26.193549057414003,-23.23631971612513,3.27,1.42,,,,"91.6",2153,"6.3",717014,668670,679529,656716,663837,670097,668731,682985,681481,"54.18",,0,"0",1,0,0,,25,4,"Sinker",2,1,2,1,1,2,2,1,"Standard","Standard",160,"-0.018","-0.205","65.2","6.2","0.358268328",,"0.205",,1,1,0.677,0.677,30,29,30,30,2,1,5,1,7,3,"2","0.98","0.98","41.4",-9.091197251422026,39.31804202576462,26.072300624405333,40.70154279179294,5.644816998689258
"SI","2023-08-09","91.3","-1.92","3.61","Kelly, Kevin",571448,687330,,"called_strike",,,,,13,,"R","R","R","TB","STL","S",,,0,1,2023,"-1.51","-0.07",-0.8321635943295664,2.015609209910941,,663457,,1,3,"Top",,,,,,,6.154455159367113,-132.71073410786747,2.1579710457111183,-19.216460504667772,31.26275452520424,-33.78174619560649,3.35505168174686,1.67700820234251,,,,"92.8",2279,"7.5",717064,650907,650490,664040,670623,677551,668227,642350,670042,"53.02",,,,,,,,21,2,"Sinker",2,1,1,2,1,2,1,2,"Infield shade","Standard",248,"-0.01","-0.069",,,,,"0.069",,1,-1,0.596,0.404,25,32,26,32,1,1,4,1,3,1,"2.84","1.51","1.51","2.4",,,,,
"FC","2023-08-13","91.2","-1.88","5.77","Brazobán, Huascar",519317,623211,"walk","ball",,,,,14,"Umpire reviewed (tag play), call on the field was upheld: Giancarlo Stanton walks. Gleyber Torres to 3rd. Gleyber Torres steals (11) 3rd base. Gleyber Torres to 3rd.","R","R","R","MIA","NYY","B",,,3,1,2023,"-0.2","0.56",0.4934209184206916,1.2948181295646835,,650402,,1,5,"Top",,,,,,,6.3333388525406,-132.5743836407151,-6.491555184453249,-3.7278801498699194,28.21736884853037,-24.349494326201135,3.36879056841296,1.65864041162017,,,,"90.3",2451,"5.8",717011,607732,493329,650333,669394,621563,650559,665862,660821,"54.74",,0.695903,"0.7",1,0,0,,38,5,"Cutter",1,4,4,1,4,1,4,1,"Standard","Standard",224,"-0.021","0.123",,,,,"-0.123",,-3,3,0.148,0.852,33,33,34,34,1,2,6,1,47,1,"2.18","0.2","0.2","37.8",,,,,
"FF","2023-07-19","91.2","1.68","6.1","Urías, Julio",669720,628711,,"ball",,,,,6,,"R","R","L","BAL","LAD","B",,,1,1,2023,"0.43","1.4",0.7615171211693439,2.214314421249577,,622761,,0,4,"Bot",,,,,,,-3.183608382966891,-132.7271681792479,-6.859486849516278,5.744978429675929,25.960191813614383,-14.30313013051535,3.29003734269573,1.46026774134607,,,,"90.4",2462,"5.6",717343,605131,518692,605141,571970,500743,444482,681546,518792,"54.88",,,,,,,,36,3,"4-Seam Fastball",6,3,6,3,3,6,6,3,"Standard","Standard",148,"0.016","0.05",,,,,"-0.05",,3,3,0.888,0.888,26,27,27,28,3,2,5,1,6,1,"1.32","0.43","-0.43","44.9",,,,,
"FC","2023-04-28","91.2","-1.29","6.43","Law, Derek",676116,571882,,"called_strike",,,,,4,,"R","L","R","ATH","CIN","S",,,0,0,2023,"0.09","0.6",-0.4632228372493813,2.806665136178653,,665923,,1,7,"Bot",,,,,,,1.8955481104700533,-132.81678194268278,-4.5716385903740955,0.6596479620807342,26.451726947587552,-24.320800801544745,3.54399355751769,1.72038955004755,,,,"91.8",2254,"6.4",718380,663886,668715,663697,669222,676480,656413,670770,641584,"54.06",,,,,,,,65,1,"Cutter",3,8,3,8,8,3,3,8,"Standard","Standard",193,"0.003","-0.038",,,,,"0.038",,-5,-5,0.044,0.044,32,27,33,27,1,3,3,1,2,1,"2.12","-0.09","0.09","50.3",,,,,
"FC","2023-08-04","91.2","-1.96","5.68","Garrett, Reed",663630,657585,,"ball",,,,,14,,"R","R","R","BAL","NYM","B",,,0,0,2023,"0.37","0.5",0.5746103486618973,1.5675635144069655,,543510,,1,6,"Bot",,,,,,,5.598469328524682,-132.7579797792713,-5.595302542896471,3.3044541397457663,25.942030498860586,-25.358570303074547,3.58386780437866,1.70360722531201,,,,"91.8",2300,"6.5",717134,682626,624413,643446,683146,596019,542364,607043,516782,"54.04",,,,,,,,50,1,"Cutter",5,2,5,2,2,5,5,2,"Standard","Strategic",190,"0.013","0.034",,,,,"-0.034",,3,3,0.919,0.919,30,26,30,26,1,2,2,1,8,1,"2.22","-0.37","-0.37","42.0",,,,,
"FC","2023-07-02","91.1","-1.73","5.39","Ort, Kaleb",666182,672391,,"ball",,,,,14,,"R","R","R","TOR","BOS","B",,,2,0,2023,"0.46","0.81",0.2290634027120666,1.123562015491552,,595281,543807,1,3,"Bot",,,,,,,3.9291530368035215,-132.57730467083704,-6.572897013978921,4.631504862542527,27.793031863187775,-21.47088487299733,3.7648401883362,1.6686079126144,,,,"91.3",2345,"6.4",717530,657136,671213,571771,646240,666152,608701,680776,657077,"54.12",,,,,,,,25,3,"Cutter",1,2,1,2,2,1,1,2,"Standard","Standard",193,"0.044","0.092",,,,,"-0.092",,-1,-1,0.508,0.508,31,25,31,25,1,1,2,1,2,2,"1.94","-0.46","-0.46","35.8",,,,,
"SI","2023-05-03","90.8","1.08","6.19","Valdez, Framber",642731,664285,,"ball",,,,,12,,"R","R","L","HOU","SF","B",,,0,0,2023,"1.48","0.54",1.6079028864307015,4.831734810059461,,596103,,1,6,"Top",,,,,,,-1.8392739548186823,-132.13805307574006,1.4147949980734482,17.613354723219274,32.381149928770235,-26.493558653298525,3.38206510682844,1.70411977189752,,,,"89.4",2089,"5.7",718326,455117,547989,643289,608324,665161,670541,676694,663656,"54.76",,,,,,,,39,1,"Sinker",0,1,1,0,1,0,1,0,"Standard","Standard",135,"-0.037","0.034",,,,,"-0.034",,-1,1,0.317,0.683,29,27,30,27,3,2,5,1,6,2,"2.26","1.48","-1.48","42.9",,,,,
"FF","2023-08-06","90.7","-3.78","5.99","Floro, Dylan",672695,571670,,"called_strike",,,,,2,,"R","L","R","MIN","AZ","S",,,0,0,2023,"-0.93","1.2",0.06395787973575995,3.2844446784787475,,664983,608348,2,6,"Top",,,,,,,11.602851092778353,-131.59171060144837,-3.4181919438423556,-13.180930495552607,27.094549163678693,-17.592944461939958,3.68894376357495,1.53924642098491,,,,"90.8",2198,"6.5",717106,543877,456781,666397,650489,621043,670242,572191,596146,"54.03",,,,,,,,43,1,"4-Seam Fastball",0,1,1,0,1,0,1,0,"Standard","Standard",234,"-0.005","-0.04",,,,,"0.04",,-1,1,0.347,0.653,32,23,33,24,1,0,2,1,4,2,"1.58","0.93","-0.93","35.5",,,,,
"CH","2023-05-31","90.6","-2.53","5.8","Baumann, Mike",605137,657508,,"ball",,,,,11,,"R","L","R","BAL","CLE","B",,,1,1,2023,"-1.24","0.97",-0.6891650165028134,4.099162069543398,,647304,,1,5,"Top",,,,,,,7.297832906980892,-131.7709191460712,-0.3650059862659823,-16.02448841059684,28.89799213083559,-20.999248259159632,3.48591332854935,1.73862480247865,,,,"91",2061,"6.6",717946,668939,663624,624428,683002,622761,663630,543305,656811,"53.89",,,,,,,,54,3,"Changeup",7,9,9,7,9,7,9,7,"Standard","Standard",240,"-0.029","0.052",,,,,"-0.052",,-2,2,0.234,0.766,27,30,28,31,1,3,2,1,4,1,"1.81","1.24","-1.24","37.8",,,,,
"CH","2023-06-07","90.6","-1.21","6.06","Adam, Jason",668904,592094,,"swinging_strike",,,,,9,,"R","R","R","TB","MIN","S",,,1,1,2023,"-1.46","0.33",0.3610587646750705,2.0370298568987897,,572191,596146,1,9,"Top",,,,,,,7.078235178928591,-131.63471304766205,-4.769980052068488,-18.51860436312816,29.878375899773896,-27.496293417261356,3.44,1.65,,,,"90.6",2424,"6.5",717859,642336,670042,670764,670623,677551,666139,642350,622534,"53.98",,,,,,,,63,3,"Changeup",1,0,0,1,0,1,0,1,"Standard","Standard",229,"-0.033","-0.059",,,,,"0.059",,1,-1,0.718,0.28200000000000003,31,24,32,24,1,3,2,3,1,1,"2.47","1.46","1.46","32.7",,,,,
"SI","2023-09-19","90.6","-1.94","5.83","Maeda, Kenta",663886,628317,,"swinging_strike",,,,,2,,"R","R","R","CIN","MIN","S",,,0,0,2023,"-1.06","1",0.13098067724554796,2.9964978594758493,,668715,641584,2,4,"Bot",,,,,,,7.392604414731383,-131.76691654618912,-3.286528952974635,-13.923528795845733,27.50124419905797,-19.987004835814513,3.27,1.55,,,,"90.2",2397,"6",716522,680777,666135,666397,668904,571657,670242,650489,596146,"54.49",,,,,,,,33,1,"Sinker",0,2,0,2,2,0,0,2,"Infield shade","Standard",210,"0.008","-0.04","70.0","6.4","0.446034624",,"0.04",,-2,-2,0.305,0.305,35,26,35,27,2,1,5,1,9,3,"1.77","1.06","1.06","41.0",-1.7980044562353048,25.987522728006855,34.04141272972996,39.86752741529005,10.753196544089887
"FF","2023-04-19","90.4","2.7","5.68","Bumgarner, Madison",575929,518516,,"called_strike",,,,,2,,"R","R","L","STL","AZ","S",,,0,0,2023,"0.69","1.29",-0.10771019991373532,3.0072525837042314,,666185,571448,1,1,"Bot",,,,,,,-8.487162131821039,-131.3282025190086,-3.399326026232442,9.908029685871636,30.34572451053754,-16.814950740489163,3.23219959370251,1.58934204212983,,,,"90.3",2109,"6.5",718512,645444,572233,606466,668942,672695,666971,677950,682998,"53.96",,,,,,,,9,1,"4-Seam Fastball",1,0,1,0,0,2,2,0,"Standard","Standard",139,"0.064","-0.04",,,,,"0.04",,1,1,0.679,0.679,33,31,34,31,1,0,5,1,,2,"1.53","0.69","-0.69","24.6",,,,,
"SL","2023-06-17","90.4","0.61","6.08","Chapman, Aroldis",660271,547973,,"ball",,,,,12,,"R","L","L","KC","LAA","B",,,2,0,2023,"-0.67","0.2",1.2346003271789163,3.17745336039137,,623205,,1,9,"Top",,,,,,,3.024228033853293,-131.60951868366874,-1.7231196641251931,-8.423863169201384,28.41210879904591,-29.701476104360683,3.46732254670496,1.57366784610937,,,,"91.8",2304,"7.1",717726,521692,668472,670032,672580,677951,669392,671221,669004,"53.38",,,,,,,,79,3,"Slider",8,8,8,8,8,8,8,8,"Standard","Standard",280,"-0.113","0.072",,,,,"-0.072",,0,0,0.432,0.5680000000000001,35,28,35,29,1,4,5,1,3,1,"2.59","-0.67","-0.67","49.5",,,,,
"SL","2023-09-11","90.4","-1","6.54","Kinley, Tyler",543228,641755,,"ball",,,,,9,,"R","R","R","COL","CHC","B",,,0,1,2023,"0.12","0.42",0.6825111444420114,1.604753764976707,,621020,664023,0,9,"Top",,,,,,,3.899333721708351,-131.7091033990712,-7.306522973943593,0.7069725497376457,22.177158805976827,-26.121197014090306,3.10622987398282,1.37031707415373,,,,"90.3",2556,"5.7",716625,553869,592178,605612,641857,678662,666134,686668,453568,"54.83",,,,,,,,65,2,"Slider",4,3,3,4,3,4,3,4,"Standard","Standard",212,"-0.18","0.034",,,,,"-0.034",,1,-1,0.584,0.41600000000000004,32,35,32,36,1,3,1,1,2,1,"2.31","-0.12","-0.12","46.6",,,,,
"CH","2023-08-01","90.4","-2.71","5.02","Peralta, Freddy",572816,642547,"walk","ball",,,,,14,"Corey Dickerson walks. Dominic Smith to 3rd. Dominic Smith steals (1) 3rd base. Dominic Smith to 3rd.","R","L","R","WSH","MIL","B",,,3,2,2023,"-1.31","0.43",0.020708168139251804,0.8099847273957452,,642086,,2,2,"Bot",,,,,,,9.73766823230022,-131.17232227100473,-5.4763126395830115,-17.17734520343636,29.159415262000003,-26.21189555868612,3.50420114372577,1.56667668165233,,,,"91.4",1730,"7.2",717183,661388,467793,668930,655316,642715,592885,686894,686217,"53.32",,0.695903,"0.7",1,0,0,,15,7,"Changeup",0,1,0,1,1,0,0,1,"Standard","Standard",241,"0.016","0.162",,,,,"-0.162",,-1,-1,0.427,0.427,27,34,27,34,1,0,6,1,6,1,"2.39","1.31","-1.31","34.4",,,,,
"SI","2023-06-13","90.3","-1.31","5.44","Davies, Zach",664761,605200,,"ball",,,,,14,,"R","R","R","AZ","PHI","B",,,0,0,2023,"-1.12","1.08",1.1780996258898546,1.611887411797892,,547180,592663,1,3,"Top",,,,,,,8.534529851335181,-131.19790531187186,-5.819300422980514,-14.7906304722242,28.786433754148135,-18.67337335662994,3.32416459006619,1.5684999914621,,,,"89.7",2194,"6.1",717775,608348,572233,668942,656896,672695,682998,664983,656976,"54.4",,,,,,,,24,1,"Sinker",0,4,4,0,4,0,4,0,"Strategic","Standard",225,"-0.021","0.042",,,,,"-0.042",,-4,4,0.125,0.875,30,26,30,27,2,1,6,1,5,2,"1.74","1.12","1.12","36.0",,,,,
"FC","2023-08-08","90.2","-1.92","6.06","Martinez, Nick",608596,607259,,"called_strike",,,,,12,,"R","R","R","SEA","SD","S",,,0,0,2023,"0.11","0.92",0.837638346591692,2.5712017800318403,,686527,,1,2,"Bot",,,,,,,6.579186263643851,-131.29879333538778,-4.69080246538946,-0.06635097146515098,26.52430444193117,-20.691596110285314,3.42178201486399,1.59983397795819,,,,"89.8",2354,"5.9",717072,596142,630105,673490,592518,593428,665742,663757,665487,"54.58",,,,,,,,15,1,"Cutter",0,0,0,0,0,0,0,0,"Standard","Standard",196,"0.021","-0.038",,,,,"0.038",,0,0,0.572,0.572,32,32,33,32,1,0,3,3,5,4,"1.87","-0.11","-0.11","58.5",,,,,
"FS","2023-06-16","90.1","-2.15","6.27","Walker, Taijuan",667670,592836,,"ball",,,,,13,,"R","R","R","ATH","PHI","B",,,0,2,2023,"-1.19","0.12",-1.3402603718762156,1.508558764807597,,665923,,1,6,"Bot",,,,,,,4.5054238065894845,-131.18538320476733,-6.1559351313407555,-14.705970710580939,24.413715438237023,-29.824162126749354,3.53964420772641,1.63782151153264,,,,"89.9",1480,"5.9",717735,592663,664761,543281,624641,607208,656941,665506,592206,"54.63",,,,,,,,44,4,"Split-Finger",1,4,1,4,4,1,1,4,"Standard","Standard",231,"0.021","0.015",,,,,"-0.015",,-3,-3,0.165,0.165,30,28,31,29,3,2,5,1,7,1,"2.66","1.19","1.19","35.7",,,,,
"SI","2023-08-01","90.1","2.22","5.61","Quintana, Jose",664728,500779,,"ball",,,,,12,,"R","L","L","KC","NYM","B",,,2,2,2023,"0.69","1.28",0.8796501699446162,3.894652806469531,,680118,669392,1,7,"Bot",,,,,,,-4.815588196297389,-131.28724946187248,-1.083084225018895,8.978768824216486,25.34201296958068,-17.308685582530526,3.46787907824481,1.69942078668331,,,,"90.8",2052,"6.4",717170,682626,624413,664901,683146,596019,643446,542364,621466,"54.09",,,,,,,,54,7,"Sinker",1,1,1,1,1,2,2,1,"Strategic","Standard",155,"0.203","0.062",,,,,"-0.062",,0,0,0.637,0.637,34,26,34,26,3,2,6,3,5,1,"1.5","0.69","0.69","43.4",,,,,
"FF","2023-07-02","90.1","2.51","5.87","Peterson, David",642731,656849,,"ball",,,,,12,,"R","R","L","NYM","SF","B",,,0,0,2023,"0.38","0.82",1.0791337512489263,4.239274673337885,,669369,527038,1,3,"Top",,,,,,,-4.431269258715818,-131.2118715193391,0.13980503988467186,5.34364833769962,26.65382536516787,-22.92332587758197,3.40988852330262,1.6986047430977,,,,"91.3",1770,"6.9",717525,682626,592192,643446,683146,596019,502054,607043,516782,"53.64",,,,,,,,19,1,"4-Seam Fastball",0,0,0,0,0,0,0,0,"Standard","Standard",143,"-0.034","0.042",,,,,"-0.042",,0,0,0.455,0.5449999999999999,27,27,28,27,2,1,5,1,6,34,"1.98","0.38","-0.38","38.0",,,,,
"SI","2023-09-19","90","2.78","5.45","Lucchesi, Joey",542932,664192,,"ball",,,,,13,,"R","R","L","MIA","NYM","B",,,2,0,2023,"1.25","0.7",-0.344550034580444,1.2174899754729263,,641658,,2,6,"Bot",,,,,,,-10.452718000292082,-130.52756878039864,-5.967659478935676,16.574180319205414,28.670123734997937,-23.032451360446558,3.40026673480443,1.64060144968641,,,,"90.1",2124,"6.6",716523,682626,624413,643446,677595,596019,641796,607043,621466,"53.89",,,,,,,,48,3,"Sinker",3,1,3,1,1,3,3,1,"Standard","Standard",145,"0.005","0.037",,,,,"-0.037",,2,2,0.838,0.838,30,33,30,33,3,2,6,2,8,1,"2.14","1.25","-1.25","43.4",,,,,
"SI","2023-04-09","89.9","4.46","4.47","Loup, Aaron",624415,571901,,"called_strike",,,,,5,,"R","L","L","LAA","TOR","S",,,0,0,2023,"1.93","0.04",-0.2249605634270102,2.2016363641373453,,656305,593160,1,7,"Top",,,,,,,-15.400088915365206,-129.95165232447093,0.3834144006624356,25.207858989229376,29.58421538559355,-32.07314989796523,3.30593582081275,1.57838052436168,,,,"88",2171,"5.7",718644,681351,592273,650859,543685,570482,621493,545361,592669,"54.82",,,,,,,,61,1,"Sinker",6,8,8,6,8,6,8,6,"Standard","Standard",107,"-0.026","-0.04",,,,,"0.04",,-2,2,0.16,0.84,35,28,36,28,1,1,1,2,3,2,"2.84","1.93","1.93","6.3",,,,,
"SL","2023-06-16","89.9","-2.71","5.48","Peguero, Elvis",678225,665625,,"called_strike",,,,,3,,"R","L","R","MIL","PIT","S",,,2,0,2023,"0.08","0.11",0.3667728115058709,2.742999245207377,,663647,,2,7,"Top",,,,,,,7.4524124454861775,-130.6625782977356,-0.9658099639127963,-0.7462302574039505,29.974310318864703,-30.967577197293107,3.00609404705921,1.44365618291202,,,,"89.7",2440,"6.4",717740,661388,680911,655316,649966,642715,592885,686894,663368,"54.07",,,,,,,,55,3,"Slider",5,4,4,5,4,5,4,5,"Standard","Standard",60,"-0.005","-0.055",,,,,"0.055",,1,-1,0.717,0.28300000000000003,26,23,26,24,1,2,3,1,1,1,"2.74","-0.08","0.08","24.4",,,,,
"CH","2023-08-05","89.9","-1.08","5.72","Adam, Jason",668670,592094,,"called_strike",,,,,9,,"R","R","R","DET","TB","S",,,1,1,2023,"-1.51","0.34",0.34461028127455795,1.7155297335321862,,670097,,1,8,"Bot",,,,,,,6.751477058792285,-130.67787380271062,-4.590656533090588,-18.707739938726892,30.53381998803238,-27.470540072967058,3.77920453559632,1.63645154749491,,,,"89.6",2208,"6.4",717122,542194,650490,670623,678554,677551,668227,622534,666139,"54.08",,,,,,,,70,3,"Changeup",4,2,4,2,2,4,4,2,"Standard","Standard",233,"0.006","-0.078",,,,,"0.078",,2,2,0.944,0.944,31,28,32,28,1,3,6,1,1,1,"2.51","1.51","1.51","30.3",,,,,
"FC","2023-06-08","89.7","1.99","6.35","Smyly, Drew",660271,592767,,"ball",,,,,13,,"R","L","L","LAA","CHC","B",,,0,0,2023,"0.2","0.93",-1.30427459085184,1.3521226329999687,,687263,621493,2,6,"Bot",,,,,,,-8.46621085006169,-130.13387041264602,-8.237050495438261,4.010818878517971,27.479123037233574,-19.974134880901513,3.56635821229314,1.58789494481616,,,,"88.7",1958,"5.9",717838,543228,641820,663538,621550,621020,664023,643565,673548,"54.64",,,,,,,,53,1,"Cutter",2,1,2,1,1,3,3,1,"Standard","Standard",129,"0.103","0.03",,,,,"-0.03",,1,1,0.734,0.734,34,28,34,29,4,3,5,1,6,1,"1.92","0.2","0.2","47.7",,,,,
"CH","2023-05-31","89.7","-2.14","6.31","Edwards Jr., Carl",605141,605218,,"ball",,,,,13,,"R","R","R","LAD","WSH","B",,,2,0,2023,"-1.44","0.78",-1.0196033812866316,2.3385464780579426,,500743,,1,6,"Bot",,,,,,,5.910236049423476,-130.30084041445338,-5.477189968985411,-17.607697847195677,30.180640718337223,-22.304981247426458,3.24318141914547,1.43533827839511,,,,"90.5",1742,"7.1",717954,660688,642086,671277,600869,682928,572816,669743,657041,"53.37",,,,,,,,56,3,"Changeup",4,5,4,5,5,4,4,5,"Infield shade","Standard",213,"0.06","0.072",,,,,"-0.072",,-1,-1,0.442,0.442,31,30,32,31,1,3,4,1,2,2,"2.09","1.44","1.44","52.2",,,,,
"CH","2023-07-15","89.6","-2.09","5.64","López, Pablo",669397,641154,,"ball",,,,,13,,"R","R","R","ATH","MIN","B",,,1,1,2023,"-1.54","0.43",-2.3503686816406395,2.073912679037879,,680869,607054,1,6,"Bot",,,,,,,2.6370235190977453,-130.5547216144542,-3.776182481198071,-18.1454918721283,26.97103352710983,-26.701307441211522,2.95159528507459,1.36090710694605,,,,"90.9",2087,"6.9",717399,680777,456781,571657,650489,621043,608336,572191,596146,"53.55",,,,,,,,56,3,"Changeup",6,7,6,7,7,6,6,7,"Strategic","Strategic",231,"0.091","0.039",,,,,"-0.039",,-1,-1,0.462,0.462,27,24,27,25,3,2,10,1,5,1,"2.4","1.54","1.54","36.6",,,,,
"SL","2023-07-23","89.6","-1.94","5.57","DeSclafani, Anthony",656448,543101,,"ball",,,,,14,,"R","R","R","WSH","SF","B",,,0,1,2023,"0.49","0.61",1.251555035301005,1.8121533961604706,,657041,,2,3,"Bot",,,,,,,6.891933656791496,-130.49555553934655,-4.672596642659825,4.3357128754637095,23.931932505816256,-24.414086197164103,3.70330894919428,1.76947862043346,,,,"90.5",2329,"6.5",717290,672275,527038,689172,605204,669477,596103,682641,573262,"53.98",,,,,,,,26,2,"Slider",2,0,2,0,0,2,2,0,"Infield shade","Standard",168,"0.007","0.02",,,,,"-0.02",,2,2,0.75,0.75,33,27,33,28,2,1,5,2,,1,"2.19","-0.49","-0.49","36.9",,,,,
"CH","2023-06-09","89.6","-1.53","5.79","Megill, Tylor",595978,656731,,"ball",,,,,8,,"R","R","R","PIT","NYM","B",,,0,1,2023,"-1.23","0.45",0.036741421055820345,1.517832975943298,,663647,678225,2,2,"Bot",,,,,,,6.688211883864858,-130.3162337195467,-5.70032883630041,-15.44216008216215,25.890734629083624,-26.012242902413515,3.38424777086539,1.58560465853974,,,,"92.4",1740,"7.8",717836,682626,592192,643446,500871,596019,502054,607043,516782,"52.66",,,,,,,,19,2,"Changeup",0,1,0,1,1,0,0,1,"Standard","Standard",227,"0.02","0.025",,,,,"-0.025",,-1,-1,0.43,0.43,27,30,28,31,1,0,6,3,7,2,"2.38","1.23","1.23","37.4",,,,,
"FS","2023-05-28","89.6","-2.06","5.73","Cobb, Alex",680911,502171,,"ball",,,,,14,,"R","R","R","MIL","SF","B",,,1,2,2023,"-1.64","0.14",0.2213191339478111,0.4162476021830237,,686894,592885,1,2,"Bot",,,,,,,8.999038351348078,-130.02048654036653,-7.299407832714251,-20.481574256622288,28.694583265089886,-29.13840192395395,2.84899187226235,1.14070153563108,,,,"88.6",1679,"6",717986,666165,664774,689172,681584,543063,571745,573262,624424,"54.55",,,,,,,,19,4,"Split-Finger",3,0,3,0,0,3,3,0,"Standard","Standard",232,"0.027","0.028",,,,,"-0.028",,3,3,0.834,0.834,35,26,36,27,2,1,5,1,6,2,"2.73","1.64","1.64","41.5",,,,,
"FC","2023-04-15","89.4","-2.93","5.4","Ottavino, Adam",676116,493603,,"swinging_strike",,,,,9,,"R","L","R","ATH","NYM","S",,,3,1,2023,"0.55","0.46",0.7626594595566565,1.9659544867026861,,642180,,2,8,"Bot",,,,,,,7.989779520123221,-130.0654021700821,-3.4597575483001033,4.6678982396621045,26.488486472316115,-26.44959216966951,3.42,1.67,,,,"90.1",2699,"6.6",718565,682626,624413,643446,641645,596019,592192,607043,516782,"53.87",,,,,,,,65,5,"Cutter",2,3,2,3,3,2,2,3,"Standard","Standard",177,"0.009","-0.087",,,,,"0.087",,-1,-1,0.276,0.276,37,27,38,27,1,0,3,1,2,1,"2.39","-0.55","0.55","25.4",,,,,
"CH","2023-09-08","89.4","-1.61","5.29","Reid-Foley, Sean",666397,656887,,"ball",,,,,14,,"R","L","R","MIN","NYM","B",,,0,2,2023,"-0.64","0.13",0.7986022065464778,0.2238251591547633,,664057,650489,0,7,"Bot",,,,,,,7.482161717161969,-130.03038551011656,-6.996345380598591,-8.691628178868575,23.817964934203303,-29.526438862524977,3.3798443783696,1.72354336537166,,,,"92.2",1553,"7.7",716666,682626,624413,677595,683146,596019,641796,607043,643446,"52.77",,,,,,,,54,3,"Changeup",2,2,2,2,2,3,3,2,"Strategic","Standard",228,"0.138","0.025",,,,,"-0.025",,0,0,0.693,0.693,27,24,28,24,1,3,3,2,3,2,"2.69","0.64","-0.64","39.7",,,,,
"CH","2023-04-15","89.4","-1.37","5.78","Almonte, Yency",621458,622075,,"called_strike",,,,,1,,"R","L","R","LAD","CHC","S",,,0,0,2023,"-1.39","0.3",-0.448420650542497,3.3711500089668642,,641355,,2,7,"Top",,,,,,,5.2389771614204985,-130.19881330003727,-0.5928495087542465,-16.92213886001973,26.00863817822657,-28.886209784910353,3.35196023169271,1.60114694034036,,,,"90.3",1848,"6.7",718564,605131,518692,678246,571970,500743,681546,518792,605141,"53.84",,,,,,,,48,1,"Changeup",0,1,1,0,1,0,1,0,"Infield shade","Standard",242,"0.001","-0.046",,,,,"0.046",,-1,1,0.324,0.6759999999999999,29,29,29,29,1,0,3,1,4,2,"2.54","1.39","-1.39","38.8",,,,,
"SI","2023-06-22","89.4","-1.87","3.79","Kelly, Kevin",672580,687330,,"ball",,,,,13,,"R","R","R","TB","KC","B",,,0,0,2023,"-1.55","0.01",-1.010897595768467,1.9055739060380161,,669392,,2,4,"Top",,,,,,,5.502386545641455,-130.05416135233332,1.4039509869768856,-18.750445231572023,27.862558667401192,-32.54464048271002,3.59238510826431,1.73361925385936,,,,"91.1",1973,"7.4",717659,642336,650490,660644,670623,670764,668227,642350,670042,"53.1",,,,,,,,33,1,"Sinker",2,2,2,2,2,2,2,2,"Standard","Standard",252,"-0.007","0.02",,,,,"-0.02",,0,0,0.519,0.481,25,23,26,23,1,2,1,1,3,1,"2.84","1.55","1.55","3.7",,,,,
"FC","2023-08-23","89.3","2.49","5.08","Bummer, Aaron",668942,607481,,"ball",,,,,13,,"R","L","L","CWS","SEA","B",,,0,0,2023,"-0.2","0.04",-1.0539406483303793,1.712630170023988,,676609,,1,7,"Top",,,,,,,-8.38904154341394,-129.7825727627015,-2.3462456463199164,-0.4800950390226702,27.065917229924988,-31.47931622442205,3.62090760602457,1.71395306510658,,,,"90.3",2468,"6.9",716881,656024,683734,672820,462101,641313,572204,673357,693049,"53.56",,,,,,,,52,1,"Cutter",3,0,0,3,0,3,0,3,"Standard","Standard",240,"-0.02","0.034",,,,,"-0.034",,3,-3,0.878,0.122,29,29,30,29,1,2,3,1,3,2,"2.83","-0.2","-0.2","6.1",,,,,
"FF","2023-09-23","89.3","1.5","5.81","Falter, Bailey",663697,663559,"walk","ball",,,,,12,"Jonathan India walks. Elly De La Cruz to 3rd. Elly De La Cruz steals (33) 3rd base. Elly De La Cruz to 3rd.","R","R","L","CIN","PIT","B",,,3,1,2023,"0.23","1.6",0.7502062767169269,3.4821205212518835,,682829,,1,2,"Bot",,,,,,,-2.370234804682525,-129.89732400113115,-3.07451706966344,3.1063833236911496,30.060831970097873,-13.677004857906569,3.12404069501272,1.46660960970625,,,,"90.7",2123,"7.4",716462,682848,663845,678225,669707,675961,668804,669261,641943,"53.12",,0.695903,"0.7",1,0,0,,17,5,"4-Seam Fastball",4,0,4,0,0,4,4,0,"Standard","Standard",169,"0.016","0.123",,,,,"-0.123",,4,4,0.888,0.888,26,26,26,27,2,1,4,1,,1,"1.28","0.23","-0.23","49.5",,,,,
"SL","2023-09-03","89.2","-2.46","5.79","Pallante, Andre",656582,669467,,"ball",,,,,14,,"R","R","R","STL","PIT","B",,,2,2,2023,"0.3","-0.29",1.035220050586093,1.4431796641874066,,668804,457705,1,8,"Top",,,,,,,8.02489294375934,-129.80336138630412,-4.164097104222174,1.916637469543587,23.577201292008105,-34.86892998561537,3.18966975381604,1.46263744142754,,,,"90.1",2562,"6.6",716733,668800,676475,669357,571448,669242,680700,663457,691023,"53.94",,,,,,,,66,5,"Slider",6,3,3,6,3,6,3,6,"Standard","Standard",81,"-0.051","0.062",,,,,"-0.062",,3,-3,0.882,0.118,24,30,25,31,1,3,1,1,2,1,"3.12","-0.3","-0.3","49.9",,,,,
"SI","2023-08-19","89.2","-1.53","5.26","Singer, Brady",621020,663903,,"called_strike",,,,,2,,"R","R","R","CHC","KC","S",,,3,0,2023,"-0.92","0.79",0.13087194414147785,3.200536892050081,,663538,664023,2,4,"Bot",,,,,,,6.112994224114703,-129.71095231128768,-0.6826865513349585,-11.6624792755999,27.89978577488309,-23.337609699230935,3.64036887545414,1.64252562635373,,,,"90.3",2159,"7",716937,666023,521692,686681,622110,677951,669392,671221,680118,"53.46",,,,,,,,38,4,"Sinker",6,1,6,1,1,6,6,1,"Standard","Standard",211,"0.001","-0.056",,,,,"0.056",,5,5,0.948,0.948,26,29,27,29,3,2,5,1,6,1,"2.08","0.92","0.92","31.4",,,,,
"FC","2023-06-04","89.2","-2.63","5.88","Leone, Dominic",543807,608678,,"ball",,,,,14,,"R","R","R","NYM","TOR","B",,,0,0,2023,"0.1","0.71",1.0168105223213701,2.133068388300784,,593160,624415,2,6,"Top",,,,,,,8.71070993244581,-129.50730972318098,-4.5883531388973005,-0.8017142523624978,28.899030779556412,-23.40546048615777,3.83358216262391,1.70842583812567,,,,"88.5",2363,"6.1",717900,682626,624413,643446,500871,596019,592192,502054,516782,"54.36",,,,,,,,49,1,"Cutter",2,4,4,2,4,2,4,2,"Standard","Standard",177,"-0.011","0.03",,,,,"-0.03",,-2,2,0.226,0.774,31,33,32,34,1,3,2,1,3,1,"2.19","-0.1","-0.1","39.7",,,,,
"FC","2023-06-24","89.2","-1.42","6.45","VerHagen, Drew",664023,572403,,"called_strike",,,,,6,,"R","L","R","STL","CHC","S",,,0,1,2023,"0.49","0.53",0.7567705959430746,2.3943437362344606,,663538,,1,9,"Top",,,,,,,4.318053431064629,-129.83178967071606,-5.063909166999225,4.678688955772567,27.333253121456064,-25.372484312562232,3.4,1.62,,,,,,,717637,575929,502671,680977,571448,657557,663457,669242,666185,"54.13",,,,,,,,72,2,"Cutter",1,7,7,1,7,1,7,1,,,,"0","-0.069",,,,,"0.069",,-6,6,0.002,0.998,32,28,33,29,1,4,4,3,4,1,"2.34","-0.49","0.49",,,,,,
"CH","2023-04-25","89.2","-1.43","5.89","Adam, Jason",665161,592094,,"ball",,,,,11,,"R","R","R","TB","HOU","B",,,0,0,2023,"-1.17","0.36",-0.4505109694894789,3.6929826726419814,,643289,,0,9,"Top",,,,,,,4.8706604282374,-129.76055890414915,-0.09354398347552184,-14.206149583628926,28.530618539379688,-28.30241912130648,3.55692794434041,1.73000228405475,,,,"89.3",2367,"6.5",718436,642336,670042,670764,670623,677551,668227,642350,666139,"54.02",,,,,,,,67,1,"Changeup",0,5,5,0,5,0,5,0,"Standard","Standard",226,"-0.001","0.036",,,,,"-0.036",,-5,5,0.004,0.996,31,25,32,26,1,4,3,1,3,1,"2.52","1.17","1.17","32.3",,,,,
"FS","2023-09-09","89.1","-1.94","5.61","Finnegan, Kyle",669257,640448,,"called_strike",,,,,5,,"R","R","R","WSH","LAD","S",,,0,0,2023,"-0.87","0.04",-0.08128641188560959,2.248074940853185,,543939,444482,2,9,"Top",,,,,,,6.451000211508663,-129.7472886965013,-2.3844724868793903,-11.066024198259482,24.12081931884878,-31.513156835080476,3.25742509771807,1.49880832170088,,,,"90.5",833,"6.8",716662,660688,642086,671277,545121,682928,666906,696285,669743,"53.66",,,,,,,,72,1,"Split-Finger",5,5,5,5,5,5,5,5,"Infield shade","Standard",249,"-0.006","-0.04",,,,,"0.04",,0,0,0.522,0.478,31,28,32,28,1,4,3,1,7,2,"2.81","0.87","0.87","47.0",,,,,
"SL","2023-07-29","89.1","-2.56","5.01","Muñoz, Andrés",572233,662253,,"ball",,,,,9,,"R","R","R","AZ","SEA","B",,,0,1,2023,"0.45","0.62",0.6400819066646202,1.5068468311845056,,682998,,0,8,"Bot",,,,,,,6.908492854874649,-129.63363514055249,-3.8504423797424048,3.5852266268815542,28.210734192925383,-24.592999696216378,3.35767741978547,1.56002720698105,,,,"89.1",2336,"6.4",717210,608596,664034,676609,553993,641487,687799,677594,606192,"54.12",,,,,,,,64,2,"Slider",3,3,3,3,3,3,3,3,"Infield shade","Standard",110,"0.084","0.02",,,,,"-0.02",,0,0,0.725,0.725,24,32,24,32,1,3,1,1,2,1,"2.26","-0.45","-0.45","20.9",,,,,
"FC","2023-07-29","89","-2.09","5.39","Bird, Jake",668709,656234,,"ball",,,,,13,,"R","L","R","COL","ATH","B",,,1,1,2023,"0.37","0.46",-1.3693430147462005,2.465333022181297,,680869,,0,6,"Top",,,,,,,0.9757351126091693,-129.97270836328826,-2.3175852093718126,4.169117193200542,19.122340543949306,-26.655386729065096,3.40204492072555,1.77733028897146,,,,"89.7",2523,"5.9",717212,553869,669911,605612,641857,678662,595777,545341,666134,"54.62",,,,,,,,52,3,"Cutter",2,6,6,2,6,2,6,2,"Standard","Standard",181,"-0.011","0.05",,,,,"-0.05",,-4,4,0.064,0.9359999999999999,27,25,28,26,1,3,5,1,2,1,"2.33","-0.37","0.37","22.2",,,,,
"FC","2023-04-28","89","-1.85","5.7","Fujinami, Shintaro",663886,660261,,"ball",,,,,14,,"R","R","R","ATH","CIN","B",,,0,0,2023,"-0.11","0.35",0.9235501609207041,1.332857840421544,,663697,,2,8,"Top",,,,,,,7.111602318374888,-129.37207006211668,-5.444138010272176,-2.724798834098509,27.229241807009338,-27.268762988641388,3.18961309503312,1.49755952213034,,,,"90",1976,"7",718380,669127,676116,672478,607054,675656,643393,665923,668843,"53.53",,,,,,,,73,1,"Cutter",5,8,8,5,8,5,8,5,"Standard","Standard",155,"-0.002","0.02",,,,,"-0.02",,-3,3,0.076,0.924,29,26,29,27,1,4,2,2,4,1,"2.53","0.11","0.11","38.5",,,,,
"SI","2023-09-09","89","1.45","6.15","Krook, Matt",686217,640454,,"ball",,,,,13,,"R","L","L","NYY","MIL","B",,,2,0,2023,"1.4","0.24",-0.2921267241121679,0.6517675899422133,,668930,621438,0,9,"Top",,,,,,,-7.215794269285036,-129.23029088267984,-7.940408030405788,17.24283329098698,26.373271455342525,-27.992866394778144,2.82023124529342,1.1698119374209,,,,"89",2038,"6.3",716659,669224,518934,650402,672724,683011,677592,691176,519317,"54.16",,,,,,,,70,3,"Sinker",2,5,5,2,5,2,5,2,"Standard","Standard",115,"-0.006","0.105",,,,,"-0.105",,-3,3,0.019,0.981,28,23,29,23,1,4,2,1,,1,"2.64","1.4","1.4","32.1",,,,,
"FF","2023-08-27","88.9","1.38","5.77","Falter, Bailey",641355,663559,,"called_strike",,,,,1,,"R","L","L","PIT","CHC","S",,,1,0,2023,"0.19","1.32",-0.331344366195765,3.528171283135868,,663538,621020,2,5,"Top",,,,,,,-4.679636226182041,-129.5549965384842,-2.3589454543629946,2.9460075634057072,22.499415880024394,-16.90440273845284,3.93280137341205,1.82180358293129,,,,"91.1",2067,"7.2",716834,641511,663845,678225,663647,678894,641943,669261,656582,"53.34",,,,,,,,38,2,"4-Seam Fastball",1,3,3,1,3,1,3,1,"Infield shade","Standard",175,"-0.007","-0.045",,,,,"0.045",,-2,2,0.252,0.748,26,27,26,28,3,2,6,1,6,1,"1.52","0.19","0.19","56.3",,,,,
"CH","2023-05-26","88.9","-0.76","6.1","Syndergaard, Noah",542194,592789,,"ball",,,,,14,,"R","R","R","TB","LAD","B",,,2,0,2023,"-1.42","0.77",0.20514384442442357,1.582066301182564,,670764,,2,3,"Bot",,,,,,,5.375390855204854,-129.23956695000683,-6.649384363320254,-17.002315627061016,29.0829076892203,-22.29285996970409,3.72608718690752,1.77156055757807,,,,"89.3",1464,"6.8",718018,669257,518692,678246,571970,500743,444482,681546,605141,"53.75",,,,,,,,31,3,"Changeup",4,2,4,2,2,4,4,2,"Standard","Standard",236,"0.006","0.037",,,,,"-0.037",,2,2,0.756,0.756,30,31,31,32,2,1,6,2,5,1,"2.14","1.42","1.42","40.4",,,,,
"SI","2023-09-21","88.8","-2.6","6.04","Hendricks, Kyle",669707,543294,"strikeout","swinging_strike",,,,,13,"Jared Triolo strikes out swinging. Miguel Andujar to 2nd. Jack Suwinski steals (13) 3rd base. Miguel Andujar steals (2) 2nd base.","R","R","R","CHC","PIT","S",2,,3,2,2023,"-1.19","0.61",-1.167000526957797,2.523849582257375,,669261,609280,1,5,"Top",,,,,,,5.9221809524740765,-129.28961012258858,-3.8406446615815932,-14.551756242267688,25.759429255048754,-24.750179968569327,3.45,1.6,,,,"88",2046,"5.7",716493,543228,641355,663538,670156,621020,664023,643565,673548,"54.85",,0,"0",1,0,0,,43,6,"Sinker",0,3,3,0,3,0,3,0,"Standard","Standard",214,"0.022","-0.264","75.6","8.1","0.250639068",,"0.264",,-3,3,0.138,0.862,33,25,34,25,3,2,5,1,8,1,"2.27","1.19","1.19","44.3",14.412207807387583,-5.390920072521615,46.10045785936938,25.763453461441603,29.534489958854657
"SI","2023-06-03","88.7","2.99","4.37","Sherriff, Ryan",670764,595411,,"ball",,,,,14,,"R","R","L","BOS","TB","B",,,1,1,2023,"1.51","-0.19",1.6236555123342529,1.9939085986936496,,642350,670623,1,6,"Top",,,,,,,-6.5116464816356565,-128.9752441072564,0.7179316567776108,18.224786136634304,29.58696759749653,-34.69335213880413,3.03927908304733,1.45660796336529,,,,"88.4",1916,"6.4",717885,657136,671213,665839,646240,622569,606132,680776,657077,"54.1",,,,,,,,46,3,"Sinker",1,2,2,1,2,1,2,1,"Infield shade","Standard",98,"-0.038","0.039",,,,,"-0.039",,-1,1,0.301,0.6990000000000001,33,26,33,27,1,2,0,0,,1,"3.12","1.51","-1.51","10.0",,,,,
"FF","2023-04-13","88.7","1.08","5.82","Falter, Bailey",668715,663559,,"ball",,,,,11,,"R","R","L","CIN","PHI","B",,,2,0,2023,"-0.15","1.56",-0.9473165463674437,3.50790267120885,,663697,,0,1,"Bot",,,,,,,-4.7402916958126005,-129.17015067274158,-2.9565654200654063,-0.7753407239548296,25.775239489113254,-14.230967411504745,3.40399895341616,1.71589660406622,,,,"90.7",2122,"7.3",718597,592663,664761,681082,624641,607208,656941,665506,592206,"53.16",,,,,,,,8,3,"4-Seam Fastball",0,1,0,1,1,1,1,1,"Standard","Standard",172,"0.049","0.084",,,,,"-0.084",,-1,-1,0.52,0.52,26,25,26,26,1,0,5,1,5,1,"1.32","-0.15","0.15","56.9",,,,,
"CH","2023-05-07","88.7","2.23","5.3","Kikuchi, Yusei",666801,579328,,"swinging_strike",,,,,14,,"R","R","L","PIT","TOR","S",,,1,0,2023,"0.65","0.26",0.006021256420244314,0.8914341416885354,,663647,467793,2,6,"Bot",,,,,,,-6.91248655991259,-128.97663939483755,-5.39773662838041,8.583498472492323,24.449984875987127,-28.380186395646913,3.21,1.49,,,,"90.6",1544,"7.3",718278,643376,474832,593160,656305,669289,662139,595281,543807,"53.22",,,,,,,,52,2,"Changeup",0,5,0,5,5,0,0,5,"Strategic","Standard",139,"0.004","-0.045",,,,,"0.045",,-5,-5,0.056,0.056,32,24,32,24,3,2,5,1,7,1,"2.62","0.65","-0.65","42.0",,,,,
"SI","2023-08-06","88.6","1.13","6.14","Keuchel, Dallas",572233,572971,,"ball",,,,,13,,"R","R","L","MIN","AZ","B",,,1,2,2023,"1.25","0.29",-1.4580011272353726,0.8972108537416359,,682998,502054,2,3,"Top",,,,,,,-8.86374179009447,-128.598015316705,-7.280892589143404,15.669971087942173,26.97166409091652,-27.586008281068036,3.28189951542127,1.36579662232501,,,,"88.1",2016,"6.1",717106,543877,456781,666397,650489,621043,670242,572191,596146,"54.37",,,,,,,,19,4,"Sinker",0,0,0,0,0,0,0,0,"Infield shade","Standard",134,"-0.021","0.033",,,,,"-0.033",,0,0,0.521,0.479,35,32,35,32,2,1,,1,5,2,"2.63","1.25","-1.25","43.1",,,,,
"FC","2023-07-03","88.6","1.78","6.22","Smyly, Drew",605170,592767,,"ball",,,,,13,,"R","R","L","MIL","CHC","B",,,0,0,2023,"0.36","0.46",-0.9994861532902196,2.0755324814259577,,655316,686894,0,4,"Bot",,,,,,,-7.442738754492325,-128.7654106009489,-4.9589322384629995,5.565629037837552,26.29991406945627,-26.203169675322336,3.3782982766575,1.56793786828957,,,,"87.6",1968,"5.7",717511,571466,676724,663538,663611,621020,664023,641355,643565,"54.84",,,,,,,,40,1,"Cutter",3,6,3,6,6,3,3,6,"Standard","Standard",148,"0.054","0.042",,,,,"-0.042",,-3,-3,0.326,0.326,34,29,34,30,2,1,5,2,5,3,"2.45","0.36","-0.36","42.5",,,,,
"FC","2023-10-01","88.6","2.08","6.33","Smyly, Drew",467793,592767,,"ball",,,,,13,,"R","R","L","MIL","CHC","B",,,1,0,2023,"0.7","0.51",-1.4530045178656903,2.1195555734819127,,592885,661388,0,1,"Bot",,,,,,,-9.951167842604073,-128.6421031089432,-5.255137970404124,9.714086102818836,24.38339845013169,-25.598096545246456,3.26033837340394,1.45815304675344,,,,"87.9",2000,"5.8",716364,665804,676724,670156,621550,666624,643565,691718,672744,"54.75",,,,,,,,9,2,"Cutter",0,0,0,0,0,0,0,0,"Infield shade","Standard",143,"0.045","0.078",,,,,"-0.078",,0,0,0.643,0.643,34,37,34,37,1,0,2,1,,2,"2.38","0.7","-0.7","45.8",,,,,
"CH","2023-03-30","88.5","-1.62","6.09","Tapia, Domingo",605612,593619,,"called_strike",,,,,9,,"R","L","R","SD","COL","S",,,0,1,2023,"-1.23","1.07",0.4495187766883293,1.9199413546389814,,641857,,1,7,"Top",,,,,,,7.570883585614535,-128.64401336328865,-6.295153863663362,-15.242883346954939,26.278533511536686,-19.167795916221753,3.34003856905041,1.60167836091193,,,,"88",1822,"6",718778,543592,630105,673490,592518,593428,665742,663757,621311,"54.5",,,,,,,,59,2,"Changeup",2,7,7,2,7,2,7,2,"Standard","Standard",227,"-0.002","-0.069",,,,,"0.069",,-5,5,0.03,0.97,31,29,32,30,1,3,,,5,1,"1.84","1.23","-1.23","43.5",,,,,
"SL","2023-08-22","88.5","2.66","5.18","Kikuchi, Yusei",683002,579328,"strikeout","swinging_strike",,,,,7,"Gunnar Henderson strikes out swinging. Adley Rutschman to 2nd. Jorge Mateo steals (26) 3rd base. Adley Rutschman steals (1) 2nd base. Throwing error by catcher Danny Jansen.","R","L","L","BAL","TOR","S",2,,1,2,2023,"-0.26","-0.05",-0.5414780057210928,1.8868759368852541,,622761,668939,1,5,"Bot",,,,,,,-7.349905342799717,-128.79898374374918,-1.8942723314289729,-1.4218703678467328,25.44719674808213,-32.607683723244435,3.66,1.71,,,,"89.7",2690,"6.9",716902,643376,665489,593160,656305,666182,662139,595281,543807,"53.57",,0,"0",1,0,0,,44,4,"Slider",1,3,1,3,3,2,2,3,"Standard","Standard",278,"0.061","-0.173","78.2","7.9","3.776001372",,"0.173",,-2,-2,0.33,0.33,32,22,32,22,3,2,7,2,5,1,"2.95","-0.26","-0.26","35.4",19.85037676722491,-13.419711013344594,28.621001336642973,38.61424913726842,39.90696386415898
"SL","2023-09-04","88.3","-2.2","6.37","Romano, Jordan",672478,605447,"strikeout","swinging_strike",,,,,14,"Jordan Diaz strikes out swinging. Esteury Ruiz steals (56) 3rd base.","R","R","R","ATH","TOR","S",2,,2,2,2023,"0.15","-0.25",0.8431389240041679,1.4260839435157986,,665923,,1,9,"Bot",,,,,,,7.249437989691016,-128.349195996577,-5.5178227350599105,0.12780880071148484,26.418401854066765,-33.95065965083377,3.28,1.55,,,,"90.1",2116,"7.5",716726,672386,687462,593160,624415,669200,662139,595281,543807,"53.04",,0,"0",1,0,0,,68,5,"Slider",3,3,3,3,3,3,3,3,"Standard","Standard",55,"-0.058","-0.245","70.5","8.3","3.209788896",,"0.245",,0,0,0.689,0.689,30,22,30,23,1,3,1,1,4,1,"3.18","-0.15","-0.15","60.6",14.243902461323277,-10.369803344217091,19.125239294583782,45.85133405120355,37.6525226125767
"SL","2023-04-15","88.3","-2.4","6.6","Alcala, Jorge",518934,660896,,"ball",,,,,12,,"R","R","R","NYY","MIN","B",,,1,0,2023,"0.02","0.44",0.03718027406208707,3.7994973208117346,,683011,,2,8,"Bot",,,,,,,5.8152342786888935,-128.57085225695334,-1.6476023913755238,-0.990188238257766,27.171514321085372,-27.157545680572625,3.42106057638428,1.65687525328794,,,,"87.1",2551,"5.5",718572,543877,456781,666397,669304,621043,663616,572191,596146,"54.96",,,,,,,,65,2,"Slider",6,1,6,1,1,6,6,1,"Standard","Standard",175,"0","0.029",,,,,"-0.029",,5,5,0.995,0.995,27,34,28,35,2,4,3,4,5,1,"2.48","-0.02","-0.02","49.0",,,,,
"FS","2023-04-13","88.1","-2.41","6.44","García, Luis",642133,472610,,"ball",,,,,11,,"R","L","R","SD","MIL","B",,,1,0,2023,"-1.21","0.59",-0.6877627662822425,3.954249884609379,,592885,642715,0,10,"Top",,,,,,,6.711536214962282,-128.18269015565264,-1.20949469171954,-14.697604667321695,24.65616873248388,-25.557899398844658,3.42064758066857,1.68294468065137,,,,"88.7",1275,"6.5",718589,669134,630105,673490,592518,593428,665742,663757,640492,"54.01",,,,,,,,71,2,"Split-Finger",3,3,3,3,3,3,3,3,"Standard","Standard",221,"-0.12","0.078",,,,,"-0.078",,0,0,0.433,0.567,36,28,36,28,1,4,2,1,2,1,"2.33","1.21","-1.21","52.2",,,,,
"FC","2023-04-09","88.1","-2.07","5.82","Rasmussen, Drew",669127,656876,,"ball",,,,,4,,"R","R","R","TB","ATH","B",,,0,0,2023,"0.13","-0.17",-0.6460242625464178,2.1362902431624544,,657656,,2,2,"Top",,,,,,,3.2230062721535786,-128.19751391039557,-2.4837351265893117,0.7102903911094764,27.937317163310226,-33.72583565402214,3.33380988970557,1.53905104180951,,,,"88.6",2648,"6.7",718655,542194,670042,664040,670623,677551,668227,622534,666139,"53.77",,,,,,,,13,1,"Cutter",1,0,0,1,0,1,0,1,"Standard","Standard",54,"-0.006","0.02",,,,,"-0.02",,1,-1,0.621,0.379,27,25,28,26,1,0,6,1,5,1,"3.12","-0.13","-0.13","57.3",,,,,
"CH","2023-09-28","88.1","-2.57","5.25","Mlodzinski, Carmen",666801,669387,,"ball",,,,,13,,"R","L","R","PHI","PIT","B",,,2,2,2023,"-1.51","-0.24",-1.508937482500269,2.38031707681305,,607208,,0,8,"Bot",,,,,,,5.7286495808605835,-128.0658028160135,-0.2902700509850453,-17.792028747498826,28.951515698794807,-35.01292950018183,3.43600132258493,1.59000891026574,,,,"87.8",1909,"6.4",716409,641511,663845,678225,669707,693304,641943,669261,609280,"54.1",,,,,,,,66,5,"Changeup",1,3,1,3,3,2,2,3,"Infield shade","Standard",255,"0.056","0.085",,,,,"-0.085",,-2,-2,0.267,0.267,24,24,24,24,1,1,2,1,1,,"3.21","1.51","-1.51","26.5",,,,,
"SL","2023-04-12","88","1.75","6.06","Gore, MacKenzie",545361,669022,,"ball",,,,,11,,"R","R","L","LAA","WSH","B",,,1,0,2023,"-0.39","0.56",-1.752816128113406,2.767499089893636,,621433,,1,3,"Bot",,,,,,,-7.828026359263728,-128.02345405840242,-3.092712480144877,-2.685981455465393,25.936918227681563,-25.56367182772015,3.46979659886972,1.72769705511408,,,,"89.5",1893,"7.2",718602,660688,642086,671277,600869,682928,669743,645302,657041,"53.29",,,,,,,,21,2,"Slider",0,0,0,0,0,1,1,0,"Infield shade","Standard",179,"0.076","0.036",,,,,"-0.036",,0,0,0.579,0.579,24,31,24,32,2,1,5,1,7,2,"2.38","-0.39","0.39","53.6",,,,,
"SL","2023-06-17","87.9","-1.38","5.05","Montero, Rafael",680574,606160,,"ball",,,,,14,,"R","R","R","HOU","CIN","B",,,0,1,2023,"0.43","-0.26",0.630251891288811,0.9898602369613703,,621028,670770,2,9,"Top",,,,,,,3.9568433231291507,-127.95047334248932,-3.133491574565511,3.8015365497454146,28.543939177819563,-34.495950357361096,3.13017076495358,1.24694234926242,,,,"87.3",2379,"6",717727,673237,666197,514888,608324,665161,667452,676694,663656,"54.45",,,,,,,,80,2,"Slider",3,8,8,3,8,3,8,3,"Standard","Standard",111,"-0.001","0.025",,,,,"-0.025",,-5,5,0.007,0.993,32,23,33,24,1,5,1,1,4,1,"3.22","-0.43","-0.43","34.5",,,,,
"SL","2023-07-02","87.9","-1.4","6.13","Cordero, Jimmy",668800,622772,"strikeout","swinging_strike_blocked",,,,,14,"Andrew Knizner strikes out swinging. Dylan Carlson steals (2) 3rd base. Dylan Carlson scores. Throwing error by catcher Kyle Higashioka.","R","R","R","STL","NYY","S",2,,3,2,2023,"0.37","-0.27",0.7013040914202173,0.7032720229710905,,666185,,1,8,"Bot",,,,,,,4.4084709535616025,-127.92674592842783,-6.594705816218674,3.1326815372982986,25.767155635718158,-34.03979106685539,3.24,1.52,,,,"89.5",2320,"7.2",717524,543309,641343,650402,518934,683011,665828,664056,643396,"53.3",,0,"0",1,0,0,,65,6,"Slider",4,1,4,1,1,5,5,1,"Standard","Standard",44,"0.011","-0.336",,,,,"0.336",,3,3,0.975,0.975,31,28,32,28,1,3,7,1,,2,"3.22","-0.37","-0.37","47.5",,,,,
"CH","2023-07-15","87.9","2.35","6.67","Snell, Blake",664761,605483,"walk","ball",,,,,14,"Alec Bohm walks. Trea Turner to 3rd. Trea Turner steals (21) 3rd base. Trea Turner to 3rd.","R","R","L","PHI","SD","B",,,3,2,2023,"1.19","0.91",0.45634706223633037,1.1396926664500178,,607208,,2,1,"Bot",,,,,,,-7.0912675844016695,-127.5302532867821,-9.18839334114083,14.444478250816209,25.24729902573122,-20.55162894711348,3.31553655691986,1.49764356244697,,,,"88.3",1819,"6.6",717408,596142,630105,673490,676946,593428,665742,663757,665487,"53.88",,0.695903,"0.7",1,0,0,,8,7,"Changeup",0,0,0,0,0,0,0,0,"Standard","Standard",136,"0.014","0.162",,,,,"-0.162",,0,0,0.534,0.534,30,26,31,27,1,0,7,1,5,0,"2.05","1.19","-1.19","52.6",,,,,
"SL","2023-05-25","87.9","-2.14","5.06","Chargois, JT",592178,608638,,"blocked_ball",,,,,14,,"R","R","R","COL","MIA","B",,,2,2,2023,"0.04","0.08",2.243540718758167,0.7157277769226646,,676701,642851,2,7,"Bot",,,,,,,10.505105768785775,-127.60505842640839,-4.496843531004647,-1.9059552383664722,28.040981509126162,-30.4735142014884,3.16708185331998,1.62311621577329,,,,"87.4",2682,"6.2",718033,663743,493329,669364,516416,542932,650559,641505,641658,"54.27",,,,,,,,61,5,"Slider",2,2,2,2,2,2,2,2,"Infield shade","Standard",309,"0.035","0.064",,,,,"-0.064",,0,0,0.565,0.565,32,31,33,31,1,3,3,1,1,1,"2.9","-0.04","-0.04","22.4",,,,,
"SL","2023-05-27","87.9","1.49","6.04","Kershaw, Clayton",677551,477132,"walk","ball",,,,,3,"Rays challenged (tag play), call on the field was overturned: Wander Franco walks. Taylor Walls to 3rd. Taylor Walls steals (14) 3rd base. Taylor Walls to 3rd.","R","R","L","TB","LAD","B",,,3,1,2023,"-0.61","0.42",0.7294535505464588,3.2719810458816942,,670764,,2,3,"Bot",,,,,,,-0.5773183170852236,-128.10610051305355,-1.4804596535869206,-6.581201249163019,26.75486280034566,-27.439344369322978,3.36018352639262,1.53134895781621,,,,"88.2",2412,"6.4",718002,669257,518692,678246,571970,500743,444482,518792,605141,"54.05",,0.695903,"0.7",1,0,0,,23,5,"Slider",0,1,0,1,1,0,0,1,"Standard","Standard",210,"0.015","0.075",,,,,"-0.075",,-1,-1,0.422,0.422,35,22,35,22,2,1,6,1,6,1,"2.52","-0.61","0.61","57.9",,,,,
"SL","2023-08-23","87.9","-1.43","5.43","Lugo, Seth",607732,607625,,"called_strike",,,,,6,,"R","R","R","SD","MIA","S",,,2,0,2023,"0.55","0.43",0.6351471708295873,2.1930933657194456,,621563,,2,5,"Top",,,,,,,3.8193942180721665,-127.95003944837343,-2.553851577993356,5.14470281959527,29.355448322714466,-27.156196053380036,3.34156750848081,1.49072018768259,,,,"86.8",2538,"5.8",716883,596142,643265,630105,673490,593428,665742,663757,665487,"54.71",,,,,,,,34,3,"Slider",1,0,0,1,0,1,0,1,"Standard","Standard",143,"-0.003","-0.055",,,,,"0.055",,1,-1,0.656,0.344,33,33,34,34,2,1,5,4,6,3,"2.55","-0.55","-0.55","35.5",,,,,
"SL","2023-04-23","87.8","1.59","6.04","Muller, Kyle",543257,666205,,"ball",,,,,13,,"R","R","L","TEX","ATH","B",,,0,0,2023,"-0.3","0.36",-0.13878901117624384,0.8913657850927326,,665750,543760,2,2,"Bot",,,,,,,-3.580146703929147,-127.72356288033507,-7.079996562037692,-2.509360469744278,28.219611671096573,-26.88201459520637,3.02835859065705,1.39437532824278,,,,"87.9",2222,"6.6",718453,669127,676116,672478,607054,642180,643393,665923,668843,"53.94",,,,,,,,18,1,"Slider",0,0,0,0,0,0,0,0,"Standard","Standard",146,"0.016","0.03",,,,,"-0.03",,0,0,0.546,0.546,25,33,26,34,2,1,6,2,6,1,"2.61","-0.3","0.3","35.9",,,,,
"SL","2023-06-14","87.7","-2.23","5.84","Harvey, Hunter",667452,640451,,"ball",,,,,14,,"R","R","R","HOU","WSH","B",,,0,0,2023,"0.08","0.06",0.10628195628980272,1.3171875529176806,,663656,547989,1,9,"Bot",,,,,,,5.440023262510675,-127.55655325503727,-4.881528377840983,-0.2632602575308493,27.759365968159887,-30.6576124098779,3.1755829207344,1.60890605263364,,,,"87.1",2297,"6.1",717762,660688,656308,671277,600869,682928,572816,657041,545121,"54.4",,,,,,,,70,1,"Slider",4,4,4,4,4,4,4,4,"Infield shade","Standard",63,"0.115","0.042",,,,,"-0.042",,0,0,0.71,0.71,28,27,29,27,1,3,3,3,1,1,"2.92","-0.08","-0.08","41.7",,,,,
"CH","2023-06-07","87.7","-2.71","5.58","Ottavino, Adam",621566,493603,,"ball",,,,,13,,"R","L","R","ATL","NYM","B",,,1,1,2023,"-1.23","0.23",-1.6757007665657595,1.7467447337367532,,660670,,2,8,"Bot",,,,,,,5.066920877153574,-127.695418538239,-3.6453917921249754,-14.487461516333132,25.97432494617323,-29.118791937136262,3.37554761380058,1.70929152653579,,,,"88.3",1951,"6.6",717850,682626,592192,643446,683146,596019,502054,607043,516782,"53.92",,,,,,,,73,3,"Changeup",7,5,7,5,5,7,7,5,"Infield shade","Standard",247,"0.002","0.021",,,,,"-0.021",,2,2,0.934,0.934,37,29,38,29,1,4,1,1,3,1,"2.73","1.23","-1.23","24.1",,,,,
"SI","2023-06-29","87.7","-2.79","6.13","Hendricks, Kyle",592206,543294,,"called_strike",,,,,8,,"R","R","R","CHC","PHI","S",,,0,0,2023,"-1.32","0.62",-0.261600826589824,2.189548382080877,,607208,,0,1,"Top",,,,,,,8.681249466155265,-127.40662038552789,-4.586195802716754,-16.147951805742025,26.424898934828835,-24.676551781865598,3.74078600210003,1.75926393978531,,,,"86.4",2137,"5.5",717567,665804,676724,663538,663611,621020,664023,641355,643565,"54.96",,,,,,,,3,1,"Sinker",0,1,1,0,1,0,1,0,"Standard","Standard",212,"-0.017","-0.046",,,,,"0.046",,-1,1,0.35,0.65,33,31,34,31,1,0,8,1,5,1,"2.36","1.32","1.32","41.9",,,,,
"CH","2023-09-06","87.6","-2.11","5.67","Strider, Spencer",663457,675911,,"ball",,,,,14,,"R","L","R","ATL","STL","B",,,0,1,2023,"-1.17","1.05",1.2338339938887473,-0.34195551755830333,,669242,,1,2,"Top",,,,,,,10.593896973508972,-126.88421751531264,-10.692751493997909,-14.625476265449814,22.78802146253257,-18.785402295184756,3.6490636663134,1.70888987921258,,,,"88.8",2349,"7",716689,669221,621566,645277,663586,606115,592696,671739,660670,"53.46",,,,,,,,15,2,"Changeup",0,4,4,0,4,0,4,0,"Strategic","Standard",228,"-0.017","0.024",,,,,"-0.024",,-4,4,0.151,0.849,24,25,25,26,2,1,6,1,7,1,"1.91","1.17","-1.17","42.1",,,,,
"SL","2023-09-06","87.6","-1.11","6.24","Gilbert, Logan",641584,669302,"strikeout","swinging_strike",,,,,7,"Jake Fraley strikes out swinging. Will Benson steals (15) 3rd base.","R","L","R","CIN","SEA","S",2,,0,2,2023,"0.2","-0.35",-0.3760169144254883,1.5487977767966612,,666181,,0,3,"Bot",,,,,,,1.388841829004194,-127.72398948633733,-4.668328400406361,1.948012829057336,22.258027552467038,-35.369507270708134,3.35,1.59,,,,"89.7",2033,"7.1",716693,663728,664034,668942,553993,641487,686527,677594,606192,"53.36",,0,"0",1,0,0,,24,3,"Slider",1,2,1,2,2,1,1,2,"Standard","Standard",35,"0.003","-0.213","67.0","8.4","2.675777592",,"0.213",,-1,-1,0.49,0.49,26,28,26,28,2,1,5,1,5,3,"3.27","-0.2","0.2","52.0",26.0516093892884,-27.457244806340277,35.41565563907815,43.206864540483195,44.1313508670471
"CH","2023-08-09","87.6","-1.39","6.07","Severino, Luis",660162,622663,,"called_strike",,,,,2,,"R","L","R","CWS","NYY","S",,,0,0,2023,"-1.1","0.9",-0.19304595378151013,3.1790482625265235,,673357,,2,3,"Bot",,,,,,,5.15153239360726,-127.5605410244824,-2.80332620165122,-13.048145486090855,22.377161009539037,-21.88480962077094,3.29736890432959,1.45363411803208,,,,"88.1",1591,"6.3",717054,543309,641343,650402,643396,665828,641856,664056,592450,"54.24",,,,,,,,25,1,"Changeup",3,0,3,0,0,3,3,0,"Standard","Standard",237,"-0.001","-0.046",,,,,"0.046",,3,3,0.832,0.832,29,28,29,28,2,1,5,1,6,2,"2.03","1.1","-1.1","50.2",,,,,
"SL","2023-06-11","87.6","-2.73","5.56","Peguero, Elvis",667670,665625,,"called_strike",,,,,4,,"R","R","R","MIL","ATH","S",,,0,0,2023,"0.21","-0.32",-0.7937567364537447,2.592949341839228,,657656,,1,6,"Top",,,,,,,4.245606317829726,-127.50462829529495,-0.34624241617445395,1.3959386013636506,27.251204662814622,-35.807682450532035,3.40953403213041,1.51530051611773,,,,"87.8",2317,"6.5",717800,661388,680911,655316,649966,642715,663368,686894,605119,"54.03",,,,,,,,45,1,"Slider",2,4,4,2,4,2,4,2,"Infield shade","Standard",72,"-0.019","-0.038",,,,,"0.038",,-2,2,0.205,0.795,26,28,26,29,1,2,1,1,2,1,"3.3","-0.21","-0.21","28.0",,,,,
"SI","2023-04-17","87.6","1.66","5.6","Freeland, Kyle",663647,607536,,"ball",,,,,14,,"R","R","L","COL","PIT","B",,,0,0,2023,"1.11","0.45",0.3161658043651854,0.865481413458554,,678225,595978,0,2,"Top",,,,,,,-5.586484993067661,-127.59270011739889,-6.4187875070695695,13.209053942262358,21.256911504958865,-26.253868865166815,3.216145025637,1.51332223159034,,,,"89.3",2359,"6.9",718535,553869,543068,641857,660707,678662,595777,602074,592178,"53.64",,,,,,,,15,1,"Sinker",0,4,4,0,4,0,4,0,"Standard","Standard",135,"-0.022","0.042",,,,,"-0.042",,-4,4,0.118,0.882,30,26,30,26,2,1,6,1,5,1,"2.47","1.11","-1.11","21.8",,,,,
"SL","2023-07-03","87.6","-1.93","5.3","Doval, Camilo",543939,666808,,"ball",,,,,14,,"R","L","R","SF","SEA","B",,,0,1,2023,"0.34","0.28",1.5968944477988063,1.039457635161229,,676609,664034,0,9,"Top",,,,,,,7.929791082101254,-127.31902614815833,-4.7913024390647205,2.1594905816568013,25.600426834538606,-28.351848449442365,2.90275599964562,1.17052488027971,,,,"89.1",2262,"7.2",717516,666165,664774,689172,605204,543063,592626,682641,573262,"53.29",,,,,,,,65,2,"Slider",2,2,2,2,2,2,2,2,"Infield shade","Strategic",80,"-0.116","0.034",,,,,"-0.034",,0,0,0.323,0.677,25,32,26,33,1,3,3,2,2,1,"2.69","-0.34","0.34","15.9",,,,,
"FC","2023-08-13","87.5","2.58","5.93","Bruihl, Justin",500743,677865,,"called_strike",,,,,4,,"R","R","L","LAD","COL","S",,,2,1,2023,"-0.1","0.72",-0.5940636801965429,2.725830679093849,,621035,,1,8,"Bot",,,,,,,-7.460861874308568,-127.46464570476111,-3.200543242616179,0.11590638897113097,20.67636219470929,-23.824704589379163,3.51533235862282,1.69945379061771,,,,"88.4",2259,"6.3",717007,642851,660707,663898,676701,678662,666134,686668,657061,"54.2",,,,,,,,64,4,"Cutter",7,3,7,3,3,7,7,3,"Infield shade","Standard",160,"0.002","-0.09",,,,,"0.09",,4,4,0.989,0.989,26,34,26,34,1,3,2,2,3,2,"2.2","-0.1","0.1","48.8",,,,,
"SL","2023-10-01","87.5","-2.59","5.92","Fulmer, Carson",680869,608334,,"ball",,,,,14,,"R","R","R","LAA","ATH","B",,,0,1,2023,"0.62","0.12",1.2521012997911452,1.2372491299007269,,665923,,2,3,"Top",,,,,,,7.966377321969805,-127.15726151020813,-5.356891644288544,5.071068824116232,26.787868472585846,-29.957667389161482,3.24861887934117,1.64631692785218,,,,"87.1",2528,"6.2",716365,681351,592273,664058,683021,687263,545341,621433,666176,"54.31",,,,,,,,18,2,"Slider",1,0,0,1,0,1,0,1,"Infield shade","Standard",127,"-0.009","0.02",,,,,"-0.02",,1,-1,0.637,0.363,29,23,30,24,2,1,6,1,,,"2.87","-0.62","-0.62","42.2",,,,,
"SL","2023-04-28","87.5","-2.08","5.16","May, Dustin",571448,669160,,"called_strike",,,,,6,,"R","R","R","LAD","STL","S",,,0,0,2023,"1.08","-0.11",0.7104347528457693,2.6417560354128478,,502671,,2,5,"Top",,,,,,,4.523366543422723,-127.35363995250442,0.31023681881279397,10.815327629444562,26.54290362085321,-33.65608807147061,3.43260808006431,1.66328686348979,,,,"87.8",3039,"6.5",718382,605131,518692,678246,571970,605141,444482,681546,518792,"53.97",,,,,,,,41,1,"Slider",4,2,2,4,2,4,2,4,"Standard","Standard",65,"0.002","-0.046",,,,,"0.046",,2,-2,0.773,0.22699999999999998,25,32,26,32,3,2,6,1,8,1,"3.09","-1.08","-1.08","24.4",,,,,
"SL","2023-08-09","87.4","-2.06","5.36","Hancock, Emerson",665742,676106,,"called_strike",,,,,2,,"R","L","R","SEA","SD","S",,,0,0,2023,"0.18","0.46",-0.10914566707799281,3.2682133697580475,,673490,,1,1,"Top",,,,,,,4.322565953005737,-127.3663071400065,0.11413140570233093,1.148585520927396,25.25610259983361,-27.337443133040253,3.40079710501852,1.57024466487098,,,,"87.6",2158,"6.3",717055,663728,664034,668942,553993,641487,687799,677594,606192,"54.23",,,,,,,,3,1,"Slider",0,0,0,0,0,0,0,0,"Infield shade","Standard",186,"-0.018","-0.038",,,,,"0.038",,0,0,0.481,0.519,24,24,24,25,1,0,,1,6,2,"2.5","-0.18","0.18","24.2",,,,,
"SL","2023-09-22","87.3","-1.63","5.32","Ortiz, Luis",663697,682847,,"ball",,,,,14,,"R","R","R","CIN","PIT","B",,,1,0,2023,"0.38","0.38",1.278461288279818,0.6382596176977331,,682829,571912,1,2,"Bot",,,,,,,6.2532001103928545,-127.15231659660962,-6.063762419831074,3.22511434148543,20.143245934940033,-27.2130037562982,2.98662848302011,1.42327921337842,,,,"88.5",2609,"6.5",716487,682848,656582,669707,663647,678894,609280,678225,680779,"54.02",,,,,,,,18,2,"Slider",0,0,0,0,0,0,0,0,"Infield shade","Standard",150,"0.032","0.067",,,,,"-0.067",,0,0,0.599,0.599,24,26,24,27,1,1,6,2,6,1,"2.56","-0.38","-0.38","28.5",,,,,
"SL","2023-07-04","87.2","-4.19","5.01","Adams, Austin",516782,613534,,"ball",,,,,13,,"R","R","R","AZ","NYM","B",,,0,1,2023,"0.7","0.05",-2.3811455540375013,1.9058423527577406,,596019,643446,1,8,"Top",,,,,,,2.8997203103585014,-127.14587531591978,-1.502120151154906,7.198802223244171,22.81750219219821,-31.503357521411267,3.50824053096174,1.56522932743386,,,,"87.5",3033,"6.1",717498,608348,572233,672695,656896,605113,641786,666150,682998,"54.41",,,,,,,,63,2,"Slider",4,6,6,4,6,4,6,4,"Infield shade","Standard",62,"-0.031","0.031",,,,,"-0.031",,-2,2,0.122,0.878,32,34,32,35,1,3,4,2,2,1,"2.9","-0.7","-0.7","7.0",,,,,
"SL","2023-08-04","87.2","-2.76","6.24","Hoffman, Jeff",672580,656546,,"called_strike",,,,,13,,"R","R","R","PHI","KC","S",,,0,0,2023,"0.41","-0.16",-0.9829263441956311,2.0555707390766145,,680118,,2,8,"Top",,,,,,,3.4307938422874162,-126.94669272327212,-3.5975492603049783,3.7515880372926094,25.58946635685713,-33.381206463756214,3.5132364350161,1.60009837821974,,,,"87.4",2685,"6.4",717140,592663,547180,681082,664761,607208,669016,679032,592206,"54.12",,,,,,,,70,1,"Slider",5,7,7,5,7,5,7,5,"Standard","Standard",62,"0","-0.046",,,,,"0.046",,-2,2,0.146,0.854,30,23,30,23,1,4,2,1,2,1,"3.15","-0.41","-0.41","40.2",,,,,
"CH","2023-09-26","87","2.07","4.78","Wood, Alex",665742,622072,,"called_strike",,,,,6,,"R","L","L","SF","SD","S",,,0,1,2023,"1.18","-0.05",0.730015643210387,2.3668374307297046,,593428,,2,3,"Top",,,,,,,-5.68025362863436,-126.62427144180161,0.4639563248327294,13.798191933452431,24.5093918420426,-32.9972523874635,3.13033331983749,1.57967626721491,,,,"87.8",1620,"6.7",716437,666165,664774,642731,666149,682617,624424,573262,682641,"53.81",,,,,,,,18,2,"Changeup",0,2,2,0,2,0,2,0,"Strategic","Standard",88,"0.005","-0.061",,,,,"0.061",,-2,2,0.304,0.696,32,24,32,25,1,1,2,1,,1,"3.05","1.18","1.18","18.8",,,,,
"SL","2023-07-25","86.9","-1.81","6.41","Campbell, Isaiah",663616,663462,"strikeout","swinging_strike",,,,,4,"Trevor Larnach strikes out swinging. Willi Castro steals (25) 3rd base.","R","L","R","MIN","SEA","S",2,,3,2,2023,"0.25","0.02",-0.4151516501196166,2.4018291140824544,,650489,,0,6,"Bot",,,,,,,2.8410412563479177,-126.62556509793157,-3.563161209279672,2.2528379506297416,21.773773546326414,-31.552510362665764,3.62,1.75,,,,"87.6",2762,"6.3",717264,663728,664034,543939,553993,641487,687799,677594,606192,"54.18",,0,"0",1,0,0,,47,6,"Slider",5,2,5,2,2,5,5,2,"Infield shade","Standard",62,"-0.002","-0.349","72.3","8.5","1.107241332",,"0.349",,3,3,0.934,0.934,25,26,26,26,1,2,2,1,6,1,"2.95","-0.25","0.25","46.9",24.38010037314034,-32.904388151225604,33.56515902592965,42.423533140016765,43.74582878891791
"SI","2023-06-03","86.9","2.79","4.6","Sherriff, Ryan",668227,595411,,"ball",,,,,11,,"R","R","L","BOS","TB","B",,,2,1,2023,"1.31","-0.4",-1.476707265519106,2.470170854164531,,623912,,0,6,"Top",,,,,,,-12.829452885498212,-125.72156289957148,2.116502169639956,16.796866776351244,31.27508000137895,-37.217337201304154,3.23807066258678,1.36548470879808,,,,"85.6",1959,"6.3",717885,657136,671213,665839,646240,622569,606132,680776,657077,"54.2",,,,,,,,43,4,"Sinker",1,1,1,1,1,1,1,1,"Standard","Standard",98,"-0.054","0.102",,,,,"-0.102",,0,0,0.404,0.596,33,28,33,28,1,2,0,0,,1,"3.51","1.31","-1.31","14.5",,,,,
"FC","2023-07-19","86.8","1.56","5.64","Hill, Rich",642708,448179,,"called_strike",,,,,6,,"R","R","L","PIT","CLE","S",,,0,0,2023,"-0.38","0.91",0.4561430404839251,2.6554750763557387,,664702,680757,1,5,"Top",,,,,,,-1.8638906199933927,-126.37677230003894,-2.805727226548218,-3.6883312944339304,26.07911322103582,-22.036949288429962,3.30600223372615,1.64199181222289,,,,"86.7",2383,"6.2",717348,595978,596847,693304,669707,672779,668804,669261,680779,"54.29",,,,,,,,33,1,"Cutter",0,1,1,0,1,0,1,0,"Infield shade","Standard",160,"-0.038","-0.04",,,,,"0.04",,-1,1,0.321,0.679,43,27,43,28,3,2,5,1,6,2,"2.11","-0.38","0.38","38.7",,,,,
"SL","2023-05-04","86.8","0.77","6.02","Chapman, Aroldis",622761,547973,,"ball",,,,,12,,"R","R","L","KC","BAL","B",,,2,0,2023,"-0.44","0.7",0.578862473841719,3.881735794493333,,624428,,0,8,"Top",,,,,,,0.4582202542210675,-126.39990833173921,-0.2979863764452486,-4.739360793191933,28.206917003252418,-24.897046575226685,3.25530402297277,1.62809116666105,,,,"88.1",2303,"7.3",718312,666023,668472,686681,672580,677951,641531,598265,669004,"53.23",,,,,,,,72,3,"Slider",9,8,8,9,8,9,8,9,"Strategic","Standard",271,"-0.086","0.084",,,,,"-0.084",,1,-1,0.578,0.42200000000000004,35,28,35,28,1,3,1,1,3,1,"2.35","-0.44","0.44","49.9",,,,,
"FC","2023-04-29","86.7","2.26","5.39","Bummer, Aaron",642336,607481,,"ball",,,,,13,,"R","R","L","CWS","TB","B",,,1,0,2023,"-0.42","0",-1.07864287007666,1.96081323879601,,670764,622534,1,7,"Top",,,,,,,-7.144568299217761,-126.15844661345307,-2.0301489842909928,-3.136594142178653,24.79768392986998,-31.980570836050724,3.21947799076742,1.54986447339168,,,,"87.3",2349,"6.6",718373,518735,683734,663853,669394,462101,657757,656514,693049,"53.91",,,,,,,,50,2,"Cutter",3,3,3,3,3,3,3,3,"Standard","Standard",284,"-0.078","0.067",,,,,"-0.067",,0,0,0.427,0.573,29,27,30,28,1,2,2,2,1,4,"3.02","-0.42","0.42","12.8",,,,,
"CH","2023-10-01","86.7","-2.65","5.57","Nelson, Nick",624413,656793,,"ball",,,,,13,,"R","R","R","NYM","PHI","B",,,1,1,2023,"-1.67","0.35",-0.8414782081627568,1.269568823231661,,677595,,0,4,"Bot",,,,,,,7.693818719151007,-125.94079792596203,-4.708670018110686,-19.38937481204384,28.3397736874839,-27.571889296837607,3.38102564954926,1.54673563543582,,,,"85.9",1967,"6.1",716355,596117,595909,681082,664761,624641,669016,679032,592206,"54.41",,,,,,,,28,3,"Changeup",1,1,1,1,1,1,1,1,"Standard","Standard",252,"0.037","0.05",,,,,"-0.05",,0,0,0.632,0.632,27,28,28,29,1,1,,1,,,"2.72","1.67","1.67","44.5",,,,,
"SL","2023-08-06","86.7","2.29","6.35","Rodón, Carlos",670541,607074,,"called_strike",,,,,6,,"R","L","L","NYY","HOU","S",,,0,1,2023,"-0.82","0.14",0.30665239803829947,2.548985005735396,,514888,,1,3,"Top",,,,,,,-3.065531517928644,-126.25487887820698,-3.183616182327868,-8.180665856770327,24.95535077501421,-30.30060520247084,3.50842974228927,1.74722201721831,,,,"86.7",2517,"6.2",717110,543309,641343,650402,518934,683011,643396,664056,519317,"54.31",,,,,,,,19,2,"Slider",1,3,3,1,3,1,3,1,"Infield shade","Standard",282,"-0.009","-0.069",,,,,"0.069",,-2,2,0.276,0.724,30,26,31,26,2,1,5,1,16,2,"2.89","-0.82","-0.82","39.8",,,,,
"SL","2023-08-11","86.7","-2.18","5.76","Pallante, Andre",622110,669467,,"called_strike",,,,,5,,"R","R","R","KC","STL","S",,,1,0,2023,"0.02","-0.17",-0.2214751317424609,2.659655596675657,,680118,664728,1,8,"Bot",,,,,,,4.656679234187551,-126.37981951711825,-0.9394363258222633,-0.665690920654481,23.48855082310296,-34.007127383651934,3.24231973254621,1.54059974724272,,,,"87.4",2204,"6.5",717039,575929,676475,669357,571448,669242,641933,663457,691023,"54.05",,,,,,,,76,2,"Slider",10,6,10,6,6,10,10,6,"Strategic","Standard",85,"0.003","-0.051",,,,,"0.051",,4,4,0.99,0.99,24,32,25,32,1,2,3,2,6,1,"3.17","-0.02","-0.02","49.2",,,,,
"CH","2023-05-20","86.7","-1.54","6.19","Musgrove, Joe",665839,605397,,"ball",,,,,13,,"R","L","R","SD","BOS","B",,,0,1,2023,"-1.5","0.37",-0.9817332056407284,1.4649107246404345,,606132,571771,1,2,"Top",,,,,,,4.372125262098502,-126.12498711258904,-5.79075876556046,-16.826018311887246,27.64922174788599,-27.217456664827523,3.06181554997991,1.47047803773307,,,,"86.1",2066,"6.1",718092,543592,641525,630105,673490,593428,665742,640492,665487,"54.41",,,,,,,,11,2,"Changeup",0,0,0,0,0,0,0,0,"Standard","Standard",234,"-0.052","0.031",,,,,"-0.031",,0,0,0.465,0.5349999999999999,30,24,31,25,1,0,7,4,6,1,"2.69","1.5","-1.5","31.9",,,,,
"KC","2023-09-04","86.6","-3.11","4.63","Kimbrel, Craig",592518,518886,,"ball",,,,,14,,"R","R","R","SD","PHI","B",,,0,0,2023,"0.76","-0.83",0.6157251309138851,1.1927273278409287,,665487,665742,1,8,"Bot",,,,,,,7.403298445019224,-125.8533981422566,-0.20508510808899838,6.313121047697713,28.140633076623004,-41.14087569995165,3.85675348291116,1.78400910911338,,,,"86.8",2571,"6.7",716720,592663,664761,681082,624641,607208,656941,665506,592206,"53.79",,,,,,,,84,1,"Knuckle Curve",7,9,7,9,9,7,7,9,"Standard","Standard",57,"0.087","0.042",,,,,"-0.042",,-2,-2,0.263,0.263,35,30,35,31,1,4,1,1,5,1,"3.9","-0.76","-0.76","23.3",,,,,
"CH","2023-08-15","86.6","-2.11","5.37","Buttó, José",663647,676130,"walk","blocked_ball",,,,,14,"Ke'Bryan Hayes walks. Jared Triolo to 3rd. Jared Triolo steals (3) 3rd base. Jared Triolo to 3rd.","R","R","R","NYM","PIT","B",,,3,2,2023,"-1.18","-0.1",0.16924130481668698,-0.5201707809366125,,669707,,2,6,"Top",,,,,,,7.793493995534723,-125.68628194756536,-7.495941884092215,-14.164862752512324,28.849996736179893,-31.69170267598808,3.16365285304256,1.55854067033359,,,,"85.6",1532,"6.1",716988,682626,624413,660620,664901,596019,607043,641796,643446,"54.43",,0.695903,"0.7",1,0,0,,46,7,"Changeup",1,1,1,1,1,1,1,1,"Standard","Standard",241,"-0.021","0.162",,,,,"-0.162",,0,0,0.521,0.479,25,26,25,26,1,3,104,1,22,1,"3.19","1.18","1.18","33.9",,,,,
"FC","2023-05-04","86.5","-0.37","5.98","Coulombe, Danny",686681,543056,,"called_strike",,,,,4,,"R","L","L","KC","BAL","S",,,1,0,2023,"-0.34","0.7",-0.32231645493656325,2.1293677196495606,,672580,,0,7,"Bot",,,,,,,0.7953912081940308,-125.97732062986162,-4.37998306479071,-3.755933187392654,25.77009781452777,-24.0559209884352,3.27704170358105,1.53716538159127,,,,"85.8",2551,"5.8",718312,543510,663624,624428,683002,622761,669065,656775,623993,"54.67",,,,,,,,66,2,"Cutter",7,8,7,8,8,7,7,8,"Strategic","Standard",196,"0.047","-0.061",,,,,"0.061",,-1,-1,0.501,0.501,33,25,34,25,1,3,4,1,2,2,"2.34","-0.34","-0.34","56.2",,,,,
"SI","2023-07-15","86.5","-3.47","3.81","Jacob, Alek",664761,689690,,"called_strike",,,,,9,,"R","R","R","PHI","SD","S",,,3,1,2023,"-1.55","0.06",0.33612659776047127,2.1536478713296128,,547180,,2,5,"Bot",,,,,,,12.48855564229198,-125.28370853812429,2.2566991315049427,-18.791539121520334,24.38879359620041,-32.27828798340618,3.43067231351998,1.66434310539758,,,,"88.3",2251,"7.6",717397,543592,630105,596059,592518,673490,665742,663757,665487,"52.93",,,,,,,,43,5,"Sinker",4,2,4,2,2,4,4,2,"Standard","Standard",248,"0.002","-0.087",,,,,"0.087",,2,2,0.805,0.805,25,26,25,27,1,2,,0,3,1,"3.01","1.55","1.55","-4.9",,,,,
"ST","2023-06-25","86.5","-1.84","5.72","Kirby, George",656775,669923,,"called_strike",,,,,4,,"R","L","R","BAL","SEA","S",,,1,0,2023,"0.95","-0.09",-0.4356485696805199,2.696955845548802,,622761,,1,3,"Bot",,,,,,,1.4135933074296143,-125.97482215012288,-0.7352831800956727,9.641888871359079,29.198922789775388,-33.23687032192481,3.3636932214095,1.54813082452434,,,,"85.7",2357,"6.1",717627,663728,664034,676609,553993,641487,672284,677594,606192,"54.43",,,,,,,,21,2,"Sweeper",0,2,0,2,2,0,0,2,"Standard","Standard",59,"0.023","-0.049",,,,,"0.049",,-2,-2,0.352,0.352,25,28,25,29,2,1,5,1,6,1,"3.17","-0.95","0.95","28.9",,,,,
"SL","2023-06-25","86.5","-2.47","5.89","Leone, Dominic",592206,608678,,"ball",,,,,14,,"R","R","R","PHI","NYM","B",,,2,0,2023,"0.23","-0.18",0.8957220228076155,0.9394614270711541,,607208,,0,5,"Bot",,,,,,,7.617527842033353,-125.86660581881846,-5.316559350542186,1.06839826689779,22.588877030934313,-33.31915438677743,3.65387601532336,1.75579750651713,,,,"87.4",2582,"6.6",717624,553882,624413,643446,683146,596019,502054,607043,516782,"53.89",,,,,,,,46,3,"Slider",2,4,2,4,4,3,3,4,"Infield shade","Standard",88,"0.061","0.084",,,,,"-0.084",,-2,-2,0.388,0.388,31,31,32,31,1,2,4,1,2,2,"3.2","-0.23","-0.23","42.7",,,,,
"FS","2023-04-02","86.4","-1.97","5.8","Stephan, Trevor",553993,663986,,"blocked_ball",,,,,13,,"R","R","R","SEA","CLE","B",,,2,2,2023,"-0.74","0.29",-0.23246252825574543,0.6144924674090784,,664059,,1,10,"Bot",,,,,,,5.682484806087935,-125.63531885876709,-6.763504252309387,-8.987061932537975,25.051200033370637,-27.90444220333979,3.37733515041609,1.60037050609352,,,,"87",1097,"6.6",718735,650619,605137,665926,672356,642708,680757,664702,647304,"53.85",,,,,,,,83,5,"Split-Finger",5,6,5,6,6,5,5,6,"Infield shade","Standard",241,"0.161","0.09",,,,,"-0.09",,-1,-1,0.269,0.269,27,31,28,32,1,4,2,1,2,1,"2.76","0.74","0.74","34.5",,,,,
"CH","2023-06-22","86.4","1.08","6.07","McClanahan, Shane",658668,663556,,"ball",,,,,12,,"R","R","L","TB","KC","B",,,1,2,2023,"1.22","0.56",1.6929824231529162,4.120849801793656,,672580,669004,2,1,"Top",,,,,,,-1.0461046183725715,-125.85125626997527,0.4629041600187056,13.20176174317731,26.37546531552874,-26.543237715938126,3.65481849941834,1.73000224802696,,,,"87.1",1544,"6.7",717659,642336,650490,660644,670623,670764,668227,642350,670042,"53.78",,,,,,,,5,4,"Changeup",0,0,0,0,0,0,0,0,"Standard","Standard",113,"-0.018","0.033",,,,,"-0.033",,0,0,0.518,0.482,26,27,26,27,1,0,6,1,8,2,"2.49","1.22","-1.22","41.3",,,,,
"SL","2023-08-21","86.4","1.98","6.11","Davidson, Tucker",649557,656353,,"ball",,,,,14,,"R","R","L","ATH","KC","B",,,0,0,2023,"-0.28","0.14",0.20151833316901316,1.5187578516065088,,665923,676116,2,1,"Bot",,,,,,,-3.6929653338917294,-125.89257500035416,-5.128593428671183,-2.3198932398457637,22.911051909917642,-29.87103972033562,3.40434517470878,1.66765678755439,,,,"87.3",2140,"6.6",716904,666023,521692,669392,672580,677951,669004,664728,671221,"53.95",,,,,,,,8,1,"Slider",0,0,0,0,0,0,0,0,"Infield shade","Standard",230,"0.007","0.03",,,,,"-0.03",,0,0,0.543,0.543,27,32,27,33,1,0,2,2,5,1,"2.87","-0.28","0.28","49.9",,,,,
"CH","2023-07-25","86.4","-1.53","5.62","Germán, Domingo",643446,593334,"walk","ball",,,,,13,"Jeff McNeil walks. Francisco Lindor to 3rd. Francisco Lindor steals (16) 3rd base. Francisco Lindor to 3rd.","R","L","R","NYY","NYM","B",,,3,2,2023,"-1.41","0.51",-0.20892209412082963,1.1530804917803743,,596019,,2,3,"Top",,,,,,,6.0068269555379,-125.64339236417946,-5.426400478719571,-16.11114791646287,26.329991857414424,-25.826366313400577,3.60507112839831,1.74181170009073,,,,"86.1",2315,"6.2",717266,543309,519203,650402,518934,683011,641856,664056,641343,"54.29",,0.695903,"0.7",1,0,0,,20,7,"Changeup",0,1,1,0,1,0,1,0,"Standard","Standard",234,"-0.014","0.162",,,,,"-0.162",,-1,1,0.402,0.598,30,31,31,31,2,1,7,2,6,1,"2.55","1.41","-1.41","30.8",,,,,
"FF","2023-04-07","86.3","1.38","6.1","Hill, Rich",683734,448179,,"ball",,,,,12,,"R","R","L","PIT","CWS","B",,,0,0,2023,"0.61","1.57",0.41234227093635456,3.6101793162918483,,641313,,1,1,"Top",,,,,,,-3.5376689745793235,-125.71215541797896,-2.9400475464723184,7.1694943586153475,24.378451513467805,-15.049438269475477,3.14086494869375,1.3975479344128,,,,"86.3",2120,"6.1",718679,641511,467793,678225,663647,665833,668804,669261,656582,"54.38",,,,,,,,3,1,"4-Seam Fastball",0,0,0,0,0,0,0,0,"Infield shade","Standard",150,"-0.029","0.034",,,,,"-0.034",,0,0,0.481,0.519,43,25,43,25,1,0,6,1,5,1,"1.47","0.61","-0.61","45.7",,,,,
"SL","2023-06-09","86.3","-1.78","5.94","Curry, Xzavion",676801,675540,,"ball",,,,,9,,"R","R","R","CLE","HOU","B",,,1,2,2023,"0.42","0.12",0.7982724003084758,1.430018938207747,,663656,,2,14,"Top",,,,,,,5.2735050229041605,-125.5225409999823,-4.716878725797668,3.3168392036648413,26.595704211658884,-30.157838190969304,3.24248702813771,1.45562921078827,,,,"86.2",2555,"6.3",717833,681807,647304,665926,608070,642708,680757,664702,686823,"54.16",,,,,,,,118,5,"Slider",8,9,9,8,9,8,9,8,"Standard","Standard",118,"0.019","0.015",,,,,"-0.015",,-1,1,0.331,0.669,24,28,25,28,1,6,1,1,4,4,"2.96","-0.42","-0.42","58.3",,,,,
"CH","2023-04-14","86.1","-0.86","6.24","Syndergaard, Noah",673548,592789,"strikeout","swinging_strike",,,,,8,"Seiya Suzuki strikes out swinging. Ian Happ to 2nd. Nico Hoerner steals (6) 3rd base. Ian Happ steals (2) 2nd base.","R","R","R","LAD","CHC","S",2,,0,2,2023,"-1.4","0.43",-0.01818609234983226,1.376998941055498,,663538,664023,1,5,"Top",,,,,,,4.879801247804277,-125.23261754140641,-6.179321999400613,-15.696243993782213,26.519706955908365,-26.558013200595468,3.13,1.39,,,,"86.6",1560,"6.7",718575,605131,518692,678246,571970,500743,621035,572204,605141,"53.77",,0,"0",1,0,0,,37,3,"Changeup",1,3,3,1,3,1,3,1,"Standard","Strategic",232,"0.01","-0.151",,,,,"0.151",,-2,2,0.233,0.767,30,28,31,29,3,2,6,,5,1,"2.66","1.4","1.4","41.7",,,,,
"SL","2023-06-22","86.1","-0.45","6.93","Fairbanks, Pete",677951,664126,,"called_strike",,,,,1,,"R","R","R","TB","KC","S",,,1,1,2023,"0.45","-0.52",-0.41193164848103286,3.275915853055503,,672580,,0,9,"Top",,,,,,,-0.8282149609697802,-125.42510516002977,-1.4273135617396797,4.980569838377439,24.02729603786053,-37.666498449291105,3.57143537774831,1.69000179193698,,,,"86.6",2487,"6.4",717659,642336,650490,660644,670623,670764,668227,642350,670042,"54.07",,,,,,,,74,3,"Slider",5,5,5,5,5,5,5,5,"Infield shade","Standard",55,"-0.077","-0.066",,,,,"0.066",,0,0,0.338,0.6619999999999999,29,23,30,23,1,4,6,1,3,1,"3.58","-0.45","-0.45","59.2",,,,,
"FC","2023-06-14","86.1","-0.88","6.03","Coulombe, Danny",669289,543056,,"ball",,,,,13,,"R","R","L","BAL","TOR","B",,,2,1,2023,"-0.54","0.14",-1.0532639752571016,1.823723011529082,,593160,,0,8,"Top",,,,,,,0.6674913605549069,-125.52467054630584,-4.064006628405471,-5.920624029144952,22.951378012619852,-30.083029108900796,3.33563529382373,1.62932809628559,,,,"85.2",2688,"5.4",717769,668939,623507,624428,602104,683002,669720,543305,656811,"55.11",,,,,,,,52,4,"Cutter",0,2,2,0,2,0,2,0,"Standard","Standard",219,"-0.022","0.102",,,,,"-0.102",,-2,2,0.101,0.899,33,28,34,29,1,0,8,1,3,2,"2.89","-0.54","0.54","53.9",,,,,
"SL","2023-07-01","86","-1.16","5.58","Brasier, Ryan",677951,518489,,"ball",,,,,14,,"R","R","R","KC","LAD","B",,,1,2,2023,"0.44","-0.13",1.0455831487097025,1.034674379791233,,680118,,1,7,"Bot",,,,,,,4.404468123737543,-125.24972220536559,-4.392536674103838,3.8769847285686736,22.884489634121643,-32.92050140821503,3.5110600923534,1.70736977597051,,,,"87.5",2371,"7",717537,669257,518692,678246,660634,500743,444482,681546,605141,"53.5",,,,,,,,60,4,"Slider",5,3,5,3,3,5,5,3,"Standard","Standard",111,"0.018","0.04",,,,,"-0.04",,2,2,0.892,0.892,35,23,36,23,1,3,4,1,2,1,"3.18","-0.44","-0.44","41.4",,,,,
"SL","2023-04-25","86","2.82","5.08","Lovelady, Richard",592273,663992,,"blocked_ball",,,,,13,,"R","R","L","LAA","ATH","B",,,1,2,2023,"-0.6","-0.01",-0.5290804973355688,-0.3722656665070083,,660271,543685,2,5,"Bot",,,,,,,-6.857738938957633,-124.94043894380133,-6.736694391139098,-4.8032315377957575,26.69580221921063,-31.010158354234097,3.46695248799227,1.80372095874721,,,,"87.6",2442,"7.5",718425,669127,676116,643393,607054,675656,667670,665923,668843,"53",,,,,,,,43,6,"Slider",4,2,4,2,2,4,4,2,"Standard","Standard",220,"0.012","0.033",,,,,"-0.033",,2,2,0.799,0.799,27,30,28,31,1,2,2,1,2,1,"3.12","-0.6","0.6","17.7",,,,,
"SL","2023-06-30","86","-1.86","5.11","Gray, Josiah",547180,680686,,"called_strike",,,,,8,,"R","L","R","PHI","WSH","S",,,0,0,2023,"0.31","0.38",0.03893834810382177,1.943320350057455,,607208,592206,0,6,"Bot",,,,,,,3.8274176672680245,-125.26532670161717,-2.009647297149931,2.4145685905749614,26.089577441281083,-27.98015917224493,3.3834935906497,1.61010099252053,,,,"84.7",1886,"5.5",717563,660688,642086,671277,600869,682928,656448,656537,657041,"55.03",,,,,,,,49,1,"Slider",1,2,1,2,2,1,1,2,"Standard","Standard",202,"0.04","-0.048",,,,,"0.048",,-1,-1,0.551,0.551,25,30,26,31,3,2,6,1,5,1,"2.7","-0.31","0.31","26.0",,,,,
"SL","2023-09-12","86","-2.78","5.71","Kopech, Michael",672580,656629,,"ball",,,,,11,,"R","R","R","CWS","KC","B",,,2,1,2023,"0.36","0.39",-0.8907025126313359,3.1052350679693066,,680118,,1,9,"Top",,,,,,,3.777304572707128,-125.2109853721095,-0.6979001143067524,2.9848351577810472,26.342358836836198,-28.180684478867658,3.20591594048384,1.45118102739493,,,,"86.6",2383,"6.7",716631,656024,683734,672820,660162,462101,572204,673357,621545,"53.75",,,,,,,,81,4,"Slider",9,10,10,9,10,9,10,9,"Infield shade","Standard",76,"-0.03","0.062",,,,,"-0.062",,-1,1,0.147,0.853,27,23,27,23,1,5,3,0,3,1,"2.7","-0.36","-0.36","37.4",,,,,
"KC","2023-05-17","85.9","-2.76","5.78","Robertson, David",670042,502085,,"ball",,,,,14,,"R","L","R","NYM","TB","B",,,0,2,2023,"0.7","-0.67",0.7936105735359971,1.4149790933564534,,670764,,0,10,"Top",,,,,,,7.030521269864703,-124.8929577160354,-2.62852785024508,5.628631157965821,29.216160036027336,-38.70447561935455,3.53225536567559,1.56000250220049,,,,"85.9",2760,"6.7",718135,682626,624413,643446,668901,596019,683146,607043,516782,"53.81",,,,,,,,80,3,"Knuckle Curve",5,5,5,5,5,5,5,5,"Infield shade","Standard",41,"-0.097","0.017",,,,,"-0.017",,0,0,0.544,0.45599999999999996,38,28,38,29,1,4,5,3,1,1,"3.8","-0.7","0.7","41.8",,,,,
"SL","2023-06-04","85.8","-2.81","5.68","Kopech, Michael",668731,656629,,"ball",,,,,14,,"R","L","R","CWS","DET","B",,,1,1,2023,"0.34","-0.17",0.18605526638251704,0.967583128596639,,595879,,1,6,"Top",,,,,,,6.442023665363633,-124.98857250255595,-4.69936622649534,2.576976724422204,20.85285127347197,-33.305246120610185,3.18963219465635,1.55973987158096,,,,"87.1",2465,"6.7",717891,518735,683734,663853,462101,641313,640449,673357,650391,"53.84",,,,,,,,39,3,"Slider",1,2,2,1,2,1,2,1,"Standard","Standard",71,"-0.039","0.052",,,,,"-0.052",,-1,1,0.319,0.681,27,24,27,25,3,2,6,1,6,1,"3.21","-0.34","0.34","39.2",,,,,
"KC","2023-09-19","85.7","-0.79","6.74","Megill, Trevor",571448,656730,,"ball",,,,,13,,"R","R","R","STL","MIL","B",,,0,1,2023,"0.46","-1.08",-1.325040270015369,1.594677541895924,,676475,,1,1,"Bot",,,,,,,-2.2041493818657347,-124.84919113700651,-3.7030223068935135,5.283563912524394,26.03497930637058,-42.85728796811385,3.36970707085278,1.72015627289959,,,,"85.9",2871,"6.4",716515,661388,467793,655316,518626,642715,621438,663368,686217,"54.05",,,,,,,,8,2,"Knuckle Curve",1,0,1,0,0,1,1,0,"Standard","Standard",20,"0.028","0.024",,,,,"-0.024",,1,1,0.657,0.657,29,32,30,32,1,0,4,1,3,2,"4.18","-0.46","-0.46","60.3",,,,,
"SL","2023-05-31","85.7","3.1","5.19","Hader, Josh",663743,623352,,"called_strike",,,,,3,,"R","R","L","MIA","SD","S",,,1,0,2023,"-0.25","0.09",0.3727516299371929,2.7104110008060602,,516416,,1,9,"Bot",,,,,,,-5.971421289398123,-124.64070006120244,0.32031060187053195,-1.2117553001082644,28.30524784996094,-31.55540883076517,3.02536771449889,1.46511385130831,,,,"85.6",2316,"6.6",717945,596142,641525,630105,673490,593428,665742,663757,665487,"53.94",,,,,,,,64,2,"Slider",1,1,1,1,1,1,1,1,"Standard","Standard",287,"0.119","-0.049",,,,,"0.049",,0,0,0.704,0.704,29,26,29,27,1,3,5,3,7,1,"3.05","-0.25","0.25","23.6",,,,,
"SL","2023-05-04","85.7","0.74","6.03","Chapman, Aroldis",656775,547973,"walk","ball",,,,,12,"Cedric Mullins walks. Ramon Urias to 3rd. Ramon Urias steals (2) 3rd base. Ramon Urias to 3rd.","R","L","L","KC","BAL","B",,,3,2,2023,"-0.84","0.54",0.3500463704451311,4.251791650800932,,602104,,1,8,"Top",,,,,,,0.790604397408172,-124.75508875756827,1.068446172613763,-8.873784458059934,27.33104584441699,-27.054778298657816,3.24806850037089,1.54447037425939,,,,"86.9",2160,"7.2",718312,666023,668472,686681,672580,677951,641531,598265,669004,"53.27",,0.695903,"0.7",1,0,0,,75,7,"Slider",9,10,10,9,10,9,10,9,"Standard","Standard",279,"-0.046","0.184",,,,,"-0.184",,-1,1,0.231,0.769,35,28,35,29,1,4,1,1,3,1,"2.59","-0.84","-0.84","50.5",,,,,
"SL","2023-06-23","85.6","-1.68","6.25","Smith-Shawver, AJ",663697,700363,,"ball",,,,,11,,"R","R","R","CIN","ATL","B",,,0,0,2023,"0.18","0.63",-1.241755183528411,2.37125370073342,,670770,,1,3,"Bot",,,,,,,0.6709841569519415,-124.70089737264902,-4.249859707174197,1.7892845958991506,21.945040268085123,-24.939088838584293,3.08374283430699,1.36001048770152,,,,"86.1",2024,"6.3",717650,518595,621566,645277,663586,606115,592696,671739,660670,"54.25",,,,,,,,28,1,"Slider",2,5,2,5,5,2,2,5,"Standard","Standard",190,"0.026","0.034",,,,,"-0.034",,-3,-3,0.254,0.254,20,26,21,27,2,1,8,2,37,1,"2.44","-0.18","-0.18","52.0",,,,,
"SL","2023-06-01","85.6","2.64","5.65","Luzardo, Jesús",665487,666200,,"ball",,,,,14,,"R","R","L","MIA","SD","B",,,0,1,2023,"0.15","0.14",0.9963378736500148,1.860505744142289,,673490,,0,4,"Top",,,,,,,-4.119539587960086,-124.60418931350468,-2.9609017070224124,2.3303770494230243,23.86693796903017,-30.350106862506287,3.69185967734454,1.72059148302487,,,,"84.7",2196,"5.6",717941,663743,493329,650333,516416,621563,650559,641505,660821,"54.94",,,,,,,,23,2,"Slider",1,0,0,1,0,1,0,1,"Standard","Standard",93,"-0.035","0.02",,,,,"-0.02",,1,-1,0.554,0.44599999999999995,25,24,26,24,2,1,6,1,5,1,"2.96","0.15","-0.15","32.7",,,,,
"SL","2023-05-02","85.5","-0.34","5.91","Morgan, Eli",518934,669212,,"swinging_strike",,,,,11,,"R","R","R","NYY","CLE","S",,,0,0,2023,"0.1","0.63",-0.15276598671749228,3.8934500302018957,,683011,,2,8,"Bot",,,,,,,0.23924030862749168,-124.60988908742742,0.220793539433206,0.9892899935674646,24.113325800974156,-25.8183567577408,3.36,1.57,,,,"85.8",2086,"6.3",718339,572287,672356,665926,608070,642708,680757,664702,686823,"54.2",,,,,,,,66,1,"Slider",3,2,3,2,2,3,3,2,"Standard","Standard",84,"0","-0.046",,,,,"0.046",,1,1,0.858,0.858,27,34,27,35,1,3,3,1,6,1,"2.47","-0.1","-0.1","48.2",,,,,
"SL","2023-06-21","85.3","-1.44","6.13","Megill, Tylor",667452,656731,,"called_strike",,,,,6,,"R","R","R","HOU","NYM","S",,,1,0,2023,"0.37","0.22",0.4727135653487645,2.0947586203475668,,663656,608324,1,3,"Bot",,,,,,,3.796596557352903,-124.20072898123202,-3.6565880819786054,3.0552866505262513,26.257423790927373,-29.318976175060065,3.1839037666147,1.59611683645936,,,,"86.5",2252,"7.1",717670,553882,624413,643446,683146,596019,502054,607043,516782,"53.36",,,,,,,,34,2,"Slider",2,4,2,4,4,2,2,4,"Standard","Standard",95,"0.041","-0.051",,,,,"0.051",,-2,-2,0.385,0.385,27,27,28,27,2,1,5,1,45,2,"2.92","-0.37","-0.37","38.5",,,,,
"ST","2023-06-29","85.3","-2.87","5.39","Webb, Jacob",650391,657097,,"ball",,,,,14,,"R","R","R","LAA","CWS","B",,,1,1,2023,"1.26","-0.14",1.3659323215592734,0.7401605701336167,,673357,,0,9,"Top",,,,,,,7.412395512717198,-123.98617249168936,-4.309446674329486,11.444041233784981,25.719568763075937,-32.96550528781953,3.46046730736528,1.69251822120972,,,,"85.1",,"6.3",717560,642136,519058,592273,500871,623205,666160,545361,592669,"54.21",,,,,,,,75,3,"Sweeper",5,7,7,5,7,5,7,5,"Standard","Standard",,"-0.014","0.05",,,,,"-0.05",,-2,2,0.055,0.945,29,26,30,27,1,4,2,1,3,1,"3.29","-1.26","-1.26","33.4",,,,,
"CH","2023-04-14","85.1","2.75","5.55","Bumgarner, Madison",643265,518516,,"blocked_ball",,,,,13,,"R","R","L","MIA","AZ","B",,,1,0,2023,"1.33","0.32",-0.26310861794132734,0.40764420871093154,,542932,,2,4,"Bot",,,,,,,-9.802448743260207,-123.4265906798658,-6.34346692256258,15.617435603749351,26.281584492227047,-27.714282081233147,3.44028484771969,1.77803006582198,,,,"85.3",1510,"6.8",718584,672515,572233,606466,446334,605113,666971,677950,682998,"53.74",,,,,,,,34,2,"Changeup",4,0,4,0,0,4,4,0,"Standard","Standard",124,"0.002","0.029",,,,,"-0.029",,4,4,0.908,0.908,33,32,34,33,3,2,7,3,5,1,"2.87","1.33","-1.33","24.3",,,,,
"FS","2023-07-21","85.1","-1.29","5.66","Leiter Jr., Mark",680977,643410,,"ball",,,,,13,,"R","L","R","CHC","STL","B",,,0,1,2023,"-0.84","0.65",-0.15196924251597455,1.2395636580031404,,641933,691023,1,8,"Top",,,,,,,4.397356816033964,-123.8877261859213,-5.454811932862753,-9.506377030018689,23.490156159682652,-24.590121536244286,2.92795601564061,1.55410340612,,,,"86.2",801,"6.9",717325,665804,641355,666624,670156,663538,664023,643565,673548,"53.63",,,,,,,,66,2,"Split-Finger",4,3,3,4,3,4,3,4,"Infield shade","Standard",226,"-0.125","0.031",,,,,"-0.031",,1,-1,0.665,0.33499999999999996,32,26,32,26,1,0,2,2,1,1,"2.48","0.84","-0.84","47.7",,,,,
"SL","2023-04-22","85","1.23","5.82","Vesia, Alex",621550,681911,,"called_strike",,,,,7,,"R","R","L","CHC","LAD","S",,,2,0,2023,"-0.45","0.33",-0.4505445641615345,1.7798680268129692,,664023,641355,1,6,"Bot",,,,,,,-3.040245125284511,-123.88981462962504,-3.9249712288637237,-4.207633931685769,21.04658801608911,-28.283197258306103,3.30328373365707,1.50656731400252,,,,"85.9",2454,"6.4",718479,605131,518692,678246,571970,621035,681546,518792,605141,"54.08",,,,,,,,51,3,"Slider",2,4,2,4,4,2,2,4,"Standard","Strategic",236,"0.044","-0.079",,,,,"0.079",,-2,-2,0.358,0.358,27,31,27,32,1,2,3,1,4,1,"2.78","-0.45","0.45","59.1",,,,,
"KC","2023-06-21","85","-1.21","6.47","Megill, Trevor",606466,656730,,"called_strike",,,,,5,,"R","L","R","MIL","AZ","S",,,1,1,2023,"0.48","-0.94",0.13370195185883732,2.5042526330039427,,672695,,1,8,"Top",,,,,,,2.203424160759735,-123.76868766004951,-1.0537369071636373,4.435626324441689,26.067222949297058,-41.849493122463635,3.52254852236321,1.7126197180193,,,,"85.4",2689,"6.6",717672,661388,680911,649966,605119,642715,592885,686894,606132,"53.87",,,,,,,,62,3,"Knuckle Curve",1,4,4,1,4,1,4,1,"Standard","Standard",32,"-0.007","-0.078",,,,,"0.078",,-3,3,0.066,0.9339999999999999,29,29,30,30,1,4,3,1,27,1,"4.11","-0.48","0.48","56.4",,,,,
"FC","2023-10-01","85","-0.37","5.96","Coulombe, Danny",646240,543056,,"ball",,,,,13,,"R","L","L","BAL","BOS","B",,,1,0,2023,"-0.1","0.34",-0.33632942473389743,1.211330165443682,,665839,657077,1,3,"Top",,,,,,,0.27976893036764333,-123.75934679349794,-5.470109977820513,-1.103936893644454,24.256939238262405,-27.789724817346446,3.41929511041677,1.59961508006482,,,,"84.4",2562,"5.8",716367,543510,656811,624428,676059,683002,677008,656775,623993,"54.67",,,,,,,,19,2,"Cutter",0,0,0,0,1,0,1,0,"Standard","Standard",239,"-0.114","0.067",,,,,"-0.067",,0,0,0.448,0.552,33,26,34,27,1,1,4,1,6,,"2.8","-0.1","-0.1","54.4",,,,,
"ST","2023-04-28","85","-3.28","4.59","Lawrence, Justin",677950,664875,,"blocked_ball",,,,,14,,"R","L","R","COL","AZ","B",,,1,1,2023,"1.04","0.09",0.14574867827562277,0.5449268822967852,,668942,,2,7,"Top",,,,,,,5.8823958511321655,-123.65066459761476,-3.314101784211636,9.48720582065166,24.796254314222764,-30.820717891217473,3.13593639079347,1.51288589163425,,,,"84.3",2886,"5.8",718390,553869,543068,676701,641857,678662,595777,686668,592178,"54.66",,,,,,,,51,3,"Sweeper",1,4,4,1,4,1,4,1,"Standard","Standard",74,"-0.003","0.021",,,,,"-0.021",,-3,3,0.113,0.887,28,23,29,23,1,2,3,2,4,1,"3.07","-1.04","1.04","-0.9",,,,,
"CH","2023-09-04","85","-2.19","5.08","Bello, Brayan",664040,678394,,"called_strike",,,,,1,,"R","L","R","TB","BOS","S",,,0,0,2023,"-1.34","0.3",-0.5633514212244379,2.770151138235662,,666139,668227,1,1,"Bot",,,,,,,6.516302533479034,-123.52749707870299,0.36605696254046216,-14.990231856223973,26.001580232936348,-29.405978654783578,3.22662765317938,1.41803660371883,,,,"85",1695,"6.5",716722,624512,671213,649966,646240,596115,807799,677800,594807,"53.99",,,,,,,,7,1,"Changeup",0,0,0,0,0,0,0,0,"Infield shade","Standard",250,"0.034","-0.04",,,,,"0.04",,0,0,0.587,0.587,24,28,24,29,1,0,6,1,6,1,"2.88","1.34","-1.34","25.3",,,,,
"SL","2023-07-21","85","-2.82","3.99","Anderson, Grant",605141,681982,,"ball",,,,,12,,"R","R","R","TEX","LAD","B",,,0,1,2023,"0.35","0.73",1.3066642345698656,3.667466675801464,,500743,,1,8,"Top",,,,,,,8.901715669444608,-123.56606485339854,4.0250704083301,2.0978114305358986,21.74845338741203,-25.533202999975735,3.49286322114328,1.65625194637089,,,,"84.9",2408,"6",717316,641680,663993,543760,673962,608369,608671,665750,666969,"54.51",,,,,,,,65,2,"Slider",5,6,6,5,6,5,6,5,"Infield shade","Strategic",176,"-0.041","0.024",,,,,"-0.024",,-1,1,0.239,0.761,26,30,26,31,1,4,3,2,9,1,"2.4","-0.35","-0.35","-2.8",,,,,
"CH","2023-06-06","84.9","1.81","5.63","Henry, Tommy",600869,674072,,"ball",,,,,14,,"R","R","L","WSH","AZ","B",,,1,1,2023,"1.37","0.03",0.07307310731220418,1.0463516636882266,,657041,608841,1,1,"Bot",,,,,,,-6.884005228472863,-123.39980781356729,-4.458215792390799,15.40575847992626,25.263431146629372,-31.18108292745121,3.31202357242174,1.53502170958528,,,,"85.7",1556,"6.9",717881,672515,572233,606466,668942,672695,682998,664983,656976,"53.57",,,,,,,,10,3,"Changeup",0,1,0,1,1,0,0,1,"Standard","Standard",115,"0.033","0.039",,,,,"-0.039",,-1,-1,0.488,0.488,25,29,26,30,1,0,6,2,6,1,"3.15","1.37","-1.37","38.9",,,,,
"SL","2023-08-14","84.9","-1.11","6","Priester, Quinn",643446,682990,,"blocked_ball",,,,,13,,"R","L","R","NYM","PIT","B",,,0,1,2023,"0.39","-0.17",-0.1843380944546691,0.5555781115989245,,596019,624413,0,5,"Bot",,,,,,,1.3910950255206995,-123.60481678391484,-6.169628826294337,3.783548093217278,22.16950395568966,-33.031963143056736,3.47232693732958,1.59254899804746,,,,"85.8",2429,"6.6",717002,682848,663845,678894,663647,675961,656582,669261,680779,"53.88",,,,,,,,47,2,"Slider",5,2,5,2,2,5,5,2,"Standard","Standard",102,"0.016","0.034",,,,,"-0.034",,3,3,0.916,0.916,22,31,23,31,3,2,5,1,30,1,"3.31","-0.39","0.39","45.8",,,,,
"SL","2023-05-07","84.8","-2.3","5.74","Englert, Mason",571448,669438,,"called_strike",,,,,5,,"R","R","R","STL","DET","S",,,0,0,2023,"-0.04","0.52",-0.035114575176329835,2.769129365493535,,502671,669357,0,6,"Bot",,,,,,,5.391455674164072,-123.6086739984526,-1.7559466494895188,-1.3547801421566101,21.36221246885922,-26.679631702418618,3.46063646053273,1.70832258775969,,,,"85.6",1860,"6.4",718272,668670,679529,656716,665155,595879,606992,682985,663837,"54.09",,,,,,,,50,1,"Slider",3,6,3,6,6,3,3,6,"Infield shade","Standard",230,"0.042","-0.048",,,,,"0.048",,-3,-3,0.29,0.29,23,32,24,32,1,2,2,1,5,2,"2.61","0.04","0.04","33.6",,,,,
"SL","2023-04-26","84.8","-2.33","5.38","Bickford, Phil",666801,641360,,"ball",,,,,14,,"R","L","R","PIT","LAD","B",,,2,2,2023,"0.46","-0.05",0.9678837730777207,2.238903346747551,,467793,669261,2,4,"Bot",,,,,,,6.871777669608208,-123.25890444803142,-0.841938375039617,3.2394835278910965,25.813524948542486,-32.75164748915985,3.06339826394994,1.47030402173144,,,,"85.8",2252,"7.1",718413,642851,518692,678246,683737,621035,681546,518792,605141,"53.41",,,,,,,,29,6,"Slider",0,0,0,0,0,0,0,0,"Standard","Standard",90,"0.028","0.064",,,,,"-0.064",,0,0,0.545,0.545,27,24,28,24,1,1,6,1,1,1,"3.24","-0.46","0.46","36.8",,,,,
"SL","2023-08-30","84.7","-2.31","5.66","Robertson, David",670623,502085,,"blocked_ball",,,,,14,,"R","R","R","MIA","TB","B",,,0,2,2023,"0.6","-0.36",0.8944595646325978,-0.20246752434800497,,668227,,2,10,"Top",,,,,,,6.39703253665181,-123.20059679827446,-6.717104731009888,4.8543039502027385,24.25484359290488,-34.75081287137273,3.26908199632741,1.44549664753371,,,,"86.1",2807,"7.2",716778,663743,493329,650333,669394,621563,542932,665862,650559,"53.32",,,,,,,,71,4,"Slider",0,3,3,0,3,0,3,0,"Standard","Standard",78,"0.003","0.018",,,,,"-0.018",,-3,3,0.069,0.931,38,24,38,24,1,4,4,1,2,2,"3.54","-0.6","-0.6","38.1",,,,,
"SL","2023-03-31","84.6","2.77","5.77","Ray, Robbie",680757,592662,,"blocked_ball",,,,,13,,"R","L","L","SEA","CLE","B",,,0,1,2023,"0.11","0.44",-1.2874114188095347,0.36658426726971305,,665926,664702,1,4,"Top",,,,,,,-9.685870687339055,-122.82450695625212,-7.166841769451915,2.8858582581385943,22.879868408938037,-26.489319231519456,3.26945186946237,1.49041730337208,,,,"85",2180,"6.5",718763,663728,664034,543939,553993,641487,672284,677594,606192,"53.97",,,,,,,,34,2,"Slider",3,3,3,3,3,3,3,3,"Standard","Standard",134,"-0.06","0.031",,,,,"-0.031",,0,0,0.46,0.54,31,25,32,26,3,2,,1,,1,"2.74","0.11","0.11","41.0",,,,,
"SL","2023-08-16","84.6","-2.81","6.11","Olson, Reese",543877,681857,,"ball",,,,,11,,"R","R","R","MIN","DET","B",,,0,0,2023,"0.8","-0.33",-0.8760612699867688,3.2965295981969196,,668904,670242,1,3,"Bot",,,,,,,2.920712519369035,-123.33862204277736,0.2924279703799042,7.774476803405635,20.366620079497242,-35.77092582432433,3.11995639098081,1.40125772094161,,,,"84.8",2982,"5.9",716976,668670,679529,628451,663837,656716,668731,682985,681481,"54.55",,,,,,,,32,1,"Slider",4,3,4,3,3,4,4,3,"Standard","Standard",59,"0.045","0.042",,,,,"-0.042",,1,1,0.704,0.704,23,32,24,33,2,1,6,3,6,2,"3.46","-0.8","-0.8","37.7",,,,,
"CH","2023-06-09","84.6","2.79","5.08","Heaney, Andrew",670623,571760,,"called_strike",,,,,2,,"R","R","L","TB","TEX","S",,,0,0,2023,"1.44","0.7",-0.1305782967692104,3.166835518829353,,623912,668227,2,3,"Bot",,,,,,,-9.722636393128617,-122.79870752002724,0.594917513729372,16.514328179080575,25.88327092247266,-25.533875356476678,3.2164021638724,1.46974600243419,,,,"84.8",2189,"6.7",717827,641680,663993,543760,673962,608369,677649,665750,666969,"53.82",,,,,,,,25,1,"Changeup",1,1,1,1,1,1,1,1,"Infield shade","Standard",111,"0.005","-0.04",,,,,"0.04",,0,0,0.549,0.549,32,24,32,24,2,1,6,1,5,1,"2.52","1.44","-1.44","33.8",,,,,
"CH","2023-06-21","84.5","-2.7","4.55","Strzelecki, Peter",656976,657265,,"called_strike",,,,,7,,"R","L","R","MIL","AZ","S",,,1,0,2023,"-1.58","-0.33",-0.4405890947995341,1.7165094164053292,,682998,572233,2,7,"Top",,,,,,,8.575245113394748,-122.69562663617089,0.5027206300556994,-17.7359593793898,25.666928233910433,-35.84597239772519,3.18485999055196,1.6001206089174,,,,"85.7",1700,"7.3",717672,661388,680911,649966,605119,642715,592885,686894,606132,"53.21",,,,,,,,53,2,"Changeup",1,2,2,1,2,1,2,1,"Standard","Standard",281,"-0.009","-0.045",,,,,"0.045",,-1,1,0.312,0.688,28,27,29,27,1,3,4,1,2,2,"3.55","1.58","-1.58","12.0",,,,,
"SL","2023-09-12","84.5","-1.73","5.98","Kowar, Jackson",686676,663804,,"called_strike",,,,,9,,"R","R","R","CWS","KC","S",,,0,0,2023,"0.05","-0.3",0.3162662210861401,1.7761777590248156,,462101,,1,6,"Bot",,,,,,,4.67912530795986,-123.11102528132334,-2.950841849809498,-0.2234887862084782,20.43901529884161,-34.96734174720941,3.26081937569521,1.44643978291726,,,,"85.6",2309,"6.6",716611,521692,668472,679845,672580,677951,669004,671221,676369,"53.93",,,,,,,,50,1,"Slider",6,1,6,1,1,6,6,1,"Standard","Standard",42,"0.003","-0.038",,,,,"0.038",,5,5,0.976,0.976,26,24,27,25,1,2,2,3,5,2,"3.44","-0.05","-0.05","44.2",,,,,
"CH","2023-04-26","84.5","1.13","6.01","Sandoval, Patrick",667670,663776,,"called_strike",,,,,12,,"R","R","L","LAA","ATH","S",,,1,0,2023,"1.05","0.91",0.942496933640531,3.0796816959343385,,665923,,2,3,"Top",,,,,,,-2.5436275607817054,-122.9617379638248,-2.2557390569267257,11.175708486920682,25.838473926753387,-22.765043218883477,3.44821607813822,1.68022195685786,,,,"84.8",1996,"6.6",718408,642136,570482,592273,543685,687263,621493,545361,592669,"53.91",,,,,,,,25,2,"Changeup",5,2,2,5,2,5,2,5,"Standard","Standard",127,"0","-0.046",,,,,"0.046",,3,-3,0.81,0.18999999999999995,26,28,27,29,2,1,6,1,6,1,"2.3","1.05","-1.05","52.7",,,,,
"SL","2023-04-15","84.5","-0.9","5.76","Contreras, Roansy",502671,672710,,"called_strike",,,,,8,,"R","R","R","STL","PIT","S",,,1,1,2023,"0.41","-0.07",0.04077656167545757,2.177421963343639,,680977,,1,5,"Bot",,,,,,,1.374806470101757,-123.08808660083862,-1.830886535184871,3.8344540196966332,25.861627872276717,-32.75905466374117,3.4895054837386,1.6746245425718,,,,"84.3",2357,"6.2",718568,641511,467793,664029,663647,666801,668804,678225,656582,"54.25",,,,,,,,43,3,"Slider",2,2,2,2,2,2,2,2,"Standard","Standard",100,"0.02","-0.078",,,,,"0.078",,0,0,0.592,0.592,23,35,24,36,3,2,5,1,5,1,"3.27","-0.41","-0.41","46.7",,,,,
"ST","2023-05-25","84.4","-2","5.76","Sims, Lucas",657557,608371,,"ball",,,,,14,,"R","R","R","CIN","STL","B",,,2,0,2023,"1.66","0.51",1.754545619826531,1.8965032355529696,,669357,680977,2,8,"Top",,,,,,,5.36054604459696,-122.77233245615803,-3.5299317371066943,15.411828834782623,27.37355165737686,-26.521074865267508,3.24660479494283,1.50277970943493,,,,"82.9",3127,"5.6",718030,571912,668715,663697,669222,680574,641584,670770,656413,"54.9",,,,,,,,58,3,"Sweeper",0,1,1,0,1,0,1,0,"Standard","Standard",72,"-0.011","0.067",,,,,"-0.067",,-1,1,0.254,0.746,29,29,29,30,1,3,3,2,3,1,"2.73","-1.66","-1.66","38.5",,,,,
"SL","2023-04-17","84.3","1.52","5.72","Fried, Max",593428,608331,,"called_strike",,,,,7,,"R","R","L","SD","ATL","S",,,1,0,2023,"-0.6","-0.07",-0.5602695663529371,1.66799969378207,,640492,641525,2,2,"Bot",,,,,,,-3.632977232422795,-122.70633196383854,-2.8904950336009563,-5.35143691487159,25.14663924879878,-32.54313648549156,3.55716228307933,1.66040767816298,,,,"84.3",2413,"6.3",718533,669221,621566,645277,663586,687093,607680,642201,660670,"54.16",,,,,,,,20,2,"Slider",0,2,0,2,2,0,0,2,"Standard","Standard",309,"-0.002","-0.045",,,,,"0.045",,-2,-2,0.34,0.34,29,30,29,31,2,1,18,1,6,1,"3.29","-0.6","0.6","45.1",,,,,
"CH","2023-04-15","84.3","1.89","5.44","Matz, Steven",467793,571927,,"ball",,,,,14,,"R","R","L","STL","PIT","B",,,1,0,2023,"1.33","0.11",0.4447979583761219,1.169947418554707,,663647,668804,2,3,"Top",,,,,,,-6.0287052770214515,-122.58707241168374,-3.7163939112589524,14.580315679135895,26.462388075763457,-30.534057890964718,3.56258469591491,1.82241674030757,,,,"84.5",2433,"6.7",718568,668800,680977,669357,571448,669242,676475,663457,691023,"53.83",,,,,,,,22,2,"Changeup",2,1,1,2,1,2,1,2,"Standard","Standard",93,"-0.019","0.021",,,,,"-0.021",,1,-1,0.614,0.386,32,37,32,37,2,1,5,2,6,1,"3.13","1.33","-1.33","29.4",,,,,
"KC","2023-07-04","84.3","-2.63","5.8","Abbott, Cory",682829,676265,,"ball",,,,,9,,"R","L","R","WSH","CIN","B",,,0,0,2023,"0.41","-0.56",0.6665510904249625,1.788897772637898,,680574,,1,8,"Top",,,,,,,6.8250184647360985,-122.74968799359837,-1.8713372358293574,2.898718110545224,22.762600121764308,-37.762098748151296,3.83220637056179,1.81910462909873,,,,"84.3",2312,"6.1",717507,656180,642086,671277,600869,682928,572816,656537,657041,"54.39",,,,,,,,71,1,"Knuckle Curve",4,7,7,4,7,4,7,4,"Standard","Strategic",35,"-0.012","0.034",,,,,"-0.034",,-3,3,0.065,0.935,27,21,28,21,2,4,3,1,2,1,"3.75","-0.41","0.41","41.1",,,,,
"CH","2023-07-15","84.3","2.92","5.01","Heaney, Andrew",605137,571760,,"ball",,,,,14,,"R","R","L","TEX","CLE","B",,,1,1,2023,"1.47","0.35",1.4069890483525245,2.4195891621169623,,647304,,1,6,"Top",,,,,,,-6.452301584555364,-122.55387054730727,-0.3310937263676834,16.101636128290743,24.388166606453225,-28.791269631950023,3.90003392652599,1.93461350777854,,,,"84.5",2205,"6.5",717402,641680,663993,543760,673962,608369,608671,665750,666969,"54.05",,,,,,,,45,3,"Changeup",2,0,0,2,0,2,0,2,"Infield shade","Standard",110,"-0.036","0.052",,,,,"-0.052",,2,-2,0.757,0.243,32,30,32,31,3,2,7,1,6,2,"2.86","1.47","-1.47","27.2",,,,,
"FS","2023-05-07","84.3","-1.62","6.07","Harris, Hobie",606466,665048,,"ball",,,,,14,,"R","L","R","AZ","WSH","B",,,2,2,2023,"-0.52","-0.06",0.8879805317604946,2.0518750212541907,,672695,668942,1,6,"Bot",,,,,,,6.856576755091751,-122.6303033122998,-2.878650697644858,-6.510722343987304,22.688733454910096,-32.41287982965086,3.7726805569763,1.90708108943305,,,,"84.4",1326,"6.3",718263,660688,642086,671277,545121,682928,656448,669743,657041,"54.24",,,,,,,,54,5,"Split-Finger",7,3,7,3,3,7,7,3,"Standard","Standard",249,"0.011","0.062",,,,,"-0.062",,4,4,0.957,0.957,30,29,30,30,1,3,2,1,2,1,"3.25","0.52","-0.52","39.0",,,,,
"ST","2023-09-19","84.2","-2.79","4.44","Lawrence, Justin",665742,664875,,"ball",,,,,14,,"R","L","R","SD","COL","B",,,0,0,2023,"1.3","0.43",0.6639312491505369,1.4571979096391412,,665487,,0,8,"Bot",,,,,,,5.429937944163993,-122.58030361053693,-1.3653431474475117,11.912292139358312,25.781629628764826,-27.82409844661305,3.20979028273289,1.58946362011532,,,,"84.1",2966,"6.3",716516,553869,660707,663898,641857,678662,666134,686668,696100,"54.18",,,,,,,,58,1,"Sweeper",0,0,0,0,0,0,0,0,"Strategic","Standard",77,"0.079","0.036",,,,,"-0.036",,0,0,0.737,0.737,28,24,29,25,1,3,4,1,1,1,"2.8","-1.3","1.3","-0.3",,,,,
"SL","2023-07-22","84.2","-1.57","5.36","Singer, Brady",641856,663903,"strikeout","swinging_strike",,,,,8,"Billy McKinney strikes out swinging. Anthony Volpe steals (17) 3rd base.","R","L","R","NYY","KC","S",2,,1,2,2023,"0.01","-0.06",0.11631723297611696,1.623173515122391,,683011,,0,3,"Bot",,,,,,,3.9319590467085934,-122.74317075613355,-2.2788432098204257,-0.584264855301084,22.27733962567125,-32.53594884016323,3.09,1.46,,,,"85.6",2346,"6.9",717304,521692,668472,686681,672580,677951,669004,664728,671221,"53.57",,0,"0",1,0,0,,20,4,"Slider",1,1,1,1,1,1,1,1,"Infield shade","Standard",108,"0.002","-0.23","75.3","7.7","0.658068888",,"0.23",,0,0,0.609,0.609,26,28,27,29,2,1,6,1,6,1,"3.24","-0.01","0.01","34.7",21.5607659288099,-11.625455477644351,38.40932557048789,37.308375681964925,38.31366453519624
"FS","2023-05-14","84.1","-1.04","6","Gonsolin, Tony",593428,664062,,"ball",,,,,14,,"R","R","R","LAD","SD","B",,,0,2,2023,"-0.89","-0.03",0.8863596404694017,1.3326663270754326,,665487,,2,1,"Top",,,,,,,6.156394886861973,-122.46192434100259,-4.426359387539162,-10.081872904170561,21.48291611360019,-31.918872916955884,3.57984547372662,1.6409981585877,,,,"83.8",1363,"5.8",718168,605131,518692,678246,571970,500743,621035,681546,605141,"54.68",,,,,,,,4,3,"Split-Finger",0,0,0,0,0,0,0,0,"Standard","Standard",249,"-0.007","0.018",,,,,"-0.018",,0,0,0.529,0.471,29,30,29,31,1,0,6,1,5,1,"3.22","0.89","0.89","38.6",,,,,
"KC","2023-05-15","84.1","-2.04","6","López, Jorge",669257,605347,"strikeout","swinging_strike",,,,,2,"Will Smith strikes out swinging. Freddie Freeman to 2nd. Chris Taylor steals (4) 3rd base. Freddie Freeman steals (6) 2nd base.","R","R","R","LAD","MIN","S",2,,2,2,2023,"0.52","-0.76",0.03242319976705521,3.124380929351783,,621035,518692,1,12,"Bot",,,,,,,3.775045206850524,-122.52116438320662,1.197852102812266,4.505629718370731,23.721324079140665,-40.24747208881772,3.35,1.55,,,,"84.1",2538,"6.2",718159,543877,456781,593871,571657,650489,666135,572191,663616,"54.31",,0,"0",1,0,0,,104,6,"Knuckle Curve",8,8,8,8,8,8,8,8,"Infield shade","Standard",47,"-0.062","-0.201",,,,,"0.201",,0,0,0.696,0.696,30,28,30,28,1,5,1,2,5,2,"3.97","-0.52","-0.52","41.0",,,,,
"KC","2023-09-08","84","-1.52","5.83","Kirby, George",650907,669923,,"called_strike",,,,,2,,"R","R","R","TB","SEA","S",,,0,0,2023,"0.78","-0.71",-0.06579431871583896,2.8476985525121923,,642350,,1,7,"Bot",,,,,,,1.8416162735093902,-122.17579814334454,1.0504126530668194,7.182117666002557,29.595873858252975,-39.68038385278759,3.32125682013637,1.51485789985925,,,,"83.4",2363,"6.5",716671,663728,664034,664238,553993,641487,686527,677594,606192,"54.02",,,,,,,,56,1,"Knuckle Curve",2,4,2,4,4,2,2,4,"Standard","Standard",43,"0.02","-0.038",,,,,"0.038",,-2,-2,0.251,0.251,25,26,25,27,3,2,5,2,7,1,"4.01","-0.78","-0.78","35.6",,,,,
"CH","2023-06-29","84","-2.1","5.18","Williams, Devin",641645,642207,,"called_strike",,,,,5,,"R","L","R","NYM","MIL","S",,,1,1,2023,"-1.72","0.08",0.00526176843741899,1.9595150340230787,,592192,682626,1,9,"Bot",,,,,,,8.471374738647937,-122.0738500431116,-1.1658170066660147,-18.898448751752557,25.206791708024312,-31.36469829660164,2.90034765772042,1.37660903214258,,,,"85.5",2631,"7.5",717565,605170,680911,668930,605119,642715,592885,686894,663368,"53.04",,,,,,,,76,3,"Changeup",2,3,2,3,3,2,2,3,"Standard","Strategic",274,"0.051","-0.059",,,,,"0.059",,-1,-1,0.335,0.335,28,28,29,29,1,0,1,5,3,1,"3.17","1.72","-1.72","18.8",,,,,
"ST","2023-06-30","84","2.17","5.23","Saucedo, Tayler",670042,642048,,"ball",,,,,13,,"R","L","L","SEA","TB","B",,,1,1,2023,"-0.68","0.3",-1.9071271190708983,2.343893784864247,,677551,,1,8,"Top",,,,,,,-8.23062130470186,-122.14981516212669,-0.8585148712739888,-5.219034115407905,23.8772010475802,-29.25496703781957,3.55678766021654,1.65463599093165,,,,"85.5",2344,"7.3",717548,663728,664034,676609,553993,641487,672284,677594,606192,"53.19",,,,,,,,69,3,"Sweeper",4,11,11,4,11,4,11,4,"Standard","Standard",274,"-0.001","0.052",,,,,"-0.052",,-7,7,0.004,0.996,30,28,30,29,1,4,2,1,5,1,"2.94","-0.68","-0.68","28.1",,,,,
"SL","2023-04-07","83.9","0.81","5.87","Shuster, Jared",443558,694363,,"called_strike",,,,,5,,"R","R","L","ATL","SD","S",,,0,1,2023,"-0.4","0.16",-0.012089704636179754,2.85228088194529,,665742,592518,1,1,"Top",,,,,,,-1.1083914244635067,-122.32068240151273,-0.9753472140485114,-3.859061954787567,21.68817790847429,-30.613371310718012,3.51439202835304,1.59215160117658,,,,"84.9",2207,"6.6",718676,669221,621566,645277,663586,606115,592696,656541,660670,"53.89",,,,,,,,4,2,"Slider",0,0,0,0,0,0,0,0,"Standard","Strategic",203,"-0.021","-0.05",,,,,"0.05",,0,0,0.467,0.5329999999999999,24,42,25,43,1,0,5,3,39,2,"3.04","-0.4","0.4","49.7",,,,,
"SL","2023-04-15","83.9","-2.69","5.73","Kopech, Michael",663624,656629,,"called_strike",,,,,8,,"R","R","R","CWS","BAL","S",,,0,0,2023,"0.42","-0.59",0.03757203823936045,2.238175116673281,,656775,,1,3,"Top",,,,,,,5.52803245837659,-122.05989130331021,-0.5039332909348971,3.0920242730948977,23.940024452950126,-38.176615345991344,3.49380391743875,1.74587650200083,,,,"84.5",2383,"6.7",718570,518735,683734,672820,669394,462101,643217,673357,693049,"53.83",,,,,,,,19,1,"Slider",0,1,1,0,1,0,1,0,"Infield shade","Standard",59,"-0.021","-0.038",,,,,"0.038",,-1,1,0.369,0.631,27,26,27,26,2,1,6,1,6,1,"3.83","-0.42","-0.42","40.4",,,,,
"CH","2023-06-05","83.9","1.26","5.57","Pérez, Martín",663609,527048,,"blocked_ball",,,,,14,,"R","R","L","TEX","STL","B",,,0,1,2023,"1.24","0.65",0.03060187760538713,0.5231955269355719,,575929,,0,2,"Top",,,,,,,-5.2474879333545195,-121.96694848785035,-6.491053810885216,13.402257680332157,24.08353043299592,-24.61705362747415,3.74171404532158,1.62520753066024,,,,"83.3",1585,"6",717879,641680,663993,543760,673962,608369,677649,665750,666969,"54.52",,,,,,,,10,2,"Changeup",0,0,0,0,0,0,0,0,"Standard","Standard",125,"-0.029","0.02",,,,,"-0.02",,0,0,0.443,0.5569999999999999,32,26,32,26,1,0,6,1,6,5,"2.6","1.24","-1.24","42.8",,,,,
"SL","2023-07-15","83.8","1.59","5.73","Strahm, Matt",596142,621381,,"called_strike",,,,,6,,"R","R","L","PHI","SD","S",,,0,0,2023,"0","0.76",0.3370876450611488,2.836627526348136,,593428,,1,8,"Top",,,,,,,-2.877017039186799,-121.9113201926927,-1.6994139230469578,0.6286476612880754,26.48897690693378,-24.488925092138594,3.4838133248379,1.62997869190956,,,,"83.2",2384,"6.1",717408,592663,669742,681082,664761,607208,669016,679032,592206,"54.35",,,,,,,,66,1,"Slider",3,4,4,3,4,3,4,3,"Standard","Standard",269,"-0.028","-0.038",,,,,"0.038",,-1,1,0.233,0.767,31,30,32,31,1,3,6,1,1,1,"2.51","0","0","39.2",,,,,
"SL","2023-05-05","83.8","3.3","5.67","Manaea, Sean",661388,640455,,"ball",,,,,14,,"R","R","L","SF","MIL","B",,,0,1,2023,"0.06","0.21",0.8259070387558953,0.8374684514018891,,621438,686894,0,5,"Top",,,,,,,-5.890971642904368,-121.91068364736142,-5.222785643628849,1.7796224526466138,23.482750902525137,-29.30439802134063,3.09245877542027,1.5288612824823,,,,"84.7",,"6.8",718293,663698,664774,689172,605204,642731,571745,670276,624424,"53.68",,,,,,,,35,2,"Slider",2,2,2,2,2,2,2,2,"Standard","Standard",,"-0.069","0.034",,,,,"-0.034",,0,0,0.393,0.607,31,25,31,26,3,2,6,2,5,1,"3.04","0.06","-0.06","26.4",,,,,
"CH","2023-06-11","83.8","1.54","5.87","Morán, Jovani",672386,663558,,"ball",,,,,6,,"R","R","L","TOR","MIN","B",,,0,1,2023,"1.02","0.18",0.7603104692629787,2.0466284811050226,,662139,593160,2,5,"Bot",,,,,,,-3.7969134306966943,-121.95488809059322,-2.7784203761095196,10.880333609524575,24.00696614740645,-30.032043299058714,2.98421781193272,1.41595809138559,,,,"83.8",1555,"6.3",717805,543877,666135,666397,668904,621043,663616,572191,596146,"54.21",,,,,,,,50,2,"Changeup",4,6,4,6,6,4,4,6,"Standard","Standard",134,"0.026","0.025",,,,,"-0.025",,-2,-2,0.274,0.274,26,24,26,25,1,2,2,1,4,2,"3.06","1.02","-1.02","42.6",,,,,
"ST","2023-08-23","83.7","-2.53","4.96","Topa, Justin",462101,623437,"truncated_pa","ball",,,,,14,,"R","R","R","CWS","SEA","B",6,,0,1,2023,"1.15","-0.26",1.280561006469633,2.0928476142313905,,641313,,0,10,"Bot",,,,,,,6.480805716805292,-121.84333256626915,0.24000370204528942,10.370984450031232,21.758009335139366,-35.02323739438507,3.08241161799037,1.45418288140234,,,,"83.3",2308,"5.8",716881,663728,664034,668942,553993,641487,687799,677594,606192,"54.71",,,"0",0,0,0,,85,2,"Sweeper",4,4,4,4,4,5,5,4,"Infield shade","Standard",71,"0.21","0.32",,,,,"-0.32",,0,0,0.79,0.79,32,34,32,35,1,4,1,1,2,1,"3.49","-1.15","-1.15","9.5",,,,,
"CH","2023-04-26","83.7","1.9","5.68","Matz, Steven",642731,571927,,"ball",,,,,12,,"R","R","L","SF","STL","B",,,0,1,2023,"1.12","-0.23",1.2235900475439443,2.6251961492328166,,596103,,0,1,"Bot",,,,,,,-3.767087432143676,-121.89670955940919,-0.2469046027927021,11.896516851391645,21.68442601006766,-34.64948659342731,3.28548728390529,1.64446364017139,,,,"84.3",2164,"6.4",718423,575929,502671,680977,571448,657557,641933,663457,676475,"54.09",,,,,,,,7,2,"Changeup",0,1,0,1,1,0,0,1,"Standard","Standard",87,"0.028","0.02",,,,,"-0.02",,-1,-1,0.504,0.504,32,27,32,27,1,0,5,1,6,1,"3.45","1.12","-1.12","34.7",,,,,
"CH","2023-05-02","83.7","3.05","5.09","Fleming, Josh",664029,676596,,"ball",,,,,13,,"R","R","L","TB","PIT","B",,,2,0,2023,"1.17","0",-0.4830492461998446,1.3746029550773735,,656582,,2,4,"Top",,,,,,,-10.536773528527476,-121.3919845280323,-2.124270119897526,13.638522148512177,23.71270422270953,-31.958686939919442,3.31935576282962,1.66768255634808,,,,"84.3",1675,"6.9",718347,542194,650490,664040,670623,677551,668227,642350,622534,"53.63",,,,,,,,28,3,"Changeup",0,0,0,0,0,0,0,0,"Infield shade","Standard",100,"-0.01","0.037",,,,,"-0.037",,0,0,0.515,0.485,27,28,27,29,2,1,6,3,5,3,"3.27","1.17","-1.17","24.3",,,,,
"CH","2023-08-30","83.7","1.06","5.71","Wentz, Joey",664056,666214,,"called_strike",,,,,1,,"R","R","L","DET","NYY","S",,,0,0,2023,"1.3","0.64",-0.8057270600699995,2.7150539670068876,,683011,,0,3,"Top",,,,,,,-6.923164951711723,-121.61381687987848,-1.7151258686489612,14.26871794337941,25.147747441822187,-25.722399976589497,3.11041415960625,1.47590434017502,,,,"84",1891,"6.7",716781,668670,679529,628451,663837,656716,668731,678009,682985,"53.81",,,,,,,,22,1,"Changeup",0,3,3,0,3,0,3,0,"Infield shade","Standard",117,"-0.014","-0.046",,,,,"0.046",,-3,3,0.169,0.831,25,29,26,29,1,1,12,1,6,2,"2.64","1.3","-1.3","38.2",,,,,
"SL","2023-05-05","83.7","-1.14","5.9","Moreta, Dauri",643376,664294,,"swinging_strike",,,,,14,,"R","R","R","PIT","TOR","S",,,1,1,2023,"-0.34","-0.06",0.23807363031173406,0.953911328542842,,593160,662139,1,6,"Top",,,,,,,3.8477906559571053,-121.82602648782395,-4.859113988428624,-4.171818599822098,24.360629291532227,-32.04324639516326,3.26,1.53,,,,"83.7",1919,"6.3",718307,595978,467793,678225,666801,672779,668804,669261,609280,"54.2",,,,,,,,45,3,"Slider",0,4,4,0,4,0,4,0,"Infield shade","Standard",286,"-0.009","-0.059",,,,,"0.059",,-4,4,0.072,0.928,27,28,27,28,1,2,3,1,2,2,"3.32","0.34","0.34","45.6",,,,,
"CH","2023-07-22","83.6","-2.33","5.16","Williams, Devin",606115,642207,,"ball",,,,,14,,"R","R","R","MIL","ATL","B",,,0,1,2023,"-1.44","-0.46",1.2891332741701533,0.8601898553914067,,657088,,1,9,"Top",,,,,,,11.310569687264495,-121.17583306583431,-2.499774565803773,-16.441847803557344,25.572154125705758,-36.34031906501373,3.31304472642186,1.62523999575807,,,,"84.3",2817,"7.2",717296,661388,680911,668930,655316,642715,592885,663368,686217,"53.34",,,,,,,,69,2,"Changeup",4,3,3,4,3,4,3,4,"Infield shade","Standard",280,"-0.106","0.024",,,,,"-0.024",,1,-1,0.785,0.21499999999999997,28,28,29,29,1,3,3,1,2,1,"3.77","1.44","1.44","15.7",,,,,
"ST","2023-08-30","83.6","-2.46","4.8","Topa, Justin",676116,623437,,"called_strike",,,,,2,,"R","L","R","SEA","ATH","S",,,1,1,2023,"1.35","0.47",-0.19236101741016487,3.3859196779385288,,665923,,1,7,"Top",,,,,,,2.5562599630175775,-121.80175231390352,2.1605045506810403,13.000548350449389,22.524575477612732,-28.103257094149587,3.59254188743163,1.7108359808516,,,,"83.2",2439,"5.8",716788,663728,664034,668942,553993,641487,686527,664238,606192,"54.68",,,,,,,,51,3,"Sweeper",3,4,4,3,4,3,4,3,"Standard","Standard",73,"-0.018","-0.078",,,,,"0.078",,-1,1,0.286,0.714,32,27,32,27,1,3,3,1,3,2,"2.77","-1.35","1.35","18.3",,,,,
"SL","2023-09-20","83.6","-2.05","6.13","García, Luis",696100,472610,,"blocked_ball",,,,,14,,"R","R","R","SD","COL","B",,,0,0,2023,"0.61","-0.18",0.6155819962310793,0.5809140973555116,,453568,666134,2,7,"Top",,,,,,,4.9732385470280525,-121.60134786509023,-6.021067890249499,5.011168914391537,24.550316493062606,-32.89862313185106,3.13462505207842,1.44751768147987,,,,"83.9",2457,"6.6",716500,664954,643265,676946,666703,593428,665742,640492,665487,"53.94",,,,,,,,51,1,"Slider",1,2,2,1,2,1,2,1,"Standard","Standard",71,"-0.009","0.03",,,,,"-0.03",,-1,1,0.315,0.685,36,23,36,24,1,0,2,1,2,3,"3.45","-0.61","-0.61","45.0",,,,,
"SL","2023-09-22","83.6","-3.62","5.63","Wingenter, Trey",669127,622259,,"ball",,,,,11,,"R","R","R","ATH","DET","B",,,0,0,2023,"0.14","-0.05",-1.2753978661221983,2.665557465988472,,665923,,2,7,"Bot",,,,,,,5.196967597524628,-121.72029469113633,-0.362759025706605,0.48750851256278394,21.424803737470654,-32.783375904363815,3.21088188647016,1.45392717959664,,,,"84.9",1803,"6.9",716472,608348,679529,670097,663527,595879,628451,663837,681481,"53.6",,,,,,,,61,1,"Slider",8,2,8,2,2,8,8,2,"Standard","Standard",52,"0","0.02",,,,,"-0.02",,6,6,0.993,0.993,29,25,29,26,1,1,4,1,5,1,"3.28","-0.14","-0.14","33.5",,,,,
"ST","2023-09-23","83.3","-2.37","4.99","Barlow, Scott",668800,605130,,"called_strike",,,,,6,,"R","R","R","SD","STL","S",,,0,0,2023,"0.86","0.88",0.45205975648612584,2.325405142962009,,691023,672279,1,11,"Top",,,,,,,4.822149556493016,-121.33216125544425,-1.4139432914220311,7.56572308896077,24.028426625056024,-23.389261630050186,3.30626517025859,1.52941762800638,,,,"84",2502,"6.7",716457,669134,676946,673490,666703,593428,665742,665487,595777,"53.8",,,,,,,,87,1,"Sweeper",2,4,4,2,4,2,4,2,"Standard","Strategic",83,"-0.029","-0.04",,,,,"0.04",,-2,2,0.145,0.855,30,28,31,28,1,4,1,2,4,3,"2.4","-0.86","-0.86","23.5",,,,,
"ST","2023-08-15","83.2","-2.1","5.05","White, Brendan",668904,686839,,"ball",,,,,14,,"R","R","R","MIN","DET","B",,,2,1,2023,"1.1","-0.26",0.3334913752306372,0.9621262914421758,,593871,596146,1,7,"Bot",,,,,,,3.4650623856052998,-121.17060444873704,-2.4526034672922963,10.179465916627326,22.94757735270816,-34.51485230815046,3.45071854588895,1.62161507159304,,,,"84.2",2819,"6.8",716983,606992,679529,656371,663837,656716,668731,682985,681481,"53.65",,,,,,,,57,4,"Sweeper",5,2,5,2,2,5,5,2,"Standard","Standard",44,"0.01","0.104",,,,,"-0.104",,3,3,0.951,0.951,24,24,25,24,1,3,2,45,6,1,"3.54","-1.1","-1.1","34.0",,,,,
"ST","2023-08-09","83.1","-1.88","4.84","White, Brendan",680777,686839,,"called_strike",,,,,5,,"R","R","R","DET","MIN","S",,,0,1,2023,"1.25","-0.39",-0.15605379387521978,2.2863190885652918,,650489,,1,6,"Top",,,,,,,1.5158766604088398,-121.05057659398773,1.416471199921805,11.865864019923336,25.44012451202403,-36.48486368483598,3.28741409200309,1.49792081702038,,,,"83.1",2908,"6.4",717061,606992,679529,656716,663837,595879,668731,682985,681481,"54.08",,,,,,,,52,2,"Sweeper",5,4,4,5,4,5,4,5,"Infield shade","Standard",48,"-0.016","-0.069",,,,,"0.069",,1,-1,0.637,0.363,24,26,25,26,1,2,3,2,2,1,"3.7","-1.25","-1.25","36.9",,,,,
"CH","2023-04-16","83.1","2.74","5.12","Heaney, Andrew",682073,571760,,"ball",,,,,12,,"R","R","L","HOU","TEX","B",,,1,1,2023,"1.55","0.36",2.0426206723599822,3.500102001145706,,665161,,2,4,"Bot",,,,,,,-4.650090977365529,-120.89626379295262,2.137326341800785,16.072139329855922,26.280938700109342,-29.3957501196224,3.3203168174526,1.61867382311225,,,,"82.9",2061,"6.4",718552,641680,663993,543760,673962,677649,669352,665750,666969,"54.05",,,,,,,,29,3,"Changeup",0,0,0,0,0,0,0,0,"Standard","Standard",110,"0.009","0.021",,,,,"-0.021",,0,0,0.54,0.54,32,27,32,27,2,1,6,2,6,1,"2.97","1.55","-1.55","29.3",,,,,
"CH","2023-09-29","83","1.11","5.56","Wentz, Joey",608070,666214,,"ball",,,,,8,,"R","R","L","DET","CLE","B",,,1,0,2023,"1.37","0.6",-0.2286476625456042,1.3559750328188955,,664702,680757,2,2,"Top",,,,,,,-5.771970870232435,-120.63220763522314,-4.274790420173891,14.49473870744698,25.493433964932432,-25.649878673485233,3.35936453626854,1.4505577796619,,,,"83.1",2008,"6.6",716395,668670,679529,656716,663837,595879,668731,678009,681481,"53.88",,,,,,,,15,2,"Changeup",0,3,3,0,3,0,3,0,"Infield shade","Standard",112,"-0.01","0.021",,,,,"-0.021",,-3,3,0.224,0.776,25,30,26,31,2,1,6,2,,1,"2.74","1.37","-1.37","32.7",,,,,
"CH","2023-05-24","83","1.81","5.56","Matz, Steven",676480,571927,,"called_strike",,,,,5,,"R","R","L","CIN","STL","S",,,2,1,2023,"1.18","-0.16",0.09256104471142534,2.623388352878925,,656413,621028,2,3,"Bot",,,,,,,-6.276704212183116,-120.72219305940348,0.09627949759328347,12.72758652257745,23.7856255400909,-33.98980727223232,3.32886708854207,1.66580368791396,,,,"83.5",2265,"6.6",718041,575929,680977,669357,571448,669242,676475,663457,640458,"53.85",,,,,,,,32,4,"Changeup",5,0,5,0,0,5,5,0,"Standard","Standard",87,"0","-0.06",,,,,"0.06",,5,5,0.932,0.932,32,25,32,25,2,1,5,2,5,2,"3.48","1.18","-1.18","30.8",,,,,
"FC","2023-04-09","82.9","2.23","5.73","Ferguson, Caleb",672695,657571,,"ball",,,,,3,,"R","R","L","AZ","LAD","B",,,1,1,2023,"-0.29","-0.21",0.5567720834692436,2.951133540857726,,605113,645444,1,5,"Bot",,,,,,,-3.2752133034263142,-120.86447103361137,0.4540854909381813,-2.24094432800938,21.513069926426777,-34.52551186032685,3.33678555674609,1.57582660461181,,,,"83.4",2655,"6.3",718639,605131,518692,678246,571970,500743,444482,681546,605141,"54.19",,,,,,,,51,3,"Cutter",9,3,9,3,3,9,9,3,"Standard","Standard",295,"0.004","0.039",,,,,"-0.039",,6,6,0.981,0.981,26,23,27,24,1,3,5,1,2,2,"3.49","-0.29","0.29","40.5",,,,,
"CH","2023-06-22","82.8","2.56","5.94","Garrett, Braxton",666801,666129,,"blocked_ball",,,,,13,,"R","R","L","MIA","PIT","B",,,1,2,2023,"1.49","0.21",-0.15870916158616177,0.2388769723624069,,467793,,2,4,"Top",,,,,,,-9.11000331667899,-120.04764758533577,-6.872003918581913,16.204787072679718,24.340975880264015,-28.857662017313213,3.37173662494597,1.570376965049,,,,"82.6",1426,"6.4",717654,663743,643265,650333,542932,621563,650559,641505,660821,"54.06",,,,,,,,25,4,"Changeup",1,1,1,1,2,1,2,1,"Standard","Standard",112,"-0.112","0.015",,,,,"-0.015",,0,0,0.531,0.469,25,24,26,24,2,1,5,1,6,1,"3.15","1.49","-1.49","44.2",,,,,
"ST","2023-07-20","82.8","-2.3","5.84","Junis, Jakob",682829,596001,,"ball",,,,,11,,"R","L","R","CIN","SF","B",,,0,1,2023,"1.02","-0.24",-0.8615067535248834,3.515605375068447,,666181,,1,6,"Bot",,,,,,,1.2973732180569002,-120.66217753815475,1.5556013243154347,9.740534015674228,21.793913834168894,-35.02319757331059,3.75318522682367,1.72602895712348,,,,"82.5",2439,"5.8",717334,672275,527038,689172,681584,669477,596103,682641,573262,"54.68",,,,,,,,48,2,"Sweeper",5,0,5,0,0,5,5,0,"Infield shade","Standard",70,"0.005","0.024",,,,,"-0.024",,5,5,0.975,0.975,30,21,31,21,1,3,2,1,3,1,"3.54","-1.02","1.02","27.3",,,,,
"FS","2023-09-29","82.8","-1.4","6.1","Neris, Héctor",502054,593576,,"called_strike",,,,,6,,"R","R","R","AZ","HOU","S",,,0,0,2023,"-0.85","0.13",0.6307045632066428,2.395897327081829,,682998,606466,2,8,"Bot",,,,,,,6.259927460730021,-120.44256081529312,-2.157682016483233,-9.556065808604908,25.069147119128676,-30.67419405003249,3.39710347946259,1.51355657791167,,,,"82.1",1141,"6",716384,455117,547989,514888,608324,665161,488726,676801,663656,"54.47",,,,,,,,61,1,"Split-Finger",0,2,0,2,2,0,0,2,"Infield shade","Standard",256,"0.018","-0.04",,,,,"0.04",,-2,-2,0.164,0.164,34,35,34,35,1,3,2,1,1,1,"3.22","0.85","0.85","43.7",,,,,
"SL","2023-06-17","82.8","1.66","6.02","Sánchez, Cristopher",681146,650911,,"ball",,,,,13,,"R","R","L","ATH","PHI","B",,,1,1,2023,"-0.22","-0.3",-0.35694968493423,1.2345265348865455,,665923,668709,2,4,"Bot",,,,,,,-4.21653638830779,-120.59374426618132,-3.9031336249123463,-1.3484998005617934,22.4873256343766,-34.60299183474456,3.11961361994187,1.48542814225909,,,,"83.8",2024,"6.8",717725,592663,664761,681082,624641,607208,656941,669016,665019,"53.69",,,,,,,,29,3,"Slider",0,0,0,0,0,0,0,0,"Standard","Standard",321,"0.022","0.025",,,,,"-0.025",,0,0,0.55,0.55,26,27,27,28,2,1,56,1,7,1,"3.61","-0.22","0.22","31.7",,,,,
"CH","2023-09-10","82.7","-3.76","5.91","Suero, Wander",660688,593833,,"called_strike",,,,,9,,"R","L","R","WSH","LAD","S",,,0,0,2023,"-1.03","0.71",0.5271893596860697,2.104302693009035,,696285,,1,5,"Bot",,,,,,,11.6843861046553,-119.82975838535235,-3.517330331481645,-12.134389629892873,22.35263106950095,-24.791742865400753,3.79889193389752,1.83668347961063,,,,"82.2",1855,"6.1",716647,605131,518692,605141,621035,500743,571771,681546,518792,"54.37",,,,,,,,49,1,"Changeup",2,6,2,6,6,2,2,6,"Standard","Standard",225,"0.01","-0.038",,,,,"0.038",,-4,-4,0.135,0.135,31,24,32,25,1,2,112,1,,1,"2.64","1.03","-1.03","37.7",,,,,
"KC","2023-06-09","82.6","1.68","6.28","Lynch IV, Daniel",669720,663738,,"ball",,,,,13,,"R","R","L","BAL","KC","B",,,1,0,2023,"-0.86","-0.34",-1.0562369535887797,1.066838906093146,,622761,,2,2,"Bot",,,,,,,-4.600918702889274,-120.17482693235682,-4.726943880119936,-7.464017173440228,23.428966350236696,-34.77556538768055,3.35529117044255,1.61190753349216,,,,"83.5",2256,"6.9",717839,521692,686469,670032,672580,677951,668472,671221,669004,"53.63",,,,,,,,17,2,"Knuckle Curve",2,0,2,0,0,2,2,0,"Standard","Standard",297,"0.005","0.029",,,,,"-0.029",,2,2,0.737,0.737,26,27,27,28,2,1,6,1,5,1,"3.69","-0.86","0.86","47.9",,,,,
"CU","2023-06-15","82.6","1.81","5.82","Kikuchi, Yusei",663630,579328,,"ball",,,,,14,,"R","R","L","BAL","TOR","B",,,0,0,2023,"-0.3","-0.46",0.7267017361359004,1.336159504345392,,622761,,2,2,"Bot",,,,,,,-1.9005550428673486,-120.47237836174686,-2.9443122657064538,-2.6053650628276124,21.05615080296491,-36.339945374578505,3.51228461161826,1.62616703081535,,,,"84",2574,"6.9",717753,643376,665489,593160,656305,666182,662139,595281,624415,"53.64",,,,,,,,16,1,"Curveball",1,0,1,0,0,1,1,0,"Strategic","Standard",306,"0.005","0.02",,,,,"-0.02",,1,1,0.642,0.642,32,26,32,26,1,0,6,5,5,3,"3.76","-0.3","0.3","54.1",,,,,
"ST","2023-05-29","82.6","2.65","6.06","Hand, Brad",664983,543272,,"ball",,,,,13,,"R","L","L","AZ","COL","B",,,1,2,2023,"-0.89","0.11",-1.5899253608701023,1.4559061015220602,,672515,,1,8,"Bot",,,,,,,-7.854527640557349,-119.97406701929032,-4.103955961969523,-6.9273312867744865,24.619675365994507,-30.513095264905807,3.4360698408539,1.76628858351327,,,,"81.6",2425,"5.9",717977,553869,666134,605612,641857,678662,595777,686668,545341,"54.65",,,,,,,,73,4,"Sweeper",7,5,7,5,5,7,7,5,"Standard","Strategic",298,"0.011","0.04",,,,,"-0.04",,2,2,0.942,0.942,33,25,33,26,1,3,3,1,3,1,"3.26","-0.89","-0.89","34.2",,,,,
"SL","2023-05-16","82.5","2.03","5.59","Henry, Tommy",667670,674072,,"ball",,,,,14,,"R","R","L","ATH","AZ","B",,,2,1,2023,"-0.42","0.42",1.1805617817925507,1.8563834519494784,,665923,,0,1,"Bot",,,,,,,-1.1192260755158574,-120.22225582180207,-2.8826417426228654,-3.955863914318812,20.972512648496167,-27.743792466307482,3.40432111907818,1.5810941142059,,,,"83.3",2086,"6.5",718146,672515,572233,606466,446334,605113,666971,666150,682998,"53.99",,,,,,,,7,4,"Slider",0,2,0,2,2,0,0,2,"Standard","Standard",262,"0.034","0.102",,,,,"-0.102",,-2,-2,0.417,0.417,25,28,26,29,1,0,5,1,6,1,"2.89","-0.42","0.42","38.1",,,,,
"ST","2023-05-20","82.5","-2.14","5.83","Keller, Mitch",682998,656605,,"ball",,,,,12,,"R","L","R","PIT","AZ","B",,,0,0,2023,"1.35","0.08",1.2558227628412213,2.996725816017162,,668942,606466,2,6,"Top",,,,,,,5.1131499972727985,-120.09406432260698,-0.06106326616781255,11.93291254018996,24.749593123416123,-31.58940202899643,3.1324119254298,1.5233851855685,,,,"82.7",2750,"6.5",718101,595978,467793,678225,663647,672779,668804,669261,641943,"53.97",,,,,,,,43,1,"Sweeper",3,1,1,3,1,3,1,3,"Standard","Standard",66,"-0.024","0.03",,,,,"-0.03",,2,-2,0.784,0.21599999999999997,27,22,27,23,3,2,6,1,6,1,"3.28","-1.35","1.35","37.1",,,,,
"SL","2023-05-19","82.5","-2.86","4.73","Uelmen, Erich",543228,657272,,"ball",,,,,14,,"R","R","R","PHI","CHC","B",,,0,2,2023,"0.81","0.05",1.5912460506688948,1.3648742190208676,,673548,670156,1,5,"Top",,,,,,,8.55388483608707,-119.81562820351523,-1.1717604087360711,5.9515792018538844,24.813806033590346,-31.683736990601513,3.13005034098139,1.43659744402523,,,,"82.2",2459,"6.4",718116,592663,664761,681082,624641,607208,656941,669016,592206,"54.13",,,,,,,,41,3,"Slider",1,4,4,1,4,1,4,1,"Standard","Standard",70,"-0.023","0.022",,,,,"-0.022",,-3,3,0.153,0.847,27,35,27,36,1,2,,2,,1,"3.33","-0.81","-0.81","24.6",,,,,
"SL","2023-09-11","82.4","2.53","6.12","Corbin, Patrick",656582,571578,,"swinging_strike_blocked",,,,,13,,"R","R","L","PIT","WSH","S",,,2,1,2023,"-0.19","-0.01",-0.3199523947266894,1.0024975673492396,,668804,,2,3,"Bot",,,,,,,-6.178757233196147,-119.87457425748096,-5.1393130464756,-0.6193061602449075,23.04775933138464,-31.424801084216273,3.15,1.43,,,,"83.4",2218,"6.9",716635,660688,642086,671277,545121,682928,663905,696285,657041,"53.57",,,,,,,,23,4,"Slider",1,2,1,2,2,1,1,2,"Standard","Standard",297,"-0.003","-0.069","77.0","8.9","9.861537456",,"0.069",,-1,-1,0.418,0.418,33,30,34,31,2,1,6,1,6,1,"3.36","-0.19","0.19","32.9",27.07278998651847,-44.20677719065667,36.82757384830882,32.212238165821226,56.05191993206192
"CH","2023-04-02","82.4","1.15","6.46","Gomber, Austin",593428,596295,,"blocked_ball",,,,,13,,"R","R","L","SD","COL","B",,,1,0,2023,"1.09","1",-0.9272739335344566,0.5013756860375824,,640492,,1,3,"Bot",,,,,,,-6.868075522099425,-119.55201074012884,-8.97664741897968,11.735767388079138,23.187419281379057,-21.016595024621907,3.56959822491482,1.62285564815804,,,,"82.9",1584,"6.8",718733,661531,543068,641857,660707,678662,595777,602074,453568,"53.73",,,,,,,,21,2,"Changeup",1,0,1,0,0,1,1,0,"Standard","Standard",128,"0.031","0.036",,,,,"-0.036",,1,1,0.689,0.689,29,30,30,31,2,1,,1,6,1,"2.38","1.09","-1.09","55.9",,,,,
"SI","2023-07-02","82.4","-3.98","0.81","Rogers, Tyler",682626,643511,,"ball",,,,,13,,"R","R","R","NYM","SF","B",,,0,0,2023,"-0.08","-1.03",-1.2084665204887137,2.2174403500698685,,592192,683146,2,7,"Bot",,,,,,,6.320649956640468,-119.27582653960518,11.489483344029907,-1.907823843093489,21.337274953919895,-44.42999979317707,3.20989424853762,1.61594124170603,,,,"80.9",1973,"5.4",717525,672275,527038,642731,669477,543063,666165,664774,592626,"55.1",,,,,,,,71,1,"Sinker",6,4,6,4,4,6,6,4,"Standard","Standard",338,"0.007","0.03",,,,,"-0.03",,2,2,0.883,0.883,32,21,33,22,1,3,2,1,1,2,"4.41","0.08","0.08","-65.8",,,,,
"ST","2023-06-26","82.3","2.11","5.35","Bummer, Aaron",592273,607481,,"ball",,,,,13,,"R","R","L","LAA","CWS","B",,,0,2,2023,"-1","-0.76",-0.8529383567131146,0.16349494138674148,,545361,660271,0,9,"Bot",,,,,,,-4.803983090038549,-119.69997235297267,-3.6754739162829972,-8.415788175586178,26.765149235490426,-38.80173969548608,3.73800246498387,1.83271413546752,,,,"82.2",2498,"6.6",717608,518735,683734,621545,669394,641313,643217,673357,657757,"53.92",,,,,,,,62,3,"Sweeper",1,1,1,1,1,1,1,1,"Standard","Standard",305,"0.127","0.025",,,,,"-0.025",,0,0,0.771,0.771,29,30,30,31,1,3,1,1,6,1,"4.17","-1","1","17.2",,,,,
"SL","2023-06-30","82.3","1.92","5.4","Speier, Gabe",542194,642100,,"blocked_ball",,,,,14,,"R","R","L","SEA","TB","B",,,1,2,2023,"-0.27","-0.33",0.4254148116989454,0.46396964422254605,,670764,,1,8,"Top",,,,,,,-2.869232299416883,-119.88532501134084,-4.054599611664633,-2.075234381559675,22.04227516740524,-34.86949608882507,3.39015945722062,1.71904013302747,,,,"82.4",2116,"6.2",717548,663728,664034,676609,553993,641487,672284,677594,606192,"54.32",,,,,,,,66,4,"Slider",4,8,8,4,8,4,8,4,"Infield shade","Standard",272,"-0.006","0.04",,,,,"-0.04",,-4,4,0.034,0.966,28,31,28,32,1,3,3,2,14,1,"3.68","-0.27","0.27","26.2",,,,,
"CH","2023-06-03","82.3","-1.13","5.82","Whitlock, Garrett",664040,676477,,"called_strike",,,,,6,,"R","L","R","BOS","TB","S",,,2,1,2023,"-1.5","0.03",0.4235819628229105,2.5944192440431184,,677551,,1,1,"Top",,,,,,,6.612311153398216,-119.70149167867152,-0.8071750379035174,-15.69431130094131,24.00211073180186,-31.969127890925524,3.13523202965375,1.49015319753583,,,,"84.2",2056,"7.7",717918,624512,457759,622569,646240,571771,807799,608701,657077,"52.84",,,,,,,,3,4,"Changeup",0,0,0,0,0,0,0,0,"Infield shade","Standard",262,"-0.016","-0.09",,,,,"0.09",,0,0,0.479,0.521,27,28,27,29,1,0,7,3,6,0,"3.35","1.5","-1.5","40.7",,,,,
"CH","2023-08-26","82.2","3.87","4.1","Loup, Aaron",596019,571901,,"ball",,,,,14,,"R","R","L","NYM","LAA","B",,,0,1,2023,"1.46","-0.23",1.2553188911390059,1.4648756047231086,,542364,660620,1,5,"Bot",,,,,,,-8.715725670178134,-119.3792891529333,1.0283372747113628,15.677735014394523,22.912977786328273,-34.77938964196268,3.63239961416495,1.62238449714204,,,,"81.8",1913,"6.1",716840,681351,663550,592273,519058,650859,545341,666160,592669,"54.37",,,,,,,,44,2,"Changeup",2,5,2,5,5,2,2,5,"Standard","Standard",86,"0.028","0.031",,,,,"-0.031",,-3,-3,0.236,0.236,35,29,36,30,1,2,3,1,2,1,"3.61","1.46","-1.46","3.2",,,,,
"CU","2023-06-25","82.2","-1.9","6.14","Glasnow, Tyler",671221,607192,,"ball",,,,,14,,"R","L","R","TB","KC","B",,,1,1,2023,"0.05","-1.39",0.6518594809013141,1.434456409169087,,672580,658668,1,2,"Top",,,,,,,5.771201726767772,-119.51497038368635,-1.3066581810815394,-0.8045533518935555,26.474873574892744,-45.338672141010676,3.46237486731418,1.671800880742,,,,"83",2739,"7.2",717619,542194,650490,670764,670623,677551,668227,642350,622534,"53.3",,,,,,,,11,3,"Curveball",0,0,0,0,0,0,0,0,"Standard","Standard",15,"-0.052","0.039",,,,,"-0.039",,0,0,0.46,0.54,29,24,30,25,1,0,5,1,6,2,"4.81","-0.05","0.05","61.4",,,,,
"ST","2023-06-06","82.1","-0.89","6.12","Coulombe, Danny",642133,543056,,"called_strike",,,,,4,,"R","L","L","MIL","BAL","S",,,0,0,2023,"-1.02","-0.85",-0.6153583117786793,2.8385035193413493,,592885,,2,7,"Bot",,,,,,,2.5410658457710906,-119.48495435750259,0.7524220980901135,-10.28137390138085,24.066669329741114,-40.70544621947839,3.66235399754607,1.7117163753864,,,,"80.5",2436,"5.3",717867,668939,663624,624428,602104,622761,669720,543305,623993,"55.2",,,,,,,,59,1,"Sweeper",2,3,2,3,3,2,2,3,"Infield shade","Standard",330,"-0.002","-0.046",,,,,"0.046",,-1,-1,0.331,0.331,33,28,34,28,1,3,4,1,8,1,"4.25","-1.02","-1.02","64.6",,,,,
"FC","2023-04-27","82.1","1.65","5.83","Wentz, Joey",663630,666214,,"called_strike",,,,,5,,"R","R","L","DET","BAL","S",,,1,0,2023,"-0.38","0",-0.005875020273250597,2.237760036424449,,622761,624428,1,5,"Top",,,,,,,-3.025943225419654,-119.63465172077659,-1.6208181027364372,-3.096640432522092,22.05296723685031,-32.11201486376236,3.26,1.54,,,,"82.4",2424,"6.3",718405,606992,679529,570731,656716,665155,668731,682985,681481,"54.18",,,,,,,,37,2,"Cutter",3,0,0,3,0,3,0,3,"Infield shade","Standard",291,"-0.032","-0.051",,,,,"0.051",,3,-3,0.782,0.21799999999999997,25,26,26,26,2,1,5,1,6,2,"3.36","-0.38","0.38","37.5",,,,,
"ST","2023-04-29","82.1","-2.66","4.84","Strzelecki, Peter",592273,657265,,"swinging_strike",,,,,14,,"R","R","R","MIL","LAA","S",,,0,1,2023,"1.24","0.09",0.36595132201343394,1.3536703762466216,,660271,543685,1,8,"Top",,,,,,,4.446534407441265,-119.43264711725278,-1.4445297359683709,10.83419730809999,25.455738272495488,-31.28577060941498,3.56,1.77,,,,"81.8",3054,"6.4",718376,605170,572228,680911,605119,668930,592885,686894,663368,"54.15",,,,,,,,65,2,"Sweeper",7,3,3,7,3,7,3,7,"Standard","Standard",67,"-0.007","-0.05",,,,,"0.05",,4,-4,0.939,0.061000000000000054,28,30,29,31,1,3,1,1,3,1,"3.33","-1.24","-1.24","20.9",,,,,
"FS","2023-04-23","82","-1.72","5.72","Cruz, Fernando",666801,518585,,"ball",,,,,14,,"R","L","R","PIT","CIN","B",,,0,1,2023,"-0.41","0.41",0.376499922743117,0.09083059118968073,,669261,,2,8,"Bot",,,,,,,5.632308090007006,-119.23640649571013,-7.089349389141706,-5.02300185460802,22.447202667720124,-27.10126942237057,3.10755559422651,1.54989282628677,,,,"83.4",897,"7.2",718463,592200,571976,663697,613564,676480,656413,669222,641584,"53.27",,,,,,,,62,2,"Split-Finger",2,0,2,0,0,2,2,0,"Standard","Standard",229,"0.002","0.02",,,,,"-0.02",,2,2,0.933,0.933,33,24,33,24,1,3,4,1,5,2,"2.98","0.41","-0.41","39.8",,,,,
"CH","2023-08-20","82","-0.44","6.57","Flexen, Chris",660162,623167,,"blocked_ball",,,,,13,,"R","L","R","COL","CWS","B",,,0,1,2023,"-0.7","0.41",-0.40209628981707574,0.10453353030519219,,643217,683734,2,3,"Top",,,,,,,1.4383767229457378,-119.31802521593379,-8.962164602233132,-6.954884864136584,20.043068646552552,-26.894351015157582,3.26290196767268,1.38392908923429,,,,"82.7",1337,"6.5",716916,642851,660707,605612,641857,678662,666134,686668,669911,"54.04",,,,,,,,21,2,"Changeup",0,1,1,0,2,0,2,0,"Standard","Standard",215,"-0.099","0.025",,,,,"-0.025",,-1,1,0.4,0.6,28,28,29,28,2,1,6,1,6,1,"2.94","0.7","-0.7","60.1",,,,,
"ST","2023-04-16","81.9","1.96","5.57","Bummer, Aaron",663630,607481,,"ball",,,,,11,,"R","R","L","CWS","BAL","B",,,2,2,2023,"-1.53","0.21",-1.5471820203535034,2.3430363231413143,,622761,,0,8,"Top",,,,,,,-4.96533128937932,-118.94556980361158,-0.9140630778148824,-12.99294142752597,29.363473648653986,-30.301852775082516,3.08821789800484,1.45973668538242,,,,"81.2",2584,"6.6",718553,664874,683734,672820,669394,462101,657757,673357,693049,"53.92",,,,,,,,64,5,"Sweeper",4,4,4,4,4,4,4,4,"Strategic","Strategic",304,"-0.087","0.085",,,,,"-0.085",,0,0,0.383,0.617,29,26,30,26,1,0,1,4,2,5,"3.29","-1.53","1.53","17.1",,,,,
"SL","2023-06-05","81.9","-2.19","5.67","Englert, Mason",656403,669438,,"ball",,,,,14,,"R","R","R","PHI","DET","B",,,1,2,2023,"-0.11","-0.21",0.7842711171982196,1.3823523120729009,,592663,,1,7,"Bot",,,,,,,6.902783639465012,-119.3077598181876,-2.8750906835078487,-2.054817631957385,17.195962443437367,-33.990096558326634,3.44088870266549,1.60171336063521,,,,"82.6",2028,"6.1",717886,606992,679529,628451,665155,595879,668731,545350,656716,"54.35",,,,,,,,60,4,"Slider",7,3,7,3,3,7,7,3,"Standard","Standard",46,"0.005","0.04",,,,,"-0.04",,4,4,0.972,0.972,23,27,24,28,2,3,3,1,5,1,"3.54","0.11","0.11","30.7",,,,,
"CH","2023-09-30","81.9","2.56","4.53","Peralta, Sammy",665742,671111,,"ball",,,,,14,,"R","L","L","CWS","SD","B",,,1,1,2023,"1.2","-0.62",0.015464158281106366,1.2815012218024586,,673490,,1,6,"Top",,,,,,,-8.231578300830595,-118.96402616974451,0.4846440195438151,12.96249192857502,22.782382352094075,-38.38496361283055,3.2122874743488,1.52085940712702,,,,"83.5",1740,"7.4",716374,656024,683734,672820,660162,641313,571980,572204,657757,"53.06",,,,,,,,47,3,"Changeup",0,6,6,0,6,0,6,0,"Standard","Standard",82,"-0.003","0.052",,,,,"-0.052",,-6,6,0.024,0.976,25,24,25,25,1,3,1,1,,1,"4.03","1.2","1.2","13.4",,,,,
"ST","2023-08-29","81.8","-3.26","5.86","Shaw, Bryan",668939,543766,,"called_strike",,,,,4,,"R","L","R","BAL","CWS","S",,,0,0,2023,"1.61","-0.08",-0.3112459898605593,2.4009517984321875,,663630,,1,8,"Bot",,,,,,,3.5083888935304253,-119.08267008954493,-1.045153614339962,14.562892220438279,24.21598159987524,-32.981389931341056,3.34654494531026,1.67016043086606,,,,"80.8",2512,"5.7",716800,686676,683734,672820,660162,641313,643217,673357,693049,"54.8",,,,,,,,67,1,"Sweeper",7,1,7,1,1,7,7,1,"Standard","Standard",58,"0","-0.038",,,,,"0.038",,6,6,0.998,0.998,35,25,36,25,1,4,3,1,3,1,"3.5","-1.61","1.61","32.1",,,,,
"ST","2023-09-01","81.8","-1.7","5.84","Otto Jr., Glenn",680777,657248,,"swinging_strike",,,,,14,,"R","R","R","TEX","MIN","S",,,1,1,2023,"1.2","0.03",0.7427262928055015,1.318565910722994,,664057,608336,2,9,"Top",,,,,,,3.232026507052683,-119.04587807200626,-3.6902980407782113,10.703298174184278,24.82215980746437,-31.3086850447722,3.3,1.59,,,,"82.6",2459,"7",716772,641680,663993,543760,677649,608369,543257,665750,666969,"53.46",,,,,,,,64,3,"Sweeper",1,5,5,1,5,1,5,1,"Standard","Standard",50,"0","-0.069","71.3","8.9","4.188579528",,"0.069",,-4,4,0.016,0.984,27,26,27,26,1,1,41,2,3,1,"3.4","-1.2","-1.2","42.3",21.99452933553179,-25.120236444790546,33.17962891218635,43.74061205804054,49.780280071054705
"CH","2023-09-10","81.8","-2.59","6.06","Hendricks, Kyle",666971,543294,"walk","ball",,,,,14,"Lourdes Gurriel Jr. walks. Tommy Pham to 3rd. Tommy Pham steals (18) 3rd base. Tommy Pham to 3rd.","R","R","R","CHC","AZ","B",,,3,2,2023,"-0.6","1.05",1.3999867979277878,1.317696275395019,,502054,,2,6,"Top",,,,,,,9.985272378806213,-118.75548876083423,-6.133225926450485,-7.396120917049229,19.484613227271225,-21.22237837885831,3.31327361059186,1.52533922180964,,,,"80.9",2158,"5.5",716638,543228,641355,663538,663611,621020,664023,643565,673548,"54.99",,0.695903,"0.7",1,0,0,,48,7,"Changeup",5,2,2,5,2,5,2,5,"Standard","Standard",226,"-0.018","0.162",,,,,"-0.162",,3,-3,0.88,0.12,33,29,34,30,3,2,5,1,6,1,"2.33","0.6","0.6","45.4",,,,,
"SL","2023-09-15","81.7","0.28","6.43","Pérez, Francisco",592518,660906,,"ball",,,,,13,,"R","R","L","ATH","SD","B",,,0,0,2023,"-0.29","-0.12",-1.272414498053716,1.5276274913645453,,665487,665742,2,8,"Top",,,,,,,-2.897603507368551,-118.9959666230207,-4.214672528400791,-2.2284531548158366,22.99322584509068,-32.756694481380364,3.68692299396815,1.78530287100092,,,,"80.9",2433,"5.7",716569,669127,676116,680869,672478,675656,665923,671732,664913,"54.78",,,,,,,,66,1,"Slider",3,5,5,3,5,3,5,3,"Standard","Standard",299,"-0.009","0.03",,,,,"-0.03",,-2,2,0.142,0.858,25,30,26,31,1,4,2,3,2,2,"3.53","-0.29","0.29","55.0",,,,,
"ST","2023-04-21","81.7","2.29","6.42","Hand, Brad",543281,543272,,"called_strike",,,,,7,,"R","R","L","PHI","COL","S",,,2,1,2023,"-1.23","0.31",-0.7656075300895241,1.9726697981929378,,592663,,1,8,"Bot",,,,,,,-4.463725793861087,-118.8755925629372,-3.914690413768413,-10.584956601387773,26.025463575836696,-28.637541051960852,3.54965619892478,1.5938982277213,,,,"80.3",2293,"5.7",718493,553869,543068,605612,641857,676701,595777,602074,592178,"54.84",,,,,,,,65,4,"Sweeper",3,3,3,3,3,3,3,3,"Standard","Standard",301,"0.063","-0.09",,,,,"0.09",,0,0,0.658,0.658,33,35,33,36,1,0,3,1,2,1,"3.14","-1.23","1.23","39.6",,,,,
"CH","2023-08-26","81.6","2.27","5.97","Wicks, Jordan",682848,696136,"strikeout","called_strike",,,,,1,"Endy Rodriguez called out on strikes. Bryan Reynolds steals (10) 3rd base.","R","R","L","PIT","CHC","S",2,,2,2,2023,"0.7","0.73",-0.3460636752044446,3.077935970134087,,668804,457705,1,1,"Bot",,,,,,,-7.240929190939615,-118.65585829759385,-1.3606187635673141,7.929175508250992,21.535083794790093,-25.182927602968906,3.15819946567042,1.57536709472824,,,,"81.9",1550,"6.4",716842,665804,641355,663611,600869,621020,664023,643565,673548,"54.1",,0,"0",1,0,0,,8,5,"Changeup",1,0,1,0,0,1,1,0,"Standard","Standard",129,"-0.027","-0.201",,,,,"0.201",,1,1,0.673,0.673,23,23,24,23,1,0,,2,6,2,"2.68","0.7","-0.7","52.2",,,,,
"SL","2023-09-03","81.6","0.53","6.33","Hernandez, Jose E.",669357,669796,,"ball",,,,,13,,"R","L","L","STL","PIT","B",,,0,1,2023,"0.01","0.17",-1.1348317542236943,1.8539641627004562,,669242,663457,1,8,"Bot",,,,,,,-3.757847233714173,-118.9271458549484,-3.889988751938164,0.7520879813480948,20.66337001387129,-30.050183537465646,3.30969516234634,1.60933366564465,,,,"81.7",2049,"6",716733,641511,656582,681962,663647,678894,668804,669261,609280,"54.47",,,,,,,,72,2,"Slider",6,4,6,4,4,6,6,4,"Infield shade","Standard",328,"0.015","0.031",,,,,"-0.031",,2,2,0.946,0.946,25,23,26,23,1,4,7,1,5,2,"3.22","0.01","0.01","54.6",,,,,
"SL","2023-08-05","81.6","1.79","6.03","Sánchez, Cristopher",622110,650911,,"ball",,,,,14,,"R","R","L","PHI","KC","B",,,0,0,2023,"0.27","-0.07",0.2912321817593226,1.2011265297004075,,672580,,1,5,"Top",,,,,,,-3.9210162611601485,-118.79461686862513,-4.13627539458111,3.34656847237577,24.206384869036288,-32.215725033577066,3.40301584753401,1.54260368764319,,,,"82.1",1999,"6.7",717123,592663,595909,681082,664761,607208,656941,679032,592206,"53.78",,,,,,,,39,1,"Slider",3,5,5,3,6,3,6,3,"Infield shade","Standard",343,"-0.058","0.034",,,,,"-0.034",,-2,2,0.233,0.767,26,32,27,32,3,2,6,2,6,1,"3.51","0.27","-0.27","30.1",,,,,
"CH","2023-08-12","81.4","1.8","5.76","Hill, Rich",671083,448179,,"ball",,,,,12,,"R","R","L","AZ","SD","B",,,1,2,2023,"0.5","0.69",0.8365095618169336,5.107624058346483,,502054,572233,2,1,"Bot",,,,,,,-3.118689980084648,-118.54340089891929,3.7944412158465903,5.30456825009518,22.29692236495187,-26.578790885220272,3.09074127156624,1.45746632993423,,,,"81.5",1157,"6.3",717020,669134,630105,673490,592518,593428,665742,663757,640492,"54.25",,,,,,,,11,5,"Changeup",1,0,1,0,0,1,1,0,"Standard","Standard",131,"0.01","0.033",,,,,"-0.033",,1,1,0.63,0.63,43,24,43,25,1,0,6,,5,3,"2.74","0.5","-0.5","37.5",,,,,
"ST","2023-05-06","81.4","-1.52","5.82","Clevinger, Mike",663886,605182,,"ball",,,,,14,,"R","R","R","CIN","CWS","B",,,0,0,2023,"1.47","-0.23",1.258665149344966,2.0350615046314675,,663697,,2,3,"Bot",,,,,,,3.409228245109567,-118.59732082063131,-1.4527426420349459,13.175375756611347,23.626367949232073,-34.269296399925324,3.46031078421883,1.69315704712604,,,,"81.5",2498,"6.4",718281,664874,683734,462101,593643,641313,643217,673357,656514,"54.11",,,,,,,,29,1,"Sweeper",1,2,1,2,2,1,1,2,"Standard","Standard",52,"0.006","0.02",,,,,"-0.02",,-1,-1,0.417,0.417,32,26,33,27,2,1,6,1,5,1,"3.67","-1.47","-1.47","43.2",,,,,
"CU","2023-07-02","81.4","1.79","6.64","Montgomery, Jordan",519317,656756,,"ball",,,,,14,,"R","R","L","STL","NYY","B",,,0,0,2023,"-0.31","-0.76",1.3012692727149728,1.6320139655422792,,650402,,2,6,"Top",,,,,,,-0.5193145780892221,-118.70397549965661,-3.2980011189661482,-2.840885075956446,20.192860578430118,-39.008687551693704,3.61863108818728,1.68202779152288,,,,"82.3",2415,"6.5",717524,668800,502671,669357,571448,669242,691023,663457,676475,"53.96",,,,,,,,43,1,"Curveball",2,0,0,2,0,2,0,2,"Standard","Standard",315,"-0.007","0.02",,,,,"-0.02",,2,-2,0.804,0.19599999999999995,30,33,31,34,3,2,5,1,5,1,"4.15","-0.31","0.31","47.0",,,,,
"SL","2023-08-10","81.4","-2.12","5.7","Manoah, Alek",677588,666201,,"ball",,,,,13,,"R","L","R","CLE","TOR","B",,,0,0,2023,"1.16","-0.37",-0.41021378754092175,0.8440196288884403,,657656,666310,2,2,"Bot",,,,,,,1.6113320389846284,-118.55508116187217,-3.6588649744368293,10.713203265325122,21.21781001856814,-35.236039789881616,3.40802321135941,1.51423126178931,,,,"82.1",2242,"6.6",717052,643376,474832,676914,656305,669289,593160,664770,543807,"53.91",,,,,,,,20,1,"Slider",0,1,0,1,1,0,0,1,"Standard","Strategic",49,"0.009","0.03",,,,,"-0.03",,-1,-1,0.437,0.437,25,22,25,22,1,0,6,5,,3,"3.79","-1.16","1.16","37.3",,,,,
"CH","2023-09-22","81.4","-0.86","5.82","Whitlock, Garrett",683734,676477,,"ball",,,,,14,,"R","R","R","BOS","CWS","B",,,0,0,2023,"-1.5","0.45",0.4077653394931007,1.0123383587054007,,673357,650391,1,6,"Top",,,,,,,5.876738075240691,-118.26573476603905,-5.1048420415515015,-15.187942245498501,23.922231776613785,-27.174661502266577,3.31347648354965,1.53032730459284,,,,"83.2",1958,"7.7",716478,657136,666915,678882,646240,596115,807799,594807,657077,"52.82",,,,,,,,43,1,"Changeup",1,0,0,1,0,1,0,1,"Standard","Standard",256,"-0.047","0.042",,,,,"-0.042",,1,-1,0.593,0.40700000000000003,27,25,27,25,1,2,4,2,7,1,"3.02","1.5","1.5",,,,,,
"CU","2023-09-20","81.3","-0.07","6.54","Karinchak, James",672580,675916,,"called_strike",,,,,6,,"R","R","R","KC","CLE","S",,,0,1,2023,"-0.16","-0.47",0.5818635215908746,2.635825065211286,,671221,682515,1,6,"Bot",,,,,,,1.7332596681815722,-118.58098942122915,-1.4098613788975285,-1.7487470696926244,17.70022555951015,-36.66052864944776,3.58742139152358,1.72771841247302,,,,"81.1",2262,"5.5",716505,595956,594777,665926,608070,677588,686823,664702,657656,"54.97",,,,,,,,52,2,"Curveball",4,2,4,2,2,4,4,2,"Infield shade","Standard",28,"0.007","-0.05",,,,,"0.05",,2,2,0.862,0.862,27,23,28,23,1,3,1,1,2,2,"3.84","0.16","0.16","61.7",,,,,
"CH","2023-09-02","81.2","0.26","6.4","Devenski, Chris",666310,606965,,"swinging_strike",,,,,14,,"R","L","R","CLE","TB","S",,,2,1,2023,"-0.88","0.39",0.5611101830680181,1.1233314957411857,,664702,,1,11,"Bot",,,,,,,2.3624577423294033,-118.16230023631772,-5.935232233021884,-8.722438009625792,21.965720699856757,-27.6241022313457,3.39,1.58,,,,"81.1",1487,"6.1",716754,650907,670623,664040,660644,670764,668227,642350,670042,"54.36",,,,,,,,86,4,"Changeup",5,6,5,6,6,5,5,6,"Standard","Standard",237,"0.091","-0.09","68.4","9.2","11.996591376",,"0.09",,-1,-1,0.295,0.295,32,23,33,23,1,4,49,1,2,1,"3.06","0.88","-0.88","45.7",34.444724766397655,-56.928693795495725,35.9945250977689,32.16536291742718,64.96442779568436
"ST","2023-04-26","81.2","2.33","6.21","Hand, Brad",608070,543272,,"called_strike",,,,,11,,"R","R","L","CLE","COL","S",,,0,0,2023,"-1.48","0.08",-0.04746162105795637,3.014813777439934,,680757,642708,1,7,"Bot",,,,,,,-2.478104910898692,-118.40574550811701,-0.7990109974615842,-13.663616255967733,19.836788039069642,-31.501719800069807,2.81650609123572,1.35702292289931,,,,"80.7",2406,"5.6",718421,661531,543068,676701,641857,678662,595777,686668,592178,"54.93",,,,,,,,57,1,"Sweeper",3,1,3,1,1,3,3,1,"Standard","Strategic",304,"0.018","-0.04",,,,,"0.04",,2,2,0.903,0.903,33,30,33,31,1,3,3,1,4,2,"3.33","-1.48","1.48","40.6",,,,,
"SL","2023-09-03","81.2","1.52","6.42","Smith, Will",596146,519293,,"ball",,,,,13,,"R","L","L","TEX","MIN","B",,,0,2,2023,"-0.45","0.2",-1.189492573829701,2.345265909157483,,593871,668904,1,8,"Top",,,,,,,-5.20118290392393,-118.35720415626221,-3.026915428827985,-3.4503450864325695,18.480339664998098,-29.97839819024731,3.48857975575556,1.66555015004599,,,,"81.7",2330,"6.1",716737,641680,663993,543760,669701,608369,608671,665750,666969,"54.38",,,,,,,,75,3,"Slider",5,5,5,5,5,5,5,5,"Infield shade","Standard",305,"-0.089","0.022",,,,,"-0.022",,0,0,0.463,0.5369999999999999,33,30,34,30,1,4,1,1,6,1,"3.2","-0.45","-0.45","42.9",,,,,
"CU","2023-08-16","81.1","-2.38","5.82","Marsh, Alec",606192,679525,,"ball",,,,,11,,"R","R","R","KC","SEA","B",,,1,1,2023,"0.77","-0.55",-0.735290110171612,4.126328455460259,,677594,664034,2,6,"Top",,,,,,,2.2122322168652904,-118.05721355056934,3.9080520854301968,6.7839463092499575,22.770916210866265,-38.30355441722887,3.39879728319953,1.52022009778065,,,,"81.1",2515,"6.3",716963,521692,607461,686681,672580,677951,669004,671221,676369,"54.18",,,,,,,,53,3,"Curveball",3,4,4,3,4,3,4,3,"Standard","Standard",46,"-0.011","0.025",,,,,"-0.025",,-1,1,0.349,0.651,25,30,25,31,3,3,6,1,5,1,"4.02","-0.77","-0.77","40.8",,,,,
"KC","2023-05-03","80.8","-1.6","6.39","Gilbert, Logan",643393,669302,,"ball",,,,,13,,"R","L","R","ATH","SEA","B",,,1,0,2023,"0.62","-0.56",-1.2797347738985132,1.4211363970534663,,665923,,1,6,"Bot",,,,,,,-0.46453774929842945,-117.63136951654754,-3.3240622021886033,5.767765020149308,25.007464814421255,-36.824421300887124,2.97445541321673,1.50995858011852,,,,"82",2240,"7.3",718319,608596,664034,676609,553993,641487,572041,666211,606192,"53.16",,,,,,,,43,2,"Knuckle Curve",1,0,1,0,0,1,1,0,"Infield shade","Standard",31,"0.035","0.036",,,,,"-0.036",,1,1,0.761,0.761,26,31,26,32,3,2,7,1,5,1,"4.08","-0.62","0.62","57.9",,,,,
"SL","2023-06-05","80.7","1.57","4.53","Sears, JP",595978,676664,,"ball",,,,,7,,"R","R","L","PIT","ATH","B",,,2,2,2023,"-0.22","0.39",-0.8118006613853964,1.6741133085331423,,678225,664029,1,2,"Bot",,,,,,,-4.88010752994788,-117.48019647899032,-0.4351712535455565,-1.1213124469958302,22.960970956322118,-28.688920620160378,3.2349853286363,1.44603403145431,,,,"80.6",2458,"6.3",717884,542208,676116,607054,681146,669397,668709,665923,664913,"54.21",,,,,,,,19,7,"Slider",0,1,0,1,1,0,0,1,"Infield shade","Standard",267,"0.061","0.062",,,,,"-0.062",,-1,-1,0.481,0.481,27,30,27,31,1,0,6,1,6,1,"3.11","-0.22","0.22","14.8",,,,,
"CU","2023-08-16","80.7","-2.21","5.87","Marsh, Alec",668942,679525,,"ball",,,,,14,,"R","L","R","KC","SEA","B",,,0,0,2023,"0.78","-0.91",1.675620971869963,-1.089182597161805,,676609,,1,2,"Top",,,,,,,7.14529583935871,-117.16381328301158,-7.002894582593873,5.678580701893257,24.473905748609607,-39.21661069045454,3.71093966814862,1.72489918852395,,,,"80.3",2682,"6.4",716963,521692,607461,686681,672580,677951,669004,671221,676369,"54.11",,,,,,,,15,1,"Curveball",1,3,3,1,3,1,3,1,"Standard","Standard",30,"-0.025","0.034",,,,,"-0.034",,-2,2,0.287,0.7130000000000001,25,29,25,29,1,0,6,1,5,2,"4.46","-0.78","0.78","42.7",,,,,
"CH","2023-08-06","80.6","1.07","6.16","Keuchel, Dallas",666971,572971,,"ball",,,,,3,,"R","R","L","MIN","AZ","B",,,1,0,2023,"1.23","0.27",0.7993171233471759,3.250752843216108,,502054,572233,2,5,"Top",,,,,,,-2.9420088658380688,-117.38171215275801,-0.3477138109044584,11.984161990090525,21.403191533196885,-29.86070509566211,3.60477276245825,1.58765454558028,,,,"80.6",1712,"6.2",717106,543877,456781,666397,650489,621043,670242,572191,596146,"54.32",,,,,,,,35,2,"Changeup",0,1,1,0,1,0,1,0,"Infield shade","Standard",130,"-0.016","0.021",,,,,"-0.021",,-1,1,0.365,0.635,35,29,35,30,3,2,,1,5,2,"3.23","1.23","-1.23","44.4",,,,,
"CU","2023-07-21","80.5","1.8","5.87","Henry, Tommy",668715,674072,,"ball",,,,,13,,"R","R","L","CIN","AZ","B",,,0,0,2023,"-0.98","-0.94",-2.2344001192602714,0.4739325916946293,,669222,680574,1,1,"Bot",,,,,,,-7.095107340585029,-117.03376257567288,-3.4945853956204864,-7.639128454075501,22.366357591083325,-40.35114318767958,3.35496952088,1.55040124728014,,,,"80.5",2348,"6.4",717321,672515,572233,606466,656896,672695,682998,677950,664983,"54.11",,,,,,,,9,1,"Curveball",0,1,0,1,1,0,0,1,"Standard","Standard",318,"0.049","0.042",,,,,"-0.042",,-1,-1,0.49,0.49,25,25,26,26,1,0,5,1,7,1,"4.47","-0.98","0.98","43.6",,,,,
"CU","2023-06-19","80.4","1.97","6.05","Cabrera, Génesis",671277,650893,,"ball",,,,,13,,"R","L","L","WSH","STL","B",,,0,0,2023,"-0.72","-0.44",-2.1260336795076777,1.7072486717876334,,682928,657041,1,7,"Bot",,,,,,,-7.680358306961743,-116.94719963877819,-2.1462430591995005,-5.341468489002929,20.115067929048926,-36.0917147977369,3.55103162864923,1.77547234799841,,,,"80.3",2260,"6.1",717699,575929,502671,669357,571448,657557,680977,669242,663457,"54.43",,,,,,,,62,1,"Curveball",5,8,5,8,8,5,5,8,"Standard","Standard",320,"0.052","0.042",,,,,"-0.042",,-3,-3,0.19,0.19,26,23,27,23,1,3,3,1,6,1,"3.95","-0.72","-0.72","48.2",,,,,
"ST","2023-08-21","80.2","2.86","5.58","Weathers, Ryan",592518,677960,,"called_strike",,,,,9,,"R","R","L","SD","MIA","S",,,0,0,2023,"-1.51","-0.11",0.7957731732702249,2.184961058404649,,673490,665487,1,1,"Bot",,,,,,,-1.689429728019836,-116.71180371402764,-0.5622591224609408,-13.378529739430524,23.673053429637683,-33.27269503029207,3.93511943786061,1.86895884144322,,,,"79",2533,"5.6",716907,663743,605137,650333,669394,621563,650559,665862,660821,"54.91",,,,,,,,9,1,"Sweeper",0,0,0,0,0,0,0,0,"Standard","Standard",300,"0.034","-0.04",,,,,"0.04",,0,0,0.587,0.587,23,30,24,31,1,0,16,2,41,1,"3.67","-1.51","1.51","33.8",,,,,
"CU","2023-05-12","80","-1.98","6.03","Pérez, Eury",571976,691587,,"ball",,,,,13,,"R","R","R","MIA","CIN","B",,,1,2,2023,"0.49","-0.13",-1.1003482425432278,1.8815711219900821,,669222,,1,4,"Top",,,,,,,1.024587721361569,-116.41331287905088,-2.144398778355925,4.229221332055842,23.867422198488175,-33.12949689105059,3.3105492265298,1.50048150383857,,,,"80.4",2475,"6.8",718212,607732,493329,650333,516416,621563,650559,665862,680814,"53.7",,,,,,,,27,4,"Curveball",0,1,1,0,1,0,1,0,"Standard","Standard",89,"-0.033","0.04",,,,,"-0.04",,-1,1,0.367,0.633,20,32,20,33,2,1,,2,6,2,"3.72","-0.49","-0.49","38.4",,,,,
"CU","2023-09-27","80","0.67","6.03","Valdez, Framber",606192,664285,"strikeout","swinging_strike",,,,,7,"Teoscar Hernandez strikes out swinging. Julio Rodriguez steals (37) 3rd base.","R","R","L","SEA","HOU","S",2,,2,2,2023,"-0.88","-1.36",-0.5467346644765967,1.8651392966303293,,677594,553993,0,1,"Bot",,,,,,,-1.0162447348410146,-116.4323270926951,0.16521374127078525,-7.712688942912461,24.358494300909843,-44.71458851375762,3.41,1.59,,,,"78.9",2825,"5.8",716407,455117,547989,514888,608324,665161,488726,643289,663656,"54.7",,0,"0",1,0,0,,7,5,"Curveball",1,0,1,0,0,1,1,0,"Infield shade","Standard",323,"-0.012","-0.202","74.7","8.1","0.209689344",,"0.202",,1,1,0.715,0.715,29,30,30,31,1,0,5,1,11,1,"4.95","-0.88","0.88","51.2",17.110974188375145,-24.084978192577168,32.182106129781396,31.514885939530018,45.41420347107318
"CH","2023-05-30","80","1.78","6.29","Anderson, Tyler",664874,542881,,"ball",,,,,14,,"R","R","L","CWS","LAA","B",,,0,0,2023,"0.9","1.06",0.8237362928716075,1.5610759167420993,,663853,,1,4,"Bot",,,,,,,-3.812239747979554,-116.47182836617196,-5.784250214721687,8.876457895202455,20.520385139204908,-21.65013581822339,3.36376277285751,1.71201317754829,,,,"80.5",1829,"6.5",717959,595453,665120,592273,570482,687263,621493,545361,592669,"54.04",,,,,,,,37,1,"Changeup",5,3,5,3,3,6,6,3,"Standard","Standard",137,"0.051","0.034",,,,,"-0.034",,2,2,0.8,0.8,33,29,34,30,2,1,6,1,7,3,"2.48","0.9","-0.9","51.2",,,,,
"SL","2023-04-01","79.8","3.07","5.5","Sale, Chris",602104,519242,,"ball",,,,,13,,"R","R","L","BOS","BAL","B",,,0,2,2023,"-1","-0.26",-2.3587641719610444,1.1006296051803748,,622761,656775,1,2,"Top",,,,,,,-10.028088872075271,-115.6916413063871,-2.290741461228073,-6.6565479777563565,25.375954641831598,-34.19761029492032,3.12547519827557,1.49781526959366,,,,"79",2416,"6.3",718761,624512,671213,624414,646240,571771,807799,594807,657077,"54.15",,,,,,,,14,3,"Slider",0,3,3,0,3,0,3,0,"Standard","Standard",322,"-0.027","0.022",,,,,"-0.022",,-3,3,0.21,0.79,34,29,34,29,2,1,,2,5,1,"3.92","-1","1","18.7",,,,,
"CU","2023-07-08","79.8","0.63","6.21","Valdez, Framber",676609,664285,,"blocked_ball",,,,,13,,"R","R","L","HOU","SEA","B",,,1,1,2023,"-0.79","-1.53",-0.6841353736382174,0.7570041684491162,,606192,553993,2,4,"Top",,,,,,,-1.4083709251480814,-116.09199880183338,-2.1975284736910776,-6.650960618190629,27.111813491223025,-45.54528051156871,3.39611617878526,1.40438780820371,,,,"78.5",3065,"5.9",717440,455117,547989,643289,608324,665161,667452,676801,663656,"54.57",,,,,,,,29,3,"Curveball",2,1,1,2,1,2,1,2,"Standard","Standard",334,"-0.012","0.025",,,,,"-0.025",,1,-1,0.632,0.368,29,26,30,27,2,1,11,1,7,6,"5.19","-0.79","0.79","50.8",,,,,
"CH","2023-09-10","79.6","1.78","5.98","Rosenberg, Kenny",681807,670046,,"called_strike",,,,,2,,"R","R","L","LAA","CLE","S",,,3,1,2023,"0.68","0.45",-0.1628852055110146,3.138846777371948,,680757,608070,2,5,"Top",,,,,,,-5.478558369798767,-115.80634024540993,-0.3211931241820988,7.131729393740457,21.782689994673877,-28.289735175495853,3.35033597311061,1.57198186074577,,,,"78.8",1385,"5.8",716633,595453,519058,592273,500871,677347,545341,621433,677941,"54.72",,,,,,,,36,5,"Changeup",2,1,1,2,1,2,1,2,"Standard","Standard",133,"-0.006","-0.048",,,,,"0.048",,1,-1,0.627,0.373,27,27,28,28,3,2,6,1,7,2,"3.15","0.68","-0.68","44.8",,,,,
"ST","2023-09-04","79.4","-1.94","5.45","Waldron, Matt",656941,663362,,"called_strike",,,,,4,,"R","L","R","SD","PHI","S",,,1,0,2023,"1.18","0.3",-0.3221518705052151,2.243439384853485,,624641,,0,3,"Top",,,,,,,1.3146284613253143,-115.54678854333332,-0.6978495334341659,10.135364533672874,25.635473603973058,-29.595767792535504,3.21,1.51,,,,"78.9",2333,"6.4",716720,596142,643265,676946,673490,593428,665742,663757,665487,"54.15",,,,,,,,27,2,"Sweeper",1,8,8,1,8,1,8,1,"Standard","Standard",70,"-0.003","-0.061",,,,,"0.061",,-7,7,0.03,0.97,26,30,27,30,1,2,4,1,6,1,"3.37","-1.18","1.18","30.1",,,,,
"ST","2023-09-02","79.4","-1.53","5.35","Maton, Phil",672724,664208,,"swinging_strike",,,,,5,,"R","R","R","HOU","NYY","S",,,0,1,2023,"1.83","0.07",0.13063590225722743,2.0923740371838773,,683011,677592,2,5,"Top",,,,,,,0.19990497918504113,-115.50251476668318,-0.3752613507120406,16.168855206361048,24.895560177453927,-31.72276545870371,3.22,1.48,,,,"79.9",2865,"7",716746,673237,547989,643289,608324,665161,488726,676801,663656,"53.5",,,,,,,,44,2,"Sweeper",4,5,5,4,5,4,5,4,"Standard","Standard",69,"0.003","-0.061","69.0","8.1","0.774751344",,"0.061",,-1,1,0.375,0.625,30,23,30,23,1,2,1,1,2,1,"3.6","-1.83","-1.83","30.5",22.771535698788053,-35.748039133556105,22.346644409417443,37.81512037821332,44.05432750600715
"SL","2023-05-27","79.4","-2.8","3.95","Sandlin, Nick",657557,680704,,"called_strike",,,,,13,,"R","R","R","CLE","STL","S",,,1,0,2023,"0.74","0.89",-0.8660160644833298,2.2175420984741483,,680977,,0,10,"Top",,,,,,,2.8618229556546115,-115.62939208441658,1.2918900684757686,6.1646233787097175,21.256126976748522,-24.63050047809958,3.31363042992441,1.53993653908984,,,,"79.9",2559,"6.6",717996,681807,672356,665926,608070,642708,680757,664702,686823,"53.95",,,,,,,,71,2,"Slider",1,1,1,1,1,1,1,1,"Standard","Standard",111,"-0.071","-0.061",,,,,"0.061",,0,0,0.495,0.505,26,29,26,30,1,3,3,1,5,1,"2.72","-0.74","-0.74","-2.2",,,,,
"ST","2023-05-11","79.2","-1.77","5.81","Clevinger, Mike",658668,605182,,"ball",,,,,14,,"R","R","R","KC","CWS","B",,,0,1,2023,"0.75","-0.27",2.109059554138347,1.8518251774152406,,677951,,2,1,"Bot",,,,,,,7.070150362786892,-115.21627756168895,-1.390133760172623,5.4586898737645075,20.018678203452033,-34.53971082078768,3.61659273880887,1.65256751056905,,,,"79.3",2380,"6.2",718218,518735,683734,672820,593643,641313,643217,673357,656514,"54.25",,,,,,,,7,2,"Sweeper",0,0,0,0,0,0,0,0,"Standard","Standard",54,"0.007","0.02",,,,,"-0.02",,0,0,0.528,0.528,32,27,33,27,1,0,5,1,6,1,"3.89","-0.75","-0.75","45.1",,,,,
"CU","2023-04-09","79.2","2.52","6.21","Garrett, Braxton",596019,666129,,"called_strike",,,,,2,,"R","R","L","NYM","MIA","S",,,1,1,2023,"-1.53","-0.49",-0.1773894350658347,2.9318424004694945,,516782,,1,1,"Bot",,,,,,,-3.023095890047279,-115.21265283495914,0.6558530487410263,-12.863693427556932,24.684023430344148,-36.87110859821165,3.26689892760573,1.57254720947542,,,,"78.6",2299,"6.2",718647,663743,493329,650333,516416,542932,650559,665862,541645,"54.26",,,,,,,,9,3,"Curveball",0,3,0,3,3,0,0,3,"Infield shade","Standard",323,"0.008","-0.078",,,,,"0.078",,-3,-3,0.282,0.282,25,29,26,30,1,0,8,1,6,1,"4.17","-1.53","1.53","45.1",,,,,
"ST","2023-09-30","79.2","-2.66","5.2","Ottavino, Adam",595909,493603,,"called_strike",,,,,5,,"R","L","R","NYM","PHI","S",,,2,1,2023,"1.49","-0.1",0.003493553313593134,2.0561589925565746,,642215,,1,9,"Top",,,,,,,3.0685120840922147,-115.31783902851365,0.2097404269851486,12.541575541075495,24.010052429686088,-33.38195398503644,3.14332676149422,1.47518096073,,,,"79.7",2763,"6.9",716376,553882,624413,641645,677595,596019,641796,542364,621466,"53.61",,,,,,,,68,4,"Sweeper",4,3,3,4,3,4,3,4,"Infield shade","Standard",72,"-0.062","-0.09",,,,,"0.09",,1,-1,0.761,0.239,37,30,38,31,1,3,3,2,,0,"3.77","-1.49","1.49","25.3",,,,,
"SL","2023-05-25","79.2","-2.91","5.56","Manoah, Alek",622534,666201,,"ball",,,,,11,,"R","R","R","TB","TOR","B",,,1,1,2023,"1.22","0.3",-0.8945140761984107,3.587653506315388,,670764,670042,1,3,"Bot",,,,,,,2.143197658297761,-115.26023053669857,1.989854872922637,10.382498799771268,23.068934596651278,-30.16921733724731,3.19882637289597,1.33154253075093,,,,"79.5",2036,"6.7",718032,672386,665489,624415,656305,666182,662139,595281,664770,"53.81",,,,,,,,29,3,"Slider",3,1,3,1,1,4,4,1,"Standard","Standard",50,"0.079","0.039",,,,,"-0.039",,2,2,0.789,0.789,25,28,25,29,2,1,5,1,6,1,"3.36","-1.22","-1.22","35.2",,,,,
"SL","2023-05-13","79.2","-3.03","5.73","Kaprielian, James",669352,621076,"walk","ball",,,,,14,"Bubba Thompson walks. Leody Taveras to 3rd. Leody Taveras steals (4) 3rd base. Leody Taveras to 3rd.","R","R","R","ATH","TEX","B",,,3,2,2023,"1.6","0.02",1.462126929677403,0.8179556432768207,,665750,,2,7,"Top",,,,,,,6.770767019049589,-115.11808137592135,-3.8806890463946995,12.798327841001285,23.05444672678814,-31.445640726934624,3.31967133858155,1.44184721248876,,,,"78.3",2364,"5.9",718190,669127,676116,643393,607054,669397,668709,665923,657656,"54.57",,0.695903,"0.7",1,0,0,,46,6,"Slider",0,3,3,0,3,0,3,0,"Standard","Strategic",71,"-0.005","0.162",,,,,"-0.162",,-3,3,0.112,0.888,29,25,29,25,3,0,19,1,8,1,"3.65","-1.6","-1.6","32.2",,,,,
"SL","2023-08-30","79.2","-0.67","6.35","Jiménez, Dany",553993,666204,,"ball",,,,,14,,"R","R","R","SEA","ATH","B",,,1,0,2023,"0.08","0.22",0.5432486121544439,1.2967687633507503,,664238,641487,1,7,"Bot",,,,,,,2.4658944703839407,-115.2245074680008,-4.572593915787073,0.24648630548649955,22.66414895506119,-29.590318443992526,3.36928574592374,1.60458879757772,,,,"78",2136,"5.6",716788,542208,676116,680869,672478,669397,665923,671732,664913,"54.9",,,,,,,,57,2,"Slider",5,4,5,4,4,5,5,4,"Standard","Standard",32,"0.038","0.067",,,,,"-0.067",,1,1,0.824,0.824,29,31,30,32,1,3,1,1,3,2,"3.44","-0.08","-0.08","57.1",,,,,
"CU","2023-07-05","79.1","1.82","5.78","Henry, Tommy",643446,674072,,"called_strike",,,,,7,,"R","L","L","AZ","NYM","S",,,0,0,2023,"-0.72","-0.79",-0.6858957621187426,2.1020583550034404,,502054,516782,2,4,"Top",,,,,,,-4.13790647524726,-115.07403942040541,0.29935715400223395,-5.536355784630214,22.461130373355616,-39.496736814232136,3.67078828376759,1.83738376456293,,,,"79.3",2410,"6.5",717477,608348,572233,672695,446334,605113,682998,677950,664983,"53.97",,,,,,,,25,1,"Curveball",0,0,0,0,0,0,0,0,"Standard","Standard",317,"-0.007","-0.04",,,,,"0.04",,0,0,0.507,0.493,25,31,26,31,2,1,5,1,11,1,"4.46","-0.72","-0.72","44.5",,,,,
"KC","2023-07-28","78.9","2.01","6.31","Smyly, Drew",575929,592767,,"blocked_ball",,,,,14,,"R","R","L","STL","CHC","B",,,0,0,2023,"0.21","-0.12",0.13270078853729195,0.7730120315243219,,669357,,2,6,"Bot",,,,,,,-4.428455981160292,-114.92155922026967,-5.057303555527446,2.608818184354621,19.170707721446316,-32.56230895687837,3.30774139825019,1.56652451213105,,,,"78.5",2269,"5.7",717226,665804,641820,663538,621550,621020,664023,641355,673548,"54.77",,,,,,,,48,1,"Knuckle Curve",2,3,2,3,3,2,2,3,"Standard","Standard",6,"0.011","0.02",,,,,"-0.02",,-1,-1,0.368,0.368,34,31,34,31,2,2,6,3,5,1,"3.74","0.21","-0.21","45.0",,,,,
"CU","2023-04-26","78.9","-1.58","5.87","Gray, Jon",663697,592351,,"ball",,,,,13,,"R","R","R","CIN","TEX","B",,,0,0,2023,"1.09","-0.8",-0.1527489700123844,0.886574499664674,,669222,,1,5,"Bot",,,,,,,1.0873052526825258,-114.9895938525094,-2.5810226299062284,9.436786723976244,21.164881212731093,-39.03713921731934,3.17039937399295,1.50540131854502,,,,"79.4",2697,"6.5",718424,641680,663993,543760,677649,669701,543257,665750,666969,"54",,,,,,,,42,1,"Curveball",2,2,2,2,2,2,2,2,"Standard","Standard",48,"0.045","0.034",,,,,"-0.034",,0,0,0.594,0.594,31,26,32,27,3,2,5,1,6,2,"4.45","-1.09","-1.09","35.4",,,,,
"ST","2023-05-24","78.9","1.81","5.58","Rogers, Taylor",680777,573124,,"ball",,,,,11,,"R","R","L","MIN","SF","B",,,1,0,2023,"-1.42","0.18",-0.8538334780159254,2.8629126958921876,,650489,,1,8,"Bot",,,,,,,-3.1538863558665593,-114.84043294300335,0.5631807782104139,-11.957738151169558,21.32717332961287,-30.890590324264622,3.51579722521331,1.68608133824733,,,,"78.6",2758,"6.1",718047,666165,664774,669477,527038,543063,571745,689172,624424,"54.41",,,,,,,,74,2,"Sweeper",7,1,7,1,1,7,7,1,"Standard","Standard",285,"0","0.036",,,,,"-0.036",,6,6,0.998,0.998,32,26,33,26,1,3,5,2,1,2,"3.48","-1.42","1.42","30.4",,,,,
"SL","2023-05-26","78.8","-2","5.03","Weber, Ryan",572761,543901,,"ball",,,,,14,,"R","L","R","NYY","SD","B",,,0,2,2023,"1.55","-0.42",1.4327362359380973,1.840491382286288,,593428,596059,2,9,"Top",,,,,,,4.526915133271508,-114.64869355642288,0.7003874843492071,12.69273527982387,23.055284420900534,-36.189434829916216,3.58043175192174,1.77834662014059,,,,"77.6",2490,"5.7",718023,543309,519203,650402,518934,683011,643396,664056,592450,"54.83",,,,,,,,73,3,"Slider",1,5,5,1,5,1,5,1,"Standard","Standard",51,"-0.001","0.018",,,,,"-0.018",,-4,4,0.017,0.983,32,37,33,38,2,4,6,1,4,2,"4.11","-1.55","1.55","15.6",,,,,
"KC","2023-05-28","78.7","1.94","6.41","Smyly, Drew",669222,592767,,"ball",,,,,8,,"R","R","L","CHC","CIN","B",,,1,1,2023,"0.21","-0.01",-0.17444694911052777,1.555355456709508,,656413,,1,2,"Top",,,,,,,-4.906959337475058,-114.55827889533802,-3.7214861657547122,2.6878493103038683,19.61780034393055,-31.781335320658204,3.21693935688805,1.51721525739093,,,,"77.9",2123,"5.5",717987,543228,641820,663538,621550,621020,664023,643565,673548,"54.98",,,,,,,,9,3,"Knuckle Curve",0,0,0,0,0,0,0,0,"Standard","Standard",24,"-0.034","0.052",,,,,"-0.052",,0,0,0.482,0.518,34,28,34,28,1,0,5,1,6,3,"3.66","0.21","-0.21","45.3",,,,,
"KC","2023-05-30","78.6","1.61","5.5","Freeland, Kyle",672515,607536,,"called_strike",,,,,8,,"R","R","L","AZ","COL","S",,,0,1,2023,"-0.24","-0.36",-0.10506698081252824,1.9785307640763836,,682998,,1,4,"Bot",,,,,,,-3.282289060070669,-114.53488829735801,-0.19829888902562143,-1.5739285226254836,19.293224790325393,-35.544962618267995,3.32725867022738,1.54282311391947,,,,"79.4",2520,"6.6",717955,553869,666134,605612,641857,678662,595777,686668,592178,"53.95",,,,,,,,34,2,"Knuckle Curve",3,0,3,0,0,3,3,0,"Standard","Standard",310,"0.007","-0.069",,,,,"0.069",,3,3,0.867,0.867,30,23,30,23,2,1,5,1,5,1,"4.01","-0.24","0.24","22.1",,,,,
"CH","2023-04-22","78.6","-0.18","5.78","Morgan, Eli",542932,669212,,"ball",,,,,14,,"R","R","R","CLE","MIA","B",,,1,0,2023,"-1.69","0.37",1.1426795909499867,2.117445362163115,,650559,,1,7,"Top",,,,,,,6.036878956143354,-114.53991450060225,-1.9496124660321676,-16.00420974534116,16.904965115042394,-28.73581375590065,3.21338214508432,1.4275946632233,,,,"79.9",2282,"6.6",718488,595956,605137,665926,671289,672356,680757,664702,660757,"53.86",,,,,,,,58,2,"Changeup",1,3,3,1,3,1,3,1,"Standard","Standard",253,"-0.026","0.036",,,,,"-0.036",,-2,2,0.169,0.831,27,33,27,33,1,3,4,0,4,1,"3.25","1.69","1.69","52.4",,,,,
"CU","2023-05-27","78.4","0.86","6.18","Valdez, Framber",649557,664285,,"called_strike",,,,,5,,"R","R","L","ATH","HOU","S",,,0,0,2023,"-0.8","-1.18",-0.1659044516450202,2.71723130045035,,657656,,1,2,"Bot",,,,,,,-0.7447642203793301,-114.04808712248155,1.615791425788523,-6.717504786236197,23.937039149632355,-42.984301332179015,3.29035195906438,1.53101893837555,,,,"77.2",2899,"5.7",718003,455117,547989,514888,608324,665161,670541,676801,663656,"54.76",,,,,,,,16,1,"Curveball",0,2,0,2,2,0,0,2,"Infield shade","Standard",319,"0.019","-0.038",,,,,"0.038",,-2,-2,0.361,0.361,29,32,30,33,1,0,6,1,6,1,"4.94","-0.8","0.8","48.3",,,,,
"ST","2023-04-28","78.1","-1.69","6.16","Lyles, Jordan",621043,543475,,"ball",,,,,13,,"R","R","R","MIN","KC","B",,,0,1,2023,"1.12","0.14",-0.5442186671903327,1.4443649462825037,,572191,596146,1,4,"Bot",,,,,,,0.3890694008109874,-113.8748693678719,-3.613294098549132,9.763814534070164,19.642289607612692,-30.500414510895272,3.54411364095147,1.68608133824733,,,,"78.7",2606,"6.5",718387,521692,668472,686681,641531,677951,658668,664728,669004,"54.03",,,,,,,,36,2,"Sweeper",4,2,4,2,2,4,4,2,"Standard","Standard",59,"0.024","0.031",,,,,"-0.031",,2,2,0.806,0.806,32,28,33,29,3,2,5,1,6,1,"3.56","-1.12","-1.12","44.3",,,,,
"CU","2023-08-10","78","0.93","6.43","Liberatore, Matthew",623912,669461,,"ball",,,,,13,,"R","R","L","TB","STL","B",,,1,2,2023,"-0.82","-1.58",-1.1339402562349346,1.9350965165681195,,668227,,2,1,"Bot",,,,,,,-2.9325774074734094,-113.37822113110725,0.3001222284245535,-6.293925830038609,25.284210085553102,-45.92830572166764,3.09732756359642,1.39951924369667,,,,"77.2",2916,"6.3",717048,668800,502671,669357,600301,669242,641933,663457,676475,"54.2",,,,,,,,8,7,"Curveball",0,0,0,0,0,0,0,0,"Infield shade","Standard",335,"0.008","0.015",,,,,"-0.015",,0,0,0.523,0.523,23,28,24,29,1,0,7,1,6,1,"5.41","-0.82","0.82","53.1",,,,,
"SL","2023-08-30","77.8","1.84","5.47","Hill, Rich",575929,448179,,"called_strike",,,,,5,,"R","R","L","STL","SD","S",,,1,0,2023,"-1.08","-0.1",0.18536496464034946,2.0821202124750604,,669242,,1,1,"Bot",,,,,,,-1.5719020865124165,-113.35998832462256,-0.21794913356929158,-9.06689063454211,20.12066584853993,-33.223444695469105,3.36516975177695,1.49910954932844,,,,"77.7",2403,"6.1",716782,669134,643265,673490,592518,593428,665742,663757,665487,"54.39",,,,,,,,8,2,"Slider",0,1,0,1,1,0,0,1,"Standard","Standard",276,"0.023","-0.049",,,,,"0.049",,-1,-1,0.469,0.469,43,31,43,31,1,0,5,1,5,2,"3.85","-1.08","1.08","30.0",,,,,
"KC","2023-06-25","77.8","-1.85","5.66","DeSclafani, Anthony",664983,543101,,"ball",,,,,11,,"R","L","R","SF","AZ","B",,,1,2,2023,"1.37","-0.29",-0.3607347701422754,4.19506963974562,,677950,,2,2,"Top",,,,,,,0.6808778647844187,-113.26953171724038,4.2983336625443185,11.707351387960045,20.068861415586003,-35.665650872865804,3.36421276371071,1.63519634792773,,,,"78.3",2273,"6.5",717612,672275,605204,642731,656371,543063,666165,682641,624424,"53.98",,,,,,,,14,4,"Knuckle Curve",0,1,1,0,1,0,1,0,"Standard","Standard",56,"-0.009","0.015",,,,,"-0.015",,-1,1,0.421,0.579,33,25,33,26,1,0,5,1,6,2,"4.04","-1.37","1.37","38.9",,,,,
"SL","2023-09-27","77.6","2.58","6.01","Corbin, Patrick",668939,571578,,"ball",,,,,13,,"R","R","L","BAL","WSH","B",,,1,0,2023,"-0.08","-0.2",-1.065721670748721,1.3562856615050678,,622761,,1,5,"Bot",,,,,,,-7.741064279927674,-112.76842059628045,-2.6047593388196146,0.8564254348705287,22.400925276286877,-33.54088727689532,3.36236887298795,1.62960215402376,,,,"78.1",2085,"6.9",716416,660688,642086,671277,545121,682928,666906,696285,657041,"53.58",,,,,,,,38,2,"Slider",2,1,2,1,1,2,2,1,"Infield shade","Standard",290,"0.034","0.036",,,,,"-0.036",,1,1,0.73,0.73,33,25,34,25,3,2,5,1,,1,"4.02","-0.08","0.08","33.8",,,,,
"SL","2023-05-25","77.5","-4.13","1.86","Cimber, Adam",668227,643256,,"called_strike",,,,,7,,"R","R","R","TB","TOR","S",,,2,1,2023,"1","1.08",-0.5415230938418257,2.0474655104791846,,677551,,1,7,"Bot",,,,,,,5.812428421685335,-112.4621956524427,5.472651808451006,7.250117933451895,22.9569959595214,-24.511374270738223,3.75165928379548,1.52958516338729,,,,"76.8",2675,"6.2",718032,672386,665489,624415,656305,666182,662139,595281,664770,"54.27",,,,,,,,58,4,"Slider",5,1,5,1,1,5,5,1,"Standard","Standard",104,"0.004","-0.09",,,,,"0.09",,4,4,0.973,0.973,32,28,33,28,1,3,2,1,2,1,"2.78","-1","-1","-34.4",,,,,
"CU","2023-08-10","77.4","-1.09","6.21","Syndergaard, Noah",643376,592789,,"ball",,,,,14,,"R","R","R","CLE","TOR","B",,,0,0,2023,"1","-0.02",0.9427211005635299,1.5592279729422822,,543807,,2,6,"Top",,,,,,,2.5103794335118383,-112.80642746471709,-2.97913251018709,8.145432370069342,19.993609319354764,-32.05660672150104,3.33256145421619,1.52123070286239,,,,"77.9",2235,"6.5",717052,666310,594777,665926,677587,677588,686823,664702,657656,"53.98",,,,,,,,47,1,"Curveball",4,1,1,4,1,4,1,4,"Standard","Standard",72,"-0.005","0.02",,,,,"-0.02",,3,-3,0.883,0.11699999999999999,30,28,31,28,3,2,5,1,6,3,"3.81","-1","-1","38.9",,,,,
"ST","2023-09-30","76.9","-1.59","5.76","Clevinger, Mike",665487,605182,,"ball",,,,,11,,"R","R","R","CWS","SD","B",,,1,1,2023,"1.39","-0.1",-1.166546749180146,3.665145366408048,,673490,665742,1,1,"Top",,,,,,,-1.6393693446031852,-111.95233674144548,2.805489462392874,11.987228749972287,21.478487198294065,-33.80273575059369,3.72958674932719,1.76130580851257,,,,"77.2",2130,"6.6",716374,518735,683734,672820,660162,641313,571980,572204,657757,"53.86",,,,,,,,4,3,"Sweeper",0,0,0,0,0,0,0,0,"Infield shade","Standard",50,"-0.048","0.039",,,,,"-0.039",,0,0,0.462,0.538,32,24,33,24,1,0,6,1,,1,"3.97","-1.39","-1.39","45.1",,,,,
"KC","2023-04-11","76.6","-1.99","5.73","Javier, Cristian",675986,664299,,"swinging_strike",,,,,13,,"R","L","R","PIT","HOU","S",,,0,1,2023,"1.11","-0.68",-0.399458332137996,1.2131486132119065,,663647,,1,6,"Bot",,,,,,,1.3315026059927182,-111.46700022655352,-1.2270174916591845,8.95607527869979,21.718436923575883,-37.82148191166484,3.38,1.59,,,,"75.4",2946,"5.6",718623,455117,547989,643289,608324,665161,676801,676694,663656,"54.88",,,,,,,,50,2,"Knuckle Curve",3,2,3,2,2,3,3,2,"Standard","Standard",31,"0.014","-0.069",,,,,"0.069",,1,1,0.755,0.755,26,24,26,24,3,2,6,2,6,1,"4.59","-1.11","1.11","38.8",,,,,
"CU","2023-09-27","76.6","1.01","6.38","Liberatore, Matthew",668930,669461,,"called_strike",,,,,4,,"R","L","L","MIL","STL","S",,,0,0,2023,"-0.87","-1.45",-0.45379561242920374,1.7007789564595424,,605119,,0,7,"Bot",,,,,,,-1.525544350660828,-111.42759671066794,-0.13337388131409034,-6.815423757842729,23.04984457176366,-44.33926602770265,2.55979069587741,1.03172870075517,,,,"75.8",2876,"6.1",716408,671056,663609,669242,578570,691026,680700,663457,691023,"54.41",,,,,,,,55,1,"Curveball",2,2,2,2,2,2,2,2,"Strategic","Standard",331,"0.047","-0.046",,,,,"0.046",,0,0,0.695,0.695,23,23,24,24,1,2,5,1,2,1,"5.39","-0.87","-0.87","46.6",,,,,
"ST","2023-07-05","76.4","2.46","5.08","La Sorsa, Joe",641584,686747,,"ball",,,,,11,,"R","L","L","WSH","CIN","B",,,1,0,2023,"-0.99","0.51",-1.31885269799922,2.690212482921194,,682829,,0,8,"Top",,,,,,,-6.196342217612249,-111.10487710939172,1.1221857193204892,-7.019225048653395,20.5168919255059,-28.437410187814013,3.38937510620096,1.48571262212764,,,,"76.7",2118,"6.6",717493,660688,642086,671277,600869,682928,572816,669743,657041,"53.93",,,,,,,,74,2,"Sweeper",2,7,7,2,7,2,7,2,"Strategic","Standard",292,"-0.003","0.052",,,,,"-0.052",,-5,5,0.013,0.987,25,28,25,28,2,4,2,1,13,2,"3.41","-0.99","-0.99","11.6",,,,,
"CU","2023-09-19","76.4","2.41","6.27","Garrett, Braxton",682626,666129,,"called_strike",,,,,3,,"R","R","L","MIA","NYM","S",,,2,1,2023,"-0.89","-0.7",0.8246123325238536,2.836370521736535,,596019,,2,3,"Top",,,,,,,-1.7270153111907667,-111.28513071029431,1.0623972483719835,-7.087302922474885,20.26777158996969,-38.40229890541902,3.36462241989432,1.57000116847825,,,,"76.3",2216,"6.2",716523,663743,605137,669364,669394,641658,542932,665862,650559,"54.28",,,,,,,,21,4,"Curveball",0,1,1,0,1,0,1,0,"Standard","Standard",330,"0.003","-0.069",,,,,"0.069",,-1,1,0.402,0.598,25,21,26,22,2,1,6,1,8,2,"4.6","-0.89","0.89","47.9",,,,,
"CU","2023-05-24","74.8","2.7","5.2","Boyd, Matthew",686469,571510,,"ball",,,,,13,,"R","L","L","KC","DET","B",,,1,0,2023,"-1.44","-0.53",-1.314501914499134,2.7574612524017548,,672580,,2,5,"Bot",,,,,,,-5.71806416203169,-108.68943870581542,3.1003947871293134,-10.374848460863372,19.481395150110494,-37.1262283977103,3.84794911852975,1.81516905388223,,,,"74.5",2672,"6.2",718039,606992,679529,570731,656716,595879,668731,682985,663837,"54.3",,,,,,,,40,2,"Curveball",1,1,1,1,1,1,1,1,"Standard","Standard",299,"0.01","0.029",,,,,"-0.029",,0,0,0.548,0.548,32,25,32,26,3,2,5,1,5,2,"4.62","-1.44","-1.44","21.4",,,,,
"ST","2023-09-28","74.6","3.16","4.97","Yarbrough, Ryan",660707,642232,,"called_strike",,,,,8,,"R","R","L","COL","LAD","S",,,0,0,2023,"-0.75","0.65",-0.05884625129478205,1.7600827481152002,,666134,,1,4,"Bot",,,,,,,-5.299757904257212,-108.5686277416319,-0.5728309701228196,-5.0799697684685965,18.4551084875324,-27.120848743892857,3.1063096496592,1.48157784417413,,,,"74.9",2213,"6.4",716405,605131,518692,605141,571970,621035,444482,571771,518792,"54.06",,,,,,,,40,1,"Sweeper",9,3,9,3,3,9,9,3,"Standard","Standard",268,"0.003","-0.038",,,,,"0.038",,6,6,0.971,0.971,31,24,32,25,3,2,6,1,,1,"3.43","-0.75","0.75","12.9",,,,,
"CU","2023-04-03","74.3","1.43","6.08","Detmers, Reid",606192,672282,,"called_strike",,,,,3,,"R","R","L","SEA","LAA","S",,,0,0,2023,"-1.28","-1.17",0.5114393289638639,3.605400244785839,,664034,,0,3,"Bot",,,,,,,0.3442465123498404,-108.01921642574287,4.199800136880709,-10.030006862583166,20.265899576252696,-42.32480134768899,3.51506013485699,1.70710641653447,,,,"72.9",2488,"5.5",718720,681351,571875,592273,570482,650859,621493,545361,592669,"55.02",,,,,,,,25,1,"Curveball",2,1,2,1,1,2,2,1,"Infield shade","Standard",323,"0.019","-0.046",,,,,"0.046",,1,1,0.725,0.725,23,30,24,31,2,1,,1,6,1,"5.34","-1.28","1.28","44.0",,,,,
"CU","2023-07-25","73.5","2.34","5.55","Hill, Rich",592518,448179,,"called_strike",,,,,5,,"R","R","L","SD","PIT","S",,,2,0,2023,"-1.41","-1.17",-0.1071101343872447,3.16034685612183,,673490,665487,1,5,"Bot",,,,,,,-2.491517564300033,-106.79766366879583,4.617553029761957,-10.146073830094942,21.390473639257007,-42.21521348628822,4.00315373170897,1.8226647934302,,,,"72.6",2742,"6.1",717258,595978,467793,693304,669707,678894,656582,668804,680779,"54.43",,,,,,,,42,3,"Curveball",2,1,2,1,1,2,2,1,"Infield shade","Standard",309,"0.031","-0.079",,,,,"0.079",,1,1,0.76,0.76,43,30,43,31,3,2,6,1,5,1,"5.46","-1.41","1.41","36.3",,,,,
"CU","2023-09-18","71.8","-1.14","6.22","Wainwright, Adam",518626,425794,,"called_strike",,,,,6,,"R","R","R","STL","MIL","S",,,0,0,2023,"1.46","-0.82",0.4768641947167819,2.7255417921554983,,592192,,2,7,"Top",,,,,,,0.7354831730703251,-104.37792044156524,2.1145493374190085,10.358532370247813,20.752328793632586,-38.73789479847198,3.38439700154235,1.64252164520159,,,,"71.4",2641,"6.5",716531,575929,502671,669242,571448,691026,680700,663457,691023,"54.03",,,,,,,,47,1,"Curveball",1,0,0,1,0,1,0,1,"Standard","Standard",53,"0.002","-0.046",,,,,"0.046",,1,-1,0.723,0.277,41,37,42,38,3,2,6,1,,1,"5.31","-1.46","-1.46","43.8",,,,,
"CU","2023-05-05","70.6","1.58","5.66","Hill, Rich",662139,448179,,"ball",,,,,12,,"R","L","L","PIT","TOR","B",,,2,1,2023,"-1.54","-1.08",1.1547692945973556,2.9137168366567243,,593160,,2,4,"Top",,,,,,,1.736319959817913,-102.5236074415473,4.230673041769362,-11.049917027810709,20.986170202986678,-40.7696673981632,3.16246068184596,1.53070852393178,,,,"69.4",2618,"6",718307,595978,467793,678225,666801,672779,668804,669261,609280,"54.49",,,,,,,,28,4,"Curveball",0,1,1,0,1,0,1,0,"Standard","Standard",308,"-0.008","0.069",,,,,"-0.069",,-1,1,0.392,0.608,43,26,43,27,2,1,6,1,5,1,"5.76","-1.54","-1.54","35.6",,,,,
"ST","2023-09-28","69.8","3.15","4.96","Yarbrough, Ryan",663898,642232,,"ball",,,,,14,,"R","R","L","COL","LAD","B",,,0,0,2023,"-0.72","0.09",1.6708277311379711,1.2320046966851237,,453568,,1,4,"Bot",,,,,,,-1.6642285719832461,-101.72346579691927,0.3249294862401877,-4.777791196411197,16.25494838354911,-31.78028642774253,3.41116433739247,1.59698935328969,,,,"69.9",2089,"6.3",716405,605131,518692,605141,571970,621035,444482,571771,518792,"54.24",,,,,,,,38,1,"Sweeper",7,3,7,3,3,7,7,3,"Standard","Strategic",267,"0.01","0.034",,,,,"-0.034",,4,4,0.919,0.919,31,26,32,27,3,2,6,1,,1,"4.56","-0.72","0.72","12.7",,,,,
"CU","2023-09-06","66.1","2","6.12","Ryu, Hyun Jin",676116,547943,,"ball",,,,,11,,"R","L","L","ATH","TOR","B",,,2,2,2023,"-1.27","-0.99",-0.6671558101211783,3.4410582384828103,,665923,,2,5,"Bot",,,,,,,-2.8933563560119415,-96.07653710564583,4.831450842392155,-7.393872953332614,14.901325848469925,-39.28273953151066,3.07849678794312,1.46512134719549,,,,"66.3",2314,"6.5",716698,623168,665489,676914,669289,676391,593160,662139,624415,"53.96",,,,,,,,43,5,"Curveball",2,1,2,1,1,2,2,1,"Standard","Standard",325,"0.011","0.051",,,,,"-0.051",,1,1,0.689,0.689,36,27,36,27,3,2,5,1,6,2,"6.22","-1.27","-1.27","53.6",,,,,
"EP","2023-10-01","63.5","-2.63","5.83","Luplow, Jordan",663898,656669,"truncated_pa","ball",,,,,14,,"R","R","R","COL","MIN","B",,,0,0,2023,"0.09","1.34",0.33810694556160265,0.552871792334956,,686668,,1,11,"Bot",,,,,,,4.977793481899511,-92.3770707278962,-2.826520385683571,-0.17359428793118878,12.355414518635408,-24.273798236826547,3.66137649638952,1.61273789795416,,,,"62.6",1766,"5.3",716359,680777,666397,543877,456781,571657,650489,664057,663616,"55.23",,,"0",0,0,0,,85,1,"Eephus",2,2,2,2,2,3,3,2,"Standard","Standard",216,"0.297","0.474",,,,,"-0.474",,0,0,0.703,0.703,29,26,30,27,1,4,51,1,,,"4.27","-0.09","-0.09","31.2",,,,,
,"2023-07-25",,,,"Rodriguez, Eduardo",500871,593958,,"swinging_strike_blocked",,,,,,,"R","R","L","DET","LAA","S",,,2,1,2023,,,,,,660271,519058,2,5,"Top",,,,,,,,,,,,,,,,,,,,,717265,668670,679529,670097,656716,595879,668731,682985,663837,,,,,,,,,40,4,,1,3,3,1,3,1,3,1,,,,"0.003","-0.06",,,,,"0.06",,-2,2,0.252,0.748,30,34,30,34,3,2,6,2,8,2,,,,,,,,,