Date,Catcher_Name,Pitcher_Name,Runner_Name,Fielder_Name,Target Base,Result,Runner_Stealing_Runs,Lead_Distance_Gained,Pitcher_First_Move,At_Pitch_Release,Extra,Runner_Full_Name,Runner_ID
4/7/2023,"Bethancourt, C.","Eflin, Z.","Ruiz, E.","Franco, W.",2B,SB,0.2,10.1,13.2,23.3,,"Ruiz, Esteury",665923
4/15/2023,"Alvarez, F.","Raley, B.","Ruiz, E.","McNeil, J.",2B,SB,0.2,12.1,10.9,23,,"Ruiz, Esteury",665923
4/16/2023,"Alvarez, F.","Buttó, J.","Ruiz, E.","Lindor, F.",2B,SB,0.2,10,12.4,22.4,,"Ruiz, Esteury",665923
4/19/2023,"Barnhart, T.","Steele, J.","Ruiz, E.","Hoerner, N.",2B,SB,0.2,11.7,9.5,21.1,,"Ruiz, Esteury",665923
4/26/2023,"Thaiss, M.","Sandoval, P.","Ruiz, E.","Drury, B.",2B,SB,0.2,9.1,10.2,19.3,,"Ruiz, Esteury",665923
4/26/2023,"Thaiss, M.","Sandoval, P.","Ruiz, E.",--,2B,SB,0.2,8.2,12.2,20.4,,"Ruiz, Esteury",665923
4/26/2023,"Thaiss, M.","Sandoval, P.","Ruiz, E.",--,3B,SB,0.2,12.2,13.3,25.5,,"Ruiz, Esteury",665923
4/27/2023,"Wallach, C.","Ohtani, S.","Ruiz, E.","Urshela, G.",2B,SB,0.2,7.9,12.5,20.4,,"Ruiz, Esteury",665923
4/28/2023,"Stephenson, T.","Law, D.","Ruiz, E.",--,3B,SB,0.2,14.5,13.8,28.4,,"Ruiz, Esteury",665923
5/3/2023,"Murphy, T.","Gilbert, L.","Ruiz, E.",--,2B,SB,0.2,6.6,12.1,18.7,,"Ruiz, Esteury",665923
5/3/2023,"Murphy, T.","Gilbert, L.","Ruiz, E.",--,3B,SB,0.2,12,14.3,26.3,,"Ruiz, Esteury",665923
5/5/2023,"Perez, S.","Hernández, C.","Ruiz, E.","Dozier, H.",3B,SB,0.2,16.8,15.8,32.5,,"Ruiz, Esteury",665923
5/7/2023,"Perez, S.","Yarbrough, R.","Ruiz, E.","Witt Jr., B.",2B,CS,-0.45,6.9,10.3,17.2,,"Ruiz, Esteury",665923
5/8/2023,"Trevino, J.","Marinaccio, R.","Ruiz, E.","Torres, G.",2B,SB,0.2,9.5,13.3,22.8,,"Ruiz, Esteury",665923
5/11/2023,"Heim, J.","Eovaldi, N.","Ruiz, E.","Duran, E.",2B,CS,-0.45,10.1,12.4,22.6,,"Ruiz, Esteury",665923
5/13/2023,"León, S.","Gray, J.","Ruiz, E.","Duran, E.",2B,SB,0.2,9.4,12.7,22.1,,"Ruiz, Esteury",665923
5/15/2023,"Moreno, G.","Kelly, M.","Ruiz, E.","Perdomo, G.",2B,SB,0.2,13.4,11.7,25.2,,"Ruiz, Esteury",665923
5/16/2023,"Moreno, G.","Henry, T.","Ruiz, E.","Longoria, E.",3B,SB,0.2,18.3,15.8,34.1,,"Ruiz, Esteury",665923
5/17/2023,"Herrera, J.","Nelson, R.","Ruiz, E.","Perdomo, G.",3B,BK,0.2,--,--,--,,"Ruiz, Esteury",665923
5/19/2023,"Maldonado, M.","Bielak, B.","Ruiz, E.","Altuve, J.",2B,SB,0.2,8.3,13.2,21.4,,"Ruiz, Esteury",665923
5/20/2023,"Maldonado, M.","Brown, H.","Ruiz, E.","Peña, J.",2B,SB,0.2,14,13.4,27.4,,"Ruiz, Esteury",665923
5/20/2023,"Maldonado, M.","Neris, H.","Ruiz, E.","Peña, J.",2B,SB,0.2,9,14.8,23.8,,"Ruiz, Esteury",665923
5/21/2023,"Maldonado, M.","Valdez, F.","Ruiz, E.",--,3B,SB,0.2,20,19.8,39.8,,"Ruiz, Esteury",665923
5/23/2023,"Murphy, T.","Gonzales, M.","Ruiz, E.","Wong, K.",2B,SB,0.2,6.4,13.1,19.4,,"Ruiz, Esteury",665923
5/26/2023,"Maldonado, M.","Brown, H.","Ruiz, E.","Dubón, M.",2B,SB,0.2,10.7,13.3,24,,"Ruiz, Esteury",665923
5/29/2023,"Murphy, S.","Yates, K.","Ruiz, E.","Olson, M.",2B,PK,-0.45,--,--,--,,"Ruiz, Esteury",665923
5/31/2023,"d'Arnaud, T.","Shuster, J.","Ruiz, E.","Albies, O.",2B,SB,0.2,10.7,11.2,22,,"Ruiz, Esteury",665923
6/5/2023,"Hedges, A.","Holderman, C.","Ruiz, E.","Marcano, T.",2B,CS,-0.45,7.9,13.7,21.6,,"Ruiz, Esteury",665923
6/5/2023,"Hedges, A.","Oviedo, J.","Ruiz, E.","Castro, R.",2B,SB,0.2,7.8,14.2,22.1,,"Ruiz, Esteury",665923
6/9/2023,"Contreras, W.","Houser, A.","Ruiz, E.","Adames, W.",2B,SB,0.2,2.6,11.5,14.1,,"Ruiz, Esteury",665923
6/10/2023,"Caratini, V.","Teheran, J.","Ruiz, E.","Singleton, J.",2B,PK,-0.45,0.7,13.2,13.9,,"Ruiz, Esteury",665923
6/10/2023,"Caratini, V.","Peguero, E.","Ruiz, E.",--,2B,SB,0.2,9.6,12.8,22.4,,"Ruiz, Esteury",665923
6/13/2023,"Mejía, F.","Chirinos, Y.","Ruiz, E.","Walls, T.",2B,CS,-0.45,7,12.9,19.9,,"Ruiz, Esteury",665923
6/14/2023,"Bethancourt, C.","Glasnow, T.","Ruiz, E.","Franco, W.",2B,SB,0.19,12.1,15.6,27.8,,"Ruiz, Esteury",665923
6/14/2023,"Bethancourt, C.","Glasnow, T.","Ruiz, E.","Paredes, I.",3B,SB,0.2,18.6,13.7,32.4,,"Ruiz, Esteury",665923
6/16/2023,"Realmuto, J.","Walker, T.","Ruiz, E.","Turner, T.",2B,SB,0.2,12.6,12.1,24.8,,"Ruiz, Esteury",665923
6/16/2023,"Realmuto, J.","Walker, T.","Ruiz, E.","Sosa, E.",3B,SB,0.2,13.9,15.7,29.6,,"Ruiz, Esteury",665923
6/17/2023,"Realmuto, J.","Sánchez, C.","Ruiz, E.","Sosa, E.",3B,SB,0.2,15.1,17.3,32.4,,"Ruiz, Esteury",665923
6/20/2023,"Naylor, B.","Hentges, S.","Ruiz, E.","Rosario, A.",2B,SB,0.2,8.8,12.1,20.9,,"Ruiz, Esteury",665923
6/27/2023,"Trevino, J.","Brito, J.","Ruiz, E.","Donaldson, J.",3B,CS,-0.45,8.7,15.6,24.3,,"Ruiz, Esteury",665923
6/27/2023,"Trevino, J.","Brito, J.","Ruiz, E.","Volpe, A.",2B,SB,0.2,9.2,13.7,22.8,,"Ruiz, Esteury",665923
6/30/2023,"Grandal, Y.","Banks, T.","Ruiz, E.","Andrus, E.",2B,SB,0.2,8.5,10.5,19,,"Ruiz, Esteury",665923
7/5/2023,"Rogers, J.","Rodriguez, E.","Ruiz, E.",--,2B,SB,0.2,7.8,11.8,19.6,,"Ruiz, Esteury",665923
8/5/2023,"Bailey, P.","Stripling, R.","Ruiz, E.","Crawford, B.",2B,SB,0.2,4.6,11.9,16.5,,"Ruiz, Esteury",665923
8/6/2023,"Bailey, P.","Cobb, A.","Ruiz, E.","Wade Jr., L.",2B,PK,-0.45,--,--,--,,"Ruiz, Esteury",665923
8/9/2023,"Huff, S.","Montgomery, J.","Ruiz, E.","Semien, M.",2B,SB,0.2,6.4,13.7,20.1,,"Ruiz, Esteury",665923
8/9/2023,"Huff, S.","Montgomery, J.","Ruiz, E.","Smith, J.",3B,SB,0.2,13.4,15.4,28.8,,"Ruiz, Esteury",665923
8/16/2023,"Knizner, A.","Lawrence, C.","Ruiz, E.","Motter, T.",2B,SB,0.2,7.8,14.3,22.2,,"Ruiz, Esteury",665923
8/19/2023,"McCann, J.","Irvin, C.","Ruiz, E.","Westburg, J.",2B,CS,-0.45,6.2,12.3,18.5,,"Ruiz, Esteury",665923
8/21/2023,"Fermin, F.","Davidson, T.","Ruiz, E.",--,3B,SB,0.2,12.4,15.2,27.6,,"Ruiz, Esteury",665923
8/27/2023,"Grandal, Y.","Clevinger, M.","Ruiz, E.","Anderson, T.",2B,SB,0.2,9,12.9,22,,"Ruiz, Esteury",665923
8/27/2023,"Grandal, Y.","Clevinger, M.","Ruiz, E.","Moncada, Y.",3B,SB,0.2,17.4,12.4,29.7,,"Ruiz, Esteury",665923
8/30/2023,"Raleigh, C.","Miller, B.","Ruiz, E.","Crawford, J.",2B,SB,0.2,10.5,13.1,23.6,,"Ruiz, Esteury",665923
8/30/2023,"Raleigh, C.","Topa, J.","Ruiz, E.","Suárez, E.",3B,SB,0.2,10.4,16.1,26.5,,"Ruiz, Esteury",665923
9/1/2023,"O'Hoppe, L.","Reyes, G.","Ruiz, E.","Moustakas, M.",3B,SB,0.2,16.3,14.3,30.6,,"Ruiz, Esteury",665923
9/4/2023,"Kirk, A.","Romano, J.","Ruiz, E.","Merrifield, W.",2B,SB,0.2,8.1,12,20.1,,"Ruiz, Esteury",665923
9/4/2023,"Kirk, A.","Romano, J.","Ruiz, E.","Biggio, C.",3B,SB,0.2,16.9,15.2,32.2,,"Ruiz, Esteury",665923
9/6/2023,"Heineman, T.","Ryu, H.","Ruiz, E.","Schneider, D.",2B,SB,0.2,7.3,15.2,22.5,,"Ruiz, Esteury",665923
9/6/2023,"Heineman, T.","Ryu, H.","Ruiz, E.",--,3B,SB,0.2,3.9,12.9,16.7,,"Ruiz, Esteury",665923
9/9/2023,"Hedges, A.","Smith, W.","Ruiz, E.","Lowe, N.",2B,PK,-0.45,--,--,--,,"Ruiz, Esteury",665923
9/10/2023,"Heim, J.","Heaney, A.","Ruiz, E.","Seager, C.",2B,CS,-0.45,7.3,13,20.4,,"Ruiz, Esteury",665923
9/15/2023,"Campusano, L.","Lugo, S.","Ruiz, E.","Bogaerts, X.",2B,SB,0.2,7.3,11.9,19.2,,"Ruiz, Esteury",665923
9/18/2023,"Torrens, L.","Thornton, T.","Ruiz, E.","Caballero, J.",2B,SB,0.2,12.3,14.1,26.4,,"Ruiz, Esteury",665923
9/18/2023,"Torrens, L.","Thornton, T.","Ruiz, E.","Suárez, E.",3B,SB,0.2,17.2,16.1,33.3,,"Ruiz, Esteury",665923
9/19/2023,"Raleigh, C.","Castillo, L.","Ruiz, E.","Crawford, J.",2B,CS,-0.45,7.6,12.3,19.9,,"Ruiz, Esteury",665923
9/22/2023,"Kelly, C.","Wingenter, T.","Ruiz, E.","Short, Z.",2B,SB,0.2,8.9,12.8,21.8,,"Ruiz, Esteury",665923
9/22/2023,"Kelly, C.","Wingenter, T.","Ruiz, E.",--,3B,SB,0.2,16.7,14.4,31.1,,"Ruiz, Esteury",665923
9/24/2023,"Rogers, J.","Rodriguez, E.","Ruiz, E.","Nevin, T.",3B,CS,-0.45,10.7,16.6,27.3,,"Ruiz, Esteury",665923
9/24/2023,"Rogers, J.","Rodriguez, E.","Ruiz, E.",--,2B,SB,0.2,14.8,12.9,27.7,,"Ruiz, Esteury",665923
9/24/2023,"Rogers, J.","Rodriguez, E.","Ruiz, E.","Nevin, T.",3B,SB,0.2,13.3,12.6,25.9,,"Ruiz, Esteury",665923
9/27/2023,"Vázquez, C.","Keuchel, D.","Ruiz, E.","Julien, E.",2B,CS,-0.45,5.1,10.9,15.9,,"Ruiz, Esteury",665923
10/1/2023,"O'Hoppe, L.","Fulmer, C.","Ruiz, E.","Drury, B.",2B,PK,-0.45,--,--,--,,"Ruiz, Esteury",665923
10/1/2023,"O'Hoppe, L.","Fulmer, C.","Ruiz, E.","Drury, B.",2B,BK,0.2,2.3,11.4,13.7,,"Ruiz, Esteury",665923
10/1/2023,"O'Hoppe, L.","Fulmer, C.","Ruiz, E.","Stefanic, M.",3B,SB,0.2,10,13.3,23.3,,"Ruiz, Esteury",665923
3/30/2023,"Ruiz, K.","Corbin, P.","Acuña Jr., R.","Abrams, C.",2B,SB,0.2,11.4,10.4,21.9,,"Acuña Jr., Ronald",660670
4/3/2023,"Contreras, W.","Woodford, J.","Acuña Jr., R.","Edman, T.",2B,CS,-0.45,9.5,12.1,21.6,,"Acuña Jr., Ronald",660670
4/4/2023,"Contreras, W.","Matz, S.","Acuña Jr., R.","Motter, T.",2B,SB,0.2,12.6,13.4,26,,"Acuña Jr., Ronald",660670
4/7/2023,"Nola, A.","Martinez, N.","Acuña Jr., R.","Bogaerts, X.",2B,SB,0.2,9.3,11.7,21,,"Acuña Jr., Ronald",660670
4/7/2023,"Nola, A.","Martinez, N.","Acuña Jr., R.","Bogaerts, X.",2B,SB,0.2,9.2,12,21.2,,"Acuña Jr., Ronald",660670
4/9/2023,"Nola, A.","Lugo, S.","Acuña Jr., R.",--,2B,SB,0.2,11.6,11.9,23.5,,"Acuña Jr., Ronald",660670
4/12/2023,"Maile, L.","Gibaut, I.","Acuña Jr., R.","Barrero, J.",2B,CS,-0.45,10.2,12.2,22.4,,"Acuña Jr., Ronald",660670
4/16/2023,"Melendez, M.","Chapman, A.","Acuña Jr., R.","Duffy, M.",3B,SB,0.2,23.6,14.2,37.8,,"Acuña Jr., Ronald",660670
4/16/2023,"Melendez, M.","Greinke, Z.","Acuña Jr., R.","Pasquantino, V.",2B,PK,-0.45,--,--,--,,"Acuña Jr., Ronald",660670
4/19/2023,"Nola, A.","Martinez, N.","Acuña Jr., R.","Bogaerts, X.",2B,SB,0.2,8.8,11.3,20.1,,"Acuña Jr., Ronald",660670
4/22/2023,"Maldonado, M.","Valdez, F.","Acuña Jr., R.","Peña, J.",2B,SB,0.2,12.5,11.3,23.8,,"Acuña Jr., Ronald",660670
4/22/2023,"Maldonado, M.","Valdez, F.","Acuña Jr., R.",--,3B,SB,0.2,19.7,13.3,33,,"Acuña Jr., Ronald",660670
4/22/2023,"Maldonado, M.","Valdez, F.","Acuña Jr., R.",--,2B,SB,0.2,18,11.3,29.3,,"Acuña Jr., Ronald",660670
4/23/2023,"Maldonado, M.","Javier, C.","Acuña Jr., R.","Dubón, M.",2B,SB,0.2,12.5,11.3,23.8,,"Acuña Jr., Ronald",660670
4/25/2023,"Fortes, N.","Hoeing, B.","Acuña Jr., R.","Segura, J.",3B,SB,0.2,17.8,14.3,32.1,,"Acuña Jr., Ronald",660670
5/2/2023,"Stallings, J.","Barnes, M.","Acuña Jr., R.","Berti, J.",2B,SB,0.19,11.6,11.7,23.3,,"Acuña Jr., Ronald",660670
5/4/2023,"Fortes, N.","Luzardo, J.","Acuña Jr., R.","Berti, J.",2B,SB,0.2,14,11.2,25.1,,"Acuña Jr., Ronald",660670
5/13/2023,"Jansen, D.","García, Y.","Acuña Jr., R.","Bichette, B.",2B,SB,0.2,11.7,10.9,22.6,,"Acuña Jr., Ronald",660670
5/13/2023,"Jansen, D.","García, Y.","Acuña Jr., R.",--,3B,SB,0.2,17.1,16.4,33.5,,"Acuña Jr., Ronald",660670
5/17/2023,"Heim, J.","Sborz, J.","Acuña Jr., R.","Duran, E.",2B,SB,0.2,10.3,12.1,22.3,,"Acuña Jr., Ronald",660670
5/23/2023,"Smith, W.","Miller, B.","Acuña Jr., R.","Rojas, M.",2B,SB,0.2,11.5,11.5,23,,"Acuña Jr., Ronald",660670
5/25/2023,"Realmuto, J.","Nola, A.","Acuña Jr., R.","Sosa, E.",3B,SB,0.2,20.3,12.8,33.1,,"Acuña Jr., Ronald",660670
5/28/2023,"Realmuto, J.","Hoffman, J.","Acuña Jr., R.","Turner, T.",2B,CS,-0.45,12.7,10.8,23.5,,"Acuña Jr., Ronald",660670
6/2/2023,"Moreno, G.","Kelly, M.","Acuña Jr., R.","Ahmed, N.",2B,CS,-0.45,11.8,11.8,23.6,,"Acuña Jr., Ronald",660670
6/4/2023,"Herrera, J.","Chafin, A.","Acuña Jr., R.","Perdomo, G.",2B,SB,0.2,15.5,12.2,27.7,,"Acuña Jr., Ronald",660670
6/7/2023,"Alvarez, F.","Ottavino, A.","Acuña Jr., R.","Canha, M.",2B,BK,0.19,2.4,13.1,15.4,,"Acuña Jr., Ronald",660670
6/7/2023,"Alvarez, F.","Leone, D.","Acuña Jr., R.","Lindor, F.",2B,SB,0.2,10.7,12.1,22.8,,"Acuña Jr., Ronald",660670
6/7/2023,"Alvarez, F.","Ottavino, A.","Acuña Jr., R.",--,3B,SB,0.2,17.8,14,31.8,,"Acuña Jr., Ronald",660670
6/14/2023,"Rogers, J.","Foley, J.","Acuña Jr., R.","Báez, J.",2B,CS,-0.45,8.4,13,21.5,,"Acuña Jr., Ronald",660670
6/14/2023,"Haase, E.","White, B.","Acuña Jr., R.","Báez, J.",2B,SB,0.2,11.1,12.1,23.3,,"Acuña Jr., Ronald",660670
6/16/2023,"Alfaro, J.","Lamet, D.","Acuña Jr., R.",--,2B,SB,0.2,12.5,11.9,24.5,,"Acuña Jr., Ronald",660670
6/23/2023,"Maile, L.","Duarte, D.","Acuña Jr., R.","McLain, M.",2B,SB,0.2,9.8,12.4,22.2,,"Acuña Jr., Ronald",660670
6/24/2023,"Maile, L.","Bracho, S.","Acuña Jr., R.","De La Cruz, E.",2B,SB,0.2,8.2,12.1,20.3,,"Acuña Jr., Ronald",660670
6/25/2023,"Stephenson, T.","Gibaut, I.","Acuña Jr., R.","Senzel, N.",3B,SB,0.2,17.8,14.1,31.9,,"Acuña Jr., Ronald",660670
6/28/2023,"Vázquez, C.","Maeda, K.","Acuña Jr., R.","Farmer, K.",2B,SB,0.2,11.1,11.4,22.5,,"Acuña Jr., Ronald",660670
6/30/2023,"Stallings, J.","Bradley, A.","Acuña Jr., R.","Wendle, J.",2B,SB,0.2,11.1,12.7,23.8,,"Acuña Jr., Ronald",660670
7/2/2023,"Fortes, N.","Floro, D.","Acuña Jr., R.","Segura, J.",3B,SB,0.2,16.5,14.2,30.8,,"Acuña Jr., Ronald",660670
7/2/2023,"Stallings, J.","Alcantara, S.","Acuña Jr., R.","Wendle, J.",2B,SB,0.2,13,11.8,24.8,,"Acuña Jr., Ronald",660670
7/3/2023,"Naylor, B.","Williams, G.","Acuña Jr., R.","Rosario, A.",2B,SB,0.2,9.8,12.2,22,,"Acuña Jr., Ronald",660670
7/4/2023,"Gallagher, C.","Bieber, S.","Acuña Jr., R.",--,2B,SB,0.2,12.8,12.6,25.4,,"Acuña Jr., Ronald",660670
7/14/2023,"Grandal, Y.","Kopech, M.","Acuña Jr., R.","Anderson, T.",2B,SB,0.2,11.1,12.2,23.3,,"Acuña Jr., Ronald",660670
7/15/2023,"Zavala, S.","Santos, G.","Acuña Jr., R.","Anderson, T.",2B,SB,0.2,9.3,12.5,21.8,,"Acuña Jr., Ronald",660670
7/18/2023,"Kelly, C.","Adams, A.","Acuña Jr., R.",--,2B,SB,0.2,10.9,12.1,23,,"Acuña Jr., Ronald",660670
7/23/2023,"Caratini, V.","Teheran, J.","Acuña Jr., R.","Adames, W.",2B,SB,0.2,14.8,12.9,27.7,,"Acuña Jr., Ronald",660670
7/28/2023,"Contreras, W.","Houser, A.","Acuña Jr., R.","Adames, W.",2B,SB,0.2,11.8,12.3,24.1,,"Acuña Jr., Ronald",660670
7/29/2023,"Caratini, V.","Teheran, J.","Acuña Jr., R.","Adames, W.",2B,SB,0.2,11.5,12.5,24,,"Acuña Jr., Ronald",660670
7/29/2023,"Caratini, V.","Teheran, J.","Acuña Jr., R.","Santana, C.",2B,PK,-0.45,--,--,--,,"Acuña Jr., Ronald",660670
7/30/2023,"Contreras, W.","Rea, C.","Acuña Jr., R.","Turang, B.",2B,SB,0.2,13.4,11.5,24.9,,"Acuña Jr., Ronald",660670
8/5/2023,"Gomes, Y.","Assad, J.","Acuña Jr., R.","Swanson, D.",2B,SB,0.2,9.6,11.3,20.9,,"Acuña Jr., Ronald",660670
8/6/2023,"Amaya, M.","Steele, J.","Acuña Jr., R.","Hoerner, N.",2B,SB,0.2,12.1,10.9,23,,"Acuña Jr., Ronald",660670
8/12/2023,"Narváez, O.","Reyes, D.","Acuña Jr., R.","Araúz, J.",2B,SB,0.2,10.3,12.3,22.6,,"Acuña Jr., Ronald",660670
8/13/2023,"Narváez, O.","Senga, K.","Acuña Jr., R.","Lindor, F.",2B,SB,0.2,9.8,11.7,21.5,,"Acuña Jr., Ronald",660670
8/20/2023,"Bailey, P.","Doval, C.","Acuña Jr., R.","Schmitt, C.",3B,SB,0.2,17.6,13.5,31.2,,"Acuña Jr., Ronald",660670
8/22/2023,"Alvarez, F.","Megill, T.","Acuña Jr., R.","Lindor, F.",2B,SB,0.2,10.2,11.5,21.7,,"Acuña Jr., Ronald",660670
8/23/2023,"Alvarez, F.","Quintana, J.","Acuña Jr., R.","McNeil, J.",2B,CS,-0.45,11.7,11.8,23.5,,"Acuña Jr., Ronald",660670
8/26/2023,"Bailey, P.","Manaea, S.","Acuña Jr., R.","Schmitt, C.",3B,SB,0.2,19.2,15.2,34.4,,"Acuña Jr., Ronald",660670
8/28/2023,"Díaz, E.","Doyle, T.","Acuña Jr., R.",--,2B,SB,0.2,8.7,12.9,21.6,,"Acuña Jr., Ronald",660670
8/31/2023,"Smith, W.","Graterol, B.","Acuña Jr., R.","Hernández, E.",2B,SB,0.2,14.2,10.3,24.5,,"Acuña Jr., Ronald",660670
9/9/2023,"Rodríguez, E.","Oviedo, J.","Acuña Jr., R.","Peguero, L.",2B,CS,-0.45,9.4,11.4,20.9,,"Acuña Jr., Ronald",660670
9/9/2023,"Rodríguez, E.","Selby, C.","Acuña Jr., R.","Peguero, L.",2B,SB,0.2,10.4,11.8,22.2,,"Acuña Jr., Ronald",660670
9/11/2023,"Stubbs, G.","Walker, T.","Acuña Jr., R.","Turner, T.",2B,CS,-0.45,9.7,10.5,20.2,,"Acuña Jr., Ronald",660670
9/11/2023,"Stubbs, G.","Walker, T.","Acuña Jr., R.","Turner, T.",2B,SB,0.2,11.4,11.3,22.7,,"Acuña Jr., Ronald",660670
9/13/2023,"Stubbs, G.","Sánchez, C.","Acuña Jr., R.","Stott, B.",2B,SB,0.2,9.7,10.9,20.6,,"Acuña Jr., Ronald",660670
9/19/2023,"Realmuto, J.","Lorenzen, M.","Acuña Jr., R.","Turner, T.",2B,SB,0.2,13.3,10.5,23.7,,"Acuña Jr., Ronald",660670
9/27/2023,"Gomes, Y.","Palencia, D.","Acuña Jr., R.","Swanson, D.",2B,SB,0.2,12.6,10.9,23.5,,"Acuña Jr., Ronald",660670
9/27/2023,"Gomes, Y.","Merryweather, J.","Acuña Jr., R.","Swanson, D.",2B,SB,0.2,12.5,10.8,23.3,,"Acuña Jr., Ronald",660670
9/28/2023,"Gomes, Y.","Assad, J.","Acuña Jr., R.","Swanson, D.",2B,CS,-0.45,7.4,11.2,18.5,,"Acuña Jr., Ronald",660670
9/29/2023,"Ruiz, K.","Williams, T.","Acuña Jr., R.","Abrams, C.",2B,SB,0.2,10.6,10.8,21.4,,"Acuña Jr., Ronald",660670
9/29/2023,"Ruiz, K.","Williams, T.","Acuña Jr., R.","Abrams, C.",2B,SB,0.2,9.4,10.9,20.2,,"Acuña Jr., Ronald",660670
9/30/2023,"Ruiz, K.","Adon, J.","Acuña Jr., R.","Abrams, C.",2B,SB,0.2,9.7,10.9,20.5,,"Acuña Jr., Ronald",660670
4/2/2023,"Smith, W.","Syndergaard, N.","Carroll, C.",--,2B,SB,0.19,9.5,11.7,21.2,,"Carroll, Corbin",682998
4/2/2023,"Smith, W.","Syndergaard, N.","Carroll, C.",--,3B,SB,0.2,13.2,13.7,26.9,,"Carroll, Corbin",682998
4/8/2023,"Smith, W.","Syndergaard, N.","Carroll, C.","Taylor, C.",2B,SB,0.19,11.2,12.5,23.7,,"Carroll, Corbin",682998
4/8/2023,"Smith, W.","Vesia, A.","Carroll, C.","Vargas, M.",2B,SB,0.2,13.2,12.4,25.6,,"Carroll, Corbin",682998
4/15/2023,"Fortes, N.","Barnes, M.","Carroll, C.","Hampson, G.",3B,BK,0.2,0.1,13.4,13.6,,"Carroll, Corbin",682998
4/19/2023,"Knizner, A.","VerHagen, D.","Carroll, C.","Gorman, N.",2B,SB,0.2,13.5,11.2,24.7,,"Carroll, Corbin",682998
4/25/2023,"Perez, S.","Chapman, A.","Carroll, C.",--,3B,SB,0.2,22.6,12.9,35.5,,"Carroll, Corbin",682998
4/26/2023,"Fermin, F.","Yarbrough, R.","Carroll, C.","Massey, M.",2B,CS,-0.45,7.3,11.3,18.7,,"Carroll, Corbin",682998
4/29/2023,"Díaz, E.","Davis, N.","Carroll, C.","Trejo, A.",2B,CS,-0.45,7.4,12.3,19.7,,"Carroll, Corbin",682998
5/20/2023,"Hedges, A.","Moreta, D.","Carroll, C.","Bae, J.",2B,SB,0.2,18,11.4,29.4,,"Carroll, Corbin",682998
5/21/2023,"Delay, J.","Ramírez, Y.","Carroll, C.","Castro, R.",2B,SB,0.2,9.6,11.8,21.4,,"Carroll, Corbin",682998
5/24/2023,"Stubbs, G.","Brogdon, C.","Carroll, C.",--,2B,SB,0.2,7.8,10.9,18.7,,"Carroll, Corbin",682998
5/30/2023,"Díaz, E.","Freeland, K.","Carroll, C.","McMahon, R.",3B,SB,0.2,16.5,12.2,28.7,,"Carroll, Corbin",682998
5/30/2023,"Díaz, E.","Freeland, K.","Carroll, C.","Castro, H.",2B,SB,0.2,12.8,9.9,22.7,,"Carroll, Corbin",682998
6/6/2023,"Ruiz, K.","Ramírez, E.","Carroll, C.","García Jr., L.",3B,BK,0.2,--,--,--,,"Carroll, Corbin",682998
6/6/2023,"Ruiz, K.","Kuhl, C.","Carroll, C.","García Jr., L.",2B,SB,0.19,12.6,10,22.6,,"Carroll, Corbin",682998
6/11/2023,"Haase, E.","Lange, A.","Carroll, C.",--,3B,SB,0.2,21.3,14.3,35.6,,"Carroll, Corbin",682998
6/21/2023,"Contreras, W.","Strzelecki, P.","Carroll, C.","Urías, L.",2B,SB,0.2,12.7,10.3,23.1,,"Carroll, Corbin",682998
6/21/2023,"Contreras, W.","Strzelecki, P.","Carroll, C.","Anderson, B.",3B,SB,0.2,19,10.4,29.5,,"Carroll, Corbin",682998
6/22/2023,"Adams, R.","Irvin, J.","Carroll, C.","García Jr., L.",2B,SB,0.2,9.9,10.3,20.2,,"Carroll, Corbin",682998
6/23/2023,"Bailey, P.","Webb, L.","Carroll, C.","Díaz, I.",2B,SB,0.2,13.9,12.4,26.3,,"Carroll, Corbin",682998
6/28/2023,"Mejía, F.","Poche, C.","Carroll, C.","Bruján, V.",2B,SB,0.2,12.7,11.2,23.9,,"Carroll, Corbin",682998
7/7/2023,"Hedges, A.","Ramírez, Y.","Carroll, C.","Triolo, J.",3B,SB,0.2,10.7,15.3,26,,"Carroll, Corbin",682998
7/7/2023,"Hedges, A.","Ramírez, Y.","Carroll, C.","Gonzales, N.",2B,SB,0.2,6.7,10.8,17.5,,"Carroll, Corbin",682998
7/18/2023,"Murphy, S.","Yates, K.","Carroll, C.","Albies, O.",2B,SB,0.2,14.1,10.9,25,,"Carroll, Corbin",682998
7/18/2023,"Murphy, S.","Yates, K.","Carroll, C.","Riley, A.",3B,SB,0.2,16.8,14.3,31.1,,"Carroll, Corbin",682998
7/20/2023,"d'Arnaud, T.","Strider, S.","Carroll, C.",--,2B,SB,0.2,12.7,12.2,24.9,,"Carroll, Corbin",682998
7/28/2023,"Raleigh, C.","Sewald, P.","Carroll, C.","Wong, K.",2B,SB,0.2,13.2,10.9,24.2,,"Carroll, Corbin",682998
7/29/2023,"Murphy, T.","Muñoz, A.","Carroll, C.","France, T.",2B,BK,0.2,12,10.8,22.8,,"Carroll, Corbin",682998
7/29/2023,"Murphy, T.","Muñoz, A.","Carroll, C.",--,3B,SB,0.2,16.5,13.5,30,,"Carroll, Corbin",682998
7/31/2023,"Bailey, P.","Jackson, L.","Carroll, C.","Díaz, I.",2B,SB,0.2,9.8,11.8,21.6,,"Carroll, Corbin",682998
8/3/2023,"Bailey, P.","Jackson, L.","Carroll, C.","Díaz, I.",2B,SB,0.2,7.3,11.9,19.2,,"Carroll, Corbin",682998
8/5/2023,"Jeffers, R.","Maeda, K.","Carroll, C.","Polanco, J.",2B,SB,0.2,6.6,10.6,17.2,,"Carroll, Corbin",682998
8/6/2023,"Vázquez, C.","Keuchel, D.","Carroll, C.",--,3B,SB,0.2,14.2,13.7,27.9,,"Carroll, Corbin",682998
8/16/2023,"Wynns, A.","Kinley, T.","Carroll, C.","Trejo, A.",3B,CS,-0.45,16.1,13.9,30,,"Carroll, Corbin",682998
8/16/2023,"Wynns, A.","Kinley, T.","Carroll, C.","Rodgers, B.",2B,SB,0.2,11,10.7,21.7,,"Carroll, Corbin",682998
8/19/2023,"Sánchez, G.","Darvish, Y.","Carroll, C.","Kim, H.",2B,CS,-0.45,12.2,9.8,22,,"Carroll, Corbin",682998
8/27/2023,"Stephenson, T.","Gibaut, I.","Carroll, C.","De La Cruz, E.",2B,SB,0.2,11.9,10.5,22.5,,"Carroll, Corbin",682998
8/30/2023,"Barnes, A.","Pepiot, R.","Carroll, C.","Rojas, M.",2B,SB,0.2,8.9,10.6,19.5,,"Carroll, Corbin",682998
9/7/2023,"Gomes, Y.","Wesneski, H.","Carroll, C.",--,2B,SB,0.2,10.1,10.7,20.9,,"Carroll, Corbin",682998
9/8/2023,"Amaya, M.","Taillon, J.","Carroll, C.","Swanson, D.",2B,SB,0.2,9.3,9.1,18.4,,"Carroll, Corbin",682998
9/8/2023,"Amaya, M.","Taillon, J.","Carroll, C.","Swanson, D.",2B,SB,0.2,11.7,11.3,23,,"Carroll, Corbin",682998
9/9/2023,"Gomes, Y.","Steele, J.","Carroll, C.","Hoerner, N.",2B,SB,0.2,10.3,11.8,22.1,,"Carroll, Corbin",682998
9/19/2023,"Bailey, P.","Cobb, A.","Carroll, C.","Flores, W.",3B,SB,0.2,17.2,13,30.1,,"Carroll, Corbin",682998
9/20/2023,"Bailey, P.","Webb, L.","Carroll, C.",--,2B,SB,0.2,15.7,12.8,28.5,,"Carroll, Corbin",682998
9/20/2023,"Bailey, P.","Webb, L.","Carroll, C.","DeJong, P.",2B,SB,0.2,14.5,12,26.5,,"Carroll, Corbin",682998
9/25/2023,"Wells, A.","Ramirez, N.","Carroll, C.","Torres, G.",2B,SB,0.2,8.5,11.7,20.2,,"Carroll, Corbin",682998
9/28/2023,"Lee, K.","Toussaint, T.","Carroll, C.","Anderson, T.",2B,SB,0.2,12.6,10.4,23,,"Carroll, Corbin",682998
9/29/2023,"Maldonado, M.","Neris, H.","Carroll, C.",--,3B,SB,0.2,18.6,12.8,31.5,,"Carroll, Corbin",682998
9/29/2023,"Maldonado, M.","Urquidy, J.","Carroll, C.",--,3B,SB,0.2,18.2,13.4,31.7,,"Carroll, Corbin",682998
4/6/2023,"Díaz, E.","Freeland, K.","Abrams, C.","McMahon, R.",2B,CS,-0.45,9.9,10.8,20.7,,"Abrams, CJ",682928
4/10/2023,"O'Hoppe, L.","Davidson, T.","Abrams, C.","Rengifo, L.",2B,SB,0.2,12.8,11.7,24.5,,"Abrams, CJ",682928
4/14/2023,"Zunino, M.","Karinchak, J.","Abrams, C.","Giménez, A.",2B,SB,0.19,11.5,15.6,27.1,,"Abrams, CJ",682928
4/14/2023,"Zunino, M.","Quantrill, C.","Abrams, C.","Giménez, A.",2B,SB,0.2,9.4,12.1,21.5,,"Abrams, CJ",682928
5/24/2023,"Sullivan, B.","García, L.","Abrams, C.","Odor, R.",2B,SB,0.2,15.1,11.2,26.3,,"Abrams, CJ",682928
6/19/2023,"Contreras, W.","Cabrera, G.","Abrams, C.",--,3B,SB,0.2,15.6,16,31.6,,"Abrams, CJ",682928
6/25/2023,"Nola, A.","Lugo, S.","Abrams, C.","Kim, H.",2B,SB,0.2,8.6,12.7,21.3,,"Abrams, CJ",682928
6/27/2023,"Raleigh, C.","Brash, M.","Abrams, C.","Crawford, J.",2B,SB,0.2,9.9,12.4,22.3,,"Abrams, CJ",682928
7/6/2023,"Maile, L.","Farmer, B.","Abrams, C.","India, J.",2B,SB,0.2,9.6,12,21.6,,"Abrams, CJ",682928
7/7/2023,"Heim, J.","Bradford, C.","Abrams, C.","Semien, M.",2B,SB,0.2,8.6,10.9,19.5,,"Abrams, CJ",682928
7/8/2023,"Heim, J.","Anderson, G.","Abrams, C.","Semien, M.",2B,SB,0.2,8,11.2,19.1,,"Abrams, CJ",682928
7/14/2023,"Contreras, W.","Pallante, A.","Abrams, C.","DeJong, P.",2B,SB,0.2,7.5,12.7,20.2,,"Abrams, CJ",682928
7/19/2023,"Barnhart, T.","Hendricks, K.","Abrams, C.","Hoerner, N.",2B,SB,0.2,6.4,12,18.4,,"Abrams, CJ",682928
7/21/2023,"Bailey, P.","Walker, R.","Abrams, C.","Wisely, B.",2B,SB,0.2,8,12.7,20.7,,"Abrams, CJ",682928
7/25/2023,"Díaz, E.","Lawrence, J.","Abrams, C.","Trejo, A.",2B,SB,0.2,9,10.8,19.8,,"Abrams, CJ",682928
7/27/2023,"Narváez, O.","Senga, K.","Abrams, C.",--,2B,SB,0.2,6.4,12.3,18.7,,"Abrams, CJ",682928
7/30/2023,"Narváez, O.","Ottavino, A.","Abrams, C.",--,2B,SB,0.19,8.7,16.8,25.5,,"Abrams, CJ",682928
7/30/2023,"Narváez, O.","Verlander, J.","Abrams, C.","Lindor, F.",2B,SB,0.2,5.9,12,17.8,,"Abrams, CJ",682928
7/31/2023,"Caratini, V.","Burnes, C.","Abrams, C.","Turang, B.",2B,SB,0.2,9.7,10.6,20.3,,"Abrams, CJ",682928
8/6/2023,"Stephenson, T.","Richardson, L.","Abrams, C.","McLain, M.",2B,SB,0.2,5.5,12.8,18.2,,"Abrams, CJ",682928
8/6/2023,"Stephenson, T.","Cruz, F.","Abrams, C.","McLain, M.",2B,SB,0.2,7,15.2,22.2,,"Abrams, CJ",682928
8/10/2023,"Realmuto, J.","Nola, A.","Abrams, C.","Stott, B.",2B,SB,0.2,10.9,12.7,23.5,,"Abrams, CJ",682928
8/11/2023,"Langeliers, S.","Blackburn, P.","Abrams, C.","Gelof, Z.",2B,CS,-0.45,8,12.7,20.7,,"Abrams, CJ",682928
8/12/2023,"Langeliers, S.","Medina, L.","Abrams, C.","Gelof, Z.",2B,SB,0.2,10.9,10.9,21.8,,"Abrams, CJ",682928
8/15/2023,"McGuire, R.","Pivetta, N.","Abrams, C.","Reyes, P.",2B,SB,0.2,16.9,11.2,28.1,,"Abrams, CJ",682928
8/16/2023,"Wong, C.","Paxton, J.","Abrams, C.","Reyes, P.",2B,SB,0.2,8,12.2,20.2,,"Abrams, CJ",682928
8/17/2023,"Wong, C.","Llovera, M.","Abrams, C.","Devers, R.",3B,SB,0.2,10.4,16.8,27.2,,"Abrams, CJ",682928
8/17/2023,"Wong, C.","Llovera, M.","Abrams, C.","Urías, L.",2B,SB,0.2,8,13.7,21.8,,"Abrams, CJ",682928
8/25/2023,"Fortes, N.","Garrett, B.","Abrams, C.","Burger, J.",3B,SB,0.2,12.3,15.6,27.9,,"Abrams, CJ",682928
8/28/2023,"Jansen, D.","Gausman, K.","Abrams, C.","Merrifield, W.",2B,SB,0.2,11.2,14,25.3,,"Abrams, CJ",682928
8/28/2023,"Jansen, D.","Gausman, K.","Abrams, C.","Merrifield, W.",2B,SB,0.2,13,10.7,23.8,,"Abrams, CJ",682928
8/28/2023,"Jansen, D.","Gausman, K.","Abrams, C.","Schneider, D.",3B,SB,0.2,14.7,14,28.7,,"Abrams, CJ",682928
8/29/2023,"Jansen, D.","Berríos, J.","Abrams, C.","Schneider, D.",2B,SB,0.2,7.3,13,20.3,,"Abrams, CJ",682928
9/6/2023,"Narváez, O.","Buttó, J.","Abrams, C.",--,2B,SB,0.2,14.4,12.9,27.3,,"Abrams, CJ",682928
9/8/2023,"Smith, W.","Sheehan, E.","Abrams, C.","Muncy, M.",3B,SB,0.2,16.7,15.5,32.2,,"Abrams, CJ",682928
9/18/2023,"Grandal, Y.","Clevinger, M.","Abrams, C.","Vaughn, A.",2B,PK,-0.45,--,--,--,,"Abrams, CJ",682928
9/22/2023,"Murphy, S.","Morton, C.","Abrams, C.","Albies, O.",2B,SB,0.2,12,10.4,22.4,,"Abrams, CJ",682928
9/27/2023,"McCann, J.","Rodriguez, G.","Abrams, C.","Westburg, J.",2B,SB,0.2,12.2,11.5,23.6,,"Abrams, CJ",682928
9/30/2023,"Murphy, S.","Strider, S.","Abrams, C.","Arcia, O.",2B,SB,0.2,8.2,12.8,21,,"Abrams, CJ",682928
10/1/2023,"d'Arnaud, T.","Dodd, D.","Abrams, C.","Albies, O.",2B,SB,0.2,10.5,11.5,22,,"Abrams, CJ",682928
10/1/2023,"d'Arnaud, T.","Jiménez, J.","Abrams, C.","Albies, O.",2B,SB,0.2,10,14.7,24.7,,"Abrams, CJ",682928
4/3/2023,"Kirk, A.","Berríos, J.","Witt Jr., B.","Bichette, B.",2B,SB,0.2,7.4,10.4,17.8,,"Witt Jr., Bobby",677951
4/10/2023,"Heim, J.","Heaney, A.","Witt Jr., B.","Semien, M.",2B,SB,0.2,8.6,11.8,20.5,,"Witt Jr., Bobby",677951
4/12/2023,"León, S.","Hearn, T.","Witt Jr., B.","Smith, J.",2B,SB,0.2,9.9,12.1,22,,"Witt Jr., Bobby",677951
4/12/2023,"León, S.","Hearn, T.","Witt Jr., B.","Jung, J.",3B,SB,0.2,13.7,16.7,30.4,,"Witt Jr., Bobby",677951
4/12/2023,"León, S.","Eovaldi, N.","Witt Jr., B.","Semien, M.",2B,SB,0.2,7.7,11.8,19.5,,"Witt Jr., Bobby",677951
4/28/2023,"Vázquez, C.","Jax, G.","Witt Jr., B.","Correa, C.",2B,SB,0.2,10.1,10.8,20.9,,"Witt Jr., Bobby",677951
4/29/2023,"Jeffers, R.","Jax, G.","Witt Jr., B.","Correa, C.",2B,SB,0.2,8.9,10.5,19.5,,"Witt Jr., Bobby",677951
5/3/2023,"Rutschman, A.","Gibson, K.","Witt Jr., B.",--,2B,SB,0.2,7.9,11,19,,"Witt Jr., Bobby",677951
5/8/2023,"Grandal, Y.","Cease, D.","Witt Jr., B.","Anderson, T.",2B,SB,0.2,5.6,11,16.6,,"Witt Jr., Bobby",677951
5/8/2023,"Grandal, Y.","Cease, D.","Witt Jr., B.","Anderson, T.",2B,SB,0.2,9,12.1,21.1,,"Witt Jr., Bobby",677951
5/11/2023,"Grandal, Y.","Clevinger, M.","Witt Jr., B.","Alberto, H.",3B,SB,0.2,15,15.1,30.1,,"Witt Jr., Bobby",677951
5/11/2023,"Grandal, Y.","Clevinger, M.","Witt Jr., B.","Anderson, T.",2B,SB,0.2,10.6,13.4,24,,"Witt Jr., Bobby",677951
5/17/2023,"Nola, A.","Darvish, Y.","Witt Jr., B.","Bogaerts, X.",2B,SB,0.2,9.4,10.5,19.9,,"Witt Jr., Bobby",677951
5/20/2023,"Zavala, S.","Giolito, L.","Witt Jr., B.","Anderson, T.",2B,CS,-0.45,6.9,11.4,18.3,,"Witt Jr., Bobby",677951
5/23/2023,"Rogers, J.","Rodriguez, E.","Witt Jr., B.","Maton, N.",2B,SB,0.2,6.7,10.7,17.5,,"Witt Jr., Bobby",677951
5/26/2023,"Ruiz, K.","Corbin, P.","Witt Jr., B.","Candelario, J.",3B,SB,0.2,15.3,15.1,30.4,,"Witt Jr., Bobby",677951
5/29/2023,"Contreras, W.","Matz, S.","Witt Jr., B.",--,2B,SB,0.2,11.5,13.1,24.6,,"Witt Jr., Bobby",677951
5/30/2023,"Contreras, W.","Gallegos, G.","Witt Jr., B.","DeJong, P.",2B,SB,0.2,9.2,12.7,21.9,,"Witt Jr., Bobby",677951
6/2/2023,"Díaz, E.","Anderson, C.","Witt Jr., B.","Tovar, E.",2B,CS,-0.45,8.5,11.2,19.7,,"Witt Jr., Bobby",677951
6/3/2023,"Díaz, E.","Gomber, A.","Witt Jr., B.","Tovar, E.",2B,SB,0.2,10.3,13.4,23.7,,"Witt Jr., Bobby",677951
6/5/2023,"Fortes, N.","Garrett, B.","Witt Jr., B.","Wendle, J.",2B,SB,0.2,10.5,12.4,22.9,,"Witt Jr., Bobby",677951
6/9/2023,"Rutschman, A.","Wells, T.","Witt Jr., B.","Urías, R.",2B,SB,0.2,7.8,10.6,18.4,,"Witt Jr., Bobby",677951
6/10/2023,"Rutschman, A.","Baker, B.","Witt Jr., B.","Frazier, A.",2B,CS,-0.45,8.3,11.9,20.2,,"Witt Jr., Bobby",677951
6/19/2023,"Rogers, J.","Olson, R.","Witt Jr., B.","Maton, N.",2B,SB,0.2,8.5,12.6,21.1,,"Witt Jr., Bobby",677951
6/25/2023,"Bethancourt, C.","Glasnow, T.","Witt Jr., B.",--,2B,SB,0.19,11.8,12,23.8,,"Witt Jr., Bobby",677951
7/3/2023,"Vázquez, C.","Ryan, J.","Witt Jr., B.","Correa, C.",2B,SB,0.2,12.6,11.5,24.1,,"Witt Jr., Bobby",677951
7/6/2023,"Naylor, B.","Bibee, T.","Witt Jr., B.","Giménez, A.",2B,SB,0.2,10.6,13,23.6,,"Witt Jr., Bobby",677951
7/8/2023,"Naylor, B.","Williams, G.","Witt Jr., B.","Rosario, A.",2B,SB,0.2,9.4,12.5,21.9,,"Witt Jr., Bobby",677951
7/23/2023,"Higashioka, K.","Severino, L.","Witt Jr., B.","Peraza, O.",2B,CS,-0.45,5.6,11.6,17.2,,"Witt Jr., Bobby",677951
7/23/2023,"Higashioka, K.","Severino, L.","Witt Jr., B.","Peraza, O.",2B,SB,0.2,8.2,12.6,20.8,,"Witt Jr., Bobby",677951
7/28/2023,"Jeffers, R.","Gray, S.","Witt Jr., B.","Kirilloff, A.",2B,PK,-0.45,--,--,--,,"Witt Jr., Bobby",677951
7/28/2023,"Jeffers, R.","Floro, D.","Witt Jr., B.","Correa, C.",2B,SB,0.2,10.2,10.6,20.8,,"Witt Jr., Bobby",677951
8/3/2023,"Narváez, O.","Carrasco, C.","Witt Jr., B.","Lindor, F.",2B,SB,0.2,7.7,11.7,19.4,,"Witt Jr., Bobby",677951
8/4/2023,"Realmuto, J.","Nola, A.","Witt Jr., B.","Turner, T.",2B,SB,0.2,12.8,11.7,24.5,,"Witt Jr., Bobby",677951
8/8/2023,"Wong, C.","Crawford, K.","Witt Jr., B.","Story, T.",2B,SB,0.2,9.8,11.4,21.2,,"Witt Jr., Bobby",677951
8/19/2023,"Gomes, Y.","Steele, J.","Witt Jr., B.",--,2B,SB,0.2,11.2,8.8,20,,"Witt Jr., Bobby",677951
8/20/2023,"Amaya, M.","Hendricks, K.","Witt Jr., B.",--,2B,SB,0.2,7.4,11.7,19.1,,"Witt Jr., Bobby",677951
9/1/2023,"Wong, C.","Walter, B.","Witt Jr., B.","Urías, L.",2B,CS,-0.45,8.7,10.6,19.3,,"Witt Jr., Bobby",677951
9/3/2023,"Wong, C.","Llovera, M.","Witt Jr., B.","Valdez, E.",2B,SB,0.2,12.5,11.8,24.3,,"Witt Jr., Bobby",677951
9/10/2023,"Kirk, A.","García, Y.","Witt Jr., B.","Schneider, D.",2B,SB,0.2,9.9,12.7,22.6,,"Witt Jr., Bobby",677951
9/12/2023,"Lee, K.","Cease, D.","Witt Jr., B.","Anderson, T.",2B,SB,0.2,4,10.5,14.6,,"Witt Jr., Bobby",677951
9/13/2023,"Grandal, Y.","Clevinger, M.","Witt Jr., B.","Andrus, E.",2B,SB,0.2,9.3,11.2,20.4,,"Witt Jr., Bobby",677951
9/13/2023,"Grandal, Y.","Clevinger, M.","Witt Jr., B.",--,3B,SB,0.2,22.3,16.8,39.1,,"Witt Jr., Bobby",677951
9/16/2023,"Diaz, Y.","France, J.","Witt Jr., B.","Altuve, J.",2B,SB,0.2,8.4,11.9,20.3,,"Witt Jr., Bobby",677951
9/18/2023,"Naylor, B.","Quantrill, C.","Witt Jr., B.","Arias, G.",2B,SB,0.2,10.1,11.3,21.4,,"Witt Jr., Bobby",677951
9/20/2023,"Gallagher, C.","Giolito, L.","Witt Jr., B.","Tena, J.",2B,CS,-0.45,7.2,11.3,18.6,,"Witt Jr., Bobby",677951
9/26/2023,"Kelly, C.","Olson, R.","Witt Jr., B.","Báez, J.",2B,CS,-0.45,7.7,11.6,19.3,,"Witt Jr., Bobby",677951
9/28/2023,"Kelly, C.","Gipson-Long, S.","Witt Jr., B.","Short, Z.",2B,SB,0.2,7.5,12,19.5,,"Witt Jr., Bobby",677951
9/30/2023,"Higashioka, K.","Schmidt, C.","Witt Jr., B.","Torres, G.",2B,CS,-0.45,6.8,10.9,17.7,,"Witt Jr., Bobby",677951
6/8/2023,"Barnes, A.","Kershaw, C.","De La Cruz, E.","Vargas, M.",2B,SB,0.2,8.1,12.7,20.8,,"De La Cruz, Elly",682829
6/10/2023,"Knizner, A.","Mikolas, M.","De La Cruz, E.","Donovan, B.",2B,SB,0.2,4.8,11.8,16.6,,"De La Cruz, Elly",682829
6/11/2023,"Contreras, W.","Wainwright, A.","De La Cruz, E.","Gorman, N.",2B,SB,0.2,9.1,11.8,21,,"De La Cruz, Elly",682829
6/12/2023,"Perez, S.","Cuas, J.","De La Cruz, E.","Massey, M.",2B,SB,0.2,5.5,13.2,18.7,,"De La Cruz, Elly",682829
6/13/2023,"Perez, S.","Lyles, J.","De La Cruz, E.","Duffy, M.",2B,SB,0.2,6.5,13,19.4,,"De La Cruz, Elly",682829
6/17/2023,"Diaz, Y.","Stanek, R.","De La Cruz, E.","Bregman, A.",3B,SB,0.2,9.4,18.6,28.1,,"De La Cruz, Elly",682829
6/24/2023,"d'Arnaud, T.","Tonkin, M.","De La Cruz, E.","Albies, O.",2B,SB,0.2,8.9,12.2,21.1,,"De La Cruz, Elly",682829
6/28/2023,"Rutschman, A.","Bautista, F.","De La Cruz, E.","Frazier, A.",2B,SB,0.19,8.2,11.6,19.7,,"De La Cruz, Elly",682829
7/4/2023,"Adams, R.","Abbott, C.","De La Cruz, E.","García Jr., L.",2B,CS,-0.45,7.1,12,19.1,,"De La Cruz, Elly",682829
7/4/2023,"Adams, R.","Corbin, P.","De La Cruz, E.","García Jr., L.",2B,SB,0.2,10,12.3,22.4,,"De La Cruz, Elly",682829
7/5/2023,"Ruiz, K.","La Sorsa, J.","De La Cruz, E.","Candelario, J.",3B,SB,0.2,18.7,15.1,33.8,,"De La Cruz, Elly",682829
7/6/2023,"Adams, R.","Gore, M.","De La Cruz, E.","Vargas, I.",2B,SB,0.2,8.3,12.3,20.5,,"De La Cruz, Elly",682829
7/7/2023,"Caratini, V.","Burnes, C.","De La Cruz, E.","Adames, W.",2B,SB,0.2,5.2,11,16.2,,"De La Cruz, Elly",682829
7/8/2023,"Contreras, W.","Peguero, E.","De La Cruz, E.","Adames, W.",2B,SB,0.2,9.9,11.5,21.4,,"De La Cruz, Elly",682829
7/8/2023,"Contreras, W.","Rea, C.","De La Cruz, E.","Adames, W.",3B,BK,0.2,4.6,12.6,17.1,,"De La Cruz, Elly",682829
7/8/2023,"Contreras, W.","Peguero, E.","De La Cruz, E.",--,3B,SB,0.2,12.8,16.4,29.2,,"De La Cruz, Elly",682829
7/17/2023,"Bailey, P.","Rogers, T.","De La Cruz, E.","Schmitt, C.",2B,SB,0.2,9.2,12.1,21.3,,"De La Cruz, Elly",682829
7/20/2023,"Bailey, P.","Cobb, A.","De La Cruz, E.","Schmitt, C.",2B,CS,-0.45,7.6,12.6,20.2,,"De La Cruz, Elly",682829
8/13/2023,"Rodríguez, E.","Jackson, A.","De La Cruz, E.","Peguero, L.",2B,SB,0.2,8.3,11,19.3,,"De La Cruz, Elly",682829
8/22/2023,"O'Hoppe, L.","Giolito, L.","De La Cruz, E.","Drury, B.",2B,SB,0.2,8.5,12.7,21.2,,"De La Cruz, Elly",682829
8/22/2023,"O'Hoppe, L.","Soriano, J.","De La Cruz, E.","Drury, B.",2B,CS,-0.45,2.8,10.1,12.9,,"De La Cruz, Elly",682829
8/23/2023,"Thaiss, M.","Detmers, R.","De La Cruz, E.",--,2B,SB,0.2,10.3,12.3,22.6,,"De La Cruz, Elly",682829
8/26/2023,"Herrera, J.","Ginkel, K.","De La Cruz, E.",--,3B,SB,0.2,9.9,12,21.8,,"De La Cruz, Elly",682829
9/1/2023,"Amaya, M.","Wicks, J.","De La Cruz, E.","Hoerner, N.",2B,SB,0.2,6.2,11,17.2,,"De La Cruz, Elly",682829
9/2/2023,"Gomes, Y.","Assad, J.","De La Cruz, E.","Wisdom, P.",2B,PK,-0.45,--,--,--,,"De La Cruz, Elly",682829
9/5/2023,"Raleigh, C.","Muñoz, A.","De La Cruz, E.","Rojas, J.",2B,SB,0.2,7.6,11.9,19.4,,"De La Cruz, Elly",682829
9/5/2023,"Raleigh, C.","Miller, B.","De La Cruz, E.","Rojas, J.",2B,CS,-0.45,7.7,11,18.7,,"De La Cruz, Elly",682829
9/6/2023,"Raleigh, C.","Gilbert, L.","De La Cruz, E.","Moore, D.",2B,SB,0.2,7.6,11.2,18.8,,"De La Cruz, Elly",682829
9/13/2023,"Kelly, C.","Díaz, M.","De La Cruz, E.","McKinstry, Z.",2B,SB,0.2,8.7,7.3,16.1,,"De La Cruz, Elly",682829
9/14/2023,"Rogers, J.","Olson, R.","De La Cruz, E.","Báez, J.",2B,SB,0.2,7.2,12.2,19.5,,"De La Cruz, Elly",682829
9/16/2023,"Alvarez, F.","Raley, B.","De La Cruz, E.","Lindor, F.",2B,SB,0.2,9.3,12.4,21.8,,"De La Cruz, Elly",682829
9/22/2023,"Rodríguez, E.","Ortiz, L.","De La Cruz, E.",--,3B,SB,0.2,12.3,10.6,22.9,,"De La Cruz, Elly",682829
9/22/2023,"Rodríguez, E.","Ortiz, L.","De La Cruz, E.","Peguero, L.",2B,SB,0.2,10,7.9,18,,"De La Cruz, Elly",682829
9/23/2023,"Rodríguez, E.","Falter, B.","De La Cruz, E.",--,3B,SB,0.2,23.5,12.2,35.7,,"De La Cruz, Elly",682829
9/23/2023,"Rodríguez, E.","Falter, B.","De La Cruz, E.","Bae, J.",2B,SB,0.2,11.1,10.4,21.5,,"De La Cruz, Elly",682829
9/27/2023,"Gallagher, C.","Bieber, S.","De La Cruz, E.","Rocchio, B.",2B,SB,0.2,11.2,9.5,20.7,,"De La Cruz, Elly",682829
9/27/2023,"Gallagher, C.","López, R.","De La Cruz, E.","Rocchio, B.",2B,SB,0.2,3.5,7.1,10.6,,"De La Cruz, Elly",682829
4/2/2023,"Caratini, V.","Lauer, E.","Hoerner, N.","Turang, B.",2B,SB,0.2,11.3,11.4,22.7,,"Hoerner, Nico",663538
4/4/2023,"Stephenson, T.","Cruz, F.","Hoerner, N.",--,2B,SB,0.2,9.8,12.6,22.3,,"Hoerner, Nico",663538
4/8/2023,"Heim, J.","Hearn, T.","Hoerner, N.","Semien, M.",2B,SB,0.2,12.1,11.8,23.9,,"Hoerner, Nico",663538
4/10/2023,"Murphy, T.","Castillo, L.","Hoerner, N.","Haggerty, S.",2B,SB,0.2,10,11.9,21.9,,"Hoerner, Nico",663538
4/11/2023,"Raleigh, C.","Gott, T.","Hoerner, N.","Wong, K.",2B,SB,0.2,13.3,13.4,26.7,,"Hoerner, Nico",663538
4/14/2023,"Barnes, A.","Syndergaard, N.","Hoerner, N.",--,3B,SB,0.2,21.9,13.9,35.8,,"Hoerner, Nico",663538
4/14/2023,"Barnes, A.","Jackson, A.","Hoerner, N.","Vargas, M.",2B,SB,0.2,10.6,11.5,22,,"Hoerner, Nico",663538
4/15/2023,"Barnes, A.","Grove, M.","Hoerner, N.","Vargas, M.",2B,SB,0.2,12,10.6,22.6,,"Hoerner, Nico",663538
4/17/2023,"Langeliers, S.","Muller, K.","Hoerner, N.","Díaz, A.",3B,SB,0.2,20.5,17.4,38,,"Hoerner, Nico",663538
4/21/2023,"Wynns, A.","Reed, J.","Hoerner, N.","Williams, L.",2B,CS,-0.45,9.5,11.6,21.1,,"Hoerner, Nico",663538
4/26/2023,"Nola, A.","Wacha, M.","Hoerner, N.","Kim, H.",2B,SB,0.2,14.5,8.2,22.8,,"Hoerner, Nico",663538
5/3/2023,"Ruiz, K.","Irvin, J.","Hoerner, N.",--,2B,SB,0.2,5.9,10.2,16.2,,"Hoerner, Nico",663538
5/5/2023,"Stallings, J.","Cabrera, E.","Hoerner, N.","Gurriel, Y.",2B,FB,0.2,--,--,--,,"Hoerner, Nico",663538
5/6/2023,"Fortes, N.","González, C.","Hoerner, N.","Edwards, X.",2B,SB,0.2,8.5,11.9,20.4,,"Hoerner, Nico",663538
5/31/2023,"Bethancourt, C.","Eflin, Z.","Hoerner, N.","Lowe, B.",2B,SB,0.2,14.2,11.2,25.3,,"Hoerner, Nico",663538
6/2/2023,"Sánchez, G.","Wacha, M.","Hoerner, N.","Cronenworth, J.",2B,BK,0.2,--,--,--,,"Hoerner, Nico",663538
6/13/2023,"Hedges, A.","Zastryzny, R.","Hoerner, N.",--,2B,SB,0.2,10.2,9.1,19.3,,"Hoerner, Nico",663538
6/15/2023,"Delay, J.","Oviedo, J.","Hoerner, N.","Bae, J.",2B,SB,0.2,12.2,9.6,21.8,,"Hoerner, Nico",663538
6/24/2023,"Contreras, W.","VerHagen, D.","Hoerner, N.",--,3B,SB,0.2,--,--,--,,"Hoerner, Nico",663538
6/25/2023,"Contreras, W.","Liberatore, M.","Hoerner, N.",--,2B,SB,0.2,--,--,--,,"Hoerner, Nico",663538
7/6/2023,"Caratini, V.","Peralta, F.","Hoerner, N.","Anderson, B.",3B,SB,0.2,17.1,12.4,29.5,,"Hoerner, Nico",663538
7/7/2023,"Higashioka, K.","Marinaccio, R.","Hoerner, N.","Torres, G.",2B,CS,-0.45,10.5,12.6,23.1,,"Hoerner, Nico",663538
7/15/2023,"Wong, C.","Paxton, J.","Hoerner, N.","Devers, R.",3B,SB,0.2,15.7,16,31.7,,"Hoerner, Nico",663538
7/22/2023,"Contreras, W.","Mikolas, M.","Hoerner, N.","DeJong, P.",2B,SB,0.2,13.2,9.2,22.4,,"Hoerner, Nico",663538
7/25/2023,"Grandal, Y.","Kopech, M.","Hoerner, N.","Anderson, T.",2B,SB,0.2,12.3,9.7,22,,"Hoerner, Nico",663538
7/25/2023,"Grandal, Y.","Kopech, M.","Hoerner, N.","Anderson, T.",2B,SB,0.2,8.9,14.9,23.8,,"Hoerner, Nico",663538
8/6/2023,"d'Arnaud, T.","Yates, K.","Hoerner, N.","Arcia, O.",2B,SB,0.2,7.6,14.3,21.9,,"Hoerner, Nico",663538
8/8/2023,"Narváez, O.","Walker, J.","Hoerner, N.","Lindor, F.",2B,SB,0.2,14.1,11.2,25.3,,"Hoerner, Nico",663538
8/11/2023,"Kirk, A.","Berríos, J.","Hoerner, N.",--,2B,SB,0.2,16,10.9,26.9,,"Hoerner, Nico",663538
8/13/2023,"Jansen, D.","Ryu, H.","Hoerner, N.","Biggio, C.",2B,CS,-0.45,8.4,10,18.5,,"Hoerner, Nico",663538
8/15/2023,"Grandal, Y.","Banks, T.","Hoerner, N.",--,2B,SB,0.2,8.2,9.6,17.8,,"Hoerner, Nico",663538
8/15/2023,"Grandal, Y.","Bummer, A.","Hoerner, N.","Remillard, Z.",2B,CS,-0.46,9,10,19,,"Hoerner, Nico",663538
8/19/2023,"Fermin, F.","Singer, B.","Hoerner, N.","Witt Jr., B.",2B,SB,0.2,13.3,9.2,22.5,,"Hoerner, Nico",663538
8/19/2023,"Fermin, F.","Singer, B.","Hoerner, N.","Duffy, M.",3B,SB,0.2,14.8,12.8,27.6,,"Hoerner, Nico",663538
8/23/2023,"Rogers, J.","Skubal, T.","Hoerner, N.","Vierling, M.",3B,SB,0.2,16.3,11.9,28.2,,"Hoerner, Nico",663538
8/27/2023,"Delay, J.","Falter, B.","Hoerner, N.",--,3B,SB,0.2,26.4,15,41.4,,"Hoerner, Nico",663538
9/1/2023,"Maile, L.","Moll, S.","Hoerner, N.",--,2B,SB,0.2,14.7,11.5,26.2,,"Hoerner, Nico",663538
9/1/2023,"Stephenson, T.","Ashcraft, G.","Hoerner, N.","De La Cruz, E.",2B,CS,-0.45,6,9.5,15.5,,"Hoerner, Nico",663538
9/2/2023,"Maile, L.","Abbott, A.","Hoerner, N.",--,2B,SB,0.2,12.4,11.4,23.7,,"Hoerner, Nico",663538
9/10/2023,"Zavala, S.","Mantiply, J.","Hoerner, N.",--,2B,SB,0.2,11.5,10.7,22.2,,"Hoerner, Nico",663538
9/10/2023,"Zavala, S.","Pfaadt, B.","Hoerner, N.","Peterson, J.",2B,SB,0.2,17.2,12.3,29.4,,"Hoerner, Nico",663538
9/12/2023,"Díaz, E.","Flexen, C.","Hoerner, N.",--,2B,SB,0.2,12.6,9.6,22.2,,"Hoerner, Nico",663538
9/13/2023,"Wynns, A.","Blach, T.","Hoerner, N.","Rodgers, B.",2B,CS,-0.45,7.2,10.6,17.9,,"Hoerner, Nico",663538
9/16/2023,"Moreno, G.","Saalfrank, A.","Hoerner, N.","Peterson, J.",3B,SB,0.2,19.4,13.8,33.2,,"Hoerner, Nico",663538
9/22/2023,"Díaz, E.","Davis, N.","Hoerner, N.","Tovar, E.",2B,SB,0.2,10.1,19.6,29.7,,"Hoerner, Nico",663538
9/26/2023,"Murphy, S.","Elder, B.","Hoerner, N.",--,2B,SB,0.2,14.8,17.5,32.3,,"Hoerner, Nico",663538
3/30/2023,"McGuire, R.","Brasier, R.","Mateo, J.",--,2B,SB,0.2,11.1,11.3,22.4,,"Mateo, Jorge",622761
4/1/2023,"McGuire, R.","Sale, C.","Mateo, J.","Devers, R.",3B,SB,0.2,11.2,16.1,27.3,,"Mateo, Jorge",622761
4/7/2023,"Trevino, J.","Marinaccio, R.","Mateo, J.","Volpe, A.",2B,SB,0.2,13.1,12.2,25.4,,"Mateo, Jorge",622761
4/11/2023,"Langeliers, S.","Muller, K.","Mateo, J.","Peterson, J.",3B,SB,0.2,15.4,13.7,29.1,,"Mateo, Jorge",622761
4/13/2023,"Langeliers, S.","Martinez, A.","Mateo, J.","Smith, K.",2B,SB,0.2,12.6,12.1,24.6,,"Mateo, Jorge",622761
4/15/2023,"Grandal, Y.","Kopech, M.","Mateo, J.","Andrus, E.",2B,CS,-0.45,6.8,12.1,18.9,,"Mateo, Jorge",622761
4/16/2023,"Zavala, S.","Bummer, A.","Mateo, J.","Burger, J.",3B,SB,0.2,17.4,13.9,31.3,,"Mateo, Jorge",622761
4/27/2023,"Haase, E.","Wentz, J.","Mateo, J.","Maton, N.",2B,SB,0.2,10.7,12.2,22.9,,"Mateo, Jorge",622761
4/27/2023,"Haase, E.","Wentz, J.","Mateo, J.",--,3B,SB,0.2,18.7,15.4,34,,"Mateo, Jorge",622761
5/2/2023,"Perez, S.","Yarbrough, R.","Mateo, J.","Garcia, M.",3B,CS,-0.45,12.5,17,29.5,,"Mateo, Jorge",622761
5/6/2023,"Murphy, S.","Strider, S.","Mateo, J.","Albies, O.",3B,BK,0.2,4.6,16.5,21.1,,"Mateo, Jorge",622761
5/7/2023,"Murphy, S.","Chavez, J.","Mateo, J.",--,2B,SB,0.2,20.1,13.3,33.4,,"Mateo, Jorge",622761
5/15/2023,"Wallach, C.","Ohtani, S.","Mateo, J.","Neto, Z.",2B,SB,0.2,10.2,12.4,22.7,,"Mateo, Jorge",622761
5/19/2023,"Jansen, D.","Swanson, E.","Mateo, J.","Bichette, B.",2B,SB,0.2,9,12.8,21.9,,"Mateo, Jorge",622761
5/24/2023,"Higashioka, K.","Cortes, N.","Mateo, J.","Torres, G.",3B,PK,-0.45,--,--,--,,"Mateo, Jorge",622761
5/27/2023,"Heim, J.","Heaney, A.","Mateo, J.","Seager, C.",2B,SB,0.2,19.9,13.7,33.7,,"Mateo, Jorge",622761
6/2/2023,"Bailey, P.","Webb, L.","Mateo, J.","Crawford, B.",2B,CS,-0.45,10,13.3,23.4,,"Mateo, Jorge",622761
6/4/2023,"Bailey, P.","Rogers, T.","Mateo, J.","Schmitt, C.",2B,SB,0.2,12.5,12,24.5,,"Mateo, Jorge",622761
6/9/2023,"Perez, S.","Lynch IV, D.","Mateo, J.","Garcia, M.",3B,SB,0.2,19.3,15.9,35.2,,"Mateo, Jorge",622761
6/9/2023,"Perez, S.","Lynch IV, D.","Mateo, J.","Lopez, N.",2B,SB,0.2,10,12.7,22.7,,"Mateo, Jorge",622761
6/15/2023,"Jansen, D.","Kikuchi, Y.","Mateo, J.",--,3B,SB,0.2,11.9,16.7,28.6,,"Mateo, Jorge",622761
6/15/2023,"Jansen, D.","Kikuchi, Y.","Mateo, J.","Bichette, B.",2B,SB,0.2,8.7,12.6,21.3,,"Mateo, Jorge",622761
6/25/2023,"Raleigh, C.","Kirby, G.","Mateo, J.","Suárez, E.",3B,SB,0.2,9.9,16.4,26.3,,"Mateo, Jorge",622761
7/1/2023,"Vázquez, C.","Duran, J.","Mateo, J.","Correa, C.",2B,SB,0.2,10,12.6,22.6,,"Mateo, Jorge",622761
7/19/2023,"Barnes, A.","Urías, J.","Mateo, J.",--,3B,SB,0.2,16.2,15.8,32,,"Mateo, Jorge",622761
7/31/2023,"Kirk, A.","Bassitt, C.","Mateo, J.","Bichette, B.",2B,SB,0.2,9.1,12.4,21.4,,"Mateo, Jorge",622761
7/31/2023,"Kirk, A.","Bassitt, C.","Mateo, J.","Chapman, M.",3B,CS,-0.45,12.7,14.4,27.1,,"Mateo, Jorge",622761
8/1/2023,"Jansen, D.","Cabrera, G.","Mateo, J.",--,2B,SB,0.2,19.5,11.7,31.3,,"Mateo, Jorge",622761
8/13/2023,"Raleigh, C.","Muñoz, A.","Mateo, J.","Moore, D.",3B,BK,0.2,5.8,14.7,20.5,,"Mateo, Jorge",622761
8/22/2023,"Jansen, D.","Kikuchi, Y.","Mateo, J.","Chapman, M.",3B,SB,0.2,14.9,16.8,31.7,,"Mateo, Jorge",622761
8/30/2023,"Grandal, Y.","Cease, D.","Mateo, J.","Vaughn, A.",2B,PK,-0.45,--,--,--,,"Mateo, Jorge",622761
9/5/2023,"O'Hoppe, L.","Detmers, R.","Mateo, J.","Drury, B.",2B,SB,0.2,11.2,13.1,24.3,,"Mateo, Jorge",622761
9/6/2023,"O'Hoppe, L.","Sandoval, P.","Mateo, J.","Drury, B.",2B,SB,0.2,9.8,14.4,24.2,,"Mateo, Jorge",622761
9/13/2023,"Knizner, A.","Rom, D.","Mateo, J.","Palacios, R.",2B,SB,0.2,9,12.8,21.8,,"Mateo, Jorge",622761
9/27/2023,"Ruiz, K.","Corbin, P.","Mateo, J.",--,3B,SB,0.2,14.8,14.7,29.5,,"Mateo, Jorge",622761
9/30/2023,"McGuire, R.","Winckowski, J.","Mateo, J.",--,2B,SB,0.2,26.8,19.2,46,,"Mateo, Jorge",622761
4/25/2023,"Gomes, Y.","Steele, J.","Tatis Jr., F.","Swanson, D.",2B,CS,-0.45,3.7,10.1,13.7,,"Tatis Jr., Fernando",665487
5/9/2023,"Vázquez, C.","Jax, G.","Tatis Jr., F.","Correa, C.",2B,SB,0.2,9.2,11.6,20.7,,"Tatis Jr., Fernando",665487
5/14/2023,"Barnes, A.","Gonsolin, T.","Tatis Jr., F.",--,3B,SB,0.2,21.2,8.2,29.5,,"Tatis Jr., Fernando",665487
5/14/2023,"Barnes, A.","Graterol, B.","Tatis Jr., F.","Vargas, M.",2B,SB,0.2,8.6,11.4,20,,"Tatis Jr., Fernando",665487
5/25/2023,"Adams, R.","Machado, A.","Tatis Jr., F.","García Jr., L.",3B,BK,0.2,--,--,--,,"Tatis Jr., Fernando",665487
5/25/2023,"Adams, R.","Machado, A.","Tatis Jr., F.","Abrams, C.",2B,SB,0.2,12,10.8,22.8,,"Tatis Jr., Fernando",665487
5/30/2023,"Fortes, N.","Floro, D.","Tatis Jr., F.","Berti, J.",2B,SB,0.2,9.5,10.7,20.3,,"Tatis Jr., Fernando",665487
6/1/2023,"Fortes, N.","Luzardo, J.","Tatis Jr., F.",--,2B,SB,0.2,15,9.2,24.2,,"Tatis Jr., Fernando",665487
6/7/2023,"Raleigh, C.","Kirby, G.","Tatis Jr., F.","Crawford, J.",2B,SB,0.2,11.8,12.1,23.9,,"Tatis Jr., Fernando",665487
6/11/2023,"Wynns, A.","Lamet, D.","Tatis Jr., F.","Montes, C.",2B,SB,0.2,9.5,12,21.5,,"Tatis Jr., Fernando",665487
6/14/2023,"Zunino, M.","Curry, X.","Tatis Jr., F.","Rosario, A.",2B,SB,0.2,9.8,12.1,21.8,,"Tatis Jr., Fernando",665487
6/14/2023,"Zunino, M.","Hentges, S.","Tatis Jr., F.","Ramírez, J.",3B,SB,0.2,17,13.8,30.7,,"Tatis Jr., Fernando",665487
6/15/2023,"Fry, D.","Stephan, T.","Tatis Jr., F.","Rosario, A.",2B,SB,0.19,11.4,12.6,24,,"Tatis Jr., Fernando",665487
6/18/2023,"Bethancourt, C.","Chirinos, Y.","Tatis Jr., F.","Franco, W.",2B,SB,0.2,11,11.8,22.8,,"Tatis Jr., Fernando",665487
6/19/2023,"Bailey, P.","Walker, R.","Tatis Jr., F.","Villar, D.",3B,CS,-0.45,14.6,13.3,27.9,,"Tatis Jr., Fernando",665487
6/23/2023,"Ruiz, K.","Corbin, P.","Tatis Jr., F.",--,2B,SB,0.2,11.3,11.3,22.5,,"Tatis Jr., Fernando",665487
6/24/2023,"Ruiz, K.","Gray, J.","Tatis Jr., F.","Abrams, C.",2B,SB,0.2,12.7,13.2,25.9,,"Tatis Jr., Fernando",665487
7/18/2023,"Jansen, D.","Manoah, A.","Tatis Jr., F.","Bichette, B.",2B,SB,0.2,8.9,11.5,20.4,,"Tatis Jr., Fernando",665487
7/30/2023,"Huff, S.","Smith, W.","Tatis Jr., F.","Jung, J.",3B,SB,0.2,14.1,12,26.1,,"Tatis Jr., Fernando",665487
8/11/2023,"Kelly, C.","Nelson, R.","Tatis Jr., F.","Ahmed, N.",2B,SB,0.2,9.6,11.8,21.4,,"Tatis Jr., Fernando",665487
8/13/2023,"Herrera, J.","Pfaadt, B.","Tatis Jr., F.",--,3B,SB,0.2,19.3,12,31.4,,"Tatis Jr., Fernando",665487
8/14/2023,"Rutschman, A.","Bautista, F.","Tatis Jr., F.",--,2B,SB,0.19,16.2,11.1,27.4,,"Tatis Jr., Fernando",665487
9/3/2023,"Bailey, P.","Cobb, A.","Tatis Jr., F.","Wade Jr., L.",2B,BK,0.2,14.7,12.4,27.1,,"Tatis Jr., Fernando",665487
9/4/2023,"Realmuto, J.","Kimbrel, C.","Tatis Jr., F.","Sosa, E.",3B,SB,0.2,16.8,14.4,31.1,,"Tatis Jr., Fernando",665487
9/4/2023,"Realmuto, J.","Kimbrel, C.","Tatis Jr., F.",--,2B,SB,0.2,14.3,12.1,26.4,,"Tatis Jr., Fernando",665487
9/15/2023,"Langeliers, S.","Pérez, F.","Tatis Jr., F.","Diaz, J.",3B,SB,0.2,17.2,17,34.2,,"Tatis Jr., Fernando",665487
9/19/2023,"Díaz, E.","Lawrence, J.","Tatis Jr., F.","McMahon, R.",3B,SB,0.2,16.8,9.7,26.5,,"Tatis Jr., Fernando",665487
9/23/2023,"Knizner, A.","Pallante, A.","Tatis Jr., F.","Winn, M.",2B,SB,0.2,8.9,11.3,20.2,,"Tatis Jr., Fernando",665487
4/1/2023,"Gallagher, C.","Civale, A.","Rodríguez, J.","Giménez, A.",2B,SB,0.2,9.7,11.6,21.3,,"Rodríguez, Julio",677594
4/3/2023,"O'Hoppe, L.","Detmers, R.","Rodríguez, J.","Drury, B.",2B,SB,0.2,10.4,11.7,22.1,,"Rodríguez, Julio",677594
4/7/2023,"Zunino, M.","Civale, A.","Rodríguez, J.","Giménez, A.",2B,SB,0.2,8.2,12.7,20.9,,"Rodríguez, Julio",677594
4/12/2023,"Barnhart, T.","Fulmer, M.","Rodríguez, J.","Hoerner, N.",2B,CS,-0.45,9.1,12.4,21.5,,"Rodríguez, Julio",677594
4/21/2023,"Contreras, W.","Matz, S.","Rodríguez, J.","Donovan, B.",2B,SB,0.2,11,11.8,22.8,,"Rodríguez, Julio",677594
4/28/2023,"Kirk, A.","Manoah, A.","Rodríguez, J.","Merrifield, W.",2B,CS,-0.45,8.3,11.5,19.8,,"Rodríguez, Julio",677594
4/29/2023,"Jansen, D.","Gausman, K.","Rodríguez, J.","Bichette, B.",2B,SB,0.2,9.8,12.3,22,,"Rodríguez, Julio",677594
5/13/2023,"Haase, E.","Vest, W.","Rodríguez, J.","McKinstry, Z.",2B,SB,0.2,6.6,12.9,19.6,,"Rodríguez, Julio",677594
5/20/2023,"Murphy, S.","Yates, K.","Rodríguez, J.","Arcia, O.",2B,SB,0.2,11.6,12.6,24.2,,"Rodríguez, Julio",677594
5/27/2023,"Delay, J.","Moreta, D.","Rodríguez, J.","Marcano, T.",2B,SB,0.2,5.9,12.1,18.1,,"Rodríguez, Julio",677594
5/31/2023,"Higashioka, K.","Schmidt, C.","Rodríguez, J.","Torres, G.",2B,SB,0.2,8.9,12.7,21.6,,"Rodríguez, Julio",677594
6/2/2023,"León, S.","Gray, J.","Rodríguez, J.","Seager, C.",2B,SB,0.2,9.2,11.9,21.1,,"Rodríguez, Julio",677594
6/17/2023,"Zavala, S.","Giolito, L.","Rodríguez, J.",--,2B,SB,0.2,6.7,12.3,19,,"Rodríguez, Julio",677594
6/17/2023,"Grandal, Y.","Bummer, A.","Rodríguez, J.","Burger, J.",3B,SB,0.2,14.7,13.1,27.8,,"Rodríguez, Julio",677594
6/18/2023,"Grandal, Y.","Lynn, L.","Rodríguez, J.","Remillard, Z.",2B,SB,0.2,8,12.2,20.2,,"Rodríguez, Julio",677594
6/21/2023,"Higashioka, K.","Brito, J.","Rodríguez, J.","Torres, G.",2B,SB,0.2,8.3,12.5,20.8,,"Rodríguez, Julio",677594
6/24/2023,"Rutschman, A.","Kremer, D.","Rodríguez, J.","Frazier, A.",2B,SB,0.2,9.1,12.7,21.8,,"Rodríguez, Julio",677594
7/1/2023,"Bethancourt, C.","Glasnow, T.","Rodríguez, J.","Walls, T.",2B,SB,0.19,12.1,12.9,25,,"Rodríguez, Julio",677594
7/2/2023,"Mejía, F.","Kelly, K.","Rodríguez, J.","Bruján, V.",2B,CS,-0.45,8.6,11.8,20.4,,"Rodríguez, Julio",677594
7/3/2023,"Sabol, B.","Doval, C.","Rodríguez, J.",--,3B,SB,0.2,17.1,15.4,32.5,,"Rodríguez, Julio",677594
7/5/2023,"Bailey, P.","Cobb, A.","Rodríguez, J.","Crawford, B.",3B,BK,0.2,--,--,--,,"Rodríguez, Julio",677594
7/9/2023,"Maldonado, M.","Bielak, B.","Rodríguez, J.","Dubón, M.",2B,SB,0.2,7.2,12.1,19.4,,"Rodríguez, Julio",677594
7/9/2023,"Maldonado, M.","Abreu, B.","Rodríguez, J.","Dubón, M.",2B,SB,0.2,11.1,12.4,23.5,,"Rodríguez, Julio",677594
7/23/2023,"Kirk, A.","Swanson, E.","Rodríguez, J.","Espinal, S.",2B,SB,0.2,8.6,12.9,21.6,,"Rodríguez, Julio",677594
8/5/2023,"Wallach, C.","Anderson, T.","Rodríguez, J.","Drury, B.",2B,CS,-0.45,6.7,12.1,18.8,,"Rodríguez, Julio",677594
8/6/2023,"Thaiss, M.","Moore, M.","Rodríguez, J.","Drury, B.",2B,SB,0.2,12.1,12.1,24.2,,"Rodríguez, Julio",677594
8/14/2023,"Perez, S.","Hernández, C.","Rodríguez, J.","Garcia, M.",3B,SB,0.2,16.3,15.2,31.5,,"Rodríguez, Julio",677594
8/15/2023,"Fermin, F.","Lyles, J.","Rodríguez, J.","Massey, M.",2B,CS,-0.45,8.7,12.6,21.3,,"Rodríguez, Julio",677594
8/16/2023,"Perez, S.","Marsh, A.","Rodríguez, J.",--,2B,SB,0.2,9.8,12.2,22,,"Rodríguez, Julio",677594
8/16/2023,"Perez, S.","Marsh, A.","Rodríguez, J.",--,3B,SB,0.2,15.9,15.7,31.6,,"Rodríguez, Julio",677594
8/18/2023,"Maldonado, M.","France, J.","Rodríguez, J.",--,2B,SB,0.2,15.4,11.5,26.9,,"Rodríguez, Julio",677594
8/18/2023,"Maldonado, M.","Urquidy, J.","Rodríguez, J.","Altuve, J.",2B,SB,0.2,11.8,11.9,23.7,,"Rodríguez, Julio",677594
8/19/2023,"Maldonado, M.","Valdez, F.","Rodríguez, J.","Altuve, J.",2B,SB,0.2,9.7,10.8,20.5,,"Rodríguez, Julio",677594
8/23/2023,"Pérez, C.","Kopech, M.","Rodríguez, J.","Sosa, L.",2B,SB,0.2,9.6,11.8,21.4,,"Rodríguez, Julio",677594
8/25/2023,"Perez, S.","Singer, B.","Rodríguez, J.","Witt Jr., B.",2B,SB,0.2,13.4,12.6,25.9,,"Rodríguez, Julio",677594
9/2/2023,"Narváez, O.","Reid-Foley, S.","Rodríguez, J.",--,2B,SB,0.2,10.1,11.6,21.7,,"Rodríguez, Julio",677594
9/16/2023,"Smith, W.","Kershaw, C.","Rodríguez, J.","Muncy, M.",3B,CS,-0.45,7.8,15.3,23.1,,"Rodríguez, Julio",677594
9/27/2023,"Maldonado, M.","Valdez, F.","Rodríguez, J.",--,3B,SB,0.2,30.1,20.3,50.3,,"Rodríguez, Julio",677594
4/11/2023,"Alvarez, F.","Reyes, D.","Kim, H.",--,2B,SB,0.2,16.7,12.9,29.6,,"Kim, Ha-Seong",673490
4/19/2023,"Murphy, S.","Morton, C.","Kim, H.","Albies, O.",2B,CS,-0.45,11.8,10.9,22.8,,"Kim, Ha-Seong",673490
4/26/2023,"Gomes, Y.","Merryweather, J.","Kim, H.","Swanson, D.",2B,SB,0.2,10.4,12.2,22.6,,"Kim, Ha-Seong",673490
4/27/2023,"Barnhart, T.","Wesneski, H.","Kim, H.","Swanson, D.",2B,SB,0.2,8.3,12.3,20.6,,"Kim, Ha-Seong",673490
4/29/2023,"Sabol, B.","Alexander, S.","Kim, H.",--,2B,SB,0.2,--,--,--,,"Kim, Ha-Seong",673490
5/5/2023,"Smith, W.","Kershaw, C.","Kim, H.","Vargas, M.",2B,CS,-0.45,9.1,12.1,21.2,,"Kim, Ha-Seong",673490
5/9/2023,"Vázquez, C.","Jax, G.","Kim, H.",--,3B,SB,0.2,14.6,17.4,31.9,,"Kim, Ha-Seong",673490
5/28/2023,"Higashioka, K.","Cole, G.","Kim, H.","Volpe, A.",2B,SB,0.2,13.3,12.7,26,,"Kim, Ha-Seong",673490
5/30/2023,"Stallings, J.","Alcantara, S.","Kim, H.","Berti, J.",2B,SB,0.2,11.9,12.8,24.6,,"Kim, Ha-Seong",673490
5/31/2023,"Fortes, N.","Garrett, B.","Kim, H.","Arraez, L.",3B,PK,-0.45,--,--,--,,"Kim, Ha-Seong",673490
5/31/2023,"Fortes, N.","Garrett, B.","Kim, H.","Arraez, L.",2B,SB,0.2,11,12.2,23.1,,"Kim, Ha-Seong",673490
6/1/2023,"Fortes, N.","Luzardo, J.","Kim, H.","Segura, J.",3B,SB,0.2,19.8,16.5,36.4,,"Kim, Ha-Seong",673490
6/21/2023,"Sabol, B.","Jackson, L.","Kim, H.","Crawford, B.",2B,SB,0.2,10.8,12.6,23.3,,"Kim, Ha-Seong",673490
7/4/2023,"Wallach, C.","Reyes, G.","Kim, H.",--,2B,SB,0.2,11.1,11.1,22.2,,"Kim, Ha-Seong",673490
7/5/2023,"Thaiss, M.","Sandoval, P.","Kim, H.","Velazquez, A.",2B,SB,0.2,9,12.8,21.8,,"Kim, Ha-Seong",673490
7/7/2023,"Alvarez, F.","Verlander, J.","Kim, H.",--,2B,SB,0.2,18.1,14.5,32.7,,"Kim, Ha-Seong",673490
7/15/2023,"Stubbs, G.","Walker, T.","Kim, H.","Turner, T.",2B,SB,0.2,8.7,11.5,20.1,,"Kim, Ha-Seong",673490
7/24/2023,"Rodríguez, E.","Mlodzinski, C.","Kim, H.","Peguero, L.",2B,CS,-0.45,12.5,13.8,26.3,,"Kim, Ha-Seong",673490
7/25/2023,"Rodríguez, E.","Perdomo, A.","Kim, H.","Williams, A.",2B,CS,-0.45,8.5,12.4,20.9,,"Kim, Ha-Seong",673490
7/25/2023,"Hedges, A.","Hill, R.","Kim, H.",--,3B,SB,0.2,20.8,15.6,36.4,,"Kim, Ha-Seong",673490
7/28/2023,"Garver, M.","Dunning, D.","Kim, H.","Semien, M.",2B,SB,0.2,9.7,11.4,21.1,,"Kim, Ha-Seong",673490
7/29/2023,"Garver, M.","Pérez, M.","Kim, H.","Lowe, N.",2B,BK,0.2,--,--,--,,"Kim, Ha-Seong",673490
7/30/2023,"Huff, S.","Bradford, C.","Kim, H.","Duran, E.",2B,SB,0.2,7.8,12.2,20,,"Kim, Ha-Seong",673490
8/4/2023,"Smith, W.","Miller, B.","Kim, H.","Rosario, A.",2B,SB,0.2,12.1,11.7,23.8,,"Kim, Ha-Seong",673490
8/4/2023,"Smith, W.","Miller, B.","Kim, H.","Rosario, A.",2B,SB,0.2,7.7,11.2,18.9,,"Kim, Ha-Seong",673490
8/9/2023,"Raleigh, C.","Hancock, E.","Kim, H.",--,2B,SB,0.2,11.8,14.4,26.2,,"Kim, Ha-Seong",673490
8/9/2023,"Raleigh, C.","Hancock, E.","Kim, H.","Rojas, J.",2B,SB,0.2,11,12,23,,"Kim, Ha-Seong",673490
8/9/2023,"Raleigh, C.","Hancock, E.","Kim, H.",--,3B,SB,0.2,20.7,15.4,36.1,,"Kim, Ha-Seong",673490
8/18/2023,"Moreno, G.","Pfaadt, B.","Kim, H.","Marte, K.",2B,CS,-0.45,8,11.4,19.4,,"Kim, Ha-Seong",673490
8/21/2023,"Fortes, N.","Weathers, R.","Kim, H.",--,3B,SB,0.2,23.3,14.9,38.2,,"Kim, Ha-Seong",673490
8/22/2023,"Fortes, N.","Luzardo, J.","Kim, H.","Arraez, L.",2B,CS,-0.45,4.4,10.9,15.3,,"Kim, Ha-Seong",673490
8/25/2023,"Contreras, W.","Woodruff, B.","Kim, H.","Turang, B.",2B,SB,0.2,12.4,12.1,24.5,,"Kim, Ha-Seong",673490
9/3/2023,"Bailey, P.","Cobb, A.","Kim, H.",--,2B,SB,0.2,--,--,--,,"Kim, Ha-Seong",673490
9/8/2023,"Maldonado, M.","Urquidy, J.","Kim, H.","Peña, J.",2B,SB,0.2,12.9,11.7,24.6,,"Kim, Ha-Seong",673490
9/8/2023,"Maldonado, M.","Brown, H.","Kim, H.","Altuve, J.",2B,SB,0.2,10.4,12.6,23,,"Kim, Ha-Seong",673490
9/8/2023,"Maldonado, M.","Urquidy, J.","Kim, H.",--,3B,SB,0.2,23.4,17.1,40.6,,"Kim, Ha-Seong",673490
9/11/2023,"Smith, W.","Stone, G.","Kim, H.","Betts, M.",2B,SB,0.2,8.9,12.3,21.2,,"Kim, Ha-Seong",673490
9/15/2023,"Langeliers, S.","Martinez, A.","Kim, H.","Gelof, Z.",2B,SB,0.2,13.2,11.6,24.8,,"Kim, Ha-Seong",673490
9/30/2023,"Grandal, Y.","Clevinger, M.","Kim, H.",--,3B,SB,0.2,21.5,17.4,38.8,,"Kim, Ha-Seong",673490
9/30/2023,"Pérez, C.","Peralta, S.","Kim, H.",--,3B,SB,0.2,19.3,14,33.3,,"Kim, Ha-Seong",673490
6/12/2023,"Maile, L.","Weaver, L.","Blanco, D.","India, J.",2B,CS,-0.45,6.1,11.3,17.3,,"Blanco, Dairon",680118
6/17/2023,"Wallach, C.","Devenski, C.","Blanco, D.","Drury, B.",2B,SB,0.19,8.7,11.7,20.4,,"Blanco, Dairon",680118
6/27/2023,"Naylor, B.","Stephan, T.","Blanco, D.","Ramírez, J.",3B,SB,0.2,15.2,13.9,29.2,,"Blanco, Dairon",680118
7/1/2023,"Smith, W.","Brasier, R.","Blanco, D.","Rojas, M.",2B,SB,0.2,8,12.7,20.7,,"Blanco, Dairon",680118
7/1/2023,"Smith, W.","Brasier, R.","Blanco, D.","Hernández, Y.",3B,SB,0.2,12.9,14.5,27.5,,"Blanco, Dairon",680118
7/6/2023,"Naylor, B.","Bibee, T.","Blanco, D.","Rosario, A.",2B,SB,0.2,8.7,12.6,21.3,,"Blanco, Dairon",680118
7/9/2023,"Fry, D.","Sandlin, N.","Blanco, D.","Giménez, A.",2B,CS,-0.45,6.3,9.5,15.7,,"Blanco, Dairon",680118
7/15/2023,"Bethancourt, C.","Criswell, C.","Blanco, D.","Walls, T.",2B,CS,-0.45,7.2,12.8,20.1,,"Blanco, Dairon",680118
7/15/2023,"Bethancourt, C.","Criswell, C.","Blanco, D.","Franco, W.",2B,SB,0.2,8.6,13.9,22.5,,"Blanco, Dairon",680118
7/18/2023,"Rogers, J.","White, B.","Blanco, D.","Vierling, M.",3B,SB,0.2,13.4,15.6,29,,"Blanco, Dairon",680118
7/24/2023,"Fry, D.","Norris, D.","Blanco, D.","Rosario, A.",2B,SB,0.2,7.3,10.3,17.6,,"Blanco, Dairon",680118
8/1/2023,"Alvarez, F.","Quintana, J.","Blanco, D.","Baty, B.",3B,SB,0.2,10.4,11.7,22.1,,"Blanco, Dairon",680118
8/4/2023,"Realmuto, J.","Marte, Y.","Blanco, D.","Stott, B.",2B,SB,0.2,9.3,9.6,18.8,,"Blanco, Dairon",680118
8/4/2023,"Realmuto, J.","Hoffman, J.","Blanco, D.","Turner, T.",2B,SB,0.2,4.8,9,13.8,,"Blanco, Dairon",680118
8/4/2023,"Realmuto, J.","Hoffman, J.","Blanco, D.",--,3B,SB,0.2,14.9,17.1,32,,"Blanco, Dairon",680118
8/9/2023,"McGuire, R.","Jansen, K.","Blanco, D.","Urías, L.",2B,CS,-0.46,9.3,11.1,20.5,,"Blanco, Dairon",680118
8/11/2023,"Contreras, W.","Pallante, A.","Blanco, D.",--,2B,SB,0.2,9.4,12.1,21.5,,"Blanco, Dairon",680118
8/11/2023,"Contreras, W.","Pallante, A.","Blanco, D.","Arenado, N.",3B,SB,0.2,12.3,14.2,26.5,,"Blanco, Dairon",680118
8/16/2023,"Raleigh, C.","Speier, G.","Blanco, D.","Moore, D.",2B,SB,0.2,12.4,10.3,22.7,,"Blanco, Dairon",680118
8/26/2023,"Raleigh, C.","Gilbert, L.","Blanco, D.","Crawford, J.",2B,SB,0.2,6.4,11.4,17.8,,"Blanco, Dairon",680118
8/29/2023,"Rodríguez, E.","Ortiz, L.","Blanco, D.","Bae, J.",2B,SB,0.2,8.1,11.7,19.8,,"Blanco, Dairon",680118
9/3/2023,"Wong, C.","Jansen, K.","Blanco, D.","Urías, L.",2B,SB,0.2,13.9,12.5,26.4,,"Blanco, Dairon",680118
9/12/2023,"Pérez, C.","Kopech, M.","Blanco, D.","Sosa, L.",2B,SB,0.2,9.8,11.6,21.4,,"Blanco, Dairon",680118
9/12/2023,"Pérez, C.","Kopech, M.","Blanco, D.","Moncada, Y.",3B,SB,0.2,13.6,14.8,28.5,,"Blanco, Dairon",680118
9/16/2023,"Diaz, Y.","Neris, H.","Blanco, D.","Bregman, A.",3B,SB,0.2,14,17.3,31.3,,"Blanco, Dairon",680118
10/1/2023,"Wells, A.","King, M.","Blanco, D.",--,2B,SB,0.2,5.9,10.1,16,,"Blanco, Dairon",680118
10/1/2023,"Wells, A.","Brito, J.","Blanco, D.","Volpe, A.",2B,SB,0.2,10.3,11.3,21.6,,"Blanco, Dairon",680118
4/9/2023,"Alvarez, F.","Carrasco, C.","Chisholm Jr., J.","Escobar, E.",3B,SB,0.2,16.8,12.2,28.9,,"Chisholm Jr., Jazz",665862
4/9/2023,"Alvarez, F.","Carrasco, C.","Chisholm Jr., J.","Lindor, F.",2B,SB,0.2,10.5,10.8,21.4,,"Chisholm Jr., Jazz",665862
4/11/2023,"Realmuto, J.","Nola, A.","Chisholm Jr., J.","Stott, B.",2B,SB,0.2,11.6,11.4,23,,"Chisholm Jr., Jazz",665862
4/17/2023,"Bart, J.","Webb, L.","Chisholm Jr., J.","Villar, D.",2B,SB,0.2,12.6,9.5,22.1,,"Chisholm Jr., Jazz",665862
4/19/2023,"Bart, J.","Doval, C.","Chisholm Jr., J.","Davis, J.",3B,SB,0.2,17.6,10.9,28.5,,"Chisholm Jr., Jazz",665862
4/19/2023,"Bart, J.","Cobb, A.","Chisholm Jr., J.","Flores, W.",2B,FB,0.2,--,--,--,,"Chisholm Jr., Jazz",665862
4/23/2023,"Zunino, M.","Stephan, T.","Chisholm Jr., J.","Rosario, A.",2B,SB,0.19,13.7,10,23.7,,"Chisholm Jr., Jazz",665862
4/27/2023,"Tromp, C.","Wright, K.","Chisholm Jr., J.","Albies, O.",2B,SB,0.2,9.9,10.9,20.8,,"Chisholm Jr., Jazz",665862
4/28/2023,"Gomes, Y.","Stroman, M.","Chisholm Jr., J.",--,3B,SB,0.2,16.2,13.3,29.4,,"Chisholm Jr., Jazz",665862
4/28/2023,"Gomes, Y.","Stroman, M.","Chisholm Jr., J.","Hoerner, N.",2B,SB,0.2,8.8,10.3,19.1,,"Chisholm Jr., Jazz",665862
5/3/2023,"Murphy, S.","McHugh, C.","Chisholm Jr., J.","Albies, O.",2B,CS,-0.45,7.7,11.8,19.5,,"Chisholm Jr., Jazz",665862
5/9/2023,"Moreno, G.","Pfaadt, B.","Chisholm Jr., J.","Marte, K.",2B,SB,0.2,12.9,8.3,21.1,,"Chisholm Jr., Jazz",665862
5/9/2023,"Moreno, G.","Pfaadt, B.","Chisholm Jr., J.","Marte, K.",2B,SB,0.2,10.4,12.2,22.6,,"Chisholm Jr., Jazz",665862
5/13/2023,"Casali, C.","Farmer, B.","Chisholm Jr., J.","India, J.",2B,SB,0.2,9.2,12,21.2,,"Chisholm Jr., Jazz",665862
7/31/2023,"Realmuto, J.","Walker, T.","Chisholm Jr., J.","Stott, B.",2B,SB,0.2,16.4,7.3,23.7,,"Chisholm Jr., Jazz",665862
8/2/2023,"Stubbs, G.","Kimbrel, C.","Chisholm Jr., J.","Stott, B.",3B,BK,0.2,0.4,10.3,10.7,,"Chisholm Jr., Jazz",665862
8/5/2023,"Hedges, A.","Gray, J.","Chisholm Jr., J.","Semien, M.",2B,CS,-0.45,10.5,9.9,20.4,,"Chisholm Jr., Jazz",665862
8/15/2023,"Diaz, Y.","Javier, C.","Chisholm Jr., J.","Dubón, M.",2B,SB,0.2,11.5,10.9,22.4,,"Chisholm Jr., Jazz",665862
8/19/2023,"Smith, W.","Graterol, B.","Chisholm Jr., J.",--,3B,SB,0.2,--,--,--,,"Chisholm Jr., Jazz",665862
9/3/2023,"Millas, D.","Finnegan, K.","Chisholm Jr., J.","Alu, J.",2B,SB,0.2,10,11.3,21.3,,"Chisholm Jr., Jazz",665862
9/5/2023,"Barnes, A.","Kershaw, C.","Chisholm Jr., J.","Rosario, A.",2B,SB,0.2,7.9,12.3,20.1,,"Chisholm Jr., Jazz",665862
9/16/2023,"Murphy, S.","Stephens, J.","Chisholm Jr., J.","Albies, O.",2B,SB,0.2,13.2,12.1,25.2,,"Chisholm Jr., Jazz",665862
9/16/2023,"Murphy, S.","Minter, A.","Chisholm Jr., J.",--,3B,SB,0.2,18.2,14.9,33.2,,"Chisholm Jr., Jazz",665862
9/16/2023,"Murphy, S.","Minter, A.","Chisholm Jr., J.","Albies, O.",2B,SB,0.2,10.1,11.5,21.6,,"Chisholm Jr., Jazz",665862
9/27/2023,"Alvarez, F.","Lucchesi, J.","Chisholm Jr., J.","Alonso, P.",2B,BK,0.2,--,--,--,,"Chisholm Jr., Jazz",665862
4/11/2023,"Wong, C.","Whitlock, G.","Lowe, J.","Hernández, E.",2B,SB,0.2,14.9,11.8,26.6,,"Lowe, Josh",666139
4/19/2023,"Maile, L.","Stoudt, L.","Lowe, J.","India, J.",2B,SB,0.2,11.7,9.5,21.2,,"Lowe, Josh",666139
4/21/2023,"Grandal, Y.","Kopech, M.","Lowe, J.",--,2B,SB,0.2,10.6,11.6,22.2,,"Lowe, Josh",666139
4/30/2023,"Grandal, Y.","López, R.","Lowe, J.",--,2B,SB,0.2,14.9,11,25.9,,"Lowe, Josh",666139
5/4/2023,"Delay, J.","Underwood Jr., D.","Lowe, J.","Bae, J.",2B,CS,-0.45,11.8,10.7,22.4,,"Lowe, Josh",666139
5/9/2023,"Rutschman, A.","Bautista, F.","Lowe, J.","Frazier, A.",2B,SB,0.19,13,13.2,26.2,,"Lowe, Josh",666139
5/14/2023,"Trevino, J.","Schmidt, C.","Lowe, J.","Volpe, A.",2B,CS,-0.45,8.5,11.3,19.8,,"Lowe, Josh",666139
5/17/2023,"Alvarez, F.","Brigham, J.","Lowe, J.","Lindor, F.",2B,SB,0.2,8.8,12.9,21.8,,"Lowe, Josh",666139
5/19/2023,"Contreras, W.","Strzelecki, P.","Lowe, J.","Adames, W.",2B,SB,0.2,11.8,11.6,23.4,,"Lowe, Josh",666139
5/21/2023,"Contreras, W.","Williams, D.","Lowe, J.",--,3B,SB,0.2,14.8,17.5,32.3,,"Lowe, Josh",666139
5/26/2023,"Smith, W.","Syndergaard, N.","Lowe, J.",--,2B,SB,0.19,--,--,--,,"Lowe, Josh",666139
5/28/2023,"Barnes, A.","Bickford, P.","Lowe, J.",--,2B,SB,0.19,13.6,10.8,24.4,,"Lowe, Josh",666139
5/28/2023,"Barnes, A.","Bickford, P.","Lowe, J.","Taylor, C.",3B,SB,0.2,14.3,13.3,27.6,,"Lowe, Josh",666139
5/30/2023,"Gomes, Y.","Hendricks, K.","Lowe, J.","Swanson, D.",2B,SB,0.2,11.9,12.1,24.1,,"Lowe, Josh",666139
6/4/2023,"Wong, C.","Houck, T.","Lowe, J.","Valdez, E.",2B,SB,0.2,12.6,11.7,24.3,,"Lowe, Josh",666139
6/14/2023,"Langeliers, S.","Moll, S.","Lowe, J.","Peterson, J.",2B,SB,0.2,11.6,11.6,23.1,,"Lowe, Josh",666139
6/16/2023,"Sánchez, G.","Honeywell, B.","Lowe, J.","Kim, H.",2B,SB,0.2,8.5,12.7,21.2,,"Lowe, Josh",666139
7/1/2023,"Raleigh, C.","Kirby, G.","Lowe, J.","Crawford, J.",2B,SB,0.2,8.9,11.9,20.8,,"Lowe, Josh",666139
7/20/2023,"Rutschman, A.","Gibson, K.","Lowe, J.","Mateo, J.",2B,SB,0.2,8.5,12.1,20.6,,"Lowe, Josh",666139
8/11/2023,"Naylor, B.","Curry, X.","Lowe, J.","Giménez, A.",2B,SB,0.2,11.2,10.5,21.7,,"Lowe, Josh",666139
8/12/2023,"Gallagher, C.","Morgan, E.","Lowe, J.","Giménez, A.",2B,SB,0.2,11,11.1,22.1,,"Lowe, Josh",666139
9/2/2023,"Naylor, B.","Hentges, S.","Lowe, J.","Giménez, A.",2B,SB,0.2,11.9,12.2,24.1,,"Lowe, Josh",666139
9/3/2023,"Gallagher, C.","Curry, X.","Lowe, J.","Calhoun, K.",2B,PK,-0.45,--,--,--,,"Lowe, Josh",666139
9/4/2023,"McGuire, R.","Bello, B.","Lowe, J.","Devers, R.",3B,SB,0.2,15.6,15.7,31.3,,"Lowe, Josh",666139
9/7/2023,"Raleigh, C.","Castillo, L.","Lowe, J.","Rojas, J.",2B,CS,-0.45,10.9,10.5,21.3,,"Lowe, Josh",666139
9/11/2023,"Jeffers, R.","Winder, J.","Lowe, J.",--,2B,SB,0.2,9.7,11.5,21.2,,"Lowe, Josh",666139
9/17/2023,"Rutschman, A.","Fujinami, S.","Lowe, J.",--,3B,SB,0.2,22.4,17.5,39.9,,"Lowe, Josh",666139
9/21/2023,"O'Hoppe, L.","Marte, J.","Lowe, J.","Fletcher, D.",2B,SB,0.2,12.7,10.9,23.6,,"Lowe, Josh",666139
9/22/2023,"Kirk, A.","Bassitt, C.","Lowe, J.","Espinal, S.",2B,SB,0.2,13.3,10.7,24,,"Lowe, Josh",666139
4/9/2023,"Stephenson, T.","Overton, C.","Stott, B.","India, J.",2B,SB,0.2,8.8,11.6,20.5,,"Stott, Bryson",681082
4/10/2023,"Stallings, J.","Alcantara, S.","Stott, B.","Arraez, L.",2B,SB,0.2,12.1,10.8,22.9,,"Stott, Bryson",681082
4/12/2023,"Stallings, J.","Cabrera, E.","Stott, B.","Arraez, L.",2B,SB,0.2,10.4,11.8,22.1,,"Stott, Bryson",681082
4/27/2023,"Murphy, T.","Kirby, G.","Stott, B.","Caballero, J.",2B,CS,-0.45,10.4,11.6,22,,"Stott, Bryson",681082
5/14/2023,"Díaz, E.","Freeland, K.","Stott, B.","Castro, H.",2B,SB,0.2,12.1,11.2,23.3,,"Stott, Bryson",681082
5/26/2023,"d'Arnaud, T.","Shuster, J.","Stott, B.","Albies, O.",2B,SB,0.2,10.3,11.6,21.9,,"Stott, Bryson",681082
5/26/2023,"d'Arnaud, T.","Luetge, L.","Stott, B.","Albies, O.",2B,SB,0.2,6.8,11.4,18.2,,"Stott, Bryson",681082
5/26/2023,"d'Arnaud, T.","McHugh, C.","Stott, B.","Albies, O.",2B,SB,0.2,8.3,11.5,19.8,,"Stott, Bryson",681082
6/4/2023,"Adams, R.","Machado, A.","Stott, B.","García Jr., L.",2B,SB,0.2,11.2,10.3,21.5,,"Stott, Bryson",681082
6/12/2023,"Kelly, C.","Castro, M.","Stott, B.",--,2B,SB,0.2,13.4,11.7,25.1,,"Stott, Bryson",681082
6/20/2023,"d'Arnaud, T.","Strider, S.","Stott, B.","Albies, O.",2B,SB,0.2,10.5,11.2,21.7,,"Stott, Bryson",681082
6/23/2023,"Alvarez, F.","Senga, K.","Stott, B.","McNeil, J.",2B,SB,0.2,10.8,11.9,22.7,,"Stott, Bryson",681082
6/24/2023,"Alvarez, F.","Scherzer, M.","Stott, B.","Guillorme, L.",2B,SB,0.2,8.5,12.5,21,,"Stott, Bryson",681082
6/30/2023,"Ruiz, K.","Gray, J.","Stott, B.","García Jr., L.",2B,SB,0.2,13.9,11.2,25.1,,"Stott, Bryson",681082
7/5/2023,"Mejía, F.","Patiño, L.","Stott, B.",--,2B,SB,0.2,12.1,11.8,23.9,,"Stott, Bryson",681082
7/9/2023,"Fortes, N.","Luzardo, J.","Stott, B.","Arraez, L.",2B,SB,0.2,15.7,10.7,26.4,,"Stott, Bryson",681082
7/23/2023,"Gallagher, C.","Kelly, M.","Stott, B.",--,2B,SB,0.2,11.2,10.6,21.8,,"Stott, Bryson",681082
7/23/2023,"Gallagher, C.","Kelly, M.","Stott, B.",--,3B,SB,0.2,18,19.3,37.3,,"Stott, Bryson",681082
8/2/2023,"Stallings, J.","Nardi, A.","Stott, B.",--,2B,SB,0.2,8.7,10.6,19.2,,"Stott, Bryson",681082
8/8/2023,"Adams, R.","Machado, A.","Stott, B.","Abrams, C.",2B,SB,0.2,12.5,11.6,24.1,,"Stott, Bryson",681082
8/10/2023,"Ruiz, K.","Corbin, P.","Stott, B.","Alu, J.",2B,SB,0.2,9.8,11.3,21.1,,"Stott, Bryson",681082
8/15/2023,"Kirk, A.","García, Y.","Stott, B.","Biggio, C.",2B,SB,0.2,8.6,11.2,19.8,,"Stott, Bryson",681082
8/23/2023,"Bailey, P.","Jackson, L.","Stott, B.","Estrada, T.",2B,SB,0.2,9,11.3,20.3,,"Stott, Bryson",681082
8/28/2023,"O'Hoppe, L.","Giolito, L.","Stott, B.","Drury, B.",2B,SB,0.2,9.6,11.6,21.1,,"Stott, Bryson",681082
9/6/2023,"Sánchez, G.","Martinez, N.","Stott, B.","Kim, H.",2B,SB,0.2,8.9,11.7,20.6,,"Stott, Bryson",681082
9/8/2023,"Stallings, J.","Pérez, E.","Stott, B.","Arraez, L.",2B,SB,0.2,11.1,11.7,22.8,,"Stott, Bryson",681082
9/16/2023,"Contreras, W.","Mikolas, M.","Stott, B.",--,2B,SB,0.2,8.7,11.7,20.3,,"Stott, Bryson",681082
9/22/2023,"Alvarez, F.","Smith, D.","Stott, B.","Mauricio, R.",2B,CS,-0.45,9.5,10.2,19.7,,"Stott, Bryson",681082
9/26/2023,"Rodríguez, E.","Moreta, D.","Stott, B.",--,2B,SB,0.2,10.2,12.6,22.9,,"Stott, Bryson",681082
4/25/2023,"Realmuto, J.","Falter, B.","Caballero, J.","Turner, T.",2B,SB,0.2,10.6,12.7,23.3,,"Caballero, José",676609
5/8/2023,"León, S.","Gray, J.","Caballero, J.","Semien, M.",2B,SB,0.2,9.3,11.8,21.1,,"Caballero, José",676609
5/21/2023,"d'Arnaud, T.","Shuster, J.","Caballero, J.","Riley, A.",3B,SB,0.2,19.3,15.4,34.7,,"Caballero, José",676609
5/21/2023,"d'Arnaud, T.","Shuster, J.","Caballero, J.","Arcia, O.",2B,SB,0.2,8.5,14.3,22.8,,"Caballero, José",676609
5/21/2023,"d'Arnaud, T.","Shuster, J.","Caballero, J.","Arcia, O.",2B,SB,0.2,8.2,15.4,23.6,,"Caballero, José",676609
6/2/2023,"León, S.","Gray, J.","Caballero, J.","Lowe, N.",2B,PK,-0.45,--,--,--,,"Caballero, José",676609
6/6/2023,"Sánchez, G.","Tapia, D.","Caballero, J.","Kim, H.",2B,CS,-0.45,10.6,11.6,22.2,,"Caballero, José",676609
6/9/2023,"Wallach, C.","Estévez, C.","Caballero, J.","Neto, Z.",2B,SB,0.2,8.8,12.5,21.4,,"Caballero, José",676609
6/13/2023,"Stallings, J.","Cabrera, E.","Caballero, J.","Berti, J.",2B,SB,0.2,11.4,12.8,24.2,,"Caballero, José",676609
6/13/2023,"Stallings, J.","Cabrera, E.","Caballero, J.","Arraez, L.",2B,SB,0.2,11.7,12.7,24.4,,"Caballero, José",676609
6/16/2023,"Zavala, S.","Kopech, M.","Caballero, J.","Anderson, T.",2B,SB,0.2,10.4,13.4,23.8,,"Caballero, José",676609
6/23/2023,"Rutschman, A.","Gibson, K.","Caballero, J.","Mateo, J.",2B,SB,0.2,12.2,13.2,25.4,,"Caballero, José",676609
7/3/2023,"Sabol, B.","Doval, C.","Caballero, J.","Crawford, B.",2B,SB,0.19,11.3,13.5,24.8,,"Caballero, José",676609
7/3/2023,"Sabol, B.","Doval, C.","Caballero, J.",--,3B,SB,0.2,--,--,--,,"Caballero, José",676609
7/8/2023,"Maldonado, M.","Valdez, F.","Caballero, J.","Bregman, A.",3B,SB,0.2,15.7,17.7,33.4,,"Caballero, José",676609
7/8/2023,"Maldonado, M.","Valdez, F.","Caballero, J.","Peña, J.",2B,SB,0.2,11.7,13.7,25.3,,"Caballero, José",676609
7/28/2023,"Herrera, J.","Adams, A.","Caballero, J.","Perdomo, G.",2B,SB,0.2,13.9,12.1,26,,"Caballero, José",676609
7/29/2023,"Kelly, C.","Nelson, K.","Caballero, J.","Perdomo, G.",2B,SB,0.2,10.9,13.2,24.1,,"Caballero, José",676609
8/4/2023,"Thaiss, M.","Detmers, R.","Caballero, J.","Rengifo, L.",2B,SB,0.2,12.5,13.4,25.9,,"Caballero, José",676609
8/9/2023,"Campusano, L.","Darvish, Y.","Caballero, J.","Kim, H.",2B,SB,0.2,11.2,12.3,23.5,,"Caballero, José",676609
8/15/2023,"Fermin, F.","Coleman, D.","Caballero, J.",--,3B,SB,0.2,--,--,--,,"Caballero, José",676609
8/16/2023,"Perez, S.","Marsh, A.","Caballero, J.",--,3B,SB,0.2,17.4,19.1,36.5,,"Caballero, José",676609
8/22/2023,"Grandal, Y.","Lambert, J.","Caballero, J.","Andrus, E.",2B,CS,-0.45,8.4,11.9,20.3,,"Caballero, José",676609
8/23/2023,"Pérez, C.","Bummer, A.","Caballero, J.",--,2B,SB,0.2,18.1,11.6,29.7,,"Caballero, José",676609
8/23/2023,"Pérez, C.","Bummer, A.","Caballero, J.","Andrus, E.",3B,SB,0.2,16.9,16.8,33.7,,"Caballero, José",676609
9/1/2023,"Alvarez, F.","Smith, D.","Caballero, J.","Alonso, P.",2B,PK,-0.45,--,--,--,,"Caballero, José",676609
9/18/2023,"Langeliers, S.","Sears, J.","Caballero, J.","Gelof, Z.",2B,SB,0.2,13.6,9.8,23.4,,"Caballero, José",676609
4/7/2023,"Fortes, N.","Barnes, M.","Lindor, F.","Arraez, L.",2B,SB,0.19,14.8,10.9,25.7,,"Lindor, Francisco",596019
5/10/2023,"Stephenson, T.","Gibaut, I.","Lindor, F.","India, J.",2B,CS,-0.45,11.7,11,22.7,,"Lindor, Francisco",596019
6/8/2023,"d'Arnaud, T.","Strider, S.","Lindor, F.",--,3B,SB,0.2,19.4,16.4,35.8,,"Lindor, Francisco",596019
6/11/2023,"Hedges, A.","Keller, M.","Lindor, F.",--,3B,SB,0.2,--,--,--,,"Lindor, Francisco",596019
6/18/2023,"Knizner, A.","Stratton, C.","Lindor, F.","Gorman, N.",2B,SB,0.2,11.8,12,23.8,,"Lindor, Francisco",596019
6/21/2023,"Maldonado, M.","Abreu, B.","Lindor, F.",--,2B,SB,0.2,13.6,11.8,25.4,,"Lindor, Francisco",596019
6/23/2023,"Realmuto, J.","Kimbrel, C.","Lindor, F.","Stott, B.",3B,BK,0.2,7.2,1.3,8.4,,"Lindor, Francisco",596019
6/23/2023,"Realmuto, J.","Kimbrel, C.","Lindor, F.",--,2B,SB,0.2,14.2,11.3,25.5,,"Lindor, Francisco",596019
7/4/2023,"Kelly, C.","Davies, Z.","Lindor, F.","Perdomo, G.",2B,SB,0.2,9.2,11.5,20.6,,"Lindor, Francisco",596019
7/4/2023,"Kelly, C.","Adams, A.","Lindor, F.",--,3B,SB,0.2,12.1,17.9,30,,"Lindor, Francisco",596019
7/7/2023,"Sánchez, G.","Martinez, N.","Lindor, F.","Odor, R.",2B,SB,0.2,9.3,10.2,19.5,,"Lindor, Francisco",596019
7/7/2023,"Sánchez, G.","Darvish, Y.","Lindor, F.","Kim, H.",2B,SB,0.2,13.1,11.1,24.1,,"Lindor, Francisco",596019
7/20/2023,"Grandal, Y.","Bummer, A.","Lindor, F.","Anderson, T.",2B,SB,0.19,13.9,11.3,25.3,,"Lindor, Francisco",596019
7/25/2023,"Higashioka, K.","Germán, D.","Lindor, F.",--,3B,SB,0.2,18.3,19.9,38.2,,"Lindor, Francisco",596019
8/1/2023,"Fermin, F.","Greinke, Z.","Lindor, F.","Perez, S.",2B,PK,-0.44,--,--,--,,"Lindor, Francisco",596019
8/12/2023,"d'Arnaud, T.","Strider, S.","Lindor, F.","Albies, O.",2B,SB,0.2,10.1,10.8,21,,"Lindor, Francisco",596019
8/14/2023,"Rodríguez, E.","Priester, Q.","Lindor, F.",--,3B,SB,0.2,16.5,15.5,32,,"Lindor, Francisco",596019
8/22/2023,"d'Arnaud, T.","Elder, B.","Lindor, F.","Arcia, O.",2B,SB,0.2,9.1,10.4,19.6,,"Lindor, Francisco",596019
8/26/2023,"O'Hoppe, L.","Silseth, C.","Lindor, F.",--,3B,SB,0.2,10.2,13.9,24.1,,"Lindor, Francisco",596019
8/30/2023,"Heim, J.","Smith, W.","Lindor, F.","Seager, C.",2B,SB,0.2,14.3,11,25.3,,"Lindor, Francisco",596019
9/1/2023,"Raleigh, C.","Muñoz, A.","Lindor, F.","Rojas, J.",2B,SB,0.2,10.6,11.8,22.5,,"Lindor, Francisco",596019
9/6/2023,"Ruiz, K.","Adon, J.","Lindor, F.","Alu, J.",2B,SB,0.2,12.5,11.9,24.4,,"Lindor, Francisco",596019
9/18/2023,"Stallings, J.","Puk, A.","Lindor, F.","Wendle, J.",2B,SB,0.2,12.6,11.2,23.8,,"Lindor, Francisco",596019
9/19/2023,"Fortes, N.","Garrett, B.","Lindor, F.",--,3B,SB,0.2,--,--,--,,"Lindor, Francisco",596019
9/21/2023,"Realmuto, J.","Kimbrel, C.","Lindor, F.",--,2B,SB,0.2,23.4,15.1,38.5,,"Lindor, Francisco",596019
9/21/2023,"Realmuto, J.","Suarez, R.","Lindor, F.","Turner, T.",2B,SB,0.2,9.7,11.4,21.1,,"Lindor, Francisco",596019
9/28/2023,"Fortes, N.","Luzardo, J.","Lindor, F.","Edwards, X.",2B,SB,0.2,10.6,8.2,18.8,,"Lindor, Francisco",596019
9/30/2023,"Realmuto, J.","Ortiz, L.","Lindor, F.","Sosa, E.",2B,CS,-0.45,11.6,11.4,23,,"Lindor, Francisco",596019
4/17/2023,"O'Hoppe, L.","Moore, M.","Duran, J.","Neto, Z.",2B,SB,0.2,9.8,10.9,20.7,,"Duran, Jarren",680776
5/4/2023,"Jansen, D.","Swanson, E.","Duran, J.","Bichette, B.",2B,SB,0.2,12.2,13.4,25.6,,"Duran, Jarren",680776
5/9/2023,"Murphy, S.","Morton, C.","Duran, J.","Arcia, O.",2B,SB,0.2,12.3,12.2,24.5,,"Duran, Jarren",680776
5/10/2023,"d'Arnaud, T.","Minter, A.","Duran, J.",--,2B,SB,0.19,20.9,11.6,32.5,,"Duran, Jarren",680776
6/7/2023,"Zunino, M.","Clase, E.","Duran, J.",--,2B,SB,0.2,13.4,13.4,26.8,,"Duran, Jarren",680776
6/13/2023,"Díaz, E.","Lawrence, J.","Duran, J.","Castro, H.",2B,SB,0.2,9.9,12.5,22.4,,"Duran, Jarren",680776
6/13/2023,"Díaz, E.","Lawrence, J.","Duran, J.","McMahon, R.",3B,SB,0.2,11.8,15.4,27.2,,"Duran, Jarren",680776
6/18/2023,"Higashioka, K.","Severino, L.","Duran, J.","Volpe, A.",2B,SB,0.2,12.9,11.8,24.7,,"Duran, Jarren",680776
6/18/2023,"Trevino, J.","Schmidt, C.","Duran, J.","Rizzo, A.",2B,BK,0.2,-0.1,12.1,12.1,,"Duran, Jarren",680776
6/18/2023,"Higashioka, K.","Severino, L.","Duran, J.","Rizzo, A.",2B,PK,-0.45,--,--,--,,"Duran, Jarren",680776
6/24/2023,"Grandal, Y.","Lynn, L.","Duran, J.",--,2B,SB,0.2,8.9,13.7,22.5,,"Duran, Jarren",680776
6/24/2023,"Grandal, Y.","Santos, G.","Duran, J.","Anderson, T.",2B,SB,0.2,8,12.9,20.9,,"Duran, Jarren",680776
6/24/2023,"Grandal, Y.","Graveman, K.","Duran, J.","Anderson, T.",2B,SB,0.2,14.8,12,26.7,,"Duran, Jarren",680776
6/28/2023,"Fortes, N.","Brazobán, H.","Duran, J.","Arraez, L.",2B,SB,0.2,10.4,11.6,22,,"Duran, Jarren",680776
7/5/2023,"Heim, J.","Gray, J.","Duran, J.","Seager, C.",2B,SB,0.2,10.3,11.5,21.8,,"Duran, Jarren",680776
7/8/2023,"Langeliers, S.","Pruitt, A.","Duran, J.","Allen, N.",2B,SB,0.2,11.4,11.2,22.6,,"Duran, Jarren",680776
7/21/2023,"Alvarez, F.","Senga, K.","Duran, J.","Guillorme, L.",2B,SB,0.2,8.2,11.1,19.3,,"Duran, Jarren",680776
7/22/2023,"Alvarez, F.","Gott, T.","Duran, J.","Lindor, F.",2B,SB,0.2,12.1,11.7,23.8,,"Duran, Jarren",680776
7/23/2023,"Narváez, O.","Peterson, D.","Duran, J.","Alonso, P.",2B,PK,-0.45,--,--,--,,"Duran, Jarren",680776
7/25/2023,"Murphy, S.","Morton, C.","Duran, J.","Albies, O.",2B,SB,0.2,14.7,11,25.7,,"Duran, Jarren",680776
7/25/2023,"Murphy, S.","Morton, C.","Duran, J.","Albies, O.",2B,SB,0.2,14.1,10.3,24.4,,"Duran, Jarren",680776
7/28/2023,"Bailey, P.","Webb, L.","Duran, J.","Luciano, M.",2B,CS,-0.45,9.5,13.1,22.6,,"Duran, Jarren",680776
7/31/2023,"Murphy, T.","Kirby, G.","Duran, J.","Caballero, J.",2B,SB,0.2,11.3,12.2,23.5,,"Duran, Jarren",680776
8/20/2023,"Higashioka, K.","Schmidt, C.","Duran, J.","Torres, G.",2B,SB,0.2,7.7,12.4,20.1,,"Duran, Jarren",680776
4/4/2023,"Higashioka, K.","Abreu, A.","Turner, T.","Volpe, A.",2B,SB,0.2,7.3,12.4,19.7,,"Turner, Trea",607208
4/5/2023,"Trevino, J.","Cole, G.","Turner, T.","Rizzo, A.",2B,PK,-0.45,--,--,--,,"Turner, Trea",607208
4/10/2023,"Stallings, J.","Alcantara, S.","Turner, T.",--,2B,SB,0.2,10.6,11.7,22.3,,"Turner, Trea",607208
4/19/2023,"Grandal, Y.","Clevinger, M.","Turner, T.","Andrus, E.",2B,SB,0.2,11.7,11.5,23.2,,"Turner, Trea",607208
5/13/2023,"Díaz, E.","Feltner, R.","Turner, T.","Tovar, E.",2B,SB,0.2,11.9,12.4,24.3,,"Turner, Trea",607208
6/1/2023,"Alvarez, F.","Scherzer, M.","Turner, T.","Baty, B.",3B,SB,0.2,15.8,16.3,32.1,,"Turner, Trea",607208
6/11/2023,"Smith, W.","Scott, T.","Turner, T.","Muncy, M.",3B,SB,0.2,19.6,15.1,34.7,,"Turner, Trea",607208
6/13/2023,"Kelly, C.","Davies, Z.","Turner, T.","Rojas, J.",2B,SB,0.2,10.2,12.5,22.7,,"Turner, Trea",607208
6/13/2023,"Kelly, C.","Davies, Z.","Turner, T.","Rojas, J.",2B,SB,0.2,9.8,12.6,22.4,,"Turner, Trea",607208
6/22/2023,"d'Arnaud, T.","Elder, B.","Turner, T.",--,2B,SB,0.2,8,13.1,21.1,,"Turner, Trea",607208
6/25/2023,"Narváez, O.","Leone, D.","Turner, T.","Baty, B.",3B,SB,0.2,16.6,14.7,31.2,,"Turner, Trea",607208
6/25/2023,"Narváez, O.","Leone, D.","Turner, T.",--,2B,SB,0.2,22.9,15.6,38.6,,"Turner, Trea",607208
6/29/2023,"Amaya, M.","Hendricks, K.","Turner, T.","Madrigal, N.",3B,SB,0.2,15.7,16.3,32,,"Turner, Trea",607208
6/30/2023,"Ruiz, K.","Gray, J.","Turner, T.","Candelario, J.",3B,SB,0.2,17.1,15.2,32.3,,"Turner, Trea",607208
7/6/2023,"Bethancourt, C.","Kelly, K.","Turner, T.",--,2B,SB,0.2,17.2,11.8,29,,"Turner, Trea",607208
7/7/2023,"Stallings, J.","Alcantara, S.","Turner, T.","Cooper, G.",2B,PK,-0.45,--,--,--,,"Turner, Trea",607208
7/15/2023,"Sánchez, G.","Snell, B.","Turner, T.",--,3B,SB,0.2,15.6,18.1,33.6,,"Turner, Trea",607208
7/15/2023,"Sánchez, G.","Snell, B.","Turner, T.","Kim, H.",2B,SB,0.2,14.6,12.8,27.4,,"Turner, Trea",607208
8/8/2023,"Adams, R.","Ferrer, J.","Turner, T.","Downs, J.",2B,SB,0.2,10.4,12.2,22.6,,"Turner, Trea",607208
8/25/2023,"Knizner, A.","Mikolas, M.","Turner, T.","Winn, M.",2B,SB,0.2,11.5,12.3,23.8,,"Turner, Trea",607208
9/2/2023,"Contreras, W.","Rea, C.","Turner, T.",--,2B,SB,0.2,10.7,12.4,23.2,,"Turner, Trea",607208
9/2/2023,"Contreras, W.","Rea, C.","Turner, T.","Monasterio, A.",3B,SB,0.2,13.7,15.9,29.6,,"Turner, Trea",607208
9/8/2023,"Stallings, J.","Pérez, E.","Turner, T.",--,2B,SB,0.2,14.4,12.9,27.3,,"Turner, Trea",607208
9/12/2023,"d'Arnaud, T.","Tonkin, M.","Turner, T.","Albies, O.",2B,SB,0.2,13.2,12.7,26,,"Turner, Trea",607208
9/22/2023,"Narváez, O.","Bickford, P.","Turner, T.",--,2B,SB,0.19,13.7,12,25.7,,"Turner, Trea",607208
9/28/2023,"Delay, J.","Mlodzinski, C.","Turner, T.","Triolo, J.",3B,SB,0.2,14,21.6,35.6,,"Turner, Trea",607208
3/31/2023,"Raleigh, C.","Ray, R.","Giménez, A.","Suárez, E.",3B,SB,0.2,15.9,13.2,29.1,,"Giménez, Andrés",665926
4/7/2023,"Raleigh, C.","Gilbert, L.","Giménez, A.",--,2B,SB,0.2,23.2,13.6,36.8,,"Giménez, Andrés",665926
4/10/2023,"Trevino, J.","Germán, D.","Giménez, A.","Volpe, A.",2B,SB,0.2,10.1,11.8,21.9,,"Giménez, Andrés",665926
4/14/2023,"Ruiz, K.","Williams, T.","Giménez, A.","Abrams, C.",2B,SB,0.2,9.3,12.1,21.5,,"Giménez, Andrés",665926
4/15/2023,"Ruiz, K.","Kuhl, C.","Giménez, A.",--,2B,SB,0.19,9.4,12.6,22,,"Giménez, Andrés",665926
4/19/2023,"Haase, E.","Lange, A.","Giménez, A.","Báez, J.",2B,SB,0.2,10.5,11,21.5,,"Giménez, Andrés",665926
5/31/2023,"Rutschman, A.","Baker, B.","Giménez, A.","Frazier, A.",2B,CS,-0.45,10.3,12.7,23,,"Giménez, Andrés",665926
6/7/2023,"Wong, C.","Crawford, K.","Giménez, A.","Hernández, E.",2B,CS,-0.45,9.7,12.3,21.9,,"Giménez, Andrés",665926
6/22/2023,"Pérez, C.","Sears, J.","Giménez, A.","Peterson, J.",2B,SB,0.2,8.2,14.5,22.7,,"Giménez, Andrés",665926
7/1/2023,"Barnhart, T.","Stroman, M.","Giménez, A.","Swanson, D.",2B,SB,0.2,10.4,12.9,23.3,,"Giménez, Andrés",665926
7/2/2023,"Gomes, Y.","Taillon, J.","Giménez, A.",--,2B,SB,0.2,16.6,11.9,28.5,,"Giménez, Andrés",665926
7/4/2023,"d'Arnaud, T.","Jiménez, J.","Giménez, A.","Albies, O.",2B,SB,0.2,12.2,12.9,25.1,,"Giménez, Andrés",665926
7/6/2023,"Perez, S.","Garrett, A.","Giménez, A.","Garcia, M.",3B,SB,0.2,19.4,15.6,35,,"Giménez, Andrés",665926
7/6/2023,"Perez, S.","Garrett, A.","Giménez, A.",--,2B,SB,0.2,10.9,11.7,22.6,,"Giménez, Andrés",665926
7/6/2023,"Perez, S.","Barlow, S.","Giménez, A.","Witt Jr., B.",2B,SB,0.2,12.3,11.9,24.2,,"Giménez, Andrés",665926
7/8/2023,"Fermin, F.","Snider, C.","Giménez, A.",--,2B,SB,0.2,28.4,12.8,41.2,,"Giménez, Andrés",665926
7/26/2023,"Fermin, F.","Marsh, A.","Giménez, A.",--,2B,SB,0.2,20.9,13.3,34.2,,"Giménez, Andrés",665926
7/27/2023,"Zavala, S.","Bummer, A.","Giménez, A.","Burger, J.",2B,SB,0.19,13.2,11.6,24.8,,"Giménez, Andrés",665926
8/5/2023,"Grandal, Y.","Kopech, M.","Giménez, A.","Anderson, T.",2B,SB,0.2,10.7,12,22.7,,"Giménez, Andrés",665926
8/10/2023,"Jansen, D.","Manoah, A.","Giménez, A.",--,2B,SB,0.2,19.5,17.5,37,,"Giménez, Andrés",665926
8/13/2023,"Bethancourt, C.","Eflin, Z.","Giménez, A.","Lowe, B.",2B,SB,0.2,10.4,11.7,22.1,,"Giménez, Andrés",665926
8/22/2023,"Smith, W.","Miller, B.","Giménez, A.","Betts, M.",2B,SB,0.2,10.5,11.8,22.3,,"Giménez, Andrés",665926
8/29/2023,"Vázquez, C.","Pagán, E.","Giménez, A.","Correa, C.",2B,SB,0.2,14.9,11.5,26.4,,"Giménez, Andrés",665926
9/1/2023,"Pinto, R.","Glasnow, T.","Giménez, A.","Basabe, O.",2B,SB,0.19,10.8,12,22.8,,"Giménez, Andrés",665926
9/2/2023,"Bethancourt, C.","Diekman, J.","Giménez, A.","Paredes, I.",3B,CS,-0.45,12.5,13.8,26.3,,"Giménez, Andrés",665926
9/2/2023,"Bethancourt, C.","Diekman, J.","Giménez, A.","Walls, T.",2B,SB,0.2,14.1,12,26.1,,"Giménez, Andrés",665926
9/6/2023,"Jeffers, R.","Ryan, J.","Giménez, A.","Polanco, J.",2B,SB,0.2,11.9,12.4,24.4,,"Giménez, Andrés",665926
9/18/2023,"Porter, L.","Singer, B.","Giménez, A.","Witt Jr., B.",2B,CS,-0.45,8.7,11,19.7,,"Giménez, Andrés",665926
9/18/2023,"Porter, L.","Kowar, J.","Giménez, A.","Massey, M.",2B,SB,0.2,9.4,11.7,21,,"Giménez, Andrés",665926
9/24/2023,"Rutschman, A.","Gibson, K.","Giménez, A.","Westburg, J.",2B,CS,-0.45,9.2,12.2,21.4,,"Giménez, Andrés",665926
4/16/2023,"Kirk, A.","Manoah, A.","Walls, T.","Bichette, B.",2B,SB,0.2,8.2,13.1,21.3,,"Walls, Taylor",670764
4/29/2023,"Grandal, Y.","Bummer, A.","Walls, T.",--,3B,SB,0.2,19.1,16.8,35.9,,"Walls, Taylor",670764
4/30/2023,"Grandal, Y.","Santos, G.","Walls, T.","Andrus, E.",2B,SB,0.2,10.1,11,21.1,,"Walls, Taylor",670764
4/30/2023,"Grandal, Y.","López, R.","Walls, T.","Andrus, E.",2B,SB,0.2,10.8,10.7,21.5,,"Walls, Taylor",670764
5/6/2023,"Higashioka, K.","Germán, D.","Walls, T.","Volpe, A.",2B,SB,0.2,9.7,11.8,21.5,,"Walls, Taylor",670764
5/17/2023,"Alvarez, F.","Ottavino, A.","Walls, T.",--,3B,SB,0.2,23.8,16.1,39.9,,"Walls, Taylor",670764
5/17/2023,"Alvarez, F.","Robertson, D.","Walls, T.","Vientos, M.",3B,SB,0.2,16,15.5,31.5,,"Walls, Taylor",670764
5/25/2023,"Kirk, A.","Manoah, A.","Walls, T.","Bichette, B.",2B,SB,0.2,19,11.7,30.7,,"Walls, Taylor",670764
5/25/2023,"Kirk, A.","Manoah, A.","Walls, T.","Chapman, M.",3B,SB,0.2,15.5,13.9,29.3,,"Walls, Taylor",670764
5/26/2023,"Smith, W.","Syndergaard, N.","Walls, T.","Muncy, M.",3B,SB,0.2,17.5,15.9,33.4,,"Walls, Taylor",670764
5/26/2023,"Smith, W.","Syndergaard, N.","Walls, T.","Vargas, M.",2B,SB,0.19,10.1,11.8,21.9,,"Walls, Taylor",670764
5/27/2023,"Smith, W.","Kershaw, C.","Walls, T.","Muncy, M.",3B,SB,0.2,11.9,15.1,27,,"Walls, Taylor",670764
5/31/2023,"Barnhart, T.","Leiter Jr., M.","Walls, T.","Swanson, D.",2B,SB,0.2,12.7,11.5,24.2,,"Walls, Taylor",670764
6/14/2023,"Langeliers, S.","Medina, L.","Walls, T.","Peterson, J.",2B,SB,0.2,12.1,11.5,23.6,,"Walls, Taylor",670764
6/16/2023,"Sánchez, G.","Crismatt, N.","Walls, T.","Kim, H.",2B,CS,-0.45,11.3,12.5,23.8,,"Walls, Taylor",670764
6/21/2023,"Rutschman, A.","Wells, T.","Walls, T.","Urías, R.",2B,PK,-0.45,--,--,--,,"Walls, Taylor",670764
6/30/2023,"Raleigh, C.","Speier, G.","Walls, T.",--,3B,SB,0.2,14.5,16.7,31.3,,"Walls, Taylor",670764
7/5/2023,"Realmuto, J.","Walker, T.","Walls, T.",--,2B,SB,0.2,12.3,10.8,23.2,,"Walls, Taylor",670764
7/6/2023,"Stubbs, G.","Alvarado, J.","Walls, T.","Stott, B.",2B,SB,0.2,13.2,10.5,23.7,,"Walls, Taylor",670764
7/6/2023,"Stubbs, G.","Alvarado, J.","Walls, T.",--,3B,SB,0.2,15.3,20.8,36.1,,"Walls, Taylor",670764
7/19/2023,"Heim, J.","Gray, J.","Walls, T.","Seager, C.",3B,PK,-0.45,--,--,--,,"Walls, Taylor",670764
9/3/2023,"Gallagher, C.","Curry, X.","Walls, T.","Arias, G.",2B,SB,0.2,9.8,10.7,20.5,,"Walls, Taylor",670764
9/7/2023,"Raleigh, C.","Muñoz, A.","Walls, T.",--,2B,SB,0.2,6.9,10.6,17.6,,"Walls, Taylor",670764
4/5/2023,"Fortes, N.","Luzardo, J.","Castro, W.","Hampson, G.",2B,CS,-0.45,11.1,11.7,22.8,,"Castro, Willi",650489
5/3/2023,"Grandal, Y.","Santos, G.","Castro, W.","Andrus, E.",2B,CS,-0.45,9.6,12.3,22,,"Castro, Willi",650489
5/6/2023,"Zunino, M.","Karinchak, J.","Castro, W.","Rosario, A.",2B,SB,0.19,11.3,12.7,24,,"Castro, Willi",650489
5/16/2023,"Barnes, A.","Kershaw, C.","Castro, W.",--,2B,SB,0.2,10,9.2,19.3,,"Castro, Willi",650489
5/16/2023,"Barnes, A.","Bruihl, J.","Castro, W.","Rojas, M.",2B,SB,0.2,11.4,10.2,21.6,,"Castro, Willi",650489
5/24/2023,"Sabol, B.","Rogers, T.","Castro, W.","Flores, W.",3B,SB,0.2,18.2,10.2,28.4,,"Castro, Willi",650489
5/29/2023,"Maldonado, M.","Neris, H.","Castro, W.","Peña, J.",2B,SB,0.2,11.5,11.6,23.1,,"Castro, Willi",650489
5/31/2023,"Maldonado, M.","Martinez, S.","Castro, W.","Dubón, M.",2B,SB,0.2,13.9,12.3,26.2,,"Castro, Willi",650489
6/11/2023,"Kirk, A.","Romano, J.","Castro, W.","Merrifield, W.",2B,SB,0.2,9.5,12.7,22.2,,"Castro, Willi",650489
6/13/2023,"Caratini, V.","Williams, D.","Castro, W.","Urías, L.",2B,SB,0.2,10.2,13,23.2,,"Castro, Willi",650489
6/25/2023,"Rogers, J.","White, B.","Castro, W.","Báez, J.",2B,SB,0.2,10.5,12.7,23.3,,"Castro, Willi",650489
6/28/2023,"d'Arnaud, T.","Allard, K.","Castro, W.","Albies, O.",2B,SB,0.2,11.4,13,24.4,,"Castro, Willi",650489
7/3/2023,"Fermin, F.","Cuas, J.","Castro, W.",--,2B,SB,0.2,9.4,13.8,23.2,,"Castro, Willi",650489
7/3/2023,"Fermin, F.","Cox, A.","Castro, W.","Lopez, N.",2B,SB,0.2,7.7,13.8,21.5,,"Castro, Willi",650489
7/5/2023,"Perez, S.","Marsh, A.","Castro, W.","Garcia, M.",2B,SB,0.2,9.8,12.9,22.8,,"Castro, Willi",650489
7/5/2023,"Perez, S.","Marsh, A.","Castro, W.","Pratto, N.",2B,PK,-0.45,--,--,--,,"Castro, Willi",650489
7/7/2023,"McCann, J.","Baumann, M.","Castro, W.",--,2B,SB,0.2,9.3,11.3,20.5,,"Castro, Willi",650489
7/7/2023,"McCann, J.","Bautista, F.","Castro, W.","Mateo, J.",2B,CS,-0.46,10.2,12.4,22.6,,"Castro, Willi",650489
7/23/2023,"Pérez, C.","Banks, T.","Castro, W.",--,3B,SB,0.2,14.9,13.9,28.8,,"Castro, Willi",650489
7/25/2023,"Raleigh, C.","Campbell, I.","Castro, W.","Crawford, J.",2B,SB,0.2,7.9,12.7,20.7,,"Castro, Willi",650489
7/25/2023,"Raleigh, C.","Campbell, I.","Castro, W.","Suárez, E.",3B,SB,0.2,13.8,13.2,27,,"Castro, Willi",650489
8/3/2023,"Knizner, A.","Liberatore, M.","Castro, W.","Motter, T.",3B,SB,0.2,16,13.2,29.2,,"Castro, Willi",650489
8/4/2023,"Herrera, J.","Kelly, M.","Castro, W.",--,2B,SB,0.2,11.2,11.8,23,,"Castro, Willi",650489
8/9/2023,"Haase, E.","White, B.","Castro, W.","Vierling, M.",3B,SB,0.2,15.7,11,26.7,,"Castro, Willi",650489
9/6/2023,"Gallagher, C.","Williams, G.","Castro, W.","Giménez, A.",2B,SB,0.2,8.8,11,19.8,,"Castro, Willi",650489
9/9/2023,"Alvarez, F.","Smith, D.","Castro, W.","Lindor, F.",2B,CS,-0.45,9.3,11.7,21.1,,"Castro, Willi",650489
9/20/2023,"Maile, L.","Díaz, A.","Castro, W.","India, J.",2B,SB,0.2,8.4,11.5,19.9,,"Castro, Willi",650489
9/27/2023,"Soderstrom, T.","Estes, J.","Castro, W.","Gelof, Z.",2B,SB,0.2,10.5,11.4,21.9,,"Castro, Willi",650489
4/3/2023,"Narváez, O.","Carrasco, C.","Turang, B.","McNeil, J.",2B,SB,0.2,13.5,11.7,25.2,,"Turang, Brice",668930
4/10/2023,"Moreno, G.","Gallen, Z.","Turang, B.","Marte, K.",2B,CS,-0.45,8.8,12.2,21.1,,"Turang, Brice",668930
4/16/2023,"Nola, A.","Darvish, Y.","Turang, B.","Kim, H.",2B,SB,0.2,9.1,11.4,20.5,,"Turang, Brice",668930
5/2/2023,"Díaz, E.","Feltner, R.","Turang, B.","Castro, H.",2B,SB,0.2,12.3,12.1,24.4,,"Turang, Brice",668930
5/7/2023,"Sabol, B.","Junis, J.","Turang, B.",--,2B,SB,0.2,9,11.8,20.8,,"Turang, Brice",668930
5/16/2023,"Knizner, A.","Hicks, J.","Turang, B.","Gorman, N.",2B,CS,-0.45,7.9,13.2,21,,"Turang, Brice",668930
5/16/2023,"Barrera, T.","VerHagen, D.","Turang, B.","Gorman, N.",2B,SB,0.2,10.6,12.4,23,,"Turang, Brice",668930
5/19/2023,"Mejía, F.","Fairbanks, P.","Turang, B.","Franco, W.",2B,SB,0.2,13.3,11.6,24.9,,"Turang, Brice",668930
5/20/2023,"Bethancourt, C.","Eflin, Z.","Turang, B.","Walls, T.",2B,CS,-0.45,9.8,12.4,22.2,,"Turang, Brice",668930
6/2/2023,"Maile, L.","Farmer, B.","Turang, B.","India, J.",2B,SB,0.2,9.7,11.8,21.5,,"Turang, Brice",668930
6/6/2023,"Rutschman, A.","Cano, Y.","Turang, B.","Frazier, A.",2B,SB,0.2,10.1,11.5,21.6,,"Turang, Brice",668930
7/4/2023,"Amaya, M.","Hendricks, K.","Turang, B.","Hoerner, N.",2B,CS,-0.45,12.8,11.9,24.7,,"Turang, Brice",668930
7/18/2023,"Realmuto, J.","Nola, A.","Turang, B.","Stott, B.",2B,SB,0.2,12.9,11.9,24.8,,"Turang, Brice",668930
8/6/2023,"Rodríguez, E.","Oviedo, J.","Turang, B.",--,2B,SB,0.2,12.4,12.8,25.2,,"Turang, Brice",668930
8/7/2023,"Díaz, E.","Lambert, P.","Turang, B.","Rodgers, B.",2B,SB,0.2,9.5,12.5,22,,"Turang, Brice",668930
8/18/2023,"Heim, J.","Stratton, C.","Turang, B.","Semien, M.",2B,SB,0.2,11.5,11.3,22.7,,"Turang, Brice",668930
9/2/2023,"Realmuto, J.","Nola, A.","Turang, B.","Stott, B.",2B,SB,0.2,13.9,10.8,24.7,,"Turang, Brice",668930
9/8/2023,"Wells, A.","Brito, J.","Turang, B.","Torres, G.",2B,SB,0.2,10.9,11.3,22.2,,"Turang, Brice",668930
9/9/2023,"Wells, A.","Krook, M.","Turang, B.",--,3B,SB,0.2,20.5,13,33.5,,"Turang, Brice",668930
9/9/2023,"Wells, A.","King, M.","Turang, B.","LeMahieu, D.",2B,FB,0.2,--,--,--,,"Turang, Brice",668930
9/14/2023,"Stallings, J.","Okert, S.","Turang, B.",--,2B,SB,0.2,12.2,9.9,22.1,,"Turang, Brice",668930
9/17/2023,"Millas, D.","Finnegan, K.","Turang, B.","García Jr., L.",2B,SB,0.2,11.2,10.4,21.6,,"Turang, Brice",668930
9/17/2023,"Millas, D.","Finnegan, K.","Turang, B.",--,3B,SB,0.2,18.1,17.9,36,,"Turang, Brice",668930
9/22/2023,"Fortes, N.","Hoeing, B.","Turang, B.","Hampson, G.",2B,SB,0.2,11.9,11.4,23.3,,"Turang, Brice",668930
9/24/2023,"Stallings, J.","Cabrera, E.","Turang, B.","Edwards, X.",2B,SB,0.2,11.6,11.3,22.9,,"Turang, Brice",668930
4/2/2023,"Smith, W.","Ferguson, C.","McCarthy, J.","Rojas, M.",2B,SB,0.2,6.7,12.5,19.2,,"McCarthy, Jake",664983
4/4/2023,"Nola, A.","Darvish, Y.","McCarthy, J.","Bogaerts, X.",2B,CS,-0.45,8,13.3,21.3,,"McCarthy, Jake",664983
4/4/2023,"Nola, A.","García, L.","McCarthy, J.","Bogaerts, X.",2B,SB,0.2,14.5,12.3,26.9,,"McCarthy, Jake",664983
5/26/2023,"Wong, C.","Sale, C.","McCarthy, J.","Valdez, E.",2B,SB,0.2,11.5,13.1,24.5,,"McCarthy, Jake",664983
5/30/2023,"Díaz, E.","Freeland, K.","McCarthy, J.","Castro, H.",2B,SB,0.2,10.3,11.4,21.7,,"McCarthy, Jake",664983
5/30/2023,"Díaz, E.","Freeland, K.","McCarthy, J.","Castro, H.",2B,SB,0.2,11.7,12.4,24.1,,"McCarthy, Jake",664983
5/31/2023,"Wynns, A.","Lamet, D.","McCarthy, J.",--,2B,SB,0.2,16.7,10.7,27.4,,"McCarthy, Jake",664983
6/4/2023,"d'Arnaud, T.","Minter, A.","McCarthy, J.","Albies, O.",2B,SB,0.19,14.9,13.2,28,,"McCarthy, Jake",664983
6/4/2023,"d'Arnaud, T.","Minter, A.","McCarthy, J.",--,3B,SB,0.2,19.4,17.6,37.1,,"McCarthy, Jake",664983
6/6/2023,"Ruiz, K.","Kuhl, C.","McCarthy, J.","Abrams, C.",2B,SB,0.19,14.8,11.6,26.4,,"McCarthy, Jake",664983
6/15/2023,"Stubbs, G.","Nola, A.","McCarthy, J.","Turner, T.",2B,SB,0.2,12.9,11.1,24,,"McCarthy, Jake",664983
6/16/2023,"Gallagher, C.","Toussaint, T.","McCarthy, J.",--,2B,SB,0.2,10.9,11.8,22.7,,"McCarthy, Jake",664983
6/21/2023,"Contreras, W.","Teheran, J.","McCarthy, J.","Adames, W.",2B,SB,0.2,11.3,12.3,23.6,,"McCarthy, Jake",664983
6/24/2023,"Bailey, P.","Winn, K.","McCarthy, J.","Crawford, B.",2B,SB,0.2,8.6,12.4,21.1,,"McCarthy, Jake",664983
6/25/2023,"Bailey, P.","DeSclafani, A.","McCarthy, J.","Davis, J.",2B,PK,-0.45,--,--,--,,"McCarthy, Jake",664983
6/27/2023,"Bethancourt, C.","Armstrong, S.","McCarthy, J.","Franco, W.",2B,SB,0.2,8.4,15.8,24.2,,"McCarthy, Jake",664983
7/5/2023,"Alvarez, F.","Senga, K.","McCarthy, J.","Lindor, F.",2B,SB,0.2,12.2,12.3,24.5,,"McCarthy, Jake",664983
7/15/2023,"Kirk, A.","Pearson, N.","McCarthy, J.","Belt, B.",2B,PK,-0.45,--,--,--,,"McCarthy, Jake",664983
7/19/2023,"Murphy, S.","Morton, C.","McCarthy, J.","Arcia, O.",2B,SB,0.2,11.1,11.7,22.8,,"McCarthy, Jake",664983
7/26/2023,"Knizner, A.","Pallante, A.","McCarthy, J.","DeJong, P.",2B,SB,0.2,8.2,11,19.2,,"McCarthy, Jake",664983
8/6/2023,"Vázquez, C.","Floro, D.","McCarthy, J.","Castro, W.",3B,SB,0.2,17.2,13.8,31,,"McCarthy, Jake",664983
8/6/2023,"Vázquez, C.","Jax, G.","McCarthy, J.","Julien, E.",2B,SB,0.2,10.4,11.8,22.2,,"McCarthy, Jake",664983
8/8/2023,"Smith, W.","Brasier, R.","McCarthy, J.","Rosario, A.",2B,SB,0.2,10.9,10.8,21.7,,"McCarthy, Jake",664983
9/30/2023,"Maldonado, M.","Abreu, B.","McCarthy, J.","Altuve, J.",2B,CS,-0.45,10.3,10.5,20.8,,"McCarthy, Jake",664983
3/31/2023,"Grandal, Y.","Ruiz, J.","Tucker, K.","Andrus, E.",2B,SB,0.2,8.3,11.3,19.7,,"Tucker, Kyle",663656
4/9/2023,"Jeffers, R.","Mahle, T.","Tucker, K.","Gordon, N.",2B,SB,0.2,6.3,10.9,17.2,,"Tucker, Kyle",663656
4/11/2023,"Delay, J.","Keller, M.","Tucker, K.","Bae, J.",2B,SB,0.2,8,11.1,19.2,,"Tucker, Kyle",663656
4/15/2023,"Heim, J.","Gray, J.","Tucker, K.","Semien, M.",2B,SB,0.2,9.9,11.1,20.9,,"Tucker, Kyle",663656
5/7/2023,"Raleigh, C.","Miller, B.","Tucker, K.",--,2B,CS,-0.45,9.1,10.9,20,,"Tucker, Kyle",663656
5/12/2023,"Zavala, S.","Kopech, M.","Tucker, K.","Anderson, T.",2B,SB,0.2,7.8,11.5,19.4,,"Tucker, Kyle",663656
6/1/2023,"Thaiss, M.","Detmers, R.","Tucker, K.",--,3B,SB,0.2,19.5,15.2,34.8,,"Tucker, Kyle",663656
6/9/2023,"Fry, D.","Curry, X.","Tucker, K.",--,3B,SB,0.2,11.7,14.7,26.3,,"Tucker, Kyle",663656
6/9/2023,"Fry, D.","Curry, X.","Tucker, K.","Giménez, A.",2B,SB,0.2,9.7,10.9,20.6,,"Tucker, Kyle",663656
6/14/2023,"Ruiz, K.","Harvey, H.","Tucker, K.",--,3B,SB,0.2,15.8,14.6,30.4,,"Tucker, Kyle",663656
6/15/2023,"Ruiz, K.","Gore, M.","Tucker, K.","Smith, D.",2B,PK,-0.45,--,--,--,,"Tucker, Kyle",663656
6/16/2023,"Maile, L.","Abbott, A.","Tucker, K.","India, J.",2B,SB,0.2,8.6,11,19.6,,"Tucker, Kyle",663656
6/18/2023,"Stephenson, T.","Gibaut, I.","Tucker, K.",--,2B,SB,0.2,10.5,10.4,20.9,,"Tucker, Kyle",663656
6/21/2023,"Narváez, O.","Megill, T.","Tucker, K.","Baty, B.",3B,SB,0.2,20,14.4,34.4,,"Tucker, Kyle",663656
7/1/2023,"Heim, J.","Eovaldi, N.","Tucker, K.","Semien, M.",2B,CS,-0.45,8.2,11.6,19.7,,"Tucker, Kyle",663656
7/5/2023,"Díaz, E.","Anderson, C.","Tucker, K.","Castro, H.",2B,CS,-0.45,9.7,11.2,20.8,,"Tucker, Kyle",663656
7/8/2023,"Murphy, T.","Woo, B.","Tucker, K.","Caballero, J.",2B,SB,0.2,9.9,11.3,21.3,,"Tucker, Kyle",663656
7/19/2023,"Díaz, E.","Hand, B.","Tucker, K.",--,3B,SB,0.2,24.4,14.8,39.1,,"Tucker, Kyle",663656
7/19/2023,"Díaz, E.","Hand, B.","Tucker, K.",--,2B,SB,0.2,6.1,10.2,16.3,,"Tucker, Kyle",663656
7/23/2023,"Soderstrom, T.","Medina, L.","Tucker, K.","Peterson, J.",3B,SB,0.2,14.4,13.6,28,,"Tucker, Kyle",663656
7/25/2023,"Heim, J.","Howard, S.","Tucker, K.","Semien, M.",2B,SB,0.2,11.2,10.3,21.5,,"Tucker, Kyle",663656
8/4/2023,"Higashioka, K.","Abreu, A.","Tucker, K.","Torres, G.",2B,SB,0.2,7.7,10.7,18.4,,"Tucker, Kyle",663656
8/6/2023,"Higashioka, K.","Rodón, C.","Tucker, K.","Torres, G.",2B,SB,0.2,12.6,10.9,23.6,,"Tucker, Kyle",663656
8/8/2023,"McCann, J.","Cano, Y.","Tucker, K.","Frazier, A.",2B,SB,0.2,11.5,10.2,21.7,,"Tucker, Kyle",663656
8/25/2023,"Rogers, J.","Lange, A.","Tucker, K.",--,2B,SB,0.2,12.1,11.1,23.2,,"Tucker, Kyle",663656
8/28/2023,"Wong, C.","Barraclough, K.","Tucker, K.","Urías, L.",2B,SB,0.2,16.3,11.1,27.4,,"Tucker, Kyle",663656
8/29/2023,"McGuire, R.","Jacques, J.","Tucker, K.","Hamilton, D.",2B,CS,-0.45,10.1,8.8,19,,"Tucker, Kyle",663656
9/10/2023,"Campusano, L.","Waldron, M.","Tucker, K.",--,2B,SB,0.2,9.9,11.2,21,,"Tucker, Kyle",663656
9/10/2023,"Campusano, L.","Waldron, M.","Tucker, K.","Rosario, E.",3B,SB,0.2,17.5,19.4,36.9,,"Tucker, Kyle",663656
9/23/2023,"Cropley, T.","Hernández, C.","Tucker, K.",--,2B,SB,0.2,14.4,10.9,25.3,,"Tucker, Kyle",663656
9/30/2023,"Moreno, G.","Kelly, M.","Tucker, K.","Perdomo, G.",2B,SB,0.2,15.6,9.9,25.5,,"Tucker, Kyle",663656
4/25/2023,"Zunino, M.","Pilkington, K.","Doyle, B.",--,2B,SB,0.2,10.5,12.6,23,,"Doyle, Brenton",686668
4/25/2023,"Zunino, M.","Battenfield, P.","Doyle, B.","Giménez, A.",2B,SB,0.2,8.9,13.8,22.7,,"Doyle, Brenton",686668
4/29/2023,"Herrera, J.","Ruiz, J.","Doyle, B.",--,2B,SB,0.2,12.8,13.4,26.2,,"Doyle, Brenton",686668
5/7/2023,"Alvarez, F.","Hunter, T.","Doyle, B.","Lindor, F.",2B,SB,0.2,5.8,13.1,18.8,,"Doyle, Brenton",686668
5/14/2023,"Realmuto, J.","Nola, A.","Doyle, B.","Turner, T.",2B,SB,0.2,13.2,13.8,27,,"Doyle, Brenton",686668
5/22/2023,"Stallings, J.","Chargois, J.","Doyle, B.","Arraez, L.",2B,SB,0.2,8.7,13.6,22.3,,"Doyle, Brenton",686668
6/1/2023,"Herrera, J.","Davies, Z.","Doyle, B.","Marte, K.",2B,SB,0.2,7.7,12.7,20.4,,"Doyle, Brenton",686668
6/10/2023,"Nola, A.","Carlton, D.","Doyle, B.","Bogaerts, X.",2B,CS,-0.45,5.8,12.8,18.6,,"Doyle, Brenton",686668
6/14/2023,"Wong, C.","Whitlock, G.","Doyle, B.","Reyes, P.",2B,CS,-0.45,6.6,13.5,20.1,,"Doyle, Brenton",686668
6/14/2023,"Wong, C.","Whitlock, G.","Doyle, B.","Arroyo, C.",2B,SB,0.2,7,13.2,20.2,,"Doyle, Brenton",686668
6/15/2023,"Murphy, S.","Smith-Shawver, A.","Doyle, B.","Arcia, O.",2B,SB,0.2,9.8,13.1,22.9,,"Doyle, Brenton",686668
6/28/2023,"Smith, W.","Grove, M.","Doyle, B.","Rojas, M.",2B,SB,0.2,8.4,14.4,22.8,,"Doyle, Brenton",686668
6/30/2023,"Haase, E.","Englert, M.","Doyle, B.","Báez, J.",2B,SB,0.2,7.4,13.9,21.3,,"Doyle, Brenton",686668
7/14/2023,"Higashioka, K.","King, M.","Doyle, B.","Volpe, A.",2B,SB,0.2,6.8,14.5,21.3,,"Doyle, Brenton",686668
7/18/2023,"Diaz, Y.","Neris, H.","Doyle, B.","Dubón, M.",2B,SB,0.2,9.8,13.9,23.7,,"Doyle, Brenton",686668
8/6/2023,"Knizner, A.","VerHagen, D.","Doyle, B.","Gorman, N.",2B,SB,0.2,12,14.2,26.2,,"Doyle, Brenton",686668
8/11/2023,"Smith, W.","Almonte, Y.","Doyle, B.","Rojas, M.",2B,CS,-0.45,7.5,14.4,21.9,,"Doyle, Brenton",686668
8/18/2023,"Grandal, Y.","Kopech, M.","Doyle, B.","Andrus, E.",2B,SB,0.2,9.8,15.7,25.5,,"Doyle, Brenton",686668
8/22/2023,"Pinto, R.","Littell, Z.","Doyle, B.","Basabe, O.",2B,SB,0.2,10,13.3,23.3,,"Doyle, Brenton",686668
9/15/2023,"Bailey, P.","Webb, L.","Doyle, B.","Crawford, B.",2B,SB,0.2,10.9,13.7,24.6,,"Doyle, Brenton",686668
9/23/2023,"Gomes, Y.","Assad, J.","Doyle, B.","Swanson, D.",2B,SB,0.2,10.2,13,23.2,,"Doyle, Brenton",686668
9/24/2023,"Gomes, Y.","Cuas, J.","Doyle, B.","Hoerner, N.",2B,CS,-0.45,7.5,13,20.4,,"Doyle, Brenton",686668
9/30/2023,"Vázquez, C.","Paddack, C.","Doyle, B.",--,2B,SB,0.2,7.5,13.8,21.3,,"Doyle, Brenton",686668
10/1/2023,"Jeffers, R.","Luplow, J.","Doyle, B.",--,3B,SB,0.2,18.3,20.2,38.5,,"Doyle, Brenton",686668
5/9/2023,"Langeliers, S.","Rucinski, D.","Bader, H.","Allen, N.",2B,CS,-0.45,9.9,7.3,17.1,,"Bader, Harrison",664056
5/14/2023,"Bethancourt, C.","Eflin, Z.","Bader, H.",--,2B,SB,0.2,13.4,10.6,24,,"Bader, Harrison",664056
5/17/2023,"Kirk, A.","Bassitt, C.","Bader, H.","Bichette, B.",2B,SB,0.2,12.3,11.6,23.9,,"Bader, Harrison",664056
5/20/2023,"Casali, C.","Gibaut, I.","Bader, H.","McLain, M.",2B,SB,0.2,9.8,11,20.8,,"Bader, Harrison",664056
5/25/2023,"Rutschman, A.","Gibson, K.","Bader, H.","Mateo, J.",2B,SB,0.2,9.1,11.8,20.9,,"Bader, Harrison",664056
5/27/2023,"Sullivan, B.","Wacha, M.","Bader, H.","Cronenworth, J.",2B,CS,-0.45,10,9.4,19.4,,"Bader, Harrison",664056
5/28/2023,"Nola, A.","Darvish, Y.","Bader, H.",--,2B,SB,0.2,8.1,11.7,19.8,,"Bader, Harrison",664056
5/29/2023,"Raleigh, C.","Miller, B.","Bader, H.","Crawford, J.",2B,SB,0.2,9.7,12,21.7,,"Bader, Harrison",664056
6/20/2023,"Raleigh, C.","Kirby, G.","Bader, H.","Crawford, J.",2B,SB,0.2,10.3,11.1,21.4,,"Bader, Harrison",664056
7/9/2023,"Barnhart, T.","Hendricks, K.","Bader, H.","Morel, C.",2B,SB,0.2,10.3,8.8,19.2,,"Bader, Harrison",664056
7/22/2023,"Perez, S.","Coleman, D.","Bader, H.",--,2B,SB,0.2,14.4,8.5,22.9,,"Bader, Harrison",664056
7/29/2023,"Rutschman, A.","Wells, T.","Bader, H.","Frazier, A.",2B,SB,0.2,14.1,7.5,21.7,,"Bader, Harrison",664056
8/3/2023,"Maldonado, M.","Graveman, K.","Bader, H.","Altuve, J.",2B,SB,0.2,11.9,11.8,23.8,,"Bader, Harrison",664056
8/8/2023,"Grandal, Y.","Toussaint, T.","Bader, H.","Remillard, Z.",2B,SB,0.2,13.6,10.5,24.2,,"Bader, Harrison",664056
8/13/2023,"Stallings, J.","Pérez, E.","Bader, H.","Wendle, J.",2B,SB,0.2,7.3,12.8,20.1,,"Bader, Harrison",664056
8/14/2023,"d'Arnaud, T.","Fried, M.","Bader, H.","Olson, M.",2B,PK,-0.45,--,--,--,,"Bader, Harrison",664056
8/23/2023,"Ruiz, K.","Garcia, R.","Bader, H.","Alu, J.",2B,SB,0.2,10,11.4,21.4,,"Bader, Harrison",664056
8/23/2023,"Ruiz, K.","Gore, M.","Bader, H.","Alu, J.",2B,SB,0.2,9.4,11,20.5,,"Bader, Harrison",664056
8/30/2023,"Rogers, J.","Wentz, J.","Bader, H.","Ibáñez, A.",2B,SB,0.2,7.8,11.8,19.6,,"Bader, Harrison",664056
9/2/2023,"Gomes, Y.","Leiter Jr., M.","Bader, H.","Madrigal, N.",3B,SB,0.2,15.8,15.5,31.2,,"Bader, Harrison",664056
9/3/2023,"Amaya, M.","Taillon, J.","Bader, H.","Swanson, D.",2B,CS,-0.45,11.9,7.5,19.4,,"Bader, Harrison",664056
9/9/2023,"Contreras, W.","Thompson, Z.","Bader, H.","Edman, T.",2B,SB,0.2,12.9,11.2,24,,"Bader, Harrison",664056
9/16/2023,"Alvarez, F.","Gott, T.","Bader, H.","McNeil, J.",2B,SB,0.2,8.1,12.4,20.4,,"Bader, Harrison",664056
4/9/2023,"Barnhart, T.","Taillon, J.","Jankowski, T.","Hoerner, N.",2B,SB,0.2,15.3,12,27.3,,"Jankowski, Travis",608671
4/10/2023,"Perez, S.","Coleman, D.","Jankowski, T.",--,2B,SB,0.2,9.8,12,21.8,,"Jankowski, Travis",608671
4/21/2023,"Langeliers, S.","Smith, C.","Jankowski, T.","Díaz, A.",2B,CS,-0.45,9.1,11.9,20.9,,"Jankowski, Travis",608671
4/25/2023,"Stephenson, T.","Díaz, A.","Jankowski, T.",--,2B,SB,0.19,12.6,10.7,23.3,,"Jankowski, Travis",608671
4/29/2023,"Trevino, J.","Brito, J.","Jankowski, T.","Volpe, A.",2B,SB,0.2,9.4,12.5,21.9,,"Jankowski, Travis",608671
5/29/2023,"Haase, E.","Englert, M.","Jankowski, T.","Short, Z.",3B,SB,0.2,15.4,12.9,28.3,,"Jankowski, Travis",608671
6/15/2023,"Wallach, C.","Devenski, C.","Jankowski, T.",--,2B,SB,0.19,8.2,11.9,20,,"Jankowski, Travis",608671
6/16/2023,"Kirk, A.","Swanson, E.","Jankowski, T.","Espinal, S.",2B,SB,0.2,10.9,11.9,22.8,,"Jankowski, Travis",608671
7/1/2023,"Maldonado, M.","Brown, H.","Jankowski, T.","Altuve, J.",2B,SB,0.2,9.8,11.8,21.6,,"Jankowski, Travis",608671
7/1/2023,"Maldonado, M.","Martinez, S.","Jankowski, T.","Dubón, M.",2B,SB,0.2,10,10.9,20.9,,"Jankowski, Travis",608671
7/7/2023,"Adams, R.","Adon, J.","Jankowski, T.","García Jr., L.",2B,SB,0.2,9.8,12.4,22.2,,"Jankowski, Travis",608671
7/14/2023,"Naylor, B.","Civale, A.","Jankowski, T.",--,2B,SB,0.2,10.7,12.2,22.9,,"Jankowski, Travis",608671
7/19/2023,"Mejía, F.","Faucher, C.","Jankowski, T.","Franco, W.",2B,SB,0.2,10.2,11.5,21.7,,"Jankowski, Travis",608671
7/23/2023,"Barnes, A.","Sheehan, E.","Jankowski, T.","Rojas, M.",2B,SB,0.2,10.6,10.9,21.5,,"Jankowski, Travis",608671
8/3/2023,"Grandal, Y.","Toussaint, T.","Jankowski, T.","Remillard, Z.",2B,SB,0.2,8.4,11.7,20.1,,"Jankowski, Travis",608671
8/24/2023,"Vázquez, C.","López, P.","Jankowski, T.","Farmer, K.",2B,SB,0.2,9.4,10.8,20.2,,"Jankowski, Travis",608671
8/29/2023,"Alvarez, F.","Smith, D.","Jankowski, T.","Mendick, D.",2B,SB,0.2,8.9,11.6,20.5,,"Jankowski, Travis",608671
9/6/2023,"Maldonado, M.","Verlander, J.","Jankowski, T.",--,2B,SB,0.2,13.6,10.2,23.9,,"Jankowski, Travis",608671
6/6/2023,"Bailey, P.","Manaea, S.","Jones, N.","Estrada, T.",2B,SB,0.2,12.3,12.1,24.4,,"Jones, Nolan",666134
6/7/2023,"Sabol, B.","Webb, L.","Jones, N.","Crawford, B.",2B,SB,0.2,12,11.1,23.1,,"Jones, Nolan",666134
6/8/2023,"Sabol, B.","Cobb, A.","Jones, N.","Estrada, T.",2B,SB,0.2,16.7,10.9,27.5,,"Jones, Nolan",666134
6/9/2023,"Sánchez, G.","Darvish, Y.","Jones, N.","Bogaerts, X.",2B,SB,0.2,8.9,11.2,20.2,,"Jones, Nolan",666134
6/20/2023,"Casali, C.","Lively, B.","Jones, N.","McLain, M.",2B,SB,0.2,8.2,11.1,19.4,,"Jones, Nolan",666134
7/4/2023,"Diaz, Y.","Bielak, B.","Jones, N.","Dubón, M.",2B,CS,-0.45,8.8,10.7,19.5,,"Jones, Nolan",666134
7/23/2023,"Fortes, N.","Puk, A.","Jones, N.","Arraez, L.",2B,SB,0.2,9,11.8,20.9,,"Jones, Nolan",666134
7/30/2023,"Langeliers, S.","Moll, S.","Jones, N.","Gelof, Z.",2B,SB,0.2,9.6,12.3,21.9,,"Jones, Nolan",666134
9/2/2023,"Kirk, A.","Kikuchi, Y.","Jones, N.","Merrifield, W.",2B,SB,0.2,7.5,12.2,19.7,,"Jones, Nolan",666134
9/3/2023,"Heineman, T.","Gausman, K.","Jones, N.","Schneider, D.",2B,SB,0.2,10.6,11.1,21.7,,"Jones, Nolan",666134
9/3/2023,"Heineman, T.","Gausman, K.","Jones, N.","Schneider, D.",2B,SB,0.2,9.7,12,21.7,,"Jones, Nolan",666134
9/5/2023,"Moreno, G.","Pfaadt, B.","Jones, N.","Marte, K.",2B,SB,0.2,11.4,11.3,22.7,,"Jones, Nolan",666134
9/8/2023,"Bart, J.","Rogers, T.","Jones, N.","Schmitt, C.",2B,SB,0.2,6.4,12.5,18.9,,"Jones, Nolan",666134
9/19/2023,"Campusano, L.","Snell, B.","Jones, N.",--,2B,SB,0.19,11.8,12.9,24.7,,"Jones, Nolan",666134
9/19/2023,"Campusano, L.","Snell, B.","Jones, N.","Batten, M.",2B,SB,0.19,11,12.8,23.8,,"Jones, Nolan",666134
9/19/2023,"Campusano, L.","Snell, B.","Jones, N.",--,3B,SB,0.2,16,18.4,34.4,,"Jones, Nolan",666134
9/28/2023,"Barnes, A.","Yarbrough, R.","Jones, N.",--,3B,SB,0.2,14.1,13.6,27.7,,"Jones, Nolan",666134
9/29/2023,"Jeffers, R.","Funderburk, K.","Jones, N.","Farmer, K.",2B,SB,0.2,7,13.3,20.3,,"Jones, Nolan",666134
10/1/2023,"Jeffers, R.","Alcala, J.","Jones, N.","Vázquez, C.",2B,SB,0.2,5.6,11.5,17.1,,"Jones, Nolan",666134
4/2/2023,"Rogers, J.","Wentz, J.","Franco, W.","Schoop, J.",2B,SB,0.2,11.2,13.2,24.4,,"Franco, Wander",677551
4/3/2023,"Ruiz, K.","Williams, T.","Franco, W.",--,2B,SB,0.2,9.5,13.2,22.6,,"Franco, Wander",677551
4/12/2023,"McGuire, R.","Sale, C.","Franco, W.","Chang, Y.",2B,SB,0.2,6.2,12.3,18.6,,"Franco, Wander",677551
4/18/2023,"Casali, C.","Lodolo, N.","Franco, W.","India, J.",2B,CS,-0.45,8.8,11.5,20.4,,"Franco, Wander",677551
4/23/2023,"Zavala, S.","Banks, T.","Franco, W.",--,2B,SB,0.2,12.8,11.9,24.7,,"Franco, Wander",677551
4/24/2023,"Maldonado, M.","Urquidy, J.","Franco, W.",--,2B,SB,0.2,12.4,12.1,24.4,,"Franco, Wander",677551
4/27/2023,"Grandal, Y.","Cease, D.","Franco, W.","Vaughn, A.",2B,PK,-0.45,--,--,--,,"Franco, Wander",677551
5/7/2023,"Trevino, J.","Cole, G.","Franco, W.","Cabrera, O.",3B,SB,0.2,18.6,14.9,33.5,,"Franco, Wander",677551
5/9/2023,"Rutschman, A.","Rodriguez, G.","Franco, W.","Frazier, A.",2B,SB,0.2,9.6,12.6,22.2,,"Franco, Wander",677551
5/10/2023,"Rutschman, A.","Coulombe, D.","Franco, W.","Frazier, A.",2B,SB,0.2,9.7,13,22.6,,"Franco, Wander",677551
5/10/2023,"Rutschman, A.","Kremer, D.","Franco, W.",--,2B,SB,0.2,9.9,11.7,21.6,,"Franco, Wander",677551
5/11/2023,"Trevino, J.","Germán, D.","Franco, W.",--,2B,SB,0.2,9.4,12.8,22.1,,"Franco, Wander",677551
5/17/2023,"Alvarez, F.","Senga, K.","Franco, W.",--,2B,SB,0.2,8.9,13.3,22.2,,"Franco, Wander",677551
5/17/2023,"Alvarez, F.","Senga, K.","Franco, W.","Escobar, E.",2B,SB,0.2,9.5,12.8,22.3,,"Franco, Wander",677551
5/22/2023,"Kirk, A.","Bassitt, C.","Franco, W.","Bichette, B.",2B,CS,-0.45,7.4,13.2,20.6,,"Franco, Wander",677551
5/24/2023,"Jansen, D.","Kikuchi, Y.","Franco, W.","Clement, E.",2B,SB,0.2,11.6,11.8,23.4,,"Franco, Wander",677551
5/25/2023,"Kirk, A.","Cimber, A.","Franco, W.",--,3B,SB,0.2,20.6,15.5,36.1,,"Franco, Wander",677551
5/25/2023,"Kirk, A.","Cimber, A.","Franco, W.","Biggio, C.",2B,SB,0.2,9.5,14.3,23.8,,"Franco, Wander",677551
5/26/2023,"Smith, W.","Bruihl, J.","Franco, W.","Rojas, M.",2B,SB,0.2,14.7,12.5,27.2,,"Franco, Wander",677551
5/29/2023,"Barnhart, T.","Stroman, M.","Franco, W.","Swanson, D.",2B,SB,0.2,9.6,14.1,23.8,,"Franco, Wander",677551
5/30/2023,"Gomes, Y.","Hendricks, K.","Franco, W.",--,2B,SB,0.2,12.2,12.2,24.4,,"Franco, Wander",677551
6/3/2023,"McGuire, R.","Whitlock, G.","Franco, W.","Devers, R.",3B,SB,0.2,21,14,35,,"Franco, Wander",677551
6/15/2023,"Pérez, C.","Pruitt, A.","Franco, W.","Kemp, T.",2B,CS,-0.45,7.4,11.8,19.2,,"Franco, Wander",677551
6/16/2023,"Sánchez, G.","Darvish, Y.","Franco, W.",--,2B,SB,0.2,8.7,12.1,20.8,,"Franco, Wander",677551
6/25/2023,"Perez, S.","Lynch IV, D.","Franco, W.","Taylor, S.",2B,SB,0.2,10.8,12.2,23,,"Franco, Wander",677551
6/29/2023,"Moreno, G.","Pfaadt, B.","Franco, W.","Perdomo, G.",2B,CS,-0.45,8.4,13.4,21.8,,"Franco, Wander",677551
6/30/2023,"Raleigh, C.","Saucedo, T.","Franco, W.","Suárez, E.",3B,SB,0.2,18.7,15.1,33.8,,"Franco, Wander",677551
7/4/2023,"Realmuto, J.","Nola, A.","Franco, W.","Turner, T.",2B,SB,0.2,12.9,12.6,25.5,,"Franco, Wander",677551
7/6/2023,"Stubbs, G.","Sánchez, C.","Franco, W.","Stott, B.",2B,SB,0.2,8.2,13.2,21.3,,"Franco, Wander",677551
7/15/2023,"Fermin, F.","Ragans, C.","Franco, W.","Massey, M.",2B,CS,-0.45,6.8,14.5,21.4,,"Franco, Wander",677551
7/22/2023,"McCann, J.","Coulombe, D.","Franco, W.","Mateo, J.",2B,CS,-0.45,10.2,12.8,23,,"Franco, Wander",677551
7/28/2023,"Maldonado, M.","Javier, C.","Franco, W.","Abreu, J.",2B,PK,-0.45,--,--,--,,"Franco, Wander",677551
7/29/2023,"Diaz, Y.","Brown, H.","Franco, W.","Peña, J.",2B,SB,0.2,10.8,13.6,24.4,,"Franco, Wander",677551
8/10/2023,"Knizner, A.","Liberatore, M.","Franco, W.","Gorman, N.",3B,PK,-0.45,--,--,--,,"Franco, Wander",677551
8/11/2023,"Naylor, B.","Curry, X.","Franco, W.","Rocchio, B.",2B,SB,0.2,9.2,12.6,21.9,,"Franco, Wander",677551
3/30/2023,"Trevino, J.","Peralta, W.","Estrada, T.","Rizzo, A.",2B,BK,0.2,--,--,--,,"Estrada, Thairo",642731
3/30/2023,"Trevino, J.","Cole, G.","Estrada, T.","Volpe, A.",2B,SB,0.2,10.6,11.3,21.9,,"Estrada, Thairo",642731
4/3/2023,"Grandal, Y.","Kopech, M.","Estrada, T.","Anderson, T.",2B,SB,0.2,8.9,11.9,20.8,,"Estrada, Thairo",642731
4/18/2023,"Stallings, J.","Cabrera, E.","Estrada, T.","Berti, J.",2B,SB,0.2,10.7,12.4,23.1,,"Estrada, Thairo",642731
4/20/2023,"Nido, T.","Curtiss, J.","Estrada, T.","Guillorme, L.",2B,SB,0.2,14.4,11.5,25.9,,"Estrada, Thairo",642731
4/25/2023,"Contreras, W.","Woodford, J.","Estrada, T.","Edman, T.",2B,SB,0.2,14.8,10.3,25.1,,"Estrada, Thairo",642731
5/2/2023,"Diaz, Y.","Brown, H.","Estrada, T.",--,2B,SB,0.2,18.5,11.5,30.1,,"Estrada, Thairo",642731
5/2/2023,"Diaz, Y.","Brown, H.","Estrada, T.","Peña, J.",2B,CS,-0.45,14.6,10,24.6,,"Estrada, Thairo",642731
5/7/2023,"Contreras, W.","Payamps, J.","Estrada, T.","Tellez, R.",2B,BK,0.2,--,--,--,,"Estrada, Thairo",642731
5/11/2023,"Moreno, G.","Henry, T.","Estrada, T.","Marte, K.",2B,SB,0.2,9.9,11.1,21,,"Estrada, Thairo",642731
5/11/2023,"Moreno, G.","Henry, T.","Estrada, T.","Rojas, J.",3B,CS,-0.45,16.3,15.1,31.5,,"Estrada, Thairo",642731
5/20/2023,"Fortes, N.","Garrett, B.","Estrada, T.","Wendle, J.",2B,SB,0.2,10.6,9.5,20.1,,"Estrada, Thairo",642731
5/25/2023,"Caratini, V.","Teheran, J.","Estrada, T.","Adames, W.",2B,SB,0.2,12.1,9.2,21.2,,"Estrada, Thairo",642731
6/8/2023,"Díaz, E.","Carasiti, M.","Estrada, T.",--,2B,SB,0.2,15.7,12.5,28.2,,"Estrada, Thairo",642731
6/14/2023,"Knizner, A.","Matz, S.","Estrada, T.","Donovan, B.",2B,SB,0.2,9.7,10.4,20.1,,"Estrada, Thairo",642731
6/16/2023,"Smith, W.","Sheehan, E.","Estrada, T.","Vargas, M.",2B,SB,0.2,13.2,11.8,25,,"Estrada, Thairo",642731
6/18/2023,"Smith, W.","Gonsolin, T.","Estrada, T.","Betts, M.",2B,SB,0.2,11.3,11.3,22.6,,"Estrada, Thairo",642731
6/27/2023,"Jansen, D.","Gausman, K.","Estrada, T.","Bichette, B.",2B,SB,0.2,9.9,11.4,21.3,,"Estrada, Thairo",642731
6/27/2023,"Jansen, D.","Gausman, K.","Estrada, T.","Bichette, B.",3B,BK,0.2,3.3,13.5,16.8,,"Estrada, Thairo",642731
7/2/2023,"Alvarez, F.","Peterson, D.","Estrada, T.","McNeil, J.",2B,CS,-0.45,10.1,9,19.2,,"Estrada, Thairo",642731
8/23/2023,"Realmuto, J.","Hoffman, J.","Estrada, T.",--,2B,SB,0.2,21.5,13.3,34.8,,"Estrada, Thairo",642731
9/6/2023,"Amaya, M.","Wicks, J.","Estrada, T.","Hoerner, N.",2B,CS,-0.45,6.6,9.5,16.1,,"Estrada, Thairo",642731
9/9/2023,"Díaz, E.","Hollowell, G.","Estrada, T.","Castro, H.",2B,SB,0.2,11.5,15.6,27.1,,"Estrada, Thairo",642731
9/11/2023,"Naylor, B.","Williams, G.","Estrada, T.","Giménez, A.",2B,SB,0.2,15.4,8.9,24.3,,"Estrada, Thairo",642731
9/17/2023,"Wynns, A.","Flexen, C.","Estrada, T.",--,2B,SB,0.2,14.1,9.8,23.9,,"Estrada, Thairo",642731
9/24/2023,"Smith, W.","Lynn, L.","Estrada, T.","Rojas, M.",2B,CS,-0.45,9.3,8.6,17.8,,"Estrada, Thairo",642731
9/27/2023,"Sullivan, B.","Suarez, R.","Estrada, T.","Bogaerts, X.",2B,SB,0.2,12.6,7.9,20.5,,"Estrada, Thairo",642731
4/5/2023,"Fortes, N.","Luzardo, J.","Taylor, M.","Hampson, G.",2B,SB,0.2,13.9,12.6,26.5,,"Taylor, Michael A.",572191
4/24/2023,"Trevino, J.","Weissert, G.","Taylor, M.",--,2B,SB,0.2,14.3,12.3,26.6,,"Taylor, Michael A.",572191
4/28/2023,"Perez, S.","Lyles, J.","Taylor, M.",--,3B,SB,0.2,12.2,17.7,29.9,,"Taylor, Michael A.",572191
5/5/2023,"Zunino, M.","De Los Santos, E.","Taylor, M.",--,2B,SB,0.2,11.8,13.8,25.5,,"Taylor, Michael A.",572191
5/7/2023,"Gallagher, C.","Karinchak, J.","Taylor, M.",--,2B,SB,0.19,11.2,13.1,24.2,,"Taylor, Michael A.",572191
5/9/2023,"Nola, A.","Wacha, M.","Taylor, M.","Bogaerts, X.",2B,SB,0.2,7.6,14.7,22.3,,"Taylor, Michael A.",572191
5/12/2023,"Gomes, Y.","Smyly, D.","Taylor, M.","Mervis, M.",2B,BK,0.2,--,--,--,,"Taylor, Michael A.",572191
5/16/2023,"Barnes, A.","Kershaw, C.","Taylor, M.","Freeman, F.",2B,FB,0.2,--,--,--,,"Taylor, Michael A.",572191
6/4/2023,"Gallagher, C.","Karinchak, J.","Taylor, M.","Freeman, T.",2B,SB,0.19,12.6,12.7,25.2,,"Taylor, Michael A.",572191
6/4/2023,"Gallagher, C.","McKenzie, T.","Taylor, M.","Freeman, T.",2B,SB,0.2,9.9,14.5,24.4,,"Taylor, Michael A.",572191
6/7/2023,"Mejía, F.","Adam, J.","Taylor, M.","Paredes, I.",3B,SB,0.19,14.3,16.5,30.8,,"Taylor, Michael A.",572191
6/7/2023,"Mejía, F.","Adam, J.","Taylor, M.","Franco, W.",2B,SB,0.2,17.7,14.3,31.9,,"Taylor, Michael A.",572191
6/11/2023,"Kirk, A.","Hatch, T.","Taylor, M.","Bichette, B.",2B,SB,0.2,9.3,14,23.3,,"Taylor, Michael A.",572191
7/1/2023,"Rutschman, A.","Baumann, M.","Taylor, M.","Frazier, A.",2B,CS,-0.45,8.3,16.8,25.1,,"Taylor, Michael A.",572191
8/15/2023,"Haase, E.","Faedo, A.","Taylor, M.","McKinstry, Z.",2B,SB,0.2,9.2,16.4,25.5,,"Taylor, Michael A.",572191
8/27/2023,"Heim, J.","Chapman, A.","Taylor, M.","Lowe, N.",2B,FB,0.2,--,--,--,,"Taylor, Michael A.",572191
8/28/2023,"Naylor, B.","Karinchak, J.","Taylor, M.","Calhoun, K.",2B,BK,0.19,--,--,--,,"Taylor, Michael A.",572191
8/28/2023,"Naylor, B.","Karinchak, J.","Taylor, M.","Ramírez, J.",3B,SB,0.2,16.9,18.3,35.3,,"Taylor, Michael A.",572191
3/30/2023,"Pérez, R.","Webb, L.","Volpe, A.","Crawford, B.",2B,SB,0.2,14,8.7,22.7,,"Volpe, Anthony",683011
4/1/2023,"Pérez, R.","Cobb, A.","Volpe, A.",--,2B,SB,0.2,14.4,11.5,25.8,,"Volpe, Anthony",683011
4/2/2023,"Sabol, B.","Hjelle, S.","Volpe, A.",--,3B,SB,0.2,15.4,13.2,28.6,,"Volpe, Anthony",683011
4/15/2023,"Vázquez, C.","Alcala, J.","Volpe, A.",--,3B,SB,0.2,17.6,17.2,34.8,,"Volpe, Anthony",683011
4/15/2023,"Vázquez, C.","Mahle, T.","Volpe, A.","Correa, C.",2B,SB,0.2,6.5,9.8,16.3,,"Volpe, Anthony",683011
4/15/2023,"Vázquez, C.","Alcala, J.","Volpe, A.","Julien, E.",2B,SB,0.2,12.5,7.3,19.8,,"Volpe, Anthony",683011
4/16/2023,"Vázquez, C.","López, P.","Volpe, A.",--,2B,SB,0.2,9.8,11.2,21,,"Volpe, Anthony",683011
4/19/2023,"Thaiss, M.","Canning, G.","Volpe, A.",--,3B,SB,0.2,12.9,15.1,28,,"Volpe, Anthony",683011
5/1/2023,"Zunino, M.","De Los Santos, E.","Volpe, A.","Naylor, J.",2B,PK,-0.45,--,--,--,,"Volpe, Anthony",683011
5/2/2023,"Zunino, M.","Morgan, E.","Volpe, A.","Rosario, A.",2B,SB,0.2,13.9,9.4,23.2,,"Volpe, Anthony",683011
5/2/2023,"Zunino, M.","Morgan, E.","Volpe, A.",--,3B,SB,0.2,21.3,16,37.3,,"Volpe, Anthony",683011
5/3/2023,"Gallagher, C.","Bieber, S.","Volpe, A.","Naylor, J.",2B,FB,0.2,--,--,--,,"Volpe, Anthony",683011
5/5/2023,"Mejía, F.","Kelly, K.","Volpe, A.","Franco, W.",2B,SB,0.2,9.8,8.1,17.9,,"Volpe, Anthony",683011
5/13/2023,"Mejía, F.","Thompson, R.","Volpe, A.",--,3B,SB,0.2,19,16.1,35.2,,"Volpe, Anthony",683011
5/13/2023,"Mejía, F.","Thompson, R.","Volpe, A.","Franco, W.",2B,SB,0.2,14.9,8.9,23.8,,"Volpe, Anthony",683011
6/6/2023,"Zavala, S.","Giolito, L.","Volpe, A.","Anderson, T.",2B,SB,0.2,12.7,7.6,20.3,,"Volpe, Anthony",683011
6/27/2023,"Langeliers, S.","Erceg, L.","Volpe, A.","Kemp, T.",2B,CS,-0.45,11.6,6.9,18.5,,"Volpe, Anthony",683011
6/28/2023,"Langeliers, S.","Sears, J.","Volpe, A.","Bride, J.",3B,SB,0.2,19.3,15.6,34.8,,"Volpe, Anthony",683011
7/22/2023,"Perez, S.","Singer, B.","Volpe, A.","Garcia, M.",3B,SB,0.2,16.9,14.2,31.1,,"Volpe, Anthony",683011
7/25/2023,"Alvarez, F.","Verlander, J.","Volpe, A.","Lindor, F.",2B,SB,0.2,14.2,7.8,22,,"Volpe, Anthony",683011
7/29/2023,"Rutschman, A.","Baker, B.","Volpe, A.","Frazier, A.",2B,SB,0.2,11.8,8.1,19.9,,"Volpe, Anthony",683011
8/2/2023,"Pinto, R.","Diekman, J.","Volpe, A.","Franco, W.",2B,SB,0.2,10,11.5,21.6,,"Volpe, Anthony",683011
8/8/2023,"Pérez, C.","Cronin, D.","Volpe, A.","Andrus, E.",2B,CS,-0.45,12.3,7.5,19.8,,"Volpe, Anthony",683011
8/22/2023,"Adams, R.","Gray, J.","Volpe, A.","Vargas, I.",2B,CS,-0.45,8.1,11.2,19.3,,"Volpe, Anthony",683011
8/30/2023,"Rogers, J.","Wentz, J.","Volpe, A.",--,3B,SB,0.2,24.1,16.1,40.2,,"Volpe, Anthony",683011
8/31/2023,"Kelly, C.","Manning, M.","Volpe, A.","Ibáñez, A.",3B,PK,-0.45,--,--,--,,"Volpe, Anthony",683011
9/2/2023,"Diaz, Y.","Maton, P.","Volpe, A.",--,3B,SB,0.2,24.3,19.1,43.5,,"Volpe, Anthony",683011
9/16/2023,"Rodríguez, E.","Hernandez, J.","Volpe, A.",--,2B,SB,0.2,10.8,9.6,20.4,,"Volpe, Anthony",683011
9/25/2023,"Moreno, G.","Kelly, M.","Volpe, A.","Walker, C.",2B,PK,-0.45,--,--,--,,"Volpe, Anthony",683011
4/9/2023,"Realmuto, J.","Walker, T.","Friedl, T.","Bohm, A.",2B,FB,0.2,--,--,--,,"Friedl, TJ",670770
4/24/2023,"León, S.","Eovaldi, N.","Friedl, T.","Semien, M.",2B,SB,0.2,11.4,11.1,22.5,,"Friedl, TJ",670770
5/2/2023,"Nola, A.","Martinez, N.","Friedl, T.","Odor, R.",2B,SB,0.2,8.6,10.9,19.5,,"Friedl, TJ",670770
5/25/2023,"Knizner, A.","VerHagen, D.","Friedl, T.","Edman, T.",2B,SB,0.2,11.9,11.6,23.5,,"Friedl, TJ",670770
5/27/2023,"Gomes, Y.","Taillon, J.","Friedl, T.",--,2B,SB,0.2,10.7,12.6,23.3,,"Friedl, TJ",670770
6/17/2023,"Diaz, Y.","Neris, H.","Friedl, T.","Altuve, J.",2B,CS,-0.45,10.8,10.3,21,,"Friedl, TJ",670770
6/23/2023,"d'Arnaud, T.","Smith-Shawver, A.","Friedl, T.","Albies, O.",2B,SB,0.2,9.8,11.8,21.6,,"Friedl, TJ",670770
6/23/2023,"d'Arnaud, T.","Smith-Shawver, A.","Friedl, T.",--,3B,SB,0.2,19.3,15,34.3,,"Friedl, TJ",670770
6/24/2023,"d'Arnaud, T.","Shuster, J.","Friedl, T.","Albies, O.",2B,SB,0.2,9.5,12.8,22.2,,"Friedl, TJ",670770
6/25/2023,"Murphy, S.","Morton, C.","Friedl, T.","Albies, O.",2B,SB,0.2,11.3,11.7,23.1,,"Friedl, TJ",670770
6/28/2023,"Rutschman, A.","Baumann, M.","Friedl, T.","Frazier, A.",2B,SB,0.2,11,12.2,23.2,,"Friedl, TJ",670770
6/28/2023,"Rutschman, A.","Gibson, K.","Friedl, T.","Frazier, A.",2B,SB,0.2,8.9,11.7,20.5,,"Friedl, TJ",670770
7/4/2023,"Adams, R.","Abbott, C.","Friedl, T.","Abrams, C.",2B,SB,0.2,9.2,12.1,21.4,,"Friedl, TJ",670770
7/8/2023,"Contreras, W.","Uribe, A.","Friedl, T.","Miller, O.",2B,BK,0.2,1.8,10.3,12.1,,"Friedl, TJ",670770
7/23/2023,"Kelly, C.","Ruiz, J.","Friedl, T.","Marte, K.",2B,CS,-0.45,9.2,11.9,21.1,,"Friedl, TJ",670770
7/31/2023,"Gomes, Y.","Assad, J.","Friedl, T.","Hoerner, N.",2B,SB,0.2,9.2,11.7,20.9,,"Friedl, TJ",670770
8/4/2023,"Ruiz, K.","Ferrer, J.","Friedl, T.","Alu, J.",2B,SB,0.2,10.9,10.5,21.4,,"Friedl, TJ",670770
8/4/2023,"Ruiz, K.","Machado, A.","Friedl, T.",--,3B,SB,0.2,16.2,15,31.2,,"Friedl, TJ",670770
8/7/2023,"Fortes, N.","Okert, S.","Friedl, T.","Berti, J.",2B,SB,0.2,9.8,12.1,21.9,,"Friedl, TJ",670770
8/8/2023,"Fortes, N.","Garrett, B.","Friedl, T.","Burger, J.",3B,CS,-0.45,16.3,13.6,30,,"Friedl, TJ",670770
8/13/2023,"Rodríguez, E.","Jackson, A.","Friedl, T.","Rivas III, A.",2B,PK,-0.45,--,--,--,,"Friedl, TJ",670770
8/13/2023,"Delay, J.","Perdomo, A.","Friedl, T.","Peguero, L.",2B,SB,0.2,7.3,12.8,20.1,,"Friedl, TJ",670770
8/16/2023,"Naylor, B.","Syndergaard, N.","Friedl, T.","Freeman, T.",2B,SB,0.19,8.3,11.8,20.2,,"Friedl, TJ",670770
8/23/2023,"Thaiss, M.","Detmers, R.","Friedl, T.","Rengifo, L.",2B,SB,0.2,13.4,11.9,25.3,,"Friedl, TJ",670770
9/2/2023,"Gomes, Y.","Assad, J.","Friedl, T.","Swanson, D.",2B,CS,-0.45,9.6,10.7,20.4,,"Friedl, TJ",670770
9/22/2023,"Rodríguez, E.","Jackson, A.","Friedl, T.",--,2B,SB,0.2,10.5,10.9,21.3,,"Friedl, TJ",670770
9/23/2023,"Rodríguez, E.","Hernandez, J.","Friedl, T.","Bae, J.",2B,SB,0.2,8.7,10.9,19.6,,"Friedl, TJ",670770
9/27/2023,"Gallagher, C.","Bieber, S.","Friedl, T.","Freeman, T.",2B,SB,0.2,10.9,10.5,21.4,,"Friedl, TJ",670770
3/30/2023,"McGuire, R.","Ort, K.","Mullins, C.",--,2B,SB,0.2,7.7,11.9,19.7,,"Mullins, Cedric",656775
4/3/2023,"Heim, J.","Gray, J.","Mullins, C.","Seager, C.",2B,SB,0.2,9.3,12.5,21.7,,"Mullins, Cedric",656775
4/10/2023,"Langeliers, S.","Sears, J.","Mullins, C.","Kemp, T.",2B,SB,0.2,8.6,13,21.6,,"Mullins, Cedric",656775
4/13/2023,"Langeliers, S.","Martinez, A.","Mullins, C.","Smith, K.",2B,SB,0.2,9.9,13.3,23.2,,"Mullins, Cedric",656775
4/14/2023,"Grandal, Y.","Santos, G.","Mullins, C.","Andrus, E.",2B,SB,0.2,9.6,12.9,22.5,,"Mullins, Cedric",656775
4/15/2023,"Grandal, Y.","Kopech, M.","Mullins, C.","Burger, J.",3B,SB,0.2,15.7,16.1,31.8,,"Mullins, Cedric",656775
4/18/2023,"Ruiz, K.","Edwards Jr., C.","Mullins, C.",--,2B,SB,0.2,6.7,12.4,19.2,,"Mullins, Cedric",656775
4/21/2023,"Rogers, J.","Lorenzen, M.","Mullins, C.","Torkelson, S.",2B,FB,0.2,--,--,--,,"Mullins, Cedric",656775
4/26/2023,"Wong, C.","Houck, T.","Mullins, C.","Hernández, E.",2B,SB,0.2,12,12.3,24.3,,"Mullins, Cedric",656775
4/30/2023,"Rogers, J.","Turnbull, S.","Mullins, C.","McKinstry, Z.",2B,SB,0.2,11.8,12.1,23.9,,"Mullins, Cedric",656775
5/10/2023,"Bethancourt, C.","Chirinos, Y.","Mullins, C.","Franco, W.",2B,SB,0.2,9.3,12.1,21.4,,"Mullins, Cedric",656775
5/12/2023,"Hedges, A.","Oviedo, J.","Mullins, C.","Santana, C.",2B,BK,0.2,4.2,12.9,17.2,,"Mullins, Cedric",656775
5/21/2023,"Kirk, A.","Pearson, N.","Mullins, C.","Bichette, B.",2B,CS,-0.45,8.3,12.8,21,,"Mullins, Cedric",656775
5/29/2023,"Gallagher, C.","Allen, L.","Mullins, C.","Giménez, A.",2B,CS,-0.45,8.1,12.3,20.3,,"Mullins, Cedric",656775
6/27/2023,"Maile, L.","Sims, L.","Mullins, C.","India, J.",2B,CS,-0.45,10.6,12.7,23.3,,"Mullins, Cedric",656775
7/14/2023,"Stallings, J.","Alcantara, S.","Mullins, C.","Wendle, J.",2B,SB,0.2,11.4,12.8,24.1,,"Mullins, Cedric",656775
8/12/2023,"Murphy, T.","Muñoz, A.","Mullins, C.",--,3B,SB,0.2,12.5,13.2,25.7,,"Mullins, Cedric",656775
9/1/2023,"Moreno, G.","Sewald, P.","Mullins, C.","Marte, K.",2B,SB,0.2,13.5,12.6,26.2,,"Mullins, Cedric",656775
9/19/2023,"Diaz, Y.","Brown, H.","Mullins, C.","Peña, J.",2B,SB,0.2,10.9,12.4,23.4,,"Mullins, Cedric",656775
9/19/2023,"Diaz, Y.","Brown, H.","Mullins, C.","Peña, J.",2B,SB,0.2,10,13.2,23.2,,"Mullins, Cedric",656775
4/23/2023,"Bethancourt, C.","Eflin, Z.","Robert Jr., L.","Lowe, B.",2B,SB,0.2,13.2,9.9,23.1,,"Robert Jr., Luis",673357
5/19/2023,"Perez, S.","Greinke, Z.","Robert Jr., L.","Witt Jr., B.",2B,SB,0.2,8,10.8,18.8,,"Robert Jr., Luis",673357
5/22/2023,"Zunino, M.","Gaddis, H.","Robert Jr., L.","Rosario, A.",2B,CS,-0.45,7.7,10.7,18.4,,"Robert Jr., Luis",673357
6/8/2023,"Higashioka, K.","Severino, L.","Robert Jr., L.","Torres, G.",2B,SB,0.2,13.1,10.9,24,,"Robert Jr., Luis",673357
6/13/2023,"Smith, W.","Gonsolin, T.","Robert Jr., L.","Vargas, M.",2B,SB,0.2,9.3,11.6,20.9,,"Robert Jr., Luis",673357
6/29/2023,"Thaiss, M.","Webb, J.","Robert Jr., L.","Drury, B.",2B,SB,0.2,10.8,11.8,22.7,,"Robert Jr., Luis",673357
6/29/2023,"Thaiss, M.","Webb, J.","Robert Jr., L.",--,3B,SB,0.2,18,13.4,31.5,,"Robert Jr., Luis",673357
7/1/2023,"Langeliers, S.","May, T.","Robert Jr., L.","Kemp, T.",2B,SB,0.2,10.4,12.9,23.3,,"Robert Jr., Luis",673357
7/20/2023,"Narváez, O.","Smith, D.","Robert Jr., L.","Guillorme, L.",2B,SB,0.2,8.4,12.1,20.5,,"Robert Jr., Luis",673357
7/29/2023,"Naylor, B.","Morgan, E.","Robert Jr., L.",--,2B,SB,0.2,12.2,12.7,24.9,,"Robert Jr., Luis",673357
8/5/2023,"Naylor, B.","Syndergaard, N.","Robert Jr., L.","Giménez, A.",2B,SB,0.19,11.2,11.3,22.6,,"Robert Jr., Luis",673357
8/5/2023,"Naylor, B.","Syndergaard, N.","Robert Jr., L.",--,3B,SB,0.2,20.7,16.3,37,,"Robert Jr., Luis",673357
8/9/2023,"Higashioka, K.","Severino, L.","Robert Jr., L.","Torres, G.",2B,SB,0.2,9.5,11.6,21.1,,"Robert Jr., Luis",673357
8/9/2023,"Higashioka, K.","Severino, L.","Robert Jr., L.","Kiner-Falefa, I.",3B,SB,0.2,11.9,12.6,24.5,,"Robert Jr., Luis",673357
8/29/2023,"Rutschman, A.","Kremer, D.","Robert Jr., L.","Frazier, A.",2B,SB,0.2,9.6,12.6,22.1,,"Robert Jr., Luis",673357
9/1/2023,"Rogers, J.","Rodriguez, E.","Robert Jr., L.","McKinstry, Z.",2B,CS,-0.45,7.6,12.1,19.7,,"Robert Jr., Luis",673357
9/22/2023,"Wong, C.","Whitlock, G.","Robert Jr., L.","Rafaela, C.",2B,SB,0.2,11.9,11.2,23.2,,"Robert Jr., Luis",673357
9/22/2023,"Wong, C.","Whitlock, G.","Robert Jr., L.",--,3B,SB,0.2,14.6,15.6,30.2,,"Robert Jr., Luis",673357
9/24/2023,"Wong, C.","Crawford, K.","Robert Jr., L.","Valdez, E.",2B,SB,0.2,11.7,13.1,24.8,,"Robert Jr., Luis",673357
4/9/2023,"Alvarez, F.","Carrasco, C.","Berti, J.","Lindor, F.",2B,SB,0.2,9.2,12.2,21.5,,"Berti, Jon",542932
4/11/2023,"Realmuto, J.","Bellatti, A.","Berti, J.","Turner, T.",2B,SB,0.2,9.1,12,21.1,,"Berti, Jon",542932
4/12/2023,"Realmuto, J.","Wheeler, Z.","Berti, J.","Turner, T.",2B,SB,0.2,8.9,12.7,21.6,,"Berti, Jon",542932
4/14/2023,"Moreno, G.","Bumgarner, M.","Berti, J.",--,3B,SB,0.2,18,14.3,32.2,,"Berti, Jon",542932
4/30/2023,"Gomes, Y.","Steele, J.","Berti, J.","Swanson, D.",2B,CS,-0.45,4.5,11.8,16.3,,"Berti, Jon",542932
5/2/2023,"Murphy, S.","Elder, B.","Berti, J.","Olson, M.",2B,BK,0.2,--,--,--,,"Berti, Jon",542932
5/4/2023,"Murphy, S.","Dodd, D.","Berti, J.","Albies, O.",2B,SB,0.2,8.6,11.7,20.3,,"Berti, Jon",542932
5/6/2023,"Barnhart, T.","Rucker, M.","Berti, J.","Hoerner, N.",2B,CS,-0.45,6.6,12.2,18.7,,"Berti, Jon",542932
5/7/2023,"Amaya, M.","Boxberger, B.","Berti, J.","Swanson, D.",2B,SB,0.2,7.4,12.4,19.8,,"Berti, Jon",542932
5/9/2023,"Moreno, G.","McGough, S.","Berti, J.","Ahmed, N.",2B,CS,-0.45,6.5,12.3,18.7,,"Berti, Jon",542932
5/16/2023,"Ruiz, K.","Harvey, H.","Berti, J.",--,2B,SB,0.2,10.5,12.6,23.2,,"Berti, Jon",542932
5/21/2023,"Bailey, P.","Wood, A.","Berti, J.","Flores, W.",2B,BK,0.2,1.4,11.3,12.8,,"Berti, Jon",542932
6/14/2023,"Raleigh, C.","Brash, M.","Berti, J.","Caballero, J.",2B,SB,0.2,9.5,12.7,22.2,,"Berti, Jon",542932
7/8/2023,"Realmuto, J.","Suarez, R.","Berti, J.","Harrison, J.",2B,SB,0.2,10.8,12.1,22.9,,"Berti, Jon",542932
7/18/2023,"Contreras, W.","Stratton, C.","Berti, J.",--,2B,SB,0.2,10.8,12.8,23.6,,"Berti, Jon",542932
7/22/2023,"Wynns, A.","Bird, J.","Berti, J.","Tovar, E.",2B,SB,0.2,10.4,13.2,23.7,,"Berti, Jon",542932
7/30/2023,"Rogers, J.","White, B.","Berti, J.",--,2B,SB,0.2,11.4,13.1,24.4,,"Berti, Jon",542932
8/7/2023,"Stephenson, T.","Williamson, B.","Berti, J.","Votto, J.",2B,FB,0.2,--,--,--,,"Berti, Jon",542932
8/14/2023,"Maldonado, M.","Valdez, F.","Berti, J.","Bregman, A.",3B,SB,0.2,13.8,14.1,27.9,,"Berti, Jon",542932
9/10/2023,"Realmuto, J.","Strahm, M.","Berti, J.",--,3B,SB,0.2,14.6,15.9,30.6,,"Berti, Jon",542932
9/20/2023,"Narváez, O.","Senga, K.","Berti, J.",--,2B,SB,0.2,21.8,16.3,38.2,,"Berti, Jon",542932
4/22/2023,"Torrens, L.","Alzolay, A.","Taylor, C.","Hoerner, N.",2B,SB,0.2,11.7,12.4,24,,"Taylor, Chris",621035
4/30/2023,"Contreras, W.","Gallegos, G.","Taylor, C.","Gorman, N.",2B,SB,0.2,11.4,14.5,25.9,,"Taylor, Chris",621035
5/3/2023,"Stubbs, G.","Kimbrel, C.","Taylor, C.","Stott, B.",2B,SB,0.2,20.5,12.2,32.7,,"Taylor, Chris",621035
5/15/2023,"Vázquez, C.","López, J.","Taylor, C.",--,3B,SB,0.2,22.4,16.3,38.7,,"Taylor, Chris",621035
5/31/2023,"Ruiz, K.","Finnegan, K.","Taylor, C.",--,2B,SB,0.2,10.9,15.1,25.9,,"Taylor, Chris",621035
5/31/2023,"Ruiz, K.","Corbin, P.","Taylor, C.",--,2B,SB,0.2,11.8,12,23.8,,"Taylor, Chris",621035
6/10/2023,"Realmuto, J.","Nola, A.","Taylor, C.","Turner, T.",2B,SB,0.2,13.1,12,25.1,,"Taylor, Chris",621035
8/5/2023,"Sánchez, G.","Snell, B.","Taylor, C.",--,2B,SB,0.2,14.7,13.1,27.9,,"Taylor, Chris",621035
8/5/2023,"Sánchez, G.","Snell, B.","Taylor, C.","Machado, M.",3B,SB,0.2,22.1,15.3,37.4,,"Taylor, Chris",621035
8/6/2023,"Sánchez, G.","Hill, R.","Taylor, C.","Cronenworth, J.",2B,SB,0.2,12.5,11.9,24.4,,"Taylor, Chris",621035
8/9/2023,"Herrera, J.","Ginkel, K.","Taylor, C.","Perdomo, G.",2B,CS,-0.45,7.5,11.6,19.1,,"Taylor, Chris",621035
8/13/2023,"Wynns, A.","Bruihl, J.","Taylor, C.",--,3B,SB,0.2,21.6,17.7,39.3,,"Taylor, Chris",621035
8/13/2023,"Wynns, A.","Bruihl, J.","Taylor, C.","Tovar, E.",2B,SB,0.2,14.9,12.1,26.9,,"Taylor, Chris",621035
8/29/2023,"Moreno, G.","Kelly, M.","Taylor, C.","Marte, K.",2B,SB,0.2,13.7,12.1,25.8,,"Taylor, Chris",621035
8/30/2023,"Herrera, J.","Mantiply, J.","Taylor, C.",--,2B,SB,0.2,14.2,13.4,27.6,,"Taylor, Chris",621035
9/3/2023,"d'Arnaud, T.","Morton, C.","Taylor, C.","Arcia, O.",2B,SB,0.2,9.4,10.7,20.1,,"Taylor, Chris",621035
9/19/2023,"Rogers, J.","Lange, A.","Taylor, C.","Short, Z.",2B,SB,0.2,13.8,12,25.7,,"Taylor, Chris",621035
9/30/2023,"Bailey, P.","Doval, C.","Taylor, C.","Luciano, M.",2B,CS,-0.45,12.9,13.1,26,,"Taylor, Chris",621035
6/2/2023,"Caratini, V.","Williams, D.","Benson, W.","Monasterio, A.",2B,SB,0.2,8.6,10.7,19.3,,"Benson, Will",666181
6/2/2023,"Caratini, V.","Burnes, C.","Benson, W.","Miller, O.",2B,SB,0.2,10.1,11.7,21.8,,"Benson, Will",666181
6/3/2023,"Contreras, W.","Rea, C.","Benson, W.","Miller, O.",2B,SB,0.2,13.5,12,25.4,,"Benson, Will",666181
6/18/2023,"Maldonado, M.","Blanco, R.","Benson, W.","Dubón, M.",2B,SB,0.2,9.8,12.6,22.4,,"Benson, Will",666181
6/30/2023,"Sánchez, G.","Martinez, N.","Benson, W.","Cronenworth, J.",2B,PK,-0.45,--,--,--,,"Benson, Will",666181
6/30/2023,"Sánchez, G.","Lugo, S.","Benson, W.","Bogaerts, X.",2B,SB,0.2,10.3,10.9,21.2,,"Benson, Will",666181
7/15/2023,"Contreras, W.","Peralta, F.","Benson, W.",--,2B,SB,0.2,9,11.5,20.6,,"Benson, Will",666181
7/20/2023,"Bailey, P.","Junis, J.","Benson, W.","Villar, D.",3B,SB,0.2,15.6,11.9,27.6,,"Benson, Will",666181
7/21/2023,"Moreno, G.","Gilbert, T.","Benson, W.","Rivera, E.",3B,CS,-0.45,9.9,13.4,23.3,,"Benson, Will",666181
7/24/2023,"Contreras, W.","Rea, C.","Benson, W.","Adames, W.",2B,SB,0.2,7.5,11.8,19.3,,"Benson, Will",666181
8/7/2023,"Fortes, N.","Pérez, E.","Benson, W.","Berti, J.",2B,SB,0.2,9.7,11.4,21.1,,"Benson, Will",666181
8/13/2023,"Delay, J.","Keller, M.","Benson, W.","Peguero, L.",2B,SB,0.2,9.9,12.5,22.4,,"Benson, Will",666181
8/22/2023,"O'Hoppe, L.","Giolito, L.","Benson, W.",--,2B,SB,0.2,11.2,12.4,23.5,,"Benson, Will",666181
8/23/2023,"Thaiss, M.","Detmers, R.","Benson, W.","Rengifo, L.",2B,SB,0.2,12.1,11.5,23.6,,"Benson, Will",666181
9/6/2023,"Raleigh, C.","Gilbert, L.","Benson, W.","Suárez, E.",3B,SB,0.2,10.5,16,26.5,,"Benson, Will",666181
9/26/2023,"Naylor, B.","Curry, X.","Benson, W.",--,2B,SB,0.2,11.1,12,23.2,,"Benson, Will",666181
9/26/2023,"Naylor, B.","Giolito, L.","Benson, W.","Giménez, A.",2B,SB,0.2,7.6,10.9,18.5,,"Benson, Will",666181
9/29/2023,"Knizner, A.","Lawrence, C.","Benson, W.",--,2B,SB,0.2,8.8,11.7,20.5,,"Benson, Will",666181
10/1/2023,"Knizner, A.","Mikolas, M.","Benson, W.","Lopez, I.",2B,CS,-0.45,8.6,10.5,19.1,,"Benson, Will",666181
4/4/2023,"Gomes, Y.","Wesneski, H.","Fraley, J.","Hoerner, N.",2B,CS,-0.45,8,12.5,20.5,,"Fraley, Jake",641584
4/11/2023,"Murphy, S.","Tonkin, M.","Fraley, J.","Albies, O.",2B,SB,0.2,12.7,13.9,26.6,,"Fraley, Jake",641584
4/11/2023,"Murphy, S.","Wright, K.","Fraley, J.","Albies, O.",2B,SB,0.2,7.6,12.5,20.1,,"Fraley, Jake",641584
4/20/2023,"Hedges, A.","Contreras, R.","Fraley, J.","Bae, J.",2B,SB,0.2,8.3,13.2,21.4,,"Fraley, Jake",641584
5/13/2023,"Stallings, J.","Alcantara, S.","Fraley, J.","Arraez, L.",2B,SB,0.2,11.3,11.6,23,,"Fraley, Jake",641584
5/16/2023,"Díaz, E.","Anderson, C.","Fraley, J.","Trejo, A.",2B,SB,0.2,9.8,12.6,22.4,,"Fraley, Jake",641584
5/19/2023,"Higashioka, K.","Cordero, J.","Fraley, J.",--,3B,SB,0.2,14.9,17.2,32.2,,"Fraley, Jake",641584
5/27/2023,"Gomes, Y.","Merryweather, J.","Fraley, J.",--,2B,SB,0.2,11.8,12.4,24.2,,"Fraley, Jake",641584
5/27/2023,"Gomes, Y.","Merryweather, J.","Fraley, J.","Wisdom, P.",3B,CS,-0.45,12.6,15.2,27.8,,"Fraley, Jake",641584
6/2/2023,"Caratini, V.","Burnes, C.","Fraley, J.","Miller, O.",2B,SB,0.2,7.6,13.5,21.1,,"Fraley, Jake",641584
6/3/2023,"Contreras, W.","Rea, C.","Fraley, J.","Anderson, B.",3B,SB,0.2,16.6,17.5,34.1,,"Fraley, Jake",641584
6/3/2023,"Contreras, W.","Rea, C.","Fraley, J.","Miller, O.",2B,SB,0.2,11.7,12.7,24.4,,"Fraley, Jake",641584
7/1/2023,"Nola, A.","Wacha, M.","Fraley, J.","Machado, M.",3B,CS,-0.45,14.4,17.3,31.7,,"Fraley, Jake",641584
7/1/2023,"Nola, A.","Wacha, M.","Fraley, J.","Bogaerts, X.",2B,SB,0.2,4.6,11.6,16.2,,"Fraley, Jake",641584
7/4/2023,"Adams, R.","Ferrer, J.","Fraley, J.",--,3B,SB,0.2,12.6,18.3,30.9,,"Fraley, Jake",641584
7/4/2023,"Adams, R.","Ferrer, J.","Fraley, J.","García Jr., L.",2B,SB,0.2,10.4,12,22.3,,"Fraley, Jake",641584
7/5/2023,"Ruiz, K.","Gray, J.","Fraley, J.","Abrams, C.",2B,SB,0.2,11.7,11.1,22.9,,"Fraley, Jake",641584
7/26/2023,"Contreras, W.","Peguero, E.","Fraley, J.","Turang, B.",2B,CS,-0.45,11.3,11.5,22.8,,"Fraley, Jake",641584
7/30/2023,"Smith, W.","Grove, M.","Fraley, J.",--,2B,SB,0.2,9,11.6,20.6,,"Fraley, Jake",641584
7/31/2023,"Gomes, Y.","Stroman, M.","Fraley, J.","Hoerner, N.",2B,SB,0.2,10.2,12.3,22.5,,"Fraley, Jake",641584
8/3/2023,"Gomes, Y.","Taillon, J.","Fraley, J.",--,2B,SB,0.2,8.6,12.3,20.9,,"Fraley, Jake",641584
4/21/2023,"Rutschman, A.","Bautista, F.","Báez, J.",--,2B,SB,0.19,18.4,11.2,29.6,,"Báez, Javier",595879
4/22/2023,"McCann, J.","Gibson, K.","Báez, J.","Henderson, G.",2B,SB,0.2,4.5,9.2,13.7,,"Báez, Javier",595879
5/9/2023,"Gallagher, C.","Bieber, S.","Báez, J.","Giménez, A.",2B,SB,0.2,13,12,24.9,,"Báez, Javier",595879
6/4/2023,"Grandal, Y.","Kopech, M.","Báez, J.","Anderson, T.",2B,SB,0.2,6.5,12.1,18.6,,"Báez, Javier",595879
6/4/2023,"Grandal, Y.","Kopech, M.","Báez, J.","Andrus, E.",3B,SB,0.2,16.6,12.2,28.9,,"Báez, Javier",595879
6/15/2023,"Jeffers, R.","Gray, S.","Báez, J.",--,2B,SB,0.2,6.1,9.8,15.9,,"Báez, Javier",595879
7/14/2023,"Murphy, T.","Adcock, T.","Báez, J.","Crawford, J.",2B,SB,0.2,6.5,10.2,16.7,,"Báez, Javier",595879
7/18/2023,"Fermin, F.","Lynch IV, D.","Báez, J.","Duffy, M.",2B,SB,0.2,7.9,11.9,19.8,,"Báez, Javier",595879
7/18/2023,"Fermin, F.","Lynch IV, D.","Báez, J.",--,2B,SB,0.2,10.5,10.7,21.3,,"Báez, Javier",595879
7/28/2023,"Fortes, N.","Garrett, B.","Báez, J.","Arraez, L.",2B,SB,0.2,10.8,9.6,20.4,,"Báez, Javier",595879
8/18/2023,"Collins, Z.","Sandlin, N.","Báez, J.","Rocchio, B.",2B,SB,0.2,6.6,9,15.7,,"Báez, Javier",595879
8/20/2023,"Collins, Z.","De Los Santos, E.","Báez, J.","Arias, G.",2B,BK,0.2,--,--,--,,"Báez, Javier",595879
9/14/2023,"Stephenson, T.","Lively, B.","Báez, J.","India, J.",2B,SB,0.2,9.9,11.1,21,,"Báez, Javier",595879
9/17/2023,"O'Hoppe, L.","Rosenberg, K.","Báez, J.","Schanuel, N.",2B,BK,0.2,--,--,--,,"Báez, Javier",595879
3/30/2023,"Stallings, J.","Alcantara, S.","Marte, S.","Arraez, L.",2B,SB,0.2,12.9,10.4,23.2,,"Marte, Starling",516782
3/31/2023,"Fortes, N.","Luzardo, J.","Marte, S.","Arraez, L.",2B,CS,-0.45,8.1,11.1,19.2,,"Marte, Starling",516782
4/5/2023,"Contreras, W.","Burnes, C.","Marte, S.",--,2B,SB,0.2,9.7,10.6,20.3,,"Marte, Starling",516782
4/9/2023,"Fortes, N.","Garrett, B.","Marte, S.","Segura, J.",3B,SB,0.2,13.9,16.8,30.7,,"Marte, Starling",516782
4/15/2023,"Pérez, C.","Fujinami, S.","Marte, S.","Díaz, A.",2B,SB,0.2,7.2,11.6,18.8,,"Marte, Starling",516782
4/17/2023,"Wynns, A.","May, D.","Marte, S.","Rojas, M.",2B,CS,-0.45,9.8,10,19.8,,"Marte, Starling",516782
4/22/2023,"Bart, J.","Webb, L.","Marte, S.","Crawford, B.",2B,CS,-0.45,10.6,10.6,21.2,,"Marte, Starling",516782
4/27/2023,"Ruiz, K.","Thompson, M.","Marte, S.","Abrams, C.",2B,SB,0.2,11.3,11.7,23,,"Marte, Starling",516782
5/1/2023,"Murphy, S.","Strider, S.","Marte, S.","Grissom, V.",2B,SB,0.2,13.3,11.5,24.9,,"Marte, Starling",516782
5/15/2023,"Ruiz, K.","Corbin, P.","Marte, S.","Abrams, C.",2B,SB,0.2,12.1,10.9,23,,"Marte, Starling",516782
5/21/2023,"Zunino, M.","Bibee, T.","Marte, S.","Bell, J.",2B,PK,-0.45,1.6,5.6,7.2,,"Marte, Starling",516782
5/24/2023,"Barnhart, T.","Stroman, M.","Marte, S.","Swanson, D.",2B,SB,0.2,8.8,10.8,19.5,,"Marte, Starling",516782
5/25/2023,"Gomes, Y.","Hendricks, K.","Marte, S.","Swanson, D.",2B,SB,0.2,9.7,10.8,20.6,,"Marte, Starling",516782
5/30/2023,"Realmuto, J.","Suarez, R.","Marte, S.",--,2B,SB,0.2,9.7,10,19.7,,"Marte, Starling",516782
6/1/2023,"Stubbs, G.","Walker, T.","Marte, S.",--,2B,SB,0.2,11.3,10.1,21.4,,"Marte, Starling",516782
6/2/2023,"Kirk, A.","Bassitt, C.","Marte, S.","Merrifield, W.",2B,SB,0.2,7.6,12.2,19.8,,"Marte, Starling",516782
6/10/2023,"Delay, J.","Oviedo, J.","Marte, S.",--,2B,SB,0.2,8.3,11.5,19.8,,"Marte, Starling",516782
6/13/2023,"Higashioka, K.","Severino, L.","Marte, S.",--,2B,SB,0.2,7.7,10.1,17.9,,"Marte, Starling",516782
6/21/2023,"Maldonado, M.","Martinez, S.","Marte, S.","Peña, J.",2B,SB,0.2,10.3,11.2,21.4,,"Marte, Starling",516782
6/26/2023,"Contreras, W.","Rea, C.","Marte, S.","Adames, W.",2B,SB,0.2,11.2,9.9,21.2,,"Marte, Starling",516782
6/30/2023,"Bailey, P.","Doval, C.","Marte, S.","Schmitt, C.",2B,CS,-0.45,11.5,11,22.5,,"Marte, Starling",516782
7/16/2023,"Barnes, A.","Miller, B.","Marte, S.","Rojas, M.",2B,SB,0.2,8.5,11.9,20.3,,"Marte, Starling",516782
8/29/2023,"Jansen, D.","Francis, B.","Young, J.","Schneider, D.",2B,SB,0.2,4.8,12.4,17.1,,"Young, Jacob",696285
8/30/2023,"Kirk, A.","Bassitt, C.","Young, J.","Clement, E.",3B,PK,-0.45,--,--,--,,"Young, Jacob",696285
9/3/2023,"Stallings, J.","Alcantara, S.","Young, J.","Wendle, J.",2B,SB,0.2,7.9,12.9,20.8,,"Young, Jacob",696285
9/10/2023,"Barnes, A.","Suero, W.","Young, J.",--,2B,SB,0.2,14.5,13.2,27.7,,"Young, Jacob",696285
9/10/2023,"Barnes, A.","Suero, W.","Young, J.",--,3B,SB,0.2,21.7,14.3,36.1,,"Young, Jacob",696285
9/11/2023,"Rodríguez, E.","Jackson, A.","Young, J.","Williams, A.",2B,SB,0.2,8.4,12.6,21,,"Young, Jacob",696285
9/16/2023,"Contreras, W.","Peguero, E.","Young, J.",--,2B,SB,0.2,9.5,12.7,22.2,,"Young, Jacob",696285
9/22/2023,"Murphy, S.","Vines, D.","Young, J.","Arcia, O.",2B,SB,0.2,8.4,13.4,21.8,,"Young, Jacob",696285
9/29/2023,"d'Arnaud, T.","Hand, B.","Young, J.","Lopez, N.",2B,SB,0.2,12.6,13.5,26.1,,"Young, Jacob",696285
9/29/2023,"d'Arnaud, T.","Winans, A.","Young, J.","Lopez, N.",2B,SB,0.2,6.3,12.5,18.8,,"Young, Jacob",696285
9/30/2023,"Murphy, S.","Strider, S.","Young, J.",--,2B,SB,0.2,11.5,13.1,24.6,,"Young, Jacob",696285
9/30/2023,"Murphy, S.","Strider, S.","Young, J.","Albies, O.",2B,SB,0.2,11.4,12.9,24.4,,"Young, Jacob",696285
4/2/2023,"Viloria, M.","Stephan, T.","Haggerty, S.",--,3B,SB,0.2,15.9,15.7,31.6,,"Haggerty, Sam",664059
4/9/2023,"Viloria, M.","De Los Santos, E.","Haggerty, S.","Rosario, A.",2B,SB,0.2,12.2,11.2,23.4,,"Haggerty, Sam",664059
4/14/2023,"Díaz, E.","Gomber, A.","Haggerty, S.","Tovar, E.",2B,SB,0.2,16.3,11.7,28,,"Haggerty, Sam",664059
5/23/2023,"Pérez, C.","May, T.","Haggerty, S.","Kemp, T.",2B,SB,0.2,11.2,12.2,23.3,,"Haggerty, Sam",664059
9/2/2023,"Narváez, O.","Reid-Foley, S.","Haggerty, S.","Vientos, M.",3B,SB,0.2,18.5,13,31.5,,"Haggerty, Sam",664059
9/2/2023,"Narváez, O.","Reid-Foley, S.","Haggerty, S.","Mauricio, R.",2B,SB,0.2,11.8,10.9,22.7,,"Haggerty, Sam",664059
9/19/2023,"Langeliers, S.","Lucas, E.","Haggerty, S.","Gelof, Z.",2B,SB,0.2,9.7,10.5,20.2,,"Haggerty, Sam",664059
9/20/2023,"Soderstrom, T.","Pérez, F.","Haggerty, S.","Gelof, Z.",2B,SB,0.2,10.7,10.5,21.2,,"Haggerty, Sam",664059
9/27/2023,"Maldonado, M.","Valdez, F.","Haggerty, S.","Altuve, J.",2B,SB,0.2,11.8,10.8,22.6,,"Haggerty, Sam",664059
9/28/2023,"Heim, J.","Montgomery, J.","Haggerty, S.","Semien, M.",2B,SB,0.2,17.2,11.7,28.9,,"Haggerty, Sam",664059
4/2/2023,"Herrera, J.","Castro, M.","Outman, J.","Marte, K.",2B,SB,0.2,14,10.9,24.9,,"Outman, James",681546
4/10/2023,"Bart, J.","Rogers, T.","Outman, J.",--,2B,SB,0.2,10.3,11.6,22,,"Outman, James",681546
4/12/2023,"Bart, J.","Cobb, A.","Outman, J.","Villar, D.",2B,CS,-0.45,11.5,11.7,23.2,,"Outman, James",681546
4/29/2023,"Knizner, A.","Montgomery, J.","Outman, J.","Edman, T.",2B,SB,0.2,12.4,11.8,24.2,,"Outman, James",681546
4/30/2023,"Contreras, W.","Gallegos, G.","Outman, J.","Gorman, N.",2B,SB,0.2,12.2,11.6,23.8,,"Outman, James",681546
5/17/2023,"Vázquez, C.","Gray, S.","Outman, J.","Polanco, J.",2B,SB,0.2,11.2,11.3,22.5,,"Outman, James",681546
5/29/2023,"Ruiz, K.","Williams, T.","Outman, J.",--,2B,SB,0.2,10,11.2,21.2,,"Outman, James",681546
6/4/2023,"Higashioka, K.","Germán, D.","Outman, J.","Volpe, A.",2B,SB,0.2,11.4,10.9,22.3,,"Outman, James",681546
6/23/2023,"Maldonado, M.","France, J.","Outman, J.","Altuve, J.",2B,SB,0.2,11,10.4,21.4,,"Outman, James",681546
7/5/2023,"Hedges, A.","Contreras, R.","Outman, J.",--,2B,SB,0.2,10.5,11,21.5,,"Outman, James",681546
7/25/2023,"Kirk, A.","Bassitt, C.","Outman, J.","Espinal, S.",2B,SB,0.2,16.1,10.6,26.7,,"Outman, James",681546
7/28/2023,"Maile, L.","Díaz, A.","Outman, J.",--,2B,SB,0.2,14.9,10.5,25.4,,"Outman, James",681546
8/4/2023,"Campusano, L.","Darvish, Y.","Outman, J.","Kim, H.",2B,SB,0.2,15.3,11.3,26.6,,"Outman, James",681546
8/5/2023,"Sánchez, G.","Snell, B.","Outman, J.","Cronenworth, J.",2B,BK,0.2,--,--,--,,"Outman, James",681546
8/8/2023,"Kelly, C.","Castro, M.","Outman, J.","Marte, K.",2B,SB,0.2,12.5,12,24.5,,"Outman, James",681546
9/9/2023,"Ruiz, K.","Finnegan, K.","Outman, J.","Abrams, C.",2B,SB,0.2,11.5,10.6,22.2,,"Outman, James",681546
9/27/2023,"Díaz, E.","Doyle, T.","Outman, J.","Tovar, E.",2B,CS,-0.45,9.7,10.7,20.4,,"Outman, James",681546
10/1/2023,"Sabol, B.","Harrison, K.","Outman, J.","Crawford, B.",2B,SB,0.2,9.6,11.4,21,,"Outman, James",681546
6/16/2023,"Fermin, F.","Cox, A.","Velazquez, A.","Witt Jr., B.",2B,SB,0.2,10.9,10.6,21.5,,"Velazquez, Andrew",623205
6/17/2023,"Perez, S.","Chapman, A.","Velazquez, A.","Lopez, N.",2B,SB,0.2,10,9.7,19.7,,"Velazquez, Andrew",623205
6/17/2023,"Perez, S.","Chapman, A.","Velazquez, A.","Garcia, M.",3B,SB,0.2,16.4,12.1,28.5,,"Velazquez, Andrew",623205
6/18/2023,"Fermin, F.","Kriske, B.","Velazquez, A.","Lopez, N.",2B,CS,-0.45,9.9,11.1,21.1,,"Velazquez, Andrew",623205
6/20/2023,"Smith, W.","Kershaw, C.","Velazquez, A.",--,2B,SB,0.2,8.6,10.2,18.7,,"Velazquez, Andrew",623205
6/25/2023,"Díaz, E.","Bard, D.","Velazquez, A.",--,2B,SB,0.2,11.3,10.2,21.6,,"Velazquez, Andrew",623205
6/27/2023,"Zavala, S.","Santos, G.","Velazquez, A.","Anderson, T.",2B,SB,0.2,11.1,11.4,22.5,,"Velazquez, Andrew",623205
7/16/2023,"Maldonado, M.","Montero, R.","Velazquez, A.","Kessinger, G.",2B,SB,0.2,12.4,11.4,23.8,,"Velazquez, Andrew",623205
7/21/2023,"Rodríguez, E.","De los Santos, Y.","Velazquez, A.","Marcano, T.",2B,SB,0.2,10.3,11.5,21.8,,"Velazquez, Andrew",623205
8/18/2023,"Pinto, R.","Fairbanks, P.","Velazquez, A.",--,2B,SB,0.2,10.3,10.3,20.6,,"Velazquez, Andrew",623205
8/19/2023,"Pinto, R.","Glasnow, T.","Velazquez, A.",--,2B,SB,0.19,12.1,10.3,22.4,,"Velazquez, Andrew",623205
8/25/2023,"Alvarez, F.","Kolarek, A.","Velazquez, A.","Lindor, F.",2B,SB,0.2,10.2,10.4,20.6,,"Velazquez, Andrew",623205
9/2/2023,"Soderstrom, T.","Patton, S.","Velazquez, A.","Allen, N.",2B,SB,0.2,8.7,10.7,19.4,,"Velazquez, Andrew",623205
9/2/2023,"Soderstrom, T.","Patton, S.","Velazquez, A.","Diaz, J.",3B,CS,-0.45,13.5,12.7,26.2,,"Velazquez, Andrew",623205
4/7/2023,"Contreras, W.","Woodruff, B.","Edman, T.","Adames, W.",2B,CS,-0.45,9.2,13.4,22.5,,"Edman, Tommy",669242
4/22/2023,"Raleigh, C.","Castillo, L.","Edman, T.","Crawford, J.",2B,SB,0.2,9.3,10.3,19.7,,"Edman, Tommy",669242
5/17/2023,"Caratini, V.","Burnes, C.","Edman, T.","Adames, W.",2B,SB,0.2,9.3,10.6,19.9,,"Edman, Tommy",669242
5/22/2023,"Maile, L.","Díaz, A.","Edman, T.","India, J.",2B,SB,0.2,11.2,11.3,22.6,,"Edman, Tommy",669242
6/6/2023,"Garver, M.","Ragans, C.","Edman, T.","Duran, E.",2B,SB,0.2,13.4,10.8,24.1,,"Edman, Tommy",669242
6/12/2023,"Bailey, P.","Doval, C.","Edman, T.","Crawford, B.",2B,SB,0.2,13.5,11.8,25.3,,"Edman, Tommy",669242
6/17/2023,"Alvarez, F.","Raley, B.","Edman, T.","McNeil, J.",2B,SB,0.2,12.7,11,23.7,,"Edman, Tommy",669242
6/18/2023,"Alvarez, F.","Leone, D.","Edman, T.","McNeil, J.",2B,SB,0.2,13.4,11.9,25.3,,"Edman, Tommy",669242
6/20/2023,"Adams, R.","Gore, M.","Edman, T.",--,3B,SB,0.2,16.2,14.5,30.7,,"Edman, Tommy",669242
6/25/2023,"Barnhart, T.","Stroman, M.","Edman, T.",--,2B,SB,0.2,--,--,--,,"Edman, Tommy",669242
7/1/2023,"Trevino, J.","Marinaccio, R.","Edman, T.","Rizzo, A.",2B,PK,-0.45,2.5,11.1,13.6,,"Edman, Tommy",669242
8/6/2023,"Wynns, A.","Gomber, A.","Edman, T.","Trejo, A.",2B,SB,0.2,11.2,11.2,22.4,,"Edman, Tommy",669242
8/8/2023,"Bethancourt, C.","Adam, J.","Edman, T.","Franco, W.",2B,CS,-0.45,11.4,12,23.3,,"Edman, Tommy",669242
8/20/2023,"Narváez, O.","Coonrod, S.","Edman, T.","McNeil, J.",2B,SB,0.2,13.2,11.3,24.5,,"Edman, Tommy",669242
8/20/2023,"Narváez, O.","Carrasco, C.","Edman, T.","Lindor, F.",2B,SB,0.2,9.9,11.7,21.6,,"Edman, Tommy",669242
8/30/2023,"Campusano, L.","Hill, R.","Edman, T.","Machado, M.",3B,SB,0.2,26.4,12.8,39.1,,"Edman, Tommy",669242
9/3/2023,"Delay, J.","Oviedo, J.","Edman, T.","Peguero, L.",2B,SB,0.2,10.7,12,22.7,,"Edman, Tommy",669242
9/3/2023,"Delay, J.","Hernandez, J.","Edman, T.",--,3B,SB,0.2,17.6,15.1,32.6,,"Edman, Tommy",669242
9/6/2023,"Murphy, S.","Strider, S.","Edman, T.",--,3B,SB,0.2,17,13,30.1,,"Edman, Tommy",669242
9/7/2023,"d'Arnaud, T.","Fried, M.","Edman, T.","Albies, O.",2B,CS,-0.45,8.8,11,19.8,,"Edman, Tommy",669242
9/8/2023,"Maile, L.","Cruz, F.","Edman, T.",--,2B,SB,0.2,18.4,11.1,29.6,,"Edman, Tommy",669242
9/22/2023,"Sullivan, B.","Waldron, M.","Edman, T.","Kim, H.",2B,SB,0.2,8.1,11.8,19.9,,"Edman, Tommy",669242
9/30/2023,"Stephenson, T.","Phillips, C.","Edman, T.","India, J.",2B,SB,0.2,12.1,11.3,23.4,,"Edman, Tommy",669242
10/1/2023,"Maile, L.","Greene, H.","Edman, T.","De La Cruz, E.",2B,CS,-0.45,10.6,10.1,20.7,,"Edman, Tommy",669242
10/1/2023,"Maile, L.","Greene, H.","Edman, T.",--,2B,SB,0.2,12.4,10,22.3,,"Edman, Tommy",669242
4/8/2023,"Thaiss, M.","Barria, J.","Merrifield, W.","Lamb, J.",2B,BK,0.2,4.6,6.9,11.5,,"Merrifield, Whit",593160
4/9/2023,"O'Hoppe, L.","Barria, J.","Merrifield, W.","Drury, B.",2B,PK,-0.45,--,--,--,,"Merrifield, Whit",593160
4/13/2023,"Rogers, J.","Shreve, C.","Merrifield, W.",--,2B,SB,0.2,7.3,11.8,19.1,,"Merrifield, Whit",593160
4/19/2023,"Maldonado, M.","Garcia, L.","Merrifield, W.","Peña, J.",2B,CS,-0.45,12.5,11.5,24,,"Merrifield, Whit",593160
4/25/2023,"Grandal, Y.","Clevinger, M.","Merrifield, W.",--,3B,SB,0.2,20.6,15.8,36.4,,"Merrifield, Whit",593160
4/26/2023,"Zavala, S.","Kopech, M.","Merrifield, W.","Burger, J.",3B,SB,0.2,15.1,16,31.1,,"Merrifield, Whit",593160
5/5/2023,"Hedges, A.","Moreta, D.","Merrifield, W.",--,3B,SB,0.2,18.9,17.9,36.9,,"Merrifield, Whit",593160
5/5/2023,"Hedges, A.","Hill, R.","Merrifield, W.","Marcano, T.",2B,SB,0.2,1.1,11,12.1,,"Merrifield, Whit",593160
5/5/2023,"Hedges, A.","Hill, R.","Merrifield, W.",--,3B,SB,0.2,23.2,15.3,38.6,,"Merrifield, Whit",593160
5/12/2023,"Murphy, S.","Strider, S.","Merrifield, W.",--,2B,SB,0.2,14,11.9,25.9,,"Merrifield, Whit",593160
5/13/2023,"Murphy, S.","Jiménez, J.","Merrifield, W.",--,3B,SB,0.2,16.9,17.1,34,,"Merrifield, Whit",593160
5/13/2023,"Murphy, S.","Lee, D.","Merrifield, W.","Albies, O.",2B,SB,0.2,13.3,13.4,26.7,,"Merrifield, Whit",593160
5/13/2023,"Murphy, S.","Jiménez, J.","Merrifield, W.",--,2B,SB,0.2,23.8,13.1,36.9,,"Merrifield, Whit",593160
5/14/2023,"d'Arnaud, T.","Tonkin, M.","Merrifield, W.","Arcia, O.",2B,SB,0.2,11.7,11.9,23.6,,"Merrifield, Whit",593160
5/20/2023,"Rutschman, A.","Baumann, M.","Merrifield, W.",--,3B,SB,0.2,23.8,17.3,41.1,,"Merrifield, Whit",593160
5/21/2023,"McCann, J.","Baumann, M.","Merrifield, W.","Mountcastle, R.",2B,PK,-0.45,--,--,--,,"Merrifield, Whit",593160
6/4/2023,"Alvarez, F.","Leone, D.","Merrifield, W.","Escobar, E.",3B,SB,0.2,14.6,16.3,31,,"Merrifield, Whit",593160
6/6/2023,"Maldonado, M.","Montero, R.","Merrifield, W.","Bregman, A.",3B,CS,-0.45,14.7,16.7,31.4,,"Merrifield, Whit",593160
6/9/2023,"Vázquez, C.","Gray, S.","Merrifield, W.","Solano, D.",2B,BK,0.2,-0.1,9.8,9.7,,"Merrifield, Whit",593160
6/14/2023,"Rutschman, A.","Bradish, K.","Merrifield, W.","Henderson, G.",2B,CS,-0.45,6.3,11.6,17.8,,"Merrifield, Whit",593160
6/14/2023,"Rutschman, A.","Coulombe, D.","Merrifield, W.","Urías, R.",3B,SB,0.19,16.7,17.9,34.7,,"Merrifield, Whit",593160
6/27/2023,"Bailey, P.","Wood, A.","Merrifield, W.","Estrada, T.",2B,CS,-0.45,8.3,13.2,21.5,,"Merrifield, Whit",593160
7/4/2023,"Zavala, S.","López, R.","Merrifield, W.",--,2B,SB,0.2,20,11.7,31.8,,"Merrifield, Whit",593160
7/20/2023,"Sánchez, G.","Snell, B.","Merrifield, W.",--,2B,SB,0.2,12,13.5,25.5,,"Merrifield, Whit",593160
7/20/2023,"Sánchez, G.","Snell, B.","Merrifield, W.","Machado, M.",3B,CS,-0.45,15.4,16.2,31.6,,"Merrifield, Whit",593160
7/28/2023,"Thaiss, M.","Giolito, L.","Merrifield, W.","Velazquez, A.",2B,SB,0.2,11.6,10.9,22.5,,"Merrifield, Whit",593160
8/13/2023,"Amaya, M.","Taillon, J.","Merrifield, W.",--,2B,SB,0.2,14.5,13.4,27.9,,"Merrifield, Whit",593160
8/18/2023,"Stephenson, T.","Kennedy, B.","Merrifield, W.","McLain, M.",2B,SB,0.2,11.1,12.7,23.8,,"Merrifield, Whit",593160
9/1/2023,"Díaz, E.","Flexen, C.","Merrifield, W.","Tovar, E.",2B,SB,0.2,14.6,12.9,27.5,,"Merrifield, Whit",593160
9/20/2023,"Wells, A.","King, M.","Merrifield, W.",--,2B,SB,0.2,15.2,13,28.2,,"Merrifield, Whit",593160
9/22/2023,"Pinto, R.","Adam, J.","Merrifield, W.","Mead, C.",3B,CS,-0.45,19.3,16.7,36,,"Merrifield, Whit",593160
4/3/2023,"Narváez, O.","Carrasco, C.","Yelich, C.","Lindor, F.",2B,SB,0.2,14.4,11.6,26,,"Yelich, Christian",592885
4/13/2023,"Campusano, L.","García, L.","Yelich, C.","Machado, M.",3B,SB,0.2,18.3,13.9,32.2,,"Yelich, Christian",592885
4/17/2023,"Raleigh, C.","Murfee, P.","Yelich, C.","Wong, K.",2B,SB,0.2,7.7,13.5,21.2,,"Yelich, Christian",592885
4/22/2023,"Wong, C.","Whitlock, G.","Yelich, C.","Chang, Y.",2B,SB,0.2,11.8,11.7,23.4,,"Yelich, Christian",592885
5/7/2023,"Sabol, B.","Waites, C.","Yelich, C.","Estrada, T.",2B,SB,0.2,10.4,12.7,23.1,,"Yelich, Christian",592885
5/8/2023,"Barnes, A.","Suero, W.","Yelich, C.",--,2B,SB,0.2,16.6,10.6,27.2,,"Yelich, Christian",592885
5/12/2023,"Fermin, F.","Taylor, J.","Yelich, C.","Garcia, M.",2B,SB,0.2,13.4,12.3,25.6,,"Yelich, Christian",592885
5/21/2023,"Mejía, F.","Diekman, J.","Yelich, C.",--,2B,SB,0.2,17.1,13.5,30.6,,"Yelich, Christian",592885
6/1/2023,"Heineman, T.","Gausman, K.","Yelich, C.","Bichette, B.",2B,CS,-0.45,12.2,10.9,23.1,,"Yelich, Christian",592885
6/3/2023,"Casali, C.","Ashcraft, G.","Yelich, C.","Newman, K.",2B,SB,0.2,8.2,11.2,19.5,,"Yelich, Christian",592885
6/6/2023,"Rutschman, A.","Coulombe, D.","Yelich, C.","Frazier, A.",2B,SB,0.2,12.4,12.3,24.8,,"Yelich, Christian",592885
6/6/2023,"Rutschman, A.","Coulombe, D.","Yelich, C.",--,3B,SB,0.19,19.4,19.7,39.1,,"Yelich, Christian",592885
6/24/2023,"Naylor, B.","Bibee, T.","Yelich, C.","Giménez, A.",2B,SB,0.2,9.8,12.6,22.4,,"Yelich, Christian",592885
7/4/2023,"Amaya, M.","Hendricks, K.","Yelich, C.",--,2B,SB,0.2,9.7,12.2,22,,"Yelich, Christian",592885
7/6/2023,"Gomes, Y.","Leiter Jr., M.","Yelich, C.","Morel, C.",2B,SB,0.2,12.9,11.8,24.7,,"Yelich, Christian",592885
7/20/2023,"Stubbs, G.","Walker, T.","Yelich, C.","Hall, D.",2B,PK,-0.45,--,--,--,,"Yelich, Christian",592885
7/24/2023,"Stephenson, T.","Ashcraft, G.","Yelich, C.","McLain, M.",2B,SB,0.2,20,12.1,32.1,,"Yelich, Christian",592885
8/5/2023,"Delay, J.","Falter, B.","Yelich, C.",--,2B,SB,0.2,13.4,12.3,25.7,,"Yelich, Christian",592885
8/11/2023,"Grandal, Y.","Kopech, M.","Yelich, C.","Andrus, E.",2B,SB,0.2,9.4,11.3,20.8,,"Yelich, Christian",592885
8/13/2023,"Pérez, C.","Bummer, A.","Yelich, C.","Remillard, Z.",2B,SB,0.2,10.3,12.9,23.2,,"Yelich, Christian",592885
8/23/2023,"Jeffers, R.","Maeda, K.","Yelich, C.","Farmer, K.",2B,SB,0.2,8.8,10.9,19.6,,"Yelich, Christian",592885
8/23/2023,"Jeffers, R.","Duran, J.","Yelich, C.","Polanco, J.",2B,SB,0.2,12.6,11.4,24,,"Yelich, Christian",592885
8/29/2023,"Gomes, Y.","Merryweather, J.","Yelich, C.","Hoerner, N.",2B,CS,-0.45,8.8,9.9,18.7,,"Yelich, Christian",592885
10/1/2023,"Amaya, M.","Smyly, D.","Yelich, C.",--,3B,SB,0.2,24.4,17.9,42.3,,"Yelich, Christian",592885
4/18/2023,"Higashioka, K.","Marinaccio, R.","Ohtani, S.","Peraza, O.",2B,SB,0.2,15.5,10.9,26.4,,"Ohtani, Shohei",660271
4/25/2023,"Langeliers, S.","Lovelady, R.","Ohtani, S.",--,2B,SB,0.2,9.3,11.8,21.1,,"Ohtani, Shohei",660271
4/25/2023,"Langeliers, S.","Lovelady, R.","Ohtani, S.",--,3B,SB,0.2,14.9,17.2,32,,"Ohtani, Shohei",660271
4/29/2023,"Caratini, V.","Peguero, E.","Ohtani, S.","Miller, O.",2B,SB,0.2,11.9,11.9,23.9,,"Ohtani, Shohei",660271
4/29/2023,"Caratini, V.","Strzelecki, P.","Ohtani, S.","Anderson, B.",3B,SB,0.2,16.6,17.5,34.1,,"Ohtani, Shohei",660271
5/3/2023,"Contreras, W.","Helsley, R.","Ohtani, S.","Donovan, B.",3B,BK,0.2,4.3,12.3,16.6,,"Ohtani, Shohei",660271
5/27/2023,"Stallings, J.","Brazobán, H.","Ohtani, S.","Arraez, L.",2B,SB,0.2,12.5,11.6,24.1,,"Ohtani, Shohei",660271
6/7/2023,"Amaya, M.","Taillon, J.","Ohtani, S.",--,2B,SB,0.2,15.9,12,27.9,,"Ohtani, Shohei",660271
6/7/2023,"Amaya, M.","Taillon, J.","Ohtani, S.",--,3B,SB,0.2,17.6,16.7,34.3,,"Ohtani, Shohei",660271
6/13/2023,"León, S.","Leclerc, J.","Ohtani, S.","Semien, M.",2B,SB,0.2,11.2,11.1,22.3,,"Ohtani, Shohei",660271
6/17/2023,"Perez, S.","Mayers, M.","Ohtani, S.","Lopez, N.",2B,CS,-0.45,9.8,11.2,21,,"Ohtani, Shohei",660271
7/25/2023,"Rogers, J.","Rodriguez, E.","Ohtani, S.",--,3B,SB,0.2,--,--,--,,"Ohtani, Shohei",660271
8/1/2023,"Murphy, S.","Strider, S.","Ohtani, S.","Albies, O.",2B,SB,0.2,15.6,11.1,26.7,,"Ohtani, Shohei",660271
8/3/2023,"Raleigh, C.","Woo, B.","Ohtani, S.","Rojas, J.",2B,SB,0.2,12.7,10.8,23.5,,"Ohtani, Shohei",660271
8/7/2023,"Bailey, P.","Webb, L.","Ohtani, S.","Estrada, T.",2B,SB,0.2,14,11.5,25.5,,"Ohtani, Shohei",660271
8/13/2023,"Maldonado, M.","Montero, R.","Ohtani, S.","Dubón, M.",2B,SB,0.2,12.8,11.6,24.4,,"Ohtani, Shohei",660271
8/26/2023,"Narváez, O.","Bickford, P.","Ohtani, S.",--,3B,SB,0.2,18.8,16.1,34.9,,"Ohtani, Shohei",660271
8/26/2023,"Narváez, O.","Bickford, P.","Ohtani, S.","McNeil, J.",2B,SB,0.19,12.6,11.7,24.3,,"Ohtani, Shohei",660271
8/29/2023,"Realmuto, J.","Lorenzen, M.","Ohtani, S.","Sosa, E.",3B,CS,-0.45,13.3,13.9,27.2,,"Ohtani, Shohei",660271
9/3/2023,"Langeliers, S.","Martinez, A.","Ohtani, S.",--,2B,SB,0.2,17.5,10.8,28.3,,"Ohtani, Shohei",660271
6/9/2023,"Zunino, M.","Sandlin, N.","Altuve, J.",--,2B,SB,0.2,7.6,10.8,18.4,,"Altuve, Jose",514888
6/10/2023,"Zunino, M.","McKenzie, T.","Altuve, J.","Freeman, T.",2B,SB,0.2,14.8,11.5,26.3,,"Altuve, Jose",514888
6/14/2023,"Ruiz, K.","Gray, J.","Altuve, J.",--,2B,SB,0.2,11.8,10.8,22.5,,"Altuve, Jose",514888
6/17/2023,"Casali, C.","Greene, H.","Altuve, J.","McLain, M.",2B,SB,0.2,11.9,10.3,22.1,,"Altuve, Jose",514888
6/24/2023,"Smith, W.","Miller, B.","Altuve, J.","Vargas, M.",2B,SB,0.2,12,10.7,22.7,,"Altuve, Jose",514888
7/31/2023,"Naylor, B.","Syndergaard, N.","Altuve, J.","Arias, G.",2B,SB,0.19,14.1,11.6,25.8,,"Altuve, Jose",514888
7/31/2023,"Naylor, B.","Syndergaard, N.","Altuve, J.",--,2B,SB,0.19,11.9,11.6,23.5,,"Altuve, Jose",514888
8/3/2023,"Rortvedt, B.","Schmidt, C.","Altuve, J.","Torres, G.",2B,SB,0.2,16,10.7,26.6,,"Altuve, Jose",514888
8/5/2023,"Rortvedt, B.","Cortes, N.","Altuve, J.","Torres, G.",2B,SB,0.2,15.3,11.2,26.5,,"Altuve, Jose",514888
8/6/2023,"Higashioka, K.","Rodón, C.","Altuve, J.","LeMahieu, D.",3B,SB,0.2,14.1,13.8,27.9,,"Altuve, Jose",514888
8/14/2023,"Fortes, N.","Garrett, B.","Altuve, J.","Berti, J.",2B,SB,0.2,9.6,10.2,19.8,,"Altuve, Jose",514888
8/20/2023,"O'Keefe, B.","Hancock, E.","Altuve, J.","Rojas, J.",2B,SB,0.2,6.9,9.4,16.3,,"Altuve, Jose",514888
9/29/2023,"Moreno, G.","Thompson, R.","Altuve, J.","Marte, K.",2B,SB,0.2,19,11.8,30.8,,"Altuve, Jose",514888
4/4/2023,"Stephenson, T.","Kuhnel, J.","Mastrobuoni, M.","India, J.",2B,SB,0.2,10.2,10.7,20.9,,"Mastrobuoni, Miles",670156
5/17/2023,"Diaz, Y.","Montero, R.","Mastrobuoni, M.","Hensley, D.",2B,SB,0.2,17.8,10.6,28.4,,"Mastrobuoni, Miles",670156
5/29/2023,"Bethancourt, C.","La Sorsa, J.","Mastrobuoni, M.","Lowe, B.",2B,SB,0.2,8.3,11.1,19.4,,"Mastrobuoni, Miles",670156
5/31/2023,"Bethancourt, C.","Adam, J.","Mastrobuoni, M.","Lowe, B.",2B,SB,0.2,9.6,10.8,20.4,,"Mastrobuoni, Miles",670156
6/18/2023,"Rutschman, A.","Cano, Y.","Mastrobuoni, M.","Urías, R.",3B,SB,0.2,13.3,17.7,31,,"Mastrobuoni, Miles",670156
7/16/2023,"Wong, C.","Crawford, K.","Mastrobuoni, M.","Chang, Y.",2B,SB,0.2,13.8,11.1,24.9,,"Mastrobuoni, Miles",670156
7/25/2023,"Grandal, Y.","Kopech, M.","Mastrobuoni, M.","Anderson, T.",2B,SB,0.2,9.8,11.3,21.1,,"Mastrobuoni, Miles",670156
9/8/2023,"Moreno, G.","Gallen, Z.","Mastrobuoni, M.","Marte, K.",2B,CS,-0.45,9.4,10.9,20.3,,"Mastrobuoni, Miles",670156
9/22/2023,"Díaz, E.","Davis, N.","Mastrobuoni, M.","Tovar, E.",2B,SB,0.2,12.2,10.9,23.1,,"Mastrobuoni, Miles",670156
9/23/2023,"Díaz, E.","Koch, M.","Mastrobuoni, M.",--,2B,SB,0.2,17.7,13,30.7,,"Mastrobuoni, Miles",670156
9/26/2023,"Murphy, S.","Hand, B.","Mastrobuoni, M.","Albies, O.",2B,SB,0.2,12.2,11,23.2,,"Mastrobuoni, Miles",670156
4/6/2023,"Nola, A.","Snell, B.","Harris II, M.","Kim, H.",2B,SB,0.19,9.4,10,19.4,,"Harris II, Michael",671739
5/7/2023,"Rutschman, A.","Bautista, F.","Harris II, M.","Frazier, A.",2B,SB,0.19,11.4,11.1,22.5,,"Harris II, Michael",671739
6/14/2023,"Haase, E.","Bristo, B.","Harris II, M.","Short, Z.",2B,SB,0.2,9.9,11.9,21.8,,"Harris II, Michael",671739
6/22/2023,"Realmuto, J.","Marte, Y.","Harris II, M.",--,2B,SB,0.2,10.5,11,21.5,,"Harris II, Michael",671739
6/28/2023,"Vázquez, C.","Maeda, K.","Harris II, M.","Solano, D.",2B,SB,0.2,10.9,11.4,22.3,,"Harris II, Michael",671739
7/2/2023,"Stallings, J.","Alcantara, S.","Harris II, M.","Arraez, L.",2B,SB,0.2,9.3,11.4,20.7,,"Harris II, Michael",671739
7/5/2023,"Naylor, B.","Herrin, T.","Harris II, M.","Giménez, A.",2B,SB,0.2,13.5,9.6,23.1,,"Harris II, Michael",671739
7/16/2023,"Zavala, S.","López, R.","Harris II, M.","Andrus, E.",2B,SB,0.2,14.4,11.1,25.5,,"Harris II, Michael",671739
7/25/2023,"Wong, C.","Bleier, R.","Harris II, M.","Arroyo, C.",2B,SB,0.2,17.2,10.7,27.9,,"Harris II, Michael",671739
8/9/2023,"Rodríguez, E.","Hernandez, J.","Harris II, M.","Triolo, J.",2B,SB,0.2,12.1,10.1,22.3,,"Harris II, Michael",671739
8/10/2023,"Delay, J.","Holderman, C.","Harris II, M.",--,2B,SB,0.2,11.1,11.2,22.3,,"Harris II, Michael",671739
8/25/2023,"Sabol, B.","Webb, L.","Harris II, M.","Estrada, T.",2B,SB,0.2,12.5,11.1,23.6,,"Harris II, Michael",671739
8/25/2023,"Sabol, B.","Webb, L.","Harris II, M.","Estrada, T.",2B,SB,0.2,12.6,10.6,23.1,,"Harris II, Michael",671739
4/5/2023,"Salazar, C.","Javier, C.","McKinstry, Z.","Hensley, D.",2B,SB,0.2,12.3,12.7,25.1,,"McKinstry, Zach",656716
4/18/2023,"Zunino, M.","Morgan, E.","McKinstry, Z.","Giménez, A.",2B,CS,-0.45,9.3,12.2,21.6,,"McKinstry, Zach",656716
4/24/2023,"Contreras, W.","Wilson, B.","McKinstry, Z.","Miller, O.",2B,SB,0.2,8.3,11.7,20,,"McKinstry, Zach",656716
4/27/2023,"Rutschman, A.","Gibson, K.","McKinstry, Z.","Mateo, J.",2B,SB,0.2,10.9,11.7,22.6,,"McKinstry, Zach",656716
5/9/2023,"Gallagher, C.","Bieber, S.","McKinstry, Z.","Rosario, A.",2B,SB,0.2,8.7,13.2,21.9,,"McKinstry, Zach",656716
5/21/2023,"Adams, R.","Gray, J.","McKinstry, Z.","Vargas, I.",2B,SB,0.2,11.7,12.3,24,,"McKinstry, Zach",656716
5/25/2023,"Zavala, S.","Giolito, L.","McKinstry, Z.","Anderson, T.",2B,SB,0.2,9.8,13.3,23.2,,"McKinstry, Zach",656716
5/27/2023,"Grandal, Y.","Scholtens, J.","McKinstry, Z.",--,2B,SB,0.2,7.1,12.5,19.6,,"McKinstry, Zach",656716
5/28/2023,"Grandal, Y.","Crochet, G.","McKinstry, Z.",--,2B,SB,0.2,9.3,11.1,20.5,,"McKinstry, Zach",656716
5/28/2023,"Grandal, Y.","Cease, D.","McKinstry, Z.","Alberto, H.",3B,SB,0.2,18.4,10.1,28.5,,"McKinstry, Zach",656716
7/1/2023,"Wynns, A.","Lambert, P.","McKinstry, Z.","Castro, H.",2B,SB,0.2,10,12.8,22.9,,"McKinstry, Zach",656716
7/14/2023,"Murphy, T.","Saucedo, T.","McKinstry, Z.","Crawford, J.",2B,SB,0.2,15.2,9.7,24.8,,"McKinstry, Zach",656716
7/23/2023,"Sánchez, G.","Musgrove, J.","McKinstry, Z.","Bogaerts, X.",2B,CS,-0.45,8,12.3,20.3,,"McKinstry, Zach",656716
8/13/2023,"Wong, C.","Jansen, K.","McKinstry, Z.","Reyes, P.",3B,BK,0.2,--,--,--,,"McKinstry, Zach",656716
8/19/2023,"Naylor, B.","Karinchak, J.","McKinstry, Z.","Giménez, A.",2B,SB,0.19,11,12.2,23.2,,"McKinstry, Zach",656716
8/22/2023,"Amaya, M.","Cuas, J.","McKinstry, Z.","Hoerner, N.",2B,SB,0.2,10.9,12.5,23.4,,"McKinstry, Zach",656716
9/1/2023,"Lee, K.","Ramsey, L.","McKinstry, Z.","Sosa, L.",2B,SB,0.2,9.5,12.9,22.4,,"McKinstry, Zach",656716
4/1/2023,"Moreno, G.","Bumgarner, M.","Freeman, F.","Marte, K.",2B,CS,-0.45,13.2,10.4,23.5,,"Freeman, Freddie",518692
4/20/2023,"Barnhart, T.","Boxberger, B.","Freeman, F.","Swanson, D.",2B,SB,0.2,12.3,12.8,25.1,,"Freeman, Freddie",518692
4/22/2023,"Barnhart, T.","Leiter Jr., M.","Freeman, F.","Wisdom, P.",2B,BK,0.2,5.1,11.8,17,,"Freeman, Freddie",518692
4/29/2023,"Knizner, A.","Montgomery, J.","Freeman, F.","Edman, T.",2B,SB,0.2,14.9,11.5,26.4,,"Freeman, Freddie",518692
4/29/2023,"Knizner, A.","Cabrera, G.","Freeman, F.",--,2B,SB,0.2,16.2,11.2,27.4,,"Freeman, Freddie",518692
5/9/2023,"Caratini, V.","Lauer, E.","Freeman, F.","Turang, B.",2B,SB,0.2,11.2,13.5,24.8,,"Freeman, Freddie",518692
5/31/2023,"Ruiz, K.","Corbin, P.","Freeman, F.","García Jr., L.",2B,SB,0.2,10,11.5,21.6,,"Freeman, Freddie",518692
5/31/2023,"Ruiz, K.","Harvey, H.","Freeman, F.","García Jr., L.",2B,SB,0.2,9.5,11.9,21.4,,"Freeman, Freddie",518692
6/14/2023,"Grandal, Y.","Clevinger, M.","Freeman, F.","Andrus, E.",2B,SB,0.2,9.7,11.8,21.4,,"Freeman, Freddie",518692
6/20/2023,"Wallach, C.","Detmers, R.","Freeman, F.","Drury, B.",2B,SB,0.2,10.8,13.3,24.1,,"Freeman, Freddie",518692
6/30/2023,"Fermin, F.","Marsh, A.","Freeman, F.","Witt Jr., B.",2B,SB,0.2,13.4,12.4,25.8,,"Freeman, Freddie",518692
7/6/2023,"Delay, J.","Perdomo, A.","Freeman, F.","Gonzales, N.",2B,SB,0.2,11.6,10.9,22.5,,"Freeman, Freddie",518692
7/30/2023,"Stephenson, T.","Ashcraft, G.","Freeman, F.",--,2B,SB,0.2,19.5,12.2,31.6,,"Freeman, Freddie",518692
8/1/2023,"Langeliers, S.","Snead, K.","Freeman, F.","Gelof, Z.",2B,SB,0.2,12.5,11.5,24,,"Freeman, Freddie",518692
8/5/2023,"Sánchez, G.","Snell, B.","Freeman, F.",--,2B,SB,0.2,8.2,12.2,20.4,,"Freeman, Freddie",518692
8/8/2023,"Kelly, C.","Frías, L.","Freeman, F.","Walker, C.",2B,PK,-0.45,--,--,--,,"Freeman, Freddie",518692
8/22/2023,"Naylor, B.","Syndergaard, N.","Freeman, F.","Giménez, A.",2B,SB,0.19,14.6,12.9,27.4,,"Freeman, Freddie",518692
9/15/2023,"Raleigh, C.","Speier, G.","Freeman, F.","Haggerty, S.",2B,SB,0.2,11.4,13.7,25.1,,"Freeman, Freddie",518692
9/18/2023,"Rogers, J.","Cisnero, J.","Freeman, F.","Ibáñez, A.",2B,SB,0.2,7.5,13,20.6,,"Freeman, Freddie",518692
9/21/2023,"Sabol, B.","Alexander, S.","Freeman, F.","Estrada, T.",2B,SB,0.2,13.2,11.3,24.4,,"Freeman, Freddie",518692
9/27/2023,"Díaz, E.","Mears, N.","Freeman, F.","Rodgers, B.",2B,SB,0.2,10.3,13.6,23.9,,"Freeman, Freddie",518692
4/24/2023,"McCann, J.","Cano, Y.","Tapia, R.","Mountcastle, R.",2B,BK,0.2,--,--,--,,"Tapia, Raimel",606132
5/1/2023,"Jansen, D.","Pearson, N.","Tapia, R.","Bichette, B.",2B,SB,0.2,8.6,11.2,19.8,,"Tapia, Raimel",606132
5/4/2023,"Jansen, D.","Gausman, K.","Tapia, R.","Bichette, B.",2B,SB,0.2,12.3,12.2,24.5,,"Tapia, Raimel",606132
5/4/2023,"Jansen, D.","Pop, Z.","Tapia, R.","Bichette, B.",2B,SB,0.2,11,12.2,23.2,,"Tapia, Raimel",606132
5/6/2023,"Realmuto, J.","Hoffman, J.","Tapia, R.","Turner, T.",2B,SB,0.2,12,12.4,24.4,,"Tapia, Raimel",606132
5/7/2023,"Realmuto, J.","Walker, T.","Tapia, R.","Turner, T.",2B,CS,-0.45,9.4,11.1,20.5,,"Tapia, Raimel",606132
5/20/2023,"Nola, A.","Musgrove, J.","Tapia, R.","Kim, H.",3B,SB,0.2,10,16.5,26.5,,"Tapia, Raimel",606132
6/3/2023,"Mejía, F.","Stephenson, R.","Tapia, R.","Walls, T.",2B,SB,0.2,9,11.6,20.6,,"Tapia, Raimel",606132
7/6/2023,"Gomes, Y.","Stroman, M.","Tapia, R.","Morel, C.",2B,SB,0.2,9.4,12.4,21.8,,"Tapia, Raimel",606132
7/8/2023,"Stephenson, T.","Weaver, L.","Tapia, R.","McLain, M.",2B,CS,-0.45,7.1,11.3,18.4,,"Tapia, Raimel",606132
7/18/2023,"Realmuto, J.","Nola, A.","Tapia, R.","Stott, B.",2B,SB,0.2,14.7,10.4,25.1,,"Tapia, Raimel",606132
10/1/2023,"Heineman, T.","Parsons, W.","Tapia, R.",--,2B,SB,0.2,11.2,12.8,24,,"Tapia, Raimel",606132
10/1/2023,"Heineman, T.","Swanson, E.","Tapia, R.","Schneider, D.",2B,SB,0.2,12,12.3,24.3,,"Tapia, Raimel",606132
5/6/2023,"Rutschman, A.","Coulombe, D.","Albies, O.","Mateo, J.",2B,SB,0.2,12.5,11.5,24.1,,"Albies, Ozzie",645277
5/12/2023,"Kirk, A.","Bassitt, C.","Albies, O.","Guerrero Jr., V.",2B,BK,0.2,5.6,0.6,6.2,,"Albies, Ozzie",645277
6/2/2023,"Moreno, G.","Kelly, M.","Albies, O.","Walker, C.",2B,FB,0.2,--,--,--,,"Albies, Ozzie",645277
6/4/2023,"Herrera, J.","Gallen, Z.","Albies, O.","Marte, K.",2B,SB,0.2,9,12.3,21.3,,"Albies, Ozzie",645277
6/12/2023,"Rogers, J.","Alexander, T.","Albies, O.","Báez, J.",2B,SB,0.2,7.6,12.5,20.1,,"Albies, Ozzie",645277
6/23/2023,"Maile, L.","Gibaut, I.","Albies, O.","India, J.",2B,SB,0.2,12.3,11.5,23.9,,"Albies, Ozzie",645277
6/24/2023,"Casali, C.","Ashcraft, G.","Albies, O.","McLain, M.",2B,SB,0.2,11.6,11.9,23.5,,"Albies, Ozzie",645277
6/25/2023,"Stephenson, T.","Farmer, B.","Albies, O.",--,2B,SB,0.2,9,12.9,21.9,,"Albies, Ozzie",645277
7/15/2023,"Zavala, S.","Graveman, K.","Albies, O.","Remillard, Z.",2B,SB,0.2,14.6,12,26.6,,"Albies, Ozzie",645277
8/5/2023,"Gomes, Y.","Fulmer, M.","Albies, O.","Hoerner, N.",2B,SB,0.2,10.4,11.7,22,,"Albies, Ozzie",645277
8/10/2023,"Delay, J.","Falter, B.","Albies, O.","Triolo, J.",2B,SB,0.2,10.6,11.7,22.2,,"Albies, Ozzie",645277
8/12/2023,"Alvarez, F.","Quintana, J.","Albies, O.","Mendick, D.",2B,SB,0.2,9.6,12.3,21.9,,"Albies, Ozzie",645277
8/12/2023,"Narváez, O.","Reyes, D.","Albies, O.","Araúz, J.",2B,SB,0.2,11.2,12,23.1,,"Albies, Ozzie",645277
9/21/2023,"Millas, D.","Machado, A.","Albies, O.","García Jr., L.",2B,SB,0.2,14.3,11.1,25.4,,"Albies, Ozzie",645277
9/27/2023,"Gomes, Y.","Merryweather, J.","Albies, O.","Hoerner, N.",2B,CS,-0.45,10.5,11.4,21.9,,"Albies, Ozzie",645277
6/23/2023,"Bethancourt, C.","Eflin, Z.","Waters, D.","Bruján, V.",2B,CS,-0.45,7.8,11.6,19.4,,"Waters, Drew",671221
6/29/2023,"Gallagher, C.","Stephan, T.","Waters, D.",--,2B,SB,0.2,14.5,11.6,26.1,,"Waters, Drew",671221
6/30/2023,"Smith, W.","Miller, B.","Waters, D.","Rojas, M.",2B,SB,0.2,10.1,12.2,22.3,,"Waters, Drew",671221
7/5/2023,"Jeffers, R.","López, P.","Waters, D.","Kirilloff, A.",2B,PK,-0.45,--,--,--,,"Waters, Drew",671221
7/15/2023,"Mejía, F.","Glasnow, T.","Waters, D.",--,2B,SB,0.19,9.6,11.9,21.5,,"Waters, Drew",671221
7/21/2023,"Higashioka, K.","Holmes, C.","Waters, D.",--,2B,SB,0.2,7.8,11.1,18.9,,"Waters, Drew",671221
8/7/2023,"Wong, C.","Bello, B.","Waters, D.","Devers, R.",3B,SB,0.2,14.3,14.7,29,,"Waters, Drew",671221
8/8/2023,"Wong, C.","Robertson, N.","Waters, D.","Story, T.",2B,SB,0.2,12,12.5,24.5,,"Waters, Drew",671221
8/14/2023,"Raleigh, C.","Gilbert, L.","Waters, D.","Rojas, J.",2B,CS,-0.45,7.9,11.9,19.8,,"Waters, Drew",671221
8/18/2023,"Gomes, Y.","Taillon, J.","Waters, D.","Hoerner, N.",2B,SB,0.2,8,12.1,20.1,,"Waters, Drew",671221
8/22/2023,"Langeliers, S.","Harris, H.","Waters, D.","Allen, N.",2B,SB,0.2,10.8,10.4,21.2,,"Waters, Drew",671221
8/23/2023,"Langeliers, S.","Muller, K.","Waters, D.","Gelof, Z.",2B,SB,0.2,14.2,10.5,24.7,,"Waters, Drew",671221
9/6/2023,"Lee, K.","Toussaint, T.","Waters, D.",--,2B,SB,0.2,21.8,13.2,35,,"Waters, Drew",671221
9/20/2023,"Gallagher, C.","Karinchak, J.","Waters, D.",--,2B,SB,0.19,11.4,11.9,23.3,,"Waters, Drew",671221
9/20/2023,"Gallagher, C.","Karinchak, J.","Waters, D.","Ramírez, J.",3B,SB,0.2,12.9,16,28.9,,"Waters, Drew",671221
9/24/2023,"Diaz, Y.","Pressly, R.","Waters, D.",--,2B,SB,0.2,10.5,12.3,22.8,,"Waters, Drew",671221
4/1/2023,"Zavala, S.","Lambert, J.","McCormick, C.","Andrus, E.",2B,SB,0.2,11.3,11.6,22.9,,"McCormick, Chas",676801
4/2/2023,"Grandal, Y.","Clevinger, M.","McCormick, C.","Andrus, E.",2B,SB,0.2,11.3,11.9,23.2,,"McCormick, Chas",676801
4/2/2023,"Grandal, Y.","Santos, G.","McCormick, C.","Andrus, E.",2B,SB,0.2,10.8,11.4,22.2,,"McCormick, Chas",676801
4/12/2023,"Heineman, T.","Hill, R.","McCormick, C.","Mathias, M.",2B,SB,0.2,10.3,11.7,22,,"McCormick, Chas",676801
6/15/2023,"Ruiz, K.","Finnegan, K.","McCormick, C.","García Jr., L.",2B,SB,0.2,10.5,13.2,23.7,,"McCormick, Chas",676801
6/16/2023,"Maile, L.","Díaz, A.","McCormick, C.",--,2B,SB,0.2,12.9,12.6,25.4,,"McCormick, Chas",676801
6/25/2023,"Smith, W.","Gonsolin, T.","McCormick, C.","Betts, M.",2B,SB,0.2,9.7,12.5,22.1,,"McCormick, Chas",676801
6/25/2023,"Smith, W.","Phillips, E.","McCormick, C.","Betts, M.",2B,CS,-0.45,8.5,12.4,20.9,,"McCormick, Chas",676801
6/30/2023,"Heim, J.","Gray, J.","McCormick, C.","Semien, M.",2B,SB,0.2,9,12.8,21.8,,"McCormick, Chas",676801
7/9/2023,"Raleigh, C.","Gilbert, L.","McCormick, C.","Wong, K.",2B,SB,0.2,12.1,13.8,25.9,,"McCormick, Chas",676801
7/20/2023,"Soderstrom, T.","Tarnok, F.","McCormick, C.",--,2B,SB,0.2,5.9,12.6,18.5,,"McCormick, Chas",676801
7/22/2023,"Langeliers, S.","Blackburn, P.","McCormick, C.","Gelof, Z.",2B,SB,0.2,11.6,12.1,23.7,,"McCormick, Chas",676801
8/2/2023,"Naylor, B.","Bibee, T.","McCormick, C.","Giménez, A.",2B,SB,0.2,8.1,13.4,21.5,,"McCormick, Chas",676801
8/5/2023,"Rortvedt, B.","Hamilton, I.","McCormick, C.","Torres, G.",2B,CS,-0.45,4.5,12.4,16.9,,"McCormick, Chas",676801
8/6/2023,"Higashioka, K.","Peralta, W.","McCormick, C.","Bauers, J.",2B,BK,0.2,--,--,--,,"McCormick, Chas",676801
8/13/2023,"Wallach, C.","Moore, M.","McCormick, C.",--,2B,SB,0.2,9.8,12.1,21.9,,"McCormick, Chas",676801
8/15/2023,"Stallings, J.","Cueto, J.","McCormick, C.","Bell, J.",2B,PK,-0.45,--,--,--,,"McCormick, Chas",676801
8/20/2023,"Raleigh, C.","Topa, J.","McCormick, C.","Moore, D.",2B,CS,-0.45,6.6,12.8,19.4,,"McCormick, Chas",676801
9/4/2023,"Heim, J.","Otto Jr., G.","McCormick, C.","Semien, M.",2B,CS,-0.45,5.2,12.7,17.9,,"McCormick, Chas",676801
9/10/2023,"Campusano, L.","Waldron, M.","McCormick, C.","Kim, H.",2B,SB,0.2,7.8,13.8,21.6,,"McCormick, Chas",676801
9/10/2023,"Campusano, L.","Waldron, M.","McCormick, C.",--,2B,SB,0.2,5.2,13.6,18.8,,"McCormick, Chas",676801
9/17/2023,"Porter, L.","Lyles, J.","McCormick, C.","Loftin, N.",2B,SB,0.2,9.9,13.5,23.4,,"McCormick, Chas",676801
9/17/2023,"Porter, L.","Davidson, T.","McCormick, C.","Loftin, N.",2B,SB,0.2,10.1,12.5,22.6,,"McCormick, Chas",676801
9/18/2023,"Rutschman, A.","Fujinami, S.","McCormick, C.",--,2B,SB,0.2,9.6,13.2,22.9,,"McCormick, Chas",676801
9/20/2023,"Rutschman, A.","Bradish, K.","McCormick, C.","Frazier, A.",2B,CS,-0.45,3.9,12.8,16.7,,"McCormick, Chas",676801
9/25/2023,"Raleigh, C.","Castillo, L.","McCormick, C.",--,2B,CS,-0.45,--,--,--,,"McCormick, Chas",676801
4/4/2023,"Rogers, J.","Manning, M.","Julks, C.","Torkelson, S.",2B,PK,-0.45,--,--,--,,"Julks, Corey",667452
4/9/2023,"Jeffers, R.","Mahle, T.","Julks, C.","Gordon, N.",2B,CS,-0.45,7.4,11.6,19.1,,"Julks, Corey",667452
4/21/2023,"Murphy, S.","Anderson, N.","Julks, C.","Albies, O.",2B,CS,-0.45,8.6,11.5,20.1,,"Julks, Corey",667452
4/25/2023,"Mejía, F.","Rasmussen, D.","Julks, C.","Franco, W.",2B,SB,0.2,12.2,10.9,23.1,,"Julks, Corey",667452
4/29/2023,"Realmuto, J.","Wheeler, Z.","Julks, C.","Stott, B.",2B,SB,0.2,10.8,11.6,22.4,,"Julks, Corey",667452
5/9/2023,"Okey, C.","Ohtani, S.","Julks, C.","Drury, B.",2B,SB,0.2,9.2,11.5,20.7,,"Julks, Corey",667452
5/12/2023,"Zavala, S.","Santos, G.","Julks, C.",--,2B,SB,0.2,8.5,11.6,20.1,,"Julks, Corey",667452
5/12/2023,"Zavala, S.","Kopech, M.","Julks, C.","Andrus, E.",2B,SB,0.2,6.9,12.4,19.4,,"Julks, Corey",667452
6/6/2023,"Kirk, A.","Gausman, K.","Julks, C.","Merrifield, W.",2B,SB,0.2,9.7,11.9,21.5,,"Julks, Corey",667452
6/6/2023,"Kirk, A.","Gausman, K.","Julks, C.","Merrifield, W.",2B,SB,0.2,8.5,12.1,20.6,,"Julks, Corey",667452
6/10/2023,"Zunino, M.","McKenzie, T.","Julks, C.","Freeman, T.",2B,SB,0.2,9.4,11.2,20.6,,"Julks, Corey",667452
6/10/2023,"Zunino, M.","McKenzie, T.","Julks, C.",--,2B,SB,0.2,7.5,12.7,20.2,,"Julks, Corey",667452
6/11/2023,"Gallagher, C.","Bieber, S.","Julks, C.","Giménez, A.",2B,CS,-0.45,8.3,11.6,19.9,,"Julks, Corey",667452
6/21/2023,"Narváez, O.","Leone, D.","Julks, C.","McNeil, J.",2B,SB,0.2,11.1,10.7,21.8,,"Julks, Corey",667452
6/25/2023,"Smith, W.","Brasier, R.","Julks, C.","Betts, M.",2B,SB,0.2,8.5,12.2,20.7,,"Julks, Corey",667452
7/3/2023,"Heim, J.","Otto Jr., G.","Julks, C.","Semien, M.",2B,SB,0.2,11.6,12.9,24.5,,"Julks, Corey",667452
7/4/2023,"Díaz, E.","Hollowell, G.","Julks, C.","Castro, H.",2B,SB,0.2,7.3,11,18.3,,"Julks, Corey",667452
7/6/2023,"Raleigh, C.","Kirby, G.","Julks, C.","Caballero, J.",2B,SB,0.2,9.6,11.9,21.5,,"Julks, Corey",667452
4/9/2023,"Bethancourt, C.","Rasmussen, D.","Laureano, R.","Paredes, I.",3B,SB,0.2,16,13.5,29.5,,"Laureano, Ramón",657656
4/12/2023,"McCann, J.","Pérez, C.","Laureano, R.","Henderson, G.",3B,SB,0.2,20.3,13,33.3,,"Laureano, Ramón",657656
5/4/2023,"Raleigh, C.","Kirby, G.","Laureano, R.","Suárez, E.",3B,SB,0.2,19.3,13.7,33,,"Laureano, Ramón",657656
5/27/2023,"Maldonado, M.","Valdez, F.","Laureano, R.",--,3B,SB,0.2,22.2,18.4,40.6,,"Laureano, Ramón",657656
6/7/2023,"Delay, J.","Ortiz, L.","Laureano, R.","Castro, R.",2B,SB,0.2,10.6,10.2,20.8,,"Laureano, Ramón",657656
6/11/2023,"Contreras, W.","Peguero, E.","Laureano, R.",--,3B,SB,0.2,22,12.9,34.9,,"Laureano, Ramón",657656
6/13/2023,"Mejía, F.","Poche, C.","Laureano, R.","Paredes, I.",3B,SB,0.2,18.4,12.6,30.9,,"Laureano, Ramón",657656
8/10/2023,"Jansen, D.","Manoah, A.","Laureano, R.",--,3B,SB,0.2,16.2,12.4,28.6,,"Laureano, Ramón",657656
9/27/2023,"Maile, L.","Abbott, A.","Laureano, R.","Marte, N.",3B,SB,0.2,19.8,11,30.9,,"Laureano, Ramón",657656
9/29/2023,"Rogers, J.","Vasquez, A.","Laureano, R.","Báez, J.",2B,CS,-0.45,9.2,10.7,19.9,,"Laureano, Ramón",657656
9/29/2023,"Rogers, J.","Wentz, J.","Laureano, R.",--,2B,SB,0.2,17.5,12.9,30.4,,"Laureano, Ramón",657656
10/1/2023,"Rogers, J.","Rodriguez, E.","Laureano, R.","Ibáñez, A.",2B,SB,0.2,11.8,8.4,20.3,,"Laureano, Ramón",657656
5/4/2023,"McCann, J.","Coulombe, D.","Garcia, M.","Henderson, G.",3B,SB,0.19,18,16.5,34.5,,"Garcia, Maikel",672580
5/6/2023,"Langeliers, S.","Waldichuk, K.","Garcia, M.","Smith, K.",2B,SB,0.2,11.7,12.3,24,,"Garcia, Maikel",672580
5/24/2023,"Haase, E.","Boyd, M.","Garcia, M.",--,3B,SB,0.2,17.7,15.1,32.8,,"Garcia, Maikel",672580
6/5/2023,"Fortes, N.","Brazobán, H.","Garcia, M.","Wendle, J.",2B,SB,0.2,12.1,12.6,24.7,,"Garcia, Maikel",672580
6/17/2023,"Wallach, C.","Devenski, C.","Garcia, M.","Velazquez, A.",2B,SB,0.19,9.6,12.2,21.8,,"Garcia, Maikel",672580
6/18/2023,"Wallach, C.","Anderson, T.","Garcia, M.","Velazquez, A.",2B,SB,0.2,9,12,21,,"Garcia, Maikel",672580
6/22/2023,"Mejía, F.","Fairbanks, P.","Garcia, M.",--,3B,SB,0.2,14.5,17.6,32.1,,"Garcia, Maikel",672580
6/22/2023,"Mejía, F.","Fairbanks, P.","Garcia, M.","Bruján, V.",2B,SB,0.2,14.8,12.7,27.5,,"Garcia, Maikel",672580
6/22/2023,"Mejía, F.","McClanahan, S.","Garcia, M.",--,3B,SB,0.2,15.4,17.3,32.6,,"Garcia, Maikel",672580
6/25/2023,"Bethancourt, C.","Glasnow, T.","Garcia, M.","Paredes, I.",3B,SB,0.2,15,16.7,31.7,,"Garcia, Maikel",672580
6/30/2023,"Smith, W.","Miller, B.","Garcia, M.","Rojas, M.",2B,SB,0.2,11.1,12.5,23.7,,"Garcia, Maikel",672580
6/30/2023,"Smith, W.","Miller, B.","Garcia, M.","Rojas, M.",2B,SB,0.2,11.7,12,23.7,,"Garcia, Maikel",672580
7/1/2023,"Smith, W.","Urías, J.","Garcia, M.","Hernández, Y.",3B,CS,-0.45,14.5,14.3,28.7,,"Garcia, Maikel",672580
7/9/2023,"Gallagher, C.","Sandlin, N.","Garcia, M.","Rosario, A.",2B,CS,-0.45,8.1,16.6,24.7,,"Garcia, Maikel",672580
7/23/2023,"Higashioka, K.","Severino, L.","Garcia, M.","Rizzo, A.",2B,PK,-0.45,--,--,--,,"Garcia, Maikel",672580
8/1/2023,"Alvarez, F.","Gott, T.","Garcia, M.","Mendick, D.",2B,SB,0.2,11.6,15.8,27.3,,"Garcia, Maikel",672580
8/3/2023,"Narváez, O.","Carrasco, C.","Garcia, M.","Alonso, P.",2B,PK,-0.45,--,--,--,,"Garcia, Maikel",672580
8/5/2023,"Realmuto, J.","Sánchez, C.","Garcia, M.","Bohm, A.",3B,SB,0.2,13.6,14.4,28.1,,"Garcia, Maikel",672580
8/8/2023,"Wong, C.","Lamet, D.","Garcia, M.",--,2B,SB,0.2,9.1,11,20,,"Garcia, Maikel",672580
8/15/2023,"Raleigh, C.","Hancock, E.","Garcia, M.","Caballero, J.",2B,CS,-0.45,8,10.4,18.3,,"Garcia, Maikel",672580
8/23/2023,"Langeliers, S.","Martinez, A.","Garcia, M.","Diaz, J.",3B,CS,-0.45,14.6,15.3,29.9,,"Garcia, Maikel",672580
8/23/2023,"Langeliers, S.","Martinez, A.","Garcia, M.","Gelof, Z.",2B,SB,0.2,11.7,11.6,23.3,,"Garcia, Maikel",672580
9/3/2023,"Wong, C.","Sale, C.","Garcia, M.","Valdez, E.",2B,SB,0.2,10.7,10.5,21.2,,"Garcia, Maikel",672580
9/12/2023,"Pérez, C.","Kopech, M.","Garcia, M.","Sosa, L.",2B,SB,0.2,8.9,11.4,20.3,,"Garcia, Maikel",672580
9/16/2023,"Diaz, Y.","France, J.","Garcia, M.","Altuve, J.",2B,SB,0.2,8.3,10.6,18.9,,"Garcia, Maikel",672580
9/23/2023,"Diaz, Y.","France, J.","Garcia, M.","Altuve, J.",2B,SB,0.2,8.9,9.9,18.9,,"Garcia, Maikel",672580
9/26/2023,"Kelly, C.","Olson, R.","Garcia, M.","McKinstry, Z.",3B,CS,-0.45,14.6,14.9,29.5,,"Garcia, Maikel",672580
9/2/2023,"Raleigh, C.","Castillo, L.","Mauricio, R.","Crawford, J.",2B,SB,0.2,9.1,11.6,20.8,,"Mauricio, Ronny",677595
9/3/2023,"Raleigh, C.","Kirby, G.","Mauricio, R.","Rojas, J.",2B,SB,0.2,9.4,11,20.4,,"Mauricio, Ronny",677595
9/6/2023,"Ruiz, K.","Adon, J.","Mauricio, R.","Abrams, C.",2B,SB,0.2,12.3,13,25.3,,"Mauricio, Ronny",677595
9/11/2023,"Herrera, J.","Sewald, P.","Mauricio, R.",--,3B,SB,0.2,15.5,20.5,36,,"Mauricio, Ronny",677595
9/15/2023,"Maile, L.","Sims, L.","Mauricio, R.","Steer, S.",2B,FB,0.2,--,--,--,,"Mauricio, Ronny",677595
9/18/2023,"Stallings, J.","Cabrera, E.","Mauricio, R.","Wendle, J.",2B,SB,0.2,11.6,12.3,24,,"Mauricio, Ronny",677595
10/1/2023,"Stubbs, G.","Nelson, N.","Mauricio, R.","Bohm, A.",3B,SB,0.18,16.8,14.3,31.1,,"Mauricio, Ronny",677595
7/15/2023,"Jeffers, R.","López, P.","Gelof, Z.","Correa, C.",2B,SB,0.2,9.8,10.8,20.7,,"Gelof, Zack",680869
7/15/2023,"Jeffers, R.","López, P.","Gelof, Z.",--,3B,SB,0.2,17.4,16.7,34.1,,"Gelof, Zack",680869
7/22/2023,"Maldonado, M.","Javier, C.","Gelof, Z.","Peña, J.",2B,CS,-0.45,13.1,11.2,24.2,,"Gelof, Zack",680869
7/25/2023,"Bailey, P.","Cobb, A.","Gelof, Z.","Schmitt, C.",2B,SB,0.2,11.5,12,23.5,,"Gelof, Zack",680869
7/29/2023,"Díaz, E.","Bird, J.","Gelof, Z.","McMahon, R.",3B,SB,0.2,18,15.3,33.3,,"Gelof, Zack",680869
7/29/2023,"Díaz, E.","Bird, J.","Gelof, Z.","Tovar, E.",2B,SB,0.2,11.2,11.1,22.3,,"Gelof, Zack",680869
8/6/2023,"Bailey, P.","Alexander, S.","Gelof, Z.","Crawford, B.",2B,SB,0.2,15,12.8,27.8,,"Gelof, Zack",680869
8/16/2023,"Knizner, A.","Liberatore, M.","Gelof, Z.",--,3B,SB,0.2,14.2,14.5,28.7,,"Gelof, Zack",680869
8/22/2023,"Perez, S.","Greinke, Z.","Gelof, Z.","Massey, M.",2B,SB,0.2,9.2,11.2,20.5,,"Gelof, Zack",680869
8/28/2023,"O'Keefe, B.","Woo, B.","Gelof, Z.","Crawford, J.",2B,SB,0.2,11.8,12.4,24.2,,"Gelof, Zack",680869
9/4/2023,"Kirk, A.","Berríos, J.","Gelof, Z.","Clement, E.",3B,PK,-0.45,--,--,--,,"Gelof, Zack",680869
9/4/2023,"Kirk, A.","Berríos, J.","Gelof, Z.","Clement, E.",2B,SB,0.2,10.8,11.3,22.1,,"Gelof, Zack",680869
9/8/2023,"Heim, J.","Leclerc, J.","Gelof, Z.","Smith, J.",3B,CS,-0.45,12.9,15.5,28.4,,"Gelof, Zack",680869
9/15/2023,"Campusano, L.","Suarez, R.","Gelof, Z.","Kim, H.",2B,SB,0.2,12.8,10.6,23.5,,"Gelof, Zack",680869
9/20/2023,"Raleigh, C.","Kirby, G.","Gelof, Z.","Crawford, J.",2B,SB,0.2,10.3,9.9,20.2,,"Gelof, Zack",680869
4/1/2023,"Murphy, T.","Gilbert, L.","Ramírez, J.",--,2B,SB,0.2,11.7,13.6,25.3,,"Ramírez, José",608070
4/10/2023,"Trevino, J.","Hamilton, I.","Ramírez, J.",--,2B,SB,0.2,8.3,12.7,21,,"Ramírez, José",608070
4/15/2023,"Ruiz, K.","Ward, T.","Ramírez, J.","Abrams, C.",2B,CS,-0.45,7.4,13,20.4,,"Ramírez, José",608070
4/28/2023,"McGuire, R.","Pivetta, N.","Ramírez, J.","Hernández, E.",2B,SB,0.2,11.7,12.3,24,,"Ramírez, José",608070
4/29/2023,"Wong, C.","Bello, B.","Ramírez, J.","Arroyo, C.",2B,CS,-0.45,9,13,21.9,,"Ramírez, José",608070
5/3/2023,"Higashioka, K.","Hamilton, I.","Ramírez, J.","Rizzo, A.",2B,PK,-0.45,--,--,--,,"Ramírez, José",608070
5/13/2023,"Thaiss, M.","Detmers, R.","Ramírez, J.","Neto, Z.",3B,PK,-0.45,--,--,--,,"Ramírez, José",608070
5/26/2023,"Contreras, W.","Pallante, A.","Ramírez, J.","DeJong, P.",2B,CS,-0.45,9,12.1,21.1,,"Ramírez, José",608070
6/22/2023,"Pérez, C.","Sears, J.","Ramírez, J.","Díaz, A.",2B,CS,-0.45,10.9,12.4,23.3,,"Ramírez, José",608070
6/27/2023,"Fermin, F.","Singer, B.","Ramírez, J.","Witt Jr., B.",2B,SB,0.2,11.1,11.6,22.7,,"Ramírez, José",608070
6/28/2023,"Perez, S.","Kriske, B.","Ramírez, J.",--,2B,SB,0.2,21.8,15.5,37.3,,"Ramírez, José",608070
7/7/2023,"Perez, S.","Lynch IV, D.","Ramírez, J.","Massey, M.",3B,BK,0.2,--,--,--,,"Ramírez, José",608070
7/21/2023,"Realmuto, J.","Suarez, R.","Ramírez, J.",--,2B,SB,0.2,9.5,13.2,22.7,,"Ramírez, José",608070
7/21/2023,"Realmuto, J.","Suarez, R.","Ramírez, J.","Turner, T.",2B,SB,0.2,10.2,11.3,21.4,,"Ramírez, José",608070
7/31/2023,"Diaz, Y.","Abreu, B.","Ramírez, J.","Peña, J.",2B,SB,0.2,11.5,12.4,23.9,,"Ramírez, José",608070
8/6/2023,"Grandal, Y.","Scholtens, J.","Ramírez, J.","Remillard, Z.",2B,SB,0.2,18.8,11,29.9,,"Ramírez, José",608070
8/6/2023,"Grandal, Y.","Scholtens, J.","Ramírez, J.","Remillard, Z.",2B,SB,0.2,7.7,10.8,18.6,,"Ramírez, José",608070
8/23/2023,"Smith, W.","González, V.","Ramírez, J.","Rosario, A.",2B,SB,0.2,13.1,13.1,26.2,,"Ramírez, José",608070
8/23/2023,"Smith, W.","González, V.","Ramírez, J.","Hernández, E.",3B,SB,0.2,16.4,15.2,31.6,,"Ramírez, José",608070
9/16/2023,"Heim, J.","Dunning, D.","Ramírez, J.","Seager, C.",2B,SB,0.2,10.4,11.1,21.5,,"Ramírez, José",608070
9/18/2023,"Porter, L.","Singer, B.","Ramírez, J.","Witt Jr., B.",2B,SB,0.2,9.3,10.2,19.6,,"Ramírez, José",608070
9/21/2023,"Rutschman, A.","Rodriguez, G.","Ramírez, J.",--,2B,SB,0.2,21.5,13.5,35,,"Ramírez, José",608070
9/26/2023,"Maile, L.","Greene, H.","Ramírez, J.","De La Cruz, E.",2B,SB,0.2,9.5,11.9,21.4,,"Ramírez, José",608070
3/30/2023,"Zunino, M.","Bieber, S.","Kelenic, J.","Rosario, A.",2B,SB,0.2,13.2,11.6,24.8,,"Kelenic, Jarred",672284
4/8/2023,"Zunino, M.","Quantrill, C.","Kelenic, J.",--,2B,SB,0.2,13.8,12.2,26,,"Kelenic, Jarred",672284
4/16/2023,"Serven, B.","Davis, N.","Kelenic, J.","McMahon, R.",2B,SB,0.2,9.6,11.5,21.1,,"Kelenic, Jarred",672284
4/21/2023,"Contreras, W.","Matz, S.","Kelenic, J.","Goldschmidt, P.",2B,BK,0.2,0.7,11.7,12.4,,"Kelenic, Jarred",672284
4/28/2023,"Kirk, A.","Manoah, A.","Kelenic, J.","Merrifield, W.",2B,SB,0.2,8.1,15.6,23.8,,"Kelenic, Jarred",672284
4/28/2023,"Kirk, A.","Manoah, A.","Kelenic, J.",--,2B,SB,0.2,8.6,13.3,21.9,,"Kelenic, Jarred",672284
5/2/2023,"Langeliers, S.","Miller, M.","Kelenic, J.","Allen, N.",2B,CS,-0.45,8.9,11,19.9,,"Kelenic, Jarred",672284
5/15/2023,"Wong, C.","Bernardino, B.","Kelenic, J.","Valdez, E.",2B,SB,0.2,8.5,10.8,19.2,,"Kelenic, Jarred",672284
5/19/2023,"Murphy, S.","Elder, B.","Kelenic, J.","Albies, O.",2B,CS,-0.45,8.7,11,19.7,,"Kelenic, Jarred",672284
5/29/2023,"Higashioka, K.","Germán, D.","Kelenic, J.","Torres, G.",2B,SB,0.2,9,11.8,20.8,,"Kelenic, Jarred",672284
6/13/2023,"Stallings, J.","Cabrera, E.","Kelenic, J.","Berti, J.",2B,SB,0.2,9.4,11.1,20.5,,"Kelenic, Jarred",672284
6/24/2023,"Rutschman, A.","Kremer, D.","Kelenic, J.","Frazier, A.",2B,SB,0.2,8.6,11.8,20.4,,"Kelenic, Jarred",672284
6/26/2023,"Ruiz, K.","Williams, T.","Kelenic, J.","Smith, D.",2B,FB,0.2,--,--,--,,"Kelenic, Jarred",672284
6/26/2023,"Ruiz, K.","Abbott, C.","Kelenic, J.","Abrams, C.",2B,SB,0.2,8.7,11.3,20,,"Kelenic, Jarred",672284
6/30/2023,"Bethancourt, C.","Kelly, K.","Kelenic, J.","Walls, T.",2B,SB,0.2,10.2,11.7,22,,"Kelenic, Jarred",672284
7/4/2023,"Bailey, P.","Winn, K.","Kelenic, J.","Schmitt, C.",2B,CS,-0.45,6.7,12.2,18.9,,"Kelenic, Jarred",672284
7/17/2023,"Jeffers, R.","Ortega, O.","Kelenic, J.","Julien, E.",2B,SB,0.2,7.8,12.5,20.3,,"Kelenic, Jarred",672284
9/20/2023,"Soderstrom, T.","Martinez, A.","Kelenic, J.","Gelof, Z.",2B,CS,-0.45,9.8,11.3,21.1,,"Kelenic, Jarred",672284
9/24/2023,"Heim, J.","Eovaldi, N.","Kelenic, J.","Seager, C.",2B,SB,0.2,11.8,12.6,24.4,,"Kelenic, Jarred",672284
6/22/2023,"Mejía, F.","Kelly, K.","Taylor, S.",--,3B,SB,0.2,--,--,--,,"Taylor, Samad",669392
7/17/2023,"Haase, E.","Foley, J.","Taylor, S.","Short, Z.",2B,SB,0.2,7.8,11.6,19.4,,"Taylor, Samad",669392
7/28/2023,"Jeffers, R.","Jax, G.","Taylor, S.","Correa, C.",2B,SB,0.2,8.9,10.9,19.8,,"Taylor, Samad",669392
8/1/2023,"Alvarez, F.","Quintana, J.","Taylor, S.","Lindor, F.",2B,SB,0.2,9.5,10.5,20,,"Taylor, Samad",669392
8/3/2023,"Narváez, O.","Carrasco, C.","Taylor, S.",--,2B,SB,0.2,14,11,25,,"Taylor, Samad",669392
8/21/2023,"Langeliers, S.","Blackburn, P.","Taylor, S.","Díaz, A.",2B,SB,0.2,11.4,11.4,22.8,,"Taylor, Samad",669392
4/23/2023,"Casali, C.","Cruz, F.","Suwinski, J.",--,3B,SB,0.2,16.4,18.1,34.6,,"Suwinski, Jack",669261
4/23/2023,"Maile, L.","Greene, H.","Suwinski, J.","Barrero, J.",2B,SB,0.2,13.6,7.3,20.9,,"Suwinski, Jack",669261
4/27/2023,"Barnes, A.","Urías, J.","Suwinski, J.","Betts, M.",2B,SB,0.2,10.7,11.5,22.1,,"Suwinski, Jack",669261
4/29/2023,"Adams, R.","Weems, J.","Suwinski, J.",--,2B,SB,0.2,10.4,11,21.4,,"Suwinski, Jack",669261
4/29/2023,"Ruiz, K.","Kuhl, C.","Suwinski, J.","Candelario, J.",3B,CS,-0.45,13.4,14.7,28.1,,"Suwinski, Jack",669261
5/28/2023,"Murphy, T.","Sewald, P.","Suwinski, J.","Caballero, J.",2B,SB,0.2,8.7,11.8,20.5,,"Suwinski, Jack",669261
6/28/2023,"Sánchez, G.","Snell, B.","Suwinski, J.","Kim, H.",2B,SB,0.2,14.6,10.2,24.8,,"Suwinski, Jack",669261
8/7/2023,"Murphy, S.","Minter, A.","Suwinski, J.","Albies, O.",2B,SB,0.2,16.1,12.1,28.1,,"Suwinski, Jack",669261
8/27/2023,"Gomes, Y.","Assad, J.","Suwinski, J.","Swanson, D.",2B,SB,0.2,10.1,10.4,20.5,,"Suwinski, Jack",669261
9/9/2023,"Murphy, S.","Tonkin, M.","Suwinski, J.","Arcia, O.",2B,SB,0.2,11.9,11.3,23.1,,"Suwinski, Jack",669261
9/9/2023,"Murphy, S.","Yates, K.","Suwinski, J.","Albies, O.",2B,SB,0.2,11.8,10.9,22.7,,"Suwinski, Jack",669261
9/12/2023,"Ruiz, K.","Adon, J.","Suwinski, J.","Vargas, I.",2B,SB,0.2,9,10.2,19.2,,"Suwinski, Jack",669261
9/21/2023,"Gomes, Y.","Hendricks, K.","Suwinski, J.","Mastrobuoni, M.",3B,SB,0.2,9.7,15.9,25.6,,"Suwinski, Jack",669261
3/30/2023,"Stephenson, T.","Farmer, B.","Bae, J.",--,2B,SB,0.2,9.8,13.3,23.1,,"Bae, Ji Hwan",678225
3/30/2023,"Stephenson, T.","Greene, H.","Bae, J.","Steer, S.",3B,SB,0.2,14.5,13.6,28.1,,"Bae, Ji Hwan",678225
4/12/2023,"Diaz, Y.","Urquidy, J.","Bae, J.","Peña, J.",2B,SB,0.2,12.4,12,24.4,,"Bae, Ji Hwan",678225
4/14/2023,"Contreras, W.","Thompson, Z.","Bae, J.","Donovan, B.",2B,SB,0.2,11.6,10.1,21.6,,"Bae, Ji Hwan",678225
4/17/2023,"Díaz, E.","Freeland, K.","Bae, J.","Montero, E.",3B,SB,0.2,12.4,14.4,26.8,,"Bae, Ji Hwan",678225
4/18/2023,"Díaz, E.","Ureña, J.","Bae, J.","Tovar, E.",2B,CS,-0.45,9,13.2,22.2,,"Bae, Ji Hwan",678225
4/18/2023,"Díaz, E.","Suter, B.","Bae, J.","Cron, C.",2B,PK,-0.45,--,--,--,,"Bae, Ji Hwan",678225
4/25/2023,"Barnes, A.","Syndergaard, N.","Bae, J.","Vargas, M.",2B,SB,0.19,9,12.4,21.4,,"Bae, Ji Hwan",678225
4/25/2023,"Barnes, A.","Syndergaard, N.","Bae, J.","Vargas, M.",2B,SB,0.19,9.3,13.6,22.9,,"Bae, Ji Hwan",678225
4/26/2023,"Wynns, A.","Bickford, P.","Bae, J.","Vargas, M.",2B,SB,0.2,13.7,13,26.7,,"Bae, Ji Hwan",678225
4/26/2023,"Wynns, A.","Almonte, Y.","Bae, J.",--,3B,SB,0.2,16.7,12.5,29.3,,"Bae, Ji Hwan",678225
4/30/2023,"Ruiz, K.","Gray, J.","Bae, J.",--,2B,SB,0.2,10,13.4,23.4,,"Bae, Ji Hwan",678225
5/3/2023,"Mejía, F.","McClanahan, S.","Bae, J.",--,2B,SB,0.2,17.1,7.7,24.8,,"Bae, Ji Hwan",678225
5/3/2023,"Mejía, F.","Anderson, C.","Bae, J.","Franco, W.",2B,SB,0.2,11.1,12.9,24,,"Bae, Ji Hwan",678225
5/5/2023,"Jansen, D.","Bassitt, C.","Bae, J.","Chapman, M.",3B,CS,-0.45,14.1,13.6,27.7,,"Bae, Ji Hwan",678225
5/5/2023,"Jansen, D.","Bassitt, C.","Bae, J.","Bichette, B.",2B,SB,0.2,7.8,12.1,19.9,,"Bae, Ji Hwan",678225
5/12/2023,"Rutschman, A.","Baker, B.","Bae, J.","Frazier, A.",2B,CS,-0.45,8.9,12.7,21.6,,"Bae, Ji Hwan",678225
5/20/2023,"Moreno, G.","Pfaadt, B.","Bae, J.","Perdomo, G.",2B,CS,-0.45,8.2,12.6,20.8,,"Bae, Ji Hwan",678225
5/23/2023,"Heim, J.","Eovaldi, N.","Bae, J.","Lowe, N.",2B,PK,-0.45,--,--,--,,"Bae, Ji Hwan",678225
5/27/2023,"Raleigh, C.","Castillo, L.","Bae, J.","Crawford, J.",2B,SB,0.2,10.2,11.2,21.3,,"Bae, Ji Hwan",678225
6/5/2023,"Pérez, C.","Sears, J.","Bae, J.",--,3B,SB,0.2,17.4,13.2,30.7,,"Bae, Ji Hwan",678225
6/13/2023,"Barnhart, T.","Taillon, J.","Bae, J.","Hoerner, N.",2B,CS,-0.45,6.3,11.7,18,,"Bae, Ji Hwan",678225
6/16/2023,"Contreras, W.","Teheran, J.","Bae, J.","Monasterio, A.",2B,SB,0.2,11,11,22,,"Bae, Ji Hwan",678225
9/1/2023,"Contreras, W.","VerHagen, D.","Bae, J.","Edman, T.",2B,SB,0.2,12,11.4,23.4,,"Bae, Ji Hwan",678225
9/5/2023,"Contreras, W.","Woodruff, B.","Bae, J.","Adames, W.",2B,CS,-0.45,11.8,11,22.8,,"Bae, Ji Hwan",678225
9/13/2023,"Millas, D.","Rutledge, J.","Bae, J.","Abrams, C.",2B,SB,0.2,10.6,10.4,21,,"Bae, Ji Hwan",678225
9/22/2023,"Maile, L.","Gibaut, I.","Bae, J.","India, J.",2B,SB,0.2,9.4,10.3,19.7,,"Bae, Ji Hwan",678225
9/23/2023,"Stephenson, T.","Law, D.","Bae, J.","Marte, N.",3B,CS,-0.45,7.4,14.6,22,,"Bae, Ji Hwan",678225
4/8/2023,"Heim, J.","Pérez, M.","Bellinger, C.","Semien, M.",2B,SB,0.2,10.6,12.1,22.7,,"Bellinger, Cody",641355
4/15/2023,"Barnes, A.","Almonte, Y.","Bellinger, C.",--,3B,SB,0.2,6.4,13.9,20.3,,"Bellinger, Cody",641355
4/16/2023,"Barnes, A.","Urías, J.","Bellinger, C.",--,2B,SB,0.2,12,9.9,21.9,,"Bellinger, Cody",641355
4/17/2023,"Langeliers, S.","Martinez, A.","Bellinger, C.","Kemp, T.",2B,CS,-0.45,8.8,11.4,20.3,,"Bellinger, Cody",641355
5/1/2023,"Ruiz, K.","Gore, M.","Bellinger, C.","García Jr., L.",2B,SB,0.2,11.7,11.3,23,,"Bellinger, Cody",641355
5/4/2023,"Adams, R.","Corbin, P.","Bellinger, C.","García Jr., L.",2B,SB,0.2,11.2,12.5,23.7,,"Bellinger, Cody",641355
5/6/2023,"Fortes, N.","Puk, A.","Bellinger, C.","Edwards, X.",2B,SB,0.2,9.6,10.7,20.2,,"Bellinger, Cody",641355
5/7/2023,"Fortes, N.","Okert, S.","Bellinger, C.",--,2B,SB,0.2,15.7,11.8,27.5,,"Bellinger, Cody",641355
5/7/2023,"Stallings, J.","Alcantara, S.","Bellinger, C.","Berti, J.",2B,SB,0.2,10.5,10.9,21.4,,"Bellinger, Cody",641355
5/9/2023,"Knizner, A.","Flaherty, J.","Bellinger, C.","Gorman, N.",2B,CS,-0.45,6.8,11.6,18.4,,"Bellinger, Cody",641355
6/20/2023,"Hedges, A.","Perdomo, A.","Bellinger, C.",--,2B,SB,0.2,9.8,12.1,21.8,,"Bellinger, Cody",641355
7/4/2023,"Contreras, W.","Miley, W.","Bellinger, C.","Turang, B.",2B,CS,-0.45,9.5,8.4,17.9,,"Bellinger, Cody",641355
7/7/2023,"Higashioka, K.","Marinaccio, R.","Bellinger, C.","Torres, G.",2B,SB,0.2,12,11.6,23.5,,"Bellinger, Cody",641355
7/17/2023,"Ruiz, K.","Finnegan, K.","Bellinger, C.","Candelario, J.",3B,SB,0.2,12.8,18.8,31.5,,"Bellinger, Cody",641355
8/2/2023,"Stephenson, T.","Young, A.","Bellinger, C.","Newman, K.",2B,SB,0.2,12.9,11.4,24.4,,"Bellinger, Cody",641355
8/5/2023,"Murphy, S.","Elder, B.","Bellinger, C.","Albies, O.",2B,SB,0.2,8.4,13.1,21.4,,"Bellinger, Cody",641355
8/6/2023,"d'Arnaud, T.","Jiménez, J.","Bellinger, C.","Albies, O.",2B,SB,0.2,8.3,13.5,21.8,,"Bellinger, Cody",641355
8/24/2023,"Rodríguez, E.","Zastryzny, R.","Bellinger, C.","Capra, V.",2B,CS,-0.45,8.9,12.1,21,,"Bellinger, Cody",641355
8/27/2023,"Delay, J.","Falter, B.","Bellinger, C.","Bae, J.",2B,SB,0.2,8,13.8,21.8,,"Bellinger, Cody",641355
9/1/2023,"Maile, L.","Gibaut, I.","Bellinger, C.","Steer, S.",2B,CS,-0.45,9.7,13.2,22.9,,"Bellinger, Cody",641355
9/1/2023,"Stephenson, T.","Sims, L.","Bellinger, C.","Steer, S.",2B,SB,0.2,8.1,11.5,19.7,,"Bellinger, Cody",641355
9/9/2023,"Moreno, G.","Kelly, M.","Bellinger, C.",--,2B,SB,0.2,21.9,13.4,35.3,,"Bellinger, Cody",641355
4/15/2023,"Mejía, F.","Faucher, C.","Kiermaier, K.","Paredes, I.",3B,SB,0.2,22.1,17.3,39.4,,"Kiermaier, Kevin",595281
5/10/2023,"Realmuto, J.","Soto, G.","Kiermaier, K.",--,2B,SB,0.2,19.9,11.5,31.4,,"Kiermaier, Kevin",595281
5/13/2023,"Murphy, S.","Minter, A.","Kiermaier, K.","Riley, A.",3B,SB,0.2,19,15,34,,"Kiermaier, Kevin",595281
5/20/2023,"Rutschman, A.","Bautista, F.","Kiermaier, K.","Frazier, A.",2B,SB,0.19,13.7,10.8,24.5,,"Kiermaier, Kevin",595281
6/14/2023,"Rutschman, A.","Coulombe, D.","Kiermaier, K.","Frazier, A.",2B,SB,0.2,7.1,10,17.1,,"Kiermaier, Kevin",595281
6/14/2023,"Rutschman, A.","Coulombe, D.","Kiermaier, K.","Frazier, A.",3B,BK,0.19,--,--,--,,"Kiermaier, Kevin",595281
6/18/2023,"Garver, M.","Anderson, G.","Kiermaier, K.","Semien, M.",2B,SB,0.2,11.2,11.1,22.3,,"Kiermaier, Kevin",595281
7/2/2023,"Wong, C.","Ort, K.","Kiermaier, K.","Devers, R.",3B,SB,0.2,14.3,16.2,30.5,,"Kiermaier, Kevin",595281
7/19/2023,"Campusano, L.","Darvish, Y.","Kiermaier, K.",--,2B,SB,0.2,12.2,10.3,22.5,,"Kiermaier, Kevin",595281
4/2/2023,"Serven, B.","Gomber, A.","Azócar, J.",--,3B,SB,0.2,16.7,11.3,28,,"Azócar, José",640492
4/7/2023,"Murphy, S.","Shuster, J.","Azócar, J.",--,2B,SB,0.2,16.3,11.4,27.7,,"Azócar, José",640492
4/15/2023,"Caratini, V.","Varland, G.","Azócar, J.","Miller, O.",2B,SB,0.2,9,13.6,22.6,,"Azócar, José",640492
4/17/2023,"Murphy, S.","Fried, M.","Azócar, J.","Riley, A.",3B,SB,0.2,15.5,12.3,27.8,,"Azócar, José",640492
4/26/2023,"Gomes, Y.","Smyly, D.","Azócar, J.","Hoerner, N.",2B,SB,0.2,8.3,10.6,18.9,,"Azócar, José",640492
5/28/2023,"Higashioka, K.","Cordero, J.","Azócar, J.","Volpe, A.",2B,SB,0.2,8,12.9,20.9,,"Azócar, José",640492
5/30/2023,"Stallings, J.","Chargois, J.","Azócar, J.","Berti, J.",2B,CS,-0.45,8.9,14.2,23.1,,"Azócar, José",640492
9/2/2023,"Bailey, P.","Harrison, K.","Azócar, J.","Estrada, T.",2B,CS,-0.45,6.4,11.6,18,,"Azócar, José",640492
9/11/2023,"Smith, W.","Miller, S.","Azócar, J.","Hernández, E.",2B,SB,0.2,8.7,11.5,20.3,,"Azócar, José",640492
9/17/2023,"Langeliers, S.","Boyle, J.","Azócar, J.","Gelof, Z.",2B,SB,0.2,10.6,11.9,22.5,,"Azócar, José",640492
4/5/2023,"Mejía, F.","McClanahan, S.","Thomas, L.","Walls, T.",2B,SB,0.2,14.1,11,25.1,,"Thomas, Lane",657041
5/3/2023,"Barnhart, T.","Stroman, M.","Thomas, L.","Swanson, D.",2B,SB,0.2,10.6,11.1,21.7,,"Thomas, Lane",657041
5/14/2023,"Alvarez, F.","Scherzer, M.","Thomas, L.",--,2B,SB,0.2,9,10.8,19.8,,"Thomas, Lane",657041
6/6/2023,"Moreno, G.","Henry, T.","Thomas, L.",--,3B,SB,0.2,13.6,13.5,27.2,,"Thomas, Lane",657041
6/9/2023,"Murphy, S.","Smith-Shawver, A.","Thomas, L.","Arcia, O.",2B,SB,0.2,8.1,9.7,17.8,,"Thomas, Lane",657041
6/21/2023,"Contreras, W.","Mikolas, M.","Thomas, L.","DeJong, P.",2B,CS,-0.45,6.7,10.5,17.2,,"Thomas, Lane",657041
7/8/2023,"Heim, J.","Heaney, A.","Thomas, L.","Semien, M.",2B,SB,0.2,9.5,10,19.5,,"Thomas, Lane",657041
7/23/2023,"Bailey, P.","Alexander, S.","Thomas, L.","Wisely, B.",2B,SB,0.2,8.8,10.8,19.6,,"Thomas, Lane",657041
7/23/2023,"Bailey, P.","DeSclafani, A.","Thomas, L.","Davis, J.",3B,SB,0.2,14.6,16.9,31.5,,"Thomas, Lane",657041
7/23/2023,"Bailey, P.","DeSclafani, A.","Thomas, L.","Davis, J.",3B,SB,0.2,13,15.7,28.7,,"Thomas, Lane",657041
7/23/2023,"Bailey, P.","DeSclafani, A.","Thomas, L.","Wisely, B.",2B,SB,0.2,9.6,10.3,19.9,,"Thomas, Lane",657041
8/5/2023,"Maile, L.","Abbott, A.","Thomas, L.","McLain, M.",2B,SB,0.2,10,10.5,20.6,,"Thomas, Lane",657041
8/5/2023,"Maile, L.","Abbott, A.","Thomas, L.","Senzel, N.",3B,SB,0.2,13.3,13.3,26.6,,"Thomas, Lane",657041
8/8/2023,"Stubbs, G.","Suarez, R.","Thomas, L.","Stott, B.",2B,SB,0.2,10.3,11,21.2,,"Thomas, Lane",657041
8/11/2023,"Langeliers, S.","Blackburn, P.","Thomas, L.","Gelof, Z.",2B,CS,-0.45,7.7,10.2,17.8,,"Thomas, Lane",657041
9/18/2023,"Grandal, Y.","Clevinger, M.","Thomas, L.",--,2B,SB,0.2,8.3,11.3,19.6,,"Thomas, Lane",657041
4/9/2023,"Barnes, A.","Grove, M.","Rojas, J.","Rojas, M.",2B,SB,0.2,13.7,8.9,22.6,,"Rojas, Johan",679032
4/28/2023,"Díaz, E.","Lawrence, J.","Rojas, J.",--,3B,SB,0.2,29.2,21.2,50.4,,"Rojas, Johan",679032
5/20/2023,"Hedges, A.","Keller, M.","Rojas, J.",--,3B,SB,0.2,18.2,16.1,34.3,,"Rojas, Johan",679032
5/29/2023,"Díaz, E.","Kauffmann, K.","Rojas, J.","McMahon, R.",3B,SB,0.2,19.2,18.4,37.6,,"Rojas, Johan",679032
8/20/2023,"Diaz, Y.","Brown, H.","Rojas, J.","Altuve, J.",2B,SB,0.2,15.1,10.7,25.8,,"Rojas, Johan",679032
8/23/2023,"Pérez, C.","Bummer, A.","Rojas, J.","Sosa, L.",2B,SB,0.2,9.5,11.1,20.6,,"Rojas, Johan",679032
8/27/2023,"Perez, S.","Marsh, A.","Rojas, J.","Witt Jr., B.",2B,SB,0.2,10.2,12.5,22.7,,"Rojas, Johan",679032
9/9/2023,"Pinto, R.","Civale, A.","Rojas, J.","Lowe, B.",2B,SB,0.2,9.6,11.6,21.2,,"Rojas, Johan",679032
9/26/2023,"Maldonado, M.","Javier, C.","Rojas, J.","Peña, J.",2B,SB,0.2,13.5,11.2,24.7,,"Rojas, Johan",679032
4/2/2023,"Stallings, J.","Barnes, M.","Pham, T.","Arraez, L.",2B,SB,0.19,15.4,12.6,28,,"Pham, Tommy",502054
4/12/2023,"Nola, A.","Snell, B.","Pham, T.","Bogaerts, X.",2B,SB,0.19,16.2,11.9,28.1,,"Pham, Tommy",502054
5/4/2023,"Rogers, J.","Rodriguez, E.","Pham, T.","Ibáñez, A.",2B,CS,-0.45,8,11,19,,"Pham, Tommy",502054
5/21/2023,"Naylor, B.","Stephan, T.","Pham, T.","Freeman, T.",2B,SB,0.19,10.8,12.8,23.5,,"Pham, Tommy",502054
5/28/2023,"Wynns, A.","Gomber, A.","Pham, T.","McMahon, R.",3B,SB,0.2,19.2,15.3,34.5,,"Pham, Tommy",502054
6/10/2023,"Delay, J.","Perdomo, A.","Pham, T.","Bae, J.",2B,SB,0.2,9.2,12.8,22,,"Pham, Tommy",502054
6/21/2023,"Maldonado, M.","Javier, C.","Pham, T.","Peña, J.",2B,SB,0.2,9.6,11.4,21,,"Pham, Tommy",502054
6/21/2023,"Maldonado, M.","Montero, R.","Pham, T.","Peña, J.",2B,SB,0.2,16.7,11.1,27.9,,"Pham, Tommy",502054
6/28/2023,"Contreras, W.","Payamps, J.","Pham, T.","Miller, O.",2B,SB,0.2,12.2,11.4,23.7,,"Pham, Tommy",502054
7/5/2023,"Kelly, C.","Henry, T.","Pham, T.","Longoria, E.",3B,SB,0.2,16.5,15.2,31.8,,"Pham, Tommy",502054
7/18/2023,"Zavala, S.","Giolito, L.","Pham, T.","Remillard, Z.",2B,SB,0.2,17.1,11.4,28.5,,"Pham, Tommy",502054
8/6/2023,"Vázquez, C.","Keuchel, D.","Pham, T.","Castro, W.",3B,SB,0.2,16.3,15.6,31.9,,"Pham, Tommy",502054
8/8/2023,"Smith, W.","Urías, J.","Pham, T.","Betts, M.",2B,CS,-0.45,11.6,10.6,22.2,,"Pham, Tommy",502054
8/12/2023,"Campusano, L.","Hill, R.","Pham, T.",--,3B,SB,0.2,13.1,17.5,30.6,,"Pham, Tommy",502054
9/9/2023,"Gomes, Y.","Palencia, D.","Pham, T.","Madrigal, N.",3B,CS,-0.45,10.5,18.4,28.9,,"Pham, Tommy",502054
9/10/2023,"Gomes, Y.","Hendricks, K.","Pham, T.",--,3B,SB,0.2,--,--,--,,"Pham, Tommy",502054
9/13/2023,"Narváez, O.","Lucchesi, J.","Pham, T.","McNeil, J.",2B,SB,0.2,12.9,10.6,23.5,,"Pham, Tommy",502054
9/17/2023,"Amaya, M.","Boxberger, B.","Pham, T.","Swanson, D.",2B,SB,0.2,13.2,9.4,22.6,,"Pham, Tommy",502054
3/30/2023,"Hedges, A.","Holderman, C.","Fairchild, S.","Cruz, O.",2B,CS,-0.45,10,11.7,21.6,,"Fairchild, Stuart",656413
4/9/2023,"Realmuto, J.","Domínguez, S.","Fairchild, S.","Stott, B.",2B,SB,0.2,10.8,12.4,23.2,,"Fairchild, Stuart",656413
4/26/2023,"Heim, J.","Sborz, J.","Fairchild, S.","Smith, J.",2B,SB,0.2,11.2,12.2,23.4,,"Fairchild, Stuart",656413
5/12/2023,"Stallings, J.","Scott, T.","Fairchild, S.","Arraez, L.",2B,SB,0.2,13.7,13.3,27,,"Fairchild, Stuart",656413
5/24/2023,"Contreras, W.","Matz, S.","Fairchild, S.","Arenado, N.",3B,SB,0.2,15,16,31,,"Fairchild, Stuart",656413
5/27/2023,"Gomes, Y.","Hughes, B.","Fairchild, S.","Wisdom, P.",3B,SB,0.19,17.8,15.8,33.6,,"Fairchild, Stuart",656413
5/28/2023,"Gomes, Y.","Smyly, D.","Fairchild, S.","Wisdom, P.",3B,SB,0.2,15.5,17.4,32.8,,"Fairchild, Stuart",656413
6/3/2023,"Contreras, W.","Megill, T.","Fairchild, S.",--,2B,SB,0.19,11.5,12.3,23.8,,"Fairchild, Stuart",656413
6/13/2023,"Perez, S.","Lyles, J.","Fairchild, S.","Garcia, M.",3B,SB,0.2,14.2,14.1,28.3,,"Fairchild, Stuart",656413
7/3/2023,"Ruiz, K.","La Sorsa, J.","Fairchild, S.","Abrams, C.",2B,SB,0.2,8.2,12.8,21.1,,"Fairchild, Stuart",656413
9/1/2023,"Gomes, Y.","Alzolay, A.","Fairchild, S.","Swanson, D.",2B,SB,0.2,14.7,13.1,27.8,,"Fairchild, Stuart",656413
9/26/2023,"Naylor, B.","Curry, X.","Fairchild, S.","Freeman, T.",2B,CS,-0.45,8.5,12.6,21.1,,"Fairchild, Stuart",656413
4/4/2023,"Zunino, M.","Bieber, S.","Kemp, T.","Rosario, A.",2B,SB,0.2,11.2,12.1,23.3,,"Kemp, Tony",643393
4/14/2023,"Nido, T.","Senga, K.","Kemp, T.",--,2B,SB,0.2,9.5,12.5,22.1,,"Kemp, Tony",643393
4/24/2023,"Wallach, C.","Suarez, J.","Kemp, T.","Rengifo, L.",2B,CS,-0.45,10.2,11.2,21.4,,"Kemp, Tony",643393
6/2/2023,"Stallings, J.","Cabrera, E.","Kemp, T.","Arraez, L.",2B,SB,0.2,9.5,12.3,21.8,,"Kemp, Tony",643393
6/23/2023,"Jansen, D.","Bassitt, C.","Kemp, T.","Bichette, B.",2B,SB,0.2,9.7,12.4,22.1,,"Kemp, Tony",643393
6/29/2023,"Trevino, J.","Schmidt, C.","Kemp, T.","Volpe, A.",2B,SB,0.2,10.6,12.4,23,,"Kemp, Tony",643393
6/30/2023,"Grandal, Y.","Scholtens, J.","Kemp, T.",--,2B,SB,0.2,8.2,12.6,20.8,,"Kemp, Tony",643393
7/2/2023,"Zavala, S.","Toussaint, T.","Kemp, T.","Anderson, T.",2B,SB,0.2,11.3,11.1,22.5,,"Kemp, Tony",643393
7/9/2023,"Alfaro, J.","Murphy, C.","Kemp, T.","Chang, Y.",2B,SB,0.2,9.1,11.4,20.5,,"Kemp, Tony",643393
7/16/2023,"Vázquez, C.","Ryan, J.","Kemp, T.","Solano, D.",2B,SB,0.2,12.7,12,24.7,,"Kemp, Tony",643393
7/21/2023,"Maldonado, M.","Valdez, F.","Kemp, T.",--,2B,SB,0.2,16.3,11.1,27.4,,"Kemp, Tony",643393
7/26/2023,"Bailey, P.","Walker, R.","Kemp, T.","Schmitt, C.",2B,SB,0.2,11.7,13.9,25.7,,"Kemp, Tony",643393
7/30/2023,"Wynns, A.","Bard, D.","Kemp, T.","Tovar, E.",2B,CS,-0.45,12.9,11.3,24.2,,"Kemp, Tony",643393
9/9/2023,"Hedges, A.","Stratton, C.","Kemp, T.","Semien, M.",2B,SB,0.2,12,11.7,23.6,,"Kemp, Tony",643393
9/10/2023,"Heim, J.","Heaney, A.","Kemp, T.","Semien, M.",2B,SB,0.2,11.9,8,20,,"Kemp, Tony",643393
9/16/2023,"Sullivan, B.","Barlow, S.","Kemp, T.","Bogaerts, X.",2B,SB,0.2,12.4,11.3,23.7,,"Kemp, Tony",643393
9/19/2023,"Raleigh, C.","Castillo, L.","Kemp, T.","Rojas, J.",2B,CS,-0.45,10.9,11.9,22.8,,"Kemp, Tony",643393
9/22/2023,"Kelly, C.","Gipson-Long, S.","Kemp, T.","Báez, J.",2B,CS,-0.45,11.4,11.4,22.8,,"Kemp, Tony",643393
9/2/2023,"Soderstrom, T.","Blackburn, P.","Paris, K.","Allen, N.",2B,SB,0.2,7.1,11,18.2,,"Paris, Kyren",677347
9/7/2023,"Fry, D.","Quantrill, C.","Paris, K.","Arias, G.",2B,SB,0.2,7.6,11.2,18.8,,"Paris, Kyren",677347
9/7/2023,"Fry, D.","Quantrill, C.","Paris, K.","Arias, G.",2B,SB,0.2,7.5,11.8,19.3,,"Paris, Kyren",677347
9/10/2023,"Naylor, B.","Bibee, T.","Paris, K.","Fry, D.",2B,BK,0.2,0.4,10.7,11.1,,"Paris, Kyren",677347
9/10/2023,"Naylor, B.","Bibee, T.","Paris, K.","Giménez, A.",3B,BK,0.2,--,--,--,,"Paris, Kyren",677347
5/5/2023,"Bart, J.","Manaea, S.","Taylor, T.",--,3B,SB,0.2,17.7,15.5,33.2,,"Taylor, Tyrone",621438
5/8/2023,"Barnes, A.","Gonsolin, T.","Taylor, T.",--,2B,SB,0.2,12,10.9,22.9,,"Taylor, Tyrone",621438
5/9/2023,"Smith, W.","Bickford, P.","Taylor, T.","Rojas, M.",2B,SB,0.19,13.9,12.2,26.1,,"Taylor, Tyrone",621438
5/13/2023,"Perez, S.","Chapman, A.","Taylor, T.",--,2B,SB,0.2,16.4,12.6,29,,"Taylor, Tyrone",621438
7/15/2023,"Maile, L.","Duarte, D.","Taylor, T.","India, J.",2B,SB,0.2,8.5,11.4,19.9,,"Taylor, Tyrone",621438
7/25/2023,"Maile, L.","Díaz, A.","Taylor, T.","India, J.",2B,SB,0.2,13.5,9.9,23.4,,"Taylor, Tyrone",621438
9/19/2023,"Knizner, A.","Pallante, A.","Taylor, T.","Winn, M.",2B,SB,0.2,10.5,13.3,23.8,,"Taylor, Tyrone",621438
5/2/2023,"Grandal, Y.","Kopech, M.","Buxton, B.",--,2B,SB,0.2,9.3,10.6,19.9,,"Buxton, Byron",621439
5/3/2023,"Grandal, Y.","Cease, D.","Buxton, B.","Anderson, T.",2B,SB,0.2,7.4,10.2,17.6,,"Buxton, Byron",621439
5/16/2023,"Barnes, A.","Miller, S.","Buxton, B.","Betts, M.",2B,SB,0.19,13.3,10,23.3,,"Buxton, Byron",621439
5/16/2023,"Barnes, A.","Kershaw, C.","Buxton, B.",--,2B,SB,0.2,9.6,10.9,20.5,,"Buxton, Byron",621439
5/23/2023,"Bailey, P.","Cobb, A.","Buxton, B.","Estrada, T.",2B,SB,0.2,15.5,10.1,25.6,,"Buxton, Byron",621439
5/24/2023,"Sabol, B.","DeSclafani, A.","Buxton, B.","Wisely, B.",2B,SB,0.2,9.8,11.1,20.9,,"Buxton, Byron",621439
6/30/2023,"Bemboom, A.","Kremer, D.","Buxton, B.","Henderson, G.",2B,SB,0.2,9,10.4,19.4,,"Buxton, Byron",621439
7/22/2023,"Zavala, S.","Middleton, K.","Buxton, B.","Andrus, E.",2B,SB,0.2,8.6,10.8,19.4,,"Buxton, Byron",621439
3/30/2023,"Díaz, E.","Márquez, G.","Bogaerts, X.","Tovar, E.",3B,BK,0.2,--,--,--,,"Bogaerts, Xander",593428
4/10/2023,"Nido, T.","Ottavino, A.","Bogaerts, X.",--,2B,SB,0.19,29.5,11.5,41,,"Bogaerts, Xander",593428
5/5/2023,"Smith, W.","Miller, S.","Bogaerts, X.",--,2B,SB,0.2,11.7,12.6,24.3,,"Bogaerts, Xander",593428
5/12/2023,"Smith, W.","May, D.","Bogaerts, X.",--,3B,SB,0.2,8.3,18.4,26.7,,"Bogaerts, Xander",593428
5/26/2023,"Higashioka, K.","Weber, R.","Bogaerts, X.",--,3B,SB,0.2,15.7,17.6,33.3,,"Bogaerts, Xander",593428
6/14/2023,"Zunino, M.","Sandlin, N.","Bogaerts, X.","Rosario, A.",2B,SB,0.2,11.2,11.1,22.3,,"Bogaerts, Xander",593428
6/16/2023,"Bethancourt, C.","McClanahan, S.","Bogaerts, X.","Franco, W.",2B,SB,0.2,13.7,12.6,26.3,,"Bogaerts, Xander",593428
6/18/2023,"Bethancourt, C.","Diekman, J.","Bogaerts, X.","Franco, W.",2B,SB,0.2,11.3,13.1,24.4,,"Bogaerts, Xander",593428
6/24/2023,"Ruiz, K.","Thompson, M.","Bogaerts, X.",--,2B,CS,-0.45,7.4,15,22.3,,"Bogaerts, Xander",593428
7/8/2023,"Alvarez, F.","Gott, T.","Bogaerts, X.","Alonso, P.",2B,PK,-0.45,--,--,--,,"Bogaerts, Xander",593428
7/15/2023,"Realmuto, J.","Strahm, M.","Bogaerts, X.","Bohm, A.",3B,SB,0.2,15.4,16.7,32.2,,"Bogaerts, Xander",593428
7/25/2023,"Hedges, A.","Hill, R.","Bogaerts, X.","Gonzales, N.",2B,SB,0.2,16.1,11.7,27.8,,"Bogaerts, Xander",593428
8/11/2023,"Kelly, C.","McGough, S.","Bogaerts, X.","Ahmed, N.",2B,SB,0.2,9,10.6,19.6,,"Bogaerts, Xander",593428
9/1/2023,"Bailey, P.","Jackson, L.","Bogaerts, X.","Wade Jr., L.",2B,BK,0.2,-1.4,3.7,2.3,,"Bogaerts, Xander",593428
9/3/2023,"Bailey, P.","Winn, K.","Bogaerts, X.","Estrada, T.",2B,SB,0.2,10.2,12.1,22.3,,"Bogaerts, Xander",593428
9/9/2023,"Maldonado, M.","Javier, C.","Bogaerts, X.",--,3B,SB,0.2,18.9,19.3,38.2,,"Bogaerts, Xander",593428
9/15/2023,"Langeliers, S.","Newcomb, S.","Bogaerts, X.",--,3B,SB,0.2,20.2,19.2,39.4,,"Bogaerts, Xander",593428
9/20/2023,"Wynns, A.","Anderson, C.","Bogaerts, X.","Rodgers, B.",2B,SB,0.2,11.4,12.2,23.6,,"Bogaerts, Xander",593428
9/26/2023,"Sabol, B.","Wood, A.","Bogaerts, X.",--,3B,SB,0.2,8.1,15.1,23.2,,"Bogaerts, Xander",593428
10/1/2023,"Pérez, C.","Ureña, J.","Bogaerts, X.","Remillard, Z.",2B,CS,-0.45,8.8,11.5,20.3,,"Bogaerts, Xander",593428
5/21/2023,"Perez, S.","Castillo, M.","Gonzalez, R.","Garcia, M.",2B,SB,0.19,11.2,12.5,23.7,,"Gonzalez, Romy",663853
5/30/2023,"Wallach, C.","Anderson, T.","Gonzalez, R.","Urshela, G.",3B,SB,0.2,16.2,11.7,27.9,,"Gonzalez, Romy",663853
6/3/2023,"Haase, E.","Foley, J.","Gonzalez, R.","Báez, J.",2B,SB,0.2,6.3,11.7,18,,"Gonzalez, Romy",663853
6/8/2023,"Higashioka, K.","Cordero, J.","Gonzalez, R.",--,3B,SB,0.2,14.4,16.8,31.3,,"Gonzalez, Romy",663853
6/8/2023,"Higashioka, K.","Cordero, J.","Gonzalez, R.","Torres, G.",2B,SB,0.2,10.3,13.4,23.7,,"Gonzalez, Romy",663853
8/5/2023,"Delay, J.","Bednar, D.","Frelick, S.","Williams, A.",2B,SB,0.2,8.6,11.2,19.9,,"Frelick, Sal",686217
8/11/2023,"Grandal, Y.","Kopech, M.","Frelick, S.","Andrus, E.",2B,SB,0.2,11.9,11.1,22.9,,"Frelick, Sal",686217
8/17/2023,"Barnes, A.","Lynn, L.","Frelick, S.","Betts, M.",2B,SB,0.2,7.2,11,18.2,,"Frelick, Sal",686217
8/17/2023,"Barnes, A.","Lynn, L.","Frelick, S.","Betts, M.",2B,SB,0.2,8.9,10.7,19.7,,"Frelick, Sal",686217
8/17/2023,"Barnes, A.","Phillips, E.","Frelick, S.",--,2B,SB,0.2,10.9,10.6,21.5,,"Frelick, Sal",686217
8/30/2023,"Amaya, M.","Leiter Jr., M.","Frelick, S.","Hoerner, N.",2B,SB,0.2,12.3,12,24.3,,"Frelick, Sal",686217
9/15/2023,"Ruiz, K.","Harvey, H.","Frelick, S.","García Jr., L.",2B,SB,0.2,9.7,10.3,20,,"Frelick, Sal",686217
4/5/2023,"Contreras, W.","Bush, M.","Locastro, T.","Adames, W.",2B,SB,0.2,8.8,10.9,19.7,,"Locastro, Tim",641796
4/11/2023,"Campusano, L.","Wilson, S.","Locastro, T.","Kim, H.",2B,SB,0.2,10.9,11,21.9,,"Locastro, Tim",641796
4/15/2023,"Pérez, C.","May, T.","Locastro, T.","Díaz, A.",2B,SB,0.2,10.5,12.2,22.7,,"Locastro, Tim",641796
4/16/2023,"Langeliers, S.","Jiménez, D.","Locastro, T.","Díaz, A.",2B,SB,0.2,10.8,10.5,21.3,,"Locastro, Tim",641796
9/1/2023,"Raleigh, C.","Muñoz, A.","Locastro, T.",--,2B,SB,0.2,28.5,14,42.5,,"Locastro, Tim",641796
4/1/2023,"Hedges, A.","Hill, R.","India, J.",--,2B,SB,0.2,15.3,11.6,27,,"India, Jonathan",663697
4/11/2023,"Murphy, S.","Lee, D.","India, J.","Albies, O.",2B,SB,0.2,13.2,13.1,26.3,,"India, Jonathan",663697
4/12/2023,"Murphy, S.","Strider, S.","India, J.","Arcia, O.",3B,BK,0.2,--,--,--,,"India, Jonathan",663697
4/13/2023,"Realmuto, J.","Falter, B.","India, J.","Sosa, E.",3B,SB,0.2,13.6,19.1,32.7,,"India, Jonathan",663697
4/20/2023,"Hedges, A.","Holderman, C.","India, J.",--,3B,SB,0.2,20.3,21.3,41.6,,"India, Jonathan",663697
4/28/2023,"Langeliers, S.","Fujinami, S.","India, J.",--,3B,SB,0.2,17.4,21.6,39,,"India, Jonathan",663697
4/30/2023,"Langeliers, S.","Oller, A.","India, J.","Peterson, J.",3B,CS,-0.45,11.3,18,29.3,,"India, Jonathan",663697
5/6/2023,"Zavala, S.","Clevinger, M.","India, J.","Alberto, H.",3B,SB,0.2,--,--,--,,"India, Jonathan",663697
5/6/2023,"Zavala, S.","Clevinger, M.","India, J.",--,2B,SB,0.2,13.9,13,26.9,,"India, Jonathan",663697
5/13/2023,"Stallings, J.","Alcantara, S.","India, J.","Wendle, J.",2B,SB,0.2,11.7,11.7,23.4,,"India, Jonathan",663697
6/2/2023,"Caratini, V.","Strzelecki, P.","India, J.","Turang, B.",2B,SB,0.19,9.9,13.9,23.8,,"India, Jonathan",663697
6/3/2023,"Contreras, W.","Megill, T.","India, J.","Monasterio, A.",2B,SB,0.19,16,12.3,28.2,,"India, Jonathan",663697
6/3/2023,"Contreras, W.","Megill, T.","India, J.",--,3B,SB,0.2,17.5,18.8,36.3,,"India, Jonathan",663697
9/10/2023,"Knizner, A.","Pallante, A.","India, J.",--,2B,SB,0.2,16.7,17.2,34,,"India, Jonathan",663697
4/15/2023,"Bart, J.","Hjelle, S.","Baddoo, A.","Crawford, B.",2B,SB,0.2,8.5,10.7,19.2,,"Baddoo, Akil",668731
4/21/2023,"Rutschman, A.","Bautista, F.","Baddoo, A.","Henderson, G.",2B,SB,0.19,17,9.9,26.9,,"Baddoo, Akil",668731
5/6/2023,"Knizner, A.","Wainwright, A.","Baddoo, A.","Donovan, B.",2B,SB,0.2,7.3,11,18.4,,"Baddoo, Akil",668731
5/8/2023,"Zunino, M.","Bibee, T.","Baddoo, A.","Giménez, A.",2B,CS,-0.45,10.1,10.9,21,,"Baddoo, Akil",668731
6/4/2023,"Grandal, Y.","Kopech, M.","Baddoo, A.","Gonzalez, R.",2B,SB,0.2,9.3,11.9,21.2,,"Baddoo, Akil",668731
7/24/2023,"Bailey, P.","Stripling, R.","Baddoo, A.","Villar, D.",2B,CS,-0.45,7.9,12.3,20.2,,"Baddoo, Akil",668731
8/15/2023,"Jeffers, R.","Ober, B.","Baddoo, A.","Polanco, J.",2B,CS,-0.45,8.4,12.2,20.6,,"Baddoo, Akil",668731
8/16/2023,"Vázquez, C.","Winder, J.","Baddoo, A.","Farmer, K.",2B,SB,0.2,10.6,11.8,22.4,,"Baddoo, Akil",668731
8/20/2023,"Collins, Z.","De Los Santos, E.","Baddoo, A.","Giménez, A.",2B,SB,0.2,8.8,12.2,21,,"Baddoo, Akil",668731
9/1/2023,"Grandal, Y.","Ramsey, L.","Baddoo, A.","Anderson, T.",2B,SB,0.2,8.5,12,20.5,,"Baddoo, Akil",668731
9/2/2023,"Grandal, Y.","Clevinger, M.","Baddoo, A.","Anderson, T.",2B,SB,0.2,8,12.4,20.4,,"Baddoo, Akil",668731
9/3/2023,"Lee, K.","Kopech, M.","Baddoo, A.","Anderson, T.",2B,SB,0.2,7.2,11.8,19.1,,"Baddoo, Akil",668731
9/12/2023,"Stephenson, T.","Farmer, B.","Baddoo, A.",--,2B,SB,0.2,9.6,11.9,21.5,,"Baddoo, Akil",668731
10/1/2023,"Naylor, B.","Stephan, T.","Baddoo, A.",--,2B,SB,0.19,14.3,14,28.3,,"Baddoo, Akil",668731
4/2/2023,"Raleigh, C.","Sewald, P.","Straw, M.","Crawford, J.",2B,SB,0.2,10.9,12.5,23.4,,"Straw, Myles",664702
4/3/2023,"Langeliers, S.","Acevedo, D.","Straw, M.",--,2B,SB,0.2,21.8,12.1,33.9,,"Straw, Myles",664702
4/3/2023,"Langeliers, S.","Acevedo, D.","Straw, M.",--,2B,SB,0.2,10.8,11.3,22,,"Straw, Myles",664702
4/5/2023,"Langeliers, S.","Martinez, A.","Straw, M.",--,2B,SB,0.2,28.1,18.4,46.5,,"Straw, Myles",664702
4/8/2023,"Murphy, T.","Festa, M.","Straw, M.",--,2B,SB,0.2,14.4,11.6,26,,"Straw, Myles",664702
4/15/2023,"Ruiz, K.","Kuhl, C.","Straw, M.","García Jr., L.",2B,SB,0.19,7.4,11.3,18.7,,"Straw, Myles",664702
4/29/2023,"Wong, C.","Jansen, K.","Straw, M.","Arroyo, C.",2B,SB,0.2,11.9,11.1,23,,"Straw, Myles",664702
5/13/2023,"Thaiss, M.","Tepera, R.","Straw, M.",--,2B,SB,0.2,9.6,12,21.6,,"Straw, Myles",664702
6/25/2023,"Caratini, V.","Payamps, J.","Straw, M.","Monasterio, A.",2B,CS,-0.45,10.5,13,23.5,,"Straw, Myles",664702
6/29/2023,"Perez, S.","Greinke, Z.","Straw, M.","Pratto, N.",2B,PK,-0.45,--,--,--,,"Straw, Myles",664702
7/19/2023,"Hedges, A.","Hill, R.","Straw, M.",--,3B,SB,0.2,19.7,12.4,32.1,,"Straw, Myles",664702
7/19/2023,"Hedges, A.","Hill, R.","Straw, M.",--,2B,SB,0.2,17.1,12.8,29.9,,"Straw, Myles",664702
7/22/2023,"Realmuto, J.","Wheeler, Z.","Straw, M.","Turner, T.",2B,CS,-0.45,10.5,11.7,22.2,,"Straw, Myles",664702
8/4/2023,"Grandal, Y.","Clevinger, M.","Straw, M.","Anderson, T.",2B,SB,0.2,8.8,11.4,20.2,,"Straw, Myles",664702
8/6/2023,"Grandal, Y.","Scholtens, J.","Straw, M.","Remillard, Z.",2B,CS,-0.45,6,11.3,17.3,,"Straw, Myles",664702
8/15/2023,"Stephenson, T.","Ashcraft, G.","Straw, M.",--,2B,SB,0.2,17.8,12.5,30.3,,"Straw, Myles",664702
8/15/2023,"Stephenson, T.","Ashcraft, G.","Straw, M.","De La Cruz, E.",2B,SB,0.2,11.3,12.8,24.1,,"Straw, Myles",664702
9/2/2023,"Pinto, R.","Devenski, C.","Straw, M.","Bruján, V.",3B,SB,0.2,19,11.1,30.1,,"Straw, Myles",664702
9/5/2023,"Vázquez, C.","Gray, S.","Straw, M.","Correa, C.",2B,CS,-0.45,7.9,11.1,19,,"Straw, Myles",664702
9/18/2023,"Porter, L.","Davidson, T.","Straw, M.","Witt Jr., B.",2B,SB,0.2,9.7,12.3,22,,"Straw, Myles",664702
9/27/2023,"Maile, L.","Abbott, A.","Straw, M.","Marte, N.",3B,CS,-0.45,14.7,12.2,26.9,,"Straw, Myles",664702
9/29/2023,"Rogers, J.","Wentz, J.","Straw, M.","Vierling, M.",3B,SB,0.2,18.9,16.9,35.7,,"Straw, Myles",664702
9/30/2023,"Kelly, C.","Lange, A.","Straw, M.","Ibáñez, A.",2B,SB,0.2,11.1,11.7,22.8,,"Straw, Myles",664702
4/12/2023,"Serven, B.","Suter, B.","O'Neill, T.","McMahon, R.",2B,SB,0.2,7.8,10.2,18,,"O'Neill, Tyler",641933
7/21/2023,"Amaya, M.","Leiter Jr., M.","O'Neill, T.","Mastrobuoni, M.",3B,SB,0.2,15.6,14.3,29.8,,"O'Neill, Tyler",641933
7/23/2023,"Amaya, M.","Assad, J.","O'Neill, T.","Mancini, T.",2B,BK,0.2,0,10.2,10.2,,"O'Neill, Tyler",641933
8/14/2023,"Langeliers, S.","Sears, J.","O'Neill, T.","Allen, N.",2B,SB,0.2,13.2,11.3,24.6,,"O'Neill, Tyler",641933
8/28/2023,"Sánchez, G.","Snell, B.","O'Neill, T.","Kim, H.",2B,SB,0.2,10.2,12.3,22.5,,"O'Neill, Tyler",641933
9/5/2023,"Murphy, S.","Yates, K.","O'Neill, T.",--,2B,SB,0.2,13.2,11.4,24.5,,"O'Neill, Tyler",641933
4/20/2023,"Moreno, G.","Ruiz, J.","Grisham, T.","Marte, K.",2B,CS,-0.45,9.3,12.4,21.7,,"Grisham, Trent",663757
5/25/2023,"Adams, R.","Thompson, M.","Grisham, T.","García Jr., L.",2B,SB,0.2,9.1,12.2,21.3,,"Grisham, Trent",663757
5/30/2023,"Stallings, J.","Alcantara, S.","Grisham, T.",--,2B,SB,0.2,13.8,12.1,25.9,,"Grisham, Trent",663757
6/13/2023,"Gallagher, C.","Bibee, T.","Grisham, T.","Rosario, A.",2B,SB,0.2,10.2,15.5,25.8,,"Grisham, Trent",663757
6/18/2023,"Bethancourt, C.","Chirinos, Y.","Grisham, T.",--,2B,SB,0.2,17.2,10.6,27.7,,"Grisham, Trent",663757
6/23/2023,"Ruiz, K.","Kuhl, C.","Grisham, T.",--,2B,SB,0.19,13.6,11.4,24.9,,"Grisham, Trent",663757
6/25/2023,"Ruiz, K.","Gore, M.","Grisham, T.",--,2B,SB,0.2,11.6,10.5,22.1,,"Grisham, Trent",663757
7/1/2023,"Stephenson, T.","Williamson, B.","Grisham, T.","McLain, M.",2B,SB,0.2,10,11.6,21.7,,"Grisham, Trent",663757
7/14/2023,"Realmuto, J.","Sánchez, C.","Grisham, T.","Stott, B.",2B,SB,0.2,6.6,10,16.6,,"Grisham, Trent",663757
7/30/2023,"Huff, S.","Smith, W.","Grisham, T.","Semien, M.",2B,SB,0.2,8.2,10.1,18.4,,"Grisham, Trent",663757
8/11/2023,"Kelly, C.","Frías, L.","Grisham, T.",--,2B,SB,0.2,17.2,11.3,28.5,,"Grisham, Trent",663757
10/1/2023,"Pérez, C.","Cronin, D.","Grisham, T.","Remillard, Z.",2B,SB,0.2,9.4,12,21.3,,"Grisham, Trent",663757
7/22/2023,"Contreras, W.","Williams, D.","Wall, F.",--,3B,SB,0.2,16,17.3,33.4,,"Wall, Forrest",657088
7/22/2023,"Contreras, W.","Williams, D.","Wall, F.",--,2B,SB,0.2,10.2,12.5,22.7,,"Wall, Forrest",657088
9/24/2023,"Ruiz, K.","Adon, J.","Wall, F.","Abrams, C.",2B,SB,0.2,11.7,12,23.7,,"Wall, Forrest",657088
9/29/2023,"Ruiz, K.","La Sorsa, J.","Wall, F.","García Jr., L.",2B,SB,0.2,8,10.5,18.6,,"Wall, Forrest",657088
4/29/2023,"McCann, J.","Hall, D.","Short, Z.","Ortiz, J.",3B,BK,0.2,--,--,--,,"Short, Zack",670097
5/27/2023,"Grandal, Y.","Scholtens, J.","Short, Z.","Anderson, T.",2B,SB,0.2,7.7,11.2,18.8,,"Short, Zack",670097
8/2/2023,"Delay, J.","Borucki, R.","Short, Z.","Gonzales, N.",2B,SB,0.2,8.4,10.6,19,,"Short, Zack",670097
8/5/2023,"Bethancourt, C.","Adam, J.","Short, Z.",--,3B,SB,0.2,23.3,13.1,36.4,,"Short, Zack",670097
9/13/2023,"Maile, L.","Díaz, A.","Short, Z.","De La Cruz, E.",2B,SB,0.2,12.4,12.1,24.5,,"Short, Zack",670097
9/16/2023,"O'Hoppe, L.","Estévez, C.","Short, Z.",--,2B,SB,0.2,5.9,12.2,18,,"Short, Zack",670097
5/15/2023,"Raleigh, C.","Kirby, G.","Reyes, P.","Crawford, J.",2B,CS,-0.45,10.5,12.2,22.7,,"Reyes, Pablo",622569
6/3/2023,"Bethancourt, C.","Criswell, C.","Reyes, P.","Franco, W.",2B,SB,0.2,5.4,12.2,17.6,,"Reyes, Pablo",622569
8/7/2023,"Fermin, F.","Ragans, C.","Reyes, P.","Massey, M.",2B,SB,0.2,9.9,10.9,20.8,,"Reyes, Pablo",622569
8/9/2023,"Fermin, F.","Lyles, J.","Reyes, P.","Witt Jr., B.",2B,CS,-0.45,9,10.7,19.7,,"Reyes, Pablo",622569
8/19/2023,"Rortvedt, B.","Cole, G.","Reyes, P.","Torres, G.",2B,SB,0.2,11.8,10.9,22.7,,"Reyes, Pablo",622569
8/20/2023,"Rortvedt, B.","Holmes, C.","Reyes, P.",--,2B,SB,0.2,6.9,11.4,18.3,,"Reyes, Pablo",622569
8/23/2023,"Maldonado, M.","Urquidy, J.","Reyes, P.","Abreu, J.",2B,BK,0.2,2.2,10.6,12.9,,"Reyes, Pablo",622569
8/24/2023,"Diaz, Y.","France, J.","Reyes, P.","Peña, J.",2B,SB,0.2,12.7,11.5,24.2,,"Reyes, Pablo",622569
9/12/2023,"Wells, A.","McAllister, Z.","Reyes, P.","Torres, G.",2B,SB,0.2,9.8,12,21.8,,"Reyes, Pablo",622569
10/1/2023,"McCann, J.","Pérez, C.","Reyes, P.","Henderson, G.",3B,SB,0.2,12.8,18.7,31.5,,"Reyes, Pablo",622569
6/17/2023,"Zavala, S.","Giolito, L.","Moore, D.","Andrus, E.",2B,CS,-0.45,8.1,12.8,20.9,,"Moore, Dylan",664238
6/25/2023,"Bemboom, A.","Bautista, F.","Moore, D.",--,2B,SB,0.19,15.4,12.7,28.1,,"Moore, Dylan",664238
7/23/2023,"Kirk, A.","Romano, J.","Moore, D.",--,2B,SB,0.2,13.8,13,26.8,,"Moore, Dylan",664238
8/16/2023,"Perez, S.","Coleman, D.","Moore, D.","Massey, M.",2B,SB,0.2,9.7,12.7,22.4,,"Moore, Dylan",664238
8/30/2023,"Pérez, C.","Jiménez, D.","Moore, D.",--,3B,SB,0.2,20.5,16.6,37.1,,"Moore, Dylan",664238
9/5/2023,"Stephenson, T.","Díaz, A.","Moore, D.","De La Cruz, E.",2B,SB,0.19,13.5,12.6,26,,"Moore, Dylan",664238
9/8/2023,"Pinto, R.","Devenski, C.","Moore, D.",--,2B,SB,0.19,10.5,12.6,23.1,,"Moore, Dylan",664238
8/26/2023,"Diaz, Y.","Brown, H.","Meadows, P.","Altuve, J.",2B,SB,0.2,14.9,12.7,27.6,,"Meadows, Parker",678009
8/31/2023,"Higashioka, K.","Abreu, A.","Meadows, P.",--,3B,SB,0.2,21.6,17.9,39.5,,"Meadows, Parker",678009
9/2/2023,"Lee, K.","Clevinger, M.","Meadows, P.","Vaughn, A.",2B,PK,-0.45,--,--,--,,"Meadows, Parker",678009
9/12/2023,"Stephenson, T.","Díaz, A.","Meadows, P.",--,2B,SB,0.19,13.4,13,26.3,,"Meadows, Parker",678009
9/13/2023,"Maile, L.","Phillips, C.","Meadows, P.",--,2B,SB,0.2,10.8,12.3,23,,"Meadows, Parker",678009
9/16/2023,"O'Hoppe, L.","Soriano, J.","Meadows, P.","Paris, K.",2B,SB,0.2,6.9,10.7,17.5,,"Meadows, Parker",678009
9/20/2023,"Barnes, A.","Brasier, R.","Meadows, P.",--,2B,SB,0.2,11.1,11.1,22.2,,"Meadows, Parker",678009
9/21/2023,"Langeliers, S.","Miller, M.","Meadows, P.","Gelof, Z.",2B,CS,-0.45,13.7,11,24.7,,"Meadows, Parker",678009
9/23/2023,"Langeliers, S.","Boyle, J.","Meadows, P.","Gelof, Z.",2B,SB,0.2,11.4,11.6,23,,"Meadows, Parker",678009
9/26/2023,"Perez, S.","Greinke, Z.","Meadows, P.","Pratto, N.",2B,PK,-0.45,--,--,--,,"Meadows, Parker",678009
9/30/2023,"Naylor, B.","Karinchak, J.","Meadows, P.","Giménez, A.",2B,SB,0.19,12.1,11.1,23.2,,"Meadows, Parker",678009
4/15/2023,"Alvarez, F.","Ottavino, A.","Wade, T.","McNeil, J.",2B,SB,0.19,13.8,11.9,25.7,,"Wade, Tyler",642180
4/15/2023,"Alvarez, F.","Ottavino, A.","Wade, T.",--,3B,SB,0.2,30.4,13.6,44,,"Wade, Tyler",642180
4/23/2023,"Heim, J.","deGrom, J.","Wade, T.","Semien, M.",2B,SB,0.2,11,11.7,22.7,,"Wade, Tyler",642180
4/24/2023,"Wallach, C.","Wantz, A.","Wade, T.",--,2B,SB,0.2,8.8,11.8,20.6,,"Wade, Tyler",642180
4/9/2023,"Langeliers, S.","Kaprielian, J.","Raley, L.","Kemp, T.",2B,CS,-0.45,7.2,10.8,18,,"Raley, Luke",670042
5/6/2023,"Higashioka, K.","Marinaccio, R.","Raley, L.",--,2B,SB,0.2,11.1,12.1,23.2,,"Raley, Luke",670042
5/19/2023,"Contreras, W.","Strzelecki, P.","Raley, L.","Adames, W.",2B,SB,0.2,10.8,11.1,21.9,,"Raley, Luke",670042
5/25/2023,"Kirk, A.","Manoah, A.","Raley, L.","Biggio, C.",2B,SB,0.2,13.9,13.2,27,,"Raley, Luke",670042
5/28/2023,"Barnes, A.","Bickford, P.","Raley, L.","Rojas, M.",2B,SB,0.19,8,11.9,19.9,,"Raley, Luke",670042
6/12/2023,"Langeliers, S.","Kaprielian, J.","Raley, L.",--,2B,SB,0.2,14.9,11.4,26.3,,"Raley, Luke",670042
6/30/2023,"Raleigh, C.","Gott, T.","Raley, L.","Caballero, J.",2B,SB,0.2,9.7,11.5,21.2,,"Raley, Luke",670042
7/15/2023,"Perez, S.","Marsh, A.","Raley, L.","Witt Jr., B.",2B,SB,0.2,12.2,11.4,23.6,,"Raley, Luke",670042
7/17/2023,"Garver, M.","Dunning, D.","Raley, L.","Seager, C.",2B,SB,0.2,11.1,11.9,22.9,,"Raley, Luke",670042
7/31/2023,"Rortvedt, B.","Germán, D.","Raley, L.",--,2B,SB,0.2,12.4,11.5,23.8,,"Raley, Luke",670042
9/6/2023,"Wong, C.","Pivetta, N.","Raley, L.","Valdez, E.",2B,SB,0.2,14,11.3,25.3,,"Raley, Luke",670042
9/7/2023,"Raleigh, C.","Muñoz, A.","Raley, L.","Crawford, J.",2B,CS,-0.45,9.5,11,20.6,,"Raley, Luke",670042
4/12/2023,"Nola, A.","Snell, B.","Canha, M.","Bogaerts, X.",2B,SB,0.19,12.5,10.6,23.2,,"Canha, Mark",592192
4/19/2023,"Wynns, A.","Miller, S.","Canha, M.",--,3B,SB,0.2,20.6,17.2,37.8,,"Canha, Mark",592192
6/2/2023,"Kirk, A.","Bassitt, C.","Canha, M.","Merrifield, W.",2B,SB,0.2,15.3,11.7,27,,"Canha, Mark",592192
6/13/2023,"Higashioka, K.","Severino, L.","Canha, M.","Torres, G.",3B,BK,0.2,0.5,13.2,13.6,,"Canha, Mark",592192
6/29/2023,"Caratini, V.","Williams, D.","Canha, M.",--,3B,SB,0.2,18.9,15.1,34,,"Canha, Mark",592192
7/2/2023,"Bailey, P.","Rogers, T.","Canha, M.","Schmitt, C.",3B,SB,0.2,16.1,17.3,33.4,,"Canha, Mark",592192
7/16/2023,"Barnes, A.","Bickford, P.","Canha, M.",--,2B,SB,0.19,12.7,11.1,23.8,,"Canha, Mark",592192
9/17/2023,"Millas, D.","Corbin, P.","Canha, M.",--,2B,SB,0.2,11,12.1,23.1,,"Canha, Mark",592192
9/17/2023,"Millas, D.","Corbin, P.","Canha, M.","García Jr., L.",2B,SB,0.2,12.8,11.2,24,,"Canha, Mark",592192
9/18/2023,"Contreras, W.","Wainwright, A.","Canha, M.",--,3B,SB,0.2,13.2,16.5,29.7,,"Canha, Mark",592192
8/10/2023,"Fermin, F.","Marsh, A.","Story, T.","Witt Jr., B.",2B,CS,-0.45,11.2,13.5,24.7,,"Story, Trevor",596115
8/11/2023,"Rogers, J.","Skubal, T.","Story, T.","Báez, J.",2B,SB,0.2,8.5,12.9,21.4,,"Story, Trevor",596115
8/13/2023,"Rogers, J.","Rodriguez, E.","Story, T.","Vierling, M.",3B,SB,0.2,14.7,17.2,32,,"Story, Trevor",596115
8/13/2023,"Rogers, J.","Rodriguez, E.","Story, T.","Short, Z.",2B,SB,0.2,10.5,12.6,23.1,,"Story, Trevor",596115
8/26/2023,"Smith, W.","Urías, J.","Story, T.","Rojas, M.",2B,SB,0.2,15.3,12.9,28.2,,"Story, Trevor",596115
9/5/2023,"Bethancourt, C.","Ramírez, E.","Story, T.","Lowe, B.",2B,CS,-0.45,8.6,13.7,22.3,,"Story, Trevor",596115
9/6/2023,"Pinto, R.","Glasnow, T.","Story, T.",--,2B,SB,0.19,11.3,13.8,25.1,,"Story, Trevor",596115
9/9/2023,"McCann, J.","Fujinami, S.","Story, T.",--,3B,SB,0.2,13.6,21.3,34.9,,"Story, Trevor",596115
9/16/2023,"Kirk, A.","Hicks, J.","Story, T.","Biggio, C.",2B,SB,0.2,11.9,13.5,25.4,,"Story, Trevor",596115
9/18/2023,"Heim, J.","Stratton, C.","Story, T.","Lowe, N.",2B,PK,-0.45,--,--,--,,"Story, Trevor",596115
9/29/2023,"McCann, J.","López, J.","Story, T.",--,2B,SB,0.2,9.9,14,23.9,,"Story, Trevor",596115
4/19/2023,"Murphy, T.","Saucedo, T.","Miller, O.",--,2B,SB,0.2,13.8,11.6,25.4,,"Miller, Owen",680911
4/21/2023,"McGuire, R.","Pivetta, N.","Miller, O.","Chang, Y.",2B,SB,0.2,7.5,11.2,18.6,,"Miller, Owen",680911
5/3/2023,"Díaz, E.","Freeland, K.","Miller, O.","Trejo, A.",2B,CS,-0.45,10.9,11.6,22.5,,"Miller, Owen",680911
5/19/2023,"Mejía, F.","Adam, J.","Miller, O.","Franco, W.",2B,SB,0.2,13.4,11.9,25.3,,"Miller, Owen",680911
5/23/2023,"Diaz, Y.","France, J.","Miller, O.","Peña, J.",2B,SB,0.2,17.3,12,29.3,,"Miller, Owen",680911
5/27/2023,"Bailey, P.","Webb, L.","Miller, O.","Schmitt, C.",2B,SB,0.2,11.3,11.6,23,,"Miller, Owen",680911
6/1/2023,"Heineman, T.","Gausman, K.","Miller, O.","Merrifield, W.",2B,SB,0.2,13.2,11.3,24.5,,"Miller, Owen",680911
6/11/2023,"Pérez, C.","Sears, J.","Miller, O.","Kemp, T.",2B,CS,-0.45,6.7,11.1,17.8,,"Miller, Owen",680911
7/4/2023,"Amaya, M.","Hendricks, K.","Miller, O.","Swanson, D.",2B,SB,0.2,12.5,11,23.5,,"Miller, Owen",680911
7/6/2023,"Gomes, Y.","Stroman, M.","Miller, O.","Morel, C.",2B,SB,0.2,9.7,11,20.7,,"Miller, Owen",680911
7/23/2023,"d'Arnaud, T.","Hernández, D.","Miller, O.","Arcia, O.",2B,SB,0.2,15.7,11.9,27.6,,"Miller, Owen",680911
4/4/2023,"Díaz, E.","Márquez, G.","Betts, M.","Tovar, E.",2B,CS,-0.45,12.1,11.8,23.9,,"Betts, Mookie",605141
4/8/2023,"Moreno, G.","Ginkel, K.","Betts, M.","Perdomo, G.",3B,BK,0.2,5.1,14.2,19.3,,"Betts, Mookie",605141
4/22/2023,"Barnhart, T.","Hughes, B.","Betts, M.","Swanson, D.",2B,SB,0.2,14.4,12.9,27.2,,"Betts, Mookie",605141
5/19/2023,"Knizner, A.","Matz, S.","Betts, M.","Gorman, N.",3B,BK,0.2,--,--,--,,"Betts, Mookie",605141
5/27/2023,"Bethancourt, C.","Poche, C.","Betts, M.","Franco, W.",2B,SB,0.2,15.2,12.1,27.3,,"Betts, Mookie",605141
6/2/2023,"Trevino, J.","Severino, L.","Betts, M.","Torres, G.",2B,SB,0.2,11.8,11.6,23.4,,"Betts, Mookie",605141
6/11/2023,"Stubbs, G.","Walker, T.","Betts, M.","Stott, B.",2B,SB,0.2,14.5,12.1,26.6,,"Betts, Mookie",605141
6/14/2023,"Grandal, Y.","Clevinger, M.","Betts, M.","Anderson, T.",2B,SB,0.2,13.9,12.2,26.1,,"Betts, Mookie",605141
6/16/2023,"Bailey, P.","Doval, C.","Betts, M.","Schmitt, C.",3B,CS,-0.45,15.5,15.4,30.8,,"Betts, Mookie",605141
6/25/2023,"Maldonado, M.","Montero, R.","Betts, M.",--,2B,SB,0.2,18.4,11.4,29.8,,"Betts, Mookie",605141
6/28/2023,"Díaz, E.","Freeland, K.","Betts, M.","Castro, H.",2B,SB,0.2,10.7,14.6,25.3,,"Betts, Mookie",605141
8/4/2023,"Campusano, L.","Barlow, S.","Betts, M.","Bogaerts, X.",2B,SB,0.2,13,13.5,26.5,,"Betts, Mookie",605141
8/22/2023,"Naylor, B.","Syndergaard, N.","Betts, M.","Arias, G.",2B,SB,0.19,16.5,14.3,30.9,,"Betts, Mookie",605141
8/22/2023,"Naylor, B.","Syndergaard, N.","Betts, M.","Arias, G.",2B,SB,0.19,15,14.3,29.3,,"Betts, Mookie",605141
9/13/2023,"Campusano, L.","Snell, B.","Betts, M.","Kim, H.",2B,SB,0.19,15,11.9,26.9,,"Betts, Mookie",605141
9/13/2023,"Campusano, L.","Snell, B.","Betts, M.",--,2B,SB,0.19,15.1,12.5,27.6,,"Betts, Mookie",605141
9/26/2023,"Wynns, A.","Anderson, C.","Betts, M.","Tovar, E.",2B,SB,0.2,9.9,13.8,23.7,,"Betts, Mookie",605141
4/1/2023,"McGuire, R.","Sale, C.","McKenna, R.","Arroyo, C.",2B,SB,0.2,14.1,12.3,26.5,,"McKenna, Ryan",663630
8/4/2023,"Alvarez, F.","Garrett, R.","McKenna, R.","McNeil, J.",2B,SB,0.2,9.4,14,23.4,,"McKenna, Ryan",663630
8/28/2023,"Lee, K.","Kopech, M.","McKenna, R.",--,2B,SB,0.2,11.4,12.6,23.9,,"McKenna, Ryan",663630
8/29/2023,"Lee, K.","Bummer, A.","McKenna, R.",--,2B,SB,0.19,10,11.7,21.7,,"McKenna, Ryan",663630
8/29/2023,"Lee, K.","Shaw, B.","McKenna, R.","Moncada, Y.",3B,SB,0.2,17.5,13.2,30.7,,"McKenna, Ryan",663630
9/24/2023,"Contreras, W.","Bukauskas, J.","Edwards, X.","Turang, B.",2B,SB,0.2,12.2,11.2,23.3,,"Edwards, Xavier",669364
9/24/2023,"Contreras, W.","Peralta, F.","Edwards, X.","Turang, B.",2B,SB,0.2,12.3,11.7,24,,"Edwards, Xavier",669364
9/27/2023,"Narváez, O.","Ottavino, A.","Edwards, X.",--,2B,SB,0.19,11.4,11.6,23,,"Edwards, Xavier",669364
9/27/2023,"Narváez, O.","Bickford, P.","Edwards, X.","Mauricio, R.",2B,SB,0.19,11.1,11.4,22.6,,"Edwards, Xavier",669364
6/3/2023,"Vázquez, C.","López, J.","Freeman, T.",--,2B,SB,0.2,11,11.2,22.2,,"Freeman, Tyler",671289
7/4/2023,"d'Arnaud, T.","Yates, K.","Freeman, T.",--,2B,SB,0.2,11.4,12.4,23.7,,"Freeman, Tyler",671289
7/9/2023,"Fermin, F.","Yarbrough, R.","Freeman, T.","Massey, M.",2B,SB,0.2,11.2,11.9,23.1,,"Freeman, Tyler",671289
9/11/2023,"Sabol, B.","Jackson, L.","Freeman, T.","Crawford, B.",2B,SB,0.2,8.3,12.3,20.6,,"Freeman, Tyler",671289
9/27/2023,"Maile, L.","Abbott, A.","Freeman, T.","India, J.",2B,SB,0.2,11,11.9,22.9,,"Freeman, Tyler",671289
4/2/2023,"Contreras, W.","Montgomery, J.","Varsho, D.","Donovan, B.",2B,SB,0.2,14,10.9,24.9,,"Varsho, Daulton",662139
4/11/2023,"Rogers, J.","Englert, M.","Varsho, D.","Schoop, J.",2B,SB,0.2,11.5,9.6,21.2,,"Varsho, Daulton",662139
6/7/2023,"Diaz, Y.","Blanco, R.","Varsho, D.",--,2B,SB,0.2,25.2,11.8,37,,"Varsho, Daulton",662139
6/11/2023,"Vázquez, C.","Morán, J.","Varsho, D.",--,3B,SB,0.2,15.8,18.4,34.2,,"Varsho, Daulton",662139
6/14/2023,"Rutschman, A.","Bradish, K.","Varsho, D.","Frazier, A.",2B,SB,0.2,6.2,10.7,16.9,,"Varsho, Daulton",662139
6/29/2023,"Sabol, B.","Winn, K.","Varsho, D.","Estrada, T.",2B,CS,-0.45,9.1,11.8,20.9,,"Varsho, Daulton",662139
7/1/2023,"Hamilton, C.","Jansen, K.","Varsho, D.",--,3B,SB,0.2,28.7,13.9,42.6,,"Varsho, Daulton",662139
7/21/2023,"Murphy, T.","Speier, G.","Varsho, D.",--,2B,SB,0.2,14.3,11,25.3,,"Varsho, Daulton",662139
8/8/2023,"Naylor, B.","Clase, E.","Varsho, D.","Giménez, A.",2B,SB,0.2,14.1,11.2,25.3,,"Varsho, Daulton",662139
8/15/2023,"Realmuto, J.","Wheeler, Z.","Varsho, D.","Stott, B.",2B,CS,-0.45,5.8,11.2,17,,"Varsho, Daulton",662139
8/19/2023,"Stephenson, T.","Law, D.","Varsho, D.","McLain, M.",2B,SB,0.2,5.4,11.6,17,,"Varsho, Daulton",662139
8/22/2023,"McCann, J.","Cano, Y.","Varsho, D.",--,2B,SB,0.2,12.6,11.6,24.2,,"Varsho, Daulton",662139
9/26/2023,"Wells, A.","Brito, J.","Varsho, D.","Peraza, O.",2B,SB,0.2,8.7,13.3,22,,"Varsho, Daulton",662139
4/9/2023,"Langeliers, S.","Kaprielian, J.","Arozarena, R.","Díaz, A.",2B,SB,0.2,9.6,11.4,21,,"Arozarena, Randy",668227
4/10/2023,"Wong, C.","Pivetta, N.","Arozarena, R.","Hernández, E.",2B,SB,0.2,10,11.7,21.7,,"Arozarena, Randy",668227
4/11/2023,"Wong, C.","Whitlock, G.","Arozarena, R.","Hernández, E.",2B,CS,-0.45,13.4,11,24.4,,"Arozarena, Randy",668227
4/19/2023,"Maile, L.","Stoudt, L.","Arozarena, R.","Barrero, J.",2B,SB,0.2,7.6,11.8,19.5,,"Arozarena, Randy",668227
4/23/2023,"Zavala, S.","Giolito, L.","Arozarena, R.","Andrus, E.",2B,CS,-0.45,10,11.7,21.7,,"Arozarena, Randy",668227
5/4/2023,"Delay, J.","Stephenson, R.","Arozarena, R.","Marcano, T.",2B,CS,-0.45,6.6,13.7,20.3,,"Arozarena, Randy",668227
5/17/2023,"Alvarez, F.","Ottavino, A.","Arozarena, R.","Lindor, F.",2B,SB,0.19,10.6,13.3,23.9,,"Arozarena, Randy",668227
5/21/2023,"Contreras, W.","Strzelecki, P.","Arozarena, R.","Adames, W.",2B,SB,0.2,12.1,12.3,24.3,,"Arozarena, Randy",668227
5/25/2023,"Kirk, A.","Manoah, A.","Arozarena, R.","Bichette, B.",2B,SB,0.2,11.1,11.5,22.6,,"Arozarena, Randy",668227
6/3/2023,"Wong, C.","Crawford, K.","Arozarena, R.","Valdez, E.",2B,SB,0.2,9.3,11.5,20.8,,"Arozarena, Randy",668227
6/9/2023,"Heim, J.","Howard, S.","Arozarena, R.","Semien, M.",2B,SB,0.2,10.4,13.3,23.6,,"Arozarena, Randy",668227
6/13/2023,"Langeliers, S.","May, T.","Arozarena, R.","Peterson, J.",2B,CS,-0.45,8.8,11.4,20.2,,"Arozarena, Randy",668227
6/14/2023,"Langeliers, S.","Medina, L.","Arozarena, R.","Peterson, J.",2B,CS,-0.45,8.8,11.9,20.7,,"Arozarena, Randy",668227
6/16/2023,"Sánchez, G.","Darvish, Y.","Arozarena, R.","Kim, H.",2B,CS,-0.45,11.5,12,23.5,,"Arozarena, Randy",668227
7/9/2023,"d'Arnaud, T.","Tonkin, M.","Arozarena, R.","Arcia, O.",2B,SB,0.2,11.6,11.6,23.2,,"Arozarena, Randy",668227
7/22/2023,"McCann, J.","Pérez, C.","Arozarena, R.","Mateo, J.",2B,SB,0.2,11.8,12.5,24.4,,"Arozarena, Randy",668227
7/28/2023,"Maldonado, M.","Javier, C.","Arozarena, R.",--,2B,SB,0.2,13.2,10.9,24.1,,"Arozarena, Randy",668227
8/10/2023,"Knizner, A.","Liberatore, M.","Arozarena, R.","Gorman, N.",2B,SB,0.2,15.4,13.3,28.7,,"Arozarena, Randy",668227
8/10/2023,"Knizner, A.","Liberatore, M.","Arozarena, R.",--,3B,SB,0.2,12.2,17.2,29.4,,"Arozarena, Randy",668227
8/12/2023,"Gallagher, C.","Stephan, T.","Arozarena, R.",--,2B,SB,0.2,12.8,11.2,24,,"Arozarena, Randy",668227
8/16/2023,"Sabol, B.","Walker, R.","Arozarena, R.","Davis, J.",3B,CS,-0.45,10.6,14.7,25.3,,"Arozarena, Randy",668227
8/27/2023,"Higashioka, K.","Rodón, C.","Arozarena, R.","Volpe, A.",2B,SB,0.2,11.1,11.8,22.9,,"Arozarena, Randy",668227
8/27/2023,"Higashioka, K.","Abreu, A.","Arozarena, R.","Torres, G.",2B,SB,0.2,11.5,11.7,23.2,,"Arozarena, Randy",668227
8/27/2023,"Higashioka, K.","Abreu, A.","Arozarena, R.","Peraza, O.",3B,SB,0.2,13.9,18.6,32.5,,"Arozarena, Randy",668227
8/29/2023,"Stallings, J.","Alcantara, S.","Arozarena, R.","Arraez, L.",2B,CS,-0.45,9.9,11.3,21.2,,"Arozarena, Randy",668227
8/30/2023,"Fortes, N.","Robertson, D.","Arozarena, R.",--,3B,SB,0.2,9.4,18.2,27.6,,"Arozarena, Randy",668227
8/30/2023,"Fortes, N.","Robertson, D.","Arozarena, R.",--,2B,SB,0.2,12.9,11.6,24.6,,"Arozarena, Randy",668227
9/7/2023,"Raleigh, C.","Castillo, L.","Arozarena, R.","Crawford, J.",2B,SB,0.2,11.7,11.4,23.2,,"Arozarena, Randy",668227
9/11/2023,"Jeffers, R.","Winder, J.","Arozarena, R.","Kirilloff, A.",2B,PK,-0.45,--,--,--,,"Arozarena, Randy",668227
5/3/2023,"Hedges, A.","Hernandez, J.","Siri, J.","Santana, C.",2B,BK,0.2,3.5,1.7,5.2,,"Siri, Jose",642350
5/6/2023,"Higashioka, K.","Marinaccio, R.","Siri, J.","Volpe, A.",2B,SB,0.2,11.7,12.3,24.1,,"Siri, Jose",642350
5/16/2023,"Alvarez, F.","Smith, D.","Siri, J.","McNeil, J.",2B,SB,0.2,9.8,12.4,22.2,,"Siri, Jose",642350
5/23/2023,"Jansen, D.","Berríos, J.","Siri, J.","Belt, B.",2B,PK,-0.45,--,--,--,,"Siri, Jose",642350
6/3/2023,"Wong, C.","Sherriff, R.","Siri, J.",--,3B,SB,0.2,15.2,14.6,29.8,,"Siri, Jose",642350
6/11/2023,"Heim, J.","Leclerc, J.","Siri, J.","Semien, M.",2B,CS,-0.45,8.7,10.9,19.7,,"Siri, Jose",642350
6/16/2023,"Sánchez, G.","Darvish, Y.","Siri, J.",--,2B,SB,0.2,15.1,11.6,26.6,,"Siri, Jose",642350
6/23/2023,"Perez, S.","Greinke, Z.","Siri, J.","Witt Jr., B.",2B,CS,-0.45,6.7,12,18.8,,"Siri, Jose",642350
7/31/2023,"Rortvedt, B.","Brito, J.","Siri, J.","Torres, G.",2B,CS,-0.45,9.5,12.7,22.2,,"Siri, Jose",642350
8/14/2023,"Bailey, P.","Walker, R.","Siri, J.",--,3B,SB,0.2,11.9,13.6,25.5,,"Siri, Jose",642350
8/23/2023,"Díaz, E.","Lawrence, J.","Siri, J.",--,3B,SB,0.2,14.6,15.8,30.5,,"Siri, Jose",642350
8/25/2023,"Rortvedt, B.","Cole, G.","Siri, J.","Torres, G.",2B,SB,0.2,11.5,11.3,22.8,,"Siri, Jose",642350
9/3/2023,"Naylor, B.","Stephan, T.","Siri, J.","Arias, G.",2B,SB,0.19,12.2,12.6,24.8,,"Siri, Jose",642350
9/8/2023,"Raleigh, C.","Kirby, G.","Siri, J.","Suárez, E.",3B,SB,0.2,15,14.9,29.9,,"Siri, Jose",642350
9/11/2023,"Jeffers, R.","Gray, S.","Siri, J.","Correa, C.",3B,PK,-0.45,--,--,--,,"Siri, Jose",642350
9/20/2023,"Stubbs, G.","Kimbrel, C.","Williams, L.","Turner, T.",2B,SB,0.2,14.7,11.4,26.1,,"Williams, Luke",663897
9/20/2023,"Stubbs, G.","Kimbrel, C.","Williams, L.",--,3B,SB,0.2,17.5,16.9,34.4,,"Williams, Luke",663897
9/29/2023,"Ruiz, K.","Williams, T.","Williams, L.","García Jr., L.",2B,SB,0.2,7.8,12.1,19.9,,"Williams, Luke",663897
4/5/2023,"Langeliers, S.","Muller, K.","Kwan, S.","Kemp, T.",2B,SB,0.2,12.6,10.7,23.3,,"Kwan, Steven",680757
4/10/2023,"Trevino, J.","Hamilton, I.","Kwan, S.",--,2B,SB,0.2,21.4,13.8,35.1,,"Kwan, Steven",680757
4/15/2023,"Ruiz, K.","Kuhl, C.","Kwan, S.","Abrams, C.",2B,SB,0.19,8.1,13.3,21.4,,"Kwan, Steven",680757
4/25/2023,"Díaz, E.","Feltner, R.","Kwan, S.","Trejo, A.",2B,SB,0.2,11.9,11.9,23.7,,"Kwan, Steven",680757
4/26/2023,"Serven, B.","Hand, B.","Kwan, S.","McMahon, R.",3B,SB,0.2,17.2,16.2,33.4,,"Kwan, Steven",680757
5/2/2023,"Trevino, J.","Cole, G.","Kwan, S.","Volpe, A.",2B,SB,0.2,11.3,13.5,24.8,,"Kwan, Steven",680757
5/13/2023,"Thaiss, M.","Detmers, R.","Kwan, S.","Drury, B.",2B,SB,0.2,11.2,10.8,22,,"Kwan, Steven",680757
6/10/2023,"Maldonado, M.","France, J.","Kwan, S.",--,2B,SB,0.2,35.1,12.3,47.4,,"Kwan, Steven",680757
6/17/2023,"Kelly, C.","Henry, T.","Kwan, S.","Marte, K.",2B,SB,0.2,9.7,11.7,21.3,,"Kwan, Steven",680757
6/22/2023,"Pérez, C.","Sears, J.","Kwan, S.","Peterson, J.",2B,CS,-0.45,7.4,12.1,19.5,,"Kwan, Steven",680757
6/24/2023,"Contreras, W.","Peralta, F.","Kwan, S.",--,2B,SB,0.2,9.4,12.9,22.3,,"Kwan, Steven",680757
7/4/2023,"d'Arnaud, T.","Yates, K.","Kwan, S.","Albies, O.",2B,SB,0.2,10.6,10.9,21.5,,"Kwan, Steven",680757
7/8/2023,"Fermin, F.","Clarke, T.","Kwan, S.","Pratto, N.",2B,PK,-0.44,--,--,--,,"Kwan, Steven",680757
8/9/2023,"Kirk, A.","Gausman, K.","Kwan, S.","Schneider, D.",3B,BK,0.2,--,--,--,,"Kwan, Steven",680757
9/3/2023,"Bethancourt, C.","Poche, C.","Kwan, S.","Walls, T.",2B,SB,0.2,13.3,10.9,24.2,,"Kwan, Steven",680757
9/10/2023,"Wallach, C.","Rosenberg, K.","Kwan, S.",--,3B,SB,0.2,10.5,18.1,28.6,,"Kwan, Steven",680757
9/13/2023,"Bailey, P.","Harrison, K.","Kwan, S.","DeJong, P.",2B,SB,0.2,9.5,13.8,23.4,,"Kwan, Steven",680757
4/4/2023,"Nido, T.","Scherzer, M.","Wiemer, J.","Lindor, F.",2B,SB,0.2,9.2,12.8,22.1,,"Wiemer, Joey",686894
4/11/2023,"Moreno, G.","Kelly, M.","Wiemer, J.","Rojas, J.",3B,CS,-0.45,15.9,11.1,27,,"Wiemer, Joey",686894
4/11/2023,"Moreno, G.","Kelly, M.","Wiemer, J.","Marte, K.",2B,SB,0.2,10.5,12.4,22.9,,"Wiemer, Joey",686894
4/23/2023,"Wong, C.","Ort, K.","Wiemer, J.",--,2B,SB,0.2,11.9,12.5,24.4,,"Wiemer, Joey",686894
5/7/2023,"Sabol, B.","Waites, C.","Wiemer, J.","Estrada, T.",2B,SB,0.2,12.2,14.1,26.3,,"Wiemer, Joey",686894
5/27/2023,"Bailey, P.","Webb, L.","Wiemer, J.","Schmitt, C.",2B,SB,0.2,10.1,12.6,22.7,,"Wiemer, Joey",686894
5/28/2023,"Sabol, B.","Cobb, A.","Wiemer, J.","Wade Jr., L.",2B,FB,0.2,--,--,--,,"Wiemer, Joey",686894
5/28/2023,"Sabol, B.","Cobb, A.","Wiemer, J.",--,3B,SB,0.2,19.4,11.6,31,,"Wiemer, Joey",686894
5/31/2023,"Kirk, A.","Mayza, T.","Wiemer, J.","Chapman, M.",3B,SB,0.2,22.1,9.3,31.4,,"Wiemer, Joey",686894
6/1/2023,"Heineman, T.","Gausman, K.","Wiemer, J.","Bichette, B.",2B,SB,0.2,13,12.5,25.5,,"Wiemer, Joey",686894
6/3/2023,"Casali, C.","Salazar, E.","Wiemer, J.","Steer, S.",2B,PK,-0.45,--,--,--,,"Wiemer, Joey",686894
6/9/2023,"Langeliers, S.","Medina, L.","Wiemer, J.","Smith, K.",2B,SB,0.2,11.5,13,24.5,,"Wiemer, Joey",686894
6/27/2023,"Narváez, O.","Smith, D.","Wiemer, J.","McNeil, J.",2B,CS,-0.45,8.7,12.5,21.2,,"Wiemer, Joey",686894
6/30/2023,"Hedges, A.","Perdomo, A.","Wiemer, J.","Marcano, T.",2B,CS,-0.45,8.1,10.8,18.8,,"Wiemer, Joey",686894
7/25/2023,"Maile, L.","Abbott, A.","Wiemer, J.","Votto, J.",2B,BK,0.2,6.9,12.1,18.9,,"Wiemer, Joey",686894
8/8/2023,"Díaz, E.","Freeland, K.","Wiemer, J.","Tovar, E.",2B,CS,-0.45,8.6,11.8,20.4,,"Wiemer, Joey",686894
9/8/2023,"Wells, A.","Weissert, G.","Wiemer, J.","LeMahieu, D.",2B,BK,0.19,--,--,--,,"Wiemer, Joey",686894
8/19/2023,"Kirk, A.","Romano, J.","Marte, N.","Chapman, M.",3B,SB,0.2,20.6,13.2,33.8,,"Marte, Noelvi",682622
8/22/2023,"O'Hoppe, L.","Giolito, L.","Marte, N.",--,2B,SB,0.2,11.8,11.4,23.3,,"Marte, Noelvi",682622
8/24/2023,"Moreno, G.","Castro, M.","Marte, N.","Marte, K.",2B,SB,0.2,12.1,12.4,24.4,,"Marte, Noelvi",682622
8/26/2023,"Herrera, J.","Sewald, P.","Marte, N.",--,2B,SB,0.2,14.2,12,26.2,,"Marte, Noelvi",682622
8/30/2023,"Bailey, P.","Jackson, L.","Marte, N.","Estrada, T.",2B,SB,0.2,11.1,12,23.1,,"Marte, Noelvi",682622
9/5/2023,"Raleigh, C.","Miller, B.","Marte, N.","Rojas, J.",2B,CS,-0.45,11.3,11.6,22.9,,"Marte, Noelvi",682622
5/16/2023,"Ruiz, K.","Gray, J.","Wendle, J.","García Jr., L.",2B,SB,0.2,9.4,12,21.4,,"Wendle, Joey",621563
6/10/2023,"Grandal, Y.","Kopech, M.","Wendle, J.","Andrus, E.",2B,SB,0.2,9.2,11.5,20.7,,"Wendle, Joey",621563
6/28/2023,"Wong, C.","Pivetta, N.","Wendle, J.","Arroyo, C.",2B,SB,0.2,12.4,11.8,24.3,,"Wendle, Joey",621563
6/29/2023,"Wong, C.","Jansen, K.","Wendle, J.","Arroyo, C.",2B,SB,0.2,7.8,11.7,19.5,,"Wendle, Joey",621563
8/23/2023,"Sánchez, G.","Lugo, S.","Wendle, J.","Kim, H.",3B,SB,0.2,11.6,17.3,28.8,,"Wendle, Joey",621563
9/1/2023,"Ruiz, K.","Weems, J.","Wendle, J.","Alu, J.",2B,SB,0.2,8.3,12.7,21,,"Wendle, Joey",621563
9/11/2023,"Contreras, W.","Woodruff, B.","Wendle, J.","Monasterio, A.",2B,SB,0.2,11.4,11.8,23.2,,"Wendle, Joey",621563
10/1/2023,"Delay, J.","Jackson, A.","Wendle, J.",--,2B,CS,-0.45,9.1,12.1,21.2,,"Wendle, Joey",621563
8/9/2023,"Amaya, M.","Hendricks, K.","Ortega, R.","Swanson, D.",2B,SB,0.2,14.1,11.7,25.7,,"Ortega, Rafael",542364
8/11/2023,"d'Arnaud, T.","Morton, C.","Ortega, R.","Arcia, O.",2B,SB,0.2,8.4,11.2,19.6,,"Ortega, Rafael",542364
8/14/2023,"Rodríguez, E.","Priester, Q.","Ortega, R.","Williams, A.",2B,SB,0.2,14.5,11.7,26.2,,"Ortega, Rafael",542364
8/26/2023,"O'Hoppe, L.","Loup, A.","Ortega, R.",--,3B,SB,0.2,16,15.4,31.4,,"Ortega, Rafael",542364
8/28/2023,"Heim, J.","Gray, J.","Ortega, R.","Seager, C.",2B,SB,0.2,14.1,11.2,25.3,,"Ortega, Rafael",542364
8/30/2023,"Heim, J.","Dunning, D.","Ortega, R.","Seager, C.",2B,CS,-0.45,9,11.1,20.1,,"Ortega, Rafael",542364
9/15/2023,"Maile, L.","Greene, H.","Ortega, R.",--,2B,SB,0.2,26.5,16.4,42.9,,"Ortega, Rafael",542364
7/24/2023,"McCann, J.","Coulombe, D.","Rojas, J.","Mateo, J.",2B,SB,0.2,10.6,13.9,24.5,,"Rojas, Johan",679032
8/2/2023,"Fortes, N.","Chargois, J.","Rojas, J.",--,2B,SB,0.2,10.7,13.9,24.6,,"Rojas, Johan",679032
8/6/2023,"Fermin, F.","Greinke, Z.","Rojas, J.","Beaty, M.",2B,PK,-0.44,--,--,--,,"Rojas, Johan",679032
8/8/2023,"Ruiz, K.","Willingham, A.","Rojas, J.",--,2B,SB,0.2,4.7,13.5,18.2,,"Rojas, Johan",679032
8/9/2023,"Ruiz, K.","Gore, M.","Rojas, J.","Alu, J.",2B,CS,-0.45,8.8,13.2,22,,"Rojas, Johan",679032
8/18/2023,"Ruiz, K.","Adon, J.","Rojas, J.","Abrams, C.",2B,SB,0.2,10.6,12.3,22.9,,"Rojas, Johan",679032
8/21/2023,"Bailey, P.","Hjelle, S.","Rojas, J.","Wade Jr., L.",2B,PK,-0.45,--,--,--,,"Rojas, Johan",679032
8/23/2023,"Bailey, P.","Junis, J.","Rojas, J.","Estrada, T.",2B,SB,0.2,8.4,11.4,19.7,,"Rojas, Johan",679032
9/12/2023,"d'Arnaud, T.","Minter, A.","Rojas, J.",--,2B,SB,0.19,12,12.8,24.8,,"Rojas, Johan",679032
9/20/2023,"d'Arnaud, T.","Minter, A.","Rojas, J.",--,3B,SB,0.2,15.2,18.3,33.5,,"Rojas, Johan",679032
9/22/2023,"Narváez, O.","Bickford, P.","Rojas, J.","Lindor, F.",2B,SB,0.19,9.1,12.7,21.9,,"Rojas, Johan",679032
4/14/2023,"Ruiz, K.","Harvey, H.","Brennan, W.","García Jr., L.",2B,SB,0.2,10.3,12.1,22.4,,"Brennan, Will",686823
4/28/2023,"McGuire, R.","Pivetta, N.","Brennan, W.","Valdez, E.",2B,SB,0.2,10.3,12.3,22.6,,"Brennan, Will",686823
5/9/2023,"Rogers, J.","Cisnero, J.","Brennan, W.","Báez, J.",2B,SB,0.2,8.5,11.5,19.9,,"Brennan, Will",686823
5/19/2023,"Alvarez, F.","Carrasco, C.","Brennan, W.",--,2B,SB,0.2,9.2,12.2,21.4,,"Brennan, Will",686823
5/29/2023,"McCann, J.","Wells, T.","Brennan, W.","Frazier, A.",3B,BK,0.2,1.4,12.5,13.9,,"Brennan, Will",686823
6/2/2023,"Jeffers, R.","Ober, B.","Brennan, W.",--,2B,SB,0.2,7.9,12.3,20.3,,"Brennan, Will",686823
6/4/2023,"Jeffers, R.","Ryan, J.","Brennan, W.","Farmer, K.",2B,CS,-0.45,6.1,11.5,17.6,,"Brennan, Will",686823
6/11/2023,"Salazar, C.","Bielak, B.","Brennan, W.","Dubón, M.",2B,SB,0.2,11.5,12.1,23.6,,"Brennan, Will",686823
6/14/2023,"Sánchez, G.","Wacha, M.","Brennan, W.","Odor, R.",2B,CS,-0.45,9.3,11.6,21,,"Brennan, Will",686823
7/26/2023,"Fermin, F.","Heasley, J.","Brennan, W.",--,2B,SB,0.2,8.2,11.9,20.1,,"Brennan, Will",686823
8/5/2023,"Grandal, Y.","Kopech, M.","Brennan, W.","Anderson, T.",2B,CS,-0.45,10.4,11.3,21.7,,"Brennan, Will",686823
8/22/2023,"Smith, W.","Miller, B.","Brennan, W.","Rojas, M.",2B,SB,0.2,7.4,12.8,20.2,,"Brennan, Will",686823
8/29/2023,"Vázquez, C.","Pagán, E.","Brennan, W.",--,2B,SB,0.2,12.2,10.3,22.5,,"Brennan, Will",686823
9/6/2023,"Jeffers, R.","Ryan, J.","Brennan, W.","Polanco, J.",2B,SB,0.2,8.4,11.6,20,,"Brennan, Will",686823
9/16/2023,"Heim, J.","Dunning, D.","Brennan, W.","Seager, C.",2B,CS,-0.45,10.7,11,21.7,,"Brennan, Will",686823
4/4/2023,"Perez, S.","Chapman, A.","Springer, G.",--,3B,SB,0.2,24.7,15.3,40,,"Springer, George",543807
4/4/2023,"Perez, S.","Chapman, A.","Springer, G.","Lopez, N.",2B,SB,0.2,20.5,12,32.5,,"Springer, George",543807
4/22/2023,"Trevino, J.","Cole, G.","Springer, G.","Volpe, A.",2B,CS,-0.45,9.3,11.5,20.8,,"Springer, George",543807
4/25/2023,"Grandal, Y.","Clevinger, M.","Springer, G.",--,2B,SB,0.2,7.9,10.5,18.5,,"Springer, George",543807
5/20/2023,"Rutschman, A.","Baumann, M.","Springer, G.","Mateo, J.",2B,SB,0.2,13.4,11.1,24.5,,"Springer, George",543807
5/21/2023,"McCann, J.","Kremer, D.","Springer, G.","Frazier, A.",2B,SB,0.2,9.5,11.7,21.2,,"Springer, George",543807
5/28/2023,"Vázquez, C.","Ober, B.","Springer, G.","Correa, C.",2B,CS,-0.45,9.7,13,22.7,,"Springer, George",543807
6/1/2023,"Contreras, W.","Megill, T.","Springer, G.","Monasterio, A.",2B,SB,0.19,11.9,13.5,25.4,,"Springer, George",543807
6/3/2023,"Nido, T.","Robertson, D.","Springer, G.","Lindor, F.",2B,SB,0.2,12.4,13.1,25.5,,"Springer, George",543807
6/18/2023,"Garver, M.","Anderson, G.","Springer, G.","Semien, M.",2B,SB,0.2,8.3,12.7,21,,"Springer, George",543807
6/20/2023,"Fortes, N.","Scott, T.","Springer, G.","Arraez, L.",2B,SB,0.2,10.6,12.3,22.9,,"Springer, George",543807
7/14/2023,"Moreno, G.","Nelson, R.","Springer, G.","Marte, K.",2B,CS,-0.45,7.1,11.9,18.9,,"Springer, George",543807
7/15/2023,"Kelly, C.","Chafin, A.","Springer, G.","Perdomo, G.",2B,CS,-0.45,10.6,12.3,22.9,,"Springer, George",543807
8/5/2023,"Wong, C.","Pivetta, N.","Springer, G.","Devers, R.",3B,SB,0.2,13.4,18.5,31.9,,"Springer, George",543807
8/10/2023,"Naylor, B.","Syndergaard, N.","Springer, G.",--,3B,SB,0.2,16.9,19.3,36.1,,"Springer, George",543807
8/26/2023,"Gallagher, C.","Morris, C.","Springer, G.","Giménez, A.",2B,SB,0.2,11.3,11.9,23.2,,"Springer, George",543807
8/28/2023,"Ruiz, K.","Weems, J.","Springer, G.","Alu, J.",2B,SB,0.2,8.2,12.4,20.6,,"Springer, George",543807
8/28/2023,"Ruiz, K.","Gray, J.","Springer, G.",--,2B,SB,0.2,11.5,12.1,23.6,,"Springer, George",543807
9/3/2023,"Wynns, A.","Anderson, C.","Springer, G.","Tovar, E.",2B,CS,-0.45,10.2,11.7,21.9,,"Springer, George",543807
9/22/2023,"Pinto, R.","Glasnow, T.","Springer, G.","Basabe, O.",2B,SB,0.19,11.7,13.7,25.4,,"Springer, George",543807
5/29/2023,"Hedges, A.","Hill, R.","Johnson, B.","Bae, J.",2B,SB,0.2,14.4,12.3,26.7,,"Johnson, Bryce",669369
6/30/2023,"Narváez, O.","Robertson, D.","Johnson, B.","McNeil, J.",2B,SB,0.2,10.2,11.8,22,,"Johnson, Bryce",669369
7/2/2023,"Alvarez, F.","Peterson, D.","Johnson, B.","Baty, B.",3B,SB,0.2,11.2,13.1,24.3,,"Johnson, Bryce",669369
8/9/2023,"Ruiz, K.","Gore, M.","Wilson, W.","Alu, J.",2B,SB,0.2,10.1,13.2,23.3,,"Wilson, Weston",642215
9/30/2023,"Narváez, O.","Ottavino, A.","Wilson, W.",--,3B,SB,0.2,17.2,16.8,34.1,,"Wilson, Weston",642215
9/30/2023,"Narváez, O.","Ottavino, A.","Wilson, W.",--,2B,SB,0.19,10.4,14.1,24.5,,"Wilson, Weston",642215
4/7/2023,"Barnes, A.","Almonte, Y.","Ahmed, N.",--,2B,SB,0.2,13.4,10.5,23.9,,"Ahmed, Nick",605113
4/9/2023,"Barnes, A.","Ferguson, C.","Ahmed, N.",--,3B,SB,0.2,13.5,17.2,30.7,,"Ahmed, Nick",605113
4/9/2023,"Barnes, A.","Grove, M.","Ahmed, N.","Rojas, M.",2B,SB,0.2,16.2,10.8,27,,"Ahmed, Nick",605113
6/7/2023,"Adams, R.","Corbin, P.","Ahmed, N.","García Jr., L.",2B,SB,0.2,11.2,11.9,23.1,,"Ahmed, Nick",605113
7/16/2023,"Jansen, D.","Kikuchi, Y.","Ahmed, N.","Chapman, M.",3B,SB,0.2,17.6,17.7,35.3,,"Ahmed, Nick",605113
4/4/2023,"McGuire, R.","Pivetta, N.","Cruz, O.","Hernández, E.",2B,SB,0.2,9.4,10.1,19.5,,"Cruz, Oneil",665833
4/8/2023,"Grandal, Y.","Clevinger, M.","Cruz, O.","Anderson, T.",2B,SB,0.2,10.8,10.8,21.5,,"Cruz, Oneil",665833
4/9/2023,"Zavala, S.","Kopech, M.","Cruz, O.","Anderson, T.",2B,SB,0.2,10.3,10.7,21,,"Cruz, Oneil",665833
4/11/2023,"Heim, J.","deGrom, J.","Eaton, N.","Smith, J.",2B,SB,0.2,10.1,12.5,22.6,,"Eaton, Nate",681987
4/17/2023,"Heim, J.","deGrom, J.","Eaton, N.","Semien, M.",2B,SB,0.2,9,12.3,21.3,,"Eaton, Nate",681987
6/12/2023,"Casali, C.","Karcher, R.","Eaton, N.",--,3B,SB,0.2,14.3,15.5,29.8,,"Eaton, Nate",681987
4/21/2023,"Langeliers, S.","Sears, J.","Taveras, L.","Díaz, A.",2B,CS,-0.45,5.1,10.4,15.5,,"Taveras, Leody",665750
4/23/2023,"Langeliers, S.","Muller, K.","Taveras, L.",--,3B,SB,0.2,23.7,14.5,38.1,,"Taveras, Leody",665750
5/3/2023,"Herrera, J.","Pfaadt, B.","Taveras, L.","Ahmed, N.",2B,CS,-0.45,9.8,11.7,21.6,,"Taveras, Leody",665750
5/7/2023,"Thaiss, M.","Devenski, C.","Taveras, L.","Rendon, A.",3B,SB,0.2,17.9,11.7,29.5,,"Taveras, Leody",665750
5/10/2023,"Raleigh, C.","Flexen, C.","Taveras, L.","Crawford, J.",2B,CS,-0.45,9.5,10.3,19.8,,"Taveras, Leody",665750
5/11/2023,"Langeliers, S.","Medina, L.","Taveras, L.","Allen, N.",2B,SB,0.2,13.8,10.5,24.3,,"Taveras, Leody",665750
5/13/2023,"Langeliers, S.","Kaprielian, J.","Taveras, L.",--,3B,SB,0.2,24.4,20,44.5,,"Taveras, Leody",665750
5/16/2023,"Murphy, S.","Lee, D.","Taveras, L.","Albies, O.",2B,SB,0.2,12.6,11.5,24,,"Taveras, Leody",665750
6/12/2023,"Thaiss, M.","Anderson, T.","Taveras, L.",--,2B,SB,0.2,9.6,11.6,21.3,,"Taveras, Leody",665750
6/25/2023,"Trevino, J.","Cole, G.","Taveras, L.","LeMahieu, D.",3B,SB,0.2,16.4,14.3,30.7,,"Taveras, Leody",665750
7/1/2023,"Maldonado, M.","Montero, R.","Taveras, L.","Altuve, J.",2B,SB,0.2,12,11.6,23.5,,"Taveras, Leody",665750
7/19/2023,"Mejía, F.","Faucher, C.","Taveras, L.","Lowe, B.",2B,SB,0.2,13.3,11.2,24.5,,"Taveras, Leody",665750
7/30/2023,"Sánchez, G.","Snell, B.","Taveras, L.","Batten, M.",2B,SB,0.2,13,9.7,22.8,,"Taveras, Leody",665750
8/19/2023,"Contreras, W.","Peralta, F.","Taveras, L.","Santana, C.",2B,BK,0.2,-0.4,0.7,0.3,,"Taveras, Leody",665750
8/26/2023,"Vázquez, C.","Ryan, J.","Taveras, L.","Lewis, R.",3B,CS,-0.45,13.9,11.6,25.5,,"Taveras, Leody",665750
9/2/2023,"Jeffers, R.","Thielbar, C.","Taveras, L.","Correa, C.",2B,SB,0.2,10.1,10,20.1,,"Taveras, Leody",665750
9/1/2023,"Heim, J.","Otto Jr., G.","Stevenson, A.","Semien, M.",2B,SB,0.2,10.1,12.2,22.3,,"Stevenson, Andrew",664057
9/1/2023,"Heim, J.","Otto Jr., G.","Stevenson, A.","Duran, E.",3B,SB,0.2,15.7,15.8,31.4,,"Stevenson, Andrew",664057
9/8/2023,"Alvarez, F.","Reid-Foley, S.","Stevenson, A.","Baty, B.",3B,SB,0.2,17.3,13.2,30.5,,"Stevenson, Andrew",664057
9/13/2023,"Bethancourt, C.","Poche, C.","Stevenson, A.","Basabe, O.",2B,SB,0.2,14.8,10.8,25.5,,"Stevenson, Andrew",664057
9/17/2023,"Lee, K.","Patiño, L.","Stevenson, A.","Remillard, Z.",2B,CS,-0.45,9,11.3,20.3,,"Stevenson, Andrew",664057
4/4/2023,"Nola, A.","García, L.","Perdomo, G.","Bogaerts, X.",2B,SB,0.2,13.9,12,25.9,,"Perdomo, Geraldo",672695
5/7/2023,"Ruiz, K.","Harris, H.","Perdomo, G.","Vargas, I.",3B,SB,0.19,17.1,16,33.1,,"Perdomo, Geraldo",672695
5/7/2023,"Ruiz, K.","Harris, H.","Perdomo, G.","Abrams, C.",2B,SB,0.2,10.9,12.9,23.7,,"Perdomo, Geraldo",672695
5/22/2023,"Realmuto, J.","Bellatti, A.","Perdomo, G.","Turner, T.",2B,SB,0.2,12.5,11.1,23.5,,"Perdomo, Geraldo",672695
6/2/2023,"Murphy, S.","Morton, C.","Perdomo, G.","Arcia, O.",2B,CS,-0.45,13.7,11,24.7,,"Perdomo, Geraldo",672695
6/14/2023,"Realmuto, J.","Kimbrel, C.","Perdomo, G.",--,3B,SB,0.2,17.3,15,32.3,,"Perdomo, Geraldo",672695
6/21/2023,"Contreras, W.","Megill, T.","Perdomo, G.",--,3B,SB,0.2,15.6,16.6,32.1,,"Perdomo, Geraldo",672695
6/21/2023,"Contreras, W.","Megill, T.","Perdomo, G.","Adames, W.",2B,SB,0.19,9.8,14,23.8,,"Perdomo, Geraldo",672695
7/6/2023,"Alvarez, F.","Carrasco, C.","Perdomo, G.","Alonso, P.",2B,PK,-0.45,--,--,--,,"Perdomo, Geraldo",672695
7/8/2023,"Delay, J.","Holderman, C.","Perdomo, G.","Gonzales, N.",2B,SB,0.2,15,11,26.1,,"Perdomo, Geraldo",672695
7/9/2023,"Hedges, A.","Mlodzinski, C.","Perdomo, G.","Triolo, J.",3B,SB,0.2,17.9,16.9,34.9,,"Perdomo, Geraldo",672695
7/29/2023,"Murphy, T.","Topa, J.","Perdomo, G.",--,2B,SB,0.2,31.8,18.5,50.4,,"Perdomo, Geraldo",672695
8/1/2023,"Sabol, B.","Cobb, A.","Perdomo, G.","Crawford, B.",2B,CS,-0.45,12,10.9,22.9,,"Perdomo, Geraldo",672695
8/2/2023,"Bailey, P.","Webb, L.","Perdomo, G.","Crawford, B.",2B,SB,0.2,11.7,11.5,23.1,,"Perdomo, Geraldo",672695
8/25/2023,"Maile, L.","Greene, H.","Perdomo, G.","De La Cruz, E.",2B,SB,0.2,11.1,11.4,22.5,,"Perdomo, Geraldo",672695
8/26/2023,"Stephenson, T.","Moll, S.","Perdomo, G.","Marte, N.",3B,SB,0.2,13.9,16.8,30.7,,"Perdomo, Geraldo",672695
9/10/2023,"Gomes, Y.","Leiter Jr., M.","Perdomo, G.","Swanson, D.",2B,CS,-0.45,9.8,11.3,21.2,,"Perdomo, Geraldo",672695
3/31/2023,"Maldonado, M.","Javier, C.","Andrus, E.","Hensley, D.",2B,SB,0.2,10.4,10.6,20.9,,"Andrus, Elvis",462101
4/6/2023,"Sabol, B.","Wood, A.","Andrus, E.","Davis, J.",3B,SB,0.2,18.4,16.4,34.8,,"Andrus, Elvis",462101
4/19/2023,"Realmuto, J.","Kimbrel, C.","Andrus, E.","Stott, B.",2B,SB,0.2,12.9,11.1,23.9,,"Andrus, Elvis",462101
4/28/2023,"Bethancourt, C.","Thompson, R.","Andrus, E.",--,2B,SB,0.2,15.8,13.1,28.9,,"Andrus, Elvis",462101
5/5/2023,"Maile, L.","Sims, L.","Andrus, E.","Steer, S.",2B,PK,-0.45,--,--,--,,"Andrus, Elvis",462101
5/5/2023,"Maile, L.","Greene, H.","Andrus, E.","India, J.",2B,SB,0.2,7.9,12.2,20,,"Andrus, Elvis",462101
6/10/2023,"Stallings, J.","Okert, S.","Andrus, E.","Wendle, J.",2B,SB,0.2,10.8,11.7,22.5,,"Andrus, Elvis",462101
6/14/2023,"Barnes, A.","Graterol, B.","Andrus, E.","Rojas, M.",2B,CS,-0.45,8.9,10.6,19.5,,"Andrus, Elvis",462101
7/6/2023,"Kirk, A.","Berríos, J.","Andrus, E.","Bichette, B.",2B,CS,-0.45,8.9,11.2,20.1,,"Andrus, Elvis",462101
8/5/2023,"Naylor, B.","Syndergaard, N.","Andrus, E.",--,3B,SB,0.2,18.5,17.2,35.6,,"Andrus, Elvis",462101
8/5/2023,"Naylor, B.","Syndergaard, N.","Andrus, E.","Giménez, A.",2B,SB,0.19,13.5,12.1,25.6,,"Andrus, Elvis",462101
8/15/2023,"Gomes, Y.","Alzolay, A.","Andrus, E.","Swanson, D.",2B,SB,0.2,12.3,11.1,23.4,,"Andrus, Elvis",462101
9/12/2023,"Perez, S.","Kowar, J.","Andrus, E.","Garcia, M.",3B,SB,0.2,11.8,17.2,29,,"Andrus, Elvis",462101
5/2/2023,"Vázquez, C.","Stewart, B.","Hamilton, B.","Polanco, J.",2B,SB,0.2,9.3,11.9,21.2,,"Hamilton, Billy",571740
5/4/2023,"Vázquez, C.","Duran, J.","Hamilton, B.","Polanco, J.",2B,SB,0.2,13.4,12.7,26.1,,"Hamilton, Billy",571740
4/11/2023,"Melendez, M.","Barlow, S.","García, A.","Massey, M.",2B,SB,0.2,12.2,10.4,22.7,,"García, Adolis",666969
5/7/2023,"Thaiss, M.","Silseth, C.","García, A.","Rengifo, L.",2B,SB,0.2,10.8,10.3,21.1,,"García, Adolis",666969
5/10/2023,"Raleigh, C.","Then, J.","García, A.","Wong, K.",2B,SB,0.2,9.9,10.2,20.1,,"García, Adolis",666969
6/9/2023,"Bethancourt, C.","Glasnow, T.","García, A.","Franco, W.",2B,SB,0.19,12.8,10.4,23.2,,"García, Adolis",666969
6/12/2023,"Thaiss, M.","Devenski, C.","García, A.",--,2B,SB,0.2,13.1,10.7,23.8,,"García, Adolis",666969
6/17/2023,"Jansen, D.","Francis, B.","García, A.","Biggio, C.",2B,BK,0.2,--,--,--,,"García, Adolis",666969
8/18/2023,"Contreras, W.","Peguero, E.","García, A.","Turang, B.",2B,SB,0.2,12.4,10.5,22.9,,"García, Adolis",666969
9/23/2023,"Raleigh, C.","Gilbert, L.","García, A.","Crawford, J.",2B,SB,0.2,12.2,10.6,22.8,,"García, Adolis",666969
9/23/2023,"Raleigh, C.","Topa, J.","García, A.","Caballero, J.",2B,CS,-0.45,8.5,11.4,19.9,,"García, Adolis",666969
4/5/2023,"McGuire, R.","Kelly, Z.","Reynolds, B.",--,3B,SB,0.2,21.4,13.2,34.5,,"Reynolds, Bryan",668804
4/8/2023,"Grandal, Y.","Clevinger, M.","Reynolds, B.","Anderson, T.",2B,SB,0.2,11.7,10.1,21.8,,"Reynolds, Bryan",668804
4/27/2023,"Barnes, A.","Urías, J.","Reynolds, B.","Busch, M.",3B,SB,0.2,15.7,14.9,30.6,,"Reynolds, Bryan",668804
4/29/2023,"Ruiz, K.","Kuhl, C.","Reynolds, B.",--,2B,SB,0.19,14.5,11.8,26.3,,"Reynolds, Bryan",668804
5/14/2023,"McCann, J.","Voth, A.","Reynolds, B.","Ortiz, J.",2B,SB,0.2,11.3,11.2,22.5,,"Reynolds, Bryan",668804
5/26/2023,"Raleigh, C.","Then, J.","Reynolds, B.","Wong, K.",2B,SB,0.2,13.1,9.1,22.1,,"Reynolds, Bryan",668804
8/5/2023,"Caratini, V.","Burnes, C.","Reynolds, B.","Adames, W.",2B,SB,0.2,11.6,12.6,24.2,,"Reynolds, Bryan",668804
8/26/2023,"Amaya, M.","Wicks, J.","Reynolds, B.",--,3B,SB,0.2,12.6,15.4,28,,"Reynolds, Bryan",668804
9/3/2023,"Knizner, A.","Pallante, A.","Reynolds, B.",--,3B,SB,0.2,17.8,16.4,34.2,,"Reynolds, Bryan",668804
9/11/2023,"Ruiz, K.","Corbin, P.","Reynolds, B.",--,3B,SB,0.2,13,17,30.1,,"Reynolds, Bryan",668804
9/8/2023,"Langeliers, S.","Blackburn, P.","Carter, E.","Allen, N.",2B,SB,0.2,9.7,11.2,20.9,,"Carter, Evan",694497
9/12/2023,"Kirk, A.","Richards, T.","Carter, E.","Bichette, B.",2B,SB,0.2,7.7,11.3,19,,"Carter, Evan",694497
9/22/2023,"Raleigh, C.","Miller, B.","Carter, E.",--,2B,SB,0.2,8.4,12.2,20.6,,"Carter, Evan",694497
4/10/2023,"Zunino, M.","Bieber, S.","Kiner-Falefa, I.","Giménez, A.",2B,SB,0.2,11.8,9.9,21.7,,"Kiner-Falefa, Isiah",643396
4/18/2023,"O'Hoppe, L.","Suarez, J.","Kiner-Falefa, I.","Lamb, J.",2B,PK,-0.45,0.1,10,10.1,,"Kiner-Falefa, Isiah",643396
4/20/2023,"O'Hoppe, L.","Davidson, T.","Kiner-Falefa, I.","Rengifo, L.",2B,SB,0.2,11.5,9.8,21.3,,"Kiner-Falefa, Isiah",643396
4/23/2023,"Jansen, D.","Gausman, K.","Kiner-Falefa, I.","Merrifield, W.",2B,SB,0.2,13.6,9.9,23.4,,"Kiner-Falefa, Isiah",643396
5/3/2023,"Gallagher, C.","Bieber, S.","Kiner-Falefa, I.","Rosario, A.",2B,SB,0.2,10.1,10.8,20.9,,"Kiner-Falefa, Isiah",643396
5/6/2023,"Bethancourt, C.","Rasmussen, D.","Kiner-Falefa, I.","Lowe, B.",2B,CS,-0.45,10.8,10.7,21.5,,"Kiner-Falefa, Isiah",643396
5/21/2023,"Maile, L.","Greene, H.","Kiner-Falefa, I.","Newman, K.",2B,CS,-0.45,10.7,10,20.6,,"Kiner-Falefa, Isiah",643396
5/28/2023,"Sullivan, B.","Honeywell, B.","Kiner-Falefa, I.","Odor, R.",2B,SB,0.2,8.4,10.8,19.2,,"Kiner-Falefa, Isiah",643396
6/9/2023,"Wong, C.","Whitlock, G.","Kiner-Falefa, I.","Hernández, E.",2B,CS,-0.45,11.2,11.6,22.9,,"Kiner-Falefa, Isiah",643396
6/9/2023,"Wong, C.","Whitlock, G.","Kiner-Falefa, I.","Arroyo, C.",2B,SB,0.2,12.2,12.7,24.9,,"Kiner-Falefa, Isiah",643396
6/14/2023,"Alvarez, F.","Raley, B.","Kiner-Falefa, I.","Lindor, F.",2B,SB,0.2,12,10.8,22.8,,"Kiner-Falefa, Isiah",643396
6/23/2023,"Garver, M.","Dunning, D.","Kiner-Falefa, I.","Semien, M.",2B,CS,-0.45,9.2,10.1,19.3,,"Kiner-Falefa, Isiah",643396
7/2/2023,"Knizner, A.","Montgomery, J.","Kiner-Falefa, I.","Gorman, N.",2B,SB,0.2,6.2,12.7,18.9,,"Kiner-Falefa, Isiah",643396
8/9/2023,"Grandal, Y.","Clevinger, M.","Kiner-Falefa, I.","Andrus, E.",2B,CS,-0.45,9.7,12.1,21.8,,"Kiner-Falefa, Isiah",643396
8/13/2023,"Stallings, J.","Pérez, E.","Kiner-Falefa, I.","Arraez, L.",2B,SB,0.2,14.4,12.2,26.6,,"Kiner-Falefa, Isiah",643396
9/1/2023,"Maldonado, M.","Kuhnel, J.","Kiner-Falefa, I.",--,2B,SB,0.2,13.3,12.2,25.4,,"Kiner-Falefa, Isiah",643396
9/10/2023,"Caratini, V.","Burnes, C.","Kiner-Falefa, I.","Turang, B.",2B,SB,0.2,9.4,12.5,21.9,,"Kiner-Falefa, Isiah",643396
9/12/2023,"Wong, C.","Martin, C.","Kiner-Falefa, I.","Story, T.",2B,SB,0.2,11.5,11.4,23,,"Kiner-Falefa, Isiah",643396
4/21/2023,"Murphy, S.","Minter, A.","Dubón, M.","Olson, M.",2B,BK,0.2,--,--,--,,"Dubón, Mauricio",643289
4/21/2023,"Murphy, S.","Elder, B.","Dubón, M.","Albies, O.",2B,SB,0.2,8.6,11.8,20.4,,"Dubón, Mauricio",643289
4/25/2023,"Mejía, F.","Adam, J.","Dubón, M.",--,3B,SB,0.19,19.7,16,35.6,,"Dubón, Mauricio",643289
5/1/2023,"Sabol, B.","Stripling, R.","Dubón, M.","Estrada, T.",2B,SB,0.2,9.6,12.4,22,,"Dubón, Mauricio",643289
6/10/2023,"Zunino, M.","McKenzie, T.","Dubón, M.","Freeman, T.",2B,SB,0.2,12.7,13.1,25.8,,"Dubón, Mauricio",643289
6/10/2023,"Gallagher, C.","Herrin, T.","Dubón, M.",--,2B,SB,0.2,10.3,13.5,23.8,,"Dubón, Mauricio",643289
7/14/2023,"Wallach, C.","Webb, J.","Dubón, M.","Stefanic, M.",2B,SB,0.2,10,12,22,,"Dubón, Mauricio",643289
7/15/2023,"Thaiss, M.","Detmers, R.","Dubón, M.","Neto, Z.",2B,CS,-0.45,11.6,12.4,24,,"Dubón, Mauricio",643289
8/29/2023,"McGuire, R.","Bello, B.","Dubón, M.","Hamilton, D.",2B,SB,0.2,8.5,12.3,20.7,,"Dubón, Mauricio",643289
9/3/2023,"Wells, A.","King, M.","Dubón, M.","Torres, G.",2B,CS,-0.45,9.7,11.7,21.4,,"Dubón, Mauricio",643289
9/30/2023,"Moreno, G.","Kelly, M.","Dubón, M.","Walker, C.",2B,FB,0.2,--,--,--,,"Dubón, Mauricio",643289
3/30/2023,"Ruiz, K.","Finnegan, K.","Hilliard, S.","Abrams, C.",2B,SB,0.2,11.3,11.6,23,,"Hilliard, Sam",656541
4/12/2023,"Maile, L.","Gibaut, I.","Hilliard, S.","India, J.",2B,SB,0.2,12.1,11.5,23.6,,"Hilliard, Sam",656541
4/19/2023,"Nola, A.","García, L.","Hilliard, S.","Kim, H.",2B,SB,0.2,12.7,11.8,24.5,,"Hilliard, Sam",656541
7/27/2023,"Zavala, S.","Cease, D.","Naylor, B.","Burger, J.",2B,SB,0.2,11,11.1,22.1,,"Naylor, Bo",666310
9/11/2023,"Bart, J.","Brebbia, J.","Naylor, B.","Estrada, T.",2B,SB,0.2,9.3,11.4,20.7,,"Naylor, Bo",666310
9/16/2023,"Heim, J.","Dunning, D.","Naylor, B.","Semien, M.",2B,SB,0.2,9.3,11.2,20.5,,"Naylor, Bo",666310
9/18/2023,"Porter, L.","Davidson, T.","Naylor, B.","Massey, M.",2B,SB,0.2,8.9,11.7,20.6,,"Naylor, Bo",666310
5/23/2023,"Zunino, M.","Curry, X.","Frazier, C.","Giménez, A.",2B,SB,0.2,12.6,12.8,25.5,,"Frazier, Clint",640449
5/24/2023,"Gallagher, C.","Quantrill, C.","Frazier, C.",--,2B,SB,0.2,14.1,11.7,25.8,,"Frazier, Clint",640449
6/11/2023,"Fortes, N.","Brazobán, H.","Frazier, C.","Arraez, L.",2B,SB,0.2,9.5,12.4,21.8,,"Frazier, Clint",640449
6/20/2023,"Heim, J.","Eovaldi, N.","Frazier, C.","Semien, M.",2B,SB,0.2,10.8,11.1,21.9,,"Frazier, Clint",640449
6/24/2023,"Wong, C.","Winckowski, J.","Frazier, C.","Arroyo, C.",2B,CS,-0.45,6.1,12.8,18.9,,"Frazier, Clint",640449
4/25/2023,"Zunino, M.","De Los Santos, E.","Trejo, A.","Giménez, A.",2B,SB,0.2,14.5,12.2,26.7,,"Trejo, Alan",676701
5/25/2023,"Fortes, N.","Chargois, J.","Trejo, A.",--,3B,SB,0.2,16.2,18.4,34.7,,"Trejo, Alan",676701
6/3/2023,"Perez, S.","Kowar, J.","Trejo, A.",--,2B,SB,0.2,13.6,11.6,25.2,,"Trejo, Alan",676701
8/30/2023,"d'Arnaud, T.","Vines, D.","Trejo, A.","Albies, O.",2B,SB,0.2,9.7,12.4,22.1,,"Trejo, Alan",676701
7/3/2023,"Caratini, V.","Teheran, J.","Young, J.","Adames, W.",2B,SB,0.2,12.3,11,23.3,,"Young, Jacob",696285
7/9/2023,"Higashioka, K.","Ramirez, N.","Young, J.","Volpe, A.",2B,SB,0.2,8.7,10.9,19.5,,"Young, Jacob",696285
9/27/2023,"Sullivan, B.","Barlow, S.","Fitzgerald, T.","Bogaerts, X.",2B,SB,0.2,17,13.1,30,,"Fitzgerald, Tyler",666149
9/27/2023,"Sullivan, B.","Waldron, M.","Fitzgerald, T.","Bogaerts, X.",2B,SB,0.2,12.3,12.1,24.5,,"Fitzgerald, Tyler",666149
5/13/2023,"Knizner, A.","Matz, S.","Refsnyder, R.","DeJong, P.",2B,SB,0.2,13.7,13.3,26.9,,"Refsnyder, Rob",608701
5/26/2023,"Herrera, J.","Frías, L.","Refsnyder, R.",--,2B,SB,0.2,19.8,13,32.8,,"Refsnyder, Rob",608701
6/8/2023,"Gallagher, C.","Karinchak, J.","Refsnyder, R.",--,2B,SB,0.19,15.7,12.7,28.5,,"Refsnyder, Rob",608701
6/14/2023,"Wynns, A.","Gomber, A.","Refsnyder, R.","Castro, H.",2B,SB,0.2,10.9,13.8,24.7,,"Refsnyder, Rob",608701
7/1/2023,"Jansen, D.","Kikuchi, Y.","Refsnyder, R.",--,2B,SB,0.2,20.9,17.1,38.1,,"Refsnyder, Rob",608701
7/19/2023,"Langeliers, S.","Waldichuk, K.","Refsnyder, R.",--,2B,SB,0.2,30.4,12,42.4,,"Refsnyder, Rob",608701
7/29/2023,"Bailey, P.","Doval, C.","Refsnyder, R.","Luciano, M.",2B,CS,-0.45,12.7,13.3,26,,"Refsnyder, Rob",608701
3/30/2023,"Heim, J.","deGrom, J.","Realmuto, J.",--,3B,SB,0.2,15,15.6,30.6,,"Realmuto, J.T.",592663
4/21/2023,"Díaz, E.","Hand, B.","Realmuto, J.",--,3B,SB,0.2,19.7,13.7,33.4,,"Realmuto, J.T.",592663
4/23/2023,"Serven, B.","Ureña, J.","Realmuto, J.","McMahon, R.",3B,CS,-0.45,12.7,16,28.6,,"Realmuto, J.T.",592663
4/23/2023,"Serven, B.","Ureña, J.","Realmuto, J.","Castro, H.",2B,SB,0.2,9.9,10.8,20.7,,"Realmuto, J.T.",592663
4/29/2023,"Maldonado, M.","Javier, C.","Realmuto, J.","Dubón, M.",2B,SB,0.2,12.5,11.6,24.1,,"Realmuto, J.T.",592663
5/7/2023,"Wong, C.","Houck, T.","Realmuto, J.","Valdez, E.",2B,CS,-0.45,7.1,11.2,18.3,,"Realmuto, J.T.",592663
5/16/2023,"Bart, J.","Cobb, A.","Realmuto, J.",--,3B,SB,0.2,15.9,14.2,30.1,,"Realmuto, J.T.",592663
5/30/2023,"Alvarez, F.","Ottavino, A.","Realmuto, J.","McNeil, J.",2B,CS,-0.46,10.1,12.6,22.8,,"Realmuto, J.T.",592663
6/5/2023,"Haase, E.","Englert, M.","Realmuto, J.","Maton, N.",3B,SB,0.2,16,13.4,29.4,,"Realmuto, J.T.",592663
6/9/2023,"Smith, W.","Miller, S.","Realmuto, J.","Rojas, M.",2B,SB,0.2,13.8,11.5,25.3,,"Realmuto, J.T.",592663
7/19/2023,"Contreras, W.","Rea, C.","Realmuto, J.","Adames, W.",2B,SB,0.2,10.6,11.5,22.1,,"Realmuto, J.T.",592663
7/23/2023,"Gallagher, C.","Sandlin, N.","Realmuto, J.","Giménez, A.",2B,SB,0.2,9.7,11.1,20.8,,"Realmuto, J.T.",592663
9/3/2023,"Caratini, V.","Chafin, A.","Realmuto, J.","Adames, W.",2B,SB,0.2,10.5,10.2,20.7,,"Realmuto, J.T.",592663
9/15/2023,"Contreras, W.","Lawrence, C.","Realmuto, J.","Edman, T.",2B,SB,0.2,8.1,11.1,19.3,,"Realmuto, J.T.",592663
9/23/2023,"Narváez, O.","Garrett, R.","Realmuto, J.","Mauricio, R.",2B,CS,-0.45,10.8,11.6,22.3,,"Realmuto, J.T.",592663
9/24/2023,"Alvarez, F.","Buttó, J.","Realmuto, J.","Mauricio, R.",2B,SB,0.2,9.1,10.5,19.5,,"Realmuto, J.T.",592663
4/4/2023,"Vázquez, C.","Maeda, K.","Segura, J.",--,2B,SB,0.2,9.5,11.1,20.6,,"Segura, Jean",516416
4/9/2023,"Alvarez, F.","Nogosek, S.","Segura, J.","Guillorme, L.",2B,SB,0.2,8.9,11.4,20.3,,"Segura, Jean",516416
5/12/2023,"Stephenson, T.","Gibaut, I.","Segura, J.","India, J.",2B,CS,-0.45,9.5,12.3,21.8,,"Segura, Jean",516416
5/18/2023,"Ruiz, K.","Williams, T.","Segura, J.","García Jr., L.",2B,SB,0.2,10.3,11,21.3,,"Segura, Jean",516416
5/31/2023,"Sánchez, G.","Hader, J.","Segura, J.","Kim, H.",3B,SB,0.2,15.3,14.9,30.2,,"Segura, Jean",516416
6/3/2023,"Langeliers, S.","Medina, L.","Segura, J.","Kemp, T.",2B,SB,0.2,13.2,10.7,23.9,,"Segura, Jean",516416
7/4/2023,"Knizner, A.","Wainwright, A.","Segura, J.",--,2B,SB,0.2,10.6,9.6,20.2,,"Segura, Jean",516416
4/5/2023,"Gallagher, C.","Gaddis, H.","Peterson, J.","Rosario, A.",2B,SB,0.2,8.3,11,19.3,,"Peterson, Jace",607054
4/16/2023,"Alvarez, F.","Reyes, D.","Peterson, J.","McNeil, J.",2B,SB,0.2,7.3,16.4,23.6,,"Peterson, Jace",607054
5/2/2023,"Raleigh, C.","Gott, T.","Peterson, J.","Caballero, J.",2B,SB,0.2,12.2,10.8,23.1,,"Peterson, Jace",607054
5/3/2023,"Raleigh, C.","Murfee, P.","Peterson, J.","Caballero, J.",2B,SB,0.2,14.2,11.8,26,,"Peterson, Jace",607054
5/6/2023,"Fermin, F.","Clarke, T.","Peterson, J.","Pasquantino, V.",2B,PK,-0.44,--,--,--,,"Peterson, Jace",607054
5/17/2023,"Herrera, J.","Nelson, R.","Peterson, J.","Rojas, J.",2B,CS,-0.45,10.3,11.6,21.9,,"Peterson, Jace",607054
5/28/2023,"Diaz, Y.","Javier, C.","Peterson, J.","Altuve, J.",2B,SB,0.2,12.3,12.4,24.7,,"Peterson, Jace",607054
6/4/2023,"Stallings, J.","Alcantara, S.","Peterson, J.","Arraez, L.",2B,SB,0.2,14.9,11.6,26.5,,"Peterson, Jace",607054
6/10/2023,"Caratini, V.","Williams, D.","Peterson, J.","Monasterio, A.",2B,SB,0.2,10.3,10.6,20.9,,"Peterson, Jace",607054
6/14/2023,"Bethancourt, C.","Glasnow, T.","Peterson, J.",--,2B,SB,0.19,12.4,11.6,24,,"Peterson, Jace",607054
7/22/2023,"Maldonado, M.","Javier, C.","Peterson, J.","Abreu, J.",2B,PK,-0.45,--,--,--,,"Peterson, Jace",607054
8/1/2023,"Bailey, P.","Walker, R.","Peterson, J.","Crawford, B.",2B,CS,-0.45,7,11,18,,"Peterson, Jace",607054
8/5/2023,"Jeffers, R.","Maeda, K.","Peterson, J.",--,2B,SB,0.2,17.1,11.5,28.6,,"Peterson, Jace",607054
9/26/2023,"Lee, K.","Ramírez, Y.","Peterson, J.","Anderson, T.",2B,SB,0.2,10.1,10.8,20.9,,"Peterson, Jace",607054
9/29/2023,"Maldonado, M.","Urquidy, J.","Peterson, J.","Peña, J.",2B,SB,0.2,13.7,10.8,24.5,,"Peterson, Jace",607054
4/9/2023,"Díaz, E.","Feltner, R.","Robles, V.","McMahon, R.",3B,BK,0.2,-0.1,14.6,14.4,,"Robles, Victor",645302
4/10/2023,"O'Hoppe, L.","Davidson, T.","Robles, V.","Fletcher, D.",2B,SB,0.2,9.5,11.7,21.2,,"Robles, Victor",645302
4/16/2023,"Zunino, M.","Bieber, S.","Robles, V.",--,2B,SB,0.2,10.9,11.5,22.5,,"Robles, Victor",645302
4/25/2023,"Alvarez, F.","Yacabonis, J.","Robles, V.","Guillorme, L.",2B,SB,0.2,10.3,12.5,22.8,,"Robles, Victor",645302
4/26/2023,"Alvarez, F.","Ottavino, A.","Robles, V.",--,3B,SB,0.2,20.7,14.5,35.2,,"Robles, Victor",645302
5/3/2023,"Barnhart, T.","Stroman, M.","Robles, V.",--,2B,SB,0.2,9.3,11.4,20.8,,"Robles, Victor",645302
5/6/2023,"Moreno, G.","Henry, T.","Robles, V.","Marte, K.",2B,CS,-0.45,9.2,11.8,21,,"Robles, Victor",645302
6/18/2023,"Fortes, N.","Luzardo, J.","Robles, V.","Gurriel, Y.",2B,PK,-0.45,--,--,--,,"Robles, Victor",645302
4/7/2023,"Rutschman, A.","Baker, B.","Cabrera, O.","Urías, R.",3B,SB,0.2,17.1,15.8,32.9,,"Cabrera, Oswaldo",665828
4/7/2023,"Rutschman, A.","Coulombe, D.","Cabrera, O.","Frazier, A.",3B,BK,0.19,--,--,--,,"Cabrera, Oswaldo",665828
4/14/2023,"Jeffers, R.","Varland, L.","Cabrera, O.","Julien, E.",2B,SB,0.2,13.5,7,20.5,,"Cabrera, Oswaldo",665828
4/19/2023,"O'Hoppe, L.","Moore, M.","Cabrera, O.","Drury, B.",2B,SB,0.2,13.1,11,24.1,,"Cabrera, Oswaldo",665828
4/22/2023,"Kirk, A.","Manoah, A.","Cabrera, O.",--,3B,SB,0.2,20.6,18,38.6,,"Cabrera, Oswaldo",665828
5/7/2023,"Bethancourt, C.","Poche, C.","Cabrera, O.","Lowe, B.",2B,SB,0.2,15.3,13,28.3,,"Cabrera, Oswaldo",665828
5/15/2023,"Kirk, A.","Manoah, A.","Cabrera, O.","Belt, B.",2B,PK,-0.45,--,--,--,,"Cabrera, Oswaldo",665828
7/16/2023,"Díaz, E.","Hollowell, G.","Cabrera, O.","Trejo, A.",2B,SB,0.2,13.8,6,19.8,,"Cabrera, Oswaldo",665828
4/21/2023,"Stephenson, T.","Law, D.","Mathias, M.",--,2B,SB,0.2,9.7,10.5,20.2,,"Mathias, Mark",664029
6/5/2023,"Pérez, C.","Sears, J.","Mathias, M.","Peterson, J.",2B,SB,0.2,7.1,10.6,17.7,,"Mathias, Mark",664029
6/9/2023,"Perez, S.","Chapman, A.","Hicks, A.",--,2B,SB,0.2,20.3,9.4,29.7,,"Hicks, Aaron",543305
6/18/2023,"Amaya, M.","Taillon, J.","Hicks, A.",--,2B,SB,0.2,14.9,11.1,26,,"Hicks, Aaron",543305
6/23/2023,"Murphy, T.","Gilbert, L.","Hicks, A.","Caballero, J.",2B,SB,0.2,12.7,9.5,22.3,,"Hicks, Aaron",543305
9/16/2023,"Pinto, R.","Glasnow, T.","Hicks, A.","Lowe, B.",2B,SB,0.19,18.5,12.4,30.8,,"Hicks, Aaron",543305
9/22/2023,"Fry, D.","Karinchak, J.","Hicks, A.","Giménez, A.",2B,SB,0.19,11.8,11.6,23.3,,"Hicks, Aaron",543305
9/24/2023,"Fry, D.","Sandlin, N.","Hicks, A.",--,2B,SB,0.2,24.3,14.3,38.6,,"Hicks, Aaron",543305
9/25/2023,"Moreno, G.","Kelly, M.","Florial, E.","Lawlar, J.",2B,SB,0.2,10.9,11,21.9,,"Florial, Estevan",664314
9/28/2023,"Kirk, A.","Bassitt, C.","Florial, E.",--,2B,SB,0.2,12,11.3,23.3,,"Florial, Estevan",664314
8/30/2023,"Rogers, J.","Wentz, J.","Pereira, E.","Ibáñez, A.",2B,SB,0.2,11.7,11.9,23.6,,"Pereira, Everson",677592
9/12/2023,"Wong, C.","Crawford, K.","Pereira, E.","Story, T.",2B,SB,0.2,11.3,11.9,23.1,,"Pereira, Everson",677592
3/31/2023,"Grandal, Y.","Ruiz, J.","Hensley, D.","Sheets, G.",2B,BK,0.2,--,--,--,,"Hensley, David",682073
3/31/2023,"Grandal, Y.","Ruiz, J.","Hensley, D.","Moncada, Y.",3B,SB,0.2,15,12.3,27.3,,"Hensley, David",682073
4/25/2023,"Murphy, S.","Morton, C.","Gurriel, Y.","Albies, O.",2B,SB,0.2,13.7,13.2,26.9,,"Gurriel, Yuli",493329
5/27/2023,"Thaiss, M.","Silseth, C.","Gurriel, Y.","Drury, B.",2B,BK,0.2,1.2,8,9.2,,"Gurriel, Yuli",493329
5/30/2023,"Sánchez, G.","Wilson, S.","Gurriel, Y.","Odor, R.",2B,SB,0.2,12.1,12,24.1,,"Gurriel, Yuli",493329
6/18/2023,"Ruiz, K.","Corbin, P.","Gurriel, Y.","García Jr., L.",2B,SB,0.2,14.1,9.6,23.7,,"Gurriel, Yuli",493329
4/19/2023,"Bart, J.","Cobb, A.","Hampson, G.","Estrada, T.",2B,SB,0.2,14,11.5,25.5,,"Hampson, Garrett",641658
5/5/2023,"Amaya, M.","Steele, J.","Hampson, G.","Mervis, M.",2B,BK,0.2,0.6,15.9,16.5,,"Hampson, Garrett",641658
5/20/2023,"Bailey, P.","Webb, L.","Hampson, G.",--,2B,SB,0.2,10.1,11.2,21.2,,"Hampson, Garrett",641658
8/31/2023,"Ruiz, K.","Adon, J.","Hampson, G.","Smith, D.",2B,PK,-0.45,--,--,--,,"Hampson, Garrett",641658
9/19/2023,"Alvarez, F.","Lucchesi, J.","Hampson, G.",--,3B,SB,0.2,18.4,17,35.5,,"Hampson, Garrett",641658
9/27/2023,"Alvarez, F.","Lucchesi, J.","Hampson, G.","Mauricio, R.",2B,SB,0.2,13.5,11.8,25.3,,"Hampson, Garrett",641658
4/8/2023,"Delay, J.","Velasquez, V.","Benintendi, A.","Cruz, O.",2B,SB,0.2,11.8,11,22.8,,"Benintendi, Andrew",643217
4/24/2023,"Kirk, A.","Bassitt, C.","Benintendi, A.","Belt, B.",2B,BK,0.2,0.4,11.3,11.7,,"Benintendi, Andrew",643217
4/28/2023,"Bethancourt, C.","Adam, J.","Benintendi, A.","Lowe, B.",2B,SB,0.2,14.2,9.3,23.5,,"Benintendi, Andrew",643217
4/28/2023,"Bethancourt, C.","Fairbanks, P.","Benintendi, A.","Franco, W.",2B,SB,0.2,18.4,9.8,28.2,,"Benintendi, Andrew",643217
5/13/2023,"Salazar, C.","Stanek, R.","Benintendi, A.","Dubón, M.",2B,SB,0.2,13,10.4,23.4,,"Benintendi, Andrew",643217
6/3/2023,"Haase, E.","Lorenzen, M.","Benintendi, A.",--,2B,SB,0.2,8.2,10.6,18.8,,"Benintendi, Andrew",643217
6/4/2023,"Rogers, J.","Lange, A.","Benintendi, A.",--,2B,SB,0.2,13.3,9.3,22.6,,"Benintendi, Andrew",643217
6/10/2023,"Stallings, J.","Alcantara, S.","Benintendi, A.","Arraez, L.",2B,CS,-0.45,12.3,9.3,21.6,,"Benintendi, Andrew",643217
6/17/2023,"Murphy, T.","Gilbert, L.","Benintendi, A.",--,3B,SB,0.2,19.1,15.5,34.6,,"Benintendi, Andrew",643217
7/19/2023,"Alvarez, F.","Verlander, J.","Benintendi, A.",--,2B,SB,0.2,14.3,9.6,23.9,,"Benintendi, Andrew",643217
7/26/2023,"Barnhart, T.","Stroman, M.","Benintendi, A.","Hoerner, N.",2B,SB,0.2,11.4,10.7,22.1,,"Benintendi, Andrew",643217
8/20/2023,"Wynns, A.","Flexen, C.","Benintendi, A.","McMahon, R.",3B,SB,0.2,12.4,15.8,28.1,,"Benintendi, Andrew",643217
9/17/2023,"Jeffers, R.","Gray, S.","Benintendi, A.","Polanco, J.",2B,CS,-0.45,10.8,11.1,21.9,,"Benintendi, Andrew",643217
5/21/2023,"Realmuto, J.","Strahm, M.","Tauchman, M.",--,2B,SB,0.2,10.7,10.3,21,,"Tauchman, Mike",643565
5/31/2023,"Bethancourt, C.","Eflin, Z.","Tauchman, M.","Walls, T.",2B,CS,-0.45,7.5,13.1,20.6,,"Tauchman, Mike",643565
6/8/2023,"Wallach, C.","Detmers, R.","Tauchman, M.","Rengifo, L.",2B,SB,0.2,9.8,12,21.7,,"Tauchman, Mike",643565
6/16/2023,"Rutschman, A.","Pérez, C.","Tauchman, M.","Frazier, A.",3B,BK,0.2,9.2,14.6,23.7,,"Tauchman, Mike",643565
6/18/2023,"Rutschman, A.","Kremer, D.","Tauchman, M.","Frazier, A.",2B,SB,0.2,10.2,15.1,25.3,,"Tauchman, Mike",643565
8/1/2023,"Stephenson, T.","Lively, B.","Tauchman, M.","Newman, K.",2B,SB,0.2,10.8,14.2,25,,"Tauchman, Mike",643565
8/6/2023,"d'Arnaud, T.","Morton, C.","Tauchman, M.","Albies, O.",2B,SB,0.2,19,12.8,31.9,,"Tauchman, Mike",643565
9/28/2023,"d'Arnaud, T.","Smith-Shawver, A.","Tauchman, M.","Albies, O.",2B,SB,0.2,11,12.6,23.7,,"Tauchman, Mike",643565
4/4/2023,"Adams, R.","Finnegan, K.","Margot, M.",--,2B,SB,0.2,12.5,12,24.5,,"Margot, Manuel",622534
4/5/2023,"Ruiz, K.","Corbin, P.","Margot, M.","Chavis, M.",2B,SB,0.2,11.4,11.7,23,,"Margot, Manuel",622534
4/26/2023,"Diaz, Y.","Brown, H.","Margot, M.","Dubón, M.",2B,CS,-0.45,7.9,11.6,19.5,,"Margot, Manuel",622534
4/30/2023,"Grandal, Y.","Graveman, K.","Margot, M.",--,2B,SB,0.2,14,11.7,25.7,,"Margot, Manuel",622534
5/2/2023,"Hedges, A.","Contreras, R.","Margot, M.","Mathias, M.",2B,SB,0.2,9.7,12.7,22.5,,"Margot, Manuel",622534
5/24/2023,"Kirk, A.","Pearson, N.","Margot, M.","Bichette, B.",2B,SB,0.2,11.4,13,24.4,,"Margot, Manuel",622534
5/31/2023,"Gomes, Y.","Merryweather, J.","Margot, M.","Swanson, D.",2B,SB,0.2,8,11.5,19.5,,"Margot, Manuel",622534
7/19/2023,"Heim, J.","Speas, A.","Margot, M.","Seager, C.",2B,CS,-0.45,7.5,10.8,18.3,,"Margot, Manuel",622534
9/21/2023,"O'Hoppe, L.","Marte, J.","Margot, M.",--,3B,SB,0.2,14.4,14.1,28.5,,"Margot, Manuel",622534
5/1/2023,"Realmuto, J.","Kimbrel, C.","Busch, M.",--,2B,SB,0.2,25.3,12.1,37.4,,"Busch, Michael",683737
5/7/2023,"Sullivan, B.","Honeywell, B.","Busch, M.","Cronenworth, J.",2B,BK,0.2,--,--,--,,"Busch, Michael",683737
4/27/2023,"Fortes, N.","Garrett, B.","Pillar, K.",--,2B,SB,0.2,8.7,11.7,20.4,,"Pillar, Kevin",607680
5/4/2023,"Fortes, N.","Brazobán, H.","Pillar, K.","Arraez, L.",2B,SB,0.2,14.8,12.9,27.7,,"Pillar, Kevin",607680
6/10/2023,"Adams, R.","Kuhl, C.","Pillar, K.","Vargas, I.",2B,SB,0.2,15.3,11.5,26.9,,"Pillar, Kevin",607680
4/15/2023,"Delay, J.","Contreras, R.","Nootbaar, L.",--,2B,SB,0.19,19.5,12.2,31.7,,"Nootbaar, Lars",663457
4/28/2023,"Barnes, A.","May, D.","Nootbaar, L.","Vargas, M.",2B,SB,0.2,11.9,11.1,23,,"Nootbaar, Lars",663457
5/6/2023,"Haase, E.","Turnbull, S.","Nootbaar, L.",--,2B,SB,0.2,17.7,12,29.7,,"Nootbaar, Lars",663457
5/8/2023,"Barnhart, T.","Stroman, M.","Nootbaar, L.","Madrigal, N.",2B,SB,0.2,10.1,11.6,21.7,,"Nootbaar, Lars",663457
5/12/2023,"Wong, C.","Jansen, K.","Nootbaar, L.","Hernández, E.",2B,SB,0.2,13.3,12.6,25.8,,"Nootbaar, Lars",663457
5/26/2023,"Zunino, M.","Bieber, S.","Nootbaar, L.","Giménez, A.",2B,CS,-0.45,9.4,12.8,22.2,,"Nootbaar, Lars",663457
7/18/2023,"Stallings, J.","Cabrera, E.","Nootbaar, L.","Arraez, L.",2B,SB,0.2,12.4,11.2,23.5,,"Nootbaar, Lars",663457
7/20/2023,"Gomes, Y.","Stroman, M.","Nootbaar, L.","Morel, C.",2B,SB,0.2,13.4,12.6,26,,"Nootbaar, Lars",663457
8/9/2023,"Pinto, R.","Kelly, K.","Nootbaar, L.",--,3B,SB,0.2,24.6,13.7,38.4,,"Nootbaar, Lars",663457
9/11/2023,"Rutschman, A.","Kremer, D.","Nootbaar, L.","Urías, R.",3B,SB,0.2,20.3,14.8,35.1,,"Nootbaar, Lars",663457
9/19/2023,"Contreras, W.","Megill, T.","Nootbaar, L.","Monasterio, A.",2B,SB,0.19,18.6,11.1,29.7,,"Nootbaar, Lars",663457
5/1/2023,"Jansen, D.","Berríos, J.","Valdez, E.","Bichette, B.",2B,SB,0.2,11,11.6,22.7,,"Valdez, Enmanuel",665839
5/5/2023,"Realmuto, J.","Brogdon, C.","Valdez, E.","Harrison, J.",2B,SB,0.2,7.9,9.9,17.8,,"Valdez, Enmanuel",665839
5/10/2023,"d'Arnaud, T.","Young, D.","Valdez, E.","Arcia, O.",2B,CS,-0.45,10.3,9.9,20.1,,"Valdez, Enmanuel",665839
6/7/2023,"Zunino, M.","Bibee, T.","Valdez, E.","Rosario, A.",2B,SB,0.2,18.7,13.1,31.8,,"Valdez, Enmanuel",665839
10/1/2023,"McCann, J.","Coulombe, D.","Valdez, E.","Westburg, J.",3B,SB,0.19,13.7,17.3,31,,"Valdez, Enmanuel",665839
8/11/2023,"d'Arnaud, T.","Yates, K.","Mendick, D.","Arcia, O.",3B,BK,0.2,--,--,--,,"Mendick, Danny",664901
9/30/2023,"Realmuto, J.","Walker, T.","Mendick, D.","Sosa, E.",2B,SB,0.2,9.7,9.7,19.4,,"Mendick, Danny",664901
4/8/2023,"Higashioka, K.","Brito, J.","Henderson, G.","Volpe, A.",2B,SB,0.2,5.7,14.2,19.9,,"Henderson, Gunnar",683002
4/14/2023,"Grandal, Y.","Clevinger, M.","Henderson, G.","Vaughn, A.",2B,PK,-0.45,--,--,--,,"Henderson, Gunnar",683002
4/14/2023,"Grandal, Y.","Diekman, J.","Henderson, G.","Vaughn, A.",2B,BK,0.2,-0.6,11,10.4,,"Henderson, Gunnar",683002
4/22/2023,"Haase, E.","Wentz, J.","Henderson, G.","Torkelson, S.",2B,BK,0.2,0.1,11.8,11.9,,"Henderson, Gunnar",683002
4/29/2023,"Haase, E.","Foley, J.","Henderson, G.","Short, Z.",2B,CS,-0.45,7.5,12.4,19.8,,"Henderson, Gunnar",683002
5/25/2023,"Rortvedt, B.","Ramirez, N.","Henderson, G.","Volpe, A.",2B,SB,0.2,8.2,12,20.2,,"Henderson, Gunnar",683002
6/9/2023,"Perez, S.","Lynch IV, D.","Henderson, G.","Lopez, N.",2B,SB,0.2,9.6,12.7,22.3,,"Henderson, Gunnar",683002
6/13/2023,"Jansen, D.","Francis, B.","Henderson, G.","Bichette, B.",3B,BK,0.2,3.5,13.6,17.1,,"Henderson, Gunnar",683002
6/24/2023,"Raleigh, C.","Adcock, T.","Henderson, G.","France, T.",2B,PK,-0.44,--,--,--,,"Henderson, Gunnar",683002
6/24/2023,"Raleigh, C.","Miller, B.","Henderson, G.","Wong, K.",2B,SB,0.2,12.6,11.4,23.9,,"Henderson, Gunnar",683002
7/31/2023,"Kirk, A.","Pearson, N.","Henderson, G.","Espinal, S.",2B,SB,0.2,11.6,10.1,21.7,,"Henderson, Gunnar",683002
8/22/2023,"Jansen, D.","Kikuchi, Y.","Henderson, G.","Merrifield, W.",2B,SB,0.2,7.3,11,18.3,,"Henderson, Gunnar",683002
8/28/2023,"Lee, K.","Kopech, M.","Henderson, G.","Sosa, L.",2B,SB,0.2,9.1,11.8,20.9,,"Henderson, Gunnar",683002
8/28/2023,"Lee, K.","Kopech, M.","Henderson, G.","Anderson, T.",2B,SB,0.2,10.7,12.3,22.9,,"Henderson, Gunnar",683002
9/23/2023,"Gallagher, C.","Quantrill, C.","Henderson, G.","Arias, G.",2B,SB,0.2,10,11.4,21.4,,"Henderson, Gunnar",683002
4/14/2023,"Jansen, D.","Berríos, J.","Lowe, B.",--,2B,SB,0.2,14.6,11.1,25.7,,"Lowe, Brandon",664040
5/22/2023,"Kirk, A.","Hatch, T.","Lowe, B.",--,2B,SB,0.2,14.7,11.2,25.8,,"Lowe, Brandon",664040
5/28/2023,"Barnes, A.","Miller, S.","Lowe, B.","Vargas, M.",2B,SB,0.19,12.8,11.2,24,,"Lowe, Brandon",664040
7/7/2023,"Murphy, S.","Morton, C.","Lowe, B.","Albies, O.",2B,SB,0.2,12.6,10.6,23.2,,"Lowe, Brandon",664040
7/28/2023,"Maldonado, M.","Javier, C.","Lowe, B.","Altuve, J.",2B,SB,0.2,12.9,10.8,23.7,,"Lowe, Brandon",664040
8/12/2023,"Gallagher, C.","Clase, E.","Lowe, B.","Giménez, A.",2B,SB,0.2,12.3,11,23.4,,"Lowe, Brandon",664040
4/15/2023,"Murphy, S.","Elder, B.","Dozier, H.","Grissom, V.",2B,SB,0.2,8.6,10.5,19.1,,"Dozier, Hunter",641531
4/29/2023,"Jeffers, R.","López, J.","Dozier, H.",--,2B,SB,0.2,10.3,10.3,20.6,,"Dozier, Hunter",641531
5/15/2023,"Smith, W.","Syndergaard, N.","Polanco, J.","Vargas, M.",2B,SB,0.19,13.3,12,25.3,,"Polanco, Jorge",593871
8/15/2023,"Haase, E.","White, B.","Polanco, J.",--,3B,SB,0.2,16.2,17.6,33.8,,"Polanco, Jorge",593871
8/19/2023,"Delay, J.","Keller, M.","Polanco, J.",--,2B,SB,0.2,9.9,11,20.9,,"Polanco, Jorge",593871
9/3/2023,"Heim, J.","Smith, W.","Polanco, J.","Smith, J.",3B,SB,0.2,12.6,16.1,28.8,,"Polanco, Jorge",593871
3/31/2023,"Zunino, M.","Sandlin, N.","Hummel, C.",--,2B,SB,0.2,17,12.2,29.2,,"Hummel, Cooper",669450
8/20/2023,"Murphy, S.","Tonkin, M.","Camargo, J.","Olson, M.",2B,BK,0.2,3.2,8.2,11.4,,"Camargo, Johan",622666
6/2/2023,"Maile, L.","Díaz, A.","Monasterio, A.",--,2B,SB,0.2,13.9,10.9,24.8,,"Monasterio, Andruw",655316
6/11/2023,"Pérez, C.","Sears, J.","Monasterio, A.","Kemp, T.",2B,SB,0.2,12.5,11.2,23.7,,"Monasterio, Andruw",655316
7/3/2023,"Barnhart, T.","Smyly, D.","Monasterio, A.","Madrigal, N.",3B,SB,0.2,18.2,15.6,33.8,,"Monasterio, Andruw",655316
7/24/2023,"Stephenson, T.","Farmer, B.","Monasterio, A.","McLain, M.",2B,SB,0.2,9.7,12.2,21.9,,"Monasterio, Andruw",655316
8/8/2023,"Díaz, E.","Freeland, K.","Monasterio, A.","Trejo, A.",2B,SB,0.2,11.9,11.5,23.3,,"Monasterio, Andruw",655316
8/26/2023,"Campusano, L.","Avila, P.","Monasterio, A.","Machado, M.",3B,SB,0.2,15.8,17.9,33.7,,"Monasterio, Andruw",655316
8/27/2023,"Sánchez, G.","Martinez, N.","Monasterio, A.","Batten, M.",2B,SB,0.2,10.1,13.1,23.1,,"Monasterio, Andruw",655316
9/11/2023,"Fortes, N.","Luzardo, J.","Monasterio, A.","Edwards, X.",3B,PK,-0.45,--,--,--,,"Monasterio, Andruw",655316
9/20/2023,"Herrera, I.","Barnes, J.","Monasterio, A.","Winn, M.",2B,CS,-0.45,8.6,12.6,21.2,,"Monasterio, Andruw",655316
9/8/2023,"Contreras, W.","Uribe, A.","Domínguez, J.",--,2B,SB,0.2,9.5,11.9,21.4,,"Domínguez, Jasson",691176
9/5/2023,"Pinto, R.","Eflin, Z.","Rafaela, C.","Lowe, B.",2B,CS,-0.45,7.2,13.2,20.4,,"Rafaela, Ceddanne",678882
9/10/2023,"Rutschman, A.","Krehbiel, J.","Rafaela, C.","Frazier, A.",2B,SB,0.2,6.1,13.3,19.4,,"Rafaela, Ceddanne",678882
9/29/2023,"McCann, J.","Fujinami, S.","Rafaela, C.","Mateo, J.",2B,SB,0.2,9.5,11.4,20.9,,"Rafaela, Ceddanne",678882
10/1/2023,"McCann, J.","Hall, D.","Rafaela, C.","Mateo, J.",2B,SB,0.2,9.2,11.1,20.2,,"Rafaela, Ceddanne",678882
4/10/2023,"Trevino, J.","Germán, D.","Rosario, A.","Volpe, A.",2B,SB,0.2,11,10.9,21.9,,"Rosario, Amed",642708
4/23/2023,"Fortes, N.","Luzardo, J.","Rosario, A.","Segura, J.",3B,SB,0.2,19.3,15.1,34.4,,"Rosario, Amed",642708
5/3/2023,"Higashioka, K.","Marinaccio, R.","Rosario, A.",--,2B,SB,0.2,11.2,11.4,22.6,,"Rosario, Amed",642708
5/22/2023,"Grandal, Y.","Lambert, J.","Rosario, A.","Anderson, T.",2B,SB,0.2,9.6,10.8,20.4,,"Rosario, Amed",642708
7/3/2023,"Murphy, S.","Elder, B.","Rosario, A.","Arcia, O.",2B,SB,0.2,9.3,11.4,20.7,,"Rosario, Amed",642708
8/11/2023,"Díaz, E.","Gomber, A.","Rosario, A.","Castro, H.",2B,CS,-0.45,11.1,10.4,21.4,,"Rosario, Amed",642708
8/26/2023,"Wong, C.","Paxton, J.","Rosario, A.","Urías, L.",2B,SB,0.2,11.1,11.6,22.6,,"Rosario, Amed",642708
8/27/2023,"Wong, C.","Murphy, C.","Rosario, A.","Reyes, P.",2B,SB,0.2,9.1,12.3,21.4,,"Rosario, Amed",642708
9/2/2023,"Murphy, S.","Minter, A.","Rosario, A.","Albies, O.",2B,SB,0.2,13.1,10.4,23.5,,"Rosario, Amed",642708
9/7/2023,"Fortes, N.","Smeltzer, D.","Rosario, A.","Wendle, J.",2B,CS,-0.45,10.3,10.4,20.7,,"Rosario, Amed",642708
9/17/2023,"Raleigh, C.","Bazardo, E.","Rosario, A.","Crawford, J.",2B,SB,0.2,9.6,12.1,21.7,,"Rosario, Amed",642708
8/17/2023,"Wong, C.","Sale, C.","Downs, J.","Urías, L.",2B,SB,0.2,9.4,12,21.4,,"Downs, Jeter",669023
6/21/2023,"Vázquez, C.","Duran, J.","Hamilton, D.","Correa, C.",2B,SB,0.2,12.6,12.3,25,,"Hamilton, David",666152
6/23/2023,"Zavala, S.","Giolito, L.","Hamilton, D.",--,2B,SB,0.2,13.6,11.6,25.3,,"Hamilton, David",666152
6/28/2023,"Fortes, N.","Garrett, B.","Hamilton, D.","Wendle, J.",2B,CS,-0.45,9.8,10.9,20.7,,"Hamilton, David",666152
4/26/2023,"Heim, J.","Gray, J.","Newman, K.","Semien, M.",2B,CS,-0.45,10.9,9.7,20.6,,"Newman, Kevin",621028
5/5/2023,"Grandal, Y.","Lynn, L.","Newman, K.","Andrus, E.",2B,SB,0.2,10.6,8,18.6,,"Newman, Kevin",621028
6/2/2023,"Caratini, V.","Peguero, E.","Newman, K.",--,3B,SB,0.2,14.4,21.8,36.1,,"Newman, Kevin",621028
6/7/2023,"Smith, W.","Syndergaard, N.","Newman, K.","Vargas, M.",2B,SB,0.19,11.8,11.6,23.4,,"Newman, Kevin",621028
6/17/2023,"Diaz, Y.","Montero, R.","Newman, K.",--,3B,SB,0.2,19.8,17.5,37.3,,"Newman, Kevin",621028
6/25/2023,"Murphy, S.","Minter, A.","Newman, K.",--,2B,SB,0.2,22.5,10.1,32.6,,"Newman, Kevin",621028
8/7/2023,"Fortes, N.","Pérez, E.","Newman, K.","Wendle, J.",2B,SB,0.2,11.5,10.8,22.3,,"Newman, Kevin",621028
9/9/2023,"Gomes, Y.","Steele, J.","Lawlar, J.","Hoerner, N.",2B,SB,0.2,9.7,11.3,21,,"Lawlar, Jordan",691783
7/25/2023,"Murphy, S.","Morton, C.","Chang, Y.","Arcia, O.",2B,SB,0.2,13.3,10.5,23.8,,"Chang, Yu",644374
4/14/2023,"Contreras, W.","Woodford, J.","Smith-Njigba, C.","Donovan, B.",2B,SB,0.2,10.9,12.7,23.6,,"Smith-Njigba, Canaan",675986
5/13/2023,"Casali, C.","Stoudt, L.","Burdick, P.","Newman, K.",3B,SB,0.2,15.7,15.5,31.2,,"Burdick, Peyton",680814
4/25/2023,"Barnes, A.","Syndergaard, N.","Marcano, T.","Vargas, M.",2B,SB,0.19,9.5,12.1,21.7,,"Marcano, Tucupita",672779
5/26/2023,"Raleigh, C.","Kirby, G.","Marcano, T.","Suárez, E.",3B,SB,0.2,16.3,13.9,30.2,,"Marcano, Tucupita",672779
6/2/2023,"Contreras, W.","Pallante, A.","Marcano, T.",--,3B,SB,0.2,22,15.2,37.2,,"Marcano, Tucupita",672779
7/7/2023,"Moreno, G.","Gallen, Z.","Marcano, T.","Marte, K.",2B,SB,0.2,9.6,13.5,23.1,,"Marcano, Tucupita",672779
7/14/2023,"Bailey, P.","Stripling, R.","Marcano, T.","Crawford, B.",2B,CS,-0.45,9.2,12.4,21.6,,"Marcano, Tucupita",672779
4/7/2023,"Pérez, R.","Cobb, A.","Isbel, K.","Estrada, T.",2B,SB,0.2,11.4,11.7,23.1,,"Isbel, Kyle",664728
4/18/2023,"León, S.","Eovaldi, N.","Isbel, K.","Duran, E.",2B,SB,0.2,9,12,21.1,,"Isbel, Kyle",664728
4/25/2023,"Moreno, G.","Nelson, R.","Isbel, K.","Rojas, J.",3B,CS,-0.45,11.8,14.8,26.6,,"Isbel, Kyle",664728
7/16/2023,"Mejía, F.","Diekman, J.","Isbel, K.","Lowe, B.",2B,SB,0.2,10.1,11.6,21.6,,"Isbel, Kyle",664728
7/28/2023,"Jeffers, R.","Duran, J.","Isbel, K.","Farmer, K.",3B,SB,0.2,17.7,16.8,34.5,,"Isbel, Kyle",664728
8/8/2023,"Wong, C.","Robertson, N.","Isbel, K.",--,3B,SB,0.2,15.4,17.1,32.4,,"Isbel, Kyle",664728
8/26/2023,"Diaz, Y.","Brown, H.","Carpenter, K.","Altuve, J.",2B,SB,0.2,10.6,10.7,21.3,,"Carpenter, Kerry",681481
8/28/2023,"Higashioka, K.","Severino, L.","Carpenter, K.","LeMahieu, D.",2B,BK,0.2,--,--,--,,"Carpenter, Kerry",681481
8/31/2023,"Higashioka, K.","Schmidt, C.","Carpenter, K.","Volpe, A.",2B,SB,0.2,8.8,11.6,20.4,,"Carpenter, Kerry",681481
9/3/2023,"Lee, K.","Banks, T.","Carpenter, K.","Andrus, E.",2B,SB,0.2,14.3,10.2,24.5,,"Carpenter, Kerry",681481
9/7/2023,"Higashioka, K.","Rodón, C.","Carpenter, K.","Torres, G.",2B,SB,0.2,10.6,12.1,22.7,,"Carpenter, Kerry",681481
9/30/2023,"Naylor, B.","Karinchak, J.","Carpenter, K.",--,2B,SB,0.19,9.3,13.2,22.5,,"Carpenter, Kerry",681481
7/5/2023,"Barnhart, T.","Steele, J.","Jones, J.","Hoerner, N.",2B,SB,0.2,8.8,11.7,20.6,,"Jones, Jahmai",663330
6/25/2023,"Maldonado, M.","Neris, H.","DeLuca, J.","Peña, J.",2B,SB,0.2,12.1,12,24.2,,"DeLuca, Jonny",676356
8/8/2023,"Sánchez, G.","Martinez, N.","Canzone, D.","Machado, M.",3B,SB,0.2,15.7,14.1,29.8,,"Canzone, Dominic",686527
8/29/2023,"Langeliers, S.","Waldichuk, K.","Canzone, D.","Noda, R.",2B,BK,0.2,--,--,--,,"Canzone, Dominic",686527
4/18/2023,"Sabol, B.","Junis, J.","García, A.","Estrada, T.",2B,SB,0.2,7.2,12.4,19.6,,"García, Adolis",666969
7/8/2023,"Zavala, S.","Toussaint, T.","Herrera, I.","Anderson, T.",3B,BK,0.2,--,--,--,,"Herrera, Iván",671056
9/3/2023,"Maldonado, M.","Graveman, K.","Wells, A.","Abreu, J.",2B,BK,0.2,2.2,17.5,19.7,,"Wells, Austin",669224
4/17/2023,"Perez, S.","Clarke, T.","Thompson, B.","Pasquantino, V.",2B,PK,-0.45,--,--,--,,"Thompson, Bubba",669352
4/24/2023,"Stephenson, T.","Lodolo, N.","Thompson, B.","India, J.",2B,SB,0.2,8.1,13.5,21.6,,"Thompson, Bubba",669352
4/29/2023,"Trevino, J.","Hamilton, I.","Thompson, B.","Volpe, A.",2B,CS,-0.45,6.2,13.4,19.6,,"Thompson, Bubba",669352
5/6/2023,"Wallach, C.","Davidson, T.","Thompson, B.","Neto, Z.",2B,SB,0.2,8.4,13.2,21.6,,"Thompson, Bubba",669352
5/12/2023,"Pérez, C.","Waldichuk, K.","Thompson, B.","Diaz, J.",2B,SB,0.2,11.1,12.1,23.3,,"Thompson, Bubba",669352
8/8/2023,"Adams, R.","Ferrer, J.","Stubbs, G.",--,2B,SB,0.2,11.6,11,22.6,,"Stubbs, Garrett",596117
10/1/2023,"Alvarez, F.","Buttó, J.","Stubbs, G.","Lindor, F.",2B,SB,0.2,12.4,12.1,24.5,,"Stubbs, Garrett",596117
5/10/2023,"Contreras, W.","Miley, W.","Rojas, M.","Miller, O.",2B,SB,0.2,10.5,11.1,21.6,,"Rojas, Miguel",500743
5/31/2023,"Ruiz, K.","Finnegan, K.","Rojas, M.","Abrams, C.",2B,SB,0.2,13.1,13.7,26.8,,"Rojas, Miguel",500743
5/31/2023,"Ruiz, K.","Edwards Jr., C.","Rojas, M.","Candelario, J.",3B,SB,0.2,13.2,18.7,31.9,,"Rojas, Miguel",500743
6/3/2023,"Trevino, J.","Cole, G.","Rojas, M.","Torres, G.",2B,CS,-0.45,10.8,11,21.9,,"Rojas, Miguel",500743
6/15/2023,"Grandal, Y.","López, R.","Rojas, M.","Andrus, E.",2B,SB,0.2,14.8,11.1,25.9,,"Rojas, Miguel",500743
6/16/2023,"Bailey, P.","Doval, C.","Rojas, M.","Estrada, T.",2B,SB,0.2,14.8,11.8,26.6,,"Rojas, Miguel",500743
7/18/2023,"Rutschman, A.","Pérez, C.","Rojas, M.","Westburg, J.",3B,SB,0.2,17,14.6,31.6,,"Rojas, Miguel",500743
7/21/2023,"Heim, J.","Anderson, G.","Rojas, M.","Jung, J.",3B,SB,0.2,19.5,17.2,36.7,,"Rojas, Miguel",500743
8/25/2023,"McGuire, R.","Crawford, K.","Rojas, M.",--,2B,SB,0.2,9.7,12.4,22.1,,"Rojas, Miguel",500743
8/29/2023,"Moreno, G.","Kelly, M.","Rojas, M.","Marte, K.",2B,CS,-0.45,10.7,11.8,22.4,,"Rojas, Miguel",500743
9/27/2023,"Díaz, E.","Davis, N.","Rojas, M.","Montero, E.",2B,PK,-0.45,--,--,--,,"Rojas, Miguel",500743
4/16/2023,"Nola, A.","Darvish, Y.","Mitchell, G.","Cronenworth, J.",2B,FB,0.2,--,--,--,,"Mitchell, Garrett",669003
4/16/2023,"Nola, A.","Darvish, Y.","Mitchell, G.",--,3B,SB,0.2,20.3,15.3,35.5,,"Mitchell, Garrett",669003
9/29/2023,"Gomes, Y.","Alzolay, A.","Mitchell, G.","Swanson, D.",2B,CS,-0.45,10.3,11.2,21.5,,"Mitchell, Garrett",669003
6/10/2023,"Higashioka, K.","Germán, D.","Duvall, A.",--,2B,SB,0.2,21,18,38.9,,"Duvall, Adam",594807
6/24/2023,"Grandal, Y.","Kelly, J.","Duvall, A.",--,2B,SB,0.2,27.7,11.3,39,,"Duvall, Adam",594807
7/19/2023,"Langeliers, S.","Waldichuk, K.","Duvall, A.","Allen, N.",2B,SB,0.2,10.7,10.9,21.6,,"Duvall, Adam",594807
5/15/2023,"Kirk, A.","Pearson, N.","Bauers, J.",--,2B,SB,0.2,16.9,10.6,27.5,,"Bauers, Jake",641343
6/18/2023,"McGuire, R.","Bello, B.","Bauers, J.","Hernández, E.",2B,SB,0.2,11.2,13.6,24.8,,"Bauers, Jake",641343
8/11/2023,"Fortes, N.","Luzardo, J.","Bauers, J.","Bell, J.",2B,BK,0.2,1.8,8.6,10.5,,"Bauers, Jake",641343
8/20/2023,"McGuire, R.","Pivetta, N.","Bauers, J.","Reyes, P.",2B,SB,0.2,13.2,11.4,24.6,,"Bauers, Jake",641343
8/31/2023,"Kelly, C.","Manning, M.","Bauers, J.","Short, Z.",2B,CS,-0.45,10.1,10.4,20.5,,"Bauers, Jake",641343
4/4/2023,"McGuire, R.","Winckowski, J.","Heineman, T.","Hernández, E.",2B,SB,0.2,13.3,12.5,25.8,,"Heineman, Tyler",623168
4/11/2023,"Mejía, F.","McClanahan, S.","Dalbec, B.","Bruján, V.",2B,SB,0.2,15.3,10.3,25.7,,"Dalbec, Bobby",666915
4/30/2023,"Contreras, W.","Rea, C.","Neto, Z.",--,2B,SB,0.2,21.4,12.1,33.5,,"Neto, Zach",687263
5/21/2023,"Jeffers, R.","López, P.","Neto, Z.","Solano, D.",2B,SB,0.2,16.6,9.1,25.7,,"Neto, Zach",687263
5/27/2023,"Stallings, J.","Cabrera, E.","Neto, Z.","Wendle, J.",2B,SB,0.2,14.1,9.4,23.5,,"Neto, Zach",687263
6/8/2023,"Gomes, Y.","Smyly, D.","Neto, Z.","Wisdom, P.",3B,SB,0.2,20.1,15.3,35.3,,"Neto, Zach",687263
6/9/2023,"Raleigh, C.","Brash, M.","Neto, Z.",--,2B,SB,0.2,--,--,--,,"Neto, Zach",687263
9/24/2023,"Jeffers, R.","Ryan, J.","Neto, Z.","Polanco, J.",3B,CS,-0.45,14.3,13.2,27.4,,"Neto, Zach",687263
3/30/2023,"McGuire, R.","Brasier, R.","Frazier, A.",--,2B,SB,0.2,21.3,16.2,37.5,,"Frazier, Adam",624428
4/9/2023,"Trevino, J.","Marinaccio, R.","Frazier, A.","Volpe, A.",2B,SB,0.2,12.4,10.9,23.3,,"Frazier, Adam",624428
4/16/2023,"Zavala, S.","Cease, D.","Frazier, A.","Sosa, L.",2B,SB,0.2,13.2,11.4,24.6,,"Frazier, Adam",624428
4/18/2023,"Ruiz, K.","Thompson, M.","Frazier, A.","García Jr., L.",2B,CS,-0.45,8.6,13.2,21.8,,"Frazier, Adam",624428
5/4/2023,"Fermin, F.","Chapman, A.","Frazier, A.","Garcia, M.",3B,SB,0.2,18.4,14.8,33.2,,"Frazier, Adam",624428
5/4/2023,"Fermin, F.","Chapman, A.","Frazier, A.","Pratto, N.",2B,BK,0.2,--,--,--,,"Frazier, Adam",624428
5/6/2023,"Murphy, S.","Anderson, N.","Frazier, A.","Albies, O.",2B,CS,-0.45,11.8,10.4,22.3,,"Frazier, Adam",624428
5/6/2023,"Murphy, S.","Strider, S.","Frazier, A.",--,2B,SB,0.2,22.7,14.5,37.2,,"Frazier, Adam",624428
5/12/2023,"Hedges, A.","Oviedo, J.","Frazier, A.","Marcano, T.",2B,CS,-0.45,7.4,12.1,19.5,,"Frazier, Adam",624428
6/24/2023,"Raleigh, C.","Miller, B.","Frazier, A.","Crawford, J.",2B,SB,0.2,11.5,11.7,23.1,,"Frazier, Adam",624428
8/9/2023,"Maldonado, M.","Montero, R.","Frazier, A.","Altuve, J.",2B,SB,0.2,14.4,10.6,25,,"Frazier, Adam",624428
8/10/2023,"Diaz, Y.","Maton, P.","Frazier, A.","Altuve, J.",2B,CS,-0.45,8.9,11.4,20.2,,"Frazier, Adam",624428
9/19/2023,"Diaz, Y.","Urquidy, J.","Frazier, A.","Altuve, J.",2B,SB,0.2,13.3,11.1,24.4,,"Frazier, Adam",624428
5/21/2023,"Maile, L.","Greene, H.","Allen, G.","Newman, K.",2B,SB,0.2,9.6,11.5,21.1,,"Allen, Greg",656185
5/29/2023,"Raleigh, C.","Miller, B.","Allen, G.","France, T.",2B,PK,-0.45,--,--,--,,"Allen, Greg",656185
7/23/2023,"Fermin, F.","Clarke, T.","Allen, G.","Massey, M.",2B,CS,-0.44,14.9,6.6,21.5,,"Allen, Greg",656185
8/5/2023,"Maldonado, M.","Graveman, K.","Allen, G.","Altuve, J.",2B,SB,0.2,9.2,9.4,18.6,,"Allen, Greg",656185
8/11/2023,"Fortes, N.","Okert, S.","Allen, G.","Bell, J.",2B,BK,0.2,-0.3,9,8.7,,"Allen, Greg",656185
5/18/2023,"Smith, W.","Urías, J.","Mercado, Ó.","Vargas, M.",2B,SB,0.2,11.7,13.2,24.9,,"Mercado, Óscar",640458
4/18/2023,"Alvarez, F.","Curtiss, J.","Barnes, A.","Lindor, F.",2B,SB,0.2,15.2,13.3,28.6,,"Barnes, Austin",605131
4/27/2023,"Hedges, A.","Keller, M.","Barnes, A.","Castro, R.",2B,SB,0.2,11.3,12.5,23.9,,"Barnes, Austin",605131
5/3/2023,"Stubbs, G.","Alvarado, J.","Barnes, A.","Stott, B.",2B,CS,-0.45,12.3,12.3,24.6,,"Barnes, Austin",605131
8/17/2023,"Caratini, V.","Burnes, C.","Barnes, A.","Santana, C.",2B,BK,0.2,36.8,20.7,57.5,,"Barnes, Austin",605131
5/17/2023,"Wallach, C.","Canning, G.","Vavra, T.",--,2B,SB,0.2,--,--,--,,"Vavra, Terrin",679631
5/8/2023,"Fortes, N.","Garrett, B.","Moreno, G.","Wendle, J.",2B,SB,0.2,9,10.2,19.3,,"Moreno, Gabriel",672515
5/14/2023,"Bart, J.","Webb, L.","Moreno, G.",--,2B,SB,0.2,11,10.2,21.2,,"Moreno, Gabriel",672515
5/29/2023,"Díaz, E.","Hand, B.","Moreno, G.","McMahon, R.",3B,SB,0.2,16.5,14.9,31.4,,"Moreno, Gabriel",672515
7/1/2023,"Thaiss, M.","Devenski, C.","Moreno, G.",--,2B,SB,0.2,17.9,10,27.9,,"Moreno, Gabriel",672515
9/7/2023,"Gomes, Y.","Assad, J.","Moreno, G.","Swanson, D.",2B,SB,0.2,10.1,9.4,19.5,,"Moreno, Gabriel",672515
9/16/2023,"Gomes, Y.","Merryweather, J.","Moreno, G.","Swanson, D.",2B,CS,-0.45,9.9,9.1,19,,"Moreno, Gabriel",672515
9/16/2023,"Gomes, Y.","Hendricks, K.","Moreno, G.",--,2B,SB,0.2,10.5,8.7,19.2,,"Moreno, Gabriel",672515
6/22/2023,"Wong, C.","Walter, B.","Lewis, R.",--,2B,SB,0.2,9.8,13.2,23,,"Lewis, Royce",668904
8/16/2023,"Rogers, J.","Olson, R.","Lewis, R.","Vierling, M.",3B,SB,0.2,14.2,18.7,32.9,,"Lewis, Royce",668904
8/24/2023,"Heim, J.","Heaney, A.","Lewis, R.","Seager, C.",2B,CS,-0.45,8.2,10.7,18.9,,"Lewis, Royce",668904
9/1/2023,"Heim, J.","Scherzer, M.","Lewis, R.","Semien, M.",2B,SB,0.2,11.9,10.7,22.6,,"Lewis, Royce",668904
9/10/2023,"Alvarez, F.","Bickford, P.","Lewis, R.","Lindor, F.",2B,SB,0.19,13.6,11.5,25.1,,"Lewis, Royce",668904
9/15/2023,"Lee, K.","Banks, T.","Lewis, R.",--,2B,SB,0.2,11.4,10.2,21.6,,"Lewis, Royce",668904
7/22/2023,"Alfaro, J.","Jansen, K.","Vientos, M.","Chang, Y.",3B,BK,0.2,--,--,--,,"Vientos, Mark",668901
7/22/2023,"Alfaro, J.","Garza, J.","Vientos, M.","Casas, T.",2B,BK,0.2,--,--,--,,"Vientos, Mark",668901
6/23/2023,"Fortes, N.","Puk, A.","Palacios, J.",--,3B,SB,0.2,17.8,16.3,34.1,,"Palacios, Joshua",641943
8/27/2023,"Gomes, Y.","Assad, J.","Palacios, J.","Swanson, D.",2B,SB,0.2,9.8,11.4,21.2,,"Palacios, Joshua",641943
9/12/2023,"Ruiz, K.","Garcia, R.","Palacios, J.","Kieboom, C.",3B,SB,0.2,13.8,15.5,29.2,,"Palacios, Joshua",641943
9/14/2023,"Contreras, W.","Uribe, A.","Myers, D.","Turang, B.",2B,SB,0.2,13.3,14.2,27.4,,"Myers, Dane",667472
3/31/2023,"Nola, A.","Martinez, N.","Daza, Y.","Kim, H.",2B,SB,0.2,6.9,11.7,18.6,,"Daza, Yonathan",602074
4/11/2023,"Smith, W.","Miller, S.","Sabol, B.","Rojas, M.",2B,SB,0.2,15.5,9.8,25.3,,"Sabol, Blake",666165
4/26/2023,"Contreras, W.","Matz, S.","Sabol, B.","Donovan, B.",2B,SB,0.2,11.5,14,25.5,,"Sabol, Blake",666165
6/29/2023,"Kirk, A.","Romano, J.","Sabol, B.","Espinal, S.",2B,CS,-0.45,6.9,12.8,19.7,,"Sabol, Blake",666165
9/11/2023,"Naylor, B.","Clase, E.","Sabol, B.","Tena, J.",2B,SB,0.2,15.3,14.1,29.4,,"Sabol, Blake",666165
9/11/2023,"Naylor, B.","Clase, E.","Sabol, B.","Tena, J.",3B,BK,0.2,--,--,--,,"Sabol, Blake",666165
9/13/2023,"Naylor, B.","Clase, E.","Sabol, B.","Giménez, A.",2B,SB,0.2,11.4,12.6,24.1,,"Sabol, Blake",666165
5/9/2023,"Okey, C.","Ohtani, S.","Meyers, J.","Drury, B.",2B,SB,0.2,8,10.8,18.8,,"Meyers, Jake",676694
6/10/2023,"Zunino, M.","Herrin, T.","Meyers, J.",--,2B,SB,0.2,9,11.3,20.3,,"Meyers, Jake",676694
6/13/2023,"Ruiz, K.","Ward, T.","Meyers, J.","García Jr., L.",2B,SB,0.2,8.5,11.5,20,,"Meyers, Jake",676694
6/25/2023,"Smith, W.","Gonsolin, T.","Meyers, J.","Betts, M.",2B,SB,0.2,8.4,11,19.4,,"Meyers, Jake",676694
7/4/2023,"Díaz, E.","Freeland, K.","Meyers, J.","Castro, H.",2B,SB,0.2,12,10.9,22.9,,"Meyers, Jake",676694
8/1/2023,"Gallagher, C.","Williams, G.","Meyers, J.","Freeman, T.",2B,CS,-0.45,9,11.8,20.9,,"Meyers, Jake",676694
5/17/2023,"Zunino, M.","Morgan, E.","Haseley, A.","Giménez, A.",2B,SB,0.2,14.4,11.9,26.4,,"Haseley, Adam",656514
5/3/2023,"Contreras, W.","Lauer, E.","Tovar, E.","Adames, W.",2B,CS,-0.45,10.5,11,21.5,,"Tovar, Ezequiel",678662
5/10/2023,"Hedges, A.","Hill, R.","Tovar, E.",--,2B,SB,0.2,18.4,10.8,29.2,,"Tovar, Ezequiel",678662
5/27/2023,"Alvarez, F.","Leone, D.","Tovar, E.",--,2B,SB,0.2,7.4,10.8,18.2,,"Tovar, Ezequiel",678662
6/3/2023,"Perez, S.","Lynch IV, D.","Tovar, E.","Duffy, M.",2B,SB,0.2,11.4,11.5,22.8,,"Tovar, Ezequiel",678662
6/16/2023,"d'Arnaud, T.","Shuster, J.","Tovar, E.","Albies, O.",2B,CS,-0.45,10.4,10.7,21.1,,"Tovar, Ezequiel",678662
6/25/2023,"Thaiss, M.","Soriano, J.","Tovar, E.","Drury, B.",2B,CS,-0.45,7.7,10.4,18.1,,"Tovar, Ezequiel",678662
7/24/2023,"Ruiz, K.","Corbin, P.","Tovar, E.","García Jr., L.",2B,SB,0.2,11.3,10.6,21.8,,"Tovar, Ezequiel",678662
8/8/2023,"Caratini, V.","Miley, W.","Tovar, E.","Anderson, B.",3B,SB,0.2,12.9,15.6,28.5,,"Tovar, Ezequiel",678662
8/12/2023,"Barnes, A.","Gonsolin, T.","Tovar, E.","Hernández, E.",2B,SB,0.2,10.2,11.4,21.6,,"Tovar, Ezequiel",678662
8/16/2023,"Herrera, J.","Cecconi, S.","Tovar, E.","Ahmed, N.",2B,CS,-0.45,8.6,11.7,20.3,,"Tovar, Ezequiel",678662
8/27/2023,"McCann, J.","Flaherty, J.","Tovar, E.","Westburg, J.",2B,SB,0.2,11.8,12.1,23.9,,"Tovar, Ezequiel",678662
9/5/2023,"Moreno, G.","Pfaadt, B.","Tovar, E.","Rivera, E.",3B,SB,0.2,18.3,14.6,32.9,,"Tovar, Ezequiel",678662
9/5/2023,"Moreno, G.","Pfaadt, B.","Tovar, E.","Marte, K.",2B,SB,0.2,12.7,12.1,24.8,,"Tovar, Ezequiel",678662
9/16/2023,"Bailey, P.","Alexander, S.","Tovar, E.","Estrada, T.",2B,SB,0.2,13.4,11,24.4,,"Tovar, Ezequiel",678662
4/29/2023,"Wong, C.","Bello, B.","Naylor, J.","Arroyo, C.",2B,SB,0.2,13.5,12.3,25.7,,"Naylor, Josh",647304
5/12/2023,"Thaiss, M.","Anderson, T.","Naylor, J.",--,2B,SB,0.2,17.9,10,27.9,,"Naylor, Josh",647304
5/31/2023,"Rutschman, A.","Baumann, M.","Naylor, J.","Henderson, G.",3B,SB,0.2,21.5,13.3,34.7,,"Naylor, Josh",647304
6/11/2023,"Salazar, C.","Bielak, B.","Naylor, J.","Kessinger, G.",2B,CS,-0.45,12.1,10.3,22.5,,"Naylor, Josh",647304
6/18/2023,"Moreno, G.","Davies, Z.","Naylor, J.","Perdomo, G.",2B,SB,0.2,8.2,10.7,18.9,,"Naylor, Josh",647304
7/15/2023,"Heim, J.","Heaney, A.","Naylor, J.",--,3B,SB,0.2,18.9,13.4,32.3,,"Naylor, Josh",647304
9/7/2023,"Wallach, C.","Díaz, J.","Naylor, J.","Drury, B.",2B,SB,0.2,11.4,9.7,21.1,,"Naylor, Josh",647304
9/21/2023,"Rutschman, A.","Pérez, C.","Naylor, J.","Frazier, A.",2B,SB,0.2,14.1,10,24.1,,"Naylor, Josh",647304
9/27/2023,"Maile, L.","Duarte, D.","Naylor, J.","India, J.",2B,CS,-0.45,12.8,10.2,23,,"Naylor, Josh",647304
9/6/2023,"Murphy, S.","Hand, B.","Palacios, R.",--,2B,SB,0.2,15.6,10.6,26.2,,"Palacios, Richie",680700
9/22/2023,"Sullivan, B.","Waldron, M.","Palacios, R.","Kim, H.",2B,SB,0.2,6,9.5,15.5,,"Palacios, Richie",680700
9/8/2023,"d'Arnaud, T.","Elder, B.","Rivas III, A.","Albies, O.",2B,SB,0.2,7.8,11.6,19.4,,"Rivas III, Alfonso",663845
5/12/2023,"Fermin, F.","Castillo, M.","Voit, L.","Witt Jr., B.",2B,SB,0.2,9.8,16.8,26.6,,"Voit, Luke",572228
4/11/2023,"Wong, C.","Whitlock, G.","Bruján, V.","Arroyo, C.",2B,CS,-0.45,11.6,11.6,23.1,,"Bruján, Vidal",660644
6/24/2023,"Fermin, F.","Lyles, J.","Bruján, V.","Garcia, M.",3B,SB,0.2,15,16.3,31.3,,"Bruján, Vidal",660644
6/24/2023,"Fermin, F.","Lyles, J.","Bruján, V.","Witt Jr., B.",2B,SB,0.2,9,11.8,20.9,,"Bruján, Vidal",660644
9/4/2023,"McGuire, R.","Bello, B.","Bruján, V.","Urías, L.",2B,CS,-0.45,7.6,12.7,20.4,,"Bruján, Vidal",660644
9/5/2023,"Wong, C.","Jacques, J.","Bruján, V.","Rafaela, C.",2B,SB,0.2,9.2,11.5,20.8,,"Bruján, Vidal",660644
7/9/2023,"Wong, C.","Jansen, K.","Allen, N.","Chang, Y.",2B,CS,-0.45,7.9,12.4,20.3,,"Allen, Nick",669397
7/14/2023,"Vázquez, C.","Maeda, K.","Allen, N.","Correa, C.",2B,SB,0.2,8.8,12.3,21.2,,"Allen, Nick",669397
8/8/2023,"Garver, M.","Scherzer, M.","Allen, N.",--,2B,SB,0.2,12.3,12.4,24.7,,"Allen, Nick",669397
8/9/2023,"Huff, S.","Montgomery, J.","Allen, N.","Semien, M.",2B,SB,0.2,16.1,11.1,27.2,,"Allen, Nick",669397
8/11/2023,"Ruiz, K.","Garcia, R.","Allen, N.","Abrams, C.",2B,SB,0.2,12.4,12.2,24.6,,"Allen, Nick",669397
9/6/2023,"Heineman, T.","Ryu, H.","Allen, N.","Schneider, D.",2B,SB,0.2,8.5,11.9,20.4,,"Allen, Nick",669397
4/5/2023,"Gallagher, C.","Morgan, E.","Capel, C.",--,2B,SB,0.2,17.3,13.1,30.3,,"Capel, Conner",668843
4/5/2023,"Gallagher, C.","Morgan, E.","Capel, C.",--,3B,SB,0.2,--,--,--,,"Capel, Conner",668843
4/11/2023,"Rutschman, A.","Rodriguez, G.","Capel, C.","Urías, R.",2B,SB,0.2,13.7,12.7,26.4,,"Capel, Conner",668843
4/19/2023,"Barnhart, T.","Steele, J.","Capel, C.","Madrigal, N.",3B,CS,-0.45,15.3,16,31.4,,"Capel, Conner",668843
4/21/2023,"Heim, J.","Gray, J.","Capel, C.","Duran, E.",2B,CS,-0.45,8.2,12.9,21.1,,"Capel, Conner",668843
4/23/2023,"Heim, J.","deGrom, J.","Capel, C.","Duran, E.",2B,SB,0.2,11.9,11.6,23.4,,"Capel, Conner",668843
4/29/2023,"Maile, L.","Greene, H.","Capel, C.","India, J.",2B,CS,-0.45,8.1,11.1,19.2,,"Capel, Conner",668843
6/29/2023,"Trevino, J.","Schmidt, C.","Capel, C.",--,2B,SB,0.2,6.3,11.2,17.5,,"Capel, Conner",668843
5/5/2023,"Grandal, Y.","Kelly, J.","Maile, L.","Vaughn, A.",2B,BK,0.2,3.3,9.3,12.6,,"Maile, Luke",571912
5/21/2023,"Higashioka, K.","Abreu, A.","Maile, L.","Torres, G.",2B,SB,0.2,10.6,17.5,28.1,,"Maile, Luke",571912
9/26/2023,"Naylor, B.","Karinchak, J.","Maile, L.","Giménez, A.",2B,SB,0.19,10.3,12.4,22.6,,"Maile, Luke",571912
4/5/2023,"Salazar, C.","Javier, C.","Haase, E.",--,2B,SB,0.2,13.9,8.6,22.5,,"Haase, Eric",606992
4/18/2023,"Zunino, M.","Morgan, E.","Haase, E.","Arias, G.",2B,BK,0.2,3.4,7.9,11.3,,"Haase, Eric",606992
4/24/2023,"Contreras, W.","Rea, C.","Haase, E.","Turang, B.",2B,CS,-0.45,8.7,10,18.7,,"Haase, Eric",606992
5/5/2023,"Knizner, A.","Montgomery, J.","Haase, E.","Edman, T.",2B,SB,0.2,12.5,8.2,20.7,,"Haase, Eric",606992
5/27/2023,"Grandal, Y.","Bummer, A.","Haase, E.","Gonzalez, R.",2B,SB,0.19,13.9,9.5,23.4,,"Haase, Eric",606992
5/24/2023,"Alvarez, F.","Senga, K.","Mervis, M.","McNeil, J.",3B,BK,0.2,0.6,14.5,15.1,,"Mervis, Matt",670223
5/12/2023,"Stallings, J.","Pérez, E.","Ramos, H.",--,2B,SB,0.2,10.9,12.4,23.3,,"Ramos, Heliot",671218
5/15/2023,"Wynns, A.","Hand, B.","Ramos, H.",--,3B,SB,0.2,21.6,17.8,39.4,,"Ramos, Heliot",671218
5/19/2023,"Higashioka, K.","Schmidt, C.","Ramos, H.","Cabrera, O.",3B,CS,-0.45,15.6,15.7,31.3,,"Ramos, Heliot",671218
4/18/2023,"León, S.","Eovaldi, N.","Olivares, E.","Duran, E.",2B,SB,0.2,9,10.2,19.3,,"Olivares, Edward",658668
4/29/2023,"Jeffers, R.","Duran, J.","Olivares, E.","Correa, C.",2B,SB,0.2,14.7,11.2,25.8,,"Olivares, Edward",658668
4/30/2023,"Vázquez, C.","Gray, S.","Olivares, E.","Correa, C.",2B,SB,0.2,7.8,10.4,18.2,,"Olivares, Edward",658668
5/15/2023,"Nola, A.","Wacha, M.","Olivares, E.","Bogaerts, X.",2B,SB,0.2,6.7,10.5,17.2,,"Olivares, Edward",658668
5/16/2023,"Sullivan, B.","Lugo, S.","Olivares, E.","Odor, R.",2B,SB,0.2,8.5,10.4,18.9,,"Olivares, Edward",658668
6/11/2023,"McCann, J.","Gibson, K.","Olivares, E.","Henderson, G.",2B,CS,-0.45,7,11.8,18.8,,"Olivares, Edward",658668
6/21/2023,"Haase, E.","Boyd, M.","Olivares, E.","Short, Z.",2B,SB,0.2,14.8,9.8,24.6,,"Olivares, Edward",658668
7/1/2023,"Smith, W.","Graterol, B.","Olivares, E.","Betts, M.",2B,CS,-0.45,7.2,11.6,18.8,,"Olivares, Edward",658668
8/8/2023,"Wong, C.","Lamet, D.","Olivares, E.","Story, T.",2B,SB,0.2,10.3,11.3,21.6,,"Olivares, Edward",658668
9/4/2023,"Lee, K.","Scholtens, J.","Olivares, E.","Anderson, T.",2B,CS,-0.45,7.5,11.3,18.8,,"Olivares, Edward",658668
9/19/2023,"Naylor, B.","Allen, L.","Olivares, E.","Giménez, A.",2B,CS,-0.45,12.1,10.9,23,,"Olivares, Edward",658668
9/22/2023,"Maldonado, M.","Valdez, F.","Olivares, E.",--,2B,SB,0.2,14.5,11.1,25.6,,"Olivares, Edward",658668
6/6/2023,"Rutschman, A.","Cano, Y.","Perkins, B.","Mateo, J.",2B,SB,0.2,9.1,12.3,21.4,,"Perkins, Blake",663368
6/9/2023,"Langeliers, S.","Medina, L.","Perkins, B.","Peterson, J.",2B,CS,-0.45,11.3,11.9,23.3,,"Perkins, Blake",663368
6/25/2023,"Naylor, B.","De Los Santos, E.","Perkins, B.","Naylor, J.",2B,PK,-0.45,--,--,--,,"Perkins, Blake",663368
6/25/2023,"Naylor, B.","Clase, E.","Perkins, B.",--,2B,SB,0.2,13.1,12,25.1,,"Perkins, Blake",663368
7/15/2023,"Maile, L.","Farmer, B.","Perkins, B.","India, J.",2B,SB,0.2,9.7,11.2,20.9,,"Perkins, Blake",663368
7/19/2023,"Realmuto, J.","Hoffman, J.","Perkins, B.","Stott, B.",2B,SB,0.2,10.1,12.3,22.3,,"Perkins, Blake",663368
7/24/2023,"Stephenson, T.","Young, A.","Perkins, B.","McLain, M.",2B,SB,0.2,12.2,12.1,24.3,,"Perkins, Blake",663368
5/3/2023,"Ruiz, K.","Irvin, J.","Wisdom, P.",--,2B,SB,0.2,8.2,9.3,17.6,,"Wisdom, Patrick",621550
5/7/2023,"Stallings, J.","Puk, A.","Wisdom, P.",--,2B,SB,0.2,12.6,10.3,22.9,,"Wisdom, Patrick",621550
5/31/2023,"Bethancourt, C.","Eflin, Z.","Wisdom, P.","Walls, T.",2B,CS,-0.45,11.4,11.9,23.3,,"Wisdom, Patrick",621550
7/9/2023,"Higashioka, K.","Germán, D.","Wisdom, P.","Volpe, A.",2B,SB,0.2,13,11,23.9,,"Wisdom, Patrick",621550
7/23/2023,"Herrera, I.","Montgomery, J.","Wisdom, P.","Motter, T.",2B,SB,0.2,15.4,11.2,26.7,,"Wisdom, Patrick",621550
8/6/2023,"d'Arnaud, T.","Yates, K.","Wisdom, P.","Albies, O.",2B,CS,-0.45,9.7,12.9,22.6,,"Wisdom, Patrick",621550
7/24/2023,"Vázquez, C.","Maeda, K.","Marlowe, C.","Correa, C.",2B,SB,0.2,7,12.4,19.4,,"Marlowe, Cade",687799
7/25/2023,"Jeffers, R.","Ortega, O.","Marlowe, C.","Correa, C.",2B,SB,0.2,7.3,13.5,20.8,,"Marlowe, Cade",687799
8/3/2023,"Thaiss, M.","Ohtani, S.","Marlowe, C.","Neto, Z.",2B,CS,-0.45,6.6,14.1,20.7,,"Marlowe, Cade",687799
8/12/2023,"Rutschman, A.","Bautista, F.","Marlowe, C.","Henderson, G.",2B,CS,-0.46,15.6,12.4,28,,"Marlowe, Cade",687799
8/17/2023,"Fermin, F.","Castillo, M.","Marlowe, C.","Witt Jr., B.",2B,SB,0.2,11.1,12.5,23.6,,"Marlowe, Cade",687799
5/12/2023,"Díaz, E.","Lawrence, J.","Harper, B.","McMahon, R.",3B,SB,0.2,13.6,14.4,28,,"Harper, Bryce",547180
5/17/2023,"Bart, J.","Stripling, R.","Harper, B.","Schmitt, C.",3B,SB,0.2,14.5,19.2,33.6,,"Harper, Bryce",547180
5/23/2023,"Moreno, G.","Nelson, R.","Harper, B.","Perdomo, G.",2B,CS,-0.45,10.9,11.1,22.1,,"Harper, Bryce",547180
6/13/2023,"Kelly, C.","Davies, Z.","Harper, B.","Rivera, E.",3B,SB,0.2,14.2,15.4,29.6,,"Harper, Bryce",547180
7/15/2023,"Nola, A.","Jacob, A.","Harper, B.","Machado, M.",3B,SB,0.2,17.8,15.6,33.5,,"Harper, Bryce",547180
8/29/2023,"O'Hoppe, L.","Anderson, T.","Harper, B.","Drury, B.",3B,BK,0.2,0,10.2,10.2,,"Harper, Bryce",547180
9/8/2023,"Stallings, J.","Pérez, E.","Harper, B.","Arraez, L.",2B,SB,0.2,10.9,12.2,23.1,,"Harper, Bryce",547180
9/10/2023,"Fortes, N.","Hoeing, B.","Harper, B.","Berti, J.",2B,SB,0.2,9.8,11.5,21.2,,"Harper, Bryce",547180
9/27/2023,"Rodríguez, E.","Oviedo, J.","Harper, B.",--,3B,SB,0.2,--,--,--,,"Harper, Bryce",547180
9/11/2023,"Díaz, E.","Koch, M.","Crow-Armstrong, P.","McMahon, R.",3B,CS,-0.45,12,16.6,28.6,,"Crow-Armstrong, Pete",691718
10/1/2023,"Contreras, W.","Houser, A.","Crow-Armstrong, P.","Turang, B.",2B,SB,0.2,9.1,13.2,22.2,,"Crow-Armstrong, Pete",691718
6/26/2023,"Casali, C.","Wong, J.","Westburg, J.","India, J.",2B,CS,-0.45,8.6,11.1,19.8,,"Westburg, Jordan",676059
7/22/2023,"Bethancourt, C.","Fairbanks, P.","Westburg, J.","Franco, W.",2B,SB,0.2,10.5,11.2,21.7,,"Westburg, Jordan",676059
7/30/2023,"Higashioka, K.","Severino, L.","Westburg, J.","Torres, G.",2B,SB,0.2,10.7,12.3,23,,"Westburg, Jordan",676059
8/2/2023,"Jansen, D.","Swanson, E.","Westburg, J.","Belt, B.",2B,PK,-0.45,--,--,--,,"Westburg, Jordan",676059
8/12/2023,"Murphy, T.","Kirby, G.","Westburg, J.","Moore, D.",2B,SB,0.2,10.1,11.2,21.3,,"Westburg, Jordan",676059
8/25/2023,"Díaz, E.","Suter, B.","Westburg, J.","Tovar, E.",2B,SB,0.2,9.1,10.4,19.5,,"Westburg, Jordan",676059
8/18/2023,"Rodríguez, E.","Ramírez, Y.","Luplow, J.",--,2B,SB,0.2,13.9,12.4,26.3,,"Luplow, Jordan",656669
6/29/2023,"Nola, A.","Musgrove, J.","Triolo, J.","Bogaerts, X.",2B,CS,-0.45,9.1,10.2,19.3,,"Triolo, Jared",669707
8/4/2023,"Contreras, W.","Rea, C.","Triolo, J.","Adames, W.",2B,SB,0.2,8.9,11.6,20.5,,"Triolo, Jared",669707
8/15/2023,"Alvarez, F.","Buttó, J.","Triolo, J.","Araúz, J.",2B,SB,0.2,11.5,11.7,23.2,,"Triolo, Jared",669707
8/15/2023,"Alvarez, F.","Buttó, J.","Triolo, J.",--,3B,SB,0.2,16.3,17.7,34,,"Triolo, Jared",669707
9/11/2023,"Ruiz, K.","Corbin, P.","Triolo, J.","García Jr., L.",2B,SB,0.2,11.5,11.2,22.7,,"Triolo, Jared",669707
9/27/2023,"Stubbs, G.","Domínguez, S.","Triolo, J.",--,2B,SB,0.2,13.2,11.3,24.5,,"Triolo, Jared",669707
5/25/2023,"Maile, L.","Busenitz, A.","Knizner, A.","India, J.",2B,SB,0.2,16.9,11.7,28.6,,"Knizner, Andrew",668800
8/19/2023,"Alvarez, F.","Nittoli, V.","Knizner, A.","McNeil, J.",3B,BK,0.17,0.1,14.3,14.4,,"Knizner, Andrew",668800
5/7/2023,"Perez, S.","Yarbrough, R.","Rooker, B.","Massey, M.",2B,SB,0.2,12.4,11.7,24.1,,"Rooker, Brent",667670
6/2/2023,"Stallings, J.","Cabrera, E.","Rooker, B.","Gurriel, Y.",2B,BK,0.2,--,--,--,,"Rooker, Brent",667670
7/9/2023,"Alfaro, J.","Murphy, C.","Rooker, B.","Chang, Y.",2B,SB,0.2,8.3,11.2,19.5,,"Rooker, Brent",667670
9/11/2023,"Maldonado, M.","Valdez, F.","Rooker, B.","Altuve, J.",2B,SB,0.2,11.6,12.7,24.3,,"Rooker, Brent",667670
9/27/2023,"Vázquez, C.","Thielbar, C.","Rooker, B.","Farmer, K.",2B,SB,0.2,9.2,10.4,19.7,,"Rooker, Brent",667670
8/23/2023,"Diaz, Y.","Graveman, K.","Abreu, W.","Altuve, J.",2B,CS,-0.45,12.4,11,23.4,,"Abreu, Wilyer",677800
9/14/2023,"Wells, A.","Weissert, G.","Abreu, W.","Torres, G.",2B,SB,0.19,10.5,10.9,21.4,,"Abreu, Wilyer",677800
9/16/2023,"Kirk, A.","Bassitt, C.","Abreu, W.","Bichette, B.",2B,SB,0.2,13.1,10.8,23.9,,"Abreu, Wilyer",677800
5/5/2023,"Caratini, V.","Burnes, C.","Wisely, B.","Adames, W.",2B,SB,0.2,8.2,17.9,26,,"Wisely, Brett",689172
5/5/2023,"Caratini, V.","Burnes, C.","Wisely, B.","Adames, W.",2B,SB,0.2,13.4,13,26.4,,"Wisely, Brett",689172
7/14/2023,"Delay, J.","De los Santos, Y.","Wisely, B.","Gonzales, N.",2B,CS,-0.45,7.2,11.5,18.7,,"Wisely, Brett",689172
8/3/2023,"Raleigh, C.","Campbell, I.","Adams, J.","France, T.",2B,BK,0.2,1.5,10.5,12.1,,"Adams, Jordyn",677941
9/10/2023,"Naylor, B.","Morgan, E.","Adams, J.","Arias, G.",2B,CS,-0.45,6.3,13,19.3,,"Adams, Jordyn",677941
9/22/2023,"Smith, W.","Yarbrough, R.","Luciano, M.",--,2B,SB,0.2,12.7,10.2,23,,"Luciano, Marco",682617
4/11/2023,"Raleigh, C.","Rodríguez, J.","Madrigal, N.","Wong, K.",2B,CS,-0.45,12,12,23.9,,"Madrigal, Nick",663611
4/15/2023,"Barnes, A.","Miller, S.","Madrigal, N.","Vargas, M.",2B,SB,0.19,9.6,11.8,21.4,,"Madrigal, Nick",663611
4/19/2023,"Langeliers, S.","Smith, C.","Madrigal, N.","Smith, K.",2B,CS,-0.45,8,12.4,20.5,,"Madrigal, Nick",663611
6/19/2023,"Hedges, A.","Borucki, R.","Madrigal, N.","Marcano, T.",2B,SB,0.2,12.1,13,25.1,,"Madrigal, Nick",663611
6/27/2023,"Stubbs, G.","Suarez, R.","Madrigal, N.","Stott, B.",2B,SB,0.2,10.7,11.1,21.8,,"Madrigal, Nick",663611
7/31/2023,"Maile, L.","Sims, L.","Madrigal, N.","McLain, M.",2B,SB,0.2,10.5,12.9,23.4,,"Madrigal, Nick",663611
8/8/2023,"Narváez, O.","Carrasco, C.","Madrigal, N.","Alonso, P.",2B,PK,-0.45,--,--,--,,"Madrigal, Nick",663611
8/22/2023,"Rogers, J.","Lange, A.","Madrigal, N.",--,2B,SB,0.2,14.1,15.3,29.4,,"Madrigal, Nick",663611
9/10/2023,"Zavala, S.","Pfaadt, B.","Madrigal, N.","Peterson, J.",2B,SB,0.2,18.9,12.4,31.3,,"Madrigal, Nick",663611
4/16/2023,"Alvarez, F.","Buttó, J.","Smith, K.",--,2B,SB,0.2,13.9,9.7,23.6,,"Smith, Kevin",675656
6/5/2023,"Realmuto, J.","Nola, A.","Marisnick, J.",--,2B,CS,-0.45,12.2,12.9,25,,"Marisnick, Jake",545350
6/30/2023,"Díaz, E.","Gomber, A.","Marisnick, J.","Castro, H.",2B,SB,0.2,10.7,11.9,22.7,,"Marisnick, Jake",545350
7/6/2023,"Piña, M.","Harris, H.","Marisnick, J.",--,3B,SB,0.2,23.8,20,43.9,,"Marisnick, Jake",545350
7/17/2023,"Rutschman, A.","Vespi, N.","Marisnick, J.","Westburg, J.",2B,CS,-0.45,10.8,12.3,23.1,,"Marisnick, Jake",545350
4/9/2023,"Realmuto, J.","Walker, T.","Myers, W.","Turner, T.",2B,CS,-0.45,8,10.1,18.1,,"Myers, Wil",571976
4/14/2023,"Realmuto, J.","Walker, T.","Myers, W.",--,2B,SB,0.2,14.7,11.3,25.9,,"Myers, Wil",571976
5/22/2023,"Barrera, T.","Gallegos, G.","Myers, W.","DeJong, P.",2B,SB,0.2,9.6,10.2,19.8,,"Myers, Wil",571976
7/30/2023,"Langeliers, S.","Medina, L.","Wynns, A.","Diaz, J.",2B,BK,0.2,-0.9,1.6,0.8,,"Wynns, Austin",642851
7/2/2023,"Gomes, Y.","Taillon, J.","Fry, D.",--,2B,SB,0.2,13.8,12.6,26.4,,"Fry, David",681807
4/8/2023,"Grandal, Y.","Clevinger, M.","McCutchen, A.","Anderson, T.",2B,SB,0.2,13.5,11,24.5,,"McCutchen, Andrew",457705
4/12/2023,"Diaz, Y.","Urquidy, J.","McCutchen, A.","Peña, J.",2B,SB,0.2,11,10.5,21.5,,"McCutchen, Andrew",457705
5/22/2023,"Heim, J.","Hernández, J.","McCutchen, A.","Seager, C.",2B,SB,0.2,13,10.2,23.2,,"McCutchen, Andrew",457705
6/23/2023,"Fortes, N.","Puk, A.","McCutchen, A.",--,3B,SB,0.2,18.1,14.4,32.6,,"McCutchen, Andrew",457705
7/24/2023,"Campusano, L.","Darvish, Y.","McCutchen, A.","Bogaerts, X.",2B,SB,0.2,14.3,13.2,27.4,,"McCutchen, Andrew",457705
7/27/2023,"Haase, E.","Lorenzen, M.","Cabbage, T.","Short, Z.",2B,CS,-0.45,6.3,9.5,15.8,,"Cabbage, Trey",663550
9/7/2023,"Fry, D.","Moore, M.","Cabbage, T.","Giménez, A.",2B,SB,0.2,17.7,11.7,29.4,,"Cabbage, Trey",663550
4/3/2023,"Kirk, A.","Berríos, J.","Lopez, N.",--,2B,SB,0.2,9.7,10.8,20.5,,"Lopez, Nicky",670032
4/29/2023,"Jeffers, R.","Ober, B.","Lopez, N.","Polanco, J.",2B,SB,0.2,9,11.5,20.5,,"Lopez, Nicky",670032
5/29/2023,"Contreras, W.","Matz, S.","Lopez, N.","Gorman, N.",2B,SB,0.2,9.5,11.8,21.4,,"Lopez, Nicky",670032
6/27/2023,"Naylor, B.","Williams, G.","Lopez, N.","Giménez, A.",2B,CS,-0.45,9,11.5,20.6,,"Lopez, Nicky",670032
6/27/2023,"Naylor, B.","Stephan, T.","Lopez, N.","Giménez, A.",2B,CS,-0.46,7.4,11.6,19.1,,"Lopez, Nicky",670032
8/14/2023,"Higashioka, K.","Schmidt, C.","Lopez, N.","Torres, G.",2B,SB,0.2,8.9,11.1,20,,"Lopez, Nicky",670032
9/20/2023,"Stubbs, G.","Nola, A.","Lopez, N.",--,2B,SB,0.2,10.7,10.7,21.5,,"Lopez, Nicky",670032
4/28/2023,"Díaz, E.","Bard, D.","Smith, P.","Cron, C.",2B,FB,0.2,--,--,--,,"Smith, Pavin",656976
6/21/2023,"Contreras, W.","Megill, T.","Smith, P.","Urías, L.",2B,SB,0.19,18.6,10,28.6,,"Smith, Pavin",656976
4/9/2023,"McCann, J.","Wells, T.","Trevino, J.","Mountcastle, R.",2B,BK,0.2,--,--,--,,"Trevino, Jose",624431
7/15/2023,"Realmuto, J.","Suarez, R.","Batten, M.","Sosa, E.",2B,CS,-0.45,9.2,10.1,19.2,,"Batten, Matthew",676946
9/9/2023,"Maldonado, M.","Javier, C.","Batten, M.","Peña, J.",2B,SB,0.2,12.2,12.4,24.6,,"Batten, Matthew",676946
9/20/2023,"Wynns, A.","Anderson, C.","Batten, M.","Tovar, E.",2B,CS,-0.45,10.5,11.2,21.7,,"Batten, Matthew",676946
9/23/2023,"Knizner, A.","Pallante, A.","Batten, M.","Goldschmidt, P.",2B,FB,0.2,--,--,--,,"Batten, Matthew",676946
10/1/2023,"Pérez, C.","Ureña, J.","Batten, M.","Remillard, Z.",2B,SB,0.2,15.5,9.7,25.1,,"Batten, Matthew",676946
4/19/2023,"Herrera, J.","Bumgarner, M.","Carlson, D.","Rojas, J.",3B,SB,0.2,17.3,19.8,37.1,,"Carlson, Dylan",666185
7/2/2023,"Higashioka, K.","Cordero, J.","Carlson, D.","LeMahieu, D.",3B,SB,0.2,15.4,18.8,34.2,,"Carlson, Dylan",666185
7/6/2023,"Fortes, N.","Pérez, E.","Carlson, D.","Wendle, J.",2B,SB,0.2,11.5,10.4,21.9,,"Carlson, Dylan",666185
4/7/2023,"Realmuto, J.","Wheeler, Z.","Barrero, J.","Stott, B.",2B,CS,-0.45,9.4,12,21.4,,"Barrero, José",676480
4/15/2023,"Stubbs, G.","Bellatti, A.","Barrero, J.",--,2B,SB,0.2,10.8,12.1,22.9,,"Barrero, José",676480
4/22/2023,"Hedges, A.","Hill, R.","Barrero, J.","Marcano, T.",2B,SB,0.2,13.1,11.6,24.7,,"Barrero, José",676480
5/13/2023,"Gallagher, C.","Quantrill, C.","Moniak, M.",--,2B,SB,0.2,12.5,10.7,23.1,,"Moniak, Mickey",666160
5/13/2023,"Gallagher, C.","De Los Santos, E.","Moniak, M.","Rosario, A.",2B,SB,0.2,10.4,10.6,21,,"Moniak, Mickey",666160
7/18/2023,"Higashioka, K.","Germán, D.","Moniak, M.","Volpe, A.",2B,SB,0.2,12.8,11.1,24,,"Moniak, Mickey",666160
7/28/2023,"Jansen, D.","Gausman, K.","Moniak, M.","Merrifield, W.",2B,CS,-0.45,8.3,10.5,18.7,,"Moniak, Mickey",666160
8/5/2023,"Murphy, T.","Kirby, G.","Moniak, M.",--,2B,SB,0.2,11.2,10.5,21.7,,"Moniak, Mickey",666160
8/19/2023,"Pinto, R.","Glasnow, T.","Moniak, M.","Basabe, O.",2B,SB,0.19,12.9,10.7,23.6,,"Moniak, Mickey",666160
8/22/2023,"Stephenson, T.","Díaz, A.","Moniak, M.","McLain, M.",2B,CS,-0.46,9.6,10.3,19.9,,"Moniak, Mickey",666160
5/20/2023,"Rortvedt, B.","Brito, J.","McLain, M.","Rizzo, A.",2B,BK,0.2,4.5,10.8,15.3,,"McLain, Matt",680574
5/23/2023,"Contreras, W.","Stratton, C.","McLain, M.","Edman, T.",2B,CS,-0.45,10.4,11.4,21.8,,"McLain, Matt",680574
6/5/2023,"Contreras, W.","Teheran, J.","McLain, M.","Miller, O.",2B,CS,-0.45,7.3,12.1,19.3,,"McLain, Matt",680574
6/7/2023,"Smith, W.","Syndergaard, N.","McLain, M.","Vargas, M.",2B,SB,0.19,11.3,12.1,23.4,,"McLain, Matt",680574
6/20/2023,"Díaz, E.","Davis, N.","McLain, M.","Montes, C.",2B,CS,-0.45,8.8,11.9,20.7,,"McLain, Matt",680574
6/23/2023,"d'Arnaud, T.","Jiménez, J.","McLain, M.","Arcia, O.",2B,SB,0.2,9.8,13.3,23.1,,"McLain, Matt",680574
7/4/2023,"Adams, R.","Abbott, C.","McLain, M.",--,3B,SB,0.2,15.5,16.5,32,,"McLain, Matt",680574
7/7/2023,"Caratini, V.","Burnes, C.","McLain, M.","Miller, O.",2B,PK,-0.45,--,--,--,,"McLain, Matt",680574
7/8/2023,"Contreras, W.","Uribe, A.","McLain, M.",--,2B,SB,0.2,9.8,11.3,21.1,,"McLain, Matt",680574
7/8/2023,"Contreras, W.","Rea, C.","McLain, M.","Adames, W.",2B,SB,0.2,9,11.1,20.1,,"McLain, Matt",680574
7/17/2023,"Bailey, P.","Doval, C.","McLain, M.","Schmitt, C.",3B,BK,0.2,--,--,--,,"McLain, Matt",680574
7/23/2023,"Kelly, C.","Gilbert, T.","McLain, M.","Marte, K.",2B,CS,-0.45,10.9,11.7,22.5,,"McLain, Matt",680574
8/3/2023,"Gomes, Y.","Taillon, J.","McLain, M.",--,2B,SB,0.2,14.4,16,30.4,,"McLain, Matt",680574
8/13/2023,"Rodríguez, E.","Hatch, T.","McLain, M.","Williams, A.",2B,CS,-0.45,8.5,11.7,20.2,,"McLain, Matt",680574
8/16/2023,"Naylor, B.","Syndergaard, N.","McLain, M.","Rocchio, B.",2B,SB,0.19,11.7,14.3,26,,"McLain, Matt",680574
8/16/2023,"Naylor, B.","Hentges, S.","McLain, M.",--,3B,SB,0.2,18.3,15.2,33.5,,"McLain, Matt",680574
8/23/2023,"O'Hoppe, L.","Rosenberg, K.","McLain, M.","Escobar, E.",2B,SB,0.2,7.8,12.2,20,,"McLain, Matt",680574
8/23/2023,"Thaiss, M.","Detmers, R.","McLain, M.",--,2B,SB,0.2,12.7,12.5,25.3,,"McLain, Matt",680574
4/10/2023,"Murphy, T.","Castillo, L.","Happ, I.","Crawford, J.",2B,SB,0.2,9.8,12,21.8,,"Happ, Ian",664023
4/17/2023,"Langeliers, S.","Martinez, A.","Happ, I.","Kemp, T.",2B,SB,0.2,11.6,11.1,22.7,,"Happ, Ian",664023
4/22/2023,"Barnes, A.","Vesia, A.","Happ, I.",--,3B,SB,0.2,15.6,21.5,37.2,,"Happ, Ian",664023
5/31/2023,"Bethancourt, C.","Eflin, Z.","Happ, I.",--,2B,SB,0.2,9.9,12,21.9,,"Happ, Ian",664023
7/9/2023,"Higashioka, K.","Holmes, C.","Happ, I.","Torres, G.",3B,BK,0.2,--,--,--,,"Happ, Ian",664023
7/18/2023,"Ruiz, K.","Corbin, P.","Happ, I.","Abrams, C.",2B,SB,0.2,10.8,11.1,21.8,,"Happ, Ian",664023
7/25/2023,"Grandal, Y.","Scholtens, J.","Happ, I.","Anderson, T.",2B,SB,0.2,5.6,10.6,16.2,,"Happ, Ian",664023
8/23/2023,"Rogers, J.","Brieske, B.","Happ, I.","Ibáñez, A.",2B,SB,0.2,19.1,10.6,29.7,,"Happ, Ian",664023
9/1/2023,"Maile, L.","Moll, S.","Happ, I.",--,2B,SB,0.2,11.3,10.8,22.1,,"Happ, Ian",664023
9/16/2023,"Moreno, G.","Thompson, R.","Happ, I.","Perdomo, G.",2B,CS,-0.45,12.8,10.9,23.7,,"Happ, Ian",664023
5/21/2023,"Fortes, N.","Okert, S.","Haniger, M.","Hampson, G.",2B,SB,0.2,14.7,12.2,26.9,,"Haniger, Mitch",571745
7/19/2023,"Maldonado, M.","Bielak, B.","Toglia, M.","Peña, J.",2B,CS,-0.45,13.8,12.2,26.1,,"Toglia, Michael",669911
7/24/2023,"Ruiz, K.","Abbott, C.","Toglia, M.","García Jr., L.",3B,BK,0.2,--,--,--,,"Toglia, Michael",669911
8/15/2023,"Moreno, G.","Frías, L.","Toglia, M.",--,3B,SB,0.2,14.8,17,31.8,,"Toglia, Michael",669911
7/22/2023,"Perez, S.","Cox, A.","McKinney, B.","Massey, M.",2B,SB,0.2,7.9,11.6,19.5,,"McKinney, Billy",641856
8/12/2023,"Stallings, J.","Alcantara, S.","McKinney, B.","Gurriel, Y.",2B,BK,0.2,0.6,0.2,0.8,,"McKinney, Billy",641856
8/30/2023,"Adams, R.","Corbin, P.","Schneider, D.","Kieboom, C.",3B,SB,0.2,13,17.2,30.2,,"Schneider, Davis",676914
6/25/2023,"Bailey, P.","Beck, T.","Walker, C.",--,2B,SB,0.2,19.6,11.2,30.8,,"Walker, Christian",572233
7/5/2023,"Alvarez, F.","Senga, K.","Walker, C.",--,2B,SB,0.2,16.8,12.2,29,,"Walker, Christian",572233
9/12/2023,"Alvarez, F.","Buttó, J.","Walker, C.",--,2B,SB,0.2,23.6,13.9,37.5,,"Walker, Christian",572233
9/20/2023,"Bailey, P.","Webb, L.","Walker, C.","Crawford, B.",2B,SB,0.2,19.6,10.9,30.5,,"Walker, Christian",572233
9/25/2023,"Wells, A.","Weissert, G.","Walker, C.","Volpe, A.",2B,SB,0.19,12.6,11.6,24.2,,"Walker, Christian",572233
5/15/2023,"Vázquez, C.","Duran, J.","Thompson, T.","Solano, D.",2B,PK,-0.45,1.2,10.9,12.1,,"Thompson, Trayce",572204
8/9/2023,"Higashioka, K.","Middleton, K.","Thompson, T.","Torres, G.",2B,SB,0.2,11.9,11.6,23.5,,"Thompson, Trayce",572204
10/1/2023,"Sullivan, B.","Barlow, S.","Thompson, T.","Rosario, E.",3B,SB,0.2,18.4,16.3,34.6,,"Thompson, Trayce",572204
4/1/2023,"Garver, M.","Eovaldi, N.","Cave, J.","Seager, C.",2B,SB,0.2,12.3,11.3,23.5,,"Cave, Jake",595909
5/23/2023,"Ruiz, K.","Thompson, M.","Odor, R.","Abrams, C.",2B,SB,0.2,12.2,13.1,25.3,,"Odor, Rougned",596059
7/3/2023,"Caratini, V.","Teheran, J.","Barnhart, T.","Miller, O.",2B,BK,0.2,8.5,15.3,23.7,,"Barnhart, Tucker",571466
5/26/2023,"Rortvedt, B.","Marinaccio, R.","Dixon, B.","Rizzo, A.",2B,PK,-0.45,--,--,--,,"Dixon, Brandon",641525
5/26/2023,"Higashioka, K.","Weber, R.","Dixon, B.",--,2B,SB,0.2,8.5,8.9,17.4,,"Dixon, Brandon",641525
5/29/2023,"Grandal, Y.","Hendriks, L.","Thaiss, M.","Gonzalez, R.",2B,SB,0.2,10.8,8.5,19.3,,"Thaiss, Matt",642136
7/2/2023,"Kelly, C.","Gallen, Z.","Thaiss, M.",--,2B,SB,0.2,8,8.9,16.8,,"Thaiss, Matt",642136
8/5/2023,"Alvarez, F.","Bickford, P.","Cowser, C.","Mendick, D.",2B,SB,0.19,12.5,11.7,24.3,,"Cowser, Colton",681297
4/24/2023,"McCann, J.","Baker, B.","Wong, C.","Frazier, A.",2B,CS,-0.45,7.8,11.3,19.1,,"Wong, Connor",657136
7/19/2023,"Langeliers, S.","Waldichuk, K.","Wong, C.","Diaz, J.",2B,CS,-0.45,11.2,11.2,22.4,,"Wong, Connor",657136
7/19/2023,"Langeliers, S.","May, T.","Wong, C.",--,2B,SB,0.2,10.2,12.1,22.3,,"Wong, Connor",657136
7/23/2023,"Narváez, O.","Ottavino, A.","Wong, C.",--,2B,SB,0.19,11.8,12.3,24.1,,"Wong, Connor",657136
8/11/2023,"Rogers, J.","Skubal, T.","Wong, C.","Ibáñez, A.",2B,SB,0.2,8.4,11.5,19.9,,"Wong, Connor",657136
9/24/2023,"Lee, K.","Clevinger, M.","Wong, C.","Remillard, Z.",2B,SB,0.2,7.8,11.2,19.1,,"Wong, Connor",657136
9/28/2023,"McCann, J.","Pérez, C.","Wong, C.","Mateo, J.",2B,SB,0.2,8.8,10.7,19.6,,"Wong, Connor",657136
6/17/2023,"Barnes, A.","Miller, B.","Matos, L.","Rojas, M.",2B,SB,0.2,9.8,12.5,22.3,,"Matos, Luis",682641
6/21/2023,"Sánchez, G.","Darvish, Y.","Matos, L.","Bogaerts, X.",2B,SB,0.2,8.7,13.7,22.4,,"Matos, Luis",682641
6/24/2023,"Kelly, C.","Kelly, M.","Matos, L.","Walker, C.",2B,PK,-0.45,--,--,--,,"Matos, Luis",682641
7/14/2023,"Hedges, A.","Borucki, R.","Matos, L.","Gonzales, N.",2B,SB,0.2,10.5,10.9,21.5,,"Matos, Luis",682641
5/9/2023,"Knizner, A.","Stratton, C.","Morel, C.",--,2B,SB,0.2,10.6,11.7,22.4,,"Morel, Christopher",666624
5/12/2023,"Vázquez, C.","Gray, S.","Morel, C.","Polanco, J.",2B,CS,-0.45,7.9,11.6,19.5,,"Morel, Christopher",666624
7/14/2023,"Wong, C.","Scott, T.","Morel, C.","Chang, Y.",2B,SB,0.2,12.7,15.5,28.3,,"Morel, Christopher",666624
7/21/2023,"Knizner, A.","Flaherty, J.","Morel, C.","Fermín, J.",2B,SB,0.2,7.2,10.3,17.6,,"Morel, Christopher",666624
4/8/2023,"Maile, L.","Gibaut, I.","Marsh, B.","Newman, K.",2B,SB,0.2,9.1,11.6,20.8,,"Marsh, Brandon",669016
5/21/2023,"Barnhart, T.","Estrada, J.","Marsh, B.","Hoerner, N.",2B,SB,0.2,11.9,11.7,23.6,,"Marsh, Brandon",669016
6/2/2023,"Ruiz, K.","Gray, J.","Marsh, B.","Abrams, C.",2B,SB,0.2,11.2,9.9,21.1,,"Marsh, Brandon",669016
6/23/2023,"Alvarez, F.","Nittoli, V.","Marsh, B.",--,2B,CS,-0.45,4,10.4,14.4,,"Marsh, Brandon",669016
7/5/2023,"Mejía, F.","Patiño, L.","Marsh, B.","Franco, W.",2B,SB,0.2,12.9,11.5,24.5,,"Marsh, Brandon",669016
7/18/2023,"Contreras, W.","Uribe, A.","Marsh, B.","Turang, B.",2B,SB,0.2,10,11.8,21.8,,"Marsh, Brandon",669016
7/23/2023,"Gallagher, C.","Sandlin, N.","Marsh, B.","Freeman, T.",2B,CS,-0.45,7.8,10.7,18.5,,"Marsh, Brandon",669016
8/28/2023,"O'Hoppe, L.","Leone, D.","Marsh, B.","Rengifo, L.",2B,SB,0.2,10.6,10.7,21.2,,"Marsh, Brandon",669016
9/10/2023,"Fortes, N.","Hoeing, B.","Marsh, B.","Berti, J.",2B,SB,0.2,10.2,10.7,21,,"Marsh, Brandon",669016
9/20/2023,"Murphy, S.","Chavez, J.","Marsh, B.","Lopez, N.",2B,SB,0.2,10,11.3,21.3,,"Marsh, Brandon",669016
9/9/2023,"Stephenson, T.","Moll, S.","Winn, M.","De La Cruz, E.",2B,SB,0.2,12.6,12.6,25.1,,"Winn, Masyn",691026
8/20/2023,"Amaya, M.","Hendricks, K.","Duffy, M.","Swanson, D.",2B,SB,0.2,13,11.3,24.2,,"Duffy, Matt",622110
4/15/2023,"Delay, J.","Contreras, R.","Donovan, B.","Mathias, M.",2B,SB,0.19,16.2,11.3,27.4,,"Donovan, Brendan",680977
4/15/2023,"Delay, J.","Contreras, R.","Donovan, B.","Hayes, K.",3B,SB,0.2,14.4,14.9,29.2,,"Donovan, Brendan",680977
4/17/2023,"Moreno, G.","Kelly, M.","Donovan, B.","Walker, C.",2B,BK,0.2,2.8,10.5,13.4,,"Donovan, Brendan",680977
5/23/2023,"Stephenson, T.","Ashcraft, G.","Donovan, B.",--,2B,SB,0.2,27.6,13.2,40.8,,"Donovan, Brendan",680977
5/27/2023,"Fry, D.","Sandlin, N.","Donovan, B.","Ramírez, J.",3B,SB,0.2,15,16.6,31.7,,"Donovan, Brendan",680977
7/2/2023,"Trevino, J.","Cole, G.","Donovan, B.","LeMahieu, D.",3B,CS,-0.45,12.1,14.4,26.5,,"Donovan, Brendan",680977
4/12/2023,"Ruiz, K.","Gore, M.","Phillips, B.","García Jr., L.",2B,SB,0.2,8,12.3,20.2,,"Phillips, Brett",621433
4/12/2023,"Ruiz, K.","Gore, M.","Phillips, B.","Candelario, J.",3B,SB,0.2,11.3,17.1,28.4,,"Phillips, Brett",621433
4/16/2023,"Wong, C.","Ort, K.","Phillips, B.","Arroyo, C.",3B,PK,-0.45,--,--,--,,"Phillips, Brett",621433
9/13/2023,"Raleigh, C.","Muñoz, A.","Phillips, B.","Crawford, J.",2B,CS,-0.45,12.4,10.9,23.4,,"Phillips, Brett",621433
5/12/2023,"Alvarez, F.","Megill, T.","Alu, J.","McNeil, J.",2B,SB,0.2,10.4,9.7,20.1,,"Alu, Jake",666906
8/6/2023,"Stephenson, T.","Gibaut, I.","Alu, J.","De La Cruz, E.",2B,SB,0.2,12.5,12.9,25.4,,"Alu, Jake",666906
8/26/2023,"Stallings, J.","Pérez, E.","Alu, J.","Arraez, L.",2B,CS,-0.45,6.6,11.2,17.8,,"Alu, Jake",666906
4/13/2023,"Rogers, J.","Turnbull, S.","Biggio, C.","McKinstry, Z.",2B,SB,0.2,14.4,11.7,26.1,,"Biggio, Cavan",624415
5/21/2023,"McCann, J.","Coulombe, D.","Biggio, C.","Ortiz, J.",2B,CS,-0.45,12.8,12.4,25.3,,"Biggio, Cavan",624415
6/7/2023,"Diaz, Y.","Abreu, B.","Biggio, C.","Dubón, M.",2B,CS,-0.45,11.3,12.5,23.7,,"Biggio, Cavan",624415
8/10/2023,"Naylor, B.","De Los Santos, E.","Biggio, C.","Giménez, A.",3B,BK,0.2,0.7,11.8,12.4,,"Biggio, Cavan",624415
8/16/2023,"Realmuto, J.","Nola, A.","Biggio, C.","Stott, B.",2B,SB,0.2,12.2,11.8,24,,"Biggio, Cavan",624415
8/29/2023,"Ruiz, K.","Thompson, M.","Biggio, C.","Abrams, C.",2B,SB,0.2,8.2,11.6,19.7,,"Biggio, Cavan",624415
9/9/2023,"Perez, S.","Greinke, Z.","Biggio, C.","Massey, M.",3B,FB,0.2,--,--,--,,"Biggio, Cavan",624415
4/7/2023,"Kirk, A.","Bassitt, C.","Urshela, G.","Espinal, S.",2B,SB,0.2,8.7,10.4,19.1,,"Urshela, Gio",570482
5/6/2023,"Heim, J.","Eovaldi, N.","Urshela, G.","Semien, M.",2B,CS,-0.45,7.5,8.5,16,,"Urshela, Gio",570482
5/21/2023,"Jeffers, R.","De León, J.","Urshela, G.","Correa, C.",2B,SB,0.2,7.1,10.6,17.7,,"Urshela, Gio",570482
5/26/2023,"Fortes, N.","Hoeing, B.","Urshela, G.",--,2B,SB,0.2,9.2,10.4,19.6,,"Urshela, Gio",570482
4/1/2023,"Trevino, J.","Cordero, J.","Crawford, B.","Volpe, A.",2B,SB,0.2,13.4,11.7,25.1,,"Crawford, Brandon",543063
7/14/2023,"Thaiss, M.","Barria, J.","Madris, B.","Moustakas, M.",2B,PK,-0.45,--,--,--,,"Madris, Bligh",676632
4/10/2023,"Smith, W.","Urías, J.","Villar, D.","Taylor, C.",2B,SB,0.2,14.2,11,25.2,,"Villar, David",681584
4/22/2023,"Nido, T.","Uceta, E.","Villar, D.","Lindor, F.",2B,CS,-0.45,8.8,12,20.8,,"Villar, David",681584
7/30/2023,"Higashioka, K.","Marinaccio, R.","McCann, J.","Volpe, A.",2B,SB,0.2,13.4,10.3,23.8,,"McCann, James",543510
8/4/2023,"Alvarez, F.","Garrett, R.","McCann, J.","Baty, B.",3B,SB,0.2,15.5,16.1,31.6,,"McCann, James",543510
8/10/2023,"Diaz, Y.","Brown, H.","McCann, J.","Peña, J.",2B,CS,-0.45,9.4,9.7,19.1,,"McCann, James",543510
8/5/2023,"Caratini, V.","Burnes, C.","Peguero, L.",--,2B,SB,0.2,9.8,11.7,21.5,,"Peguero, Liover",678894
8/23/2023,"Knizner, A.","Pallante, A.","Peguero, L.","Winn, M.",2B,SB,0.2,10.1,12.3,22.4,,"Peguero, Liover",678894
9/3/2023,"Knizner, A.","Thompson, Z.","Peguero, L.","Edman, T.",2B,CS,-0.45,6.4,11.3,17.6,,"Peguero, Liover",678894
9/15/2023,"Rortvedt, B.","Cole, G.","Peguero, L.","Volpe, A.",2B,CS,-0.45,10,10.5,20.5,,"Peguero, Liover",678894
4/9/2023,"Heim, J.","Smith, W.","Torrens, L.","Lowe, N.",2B,PK,-0.45,--,--,--,,"Torrens, Luis",620443
3/30/2023,"Grandal, Y.","Cease, D.","Peña, J.",--,2B,SB,0.2,10.6,10.6,21.1,,"Peña, Jeremy",665161
3/31/2023,"Grandal, Y.","Lynn, L.","Peña, J.","Anderson, T.",2B,CS,-0.45,8.8,10.7,19.5,,"Peña, Jeremy",665161
4/16/2023,"Heim, J.","Heaney, A.","Peña, J.","Semien, M.",2B,SB,0.2,10.5,10.8,21.4,,"Peña, Jeremy",665161
4/16/2023,"Heim, J.","Heaney, A.","Peña, J.","Semien, M.",2B,SB,0.2,9.7,11.2,20.9,,"Peña, Jeremy",665161
4/16/2023,"Heim, J.","Heaney, A.","Peña, J.",--,3B,SB,0.2,19.6,14.5,34.1,,"Peña, Jeremy",665161
4/19/2023,"Kirk, A.","Berríos, J.","Peña, J.","Merrifield, W.",2B,SB,0.2,9.9,11.4,21.4,,"Peña, Jeremy",665161
4/22/2023,"Murphy, S.","Yates, K.","Peña, J.","Albies, O.",2B,SB,0.2,11.9,11.4,23.3,,"Peña, Jeremy",665161
5/9/2023,"Okey, C.","Ohtani, S.","Peña, J.","Drury, B.",2B,CS,-0.45,6.1,11.8,17.9,,"Peña, Jeremy",665161
5/13/2023,"Zavala, S.","Cease, D.","Peña, J.","Alberto, H.",2B,CS,-0.45,5.9,11.2,17.2,,"Peña, Jeremy",665161
5/19/2023,"Langeliers, S.","Waldichuk, K.","Peña, J.","Diaz, J.",2B,CS,-0.45,11.1,11.6,22.7,,"Peña, Jeremy",665161
6/9/2023,"Zunino, M.","Allen, L.","Peña, J.","Giménez, A.",2B,CS,-0.45,6.9,12.2,19.1,,"Peña, Jeremy",665161
6/17/2023,"Casali, C.","Greene, H.","Peña, J.","India, J.",2B,SB,0.2,10.2,11.9,22.1,,"Peña, Jeremy",665161
6/21/2023,"Narváez, O.","Hartwig, G.","Peña, J.",--,2B,SB,0.2,17.7,11,28.8,,"Peña, Jeremy",665161
7/21/2023,"Langeliers, S.","Sears, J.","Peña, J.","Allen, N.",2B,SB,0.2,9.8,10.3,20.1,,"Peña, Jeremy",665161
7/23/2023,"Soderstrom, T.","Smith, C.","Peña, J.","Gelof, Z.",2B,CS,-0.45,5.5,10.4,15.8,,"Peña, Jeremy",665161
7/28/2023,"Pinto, R.","McClanahan, S.","Peña, J.","Franco, W.",2B,SB,0.2,14.2,11.1,25.2,,"Peña, Jeremy",665161
8/25/2023,"Rogers, J.","White, B.","Peña, J.","Ibáñez, A.",2B,SB,0.2,9.9,11.7,21.5,,"Peña, Jeremy",665161
9/23/2023,"Cropley, T.","Snider, C.","Peña, J.","Witt Jr., B.",2B,SB,0.2,7.4,11.1,18.5,,"Peña, Jeremy",665161
9/23/2023,"Cropley, T.","Lyles, J.","Peña, J.","Massey, M.",2B,SB,0.2,8.8,11.4,20.1,,"Peña, Jeremy",665161
9/26/2023,"Raleigh, C.","Kirby, G.","Peña, J.","Rojas, J.",2B,CS,-0.45,9.2,10.2,19.4,,"Peña, Jeremy",665161
4/21/2023,"Langeliers, S.","Sears, J.","Duran, E.","Díaz, A.",2B,CS,-0.45,8,11.1,19.1,,"Duran, Ezequiel",677649
4/24/2023,"Stephenson, T.","Farmer, B.","Duran, E.","Barrero, J.",2B,SB,0.2,9.6,11.8,21.4,,"Duran, Ezequiel",677649
4/26/2023,"Casali, C.","Gibaut, I.","Duran, E.","Newman, K.",2B,CS,-0.45,9.7,11.4,21.1,,"Duran, Ezequiel",677649
5/19/2023,"Díaz, E.","Abad, F.","Duran, E.","Trejo, A.",2B,SB,0.2,10.5,11.9,22.4,,"Duran, Ezequiel",677649
6/17/2023,"Jansen, D.","Cimber, A.","Duran, E.","Bichette, B.",2B,CS,-0.45,9.3,9.5,18.8,,"Duran, Ezequiel",677649
6/21/2023,"Zavala, S.","Lambert, J.","Duran, E.","Andrus, E.",2B,SB,0.2,8.8,11.8,20.7,,"Duran, Ezequiel",677649
6/25/2023,"Trevino, J.","Cole, G.","Duran, E.","Volpe, A.",3B,BK,0.2,11.5,12.5,24,,"Duran, Ezequiel",677649
7/24/2023,"Maldonado, M.","Bielak, B.","Duran, E.","Peña, J.",2B,SB,0.2,8.7,11.1,19.8,,"Duran, Ezequiel",677649
7/30/2023,"Sánchez, G.","Snell, B.","Duran, E.","Batten, M.",2B,SB,0.2,12.6,11.6,24.2,,"Duran, Ezequiel",677649
8/13/2023,"Bailey, P.","Webb, L.","Duran, E.","Crawford, B.",2B,SB,0.2,10.5,11.7,22.2,,"Duran, Ezequiel",677649
8/13/2023,"Bailey, P.","Doval, C.","Duran, E.","Crawford, B.",2B,CS,-0.45,11.6,11.6,23.2,,"Duran, Ezequiel",677649
8/24/2023,"Vázquez, C.","Winder, J.","Duran, E.",--,2B,SB,0.2,10.1,10.8,21,,"Duran, Ezequiel",677649
6/1/2023,"Nola, A.","Musgrove, J.","Davis, J.","Bogaerts, X.",2B,SB,0.2,9,9.3,18.3,,"Davis, Jonathan",641505
6/21/2023,"Heineman, T.","Romano, J.","Davis, J.","Guerrero Jr., V.",2B,BK,0.2,3.3,9.2,12.5,,"Davis, Jonathan",641505
6/29/2023,"Wong, C.","Jansen, K.","Davis, J.","Hamilton, D.",2B,CS,-0.45,7.8,10.3,18.2,,"Davis, Jonathan",641505
7/2/2023,"d'Arnaud, T.","Strider, S.","Davis, J.",--,2B,CS,-0.45,5,10.6,15.6,,"Davis, Jonathan",641505
4/27/2023,"Grandal, Y.","Diekman, J.","Mejía, F.","Sosa, L.",3B,BK,0.2,3.6,12.8,16.4,,"Mejía, Francisco",642336
6/15/2023,"Pérez, C.","Lovelady, R.","Mejía, F.","Smith, K.",2B,CS,-0.45,9.5,10.1,19.6,,"Mejía, Francisco",642336
4/11/2023,"Maldonado, M.","Javier, C.","Hayes, K.",--,3B,SB,0.2,20.1,18.2,38.3,,"Hayes, Ke'Bryan",663647
4/15/2023,"Knizner, A.","Stratton, C.","Hayes, K.","Edman, T.",2B,CS,-0.45,10.2,11.4,21.6,,"Hayes, Ke'Bryan",663647
4/15/2023,"Knizner, A.","Matz, S.","Hayes, K.",--,3B,SB,0.2,21.2,16.6,37.7,,"Hayes, Ke'Bryan",663647
4/18/2023,"Díaz, E.","Lamet, D.","Hayes, K.","Trejo, A.",2B,CS,-0.45,9.8,11.5,21.3,,"Hayes, Ke'Bryan",663647
4/18/2023,"Díaz, E.","Ureña, J.","Hayes, K.","Tovar, E.",2B,SB,0.2,10.2,11.3,21.5,,"Hayes, Ke'Bryan",663647
4/29/2023,"Adams, R.","Corbin, P.","Hayes, K.","García Jr., L.",2B,CS,-0.45,11.9,8.9,20.8,,"Hayes, Ke'Bryan",663647
5/7/2023,"Jansen, D.","Kikuchi, Y.","Hayes, K.",--,3B,SB,0.2,20,16.6,36.6,,"Hayes, Ke'Bryan",663647
5/7/2023,"Jansen, D.","Kikuchi, Y.","Hayes, K.","Merrifield, W.",2B,SB,0.2,13.3,11.4,24.7,,"Hayes, Ke'Bryan",663647
5/8/2023,"Díaz, E.","Freeland, K.","Hayes, K.","Castro, H.",2B,CS,-0.45,3.4,10.1,13.5,,"Hayes, Ke'Bryan",663647
5/8/2023,"Díaz, E.","Bard, D.","Hayes, K.","Tovar, E.",2B,CS,-0.45,9.1,10.9,20,,"Hayes, Ke'Bryan",663647
5/12/2023,"Rutschman, A.","Bradish, K.","Hayes, K.","Frazier, A.",2B,SB,0.2,12.2,12,24.2,,"Hayes, Ke'Bryan",663647
6/9/2023,"Alvarez, F.","Megill, T.","Hayes, K.","Escobar, E.",3B,SB,0.2,22.8,16.7,39.5,,"Hayes, Ke'Bryan",663647
6/16/2023,"Contreras, W.","Peguero, E.","Hayes, K.",--,3B,SB,0.2,32.3,16.5,48.8,,"Hayes, Ke'Bryan",663647
7/6/2023,"Barnes, A.","Urías, J.","Hayes, K.","Vargas, M.",2B,SB,0.2,14,8.3,22.3,,"Hayes, Ke'Bryan",663647
4/17/2023,"Fortes, N.","Luzardo, J.","Ramos, H.","Gurriel, Y.",2B,PK,-0.45,--,--,--,,"Ramos, Heliot",671218
4/15/2023,"Stubbs, G.","Strahm, M.","Senzel, N.","Stott, B.",2B,SB,0.2,10.7,10.4,21.2,,"Senzel, Nick",669222
4/26/2023,"Heim, J.","Gray, J.","Senzel, N.","Duran, E.",3B,SB,0.2,16.2,15.8,32,,"Senzel, Nick",669222
5/12/2023,"Stallings, J.","Pérez, E.","Senzel, N.",--,3B,SB,0.2,14.5,15.4,30,,"Senzel, Nick",669222
5/15/2023,"Wynns, A.","Bard, D.","Senzel, N.","Tovar, E.",2B,CS,-0.45,10.3,11.1,21.4,,"Senzel, Nick",669222
7/16/2023,"Contreras, W.","Milner, H.","Senzel, N.","Turang, B.",2B,CS,-0.45,8.5,10.2,18.7,,"Senzel, Nick",669222
7/21/2023,"Moreno, G.","Henry, T.","Senzel, N.",--,3B,SB,0.2,19.3,15.3,34.6,,"Senzel, Nick",669222
9/16/2023,"Sullivan, B.","Waldron, M.","Butler, L.","Choi, J.",2B,PK,-0.45,--,--,--,,"Butler, Lawrence",671732
5/26/2023,"Fermin, F.","Cuas, J.","Garrett, S.","Witt Jr., B.",2B,SB,0.2,8.5,11.6,20.1,,"Garrett, Stone",656448
5/27/2023,"Perez, S.","Hernández, C.","Garrett, S.","Pasquantino, V.",2B,BK,0.2,7.5,11.9,19.3,,"Garrett, Stone",656448
6/24/2023,"Sánchez, G.","Morejon, A.","Garrett, S.","Bogaerts, X.",2B,SB,0.2,12,10.8,22.8,,"Garrett, Stone",656448
7/3/2023,"Maile, L.","Díaz, A.","Garrett, S.","McLain, M.",2B,CS,-0.45,10.8,11.5,22.3,,"Garrett, Stone",656448
6/24/2023,"Hamilton, C.","Jansen, K.","Remillard, Z.","Arroyo, C.",2B,SB,0.2,10.9,12.7,23.6,,"Remillard, Zach",621545
7/7/2023,"Herrera, I.","Pallante, A.","Remillard, Z.",--,3B,SB,0.2,17,18.5,35.5,,"Remillard, Zach",621545
8/5/2023,"Naylor, B.","Kelly, M.","Remillard, Z.","Tena, J.",2B,CS,-0.45,12,11.1,23.1,,"Remillard, Zach",621545
9/12/2023,"Perez, S.","Keller, B.","Remillard, Z.","Witt Jr., B.",2B,CS,-0.45,8.1,12.7,20.9,,"Remillard, Zach",621545
4/30/2023,"Kirk, A.","Bassitt, C.","Trammell, T.","Bichette, B.",2B,CS,-0.45,8.3,12.7,21,,"Trammell, Taylor",666211
4/14/2023,"Realmuto, J.","Domínguez, S.","Steer, S.","Stott, B.",2B,SB,0.2,14.1,11.3,25.5,,"Steer, Spencer",668715
4/29/2023,"Pérez, C.","Muller, K.","Steer, S.","Peterson, J.",3B,CS,-0.45,19.7,12.8,32.5,,"Steer, Spencer",668715
5/9/2023,"Alvarez, F.","Brigham, J.","Steer, S.","McNeil, J.",2B,CS,-0.45,7.6,11.6,19.1,,"Steer, Spencer",668715
6/7/2023,"Smith, W.","Syndergaard, N.","Steer, S.","Vargas, M.",2B,SB,0.19,16.4,13.8,30.2,,"Steer, Spencer",668715
6/7/2023,"Smith, W.","Syndergaard, N.","Steer, S.","Vargas, M.",2B,SB,0.19,12.1,12.8,24.9,,"Steer, Spencer",668715
6/16/2023,"Maldonado, M.","Montero, R.","Steer, S.",--,3B,SB,0.2,17.1,17.7,34.7,,"Steer, Spencer",668715
6/19/2023,"Díaz, E.","Hand, B.","Steer, S.","Castro, H.",2B,SB,0.2,19.6,10.7,30.3,,"Steer, Spencer",668715
6/25/2023,"Murphy, S.","Minter, A.","Steer, S.",--,2B,SB,0.2,20.6,10.9,31.5,,"Steer, Spencer",668715
6/28/2023,"Rutschman, A.","Baumann, M.","Steer, S.","Frazier, A.",2B,SB,0.2,15.9,11.4,27.2,,"Steer, Spencer",668715
6/30/2023,"Sánchez, G.","Honeywell, B.","Steer, S.","Cronenworth, J.",2B,PK,-0.45,--,--,--,,"Steer, Spencer",668715
8/13/2023,"Delay, J.","Keller, M.","Steer, S.",--,3B,SB,0.2,16.7,14.7,31.5,,"Steer, Spencer",668715
9/12/2023,"Rogers, J.","Wentz, J.","Steer, S.","Ibáñez, A.",2B,SB,0.2,11.1,11.7,22.8,,"Steer, Spencer",668715
9/19/2023,"Jeffers, R.","Maeda, K.","Steer, S.","Lewis, R.",3B,SB,0.2,17.8,16.1,33.9,,"Steer, Spencer",668715
9/6/2023,"Murphy, S.","Strider, S.","Burleson, A.","Arcia, O.",2B,SB,0.2,16.4,12.9,29.3,,"Burleson, Alec",676475
9/19/2023,"Contreras, W.","Megill, T.","Burleson, A.","Donaldson, J.",3B,SB,0.2,16.6,13.7,30.3,,"Burleson, Alec",676475
9/2/2023,"Kirk, A.","García, Y.","Blackmon, C.","Merrifield, W.",2B,SB,0.2,10.7,11.7,22.4,,"Blackmon, Charlie",453568
9/20/2023,"Sullivan, B.","García, L.","Blackmon, C.",--,3B,SB,0.2,22.2,14.7,37,,"Blackmon, Charlie",453568
9/28/2023,"Barnes, A.","Yarbrough, R.","Blackmon, C.",--,3B,SB,0.2,16.9,13.7,30.6,,"Blackmon, Charlie",453568
9/29/2023,"Jeffers, R.","Ryan, J.","Blackmon, C.",--,2B,SB,0.2,21.2,11.2,32.4,,"Blackmon, Charlie",453568
9/26/2023,"Contreras, W.","Rea, C.","Fermín, J.","Monasterio, A.",2B,CS,-0.45,7.8,12.8,20.6,,"Fermín, José",665877
6/17/2023,"Casali, C.","Greene, H.","Kessinger, G.","India, J.",2B,CS,-0.45,8.8,12.1,20.8,,"Kessinger, Grae",666197
4/2/2023,"Maldonado, M.","Martinez, S.","Colás, O.",--,2B,SB,0.2,13.4,9.8,23.2,,"Colás, Oscar",693049
4/8/2023,"Delay, J.","Velasquez, V.","Colás, O.","Castro, R.",2B,SB,0.2,8.5,11.2,19.6,,"Colás, Oscar",693049
4/19/2023,"Realmuto, J.","Walker, T.","Colás, O.","Stott, B.",2B,CS,-0.45,9.2,10.4,19.6,,"Colás, Oscar",693049
7/4/2023,"Kirk, A.","Bassitt, C.","Colás, O.","Merrifield, W.",2B,CS,-0.45,6,11.5,17.5,,"Colás, Oscar",693049
7/23/2023,"Jeffers, R.","Ober, B.","Colás, O.","Julien, E.",2B,SB,0.2,7.4,11.9,19.3,,"Colás, Oscar",693049
7/26/2023,"Barnhart, T.","Stroman, M.","Colás, O.","Swanson, D.",2B,SB,0.2,10.2,10.9,21.2,,"Colás, Oscar",693049
5/19/2023,"Gallagher, C.","Clase, E.","Escobar, E.","Rosario, A.",2B,SB,0.2,12.6,11.3,23.8,,"Escobar, Eduardo",500871
6/18/2023,"Knizner, A.","Pallante, A.","Escobar, E.","Gorman, N.",2B,SB,0.2,16,11.6,27.6,,"Escobar, Eduardo",500871
8/16/2023,"Garver, M.","Gray, J.","Escobar, E.","Semien, M.",2B,CS,-0.45,9.6,10.9,20.4,,"Escobar, Eduardo",500871
5/13/2023,"Herrera, J.","Gallen, Z.","Schmitt, C.","Marte, K.",2B,CS,-0.45,9.3,12.2,21.5,,"Schmitt, Casey",669477
5/21/2023,"Fortes, N.","Okert, S.","Schmitt, C.",--,2B,SB,0.2,12,13.1,25.1,,"Schmitt, Casey",669477
5/25/2023,"Caratini, V.","Teheran, J.","Schmitt, C.","Adames, W.",2B,SB,0.2,9.2,12.7,21.9,,"Schmitt, Casey",669477
9/24/2023,"Wong, C.","Crawford, K.","Sheets, G.",--,2B,SB,0.2,4.8,10.8,15.6,,"Sheets, Gavin",657757
5/4/2023,"Grandal, Y.","Colomé, A.","Miranda, J.","Alberto, H.",2B,BK,0.2,3.8,7,10.8,,"Miranda, Jose F",669304
4/23/2023,"Wallach, C.","Detmers, R.","Massey, M.","Neto, Z.",2B,SB,0.2,12.7,10.6,23.3,,"Massey, Michael",686681
5/6/2023,"Langeliers, S.","Waldichuk, K.","Massey, M.","Smith, K.",2B,SB,0.2,14.5,10.4,24.9,,"Massey, Michael",686681
7/25/2023,"Naylor, B.","Civale, A.","Massey, M.","Rosario, A.",2B,SB,0.2,6,10.9,17,,"Massey, Michael",686681
7/30/2023,"Vázquez, C.","Maeda, K.","Massey, M.","Polanco, J.",2B,SB,0.2,8.9,10.7,19.6,,"Massey, Michael",686681
8/20/2023,"Amaya, M.","Hendricks, K.","Massey, M.","Hoerner, N.",2B,SB,0.2,12.4,10.7,23.1,,"Massey, Michael",686681
8/21/2023,"Langeliers, S.","Jiménez, D.","Massey, M.","Gelof, Z.",2B,CS,-0.45,11.3,11,22.4,,"Massey, Michael",686681
9/30/2023,"Higashioka, K.","Hamilton, I.","Massey, M.","Volpe, A.",3B,PK,-0.45,--,--,--,,"Massey, Michael",686681
8/16/2023,"Rodríguez, E.","Oviedo, J.","Narváez, O.","Williams, A.",3B,BK,0.2,-0.6,14.1,13.4,,"Narváez, Omar",553882
9/22/2023,"Realmuto, J.","Walker, T.","Narváez, O.","Turner, T.",3B,PK,-0.45,--,--,--,,"Narváez, Omar",553882
4/4/2023,"Nola, A.","Darvish, Y.","Thomas, A.","Bogaerts, X.",2B,SB,0.2,13.3,14.9,28.1,,"Thomas, Alek",677950
4/16/2023,"Stallings, J.","Alcantara, S.","Thomas, A.","Cooper, G.",2B,PK,-0.45,--,--,--,,"Thomas, Alek",677950
4/17/2023,"Contreras, W.","Flaherty, J.","Thomas, A.","Edman, T.",2B,CS,-0.45,7.1,13.1,20.2,,"Thomas, Alek",677950
5/11/2023,"Bart, J.","Cobb, A.","Thomas, A.","Wade Jr., L.",2B,PK,-0.45,--,--,--,,"Thomas, Alek",677950
6/25/2023,"Bailey, P.","DeSclafani, A.","Thomas, A.",--,3B,SB,0.2,11.9,17.6,29.5,,"Thomas, Alek",677950
7/4/2023,"Alvarez, F.","Scherzer, M.","Thomas, A.","Lindor, F.",2B,SB,0.2,7.6,12.3,19.9,,"Thomas, Alek",677950
8/19/2023,"Campusano, L.","Barlow, S.","Thomas, A.",--,2B,SB,0.2,10.6,11.5,22.2,,"Thomas, Alek",677950
9/7/2023,"Gomes, Y.","Thompson, K.","Thomas, A.","Hoerner, N.",2B,SB,0.2,10.2,10.6,20.8,,"Thomas, Alek",677950
9/8/2023,"Gomes, Y.","Alzolay, A.","Thomas, A.","Hoerner, N.",2B,SB,0.2,10,10.6,20.5,,"Thomas, Alek",677950
9/8/2023,"Bart, J.","Harrison, K.","Bouchard, S.","DeJong, P.",2B,CS,-0.45,10.1,11.6,21.7,,"Bouchard, Sean",656248
4/15/2023,"Delay, J.","Contreras, R.","Gorman, N.",--,2B,CS,-0.46,7.1,13.2,20.3,,"Gorman, Nolan",669357
5/25/2023,"Maile, L.","Sims, L.","Gorman, N.",--,3B,SB,0.2,18.6,16.9,35.5,,"Gorman, Nolan",669357
7/19/2023,"Stallings, J.","Brazobán, H.","Gorman, N.","Arraez, L.",2B,SB,0.2,10.5,11.5,22,,"Gorman, Nolan",669357
7/28/2023,"Amaya, M.","Smyly, D.","Gorman, N.",--,3B,SB,0.2,20.6,17.1,37.7,,"Gorman, Nolan",669357
9/6/2023,"Murphy, S.","Strider, S.","Gorman, N.","Riley, A.",3B,SB,0.2,15.5,13.3,28.8,,"Gorman, Nolan",669357
6/18/2023,"Realmuto, J.","Wheeler, Z.","Bleday, J.","Turner, T.",2B,SB,0.2,6.8,11.6,18.4,,"Bleday, JJ",668709
6/21/2023,"Naylor, B.","Williams, G.","Bleday, J.","Naylor, J.",2B,PK,-0.45,--,--,--,,"Bleday, JJ",668709
7/23/2023,"Diaz, Y.","Brown, H.","Bleday, J.","Peña, J.",2B,SB,0.2,10.1,11.5,21.6,,"Bleday, JJ",668709
4/5/2023,"Delay, J.","Keller, M.","Arroyo, C.","Castro, R.",2B,SB,0.2,11.2,13.5,24.6,,"Arroyo, Christian",624414
4/5/2023,"Delay, J.","Keller, M.","Arroyo, C.","Santana, C.",2B,BK,0.2,3.9,12.5,16.4,,"Arroyo, Christian",624414
7/5/2023,"Heim, J.","Gray, J.","Arroyo, C.","Seager, C.",2B,CS,-0.45,8.9,11.5,20.4,,"Arroyo, Christian",624414
7/26/2023,"Murphy, S.","Yates, K.","Arroyo, C.","Albies, O.",2B,CS,-0.45,10.9,11.9,22.8,,"Arroyo, Christian",624414
4/9/2023,"Melendez, M.","Bubic, K.","Conforto, M.","Massey, M.",2B,SB,0.2,10.9,10.8,21.7,,"Conforto, Michael",624424
5/25/2023,"Caratini, V.","Megill, T.","Conforto, M.","Miller, O.",2B,SB,0.19,23.6,12.4,35.9,,"Conforto, Michael",624424
7/14/2023,"Hedges, A.","Hill, R.","Conforto, M.",--,2B,SB,0.2,11.5,11.7,23.2,,"Conforto, Michael",624424
7/9/2023,"Fortes, N.","Luzardo, J.","Pache, C.","Arraez, L.",2B,SB,0.2,8.1,11.1,19.2,,"Pache, Cristian",665506
9/15/2023,"Contreras, W.","Thompson, Z.","Pache, C.","Edman, T.",2B,CS,-0.45,10.6,9.9,20.5,,"Pache, Cristian",665506
9/27/2023,"Rodríguez, E.","Oviedo, J.","Pache, C.","Gonzales, N.",2B,CS,-0.45,8.9,14.6,23.5,,"Pache, Cristian",665506
4/27/2023,"Wallach, C.","Loup, A.","Díaz, A.","Rengifo, L.",3B,BK,0.2,-0.2,12.2,12,,"Díaz, Aledmys",649557
6/18/2023,"McGuire, R.","Bello, B.","Donaldson, J.","Casas, T.",2B,PK,-0.45,--,--,--,,"Donaldson, Josh",518626
9/25/2023,"Heim, J.","Gray, J.","Stefanic, M.","Seager, C.",2B,CS,-0.45,9.5,9.8,19.3,,"Stefanic, Michael",683021
4/27/2023,"Stubbs, G.","Strahm, M.","Murphy, T.","Clemens, K.",2B,BK,0.2,--,--,--,,"Murphy, Tom",608596
4/29/2023,"Jansen, D.","Gausman, K.","Murphy, T.","Biggio, C.",3B,PK,-0.45,--,--,--,,"Murphy, Tom",608596
8/24/2023,"Wynns, A.","Lambert, P.","Basabe, O.","Trejo, A.",2B,CS,-0.45,7.3,11.6,18.9,,"Basabe, Osleivis",678545
9/23/2023,"McGuire, R.","Pivetta, N.","Sosa, L.","Valdez, E.",2B,CS,-0.45,9.8,10.7,20.5,,"Sosa, Lenyn",672820
8/24/2023,"Lee, K.","Navarro, E.","Bride, J.","Sosa, L.",2B,CS,-0.45,4.9,12.8,17.7,,"Bride, Jonah",681146
7/14/2023,"Hedges, A.","Borucki, R.","Bailey, P.","Marcano, T.",2B,SB,0.2,11.6,13.3,25,,"Bailey, Patrick",672275
7/16/2023,"Smith, W.","Phillips, E.","Stewart, D.","Betts, M.",2B,SB,0.2,8.9,12.5,21.3,,"Stewart, DJ",621466
9/18/2023,"Stallings, J.","Cabrera, E.","Stewart, D.","Bell, J.",2B,PK,-0.45,--,--,--,,"Stewart, DJ",621466
9/23/2023,"Realmuto, J.","Wheeler, Z.","Stewart, D.","Turner, T.",2B,CS,-0.45,8.9,11.6,20.5,,"Stewart, DJ",621466
6/18/2023,"Higashioka, K.","Marinaccio, R.","McGuire, R.","Torres, G.",2B,CS,-0.45,13.2,10.8,24,,"McGuire, Reese",624512
8/15/2023,"Ruiz, K.","Gray, J.","McGuire, R.","Abrams, C.",2B,SB,0.2,14.7,10.1,24.8,,"McGuire, Reese",624512
5/28/2023,"Diaz, Y.","Javier, C.","Brown, S.","Altuve, J.",2B,SB,0.2,17.6,11.6,29.2,,"Brown, Seth",664913
6/16/2023,"Realmuto, J.","Walker, T.","Brown, S.","Bohm, A.",2B,PK,-0.45,--,--,--,,"Brown, Seth",664913
9/23/2023,"Kelly, C.","Wentz, J.","Brown, S.",--,2B,SB,0.2,13.2,12.3,25.6,,"Brown, Seth",664913
9/4/2023,"McCann, J.","Rodriguez, G.","O'Hoppe, L.","Westburg, J.",2B,CS,-0.45,5.5,10.6,16.1,,"O'Hoppe, Logan",681351
10/1/2023,"Soderstrom, T.","Muller, K.","O'Hoppe, L.","Noda, R.",2B,BK,0.2,1.9,9.8,11.7,,"O'Hoppe, Logan",681351
4/5/2023,"Jeffers, R.","López, P.","Sánchez, J.",--,2B,SB,0.2,18.5,10.9,29.4,,"Sánchez, Jesús",660821
4/9/2023,"Alvarez, F.","Nogosek, S.","Sánchez, J.",--,2B,SB,0.2,24.5,16.6,41.2,,"Sánchez, Jesús",660821
4/28/2023,"Gomes, Y.","Stroman, M.","Sánchez, J.","Hoerner, N.",2B,SB,0.2,11.1,12,23.1,,"Sánchez, Jesús",660821
7/25/2023,"Bethancourt, C.","Glasnow, T.","Sánchez, J.","Lowe, B.",2B,CS,-0.46,11.1,10.8,21.9,,"Sánchez, Jesús",660821
9/17/2023,"d'Arnaud, T.","Morton, C.","Sánchez, J.","Olson, M.",2B,PK,-0.45,--,--,--,,"Sánchez, Jesús",660821
4/10/2023,"Gomes, Y.","Fulmer, M.","Wong, K.","Swanson, D.",2B,CS,-0.45,8.3,10.5,18.7,,"Wong, Kolten",543939
9/8/2023,"Ruiz, K.","Willingham, A.","Wong, K.","García Jr., L.",2B,CS,-0.45,7.7,10.4,18.1,,"Wong, Kolten",543939
9/9/2023,"Ruiz, K.","Finnegan, K.","Wong, K.",--,3B,SB,0.2,15,21.5,36.5,,"Wong, Kolten",543939
9/9/2023,"Ruiz, K.","Finnegan, K.","Wong, K.","Abrams, C.",2B,SB,0.2,11,11.1,22.1,,"Wong, Kolten",543939
8/22/2023,"Realmuto, J.","Walker, T.","Meckler, W.","Bohm, A.",2B,PK,-0.45,--,--,--,,"Meckler, Wade",685133
4/18/2023,"Zunino, M.","Gaddis, H.","Greene, R.","Freeman, T.",2B,SB,0.2,7,9.9,16.9,,"Greene, Riley",682985
5/8/2023,"Zunino, M.","Bibee, T.","Greene, R.","Rosario, A.",2B,SB,0.2,9.6,9.8,19.4,,"Greene, Riley",682985
5/9/2023,"Gallagher, C.","Bieber, S.","Greene, R.","Rosario, A.",2B,SB,0.2,12.2,10.3,22.5,,"Greene, Riley",682985
9/1/2023,"Lee, K.","Toussaint, T.","Greene, R.","Sosa, L.",2B,SB,0.2,9.7,9.7,19.4,,"Greene, Riley",682985
9/10/2023,"Raleigh, C.","Bazardo, E.","Bethancourt, C.","Crawford, J.",2B,SB,0.2,13.9,8.3,22.2,,"Bethancourt, Christian",542194
6/28/2023,"Díaz, E.","Freeland, K.","Martinez, J.",--,2B,SB,0.2,14.3,10.3,24.6,,"Martinez, J.D.",502110
4/8/2023,"d'Arnaud, T.","Morton, C.","Cronenworth, J.","Arcia, O.",2B,SB,0.2,11,11,22,,"Cronenworth, Jake",630105
7/3/2023,"Wallach, C.","Barria, J.","Cronenworth, J.","Fletcher, D.",2B,CS,-0.45,10.4,10.2,20.6,,"Cronenworth, Jake",630105
7/7/2023,"Alvarez, F.","Ottavino, A.","Cronenworth, J.",--,2B,SB,0.19,19.6,11,30.6,,"Cronenworth, Jake",630105
7/29/2023,"Garver, M.","Pérez, M.","Cronenworth, J.",--,3B,SB,0.2,4.6,16,20.6,,"Cronenworth, Jake",630105
8/1/2023,"Díaz, E.","Bird, J.","Cronenworth, J.","Rodgers, B.",2B,SB,0.2,11.8,10.2,22,,"Cronenworth, Jake",630105
8/9/2023,"Kirk, A.","Gausman, K.","Calhoun, K.","Schneider, D.",2B,CS,-0.45,12.1,12.4,24.5,,"Calhoun, Kole",594777
6/23/2023,"Fortes, N.","Scott, T.","Davis, H.","Arraez, L.",2B,SB,0.2,17.7,8.9,26.6,,"Davis, Henry",680779
7/9/2023,"Kelly, C.","Chafin, A.","Davis, H.","Marte, K.",2B,CS,-0.45,13.5,8.3,21.9,,"Davis, Henry",680779
7/16/2023,"Sabol, B.","Beck, T.","Davis, H.","Davis, J.",3B,SB,0.2,16.6,12.2,28.8,,"Davis, Henry",680779
7/25/2023,"Sánchez, G.","Snell, B.","Davis, H.","Kim, H.",3B,BK,0.2,--,--,--,,"Davis, Henry",680779
7/26/2023,"Campusano, L.","Suarez, R.","Davis, H.","Machado, M.",3B,CS,-0.45,18,12.8,30.7,,"Davis, Henry",680779
7/3/2023,"Smith, W.","Grove, M.","Gonzales, N.","Vargas, M.",2B,CS,-0.45,10.1,10.2,20.3,,"Gonzales, Nick",693304
6/7/2023,"Raleigh, C.","Kirby, G.","Carpenter, M.",--,2B,SB,0.2,19.8,10.9,30.6,,"Carpenter, Matt",572761
6/15/2023,"Maldonado, M.","Javier, C.","Dickerson, C.","Peña, J.",2B,CS,-0.45,11.1,11.2,22.3,,"Dickerson, Corey",572816
5/11/2023,"Heim, J.","Eovaldi, N.","Langeliers, S.","Semien, M.",2B,CS,-0.45,8.7,11.2,19.9,,"Langeliers, Shea",669127
6/30/2023,"Grandal, Y.","Banks, T.","Langeliers, S.","Anderson, T.",2B,SB,0.2,10.6,10.3,20.9,,"Langeliers, Shea",669127
7/18/2023,"Alfaro, J.","Murphy, C.","Langeliers, S.","Arroyo, C.",2B,CS,-0.45,9.3,10.6,19.9,,"Langeliers, Shea",669127
8/11/2023,"Ruiz, K.","Abbott, C.","Langeliers, S.",--,2B,SB,0.2,29.8,11.1,40.9,,"Langeliers, Shea",669127
8/25/2023,"Lee, K.","Banks, T.","Langeliers, S.","Anderson, T.",2B,SB,0.2,13.3,10.5,23.8,,"Langeliers, Shea",669127
4/13/2023,"Mejía, F.","Cleavinger, G.","Turner, J.",--,3B,SB,0.2,25.8,13.8,39.6,,"Turner, Justin",457759
5/4/2023,"Jansen, D.","Gausman, K.","Turner, J.",--,2B,SB,0.2,20.6,11.5,32.1,,"Turner, Justin",457759
6/10/2023,"Higashioka, K.","Germán, D.","Turner, J.","Volpe, A.",2B,SB,0.2,23.3,14.6,37.9,,"Turner, Justin",457759
6/21/2023,"Vázquez, C.","Gray, S.","Turner, J.",--,2B,SB,0.2,15.1,11.2,26.3,,"Turner, Justin",457759
6/27/2023,"Grandal, Y.","Kopech, M.","Wallach, C.","Andrus, E.",2B,CS,-0.45,7.6,11.1,18.7,,"Wallach, Chad",595453
4/12/2023,"Nola, A.","Snell, B.","McNeil, J.","Odor, R.",2B,SB,0.19,16.6,11.8,28.4,,"McNeil, Jeff",643446
4/28/2023,"Murphy, S.","Fried, M.","McNeil, J.","Albies, O.",2B,SB,0.2,11.8,11.3,23.1,,"McNeil, Jeff",643446
5/25/2023,"Gomes, Y.","Hughes, B.","McNeil, J.","Wisdom, P.",3B,SB,0.19,21.9,16.9,38.8,,"McNeil, Jeff",643446
6/13/2023,"Higashioka, K.","Severino, L.","McNeil, J.","Rizzo, A.",2B,BK,0.2,--,--,--,,"McNeil, Jeff",643446
6/19/2023,"Maldonado, M.","Brown, H.","McNeil, J.","Peña, J.",2B,SB,0.2,15.5,8.2,23.7,,"McNeil, Jeff",643446
6/27/2023,"Contreras, W.","Teheran, J.","McNeil, J.","Miller, O.",2B,BK,0.2,--,--,--,,"McNeil, Jeff",643446
8/22/2023,"d'Arnaud, T.","Minter, A.","McNeil, J.",--,2B,SB,0.19,14.3,10.8,25,,"McNeil, Jeff",643446
9/9/2023,"Jeffers, R.","Maeda, K.","McNeil, J.","Correa, C.",2B,SB,0.2,15.4,12.6,28,,"McNeil, Jeff",643446
9/20/2023,"Stallings, J.","Pérez, E.","McNeil, J.","Bell, J.",2B,BK,0.2,--,--,--,,"McNeil, Jeff",643446
5/1/2023,"Jansen, D.","Berríos, J.","Devers, R.","Bichette, B.",3B,BK,0.2,--,--,--,,"Devers, Rafael",646240
7/2/2023,"Jansen, D.","Romano, J.","Devers, R.",--,2B,SB,0.2,14.4,11.5,25.9,,"Devers, Rafael",646240
9/4/2023,"Bethancourt, C.","Kittredge, A.","Devers, R.",--,2B,SB,0.2,16.7,11.9,28.6,,"Devers, Rafael",646240
9/18/2023,"Heim, J.","Montgomery, J.","Devers, R.",--,2B,SB,0.2,11.1,11.8,22.9,,"Devers, Rafael",646240
10/1/2023,"McCann, J.","Coulombe, D.","Devers, R.","Frazier, A.",2B,SB,0.2,13.3,12.5,25.8,,"Devers, Rafael",646240
7/21/2023,"Fortes, N.","Soriano, G.","Bryant, K.","Cooper, G.",2B,BK,0.2,--,--,--,,"Bryant, Kris",592178
4/2/2023,"Realmuto, J.","Falter, B.","Semien, M.","Turner, T.",2B,CS,-0.45,10.8,10.9,21.6,,"Semien, Marcus",543760
4/19/2023,"Melendez, M.","Singer, B.","Semien, M.","Witt Jr., B.",2B,SB,0.2,4.4,10.2,14.6,,"Semien, Marcus",543760
4/30/2023,"Higashioka, K.","Cortes, N.","Semien, M.","Torres, G.",2B,SB,0.2,14.1,10.7,24.8,,"Semien, Marcus",543760
5/8/2023,"Raleigh, C.","Gott, T.","Semien, M.","Caballero, J.",2B,SB,0.2,13.6,10.6,24.2,,"Semien, Marcus",543760
5/13/2023,"Langeliers, S.","Kaprielian, J.","Semien, M.","Allen, N.",2B,SB,0.2,20,10.2,30.2,,"Semien, Marcus",543760
5/13/2023,"Langeliers, S.","Kaprielian, J.","Semien, M.","Peterson, J.",3B,SB,0.2,19.2,14.9,34.1,,"Semien, Marcus",543760
7/1/2023,"Maldonado, M.","Brown, H.","Semien, M.","Dubón, M.",2B,SB,0.2,14.2,10.3,24.5,,"Semien, Marcus",543760
7/3/2023,"Maldonado, M.","Javier, C.","Semien, M.","Dubón, M.",2B,SB,0.2,12.4,11.2,23.6,,"Semien, Marcus",543760
7/24/2023,"Maldonado, M.","Bielak, B.","Semien, M.","Peña, J.",2B,CS,-0.45,9.2,10.8,20,,"Semien, Marcus",543760
8/6/2023,"Stallings, J.","Alcantara, S.","Semien, M.","Berti, J.",2B,SB,0.2,11.7,10.8,22.5,,"Semien, Marcus",543760
8/14/2023,"Thaiss, M.","Sandoval, P.","Semien, M.",--,2B,SB,0.2,10.9,10.4,21.3,,"Semien, Marcus",543760
8/18/2023,"Contreras, W.","Woodruff, B.","Semien, M.","Adames, W.",2B,SB,0.2,12.9,11.1,24.1,,"Semien, Marcus",543760
8/26/2023,"Vázquez, C.","Duran, J.","Semien, M.","Correa, C.",2B,CS,-0.45,10.4,10.5,21,,"Semien, Marcus",543760
5/7/2023,"Wong, C.","Brasier, R.","Sosa, E.","Hernández, E.",2B,CS,-0.45,9.9,12,21.8,,"Sosa, Edmundo",624641
6/14/2023,"Kelly, C.","Kelly, M.","Sosa, E.","Ahmed, N.",2B,SB,0.2,8.8,11.8,20.7,,"Sosa, Edmundo",624641
9/4/2023,"Sánchez, G.","Waldron, M.","Sosa, E.","Kim, H.",3B,SB,0.2,12.3,20.3,32.7,,"Sosa, Edmundo",624641
9/15/2023,"Contreras, W.","VerHagen, D.","Sosa, E.","Edman, T.",2B,SB,0.2,8.8,12.3,21.2,,"Sosa, Edmundo",624641
4/1/2023,"Gallagher, C.","Civale, A.","Hernández, T.","Rosario, A.",2B,CS,-0.45,10.7,10.6,21.3,,"Hernández, Teoscar",606192
4/9/2023,"Gallagher, C.","Plesac, Z.","Hernández, T.","Rosario, A.",2B,SB,0.2,9.6,11.1,20.8,,"Hernández, Teoscar",606192
5/14/2023,"Rogers, J.","Englert, M.","Hernández, T.","McKinstry, Z.",2B,SB,0.2,4.6,10.7,15.3,,"Hernández, Teoscar",606192
5/28/2023,"Hedges, A.","Contreras, R.","Hernández, T.","Castro, R.",2B,SB,0.2,8.3,10.9,19.1,,"Hernández, Teoscar",606192
7/8/2023,"Maldonado, M.","Valdez, F.","Hernández, T.",--,3B,SB,0.2,15.9,16.9,32.8,,"Hernández, Teoscar",606192
9/19/2023,"Langeliers, S.","Blackburn, P.","Hernández, T.","Gelof, Z.",2B,SB,0.2,14.5,10.2,24.7,,"Hernández, Teoscar",606192
7/14/2023,"Contreras, W.","Gallegos, G.","Vargas, I.","Goldschmidt, P.",2B,BK,0.2,4.3,10.5,14.7,,"Vargas, Ildemaro",545121
7/28/2023,"Alvarez, F.","Scherzer, M.","Vargas, I.","McNeil, J.",2B,CS,-0.45,11.3,12.4,23.7,,"Vargas, Ildemaro",545121
9/9/2023,"Smith, W.","Miller, B.","Vargas, I.","Hernández, E.",2B,SB,0.2,8.8,12.6,21.4,,"Vargas, Ildemaro",545121
6/24/2023,"Naylor, B.","Bibee, T.","Urías, L.","Naylor, J.",2B,PK,-0.45,1.9,7.3,9.1,,"Urías, Luis",649966
9/3/2023,"Lee, K.","Banks, T.","Nevin, T.","Anderson, T.",2B,CS,-0.45,14.2,9.7,23.9,,"Nevin, Tyler",663527
4/29/2023,"Jeffers, R.","Thielbar, C.","Pratto, N.","Correa, C.",2B,CS,-0.45,9.4,11.7,21.1,,"Pratto, Nick",668472
5/17/2023,"Nola, A.","Darvish, Y.","Pratto, N.","Bogaerts, X.",2B,SB,0.2,8.7,12.6,21.2,,"Pratto, Nick",668472
9/26/2023,"Kelly, C.","Olson, R.","Pratto, N.","Ibáñez, A.",3B,BK,0.2,--,--,--,,"Pratto, Nick",668472
8/25/2023,"Maldonado, M.","Valdez, F.","Rogers, J.",--,2B,SB,0.2,12.5,8.9,21.4,,"Rogers, Jake",668670
8/9/2023,"Kirk, A.","Gausman, K.","Gonzalez, O.","Schneider, D.",3B,PK,-0.45,--,--,--,,"Gonzalez, Oscar",660757
4/13/2023,"Delay, J.","Velasquez, V.","Contreras, W.","Hayes, K.",3B,SB,0.2,12.4,16.5,28.9,,"Contreras, Willson",575929
4/17/2023,"Moreno, G.","Kelly, M.","Contreras, W.",--,3B,SB,0.2,11.9,17.2,29.1,,"Contreras, Willson",575929
4/26/2023,"Sabol, B.","DeSclafani, A.","Contreras, W.","Villar, D.",2B,CS,-0.45,7.8,11.3,19.1,,"Contreras, Willson",575929
5/16/2023,"Contreras, W.","Payamps, J.","Contreras, W.","Turang, B.",2B,SB,0.2,8.2,12.7,21,,"Contreras, Willson",575929
6/5/2023,"Heim, J.","Pérez, M.","Contreras, W.","Jung, J.",3B,SB,0.2,8.4,15.3,23.7,,"Contreras, Willson",575929
8/2/2023,"Vázquez, C.","Winder, J.","Contreras, W.","Castro, W.",2B,SB,0.2,7.4,12.3,19.6,,"Contreras, Willson",575929
9/6/2023,"Murphy, S.","Vines, D.","Contreras, W.","Riley, A.",3B,CS,-0.45,10.2,15.1,25.4,,"Contreras, Willson",575929
5/2/2023,"Grandal, Y.","Kopech, M.","Larnach, T.","Andrus, E.",2B,CS,-0.45,7.5,11.8,19.2,,"Larnach, Trevor",663616
5/12/2023,"Wong, C.","Jansen, K.","DeJong, P.","Hernández, E.",2B,SB,0.2,17,11.4,28.4,,"DeJong, Paul",657557
5/20/2023,"Barnes, A.","Syndergaard, N.","DeJong, P.",--,2B,SB,0.19,13,11.7,24.7,,"DeJong, Paul",657557
5/23/2023,"Stephenson, T.","Ashcraft, G.","DeJong, P.","McLain, M.",2B,SB,0.2,23.6,12.2,35.8,,"DeJong, Paul",657557
6/5/2023,"Heim, J.","Smith, W.","DeJong, P.","Semien, M.",2B,CS,-0.45,13,11.9,24.9,,"DeJong, Paul",657557
7/3/2023,"Fortes, N.","Garrett, B.","DeJong, P.","Arraez, L.",2B,SB,0.2,13,10.9,23.9,,"DeJong, Paul",657557
7/9/2023,"Pérez, C.","Santos, G.","DeJong, P.","Andrus, E.",2B,CS,-0.45,9.9,11.9,21.9,,"DeJong, Paul",657557
7/17/2023,"Fortes, N.","Hoeing, B.","DeJong, P.","Arraez, L.",2B,CS,-0.45,8.1,10.8,18.9,,"DeJong, Paul",657557
4/2/2023,"Heim, J.","Pérez, M.","Castellanos, N.","Lowe, N.",2B,BK,0.2,1.4,12.5,13.9,,"Castellanos, Nick",592206
4/18/2023,"Grandal, Y.","Santos, G.","Castellanos, N.","Andrus, E.",2B,CS,-0.45,8.8,13.3,22.1,,"Castellanos, Nick",592206
5/13/2023,"Díaz, E.","Lambert, P.","Castellanos, N.","Trejo, A.",2B,CS,-0.45,8,8.1,16.1,,"Castellanos, Nick",592206
5/27/2023,"Murphy, S.","Morton, C.","Castellanos, N.","Olson, M.",2B,BK,0.2,2.9,6.3,9.2,,"Castellanos, Nick",592206
6/14/2023,"Kelly, C.","Adams, A.","Castellanos, N.",--,2B,SB,0.2,16,13.4,29.4,,"Castellanos, Nick",592206
8/8/2023,"Adams, R.","Gray, J.","Castellanos, N.","Chavis, M.",2B,SB,0.2,12.2,12.7,25,,"Castellanos, Nick",592206
9/9/2023,"Stallings, J.","De Jesus, E.","Castellanos, N.",--,2B,SB,0.2,14.3,10,24.3,,"Castellanos, Nick",592206
9/16/2023,"Contreras, W.","Barnes, J.","Castellanos, N.",--,2B,SB,0.2,9,13.5,22.5,,"Castellanos, Nick",592206
9/24/2023,"Narváez, O.","Kay, A.","Castellanos, N.","Lindor, F.",2B,SB,0.2,13.6,11.4,25,,"Castellanos, Nick",592206
4/23/2023,"Casali, C.","Cruz, F.","Santana, C.","Barrero, J.",2B,SB,0.2,13.2,11.8,25.1,,"Santana, Carlos",467793
4/26/2023,"Wynns, A.","Bickford, P.","Santana, C.",--,3B,SB,0.2,--,--,--,,"Santana, Carlos",467793
4/30/2023,"Ruiz, K.","Gray, J.","Santana, C.",--,2B,SB,0.2,12.2,11.8,24.1,,"Santana, Carlos",467793
6/22/2023,"Fortes, N.","Garrett, B.","Santana, C.","Berti, J.",3B,SB,0.2,8.2,16.7,24.9,,"Santana, Carlos",467793
4/2/2023,"Murphy, S.","Shuster, J.","García Jr., L.","Albies, O.",2B,CS,-0.45,11.6,10.8,22.4,,"García Jr., Luis",671277
5/12/2023,"Alvarez, F.","Megill, T.","García Jr., L.",--,2B,SB,0.2,11.8,9.7,21.5,,"García Jr., Luis",671277
5/26/2023,"Fermin, F.","Lyles, J.","García Jr., L.","Pasquantino, V.",2B,PK,-0.45,0.7,11.6,12.3,,"García Jr., Luis",671277
6/9/2023,"Murphy, S.","Smith-Shawver, A.","García Jr., L.","Arcia, O.",2B,CS,-0.45,8.7,11.5,20.2,,"García Jr., Luis",671277
6/27/2023,"Raleigh, C.","Woo, B.","García Jr., L.","Wong, K.",2B,SB,0.2,9,11.6,20.6,,"García Jr., Luis",671277
7/22/2023,"Sabol, B.","Manaea, S.","García Jr., L.","Wisely, B.",2B,SB,0.2,17.4,10.4,27.9,,"García Jr., Luis",671277
7/29/2023,"Alvarez, F.","Carrasco, C.","García Jr., L.","Mendick, D.",2B,SB,0.2,11.4,11.6,23,,"García Jr., Luis",671277
9/17/2023,"Caratini, V.","Woodruff, B.","García Jr., L.","Adames, W.",2B,SB,0.2,11.4,11.4,22.8,,"García Jr., Luis",671277
5/28/2023,"Alvarez, F.","Megill, T.","Castro, H.","Alonso, P.",2B,PK,-0.45,--,--,--,,"Castro, Harold",605612
8/20/2023,"Grandal, Y.","Shaw, B.","Castro, H.","Andrus, E.",2B,SB,0.2,11.3,10.8,22.1,,"Castro, Harold",605612
4/7/2023,"Trevino, J.","Marinaccio, R.","Mountcastle, R.",--,2B,SB,0.2,13.2,10.4,23.6,,"Mountcastle, Ryan",663624
8/2/2023,"Jansen, D.","Kikuchi, Y.","Mountcastle, R.",--,2B,SB,0.2,8.7,10.5,19.1,,"Mountcastle, Ryan",663624
4/18/2023,"Rogers, J.","Rodriguez, E.","Arias, G.","Schoop, J.",2B,CS,-0.45,10.4,10.3,20.7,,"Arias, Gabriel",672356
7/2/2023,"Gomes, Y.","Alzolay, A.","Arias, G.","Swanson, D.",2B,CS,-0.45,10.2,11.4,21.6,,"Arias, Gabriel",672356
7/26/2023,"Fermin, F.","Marsh, A.","Arias, G.","Massey, M.",2B,SB,0.2,10.5,11.4,22,,"Arias, Gabriel",672356
8/18/2023,"Haase, E.","Cisnero, J.","Arias, G.","Báez, J.",2B,CS,-0.45,10,12,22,,"Arias, Gabriel",672356
9/15/2023,"Heim, J.","Gray, J.","Arias, G.","Seager, C.",2B,SB,0.2,8.5,10.5,19.1,,"Arias, Gabriel",672356
4/26/2023,"Contreras, W.","Matz, S.","Slater, A.","Arenado, N.",3B,SB,0.2,18.3,14.6,32.9,,"Slater, Austin",596103
5/2/2023,"Diaz, Y.","Neris, H.","Slater, A.","Peña, J.",2B,CS,-0.45,10,11.8,21.8,,"Slater, Austin",596103
5/3/2023,"Maldonado, M.","Valdez, F.","Slater, A.",--,3B,SB,0.2,17.5,15.1,32.5,,"Slater, Austin",596103
6/12/2023,"Contreras, W.","Liberatore, M.","Slater, A.","Donovan, B.",2B,CS,-0.45,10.1,11.2,21.3,,"Slater, Austin",596103
5/5/2023,"Nido, T.","Ottavino, A.","Grichuk, R.",--,2B,SB,0.19,8.3,13.6,21.9,,"Grichuk, Randal",545341
5/25/2023,"Fortes, N.","Nardi, A.","Grichuk, R.","Berti, J.",2B,CS,-0.45,12.9,11.4,24.2,,"Grichuk, Randal",545341
7/25/2023,"Adams, R.","Ferrer, J.","Grichuk, R.","García Jr., L.",2B,SB,0.2,10.8,11.5,22.3,,"Grichuk, Randal",545341
5/7/2023,"Ruiz, K.","Williams, T.","Fletcher, D.","Abrams, C.",2B,CS,-0.45,8,10.8,18.8,,"Fletcher, Dominic",666150
5/24/2023,"Stubbs, G.","Brogdon, C.","Fletcher, D.","Turner, T.",2B,CS,-0.45,10.3,10.8,21.1,,"Fletcher, Dominic",666150
4/14/2023,"Bethancourt, C.","Rasmussen, D.","Espinal, S.","Lowe, B.",2B,CS,-0.45,11.2,11.5,22.6,,"Espinal, Santiago",669289
5/20/2023,"Rutschman, A.","Baumann, M.","Espinal, S.","Mateo, J.",2B,SB,0.2,11.6,11.9,23.4,,"Espinal, Santiago",669289
4/18/2023,"Stallings, J.","Cabrera, E.","Yastrzemski, M.","Arraez, L.",2B,CS,-0.45,10.6,11.8,22.4,,"Yastrzemski, Mike",573262
7/22/2023,"Ruiz, K.","Gray, J.","Yastrzemski, M.","García Jr., L.",2B,SB,0.2,16.7,10.6,27.3,,"Yastrzemski, Mike",573262
9/17/2023,"Wynns, A.","Flexen, C.","Yastrzemski, M.","Tovar, E.",2B,SB,0.2,13.9,11.7,25.6,,"Yastrzemski, Mike",573262
3/31/2023,"Moreno, G.","Kelly, M.","Peralta, D.","Marte, K.",2B,CS,-0.45,12.8,10.9,23.8,,"Peralta, David",444482
5/3/2023,"Stubbs, G.","Nola, A.","Peralta, D.","Stott, B.",2B,SB,0.2,13.8,11.5,25.3,,"Peralta, David",444482
8/6/2023,"Sánchez, G.","García, L.","Peralta, D.",--,2B,SB,0.2,12.2,12.7,24.9,,"Peralta, David",444482
4/30/2023,"Gomes, Y.","Steele, J.","Fortes, N.","Hoerner, N.",2B,SB,0.2,13.3,10.8,24.1,,"Fortes, Nick",663743
5/4/2023,"Murphy, S.","Dodd, D.","Fortes, N.","Albies, O.",2B,CS,-0.45,9.5,11.8,21.3,,"Fortes, Nick",663743
7/3/2023,"Contreras, W.","Mikolas, M.","Fortes, N.","Edman, T.",2B,CS,-0.45,7.7,10.9,18.5,,"Fortes, Nick",663743
3/30/2023,"Langeliers, S.","May, T.","Ward, T.","Kemp, T.",2B,SB,0.2,13,11.1,24.1,,"Ward, Taylor",621493
4/18/2023,"Higashioka, K.","Cordero, J.","Ward, T.","Rizzo, A.",2B,BK,0.2,2.4,10.5,13,,"Ward, Taylor",621493
5/8/2023,"Diaz, Y.","Brown, H.","Ward, T.","Dubón, M.",2B,CS,-0.45,10.1,10.6,20.7,,"Ward, Taylor",621493
5/31/2023,"Grandal, Y.","Lynn, L.","Ward, T.","Moncada, Y.",3B,CS,-0.45,5.5,14.7,20.1,,"Ward, Taylor",621493
6/17/2023,"Perez, S.","Kowar, J.","Ward, T.","Lopez, N.",2B,SB,0.2,8.8,10.7,19.5,,"Ward, Taylor",621493
7/22/2023,"Rodríguez, E.","Bido, O.","Ward, T.","Gonzales, N.",2B,SB,0.2,12.7,11.4,24.1,,"Ward, Taylor",621493
4/26/2023,"Wynns, A.","Vesia, A.","Castro, R.","Busch, M.",3B,SB,0.2,18.9,19.7,38.6,,"Castro, Rodolfo",666801
5/8/2023,"Díaz, E.","Freeland, K.","Castro, R.","McMahon, R.",3B,CS,-0.45,8.6,14.3,22.9,,"Castro, Rodolfo",666801
5/31/2023,"Bailey, P.","Walker, R.","Castro, R.","Davis, J.",3B,CS,-0.45,10,15.1,25.1,,"Castro, Rodolfo",666801
4/15/2023,"Mejía, F.","Kelley, T.","Kirk, A.","Díaz, Y.",2B,BK,0.2,1.7,7.4,9.1,,"Kirk, Alejandro",672386
7/25/2023,"Raleigh, C.","Campbell, I.","Jeffers, R.",--,2B,SB,0.2,22.9,10.1,33,,"Jeffers, Ryan",680777
4/14/2023,"Barnes, A.","Syndergaard, N.","Gomes, Y.","Rojas, M.",2B,SB,0.19,16.2,10.6,26.8,,"Gomes, Yan",543228
3/30/2023,"Contreras, W.","Pallante, A.","Chapman, M.","Donovan, B.",2B,CS,-0.45,8.3,10.3,18.6,,"Chapman, Matt",656305
4/9/2023,"O'Hoppe, L.","Loup, A.","Chapman, M.",--,3B,SB,0.2,13.1,14.9,28,,"Chapman, Matt",656305
5/23/2023,"Mejía, F.","Burdi, Z.","Chapman, M.",--,2B,SB,0.2,17.2,11,28.2,,"Chapman, Matt",656305
7/1/2023,"Hamilton, C.","Crawford, K.","Chapman, M.","Hernández, E.",2B,SB,0.2,10.2,11.6,21.8,,"Chapman, Matt",656305
9/24/2023,"Pinto, R.","Poche, C.","Chapman, M.","Basabe, O.",2B,SB,0.2,13.8,11.3,25.1,,"Chapman, Matt",656305
6/26/2023,"Jeffers, R.","Gray, S.","d'Arnaud, T.","Kirilloff, A.",2B,PK,-0.45,--,--,--,,"d'Arnaud, Travis",518595
4/27/2023,"León, S.","Heaney, A.","Peraza, O.","Semien, M.",2B,CS,-0.45,12.9,7.8,20.8,,"Peraza, Oswald",672724
5/3/2023,"Zunino, M.","Clase, E.","Peraza, O.","Giménez, A.",2B,SB,0.2,11.9,10.5,22.4,,"Peraza, Oswald",672724
7/17/2023,"Thaiss, M.","Reyes, G.","Peraza, O.","Escobar, E.",2B,SB,0.2,11.6,11.3,22.9,,"Peraza, Oswald",672724
7/17/2023,"Thaiss, M.","Canning, G.","Peraza, O.","Cabbage, T.",2B,PK,-0.45,--,--,--,,"Peraza, Oswald",672724
9/6/2023,"Kelly, C.","Lange, A.","Peraza, O.","Báez, J.",2B,CS,-0.45,11.2,10.2,21.4,,"Peraza, Oswald",672724
9/30/2023,"Porter, L.","Marsh, A.","Peraza, O.","Pratto, N.",2B,PK,-0.45,--,--,--,,"Peraza, Oswald",672724
6/12/2023,"León, S.","Ragans, C.","Trout, M.","Semien, M.",2B,SB,0.2,12.2,10.6,22.8,,"Trout, Mike",545361
6/26/2023,"Grandal, Y.","Bummer, A.","Trout, M.",--,3B,SB,0.2,12.1,12.3,24.4,,"Trout, Mike",545361
5/19/2023,"Maldonado, M.","Montero, R.","Diaz, J.","Peña, J.",2B,CS,-0.45,10.5,10.6,21.1,,"Diaz, Jordan",672478
4/1/2023,"Jansen, D.","Swanson, E.","Walker, J.",--,2B,SB,0.2,9,11.3,20.3,,"Walker, Jordan",691023
6/12/2023,"Bailey, P.","Webb, L.","Walker, J.","Crawford, B.",2B,CS,-0.45,9.8,12,21.8,,"Walker, Jordan",691023
6/16/2023,"Narváez, O.","Megill, T.","Walker, J.","Baty, B.",3B,CS,-0.45,16.1,13.8,29.9,,"Walker, Jordan",691023
6/18/2023,"Alvarez, F.","Ottavino, A.","Walker, J.","Lindor, F.",2B,SB,0.19,11,14.8,25.8,,"Walker, Jordan",691023
7/25/2023,"Kelly, C.","Kelly, M.","Walker, J.","Walker, C.",2B,FB,0.2,--,--,--,,"Walker, Jordan",691023
7/30/2023,"Amaya, M.","Hendricks, K.","Walker, J.","Hoerner, N.",2B,SB,0.2,13.2,11.7,24.9,,"Walker, Jordan",691023
9/23/2023,"Campusano, L.","Barlow, S.","Walker, J.","Rosario, E.",3B,SB,0.2,15.8,16.8,32.6,,"Walker, Jordan",691023
9/12/2023,"Zavala, S.","Mantiply, J.","Alvarez, F.","Perdomo, G.",2B,SB,0.2,13.3,8.3,21.6,,"Alvarez, Francisco",682626
4/22/2023,"Perez, S.","Hernández, C.","Drury, B.","Pasquantino, V.",2B,BK,0.2,2.7,11.3,14,,"Drury, Brandon",592273
6/6/2023,"Ruiz, K.","Ward, T.","Rivera, E.",--,2B,SB,0.2,8.9,10.1,19,,"Rivera, Emmanuel",656896
6/27/2023,"Maile, L.","Díaz, A.","O'Hearn, R.","McLain, M.",2B,CS,-0.45,12.8,17.3,30.2,,"O'Hearn, Ryan",656811
8/18/2023,"Langeliers, S.","Muller, K.","O'Hearn, R.","Gelof, Z.",2B,SB,0.2,18.1,9.5,27.6,,"O'Hearn, Ryan",656811
4/8/2023,"Thaiss, M.","Tepera, R.","Bichette, B.","Rengifo, L.",2B,CS,-0.45,9.1,14.1,23.3,,"Bichette, Bo",666182
4/18/2023,"Maldonado, M.","Urquidy, J.","Bichette, B.","Peña, J.",2B,CS,-0.45,13.6,12.4,26,,"Bichette, Bo",666182
5/1/2023,"McGuire, R.","Kluber, C.","Bichette, B.","Valdez, E.",2B,SB,0.2,5.3,12.6,17.8,,"Bichette, Bo",666182
5/24/2023,"Bethancourt, C.","Adam, J.","Bichette, B.","Walls, T.",2B,SB,0.2,14.8,13.1,27.9,,"Bichette, Bo",666182
6/5/2023,"Diaz, Y.","Bielak, B.","Bichette, B.",--,2B,SB,0.2,17,11.8,28.8,,"Bichette, Bo",666182
6/27/2023,"Bailey, P.","Wood, A.","Bichette, B.","Crawford, B.",3B,BK,0.2,3,11.7,14.7,,"Bichette, Bo",666182
9/22/2023,"Pinto, R.","Glasnow, T.","Bichette, B.",--,2B,SB,0.19,18.2,14.1,32.4,,"Bichette, Bo",666182
9/28/2023,"Wells, A.","Weissert, G.","Bichette, B.",--,2B,SB,0.19,15.7,12.5,28.2,,"Bichette, Bo",666182
3/30/2023,"Pérez, R.","Brebbia, J.","Torres, G.",--,2B,SB,0.2,12.8,10.4,23.2,,"Torres, Gleyber",650402
4/3/2023,"Realmuto, J.","Vasquez, A.","Torres, G.","Hall, D.",2B,BK,0.2,1.4,6.2,7.7,,"Torres, Gleyber",650402
4/5/2023,"Realmuto, J.","Nola, A.","Torres, G.","Stott, B.",2B,CS,-0.45,12.4,12,24.4,,"Torres, Gleyber",650402
4/5/2023,"Realmuto, J.","Nola, A.","Torres, G.","Stott, B.",2B,SB,0.2,13.1,10.9,24,,"Torres, Gleyber",650402
4/5/2023,"Realmuto, J.","Domínguez, S.","Torres, G.",--,3B,SB,0.2,16.8,15.8,32.6,,"Torres, Gleyber",650402
4/8/2023,"Rutschman, A.","Akin, K.","Torres, G.","Frazier, A.",2B,CS,-0.45,12.4,7.2,19.6,,"Torres, Gleyber",650402
4/16/2023,"Vázquez, C.","Pagán, E.","Torres, G.","Correa, C.",2B,CS,-0.45,7.8,9.9,17.7,,"Torres, Gleyber",650402
4/21/2023,"Jansen, D.","Kikuchi, Y.","Torres, G.","Biggio, C.",2B,CS,-0.45,10.1,9.7,19.8,,"Torres, Gleyber",650402
5/31/2023,"Raleigh, C.","Kirby, G.","Torres, G.","Crawford, J.",2B,CS,-0.45,13.2,11.2,24.4,,"Torres, Gleyber",650402
6/4/2023,"Smith, W.","Miller, B.","Torres, G.",--,2B,SB,0.2,22.4,16.2,38.5,,"Torres, Gleyber",650402
7/2/2023,"Knizner, A.","Montgomery, J.","Torres, G.",--,3B,SB,0.2,27.4,15.1,42.5,,"Torres, Gleyber",650402
7/9/2023,"Barnhart, T.","Hendricks, K.","Torres, G.",--,2B,SB,0.2,17.6,8.5,26.1,,"Torres, Gleyber",650402
8/13/2023,"Stallings, J.","Brazobán, H.","Torres, G.","Burger, J.",3B,SB,0.2,16.1,13.1,29.3,,"Torres, Gleyber",650402
8/13/2023,"Stallings, J.","Brazobán, H.","Torres, G.",--,2B,SB,0.2,16.1,8.2,24.3,,"Torres, Gleyber",650402
8/13/2023,"Stallings, J.","Brazobán, H.","Torres, G.",--,2B,SB,0.2,28.4,12.5,40.9,,"Torres, Gleyber",650402
8/30/2023,"Rogers, J.","White, B.","Torres, G.",--,2B,SB,0.2,26.5,15.6,42.2,,"Torres, Gleyber",650402
6/3/2023,"Grandal, Y.","Cease, D.","Maton, N.","Andrus, E.",2B,CS,-0.45,6.2,11,17.2,,"Maton, Nick",665155
6/25/2023,"Vázquez, C.","Ober, B.","Maton, N.","Farmer, K.",2B,CS,-0.45,6.5,10.1,16.6,,"Maton, Nick",665155
7/28/2023,"Fortes, N.","Scott, T.","Maton, N.","Wendle, J.",2B,SB,0.2,13.7,10.7,24.4,,"Maton, Nick",665155
3/30/2023,"Nola, A.","Tapia, D.","McMahon, R.",--,3B,SB,0.2,27.6,21.1,48.7,,"McMahon, Ryan",641857
5/10/2023,"Hedges, A.","Holderman, C.","McMahon, R.",--,2B,SB,0.2,19.6,10,29.6,,"McMahon, Ryan",641857
5/12/2023,"Realmuto, J.","Walker, T.","McMahon, R.","Turner, T.",2B,CS,-0.45,11.3,11.2,22.5,,"McMahon, Ryan",641857
5/13/2023,"Stubbs, G.","Brogdon, C.","McMahon, R.","Stott, B.",2B,SB,0.2,15.6,11.7,27.3,,"McMahon, Ryan",641857
5/23/2023,"Fortes, N.","Brazobán, H.","McMahon, R.",--,2B,SB,0.2,26.1,12.9,39,,"McMahon, Ryan",641857
7/8/2023,"Bailey, P.","Walker, R.","McMahon, R.","Wisely, B.",2B,SB,0.2,11.6,10.9,22.4,,"McMahon, Ryan",641857
7/26/2023,"Ruiz, K.","Irvin, J.","McMahon, R.","Abrams, C.",3B,BK,0.2,2.8,9.3,12.1,,"McMahon, Ryan",641857
8/9/2023,"Contreras, W.","Payamps, J.","McMahon, R.","Adames, W.",2B,CS,-0.45,8.2,10.8,19,,"McMahon, Ryan",641857
4/8/2023,"Kirk, A.","Bass, A.","Rengifo, L.","Bichette, B.",2B,SB,0.2,8.7,12.1,20.8,,"Rengifo, Luis",650859
4/14/2023,"Wong, C.","Houck, T.","Rengifo, L.","Arroyo, C.",2B,CS,-0.45,11.9,10.6,22.5,,"Rengifo, Luis",650859
4/25/2023,"Langeliers, S.","Miller, M.","Rengifo, L.","Kemp, T.",2B,SB,0.2,9.9,11.1,21,,"Rengifo, Luis",650859
5/18/2023,"McCann, J.","Baumann, M.","Rengifo, L.","Ortiz, J.",2B,SB,0.2,11.7,11.3,23,,"Rengifo, Luis",650859
6/9/2023,"Raleigh, C.","Castillo, L.","Rengifo, L.","Crawford, J.",2B,CS,-0.45,7.9,13.4,21.2,,"Rengifo, Luis",650859
6/18/2023,"Fermin, F.","Kriske, B.","Rengifo, L.","Witt Jr., B.",2B,CS,-0.45,7.9,12.9,20.8,,"Rengifo, Luis",650859
6/27/2023,"Grandal, Y.","Kopech, M.","Rengifo, L.","Andrus, E.",2B,CS,-0.45,8.4,12.7,21,,"Rengifo, Luis",650859
7/4/2023,"Sánchez, G.","Musgrove, J.","Rengifo, L.","Cronenworth, J.",2B,FB,0.2,--,--,--,,"Rengifo, Luis",650859
9/2/2023,"Soderstrom, T.","Blackburn, P.","Rengifo, L.","Allen, N.",2B,SB,0.2,10.7,10.7,21.4,,"Rengifo, Luis",650859
5/24/2023,"Sullivan, B.","Weathers, R.","Candelario, J.","Cronenworth, J.",2B,PK,-0.45,--,--,--,,"Candelario, Jeimer",600869
6/13/2023,"Maldonado, M.","Brown, H.","Candelario, J.","Dubón, M.",2B,CS,-0.45,11.1,11.9,23,,"Candelario, Jeimer",600869
6/28/2023,"Murphy, T.","Gilbert, L.","Candelario, J.","Crawford, J.",2B,SB,0.2,9.5,12,21.6,,"Candelario, Jeimer",600869
8/6/2023,"d'Arnaud, T.","Morton, C.","Candelario, J.",--,2B,SB,0.2,9,11,20,,"Candelario, Jeimer",600869
8/9/2023,"Alvarez, F.","Ottavino, A.","Candelario, J.","Alonso, P.",2B,FB,0.19,--,--,--,,"Candelario, Jeimer",600869
8/15/2023,"Grandal, Y.","Ramsey, L.","Candelario, J.",--,2B,SB,0.2,7.8,11.6,19.3,,"Candelario, Jeimer",600869
3/31/2023,"Maldonado, M.","Javier, C.","Anderson, T.","Peña, J.",2B,SB,0.2,15.4,13.2,28.6,,"Anderson, Tim",641313
4/1/2023,"Diaz, Y.","Urquidy, J.","Anderson, T.","Hensley, D.",2B,SB,0.2,16.8,12.5,29.3,,"Anderson, Tim",641313
4/7/2023,"Delay, J.","Hill, R.","Anderson, T.","Hayes, K.",3B,SB,0.2,21.7,14.1,35.8,,"Anderson, Tim",641313
5/3/2023,"Jeffers, R.","Jax, G.","Anderson, T.","Solano, D.",2B,PK,-0.45,--,--,--,,"Anderson, Tim",641313
5/17/2023,"Zunino, M.","Battenfield, P.","Anderson, T.","Giménez, A.",2B,SB,0.2,10.3,10.3,20.6,,"Anderson, Tim",641313
5/18/2023,"Gallagher, C.","Allen, L.","Anderson, T.","Giménez, A.",2B,CS,-0.45,9.2,8.3,17.5,,"Anderson, Tim",641313
6/16/2023,"Raleigh, C.","Woo, B.","Anderson, T.","Caballero, J.",2B,SB,0.2,11.2,10.9,22.1,,"Anderson, Tim",641313
7/2/2023,"Langeliers, S.","Blackburn, P.","Anderson, T.","Kemp, T.",2B,SB,0.2,11.1,10,21.1,,"Anderson, Tim",641313
7/20/2023,"Narváez, O.","Peterson, D.","Anderson, T.","Alonso, P.",2B,PK,-0.45,--,--,--,,"Anderson, Tim",641313
8/1/2023,"Garver, M.","Heaney, A.","Anderson, T.","Semien, M.",2B,SB,0.2,10.6,9.8,20.4,,"Anderson, Tim",641313
8/23/2023,"Raleigh, C.","Topa, J.","Anderson, T.",--,3B,SB,0.2,6.6,14,20.6,,"Anderson, Tim",641313
9/19/2023,"Millas, D.","Rutledge, J.","Anderson, T.","García Jr., L.",2B,CS,-0.45,9.8,11.9,21.7,,"Anderson, Tim",641313
9/14/2023,"Kirk, A.","Gausman, K.","Grossman, R.","Bichette, B.",2B,SB,0.2,11.8,11.9,23.7,,"Grossman, Robbie",543257
9/10/2023,"Wynns, A.","Mears, N.","Pederson, J.","Montero, E.",2B,BK,0.2,1.5,5.9,7.3,,"Pederson, Joc",592626
5/17/2023,"Zunino, M.","Morgan, E.","Moncada, Y.","Giménez, A.",2B,SB,0.2,12.2,10.6,22.7,,"Moncada, Yoán",660162
9/2/2023,"Garver, M.","Smith, W.","Gallo, J.","Seager, C.",2B,CS,-0.45,12.8,10.7,23.5,,"Gallo, Joey",608336
4/22/2023,"Gallagher, C.","Morgan, E.","De La Cruz, B.",--,3B,SB,0.2,16.6,12,28.5,,"De La Cruz, Bryan",650559
5/20/2023,"Bailey, P.","Doval, C.","De La Cruz, B.",--,2B,SB,0.2,18.3,12,30.3,,"De La Cruz, Bryan",650559
6/27/2023,"Wong, C.","Jacques, J.","De La Cruz, B.","Hamilton, D.",2B,CS,-0.45,11.6,11.7,23.3,,"De La Cruz, Bryan",650559
9/8/2023,"Realmuto, J.","Domínguez, S.","De La Cruz, B.","Harper, B.",2B,BK,0.2,--,--,--,,"De La Cruz, Bryan",650559
4/19/2023,"Trevino, J.","Peralta, W.","Renfroe, H.","Rizzo, A.",2B,BK,0.2,0.4,9.6,10.1,,"Renfroe, Hunter",592669
5/7/2023,"Sabol, B.","Junis, J.","Anderson, B.","Estrada, T.",2B,CS,-0.45,7.6,10.9,18.5,,"Anderson, Brian",605119
9/27/2023,"Herrera, I.","Liberatore, M.","Anderson, B.",--,3B,SB,0.2,5.1,12.9,18.1,,"Anderson, Brian",605119
6/5/2023,"Fortes, N.","Garrett, B.","Melendez, M.","Arraez, L.",2B,SB,0.2,9.9,12.9,22.8,,"Melendez, MJ",669004
6/7/2023,"Stallings, J.","Cabrera, E.","Melendez, M.","Arraez, L.",2B,CS,-0.45,10.4,12.5,22.9,,"Melendez, MJ",669004
6/22/2023,"Mejía, F.","Fairbanks, P.","Melendez, M.","Bruján, V.",2B,SB,0.2,12.2,14.2,26.4,,"Melendez, MJ",669004
7/15/2023,"Mejía, F.","Glasnow, T.","Melendez, M.",--,2B,SB,0.19,10.3,11.6,21.8,,"Melendez, MJ",669004
8/1/2023,"Alvarez, F.","Ottavino, A.","Melendez, M.","Mendick, D.",2B,SB,0.19,11.1,12.7,23.8,,"Melendez, MJ",669004
9/30/2023,"Higashioka, K.","Montas, F.","Melendez, M.","Torres, G.",2B,CS,-0.45,7.2,11.2,18.4,,"Melendez, MJ",669004
8/30/2023,"Amaya, M.","Hendricks, K.","Contreras, W.",--,2B,SB,0.2,18.7,13.5,32.2,,"Contreras, Willson",575929
9/6/2023,"Delay, J.","Bolton, C.","Contreras, W.","Williams, A.",2B,SB,0.2,15.3,10.5,25.8,,"Contreras, Willson",575929
9/19/2023,"Knizner, A.","Lawrence, C.","Contreras, W.","Winn, M.",2B,SB,0.2,12.4,10.5,22.9,,"Contreras, Willson",575929
5/14/2023,"Hedges, A.","Keller, M.","Santander, A.","Marcano, T.",2B,SB,0.2,11.5,10.8,22.3,,"Santander, Anthony",623993
7/2/2023,"Jeffers, R.","Gray, S.","Santander, A.",--,2B,SB,0.2,9.9,10.3,20.2,,"Santander, Anthony",623993
7/7/2023,"Vázquez, C.","Ober, B.","Santander, A.","Correa, C.",2B,CS,-0.45,8.2,11,19.3,,"Santander, Anthony",623993
9/20/2023,"Maldonado, M.","Javier, C.","Santander, A.","Peña, J.",2B,SB,0.2,15.6,11.7,27.3,,"Santander, Anthony",623993
5/2/2023,"Hedges, A.","Contreras, R.","Ramírez, H.",--,2B,SB,0.2,14.5,10.7,25.2,,"Ramírez, Harold",623912
5/27/2023,"Smith, W.","Kershaw, C.","Ramírez, H.","Freeman, F.",2B,BK,0.2,--,--,--,,"Ramírez, Harold",623912
6/3/2023,"Wong, C.","Sherriff, R.","Ramírez, H.","Devers, R.",3B,SB,0.2,17.5,16.2,33.8,,"Ramírez, Harold",623912
6/9/2023,"Heim, J.","Heaney, A.","Ramírez, H.","Jung, J.",3B,SB,0.2,14.5,14.3,28.8,,"Ramírez, Harold",623912
6/11/2023,"Heim, J.","Leclerc, J.","Ramírez, H.",--,2B,SB,0.2,18.9,12,30.9,,"Ramírez, Harold",623912
7/7/2023,"Murphy, S.","Minter, A.","Ramírez, H.","Albies, O.",2B,CS,-0.45,6.7,13.2,19.9,,"Ramírez, Harold",623912
7/30/2023,"Maldonado, M.","Bielak, B.","Ramírez, H.","Altuve, J.",2B,CS,-0.45,11,11,22,,"Ramírez, Harold",623912
8/1/2023,"Higashioka, K.","Abreu, A.","Ramírez, H.","Rizzo, A.",2B,PK,-0.45,--,--,--,,"Ramírez, Harold",623912
6/3/2023,"Kirk, A.","Pearson, N.","Alonso, P.","Bichette, B.",2B,SB,0.2,14.2,13.2,27.4,,"Alonso, Pete",624413
6/27/2023,"Contreras, W.","Teheran, J.","Alonso, P.","Monasterio, A.",2B,SB,0.2,12,11.9,24,,"Alonso, Pete",624413
8/9/2023,"Amaya, M.","Hendricks, K.","Alonso, P.","Swanson, D.",2B,SB,0.2,11.2,9.5,20.6,,"Alonso, Pete",624413
8/16/2023,"Rodríguez, E.","Borucki, R.","Alonso, P.","Williams, A.",2B,CS,-0.45,11.7,10.9,22.6,,"Alonso, Pete",624413
6/28/2023,"Smith, W.","Grove, M.","Profar, J.","Rojas, M.",2B,SB,0.2,17.8,12.7,30.5,,"Profar, Jurickson",595777
8/1/2023,"Campusano, L.","Avila, P.","Profar, J.","Cronenworth, J.",2B,BK,0.2,-0.1,6.3,6.2,,"Profar, Jurickson",595777
5/5/2023,"Thaiss, M.","Anderson, T.","Heim, J.",--,2B,SB,0.2,19.4,11,30.4,,"Heim, Jonah",641680
4/13/2023,"Nola, A.","Martinez, N.","Adames, W.","Bogaerts, X.",2B,SB,0.2,9.3,10.5,19.8,,"Adames, Willy",642715
5/12/2023,"Fermin, F.","Taylor, J.","Adames, W.","Witt Jr., B.",2B,SB,0.2,15,11.3,26.3,,"Adames, Willy",642715
5/16/2023,"Knizner, A.","Montgomery, J.","Adames, W.",--,3B,SB,0.2,19.8,16.4,36.1,,"Adames, Willy",642715
7/15/2023,"Maile, L.","Abbott, A.","Adames, W.","India, J.",2B,CS,-0.45,9.3,10.9,20.2,,"Adames, Willy",642715
9/19/2023,"Stephenson, T.","Cruz, F.","Kepler, M.","De La Cruz, E.",2B,SB,0.2,6.8,10.5,17.3,,"Kepler, Max",596146
4/18/2023,"Zunino, M.","Gaddis, H.","Torkelson, S.","Freeman, T.",2B,SB,0.2,8.3,11.5,19.8,,"Torkelson, Spencer",679529
8/18/2023,"Naylor, B.","Karinchak, J.","Torkelson, S.","Rocchio, B.",2B,SB,0.19,10.9,11.6,22.6,,"Torkelson, Spencer",679529
4/26/2023,"Delay, J.","Contreras, R.","Vargas, M.","Bae, J.",2B,SB,0.19,11.9,13.3,25.2,,"Vargas, Miguel",678246
5/13/2023,"Nola, A.","Musgrove, J.","Vargas, M.","Bogaerts, X.",3B,PK,-0.45,--,--,--,,"Vargas, Miguel",678246
5/15/2023,"Vázquez, C.","Stewart, B.","Vargas, M.","Kirilloff, A.",2B,PK,-0.45,--,--,--,,"Vargas, Miguel",678246
5/17/2023,"Vázquez, C.","Morán, J.","Vargas, M.","Correa, C.",2B,CS,-0.45,11.4,11.9,23.3,,"Vargas, Miguel",678246
6/4/2023,"Higashioka, K.","Germán, D.","Vargas, M.","Torres, G.",2B,CS,-0.45,11.2,10.9,22.1,,"Vargas, Miguel",678246
6/6/2023,"Maile, L.","Young, A.","Vargas, M.","India, J.",2B,SB,0.2,11.1,11.1,22.2,,"Vargas, Miguel",678246
4/2/2023,"Rutschman, A.","Baumann, M.","Yoshida, M.","Frazier, A.",2B,SB,0.2,13.6,13,26.6,,"Yoshida, Masataka",807799
4/22/2023,"Contreras, W.","Miley, W.","Yoshida, M.","Tellez, R.",2B,PK,-0.45,1.5,9,10.5,,"Yoshida, Masataka",807799
5/7/2023,"Realmuto, J.","Walker, T.","Yoshida, M.","Bohm, A.",2B,PK,-0.45,--,--,--,,"Yoshida, Masataka",807799
7/8/2023,"Langeliers, S.","Moll, S.","Yoshida, M.","Diaz, J.",2B,SB,0.2,10.7,9.5,20.2,,"Yoshida, Masataka",807799
7/9/2023,"Piña, M.","Blackburn, P.","Yoshida, M.","Kemp, T.",2B,SB,0.2,9.4,9.8,19.2,,"Yoshida, Masataka",807799
7/17/2023,"Langeliers, S.","Blackburn, P.","Yoshida, M.",--,2B,SB,0.2,10.6,10.2,20.8,,"Yoshida, Masataka",807799
7/22/2023,"Alvarez, F.","Gott, T.","Yoshida, M.","McNeil, J.",2B,SB,0.2,13.8,10.9,24.7,,"Yoshida, Masataka",807799
4/24/2023,"Grandal, Y.","Middleton, K.","Guerrero Jr., V.","Andrus, E.",2B,SB,0.2,16.8,11.3,28.1,,"Guerrero Jr., Vladimir",665489
4/30/2023,"Raleigh, C.","Murfee, P.","Guerrero Jr., V.","Haggerty, S.",2B,BK,0.2,11.7,15.2,26.9,,"Guerrero Jr., Vladimir",665489
7/2/2023,"Wong, C.","Pivetta, N.","Guerrero Jr., V.","Hernández, E.",2B,SB,0.2,11.7,11.4,23.1,,"Guerrero Jr., Vladimir",665489
8/12/2023,"Gomes, Y.","Cuas, J.","Guerrero Jr., V.","Hoerner, N.",2B,CS,-0.45,9.8,10.2,20,,"Guerrero Jr., Vladimir",665489
4/2/2023,"Caratini, V.","Lauer, E.","Swanson, D.","Turang, B.",2B,CS,-0.45,5.2,10.9,16.2,,"Swanson, Dansby",621020
4/7/2023,"Garver, M.","Eovaldi, N.","Swanson, D.","Seager, C.",2B,SB,0.2,9.7,10,19.8,,"Swanson, Dansby",621020
4/8/2023,"Heim, J.","Pérez, M.","Swanson, D.","Semien, M.",3B,BK,0.2,3.6,15.7,19.3,,"Swanson, Dansby",621020
4/16/2023,"Barnes, A.","Urías, J.","Swanson, D.","Vargas, M.",2B,SB,0.2,14.1,10.9,24.9,,"Swanson, Dansby",621020
5/15/2023,"Maldonado, M.","Valdez, F.","Swanson, D.","Dubón, M.",2B,SB,0.2,12.8,11,23.8,,"Swanson, Dansby",621020
5/21/2023,"Realmuto, J.","Walker, T.","Swanson, D.","Bohm, A.",2B,PK,-0.45,--,--,--,,"Swanson, Dansby",621020
9/11/2023,"Díaz, E.","Kinley, T.","Swanson, D.",--,3B,SB,0.2,22.1,15.3,37.4,,"Swanson, Dansby",621020
9/27/2023,"Murphy, S.","Yates, K.","Swanson, D.","Arcia, O.",2B,SB,0.2,11.5,13.9,25.4,,"Swanson, Dansby",621020
4/5/2023,"Mejía, F.","McClanahan, S.","Call, A.","Walls, T.",2B,CS,-0.45,10,11.5,21.4,,"Call, Alex",669743
4/18/2023,"Rutschman, A.","Bautista, F.","Call, A.",--,2B,SB,0.19,22.8,12.6,35.5,,"Call, Alex",669743
4/26/2023,"Alvarez, F.","Ottavino, A.","Call, A.","Alonso, P.",2B,FB,0.19,--,--,--,,"Call, Alex",669743
4/29/2023,"Delay, J.","Velasquez, V.","Call, A.","Marcano, T.",2B,SB,0.2,14.1,11.8,25.8,,"Call, Alex",669743
5/10/2023,"Bart, J.","Manaea, S.","Call, A.","Schmitt, C.",2B,SB,0.2,10.6,12.4,22.9,,"Call, Alex",669743
5/31/2023,"Smith, W.","Syndergaard, N.","Call, A.","Vargas, M.",2B,SB,0.19,12.2,11.7,23.9,,"Call, Alex",669743
6/2/2023,"Realmuto, J.","Brogdon, C.","Call, A.",--,2B,SB,0.2,9.7,11.7,21.4,,"Call, Alex",669743
6/3/2023,"Realmuto, J.","Covey, D.","Call, A.","Ellis, D.",2B,PK,-0.45,--,--,--,,"Call, Alex",669743
7/8/2023,"Heim, J.","Anderson, G.","Call, A.","Semien, M.",2B,CS,-0.45,7.3,11.5,18.8,,"Call, Alex",669743
7/9/2023,"Garver, M.","Dunning, D.","Call, A.",--,2B,SB,0.2,18.4,11.8,30.1,,"Call, Alex",669743
7/14/2023,"Contreras, W.","Romero, J.","Call, A.","DeJong, P.",2B,CS,-0.45,6.8,12.3,19.2,,"Call, Alex",669743
7/17/2023,"Gomes, Y.","Smyly, D.","Call, A.","Hoerner, N.",2B,SB,0.2,11.6,12.1,23.7,,"Call, Alex",669743
7/27/2023,"Narváez, O.","Senga, K.","Call, A.","Lindor, F.",2B,CS,-0.45,6.7,12.9,19.6,,"Call, Alex",669743
7/29/2023,"Alvarez, F.","Carrasco, C.","Call, A.","Canha, M.",2B,BK,0.2,--,--,--,,"Call, Alex",669743
7/31/2023,"Caratini, V.","Burnes, C.","Call, A.","Adames, W.",2B,CS,-0.45,8.5,12.4,20.9,,"Call, Alex",669743
8/25/2023,"Fortes, N.","Garrett, B.","Call, A.","Arraez, L.",3B,PK,-0.45,--,--,--,,"Call, Alex",669743
8/28/2023,"Jansen, D.","Gausman, K.","Call, A.","Guerrero Jr., V.",2B,PK,-0.45,--,--,--,,"Call, Alex",669743
9/12/2023,"Rodríguez, E.","Falter, B.","Call, A.","Bae, J.",2B,CS,-0.45,10.9,11.3,22.3,,"Call, Alex",669743
5/2/2023,"Zunino, M.","Karinchak, J.","Rizzo, A.","Rosario, A.",2B,CS,-0.46,9.5,13.1,22.6,,"Rizzo, Anthony",519203
4/2/2023,"Stephenson, T.","Ashcraft, G.","Joe, C.","India, J.",2B,SB,0.2,9.5,13.5,22.9,,"Joe, Connor",656582
4/21/2023,"Stephenson, T.","Ashcraft, G.","Joe, C.","India, J.",3B,BK,0.2,--,--,--,,"Joe, Connor",656582
5/2/2023,"Bethancourt, C.","Fleming, J.","Joe, C.",--,3B,SB,0.2,16,19.4,35.4,,"Joe, Connor",656582
5/10/2023,"Wynns, A.","Senzatela, A.","Joe, C.","Tovar, E.",2B,CS,-0.45,8.7,11.3,20.1,,"Joe, Connor",656582
5/10/2023,"Wynns, A.","Lambert, P.","Joe, C.","Trejo, A.",2B,CS,-0.45,12,11.5,23.6,,"Joe, Connor",656582
5/31/2023,"Bailey, P.","Doval, C.","Joe, C.","Wisely, B.",2B,SB,0.2,18.5,11.4,29.9,,"Joe, Connor",656582
6/10/2023,"Alvarez, F.","Senga, K.","Joe, C.","Guillorme, L.",2B,CS,-0.45,10.9,13.5,24.5,,"Joe, Connor",656582
4/2/2023,"Grandal, Y.","López, R.","Abreu, J.","Andrus, E.",3B,FB,0.2,--,--,--,,"Abreu, José",547989
6/8/2023,"Kirk, A.","García, Y.","Abreu, J.",--,3B,CS,-0.45,2.6,15,17.6,,"Abreu, José",547989
4/3/2023,"Maldonado, M.","Brown, H.","Vierling, M.","Peña, J.",2B,CS,-0.45,12.3,10.2,22.5,,"Vierling, Matt",663837
4/5/2023,"Salazar, C.","Javier, C.","Vierling, M.","Peña, J.",2B,SB,0.2,11.6,8.3,19.9,,"Vierling, Matt",663837
4/11/2023,"Kirk, A.","Swanson, E.","Vierling, M.","Bichette, B.",2B,CS,-0.45,9.9,11.4,21.3,,"Vierling, Matt",663837
4/12/2023,"Jansen, D.","Gausman, K.","Vierling, M.","Bichette, B.",2B,CS,-0.45,11.4,10.6,22.1,,"Vierling, Matt",663837
4/14/2023,"Bart, J.","Manaea, S.","Vierling, M.","Villar, D.",2B,SB,0.2,14.3,9.3,23.6,,"Vierling, Matt",663837
4/25/2023,"Contreras, W.","Payamps, J.","Vierling, M.","Turang, B.",2B,SB,0.2,12.4,10.6,22.9,,"Vierling, Matt",663837
5/3/2023,"Nido, T.","Ottavino, A.","Vierling, M.","McNeil, J.",2B,SB,0.19,10.6,10.2,20.8,,"Vierling, Matt",663837
7/4/2023,"Langeliers, S.","Sears, J.","Vierling, M.","Diaz, J.",2B,SB,0.2,8.9,10.9,19.9,,"Vierling, Matt",663837
7/7/2023,"Jansen, D.","Manoah, A.","Vierling, M.","Guerrero Jr., V.",2B,BK,0.2,7.2,12.3,19.6,,"Vierling, Matt",663837
8/16/2023,"Vázquez, C.","Winder, J.","Vierling, M.","Julien, E.",2B,CS,-0.45,9.3,12.8,22.1,,"Vierling, Matt",663837
9/14/2023,"Stephenson, T.","Law, D.","Vierling, M.","India, J.",2B,SB,0.2,10.7,12.3,23.1,,"Vierling, Matt",663837
9/27/2023,"Porter, L.","Zerpa, A.","Vierling, M.","Perez, S.",2B,PK,-0.45,--,--,--,,"Vierling, Matt",663837
4/5/2023,"Realmuto, J.","Nola, A.","Judge, A.","Stott, B.",2B,SB,0.2,15.8,10.2,26,,"Judge, Aaron",592450
4/7/2023,"Rutschman, A.","Bautista, F.","Judge, A.",--,2B,SB,0.19,15.8,11.3,27.1,,"Judge, Aaron",592450
4/26/2023,"Vázquez, C.","Maeda, K.","Judge, A.","Castro, W.",3B,CS,-0.45,13,18.9,31.9,,"Judge, Aaron",592450
4/1/2023,"McGuire, R.","Jansen, K.","Hays, A.","Hernández, E.",2B,SB,0.19,9.2,12.5,21.7,,"Hays, Austin",669720
6/14/2023,"Kirk, A.","Berríos, J.","Hays, A.","Bichette, B.",2B,CS,-0.45,8.6,10.1,18.8,,"Hays, Austin",669720
8/26/2023,"Díaz, E.","Flexen, C.","Hays, A.","Tovar, E.",2B,SB,0.2,9.7,10.2,19.9,,"Hays, Austin",669720
9/27/2023,"Ruiz, K.","Corbin, P.","Hays, A.","García Jr., L.",2B,SB,0.2,10.5,10.2,20.7,,"Hays, Austin",669720
5/29/2023,"Hedges, A.","Hill, R.","Davis, J.","Bae, J.",2B,SB,0.2,16.1,11.9,28.1,,"Davis, Jonathan",641505
5/22/2023,"Murphy, S.","Minter, A.","Muncy, M.","Albies, O.",2B,CS,-0.45,12.5,10.4,22.9,,"Muncy, Max",571970
5/6/2023,"Sullivan, B.","Snell, B.","Smith, W.","Kim, H.",2B,SB,0.19,13.8,12.2,26,,"Smith, Will",669257
6/4/2023,"Higashioka, K.","Peralta, W.","Smith, W.","Rizzo, A.",2B,PK,-0.45,--,--,--,,"Smith, Will",669257
8/5/2023,"Sánchez, G.","Snell, B.","Smith, W.",--,2B,SB,0.2,13.7,11.3,24.9,,"Smith, Will",669257
8/18/2023,"Grandal, Y.","Honeywell, B.","Díaz, E.",--,2B,SB,0.2,40.8,11.2,52,,"Díaz, Elias",553869
5/30/2023,"Ruiz, K.","Machado, A.","Heyward, J.",--,2B,SB,0.2,16.4,12.7,29.1,,"Heyward, Jason",518792
6/30/2023,"Fermin, F.","Wittgren, N.","Heyward, J.","Witt Jr., B.",2B,CS,-0.45,11.1,12.7,23.8,,"Heyward, Jason",518792
9/3/2023,"d'Arnaud, T.","Morton, C.","Heyward, J.","Olson, M.",2B,PK,-0.45,--,--,--,,"Heyward, Jason",518792
7/4/2023,"Realmuto, J.","Nola, A.","Paredes, I.","Turner, T.",2B,SB,0.2,12.9,10.7,23.6,,"Paredes, Isaac",670623
6/10/2023,"Díaz, E.","Freeland, K.","Machado, M.","Trejo, A.",2B,CS,-0.45,11.1,11.1,22.2,,"Machado, Manny",592518
6/17/2023,"Mejía, F.","Eflin, Z.","Machado, M.","Walls, T.",2B,SB,0.2,15.7,11.5,27.2,,"Machado, Manny",592518
5/14/2023,"McGuire, R.","Kluber, C.","Arenado, N.","Valdez, E.",2B,SB,0.2,15.7,8.5,24.2,,"Arenado, Nolan",571448
8/22/2023,"Rodríguez, E.","Oviedo, J.","Arenado, N.","Rivas III, A.",2B,BK,0.2,7.9,5.1,13,,"Arenado, Nolan",571448
8/15/2023,"Díaz, E.","Kinley, T.","Gurriel Jr., L.","Tovar, E.",2B,SB,0.2,14.7,10.7,25.5,,"Gurriel Jr., Lourdes",666971
9/30/2023,"Maldonado, M.","Verlander, J.","Gurriel Jr., L.","Altuve, J.",2B,SB,0.2,12.1,12.4,24.5,,"Gurriel Jr., Lourdes",666971
4/24/2023,"Wong, C.","Sale, C.","Urías, R.","Chang, Y.",2B,CS,-0.45,9.6,10.8,20.5,,"Urías, Ramón",602104
5/4/2023,"Fermin, F.","Chapman, A.","Urías, R.",--,3B,SB,0.2,21.8,21.6,43.3,,"Urías, Ramón",602104
5/4/2023,"Fermin, F.","Chapman, A.","Urías, R.",--,2B,SB,0.2,23.5,11.5,35,,"Urías, Ramón",602104
7/3/2023,"Higashioka, K.","Germán, D.","Urías, R.","Volpe, A.",3B,PK,-0.45,--,--,--,,"Urías, Ramón",602104
6/12/2023,"Thaiss, M.","Anderson, T.","Seager, C.","Walsh, J.",2B,BK,0.2,1.6,11.1,12.7,,"Seager, Corey",608369
7/25/2023,"Raleigh, C.","Saucedo, T.","Farmer, K.","Crawford, J.",2B,CS,-0.45,8.3,10.7,19,,"Farmer, Kyle",571657
9/9/2023,"Narváez, O.","Peterson, D.","Farmer, K.","Mauricio, R.",2B,CS,-0.45,8.6,11.9,20.4,,"Farmer, Kyle",571657
9/13/2023,"Bethancourt, C.","Kelly, K.","Farmer, K.","Bruján, V.",2B,CS,-0.45,10,9.5,19.5,,"Farmer, Kyle",571657
9/20/2023,"Maile, L.","Moll, S.","Farmer, K.","Senzel, N.",3B,SB,0.2,8.8,15.8,24.6,,"Farmer, Kyle",571657
6/10/2023,"Kirk, A.","Richards, T.","Julien, E.","Espinal, S.",2B,SB,0.2,4.8,8.4,13.2,,"Julien, Edouard",666397
7/5/2023,"Perez, S.","Marsh, A.","Julien, E.","Pratto, N.",2B,PK,-0.45,--,--,--,,"Julien, Edouard",666397
7/17/2023,"Raleigh, C.","Gilbert, L.","Julien, E.","Crawford, J.",2B,SB,0.2,10.3,13.4,23.7,,"Julien, Edouard",666397
7/24/2023,"Murphy, T.","Castillo, L.","Julien, E.","France, T.",2B,PK,-0.45,--,--,--,,"Julien, Edouard",666397
4/18/2023,"Perez, S.","Keller, B.","Jung, J.","Witt Jr., B.",2B,SB,0.2,5.7,11.2,16.8,,"Jung, Josh",673962
5/13/2023,"Langeliers, S.","Kaprielian, J.","Jung, J.","Kemp, T.",2B,CS,-0.45,15.4,9.6,25,,"Jung, Josh",673962
7/21/2023,"Smith, W.","Gonsolin, T.","Jung, J.","Hernández, Y.",2B,CS,-0.45,10,13,23,,"Jung, Josh",673962
8/1/2023,"Contreras, W.","Peralta, F.","Smith, D.",--,3B,SB,0.2,15.8,17.3,33.1,,"Smith, Dominic",642086
4/25/2023,"Sabol, B.","Doval, C.","Goldschmidt, P.","Villar, D.",2B,BK,0.19,0.3,10,10.4,,"Goldschmidt, Paul",502671
4/28/2023,"Barnes, A.","May, D.","Goldschmidt, P.",--,3B,SB,0.2,19.4,17.8,37.3,,"Goldschmidt, Paul",502671
5/7/2023,"Rogers, J.","Englert, M.","Goldschmidt, P.",--,3B,SB,0.2,26.1,15.7,41.8,,"Goldschmidt, Paul",502671
5/13/2023,"Wong, C.","Jansen, K.","Goldschmidt, P.",--,2B,SB,0.2,23.6,11.1,34.6,,"Goldschmidt, Paul",502671
5/19/2023,"Smith, W.","Gonsolin, T.","Goldschmidt, P.","Rojas, M.",2B,SB,0.2,15.2,11.3,26.5,,"Goldschmidt, Paul",502671
6/11/2023,"Casali, C.","Gibaut, I.","Goldschmidt, P.","India, J.",2B,CS,-0.45,12.9,8.3,21.3,,"Goldschmidt, Paul",502671
8/14/2023,"Langeliers, S.","Sears, J.","Goldschmidt, P.","Gelof, Z.",2B,SB,0.2,13.1,11.5,24.7,,"Goldschmidt, Paul",502671
9/15/2023,"Realmuto, J.","Nola, A.","Goldschmidt, P.","Sosa, E.",3B,SB,0.2,24.1,14.5,38.6,,"Goldschmidt, Paul",502671
4/10/2023,"Rutschman, A.","Gibson, K.","Noda, R.","Mountcastle, R.",2B,PK,-0.45,0.7,11.1,11.8,,"Noda, Ryan",676116
5/19/2023,"Maldonado, M.","Montero, R.","Noda, R.","Altuve, J.",2B,SB,0.2,12.7,11.7,24.3,,"Noda, Ryan",676116
8/24/2023,"Lee, K.","Lambert, J.","Noda, R.","Andrus, E.",2B,SB,0.2,8.9,11.8,20.7,,"Noda, Ryan",676116
5/20/2023,"Langeliers, S.","Sears, J.","Bregman, A.","Allen, N.",2B,SB,0.2,13.7,10.5,24.1,,"Bregman, Alex",608324
4/6/2023,"Rogers, J.","Turnbull, S.","Hernández, E.","Torkelson, S.",2B,PK,-0.45,--,--,--,,"Hernández, Enrique",571771
4/15/2023,"Thaiss, M.","Anderson, T.","Hernández, E.",--,2B,SB,0.2,20.3,10.4,30.8,,"Hernández, Enrique",571771
6/23/2023,"Zavala, S.","Giolito, L.","Hernández, E.","Andrus, E.",2B,SB,0.2,7.3,10.5,17.9,,"Hernández, Enrique",571771
6/27/2023,"Stallings, J.","Alcantara, S.","Hernández, E.","Wendle, J.",2B,CS,-0.45,12.4,11.8,24.2,,"Hernández, Enrique",571771
5/12/2023,"Bart, J.","Alexander, S.","Marte, K.","Schmitt, C.",2B,SB,0.2,15.6,10.5,26.1,,"Marte, Ketel",606466
5/28/2023,"Wong, C.","Rodríguez, J.","Marte, K.","Hernández, E.",2B,SB,0.2,10.1,10.4,20.5,,"Marte, Ketel",606466
5/31/2023,"Wynns, A.","Lambert, P.","Marte, K.","Tovar, E.",2B,SB,0.2,16.2,10.6,26.9,,"Marte, Ketel",606466
7/22/2023,"Stephenson, T.","Williamson, B.","Marte, K.","India, J.",2B,CS,-0.45,9.5,10.1,19.6,,"Marte, Ketel",606466
4/16/2023,"O'Hoppe, L.","Detmers, R.","Verdugo, A.","Drury, B.",2B,SB,0.2,12.1,10.6,22.7,,"Verdugo, Alex",657077
5/9/2023,"Murphy, S.","Morton, C.","Verdugo, A.","Arcia, O.",3B,BK,0.2,4.2,10.8,15,,"Verdugo, Alex",657077
6/5/2023,"Mejía, F.","Poche, C.","Verdugo, A.","Franco, W.",2B,CS,-0.45,9.1,9.9,19,,"Verdugo, Alex",657077
5/18/2023,"Gallagher, C.","Allen, L.","Burger, J.","Giménez, A.",2B,CS,-0.45,8.2,9.8,18.1,,"Burger, Jake",669394
5/25/2023,"Haase, E.","Faedo, A.","Burger, J.","Ibáñez, A.",2B,SB,0.2,6.8,11.5,18.2,,"Burger, Jake",669394
7/27/2023,"Naylor, B.","Bibee, T.","Burger, J.","Naylor, J.",2B,PK,-0.45,--,--,--,,"Burger, Jake",669394
6/9/2023,"Ruiz, K.","Gray, J.","Riley, A.","García Jr., L.",2B,SB,0.2,10.4,11,21.5,,"Riley, Austin",663586
8/5/2023,"Gomes, Y.","Alzolay, A.","Riley, A.","Candelario, J.",2B,BK,0.2,4.5,7.7,12.2,,"Riley, Austin",663586
8/20/2023,"Bailey, P.","Junis, J.","Riley, A.",--,2B,SB,0.2,13.9,11.8,25.7,,"Riley, Austin",663586
9/3/2023,"Smith, W.","Miller, B.","Riley, A.","Rojas, M.",2B,CS,-0.45,10.4,10.1,20.4,,"Riley, Austin",663586
5/8/2023,"Moreno, G.","Gallen, Z.","Soler, J.","Walker, C.",2B,BK,0.2,--,--,--,,"Soler, Jorge",624585
4/1/2023,"Trevino, J.","Schmidt, C.","Wade Jr., L.",--,2B,SB,0.2,5.2,11.3,16.5,,"Wade Jr., LaMonte",664774
5/25/2023,"Caratini, V.","Teheran, J.","Wade Jr., L.","Turang, B.",2B,SB,0.2,12.1,12.5,24.5,,"Wade Jr., LaMonte",664774
5/5/2023,"Rutschman, A.","Kremer, D.","Rosario, E.","Mateo, J.",2B,CS,-0.45,8.6,10.2,18.8,,"Rosario, Eddie",592696
5/12/2023,"Kirk, A.","Bassitt, C.","Rosario, E.","Chapman, M.",3B,CS,-0.45,15.7,11.8,27.4,,"Rosario, Eddie",592696
5/26/2023,"Realmuto, J.","Walker, T.","Rosario, E.","Turner, T.",2B,CS,-0.45,10.4,11.1,21.5,,"Rosario, Eddie",592696
8/12/2023,"Alvarez, F.","Gott, T.","Rosario, E.",--,2B,SB,0.2,10.4,12.6,23,,"Rosario, Eddie",592696
8/26/2023,"Bailey, P.","Walker, R.","Rosario, E.","Estrada, T.",2B,SB,0.2,7.8,11.3,19,,"Rosario, Eddie",592696
4/14/2023,"Stephenson, T.","Overton, C.","Bohm, A.","Barrero, J.",2B,CS,-0.45,11.5,11.5,23,,"Bohm, Alec",664761
5/9/2023,"Kirk, A.","Pearson, N.","Bohm, A.",--,2B,SB,0.2,16.8,13.4,30.2,,"Bohm, Alec",664761
6/30/2023,"Ruiz, K.","Gray, J.","Bohm, A.","Smith, D.",2B,PK,-0.45,2.2,10.1,12.3,,"Bohm, Alec",664761
7/31/2023,"Fortes, N.","Cabrera, E.","Bohm, A.","Arraez, L.",2B,SB,0.2,14.9,11.4,26.3,,"Bohm, Alec",664761
5/5/2023,"Realmuto, J.","Vasquez, A.","Casas, T.","Bohm, A.",2B,BK,0.2,4.8,4.4,9.2,,"Casas, Triston",671213
7/21/2023,"Alvarez, F.","Hartwig, G.","Casas, T.","Alonso, P.",2B,PK,-0.45,--,--,--,,"Casas, Triston",671213
4/2/2023,"Raleigh, C.","Gonzales, M.","Bell, J.","Wong, K.",2B,CS,-0.45,13.2,11.7,24.9,,"Bell, Josh",605137
4/7/2023,"Rutschman, A.","Kremer, D.","LeMahieu, D.","Mateo, J.",2B,CS,-0.45,8.2,8.3,16.5,,"LeMahieu, DJ",518934
5/14/2023,"Bethancourt, C.","Eflin, Z.","LeMahieu, D.","Franco, W.",2B,CS,-0.45,9.5,8.5,18,,"LeMahieu, DJ",518934
9/21/2023,"Kirk, A.","Pearson, N.","LeMahieu, D.","Biggio, C.",2B,SB,0.2,15.1,9,24,,"LeMahieu, DJ",518934
9/30/2023,"Porter, L.","Cruz, S.","LeMahieu, D.","Massey, M.",2B,SB,0.2,16.3,9.3,25.6,,"LeMahieu, DJ",518934
4/8/2023,"Viloria, M.","De Los Santos, E.","Suárez, E.","Naylor, J.",2B,PK,-0.45,--,--,--,,"Suárez, Eugenio",553993
4/3/2023,"O'Hoppe, L.","Detmers, R.","France, T.","Urshela, G.",3B,SB,0.2,17.8,18.9,36.7,,"France, Ty",664034
6/11/2023,"Thaiss, M.","Canning, G.","France, T.","Walsh, J.",2B,PK,-0.45,--,--,--,,"France, Ty",664034
4/25/2023,"Realmuto, J.","Brogdon, C.","Crawford, J.",--,2B,SB,0.2,15.1,11.2,26.2,,"Crawford, J.P.",641487
4/15/2023,"Barnes, A.","Vesia, A.","Suzuki, S.","Rojas, M.",2B,CS,-0.45,10.3,11.4,21.7,,"Suzuki, Seiya",673548
5/19/2023,"Realmuto, J.","Uelmen, E.","Suzuki, S.",--,3B,SB,0.2,20,16.3,36.3,,"Suzuki, Seiya",673548
6/2/2023,"Sánchez, G.","Cosgrove, T.","Suzuki, S.","Bogaerts, X.",2B,CS,-0.45,10.6,10.4,21,,"Suzuki, Seiya",673548
6/9/2023,"Bailey, P.","DeSclafani, A.","Suzuki, S.","Crawford, B.",2B,CS,-0.45,10.5,11,21.5,,"Suzuki, Seiya",673548
6/21/2023,"Hedges, A.","Hill, R.","Suzuki, S.","Bae, J.",2B,CS,-0.45,6,10.9,16.8,,"Suzuki, Seiya",673548
7/22/2023,"Herrera, I.","Hudson, D.","Suzuki, S.","Gorman, N.",2B,SB,0.2,7.1,11.7,18.8,,"Suzuki, Seiya",673548
7/25/2023,"Grandal, Y.","Kopech, M.","Suzuki, S.","Burger, J.",2B,SB,0.2,9.5,11.7,21.1,,"Suzuki, Seiya",673548
7/26/2023,"Zavala, S.","Middleton, K.","Suzuki, S.","Burger, J.",2B,CS,-0.45,8.9,12,20.9,,"Suzuki, Seiya",673548
7/26/2023,"Zavala, S.","Bummer, A.","Suzuki, S.",--,2B,SB,0.19,12.8,11.9,24.7,,"Suzuki, Seiya",673548
9/8/2023,"Moreno, G.","Gallen, Z.","Suzuki, S.","Lawlar, J.",2B,CS,-0.45,10.3,10.5,20.7,,"Suzuki, Seiya",673548
9/9/2023,"Moreno, G.","Kelly, M.","Suzuki, S.","Lawlar, J.",2B,SB,0.2,11.3,11.2,22.5,,"Suzuki, Seiya",673548
4/7/2023,"Murphy, S.","Shuster, J.","Soto, J.",--,3B,SB,0.2,19.4,18.2,37.6,,"Soto, Juan",665742
5/10/2023,"Vázquez, C.","López, P.","Soto, J.","Farmer, K.",3B,CS,-0.45,20.4,14.6,35,,"Soto, Juan",665742
5/10/2023,"Vázquez, C.","López, P.","Soto, J.","Polanco, J.",2B,SB,0.2,8.5,12.1,20.6,,"Soto, Juan",665742
5/20/2023,"Wong, C.","Jansen, K.","Soto, J.",--,2B,SB,0.2,30.6,11.3,41.9,,"Soto, Juan",665742
5/23/2023,"Ruiz, K.","Gore, M.","Soto, J.","García Jr., L.",2B,SB,0.2,13.8,11.6,25.4,,"Soto, Juan",665742
6/15/2023,"Fry, D.","Morris, C.","Soto, J.","Ramírez, J.",3B,CS,-0.45,21.1,11.2,32.3,,"Soto, Juan",665742
7/15/2023,"Stubbs, G.","Walker, T.","Soto, J.","Stott, B.",2B,CS,-0.45,9.6,8.8,18.3,,"Soto, Juan",665742
8/16/2023,"McCann, J.","Pérez, C.","Soto, J.","Westburg, J.",2B,CS,-0.45,8.8,11.6,20.4,,"Soto, Juan",665742
8/19/2023,"Herrera, J.","Kelly, M.","Soto, J.","Walker, C.",2B,PK,-0.45,--,--,--,,"Soto, Juan",665742
9/15/2023,"Langeliers, S.","Martinez, A.","Soto, J.",--,2B,SB,0.2,10.5,10.3,20.8,,"Soto, Juan",665742
9/19/2023,"Díaz, E.","Hollowell, G.","Soto, J.","Trejo, A.",3B,SB,0.2,18.5,11.8,30.3,,"Soto, Juan",665742
4/14/2023,"Maldonado, M.","Garcia, L.","Lowe, N.","Abreu, J.",2B,BK,0.2,20.8,9.5,30.3,,"Lowe, Nathaniel",663993
4/1/2023,"Fortes, N.","Barnes, M.","Nimmo, B.","Wendle, J.",2B,SB,0.19,14.4,13,27.4,,"Nimmo, Brandon",607043
4/7/2023,"Fortes, N.","Cabrera, E.","Nimmo, B.","Berti, J.",2B,SB,0.2,9.8,11.2,20.9,,"Nimmo, Brandon",607043
4/10/2023,"Nola, A.","Darvish, Y.","Nimmo, B.","Bogaerts, X.",2B,SB,0.2,9.7,12.3,22,,"Nimmo, Brandon",607043
5/4/2023,"Rogers, J.","Lange, A.","Nimmo, B.","Short, Z.",2B,CS,-0.45,10.4,11,21.4,,"Nimmo, Brandon",607043
5/12/2023,"Ruiz, K.","Harvey, H.","Nimmo, B.","García Jr., L.",3B,BK,0.2,-7.1,12.9,5.9,,"Nimmo, Brandon",607043
7/27/2023,"Ruiz, K.","Gray, J.","Nimmo, B.","Abrams, C.",2B,CS,-0.45,9.5,11.3,20.8,,"Nimmo, Brandon",607043
8/19/2023,"Knizner, A.","Mikolas, M.","Nimmo, B.","Winn, M.",2B,CS,-0.45,7.5,11.5,19,,"Nimmo, Brandon",607043
9/15/2023,"Contreras, W.","Miley, W.","Meneses, J.","Santana, C.",2B,PK,-0.45,4.5,6.2,10.7,,"Meneses, Joey",608841
4/16/2023,"Kirk, A.","Manoah, A.","Díaz, Y.","Guerrero Jr., V.",2B,BK,0.2,0.2,11.2,11.4,,"Díaz, Yandy",650490
7/7/2023,"Murphy, S.","Morton, C.","Díaz, Y.","Arcia, O.",2B,CS,-0.45,8.5,9.3,17.8,,"Díaz, Yandy",650490
6/5/2023,"Haase, E.","Wentz, J.","Schwarber, K.","Ibáñez, A.",2B,CS,-0.45,11.9,10.1,22,,"Schwarber, Kyle",656941
4/22/2023,"Zunino, M.","Bieber, S.","Arraez, L.","Giménez, A.",2B,CS,-0.45,8.5,10.9,19.4,,"Arraez, Luis",650333
5/26/2023,"Wallach, C.","Detmers, R.","Arraez, L.","Rengifo, L.",2B,CS,-0.45,9.5,9.8,19.3,,"Arraez, Luis",650333
9/16/2023,"Murphy, S.","Stephens, J.","Arraez, L.",--,3B,SB,0.2,14.7,16.4,31.1,,"Arraez, Luis",650333
4/5/2023,"Heim, J.","deGrom, J.","Rutschman, A.","Seager, C.",2B,CS,-0.45,7.6,9.7,17.3,,"Rutschman, Adley",668939
5/20/2023,"Jansen, D.","Manoah, A.","Rutschman, A.","Guerrero Jr., V.",2B,BK,0.2,2.5,7.5,10,,"Rutschman, Adley",668939
